district,sample_idx,date,time_point,predicted_load_rate,true_load_rate
幸福村1社,0,2026-01-16,00:00,0.0203,0.0094
幸福村1社,0,2026-01-16,00:15,0.0181,0.0129
幸福村1社,0,2026-01-16,00:30,0.0182,0.0084
幸福村1社,0,2026-01-16,00:45,0.0153,0.01
幸福村1社,0,2026-01-16,01:00,0.0121,0.0116
幸福村1社,0,2026-01-16,01:15,0.016,0.0106
幸福村1社,0,2026-01-16,01:30,0.0149,0.0109
幸福村1社,0,2026-01-16,01:45,0.0179,0.0127
幸福村1社,0,2026-01-16,02:00,0.0161,0.0076
幸福村1社,0,2026-01-16,02:15,0.0149,0.0076
幸福村1社,0,2026-01-16,02:30,0.016,0.01
幸福村1社,0,2026-01-16,02:45,0.0167,0.0108
幸福村1社,0,2026-01-16,03:00,0.0169,0.0128
幸福村1社,0,2026-01-16,03:15,0.0151,0.0138
幸福村1社,0,2026-01-16,03:30,0.016,0.0143
幸福村1社,0,2026-01-16,03:45,0.0141,0.0116
幸福村1社,0,2026-01-16,04:00,0.0172,0.0115
幸福村1社,0,2026-01-16,04:15,0.0141,0.012
幸福村1社,0,2026-01-16,04:30,0.0167,0.0125
幸福村1社,0,2026-01-16,04:45,0.0163,0.0154
幸福村1社,0,2026-01-16,05:00,0.0188,0.0089
幸福村1社,0,2026-01-16,05:15,0.0182,0.0127
幸福村1社,0,2026-01-16,05:30,0.0129,0.0088
幸福村1社,0,2026-01-16,05:45,0.0163,0.0086
幸福村1社,0,2026-01-16,06:00,0.0138,0.0115
幸福村1社,0,2026-01-16,06:15,0.0184,0.0134
幸福村1社,0,2026-01-16,06:30,0.0194,0.0096
幸福村1社,0,2026-01-16,06:45,0.0213,0.007
幸福村1社,0,2026-01-16,07:00,0.0206,0.0121
幸福村1社,0,2026-01-16,07:15,0.0214,0.011
幸福村1社,0,2026-01-16,07:30,0.0274,0.0109
幸福村1社,0,2026-01-16,07:45,0.0344,0.0366
幸福村1社,0,2026-01-16,08:00,0.0352,0.0421
幸福村1社,0,2026-01-16,08:15,0.0396,0.0095
幸福村1社,0,2026-01-16,08:30,0.0475,0.0103
幸福村1社,0,2026-01-16,08:45,0.0519,0.0756
幸福村1社,0,2026-01-16,09:00,0.0549,0.092
幸福村1社,0,2026-01-16,09:15,0.0592,0.0621
幸福村1社,0,2026-01-16,09:30,0.0529,0.0377
幸福村1社,0,2026-01-16,09:45,0.0505,0.0629
幸福村1社,0,2026-01-16,10:00,0.0451,0.0715
幸福村1社,0,2026-01-16,10:15,0.0354,0.1064
幸福村1社,0,2026-01-16,10:30,0.0416,0.0496
幸福村1社,0,2026-01-16,10:45,0.0377,0.057
幸福村1社,0,2026-01-16,11:00,0.0305,0.0288
幸福村1社,0,2026-01-16,11:15,0.0319,0.0283
幸福村1社,0,2026-01-16,11:30,0.0288,0.0146
幸福村1社,0,2026-01-16,11:45,0.0296,0.0101
幸福村1社,0,2026-01-16,12:00,0.0228,0.0103
幸福村1社,0,2026-01-16,12:15,0.0219,0.0109
幸福村1社,0,2026-01-16,12:30,0.0287,0.0098
幸福村1社,0,2026-01-16,12:45,0.0235,0.0242
幸福村1社,0,2026-01-16,13:00,0.027,0.0299
幸福村1社,0,2026-01-16,13:15,0.0206,0.0154
幸福村1社,0,2026-01-16,13:30,0.0247,0.0119
幸福村1社,0,2026-01-16,13:45,0.0265,0.029
幸福村1社,0,2026-01-16,14:00,0.028,0.0542
幸福村1社,0,2026-01-16,14:15,0.0239,0.0371
幸福村1社,0,2026-01-16,14:30,0.0227,0.0112
幸福村1社,0,2026-01-16,14:45,0.025,0.0412
幸福村1社,0,2026-01-16,15:00,0.0231,0.0363
幸福村1社,0,2026-01-16,15:15,0.0298,0.0068
幸福村1社,0,2026-01-16,15:30,0.0236,0.0113
幸福村1社,0,2026-01-16,15:45,0.026,0.0274
幸福村1社,0,2026-01-16,16:00,0.0275,0.0114
幸福村1社,0,2026-01-16,16:15,0.0302,0.0084
幸福村1社,0,2026-01-16,16:30,0.0388,0.0118
幸福村1社,0,2026-01-16,16:45,0.0382,0.0268
幸福村1社,0,2026-01-16,17:00,0.0446,0.0299
幸福村1社,0,2026-01-16,17:15,0.046,0.0198
幸福村1社,0,2026-01-16,17:30,0.0453,0.0407
幸福村1社,0,2026-01-16,17:45,0.0469,0.0088
幸福村1社,0,2026-01-16,18:00,0.0473,0.0605
幸福村1社,0,2026-01-16,18:15,0.0456,0.0302
幸福村1社,0,2026-01-16,18:30,0.0458,0.051
幸福村1社,0,2026-01-16,18:45,0.0442,0.0498
幸福村1社,0,2026-01-16,19:00,0.0406,0.1024
幸福村1社,0,2026-01-16,19:15,0.0411,0.0356
幸福村1社,0,2026-01-16,19:30,0.0431,0.0158
幸福村1社,0,2026-01-16,19:45,0.0402,0.0158
幸福村1社,0,2026-01-16,20:00,0.0346,0.0199
幸福村1社,0,2026-01-16,20:15,0.0331,0.0193
幸福村1社,0,2026-01-16,20:30,0.0268,0.0447
幸福村1社,0,2026-01-16,20:45,0.0297,0.0165
幸福村1社,0,2026-01-16,21:00,0.0251,0.023
幸福村1社,0,2026-01-16,21:15,0.0223,0.0168
幸福村1社,0,2026-01-16,21:30,0.0267,0.0165
幸福村1社,0,2026-01-16,21:45,0.0216,0.0164
幸福村1社,0,2026-01-16,22:00,0.0221,0.0125
幸福村1社,0,2026-01-16,22:15,0.0203,0.0132
幸福村1社,0,2026-01-16,22:30,0.0224,0.0118
幸福村1社,0,2026-01-16,22:45,0.0211,0.0144
幸福村1社,0,2026-01-16,23:00,0.0167,0.01
幸福村1社,0,2026-01-16,23:15,0.02,0.0131
幸福村1社,0,2026-01-16,23:30,0.019,0.0122
幸福村1社,0,2026-01-16,23:45,0.018,0.0156
幸福村1社,0,2026-01-17,00:00,0.0176,0.0107
幸福村1社,0,2026-01-17,00:15,0.0177,0.0118
幸福村1社,0,2026-01-17,00:30,0.015,0.0073
幸福村1社,0,2026-01-17,00:45,0.0171,0.0105
幸福村1社,0,2026-01-17,01:00,0.0154,0.0098
幸福村1社,0,2026-01-17,01:15,0.0166,0.0088
幸福村1社,0,2026-01-17,01:30,0.0184,0.0115
幸福村1社,0,2026-01-17,01:45,0.0169,0.0072
幸福村1社,0,2026-01-17,02:00,0.0173,0.012
幸福村1社,0,2026-01-17,02:15,0.0169,0.0098
幸福村1社,0,2026-01-17,02:30,0.0185,0.0129
幸福村1社,0,2026-01-17,02:45,0.0177,0.0087
幸福村1社,0,2026-01-17,03:00,0.0148,0.0116
幸福村1社,0,2026-01-17,03:15,0.0149,0.0087
幸福村1社,0,2026-01-17,03:30,0.0162,0.0107
幸福村1社,0,2026-01-17,03:45,0.0171,0.0111
幸福村1社,0,2026-01-17,04:00,0.0167,0.0097
幸福村1社,0,2026-01-17,04:15,0.014,0.0149
幸福村1社,0,2026-01-17,04:30,0.0142,0.0101
幸福村1社,0,2026-01-17,04:45,0.0154,0.0147
幸福村1社,0,2026-01-17,05:00,0.0132,0.0125
幸福村1社,0,2026-01-17,05:15,0.0166,0.0114
幸福村1社,0,2026-01-17,05:30,0.0137,0.0164
幸福村1社,0,2026-01-17,05:45,0.017,0.0118
幸福村1社,0,2026-01-17,06:00,0.0145,0.0116
幸福村1社,0,2026-01-17,06:15,0.0161,0.0115
幸福村1社,0,2026-01-17,06:30,0.0199,0.0147
幸福村1社,0,2026-01-17,06:45,0.0217,0.0127
幸福村1社,0,2026-01-17,07:00,0.0202,0.0102
幸福村1社,0,2026-01-17,07:15,0.0235,0.0072
幸福村1社,0,2026-01-17,07:30,0.0284,0.0356
幸福村1社,0,2026-01-17,07:45,0.0314,0.0098
幸福村1社,0,2026-01-17,08:00,0.0351,0.0135
幸福村1社,0,2026-01-17,08:15,0.0445,0.0516
幸福村1社,0,2026-01-17,08:30,0.0544,0.055
幸福村1社,0,2026-01-17,08:45,0.0528,0.0662
幸福村1社,0,2026-01-17,09:00,0.0515,0.058
幸福村1社,0,2026-01-17,09:15,0.0581,0.1131
幸福村1社,0,2026-01-17,09:30,0.0511,0.0753
幸福村1社,0,2026-01-17,09:45,0.0532,0.1129
幸福村1社,0,2026-01-17,10:00,0.0473,0.1086
幸福村1社,0,2026-01-17,10:15,0.0338,0.0789
幸福村1社,0,2026-01-17,10:30,0.0322,0.0342
幸福村1社,0,2026-01-17,10:45,0.0314,0.0637
幸福村1社,0,2026-01-17,11:00,0.0199,0.0623
幸福村1社,0,2026-01-17,11:15,0.0256,0.0338
幸福村1社,0,2026-01-17,11:30,0.025,0.0545
幸福村1社,0,2026-01-17,11:45,0.0248,0.0514
幸福村1社,0,2026-01-17,12:00,0.0247,0.0065
幸福村1社,0,2026-01-17,12:15,0.0194,0.0379
幸福村1社,0,2026-01-17,12:30,0.027,0.0171
幸福村1社,0,2026-01-17,12:45,0.0232,0.0047
幸福村1社,0,2026-01-17,13:00,0.0235,0.006
幸福村1社,0,2026-01-17,13:15,0.0236,0.0083
幸福村1社,0,2026-01-17,13:30,0.0203,0.0079
幸福村1社,0,2026-01-17,13:45,0.0272,0.043
幸福村1社,0,2026-01-17,14:00,0.0281,0.02
幸福村1社,0,2026-01-17,14:15,0.022,0.0211
幸福村1社,0,2026-01-17,14:30,0.0247,0.009
幸福村1社,0,2026-01-17,14:45,0.0255,0.0094
幸福村1社,0,2026-01-17,15:00,0.0242,0.0131
幸福村1社,0,2026-01-17,15:15,0.0257,0.012
幸福村1社,0,2026-01-17,15:30,0.0214,0.0307
幸福村1社,0,2026-01-17,15:45,0.0279,0.0369
幸福村1社,0,2026-01-17,16:00,0.0261,0.037
幸福村1社,0,2026-01-17,16:15,0.0286,0.0359
幸福村1社,0,2026-01-17,16:30,0.0339,0.0073
幸福村1社,0,2026-01-17,16:45,0.0387,0.0229
幸福村1社,0,2026-01-17,17:00,0.0424,0.0889
幸福村1社,0,2026-01-17,17:15,0.0401,0.0595
幸福村1社,0,2026-01-17,17:30,0.04,0.0565
幸福村1社,0,2026-01-17,17:45,0.0427,0.0394
幸福村1社,0,2026-01-17,18:00,0.048,0.0076
幸福村1社,0,2026-01-17,18:15,0.0453,0.0211
幸福村1社,0,2026-01-17,18:30,0.0469,0.0301
幸福村1社,0,2026-01-17,18:45,0.0417,0.0307
幸福村1社,0,2026-01-17,19:00,0.0393,0.0194
幸福村1社,0,2026-01-17,19:15,0.0404,0.0414
幸福村1社,0,2026-01-17,19:30,0.0419,0.0752
幸福村1社,0,2026-01-17,19:45,0.0316,0.0193
幸福村1社,0,2026-01-17,20:00,0.0346,0.0137
幸福村1社,0,2026-01-17,20:15,0.0327,0.0173
幸福村1社,0,2026-01-17,20:30,0.0283,0.02
幸福村1社,0,2026-01-17,20:45,0.0248,0.0213
幸福村1社,0,2026-01-17,21:00,0.0298,0.0198
幸福村1社,0,2026-01-17,21:15,0.0224,0.0221
幸福村1社,0,2026-01-17,21:30,0.025,0.0353
幸福村1社,0,2026-01-17,21:45,0.0204,0.0395
幸福村1社,0,2026-01-17,22:00,0.0216,0.0369
幸福村1社,0,2026-01-17,22:15,0.0221,0.0338
幸福村1社,0,2026-01-17,22:30,0.0195,0.0349
幸福村1社,0,2026-01-17,22:45,0.0186,0.0156
幸福村1社,0,2026-01-17,23:00,0.0209,0.0137
幸福村1社,0,2026-01-17,23:15,0.0194,0.0221
幸福村1社,0,2026-01-17,23:30,0.0195,0.0183
幸福村1社,0,2026-01-17,23:45,0.0181,0.0211
幸福村1社,0,2026-01-18,00:00,0.0181,0.0228
幸福村1社,0,2026-01-18,00:15,0.0163,0.0189
幸福村1社,0,2026-01-18,00:30,0.0196,0.0186
幸福村1社,0,2026-01-18,00:45,0.0152,0.0181
幸福村1社,0,2026-01-18,01:00,0.0168,0.0151
幸福村1社,0,2026-01-18,01:15,0.0163,0.017
幸福村1社,0,2026-01-18,01:30,0.0174,0.0212
幸福村1社,0,2026-01-18,01:45,0.0176,0.0144
幸福村1社,0,2026-01-18,02:00,0.0171,0.0164
幸福村1社,0,2026-01-18,02:15,0.0192,0.0147
幸福村1社,0,2026-01-18,02:30,0.0161,0.0177
幸福村1社,0,2026-01-18,02:45,0.0188,0.0192
幸福村1社,0,2026-01-18,03:00,0.0173,0.0205
幸福村1社,0,2026-01-18,03:15,0.0177,0.0183
幸福村1社,0,2026-01-18,03:30,0.0129,0.0187
幸福村1社,0,2026-01-18,03:45,0.0158,0.0202
幸福村1社,0,2026-01-18,04:00,0.018,0.0192
幸福村1社,0,2026-01-18,04:15,0.015,0.0124
幸福村1社,0,2026-01-18,04:30,0.0169,0.0123
幸福村1社,0,2026-01-18,04:45,0.0152,0.0152
幸福村1社,0,2026-01-18,05:00,0.0159,0.0571
幸福村1社,0,2026-01-18,05:15,0.0161,0.0819
幸福村1社,0,2026-01-18,05:30,0.0158,0.0134
幸福村1社,0,2026-01-18,05:45,0.0146,0.0132
幸福村1社,0,2026-01-18,06:00,0.015,0.0187
幸福村1社,0,2026-01-18,06:15,0.0188,0.0182
幸福村1社,0,2026-01-18,06:30,0.0201,0.0137
幸福村1社,0,2026-01-18,06:45,0.0209,0.015
幸福村1社,0,2026-01-18,07:00,0.019,0.0164
幸福村1社,0,2026-01-18,07:15,0.0227,0.0339
幸福村1社,0,2026-01-18,07:30,0.027,0.0174
幸福村1社,0,2026-01-18,07:45,0.0353,0.0383
幸福村1社,0,2026-01-18,08:00,0.0396,0.0162
幸福村1社,0,2026-01-18,08:15,0.0398,0.0118
幸福村1社,0,2026-01-18,08:30,0.0474,0.047
幸福村1社,0,2026-01-18,08:45,0.0437,0.044
幸福村1社,0,2026-01-18,09:00,0.0519,0.1589
幸福村1社,0,2026-01-18,09:15,0.0636,0.0829
幸福村1社,0,2026-01-18,09:30,0.0561,0.1367
幸福村1社,0,2026-01-18,09:45,0.057,0.0509
幸福村1社,0,2026-01-18,10:00,0.0458,0.0304
幸福村1社,0,2026-01-18,10:15,0.0347,0.0483
幸福村1社,0,2026-01-18,10:30,0.0352,0.0224
幸福村1社,0,2026-01-18,10:45,0.0359,0.0143
幸福村1社,0,2026-01-18,11:00,0.0328,0.0321
幸福村1社,0,2026-01-18,11:15,0.0314,0.0184
幸福村1社,0,2026-01-18,11:30,0.0291,0.0136
幸福村1社,0,2026-01-18,11:45,0.0253,0.0138
幸福村1社,0,2026-01-18,12:00,0.0231,0.0154
幸福村1社,0,2026-01-18,12:15,0.0197,0.0174
幸福村1社,0,2026-01-18,12:30,0.0254,0.0104
幸福村1社,0,2026-01-18,12:45,0.0254,0.0122
幸福村1社,0,2026-01-18,13:00,0.0267,0.0132
幸福村1社,0,2026-01-18,13:15,0.0241,0.0156
幸福村1社,0,2026-01-18,13:30,0.0209,0.0152
幸福村1社,0,2026-01-18,13:45,0.0243,0.0169
幸福村1社,0,2026-01-18,14:00,0.0242,0.0178
幸福村1社,0,2026-01-18,14:15,0.0238,0.0212
幸福村1社,0,2026-01-18,14:30,0.0241,0.0135
幸福村1社,0,2026-01-18,14:45,0.0246,0.0182
幸福村1社,0,2026-01-18,15:00,0.0222,0.0181
幸福村1社,0,2026-01-18,15:15,0.028,0.0989
幸福村1社,0,2026-01-18,15:30,0.0247,0.0126
幸福村1社,0,2026-01-18,15:45,0.0232,0.0108
幸福村1社,0,2026-01-18,16:00,0.0286,0.008
幸福村1社,0,2026-01-18,16:15,0.0303,0.0165
幸福村1社,0,2026-01-18,16:30,0.0417,0.0991
幸福村1社,0,2026-01-18,16:45,0.0376,0.0773
幸福村1社,0,2026-01-18,17:00,0.0437,0.0302
幸福村1社,0,2026-01-18,17:15,0.0469,0.0443
幸福村1社,0,2026-01-18,17:30,0.0393,0.0367
幸福村1社,0,2026-01-18,17:45,0.0421,0.0812
幸福村1社,0,2026-01-18,18:00,0.0501,0.0448
幸福村1社,0,2026-01-18,18:15,0.0474,0.0134
幸福村1社,0,2026-01-18,18:30,0.0448,0.0316
幸福村1社,0,2026-01-18,18:45,0.0437,0.0178
幸福村1社,0,2026-01-18,19:00,0.0423,0.0136
幸福村1社,0,2026-01-18,19:15,0.0359,0.0128
幸福村1社,0,2026-01-18,19:30,0.0409,0.0188
幸福村1社,0,2026-01-18,19:45,0.0368,0.0185
幸福村1社,0,2026-01-18,20:00,0.0362,0.0189
幸福村1社,0,2026-01-18,20:15,0.0323,0.0161
幸福村1社,0,2026-01-18,20:30,0.0271,0.0329
幸福村1社,0,2026-01-18,20:45,0.0274,0.0289
幸福村1社,0,2026-01-18,21:00,0.0258,0.0248
幸福村1社,0,2026-01-18,21:15,0.0249,0.0261
幸福村1社,0,2026-01-18,21:30,0.0239,0.0535
幸福村1社,0,2026-01-18,21:45,0.0222,0.0184
幸福村1社,0,2026-01-18,22:00,0.0205,0.0241
幸福村1社,0,2026-01-18,22:15,0.0198,0.0195
幸福村1社,0,2026-01-18,22:30,0.0244,0.0155
幸福村1社,0,2026-01-18,22:45,0.0199,0.0186
幸福村1社,0,2026-01-18,23:00,0.0178,0.0185
幸福村1社,0,2026-01-18,23:15,0.0191,0.0149
幸福村1社,0,2026-01-18,23:30,0.0175,0.0135
幸福村1社,0,2026-01-18,23:45,0.0205,0.0215
幸福村1社,1,2026-03-24,00:00,0.018,0.0149
幸福村1社,1,2026-03-24,00:15,0.0139,0.0145
幸福村1社,1,2026-03-24,00:30,0.0134,0.0204
幸福村1社,1,2026-03-24,00:45,0.0112,0.0156
幸福村1社,1,2026-03-24,01:00,0.0127,0.0145
幸福村1社,1,2026-03-24,01:15,0.0187,0.0213
幸福村1社,1,2026-03-24,01:30,0.0177,0.0144
幸福村1社,1,2026-03-24,01:45,0.0168,0.0195
幸福村1社,1,2026-03-24,02:00,0.0169,0.0186
幸福村1社,1,2026-03-24,02:15,0.0168,0.0166
幸福村1社,1,2026-03-24,02:30,0.0132,0.0157
幸福村1社,1,2026-03-24,02:45,0.0123,0.0182
幸福村1社,1,2026-03-24,03:00,0.0145,0.0199
幸福村1社,1,2026-03-24,03:15,0.0158,0.0179
幸福村1社,1,2026-03-24,03:30,0.0159,0.0198
幸福村1社,1,2026-03-24,03:45,0.0158,0.0219
幸福村1社,1,2026-03-24,04:00,0.0136,0.0154
幸福村1社,1,2026-03-24,04:15,0.015,0.021
幸福村1社,1,2026-03-24,04:30,0.0181,0.0146
幸福村1社,1,2026-03-24,04:45,0.0186,0.0196
幸福村1社,1,2026-03-24,05:00,0.018,0.0153
幸福村1社,1,2026-03-24,05:15,0.0171,0.015
幸福村1社,1,2026-03-24,05:30,0.0167,0.0187
幸福村1社,1,2026-03-24,05:45,0.0192,0.0128
幸福村1社,1,2026-03-24,06:00,0.0166,0.0128
幸福村1社,1,2026-03-24,06:15,0.0175,0.0146
幸福村1社,1,2026-03-24,06:30,0.0213,0.0197
幸福村1社,1,2026-03-24,06:45,0.0225,0.038
幸福村1社,1,2026-03-24,07:00,0.0226,0.0189
幸福村1社,1,2026-03-24,07:15,0.0265,0.051
幸福村1社,1,2026-03-24,07:30,0.0292,0.0113
幸福村1社,1,2026-03-24,07:45,0.0414,0.0386
幸福村1社,1,2026-03-24,08:00,0.0394,0.0624
幸福村1社,1,2026-03-24,08:15,0.0452,0.0594
幸福村1社,1,2026-03-24,08:30,0.0497,0.0644
幸福村1社,1,2026-03-24,08:45,0.0469,0.0141
幸福村1社,1,2026-03-24,09:00,0.0473,0.0135
幸福村1社,1,2026-03-24,09:15,0.0501,0.0171
幸福村1社,1,2026-03-24,09:30,0.0416,0.0118
幸福村1社,1,2026-03-24,09:45,0.0425,0.0584
幸福村1社,1,2026-03-24,10:00,0.0375,0.0332
幸福村1社,1,2026-03-24,10:15,0.03,0.0205
幸福村1社,1,2026-03-24,10:30,0.0305,0.0403
幸福村1社,1,2026-03-24,10:45,0.0305,0.0134
幸福村1社,1,2026-03-24,11:00,0.0264,0.0138
幸福村1社,1,2026-03-24,11:15,0.0268,0.0328
幸福村1社,1,2026-03-24,11:30,0.0233,0.0292
幸福村1社,1,2026-03-24,11:45,0.0315,0.0328
幸福村1社,1,2026-03-24,12:00,0.022,0.0109
幸福村1社,1,2026-03-24,12:15,0.0201,0.0138
幸福村1社,1,2026-03-24,12:30,0.0302,0.014
幸福村1社,1,2026-03-24,12:45,0.0204,0.0175
幸福村1社,1,2026-03-24,13:00,0.0214,0.0345
幸福村1社,1,2026-03-24,13:15,0.024,0.0132
幸福村1社,1,2026-03-24,13:30,0.0229,0.0127
幸福村1社,1,2026-03-24,13:45,0.0228,0.0067
幸福村1社,1,2026-03-24,14:00,0.0265,0.0126
幸福村1社,1,2026-03-24,14:15,0.0235,0.0075
幸福村1社,1,2026-03-24,14:30,0.0252,0.0167
幸福村1社,1,2026-03-24,14:45,0.0228,0.0117
幸福村1社,1,2026-03-24,15:00,0.0241,0.009
幸福村1社,1,2026-03-24,15:15,0.0223,0.0114
幸福村1社,1,2026-03-24,15:30,0.0258,0.0099
幸福村1社,1,2026-03-24,15:45,0.0211,0.0159
幸福村1社,1,2026-03-24,16:00,0.0221,0.0158
幸福村1社,1,2026-03-24,16:15,0.0281,0.0555
幸福村1社,1,2026-03-24,16:30,0.0382,0.014
幸福村1社,1,2026-03-24,16:45,0.0373,0.0363
幸福村1社,1,2026-03-24,17:00,0.0363,0.0573
幸福村1社,1,2026-03-24,17:15,0.0431,0.0115
幸福村1社,1,2026-03-24,17:30,0.0401,0.0183
幸福村1社,1,2026-03-24,17:45,0.0409,0.0159
幸福村1社,1,2026-03-24,18:00,0.0377,0.0133
幸福村1社,1,2026-03-24,18:15,0.0454,0.0113
幸福村1社,1,2026-03-24,18:30,0.0413,0.0629
幸福村1社,1,2026-03-24,18:45,0.0446,0.0083
幸福村1社,1,2026-03-24,19:00,0.0423,0.0523
幸福村1社,1,2026-03-24,19:15,0.0402,0.0088
幸福村1社,1,2026-03-24,19:30,0.0405,0.011
幸福村1社,1,2026-03-24,19:45,0.0396,0.0185
幸福村1社,1,2026-03-24,20:00,0.0351,0.0151
幸福村1社,1,2026-03-24,20:15,0.033,0.0544
幸福村1社,1,2026-03-24,20:30,0.0238,0.0146
幸福村1社,1,2026-03-24,20:45,0.0292,0.013
幸福村1社,1,2026-03-24,21:00,0.0246,0.011
幸福村1社,1,2026-03-24,21:15,0.0258,0.0185
幸福村1社,1,2026-03-24,21:30,0.0242,0.0267
幸福村1社,1,2026-03-24,21:45,0.0195,0.0148
幸福村1社,1,2026-03-24,22:00,0.0223,0.0195
幸福村1社,1,2026-03-24,22:15,0.0172,0.0153
幸福村1社,1,2026-03-24,22:30,0.0212,0.0131
幸福村1社,1,2026-03-24,22:45,0.0227,0.0204
幸福村1社,1,2026-03-24,23:00,0.0194,0.0174
幸福村1社,1,2026-03-24,23:15,0.0175,0.017
幸福村1社,1,2026-03-24,23:30,0.019,0.0123
幸福村1社,1,2026-03-24,23:45,0.0147,0.0139
幸福村1社,1,2026-03-25,00:00,0.0156,0.019
幸福村1社,1,2026-03-25,00:15,0.0172,0.0137
幸福村1社,1,2026-03-25,00:30,0.0165,0.0203
幸福村1社,1,2026-03-25,00:45,0.0187,0.0111
幸福村1社,1,2026-03-25,01:00,0.0152,0.0124
幸福村1社,1,2026-03-25,01:15,0.0161,0.007
幸福村1社,1,2026-03-25,01:30,0.0207,0.0132
幸福村1社,1,2026-03-25,01:45,0.018,0.0236
幸福村1社,1,2026-03-25,02:00,0.0168,0.0184
幸福村1社,1,2026-03-25,02:15,0.017,0.0115
幸福村1社,1,2026-03-25,02:30,0.0185,0.0093
幸福村1社,1,2026-03-25,02:45,0.0183,0.0166
幸福村1社,1,2026-03-25,03:00,0.0146,0.0199
幸福村1社,1,2026-03-25,03:15,0.0126,0.0158
幸福村1社,1,2026-03-25,03:30,0.0161,0.0147
幸福村1社,1,2026-03-25,03:45,0.0163,0.0145
幸福村1社,1,2026-03-25,04:00,0.0144,0.0216
幸福村1社,1,2026-03-25,04:15,0.0115,0.0152
幸福村1社,1,2026-03-25,04:30,0.0152,0.0205
幸福村1社,1,2026-03-25,04:45,0.017,0.0149
幸福村1社,1,2026-03-25,05:00,0.0131,0.0184
幸福村1社,1,2026-03-25,05:15,0.0151,0.0174
幸福村1社,1,2026-03-25,05:30,0.0137,0.0087
幸福村1社,1,2026-03-25,05:45,0.0186,0.0088
幸福村1社,1,2026-03-25,06:00,0.0175,0.0105
幸福村1社,1,2026-03-25,06:15,0.0143,0.0203
幸福村1社,1,2026-03-25,06:30,0.0217,0.0086
幸福村1社,1,2026-03-25,06:45,0.0198,0.016
幸福村1社,1,2026-03-25,07:00,0.0251,0.0416
幸福村1社,1,2026-03-25,07:15,0.0252,0.0742
幸福村1社,1,2026-03-25,07:30,0.0312,0.0166
幸福村1社,1,2026-03-25,07:45,0.0408,0.0646
幸福村1社,1,2026-03-25,08:00,0.0424,0.0118
幸福村1社,1,2026-03-25,08:15,0.0504,0.0102
幸福村1社,1,2026-03-25,08:30,0.0569,0.0438
幸福村1社,1,2026-03-25,08:45,0.0509,0.1177
幸福村1社,1,2026-03-25,09:00,0.0471,0.0612
幸福村1社,1,2026-03-25,09:15,0.0479,0.0821
幸福村1社,1,2026-03-25,09:30,0.0393,0.0168
幸福村1社,1,2026-03-25,09:45,0.0441,0.019
幸福村1社,1,2026-03-25,10:00,0.0391,0.0198
幸福村1社,1,2026-03-25,10:15,0.0274,0.0162
幸福村1社,1,2026-03-25,10:30,0.0272,0.0599
幸福村1社,1,2026-03-25,10:45,0.0275,0.0137
幸福村1社,1,2026-03-25,11:00,0.0203,0.0164
幸福村1社,1,2026-03-25,11:15,0.0204,0.0185
幸福村1社,1,2026-03-25,11:30,0.0264,0.0166
幸福村1社,1,2026-03-25,11:45,0.0216,0.0134
幸福村1社,1,2026-03-25,12:00,0.0203,0.0182
幸福村1社,1,2026-03-25,12:15,0.0186,0.0177
幸福村1社,1,2026-03-25,12:30,0.0244,0.0109
幸福村1社,1,2026-03-25,12:45,0.0235,0.0186
幸福村1社,1,2026-03-25,13:00,0.027,0.0165
幸福村1社,1,2026-03-25,13:15,0.019,0.0329
幸福村1社,1,2026-03-25,13:30,0.0201,0.0195
幸福村1社,1,2026-03-25,13:45,0.0256,0.0162
幸福村1社,1,2026-03-25,14:00,0.0267,0.0114
幸福村1社,1,2026-03-25,14:15,0.0212,0.0155
幸福村1社,1,2026-03-25,14:30,0.0244,0.0168
幸福村1社,1,2026-03-25,14:45,0.0211,0.0202
幸福村1社,1,2026-03-25,15:00,0.0213,0.0211
幸福村1社,1,2026-03-25,15:15,0.0237,0.0165
幸福村1社,1,2026-03-25,15:30,0.0254,0.025
幸福村1社,1,2026-03-25,15:45,0.0241,0.018
幸福村1社,1,2026-03-25,16:00,0.0222,0.0549
幸福村1社,1,2026-03-25,16:15,0.0242,0.0136
幸福村1社,1,2026-03-25,16:30,0.0299,0.0127
幸福村1社,1,2026-03-25,16:45,0.0381,0.0396
幸福村1社,1,2026-03-25,17:00,0.0339,0.042
幸福村1社,1,2026-03-25,17:15,0.0358,0.0972
幸福村1社,1,2026-03-25,17:30,0.0374,0.0297
幸福村1社,1,2026-03-25,17:45,0.0362,0.0625
幸福村1社,1,2026-03-25,18:00,0.0382,0.0702
幸福村1社,1,2026-03-25,18:15,0.0465,0.0444
幸福村1社,1,2026-03-25,18:30,0.0471,0.031
幸福村1社,1,2026-03-25,18:45,0.0422,0.011
幸福村1社,1,2026-03-25,19:00,0.0388,0.0361
幸福村1社,1,2026-03-25,19:15,0.0385,0.0156
幸福村1社,1,2026-03-25,19:30,0.0375,0.0213
幸福村1社,1,2026-03-25,19:45,0.0359,0.0174
幸福村1社,1,2026-03-25,20:00,0.0312,0.0313
幸福村1社,1,2026-03-25,20:15,0.0326,0.0171
幸福村1社,1,2026-03-25,20:30,0.0245,0.0211
幸福村1社,1,2026-03-25,20:45,0.0265,0.0235
幸福村1社,1,2026-03-25,21:00,0.0291,0.0192
幸福村1社,1,2026-03-25,21:15,0.0227,0.0211
幸福村1社,1,2026-03-25,21:30,0.0217,0.016
幸福村1社,1,2026-03-25,21:45,0.0169,0.0205
幸福村1社,1,2026-03-25,22:00,0.022,0.0139
幸福村1社,1,2026-03-25,22:15,0.0242,0.0158
幸福村1社,1,2026-03-25,22:30,0.0207,0.0244
幸福村1社,1,2026-03-25,22:45,0.0175,0.0177
幸福村1社,1,2026-03-25,23:00,0.0193,0.0167
幸福村1社,1,2026-03-25,23:15,0.0162,0.0192
幸福村1社,1,2026-03-25,23:30,0.0231,0.0161
幸福村1社,1,2026-03-25,23:45,0.0166,0.0163
幸福村1社,1,2026-03-26,00:00,0.0174,0.0164
幸福村1社,1,2026-03-26,00:15,0.0154,0.0233
幸福村1社,1,2026-03-26,00:30,0.0179,0.013
幸福村1社,1,2026-03-26,00:45,0.0161,0.0249
幸福村1社,1,2026-03-26,01:00,0.0166,0.0207
幸福村1社,1,2026-03-26,01:15,0.0158,0.0156
幸福村1社,1,2026-03-26,01:30,0.0186,0.0243
幸福村1社,1,2026-03-26,01:45,0.0151,0.0173
幸福村1社,1,2026-03-26,02:00,0.017,0.0204
幸福村1社,1,2026-03-26,02:15,0.0163,0.0194
幸福村1社,1,2026-03-26,02:30,0.0141,0.0257
幸福村1社,1,2026-03-26,02:45,0.0174,0.0129
幸福村1社,1,2026-03-26,03:00,0.0177,0.0145
幸福村1社,1,2026-03-26,03:15,0.0173,0.0143
幸福村1社,1,2026-03-26,03:30,0.0152,0.0174
幸福村1社,1,2026-03-26,03:45,0.0159,0.0278
幸福村1社,1,2026-03-26,04:00,0.0157,0.0142
幸福村1社,1,2026-03-26,04:15,0.019,0.0173
幸福村1社,1,2026-03-26,04:30,0.0137,0.0143
幸福村1社,1,2026-03-26,04:45,0.012,0.015
幸福村1社,1,2026-03-26,05:00,0.0158,0.0146
幸福村1社,1,2026-03-26,05:15,0.0145,0.017
幸福村1社,1,2026-03-26,05:30,0.0142,0.0182
幸福村1社,1,2026-03-26,05:45,0.0141,0.0153
幸福村1社,1,2026-03-26,06:00,0.0103,0.0217
幸福村1社,1,2026-03-26,06:15,0.017,0.0172
幸福村1社,1,2026-03-26,06:30,0.0207,0.0132
幸福村1社,1,2026-03-26,06:45,0.0192,0.024
幸福村1社,1,2026-03-26,07:00,0.0251,0.0323
幸福村1社,1,2026-03-26,07:15,0.0262,0.0362
幸福村1社,1,2026-03-26,07:30,0.0324,0.0353
幸福村1社,1,2026-03-26,07:45,0.041,0.0156
幸福村1社,1,2026-03-26,08:00,0.0452,0.0193
幸福村1社,1,2026-03-26,08:15,0.0438,0.0177
幸福村1社,1,2026-03-26,08:30,0.0453,0.0372
幸福村1社,1,2026-03-26,08:45,0.0497,0.0135
幸福村1社,1,2026-03-26,09:00,0.0464,0.0684
幸福村1社,1,2026-03-26,09:15,0.0537,0.0161
幸福村1社,1,2026-03-26,09:30,0.0454,0.0718
幸福村1社,1,2026-03-26,09:45,0.0489,0.0534
幸福村1社,1,2026-03-26,10:00,0.0426,0.0148
幸福村1社,1,2026-03-26,10:15,0.0315,0.071
幸福村1社,1,2026-03-26,10:30,0.0273,0.0171
幸福村1社,1,2026-03-26,10:45,0.032,0.0371
幸福村1社,1,2026-03-26,11:00,0.0303,0.0352
幸福村1社,1,2026-03-26,11:15,0.0246,0.0243
幸福村1社,1,2026-03-26,11:30,0.0268,0.0461
幸福村1社,1,2026-03-26,11:45,0.0244,0.0347
幸福村1社,1,2026-03-26,12:00,0.0244,0.0136
幸福村1社,1,2026-03-26,12:15,0.0181,0.0212
幸福村1社,1,2026-03-26,12:30,0.0171,0.0206
幸福村1社,1,2026-03-26,12:45,0.0232,0.0119
幸福村1社,1,2026-03-26,13:00,0.0211,0.0213
幸福村1社,1,2026-03-26,13:15,0.0237,0.0194
幸福村1社,1,2026-03-26,13:30,0.0211,0.0499
幸福村1社,1,2026-03-26,13:45,0.0216,0.019
幸福村1社,1,2026-03-26,14:00,0.0236,0.0192
幸福村1社,1,2026-03-26,14:15,0.018,0.0184
幸福村1社,1,2026-03-26,14:30,0.0225,0.0159
幸福村1社,1,2026-03-26,14:45,0.0227,0.0506
幸福村1社,1,2026-03-26,15:00,0.0234,0.0139
幸福村1社,1,2026-03-26,15:15,0.0242,0.0141
幸福村1社,1,2026-03-26,15:30,0.024,0.0166
幸福村1社,1,2026-03-26,15:45,0.0253,0.0091
幸福村1社,1,2026-03-26,16:00,0.0265,0.0167
幸福村1社,1,2026-03-26,16:15,0.0246,0.0626
幸福村1社,1,2026-03-26,16:30,0.0368,0.0269
幸福村1社,1,2026-03-26,16:45,0.0336,0.0195
幸福村1社,1,2026-03-26,17:00,0.0352,0.0439
幸福村1社,1,2026-03-26,17:15,0.0408,0.0386
幸福村1社,1,2026-03-26,17:30,0.0348,0.0167
幸福村1社,1,2026-03-26,17:45,0.039,0.0173
幸福村1社,1,2026-03-26,18:00,0.0431,0.0344
幸福村1社,1,2026-03-26,18:15,0.0433,0.0385
幸福村1社,1,2026-03-26,18:30,0.0418,0.0551
幸福村1社,1,2026-03-26,18:45,0.0379,0.0196
幸福村1社,1,2026-03-26,19:00,0.0343,0.021
幸福村1社,1,2026-03-26,19:15,0.036,0.0683
幸福村1社,1,2026-03-26,19:30,0.0393,0.0202
幸福村1社,1,2026-03-26,19:45,0.0418,0.0151
幸福村1社,1,2026-03-26,20:00,0.0371,0.0159
幸福村1社,1,2026-03-26,20:15,0.035,0.018
幸福村1社,1,2026-03-26,20:30,0.0289,0.0165
幸福村1社,1,2026-03-26,20:45,0.0238,0.0223
幸福村1社,1,2026-03-26,21:00,0.0253,0.0188
幸福村1社,1,2026-03-26,21:15,0.0229,0.0222
幸福村1社,1,2026-03-26,21:30,0.0225,0.0161
幸福村1社,1,2026-03-26,21:45,0.0233,0.0169
幸福村1社,1,2026-03-26,22:00,0.0192,0.0221
幸福村1社,1,2026-03-26,22:15,0.0234,0.0132
幸福村1社,1,2026-03-26,22:30,0.0251,0.0248
幸福村1社,1,2026-03-26,22:45,0.0159,0.0191
幸福村1社,1,2026-03-26,23:00,0.0182,0.0152
幸福村1社,1,2026-03-26,23:15,0.0205,0.0247
幸福村1社,1,2026-03-26,23:30,0.0178,0.0159
幸福村1社,1,2026-03-26,23:45,0.0219,0.0286
甘伍村3社,2,2026-04-20,00:00,0.0002,0.0005
甘伍村3社,2,2026-04-20,00:15,0.0001,0.0005
甘伍村3社,2,2026-04-20,00:30,-0.0001,0.0005
甘伍村3社,2,2026-04-20,00:45,0.0001,0.0005
甘伍村3社,2,2026-04-20,01:00,0.0002,0.0005
甘伍村3社,2,2026-04-20,01:15,0.0009,0.0005
甘伍村3社,2,2026-04-20,01:30,0.0008,0.0005
甘伍村3社,2,2026-04-20,01:45,0.0003,0.0005
甘伍村3社,2,2026-04-20,02:00,0.0,0.0005
甘伍村3社,2,2026-04-20,02:15,0.0012,0.0005
甘伍村3社,2,2026-04-20,02:30,-0.0003,0.0005
甘伍村3社,2,2026-04-20,02:45,0.0006,0.0005
甘伍村3社,2,2026-04-20,03:00,0.0004,0.0005
甘伍村3社,2,2026-04-20,03:15,0.0007,0.0005
甘伍村3社,2,2026-04-20,03:30,0.0003,0.0005
甘伍村3社,2,2026-04-20,03:45,0.0004,0.0005
甘伍村3社,2,2026-04-20,04:00,-0.001,0.0005
甘伍村3社,2,2026-04-20,04:15,0.0007,0.0005
甘伍村3社,2,2026-04-20,04:30,0.0009,0.0005
甘伍村3社,2,2026-04-20,04:45,0.0009,0.0005
甘伍村3社,2,2026-04-20,05:00,0.0009,0.0005
甘伍村3社,2,2026-04-20,05:15,0.0007,0.0005
甘伍村3社,2,2026-04-20,05:30,0.0006,0.0005
甘伍村3社,2,2026-04-20,05:45,0.0008,0.0005
甘伍村3社,2,2026-04-20,06:00,0.001,0.0005
甘伍村3社,2,2026-04-20,06:15,0.0001,0.0005
甘伍村3社,2,2026-04-20,06:30,-0.0,0.0005
甘伍村3社,2,2026-04-20,06:45,0.0011,0.0005
甘伍村3社,2,2026-04-20,07:00,-0.0004,0.0005
甘伍村3社,2,2026-04-20,07:15,0.0006,0.0005
甘伍村3社,2,2026-04-20,07:30,0.0014,0.0005
甘伍村3社,2,2026-04-20,07:45,0.0019,0.0005
甘伍村3社,2,2026-04-20,08:00,0.0001,0.0005
甘伍村3社,2,2026-04-20,08:15,0.0016,0.0005
甘伍村3社,2,2026-04-20,08:30,0.0022,0.0005
甘伍村3社,2,2026-04-20,08:45,0.0002,0.0005
甘伍村3社,2,2026-04-20,09:00,0.0032,0.0005
甘伍村3社,2,2026-04-20,09:15,0.0017,0.0005
甘伍村3社,2,2026-04-20,09:30,0.0037,0.0005
甘伍村3社,2,2026-04-20,09:45,0.0026,0.0005
甘伍村3社,2,2026-04-20,10:00,0.0066,0.0005
甘伍村3社,2,2026-04-20,10:15,0.0087,0.0005
甘伍村3社,2,2026-04-20,10:30,0.0098,0.0005
甘伍村3社,2,2026-04-20,10:45,0.0107,0.0005
甘伍村3社,2,2026-04-20,11:00,0.0096,0.0005
甘伍村3社,2,2026-04-20,11:15,0.0132,0.0005
甘伍村3社,2,2026-04-20,11:30,0.0132,0.0005
甘伍村3社,2,2026-04-20,11:45,0.013,0.0005
甘伍村3社,2,2026-04-20,12:00,0.009,0.0005
甘伍村3社,2,2026-04-20,12:15,0.0085,0.0005
甘伍村3社,2,2026-04-20,12:30,0.0096,0.0005
甘伍村3社,2,2026-04-20,12:45,0.0077,0.0004
甘伍村3社,2,2026-04-20,13:00,0.0028,0.0005
甘伍村3社,2,2026-04-20,13:15,0.0039,0.0004
甘伍村3社,2,2026-04-20,13:30,0.0054,0.0004
甘伍村3社,2,2026-04-20,13:45,0.0031,0.0005
甘伍村3社,2,2026-04-20,14:00,0.0028,0.0004
甘伍村3社,2,2026-04-20,14:15,0.0044,0.0004
甘伍村3社,2,2026-04-20,14:30,0.0032,0.0005
甘伍村3社,2,2026-04-20,14:45,0.0018,0.0004
甘伍村3社,2,2026-04-20,15:00,0.001,0.0005
甘伍村3社,2,2026-04-20,15:15,0.0016,0.0005
甘伍村3社,2,2026-04-20,15:30,0.0001,0.0005
甘伍村3社,2,2026-04-20,15:45,0.0008,0.0004
甘伍村3社,2,2026-04-20,16:00,0.0008,0.0005
甘伍村3社,2,2026-04-20,16:15,0.0007,0.0005
甘伍村3社,2,2026-04-20,16:30,-0.0006,0.0004
甘伍村3社,2,2026-04-20,16:45,0.0017,0.0004
甘伍村3社,2,2026-04-20,17:00,0.0018,0.0005
甘伍村3社,2,2026-04-20,17:15,0.0007,0.0005
甘伍村3社,2,2026-04-20,17:30,0.0006,0.0005
甘伍村3社,2,2026-04-20,17:45,0.0012,0.0004
甘伍村3社,2,2026-04-20,18:00,0.0015,0.0004
甘伍村3社,2,2026-04-20,18:15,-0.0,0.0005
甘伍村3社,2,2026-04-20,18:30,0.0001,0.0005
甘伍村3社,2,2026-04-20,18:45,0.0019,0.0005
甘伍村3社,2,2026-04-20,19:00,0.0008,0.0005
甘伍村3社,2,2026-04-20,19:15,0.0008,0.0005
甘伍村3社,2,2026-04-20,19:30,-0.0011,0.0005
甘伍村3社,2,2026-04-20,19:45,0.0001,0.0005
甘伍村3社,2,2026-04-20,20:00,-0.001,0.001
甘伍村3社,2,2026-04-20,20:15,-0.0004,0.0005
甘伍村3社,2,2026-04-20,20:30,-0.0002,0.0005
甘伍村3社,2,2026-04-20,20:45,0.0022,0.0005
甘伍村3社,2,2026-04-20,21:00,-0.0011,0.0005
甘伍村3社,2,2026-04-20,21:15,0.0003,0.0005
甘伍村3社,2,2026-04-20,21:30,-0.001,0.0008
甘伍村3社,2,2026-04-20,21:45,0.0003,0.0008
甘伍村3社,2,2026-04-20,22:00,0.0003,0.0007
甘伍村3社,2,2026-04-20,22:15,-0.0007,0.0008
甘伍村3社,2,2026-04-20,22:30,0.0001,0.0006
甘伍村3社,2,2026-04-20,22:45,0.0009,0.0006
甘伍村3社,2,2026-04-20,23:00,0.0004,0.0005
甘伍村3社,2,2026-04-20,23:15,-0.0001,0.0005
甘伍村3社,2,2026-04-20,23:30,0.0007,0.0005
甘伍村3社,2,2026-04-20,23:45,0.0002,0.0005
甘伍村3社,2,2026-04-21,00:00,0.0005,0.0005
甘伍村3社,2,2026-04-21,00:15,-0.0001,0.0005
甘伍村3社,2,2026-04-21,00:30,0.0001,0.0005
甘伍村3社,2,2026-04-21,00:45,0.0009,0.0005
甘伍村3社,2,2026-04-21,01:00,-0.0013,0.0005
甘伍村3社,2,2026-04-21,01:15,0.0007,0.0005
甘伍村3社,2,2026-04-21,01:30,0.0008,0.0005
甘伍村3社,2,2026-04-21,01:45,0.0005,0.0005
甘伍村3社,2,2026-04-21,02:00,-0.0003,0.0005
甘伍村3社,2,2026-04-21,02:15,0.0,0.0005
甘伍村3社,2,2026-04-21,02:30,0.0002,0.0005
甘伍村3社,2,2026-04-21,02:45,0.0003,0.0005
甘伍村3社,2,2026-04-21,03:00,0.0007,0.0005
甘伍村3社,2,2026-04-21,03:15,0.001,0.0005
甘伍村3社,2,2026-04-21,03:30,0.0003,0.0005
甘伍村3社,2,2026-04-21,03:45,-0.0004,0.0005
甘伍村3社,2,2026-04-21,04:00,0.0011,0.0005
甘伍村3社,2,2026-04-21,04:15,-0.0005,0.0005
甘伍村3社,2,2026-04-21,04:30,0.0002,0.0005
甘伍村3社,2,2026-04-21,04:45,0.0008,0.0005
甘伍村3社,2,2026-04-21,05:00,0.0012,0.0005
甘伍村3社,2,2026-04-21,05:15,0.0005,0.0005
甘伍村3社,2,2026-04-21,05:30,0.0005,0.0005
甘伍村3社,2,2026-04-21,05:45,0.0002,0.0005
甘伍村3社,2,2026-04-21,06:00,0.0011,0.0005
甘伍村3社,2,2026-04-21,06:15,-0.0001,0.0005
甘伍村3社,2,2026-04-21,06:30,0.0004,0.0005
甘伍村3社,2,2026-04-21,06:45,-0.0,0.0005
甘伍村3社,2,2026-04-21,07:00,0.0007,0.0005
甘伍村3社,2,2026-04-21,07:15,0.0009,0.0005
甘伍村3社,2,2026-04-21,07:30,0.0003,0.0005
甘伍村3社,2,2026-04-21,07:45,0.0004,0.0005
甘伍村3社,2,2026-04-21,08:00,0.0013,0.0005
甘伍村3社,2,2026-04-21,08:15,0.0015,0.0005
甘伍村3社,2,2026-04-21,08:30,0.0017,0.0005
甘伍村3社,2,2026-04-21,08:45,0.0008,0.0005
甘伍村3社,2,2026-04-21,09:00,0.003,0.0005
甘伍村3社,2,2026-04-21,09:15,0.0011,0.0005
甘伍村3社,2,2026-04-21,09:30,0.0008,0.0004
甘伍村3社,2,2026-04-21,09:45,0.0007,0.0005
甘伍村3社,2,2026-04-21,10:00,0.0056,0.0005
甘伍村3社,2,2026-04-21,10:15,0.0078,0.0005
甘伍村3社,2,2026-04-21,10:30,0.0097,0.0004
甘伍村3社,2,2026-04-21,10:45,0.011,0.0005
甘伍村3社,2,2026-04-21,11:00,0.0112,0.0005
甘伍村3社,2,2026-04-21,11:15,0.0152,0.0005
甘伍村3社,2,2026-04-21,11:30,0.0131,0.0005
甘伍村3社,2,2026-04-21,11:45,0.0121,0.0005
甘伍村3社,2,2026-04-21,12:00,0.0097,0.0005
甘伍村3社,2,2026-04-21,12:15,0.0086,0.0005
甘伍村3社,2,2026-04-21,12:30,0.0066,0.0005
甘伍村3社,2,2026-04-21,12:45,0.008,0.0004
甘伍村3社,2,2026-04-21,13:00,0.0042,0.0005
甘伍村3社,2,2026-04-21,13:15,0.0044,0.0005
甘伍村3社,2,2026-04-21,13:30,0.0049,0.0004
甘伍村3社,2,2026-04-21,13:45,0.0052,0.0005
甘伍村3社,2,2026-04-21,14:00,0.005,0.0005
甘伍村3社,2,2026-04-21,14:15,0.0044,0.0005
甘伍村3社,2,2026-04-21,14:30,0.0034,0.0005
甘伍村3社,2,2026-04-21,14:45,0.0019,0.0005
甘伍村3社,2,2026-04-21,15:00,0.001,0.0005
甘伍村3社,2,2026-04-21,15:15,0.0024,0.0005
甘伍村3社,2,2026-04-21,15:30,0.0007,0.0005
甘伍村3社,2,2026-04-21,15:45,0.001,0.0005
甘伍村3社,2,2026-04-21,16:00,0.0013,0.0005
甘伍村3社,2,2026-04-21,16:15,0.001,0.0004
甘伍村3社,2,2026-04-21,16:30,0.0007,0.0004
甘伍村3社,2,2026-04-21,16:45,0.0018,0.0004
甘伍村3社,2,2026-04-21,17:00,0.0014,0.0004
甘伍村3社,2,2026-04-21,17:15,0.0008,0.0004
甘伍村3社,2,2026-04-21,17:30,0.0007,0.0004
甘伍村3社,2,2026-04-21,17:45,0.0005,0.0004
甘伍村3社,2,2026-04-21,18:00,-0.0001,0.0007
甘伍村3社,2,2026-04-21,18:15,0.0014,0.0008
甘伍村3社,2,2026-04-21,18:30,0.0009,0.0008
甘伍村3社,2,2026-04-21,18:45,-0.0009,0.0006
甘伍村3社,2,2026-04-21,19:00,-0.0001,0.0006
甘伍村3社,2,2026-04-21,19:15,-0.0004,0.0005
甘伍村3社,2,2026-04-21,19:30,-0.0003,0.0005
甘伍村3社,2,2026-04-21,19:45,0.0005,0.0005
甘伍村3社,2,2026-04-21,20:00,0.0005,0.0005
甘伍村3社,2,2026-04-21,20:15,0.0008,0.0005
甘伍村3社,2,2026-04-21,20:30,0.0001,0.0005
甘伍村3社,2,2026-04-21,20:45,-0.0006,0.0005
甘伍村3社,2,2026-04-21,21:00,0.0005,0.0005
甘伍村3社,2,2026-04-21,21:15,0.0004,0.0005
甘伍村3社,2,2026-04-21,21:30,-0.0007,0.0005
甘伍村3社,2,2026-04-21,21:45,0.0002,0.0005
甘伍村3社,2,2026-04-21,22:00,-0.0001,0.0005
甘伍村3社,2,2026-04-21,22:15,-0.0007,0.0005
甘伍村3社,2,2026-04-21,22:30,0.0012,0.0005
甘伍村3社,2,2026-04-21,22:45,-0.0001,0.0005
甘伍村3社,2,2026-04-21,23:00,0.0002,0.0005
甘伍村3社,2,2026-04-21,23:15,-0.0,0.0005
甘伍村3社,2,2026-04-21,23:30,0.0014,0.0005
甘伍村3社,2,2026-04-21,23:45,-0.0003,0.0005
甘伍村3社,2,2026-04-22,00:00,0.0004,0.0005
甘伍村3社,2,2026-04-22,00:15,-0.0001,0.0005
甘伍村3社,2,2026-04-22,00:30,0.0003,0.0005
甘伍村3社,2,2026-04-22,00:45,-0.0001,0.0005
甘伍村3社,2,2026-04-22,01:00,0.0008,0.0005
甘伍村3社,2,2026-04-22,01:15,0.0001,0.0005
甘伍村3社,2,2026-04-22,01:30,-0.0,0.0005
甘伍村3社,2,2026-04-22,01:45,-0.0001,0.0005
甘伍村3社,2,2026-04-22,02:00,0.0005,0.0005
甘伍村3社,2,2026-04-22,02:15,0.0015,0.0005
甘伍村3社,2,2026-04-22,02:30,0.0006,0.0005
甘伍村3社,2,2026-04-22,02:45,0.0013,0.0005
甘伍村3社,2,2026-04-22,03:00,0.0003,0.0005
甘伍村3社,2,2026-04-22,03:15,0.0008,0.0005
甘伍村3社,2,2026-04-22,03:30,-0.0001,0.0005
甘伍村3社,2,2026-04-22,03:45,0.0001,0.0005
甘伍村3社,2,2026-04-22,04:00,-0.0001,0.0005
甘伍村3社,2,2026-04-22,04:15,0.0008,0.0005
甘伍村3社,2,2026-04-22,04:30,-0.0002,0.0005
甘伍村3社,2,2026-04-22,04:45,0.0003,0.0005
甘伍村3社,2,2026-04-22,05:00,0.0008,0.0005
甘伍村3社,2,2026-04-22,05:15,-0.0007,0.0005
甘伍村3社,2,2026-04-22,05:30,0.0002,0.0005
甘伍村3社,2,2026-04-22,05:45,0.0001,0.0005
甘伍村3社,2,2026-04-22,06:00,-0.0008,0.0005
甘伍村3社,2,2026-04-22,06:15,-0.0003,0.0005
甘伍村3社,2,2026-04-22,06:30,0.0007,0.0005
甘伍村3社,2,2026-04-22,06:45,-0.0002,0.0005
甘伍村3社,2,2026-04-22,07:00,0.0004,0.0005
甘伍村3社,2,2026-04-22,07:15,0.0007,0.0005
甘伍村3社,2,2026-04-22,07:30,0.0005,0.0005
甘伍村3社,2,2026-04-22,07:45,0.0019,0.0005
甘伍村3社,2,2026-04-22,08:00,0.001,0.0005
甘伍村3社,2,2026-04-22,08:15,-0.0006,0.0005
甘伍村3社,2,2026-04-22,08:30,0.0011,0.0005
甘伍村3社,2,2026-04-22,08:45,0.0013,0.0005
甘伍村3社,2,2026-04-22,09:00,0.0034,0.0005
甘伍村3社,2,2026-04-22,09:15,0.0015,0.0004
甘伍村3社,2,2026-04-22,09:30,0.001,0.0005
甘伍村3社,2,2026-04-22,09:45,0.0022,0.0008
甘伍村3社,2,2026-04-22,10:00,0.005,0.0917
甘伍村3社,2,2026-04-22,10:15,0.0082,0.0922
甘伍村3社,2,2026-04-22,10:30,0.0093,0.0822
甘伍村3社,2,2026-04-22,10:45,0.0112,0.0818
甘伍村3社,2,2026-04-22,11:00,0.0112,0.0815
甘伍村3社,2,2026-04-22,11:15,0.0154,0.0815
甘伍村3社,2,2026-04-22,11:30,0.0147,0.077
甘伍村3社,2,2026-04-22,11:45,0.0142,0.0006
甘伍村3社,2,2026-04-22,12:00,0.0093,0.0005
甘伍村3社,2,2026-04-22,12:15,0.0071,0.0005
甘伍村3社,2,2026-04-22,12:30,0.0071,0.0005
甘伍村3社,2,2026-04-22,12:45,0.0069,0.0005
甘伍村3社,2,2026-04-22,13:00,0.0026,0.0005
甘伍村3社,2,2026-04-22,13:15,0.0048,0.0004
甘伍村3社,2,2026-04-22,13:30,0.0051,0.0004
甘伍村3社,2,2026-04-22,13:45,0.004,0.0004
甘伍村3社,2,2026-04-22,14:00,0.0038,0.0004
甘伍村3社,2,2026-04-22,14:15,0.0025,0.0004
甘伍村3社,2,2026-04-22,14:30,0.0018,0.0004
甘伍村3社,2,2026-04-22,14:45,0.0016,0.0004
甘伍村3社,2,2026-04-22,15:00,0.0009,0.0004
甘伍村3社,2,2026-04-22,15:15,0.0016,0.0004
甘伍村3社,2,2026-04-22,15:30,0.0004,0.0004
甘伍村3社,2,2026-04-22,15:45,0.0009,0.0004
甘伍村3社,2,2026-04-22,16:00,0.0013,0.0004
甘伍村3社,2,2026-04-22,16:15,-0.0004,0.0005
甘伍村3社,2,2026-04-22,16:30,0.0018,0.0006
甘伍村3社,2,2026-04-22,16:45,0.0001,0.0006
甘伍村3社,2,2026-04-22,17:00,0.0017,0.0006
甘伍村3社,2,2026-04-22,17:15,0.0009,0.0006
甘伍村3社,2,2026-04-22,17:30,0.0007,0.0005
甘伍村3社,2,2026-04-22,17:45,0.0011,0.0005
甘伍村3社,2,2026-04-22,18:00,0.0005,0.0005
甘伍村3社,2,2026-04-22,18:15,0.0018,0.0005
甘伍村3社,2,2026-04-22,18:30,-0.0001,0.0005
甘伍村3社,2,2026-04-22,18:45,0.0002,0.0005
甘伍村3社,2,2026-04-22,19:00,-0.0002,0.0005
甘伍村3社,2,2026-04-22,19:15,0.0007,0.0005
甘伍村3社,2,2026-04-22,19:30,0.0006,0.0005
甘伍村3社,2,2026-04-22,19:45,0.0014,0.0005
甘伍村3社,2,2026-04-22,20:00,0.0005,0.0004
甘伍村3社,2,2026-04-22,20:15,0.0014,0.0004
甘伍村3社,2,2026-04-22,20:30,0.0004,0.0004
甘伍村3社,2,2026-04-22,20:45,0.0001,0.0004
甘伍村3社,2,2026-04-22,21:00,0.0007,0.0004
甘伍村3社,2,2026-04-22,21:15,-0.0004,0.0004
甘伍村3社,2,2026-04-22,21:30,-0.0004,0.0004
甘伍村3社,2,2026-04-22,21:45,0.0007,0.0004
甘伍村3社,2,2026-04-22,22:00,0.0001,0.0004
甘伍村3社,2,2026-04-22,22:15,0.0006,0.0005
甘伍村3社,2,2026-04-22,22:30,0.0009,0.0004
甘伍村3社,2,2026-04-22,22:45,-0.0005,0.0004
甘伍村3社,2,2026-04-22,23:00,0.0012,0.0004
甘伍村3社,2,2026-04-22,23:15,-0.0005,0.0004
甘伍村3社,2,2026-04-22,23:30,-0.0001,0.0004
甘伍村3社,2,2026-04-22,23:45,0.0002,0.0004
马鞍村1社,3,2026-03-09,00:00,0.0353,0.0396
马鞍村1社,3,2026-03-09,00:15,0.0349,0.0375
马鞍村1社,3,2026-03-09,00:30,0.0356,0.0308
马鞍村1社,3,2026-03-09,00:45,0.0297,0.0402
马鞍村1社,3,2026-03-09,01:00,0.0263,0.0219
马鞍村1社,3,2026-03-09,01:15,0.0329,0.0242
马鞍村1社,3,2026-03-09,01:30,0.0293,0.0347
马鞍村1社,3,2026-03-09,01:45,0.0228,0.0244
马鞍村1社,3,2026-03-09,02:00,0.0279,0.0296
马鞍村1社,3,2026-03-09,02:15,0.0348,0.0243
马鞍村1社,3,2026-03-09,02:30,0.0271,0.0302
马鞍村1社,3,2026-03-09,02:45,0.0254,0.0272
马鞍村1社,3,2026-03-09,03:00,0.0278,0.0389
马鞍村1社,3,2026-03-09,03:15,0.0351,0.0382
马鞍村1社,3,2026-03-09,03:30,0.0369,0.0341
马鞍村1社,3,2026-03-09,03:45,0.0325,0.0322
马鞍村1社,3,2026-03-09,04:00,0.023,0.0311
马鞍村1社,3,2026-03-09,04:15,0.023,0.0235
马鞍村1社,3,2026-03-09,04:30,0.0331,0.0299
马鞍村1社,3,2026-03-09,04:45,0.0354,0.0305
马鞍村1社,3,2026-03-09,05:00,0.0361,0.0275
马鞍村1社,3,2026-03-09,05:15,0.032,0.0328
马鞍村1社,3,2026-03-09,05:30,0.0316,0.019
马鞍村1社,3,2026-03-09,05:45,0.0303,0.0285
马鞍村1社,3,2026-03-09,06:00,0.0252,0.036
马鞍村1社,3,2026-03-09,06:15,0.034,0.0292
马鞍村1社,3,2026-03-09,06:30,0.0412,0.0348
马鞍村1社,3,2026-03-09,06:45,0.0426,0.0325
马鞍村1社,3,2026-03-09,07:00,0.05,0.03
马鞍村1社,3,2026-03-09,07:15,0.0656,0.0389
马鞍村1社,3,2026-03-09,07:30,0.061,0.0166
马鞍村1社,3,2026-03-09,07:45,0.095,0.0789
马鞍村1社,3,2026-03-09,08:00,0.0987,0.1289
马鞍村1社,3,2026-03-09,08:15,0.1091,0.1157
马鞍村1社,3,2026-03-09,08:30,0.1039,0.1613
马鞍村1社,3,2026-03-09,08:45,0.124,0.1419
马鞍村1社,3,2026-03-09,09:00,0.1093,0.1596
马鞍村1社,3,2026-03-09,09:15,0.0844,0.0793
马鞍村1社,3,2026-03-09,09:30,0.0691,0.1181
马鞍村1社,3,2026-03-09,09:45,0.0657,0.0878
马鞍村1社,3,2026-03-09,10:00,0.0598,0.0933
马鞍村1社,3,2026-03-09,10:15,0.0596,0.0672
马鞍村1社,3,2026-03-09,10:30,0.0347,0.0871
马鞍村1社,3,2026-03-09,10:45,0.041,0.0785
马鞍村1社,3,2026-03-09,11:00,0.0491,0.0848
马鞍村1社,3,2026-03-09,11:15,0.0391,0.0699
马鞍村1社,3,2026-03-09,11:30,0.0507,0.0248
马鞍村1社,3,2026-03-09,11:45,0.0527,0.06
马鞍村1社,3,2026-03-09,12:00,0.0564,0.0257
马鞍村1社,3,2026-03-09,12:15,0.0468,0.0339
马鞍村1社,3,2026-03-09,12:30,0.0609,0.0414
马鞍村1社,3,2026-03-09,12:45,0.045,0.0213
马鞍村1社,3,2026-03-09,13:00,0.0529,0.0517
马鞍村1社,3,2026-03-09,13:15,0.0576,0.0232
马鞍村1社,3,2026-03-09,13:30,0.0591,0.0407
马鞍村1社,3,2026-03-09,13:45,0.0492,0.0528
马鞍村1社,3,2026-03-09,14:00,0.0596,0.0291
马鞍村1社,3,2026-03-09,14:15,0.0481,0.0423
马鞍村1社,3,2026-03-09,14:30,0.0509,0.0552
马鞍村1社,3,2026-03-09,14:45,0.0573,0.0294
马鞍村1社,3,2026-03-09,15:00,0.0582,0.0342
马鞍村1社,3,2026-03-09,15:15,0.0558,0.0391
马鞍村1社,3,2026-03-09,15:30,0.0806,0.0405
马鞍村1社,3,2026-03-09,15:45,0.0723,0.0571
马鞍村1社,3,2026-03-09,16:00,0.0733,0.0778
马鞍村1社,3,2026-03-09,16:15,0.0842,0.0891
马鞍村1社,3,2026-03-09,16:30,0.0975,0.1231
马鞍村1社,3,2026-03-09,16:45,0.0869,0.1502
马鞍村1社,3,2026-03-09,17:00,0.079,0.0765
马鞍村1社,3,2026-03-09,17:15,0.0901,0.1991
马鞍村1社,3,2026-03-09,17:30,0.0935,0.1284
马鞍村1社,3,2026-03-09,17:45,0.084,0.1413
马鞍村1社,3,2026-03-09,18:00,0.0853,0.1029
马鞍村1社,3,2026-03-09,18:15,0.0908,0.1781
马鞍村1社,3,2026-03-09,18:30,0.0766,0.0994
马鞍村1社,3,2026-03-09,18:45,0.0757,0.0501
马鞍村1社,3,2026-03-09,19:00,0.0698,0.0403
马鞍村1社,3,2026-03-09,19:15,0.064,0.042
马鞍村1社,3,2026-03-09,19:30,0.0571,0.0481
马鞍村1社,3,2026-03-09,19:45,0.0635,0.054
马鞍村1社,3,2026-03-09,20:00,0.0576,0.0486
马鞍村1社,3,2026-03-09,20:15,0.0658,0.0514
马鞍村1社,3,2026-03-09,20:30,0.0511,0.063
马鞍村1社,3,2026-03-09,20:45,0.0565,0.0626
马鞍村1社,3,2026-03-09,21:00,0.0509,0.0444
马鞍村1社,3,2026-03-09,21:15,0.0522,0.0485
马鞍村1社,3,2026-03-09,21:30,0.0567,0.0559
马鞍村1社,3,2026-03-09,21:45,0.0485,0.07
马鞍村1社,3,2026-03-09,22:00,0.0443,0.0558
马鞍村1社,3,2026-03-09,22:15,0.043,0.0626
马鞍村1社,3,2026-03-09,22:30,0.0454,0.0414
马鞍村1社,3,2026-03-09,22:45,0.0428,0.0408
马鞍村1社,3,2026-03-09,23:00,0.0393,0.036
马鞍村1社,3,2026-03-09,23:15,0.0355,0.0464
马鞍村1社,3,2026-03-09,23:30,0.0362,0.0321
马鞍村1社,3,2026-03-09,23:45,0.0316,0.0455
马鞍村1社,3,2026-03-10,00:00,0.0287,0.0304
马鞍村1社,3,2026-03-10,00:15,0.0396,0.0524
马鞍村1社,3,2026-03-10,00:30,0.0368,0.0372
马鞍村1社,3,2026-03-10,00:45,0.0332,0.028
马鞍村1社,3,2026-03-10,01:00,0.0303,0.0359
马鞍村1社,3,2026-03-10,01:15,0.0347,0.0321
马鞍村1社,3,2026-03-10,01:30,0.0354,0.0635
马鞍村1社,3,2026-03-10,01:45,0.0332,0.0311
马鞍村1社,3,2026-03-10,02:00,0.0313,0.0302
马鞍村1社,3,2026-03-10,02:15,0.0352,0.0338
马鞍村1社,3,2026-03-10,02:30,0.0297,0.024
马鞍村1社,3,2026-03-10,02:45,0.0326,0.031
马鞍村1社,3,2026-03-10,03:00,0.0311,0.0403
马鞍村1社,3,2026-03-10,03:15,0.0257,0.0292
马鞍村1社,3,2026-03-10,03:30,0.0297,0.0291
马鞍村1社,3,2026-03-10,03:45,0.0303,0.019
马鞍村1社,3,2026-03-10,04:00,0.0321,0.0254
马鞍村1社,3,2026-03-10,04:15,0.0305,0.0317
马鞍村1社,3,2026-03-10,04:30,0.0269,0.0221
马鞍村1社,3,2026-03-10,04:45,0.0327,0.0345
马鞍村1社,3,2026-03-10,05:00,0.0316,0.0319
马鞍村1社,3,2026-03-10,05:15,0.0325,0.023
马鞍村1社,3,2026-03-10,05:30,0.0269,0.0363
马鞍村1社,3,2026-03-10,05:45,0.0348,0.025
马鞍村1社,3,2026-03-10,06:00,0.0325,0.0288
马鞍村1社,3,2026-03-10,06:15,0.0275,0.0277
马鞍村1社,3,2026-03-10,06:30,0.0319,0.0312
马鞍村1社,3,2026-03-10,06:45,0.035,0.0266
马鞍村1社,3,2026-03-10,07:00,0.0558,0.0231
马鞍村1社,3,2026-03-10,07:15,0.0612,0.055
马鞍村1社,3,2026-03-10,07:30,0.0663,0.0719
马鞍村1社,3,2026-03-10,07:45,0.092,0.0429
马鞍村1社,3,2026-03-10,08:00,0.1072,0.0256
马鞍村1社,3,2026-03-10,08:15,0.1237,0.0704
马鞍村1社,3,2026-03-10,08:30,0.1155,0.0815
马鞍村1社,3,2026-03-10,08:45,0.1136,0.1831
马鞍村1社,3,2026-03-10,09:00,0.0999,0.0916
马鞍村1社,3,2026-03-10,09:15,0.0863,0.0286
马鞍村1社,3,2026-03-10,09:30,0.0724,0.1133
马鞍村1社,3,2026-03-10,09:45,0.0654,0.1755
马鞍村1社,3,2026-03-10,10:00,0.0631,0.0842
马鞍村1社,3,2026-03-10,10:15,0.0527,0.0722
马鞍村1社,3,2026-03-10,10:30,0.0516,0.0409
马鞍村1社,3,2026-03-10,10:45,0.0425,0.0401
马鞍村1社,3,2026-03-10,11:00,0.0362,0.0821
马鞍村1社,3,2026-03-10,11:15,0.0464,0.0534
马鞍村1社,3,2026-03-10,11:30,0.0456,0.0472
马鞍村1社,3,2026-03-10,11:45,0.0445,0.0553
马鞍村1社,3,2026-03-10,12:00,0.0458,0.0572
马鞍村1社,3,2026-03-10,12:15,0.0523,0.0643
马鞍村1社,3,2026-03-10,12:30,0.0594,0.0305
马鞍村1社,3,2026-03-10,12:45,0.055,0.0251
马鞍村1社,3,2026-03-10,13:00,0.0498,0.0185
马鞍村1社,3,2026-03-10,13:15,0.0503,0.0522
马鞍村1社,3,2026-03-10,13:30,0.0487,0.0287
马鞍村1社,3,2026-03-10,13:45,0.047,0.0259
马鞍村1社,3,2026-03-10,14:00,0.0535,0.0617
马鞍村1社,3,2026-03-10,14:15,0.0467,0.0613
马鞍村1社,3,2026-03-10,14:30,0.0553,0.0598
马鞍村1社,3,2026-03-10,14:45,0.0522,0.0324
马鞍村1社,3,2026-03-10,15:00,0.0601,0.0293
马鞍村1社,3,2026-03-10,15:15,0.0619,0.0294
马鞍村1社,3,2026-03-10,15:30,0.0747,0.0405
马鞍村1社,3,2026-03-10,15:45,0.0682,0.0312
马鞍村1社,3,2026-03-10,16:00,0.0714,0.0752
马鞍村1社,3,2026-03-10,16:15,0.0763,0.0644
马鞍村1社,3,2026-03-10,16:30,0.0837,0.0497
马鞍村1社,3,2026-03-10,16:45,0.1016,0.1187
马鞍村1社,3,2026-03-10,17:00,0.0835,0.1154
马鞍村1社,3,2026-03-10,17:15,0.0941,0.1203
马鞍村1社,3,2026-03-10,17:30,0.1106,0.1034
马鞍村1社,3,2026-03-10,17:45,0.0878,0.0507
马鞍村1社,3,2026-03-10,18:00,0.0879,0.1217
马鞍村1社,3,2026-03-10,18:15,0.0924,0.108
马鞍村1社,3,2026-03-10,18:30,0.0781,0.0829
马鞍村1社,3,2026-03-10,18:45,0.0688,0.0712
马鞍村1社,3,2026-03-10,19:00,0.0646,0.0934
马鞍村1社,3,2026-03-10,19:15,0.0658,0.0371
马鞍村1社,3,2026-03-10,19:30,0.0497,0.0497
马鞍村1社,3,2026-03-10,19:45,0.0679,0.0534
马鞍村1社,3,2026-03-10,20:00,0.0617,0.0484
马鞍村1社,3,2026-03-10,20:15,0.0742,0.0514
马鞍村1社,3,2026-03-10,20:30,0.0553,0.0483
马鞍村1社,3,2026-03-10,20:45,0.0552,0.034
马鞍村1社,3,2026-03-10,21:00,0.0606,0.0344
马鞍村1社,3,2026-03-10,21:15,0.0534,0.0537
马鞍村1社,3,2026-03-10,21:30,0.0563,0.0388
马鞍村1社,3,2026-03-10,21:45,0.0406,0.0363
马鞍村1社,3,2026-03-10,22:00,0.0458,0.0549
马鞍村1社,3,2026-03-10,22:15,0.0502,0.0355
马鞍村1社,3,2026-03-10,22:30,0.0409,0.0514
马鞍村1社,3,2026-03-10,22:45,0.0362,0.0346
马鞍村1社,3,2026-03-10,23:00,0.038,0.0333
马鞍村1社,3,2026-03-10,23:15,0.033,0.0346
马鞍村1社,3,2026-03-10,23:30,0.0533,0.0327
马鞍村1社,3,2026-03-10,23:45,0.0318,0.0379
马鞍村1社,3,2026-03-11,00:00,0.0353,0.0338
马鞍村1社,3,2026-03-11,00:15,0.0384,0.0328
马鞍村1社,3,2026-03-11,00:30,0.0402,0.0236
马鞍村1社,3,2026-03-11,00:45,0.0333,0.0227
马鞍村1社,3,2026-03-11,01:00,0.0276,0.0354
马鞍村1社,3,2026-03-11,01:15,0.0318,0.0351
马鞍村1社,3,2026-03-11,01:30,0.0356,0.0308
马鞍村1社,3,2026-03-11,01:45,0.03,0.0205
马鞍村1社,3,2026-03-11,02:00,0.028,0.0229
马鞍村1社,3,2026-03-11,02:15,0.0342,0.0259
马鞍村1社,3,2026-03-11,02:30,0.0283,0.0328
马鞍村1社,3,2026-03-11,02:45,0.0327,0.0252
马鞍村1社,3,2026-03-11,03:00,0.0321,0.0194
马鞍村1社,3,2026-03-11,03:15,0.0308,0.0339
马鞍村1社,3,2026-03-11,03:30,0.0264,0.0365
马鞍村1社,3,2026-03-11,03:45,0.0293,0.0219
马鞍村1社,3,2026-03-11,04:00,0.026,0.0246
马鞍村1社,3,2026-03-11,04:15,0.0322,0.0422
马鞍村1社,3,2026-03-11,04:30,0.0284,0.0235
马鞍村1社,3,2026-03-11,04:45,0.0273,0.0299
马鞍村1社,3,2026-03-11,05:00,0.0328,0.0223
马鞍村1社,3,2026-03-11,05:15,0.0282,0.0214
马鞍村1社,3,2026-03-11,05:30,0.0289,0.0215
马鞍村1社,3,2026-03-11,05:45,0.0321,0.0337
马鞍村1社,3,2026-03-11,06:00,0.0248,0.0226
马鞍村1社,3,2026-03-11,06:15,0.0297,0.0196
马鞍村1社,3,2026-03-11,06:30,0.0366,0.0215
马鞍村1社,3,2026-03-11,06:45,0.0297,0.0296
马鞍村1社,3,2026-03-11,07:00,0.0515,0.0293
马鞍村1社,3,2026-03-11,07:15,0.0614,0.0227
马鞍村1社,3,2026-03-11,07:30,0.0675,0.0277
马鞍村1社,3,2026-03-11,07:45,0.094,0.0445
马鞍村1社,3,2026-03-11,08:00,0.1101,0.0356
马鞍村1社,3,2026-03-11,08:15,0.1146,0.044
马鞍村1社,3,2026-03-11,08:30,0.1183,0.1616
马鞍村1社,3,2026-03-11,08:45,0.1213,0.235
马鞍村1社,3,2026-03-11,09:00,0.1072,0.1568
马鞍村1社,3,2026-03-11,09:15,0.0957,0.1098
马鞍村1社,3,2026-03-11,09:30,0.0796,0.0271
马鞍村1社,3,2026-03-11,09:45,0.0792,0.057
马鞍村1社,3,2026-03-11,10:00,0.073,0.0844
马鞍村1社,3,2026-03-11,10:15,0.0498,0.0885
马鞍村1社,3,2026-03-11,10:30,0.0435,0.0485
马鞍村1社,3,2026-03-11,10:45,0.0458,0.0328
马鞍村1社,3,2026-03-11,11:00,0.0546,0.054
马鞍村1社,3,2026-03-11,11:15,0.0394,0.1261
马鞍村1社,3,2026-03-11,11:30,0.0471,0.0912
马鞍村1社,3,2026-03-11,11:45,0.0522,0.0806
马鞍村1社,3,2026-03-11,12:00,0.0553,0.0794
马鞍村1社,3,2026-03-11,12:15,0.0587,0.031
马鞍村1社,3,2026-03-11,12:30,0.0427,0.0757
马鞍村1社,3,2026-03-11,12:45,0.0502,0.0405
马鞍村1社,3,2026-03-11,13:00,0.0578,0.0235
马鞍村1社,3,2026-03-11,13:15,0.0558,0.0419
马鞍村1社,3,2026-03-11,13:30,0.0594,0.0638
马鞍村1社,3,2026-03-11,13:45,0.0493,0.0258
马鞍村1社,3,2026-03-11,14:00,0.0556,0.062
马鞍村1社,3,2026-03-11,14:15,0.0448,0.0774
马鞍村1社,3,2026-03-11,14:30,0.0469,0.0849
马鞍村1社,3,2026-03-11,14:45,0.0494,0.0843
马鞍村1社,3,2026-03-11,15:00,0.0668,0.0536
马鞍村1社,3,2026-03-11,15:15,0.059,0.0721
马鞍村1社,3,2026-03-11,15:30,0.0706,0.1145
马鞍村1社,3,2026-03-11,15:45,0.0701,0.0418
马鞍村1社,3,2026-03-11,16:00,0.074,0.0223
马鞍村1社,3,2026-03-11,16:15,0.0871,0.0644
马鞍村1社,3,2026-03-11,16:30,0.0863,0.0744
马鞍村1社,3,2026-03-11,16:45,0.0836,0.0513
马鞍村1社,3,2026-03-11,17:00,0.0784,0.0771
马鞍村1社,3,2026-03-11,17:15,0.1117,0.0603
马鞍村1社,3,2026-03-11,17:30,0.093,0.0722
马鞍村1社,3,2026-03-11,17:45,0.0917,0.0846
马鞍村1社,3,2026-03-11,18:00,0.0973,0.0544
马鞍村1社,3,2026-03-11,18:15,0.0894,0.0744
马鞍村1社,3,2026-03-11,18:30,0.0769,0.0837
马鞍村1社,3,2026-03-11,18:45,0.0717,0.0866
马鞍村1社,3,2026-03-11,19:00,0.0594,0.1269
马鞍村1社,3,2026-03-11,19:15,0.0548,0.0963
马鞍村1社,3,2026-03-11,19:30,0.0626,0.0482
马鞍村1社,3,2026-03-11,19:45,0.0697,0.0327
马鞍村1社,3,2026-03-11,20:00,0.0665,0.0368
马鞍村1社,3,2026-03-11,20:15,0.0731,0.1248
马鞍村1社,3,2026-03-11,20:30,0.0549,0.0584
马鞍村1社,3,2026-03-11,20:45,0.0559,0.0345
马鞍村1社,3,2026-03-11,21:00,0.0501,0.0613
马鞍村1社,3,2026-03-11,21:15,0.0475,0.0551
马鞍村1社,3,2026-03-11,21:30,0.053,0.0398
马鞍村1社,3,2026-03-11,21:45,0.0478,0.0451
马鞍村1社,3,2026-03-11,22:00,0.0396,0.0416
马鞍村1社,3,2026-03-11,22:15,0.0451,0.0558
马鞍村1社,3,2026-03-11,22:30,0.0517,0.041
马鞍村1社,3,2026-03-11,22:45,0.0349,0.0374
马鞍村1社,3,2026-03-11,23:00,0.0391,0.0401
马鞍村1社,3,2026-03-11,23:15,0.038,0.0439
马鞍村1社,3,2026-03-11,23:30,0.0386,0.044
马鞍村1社,3,2026-03-11,23:45,0.0387,0.0346
幸福村1社,4,2026-02-21,00:00,0.0219,0.013
幸福村1社,4,2026-02-21,00:15,0.0208,0.0193
幸福村1社,4,2026-02-21,00:30,0.0179,0.0118
幸福村1社,4,2026-02-21,00:45,0.0202,0.0156
幸福村1社,4,2026-02-21,01:00,0.0152,0.0191
幸福村1社,4,2026-02-21,01:15,0.015,0.0179
幸福村1社,4,2026-02-21,01:30,0.016,0.0195
幸福村1社,4,2026-02-21,01:45,0.0183,0.0162
幸福村1社,4,2026-02-21,02:00,0.0154,0.019
幸福村1社,4,2026-02-21,02:15,0.0164,0.0187
幸福村1社,4,2026-02-21,02:30,0.0174,0.0184
幸福村1社,4,2026-02-21,02:45,0.0192,0.0156
幸福村1社,4,2026-02-21,03:00,0.0179,0.0211
幸福村1社,4,2026-02-21,03:15,0.0151,0.0191
幸福村1社,4,2026-02-21,03:30,0.018,0.0213
幸福村1社,4,2026-02-21,03:45,0.0139,0.0174
幸福村1社,4,2026-02-21,04:00,0.019,0.0231
幸福村1社,4,2026-02-21,04:15,0.0137,0.0162
幸福村1社,4,2026-02-21,04:30,0.0149,0.0138
幸福村1社,4,2026-02-21,04:45,0.0149,0.0154
幸福村1社,4,2026-02-21,05:00,0.0163,0.0175
幸福村1社,4,2026-02-21,05:15,0.0179,0.0138
幸福村1社,4,2026-02-21,05:30,0.0126,0.0108
幸福村1社,4,2026-02-21,05:45,0.0146,0.0171
幸福村1社,4,2026-02-21,06:00,0.0144,0.0179
幸福村1社,4,2026-02-21,06:15,0.018,0.0204
幸福村1社,4,2026-02-21,06:30,0.0179,0.0111
幸福村1社,4,2026-02-21,06:45,0.0179,0.0188
幸福村1社,4,2026-02-21,07:00,0.0178,0.0159
幸福村1社,4,2026-02-21,07:15,0.0165,0.0697
幸福村1社,4,2026-02-21,07:30,0.0267,0.0128
幸福村1社,4,2026-02-21,07:45,0.0274,0.045
幸福村1社,4,2026-02-21,08:00,0.03,0.0248
幸福村1社,4,2026-02-21,08:15,0.0358,0.0288
幸福村1社,4,2026-02-21,08:30,0.0522,0.048
幸福村1社,4,2026-02-21,08:45,0.0528,0.1262
幸福村1社,4,2026-02-21,09:00,0.0655,0.0863
幸福村1社,4,2026-02-21,09:15,0.07,0.0997
幸福村1社,4,2026-02-21,09:30,0.0726,0.0382
幸福村1社,4,2026-02-21,09:45,0.0635,0.049
幸福村1社,4,2026-02-21,10:00,0.0529,0.0765
幸福村1社,4,2026-02-21,10:15,0.0426,0.1123
幸福村1社,4,2026-02-21,10:30,0.0531,0.0341
幸福村1社,4,2026-02-21,10:45,0.0455,0.0359
幸福村1社,4,2026-02-21,11:00,0.0393,0.0228
幸福村1社,4,2026-02-21,11:15,0.0405,0.0393
幸福村1社,4,2026-02-21,11:30,0.0337,0.0225
幸福村1社,4,2026-02-21,11:45,0.0298,0.017
幸福村1社,4,2026-02-21,12:00,0.0258,0.0215
幸福村1社,4,2026-02-21,12:15,0.0229,0.0186
幸福村1社,4,2026-02-21,12:30,0.0313,0.0247
幸福村1社,4,2026-02-21,12:45,0.025,0.0226
幸福村1社,4,2026-02-21,13:00,0.0298,0.025
幸福村1社,4,2026-02-21,13:15,0.0199,0.0432
幸福村1社,4,2026-02-21,13:30,0.03,0.0188
幸福村1社,4,2026-02-21,13:45,0.0303,0.0794
幸福村1社,4,2026-02-21,14:00,0.0314,0.0525
幸福村1社,4,2026-02-21,14:15,0.0266,0.0426
幸福村1社,4,2026-02-21,14:30,0.0228,0.0177
幸福村1社,4,2026-02-21,14:45,0.0254,0.0416
幸福村1社,4,2026-02-21,15:00,0.0219,0.0163
幸福村1社,4,2026-02-21,15:15,0.0336,0.0377
幸福村1社,4,2026-02-21,15:30,0.0235,0.0135
幸福村1社,4,2026-02-21,15:45,0.0302,0.0134
幸福村1社,4,2026-02-21,16:00,0.0329,0.0171
幸福村1社,4,2026-02-21,16:15,0.0329,0.0426
幸福村1社,4,2026-02-21,16:30,0.0445,0.0797
幸福村1社,4,2026-02-21,16:45,0.0435,0.0581
幸福村1社,4,2026-02-21,17:00,0.0549,0.0362
幸福村1社,4,2026-02-21,17:15,0.0532,0.0233
幸福村1社,4,2026-02-21,17:30,0.0551,0.0227
幸福村1社,4,2026-02-21,17:45,0.0545,0.0693
幸福村1社,4,2026-02-21,18:00,0.0604,0.0517
幸福村1社,4,2026-02-21,18:15,0.0499,0.09
幸福村1社,4,2026-02-21,18:30,0.0566,0.0342
幸福村1社,4,2026-02-21,18:45,0.0474,0.0622
幸福村1社,4,2026-02-21,19:00,0.0471,0.0214
幸福村1社,4,2026-02-21,19:15,0.0411,0.0955
幸福村1社,4,2026-02-21,19:30,0.0495,0.0673
幸福村1社,4,2026-02-21,19:45,0.045,0.0272
幸福村1社,4,2026-02-21,20:00,0.0403,0.0286
幸福村1社,4,2026-02-21,20:15,0.0354,0.0467
幸福村1社,4,2026-02-21,20:30,0.0323,0.0629
幸福村1社,4,2026-02-21,20:45,0.0306,0.0613
幸福村1社,4,2026-02-21,21:00,0.0282,0.0227
幸福村1社,4,2026-02-21,21:15,0.0258,0.0253
幸福村1社,4,2026-02-21,21:30,0.0273,0.028
幸福村1社,4,2026-02-21,21:45,0.0244,0.0227
幸福村1社,4,2026-02-21,22:00,0.0238,0.0291
幸福村1社,4,2026-02-21,22:15,0.0247,0.0206
幸福村1社,4,2026-02-21,22:30,0.0241,0.0238
幸福村1社,4,2026-02-21,22:45,0.0207,0.0232
幸福村1社,4,2026-02-21,23:00,0.0178,0.0244
幸福村1社,4,2026-02-21,23:15,0.0203,0.0149
幸福村1社,4,2026-02-21,23:30,0.0188,0.023
幸福村1社,4,2026-02-21,23:45,0.02,0.0171
幸福村1社,4,2026-02-22,00:00,0.0201,0.0139
幸福村1社,4,2026-02-22,00:15,0.0182,0.0224
幸福村1社,4,2026-02-22,00:30,0.0161,0.0159
幸福村1社,4,2026-02-22,00:45,0.0175,0.0193
幸福村1社,4,2026-02-22,01:00,0.015,0.017
幸福村1社,4,2026-02-22,01:15,0.0163,0.0126
幸福村1社,4,2026-02-22,01:30,0.018,0.014
幸福村1社,4,2026-02-22,01:45,0.0185,0.0202
幸福村1社,4,2026-02-22,02:00,0.0173,0.013
幸福村1社,4,2026-02-22,02:15,0.0182,0.0167
幸福村1社,4,2026-02-22,02:30,0.0169,0.0174
幸福村1社,4,2026-02-22,02:45,0.0169,0.0191
幸福村1社,4,2026-02-22,03:00,0.0183,0.019
幸福村1社,4,2026-02-22,03:15,0.018,0.0151
幸福村1社,4,2026-02-22,03:30,0.0165,0.0164
幸福村1社,4,2026-02-22,03:45,0.0174,0.0218
幸福村1社,4,2026-02-22,04:00,0.0182,0.016
幸福村1社,4,2026-02-22,04:15,0.0168,0.0153
幸福村1社,4,2026-02-22,04:30,0.0151,0.0187
幸福村1社,4,2026-02-22,04:45,0.0152,0.0201
幸福村1社,4,2026-02-22,05:00,0.0155,0.0195
幸福村1社,4,2026-02-22,05:15,0.0161,0.0167
幸福村1社,4,2026-02-22,05:30,0.0139,0.0182
幸福村1社,4,2026-02-22,05:45,0.0173,0.0228
幸福村1社,4,2026-02-22,06:00,0.0122,0.0137
幸福村1社,4,2026-02-22,06:15,0.0179,0.0154
幸福村1社,4,2026-02-22,06:30,0.0199,0.0271
幸福村1社,4,2026-02-22,06:45,0.0203,0.0149
幸福村1社,4,2026-02-22,07:00,0.0164,0.0165
幸福村1社,4,2026-02-22,07:15,0.0198,0.0164
幸福村1社,4,2026-02-22,07:30,0.0239,0.0429
幸福村1社,4,2026-02-22,07:45,0.0244,0.0206
幸福村1社,4,2026-02-22,08:00,0.0302,0.014
幸福村1社,4,2026-02-22,08:15,0.0405,0.0216
幸福村1社,4,2026-02-22,08:30,0.0533,0.0522
幸福村1社,4,2026-02-22,08:45,0.0549,0.0389
幸福村1社,4,2026-02-22,09:00,0.0586,0.0711
幸福村1社,4,2026-02-22,09:15,0.0727,0.0901
幸福村1社,4,2026-02-22,09:30,0.0644,0.1081
幸福村1社,4,2026-02-22,09:45,0.0636,0.0488
幸福村1社,4,2026-02-22,10:00,0.0584,0.04
幸福村1社,4,2026-02-22,10:15,0.0435,0.0733
幸福村1社,4,2026-02-22,10:30,0.0416,0.0305
幸福村1社,4,2026-02-22,10:45,0.0361,0.0609
幸福村1社,4,2026-02-22,11:00,0.0269,0.0361
幸福村1社,4,2026-02-22,11:15,0.0306,0.1043
幸福村1社,4,2026-02-22,11:30,0.0256,0.09
幸福村1社,4,2026-02-22,11:45,0.0273,0.0149
幸福村1社,4,2026-02-22,12:00,0.0278,0.0112
幸福村1社,4,2026-02-22,12:15,0.0232,0.0182
幸福村1社,4,2026-02-22,12:30,0.029,0.0241
幸福村1社,4,2026-02-22,12:45,0.0252,0.0202
幸福村1社,4,2026-02-22,13:00,0.0226,0.041
幸福村1社,4,2026-02-22,13:15,0.0254,0.0255
幸福村1社,4,2026-02-22,13:30,0.0248,0.0137
幸福村1社,4,2026-02-22,13:45,0.0298,0.0123
幸福村1社,4,2026-02-22,14:00,0.0326,0.0222
幸福村1社,4,2026-02-22,14:15,0.0249,0.0525
幸福村1社,4,2026-02-22,14:30,0.0263,0.0162
幸福村1社,4,2026-02-22,14:45,0.0282,0.0468
幸福村1社,4,2026-02-22,15:00,0.0235,0.0155
幸福村1社,4,2026-02-22,15:15,0.029,0.0629
幸福村1社,4,2026-02-22,15:30,0.0223,0.0562
幸福村1社,4,2026-02-22,15:45,0.0301,0.0167
幸福村1社,4,2026-02-22,16:00,0.0272,0.0985
幸福村1社,4,2026-02-22,16:15,0.0334,0.0645
幸福村1社,4,2026-02-22,16:30,0.039,0.0444
幸福村1社,4,2026-02-22,16:45,0.0433,0.1081
幸福村1社,4,2026-02-22,17:00,0.0515,0.061
幸福村1社,4,2026-02-22,17:15,0.0476,0.0488
幸福村1社,4,2026-02-22,17:30,0.0495,0.0205
幸福村1社,4,2026-02-22,17:45,0.0526,0.0363
幸福村1社,4,2026-02-22,18:00,0.0579,0.0374
幸福村1社,4,2026-02-22,18:15,0.05,0.0552
幸福村1社,4,2026-02-22,18:30,0.0525,0.0403
幸福村1社,4,2026-02-22,18:45,0.0461,0.0116
幸福村1社,4,2026-02-22,19:00,0.0458,0.0868
幸福村1社,4,2026-02-22,19:15,0.0431,0.0488
幸福村1社,4,2026-02-22,19:30,0.0516,0.076
幸福村1社,4,2026-02-22,19:45,0.0365,0.0791
幸福村1社,4,2026-02-22,20:00,0.0401,0.1425
幸福村1社,4,2026-02-22,20:15,0.035,0.1185
幸福村1社,4,2026-02-22,20:30,0.0356,0.0261
幸福村1社,4,2026-02-22,20:45,0.0296,0.0696
幸福村1社,4,2026-02-22,21:00,0.0311,0.032
幸福村1社,4,2026-02-22,21:15,0.0265,0.0281
幸福村1社,4,2026-02-22,21:30,0.028,0.0262
幸福村1社,4,2026-02-22,21:45,0.0262,0.022
幸福村1社,4,2026-02-22,22:00,0.0231,0.0258
幸福村1社,4,2026-02-22,22:15,0.0221,0.0234
幸福村1社,4,2026-02-22,22:30,0.0203,0.0237
幸福村1社,4,2026-02-22,22:45,0.0211,0.0189
幸福村1社,4,2026-02-22,23:00,0.0225,0.0197
幸福村1社,4,2026-02-22,23:15,0.0191,0.0184
幸福村1社,4,2026-02-22,23:30,0.0179,0.0188
幸福村1社,4,2026-02-22,23:45,0.0192,0.0201
幸福村1社,4,2026-02-23,00:00,0.0189,0.02
幸福村1社,4,2026-02-23,00:15,0.0165,0.0213
幸福村1社,4,2026-02-23,00:30,0.0189,0.0189
幸福村1社,4,2026-02-23,00:45,0.0183,0.0176
幸福村1社,4,2026-02-23,01:00,0.0152,0.0207
幸福村1社,4,2026-02-23,01:15,0.0163,0.016
幸福村1社,4,2026-02-23,01:30,0.0148,0.0189
幸福村1社,4,2026-02-23,01:45,0.0188,0.0151
幸福村1社,4,2026-02-23,02:00,0.0182,0.016
幸福村1社,4,2026-02-23,02:15,0.02,0.0229
幸福村1社,4,2026-02-23,02:30,0.0183,0.0201
幸福村1社,4,2026-02-23,02:45,0.0189,0.0126
幸福村1社,4,2026-02-23,03:00,0.0159,0.0177
幸福村1社,4,2026-02-23,03:15,0.0166,0.0163
幸福村1社,4,2026-02-23,03:30,0.0161,0.0191
幸福村1社,4,2026-02-23,03:45,0.0163,0.0173
幸福村1社,4,2026-02-23,04:00,0.0177,0.0196
幸福村1社,4,2026-02-23,04:15,0.0141,0.0216
幸福村1社,4,2026-02-23,04:30,0.0165,0.0177
幸福村1社,4,2026-02-23,04:45,0.0169,0.017
幸福村1社,4,2026-02-23,05:00,0.0164,0.0173
幸福村1社,4,2026-02-23,05:15,0.0173,0.0295
幸福村1社,4,2026-02-23,05:30,0.0168,0.0229
幸福村1社,4,2026-02-23,05:45,0.0154,0.0224
幸福村1社,4,2026-02-23,06:00,0.0168,0.0165
幸福村1社,4,2026-02-23,06:15,0.0189,0.0269
幸福村1社,4,2026-02-23,06:30,0.0182,0.0196
幸福村1社,4,2026-02-23,06:45,0.0179,0.0232
幸福村1社,4,2026-02-23,07:00,0.0159,0.0206
幸福村1社,4,2026-02-23,07:15,0.018,0.0204
幸福村1社,4,2026-02-23,07:30,0.0267,0.0363
幸福村1社,4,2026-02-23,07:45,0.0288,0.0171
幸福村1社,4,2026-02-23,08:00,0.0331,0.0381
幸福村1社,4,2026-02-23,08:15,0.0361,0.1337
幸福村1社,4,2026-02-23,08:30,0.0483,0.1058
幸福村1社,4,2026-02-23,08:45,0.0422,0.049
幸福村1社,4,2026-02-23,09:00,0.0619,0.0164
幸福村1社,4,2026-02-23,09:15,0.0752,0.1034
幸福村1社,4,2026-02-23,09:30,0.0681,0.0642
幸福村1社,4,2026-02-23,09:45,0.0678,0.0529
幸福村1社,4,2026-02-23,10:00,0.0503,0.1119
幸福村1社,4,2026-02-23,10:15,0.0427,0.065
幸福村1社,4,2026-02-23,10:30,0.0451,0.079
幸福村1社,4,2026-02-23,10:45,0.0418,0.0457
幸福村1社,4,2026-02-23,11:00,0.0376,0.0173
幸福村1社,4,2026-02-23,11:15,0.0375,0.0143
幸福村1社,4,2026-02-23,11:30,0.0341,0.0163
幸福村1社,4,2026-02-23,11:45,0.0278,0.0125
幸福村1社,4,2026-02-23,12:00,0.0272,0.0222
幸福村1社,4,2026-02-23,12:15,0.0245,0.0156
幸福村1社,4,2026-02-23,12:30,0.0336,0.0227
幸福村1社,4,2026-02-23,12:45,0.027,0.0179
幸福村1社,4,2026-02-23,13:00,0.029,0.0266
幸福村1社,4,2026-02-23,13:15,0.0244,0.0205
幸福村1社,4,2026-02-23,13:30,0.0224,0.0212
幸福村1社,4,2026-02-23,13:45,0.0289,0.0683
幸福村1社,4,2026-02-23,14:00,0.0273,0.0483
幸福村1社,4,2026-02-23,14:15,0.029,0.0828
幸福村1社,4,2026-02-23,14:30,0.0247,0.0581
幸福村1社,4,2026-02-23,14:45,0.0271,0.0144
幸福村1社,4,2026-02-23,15:00,0.0217,0.0419
幸福村1社,4,2026-02-23,15:15,0.0318,0.0208
幸福村1社,4,2026-02-23,15:30,0.0285,0.0472
幸福村1社,4,2026-02-23,15:45,0.0272,0.0412
幸福村1社,4,2026-02-23,16:00,0.027,0.0242
幸福村1社,4,2026-02-23,16:15,0.0341,0.0368
幸福村1社,4,2026-02-23,16:30,0.0485,0.0203
幸福村1社,4,2026-02-23,16:45,0.043,0.0329
幸福村1社,4,2026-02-23,17:00,0.0553,0.0462
幸福村1社,4,2026-02-23,17:15,0.0535,0.0195
幸福村1社,4,2026-02-23,17:30,0.047,0.0644
幸福村1社,4,2026-02-23,17:45,0.0518,0.087
幸福村1社,4,2026-02-23,18:00,0.0611,0.0365
幸福村1社,4,2026-02-23,18:15,0.055,0.0285
幸福村1社,4,2026-02-23,18:30,0.0552,0.0139
幸福村1社,4,2026-02-23,18:45,0.0522,0.0173
幸福村1社,4,2026-02-23,19:00,0.0504,0.0393
幸福村1社,4,2026-02-23,19:15,0.0416,0.0457
幸福村1社,4,2026-02-23,19:30,0.0451,0.051
幸福村1社,4,2026-02-23,19:45,0.0405,0.0234
幸福村1社,4,2026-02-23,20:00,0.0374,0.0285
幸福村1社,4,2026-02-23,20:15,0.0369,0.0234
幸福村1社,4,2026-02-23,20:30,0.0343,0.0269
幸福村1社,4,2026-02-23,20:45,0.0321,0.0212
幸福村1社,4,2026-02-23,21:00,0.0291,0.0279
幸福村1社,4,2026-02-23,21:15,0.0292,0.0536
幸福村1社,4,2026-02-23,21:30,0.0275,0.0533
幸福村1社,4,2026-02-23,21:45,0.0235,0.05
幸福村1社,4,2026-02-23,22:00,0.0256,0.0465
幸福村1社,4,2026-02-23,22:15,0.0241,0.0209
幸福村1社,4,2026-02-23,22:30,0.0235,0.02
幸福村1社,4,2026-02-23,22:45,0.0246,0.0191
幸福村1社,4,2026-02-23,23:00,0.0188,0.0244
幸福村1社,4,2026-02-23,23:15,0.0198,0.0161
幸福村1社,4,2026-02-23,23:30,0.0192,0.0159
幸福村1社,4,2026-02-23,23:45,0.0176,0.0192
甘伍村3社,5,2026-04-11,00:00,0.0016,0.0005
甘伍村3社,5,2026-04-11,00:15,0.0014,0.0005
甘伍村3社,5,2026-04-11,00:30,0.001,0.0005
甘伍村3社,5,2026-04-11,00:45,0.0006,0.0005
甘伍村3社,5,2026-04-11,01:00,-0.0009,0.0005
甘伍村3社,5,2026-04-11,01:15,0.0004,0.0005
甘伍村3社,5,2026-04-11,01:30,0.0003,0.0005
甘伍村3社,5,2026-04-11,01:45,0.0013,0.0005
甘伍村3社,5,2026-04-11,02:00,0.0004,0.0005
甘伍村3社,5,2026-04-11,02:15,0.0005,0.0005
甘伍村3社,5,2026-04-11,02:30,-0.0001,0.0005
甘伍村3社,5,2026-04-11,02:45,0.0017,0.0005
甘伍村3社,5,2026-04-11,03:00,0.001,0.0005
甘伍村3社,5,2026-04-11,03:15,0.0003,0.0005
甘伍村3社,5,2026-04-11,03:30,0.0008,0.0005
甘伍村3社,5,2026-04-11,03:45,-0.0003,0.0006
甘伍村3社,5,2026-04-11,04:00,0.0005,0.0005
甘伍村3社,5,2026-04-11,04:15,0.0002,0.0005
甘伍村3社,5,2026-04-11,04:30,0.0002,0.0005
甘伍村3社,5,2026-04-11,04:45,0.0001,0.0005
甘伍村3社,5,2026-04-11,05:00,0.0011,0.0005
甘伍村3社,5,2026-04-11,05:15,0.0002,0.0005
甘伍村3社,5,2026-04-11,05:30,0.0005,0.0005
甘伍村3社,5,2026-04-11,05:45,-0.0006,0.0005
甘伍村3社,5,2026-04-11,06:00,0.0009,0.0005
甘伍村3社,5,2026-04-11,06:15,-0.0005,0.0005
甘伍村3社,5,2026-04-11,06:30,-0.0006,0.0005
甘伍村3社,5,2026-04-11,06:45,0.0007,0.0005
甘伍村3社,5,2026-04-11,07:00,-0.0003,0.0005
甘伍村3社,5,2026-04-11,07:15,-0.0011,0.0005
甘伍村3社,5,2026-04-11,07:30,0.0012,0.0005
甘伍村3社,5,2026-04-11,07:45,0.0011,0.0005
甘伍村3社,5,2026-04-11,08:00,-0.0001,0.0005
甘伍村3社,5,2026-04-11,08:15,0.0011,0.0005
甘伍村3社,5,2026-04-11,08:30,0.002,0.0008
甘伍村3社,5,2026-04-11,08:45,0.0017,0.0008
甘伍村3社,5,2026-04-11,09:00,0.0028,0.0006
甘伍村3社,5,2026-04-11,09:15,0.0037,0.0006
甘伍村3社,5,2026-04-11,09:30,0.0036,0.0005
甘伍村3社,5,2026-04-11,09:45,0.0035,0.0005
甘伍村3社,5,2026-04-11,10:00,0.0076,0.0005
甘伍村3社,5,2026-04-11,10:15,0.0078,0.0005
甘伍村3社,5,2026-04-11,10:30,0.0111,0.0005
甘伍村3社,5,2026-04-11,10:45,0.0113,0.0005
甘伍村3社,5,2026-04-11,11:00,0.0099,0.0005
甘伍村3社,5,2026-04-11,11:15,0.0122,0.0005
甘伍村3社,5,2026-04-11,11:30,0.0124,0.0005
甘伍村3社,5,2026-04-11,11:45,0.0115,0.0005
甘伍村3社,5,2026-04-11,12:00,0.0084,0.0005
甘伍村3社,5,2026-04-11,12:15,0.0076,0.0005
甘伍村3社,5,2026-04-11,12:30,0.0083,0.0005
甘伍村3社,5,2026-04-11,12:45,0.0072,0.0005
甘伍村3社,5,2026-04-11,13:00,0.0029,0.0005
甘伍村3社,5,2026-04-11,13:15,0.0033,0.0005
甘伍村3社,5,2026-04-11,13:30,0.0047,0.0005
甘伍村3社,5,2026-04-11,13:45,0.0032,0.0005
甘伍村3社,5,2026-04-11,14:00,0.0024,0.0005
甘伍村3社,5,2026-04-11,14:15,0.0033,0.0005
甘伍村3社,5,2026-04-11,14:30,0.0023,0.0005
甘伍村3社,5,2026-04-11,14:45,0.0018,0.0005
甘伍村3社,5,2026-04-11,15:00,0.0014,0.0005
甘伍村3社,5,2026-04-11,15:15,0.0017,0.0005
甘伍村3社,5,2026-04-11,15:30,0.0004,0.0005
甘伍村3社,5,2026-04-11,15:45,0.0022,0.0005
甘伍村3社,5,2026-04-11,16:00,0.0022,0.0005
甘伍村3社,5,2026-04-11,16:15,0.0008,0.0005
甘伍村3社,5,2026-04-11,16:30,-0.0013,0.0005
甘伍村3社,5,2026-04-11,16:45,0.0013,0.0005
甘伍村3社,5,2026-04-11,17:00,0.0033,0.0005
甘伍村3社,5,2026-04-11,17:15,0.0008,0.0005
甘伍村3社,5,2026-04-11,17:30,0.0016,0.0005
甘伍村3社,5,2026-04-11,17:45,0.0025,0.0005
甘伍村3社,5,2026-04-11,18:00,0.0022,0.0005
甘伍村3社,5,2026-04-11,18:15,0.0008,0.0005
甘伍村3社,5,2026-04-11,18:30,0.0008,0.0005
甘伍村3社,5,2026-04-11,18:45,0.0002,0.0005
甘伍村3社,5,2026-04-11,19:00,0.0002,0.0008
甘伍村3社,5,2026-04-11,19:15,0.0003,0.0008
甘伍村3社,5,2026-04-11,19:30,-0.0011,0.0005
甘伍村3社,5,2026-04-11,19:45,-0.0,0.0005
甘伍村3社,5,2026-04-11,20:00,-0.0005,0.0005
甘伍村3社,5,2026-04-11,20:15,0.001,0.0005
甘伍村3社,5,2026-04-11,20:30,0.0008,0.0005
甘伍村3社,5,2026-04-11,20:45,0.0015,0.0005
甘伍村3社,5,2026-04-11,21:00,-0.0003,0.0005
甘伍村3社,5,2026-04-11,21:15,0.0004,0.0005
甘伍村3社,5,2026-04-11,21:30,0.0004,0.0005
甘伍村3社,5,2026-04-11,21:45,0.0005,0.0005
甘伍村3社,5,2026-04-11,22:00,0.0006,0.0005
甘伍村3社,5,2026-04-11,22:15,-0.0006,0.0005
甘伍村3社,5,2026-04-11,22:30,0.0016,0.0005
甘伍村3社,5,2026-04-11,22:45,0.001,0.0005
甘伍村3社,5,2026-04-11,23:00,-0.0002,0.0005
甘伍村3社,5,2026-04-11,23:15,0.0004,0.0005
甘伍村3社,5,2026-04-11,23:30,0.0005,0.0005
甘伍村3社,5,2026-04-11,23:45,0.0005,0.0005
甘伍村3社,5,2026-04-12,00:00,0.0007,0.0005
甘伍村3社,5,2026-04-12,00:15,0.0003,0.0005
甘伍村3社,5,2026-04-12,00:30,0.0001,0.0005
甘伍村3社,5,2026-04-12,00:45,0.0004,0.0005
甘伍村3社,5,2026-04-12,01:00,-0.0002,0.0005
甘伍村3社,5,2026-04-12,01:15,0.0012,0.0005
甘伍村3社,5,2026-04-12,01:30,-0.0,0.0005
甘伍村3社,5,2026-04-12,01:45,0.0003,0.0005
甘伍村3社,5,2026-04-12,02:00,0.0003,0.0005
甘伍村3社,5,2026-04-12,02:15,0.0012,0.0005
甘伍村3社,5,2026-04-12,02:30,0.0001,0.0005
甘伍村3社,5,2026-04-12,02:45,0.0006,0.0005
甘伍村3社,5,2026-04-12,03:00,0.0006,0.0005
甘伍村3社,5,2026-04-12,03:15,0.0014,0.0005
甘伍村3社,5,2026-04-12,03:30,-0.0001,0.0005
甘伍村3社,5,2026-04-12,03:45,0.0011,0.0005
甘伍村3社,5,2026-04-12,04:00,0.001,0.0005
甘伍村3社,5,2026-04-12,04:15,0.0,0.0005
甘伍村3社,5,2026-04-12,04:30,-0.0004,0.0005
甘伍村3社,5,2026-04-12,04:45,0.0004,0.0005
甘伍村3社,5,2026-04-12,05:00,0.0005,0.0005
甘伍村3社,5,2026-04-12,05:15,0.0006,0.0005
甘伍村3社,5,2026-04-12,05:30,0.0011,0.0005
甘伍村3社,5,2026-04-12,05:45,0.0005,0.0005
甘伍村3社,5,2026-04-12,06:00,-0.0001,0.0005
甘伍村3社,5,2026-04-12,06:15,0.001,0.0005
甘伍村3社,5,2026-04-12,06:30,-0.0001,0.0005
甘伍村3社,5,2026-04-12,06:45,0.0008,0.0005
甘伍村3社,5,2026-04-12,07:00,0.0,0.0005
甘伍村3社,5,2026-04-12,07:15,0.0002,0.0005
甘伍村3社,5,2026-04-12,07:30,0.0015,0.0005
甘伍村3社,5,2026-04-12,07:45,-0.0006,0.0005
甘伍村3社,5,2026-04-12,08:00,0.0003,0.0005
甘伍村3社,5,2026-04-12,08:15,-0.0001,0.0005
甘伍村3社,5,2026-04-12,08:30,0.0,0.0005
甘伍村3社,5,2026-04-12,08:45,0.0017,0.0005
甘伍村3社,5,2026-04-12,09:00,0.0039,0.0723
甘伍村3社,5,2026-04-12,09:15,0.0036,0.0731
甘伍村3社,5,2026-04-12,09:30,0.0034,0.0745
甘伍村3社,5,2026-04-12,09:45,0.0034,0.0766
甘伍村3社,5,2026-04-12,10:00,0.0069,0.0753
甘伍村3社,5,2026-04-12,10:15,0.0087,0.075
甘伍村3社,5,2026-04-12,10:30,0.0089,0.0749
甘伍村3社,5,2026-04-12,10:45,0.0116,0.0005
甘伍村3社,5,2026-04-12,11:00,0.0097,0.0005
甘伍村3社,5,2026-04-12,11:15,0.0142,0.0005
甘伍村3社,5,2026-04-12,11:30,0.0115,0.0005
甘伍村3社,5,2026-04-12,11:45,0.0108,0.0005
甘伍村3社,5,2026-04-12,12:00,0.0087,0.0005
甘伍村3社,5,2026-04-12,12:15,0.0074,0.0005
甘伍村3社,5,2026-04-12,12:30,0.0071,0.0005
甘伍村3社,5,2026-04-12,12:45,0.0071,0.0005
甘伍村3社,5,2026-04-12,13:00,0.0021,0.0005
甘伍村3社,5,2026-04-12,13:15,0.0042,0.0005
甘伍村3社,5,2026-04-12,13:30,0.0037,0.0005
甘伍村3社,5,2026-04-12,13:45,0.0038,0.0005
甘伍村3社,5,2026-04-12,14:00,0.0041,0.0005
甘伍村3社,5,2026-04-12,14:15,0.0039,0.0005
甘伍村3社,5,2026-04-12,14:30,0.0036,0.0005
甘伍村3社,5,2026-04-12,14:45,0.0027,0.0008
甘伍村3社,5,2026-04-12,15:00,0.0007,0.0008
甘伍村3社,5,2026-04-12,15:15,0.0027,0.0008
甘伍村3社,5,2026-04-12,15:30,0.0001,0.0006
甘伍村3社,5,2026-04-12,15:45,0.0026,0.0006
甘伍村3社,5,2026-04-12,16:00,0.0006,0.0005
甘伍村3社,5,2026-04-12,16:15,0.0014,0.0005
甘伍村3社,5,2026-04-12,16:30,0.0013,0.0005
甘伍村3社,5,2026-04-12,16:45,0.0015,0.0005
甘伍村3社,5,2026-04-12,17:00,0.0035,0.0005
甘伍村3社,5,2026-04-12,17:15,0.0013,0.0005
甘伍村3社,5,2026-04-12,17:30,0.0018,0.0005
甘伍村3社,5,2026-04-12,17:45,0.0015,0.0005
甘伍村3社,5,2026-04-12,18:00,0.0027,0.0005
甘伍村3社,5,2026-04-12,18:15,0.0012,0.0005
甘伍村3社,5,2026-04-12,18:30,-0.0,0.0005
甘伍村3社,5,2026-04-12,18:45,-0.001,0.0005
甘伍村3社,5,2026-04-12,19:00,-0.0006,0.0005
甘伍村3社,5,2026-04-12,19:15,0.0006,0.0005
甘伍村3社,5,2026-04-12,19:30,0.0006,0.0005
甘伍村3社,5,2026-04-12,19:45,0.0001,0.0005
甘伍村3社,5,2026-04-12,20:00,0.0026,0.0005
甘伍村3社,5,2026-04-12,20:15,0.001,0.0005
甘伍村3社,5,2026-04-12,20:30,0.0006,0.0005
甘伍村3社,5,2026-04-12,20:45,0.0009,0.0005
甘伍村3社,5,2026-04-12,21:00,0.0009,0.0005
甘伍村3社,5,2026-04-12,21:15,-0.0005,0.0005
甘伍村3社,5,2026-04-12,21:30,0.0006,0.0005
甘伍村3社,5,2026-04-12,21:45,0.0013,0.0005
甘伍村3社,5,2026-04-12,22:00,-0.0003,0.0005
甘伍村3社,5,2026-04-12,22:15,-0.0002,0.0005
甘伍村3社,5,2026-04-12,22:30,0.0006,0.0005
甘伍村3社,5,2026-04-12,22:45,0.0017,0.0005
甘伍村3社,5,2026-04-12,23:00,0.0012,0.0005
甘伍村3社,5,2026-04-12,23:15,0.0012,0.0005
甘伍村3社,5,2026-04-12,23:30,0.0008,0.0005
甘伍村3社,5,2026-04-12,23:45,-0.0002,0.0005
甘伍村3社,5,2026-04-13,00:00,0.0009,0.0005
甘伍村3社,5,2026-04-13,00:15,-0.0001,0.0005
甘伍村3社,5,2026-04-13,00:30,0.001,0.0005
甘伍村3社,5,2026-04-13,00:45,0.0004,0.0005
甘伍村3社,5,2026-04-13,01:00,0.0008,0.0005
甘伍村3社,5,2026-04-13,01:15,-0.0002,0.0005
甘伍村3社,5,2026-04-13,01:30,-0.0007,0.0005
甘伍村3社,5,2026-04-13,01:45,0.0005,0.0005
甘伍村3社,5,2026-04-13,02:00,0.0008,0.0005
甘伍村3社,5,2026-04-13,02:15,0.0022,0.0005
甘伍村3社,5,2026-04-13,02:30,0.0007,0.0005
甘伍村3社,5,2026-04-13,02:45,0.0011,0.0005
甘伍村3社,5,2026-04-13,03:00,0.0007,0.0005
甘伍村3社,5,2026-04-13,03:15,0.001,0.0005
甘伍村3社,5,2026-04-13,03:30,0.0002,0.0005
甘伍村3社,5,2026-04-13,03:45,0.001,0.0005
甘伍村3社,5,2026-04-13,04:00,0.0005,0.0005
甘伍村3社,5,2026-04-13,04:15,0.0007,0.0005
甘伍村3社,5,2026-04-13,04:30,0.0015,0.0005
甘伍村3社,5,2026-04-13,04:45,0.0002,0.0005
甘伍村3社,5,2026-04-13,05:00,0.0011,0.0005
甘伍村3社,5,2026-04-13,05:15,0.0009,0.0008
甘伍村3社,5,2026-04-13,05:30,0.0008,0.0007
甘伍村3社,5,2026-04-13,05:45,-0.0004,0.0006
甘伍村3社,5,2026-04-13,06:00,0.0002,0.0006
甘伍村3社,5,2026-04-13,06:15,0.0016,0.0005
甘伍村3社,5,2026-04-13,06:30,-0.0004,0.0005
甘伍村3社,5,2026-04-13,06:45,0.0011,0.0005
甘伍村3社,5,2026-04-13,07:00,-0.0016,0.0005
甘伍村3社,5,2026-04-13,07:15,0.0005,0.0005
甘伍村3社,5,2026-04-13,07:30,0.0008,0.0005
甘伍村3社,5,2026-04-13,07:45,0.0002,0.0005
甘伍村3社,5,2026-04-13,08:00,0.0,0.0005
甘伍村3社,5,2026-04-13,08:15,0.0001,0.0005
甘伍村3社,5,2026-04-13,08:30,0.0018,0.0005
甘伍村3社,5,2026-04-13,08:45,0.0003,0.0005
甘伍村3社,5,2026-04-13,09:00,0.0043,0.0005
甘伍村3社,5,2026-04-13,09:15,0.005,0.0005
甘伍村3社,5,2026-04-13,09:30,0.0044,0.0005
甘伍村3社,5,2026-04-13,09:45,0.005,0.0005
甘伍村3社,5,2026-04-13,10:00,0.0054,0.0005
甘伍村3社,5,2026-04-13,10:15,0.0082,0.0005
甘伍村3社,5,2026-04-13,10:30,0.0104,0.0005
甘伍村3社,5,2026-04-13,10:45,0.0119,0.0005
甘伍村3社,5,2026-04-13,11:00,0.011,0.0005
甘伍村3社,5,2026-04-13,11:15,0.0136,0.0005
甘伍村3社,5,2026-04-13,11:30,0.0141,0.0005
甘伍村3社,5,2026-04-13,11:45,0.0119,0.0005
甘伍村3社,5,2026-04-13,12:00,0.0086,0.0005
甘伍村3社,5,2026-04-13,12:15,0.0067,0.0005
甘伍村3社,5,2026-04-13,12:30,0.0077,0.0005
甘伍村3社,5,2026-04-13,12:45,0.0074,0.0005
甘伍村3社,5,2026-04-13,13:00,0.0035,0.0005
甘伍村3社,5,2026-04-13,13:15,0.0035,0.0005
甘伍村3社,5,2026-04-13,13:30,0.003,0.0005
甘伍村3社,5,2026-04-13,13:45,0.0045,0.0005
甘伍村3社,5,2026-04-13,14:00,0.0024,0.0005
甘伍村3社,5,2026-04-13,14:15,0.0032,0.0005
甘伍村3社,5,2026-04-13,14:30,0.0016,0.0005
甘伍村3社,5,2026-04-13,14:45,0.0019,0.0005
甘伍村3社,5,2026-04-13,15:00,0.0014,0.0005
甘伍村3社,5,2026-04-13,15:15,0.0025,0.0005
甘伍村3社,5,2026-04-13,15:30,0.0009,0.0005
甘伍村3社,5,2026-04-13,15:45,0.0008,0.0005
甘伍村3社,5,2026-04-13,16:00,0.0018,0.0005
甘伍村3社,5,2026-04-13,16:15,0.0009,0.0005
甘伍村3社,5,2026-04-13,16:30,0.0023,0.0005
甘伍村3社,5,2026-04-13,16:45,0.0011,0.0005
甘伍村3社,5,2026-04-13,17:00,0.0031,0.0005
甘伍村3社,5,2026-04-13,17:15,0.0027,0.0005
甘伍村3社,5,2026-04-13,17:30,0.0016,0.0005
甘伍村3社,5,2026-04-13,17:45,0.0019,0.0005
甘伍村3社,5,2026-04-13,18:00,0.0031,0.0005
甘伍村3社,5,2026-04-13,18:15,0.0028,0.0005
甘伍村3社,5,2026-04-13,18:30,0.0012,0.0005
甘伍村3社,5,2026-04-13,18:45,0.0019,0.0005
甘伍村3社,5,2026-04-13,19:00,0.0006,0.0005
甘伍村3社,5,2026-04-13,19:15,0.0007,0.0005
甘伍村3社,5,2026-04-13,19:30,0.001,0.0005
甘伍村3社,5,2026-04-13,19:45,0.0004,0.0005
甘伍村3社,5,2026-04-13,20:00,0.0001,0.0005
甘伍村3社,5,2026-04-13,20:15,0.0017,0.0005
甘伍村3社,5,2026-04-13,20:30,0.0002,0.0005
甘伍村3社,5,2026-04-13,20:45,0.0002,0.0005
甘伍村3社,5,2026-04-13,21:00,0.0004,0.0005
甘伍村3社,5,2026-04-13,21:15,0.001,0.0005
甘伍村3社,5,2026-04-13,21:30,0.0007,0.0005
甘伍村3社,5,2026-04-13,21:45,0.0007,0.0005
甘伍村3社,5,2026-04-13,22:00,0.0004,0.0005
甘伍村3社,5,2026-04-13,22:15,0.0002,0.0005
甘伍村3社,5,2026-04-13,22:30,0.0007,0.0005
甘伍村3社,5,2026-04-13,22:45,0.0016,0.0005
甘伍村3社,5,2026-04-13,23:00,-0.0001,0.0005
甘伍村3社,5,2026-04-13,23:15,0.0008,0.0005
甘伍村3社,5,2026-04-13,23:30,-0.0005,0.0005
甘伍村3社,5,2026-04-13,23:45,0.0009,0.0005
马鞍村1社,6,2026-02-02,00:00,0.0326,0.0417
马鞍村1社,6,2026-02-02,00:15,0.0281,0.034
马鞍村1社,6,2026-02-02,00:30,0.0339,0.0413
马鞍村1社,6,2026-02-02,00:45,0.0349,0.0355
马鞍村1社,6,2026-02-02,01:00,0.0394,0.0336
马鞍村1社,6,2026-02-02,01:15,0.0289,0.0297
马鞍村1社,6,2026-02-02,01:30,0.0344,0.032
马鞍村1社,6,2026-02-02,01:45,0.0352,0.0319
马鞍村1社,6,2026-02-02,02:00,0.0292,0.0232
马鞍村1社,6,2026-02-02,02:15,0.0317,0.0307
马鞍村1社,6,2026-02-02,02:30,0.031,0.0234
马鞍村1社,6,2026-02-02,02:45,0.028,0.0299
马鞍村1社,6,2026-02-02,03:00,0.0298,0.0257
马鞍村1社,6,2026-02-02,03:15,0.0294,0.0309
马鞍村1社,6,2026-02-02,03:30,0.0272,0.0189
马鞍村1社,6,2026-02-02,03:45,0.0314,0.0346
马鞍村1社,6,2026-02-02,04:00,0.0326,0.0217
马鞍村1社,6,2026-02-02,04:15,0.0297,0.0202
马鞍村1社,6,2026-02-02,04:30,0.0301,0.0189
马鞍村1社,6,2026-02-02,04:45,0.029,0.0188
马鞍村1社,6,2026-02-02,05:00,0.0255,0.0172
马鞍村1社,6,2026-02-02,05:15,0.0267,0.0122
马鞍村1社,6,2026-02-02,05:30,0.03,0.0177
马鞍村1社,6,2026-02-02,05:45,0.0245,0.0233
马鞍村1社,6,2026-02-02,06:00,0.0291,0.0396
马鞍村1社,6,2026-02-02,06:15,0.0279,0.026
马鞍村1社,6,2026-02-02,06:30,0.0244,0.0183
马鞍村1社,6,2026-02-02,06:45,0.0279,0.0293
马鞍村1社,6,2026-02-02,07:00,0.0415,0.0234
马鞍村1社,6,2026-02-02,07:15,0.0456,0.0248
马鞍村1社,6,2026-02-02,07:30,0.0448,0.0277
马鞍村1社,6,2026-02-02,07:45,0.0635,0.0455
马鞍村1社,6,2026-02-02,08:00,0.0818,0.0957
马鞍村1社,6,2026-02-02,08:15,0.1002,0.0859
马鞍村1社,6,2026-02-02,08:30,0.1191,0.1449
马鞍村1社,6,2026-02-02,08:45,0.1263,0.1323
马鞍村1社,6,2026-02-02,09:00,0.1423,0.1387
马鞍村1社,6,2026-02-02,09:15,0.1206,0.217
马鞍村1社,6,2026-02-02,09:30,0.1269,0.1166
马鞍村1社,6,2026-02-02,09:45,0.111,0.0849
马鞍村1社,6,2026-02-02,10:00,0.0939,0.1176
马鞍村1社,6,2026-02-02,10:15,0.0832,0.1631
马鞍村1社,6,2026-02-02,10:30,0.0767,0.1266
马鞍村1社,6,2026-02-02,10:45,0.0771,0.0637
马鞍村1社,6,2026-02-02,11:00,0.0683,0.0478
马鞍村1社,6,2026-02-02,11:15,0.0677,0.0435
马鞍村1社,6,2026-02-02,11:30,0.0609,0.0611
马鞍村1社,6,2026-02-02,11:45,0.0548,0.1511
马鞍村1社,6,2026-02-02,12:00,0.0652,0.1457
马鞍村1社,6,2026-02-02,12:15,0.0649,0.058
马鞍村1社,6,2026-02-02,12:30,0.0728,0.0898
马鞍村1社,6,2026-02-02,12:45,0.0634,0.0931
马鞍村1社,6,2026-02-02,13:00,0.057,0.0728
马鞍村1社,6,2026-02-02,13:15,0.0568,0.083
马鞍村1社,6,2026-02-02,13:30,0.0705,0.1418
马鞍村1社,6,2026-02-02,13:45,0.059,0.0998
马鞍村1社,6,2026-02-02,14:00,0.0595,0.0283
马鞍村1社,6,2026-02-02,14:15,0.0616,0.0606
马鞍村1社,6,2026-02-02,14:30,0.0507,0.0453
马鞍村1社,6,2026-02-02,14:45,0.0567,0.0589
马鞍村1社,6,2026-02-02,15:00,0.0559,0.0742
马鞍村1社,6,2026-02-02,15:15,0.0681,0.0495
马鞍村1社,6,2026-02-02,15:30,0.0735,0.0991
马鞍村1社,6,2026-02-02,15:45,0.0753,0.0928
马鞍村1社,6,2026-02-02,16:00,0.0793,0.0893
马鞍村1社,6,2026-02-02,16:15,0.0962,0.0724
马鞍村1社,6,2026-02-02,16:30,0.1099,0.077
马鞍村1社,6,2026-02-02,16:45,0.1062,0.0617
马鞍村1社,6,2026-02-02,17:00,0.109,0.0437
马鞍村1社,6,2026-02-02,17:15,0.1064,0.1077
马鞍村1社,6,2026-02-02,17:30,0.1169,0.0912
马鞍村1社,6,2026-02-02,17:45,0.1124,0.0895
马鞍村1社,6,2026-02-02,18:00,0.1269,0.0735
马鞍村1社,6,2026-02-02,18:15,0.1053,0.0482
马鞍村1社,6,2026-02-02,18:30,0.1008,0.0602
马鞍村1社,6,2026-02-02,18:45,0.0917,0.0835
马鞍村1社,6,2026-02-02,19:00,0.0867,0.1464
马鞍村1社,6,2026-02-02,19:15,0.0694,0.0458
马鞍村1社,6,2026-02-02,19:30,0.068,0.0599
马鞍村1社,6,2026-02-02,19:45,0.0729,0.0546
马鞍村1社,6,2026-02-02,20:00,0.067,0.0583
马鞍村1社,6,2026-02-02,20:15,0.0729,0.0983
马鞍村1社,6,2026-02-02,20:30,0.062,0.0928
马鞍村1社,6,2026-02-02,20:45,0.0571,0.0648
马鞍村1社,6,2026-02-02,21:00,0.0605,0.0942
马鞍村1社,6,2026-02-02,21:15,0.0563,0.0936
马鞍村1社,6,2026-02-02,21:30,0.0565,0.0577
马鞍村1社,6,2026-02-02,21:45,0.0555,0.0546
马鞍村1社,6,2026-02-02,22:00,0.0551,0.058
马鞍村1社,6,2026-02-02,22:15,0.0546,0.0539
马鞍村1社,6,2026-02-02,22:30,0.0487,0.0485
马鞍村1社,6,2026-02-02,22:45,0.0427,0.0387
马鞍村1社,6,2026-02-02,23:00,0.0433,0.0396
马鞍村1社,6,2026-02-02,23:15,0.0388,0.0284
马鞍村1社,6,2026-02-02,23:30,0.0386,0.0269
马鞍村1社,6,2026-02-02,23:45,0.0357,0.0342
马鞍村1社,6,2026-02-03,00:00,0.0374,0.0242
马鞍村1社,6,2026-02-03,00:15,0.0357,0.0243
马鞍村1社,6,2026-02-03,00:30,0.0368,0.0211
马鞍村1社,6,2026-02-03,00:45,0.0328,0.024
马鞍村1社,6,2026-02-03,01:00,0.0332,0.0225
马鞍村1社,6,2026-02-03,01:15,0.0341,0.0399
马鞍村1社,6,2026-02-03,01:30,0.0325,0.0218
马鞍村1社,6,2026-02-03,01:45,0.0314,0.0355
马鞍村1社,6,2026-02-03,02:00,0.0277,0.0219
马鞍村1社,6,2026-02-03,02:15,0.0318,0.0291
马鞍村1社,6,2026-02-03,02:30,0.0315,0.0248
马鞍村1社,6,2026-02-03,02:45,0.0262,0.03
马鞍村1社,6,2026-02-03,03:00,0.0328,0.0259
马鞍村1社,6,2026-02-03,03:15,0.0342,0.0293
马鞍村1社,6,2026-02-03,03:30,0.0345,0.0227
马鞍村1社,6,2026-02-03,03:45,0.0287,0.0248
马鞍村1社,6,2026-02-03,04:00,0.0328,0.0304
马鞍村1社,6,2026-02-03,04:15,0.0281,0.032
马鞍村1社,6,2026-02-03,04:30,0.0296,0.0267
马鞍村1社,6,2026-02-03,04:45,0.0303,0.0284
马鞍村1社,6,2026-02-03,05:00,0.0297,0.0231
马鞍村1社,6,2026-02-03,05:15,0.0262,0.0195
马鞍村1社,6,2026-02-03,05:30,0.0259,0.0343
马鞍村1社,6,2026-02-03,05:45,0.0252,0.0227
马鞍村1社,6,2026-02-03,06:00,0.0275,0.0142
马鞍村1社,6,2026-02-03,06:15,0.0308,0.0254
马鞍村1社,6,2026-02-03,06:30,0.0359,0.0204
马鞍村1社,6,2026-02-03,06:45,0.0285,0.0226
马鞍村1社,6,2026-02-03,07:00,0.0379,0.034
马鞍村1社,6,2026-02-03,07:15,0.0456,0.0204
马鞍村1社,6,2026-02-03,07:30,0.0485,0.0326
马鞍村1社,6,2026-02-03,07:45,0.0673,0.0313
马鞍村1社,6,2026-02-03,08:00,0.0777,0.0619
马鞍村1社,6,2026-02-03,08:15,0.1048,0.1256
马鞍村1社,6,2026-02-03,08:30,0.1168,0.1179
马鞍村1社,6,2026-02-03,08:45,0.117,0.1467
马鞍村1社,6,2026-02-03,09:00,0.1209,0.172
马鞍村1社,6,2026-02-03,09:15,0.1214,0.1601
马鞍村1社,6,2026-02-03,09:30,0.1138,0.096
马鞍村1社,6,2026-02-03,09:45,0.0991,0.2209
马鞍村1社,6,2026-02-03,10:00,0.0912,0.1089
马鞍村1社,6,2026-02-03,10:15,0.0848,0.0981
马鞍村1社,6,2026-02-03,10:30,0.0743,0.0915
马鞍村1社,6,2026-02-03,10:45,0.0623,0.1067
马鞍村1社,6,2026-02-03,11:00,0.0677,0.0622
马鞍村1社,6,2026-02-03,11:15,0.0643,0.0738
马鞍村1社,6,2026-02-03,11:30,0.0596,0.0524
马鞍村1社,6,2026-02-03,11:45,0.0593,0.0398
马鞍村1社,6,2026-02-03,12:00,0.0716,0.0288
马鞍村1社,6,2026-02-03,12:15,0.0629,0.0914
马鞍村1社,6,2026-02-03,12:30,0.0662,0.0535
马鞍村1社,6,2026-02-03,12:45,0.0572,0.0157
马鞍村1社,6,2026-02-03,13:00,0.0582,0.0459
马鞍村1社,6,2026-02-03,13:15,0.0595,0.0259
马鞍村1社,6,2026-02-03,13:30,0.0722,0.0571
马鞍村1社,6,2026-02-03,13:45,0.0607,0.0683
马鞍村1社,6,2026-02-03,14:00,0.069,0.0941
马鞍村1社,6,2026-02-03,14:15,0.0607,0.0779
马鞍村1社,6,2026-02-03,14:30,0.0488,0.1004
马鞍村1社,6,2026-02-03,14:45,0.0668,0.0453
马鞍村1社,6,2026-02-03,15:00,0.0622,0.0557
马鞍村1社,6,2026-02-03,15:15,0.072,0.0992
马鞍村1社,6,2026-02-03,15:30,0.0679,0.1223
马鞍村1社,6,2026-02-03,15:45,0.0721,0.0355
马鞍村1社,6,2026-02-03,16:00,0.0818,0.0286
马鞍村1社,6,2026-02-03,16:15,0.0918,0.0942
马鞍村1社,6,2026-02-03,16:30,0.1007,0.0949
马鞍村1社,6,2026-02-03,16:45,0.1002,0.0575
马鞍村1社,6,2026-02-03,17:00,0.111,0.1715
马鞍村1社,6,2026-02-03,17:15,0.116,0.1865
马鞍村1社,6,2026-02-03,17:30,0.1293,0.1703
马鞍村1社,6,2026-02-03,17:45,0.1156,0.1652
马鞍村1社,6,2026-02-03,18:00,0.127,0.1339
马鞍村1社,6,2026-02-03,18:15,0.101,0.0576
马鞍村1社,6,2026-02-03,18:30,0.0948,0.0567
马鞍村1社,6,2026-02-03,18:45,0.081,0.0966
马鞍村1社,6,2026-02-03,19:00,0.0846,0.1078
马鞍村1社,6,2026-02-03,19:15,0.0741,0.0453
马鞍村1社,6,2026-02-03,19:30,0.0766,0.0346
马鞍村1社,6,2026-02-03,19:45,0.0738,0.0378
马鞍村1社,6,2026-02-03,20:00,0.0659,0.0836
马鞍村1社,6,2026-02-03,20:15,0.0853,0.1216
马鞍村1社,6,2026-02-03,20:30,0.0715,0.0622
马鞍村1社,6,2026-02-03,20:45,0.068,0.0897
马鞍村1社,6,2026-02-03,21:00,0.0591,0.0544
马鞍村1社,6,2026-02-03,21:15,0.0645,0.1109
马鞍村1社,6,2026-02-03,21:30,0.0589,0.0556
马鞍村1社,6,2026-02-03,21:45,0.0558,0.0646
马鞍村1社,6,2026-02-03,22:00,0.0511,0.0523
马鞍村1社,6,2026-02-03,22:15,0.0439,0.0861
马鞍村1社,6,2026-02-03,22:30,0.0463,0.0586
马鞍村1社,6,2026-02-03,22:45,0.0427,0.0594
马鞍村1社,6,2026-02-03,23:00,0.0422,0.0592
马鞍村1社,6,2026-02-03,23:15,0.0346,0.0385
马鞍村1社,6,2026-02-03,23:30,0.0329,0.0316
马鞍村1社,6,2026-02-03,23:45,0.0371,0.0389
马鞍村1社,6,2026-02-04,00:00,0.0371,0.0309
马鞍村1社,6,2026-02-04,00:15,0.0365,0.0432
马鞍村1社,6,2026-02-04,00:30,0.0314,0.0305
马鞍村1社,6,2026-02-04,00:45,0.0304,0.0328
马鞍村1社,6,2026-02-04,01:00,0.0333,0.0407
马鞍村1社,6,2026-02-04,01:15,0.0349,0.0304
马鞍村1社,6,2026-02-04,01:30,0.0282,0.0293
马鞍村1社,6,2026-02-04,01:45,0.0327,0.0306
马鞍村1社,6,2026-02-04,02:00,0.0296,0.0344
马鞍村1社,6,2026-02-04,02:15,0.0315,0.0306
马鞍村1社,6,2026-02-04,02:30,0.0335,0.0342
马鞍村1社,6,2026-02-04,02:45,0.026,0.0255
马鞍村1社,6,2026-02-04,03:00,0.0265,0.027
马鞍村1社,6,2026-02-04,03:15,0.0286,0.0259
马鞍村1社,6,2026-02-04,03:30,0.0358,0.0201
马鞍村1社,6,2026-02-04,03:45,0.0293,0.0276
马鞍村1社,6,2026-02-04,04:00,0.034,0.0304
马鞍村1社,6,2026-02-04,04:15,0.0318,0.0247
马鞍村1社,6,2026-02-04,04:30,0.0273,0.0308
马鞍村1社,6,2026-02-04,04:45,0.032,0.0256
马鞍村1社,6,2026-02-04,05:00,0.0287,0.0167
马鞍村1社,6,2026-02-04,05:15,0.0296,0.0207
马鞍村1社,6,2026-02-04,05:30,0.0272,0.0318
马鞍村1社,6,2026-02-04,05:45,0.0288,0.0263
马鞍村1社,6,2026-02-04,06:00,0.0294,0.028
马鞍村1社,6,2026-02-04,06:15,0.0236,0.0193
马鞍村1社,6,2026-02-04,06:30,0.031,0.0404
马鞍村1社,6,2026-02-04,06:45,0.0306,0.0282
马鞍村1社,6,2026-02-04,07:00,0.0399,0.0259
马鞍村1社,6,2026-02-04,07:15,0.0413,0.0328
马鞍村1社,6,2026-02-04,07:30,0.0501,0.0308
马鞍村1社,6,2026-02-04,07:45,0.0685,0.0598
马鞍村1社,6,2026-02-04,08:00,0.0789,0.1033
马鞍村1社,6,2026-02-04,08:15,0.1009,0.1579
马鞍村1社,6,2026-02-04,08:30,0.1173,0.1777
马鞍村1社,6,2026-02-04,08:45,0.127,0.1186
马鞍村1社,6,2026-02-04,09:00,0.1354,0.0976
马鞍村1社,6,2026-02-04,09:15,0.1255,0.1166
马鞍村1社,6,2026-02-04,09:30,0.1133,0.1051
马鞍村1社,6,2026-02-04,09:45,0.1057,0.0852
马鞍村1社,6,2026-02-04,10:00,0.0845,0.1457
马鞍村1社,6,2026-02-04,10:15,0.079,0.1055
马鞍村1社,6,2026-02-04,10:30,0.0753,0.0692
马鞍村1社,6,2026-02-04,10:45,0.0666,0.0938
马鞍村1社,6,2026-02-04,11:00,0.0671,0.1155
马鞍村1社,6,2026-02-04,11:15,0.073,0.1249
马鞍村1社,6,2026-02-04,11:30,0.0593,0.1046
马鞍村1社,6,2026-02-04,11:45,0.0629,0.0574
马鞍村1社,6,2026-02-04,12:00,0.0669,0.1639
马鞍村1社,6,2026-02-04,12:15,0.0641,0.0635
马鞍村1社,6,2026-02-04,12:30,0.0677,0.0508
马鞍村1社,6,2026-02-04,12:45,0.054,0.0372
马鞍村1社,6,2026-02-04,13:00,0.0648,0.1103
马鞍村1社,6,2026-02-04,13:15,0.0577,0.0955
马鞍村1社,6,2026-02-04,13:30,0.0639,0.0567
马鞍村1社,6,2026-02-04,13:45,0.0586,0.0811
马鞍村1社,6,2026-02-04,14:00,0.0628,0.1422
马鞍村1社,6,2026-02-04,14:15,0.0578,0.0424
马鞍村1社,6,2026-02-04,14:30,0.0557,0.0493
马鞍村1社,6,2026-02-04,14:45,0.0645,0.1257
马鞍村1社,6,2026-02-04,15:00,0.0602,0.0818
马鞍村1社,6,2026-02-04,15:15,0.0631,0.1129
马鞍村1社,6,2026-02-04,15:30,0.0772,0.0463
马鞍村1社,6,2026-02-04,15:45,0.0781,0.08
马鞍村1社,6,2026-02-04,16:00,0.0767,0.0601
马鞍村1社,6,2026-02-04,16:15,0.1021,0.0891
马鞍村1社,6,2026-02-04,16:30,0.1141,0.1514
马鞍村1社,6,2026-02-04,16:45,0.1092,0.112
马鞍村1社,6,2026-02-04,17:00,0.119,0.2108
马鞍村1社,6,2026-02-04,17:15,0.1153,0.142
马鞍村1社,6,2026-02-04,17:30,0.1191,0.2084
马鞍村1社,6,2026-02-04,17:45,0.1258,0.0785
马鞍村1社,6,2026-02-04,18:00,0.1234,0.2328
马鞍村1社,6,2026-02-04,18:15,0.1061,0.1551
马鞍村1社,6,2026-02-04,18:30,0.1036,0.1282
马鞍村1社,6,2026-02-04,18:45,0.0895,0.1463
马鞍村1社,6,2026-02-04,19:00,0.0794,0.1521
马鞍村1社,6,2026-02-04,19:15,0.0712,0.1991
马鞍村1社,6,2026-02-04,19:30,0.0646,0.1004
马鞍村1社,6,2026-02-04,19:45,0.0759,0.0724
马鞍村1社,6,2026-02-04,20:00,0.0672,0.0496
马鞍村1社,6,2026-02-04,20:15,0.0769,0.0479
马鞍村1社,6,2026-02-04,20:30,0.0718,0.079
马鞍村1社,6,2026-02-04,20:45,0.071,0.0448
马鞍村1社,6,2026-02-04,21:00,0.0634,0.1079
马鞍村1社,6,2026-02-04,21:15,0.0628,0.1034
马鞍村1社,6,2026-02-04,21:30,0.0611,0.0725
马鞍村1社,6,2026-02-04,21:45,0.059,0.0603
马鞍村1社,6,2026-02-04,22:00,0.0552,0.0617
马鞍村1社,6,2026-02-04,22:15,0.047,0.0668
马鞍村1社,6,2026-02-04,22:30,0.0396,0.0598
马鞍村1社,6,2026-02-04,22:45,0.0464,0.0592
马鞍村1社,6,2026-02-04,23:00,0.0489,0.0723
马鞍村1社,6,2026-02-04,23:15,0.037,0.0456
马鞍村1社,6,2026-02-04,23:30,0.0377,0.0418
马鞍村1社,6,2026-02-04,23:45,0.0285,0.035
马鞍村1社,7,2026-03-19,00:00,0.0351,0.0215
马鞍村1社,7,2026-03-19,00:15,0.0371,0.0253
马鞍村1社,7,2026-03-19,00:30,0.0372,0.026
马鞍村1社,7,2026-03-19,00:45,0.0319,0.0228
马鞍村1社,7,2026-03-19,01:00,0.027,0.033
马鞍村1社,7,2026-03-19,01:15,0.0326,0.0261
马鞍村1社,7,2026-03-19,01:30,0.0286,0.0237
马鞍村1社,7,2026-03-19,01:45,0.0278,0.0227
马鞍村1社,7,2026-03-19,02:00,0.0309,0.0294
马鞍村1社,7,2026-03-19,02:15,0.0339,0.0262
马鞍村1社,7,2026-03-19,02:30,0.0268,0.0322
马鞍村1社,7,2026-03-19,02:45,0.0293,0.0241
马鞍村1社,7,2026-03-19,03:00,0.0306,0.0351
马鞍村1社,7,2026-03-19,03:15,0.0323,0.0307
马鞍村1社,7,2026-03-19,03:30,0.0339,0.0304
马鞍村1社,7,2026-03-19,03:45,0.0313,0.0196
马鞍村1社,7,2026-03-19,04:00,0.0267,0.0396
马鞍村1社,7,2026-03-19,04:15,0.0255,0.0316
马鞍村1社,7,2026-03-19,04:30,0.0321,0.0296
马鞍村1社,7,2026-03-19,04:45,0.0309,0.0345
马鞍村1社,7,2026-03-19,05:00,0.0329,0.0259
马鞍村1社,7,2026-03-19,05:15,0.0322,0.0345
马鞍村1社,7,2026-03-19,05:30,0.0276,0.0184
马鞍村1社,7,2026-03-19,05:45,0.0287,0.0217
马鞍村1社,7,2026-03-19,06:00,0.026,0.0375
马鞍村1社,7,2026-03-19,06:15,0.0319,0.0236
马鞍村1社,7,2026-03-19,06:30,0.0372,0.0171
马鞍村1社,7,2026-03-19,06:45,0.0389,0.035
马鞍村1社,7,2026-03-19,07:00,0.0475,0.0219
马鞍村1社,7,2026-03-19,07:15,0.0603,0.0684
马鞍村1社,7,2026-03-19,07:30,0.0578,0.0394
马鞍村1社,7,2026-03-19,07:45,0.0862,0.0495
马鞍村1社,7,2026-03-19,08:00,0.0935,0.102
马鞍村1社,7,2026-03-19,08:15,0.1079,0.1136
马鞍村1社,7,2026-03-19,08:30,0.1038,0.1446
马鞍村1社,7,2026-03-19,08:45,0.1269,0.0984
马鞍村1社,7,2026-03-19,09:00,0.1134,0.0896
马鞍村1社,7,2026-03-19,09:15,0.0911,0.1243
马鞍村1社,7,2026-03-19,09:30,0.0767,0.1122
马鞍村1社,7,2026-03-19,09:45,0.0742,0.1285
马鞍村1社,7,2026-03-19,10:00,0.0683,0.0816
马鞍村1社,7,2026-03-19,10:15,0.0627,0.111
马鞍村1社,7,2026-03-19,10:30,0.0479,0.0498
马鞍村1社,7,2026-03-19,10:45,0.0483,0.0474
马鞍村1社,7,2026-03-19,11:00,0.0506,0.0289
马鞍村1社,7,2026-03-19,11:15,0.0452,0.0537
马鞍村1社,7,2026-03-19,11:30,0.0542,0.0292
马鞍村1社,7,2026-03-19,11:45,0.0561,0.0259
马鞍村1社,7,2026-03-19,12:00,0.0593,0.0326
马鞍村1社,7,2026-03-19,12:15,0.0529,0.0802
马鞍村1社,7,2026-03-19,12:30,0.0616,0.0778
马鞍村1社,7,2026-03-19,12:45,0.0503,0.024
马鞍村1社,7,2026-03-19,13:00,0.0546,0.0402
马鞍村1社,7,2026-03-19,13:15,0.0583,0.058
马鞍村1社,7,2026-03-19,13:30,0.0583,0.0494
马鞍村1社,7,2026-03-19,13:45,0.0476,0.0292
马鞍村1社,7,2026-03-19,14:00,0.058,0.0366
马鞍村1社,7,2026-03-19,14:15,0.0477,0.0265
马鞍村1社,7,2026-03-19,14:30,0.0489,0.0262
马鞍村1社,7,2026-03-19,14:45,0.0559,0.0529
马鞍村1社,7,2026-03-19,15:00,0.0591,0.061
马鞍村1社,7,2026-03-19,15:15,0.0602,0.0342
马鞍村1社,7,2026-03-19,15:30,0.0743,0.0877
马鞍村1社,7,2026-03-19,15:45,0.0748,0.1133
马鞍村1社,7,2026-03-19,16:00,0.0739,0.0939
马鞍村1社,7,2026-03-19,16:15,0.0883,0.0989
马鞍村1社,7,2026-03-19,16:30,0.0946,0.0903
马鞍村1社,7,2026-03-19,16:45,0.0884,0.1289
马鞍村1社,7,2026-03-19,17:00,0.0864,0.1166
马鞍村1社,7,2026-03-19,17:15,0.0942,0.1371
马鞍村1社,7,2026-03-19,17:30,0.0943,0.0674
马鞍村1社,7,2026-03-19,17:45,0.0899,0.0965
马鞍村1社,7,2026-03-19,18:00,0.0933,0.0782
马鞍村1社,7,2026-03-19,18:15,0.0925,0.0388
马鞍村1社,7,2026-03-19,18:30,0.0788,0.0744
马鞍村1社,7,2026-03-19,18:45,0.0758,0.0875
马鞍村1社,7,2026-03-19,19:00,0.0676,0.088
马鞍村1社,7,2026-03-19,19:15,0.0633,0.0329
马鞍村1社,7,2026-03-19,19:30,0.0572,0.0568
马鞍村1社,7,2026-03-19,19:45,0.066,0.0955
马鞍村1社,7,2026-03-19,20:00,0.0556,0.0791
马鞍村1社,7,2026-03-19,20:15,0.0669,0.0695
马鞍村1社,7,2026-03-19,20:30,0.0505,0.0481
马鞍村1社,7,2026-03-19,20:45,0.0568,0.0776
马鞍村1社,7,2026-03-19,21:00,0.0516,0.074
马鞍村1社,7,2026-03-19,21:15,0.0508,0.0522
马鞍村1社,7,2026-03-19,21:30,0.0593,0.0449
马鞍村1社,7,2026-03-19,21:45,0.05,0.0702
马鞍村1社,7,2026-03-19,22:00,0.0471,0.0436
马鞍村1社,7,2026-03-19,22:15,0.0426,0.0352
马鞍村1社,7,2026-03-19,22:30,0.0462,0.0332
马鞍村1社,7,2026-03-19,22:45,0.0407,0.0366
马鞍村1社,7,2026-03-19,23:00,0.0371,0.0347
马鞍村1社,7,2026-03-19,23:15,0.0378,0.0248
马鞍村1社,7,2026-03-19,23:30,0.0387,0.0368
马鞍村1社,7,2026-03-19,23:45,0.0321,0.0326
马鞍村1社,7,2026-03-20,00:00,0.0304,0.0299
马鞍村1社,7,2026-03-20,00:15,0.0368,0.0254
马鞍村1社,7,2026-03-20,00:30,0.0329,0.033
马鞍村1社,7,2026-03-20,00:45,0.0335,0.0206
马鞍村1社,7,2026-03-20,01:00,0.0299,0.0221
马鞍村1社,7,2026-03-20,01:15,0.038,0.038
马鞍村1社,7,2026-03-20,01:30,0.0344,0.0325
马鞍村1社,7,2026-03-20,01:45,0.0314,0.0234
马鞍村1社,7,2026-03-20,02:00,0.0322,0.0253
马鞍村1社,7,2026-03-20,02:15,0.0343,0.0309
马鞍村1社,7,2026-03-20,02:30,0.0302,0.0291
马鞍村1社,7,2026-03-20,02:45,0.032,0.0253
马鞍村1社,7,2026-03-20,03:00,0.0287,0.0375
马鞍村1社,7,2026-03-20,03:15,0.0284,0.024
马鞍村1社,7,2026-03-20,03:30,0.0305,0.0308
马鞍村1社,7,2026-03-20,03:45,0.0317,0.0311
马鞍村1社,7,2026-03-20,04:00,0.0327,0.0208
马鞍村1社,7,2026-03-20,04:15,0.029,0.0261
马鞍村1社,7,2026-03-20,04:30,0.0268,0.0245
马鞍村1社,7,2026-03-20,04:45,0.0315,0.0307
马鞍村1社,7,2026-03-20,05:00,0.0294,0.0234
马鞍村1社,7,2026-03-20,05:15,0.031,0.0373
马鞍村1社,7,2026-03-20,05:30,0.0272,0.0263
马鞍村1社,7,2026-03-20,05:45,0.0306,0.0279
马鞍村1社,7,2026-03-20,06:00,0.0311,0.015
马鞍村1社,7,2026-03-20,06:15,0.0278,0.033
马鞍村1社,7,2026-03-20,06:30,0.03,0.0294
马鞍村1社,7,2026-03-20,06:45,0.037,0.0359
马鞍村1社,7,2026-03-20,07:00,0.0505,0.0334
马鞍村1社,7,2026-03-20,07:15,0.0575,0.0183
马鞍村1社,7,2026-03-20,07:30,0.0611,0.0537
马鞍村1社,7,2026-03-20,07:45,0.0818,0.0895
马鞍村1社,7,2026-03-20,08:00,0.1003,0.0581
马鞍村1社,7,2026-03-20,08:15,0.1158,0.0596
马鞍村1社,7,2026-03-20,08:30,0.1113,0.0716
马鞍村1社,7,2026-03-20,08:45,0.1144,0.1192
马鞍村1社,7,2026-03-20,09:00,0.1037,0.1111
马鞍村1社,7,2026-03-20,09:15,0.0928,0.0446
马鞍村1社,7,2026-03-20,09:30,0.0801,0.0389
马鞍村1社,7,2026-03-20,09:45,0.0729,0.0329
马鞍村1社,7,2026-03-20,10:00,0.0678,0.0282
马鞍村1社,7,2026-03-20,10:15,0.0592,0.0452
马鞍村1社,7,2026-03-20,10:30,0.0537,0.0361
马鞍村1社,7,2026-03-20,10:45,0.0492,0.0694
马鞍村1社,7,2026-03-20,11:00,0.0398,0.0554
马鞍村1社,7,2026-03-20,11:15,0.0516,0.0512
马鞍村1社,7,2026-03-20,11:30,0.0482,0.0564
马鞍村1社,7,2026-03-20,11:45,0.0488,0.034
马鞍村1社,7,2026-03-20,12:00,0.0534,0.0556
马鞍村1社,7,2026-03-20,12:15,0.0531,0.0531
马鞍村1社,7,2026-03-20,12:30,0.0605,0.0784
马鞍村1社,7,2026-03-20,12:45,0.0521,0.0523
马鞍村1社,7,2026-03-20,13:00,0.049,0.0702
马鞍村1社,7,2026-03-20,13:15,0.0526,0.0575
马鞍村1社,7,2026-03-20,13:30,0.052,0.0523
马鞍村1社,7,2026-03-20,13:45,0.0509,0.0454
马鞍村1社,7,2026-03-20,14:00,0.0544,0.0456
马鞍村1社,7,2026-03-20,14:15,0.0483,0.0417
马鞍村1社,7,2026-03-20,14:30,0.0549,0.0486
马鞍村1社,7,2026-03-20,14:45,0.0542,0.0359
马鞍村1社,7,2026-03-20,15:00,0.0643,0.0423
马鞍村1社,7,2026-03-20,15:15,0.0631,0.0382
马鞍村1社,7,2026-03-20,15:30,0.0673,0.0881
马鞍村1社,7,2026-03-20,15:45,0.0712,0.089
马鞍村1社,7,2026-03-20,16:00,0.0755,0.0991
马鞍村1社,7,2026-03-20,16:15,0.0821,0.0563
马鞍村1社,7,2026-03-20,16:30,0.0871,0.0947
马鞍村1社,7,2026-03-20,16:45,0.0981,0.0747
马鞍村1社,7,2026-03-20,17:00,0.0877,0.0719
马鞍村1社,7,2026-03-20,17:15,0.0991,0.0899
马鞍村1社,7,2026-03-20,17:30,0.1124,0.0591
马鞍村1社,7,2026-03-20,17:45,0.0924,0.0761
马鞍村1社,7,2026-03-20,18:00,0.1007,0.0301
马鞍村1社,7,2026-03-20,18:15,0.0916,0.0588
马鞍村1社,7,2026-03-20,18:30,0.0826,0.0763
马鞍村1社,7,2026-03-20,18:45,0.0665,0.0932
马鞍村1社,7,2026-03-20,19:00,0.064,0.0985
马鞍村1社,7,2026-03-20,19:15,0.0645,0.0964
马鞍村1社,7,2026-03-20,19:30,0.0545,0.0601
马鞍村1社,7,2026-03-20,19:45,0.0619,0.0539
马鞍村1社,7,2026-03-20,20:00,0.0627,0.059
马鞍村1社,7,2026-03-20,20:15,0.0755,0.0382
马鞍村1社,7,2026-03-20,20:30,0.057,0.0329
马鞍村1社,7,2026-03-20,20:45,0.0539,0.0543
马鞍村1社,7,2026-03-20,21:00,0.0578,0.0854
马鞍村1社,7,2026-03-20,21:15,0.0537,0.0337
马鞍村1社,7,2026-03-20,21:30,0.0559,0.0424
马鞍村1社,7,2026-03-20,21:45,0.0438,0.0755
马鞍村1社,7,2026-03-20,22:00,0.0453,0.0604
马鞍村1社,7,2026-03-20,22:15,0.0465,0.0528
马鞍村1社,7,2026-03-20,22:30,0.0441,0.0554
马鞍村1社,7,2026-03-20,22:45,0.0355,0.0279
马鞍村1社,7,2026-03-20,23:00,0.0409,0.0383
马鞍村1社,7,2026-03-20,23:15,0.0364,0.0378
马鞍村1社,7,2026-03-20,23:30,0.0467,0.0298
马鞍村1社,7,2026-03-20,23:45,0.0328,0.0265
马鞍村1社,7,2026-03-31,00:00,0.0367,0.0264
马鞍村1社,7,2026-03-31,00:15,0.0371,0.0396
马鞍村1社,7,2026-03-31,00:30,0.0396,0.0382
马鞍村1社,7,2026-03-31,00:45,0.0308,0.0321
马鞍村1社,7,2026-03-31,01:00,0.0294,0.0249
马鞍村1社,7,2026-03-31,01:15,0.0331,0.039
马鞍村1社,7,2026-03-31,01:30,0.0335,0.0261
马鞍村1社,7,2026-03-31,01:45,0.0331,0.0325
马鞍村1社,7,2026-03-31,02:00,0.0275,0.0303
马鞍村1社,7,2026-03-31,02:15,0.0341,0.0718
马鞍村1社,7,2026-03-31,02:30,0.0292,0.0319
马鞍村1社,7,2026-03-31,02:45,0.0315,0.0282
马鞍村1社,7,2026-03-31,03:00,0.029,0.0274
马鞍村1社,7,2026-03-31,03:15,0.0345,0.0279
马鞍村1社,7,2026-03-31,03:30,0.027,0.0262
马鞍村1社,7,2026-03-31,03:45,0.0295,0.0324
马鞍村1社,7,2026-03-31,04:00,0.0271,0.0263
马鞍村1社,7,2026-03-31,04:15,0.0287,0.0276
马鞍村1社,7,2026-03-31,04:30,0.0311,0.0282
马鞍村1社,7,2026-03-31,04:45,0.027,0.0315
马鞍村1社,7,2026-03-31,05:00,0.0288,0.0242
马鞍村1社,7,2026-03-31,05:15,0.0293,0.0261
马鞍村1社,7,2026-03-31,05:30,0.0293,0.0289
马鞍村1社,7,2026-03-31,05:45,0.0293,0.0322
马鞍村1社,7,2026-03-31,06:00,0.0282,0.0301
马鞍村1社,7,2026-03-31,06:15,0.0297,0.0285
马鞍村1社,7,2026-03-31,06:30,0.034,0.0243
马鞍村1社,7,2026-03-31,06:45,0.0324,0.0349
马鞍村1社,7,2026-03-31,07:00,0.0455,0.034
马鞍村1社,7,2026-03-31,07:15,0.0572,0.0566
马鞍村1社,7,2026-03-31,07:30,0.059,0.0734
马鞍村1社,7,2026-03-31,07:45,0.0864,0.0882
马鞍村1社,7,2026-03-31,08:00,0.1001,0.1065
马鞍村1社,7,2026-03-31,08:15,0.1114,0.1187
马鞍村1社,7,2026-03-31,08:30,0.1168,0.1169
马鞍村1社,7,2026-03-31,08:45,0.1202,0.0933
马鞍村1社,7,2026-03-31,09:00,0.1117,0.0768
马鞍村1社,7,2026-03-31,09:15,0.0999,0.0328
马鞍村1社,7,2026-03-31,09:30,0.0882,0.0181
马鞍村1社,7,2026-03-31,09:45,0.0849,0.0511
马鞍村1社,7,2026-03-31,10:00,0.076,0.0387
马鞍村1社,7,2026-03-31,10:15,0.0549,0.07
马鞍村1社,7,2026-03-31,10:30,0.0515,0.0567
马鞍村1社,7,2026-03-31,10:45,0.0509,0.0339
马鞍村1社,7,2026-03-31,11:00,0.0542,0.0438
马鞍村1社,7,2026-03-31,11:15,0.0482,0.0437
马鞍村1社,7,2026-03-31,11:30,0.0501,0.028
马鞍村1社,7,2026-03-31,11:45,0.0561,0.0421
马鞍村1社,7,2026-03-31,12:00,0.0554,0.0348
马鞍村1社,7,2026-03-31,12:15,0.0576,0.0357
马鞍村1社,7,2026-03-31,12:30,0.048,0.0555
马鞍村1社,7,2026-03-31,12:45,0.0524,0.0368
马鞍村1社,7,2026-03-31,13:00,0.0609,0.0649
马鞍村1社,7,2026-03-31,13:15,0.0547,0.0591
马鞍村1社,7,2026-03-31,13:30,0.0573,0.0432
马鞍村1社,7,2026-03-31,13:45,0.0512,0.0527
马鞍村1社,7,2026-03-31,14:00,0.055,0.034
马鞍村1社,7,2026-03-31,14:15,0.0482,0.0404
马鞍村1社,7,2026-03-31,14:30,0.0483,0.0387
马鞍村1社,7,2026-03-31,14:45,0.0533,0.054
马鞍村1社,7,2026-03-31,15:00,0.0657,0.0595
马鞍村1社,7,2026-03-31,15:15,0.0597,0.052
马鞍村1社,7,2026-03-31,15:30,0.0703,0.1098
马鞍村1社,7,2026-03-31,15:45,0.0687,0.1235
马鞍村1社,7,2026-03-31,16:00,0.0761,0.1059
马鞍村1社,7,2026-03-31,16:15,0.0908,0.0494
马鞍村1社,7,2026-03-31,16:30,0.0912,0.1104
马鞍村1社,7,2026-03-31,16:45,0.0889,0.1074
马鞍村1社,7,2026-03-31,17:00,0.0865,0.0902
马鞍村1社,7,2026-03-31,17:15,0.1089,0.0967
马鞍村1社,7,2026-03-31,17:30,0.0983,0.0642
马鞍村1社,7,2026-03-31,17:45,0.0933,0.0554
马鞍村1社,7,2026-03-31,18:00,0.1034,0.0388
马鞍村1社,7,2026-03-31,18:15,0.0919,0.0623
马鞍村1社,7,2026-03-31,18:30,0.0785,0.1143
马鞍村1社,7,2026-03-31,18:45,0.0729,0.052
马鞍村1社,7,2026-03-31,19:00,0.0637,0.0739
马鞍村1社,7,2026-03-31,19:15,0.0561,0.0277
马鞍村1社,7,2026-03-31,19:30,0.0616,0.0323
马鞍村1社,7,2026-03-31,19:45,0.0666,0.0329
马鞍村1社,7,2026-03-31,20:00,0.0633,0.0777
马鞍村1社,7,2026-03-31,20:15,0.0703,0.034
马鞍村1社,7,2026-03-31,20:30,0.0519,0.0266
马鞍村1社,7,2026-03-31,20:45,0.0607,0.0359
马鞍村1社,7,2026-03-31,21:00,0.0532,0.0675
马鞍村1社,7,2026-03-31,21:15,0.049,0.0254
马鞍村1社,7,2026-03-31,21:30,0.0509,0.0418
马鞍村1社,7,2026-03-31,21:45,0.0468,0.0355
马鞍村1社,7,2026-03-31,22:00,0.0406,0.033
马鞍村1社,7,2026-03-31,22:15,0.0418,0.0365
马鞍村1社,7,2026-03-31,22:30,0.0484,0.0254
马鞍村1社,7,2026-03-31,22:45,0.0378,0.0171
马鞍村1社,7,2026-03-31,23:00,0.0393,0.0365
马鞍村1社,7,2026-03-31,23:15,0.0372,0.0323
马鞍村1社,7,2026-03-31,23:30,0.0368,0.0299
马鞍村1社,7,2026-03-31,23:45,0.0398,0.0221
马鞍村1社,8,2026-03-03,00:00,0.0346,0.0309
马鞍村1社,8,2026-03-03,00:15,0.0346,0.0327
马鞍村1社,8,2026-03-03,00:30,0.0345,0.0247
马鞍村1社,8,2026-03-03,00:45,0.0278,0.0239
马鞍村1社,8,2026-03-03,01:00,0.0285,0.0381
马鞍村1社,8,2026-03-03,01:15,0.032,0.0179
马鞍村1社,8,2026-03-03,01:30,0.0296,0.0319
马鞍村1社,8,2026-03-03,01:45,0.0247,0.0351
马鞍村1社,8,2026-03-03,02:00,0.0296,0.053
马鞍村1社,8,2026-03-03,02:15,0.0372,0.0388
马鞍村1社,8,2026-03-03,02:30,0.0254,0.0222
马鞍村1社,8,2026-03-03,02:45,0.0251,0.0326
马鞍村1社,8,2026-03-03,03:00,0.0286,0.0412
马鞍村1社,8,2026-03-03,03:15,0.0338,0.0274
马鞍村1社,8,2026-03-03,03:30,0.0361,0.0167
马鞍村1社,8,2026-03-03,03:45,0.0322,0.0348
马鞍村1社,8,2026-03-03,04:00,0.0245,0.0338
马鞍村1社,8,2026-03-03,04:15,0.0239,0.0137
马鞍村1社,8,2026-03-03,04:30,0.0325,0.042
马鞍村1社,8,2026-03-03,04:45,0.0353,0.033
马鞍村1社,8,2026-03-03,05:00,0.0338,0.0334
马鞍村1社,8,2026-03-03,05:15,0.0304,0.0199
马鞍村1社,8,2026-03-03,05:30,0.0308,0.0197
马鞍村1社,8,2026-03-03,05:45,0.0304,0.0338
马鞍村1社,8,2026-03-03,06:00,0.026,0.0232
马鞍村1社,8,2026-03-03,06:15,0.032,0.0181
马鞍村1社,8,2026-03-03,06:30,0.0387,0.029
马鞍村1社,8,2026-03-03,06:45,0.0403,0.0343
马鞍村1社,8,2026-03-03,07:00,0.0485,0.0206
马鞍村1社,8,2026-03-03,07:15,0.0635,0.0673
马鞍村1社,8,2026-03-03,07:30,0.0613,0.0416
马鞍村1社,8,2026-03-03,07:45,0.0911,0.0467
马鞍村1社,8,2026-03-03,08:00,0.096,0.1755
马鞍村1社,8,2026-03-03,08:15,0.1075,0.1008
马鞍村1社,8,2026-03-03,08:30,0.1072,0.1065
马鞍村1社,8,2026-03-03,08:45,0.124,0.12
马鞍村1社,8,2026-03-03,09:00,0.111,0.0628
马鞍村1社,8,2026-03-03,09:15,0.088,0.1286
马鞍村1社,8,2026-03-03,09:30,0.0732,0.1368
马鞍村1社,8,2026-03-03,09:45,0.0691,0.0606
马鞍村1社,8,2026-03-03,10:00,0.0625,0.0292
马鞍村1社,8,2026-03-03,10:15,0.0608,0.089
马鞍村1社,8,2026-03-03,10:30,0.0401,0.0412
马鞍村1社,8,2026-03-03,10:45,0.043,0.0305
马鞍村1社,8,2026-03-03,11:00,0.0503,0.0422
马鞍村1社,8,2026-03-03,11:15,0.0428,0.0522
马鞍村1社,8,2026-03-03,11:30,0.0534,0.0918
马鞍村1社,8,2026-03-03,11:45,0.0557,0.0293
马鞍村1社,8,2026-03-03,12:00,0.0586,0.0335
马鞍村1社,8,2026-03-03,12:15,0.0481,0.0403
马鞍村1社,8,2026-03-03,12:30,0.064,0.0415
马鞍村1社,8,2026-03-03,12:45,0.0479,0.0368
马鞍村1社,8,2026-03-03,13:00,0.0529,0.0409
马鞍村1社,8,2026-03-03,13:15,0.0578,0.0406
马鞍村1社,8,2026-03-03,13:30,0.0596,0.0696
马鞍村1社,8,2026-03-03,13:45,0.0482,0.0435
马鞍村1社,8,2026-03-03,14:00,0.0602,0.0808
马鞍村1社,8,2026-03-03,14:15,0.0492,0.1211
马鞍村1社,8,2026-03-03,14:30,0.0511,0.0898
马鞍村1社,8,2026-03-03,14:45,0.0552,0.1134
马鞍村1社,8,2026-03-03,15:00,0.0592,0.0651
马鞍村1社,8,2026-03-03,15:15,0.0531,0.0862
马鞍村1社,8,2026-03-03,15:30,0.0783,0.0529
马鞍村1社,8,2026-03-03,15:45,0.0728,0.0837
马鞍村1社,8,2026-03-03,16:00,0.0729,0.0597
马鞍村1社,8,2026-03-03,16:15,0.0853,0.1087
马鞍村1社,8,2026-03-03,16:30,0.0966,0.0957
马鞍村1社,8,2026-03-03,16:45,0.0889,0.0897
马鞍村1社,8,2026-03-03,17:00,0.0815,0.0898
马鞍村1社,8,2026-03-03,17:15,0.0944,0.102
马鞍村1社,8,2026-03-03,17:30,0.0945,0.1352
马鞍村1社,8,2026-03-03,17:45,0.0857,0.0971
马鞍村1社,8,2026-03-03,18:00,0.0883,0.0898
马鞍村1社,8,2026-03-03,18:15,0.0911,0.0289
马鞍村1社,8,2026-03-03,18:30,0.0787,0.0919
马鞍村1社,8,2026-03-03,18:45,0.0769,0.0519
马鞍村1社,8,2026-03-03,19:00,0.0708,0.0972
马鞍村1社,8,2026-03-03,19:15,0.0632,0.0517
马鞍村1社,8,2026-03-03,19:30,0.0571,0.0368
马鞍村1社,8,2026-03-03,19:45,0.0663,0.0418
马鞍村1社,8,2026-03-03,20:00,0.0581,0.0587
马鞍村1社,8,2026-03-03,20:15,0.066,0.0424
马鞍村1社,8,2026-03-03,20:30,0.0517,0.084
马鞍村1社,8,2026-03-03,20:45,0.0562,0.0471
马鞍村1社,8,2026-03-03,21:00,0.0531,0.0532
马鞍村1社,8,2026-03-03,21:15,0.0528,0.0466
马鞍村1社,8,2026-03-03,21:30,0.0569,0.0664
马鞍村1社,8,2026-03-03,21:45,0.0487,0.0515
马鞍村1社,8,2026-03-03,22:00,0.0464,0.0444
马鞍村1社,8,2026-03-03,22:15,0.044,0.0465
马鞍村1社,8,2026-03-03,22:30,0.0439,0.0433
马鞍村1社,8,2026-03-03,22:45,0.0415,0.0509
马鞍村1社,8,2026-03-03,23:00,0.039,0.0346
马鞍村1社,8,2026-03-03,23:15,0.0345,0.0396
马鞍村1社,8,2026-03-03,23:30,0.0352,0.0401
马鞍村1社,8,2026-03-03,23:45,0.0323,0.0278
马鞍村1社,8,2026-03-04,00:00,0.031,0.0295
马鞍村1社,8,2026-03-04,00:15,0.0383,0.037
马鞍村1社,8,2026-03-04,00:30,0.0351,0.0331
马鞍村1社,8,2026-03-04,00:45,0.0345,0.0311
马鞍村1社,8,2026-03-04,01:00,0.0306,0.022
马鞍村1社,8,2026-03-04,01:15,0.0353,0.0269
马鞍村1社,8,2026-03-04,01:30,0.0375,0.032
马鞍村1社,8,2026-03-04,01:45,0.0334,0.0353
马鞍村1社,8,2026-03-04,02:00,0.033,0.0284
马鞍村1社,8,2026-03-04,02:15,0.0368,0.025
马鞍村1社,8,2026-03-04,02:30,0.0304,0.0234
马鞍村1社,8,2026-03-04,02:45,0.031,0.0306
马鞍村1社,8,2026-03-04,03:00,0.0324,0.0201
马鞍村1社,8,2026-03-04,03:15,0.0275,0.0535
马鞍村1社,8,2026-03-04,03:30,0.031,0.0256
马鞍村1社,8,2026-03-04,03:45,0.0312,0.0209
马鞍村1社,8,2026-03-04,04:00,0.0322,0.0356
马鞍村1社,8,2026-03-04,04:15,0.0284,0.0225
马鞍村1社,8,2026-03-04,04:30,0.0276,0.0384
马鞍村1社,8,2026-03-04,04:45,0.0331,0.0327
马鞍村1社,8,2026-03-04,05:00,0.032,0.0249
马鞍村1社,8,2026-03-04,05:15,0.0311,0.0345
马鞍村1社,8,2026-03-04,05:30,0.0258,0.029
马鞍村1社,8,2026-03-04,05:45,0.0352,0.0374
马鞍村1社,8,2026-03-04,06:00,0.032,0.023
马鞍村1社,8,2026-03-04,06:15,0.0276,0.0259
马鞍村1社,8,2026-03-04,06:30,0.0319,0.0381
马鞍村1社,8,2026-03-04,06:45,0.0351,0.0179
马鞍村1社,8,2026-03-04,07:00,0.0537,0.0355
马鞍村1社,8,2026-03-04,07:15,0.0592,0.0559
马鞍村1社,8,2026-03-04,07:30,0.0637,0.0493
马鞍村1社,8,2026-03-04,07:45,0.0882,0.078
马鞍村1社,8,2026-03-04,08:00,0.1044,0.1085
马鞍村1社,8,2026-03-04,08:15,0.1206,0.1011
马鞍村1社,8,2026-03-04,08:30,0.1149,0.1005
马鞍村1社,8,2026-03-04,08:45,0.1129,0.1134
马鞍村1社,8,2026-03-04,09:00,0.1013,0.1307
马鞍村1社,8,2026-03-04,09:15,0.0893,0.0971
马鞍村1社,8,2026-03-04,09:30,0.0747,0.1372
马鞍村1社,8,2026-03-04,09:45,0.0684,0.054
马鞍村1社,8,2026-03-04,10:00,0.0657,0.0988
马鞍村1社,8,2026-03-04,10:15,0.0567,0.0525
马鞍村1社,8,2026-03-04,10:30,0.0518,0.0756
马鞍村1社,8,2026-03-04,10:45,0.0445,0.029
马鞍村1社,8,2026-03-04,11:00,0.0393,0.0271
马鞍村1社,8,2026-03-04,11:15,0.0468,0.0264
马鞍村1社,8,2026-03-04,11:30,0.0471,0.031
马鞍村1社,8,2026-03-04,11:45,0.0456,0.0243
马鞍村1社,8,2026-03-04,12:00,0.0478,0.047
马鞍村1社,8,2026-03-04,12:15,0.0522,0.0782
马鞍村1社,8,2026-03-04,12:30,0.0574,0.0427
马鞍村1社,8,2026-03-04,12:45,0.0537,0.0919
马鞍村1社,8,2026-03-04,13:00,0.0493,0.0564
马鞍村1社,8,2026-03-04,13:15,0.0498,0.0615
马鞍村1社,8,2026-03-04,13:30,0.0513,0.0235
马鞍村1社,8,2026-03-04,13:45,0.0491,0.0271
马鞍村1社,8,2026-03-04,14:00,0.0547,0.0558
马鞍村1社,8,2026-03-04,14:15,0.0468,0.0257
马鞍村1社,8,2026-03-04,14:30,0.0563,0.073
马鞍村1社,8,2026-03-04,14:45,0.0527,0.0263
马鞍村1社,8,2026-03-04,15:00,0.0617,0.0377
马鞍村1社,8,2026-03-04,15:15,0.062,0.0423
马鞍村1社,8,2026-03-04,15:30,0.0721,0.0239
马鞍村1社,8,2026-03-04,15:45,0.0674,0.0517
马鞍村1社,8,2026-03-04,16:00,0.0704,0.0867
马鞍村1社,8,2026-03-04,16:15,0.0779,0.0594
马鞍村1社,8,2026-03-04,16:30,0.0843,0.0619
马鞍村1社,8,2026-03-04,16:45,0.1005,0.1074
马鞍村1社,8,2026-03-04,17:00,0.084,0.1568
马鞍村1社,8,2026-03-04,17:15,0.0974,0.1227
马鞍村1社,8,2026-03-04,17:30,0.1149,0.142
马鞍村1社,8,2026-03-04,17:45,0.0887,0.0357
马鞍村1社,8,2026-03-04,18:00,0.0928,0.066
马鞍村1社,8,2026-03-04,18:15,0.0933,0.0879
马鞍村1社,8,2026-03-04,18:30,0.0815,0.1057
马鞍村1社,8,2026-03-04,18:45,0.0688,0.1334
马鞍村1社,8,2026-03-04,19:00,0.0667,0.0899
马鞍村1社,8,2026-03-04,19:15,0.066,0.0663
马鞍村1社,8,2026-03-04,19:30,0.0522,0.0397
马鞍村1社,8,2026-03-04,19:45,0.0683,0.0642
马鞍村1社,8,2026-03-04,20:00,0.0627,0.0488
马鞍村1社,8,2026-03-04,20:15,0.0754,0.0689
马鞍村1社,8,2026-03-04,20:30,0.0567,0.0715
马鞍村1社,8,2026-03-04,20:45,0.0561,0.0701
马鞍村1社,8,2026-03-04,21:00,0.0585,0.0325
马鞍村1社,8,2026-03-04,21:15,0.0548,0.0404
马鞍村1社,8,2026-03-04,21:30,0.0557,0.0441
马鞍村1社,8,2026-03-04,21:45,0.0419,0.0399
马鞍村1社,8,2026-03-04,22:00,0.0456,0.0293
马鞍村1社,8,2026-03-04,22:15,0.0496,0.0375
马鞍村1社,8,2026-03-04,22:30,0.0416,0.0328
马鞍村1社,8,2026-03-04,22:45,0.0371,0.0282
马鞍村1社,8,2026-03-04,23:00,0.0397,0.0389
马鞍村1社,8,2026-03-04,23:15,0.0331,0.0208
马鞍村1社,8,2026-03-04,23:30,0.0498,0.0339
马鞍村1社,8,2026-03-04,23:45,0.0328,0.047
马鞍村1社,8,2026-03-05,00:00,0.0351,0.0148
马鞍村1社,8,2026-03-05,00:15,0.0356,0.0224
马鞍村1社,8,2026-03-05,00:30,0.0398,0.0387
马鞍村1社,8,2026-03-05,00:45,0.034,0.0259
马鞍村1社,8,2026-03-05,01:00,0.0278,0.0309
马鞍村1社,8,2026-03-05,01:15,0.0314,0.0231
马鞍村1社,8,2026-03-05,01:30,0.0348,0.0414
马鞍村1社,8,2026-03-05,01:45,0.0314,0.0215
马鞍村1社,8,2026-03-05,02:00,0.0284,0.0157
马鞍村1社,8,2026-03-05,02:15,0.034,0.0362
马鞍村1社,8,2026-03-05,02:30,0.0264,0.0231
马鞍村1社,8,2026-03-05,02:45,0.0324,0.0277
马鞍村1社,8,2026-03-05,03:00,0.0306,0.033
马鞍村1社,8,2026-03-05,03:15,0.032,0.0261
马鞍村1社,8,2026-03-05,03:30,0.0295,0.0401
马鞍村1社,8,2026-03-05,03:45,0.0312,0.0238
马鞍村1社,8,2026-03-05,04:00,0.0267,0.0176
马鞍村1社,8,2026-03-05,04:15,0.0326,0.0299
马鞍村1社,8,2026-03-05,04:30,0.0272,0.015
马鞍村1社,8,2026-03-05,04:45,0.0258,0.0284
马鞍村1社,8,2026-03-05,05:00,0.0311,0.0194
马鞍村1社,8,2026-03-05,05:15,0.0287,0.026
马鞍村1社,8,2026-03-05,05:30,0.0286,0.0309
马鞍村1社,8,2026-03-05,05:45,0.0304,0.0235
马鞍村1社,8,2026-03-05,06:00,0.0246,0.0262
马鞍村1社,8,2026-03-05,06:15,0.0268,0.0304
马鞍村1社,8,2026-03-05,06:30,0.0346,0.0179
马鞍村1社,8,2026-03-05,06:45,0.0288,0.0169
马鞍村1社,8,2026-03-05,07:00,0.0496,0.0256
马鞍村1社,8,2026-03-05,07:15,0.0592,0.0594
马鞍村1社,8,2026-03-05,07:30,0.0642,0.0238
马鞍村1社,8,2026-03-05,07:45,0.089,0.0396
马鞍村1社,8,2026-03-05,08:00,0.1079,0.0824
马鞍村1社,8,2026-03-05,08:15,0.1126,0.1148
马鞍村1社,8,2026-03-05,08:30,0.1145,0.0888
马鞍村1社,8,2026-03-05,08:45,0.1229,0.1413
马鞍村1社,8,2026-03-05,09:00,0.1111,0.0857
马鞍村1社,8,2026-03-05,09:15,0.0963,0.2025
马鞍村1社,8,2026-03-05,09:30,0.0824,0.0755
马鞍村1社,8,2026-03-05,09:45,0.0826,0.0533
马鞍村1社,8,2026-03-05,10:00,0.0744,0.1445
马鞍村1社,8,2026-03-05,10:15,0.0545,0.1078
马鞍村1社,8,2026-03-05,10:30,0.0466,0.0745
马鞍村1社,8,2026-03-05,10:45,0.0482,0.0431
马鞍村1社,8,2026-03-05,11:00,0.0551,0.0504
马鞍村1社,8,2026-03-05,11:15,0.0433,0.0409
马鞍村1社,8,2026-03-05,11:30,0.0506,0.048
马鞍村1社,8,2026-03-05,11:45,0.0545,0.057
马鞍村1社,8,2026-03-05,12:00,0.057,0.0585
马鞍村1社,8,2026-03-05,12:15,0.0592,0.0474
马鞍村1社,8,2026-03-05,12:30,0.044,0.0512
马鞍村1社,8,2026-03-05,12:45,0.051,0.0366
马鞍村1社,8,2026-03-05,13:00,0.0567,0.0646
马鞍村1社,8,2026-03-05,13:15,0.0563,0.0502
马鞍村1社,8,2026-03-05,13:30,0.0571,0.0478
马鞍村1社,8,2026-03-05,13:45,0.0505,0.0281
马鞍村1社,8,2026-03-05,14:00,0.0564,0.0265
马鞍村1社,8,2026-03-05,14:15,0.0464,0.0503
马鞍村1社,8,2026-03-05,14:30,0.0467,0.0277
马鞍村1社,8,2026-03-05,14:45,0.0502,0.0299
马鞍村1社,8,2026-03-05,15:00,0.0646,0.0332
马鞍村1社,8,2026-03-05,15:15,0.0598,0.0391
马鞍村1社,8,2026-03-05,15:30,0.072,0.054
马鞍村1社,8,2026-03-05,15:45,0.0719,0.1014
马鞍村1社,8,2026-03-05,16:00,0.0747,0.0725
马鞍村1社,8,2026-03-05,16:15,0.0892,0.0919
马鞍村1社,8,2026-03-05,16:30,0.0881,0.1361
马鞍村1社,8,2026-03-05,16:45,0.0821,0.0982
马鞍村1社,8,2026-03-05,17:00,0.0816,0.0658
马鞍村1社,8,2026-03-05,17:15,0.1099,0.0606
马鞍村1社,8,2026-03-05,17:30,0.0947,0.0657
马鞍村1社,8,2026-03-05,17:45,0.0957,0.0345
马鞍村1社,8,2026-03-05,18:00,0.1016,0.0628
马鞍村1社,8,2026-03-05,18:15,0.0917,0.062
马鞍村1社,8,2026-03-05,18:30,0.0778,0.0508
马鞍村1社,8,2026-03-05,18:45,0.073,0.0443
马鞍村1社,8,2026-03-05,19:00,0.0608,0.0801
马鞍村1社,8,2026-03-05,19:15,0.058,0.047
马鞍村1社,8,2026-03-05,19:30,0.0632,0.0711
马鞍村1社,8,2026-03-05,19:45,0.0704,0.0504
马鞍村1社,8,2026-03-05,20:00,0.0653,0.0488
马鞍村1社,8,2026-03-05,20:15,0.0743,0.0423
马鞍村1社,8,2026-03-05,20:30,0.0571,0.0477
马鞍村1社,8,2026-03-05,20:45,0.0581,0.0406
马鞍村1社,8,2026-03-05,21:00,0.051,0.0378
马鞍村1社,8,2026-03-05,21:15,0.0489,0.0466
马鞍村1社,8,2026-03-05,21:30,0.0524,0.023
马鞍村1社,8,2026-03-05,21:45,0.049,0.0419
马鞍村1社,8,2026-03-05,22:00,0.0409,0.0482
马鞍村1社,8,2026-03-05,22:15,0.0461,0.0718
马鞍村1社,8,2026-03-05,22:30,0.0504,0.047
马鞍村1社,8,2026-03-05,22:45,0.0356,0.053
马鞍村1社,8,2026-03-05,23:00,0.0382,0.0423
马鞍村1社,8,2026-03-05,23:15,0.0389,0.0417
马鞍村1社,8,2026-03-05,23:30,0.0395,0.0245
马鞍村1社,8,2026-03-05,23:45,0.0395,0.0355
甘伍村3社,9,2026-03-07,00:00,0.0017,0.0005
甘伍村3社,9,2026-03-07,00:15,0.0014,0.0005
甘伍村3社,9,2026-03-07,00:30,0.0007,0.0005
甘伍村3社,9,2026-03-07,00:45,0.0007,0.0005
甘伍村3社,9,2026-03-07,01:00,-0.0006,0.0005
甘伍村3社,9,2026-03-07,01:15,0.0003,0.0005
甘伍村3社,9,2026-03-07,01:30,0.0006,0.0005
甘伍村3社,9,2026-03-07,01:45,0.0009,0.0005
甘伍村3社,9,2026-03-07,02:00,0.0004,0.0005
甘伍村3社,9,2026-03-07,02:15,0.0006,0.0005
甘伍村3社,9,2026-03-07,02:30,0.0002,0.0005
甘伍村3社,9,2026-03-07,02:45,0.0013,0.0005
甘伍村3社,9,2026-03-07,03:00,0.0009,0.0005
甘伍村3社,9,2026-03-07,03:15,0.0005,0.0005
甘伍村3社,9,2026-03-07,03:30,0.0006,0.0005
甘伍村3社,9,2026-03-07,03:45,-0.0001,0.0005
甘伍村3社,9,2026-03-07,04:00,0.0003,0.0005
甘伍村3社,9,2026-03-07,04:15,0.0002,0.0005
甘伍村3社,9,2026-03-07,04:30,0.0002,0.0005
甘伍村3社,9,2026-03-07,04:45,0.0002,0.0005
甘伍村3社,9,2026-03-07,05:00,0.0009,0.0005
甘伍村3社,9,2026-03-07,05:15,0.0004,0.0005
甘伍村3社,9,2026-03-07,05:30,0.0005,0.0005
甘伍村3社,9,2026-03-07,05:45,-0.0003,0.0005
甘伍村3社,9,2026-03-07,06:00,0.001,0.0005
甘伍村3社,9,2026-03-07,06:15,-0.0001,0.0005
甘伍村3社,9,2026-03-07,06:30,-0.0006,0.0005
甘伍村3社,9,2026-03-07,06:45,0.0005,0.0005
甘伍村3社,9,2026-03-07,07:00,-0.0004,0.0005
甘伍村3社,9,2026-03-07,07:15,-0.0009,0.0005
甘伍村3社,9,2026-03-07,07:30,0.0011,0.0005
甘伍村3社,9,2026-03-07,07:45,0.0011,0.0005
甘伍村3社,9,2026-03-07,08:00,0.0003,0.0005
甘伍村3社,9,2026-03-07,08:15,0.0014,0.0005
甘伍村3社,9,2026-03-07,08:30,0.0021,0.0005
甘伍村3社,9,2026-03-07,08:45,0.0012,0.0005
甘伍村3社,9,2026-03-07,09:00,0.0031,0.0005
甘伍村3社,9,2026-03-07,09:15,0.0035,0.0005
甘伍村3社,9,2026-03-07,09:30,0.0039,0.0005
甘伍村3社,9,2026-03-07,09:45,0.0037,0.0005
甘伍村3社,9,2026-03-07,10:00,0.0075,0.0005
甘伍村3社,9,2026-03-07,10:15,0.0079,0.0005
甘伍村3社,9,2026-03-07,10:30,0.0107,0.0005
甘伍村3社,9,2026-03-07,10:45,0.0115,0.0005
甘伍村3社,9,2026-03-07,11:00,0.01,0.0005
甘伍村3社,9,2026-03-07,11:15,0.0125,0.0005
甘伍村3社,9,2026-03-07,11:30,0.0122,0.001
甘伍村3社,9,2026-03-07,11:45,0.0119,0.0005
甘伍村3社,9,2026-03-07,12:00,0.0084,0.0005
甘伍村3社,9,2026-03-07,12:15,0.0076,0.0006
甘伍村3社,9,2026-03-07,12:30,0.0083,0.0005
甘伍村3社,9,2026-03-07,12:45,0.0071,0.0005
甘伍村3社,9,2026-03-07,13:00,0.0026,0.0005
甘伍村3社,9,2026-03-07,13:15,0.0032,0.0005
甘伍村3社,9,2026-03-07,13:30,0.0047,0.0005
甘伍村3社,9,2026-03-07,13:45,0.0029,0.0005
甘伍村3社,9,2026-03-07,14:00,0.0024,0.0005
甘伍村3社,9,2026-03-07,14:15,0.0035,0.0005
甘伍村3社,9,2026-03-07,14:30,0.0024,0.0005
甘伍村3社,9,2026-03-07,14:45,0.0016,0.0005
甘伍村3社,9,2026-03-07,15:00,0.0014,0.0005
甘伍村3社,9,2026-03-07,15:15,0.0019,0.0005
甘伍村3社,9,2026-03-07,15:30,0.0005,0.0005
甘伍村3社,9,2026-03-07,15:45,0.0019,0.0005
甘伍村3社,9,2026-03-07,16:00,0.002,0.0005
甘伍村3社,9,2026-03-07,16:15,0.0009,0.0005
甘伍村3社,9,2026-03-07,16:30,-0.0011,0.0005
甘伍村3社,9,2026-03-07,16:45,0.0017,0.0005
甘伍村3社,9,2026-03-07,17:00,0.0031,0.0005
甘伍村3社,9,2026-03-07,17:15,0.0007,0.0005
甘伍村3社,9,2026-03-07,17:30,0.0017,0.0005
甘伍村3社,9,2026-03-07,17:45,0.0024,0.0005
甘伍村3社,9,2026-03-07,18:00,0.0021,0.0005
甘伍村3社,9,2026-03-07,18:15,0.0009,0.0005
甘伍村3社,9,2026-03-07,18:30,0.001,0.0006
甘伍村3社,9,2026-03-07,18:45,0.0006,0.0005
甘伍村3社,9,2026-03-07,19:00,0.0005,0.0005
甘伍村3社,9,2026-03-07,19:15,0.0006,0.0005
甘伍村3社,9,2026-03-07,19:30,-0.0009,0.0005
甘伍村3社,9,2026-03-07,19:45,0.0,0.0005
甘伍村3社,9,2026-03-07,20:00,-0.0004,0.0005
甘伍村3社,9,2026-03-07,20:15,0.001,0.0005
甘伍村3社,9,2026-03-07,20:30,0.0007,0.0005
甘伍村3社,9,2026-03-07,20:45,0.0015,0.0005
甘伍村3社,9,2026-03-07,21:00,-0.0002,0.0005
甘伍村3社,9,2026-03-07,21:15,0.0004,0.0005
甘伍村3社,9,2026-03-07,21:30,0.0004,0.0005
甘伍村3社,9,2026-03-07,21:45,0.0004,0.0005
甘伍村3社,9,2026-03-07,22:00,0.0007,0.0005
甘伍村3社,9,2026-03-07,22:15,-0.0005,0.0005
甘伍村3社,9,2026-03-07,22:30,0.0015,0.0005
甘伍村3社,9,2026-03-07,22:45,0.0009,0.0005
甘伍村3社,9,2026-03-07,23:00,0.0,0.0005
甘伍村3社,9,2026-03-07,23:15,0.0004,0.0005
甘伍村3社,9,2026-03-07,23:30,0.0006,0.0005
甘伍村3社,9,2026-03-07,23:45,0.0003,0.0005
甘伍村3社,9,2026-03-08,00:00,0.0008,0.0005
甘伍村3社,9,2026-03-08,00:15,0.0005,0.0005
甘伍村3社,9,2026-03-08,00:30,0.0001,0.0005
甘伍村3社,9,2026-03-08,00:45,0.0006,0.0005
甘伍村3社,9,2026-03-08,01:00,-0.0002,0.0005
甘伍村3社,9,2026-03-08,01:15,0.0012,0.0005
甘伍村3社,9,2026-03-08,01:30,-0.0001,0.0005
甘伍村3社,9,2026-03-08,01:45,0.0005,0.0005
甘伍村3社,9,2026-03-08,02:00,0.0003,0.0005
甘伍村3社,9,2026-03-08,02:15,0.001,0.0005
甘伍村3社,9,2026-03-08,02:30,0.0003,0.0005
甘伍村3社,9,2026-03-08,02:45,0.0006,0.0005
甘伍村3社,9,2026-03-08,03:00,0.0004,0.0005
甘伍村3社,9,2026-03-08,03:15,0.0013,0.0005
甘伍村3社,9,2026-03-08,03:30,0.0001,0.0005
甘伍村3社,9,2026-03-08,03:45,0.001,0.0005
甘伍村3社,9,2026-03-08,04:00,0.0011,0.0005
甘伍村3社,9,2026-03-08,04:15,-0.0001,0.0005
甘伍村3社,9,2026-03-08,04:30,-0.0002,0.0005
甘伍村3社,9,2026-03-08,04:45,0.0005,0.0005
甘伍村3社,9,2026-03-08,05:00,0.0004,0.0005
甘伍村3社,9,2026-03-08,05:15,0.0006,0.0005
甘伍村3社,9,2026-03-08,05:30,0.0011,0.0005
甘伍村3社,9,2026-03-08,05:45,0.0005,0.0005
甘伍村3社,9,2026-03-08,06:00,0.0001,0.0005
甘伍村3社,9,2026-03-08,06:15,0.0007,0.0005
甘伍村3社,9,2026-03-08,06:30,-0.0002,0.0005
甘伍村3社,9,2026-03-08,06:45,0.0006,0.0005
甘伍村3社,9,2026-03-08,07:00,0.0001,0.0005
甘伍村3社,9,2026-03-08,07:15,0.0004,0.0008
甘伍村3社,9,2026-03-08,07:30,0.0015,0.0008
甘伍村3社,9,2026-03-08,07:45,-0.0003,0.0008
甘伍村3社,9,2026-03-08,08:00,0.0005,0.0007
甘伍村3社,9,2026-03-08,08:15,0.0001,0.0007
甘伍村3社,9,2026-03-08,08:30,0.0002,0.0006
甘伍村3社,9,2026-03-08,08:45,0.0017,0.0005
甘伍村3社,9,2026-03-08,09:00,0.0038,0.0005
甘伍村3社,9,2026-03-08,09:15,0.0036,0.0005
甘伍村3社,9,2026-03-08,09:30,0.0031,0.0005
甘伍村3社,9,2026-03-08,09:45,0.003,0.0005
甘伍村3社,9,2026-03-08,10:00,0.0068,0.0005
甘伍村3社,9,2026-03-08,10:15,0.0087,0.0005
甘伍村3社,9,2026-03-08,10:30,0.0094,0.0005
甘伍村3社,9,2026-03-08,10:45,0.0114,0.0005
甘伍村3社,9,2026-03-08,11:00,0.0102,0.0005
甘伍村3社,9,2026-03-08,11:15,0.0143,0.0005
甘伍村3社,9,2026-03-08,11:30,0.0119,0.0005
甘伍村3社,9,2026-03-08,11:45,0.0109,0.0005
甘伍村3社,9,2026-03-08,12:00,0.009,0.0005
甘伍村3社,9,2026-03-08,12:15,0.0078,0.0005
甘伍村3社,9,2026-03-08,12:30,0.0069,0.0005
甘伍村3社,9,2026-03-08,12:45,0.0073,0.0005
甘伍村3社,9,2026-03-08,13:00,0.0023,0.0005
甘伍村3社,9,2026-03-08,13:15,0.0042,0.0005
甘伍村3社,9,2026-03-08,13:30,0.0039,0.0005
甘伍村3社,9,2026-03-08,13:45,0.004,0.0005
甘伍村3社,9,2026-03-08,14:00,0.0044,0.0005
甘伍村3社,9,2026-03-08,14:15,0.0041,0.0005
甘伍村3社,9,2026-03-08,14:30,0.0033,0.0005
甘伍村3社,9,2026-03-08,14:45,0.0023,0.0005
甘伍村3社,9,2026-03-08,15:00,0.0007,0.0005
甘伍村3社,9,2026-03-08,15:15,0.0025,0.0005
甘伍村3社,9,2026-03-08,15:30,0.0003,0.0005
甘伍村3社,9,2026-03-08,15:45,0.0023,0.0005
甘伍村3社,9,2026-03-08,16:00,0.0007,0.0005
甘伍村3社,9,2026-03-08,16:15,0.0014,0.0005
甘伍村3社,9,2026-03-08,16:30,0.0015,0.0005
甘伍村3社,9,2026-03-08,16:45,0.0016,0.0005
甘伍村3社,9,2026-03-08,17:00,0.0031,0.0005
甘伍村3社,9,2026-03-08,17:15,0.001,0.0005
甘伍村3社,9,2026-03-08,17:30,0.0014,0.0005
甘伍村3社,9,2026-03-08,17:45,0.0016,0.0005
甘伍村3社,9,2026-03-08,18:00,0.0021,0.0005
甘伍村3社,9,2026-03-08,18:15,0.0012,0.0005
甘伍村3社,9,2026-03-08,18:30,0.0003,0.0005
甘伍村3社,9,2026-03-08,18:45,-0.0007,0.0005
甘伍村3社,9,2026-03-08,19:00,-0.0005,0.0005
甘伍村3社,9,2026-03-08,19:15,0.0005,0.0005
甘伍村3社,9,2026-03-08,19:30,0.0008,0.0005
甘伍村3社,9,2026-03-08,19:45,0.0002,0.0005
甘伍村3社,9,2026-03-08,20:00,0.0025,0.0005
甘伍村3社,9,2026-03-08,20:15,0.001,0.0005
甘伍村3社,9,2026-03-08,20:30,0.0007,0.0005
甘伍村3社,9,2026-03-08,20:45,0.001,0.0005
甘伍村3社,9,2026-03-08,21:00,0.001,0.0005
甘伍村3社,9,2026-03-08,21:15,-0.0003,0.0005
甘伍村3社,9,2026-03-08,21:30,0.0004,0.0005
甘伍村3社,9,2026-03-08,21:45,0.0013,0.0005
甘伍村3社,9,2026-03-08,22:00,-0.0003,0.0005
甘伍村3社,9,2026-03-08,22:15,-0.0003,0.0005
甘伍村3社,9,2026-03-08,22:30,0.0006,0.0005
甘伍村3社,9,2026-03-08,22:45,0.0013,0.0005
甘伍村3社,9,2026-03-08,23:00,0.001,0.0005
甘伍村3社,9,2026-03-08,23:15,0.0009,0.0005
甘伍村3社,9,2026-03-08,23:30,0.0011,0.0005
甘伍村3社,9,2026-03-08,23:45,-0.0003,0.0005
甘伍村3社,9,2026-03-09,00:00,0.0011,0.0005
甘伍村3社,9,2026-03-09,00:15,0.0,0.0005
甘伍村3社,9,2026-03-09,00:30,0.0008,0.0005
甘伍村3社,9,2026-03-09,00:45,0.0003,0.0006
甘伍村3社,9,2026-03-09,01:00,0.0009,0.0006
甘伍村3社,9,2026-03-09,01:15,0.0,0.0006
甘伍村3社,9,2026-03-09,01:30,-0.0007,0.0006
甘伍村3社,9,2026-03-09,01:45,0.0005,0.0006
甘伍村3社,9,2026-03-09,02:00,0.0007,0.0006
甘伍村3社,9,2026-03-09,02:15,0.0021,0.0006
甘伍村3社,9,2026-03-09,02:30,0.0008,0.0006
甘伍村3社,9,2026-03-09,02:45,0.001,0.0006
甘伍村3社,9,2026-03-09,03:00,0.0008,0.0006
甘伍村3社,9,2026-03-09,03:15,0.0011,0.0006
甘伍村3社,9,2026-03-09,03:30,0.0002,0.0006
甘伍村3社,9,2026-03-09,03:45,0.0007,0.0005
甘伍村3社,9,2026-03-09,04:00,0.0002,0.0006
甘伍村3社,9,2026-03-09,04:15,0.0008,0.0006
甘伍村3社,9,2026-03-09,04:30,0.0013,0.0005
甘伍村3社,9,2026-03-09,04:45,0.0001,0.0005
甘伍村3社,9,2026-03-09,05:00,0.0007,0.0005
甘伍村3社,9,2026-03-09,05:15,0.0008,0.0005
甘伍村3社,9,2026-03-09,05:30,0.0004,0.0005
甘伍村3社,9,2026-03-09,05:45,-0.0001,0.0005
甘伍村3社,9,2026-03-09,06:00,0.0,0.0005
甘伍村3社,9,2026-03-09,06:15,0.0014,0.0005
甘伍村3社,9,2026-03-09,06:30,-0.0003,0.0005
甘伍村3社,9,2026-03-09,06:45,0.0009,0.0005
甘伍村3社,9,2026-03-09,07:00,-0.0012,0.0005
甘伍村3社,9,2026-03-09,07:15,0.0006,0.0005
甘伍村3社,9,2026-03-09,07:30,0.001,0.0005
甘伍村3社,9,2026-03-09,07:45,0.0006,0.0006
甘伍村3社,9,2026-03-09,08:00,0.0002,0.0008
甘伍村3社,9,2026-03-09,08:15,0.0003,0.0008
甘伍村3社,9,2026-03-09,08:30,0.0018,0.0007
甘伍村3社,9,2026-03-09,08:45,0.0005,0.0006
甘伍村3社,9,2026-03-09,09:00,0.0043,0.0006
甘伍村3社,9,2026-03-09,09:15,0.0047,0.0006
甘伍村3社,9,2026-03-09,09:30,0.0038,0.0006
甘伍村3社,9,2026-03-09,09:45,0.0043,0.0006
甘伍村3社,9,2026-03-09,10:00,0.0054,0.0006
甘伍村3社,9,2026-03-09,10:15,0.0082,0.0006
甘伍村3社,9,2026-03-09,10:30,0.0102,0.0006
甘伍村3社,9,2026-03-09,10:45,0.0116,0.0006
甘伍村3社,9,2026-03-09,11:00,0.0112,0.0006
甘伍村3社,9,2026-03-09,11:15,0.0136,0.0005
甘伍村3社,9,2026-03-09,11:30,0.014,0.0006
甘伍村3社,9,2026-03-09,11:45,0.0119,0.0005
甘伍村3社,9,2026-03-09,12:00,0.0088,0.0005
甘伍村3社,9,2026-03-09,12:15,0.0067,0.0006
甘伍村3社,9,2026-03-09,12:30,0.0076,0.0005
甘伍村3社,9,2026-03-09,12:45,0.0074,0.0005
甘伍村3社,9,2026-03-09,13:00,0.0035,0.0005
甘伍村3社,9,2026-03-09,13:15,0.0038,0.0005
甘伍村3社,9,2026-03-09,13:30,0.0035,0.0005
甘伍村3社,9,2026-03-09,13:45,0.0045,0.0005
甘伍村3社,9,2026-03-09,14:00,0.003,0.0005
甘伍村3社,9,2026-03-09,14:15,0.0031,0.0005
甘伍村3社,9,2026-03-09,14:30,0.0016,0.0005
甘伍村3社,9,2026-03-09,14:45,0.0019,0.0005
甘伍村3社,9,2026-03-09,15:00,0.0014,0.0005
甘伍村3社,9,2026-03-09,15:15,0.0022,0.0005
甘伍村3社,9,2026-03-09,15:30,0.001,0.0005
甘伍村3社,9,2026-03-09,15:45,0.0011,0.0005
甘伍村3社,9,2026-03-09,16:00,0.0018,0.0005
甘伍村3社,9,2026-03-09,16:15,0.0007,0.0005
甘伍村3社,9,2026-03-09,16:30,0.0024,0.0005
甘伍村3社,9,2026-03-09,16:45,0.0013,0.0005
甘伍村3社,9,2026-03-09,17:00,0.0032,0.0005
甘伍村3社,9,2026-03-09,17:15,0.0026,0.0005
甘伍村3社,9,2026-03-09,17:30,0.0017,0.0005
甘伍村3社,9,2026-03-09,17:45,0.0019,0.0005
甘伍村3社,9,2026-03-09,18:00,0.0027,0.0005
甘伍村3社,9,2026-03-09,18:15,0.0025,0.0005
甘伍村3社,9,2026-03-09,18:30,0.001,0.0006
甘伍村3社,9,2026-03-09,18:45,0.0017,0.0006
甘伍村3社,9,2026-03-09,19:00,0.0005,0.0005
甘伍村3社,9,2026-03-09,19:15,0.0007,0.0005
甘伍村3社,9,2026-03-09,19:30,0.0011,0.001
甘伍村3社,9,2026-03-09,19:45,0.0008,0.0005
甘伍村3社,9,2026-03-09,20:00,0.0003,0.0005
甘伍村3社,9,2026-03-09,20:15,0.0018,0.0005
甘伍村3社,9,2026-03-09,20:30,0.0005,0.0005
甘伍村3社,9,2026-03-09,20:45,0.0003,0.0005
甘伍村3社,9,2026-03-09,21:00,0.0005,0.0005
甘伍村3社,9,2026-03-09,21:15,0.0013,0.0005
甘伍村3社,9,2026-03-09,21:30,0.0006,0.0005
甘伍村3社,9,2026-03-09,21:45,0.0007,0.0005
甘伍村3社,9,2026-03-09,22:00,0.0003,0.0005
甘伍村3社,9,2026-03-09,22:15,0.0005,0.0005
甘伍村3社,9,2026-03-09,22:30,0.0006,0.0005
甘伍村3社,9,2026-03-09,22:45,0.0015,0.0005
甘伍村3社,9,2026-03-09,23:00,0.0001,0.0005
甘伍村3社,9,2026-03-09,23:15,0.0008,0.0005
甘伍村3社,9,2026-03-09,23:30,-0.0002,0.0005
甘伍村3社,9,2026-03-09,23:45,0.0006,0.0006
幸福村4社,10,2026-01-22,00:00,0.0008,0.0015
幸福村4社,10,2026-01-22,00:15,0.0007,0.0008
幸福村4社,10,2026-01-22,00:30,0.0011,0.0008
幸福村4社,10,2026-01-22,00:45,0.0006,0.0008
幸福村4社,10,2026-01-22,01:00,0.0011,0.0008
幸福村4社,10,2026-01-22,01:15,0.0003,0.0008
幸福村4社,10,2026-01-22,01:30,0.0001,0.0008
幸福村4社,10,2026-01-22,01:45,0.0005,0.0008
幸福村4社,10,2026-01-22,02:00,0.0008,0.0008
幸福村4社,10,2026-01-22,02:15,0.0006,0.0008
幸福村4社,10,2026-01-22,02:30,0.0008,0.0008
幸福村4社,10,2026-01-22,02:45,0.0001,0.0008
幸福村4社,10,2026-01-22,03:00,0.0008,0.0008
幸福村4社,10,2026-01-22,03:15,0.0004,0.0008
幸福村4社,10,2026-01-22,03:30,0.0009,0.0008
幸福村4社,10,2026-01-22,03:45,0.0008,0.0008
幸福村4社,10,2026-01-22,04:00,0.0009,0.0008
幸福村4社,10,2026-01-22,04:15,0.0003,0.0008
幸福村4社,10,2026-01-22,04:30,0.0009,0.0008
幸福村4社,10,2026-01-22,04:45,0.0004,0.0008
幸福村4社,10,2026-01-22,05:00,0.0,0.0008
幸福村4社,10,2026-01-22,05:15,0.0014,0.0008
幸福村4社,10,2026-01-22,05:30,0.0007,0.0008
幸福村4社,10,2026-01-22,05:45,0.0003,0.0008
幸福村4社,10,2026-01-22,06:00,0.0003,0.0008
幸福村4社,10,2026-01-22,06:15,0.0009,0.0008
幸福村4社,10,2026-01-22,06:30,0.0014,0.0008
幸福村4社,10,2026-01-22,06:45,0.0006,0.0008
幸福村4社,10,2026-01-22,07:00,0.0011,0.0008
幸福村4社,10,2026-01-22,07:15,0.0015,0.0008
幸福村4社,10,2026-01-22,07:30,0.0006,0.0008
幸福村4社,10,2026-01-22,07:45,0.002,0.001
幸福村4社,10,2026-01-22,08:00,0.0019,0.0007
幸福村4社,10,2026-01-22,08:15,0.0013,0.0007
幸福村4社,10,2026-01-22,08:30,0.0015,0.0007
幸福村4社,10,2026-01-22,08:45,0.0018,0.0146
幸福村4社,10,2026-01-22,09:00,0.0013,0.0144
幸福村4社,10,2026-01-22,09:15,0.0014,0.0004
幸福村4社,10,2026-01-22,09:30,0.0004,0.0004
幸福村4社,10,2026-01-22,09:45,0.0007,0.0004
幸福村4社,10,2026-01-22,10:00,0.001,0.0004
幸福村4社,10,2026-01-22,10:15,0.0019,0.0005
幸福村4社,10,2026-01-22,10:30,0.0005,0.0008
幸福村4社,10,2026-01-22,10:45,0.0014,0.0006
幸福村4社,10,2026-01-22,11:00,0.0013,0.0005
幸福村4社,10,2026-01-22,11:15,0.0003,0.0005
幸福村4社,10,2026-01-22,11:30,0.0011,0.0004
幸福村4社,10,2026-01-22,11:45,0.0014,0.0004
幸福村4社,10,2026-01-22,12:00,0.0011,0.0005
幸福村4社,10,2026-01-22,12:15,0.0004,0.0009
幸福村4社,10,2026-01-22,12:30,0.0007,0.0004
幸福村4社,10,2026-01-22,12:45,0.0006,0.0004
幸福村4社,10,2026-01-22,13:00,0.0007,0.0004
幸福村4社,10,2026-01-22,13:15,0.0007,0.0004
幸福村4社,10,2026-01-22,13:30,0.0007,0.0004
幸福村4社,10,2026-01-22,13:45,0.0011,0.0004
幸福村4社,10,2026-01-22,14:00,0.0015,0.0004
幸福村4社,10,2026-01-22,14:15,0.001,0.0004
幸福村4社,10,2026-01-22,14:30,0.0007,0.0004
幸福村4社,10,2026-01-22,14:45,0.0008,0.0004
幸福村4社,10,2026-01-22,15:00,0.0003,0.0004
幸福村4社,10,2026-01-22,15:15,0.0007,0.0004
幸福村4社,10,2026-01-22,15:30,0.0007,0.0004
幸福村4社,10,2026-01-22,15:45,0.0008,0.0009
幸福村4社,10,2026-01-22,16:00,0.0009,0.0009
幸福村4社,10,2026-01-22,16:15,0.001,0.0009
幸福村4社,10,2026-01-22,16:30,0.0016,0.0009
幸福村4社,10,2026-01-22,16:45,0.0005,0.0009
幸福村4社,10,2026-01-22,17:00,0.0011,0.0011
幸福村4社,10,2026-01-22,17:15,0.0016,0.0009
幸福村4社,10,2026-01-22,17:30,0.0006,0.0009
幸福村4社,10,2026-01-22,17:45,0.0008,0.0009
幸福村4社,10,2026-01-22,18:00,0.0001,0.0011
幸福村4社,10,2026-01-22,18:15,0.0008,0.0011
幸福村4社,10,2026-01-22,18:30,0.0011,0.0146
幸福村4社,10,2026-01-22,18:45,0.0006,0.0158
幸福村4社,10,2026-01-22,19:00,0.0007,0.0158
幸福村4社,10,2026-01-22,19:15,0.0027,0.0017
幸福村4社,10,2026-01-22,19:30,0.0017,0.0023
幸福村4社,10,2026-01-22,19:45,0.0024,0.0023
幸福村4社,10,2026-01-22,20:00,0.0029,0.0026
幸福村4社,10,2026-01-22,20:15,0.0018,0.0028
幸福村4社,10,2026-01-22,20:30,0.001,0.0028
幸福村4社,10,2026-01-22,20:45,0.001,0.0028
幸福村4社,10,2026-01-22,21:00,0.0025,0.0025
幸福村4社,10,2026-01-22,21:15,0.0011,0.0025
幸福村4社,10,2026-01-22,21:30,0.002,0.0026
幸福村4社,10,2026-01-22,21:45,0.0019,0.0022
幸福村4社,10,2026-01-22,22:00,0.0013,0.0022
幸福村4社,10,2026-01-22,22:15,0.0018,0.0017
幸福村4社,10,2026-01-22,22:30,0.0013,0.0015
幸福村4社,10,2026-01-22,22:45,0.0012,0.0012
幸福村4社,10,2026-01-22,23:00,0.001,0.0012
幸福村4社,10,2026-01-22,23:15,0.0017,0.0012
幸福村4社,10,2026-01-22,23:30,0.001,0.0004
幸福村4社,10,2026-01-22,23:45,0.001,0.0004
幸福村4社,10,2026-01-23,00:00,0.0009,0.0004
幸福村4社,10,2026-01-23,00:15,0.0011,0.0004
幸福村4社,10,2026-01-23,00:30,0.0012,0.0004
幸福村4社,10,2026-01-23,00:45,0.0005,0.0004
幸福村4社,10,2026-01-23,01:00,0.0011,0.0004
幸福村4社,10,2026-01-23,01:15,0.0011,0.0004
幸福村4社,10,2026-01-23,01:30,0.001,0.0004
幸福村4社,10,2026-01-23,01:45,0.0004,0.0004
幸福村4社,10,2026-01-23,02:00,0.0005,0.0004
幸福村4社,10,2026-01-23,02:15,0.0007,0.0004
幸福村4社,10,2026-01-23,02:30,0.0008,0.0004
幸福村4社,10,2026-01-23,02:45,0.0004,0.0004
幸福村4社,10,2026-01-23,03:00,0.0007,0.0004
幸福村4社,10,2026-01-23,03:15,0.0004,0.0004
幸福村4社,10,2026-01-23,03:30,0.0014,0.0004
幸福村4社,10,2026-01-23,03:45,0.0009,0.0004
幸福村4社,10,2026-01-23,04:00,0.0006,0.0004
幸福村4社,10,2026-01-23,04:15,0.0007,0.0004
幸福村4社,10,2026-01-23,04:30,0.0006,0.0004
幸福村4社,10,2026-01-23,04:45,0.0009,0.0004
幸福村4社,10,2026-01-23,05:00,0.0005,0.0004
幸福村4社,10,2026-01-23,05:15,0.0005,0.0004
幸福村4社,10,2026-01-23,05:30,-0.0001,0.0004
幸福村4社,10,2026-01-23,05:45,0.0006,0.0004
幸福村4社,10,2026-01-23,06:00,0.0006,0.0004
幸福村4社,10,2026-01-23,06:15,0.0008,0.0004
幸福村4社,10,2026-01-23,06:30,0.0009,0.0004
幸福村4社,10,2026-01-23,06:45,0.0008,0.0004
幸福村4社,10,2026-01-23,07:00,0.0003,0.0004
幸福村4社,10,2026-01-23,07:15,0.0003,0.0004
幸福村4社,10,2026-01-23,07:30,0.0011,0.0004
幸福村4社,10,2026-01-23,07:45,0.0019,0.0004
幸福村4社,10,2026-01-23,08:00,0.0014,0.0004
幸福村4社,10,2026-01-23,08:15,0.0006,0.0004
幸福村4社,10,2026-01-23,08:30,0.0025,0.0007
幸福村4社,10,2026-01-23,08:45,0.0012,0.0015
幸福村4社,10,2026-01-23,09:00,0.0008,0.0012
幸福村4社,10,2026-01-23,09:15,0.002,0.0147
幸福村4社,10,2026-01-23,09:30,0.0017,0.0148
幸福村4社,10,2026-01-23,09:45,0.0017,0.0148
幸福村4社,10,2026-01-23,10:00,0.0023,0.0011
幸福村4社,10,2026-01-23,10:15,0.0023,0.001
幸福村4社,10,2026-01-23,10:30,0.0021,0.0012
幸福村4社,10,2026-01-23,10:45,0.0018,0.0012
幸福村4社,10,2026-01-23,11:00,0.0014,0.001
幸福村4社,10,2026-01-23,11:15,0.0011,0.0009
幸福村4社,10,2026-01-23,11:30,0.0015,0.0004
幸福村4社,10,2026-01-23,11:45,0.0021,0.0005
幸福村4社,10,2026-01-23,12:00,0.0007,0.0004
幸福村4社,10,2026-01-23,12:15,0.0003,0.0004
幸福村4社,10,2026-01-23,12:30,0.001,0.0004
幸福村4社,10,2026-01-23,12:45,0.0003,0.0004
幸福村4社,10,2026-01-23,13:00,-0.0002,0.0004
幸福村4社,10,2026-01-23,13:15,0.0002,0.0008
幸福村4社,10,2026-01-23,13:30,0.0006,0.0009
幸福村4社,10,2026-01-23,13:45,0.0012,0.0009
幸福村4社,10,2026-01-23,14:00,0.0015,0.0009
幸福村4社,10,2026-01-23,14:15,0.0007,0.0009
幸福村4社,10,2026-01-23,14:30,0.0009,0.0009
幸福村4社,10,2026-01-23,14:45,0.0008,0.0009
幸福村4社,10,2026-01-23,15:00,0.0009,0.0009
幸福村4社,10,2026-01-23,15:15,0.0009,0.0009
幸福村4社,10,2026-01-23,15:30,0.0007,0.0009
幸福村4社,10,2026-01-23,15:45,0.0011,0.0009
幸福村4社,10,2026-01-23,16:00,0.0013,0.0009
幸福村4社,10,2026-01-23,16:15,0.0013,0.0012
幸福村4社,10,2026-01-23,16:30,0.0007,0.0009
幸福村4社,10,2026-01-23,16:45,0.001,0.0009
幸福村4社,10,2026-01-23,17:00,0.0007,0.0147
幸福村4社,10,2026-01-23,17:15,0.0008,0.0149
幸福村4社,10,2026-01-23,17:30,0.0017,0.015
幸福村4社,10,2026-01-23,17:45,0.0016,0.0254
幸福村4社,10,2026-01-23,18:00,0.0013,0.0011
幸福村4社,10,2026-01-23,18:15,0.0006,0.0013
幸福村4社,10,2026-01-23,18:30,0.0016,0.0015
幸福村4社,10,2026-01-23,18:45,0.0007,0.0016
幸福村4社,10,2026-01-23,19:00,0.0016,0.0015
幸福村4社,10,2026-01-23,19:15,0.0024,0.0015
幸福村4社,10,2026-01-23,19:30,0.0018,0.0013
幸福村4社,10,2026-01-23,19:45,0.0016,0.0017
幸福村4社,10,2026-01-23,20:00,0.0016,0.0019
幸福村4社,10,2026-01-23,20:15,0.0018,0.0019
幸福村4社,10,2026-01-23,20:30,0.0011,0.0024
幸福村4社,10,2026-01-23,20:45,0.002,0.0025
幸福村4社,10,2026-01-23,21:00,0.0018,0.0024
幸福村4社,10,2026-01-23,21:15,0.0014,0.0021
幸福村4社,10,2026-01-23,21:30,0.0017,0.0021
幸福村4社,10,2026-01-23,21:45,0.0014,0.002
幸福村4社,10,2026-01-23,22:00,0.0016,0.002
幸福村4社,10,2026-01-23,22:15,0.0022,0.0023
幸福村4社,10,2026-01-23,22:30,0.0011,0.0023
幸福村4社,10,2026-01-23,22:45,0.0011,0.0023
幸福村4社,10,2026-01-23,23:00,0.0013,0.0022
幸福村4社,10,2026-01-23,23:15,0.0006,0.0022
幸福村4社,10,2026-01-23,23:30,0.001,0.0021
幸福村4社,10,2026-01-23,23:45,0.0014,0.0016
幸福村4社,10,2026-01-24,00:00,0.0013,0.0015
幸福村4社,10,2026-01-24,00:15,0.0011,0.0014
幸福村4社,10,2026-01-24,00:30,0.0011,0.0006
幸福村4社,10,2026-01-24,00:45,0.0009,0.0005
幸福村4社,10,2026-01-24,01:00,0.0007,0.0005
幸福村4社,10,2026-01-24,01:15,0.001,0.0005
幸福村4社,10,2026-01-24,01:30,0.0007,0.0005
幸福村4社,10,2026-01-24,01:45,0.0006,0.0005
幸福村4社,10,2026-01-24,02:00,0.0007,0.0005
幸福村4社,10,2026-01-24,02:15,0.0002,0.0005
幸福村4社,10,2026-01-24,02:30,0.0006,0.0005
幸福村4社,10,2026-01-24,02:45,-0.0001,0.0004
幸福村4社,10,2026-01-24,03:00,0.0006,0.0005
幸福村4社,10,2026-01-24,03:15,0.0007,0.0004
幸福村4社,10,2026-01-24,03:30,0.0011,0.0005
幸福村4社,10,2026-01-24,03:45,0.001,0.0004
幸福村4社,10,2026-01-24,04:00,0.001,0.0004
幸福村4社,10,2026-01-24,04:15,0.0007,0.0004
幸福村4社,10,2026-01-24,04:30,0.001,0.0004
幸福村4社,10,2026-01-24,04:45,0.0006,0.0004
幸福村4社,10,2026-01-24,05:00,0.0003,0.0004
幸福村4社,10,2026-01-24,05:15,0.0014,0.0004
幸福村4社,10,2026-01-24,05:30,0.0007,0.0004
幸福村4社,10,2026-01-24,05:45,0.001,0.0004
幸福村4社,10,2026-01-24,06:00,0.0012,0.0004
幸福村4社,10,2026-01-24,06:15,0.0007,0.0011
幸福村4社,10,2026-01-24,06:30,0.0005,0.0013
幸福村4社,10,2026-01-24,06:45,0.0007,0.0013
幸福村4社,10,2026-01-24,07:00,0.0012,0.0013
幸福村4社,10,2026-01-24,07:15,0.0007,0.0012
幸福村4社,10,2026-01-24,07:30,0.0022,0.0012
幸福村4社,10,2026-01-24,07:45,0.0018,0.0009
幸福村4社,10,2026-01-24,08:00,0.0015,0.0009
幸福村4社,10,2026-01-24,08:15,0.0009,0.0008
幸福村4社,10,2026-01-24,08:30,0.002,0.0008
幸福村4社,10,2026-01-24,08:45,0.0022,0.0008
幸福村4社,10,2026-01-24,09:00,0.0012,0.001
幸福村4社,10,2026-01-24,09:15,0.0023,0.0008
幸福村4社,10,2026-01-24,09:30,0.0015,0.0008
幸福村4社,10,2026-01-24,09:45,0.0013,0.0004
幸福村4社,10,2026-01-24,10:00,0.0022,0.0004
幸福村4社,10,2026-01-24,10:15,0.002,0.0004
幸福村4社,10,2026-01-24,10:30,0.0018,0.0005
幸福村4社,10,2026-01-24,10:45,0.0017,0.0004
幸福村4社,10,2026-01-24,11:00,0.0019,0.0004
幸福村4社,10,2026-01-24,11:15,0.0008,0.0004
幸福村4社,10,2026-01-24,11:30,0.0007,0.0004
幸福村4社,10,2026-01-24,11:45,0.0015,0.0004
幸福村4社,10,2026-01-24,12:00,0.0003,0.0004
幸福村4社,10,2026-01-24,12:15,0.0008,0.0004
幸福村4社,10,2026-01-24,12:30,0.0006,0.0004
幸福村4社,10,2026-01-24,12:45,0.0005,0.0004
幸福村4社,10,2026-01-24,13:00,0.0017,0.0004
幸福村4社,10,2026-01-24,13:15,0.0007,0.0004
幸福村4社,10,2026-01-24,13:30,0.0007,0.0004
幸福村4社,10,2026-01-24,13:45,0.0005,0.0004
幸福村4社,10,2026-01-24,14:00,0.0008,0.0004
幸福村4社,10,2026-01-24,14:15,0.0013,0.0004
幸福村4社,10,2026-01-24,14:30,0.0008,0.0004
幸福村4社,10,2026-01-24,14:45,0.0009,0.0004
幸福村4社,10,2026-01-24,15:00,0.0007,0.0004
幸福村4社,10,2026-01-24,15:15,0.0009,0.0004
幸福村4社,10,2026-01-24,15:30,0.0016,0.0004
幸福村4社,10,2026-01-24,15:45,0.0008,0.0004
幸福村4社,10,2026-01-24,16:00,0.0004,0.0004
幸福村4社,10,2026-01-24,16:15,0.0019,0.0004
幸福村4社,10,2026-01-24,16:30,0.0007,0.0004
幸福村4社,10,2026-01-24,16:45,0.0012,0.0004
幸福村4社,10,2026-01-24,17:00,0.0007,0.0004
幸福村4社,10,2026-01-24,17:15,0.0011,0.0005
幸福村4社,10,2026-01-24,17:30,0.0015,0.0006
幸福村4社,10,2026-01-24,17:45,0.0011,0.0006
幸福村4社,10,2026-01-24,18:00,0.0012,0.0006
幸福村4社,10,2026-01-24,18:15,0.0002,0.0006
幸福村4社,10,2026-01-24,18:30,0.0009,0.0005
幸福村4社,10,2026-01-24,18:45,0.0007,0.0005
幸福村4社,10,2026-01-24,19:00,0.0015,0.0014
幸福村4社,10,2026-01-24,19:15,0.0012,0.0015
幸福村4社,10,2026-01-24,19:30,0.0019,0.002
幸福村4社,10,2026-01-24,19:45,0.0019,0.0013
幸福村4社,10,2026-01-24,20:00,0.0031,0.0009
幸福村4社,10,2026-01-24,20:15,0.0011,0.0015
幸福村4社,10,2026-01-24,20:30,0.0014,0.0015
幸福村4社,10,2026-01-24,20:45,0.0022,0.0015
幸福村4社,10,2026-01-24,21:00,0.0019,0.0022
幸福村4社,10,2026-01-24,21:15,0.0017,0.0024
幸福村4社,10,2026-01-24,21:30,0.0012,0.0019
幸福村4社,10,2026-01-24,21:45,0.0018,0.0021
幸福村4社,10,2026-01-24,22:00,0.0012,0.0019
幸福村4社,10,2026-01-24,22:15,0.0011,0.0019
幸福村4社,10,2026-01-24,22:30,0.001,0.0018
幸福村4社,10,2026-01-24,22:45,0.0011,0.0017
幸福村4社,10,2026-01-24,23:00,0.0012,0.0017
幸福村4社,10,2026-01-24,23:15,0.0017,0.0018
幸福村4社,10,2026-01-24,23:30,0.0009,0.0017
幸福村4社,10,2026-01-24,23:45,0.0012,0.0017
马鞍村1社,11,2026-04-23,00:00,0.0357,0.0331
马鞍村1社,11,2026-04-23,00:15,0.0375,0.058
马鞍村1社,11,2026-04-23,00:30,0.037,0.0334
马鞍村1社,11,2026-04-23,00:45,0.0318,0.0351
马鞍村1社,11,2026-04-23,01:00,0.0316,0.033
马鞍村1社,11,2026-04-23,01:15,0.0327,0.0567
马鞍村1社,11,2026-04-23,01:30,0.0321,0.0223
马鞍村1社,11,2026-04-23,01:45,0.0309,0.0415
马鞍村1社,11,2026-04-23,02:00,0.0315,0.031
马鞍村1社,11,2026-04-23,02:15,0.0349,0.0355
马鞍村1社,11,2026-04-23,02:30,0.0304,0.0372
马鞍村1社,11,2026-04-23,02:45,0.0315,0.0461
马鞍村1社,11,2026-04-23,03:00,0.0314,0.0286
马鞍村1社,11,2026-04-23,03:15,0.0289,0.026
马鞍村1社,11,2026-04-23,03:30,0.0311,0.0264
马鞍村1社,11,2026-04-23,03:45,0.0312,0.0369
马鞍村1社,11,2026-04-23,04:00,0.0294,0.0355
马鞍村1社,11,2026-04-23,04:15,0.0259,0.0288
马鞍村1社,11,2026-04-23,04:30,0.0315,0.0373
马鞍村1社,11,2026-04-23,04:45,0.0289,0.0336
马鞍村1社,11,2026-04-23,05:00,0.0274,0.0343
马鞍村1社,11,2026-04-23,05:15,0.0338,0.0294
马鞍村1社,11,2026-04-23,05:30,0.0262,0.0235
马鞍村1社,11,2026-04-23,05:45,0.0261,0.0243
马鞍村1社,11,2026-04-23,06:00,0.0265,0.0335
马鞍村1社,11,2026-04-23,06:15,0.0297,0.0414
马鞍村1社,11,2026-04-23,06:30,0.0327,0.063
马鞍村1社,11,2026-04-23,06:45,0.0358,0.0579
马鞍村1社,11,2026-04-23,07:00,0.0459,0.0988
马鞍村1社,11,2026-04-23,07:15,0.0555,0.0898
马鞍村1社,11,2026-04-23,07:30,0.0525,0.0868
马鞍村1社,11,2026-04-23,07:45,0.0797,0.1143
马鞍村1社,11,2026-04-23,08:00,0.0894,0.0987
马鞍村1社,11,2026-04-23,08:15,0.1063,0.1108
马鞍村1社,11,2026-04-23,08:30,0.1087,0.1194
马鞍村1社,11,2026-04-23,08:45,0.129,0.1383
马鞍村1社,11,2026-04-23,09:00,0.121,0.0595
马鞍村1社,11,2026-04-23,09:15,0.1005,0.0439
马鞍村1社,11,2026-04-23,09:30,0.0895,0.0378
马鞍村1社,11,2026-04-23,09:45,0.0889,0.0781
马鞍村1社,11,2026-04-23,10:00,0.0749,0.0379
马鞍村1社,11,2026-04-23,10:15,0.0702,0.0345
马鞍村1社,11,2026-04-23,10:30,0.0571,0.0394
马鞍村1社,11,2026-04-23,10:45,0.0542,0.0523
马鞍村1社,11,2026-04-23,11:00,0.0535,0.0358
马鞍村1社,11,2026-04-23,11:15,0.0509,0.034
马鞍村1社,11,2026-04-23,11:30,0.0549,0.027
马鞍村1社,11,2026-04-23,11:45,0.0567,0.0314
马鞍村1社,11,2026-04-23,12:00,0.0612,0.0246
马鞍村1社,11,2026-04-23,12:15,0.058,0.0293
马鞍村1社,11,2026-04-23,12:30,0.0633,0.0541
马鞍村1社,11,2026-04-23,12:45,0.0531,0.0223
马鞍村1社,11,2026-04-23,13:00,0.0545,0.0408
马鞍村1社,11,2026-04-23,13:15,0.0587,0.0542
马鞍村1社,11,2026-04-23,13:30,0.0602,0.0414
马鞍村1社,11,2026-04-23,13:45,0.048,0.0567
马鞍村1社,11,2026-04-23,14:00,0.0588,0.0618
马鞍村1社,11,2026-04-23,14:15,0.0504,0.0499
马鞍村1社,11,2026-04-23,14:30,0.0511,0.0655
马鞍村1社,11,2026-04-23,14:45,0.0542,0.0505
马鞍村1社,11,2026-04-23,15:00,0.0606,0.0735
马鞍村1社,11,2026-04-23,15:15,0.0647,0.0813
马鞍村1社,11,2026-04-23,15:30,0.074,0.0427
马鞍村1社,11,2026-04-23,15:45,0.0756,0.0454
马鞍村1社,11,2026-04-23,16:00,0.0772,0.0831
马鞍村1社,11,2026-04-23,16:15,0.0942,0.0597
马鞍村1社,11,2026-04-23,16:30,0.0964,0.0461
马鞍村1社,11,2026-04-23,16:45,0.0925,0.0426
马鞍村1社,11,2026-04-23,17:00,0.0926,0.0465
马鞍村1社,11,2026-04-23,17:15,0.1007,0.0654
马鞍村1社,11,2026-04-23,17:30,0.099,0.1592
马鞍村1社,11,2026-04-23,17:45,0.0968,0.1393
马鞍村1社,11,2026-04-23,18:00,0.1025,0.174
马鞍村1社,11,2026-04-23,18:15,0.0979,0.1
马鞍村1社,11,2026-04-23,18:30,0.0861,0.0919
马鞍村1社,11,2026-04-23,18:45,0.0819,0.0826
马鞍村1社,11,2026-04-23,19:00,0.0722,0.0621
马鞍村1社,11,2026-04-23,19:15,0.068,0.0467
马鞍村1社,11,2026-04-23,19:30,0.0615,0.0642
马鞍村1社,11,2026-04-23,19:45,0.0703,0.0319
马鞍村1社,11,2026-04-23,20:00,0.0586,0.0659
马鞍村1社,11,2026-04-23,20:15,0.0701,0.1023
马鞍村1社,11,2026-04-23,20:30,0.056,0.0644
马鞍村1社,11,2026-04-23,20:45,0.0587,0.1126
马鞍村1社,11,2026-04-23,21:00,0.0554,0.0423
马鞍村1社,11,2026-04-23,21:15,0.0551,0.05
马鞍村1社,11,2026-04-23,21:30,0.0618,0.0449
马鞍村1社,11,2026-04-23,21:45,0.0515,0.0415
马鞍村1社,11,2026-04-23,22:00,0.0513,0.0501
马鞍村1社,11,2026-04-23,22:15,0.046,0.0423
马鞍村1社,11,2026-04-23,22:30,0.0489,0.043
马鞍村1社,11,2026-04-23,22:45,0.0424,0.0406
马鞍村1社,11,2026-04-23,23:00,0.0392,0.0673
马鞍村1社,11,2026-04-23,23:15,0.0407,0.0477
马鞍村1社,11,2026-04-23,23:30,0.0397,0.051
马鞍村1社,11,2026-04-23,23:45,0.0316,0.0451
马鞍村1社,11,2026-04-25,00:00,0.0325,0.0296
马鞍村1社,11,2026-04-25,00:15,0.0365,0.0454
马鞍村1社,11,2026-04-25,00:30,0.034,0.0296
马鞍村1社,11,2026-04-25,00:45,0.0318,0.0266
马鞍村1社,11,2026-04-25,01:00,0.0309,0.0318
马鞍村1社,11,2026-04-25,01:15,0.0388,0.0457
马鞍村1社,11,2026-04-25,01:30,0.0352,0.0244
马鞍村1社,11,2026-04-25,01:45,0.0311,0.0366
马鞍村1社,11,2026-04-25,02:00,0.0319,0.028
马鞍村1社,11,2026-04-25,02:15,0.032,0.0338
马鞍村1社,11,2026-04-25,02:30,0.0312,0.033
马鞍村1社,11,2026-04-25,02:45,0.0312,0.0343
马鞍村1社,11,2026-04-25,03:00,0.0287,0.0297
马鞍村1社,11,2026-04-25,03:15,0.0317,0.0288
马鞍村1社,11,2026-04-25,03:30,0.0345,0.0297
马鞍村1社,11,2026-04-25,03:45,0.0323,0.0289
马鞍村1社,11,2026-04-25,04:00,0.031,0.0287
马鞍村1社,11,2026-04-25,04:15,0.0283,0.0296
马鞍村1社,11,2026-04-25,04:30,0.0281,0.0339
马鞍村1社,11,2026-04-25,04:45,0.0312,0.0305
马鞍村1社,11,2026-04-25,05:00,0.0297,0.0282
马鞍村1社,11,2026-04-25,05:15,0.0312,0.028
马鞍村1社,11,2026-04-25,05:30,0.0269,0.0226
马鞍村1社,11,2026-04-25,05:45,0.0276,0.024
马鞍村1社,11,2026-04-25,06:00,0.0307,0.0286
马鞍村1社,11,2026-04-25,06:15,0.0281,0.0345
马鞍村1社,11,2026-04-25,06:30,0.0316,0.0692
马鞍村1社,11,2026-04-25,06:45,0.0352,0.0513
马鞍村1社,11,2026-04-25,07:00,0.0471,0.0721
马鞍村1社,11,2026-04-25,07:15,0.0506,0.1006
马鞍村1社,11,2026-04-25,07:30,0.0578,0.0841
马鞍村1社,11,2026-04-25,07:45,0.0772,0.0937
马鞍村1社,11,2026-04-25,08:00,0.0939,0.1207
马鞍村1社,11,2026-04-25,08:15,0.1079,0.1282
马鞍村1社,11,2026-04-25,08:30,0.1119,0.1229
马鞍村1社,11,2026-04-25,08:45,0.1146,0.0977
马鞍村1社,11,2026-04-25,09:00,0.1088,0.0604
马鞍村1社,11,2026-04-25,09:15,0.1038,0.0727
马鞍村1社,11,2026-04-25,09:30,0.0912,0.0711
马鞍村1社,11,2026-04-25,09:45,0.0826,0.0706
马鞍村1社,11,2026-04-25,10:00,0.0758,0.0331
马鞍村1社,11,2026-04-25,10:15,0.0688,0.0671
马鞍村1社,11,2026-04-25,10:30,0.0608,0.0491
马鞍村1社,11,2026-04-25,10:45,0.0543,0.0488
马鞍村1社,11,2026-04-25,11:00,0.0461,0.0634
马鞍村1社,11,2026-04-25,11:15,0.0551,0.0367
马鞍村1社,11,2026-04-25,11:30,0.0478,0.0252
马鞍村1社,11,2026-04-25,11:45,0.0514,0.0308
马鞍村1社,11,2026-04-25,12:00,0.0573,0.0281
马鞍村1社,11,2026-04-25,12:15,0.0533,0.0237
马鞍村1社,11,2026-04-25,12:30,0.0606,0.0416
马鞍村1社,11,2026-04-25,12:45,0.0501,0.026
马鞍村1社,11,2026-04-25,13:00,0.0521,0.03
马鞍村1社,11,2026-04-25,13:15,0.0523,0.0535
马鞍村1社,11,2026-04-25,13:30,0.0573,0.0361
马鞍村1社,11,2026-04-25,13:45,0.0549,0.0333
马鞍村1社,11,2026-04-25,14:00,0.0603,0.0729
马鞍村1社,11,2026-04-25,14:15,0.0523,0.0398
马鞍村1社,11,2026-04-25,14:30,0.0523,0.0456
马鞍村1社,11,2026-04-25,14:45,0.0577,0.0638
马鞍村1社,11,2026-04-25,15:00,0.0649,0.0988
马鞍村1社,11,2026-04-25,15:15,0.0653,0.0804
马鞍村1社,11,2026-04-25,15:30,0.0654,0.0519
马鞍村1社,11,2026-04-25,15:45,0.0759,0.082
马鞍村1社,11,2026-04-25,16:00,0.0783,0.1209
马鞍村1社,11,2026-04-25,16:15,0.0893,0.0996
马鞍村1社,11,2026-04-25,16:30,0.0933,0.0731
马鞍村1社,11,2026-04-25,16:45,0.0968,0.0453
马鞍村1社,11,2026-04-25,17:00,0.0941,0.0387
马鞍村1社,11,2026-04-25,17:15,0.1075,0.0897
马鞍村1社,11,2026-04-25,17:30,0.1187,0.1233
马鞍村1社,11,2026-04-25,17:45,0.1032,0.1217
马鞍村1社,11,2026-04-25,18:00,0.1123,0.1997
马鞍村1社,11,2026-04-25,18:15,0.0985,0.1122
马鞍村1社,11,2026-04-25,18:30,0.0908,0.0635
马鞍村1社,11,2026-04-25,18:45,0.0694,0.0725
马鞍村1社,11,2026-04-25,19:00,0.0707,0.0581
马鞍村1社,11,2026-04-25,19:15,0.0667,0.0439
马鞍村1社,11,2026-04-25,19:30,0.0621,0.0564
马鞍村1社,11,2026-04-25,19:45,0.0654,0.0659
马鞍村1社,11,2026-04-25,20:00,0.0645,0.0788
马鞍村1社,11,2026-04-25,20:15,0.0775,0.0827
马鞍村1社,11,2026-04-25,20:30,0.0609,0.0481
马鞍村1社,11,2026-04-25,20:45,0.0585,0.0904
马鞍村1社,11,2026-04-25,21:00,0.0597,0.0422
马鞍村1社,11,2026-04-25,21:15,0.0556,0.0518
马鞍村1社,11,2026-04-25,21:30,0.0591,0.0415
马鞍村1社,11,2026-04-25,21:45,0.0511,0.0411
马鞍村1社,11,2026-04-25,22:00,0.0471,0.0537
马鞍村1社,11,2026-04-25,22:15,0.0467,0.0443
马鞍村1社,11,2026-04-25,22:30,0.0472,0.0457
马鞍村1社,11,2026-04-25,22:45,0.0382,0.0398
马鞍村1社,11,2026-04-25,23:00,0.0442,0.0709
马鞍村1社,11,2026-04-25,23:15,0.0368,0.0482
马鞍村1社,11,2026-04-25,23:30,0.0425,0.0421
马鞍村1社,11,2026-04-25,23:45,0.0342,0.0402
马鞍村1社,11,2026-04-26,00:00,0.0362,0.0324
马鞍村1社,11,2026-04-26,00:15,0.0392,0.0328
马鞍村1社,11,2026-04-26,00:30,0.0348,0.0422
马鞍村1社,11,2026-04-26,00:45,0.032,0.0398
马鞍村1社,11,2026-04-26,01:00,0.0305,0.0265
马鞍村1社,11,2026-04-26,01:15,0.0332,0.0298
马鞍村1社,11,2026-04-26,01:30,0.0308,0.0333
马鞍村1社,11,2026-04-26,01:45,0.0348,0.0354
马鞍村1社,11,2026-04-26,02:00,0.0287,0.0384
马鞍村1社,11,2026-04-26,02:15,0.0321,0.0334
马鞍村1社,11,2026-04-26,02:30,0.0304,0.0437
马鞍村1社,11,2026-04-26,02:45,0.0276,0.0245
马鞍村1社,11,2026-04-26,03:00,0.0279,0.0262
马鞍村1社,11,2026-04-26,03:15,0.033,0.0347
马鞍村1社,11,2026-04-26,03:30,0.031,0.0292
马鞍村1社,11,2026-04-26,03:45,0.0299,0.0276
马鞍村1社,11,2026-04-26,04:00,0.0284,0.0277
马鞍村1社,11,2026-04-26,04:15,0.0281,0.0306
马鞍村1社,11,2026-04-26,04:30,0.0309,0.0344
马鞍村1社,11,2026-04-26,04:45,0.0282,0.0247
马鞍村1社,11,2026-04-26,05:00,0.0262,0.0398
马鞍村1社,11,2026-04-26,05:15,0.0305,0.0284
马鞍村1社,11,2026-04-26,05:30,0.0271,0.0265
马鞍村1社,11,2026-04-26,05:45,0.0286,0.0369
马鞍村1社,11,2026-04-26,06:00,0.0295,0.0284
马鞍村1社,11,2026-04-26,06:15,0.0312,0.0329
马鞍村1社,11,2026-04-26,06:30,0.0313,0.0447
马鞍村1社,11,2026-04-26,06:45,0.0337,0.0346
马鞍村1社,11,2026-04-26,07:00,0.0441,0.1098
马鞍村1社,11,2026-04-26,07:15,0.0505,0.1386
马鞍村1社,11,2026-04-26,07:30,0.057,0.0719
马鞍村1社,11,2026-04-26,07:45,0.0806,0.1078
马鞍村1社,11,2026-04-26,08:00,0.0908,0.0863
马鞍村1社,11,2026-04-26,08:15,0.108,0.1672
马鞍村1社,11,2026-04-26,08:30,0.1158,0.1457
马鞍村1社,11,2026-04-26,08:45,0.1237,0.1075
马鞍村1社,11,2026-04-26,09:00,0.1185,0.0853
马鞍村1社,11,2026-04-26,09:15,0.1069,0.0243
马鞍村1社,11,2026-04-26,09:30,0.0988,0.032
马鞍村1社,11,2026-04-26,09:45,0.0898,0.0502
马鞍村1社,11,2026-04-26,10:00,0.0809,0.0291
马鞍村1社,11,2026-04-26,10:15,0.0632,0.025
马鞍村1社,11,2026-04-26,10:30,0.0618,0.048
马鞍村1社,11,2026-04-26,10:45,0.0582,0.0494
马鞍村1社,11,2026-04-26,11:00,0.0566,0.0559
马鞍村1社,11,2026-04-26,11:15,0.0519,0.036
马鞍村1社,11,2026-04-26,11:30,0.0496,0.0569
马鞍村1社,11,2026-04-26,11:45,0.0555,0.0308
马鞍村1社,11,2026-04-26,12:00,0.0572,0.0615
马鞍村1社,11,2026-04-26,12:15,0.0576,0.0792
马鞍村1社,11,2026-04-26,12:30,0.0531,0.0824
马鞍村1社,11,2026-04-26,12:45,0.0524,0.044
马鞍村1社,11,2026-04-26,13:00,0.065,0.0388
马鞍村1社,11,2026-04-26,13:15,0.0547,0.0275
马鞍村1社,11,2026-04-26,13:30,0.0561,0.0771
马鞍村1社,11,2026-04-26,13:45,0.0538,0.0382
马鞍村1社,11,2026-04-26,14:00,0.0556,0.0533
马鞍村1社,11,2026-04-26,14:15,0.0496,0.031
马鞍村1社,11,2026-04-26,14:30,0.0518,0.052
马鞍村1社,11,2026-04-26,14:45,0.0583,0.0622
马鞍村1社,11,2026-04-26,15:00,0.067,0.0532
马鞍村1社,11,2026-04-26,15:15,0.0581,0.0949
马鞍村1社,11,2026-04-26,15:30,0.072,0.0477
马鞍村1社,11,2026-04-26,15:45,0.0703,0.0939
马鞍村1社,11,2026-04-26,16:00,0.0762,0.1219
马鞍村1社,11,2026-04-26,16:15,0.0943,0.1126
马鞍村1社,11,2026-04-26,16:30,0.0963,0.1004
马鞍村1社,11,2026-04-26,16:45,0.0989,0.0756
马鞍村1社,11,2026-04-26,17:00,0.0983,0.0679
马鞍村1社,11,2026-04-26,17:15,0.1084,0.0592
马鞍村1社,11,2026-04-26,17:30,0.108,0.1058
马鞍村1社,11,2026-04-26,17:45,0.1022,0.1107
马鞍村1社,11,2026-04-26,18:00,0.1116,0.1216
马鞍村1社,11,2026-04-26,18:15,0.095,0.132
马鞍村1社,11,2026-04-26,18:30,0.0857,0.0501
马鞍村1社,11,2026-04-26,18:45,0.0772,0.0833
马鞍村1社,11,2026-04-26,19:00,0.069,0.0592
马鞍村1社,11,2026-04-26,19:15,0.0601,0.0582
马鞍村1社,11,2026-04-26,19:30,0.0653,0.0614
马鞍村1社,11,2026-04-26,19:45,0.0694,0.0957
马鞍村1社,11,2026-04-26,20:00,0.0674,0.0825
马鞍村1社,11,2026-04-26,20:15,0.0702,0.1409
马鞍村1社,11,2026-04-26,20:30,0.0583,0.0685
马鞍村1社,11,2026-04-26,20:45,0.0648,0.0438
马鞍村1社,11,2026-04-26,21:00,0.057,0.0494
马鞍村1社,11,2026-04-26,21:15,0.0557,0.0439
马鞍村1社,11,2026-04-26,21:30,0.0536,0.0445
马鞍村1社,11,2026-04-26,21:45,0.0515,0.0579
马鞍村1社,11,2026-04-26,22:00,0.0457,0.0353
马鞍村1社,11,2026-04-26,22:15,0.0435,0.03
马鞍村1社,11,2026-04-26,22:30,0.0468,0.0343
马鞍村1社,11,2026-04-26,22:45,0.0426,0.0308
马鞍村1社,11,2026-04-26,23:00,0.0422,0.0568
马鞍村1社,11,2026-04-26,23:15,0.0397,0.0318
马鞍村1社,11,2026-04-26,23:30,0.0348,0.0323
马鞍村1社,11,2026-04-26,23:45,0.0387,0.0306
幸福村1社,12,2026-03-10,00:00,0.0176,0.0099
幸福村1社,12,2026-03-10,00:15,0.0134,0.0154
幸福村1社,12,2026-03-10,00:30,0.0128,0.0154
幸福村1社,12,2026-03-10,00:45,0.011,0.0124
幸福村1社,12,2026-03-10,01:00,0.0122,0.0131
幸福村1社,12,2026-03-10,01:15,0.0192,0.0106
幸福村1社,12,2026-03-10,01:30,0.0179,0.0199
幸福村1社,12,2026-03-10,01:45,0.0172,0.0199
幸福村1社,12,2026-03-10,02:00,0.0166,0.0131
幸福村1社,12,2026-03-10,02:15,0.0163,0.0216
幸福村1社,12,2026-03-10,02:30,0.0133,0.0137
幸福村1社,12,2026-03-10,02:45,0.0117,0.0154
幸福村1社,12,2026-03-10,03:00,0.0148,0.0136
幸福村1社,12,2026-03-10,03:15,0.016,0.0136
幸福村1社,12,2026-03-10,03:30,0.0159,0.0169
幸福村1社,12,2026-03-10,03:45,0.0161,0.0082
幸福村1社,12,2026-03-10,04:00,0.0135,0.0168
幸福村1社,12,2026-03-10,04:15,0.0148,0.0143
幸福村1社,12,2026-03-10,04:30,0.0182,0.0082
幸福村1社,12,2026-03-10,04:45,0.0185,0.0138
幸福村1社,12,2026-03-10,05:00,0.0183,0.0071
幸福村1社,12,2026-03-10,05:15,0.0169,0.0168
幸福村1社,12,2026-03-10,05:30,0.0173,0.0161
幸福村1社,12,2026-03-10,05:45,0.0201,0.0134
幸福村1社,12,2026-03-10,06:00,0.0168,0.0176
幸福村1社,12,2026-03-10,06:15,0.0177,0.0096
幸福村1社,12,2026-03-10,06:30,0.0217,0.0176
幸福村1社,12,2026-03-10,06:45,0.0232,0.0106
幸福村1社,12,2026-03-10,07:00,0.0229,0.0167
幸福村1社,12,2026-03-10,07:15,0.0269,0.0146
幸福村1社,12,2026-03-10,07:30,0.0287,0.012
幸福村1社,12,2026-03-10,07:45,0.0427,0.0092
幸福村1社,12,2026-03-10,08:00,0.0404,0.0366
幸福村1社,12,2026-03-10,08:15,0.0465,0.0834
幸福村1社,12,2026-03-10,08:30,0.0489,0.0183
幸福村1社,12,2026-03-10,08:45,0.0463,0.0634
幸福村1社,12,2026-03-10,09:00,0.0451,0.1099
幸福村1社,12,2026-03-10,09:15,0.0483,0.0475
幸福村1社,12,2026-03-10,09:30,0.0379,0.0351
幸福村1社,12,2026-03-10,09:45,0.0405,0.033
幸福村1社,12,2026-03-10,10:00,0.036,0.0221
幸福村1社,12,2026-03-10,10:15,0.0288,0.0107
幸福村1社,12,2026-03-10,10:30,0.0283,0.0404
幸福村1社,12,2026-03-10,10:45,0.0293,0.0092
幸福村1社,12,2026-03-10,11:00,0.0256,0.0119
幸福村1社,12,2026-03-10,11:15,0.0245,0.0128
幸福村1社,12,2026-03-10,11:30,0.022,0.0135
幸福村1社,12,2026-03-10,11:45,0.0306,0.0102
幸福村1社,12,2026-03-10,12:00,0.0207,0.0121
幸福村1社,12,2026-03-10,12:15,0.0196,0.0145
幸福村1社,12,2026-03-10,12:30,0.0294,0.0154
幸福村1社,12,2026-03-10,12:45,0.0196,0.0102
幸福村1社,12,2026-03-10,13:00,0.0204,0.0386
幸福村1社,12,2026-03-10,13:15,0.0244,0.0518
幸福村1社,12,2026-03-10,13:30,0.0218,0.0413
幸福村1社,12,2026-03-10,13:45,0.0221,0.0147
幸福村1社,12,2026-03-10,14:00,0.0254,0.0098
幸福村1社,12,2026-03-10,14:15,0.0231,0.0171
幸福村1社,12,2026-03-10,14:30,0.0253,0.0125
幸福村1社,12,2026-03-10,14:45,0.0224,0.015
幸福村1社,12,2026-03-10,15:00,0.0245,0.0254
幸福村1社,12,2026-03-10,15:15,0.022,0.0243
幸福村1社,12,2026-03-10,15:30,0.026,0.0588
幸福村1社,12,2026-03-10,15:45,0.0201,0.0468
幸福村1社,12,2026-03-10,16:00,0.0213,0.0188
幸福村1社,12,2026-03-10,16:15,0.0278,0.0229
幸福村1社,12,2026-03-10,16:30,0.0378,0.0188
幸福村1社,12,2026-03-10,16:45,0.0368,0.0185
幸福村1社,12,2026-03-10,17:00,0.0338,0.0126
幸福村1社,12,2026-03-10,17:15,0.0414,0.0159
幸福村1社,12,2026-03-10,17:30,0.0391,0.0566
幸福村1社,12,2026-03-10,17:45,0.0395,0.0274
幸福村1社,12,2026-03-10,18:00,0.0358,0.0125
幸福村1社,12,2026-03-10,18:15,0.0449,0.0995
幸福村1社,12,2026-03-10,18:30,0.0395,0.0171
幸福村1社,12,2026-03-10,18:45,0.0435,0.1033
幸福村1社,12,2026-03-10,19:00,0.0412,0.1337
幸福村1社,12,2026-03-10,19:15,0.0396,0.1061
幸福村1社,12,2026-03-10,19:30,0.04,0.0419
幸福村1社,12,2026-03-10,19:45,0.0384,0.037
幸福村1社,12,2026-03-10,20:00,0.0345,0.0149
幸福村1社,12,2026-03-10,20:15,0.0338,0.0753
幸福村1社,12,2026-03-10,20:30,0.0227,0.0171
幸福村1社,12,2026-03-10,20:45,0.0291,0.023
幸福村1社,12,2026-03-10,21:00,0.0239,0.0157
幸福村1社,12,2026-03-10,21:15,0.0259,0.0158
幸福村1社,12,2026-03-10,21:30,0.0247,0.0205
幸福村1社,12,2026-03-10,21:45,0.0195,0.0173
幸福村1社,12,2026-03-10,22:00,0.0222,0.0147
幸福村1社,12,2026-03-10,22:15,0.0167,0.0141
幸福村1社,12,2026-03-10,22:30,0.0212,0.0111
幸福村1社,12,2026-03-10,22:45,0.0231,0.0195
幸福村1社,12,2026-03-10,23:00,0.0199,0.0088
幸福村1社,12,2026-03-10,23:15,0.0169,0.0121
幸福村1社,12,2026-03-10,23:30,0.0198,0.013
幸福村1社,12,2026-03-10,23:45,0.0135,0.0127
幸福村1社,12,2026-03-11,00:00,0.0148,0.0208
幸福村1社,12,2026-03-11,00:15,0.0166,0.0119
幸福村1社,12,2026-03-11,00:30,0.0167,0.0131
幸福村1社,12,2026-03-11,00:45,0.0187,0.0151
幸福村1社,12,2026-03-11,01:00,0.0151,0.0155
幸福村1社,12,2026-03-11,01:15,0.0161,0.0154
幸福村1社,12,2026-03-11,01:30,0.0206,0.0278
幸福村1社,12,2026-03-11,01:45,0.0174,0.0124
幸福村1社,12,2026-03-11,02:00,0.0167,0.025
幸福村1社,12,2026-03-11,02:15,0.0169,0.0137
幸福村1社,12,2026-03-11,02:30,0.0181,0.0163
幸福村1社,12,2026-03-11,02:45,0.0186,0.02
幸福村1社,12,2026-03-11,03:00,0.0139,0.0139
幸福村1社,12,2026-03-11,03:15,0.0116,0.0158
幸福村1社,12,2026-03-11,03:30,0.0156,0.0171
幸福村1社,12,2026-03-11,03:45,0.0158,0.0179
幸福村1社,12,2026-03-11,04:00,0.014,0.0158
幸福村1社,12,2026-03-11,04:15,0.0114,0.0157
幸福村1社,12,2026-03-11,04:30,0.0155,0.0181
幸福村1社,12,2026-03-11,04:45,0.0172,0.0155
幸福村1社,12,2026-03-11,05:00,0.013,0.027
幸福村1社,12,2026-03-11,05:15,0.0146,0.0141
幸福村1社,12,2026-03-11,05:30,0.014,0.0161
幸福村1社,12,2026-03-11,05:45,0.0185,0.0165
幸福村1社,12,2026-03-11,06:00,0.0179,0.0132
幸福村1社,12,2026-03-11,06:15,0.014,0.0136
幸福村1社,12,2026-03-11,06:30,0.0218,0.0165
幸福村1社,12,2026-03-11,06:45,0.0199,0.0207
幸福村1社,12,2026-03-11,07:00,0.0259,0.045
幸福村1社,12,2026-03-11,07:15,0.0255,0.023
幸福村1社,12,2026-03-11,07:30,0.0324,0.0392
幸福村1社,12,2026-03-11,07:45,0.0423,0.0204
幸福村1社,12,2026-03-11,08:00,0.0435,0.0141
幸福村1社,12,2026-03-11,08:15,0.0516,0.0543
幸福村1社,12,2026-03-11,08:30,0.0571,0.0352
幸福村1社,12,2026-03-11,08:45,0.0507,0.0355
幸福村1社,12,2026-03-11,09:00,0.0461,0.0325
幸福村1社,12,2026-03-11,09:15,0.045,0.0538
幸福村1社,12,2026-03-11,09:30,0.0368,0.0335
幸福村1社,12,2026-03-11,09:45,0.0421,0.0741
幸福村1社,12,2026-03-11,10:00,0.037,0.0376
幸福村1社,12,2026-03-11,10:15,0.0247,0.0154
幸福村1社,12,2026-03-11,10:30,0.026,0.0126
幸福村1社,12,2026-03-11,10:45,0.027,0.0625
幸福村1社,12,2026-03-11,11:00,0.0195,0.0138
幸福村1社,12,2026-03-11,11:15,0.0193,0.0096
幸福村1社,12,2026-03-11,11:30,0.0265,0.0174
幸福村1社,12,2026-03-11,11:45,0.0207,0.0111
幸福村1社,12,2026-03-11,12:00,0.0187,0.0144
幸福村1社,12,2026-03-11,12:15,0.0182,0.0167
幸福村1社,12,2026-03-11,12:30,0.0246,0.0177
幸福村1社,12,2026-03-11,12:45,0.0236,0.009
幸福村1社,12,2026-03-11,13:00,0.0276,0.0146
幸福村1社,12,2026-03-11,13:15,0.0181,0.041
幸福村1社,12,2026-03-11,13:30,0.0189,0.0175
幸福村1社,12,2026-03-11,13:45,0.0247,0.0094
幸福村1社,12,2026-03-11,14:00,0.026,0.0082
幸福村1社,12,2026-03-11,14:15,0.0209,0.0194
幸福村1社,12,2026-03-11,14:30,0.0238,0.0106
幸福村1社,12,2026-03-11,14:45,0.0207,0.0158
幸福村1社,12,2026-03-11,15:00,0.0207,0.0279
幸福村1社,12,2026-03-11,15:15,0.0227,0.0214
幸福村1社,12,2026-03-11,15:30,0.026,0.0133
幸福村1社,12,2026-03-11,15:45,0.024,0.0144
幸福村1社,12,2026-03-11,16:00,0.0228,0.015
幸福村1社,12,2026-03-11,16:15,0.0229,0.0137
幸福村1社,12,2026-03-11,16:30,0.0288,0.0171
幸福村1社,12,2026-03-11,16:45,0.0376,0.015
幸福村1社,12,2026-03-11,17:00,0.0327,0.0161
幸福村1社,12,2026-03-11,17:15,0.0335,0.0461
幸福村1社,12,2026-03-11,17:30,0.0358,0.0389
幸福村1社,12,2026-03-11,17:45,0.0341,0.0086
幸福村1社,12,2026-03-11,18:00,0.0364,0.0332
幸福村1社,12,2026-03-11,18:15,0.0455,0.0181
幸福村1社,12,2026-03-11,18:30,0.0459,0.0116
幸福村1社,12,2026-03-11,18:45,0.0425,0.0196
幸福村1社,12,2026-03-11,19:00,0.0382,0.0115
幸福村1社,12,2026-03-11,19:15,0.0384,0.0289
幸福村1社,12,2026-03-11,19:30,0.0364,0.0163
幸福村1社,12,2026-03-11,19:45,0.0355,0.0218
幸福村1社,12,2026-03-11,20:00,0.0307,0.0164
幸福村1社,12,2026-03-11,20:15,0.0325,0.0176
幸福村1社,12,2026-03-11,20:30,0.0237,0.0203
幸福村1社,12,2026-03-11,20:45,0.026,0.0123
幸福村1社,12,2026-03-11,21:00,0.0284,0.024
幸福村1社,12,2026-03-11,21:15,0.022,0.0484
幸福村1社,12,2026-03-11,21:30,0.0207,0.0538
幸福村1社,12,2026-03-11,21:45,0.016,0.0207
幸福村1社,12,2026-03-11,22:00,0.0224,0.0501
幸福村1社,12,2026-03-11,22:15,0.0245,0.0485
幸福村1社,12,2026-03-11,22:30,0.0209,0.0295
幸福村1社,12,2026-03-11,22:45,0.0175,0.0222
幸福村1社,12,2026-03-11,23:00,0.0186,0.0164
幸福村1社,12,2026-03-11,23:15,0.0155,0.0458
幸福村1社,12,2026-03-11,23:30,0.0235,0.0466
幸福村1社,12,2026-03-11,23:45,0.0161,0.0192
幸福村1社,12,2026-03-12,00:00,0.0172,0.0166
幸福村1社,12,2026-03-12,00:15,0.0151,0.0203
幸福村1社,12,2026-03-12,00:30,0.0177,0.0188
幸福村1社,12,2026-03-12,00:45,0.0159,0.0138
幸福村1社,12,2026-03-12,01:00,0.017,0.023
幸福村1社,12,2026-03-12,01:15,0.016,0.0157
幸福村1社,12,2026-03-12,01:30,0.0188,0.0126
幸福村1社,12,2026-03-12,01:45,0.0149,0.0161
幸福村1社,12,2026-03-12,02:00,0.017,0.0178
幸福村1社,12,2026-03-12,02:15,0.016,0.0169
幸福村1社,12,2026-03-12,02:30,0.0138,0.011
幸福村1社,12,2026-03-12,02:45,0.0172,0.0217
幸福村1社,12,2026-03-12,03:00,0.0181,0.0144
幸福村1社,12,2026-03-12,03:15,0.0179,0.0152
幸福村1社,12,2026-03-12,03:30,0.0145,0.0197
幸福村1社,12,2026-03-12,03:45,0.0157,0.0111
幸福村1社,12,2026-03-12,04:00,0.0149,0.0209
幸福村1社,12,2026-03-12,04:15,0.0194,0.0149
幸福村1社,12,2026-03-12,04:30,0.014,0.0258
幸福村1社,12,2026-03-12,04:45,0.0113,0.0111
幸福村1社,12,2026-03-12,05:00,0.0157,0.0155
幸福村1社,12,2026-03-12,05:15,0.0146,0.0152
幸福村1社,12,2026-03-12,05:30,0.0138,0.0162
幸福村1社,12,2026-03-12,05:45,0.0142,0.0259
幸福村1社,12,2026-03-12,06:00,0.0099,0.0156
幸福村1社,12,2026-03-12,06:15,0.0177,0.0215
幸福村1社,12,2026-03-12,06:30,0.0213,0.0175
幸福村1社,12,2026-03-12,06:45,0.0198,0.0197
幸福村1社,12,2026-03-12,07:00,0.0258,0.0166
幸福村1社,12,2026-03-12,07:15,0.0274,0.0218
幸福村1社,12,2026-03-12,07:30,0.0337,0.026
幸福村1社,12,2026-03-12,07:45,0.043,0.0142
幸福村1社,12,2026-03-12,08:00,0.0459,0.0248
幸福村1社,12,2026-03-12,08:15,0.0454,0.0113
幸福村1社,12,2026-03-12,08:30,0.0461,0.0644
幸福村1社,12,2026-03-12,08:45,0.05,0.0127
幸福村1社,12,2026-03-12,09:00,0.045,0.0645
幸福村1社,12,2026-03-12,09:15,0.0525,0.0524
幸福村1社,12,2026-03-12,09:30,0.0433,0.0142
幸福村1社,12,2026-03-12,09:45,0.0474,0.0081
幸福村1社,12,2026-03-12,10:00,0.0411,0.0154
幸福村1社,12,2026-03-12,10:15,0.0303,0.011
幸福村1社,12,2026-03-12,10:30,0.0254,0.0117
幸福村1社,12,2026-03-12,10:45,0.0307,0.0143
幸福村1社,12,2026-03-12,11:00,0.0295,0.0132
幸福村1社,12,2026-03-12,11:15,0.0226,0.0098
幸福村1社,12,2026-03-12,11:30,0.0254,0.0131
幸福村1社,12,2026-03-12,11:45,0.0236,0.0111
幸福村1社,12,2026-03-12,12:00,0.0235,0.0353
幸福村1社,12,2026-03-12,12:15,0.0174,0.0117
幸福村1社,12,2026-03-12,12:30,0.0153,0.0112
幸福村1社,12,2026-03-12,12:45,0.0226,0.0145
幸福村1社,12,2026-03-12,13:00,0.02,0.0157
幸福村1社,12,2026-03-12,13:15,0.0233,0.0101
幸福村1社,12,2026-03-12,13:30,0.0213,0.0196
幸福村1社,12,2026-03-12,13:45,0.0211,0.0134
幸福村1社,12,2026-03-12,14:00,0.0226,0.0139
幸福村1社,12,2026-03-12,14:15,0.0178,0.0139
幸福村1社,12,2026-03-12,14:30,0.0224,0.0102
幸福村1社,12,2026-03-12,14:45,0.0231,0.0158
幸福村1社,12,2026-03-12,15:00,0.0237,0.013
幸福村1社,12,2026-03-12,15:15,0.0233,0.0556
幸福村1社,12,2026-03-12,15:30,0.0238,0.0132
幸福村1社,12,2026-03-12,15:45,0.025,0.0173
幸福村1社,12,2026-03-12,16:00,0.0266,0.0074
幸福村1社,12,2026-03-12,16:15,0.0241,0.0168
幸福村1社,12,2026-03-12,16:30,0.0362,0.0387
幸福村1社,12,2026-03-12,16:45,0.0332,0.0334
幸福村1社,12,2026-03-12,17:00,0.0334,0.0462
幸福村1社,12,2026-03-12,17:15,0.04,0.0446
幸福村1社,12,2026-03-12,17:30,0.0336,0.0462
幸福村1社,12,2026-03-12,17:45,0.0376,0.072
幸福村1社,12,2026-03-12,18:00,0.0412,0.0194
幸福村1社,12,2026-03-12,18:15,0.0416,0.0185
幸福村1社,12,2026-03-12,18:30,0.0407,0.0365
幸福村1社,12,2026-03-12,18:45,0.0372,0.0879
幸福村1社,12,2026-03-12,19:00,0.033,0.0756
幸福村1社,12,2026-03-12,19:15,0.0349,0.117
幸福村1社,12,2026-03-12,19:30,0.0387,0.1099
幸福村1社,12,2026-03-12,19:45,0.0412,0.0991
幸福村1社,12,2026-03-12,20:00,0.037,0.0481
幸福村1社,12,2026-03-12,20:15,0.0346,0.049
幸福村1社,12,2026-03-12,20:30,0.0276,0.0259
幸福村1社,12,2026-03-12,20:45,0.0229,0.0232
幸福村1社,12,2026-03-12,21:00,0.0248,0.027
幸福村1社,12,2026-03-12,21:15,0.0233,0.0154
幸福村1社,12,2026-03-12,21:30,0.0226,0.0223
幸福村1社,12,2026-03-12,21:45,0.0228,0.0226
幸福村1社,12,2026-03-12,22:00,0.0189,0.0162
幸福村1社,12,2026-03-12,22:15,0.0233,0.0169
幸福村1社,12,2026-03-12,22:30,0.0255,0.0207
幸福村1社,12,2026-03-12,22:45,0.0153,0.0164
幸福村1社,12,2026-03-12,23:00,0.0184,0.0161
幸福村1社,12,2026-03-12,23:15,0.0197,0.021
幸福村1社,12,2026-03-12,23:30,0.0179,0.0114
幸福村1社,12,2026-03-12,23:45,0.0222,0.0168
马鞍村1社,13,2026-04-29,00:00,0.0345,0.047
马鞍村1社,13,2026-04-29,00:15,0.0359,0.0571
马鞍村1社,13,2026-04-29,00:30,0.0347,0.0554
马鞍村1社,13,2026-04-29,00:45,0.0292,0.056
马鞍村1社,13,2026-04-29,01:00,0.0291,0.0323
马鞍村1社,13,2026-04-29,01:15,0.0316,0.0366
马鞍村1社,13,2026-04-29,01:30,0.031,0.0345
马鞍村1社,13,2026-04-29,01:45,0.0265,0.035
马鞍村1社,13,2026-04-29,02:00,0.0292,0.0365
马鞍村1社,13,2026-04-29,02:15,0.034,0.0366
马鞍村1社,13,2026-04-29,02:30,0.0281,0.0335
马鞍村1社,13,2026-04-29,02:45,0.0266,0.0344
马鞍村1社,13,2026-04-29,03:00,0.0304,0.0382
马鞍村1社,13,2026-04-29,03:15,0.0318,0.0312
马鞍村1社,13,2026-04-29,03:30,0.0348,0.0355
马鞍村1社,13,2026-04-29,03:45,0.0326,0.0379
马鞍村1社,13,2026-04-29,04:00,0.0259,0.0237
马鞍村1社,13,2026-04-29,04:15,0.0258,0.0361
马鞍村1社,13,2026-04-29,04:30,0.0325,0.0328
马鞍村1社,13,2026-04-29,04:45,0.0317,0.0309
马鞍村1社,13,2026-04-29,05:00,0.0317,0.0384
马鞍村1社,13,2026-04-29,05:15,0.0315,0.0318
马鞍村1社,13,2026-04-29,05:30,0.0285,0.0288
马鞍村1社,13,2026-04-29,05:45,0.0287,0.0305
马鞍村1社,13,2026-04-29,06:00,0.0265,0.0352
马鞍村1社,13,2026-04-29,06:15,0.0322,0.0307
马鞍村1社,13,2026-04-29,06:30,0.0378,0.0255
马鞍村1社,13,2026-04-29,06:45,0.0391,0.0517
马鞍村1社,13,2026-04-29,07:00,0.0491,0.1
马鞍村1社,13,2026-04-29,07:15,0.0615,0.0762
马鞍村1社,13,2026-04-29,07:30,0.0576,0.0928
马鞍村1社,13,2026-04-29,07:45,0.0881,0.1297
马鞍村1社,13,2026-04-29,08:00,0.0953,0.071
马鞍村1社,13,2026-04-29,08:15,0.1088,0.0926
马鞍村1社,13,2026-04-29,08:30,0.1064,0.1164
马鞍村1社,13,2026-04-29,08:45,0.1263,0.1795
马鞍村1社,13,2026-04-29,09:00,0.114,0.0646
马鞍村1社,13,2026-04-29,09:15,0.0913,0.0322
马鞍村1社,13,2026-04-29,09:30,0.0769,0.0183
马鞍村1社,13,2026-04-29,09:45,0.0743,0.0551
马鞍村1社,13,2026-04-29,10:00,0.0658,0.0467
马鞍村1社,13,2026-04-29,10:15,0.0633,0.0259
马鞍村1社,13,2026-04-29,10:30,0.0451,0.0407
马鞍村1社,13,2026-04-29,10:45,0.0468,0.0619
马鞍村1社,13,2026-04-29,11:00,0.0521,0.0166
马鞍村1社,13,2026-04-29,11:15,0.0443,0.0317
马鞍村1社,13,2026-04-29,11:30,0.0535,0.0257
马鞍村1社,13,2026-04-29,11:45,0.056,0.0271
马鞍村1社,13,2026-04-29,12:00,0.0587,0.0351
马鞍村1社,13,2026-04-29,12:15,0.0506,0.0252
马鞍村1社,13,2026-04-29,12:30,0.0617,0.0637
马鞍村1社,13,2026-04-29,12:45,0.0477,0.0305
马鞍村1社,13,2026-04-29,13:00,0.0521,0.0353
马鞍村1社,13,2026-04-29,13:15,0.0588,0.0561
马鞍村1社,13,2026-04-29,13:30,0.0595,0.047
马鞍村1社,13,2026-04-29,13:45,0.0478,0.0516
马鞍村1社,13,2026-04-29,14:00,0.0603,0.0544
马鞍村1社,13,2026-04-29,14:15,0.0496,0.0586
马鞍村1社,13,2026-04-29,14:30,0.05,0.0831
马鞍村1社,13,2026-04-29,14:45,0.0551,0.0406
马鞍村1社,13,2026-04-29,15:00,0.0604,0.0617
马鞍村1社,13,2026-04-29,15:15,0.0578,0.0788
马鞍村1社,13,2026-04-29,15:30,0.0778,0.0399
马鞍村1社,13,2026-04-29,15:45,0.0737,0.0324
马鞍村1社,13,2026-04-29,16:00,0.0745,0.052
马鞍村1社,13,2026-04-29,16:15,0.0884,0.0353
马鞍村1社,13,2026-04-29,16:30,0.0966,0.0284
马鞍村1社,13,2026-04-29,16:45,0.0914,0.0527
马鞍村1社,13,2026-04-29,17:00,0.0856,0.037
马鞍村1社,13,2026-04-29,17:15,0.0951,0.0467
马鞍村1社,13,2026-04-29,17:30,0.096,0.1894
马鞍村1社,13,2026-04-29,17:45,0.0888,0.1445
马鞍村1社,13,2026-04-29,18:00,0.092,0.156
马鞍村1社,13,2026-04-29,18:15,0.0942,0.0841
马鞍村1社,13,2026-04-29,18:30,0.0799,0.1199
马鞍村1社,13,2026-04-29,18:45,0.0776,0.0739
马鞍村1社,13,2026-04-29,19:00,0.0704,0.0456
马鞍村1社,13,2026-04-29,19:15,0.0642,0.0577
马鞍村1社,13,2026-04-29,19:30,0.0579,0.0342
马鞍村1社,13,2026-04-29,19:45,0.0668,0.0498
马鞍村1社,13,2026-04-29,20:00,0.0592,0.0446
马鞍村1社,13,2026-04-29,20:15,0.0693,0.1107
马鞍村1社,13,2026-04-29,20:30,0.0517,0.0804
马鞍村1社,13,2026-04-29,20:45,0.0558,0.125
马鞍村1社,13,2026-04-29,21:00,0.0536,0.0421
马鞍村1社,13,2026-04-29,21:15,0.0536,0.0586
马鞍村1社,13,2026-04-29,21:30,0.0599,0.0481
马鞍村1社,13,2026-04-29,21:45,0.0503,0.0426
马鞍村1社,13,2026-04-29,22:00,0.0481,0.0536
马鞍村1社,13,2026-04-29,22:15,0.0452,0.0412
马鞍村1社,13,2026-04-29,22:30,0.0469,0.0508
马鞍村1社,13,2026-04-29,22:45,0.0425,0.0446
马鞍村1社,13,2026-04-29,23:00,0.0384,0.0338
马鞍村1社,13,2026-04-29,23:15,0.0358,0.0386
马鞍村1社,13,2026-04-29,23:30,0.038,0.0414
马鞍村1社,13,2026-04-29,23:45,0.0313,0.0457
马鞍村1社,13,2026-04-30,00:00,0.0319,0.034
马鞍村1社,13,2026-04-30,00:15,0.0373,0.03
马鞍村1社,13,2026-04-30,00:30,0.0338,0.0346
马鞍村1社,13,2026-04-30,00:45,0.0347,0.0302
马鞍村1社,13,2026-04-30,01:00,0.031,0.034
马鞍村1社,13,2026-04-30,01:15,0.0363,0.0282
马鞍村1社,13,2026-04-30,01:30,0.0367,0.0272
马鞍村1社,13,2026-04-30,01:45,0.0326,0.0363
马鞍村1社,13,2026-04-30,02:00,0.0347,0.0236
马鞍村1社,13,2026-04-30,02:15,0.0358,0.0343
马鞍村1社,13,2026-04-30,02:30,0.0303,0.0322
马鞍村1社,13,2026-04-30,02:45,0.0306,0.0212
马鞍村1社,13,2026-04-30,03:00,0.0282,0.0314
马鞍村1社,13,2026-04-30,03:15,0.0291,0.0298
马鞍村1社,13,2026-04-30,03:30,0.0311,0.0356
马鞍村1社,13,2026-04-30,03:45,0.0306,0.0205
马鞍村1社,13,2026-04-30,04:00,0.0314,0.0257
马鞍村1社,13,2026-04-30,04:15,0.0294,0.031
马鞍村1社,13,2026-04-30,04:30,0.0279,0.0282
马鞍村1社,13,2026-04-30,04:45,0.0318,0.0282
马鞍村1社,13,2026-04-30,05:00,0.0305,0.0286
马鞍村1社,13,2026-04-30,05:15,0.0313,0.0284
马鞍村1社,13,2026-04-30,05:30,0.0277,0.0255
马鞍村1社,13,2026-04-30,05:45,0.0314,0.0306
马鞍村1社,13,2026-04-30,06:00,0.0308,0.0304
马鞍村1社,13,2026-04-30,06:15,0.028,0.0273
马鞍村1社,13,2026-04-30,06:30,0.0314,0.0533
马鞍村1社,13,2026-04-30,06:45,0.0342,0.0389
马鞍村1社,13,2026-04-30,07:00,0.0517,0.0503
马鞍村1社,13,2026-04-30,07:15,0.0563,0.1122
马鞍村1社,13,2026-04-30,07:30,0.0628,0.0797
马鞍村1社,13,2026-04-30,07:45,0.085,0.0816
马鞍村1社,13,2026-04-30,08:00,0.1029,0.1451
马鞍村1社,13,2026-04-30,08:15,0.1185,0.145
马鞍村1社,13,2026-04-30,08:30,0.1122,0.1232
马鞍村1社,13,2026-04-30,08:45,0.1138,0.0597
马鞍村1社,13,2026-04-30,09:00,0.1041,0.0537
马鞍村1社,13,2026-04-30,09:15,0.0935,0.0808
马鞍村1社,13,2026-04-30,09:30,0.0794,0.0865
马鞍村1社,13,2026-04-30,09:45,0.072,0.0757
马鞍村1社,13,2026-04-30,10:00,0.0686,0.0272
马鞍村1社,13,2026-04-30,10:15,0.059,0.062
马鞍村1社,13,2026-04-30,10:30,0.0551,0.046
马鞍村1社,13,2026-04-30,10:45,0.0478,0.0475
马鞍村1社,13,2026-04-30,11:00,0.0412,0.075
马鞍村1社,13,2026-04-30,11:15,0.0494,0.037
马鞍村1社,13,2026-04-30,11:30,0.0485,0.03
马鞍村1社,13,2026-04-30,11:45,0.0474,0.0377
马鞍村1社,13,2026-04-30,12:00,0.0497,0.0319
马鞍村1社,13,2026-04-30,12:15,0.0519,0.0231
马鞍村1社,13,2026-04-30,12:30,0.0597,0.0352
马鞍村1社,13,2026-04-30,12:45,0.053,0.0281
马鞍村1社,13,2026-04-30,13:00,0.0481,0.0346
马鞍村1社,13,2026-04-30,13:15,0.0502,0.0501
马鞍村1社,13,2026-04-30,13:30,0.0522,0.0337
马鞍村1社,13,2026-04-30,13:45,0.0512,0.0291
马鞍村1社,13,2026-04-30,14:00,0.0568,0.0795
马鞍村1社,13,2026-04-30,14:15,0.0477,0.0387
马鞍村1社,13,2026-04-30,14:30,0.0546,0.0309
马鞍村1社,13,2026-04-30,14:45,0.0531,0.0722
马鞍村1社,13,2026-04-30,15:00,0.0629,0.1076
马鞍村1社,13,2026-04-30,15:15,0.0632,0.0752
马鞍村1社,13,2026-04-30,15:30,0.07,0.0587
马鞍村1社,13,2026-04-30,15:45,0.0719,0.0894
马鞍村1社,13,2026-04-30,16:00,0.0738,0.146
马鞍村1社,13,2026-04-30,16:15,0.0814,0.113
马鞍村1社,13,2026-04-30,16:30,0.0871,0.0887
马鞍村1社,13,2026-04-30,16:45,0.1003,0.046
马鞍村1社,13,2026-04-30,17:00,0.0868,0.0393
马鞍村1社,13,2026-04-30,17:15,0.0995,0.1049
马鞍村1社,13,2026-04-30,17:30,0.1153,0.0914
马鞍村1社,13,2026-04-30,17:45,0.0934,0.1074
马鞍村1社,13,2026-04-30,18:00,0.0994,0.2028
马鞍村1社,13,2026-04-30,18:15,0.0938,0.12
马鞍村1社,13,2026-04-30,18:30,0.0842,0.0264
马鞍村1社,13,2026-04-30,18:45,0.0694,0.0506
马鞍村1社,13,2026-04-30,19:00,0.0666,0.0461
马鞍村1社,13,2026-04-30,19:15,0.0678,0.0445
马鞍村1社,13,2026-04-30,19:30,0.0552,0.0389
马鞍村1社,13,2026-04-30,19:45,0.0657,0.0849
马鞍村1社,13,2026-04-30,20:00,0.0631,0.075
马鞍村1社,13,2026-04-30,20:15,0.0768,0.0654
马鞍村1社,13,2026-04-30,20:30,0.0578,0.0343
马鞍村1社,13,2026-04-30,20:45,0.0566,0.0726
马鞍村1社,13,2026-04-30,21:00,0.0574,0.0401
马鞍村1社,13,2026-04-30,21:15,0.0551,0.045
马鞍村1社,13,2026-04-30,21:30,0.0552,0.0405
马鞍村1社,13,2026-04-30,21:45,0.0448,0.0369
马鞍村1社,13,2026-04-30,22:00,0.0465,0.0485
马鞍村1社,13,2026-04-30,22:15,0.0479,0.0433
马鞍村1社,13,2026-04-30,22:30,0.0441,0.0408
马鞍村1社,13,2026-04-30,22:45,0.0361,0.0387
马鞍村1社,13,2026-04-30,23:00,0.0398,0.0366
马鞍村1社,13,2026-04-30,23:15,0.035,0.029
马鞍村1社,13,2026-04-30,23:30,0.0489,0.0442
马鞍村1社,13,2026-04-30,23:45,0.032,0.0377
马鞍村1社,13,2026-05-01,00:00,0.0359,0.0322
马鞍村1社,13,2026-05-01,00:15,0.0375,0.0375
马鞍村1社,13,2026-05-01,00:30,0.038,0.0287
马鞍村1社,13,2026-05-01,00:45,0.0326,0.0331
马鞍村1社,13,2026-05-01,01:00,0.0291,0.0358
马鞍村1社,13,2026-05-01,01:15,0.0337,0.0242
马鞍村1社,13,2026-05-01,01:30,0.0329,0.0323
马鞍村1社,13,2026-05-01,01:45,0.0339,0.0363
马鞍村1社,13,2026-05-01,02:00,0.0279,0.0391
马鞍村1社,13,2026-05-01,02:15,0.0336,0.0321
马鞍村1社,13,2026-05-01,02:30,0.0287,0.0312
马鞍村1社,13,2026-05-01,02:45,0.0303,0.039
马鞍村1社,13,2026-05-01,03:00,0.0303,0.0287
马鞍村1社,13,2026-05-01,03:15,0.0343,0.0301
马鞍村1社,13,2026-05-01,03:30,0.0294,0.0326
马鞍村1社,13,2026-05-01,03:45,0.0302,0.0271
马鞍村1社,13,2026-05-01,04:00,0.0271,0.0361
马鞍村1社,13,2026-05-01,04:15,0.0315,0.0352
马鞍村1社,13,2026-05-01,04:30,0.0288,0.0308
马鞍村1社,13,2026-05-01,04:45,0.0262,0.0375
马鞍村1社,13,2026-05-01,05:00,0.029,0.0352
马鞍村1社,13,2026-05-01,05:15,0.0293,0.0322
马鞍村1社,13,2026-05-01,05:30,0.0259,0.0435
马鞍村1社,13,2026-05-01,05:45,0.031,0.0466
马鞍村1社,13,2026-05-01,06:00,0.026,0.039
马鞍村1社,13,2026-05-01,06:15,0.0274,0.0556
马鞍村1社,13,2026-05-01,06:30,0.0339,0.0495
马鞍村1社,13,2026-05-01,06:45,0.0301,0.0568
马鞍村1社,13,2026-05-01,07:00,0.0482,0.0889
马鞍村1社,13,2026-05-01,07:15,0.0563,0.1391
马鞍村1社,13,2026-05-01,07:30,0.0628,0.2107
马鞍村1社,13,2026-05-01,07:45,0.0889,0.1405
马鞍村1社,13,2026-05-01,08:00,0.1032,0.1062
马鞍村1社,13,2026-05-01,08:15,0.113,0.0708
马鞍村1社,13,2026-05-01,08:30,0.1163,0.0562
马鞍村1社,13,2026-05-01,08:45,0.1234,0.076
马鞍村1社,13,2026-05-01,09:00,0.113,0.0331
马鞍村1社,13,2026-05-01,09:15,0.1002,0.05
马鞍村1社,13,2026-05-01,09:30,0.0872,0.0562
马鞍村1社,13,2026-05-01,09:45,0.0837,0.0876
马鞍村1社,13,2026-05-01,10:00,0.0768,0.0243
马鞍村1社,13,2026-05-01,10:15,0.0572,0.0568
马鞍村1社,13,2026-05-01,10:30,0.0506,0.04
马鞍村1社,13,2026-05-01,10:45,0.0509,0.0212
马鞍村1社,13,2026-05-01,11:00,0.056,0.0573
马鞍村1社,13,2026-05-01,11:15,0.0457,0.0383
马鞍村1社,13,2026-05-01,11:30,0.0501,0.0558
马鞍村1社,13,2026-05-01,11:45,0.055,0.0536
马鞍村1社,13,2026-05-01,12:00,0.0578,0.0773
马鞍村1社,13,2026-05-01,12:15,0.0575,0.03
马鞍村1社,13,2026-05-01,12:30,0.0462,0.0394
马鞍村1社,13,2026-05-01,12:45,0.0525,0.0554
马鞍村1社,13,2026-05-01,13:00,0.059,0.0565
马鞍村1社,13,2026-05-01,13:15,0.0552,0.0483
马鞍村1社,13,2026-05-01,13:30,0.0574,0.0642
马鞍村1社,13,2026-05-01,13:45,0.0522,0.0952
马鞍村1社,13,2026-05-01,14:00,0.0565,0.0553
马鞍村1社,13,2026-05-01,14:15,0.0471,0.0574
马鞍村1社,13,2026-05-01,14:30,0.0482,0.0652
马鞍村1社,13,2026-05-01,14:45,0.0534,0.0582
马鞍村1社,13,2026-05-01,15:00,0.0655,0.0521
马鞍村1社,13,2026-05-01,15:15,0.059,0.0407
马鞍村1社,13,2026-05-01,15:30,0.0719,0.0548
马鞍村1社,13,2026-05-01,15:45,0.0718,0.0507
马鞍村1社,13,2026-05-01,16:00,0.0766,0.0802
马鞍村1社,13,2026-05-01,16:15,0.0907,0.1069
马鞍村1社,13,2026-05-01,16:30,0.0905,0.0734
马鞍村1社,13,2026-05-01,16:45,0.0886,0.0776
马鞍村1社,13,2026-05-01,17:00,0.0882,0.0811
马鞍村1社,13,2026-05-01,17:15,0.1098,0.0965
马鞍村1社,13,2026-05-01,17:30,0.0993,0.0866
马鞍村1社,13,2026-05-01,17:45,0.098,0.0945
马鞍村1社,13,2026-05-01,18:00,0.1041,0.0585
马鞍村1社,13,2026-05-01,18:15,0.0918,0.0591
马鞍村1社,13,2026-05-01,18:30,0.0795,0.0391
马鞍村1社,13,2026-05-01,18:45,0.0746,0.0363
马鞍村1社,13,2026-05-01,19:00,0.0634,0.0418
马鞍村1社,13,2026-05-01,19:15,0.0579,0.0507
马鞍村1社,13,2026-05-01,19:30,0.0637,0.048
马鞍村1社,13,2026-05-01,19:45,0.0694,0.0395
马鞍村1社,13,2026-05-01,20:00,0.0661,0.0326
马鞍村1社,13,2026-05-01,20:15,0.0734,0.0423
马鞍村1社,13,2026-05-01,20:30,0.0569,0.0547
马鞍村1社,13,2026-05-01,20:45,0.0611,0.0887
马鞍村1社,13,2026-05-01,21:00,0.0533,0.0518
马鞍村1社,13,2026-05-01,21:15,0.0525,0.0488
马鞍村1社,13,2026-05-01,21:30,0.053,0.0644
马鞍村1社,13,2026-05-01,21:45,0.0494,0.0519
马鞍村1社,13,2026-05-01,22:00,0.04,0.0403
马鞍村1社,13,2026-05-01,22:15,0.0442,0.0252
马鞍村1社,13,2026-05-01,22:30,0.0483,0.0473
马鞍村1社,13,2026-05-01,22:45,0.0376,0.0323
马鞍村1社,13,2026-05-01,23:00,0.0391,0.031
马鞍村1社,13,2026-05-01,23:15,0.0384,0.0663
马鞍村1社,13,2026-05-01,23:30,0.039,0.0302
马鞍村1社,13,2026-05-01,23:45,0.0397,0.0212
幸福村4社,14,2026-03-27,00:00,0.0015,0.0009
幸福村4社,14,2026-03-27,00:15,0.0008,0.0009
幸福村4社,14,2026-03-27,00:30,0.0008,0.0009
幸福村4社,14,2026-03-27,00:45,0.0006,0.0009
幸福村4社,14,2026-03-27,01:00,0.0003,0.0012
幸福村4社,14,2026-03-27,01:15,0.0003,0.0012
幸福村4社,14,2026-03-27,01:30,-0.0003,0.0012
幸福村4社,14,2026-03-27,01:45,0.0011,0.001
幸福村4社,14,2026-03-27,02:00,0.0006,0.001
幸福村4社,14,2026-03-27,02:15,-0.0,0.001
幸福村4社,14,2026-03-27,02:30,0.0008,0.0009
幸福村4社,14,2026-03-27,02:45,0.0006,0.0008
幸福村4社,14,2026-03-27,03:00,0.0012,0.0008
幸福村4社,14,2026-03-27,03:15,0.0006,0.0008
幸福村4社,14,2026-03-27,03:30,0.0004,0.0008
幸福村4社,14,2026-03-27,03:45,0.0009,0.0008
幸福村4社,14,2026-03-27,04:00,0.0015,0.0008
幸福村4社,14,2026-03-27,04:15,0.0002,0.0008
幸福村4社,14,2026-03-27,04:30,0.0005,0.0008
幸福村4社,14,2026-03-27,04:45,0.0003,0.0008
幸福村4社,14,2026-03-27,05:00,0.0012,0.0008
幸福村4社,14,2026-03-27,05:15,0.001,0.0008
幸福村4社,14,2026-03-27,05:30,0.0001,0.0008
幸福村4社,14,2026-03-27,05:45,0.0003,0.0009
幸福村4社,14,2026-03-27,06:00,-0.0,0.0009
幸福村4社,14,2026-03-27,06:15,0.001,0.0008
幸福村4社,14,2026-03-27,06:30,0.0018,0.0008
幸福村4社,14,2026-03-27,06:45,0.0009,0.0008
幸福村4社,14,2026-03-27,07:00,0.0015,0.0008
幸福村4社,14,2026-03-27,07:15,0.0015,0.0008
幸福村4社,14,2026-03-27,07:30,0.0015,0.0008
幸福村4社,14,2026-03-27,07:45,0.0034,0.0008
幸福村4社,14,2026-03-27,08:00,0.0029,0.0008
幸福村4社,14,2026-03-27,08:15,0.002,0.0008
幸福村4社,14,2026-03-27,08:30,0.0013,0.0007
幸福村4社,14,2026-03-27,08:45,0.0026,0.0007
幸福村4社,14,2026-03-27,09:00,0.0004,0.0007
幸福村4社,14,2026-03-27,09:15,0.0012,0.0007
幸福村4社,14,2026-03-27,09:30,-0.0004,0.0007
幸福村4社,14,2026-03-27,09:45,-0.0006,0.0007
幸福村4社,14,2026-03-27,10:00,0.0003,0.0007
幸福村4社,14,2026-03-27,10:15,0.0015,0.0007
幸福村4社,14,2026-03-27,10:30,0.0001,0.0007
幸福村4社,14,2026-03-27,10:45,0.0011,0.0007
幸福村4社,14,2026-03-27,11:00,0.0006,0.0004
幸福村4社,14,2026-03-27,11:15,-0.0007,0.0004
幸福村4社,14,2026-03-27,11:30,-0.0003,0.0004
幸福村4社,14,2026-03-27,11:45,0.0002,0.0004
幸福村4社,14,2026-03-27,12:00,-0.0001,0.0004
幸福村4社,14,2026-03-27,12:15,-0.0001,0.0004
幸福村4社,14,2026-03-27,12:30,0.0,0.0004
幸福村4社,14,2026-03-27,12:45,-0.0001,0.0004
幸福村4社,14,2026-03-27,13:00,0.0006,0.0004
幸福村4社,14,2026-03-27,13:15,0.0003,0.0004
幸福村4社,14,2026-03-27,13:30,0.0003,0.0004
幸福村4社,14,2026-03-27,13:45,0.0011,0.0004
幸福村4社,14,2026-03-27,14:00,0.0006,0.0004
幸福村4社,14,2026-03-27,14:15,0.0005,0.0004
幸福村4社,14,2026-03-27,14:30,0.0007,0.0004
幸福村4社,14,2026-03-27,14:45,0.0009,0.0004
幸福村4社,14,2026-03-27,15:00,0.0009,0.0004
幸福村4社,14,2026-03-27,15:15,0.0011,0.0004
幸福村4社,14,2026-03-27,15:30,0.001,0.0004
幸福村4社,14,2026-03-27,15:45,0.0005,0.0004
幸福村4社,14,2026-03-27,16:00,0.0005,0.0004
幸福村4社,14,2026-03-27,16:15,0.0003,0.0004
幸福村4社,14,2026-03-27,16:30,0.0017,0.0004
幸福村4社,14,2026-03-27,16:45,0.0007,0.0004
幸福村4社,14,2026-03-27,17:00,0.0001,0.0004
幸福村4社,14,2026-03-27,17:15,0.0003,0.0006
幸福村4社,14,2026-03-27,17:30,0.0008,0.0005
幸福村4社,14,2026-03-27,17:45,0.0006,0.0005
幸福村4社,14,2026-03-27,18:00,-0.0002,0.0005
幸福村4社,14,2026-03-27,18:15,0.0,0.0004
幸福村4社,14,2026-03-27,18:30,-0.0002,0.0004
幸福村4社,14,2026-03-27,18:45,-0.0002,0.0004
幸福村4社,14,2026-03-27,19:00,0.0005,0.0004
幸福村4社,14,2026-03-27,19:15,0.0027,0.0004
幸福村4社,14,2026-03-27,19:30,0.002,0.0004
幸福村4社,14,2026-03-27,19:45,0.0022,0.0007
幸福村4社,14,2026-03-27,20:00,0.003,0.0006
幸福村4社,14,2026-03-27,20:15,0.0022,0.0014
幸福村4社,14,2026-03-27,20:30,0.0011,0.0013
幸福村4社,14,2026-03-27,20:45,0.0005,0.0013
幸福村4社,14,2026-03-27,21:00,0.0014,0.0014
幸福村4社,14,2026-03-27,21:15,0.0011,0.0013
幸福村4社,14,2026-03-27,21:30,0.0019,0.0015
幸福村4社,14,2026-03-27,21:45,0.0014,0.0015
幸福村4社,14,2026-03-27,22:00,0.0017,0.001
幸福村4社,14,2026-03-27,22:15,0.0017,0.0009
幸福村4社,14,2026-03-27,22:30,0.002,0.001
幸福村4社,14,2026-03-27,22:45,0.001,0.001
幸福村4社,14,2026-03-27,23:00,0.0007,0.001
幸福村4社,14,2026-03-27,23:15,0.0014,0.001
幸福村4社,14,2026-03-27,23:30,0.001,0.001
幸福村4社,14,2026-03-27,23:45,0.0012,0.001
幸福村4社,14,2026-03-28,00:00,0.0006,0.001
幸福村4社,14,2026-03-28,00:15,0.0009,0.001
幸福村4社,14,2026-03-28,00:30,0.0006,0.001
幸福村4社,14,2026-03-28,00:45,0.0006,0.0008
幸福村4社,14,2026-03-28,01:00,0.0009,0.0008
幸福村4社,14,2026-03-28,01:15,0.0007,0.0009
幸福村4社,14,2026-03-28,01:30,0.0017,0.001
幸福村4社,14,2026-03-28,01:45,0.0004,0.001
幸福村4社,14,2026-03-28,02:00,0.0007,0.001
幸福村4社,14,2026-03-28,02:15,0.001,0.001
幸福村4社,14,2026-03-28,02:30,0.0008,0.001
幸福村4社,14,2026-03-28,02:45,0.0013,0.001
幸福村4社,14,2026-03-28,03:00,0.0006,0.001
幸福村4社,14,2026-03-28,03:15,-0.0,0.0009
幸福村4社,14,2026-03-28,03:30,0.0012,0.0009
幸福村4社,14,2026-03-28,03:45,0.0005,0.0008
幸福村4社,14,2026-03-28,04:00,0.0003,0.0008
幸福村4社,14,2026-03-28,04:15,0.0011,0.0008
幸福村4社,14,2026-03-28,04:30,0.0004,0.0008
幸福村4社,14,2026-03-28,04:45,0.001,0.0008
幸福村4社,14,2026-03-28,05:00,0.0004,0.0008
幸福村4社,14,2026-03-28,05:15,-0.0001,0.0008
幸福村4社,14,2026-03-28,05:30,0.0004,0.0008
幸福村4社,14,2026-03-28,05:45,0.0006,0.0008
幸福村4社,14,2026-03-28,06:00,0.0009,0.0008
幸福村4社,14,2026-03-28,06:15,0.0008,0.0009
幸福村4社,14,2026-03-28,06:30,0.0008,0.0009
幸福村4社,14,2026-03-28,06:45,0.001,0.0009
幸福村4社,14,2026-03-28,07:00,0.0009,0.0007
幸福村4社,14,2026-03-28,07:15,0.0015,0.0007
幸福村4社,14,2026-03-28,07:30,0.0025,0.0007
幸福村4社,14,2026-03-28,07:45,0.0025,0.0007
幸福村4社,14,2026-03-28,08:00,0.0018,0.0007
幸福村4社,14,2026-03-28,08:15,0.0019,0.0008
幸福村4社,14,2026-03-28,08:30,0.0024,0.0007
幸福村4社,14,2026-03-28,08:45,0.0007,0.0007
幸福村4社,14,2026-03-28,09:00,0.0009,0.0007
幸福村4社,14,2026-03-28,09:15,0.0012,0.0007
幸福村4社,14,2026-03-28,09:30,0.0005,0.0007
幸福村4社,14,2026-03-28,09:45,0.0008,0.0007
幸福村4社,14,2026-03-28,10:00,0.001,0.0007
幸福村4社,14,2026-03-28,10:15,0.0005,0.0007
幸福村4社,14,2026-03-28,10:30,-0.0004,0.0007
幸福村4社,14,2026-03-28,10:45,0.0006,0.0007
幸福村4社,14,2026-03-28,11:00,-0.0002,0.0007
幸福村4社,14,2026-03-28,11:15,-0.0007,0.0007
幸福村4社,14,2026-03-28,11:30,0.0009,0.0005
幸福村4社,14,2026-03-28,11:45,0.001,0.0004
幸福村4社,14,2026-03-28,12:00,0.0001,0.0004
幸福村4社,14,2026-03-28,12:15,-0.0002,0.0004
幸福村4社,14,2026-03-28,12:30,0.0006,0.0004
幸福村4社,14,2026-03-28,12:45,0.0001,0.0004
幸福村4社,14,2026-03-28,13:00,0.0001,0.0004
幸福村4社,14,2026-03-28,13:15,-0.0,0.0004
幸福村4社,14,2026-03-28,13:30,-0.0002,0.0004
幸福村4社,14,2026-03-28,13:45,0.0005,0.0004
幸福村4社,14,2026-03-28,14:00,0.001,0.0004
幸福村4社,14,2026-03-28,14:15,0.0002,0.0004
幸福村4社,14,2026-03-28,14:30,-0.0006,0.0004
幸福村4社,14,2026-03-28,14:45,0.0006,0.0004
幸福村4社,14,2026-03-28,15:00,0.0007,0.0004
幸福村4社,14,2026-03-28,15:15,0.0007,0.0004
幸福村4社,14,2026-03-28,15:30,0.001,0.0004
幸福村4社,14,2026-03-28,15:45,0.0004,0.0009
幸福村4社,14,2026-03-28,16:00,0.0018,0.0009
幸福村4社,14,2026-03-28,16:15,0.0016,0.0009
幸福村4社,14,2026-03-28,16:30,0.0004,0.0009
幸福村4社,14,2026-03-28,16:45,0.001,0.0009
幸福村4社,14,2026-03-28,17:00,0.0004,0.0009
幸福村4社,14,2026-03-28,17:15,-0.0,0.0009
幸福村4社,14,2026-03-28,17:30,0.0005,0.0004
幸福村4社,14,2026-03-28,17:45,0.0002,0.0004
幸福村4社,14,2026-03-28,18:00,0.0002,0.0004
幸福村4社,14,2026-03-28,18:15,-0.0004,0.0004
幸福村4社,14,2026-03-28,18:30,0.0001,0.0004
幸福村4社,14,2026-03-28,18:45,0.0009,0.0004
幸福村4社,14,2026-03-28,19:00,0.0014,0.0008
幸福村4社,14,2026-03-28,19:15,0.0025,0.0008
幸福村4社,14,2026-03-28,19:30,0.0018,0.0007
幸福村4社,14,2026-03-28,19:45,0.0016,0.0005
幸福村4社,14,2026-03-28,20:00,0.0019,0.0015
幸福村4社,14,2026-03-28,20:15,0.0013,0.0015
幸福村4社,14,2026-03-28,20:30,0.0009,0.0015
幸福村4社,14,2026-03-28,20:45,0.0015,0.001
幸福村4社,14,2026-03-28,21:00,0.0017,0.001
幸福村4社,14,2026-03-28,21:15,0.0013,0.001
幸福村4社,14,2026-03-28,21:30,0.0014,0.001
幸福村4社,14,2026-03-28,21:45,0.001,0.001
幸福村4社,14,2026-03-28,22:00,0.0017,0.001
幸福村4社,14,2026-03-28,22:15,0.0018,0.0009
幸福村4社,14,2026-03-28,22:30,0.0007,0.0008
幸福村4社,14,2026-03-28,22:45,0.001,0.0008
幸福村4社,14,2026-03-28,23:00,0.001,0.0009
幸福村4社,14,2026-03-28,23:15,0.0011,0.0007
幸福村4社,14,2026-03-28,23:30,0.0008,0.0015
幸福村4社,14,2026-03-28,23:45,0.0016,0.0014
幸福村4社,14,2026-03-29,00:00,0.0013,0.001
幸福村4社,14,2026-03-29,00:15,0.0016,0.001
幸福村4社,14,2026-03-29,00:30,0.0012,0.0005
幸福村4社,14,2026-03-29,00:45,0.0006,0.0005
幸福村4社,14,2026-03-29,01:00,0.0001,0.0005
幸福村4社,14,2026-03-29,01:15,0.001,0.0005
幸福村4社,14,2026-03-29,01:30,0.0014,0.0005
幸福村4社,14,2026-03-29,01:45,0.0007,0.0005
幸福村4社,14,2026-03-29,02:00,0.0008,0.0004
幸福村4社,14,2026-03-29,02:15,0.0004,0.0004
幸福村4社,14,2026-03-29,02:30,0.0005,0.0004
幸福村4社,14,2026-03-29,02:45,0.0007,0.0004
幸福村4社,14,2026-03-29,03:00,0.0004,0.0004
幸福村4社,14,2026-03-29,03:15,0.001,0.0004
幸福村4社,14,2026-03-29,03:30,0.0006,0.0004
幸福村4社,14,2026-03-29,03:45,0.0012,0.0004
幸福村4社,14,2026-03-29,04:00,0.0009,0.0004
幸福村4社,14,2026-03-29,04:15,0.0014,0.0004
幸福村4社,14,2026-03-29,04:30,0.0005,0.0004
幸福村4社,14,2026-03-29,04:45,0.0004,0.0004
幸福村4社,14,2026-03-29,05:00,0.0012,0.0004
幸福村4社,14,2026-03-29,05:15,0.0016,0.0004
幸福村4社,14,2026-03-29,05:30,0.0006,0.0004
幸福村4社,14,2026-03-29,05:45,0.0004,0.0004
幸福村4社,14,2026-03-29,06:00,0.0006,0.0004
幸福村4社,14,2026-03-29,06:15,0.001,0.0004
幸福村4社,14,2026-03-29,06:30,0.0009,0.0004
幸福村4社,14,2026-03-29,06:45,0.0014,0.0004
幸福村4社,14,2026-03-29,07:00,0.0011,0.0004
幸福村4社,14,2026-03-29,07:15,0.0011,0.0004
幸福村4社,14,2026-03-29,07:30,0.0024,0.0004
幸福村4社,14,2026-03-29,07:45,0.0028,0.0004
幸福村4社,14,2026-03-29,08:00,0.0027,0.0004
幸福村4社,14,2026-03-29,08:15,0.0014,0.0142
幸福村4社,14,2026-03-29,08:30,0.0032,0.0142
幸福村4社,14,2026-03-29,08:45,0.0028,0.0004
幸福村4社,14,2026-03-29,09:00,0.001,0.0004
幸福村4社,14,2026-03-29,09:15,0.0023,0.0004
幸福村4社,14,2026-03-29,09:30,0.0007,0.0006
幸福村4社,14,2026-03-29,09:45,0.0016,0.0005
幸福村4社,14,2026-03-29,10:00,0.0011,0.0005
幸福村4社,14,2026-03-29,10:15,0.0011,0.001
幸福村4社,14,2026-03-29,10:30,0.0003,0.001
幸福村4社,14,2026-03-29,10:45,0.0008,0.0008
幸福村4社,14,2026-03-29,11:00,0.0015,0.0004
幸福村4社,14,2026-03-29,11:15,-0.0004,0.0004
幸福村4社,14,2026-03-29,11:30,0.0002,0.0004
幸福村4社,14,2026-03-29,11:45,0.0007,0.0004
幸福村4社,14,2026-03-29,12:00,0.0001,0.0004
幸福村4社,14,2026-03-29,12:15,0.0004,0.0009
幸福村4社,14,2026-03-29,12:30,-0.0001,0.0009
幸福村4社,14,2026-03-29,12:45,0.0008,0.0009
幸福村4社,14,2026-03-29,13:00,0.0016,0.001
幸福村4社,14,2026-03-29,13:15,0.0004,0.0004
幸福村4社,14,2026-03-29,13:30,0.0017,0.0004
幸福村4社,14,2026-03-29,13:45,0.0003,0.0004
幸福村4社,14,2026-03-29,14:00,0.0005,0.0009
幸福村4社,14,2026-03-29,14:15,0.0006,0.0009
幸福村4社,14,2026-03-29,14:30,0.0008,0.0009
幸福村4社,14,2026-03-29,14:45,0.0009,0.0009
幸福村4社,14,2026-03-29,15:00,0.0011,0.0009
幸福村4社,14,2026-03-29,15:15,0.0009,0.0009
幸福村4社,14,2026-03-29,15:30,0.0016,0.0004
幸福村4社,14,2026-03-29,15:45,0.0007,0.0004
幸福村4社,14,2026-03-29,16:00,0.0014,0.0004
幸福村4社,14,2026-03-29,16:15,0.0011,0.0009
幸福村4社,14,2026-03-29,16:30,0.0011,0.0009
幸福村4社,14,2026-03-29,16:45,0.0017,0.0009
幸福村4社,14,2026-03-29,17:00,0.0001,0.0009
幸福村4社,14,2026-03-29,17:15,0.0009,0.0009
幸福村4社,14,2026-03-29,17:30,0.0005,0.0011
幸福村4社,14,2026-03-29,17:45,0.0004,0.0006
幸福村4社,14,2026-03-29,18:00,0.0006,0.0004
幸福村4社,14,2026-03-29,18:15,-0.0003,0.0004
幸福村4社,14,2026-03-29,18:30,0.0007,0.0009
幸福村4社,14,2026-03-29,18:45,0.0012,0.0009
幸福村4社,14,2026-03-29,19:00,0.0012,0.0004
幸福村4社,14,2026-03-29,19:15,0.001,0.0004
幸福村4社,14,2026-03-29,19:30,0.0023,0.0004
幸福村4社,14,2026-03-29,19:45,0.0022,0.001
幸福村4社,14,2026-03-29,20:00,0.0024,0.0014
幸福村4社,14,2026-03-29,20:15,0.0015,0.0009
幸福村4社,14,2026-03-29,20:30,0.0013,0.0009
幸福村4社,14,2026-03-29,20:45,0.002,0.0011
幸福村4社,14,2026-03-29,21:00,0.0018,0.001
幸福村4社,14,2026-03-29,21:15,0.0022,0.0011
幸福村4社,14,2026-03-29,21:30,0.0009,0.001
幸福村4社,14,2026-03-29,21:45,0.0014,0.0009
幸福村4社,14,2026-03-29,22:00,0.0012,0.0009
幸福村4社,14,2026-03-29,22:15,0.0008,0.0009
幸福村4社,14,2026-03-29,22:30,0.0012,0.0009
幸福村4社,14,2026-03-29,22:45,0.0011,0.0015
幸福村4社,14,2026-03-29,23:00,0.0011,0.0012
幸福村4社,14,2026-03-29,23:15,0.001,0.0012
幸福村4社,14,2026-03-29,23:30,0.0012,0.0011
幸福村4社,14,2026-03-29,23:45,0.0012,0.0011
马鞍村1社,15,2026-03-16,00:00,0.035,0.019
马鞍村1社,15,2026-03-16,00:15,0.035,0.0486
马鞍村1社,15,2026-03-16,00:30,0.0348,0.0179
马鞍村1社,15,2026-03-16,00:45,0.0312,0.0383
马鞍村1社,15,2026-03-16,01:00,0.0293,0.0293
马鞍村1社,15,2026-03-16,01:15,0.033,0.0346
马鞍村1社,15,2026-03-16,01:30,0.0317,0.0241
马鞍村1社,15,2026-03-16,01:45,0.0245,0.0289
马鞍村1社,15,2026-03-16,02:00,0.0294,0.0221
马鞍村1社,15,2026-03-16,02:15,0.036,0.0342
马鞍村1社,15,2026-03-16,02:30,0.0278,0.0288
马鞍村1社,15,2026-03-16,02:45,0.0277,0.0161
马鞍村1社,15,2026-03-16,03:00,0.0275,0.0183
马鞍村1社,15,2026-03-16,03:15,0.0327,0.0159
马鞍村1社,15,2026-03-16,03:30,0.035,0.0312
马鞍村1社,15,2026-03-16,03:45,0.0329,0.0277
马鞍村1社,15,2026-03-16,04:00,0.0248,0.0193
马鞍村1社,15,2026-03-16,04:15,0.0243,0.0151
马鞍村1社,15,2026-03-16,04:30,0.033,0.0258
马鞍村1社,15,2026-03-16,04:45,0.0348,0.018
马鞍村1社,15,2026-03-16,05:00,0.0336,0.0298
马鞍村1社,15,2026-03-16,05:15,0.0337,0.0243
马鞍村1社,15,2026-03-16,05:30,0.0296,0.0169
马鞍村1社,15,2026-03-16,05:45,0.0292,0.0246
马鞍村1社,15,2026-03-16,06:00,0.0263,0.0242
马鞍村1社,15,2026-03-16,06:15,0.0334,0.028
马鞍村1社,15,2026-03-16,06:30,0.0391,0.0249
马鞍村1社,15,2026-03-16,06:45,0.0395,0.0292
马鞍村1社,15,2026-03-16,07:00,0.0488,0.02
马鞍村1社,15,2026-03-16,07:15,0.0629,0.0177
马鞍村1社,15,2026-03-16,07:30,0.0602,0.0201
马鞍村1社,15,2026-03-16,07:45,0.0899,0.0682
马鞍村1社,15,2026-03-16,08:00,0.0952,0.0766
马鞍村1社,15,2026-03-16,08:15,0.1082,0.1021
马鞍村1社,15,2026-03-16,08:30,0.1076,0.0976
马鞍村1社,15,2026-03-16,08:45,0.1263,0.0863
马鞍村1社,15,2026-03-16,09:00,0.1154,0.096
马鞍村1社,15,2026-03-16,09:15,0.0913,0.1146
马鞍村1社,15,2026-03-16,09:30,0.0811,0.1079
马鞍村1社,15,2026-03-16,09:45,0.0755,0.1609
马鞍村1社,15,2026-03-16,10:00,0.0651,0.0881
马鞍村1社,15,2026-03-16,10:15,0.0641,0.0583
马鞍村1社,15,2026-03-16,10:30,0.0432,0.0442
马鞍村1社,15,2026-03-16,10:45,0.0454,0.025
马鞍村1社,15,2026-03-16,11:00,0.05,0.0309
马鞍村1社,15,2026-03-16,11:15,0.0449,0.0252
马鞍村1社,15,2026-03-16,11:30,0.0531,0.0412
马鞍村1社,15,2026-03-16,11:45,0.0552,0.0917
马鞍村1社,15,2026-03-16,12:00,0.0591,0.0686
马鞍村1社,15,2026-03-16,12:15,0.0501,0.0779
马鞍村1社,15,2026-03-16,12:30,0.063,0.042
马鞍村1社,15,2026-03-16,12:45,0.0481,0.0383
马鞍村1社,15,2026-03-16,13:00,0.0539,0.0469
马鞍村1社,15,2026-03-16,13:15,0.0571,0.1049
马鞍村1社,15,2026-03-16,13:30,0.062,0.0433
马鞍村1社,15,2026-03-16,13:45,0.0501,0.0284
马鞍村1社,15,2026-03-16,14:00,0.0595,0.0429
马鞍村1社,15,2026-03-16,14:15,0.0505,0.049
马鞍村1社,15,2026-03-16,14:30,0.0515,0.06
马鞍村1社,15,2026-03-16,14:45,0.0567,0.0548
马鞍村1社,15,2026-03-16,15:00,0.057,0.0363
马鞍村1社,15,2026-03-16,15:15,0.0592,0.0347
马鞍村1社,15,2026-03-16,15:30,0.0792,0.0958
马鞍村1社,15,2026-03-16,15:45,0.0737,0.0713
马鞍村1社,15,2026-03-16,16:00,0.075,0.0605
马鞍村1社,15,2026-03-16,16:15,0.0871,0.0842
马鞍村1社,15,2026-03-16,16:30,0.0994,0.1563
马鞍村1社,15,2026-03-16,16:45,0.0903,0.0449
马鞍村1社,15,2026-03-16,17:00,0.0856,0.0249
马鞍村1社,15,2026-03-16,17:15,0.0957,0.0539
马鞍村1社,15,2026-03-16,17:30,0.0971,0.1059
马鞍村1社,15,2026-03-16,17:45,0.0896,0.1012
马鞍村1社,15,2026-03-16,18:00,0.0926,0.1992
马鞍村1社,15,2026-03-16,18:15,0.0945,0.1305
马鞍村1社,15,2026-03-16,18:30,0.0822,0.0772
马鞍村1社,15,2026-03-16,18:45,0.0811,0.0347
马鞍村1社,15,2026-03-16,19:00,0.0732,0.0439
马鞍村1社,15,2026-03-16,19:15,0.0674,0.0491
马鞍村1社,15,2026-03-16,19:30,0.0598,0.0342
马鞍村1社,15,2026-03-16,19:45,0.0673,0.0553
马鞍村1社,15,2026-03-16,20:00,0.0605,0.0768
马鞍村1社,15,2026-03-16,20:15,0.0673,0.0424
马鞍村1社,15,2026-03-16,20:30,0.053,0.0386
马鞍村1社,15,2026-03-16,20:45,0.0577,0.0444
马鞍村1社,15,2026-03-16,21:00,0.0526,0.0378
马鞍村1社,15,2026-03-16,21:15,0.0545,0.0392
马鞍村1社,15,2026-03-16,21:30,0.0572,0.0385
马鞍村1社,15,2026-03-16,21:45,0.0501,0.035
马鞍村1社,15,2026-03-16,22:00,0.0469,0.0384
马鞍村1社,15,2026-03-16,22:15,0.0455,0.036
马鞍村1社,15,2026-03-16,22:30,0.046,0.0339
马鞍村1社,15,2026-03-16,22:45,0.043,0.0297
马鞍村1社,15,2026-03-16,23:00,0.0399,0.0406
马鞍村1社,15,2026-03-16,23:15,0.0379,0.0379
马鞍村1社,15,2026-03-16,23:30,0.0354,0.0356
马鞍村1社,15,2026-03-16,23:45,0.0335,0.0308
马鞍村1社,15,2026-03-17,00:00,0.0312,0.0336
马鞍村1社,15,2026-03-17,00:15,0.0397,0.0186
马鞍村1社,15,2026-03-17,00:30,0.0364,0.0346
马鞍村1社,15,2026-03-17,00:45,0.0335,0.0277
马鞍村1社,15,2026-03-17,01:00,0.0308,0.0296
马鞍村1社,15,2026-03-17,01:15,0.0352,0.0308
马鞍村1社,15,2026-03-17,01:30,0.0365,0.0257
马鞍村1社,15,2026-03-17,01:45,0.0347,0.0318
马鞍村1社,15,2026-03-17,02:00,0.0309,0.0186
马鞍村1社,15,2026-03-17,02:15,0.0339,0.0324
马鞍村1社,15,2026-03-17,02:30,0.0305,0.0318
马鞍村1社,15,2026-03-17,02:45,0.0325,0.0282
马鞍村1社,15,2026-03-17,03:00,0.0312,0.0237
马鞍村1社,15,2026-03-17,03:15,0.0288,0.0256
马鞍村1社,15,2026-03-17,03:30,0.0321,0.0219
马鞍村1社,15,2026-03-17,03:45,0.0311,0.0274
马鞍村1社,15,2026-03-17,04:00,0.0317,0.0293
马鞍村1社,15,2026-03-17,04:15,0.0298,0.0183
马鞍村1社,15,2026-03-17,04:30,0.0275,0.0374
马鞍村1社,15,2026-03-17,04:45,0.0332,0.0255
马鞍村1社,15,2026-03-17,05:00,0.0319,0.0316
马鞍村1社,15,2026-03-17,05:15,0.0322,0.031
马鞍村1社,15,2026-03-17,05:30,0.0254,0.0221
马鞍村1社,15,2026-03-17,05:45,0.0336,0.0335
马鞍村1社,15,2026-03-17,06:00,0.0325,0.0238
马鞍村1社,15,2026-03-17,06:15,0.0273,0.028
马鞍村1社,15,2026-03-17,06:30,0.0316,0.0222
马鞍村1社,15,2026-03-17,06:45,0.0339,0.0306
马鞍村1社,15,2026-03-17,07:00,0.053,0.0346
马鞍村1社,15,2026-03-17,07:15,0.0592,0.0564
马鞍村1社,15,2026-03-17,07:30,0.0621,0.0355
马鞍村1社,15,2026-03-17,07:45,0.0884,0.1179
马鞍村1社,15,2026-03-17,08:00,0.1034,0.1188
马鞍村1社,15,2026-03-17,08:15,0.1208,0.0621
马鞍村1社,15,2026-03-17,08:30,0.1174,0.0452
马鞍村1社,15,2026-03-17,08:45,0.1133,0.095
马鞍村1社,15,2026-03-17,09:00,0.1027,0.2555
马鞍村1社,15,2026-03-17,09:15,0.0947,0.0588
马鞍村1社,15,2026-03-17,09:30,0.0797,0.0569
马鞍村1社,15,2026-03-17,09:45,0.0716,0.0245
马鞍村1社,15,2026-03-17,10:00,0.0686,0.0237
马鞍村1社,15,2026-03-17,10:15,0.0601,0.0315
马鞍村1社,15,2026-03-17,10:30,0.0556,0.0193
马鞍村1社,15,2026-03-17,10:45,0.0451,0.0979
马鞍村1社,15,2026-03-17,11:00,0.039,0.0561
马鞍村1社,15,2026-03-17,11:15,0.0497,0.0541
马鞍村1社,15,2026-03-17,11:30,0.0455,0.0738
马鞍村1社,15,2026-03-17,11:45,0.047,0.0284
马鞍村1社,15,2026-03-17,12:00,0.0506,0.0585
马鞍村1社,15,2026-03-17,12:15,0.0535,0.0654
马鞍村1社,15,2026-03-17,12:30,0.059,0.099
马鞍村1社,15,2026-03-17,12:45,0.0526,0.0576
马鞍村1社,15,2026-03-17,13:00,0.0514,0.061
马鞍村1社,15,2026-03-17,13:15,0.0501,0.0616
马鞍村1社,15,2026-03-17,13:30,0.0522,0.0626
马鞍村1社,15,2026-03-17,13:45,0.0513,0.041
马鞍村1社,15,2026-03-17,14:00,0.0575,0.0461
马鞍村1社,15,2026-03-17,14:15,0.0491,0.0444
马鞍村1社,15,2026-03-17,14:30,0.0543,0.0483
马鞍村1社,15,2026-03-17,14:45,0.0545,0.0194
马鞍村1社,15,2026-03-17,15:00,0.0623,0.0291
马鞍村1社,15,2026-03-17,15:15,0.0639,0.0296
马鞍村1社,15,2026-03-17,15:30,0.0733,0.0713
马鞍村1社,15,2026-03-17,15:45,0.0693,0.0562
马鞍村1社,15,2026-03-17,16:00,0.0727,0.0915
马鞍村1社,15,2026-03-17,16:15,0.0818,0.0652
马鞍村1社,15,2026-03-17,16:30,0.0878,0.0812
马鞍村1社,15,2026-03-17,16:45,0.1003,0.0442
马鞍村1社,15,2026-03-17,17:00,0.0867,0.0557
马鞍村1社,15,2026-03-17,17:15,0.1016,0.0852
马鞍村1社,15,2026-03-17,17:30,0.1152,0.0572
马鞍村1社,15,2026-03-17,17:45,0.0961,0.0914
马鞍村1社,15,2026-03-17,18:00,0.0943,0.0289
马鞍村1社,15,2026-03-17,18:15,0.0963,0.0468
马鞍村1社,15,2026-03-17,18:30,0.085,0.0459
马鞍村1社,15,2026-03-17,18:45,0.0698,0.1326
马鞍村1社,15,2026-03-17,19:00,0.0685,0.119
马鞍村1社,15,2026-03-17,19:15,0.0669,0.1386
马鞍村1社,15,2026-03-17,19:30,0.0549,0.0835
马鞍村1社,15,2026-03-17,19:45,0.0701,0.0691
马鞍村1社,15,2026-03-17,20:00,0.0635,0.0407
马鞍村1社,15,2026-03-17,20:15,0.0753,0.0429
马鞍村1社,15,2026-03-17,20:30,0.0589,0.0369
马鞍村1社,15,2026-03-17,20:45,0.0573,0.0686
马鞍村1社,15,2026-03-17,21:00,0.0617,0.1017
马鞍村1社,15,2026-03-17,21:15,0.0551,0.0388
马鞍村1社,15,2026-03-17,21:30,0.0582,0.0425
马鞍村1社,15,2026-03-17,21:45,0.0439,0.1056
马鞍村1社,15,2026-03-17,22:00,0.0473,0.0775
马鞍村1社,15,2026-03-17,22:15,0.0492,0.0588
马鞍村1社,15,2026-03-17,22:30,0.0447,0.0746
马鞍村1社,15,2026-03-17,22:45,0.0365,0.0367
马鞍村1社,15,2026-03-17,23:00,0.0405,0.0334
马鞍村1社,15,2026-03-17,23:15,0.0356,0.0429
马鞍村1社,15,2026-03-17,23:30,0.0505,0.0266
马鞍村1社,15,2026-03-17,23:45,0.0355,0.0243
马鞍村1社,15,2026-03-18,00:00,0.036,0.0319
马鞍村1社,15,2026-03-18,00:15,0.0403,0.0297
马鞍村1社,15,2026-03-18,00:30,0.0375,0.032
马鞍村1社,15,2026-03-18,00:45,0.0327,0.0292
马鞍村1社,15,2026-03-18,01:00,0.0274,0.0317
马鞍村1社,15,2026-03-18,01:15,0.0317,0.0363
马鞍村1社,15,2026-03-18,01:30,0.0351,0.0269
马鞍村1社,15,2026-03-18,01:45,0.0309,0.0348
马鞍村1社,15,2026-03-18,02:00,0.028,0.0343
马鞍村1社,15,2026-03-18,02:15,0.0336,0.0135
马鞍村1社,15,2026-03-18,02:30,0.0294,0.0606
马鞍村1社,15,2026-03-18,02:45,0.0314,0.028
马鞍村1社,15,2026-03-18,03:00,0.0302,0.0097
马鞍村1社,15,2026-03-18,03:15,0.0292,0.0419
马鞍村1社,15,2026-03-18,03:30,0.0289,0.0267
马鞍村1社,15,2026-03-18,03:45,0.0293,0.0188
马鞍村1社,15,2026-03-18,04:00,0.0273,0.0193
马鞍村1社,15,2026-03-18,04:15,0.0312,0.0188
马鞍村1社,15,2026-03-18,04:30,0.028,0.0188
马鞍村1社,15,2026-03-18,04:45,0.0286,0.0275
马鞍村1社,15,2026-03-18,05:00,0.0319,0.0225
马鞍村1社,15,2026-03-18,05:15,0.0275,0.03
马鞍村1社,15,2026-03-18,05:30,0.0282,0.0263
马鞍村1社,15,2026-03-18,05:45,0.0304,0.0218
马鞍村1社,15,2026-03-18,06:00,0.0254,0.0225
马鞍村1社,15,2026-03-18,06:15,0.0284,0.0229
马鞍村1社,15,2026-03-18,06:30,0.0348,0.0391
马鞍村1社,15,2026-03-18,06:45,0.0292,0.093
马鞍村1社,15,2026-03-18,07:00,0.0504,0.0618
马鞍村1社,15,2026-03-18,07:15,0.0573,0.0727
马鞍村1社,15,2026-03-18,07:30,0.0619,0.0915
马鞍村1社,15,2026-03-18,07:45,0.0898,0.0814
马鞍村1社,15,2026-03-18,08:00,0.1042,0.0877
马鞍村1社,15,2026-03-18,08:15,0.1113,0.1908
马鞍村1社,15,2026-03-18,08:30,0.117,0.1118
马鞍村1社,15,2026-03-18,08:45,0.1231,0.059
马鞍村1社,15,2026-03-18,09:00,0.1121,0.0218
马鞍村1社,15,2026-03-18,09:15,0.0979,0.0615
马鞍村1社,15,2026-03-18,09:30,0.0848,0.0989
马鞍村1社,15,2026-03-18,09:45,0.0832,0.0448
马鞍村1社,15,2026-03-18,10:00,0.0768,0.0417
马鞍村1社,15,2026-03-18,10:15,0.056,0.0529
马鞍村1社,15,2026-03-18,10:30,0.0498,0.0642
马鞍村1社,15,2026-03-18,10:45,0.0499,0.0565
马鞍村1社,15,2026-03-18,11:00,0.0558,0.0396
马鞍村1社,15,2026-03-18,11:15,0.0442,0.0325
马鞍村1社,15,2026-03-18,11:30,0.0468,0.0202
马鞍村1社,15,2026-03-18,11:45,0.0532,0.0525
马鞍村1社,15,2026-03-18,12:00,0.0567,0.0557
马鞍村1社,15,2026-03-18,12:15,0.0587,0.0973
马鞍村1社,15,2026-03-18,12:30,0.048,0.0216
马鞍村1社,15,2026-03-18,12:45,0.0515,0.0864
马鞍村1社,15,2026-03-18,13:00,0.0609,0.0293
马鞍村1社,15,2026-03-18,13:15,0.0554,0.0322
马鞍村1社,15,2026-03-18,13:30,0.0597,0.061
马鞍村1社,15,2026-03-18,13:45,0.0506,0.0409
马鞍村1社,15,2026-03-18,14:00,0.0578,0.0645
马鞍村1社,15,2026-03-18,14:15,0.0457,0.0641
马鞍村1社,15,2026-03-18,14:30,0.0495,0.1066
马鞍村1社,15,2026-03-18,14:45,0.0518,0.0754
马鞍村1社,15,2026-03-18,15:00,0.0663,0.0762
马鞍村1社,15,2026-03-18,15:15,0.0602,0.0591
马鞍村1社,15,2026-03-18,15:30,0.0716,0.0806
马鞍村1社,15,2026-03-18,15:45,0.0708,0.0775
马鞍村1社,15,2026-03-18,16:00,0.0739,0.0681
马鞍村1社,15,2026-03-18,16:15,0.0893,0.0665
马鞍村1社,15,2026-03-18,16:30,0.0909,0.0895
马鞍村1社,15,2026-03-18,16:45,0.0898,0.0987
马鞍村1社,15,2026-03-18,17:00,0.0863,0.1098
马鞍村1社,15,2026-03-18,17:15,0.1112,0.0541
马鞍村1社,15,2026-03-18,17:30,0.0996,0.0408
马鞍村1社,15,2026-03-18,17:45,0.097,0.0378
马鞍村1社,15,2026-03-18,18:00,0.102,0.0955
马鞍村1社,15,2026-03-18,18:15,0.0923,0.1304
马鞍村1社,15,2026-03-18,18:30,0.0823,0.0325
马鞍村1社,15,2026-03-18,18:45,0.074,0.0625
马鞍村1社,15,2026-03-18,19:00,0.0637,0.0476
马鞍村1社,15,2026-03-18,19:15,0.059,0.0409
马鞍村1社,15,2026-03-18,19:30,0.0639,0.0676
马鞍村1社,15,2026-03-18,19:45,0.0732,0.0844
马鞍村1社,15,2026-03-18,20:00,0.0684,0.0348
马鞍村1社,15,2026-03-18,20:15,0.0735,0.0384
马鞍村1社,15,2026-03-18,20:30,0.0604,0.0433
马鞍村1社,15,2026-03-18,20:45,0.0601,0.0394
马鞍村1社,15,2026-03-18,21:00,0.0538,0.0488
马鞍村1社,15,2026-03-18,21:15,0.0492,0.1051
马鞍村1社,15,2026-03-18,21:30,0.0529,0.0391
马鞍村1社,15,2026-03-18,21:45,0.05,0.0216
马鞍村1社,15,2026-03-18,22:00,0.0433,0.0578
马鞍村1社,15,2026-03-18,22:15,0.0456,0.0599
马鞍村1社,15,2026-03-18,22:30,0.0499,0.0343
马鞍村1社,15,2026-03-18,22:45,0.0371,0.0327
马鞍村1社,15,2026-03-18,23:00,0.042,0.0193
马鞍村1社,15,2026-03-18,23:15,0.0408,0.0261
马鞍村1社,15,2026-03-18,23:30,0.0382,0.0382
马鞍村1社,15,2026-03-18,23:45,0.0366,0.0275
幸福村4社,16,2026-02-17,00:00,0.0006,0.0008
幸福村4社,16,2026-02-17,00:15,0.0005,0.0008
幸福村4社,16,2026-02-17,00:30,0.001,0.0008
幸福村4社,16,2026-02-17,00:45,0.0005,0.0008
幸福村4社,16,2026-02-17,01:00,0.001,0.0011
幸福村4社,16,2026-02-17,01:15,0.0006,0.0013
幸福村4社,16,2026-02-17,01:30,0.0003,0.0013
幸福村4社,16,2026-02-17,01:45,0.0005,0.0009
幸福村4社,16,2026-02-17,02:00,0.0002,0.0009
幸福村4社,16,2026-02-17,02:15,0.0002,0.0009
幸福村4社,16,2026-02-17,02:30,0.0004,0.0009
幸福村4社,16,2026-02-17,02:45,0.0001,0.0009
幸福村4社,16,2026-02-17,03:00,0.0006,0.0009
幸福村4社,16,2026-02-17,03:15,0.0003,0.0009
幸福村4社,16,2026-02-17,03:30,0.0012,0.0009
幸福村4社,16,2026-02-17,03:45,0.0004,0.0009
幸福村4社,16,2026-02-17,04:00,0.0006,0.0009
幸福村4社,16,2026-02-17,04:15,0.0006,0.0009
幸福村4社,16,2026-02-17,04:30,0.0009,0.0009
幸福村4社,16,2026-02-17,04:45,0.0007,0.0009
幸福村4社,16,2026-02-17,05:00,0.0004,0.0009
幸福村4社,16,2026-02-17,05:15,0.0003,0.0009
幸福村4社,16,2026-02-17,05:30,0.0008,0.0009
幸福村4社,16,2026-02-17,05:45,0.0002,0.0009
幸福村4社,16,2026-02-17,06:00,0.0007,0.0009
幸福村4社,16,2026-02-17,06:15,0.0003,0.0009
幸福村4社,16,2026-02-17,06:30,0.0013,0.0009
幸福村4社,16,2026-02-17,06:45,0.0005,0.0009
幸福村4社,16,2026-02-17,07:00,0.0013,0.0009
幸福村4社,16,2026-02-17,07:15,0.001,0.0009
幸福村4社,16,2026-02-17,07:30,0.0016,0.001
幸福村4社,16,2026-02-17,07:45,0.002,0.0096
幸福村4社,16,2026-02-17,08:00,0.0015,0.0004
幸福村4社,16,2026-02-17,08:15,0.001,0.0004
幸福村4社,16,2026-02-17,08:30,0.0015,0.0004
幸福村4社,16,2026-02-17,08:45,0.0018,0.0004
幸福村4社,16,2026-02-17,09:00,0.0017,0.0004
幸福村4社,16,2026-02-17,09:15,0.0007,0.0004
幸福村4社,16,2026-02-17,09:30,0.0013,0.0004
幸福村4社,16,2026-02-17,09:45,0.0003,0.0004
幸福村4社,16,2026-02-17,10:00,0.0018,0.0004
幸福村4社,16,2026-02-17,10:15,0.0019,0.0004
幸福村4社,16,2026-02-17,10:30,0.0016,0.0004
幸福村4社,16,2026-02-17,10:45,0.0028,0.0004
幸福村4社,16,2026-02-17,11:00,0.0021,0.0004
幸福村4社,16,2026-02-17,11:15,0.002,0.0009
幸福村4社,16,2026-02-17,11:30,0.0018,0.0015
幸福村4社,16,2026-02-17,11:45,0.0015,0.0015
幸福村4社,16,2026-02-17,12:00,0.002,0.0015
幸福村4社,16,2026-02-17,12:15,0.0008,0.0015
幸福村4社,16,2026-02-17,12:30,0.0012,0.001
幸福村4社,16,2026-02-17,12:45,0.001,0.001
幸福村4社,16,2026-02-17,13:00,0.0009,0.001
幸福村4社,16,2026-02-17,13:15,0.0005,0.001
幸福村4社,16,2026-02-17,13:30,0.0013,0.0004
幸福村4社,16,2026-02-17,13:45,0.0015,0.001
幸福村4社,16,2026-02-17,14:00,0.0011,0.001
幸福村4社,16,2026-02-17,14:15,0.0005,0.0004
幸福村4社,16,2026-02-17,14:30,0.0008,0.0004
幸福村4社,16,2026-02-17,14:45,0.0009,0.0004
幸福村4社,16,2026-02-17,15:00,0.0008,0.0004
幸福村4社,16,2026-02-17,15:15,0.0,0.0004
幸福村4社,16,2026-02-17,15:30,0.0007,0.0004
幸福村4社,16,2026-02-17,15:45,0.001,0.0009
幸福村4社,16,2026-02-17,16:00,0.001,0.0009
幸福村4社,16,2026-02-17,16:15,0.0005,0.0009
幸福村4社,16,2026-02-17,16:30,0.002,0.0009
幸福村4社,16,2026-02-17,16:45,0.0009,0.0009
幸福村4社,16,2026-02-17,17:00,0.0018,0.0009
幸福村4社,16,2026-02-17,17:15,0.001,0.0004
幸福村4社,16,2026-02-17,17:30,0.0013,0.0145
幸福村4社,16,2026-02-17,17:45,0.0017,0.0143
幸福村4社,16,2026-02-17,18:00,0.0005,0.0006
幸福村4社,16,2026-02-17,18:15,0.0007,0.0004
幸福村4社,16,2026-02-17,18:30,0.0006,0.0004
幸福村4社,16,2026-02-17,18:45,0.0002,0.0004
幸福村4社,16,2026-02-17,19:00,0.0013,0.0004
幸福村4社,16,2026-02-17,19:15,0.0011,0.0007
幸福村4社,16,2026-02-17,19:30,0.0013,0.0109
幸福村4社,16,2026-02-17,19:45,0.002,0.0022
幸福村4社,16,2026-02-17,20:00,0.0029,0.0023
幸福村4社,16,2026-02-17,20:15,0.0009,0.0022
幸福村4社,16,2026-02-17,20:30,0.001,0.0023
幸福村4社,16,2026-02-17,20:45,0.0009,0.002
幸福村4社,16,2026-02-17,21:00,0.0017,0.0018
幸福村4社,16,2026-02-17,21:15,0.0011,0.002
幸福村4社,16,2026-02-17,21:30,0.001,0.0018
幸福村4社,16,2026-02-17,21:45,0.0015,0.0019
幸福村4社,16,2026-02-17,22:00,0.0015,0.0014
幸福村4社,16,2026-02-17,22:15,0.0021,0.0014
幸福村4社,16,2026-02-17,22:30,0.0015,0.0013
幸福村4社,16,2026-02-17,22:45,0.0006,0.0013
幸福村4社,16,2026-02-17,23:00,0.0007,0.0012
幸福村4社,16,2026-02-17,23:15,0.0009,0.0005
幸福村4社,16,2026-02-17,23:30,0.0005,0.0005
幸福村4社,16,2026-02-17,23:45,0.0008,0.0005
幸福村4社,16,2026-02-18,00:00,0.0011,0.0005
幸福村4社,16,2026-02-18,00:15,0.0005,0.0005
幸福村4社,16,2026-02-18,00:30,0.0006,0.0005
幸福村4社,16,2026-02-18,00:45,0.0004,0.0005
幸福村4社,16,2026-02-18,01:00,0.0006,0.0004
幸福村4社,16,2026-02-18,01:15,0.0007,0.0004
幸福村4社,16,2026-02-18,01:30,0.001,0.0004
幸福村4社,16,2026-02-18,01:45,0.0009,0.0004
幸福村4社,16,2026-02-18,02:00,0.0005,0.0004
幸福村4社,16,2026-02-18,02:15,0.0008,0.0004
幸福村4社,16,2026-02-18,02:30,0.0005,0.0004
幸福村4社,16,2026-02-18,02:45,0.0001,0.0004
幸福村4社,16,2026-02-18,03:00,0.0006,0.0004
幸福村4社,16,2026-02-18,03:15,0.0003,0.0004
幸福村4社,16,2026-02-18,03:30,0.0006,0.0004
幸福村4社,16,2026-02-18,03:45,0.0007,0.0004
幸福村4社,16,2026-02-18,04:00,0.0011,0.0004
幸福村4社,16,2026-02-18,04:15,0.0005,0.0004
幸福村4社,16,2026-02-18,04:30,0.0001,0.0004
幸福村4社,16,2026-02-18,04:45,0.0007,0.0004
幸福村4社,16,2026-02-18,05:00,0.0006,0.0004
幸福村4社,16,2026-02-18,05:15,0.0009,0.0004
幸福村4社,16,2026-02-18,05:30,0.0007,0.0004
幸福村4社,16,2026-02-18,05:45,0.0005,0.0004
幸福村4社,16,2026-02-18,06:00,0.0003,0.0004
幸福村4社,16,2026-02-18,06:15,0.0005,0.0004
幸福村4社,16,2026-02-18,06:30,0.0007,0.0004
幸福村4社,16,2026-02-18,06:45,0.0004,0.0004
幸福村4社,16,2026-02-18,07:00,0.0003,0.0004
幸福村4社,16,2026-02-18,07:15,0.0002,0.0004
幸福村4社,16,2026-02-18,07:30,0.0008,0.0004
幸福村4社,16,2026-02-18,07:45,0.0021,0.0004
幸福村4社,16,2026-02-18,08:00,0.0011,0.0008
幸福村4社,16,2026-02-18,08:15,0.001,0.0004
幸福村4社,16,2026-02-18,08:30,0.0018,0.0004
幸福村4社,16,2026-02-18,08:45,0.001,0.0142
幸福村4社,16,2026-02-18,09:00,0.0011,0.0009
幸福村4社,16,2026-02-18,09:15,0.0024,0.0009
幸福村4社,16,2026-02-18,09:30,0.0017,0.0009
幸福村4社,16,2026-02-18,09:45,0.0013,0.0008
幸福村4社,16,2026-02-18,10:00,0.0014,0.0003
幸福村4社,16,2026-02-18,10:15,0.0018,0.0003
幸福村4社,16,2026-02-18,10:30,0.0011,0.0004
幸福村4社,16,2026-02-18,10:45,0.0019,0.0004
幸福村4社,16,2026-02-18,11:00,0.0021,0.0004
幸福村4社,16,2026-02-18,11:15,0.0016,0.0003
幸福村4社,16,2026-02-18,11:30,0.0022,0.0003
幸福村4社,16,2026-02-18,11:45,0.002,0.0003
幸福村4社,16,2026-02-18,12:00,0.0009,0.0003
幸福村4社,16,2026-02-18,12:15,0.0009,0.0009
幸福村4社,16,2026-02-18,12:30,0.0014,0.0009
幸福村4社,16,2026-02-18,12:45,0.0014,0.0009
幸福村4社,16,2026-02-18,13:00,-0.0005,0.0009
幸福村4社,16,2026-02-18,13:15,0.0007,0.0009
幸福村4社,16,2026-02-18,13:30,0.001,0.0009
幸福村4社,16,2026-02-18,13:45,0.0008,0.0009
幸福村4社,16,2026-02-18,14:00,0.0008,0.0009
幸福村4社,16,2026-02-18,14:15,0.0005,0.0009
幸福村4社,16,2026-02-18,14:30,0.0003,0.0009
幸福村4社,16,2026-02-18,14:45,0.0004,0.0008
幸福村4社,16,2026-02-18,15:00,0.0006,0.0148
幸福村4社,16,2026-02-18,15:15,0.0008,0.0235
幸福村4社,16,2026-02-18,15:30,0.0006,0.0004
幸福村4社,16,2026-02-18,15:45,0.0003,0.0004
幸福村4社,16,2026-02-18,16:00,0.0013,0.0011
幸福村4社,16,2026-02-18,16:15,0.0017,0.001
幸福村4社,16,2026-02-18,16:30,0.0005,0.0006
幸福村4社,16,2026-02-18,16:45,0.0015,0.0006
幸福村4社,16,2026-02-18,17:00,0.0012,0.0006
幸福村4社,16,2026-02-18,17:15,0.001,0.0006
幸福村4社,16,2026-02-18,17:30,0.0016,0.0006
幸福村4社,16,2026-02-18,17:45,0.0008,0.0145
幸福村4社,16,2026-02-18,18:00,0.0009,0.0145
幸福村4社,16,2026-02-18,18:15,0.0004,0.001
幸福村4社,16,2026-02-18,18:30,0.0006,0.0011
幸福村4社,16,2026-02-18,18:45,0.0004,0.0011
幸福村4社,16,2026-02-18,19:00,0.0011,0.0011
幸福村4社,16,2026-02-18,19:15,0.0017,0.0011
幸福村4社,16,2026-02-18,19:30,0.0022,0.0263
幸福村4社,16,2026-02-18,19:45,0.0023,0.0021
幸福村4社,16,2026-02-18,20:00,0.0021,0.0022
幸福村4社,16,2026-02-18,20:15,0.002,0.0021
幸福村4社,16,2026-02-18,20:30,0.0017,0.0021
幸福村4社,16,2026-02-18,20:45,0.0019,0.002
幸福村4社,16,2026-02-18,21:00,0.0012,0.002
幸福村4社,16,2026-02-18,21:15,0.0017,0.0019
幸福村4社,16,2026-02-18,21:30,0.001,0.0015
幸福村4社,16,2026-02-18,21:45,0.002,0.0015
幸福村4社,16,2026-02-18,22:00,0.0012,0.0023
幸福村4社,16,2026-02-18,22:15,0.0014,0.0021
幸福村4社,16,2026-02-18,22:30,0.0011,0.002
幸福村4社,16,2026-02-18,22:45,0.0008,0.0019
幸福村4社,16,2026-02-18,23:00,0.0013,0.0019
幸福村4社,16,2026-02-18,23:15,0.0009,0.0014
幸福村4社,16,2026-02-18,23:30,0.0011,0.0013
幸福村4社,16,2026-02-18,23:45,0.0016,0.0012
幸福村4社,16,2026-02-19,00:00,0.0007,0.0012
幸福村4社,16,2026-02-19,00:15,0.0006,0.0005
幸福村4社,16,2026-02-19,00:30,0.001,0.0005
幸福村4社,16,2026-02-19,00:45,0.0009,0.0004
幸福村4社,16,2026-02-19,01:00,-0.0,0.0004
幸福村4社,16,2026-02-19,01:15,0.0001,0.0004
幸福村4社,16,2026-02-19,01:30,0.0008,0.0004
幸福村4社,16,2026-02-19,01:45,0.001,0.0004
幸福村4社,16,2026-02-19,02:00,0.0006,0.0004
幸福村4社,16,2026-02-19,02:15,0.0004,0.0004
幸福村4社,16,2026-02-19,02:30,0.001,0.0004
幸福村4社,16,2026-02-19,02:45,0.001,0.0004
幸福村4社,16,2026-02-19,03:00,0.0005,0.0004
幸福村4社,16,2026-02-19,03:15,0.0005,0.0004
幸福村4社,16,2026-02-19,03:30,0.0008,0.0004
幸福村4社,16,2026-02-19,03:45,0.0007,0.0004
幸福村4社,16,2026-02-19,04:00,0.001,0.0004
幸福村4社,16,2026-02-19,04:15,0.0007,0.0004
幸福村4社,16,2026-02-19,04:30,-0.0002,0.0004
幸福村4社,16,2026-02-19,04:45,0.0009,0.0004
幸福村4社,16,2026-02-19,05:00,0.0009,0.0004
幸福村4社,16,2026-02-19,05:15,0.0009,0.0004
幸福村4社,16,2026-02-19,05:30,0.001,0.0004
幸福村4社,16,2026-02-19,05:45,0.0004,0.0004
幸福村4社,16,2026-02-19,06:00,0.0009,0.0004
幸福村4社,16,2026-02-19,06:15,0.0001,0.0004
幸福村4社,16,2026-02-19,06:30,0.0003,0.0004
幸福村4社,16,2026-02-19,06:45,0.0003,0.0004
幸福村4社,16,2026-02-19,07:00,0.0002,0.0004
幸福村4社,16,2026-02-19,07:15,0.0002,0.0004
幸福村4社,16,2026-02-19,07:30,0.001,0.0004
幸福村4社,16,2026-02-19,07:45,0.0012,0.0004
幸福村4社,16,2026-02-19,08:00,0.0015,0.0004
幸福村4社,16,2026-02-19,08:15,-0.0002,0.0004
幸福村4社,16,2026-02-19,08:30,0.0023,0.0004
幸福村4社,16,2026-02-19,08:45,0.0025,0.0143
幸福村4社,16,2026-02-19,09:00,0.0015,0.0143
幸福村4社,16,2026-02-19,09:15,0.0021,0.0142
幸福村4社,16,2026-02-19,09:30,0.002,0.0004
幸福村4社,16,2026-02-19,09:45,0.002,0.0004
幸福村4社,16,2026-02-19,10:00,0.0024,0.0004
幸福村4社,16,2026-02-19,10:15,0.0024,0.0004
幸福村4社,16,2026-02-19,10:30,0.0019,0.0004
幸福村4社,16,2026-02-19,10:45,0.0022,0.0006
幸福村4社,16,2026-02-19,11:00,0.003,0.0006
幸福村4社,16,2026-02-19,11:15,0.0024,0.0005
幸福村4社,16,2026-02-19,11:30,0.0027,0.0004
幸福村4社,16,2026-02-19,11:45,0.0033,0.0004
幸福村4社,16,2026-02-19,12:00,0.0012,0.0004
幸福村4社,16,2026-02-19,12:15,0.0017,0.0004
幸福村4社,16,2026-02-19,12:30,0.0013,0.0009
幸福村4社,16,2026-02-19,12:45,0.0014,0.0009
幸福村4社,16,2026-02-19,13:00,0.0011,0.0009
幸福村4社,16,2026-02-19,13:15,0.0009,0.0009
幸福村4社,16,2026-02-19,13:30,0.0015,0.0004
幸福村4社,16,2026-02-19,13:45,0.0006,0.0004
幸福村4社,16,2026-02-19,14:00,0.0009,0.0004
幸福村4社,16,2026-02-19,14:15,0.0004,0.0004
幸福村4社,16,2026-02-19,14:30,0.0002,0.0004
幸福村4社,16,2026-02-19,14:45,0.0003,0.0004
幸福村4社,16,2026-02-19,15:00,0.0005,0.0009
幸福村4社,16,2026-02-19,15:15,0.0016,0.0009
幸福村4社,16,2026-02-19,15:30,0.0016,0.0009
幸福村4社,16,2026-02-19,15:45,0.0014,0.0004
幸福村4社,16,2026-02-19,16:00,0.0008,0.0004
幸福村4社,16,2026-02-19,16:15,0.0016,0.0004
幸福村4社,16,2026-02-19,16:30,0.0011,0.0005
幸福村4社,16,2026-02-19,16:45,0.0008,0.0145
幸福村4社,16,2026-02-19,17:00,0.0011,0.0143
幸福村4社,16,2026-02-19,17:15,0.0013,0.0143
幸福村4社,16,2026-02-19,17:30,0.0013,0.0004
幸福村4社,16,2026-02-19,17:45,0.0017,0.0005
幸福村4社,16,2026-02-19,18:00,0.0014,0.0005
幸福村4社,16,2026-02-19,18:15,0.0007,0.0006
幸福村4社,16,2026-02-19,18:30,0.0015,0.0005
幸福村4社,16,2026-02-19,18:45,0.0016,0.0005
幸福村4社,16,2026-02-19,19:00,0.0015,0.0005
幸福村4社,16,2026-02-19,19:15,0.0017,0.0005
幸福村4社,16,2026-02-19,19:30,0.0015,0.0015
幸福村4社,16,2026-02-19,19:45,0.0019,0.0018
幸福村4社,16,2026-02-19,20:00,0.002,0.0021
幸福村4社,16,2026-02-19,20:15,0.0014,0.0023
幸福村4社,16,2026-02-19,20:30,0.0026,0.0019
幸福村4社,16,2026-02-19,20:45,0.0025,0.0019
幸福村4社,16,2026-02-19,21:00,0.002,0.0019
幸福村4社,16,2026-02-19,21:15,0.0012,0.0019
幸福村4社,16,2026-02-19,21:30,0.001,0.0021
幸福村4社,16,2026-02-19,21:45,0.0016,0.002
幸福村4社,16,2026-02-19,22:00,0.0014,0.0021
幸福村4社,16,2026-02-19,22:15,0.0016,0.0021
幸福村4社,16,2026-02-19,22:30,0.0004,0.0021
幸福村4社,16,2026-02-19,22:45,0.0006,0.0021
幸福村4社,16,2026-02-19,23:00,0.0012,0.002
幸福村4社,16,2026-02-19,23:15,0.0007,0.0014
幸福村4社,16,2026-02-19,23:30,0.0007,0.0014
幸福村4社,16,2026-02-19,23:45,0.0015,0.0011
马鞍村1社,17,2026-01-22,00:00,0.0305,0.0513
马鞍村1社,17,2026-01-22,00:15,0.0334,0.0422
马鞍村1社,17,2026-01-22,00:30,0.0363,0.0358
马鞍村1社,17,2026-01-22,00:45,0.0298,0.0412
马鞍村1社,17,2026-01-22,01:00,0.0397,0.0427
马鞍村1社,17,2026-01-22,01:15,0.031,0.0362
马鞍村1社,17,2026-01-22,01:30,0.0338,0.0313
马鞍村1社,17,2026-01-22,01:45,0.0343,0.0359
马鞍村1社,17,2026-01-22,02:00,0.0316,0.0297
马鞍村1社,17,2026-01-22,02:15,0.0342,0.0319
马鞍村1社,17,2026-01-22,02:30,0.035,0.0414
马鞍村1社,17,2026-01-22,02:45,0.03,0.033
马鞍村1社,17,2026-01-22,03:00,0.0296,0.0275
马鞍村1社,17,2026-01-22,03:15,0.0259,0.0233
马鞍村1社,17,2026-01-22,03:30,0.0265,0.029
马鞍村1社,17,2026-01-22,03:45,0.0292,0.0297
马鞍村1社,17,2026-01-22,04:00,0.0331,0.0151
马鞍村1社,17,2026-01-22,04:15,0.0276,0.0283
马鞍村1社,17,2026-01-22,04:30,0.0314,0.0238
马鞍村1社,17,2026-01-22,04:45,0.0267,0.0238
马鞍村1社,17,2026-01-22,05:00,0.0211,0.0312
马鞍村1社,17,2026-01-22,05:15,0.0322,0.0206
马鞍村1社,17,2026-01-22,05:30,0.0283,0.0217
马鞍村1社,17,2026-01-22,05:45,0.0241,0.0163
马鞍村1社,17,2026-01-22,06:00,0.0266,0.0215
马鞍村1社,17,2026-01-22,06:15,0.0304,0.0253
马鞍村1社,17,2026-01-22,06:30,0.0247,0.0206
马鞍村1社,17,2026-01-22,06:45,0.0281,0.0098
马鞍村1社,17,2026-01-22,07:00,0.0422,0.0255
马鞍村1社,17,2026-01-22,07:15,0.0467,0.0142
马鞍村1社,17,2026-01-22,07:30,0.044,0.0248
马鞍村1社,17,2026-01-22,07:45,0.0638,0.0262
马鞍村1社,17,2026-01-22,08:00,0.0819,0.0327
马鞍村1社,17,2026-01-22,08:15,0.1002,0.0674
马鞍村1社,17,2026-01-22,08:30,0.1164,0.0432
马鞍村1社,17,2026-01-22,08:45,0.127,0.0766
马鞍村1社,17,2026-01-22,09:00,0.1358,0.0926
马鞍村1社,17,2026-01-22,09:15,0.1191,0.2269
马鞍村1社,17,2026-01-22,09:30,0.1142,0.1336
马鞍村1社,17,2026-01-22,09:45,0.109,0.0968
马鞍村1社,17,2026-01-22,10:00,0.0864,0.1252
马鞍村1社,17,2026-01-22,10:15,0.0793,0.1107
马鞍村1社,17,2026-01-22,10:30,0.0708,0.1696
马鞍村1社,17,2026-01-22,10:45,0.0704,0.0552
马鞍村1社,17,2026-01-22,11:00,0.0625,0.0155
马鞍村1社,17,2026-01-22,11:15,0.0598,0.0403
马鞍村1社,17,2026-01-22,11:30,0.0584,0.0313
马鞍村1社,17,2026-01-22,11:45,0.0536,0.0472
马鞍村1社,17,2026-01-22,12:00,0.0614,0.0592
马鞍村1社,17,2026-01-22,12:15,0.0644,0.0498
马鞍村1社,17,2026-01-22,12:30,0.0697,0.0284
马鞍村1社,17,2026-01-22,12:45,0.0626,0.0586
马鞍村1社,17,2026-01-22,13:00,0.0534,0.0382
马鞍村1社,17,2026-01-22,13:15,0.0584,0.0622
马鞍村1社,17,2026-01-22,13:30,0.0663,0.0345
马鞍村1社,17,2026-01-22,13:45,0.0535,0.062
马鞍村1社,17,2026-01-22,14:00,0.0607,0.0742
马鞍村1社,17,2026-01-22,14:15,0.0595,0.0685
马鞍村1社,17,2026-01-22,14:30,0.0521,0.0614
马鞍村1社,17,2026-01-22,14:45,0.0543,0.0556
马鞍村1社,17,2026-01-22,15:00,0.0599,0.0334
马鞍村1社,17,2026-01-22,15:15,0.0671,0.1137
马鞍村1社,17,2026-01-22,15:30,0.0743,0.0278
马鞍村1社,17,2026-01-22,15:45,0.0732,0.1148
马鞍村1社,17,2026-01-22,16:00,0.0808,0.1177
马鞍村1社,17,2026-01-22,16:15,0.0992,0.1014
马鞍村1社,17,2026-01-22,16:30,0.0989,0.1769
马鞍村1社,17,2026-01-22,16:45,0.1047,0.1857
马鞍村1社,17,2026-01-22,17:00,0.105,0.1885
马鞍村1社,17,2026-01-22,17:15,0.1089,0.2356
马鞍村1社,17,2026-01-22,17:30,0.1094,0.2577
马鞍村1社,17,2026-01-22,17:45,0.1061,0.13
马鞍村1社,17,2026-01-22,18:00,0.1194,0.101
马鞍村1社,17,2026-01-22,18:15,0.1063,0.1096
马鞍村1社,17,2026-01-22,18:30,0.0985,0.0961
马鞍村1社,17,2026-01-22,18:45,0.0882,0.0646
马鞍村1社,17,2026-01-22,19:00,0.0799,0.057
马鞍村1社,17,2026-01-22,19:15,0.0727,0.1055
马鞍村1社,17,2026-01-22,19:30,0.0671,0.0558
马鞍村1社,17,2026-01-22,19:45,0.0727,0.0318
马鞍村1社,17,2026-01-22,20:00,0.0643,0.0406
马鞍村1社,17,2026-01-22,20:15,0.0746,0.0483
马鞍村1社,17,2026-01-22,20:30,0.0587,0.0946
马鞍村1社,17,2026-01-22,20:45,0.0568,0.0682
马鞍村1社,17,2026-01-22,21:00,0.063,0.0967
马鞍村1社,17,2026-01-22,21:15,0.0567,0.0976
马鞍村1社,17,2026-01-22,21:30,0.062,0.0764
马鞍村1社,17,2026-01-22,21:45,0.0561,0.0517
马鞍村1社,17,2026-01-22,22:00,0.0546,0.0434
马鞍村1社,17,2026-01-22,22:15,0.0519,0.0489
马鞍村1社,17,2026-01-22,22:30,0.0493,0.0386
马鞍村1社,17,2026-01-22,22:45,0.0424,0.027
马鞍村1社,17,2026-01-22,23:00,0.044,0.0197
马鞍村1社,17,2026-01-22,23:15,0.0426,0.0246
马鞍村1社,17,2026-01-22,23:30,0.038,0.0217
马鞍村1社,17,2026-01-22,23:45,0.0333,0.0288
马鞍村1社,17,2026-01-23,00:00,0.0367,0.0255
马鞍村1社,17,2026-01-23,00:15,0.0349,0.0476
马鞍村1社,17,2026-01-23,00:30,0.035,0.0281
马鞍村1社,17,2026-01-23,00:45,0.0334,0.0217
马鞍村1社,17,2026-01-23,01:00,0.0328,0.0154
马鞍村1社,17,2026-01-23,01:15,0.0337,0.0248
马鞍村1社,17,2026-01-23,01:30,0.0305,0.012
马鞍村1社,17,2026-01-23,01:45,0.0298,0.0365
马鞍村1社,17,2026-01-23,02:00,0.032,0.0163
马鞍村1社,17,2026-01-23,02:15,0.0338,0.0257
马鞍村1社,17,2026-01-23,02:30,0.0331,0.0125
马鞍村1社,17,2026-01-23,02:45,0.0268,0.0223
马鞍村1社,17,2026-01-23,03:00,0.0277,0.0242
马鞍村1社,17,2026-01-23,03:15,0.0351,0.0175
马鞍村1社,17,2026-01-23,03:30,0.0368,0.0149
马鞍村1社,17,2026-01-23,03:45,0.0314,0.0199
马鞍村1社,17,2026-01-23,04:00,0.0291,0.0212
马鞍村1社,17,2026-01-23,04:15,0.026,0.0181
马鞍村1社,17,2026-01-23,04:30,0.0276,0.023
马鞍村1社,17,2026-01-23,04:45,0.0304,0.026
马鞍村1社,17,2026-01-23,05:00,0.031,0.0192
马鞍村1社,17,2026-01-23,05:15,0.0277,0.0191
马鞍村1社,17,2026-01-23,05:30,0.0243,0.0222
马鞍村1社,17,2026-01-23,05:45,0.0244,0.0092
马鞍村1社,17,2026-01-23,06:00,0.0277,0.0474
马鞍村1社,17,2026-01-23,06:15,0.0328,0.0185
马鞍村1社,17,2026-01-23,06:30,0.0343,0.0563
马鞍村1社,17,2026-01-23,06:45,0.0299,0.0227
马鞍村1社,17,2026-01-23,07:00,0.0405,0.0392
马鞍村1社,17,2026-01-23,07:15,0.0428,0.0273
马鞍村1社,17,2026-01-23,07:30,0.0548,0.0353
马鞍村1社,17,2026-01-23,07:45,0.0664,0.0256
马鞍村1社,17,2026-01-23,08:00,0.0789,0.0554
马鞍村1社,17,2026-01-23,08:15,0.1013,0.1073
马鞍村1社,17,2026-01-23,08:30,0.1141,0.0757
马鞍村1社,17,2026-01-23,08:45,0.1164,0.1814
马鞍村1社,17,2026-01-23,09:00,0.1178,0.1307
马鞍村1社,17,2026-01-23,09:15,0.1196,0.1106
马鞍村1社,17,2026-01-23,09:30,0.1119,0.1311
马鞍村1社,17,2026-01-23,09:45,0.1003,0.1202
马鞍村1社,17,2026-01-23,10:00,0.0935,0.0826
马鞍村1社,17,2026-01-23,10:15,0.0851,0.0752
马鞍村1社,17,2026-01-23,10:30,0.0727,0.0527
马鞍村1社,17,2026-01-23,10:45,0.0654,0.0894
马鞍村1社,17,2026-01-23,11:00,0.0617,0.0519
马鞍村1社,17,2026-01-23,11:15,0.0631,0.0447
马鞍村1社,17,2026-01-23,11:30,0.0539,0.0757
马鞍村1社,17,2026-01-23,11:45,0.0599,0.07
马鞍村1社,17,2026-01-23,12:00,0.0641,0.0577
马鞍村1社,17,2026-01-23,12:15,0.0607,0.062
马鞍村1社,17,2026-01-23,12:30,0.0644,0.0853
马鞍村1社,17,2026-01-23,12:45,0.0531,0.1656
马鞍村1社,17,2026-01-23,13:00,0.0562,0.0877
马鞍村1社,17,2026-01-23,13:15,0.0551,0.033
马鞍村1社,17,2026-01-23,13:30,0.0697,0.1104
马鞍村1社,17,2026-01-23,13:45,0.063,0.1398
马鞍村1社,17,2026-01-23,14:00,0.0691,0.0626
马鞍村1社,17,2026-01-23,14:15,0.0613,0.0807
马鞍村1社,17,2026-01-23,14:30,0.0534,0.0969
马鞍村1社,17,2026-01-23,14:45,0.0666,0.0648
马鞍村1社,17,2026-01-23,15:00,0.0633,0.0434
马鞍村1社,17,2026-01-23,15:15,0.0705,0.0944
马鞍村1社,17,2026-01-23,15:30,0.0629,0.101
马鞍村1社,17,2026-01-23,15:45,0.075,0.1164
马鞍村1社,17,2026-01-23,16:00,0.0797,0.0467
马鞍村1社,17,2026-01-23,16:15,0.0942,0.1629
马鞍村1社,17,2026-01-23,16:30,0.1018,0.0934
马鞍村1社,17,2026-01-23,16:45,0.0971,0.1234
马鞍村1社,17,2026-01-23,17:00,0.1075,0.1328
马鞍村1社,17,2026-01-23,17:15,0.1149,0.0678
马鞍村1社,17,2026-01-23,17:30,0.1307,0.0641
马鞍村1社,17,2026-01-23,17:45,0.1145,0.1418
马鞍村1社,17,2026-01-23,18:00,0.1295,0.0907
马鞍村1社,17,2026-01-23,18:15,0.1035,0.0666
马鞍村1社,17,2026-01-23,18:30,0.0966,0.1027
马鞍村1社,17,2026-01-23,18:45,0.0756,0.0313
马鞍村1社,17,2026-01-23,19:00,0.0826,0.0747
马鞍村1社,17,2026-01-23,19:15,0.0748,0.0893
马鞍村1社,17,2026-01-23,19:30,0.0713,0.0369
马鞍村1社,17,2026-01-23,19:45,0.0679,0.0442
马鞍村1社,17,2026-01-23,20:00,0.0668,0.1039
马鞍村1社,17,2026-01-23,20:15,0.0808,0.0441
马鞍村1社,17,2026-01-23,20:30,0.0667,0.0599
马鞍村1社,17,2026-01-23,20:45,0.0647,0.0559
马鞍村1社,17,2026-01-23,21:00,0.0576,0.0802
马鞍村1社,17,2026-01-23,21:15,0.0602,0.0475
马鞍村1社,17,2026-01-23,21:30,0.0618,0.0954
马鞍村1社,17,2026-01-23,21:45,0.0587,0.0682
马鞍村1社,17,2026-01-23,22:00,0.0504,0.0893
马鞍村1社,17,2026-01-23,22:15,0.0475,0.0748
马鞍村1社,17,2026-01-23,22:30,0.0489,0.091
马鞍村1社,17,2026-01-23,22:45,0.0449,0.0752
马鞍村1社,17,2026-01-23,23:00,0.0476,0.0835
马鞍村1社,17,2026-01-23,23:15,0.0336,0.019
马鞍村1社,17,2026-01-23,23:30,0.0347,0.05
马鞍村1社,17,2026-01-23,23:45,0.0354,0.0295
马鞍村1社,17,2026-01-24,00:00,0.0373,0.026
马鞍村1社,17,2026-01-24,00:15,0.036,0.0293
马鞍村1社,17,2026-01-24,00:30,0.0317,0.0309
马鞍村1社,17,2026-01-24,00:45,0.0319,0.0351
马鞍村1社,17,2026-01-24,01:00,0.0341,0.0228
马鞍村1社,17,2026-01-24,01:15,0.0359,0.0262
马鞍村1社,17,2026-01-24,01:30,0.0256,0.029
马鞍村1社,17,2026-01-24,01:45,0.0366,0.0249
马鞍村1社,17,2026-01-24,02:00,0.0317,0.0175
马鞍村1社,17,2026-01-24,02:15,0.0302,0.0374
马鞍村1社,17,2026-01-24,02:30,0.0327,0.0254
马鞍村1社,17,2026-01-24,02:45,0.0221,0.0327
马鞍村1社,17,2026-01-24,03:00,0.0248,0.0321
马鞍村1社,17,2026-01-24,03:15,0.0313,0.0313
马鞍村1社,17,2026-01-24,03:30,0.0357,0.0311
马鞍村1社,17,2026-01-24,03:45,0.027,0.0281
马鞍村1社,17,2026-01-24,04:00,0.0332,0.0263
马鞍村1社,17,2026-01-24,04:15,0.0317,0.0313
马鞍村1社,17,2026-01-24,04:30,0.0309,0.0256
马鞍村1社,17,2026-01-24,04:45,0.0303,0.0411
马鞍村1社,17,2026-01-24,05:00,0.0268,0.022
马鞍村1社,17,2026-01-24,05:15,0.0317,0.0246
马鞍村1社,17,2026-01-24,05:30,0.0265,0.0263
马鞍村1社,17,2026-01-24,05:45,0.0293,0.0306
马鞍村1社,17,2026-01-24,06:00,0.0292,0.0195
马鞍村1社,17,2026-01-24,06:15,0.0277,0.0243
马鞍村1社,17,2026-01-24,06:30,0.0283,0.0287
马鞍村1社,17,2026-01-24,06:45,0.0339,0.0329
马鞍村1社,17,2026-01-24,07:00,0.0396,0.0557
马鞍村1社,17,2026-01-24,07:15,0.04,0.0367
马鞍村1社,17,2026-01-24,07:30,0.0542,0.0303
马鞍村1社,17,2026-01-24,07:45,0.0683,0.0255
马鞍村1社,17,2026-01-24,08:00,0.0787,0.047
马鞍村1社,17,2026-01-24,08:15,0.1034,0.0615
马鞍村1社,17,2026-01-24,08:30,0.1138,0.1065
马鞍村1社,17,2026-01-24,08:45,0.1273,0.1519
马鞍村1社,17,2026-01-24,09:00,0.1298,0.0928
马鞍村1社,17,2026-01-24,09:15,0.1206,0.1023
马鞍村1社,17,2026-01-24,09:30,0.1133,0.1556
马鞍村1社,17,2026-01-24,09:45,0.1015,0.1559
马鞍村1社,17,2026-01-24,10:00,0.0861,0.1248
马鞍村1社,17,2026-01-24,10:15,0.0763,0.0817
马鞍村1社,17,2026-01-24,10:30,0.0777,0.0616
马鞍村1社,17,2026-01-24,10:45,0.0668,0.045
马鞍村1社,17,2026-01-24,11:00,0.0613,0.1244
马鞍村1社,17,2026-01-24,11:15,0.0641,0.1067
马鞍村1社,17,2026-01-24,11:30,0.0514,0.0619
马鞍村1社,17,2026-01-24,11:45,0.0579,0.0744
马鞍村1社,17,2026-01-24,12:00,0.0627,0.0217
马鞍村1社,17,2026-01-24,12:15,0.0585,0.021
马鞍村1社,17,2026-01-24,12:30,0.065,0.0218
马鞍村1社,17,2026-01-24,12:45,0.0528,0.0521
马鞍村1社,17,2026-01-24,13:00,0.0669,0.0323
马鞍村1社,17,2026-01-24,13:15,0.058,0.0285
马鞍村1社,17,2026-01-24,13:30,0.0541,0.0215
马鞍村1社,17,2026-01-24,13:45,0.0594,0.0424
马鞍村1社,17,2026-01-24,14:00,0.057,0.0281
马鞍村1社,17,2026-01-24,14:15,0.0569,0.0531
马鞍村1社,17,2026-01-24,14:30,0.0548,0.0688
马鞍村1社,17,2026-01-24,14:45,0.0649,0.0364
马鞍村1社,17,2026-01-24,15:00,0.0638,0.0617
马鞍村1社,17,2026-01-24,15:15,0.0553,0.1063
马鞍村1社,17,2026-01-24,15:30,0.075,0.0302
马鞍村1社,17,2026-01-24,15:45,0.0755,0.0915
马鞍村1社,17,2026-01-24,16:00,0.0776,0.1175
马鞍村1社,17,2026-01-24,16:15,0.1027,0.086
马鞍村1社,17,2026-01-24,16:30,0.1087,0.1157
马鞍村1社,17,2026-01-24,16:45,0.1052,0.0882
马鞍村1社,17,2026-01-24,17:00,0.1119,0.1438
马鞍村1社,17,2026-01-24,17:15,0.1132,0.0797
马鞍村1社,17,2026-01-24,17:30,0.1176,0.0567
马鞍村1社,17,2026-01-24,17:45,0.1207,0.0678
马鞍村1社,17,2026-01-24,18:00,0.1254,0.1988
马鞍村1社,17,2026-01-24,18:15,0.101,0.093
马鞍村1社,17,2026-01-24,18:30,0.0966,0.0623
马鞍村1社,17,2026-01-24,18:45,0.0848,0.081
马鞍村1社,17,2026-01-24,19:00,0.0766,0.0729
马鞍村1社,17,2026-01-24,19:15,0.0687,0.0837
马鞍村1社,17,2026-01-24,19:30,0.0669,0.0373
马鞍村1社,17,2026-01-24,19:45,0.0711,0.0757
马鞍村1社,17,2026-01-24,20:00,0.0712,0.0726
马鞍村1社,17,2026-01-24,20:15,0.0725,0.0719
马鞍村1社,17,2026-01-24,20:30,0.0644,0.0391
马鞍村1社,17,2026-01-24,20:45,0.0685,0.0422
马鞍村1社,17,2026-01-24,21:00,0.0607,0.0752
马鞍村1社,17,2026-01-24,21:15,0.0659,0.0737
马鞍村1社,17,2026-01-24,21:30,0.0598,0.0864
马鞍村1社,17,2026-01-24,21:45,0.0585,0.0384
马鞍村1社,17,2026-01-24,22:00,0.0531,0.0785
马鞍村1社,17,2026-01-24,22:15,0.0455,0.0458
马鞍村1社,17,2026-01-24,22:30,0.0432,0.0398
马鞍村1社,17,2026-01-24,22:45,0.0478,0.0377
马鞍村1社,17,2026-01-24,23:00,0.0485,0.0466
马鞍村1社,17,2026-01-24,23:15,0.0402,0.0401
马鞍村1社,17,2026-01-24,23:30,0.0373,0.0649
马鞍村1社,17,2026-01-24,23:45,0.0329,0.0351
幸福村1社,18,2026-02-15,00:00,0.02,0.0208
幸福村1社,18,2026-02-15,00:15,0.0169,0.0205
幸福村1社,18,2026-02-15,00:30,0.0146,0.0236
幸福村1社,18,2026-02-15,00:45,0.0189,0.0182
幸福村1社,18,2026-02-15,01:00,0.0169,0.0169
幸福村1社,18,2026-02-15,01:15,0.0176,0.0128
幸福村1社,18,2026-02-15,01:30,0.0186,0.0165
幸福村1社,18,2026-02-15,01:45,0.0157,0.0194
幸福村1社,18,2026-02-15,02:00,0.0169,0.0176
幸福村1社,18,2026-02-15,02:15,0.0158,0.0139
幸福村1社,18,2026-02-15,02:30,0.0204,0.0213
幸福村1社,18,2026-02-15,02:45,0.0155,0.0121
幸福村1社,18,2026-02-15,03:00,0.0146,0.0198
幸福村1社,18,2026-02-15,03:15,0.0155,0.0203
幸福村1社,18,2026-02-15,03:30,0.0161,0.0153
幸福村1社,18,2026-02-15,03:45,0.0165,0.0215
幸福村1社,18,2026-02-15,04:00,0.0172,0.0164
幸福村1社,18,2026-02-15,04:15,0.0129,0.0174
幸福村1社,18,2026-02-15,04:30,0.0161,0.0174
幸福村1社,18,2026-02-15,04:45,0.0162,0.0162
幸福村1社,18,2026-02-15,05:00,0.0174,0.0167
幸福村1社,18,2026-02-15,05:15,0.0189,0.0111
幸福村1社,18,2026-02-15,05:30,0.0146,0.0201
幸福村1社,18,2026-02-15,05:45,0.0184,0.0133
幸福村1社,18,2026-02-15,06:00,0.0159,0.0161
幸福村1社,18,2026-02-15,06:15,0.0204,0.0176
幸福村1社,18,2026-02-15,06:30,0.0205,0.0171
幸福村1社,18,2026-02-15,06:45,0.0202,0.0206
幸福村1社,18,2026-02-15,07:00,0.0201,0.0212
幸福村1社,18,2026-02-15,07:15,0.0216,0.0149
幸福村1社,18,2026-02-15,07:30,0.0277,0.0483
幸福村1社,18,2026-02-15,07:45,0.0336,0.0218
幸福村1社,18,2026-02-15,08:00,0.0362,0.0208
幸福村1社,18,2026-02-15,08:15,0.0425,0.0138
幸福村1社,18,2026-02-15,08:30,0.0513,0.0168
幸福村1社,18,2026-02-15,08:45,0.0495,0.0127
幸福村1社,18,2026-02-15,09:00,0.0609,0.0649
幸福村1社,18,2026-02-15,09:15,0.0622,0.0787
幸福村1社,18,2026-02-15,09:30,0.0634,0.028
幸福村1社,18,2026-02-15,09:45,0.0572,0.0506
幸福村1社,18,2026-02-15,10:00,0.0474,0.1609
幸福村1社,18,2026-02-15,10:15,0.0394,0.0291
幸福村1社,18,2026-02-15,10:30,0.0403,0.0154
幸福村1社,18,2026-02-15,10:45,0.041,0.0434
幸福村1社,18,2026-02-15,11:00,0.0332,0.0427
幸福村1社,18,2026-02-15,11:15,0.0338,0.0204
幸福村1社,18,2026-02-15,11:30,0.0272,0.0125
幸福村1社,18,2026-02-15,11:45,0.0301,0.0173
幸福村1社,18,2026-02-15,12:00,0.0233,0.0095
幸福村1社,18,2026-02-15,12:15,0.0221,0.0124
幸福村1社,18,2026-02-15,12:30,0.0291,0.0471
幸福村1社,18,2026-02-15,12:45,0.02,0.0088
幸福村1社,18,2026-02-15,13:00,0.0243,0.009
幸福村1社,18,2026-02-15,13:15,0.0215,0.0072
幸福村1社,18,2026-02-15,13:30,0.0284,0.0449
幸福村1社,18,2026-02-15,13:45,0.0277,0.0112
幸福村1社,18,2026-02-15,14:00,0.0281,0.0378
幸福村1社,18,2026-02-15,14:15,0.0262,0.0127
幸福村1社,18,2026-02-15,14:30,0.0257,0.0105
幸福村1社,18,2026-02-15,14:45,0.0238,0.0138
幸福村1社,18,2026-02-15,15:00,0.0213,0.0129
幸福村1社,18,2026-02-15,15:15,0.0323,0.0503
幸福村1社,18,2026-02-15,15:30,0.0258,0.0156
幸福村1社,18,2026-02-15,15:45,0.0259,0.0249
幸福村1社,18,2026-02-15,16:00,0.0277,0.0183
幸福村1社,18,2026-02-15,16:15,0.0308,0.0718
幸福村1社,18,2026-02-15,16:30,0.0459,0.0401
幸福村1社,18,2026-02-15,16:45,0.0439,0.0288
幸福村1社,18,2026-02-15,17:00,0.0472,0.0597
幸福村1社,18,2026-02-15,17:15,0.0492,0.032
幸福村1社,18,2026-02-15,17:30,0.0528,0.0173
幸福村1社,18,2026-02-15,17:45,0.0501,0.0364
幸福村1社,18,2026-02-15,18:00,0.0527,0.0659
幸福村1社,18,2026-02-15,18:15,0.0494,0.0724
幸福村1社,18,2026-02-15,18:30,0.0533,0.0318
幸福村1社,18,2026-02-15,18:45,0.0472,0.0147
幸福村1社,18,2026-02-15,19:00,0.047,0.0649
幸福村1社,18,2026-02-15,19:15,0.0448,0.0536
幸福村1社,18,2026-02-15,19:30,0.0472,0.1017
幸福村1社,18,2026-02-15,19:45,0.042,0.0294
幸福村1社,18,2026-02-15,20:00,0.0404,0.0252
幸福村1社,18,2026-02-15,20:15,0.0373,0.0282
幸福村1社,18,2026-02-15,20:30,0.0271,0.0303
幸福村1社,18,2026-02-15,20:45,0.0322,0.0281
幸福村1社,18,2026-02-15,21:00,0.0277,0.0326
幸福村1社,18,2026-02-15,21:15,0.0265,0.0263
幸福村1社,18,2026-02-15,21:30,0.027,0.0329
幸福村1社,18,2026-02-15,21:45,0.024,0.0218
幸福村1社,18,2026-02-15,22:00,0.0236,0.0391
幸福村1社,18,2026-02-15,22:15,0.023,0.0266
幸福村1社,18,2026-02-15,22:30,0.0237,0.0262
幸福村1社,18,2026-02-15,22:45,0.0226,0.0215
幸福村1社,18,2026-02-15,23:00,0.0218,0.022
幸福村1社,18,2026-02-15,23:15,0.0182,0.0177
幸福村1社,18,2026-02-15,23:30,0.0191,0.0229
幸福村1社,18,2026-02-15,23:45,0.0159,0.0157
幸福村1社,18,2026-02-16,00:00,0.0187,0.0263
幸福村1社,18,2026-02-16,00:15,0.0179,0.0152
幸福村1社,18,2026-02-16,00:30,0.0174,0.0189
幸福村1社,18,2026-02-16,00:45,0.0167,0.0126
幸福村1社,18,2026-02-16,01:00,0.0154,0.0165
幸福村1社,18,2026-02-16,01:15,0.0162,0.0108
幸福村1社,18,2026-02-16,01:30,0.0177,0.0173
幸福村1社,18,2026-02-16,01:45,0.0194,0.0174
幸福村1社,18,2026-02-16,02:00,0.0168,0.0124
幸福村1社,18,2026-02-16,02:15,0.0158,0.0194
幸福村1社,18,2026-02-16,02:30,0.0172,0.0144
幸福村1社,18,2026-02-16,02:45,0.0169,0.0166
幸福村1社,18,2026-02-16,03:00,0.015,0.0128
幸福村1社,18,2026-02-16,03:15,0.0144,0.018
幸福村1社,18,2026-02-16,03:30,0.0163,0.0135
幸福村1社,18,2026-02-16,03:45,0.0169,0.0134
幸福村1社,18,2026-02-16,04:00,0.0168,0.0199
幸福村1社,18,2026-02-16,04:15,0.0141,0.0171
幸福村1社,18,2026-02-16,04:30,0.0164,0.017
幸福村1社,18,2026-02-16,04:45,0.0172,0.012
幸福村1社,18,2026-02-16,05:00,0.0154,0.0125
幸福村1社,18,2026-02-16,05:15,0.0166,0.0108
幸福村1社,18,2026-02-16,05:30,0.0153,0.0201
幸福村1社,18,2026-02-16,05:45,0.0166,0.0195
幸福村1社,18,2026-02-16,06:00,0.0163,0.0191
幸福村1社,18,2026-02-16,06:15,0.0156,0.0179
幸福村1社,18,2026-02-16,06:30,0.0195,0.0173
幸福村1社,18,2026-02-16,06:45,0.0196,0.0133
幸福村1社,18,2026-02-16,07:00,0.0215,0.0244
幸福村1社,18,2026-02-16,07:15,0.0253,0.0106
幸福村1社,18,2026-02-16,07:30,0.0272,0.018
幸福村1社,18,2026-02-16,07:45,0.035,0.0138
幸福村1社,18,2026-02-16,08:00,0.0376,0.0204
幸福村1社,18,2026-02-16,08:15,0.0479,0.0125
幸福村1社,18,2026-02-16,08:30,0.0591,0.0326
幸福村1社,18,2026-02-16,08:45,0.0531,0.0164
幸福村1社,18,2026-02-16,09:00,0.0546,0.1118
幸福村1社,18,2026-02-16,09:15,0.0637,0.1177
幸福村1社,18,2026-02-16,09:30,0.0537,0.1119
幸福村1社,18,2026-02-16,09:45,0.055,0.0784
幸福村1社,18,2026-02-16,10:00,0.0486,0.0785
幸福村1社,18,2026-02-16,10:15,0.0349,0.0355
幸福村1社,18,2026-02-16,10:30,0.0386,0.1125
幸福村1社,18,2026-02-16,10:45,0.0314,0.105
幸福村1社,18,2026-02-16,11:00,0.0247,0.1497
幸福村1社,18,2026-02-16,11:15,0.0271,0.1043
幸福村1社,18,2026-02-16,11:30,0.0269,0.0187
幸福村1社,18,2026-02-16,11:45,0.0245,0.0098
幸福村1社,18,2026-02-16,12:00,0.0248,0.0174
幸福村1社,18,2026-02-16,12:15,0.0233,0.0391
幸福村1社,18,2026-02-16,12:30,0.0282,0.0138
幸福村1社,18,2026-02-16,12:45,0.0266,0.0196
幸福村1社,18,2026-02-16,13:00,0.026,0.0285
幸福村1社,18,2026-02-16,13:15,0.022,0.0239
幸福村1社,18,2026-02-16,13:30,0.0232,0.0223
幸福村1社,18,2026-02-16,13:45,0.0292,0.02
幸福村1社,18,2026-02-16,14:00,0.0313,0.0258
幸福村1社,18,2026-02-16,14:15,0.0255,0.0403
幸福村1社,18,2026-02-16,14:30,0.0234,0.0146
幸福村1社,18,2026-02-16,14:45,0.0235,0.0189
幸福村1社,18,2026-02-16,15:00,0.0231,0.0212
幸福村1社,18,2026-02-16,15:15,0.0274,0.0445
幸福村1社,18,2026-02-16,15:30,0.0263,0.0182
幸福村1社,18,2026-02-16,15:45,0.0258,0.0163
幸福村1社,18,2026-02-16,16:00,0.0266,0.0212
幸福村1社,18,2026-02-16,16:15,0.0293,0.091
幸福村1社,18,2026-02-16,16:30,0.036,0.2249
幸福村1社,18,2026-02-16,16:45,0.0398,0.1171
幸福村1社,18,2026-02-16,17:00,0.0434,0.0545
幸福村1社,18,2026-02-16,17:15,0.0406,0.084
幸福村1社,18,2026-02-16,17:30,0.0426,0.105
幸福村1社,18,2026-02-16,17:45,0.0485,0.0689
幸福村1社,18,2026-02-16,18:00,0.0475,0.0885
幸福村1社,18,2026-02-16,18:15,0.0484,0.0905
幸福村1社,18,2026-02-16,18:30,0.0518,0.0401
幸福村1社,18,2026-02-16,18:45,0.0469,0.0828
幸福村1社,18,2026-02-16,19:00,0.0441,0.0726
幸福村1社,18,2026-02-16,19:15,0.0446,0.0195
幸福村1社,18,2026-02-16,19:30,0.0473,0.0501
幸福村1社,18,2026-02-16,19:45,0.0373,0.0525
幸福村1社,18,2026-02-16,20:00,0.0375,0.0342
幸福村1社,18,2026-02-16,20:15,0.0348,0.0263
幸福村1社,18,2026-02-16,20:30,0.0329,0.0278
幸福村1社,18,2026-02-16,20:45,0.0301,0.0562
幸福村1社,18,2026-02-16,21:00,0.0327,0.0253
幸福村1社,18,2026-02-16,21:15,0.0271,0.0532
幸福村1社,18,2026-02-16,21:30,0.025,0.0239
幸福村1社,18,2026-02-16,21:45,0.0229,0.025
幸福村1社,18,2026-02-16,22:00,0.023,0.0213
幸福村1社,18,2026-02-16,22:15,0.0223,0.018
幸福村1社,18,2026-02-16,22:30,0.0212,0.0181
幸福村1社,18,2026-02-16,22:45,0.017,0.0198
幸福村1社,18,2026-02-16,23:00,0.0203,0.0156
幸福村1社,18,2026-02-16,23:15,0.0178,0.0193
幸福村1社,18,2026-02-16,23:30,0.022,0.0111
幸福村1社,18,2026-02-16,23:45,0.0179,0.0214
幸福村1社,18,2026-02-17,00:00,0.0192,0.0129
幸福村1社,18,2026-02-17,00:15,0.0181,0.0133
幸福村1社,18,2026-02-17,00:30,0.0168,0.0126
幸福村1社,18,2026-02-17,00:45,0.016,0.0174
幸福村1社,18,2026-02-17,01:00,0.0172,0.0151
幸福村1社,18,2026-02-17,01:15,0.0157,0.0181
幸福村1社,18,2026-02-17,01:30,0.017,0.0188
幸福村1社,18,2026-02-17,01:45,0.0172,0.0169
幸福村1社,18,2026-02-17,02:00,0.0178,0.0131
幸福村1社,18,2026-02-17,02:15,0.0176,0.0179
幸福村1社,18,2026-02-17,02:30,0.0181,0.0147
幸福村1社,18,2026-02-17,02:45,0.0184,0.0226
幸福村1社,18,2026-02-17,03:00,0.016,0.0154
幸福村1社,18,2026-02-17,03:15,0.0168,0.0146
幸福村1社,18,2026-02-17,03:30,0.0135,0.0216
幸福村1社,18,2026-02-17,03:45,0.0131,0.0197
幸福村1社,18,2026-02-17,04:00,0.0148,0.0196
幸福村1社,18,2026-02-17,04:15,0.0165,0.015
幸福村1社,18,2026-02-17,04:30,0.0149,0.0245
幸福村1社,18,2026-02-17,04:45,0.0161,0.0168
幸福村1社,18,2026-02-17,05:00,0.0148,0.0192
幸福村1社,18,2026-02-17,05:15,0.0157,0.0187
幸福村1社,18,2026-02-17,05:30,0.0137,0.0192
幸福村1社,18,2026-02-17,05:45,0.0167,0.0136
幸福村1社,18,2026-02-17,06:00,0.0126,0.016
幸福村1社,18,2026-02-17,06:15,0.0183,0.0119
幸福村1社,18,2026-02-17,06:30,0.0214,0.0177
幸福村1社,18,2026-02-17,06:45,0.0189,0.0162
幸福村1社,18,2026-02-17,07:00,0.0212,0.0122
幸福村1社,18,2026-02-17,07:15,0.0239,0.0166
幸福村1社,18,2026-02-17,07:30,0.0309,0.0139
幸福村1社,18,2026-02-17,07:45,0.0387,0.0192
幸福村1社,18,2026-02-17,08:00,0.0382,0.0163
幸福村1社,18,2026-02-17,08:15,0.0416,0.0122
幸福村1社,18,2026-02-17,08:30,0.0488,0.0415
幸福村1社,18,2026-02-17,08:45,0.0467,0.0769
幸福村1社,18,2026-02-17,09:00,0.0551,0.0889
幸福村1社,18,2026-02-17,09:15,0.0653,0.0495
幸福村1社,18,2026-02-17,09:30,0.0573,0.1104
幸福村1社,18,2026-02-17,09:45,0.0558,0.1128
幸福村1社,18,2026-02-17,10:00,0.0465,0.0917
幸福村1社,18,2026-02-17,10:15,0.0372,0.0502
幸福村1社,18,2026-02-17,10:30,0.0352,0.1008
幸福村1社,18,2026-02-17,10:45,0.0358,0.1302
幸福村1社,18,2026-02-17,11:00,0.0354,0.1135
幸福村1社,18,2026-02-17,11:15,0.0311,0.0906
幸福村1社,18,2026-02-17,11:30,0.0268,0.058
幸福村1社,18,2026-02-17,11:45,0.0249,0.0242
幸福村1社,18,2026-02-17,12:00,0.0251,0.0169
幸福村1社,18,2026-02-17,12:15,0.0225,0.018
幸福村1社,18,2026-02-17,12:30,0.0277,0.02
幸福村1社,18,2026-02-17,12:45,0.0272,0.0257
幸福村1社,18,2026-02-17,13:00,0.0266,0.0464
幸福村1社,18,2026-02-17,13:15,0.0245,0.023
幸福村1社,18,2026-02-17,13:30,0.0256,0.0272
幸福村1社,18,2026-02-17,13:45,0.0259,0.0221
幸福村1社,18,2026-02-17,14:00,0.0282,0.1102
幸福村1社,18,2026-02-17,14:15,0.024,0.0187
幸福村1社,18,2026-02-17,14:30,0.0252,0.0227
幸福村1社,18,2026-02-17,14:45,0.0251,0.0244
幸福村1社,18,2026-02-17,15:00,0.0238,0.0276
幸福村1社,18,2026-02-17,15:15,0.0291,0.0178
幸福村1社,18,2026-02-17,15:30,0.0277,0.0254
幸福村1社,18,2026-02-17,15:45,0.0264,0.0463
幸福村1社,18,2026-02-17,16:00,0.0292,0.0287
幸福村1社,18,2026-02-17,16:15,0.03,0.0241
幸福村1社,18,2026-02-17,16:30,0.0469,0.0518
幸福村1社,18,2026-02-17,16:45,0.0426,0.0394
幸福村1社,18,2026-02-17,17:00,0.0492,0.0516
幸福村1社,18,2026-02-17,17:15,0.0498,0.0198
幸福村1社,18,2026-02-17,17:30,0.043,0.0438
幸福村1社,18,2026-02-17,17:45,0.0474,0.0137
幸福村1社,18,2026-02-17,18:00,0.051,0.0183
幸福村1社,18,2026-02-17,18:15,0.0467,0.0807
幸福村1社,18,2026-02-17,18:30,0.0503,0.0459
幸福村1社,18,2026-02-17,18:45,0.0475,0.0298
幸福村1社,18,2026-02-17,19:00,0.0448,0.0478
幸福村1社,18,2026-02-17,19:15,0.0386,0.0368
幸福村1社,18,2026-02-17,19:30,0.0422,0.1176
幸福村1社,18,2026-02-17,19:45,0.0436,0.0682
幸福村1社,18,2026-02-17,20:00,0.0403,0.0714
幸福村1社,18,2026-02-17,20:15,0.0353,0.0286
幸福村1社,18,2026-02-17,20:30,0.035,0.0297
幸福村1社,18,2026-02-17,20:45,0.0301,0.0291
幸福村1社,18,2026-02-17,21:00,0.0296,0.0275
幸福村1社,18,2026-02-17,21:15,0.0279,0.0232
幸福村1社,18,2026-02-17,21:30,0.0263,0.0391
幸福村1社,18,2026-02-17,21:45,0.0244,0.0274
幸福村1社,18,2026-02-17,22:00,0.0248,0.0199
幸福村1社,18,2026-02-17,22:15,0.0242,0.0172
幸福村1社,18,2026-02-17,22:30,0.024,0.0229
幸福村1社,18,2026-02-17,22:45,0.02,0.0195
幸福村1社,18,2026-02-17,23:00,0.0211,0.0176
幸福村1社,18,2026-02-17,23:15,0.0192,0.0227
幸福村1社,18,2026-02-17,23:30,0.0194,0.0189
幸福村1社,18,2026-02-17,23:45,0.0162,0.0173
幸福村1社,19,2026-03-23,00:00,0.0174,0.014
幸福村1社,19,2026-03-23,00:15,0.0131,0.0142
幸福村1社,19,2026-03-23,00:30,0.0129,0.019
幸福村1社,19,2026-03-23,00:45,0.0113,0.0135
幸福村1社,19,2026-03-23,01:00,0.0114,0.0197
幸福村1社,19,2026-03-23,01:15,0.0194,0.0152
幸福村1社,19,2026-03-23,01:30,0.0177,0.0234
幸福村1社,19,2026-03-23,01:45,0.0162,0.0184
幸福村1社,19,2026-03-23,02:00,0.0157,0.0126
幸福村1社,19,2026-03-23,02:15,0.0157,0.0163
幸福村1社,19,2026-03-23,02:30,0.014,0.0144
幸福村1社,19,2026-03-23,02:45,0.0118,0.0195
幸福村1社,19,2026-03-23,03:00,0.0145,0.0128
幸福村1社,19,2026-03-23,03:15,0.0165,0.0152
幸福村1社,19,2026-03-23,03:30,0.0158,0.0146
幸福村1社,19,2026-03-23,03:45,0.0162,0.015
幸福村1社,19,2026-03-23,04:00,0.0132,0.0128
幸福村1社,19,2026-03-23,04:15,0.0144,0.0162
幸福村1社,19,2026-03-23,04:30,0.0182,0.0149
幸福村1社,19,2026-03-23,04:45,0.0193,0.0158
幸福村1社,19,2026-03-23,05:00,0.0184,0.0207
幸福村1社,19,2026-03-23,05:15,0.0178,0.0158
幸福村1社,19,2026-03-23,05:30,0.0179,0.013
幸福村1社,19,2026-03-23,05:45,0.0194,0.0171
幸福村1社,19,2026-03-23,06:00,0.0166,0.0143
幸福村1社,19,2026-03-23,06:15,0.018,0.0185
幸福村1社,19,2026-03-23,06:30,0.0212,0.0177
幸福村1社,19,2026-03-23,06:45,0.0245,0.0425
幸福村1社,19,2026-03-23,07:00,0.0231,0.0183
幸福村1社,19,2026-03-23,07:15,0.0272,0.0229
幸福村1社,19,2026-03-23,07:30,0.0285,0.033
幸福村1社,19,2026-03-23,07:45,0.0437,0.0147
幸福村1社,19,2026-03-23,08:00,0.0411,0.0827
幸福村1社,19,2026-03-23,08:15,0.0462,0.1056
幸福村1社,19,2026-03-23,08:30,0.0474,0.091
幸福村1社,19,2026-03-23,08:45,0.0454,0.0831
幸福村1社,19,2026-03-23,09:00,0.0442,0.021
幸福村1社,19,2026-03-23,09:15,0.0475,0.0276
幸福村1社,19,2026-03-23,09:30,0.037,0.0392
幸福村1社,19,2026-03-23,09:45,0.0396,0.0659
幸福村1社,19,2026-03-23,10:00,0.0355,0.0175
幸福村1社,19,2026-03-23,10:15,0.0285,0.0108
幸福村1社,19,2026-03-23,10:30,0.0273,0.0253
幸福村1社,19,2026-03-23,10:45,0.0286,0.0299
幸福村1社,19,2026-03-23,11:00,0.0244,0.0153
幸福村1社,19,2026-03-23,11:15,0.0231,0.0135
幸福村1社,19,2026-03-23,11:30,0.0209,0.0209
幸福村1社,19,2026-03-23,11:45,0.0293,0.0105
幸福村1社,19,2026-03-23,12:00,0.0201,0.0236
幸福村1社,19,2026-03-23,12:15,0.0193,0.014
幸福村1社,19,2026-03-23,12:30,0.0284,0.0132
幸福村1社,19,2026-03-23,12:45,0.0195,0.0153
幸福村1社,19,2026-03-23,13:00,0.0211,0.0103
幸福村1社,19,2026-03-23,13:15,0.024,0.0196
幸福村1社,19,2026-03-23,13:30,0.0215,0.015
幸福村1社,19,2026-03-23,13:45,0.0218,0.0239
幸福村1社,19,2026-03-23,14:00,0.0246,0.0199
幸福村1社,19,2026-03-23,14:15,0.0226,0.0231
幸福村1社,19,2026-03-23,14:30,0.025,0.0133
幸福村1社,19,2026-03-23,14:45,0.0229,0.02
幸福村1社,19,2026-03-23,15:00,0.0236,0.0163
幸福村1社,19,2026-03-23,15:15,0.0233,0.0186
幸福村1社,19,2026-03-23,15:30,0.0269,0.0141
幸福村1社,19,2026-03-23,15:45,0.0203,0.0228
幸福村1社,19,2026-03-23,16:00,0.022,0.0393
幸福村1社,19,2026-03-23,16:15,0.0277,0.0486
幸福村1社,19,2026-03-23,16:30,0.0379,0.0378
幸福村1社,19,2026-03-23,16:45,0.0349,0.0529
幸福村1社,19,2026-03-23,17:00,0.0325,0.0561
幸福村1社,19,2026-03-23,17:15,0.0395,0.0535
幸福村1社,19,2026-03-23,17:30,0.0379,0.0529
幸福村1社,19,2026-03-23,17:45,0.0391,0.0925
幸福村1社,19,2026-03-23,18:00,0.0346,0.1218
幸福村1社,19,2026-03-23,18:15,0.0444,0.0952
幸福村1社,19,2026-03-23,18:30,0.0386,0.0565
幸福村1社,19,2026-03-23,18:45,0.0436,0.1293
幸福村1社,19,2026-03-23,19:00,0.0402,0.0573
幸福村1社,19,2026-03-23,19:15,0.0402,0.0152
幸福村1社,19,2026-03-23,19:30,0.0402,0.0147
幸福村1社,19,2026-03-23,19:45,0.0379,0.0232
幸福村1社,19,2026-03-23,20:00,0.034,0.0287
幸福村1社,19,2026-03-23,20:15,0.0333,0.0244
幸福村1社,19,2026-03-23,20:30,0.0232,0.0243
幸福村1社,19,2026-03-23,20:45,0.0296,0.0458
幸福村1社,19,2026-03-23,21:00,0.0232,0.019
幸福村1社,19,2026-03-23,21:15,0.0261,0.0221
幸福村1社,19,2026-03-23,21:30,0.0242,0.0498
幸福村1社,19,2026-03-23,21:45,0.0189,0.0189
幸福村1社,19,2026-03-23,22:00,0.0212,0.0213
幸福村1社,19,2026-03-23,22:15,0.0165,0.0214
幸福村1社,19,2026-03-23,22:30,0.0208,0.0164
幸福村1社,19,2026-03-23,22:45,0.0234,0.0119
幸福村1社,19,2026-03-23,23:00,0.0199,0.0127
幸福村1社,19,2026-03-23,23:15,0.0181,0.0198
幸福村1社,19,2026-03-23,23:30,0.0197,0.0165
幸福村1社,19,2026-03-23,23:45,0.0133,0.0108
幸福村1社,19,2026-03-24,00:00,0.0139,0.0149
幸福村1社,19,2026-03-24,00:15,0.0176,0.0145
幸福村1社,19,2026-03-24,00:30,0.0177,0.0204
幸福村1社,19,2026-03-24,00:45,0.018,0.0156
幸福村1社,19,2026-03-24,01:00,0.0151,0.0145
幸福村1社,19,2026-03-24,01:15,0.0159,0.0213
幸福村1社,19,2026-03-24,01:30,0.0203,0.0144
幸福村1社,19,2026-03-24,01:45,0.0174,0.0195
幸福村1社,19,2026-03-24,02:00,0.0147,0.0186
幸福村1社,19,2026-03-24,02:15,0.0154,0.0166
幸福村1社,19,2026-03-24,02:30,0.0175,0.0157
幸福村1社,19,2026-03-24,02:45,0.0188,0.0182
幸福村1社,19,2026-03-24,03:00,0.0139,0.0199
幸福村1社,19,2026-03-24,03:15,0.0115,0.0179
幸福村1社,19,2026-03-24,03:30,0.0155,0.0198
幸福村1社,19,2026-03-24,03:45,0.0149,0.0219
幸福村1社,19,2026-03-24,04:00,0.0141,0.0154
幸福村1社,19,2026-03-24,04:15,0.0118,0.021
幸福村1社,19,2026-03-24,04:30,0.0155,0.0146
幸福村1社,19,2026-03-24,04:45,0.0178,0.0196
幸福村1社,19,2026-03-24,05:00,0.0122,0.0153
幸福村1社,19,2026-03-24,05:15,0.0151,0.015
幸福村1社,19,2026-03-24,05:30,0.0136,0.0187
幸福村1社,19,2026-03-24,05:45,0.0185,0.0128
幸福村1社,19,2026-03-24,06:00,0.018,0.0128
幸福村1社,19,2026-03-24,06:15,0.0138,0.0146
幸福村1社,19,2026-03-24,06:30,0.0224,0.0197
幸福村1社,19,2026-03-24,06:45,0.0201,0.038
幸福村1社,19,2026-03-24,07:00,0.0259,0.0189
幸福村1社,19,2026-03-24,07:15,0.026,0.051
幸福村1社,19,2026-03-24,07:30,0.0327,0.0113
幸福村1社,19,2026-03-24,07:45,0.0426,0.0386
幸福村1社,19,2026-03-24,08:00,0.0431,0.0624
幸福村1社,19,2026-03-24,08:15,0.0511,0.0594
幸福村1社,19,2026-03-24,08:30,0.0575,0.0644
幸福村1社,19,2026-03-24,08:45,0.0507,0.0141
幸福村1社,19,2026-03-24,09:00,0.0454,0.0135
幸福村1社,19,2026-03-24,09:15,0.0442,0.0171
幸福村1社,19,2026-03-24,09:30,0.0371,0.0118
幸福村1社,19,2026-03-24,09:45,0.0414,0.0584
幸福村1社,19,2026-03-24,10:00,0.0358,0.0332
幸福村1社,19,2026-03-24,10:15,0.0238,0.0205
幸福村1社,19,2026-03-24,10:30,0.0263,0.0403
幸福村1社,19,2026-03-24,10:45,0.0261,0.0134
幸福村1社,19,2026-03-24,11:00,0.0184,0.0138
幸福村1社,19,2026-03-24,11:15,0.0191,0.0328
幸福村1社,19,2026-03-24,11:30,0.026,0.0292
幸福村1社,19,2026-03-24,11:45,0.0203,0.0328
幸福村1社,19,2026-03-24,12:00,0.0194,0.0109
幸福村1社,19,2026-03-24,12:15,0.0186,0.0138
幸福村1社,19,2026-03-24,12:30,0.0243,0.014
幸福村1社,19,2026-03-24,12:45,0.0229,0.0175
幸福村1社,19,2026-03-24,13:00,0.0285,0.0345
幸福村1社,19,2026-03-24,13:15,0.0181,0.0132
幸福村1社,19,2026-03-24,13:30,0.0178,0.0127
幸福村1社,19,2026-03-24,13:45,0.0236,0.0067
幸福村1社,19,2026-03-24,14:00,0.0258,0.0126
幸福村1社,19,2026-03-24,14:15,0.021,0.0075
幸福村1社,19,2026-03-24,14:30,0.0233,0.0167
幸福村1社,19,2026-03-24,14:45,0.0216,0.0117
幸福村1社,19,2026-03-24,15:00,0.0201,0.009
幸福村1社,19,2026-03-24,15:15,0.0225,0.0114
幸福村1社,19,2026-03-24,15:30,0.0274,0.0099
幸福村1社,19,2026-03-24,15:45,0.0241,0.0159
幸福村1社,19,2026-03-24,16:00,0.0234,0.0158
幸福村1社,19,2026-03-24,16:15,0.0228,0.0555
幸福村1社,19,2026-03-24,16:30,0.0286,0.014
幸福村1社,19,2026-03-24,16:45,0.0372,0.0363
幸福村1社,19,2026-03-24,17:00,0.0328,0.0573
幸福村1社,19,2026-03-24,17:15,0.033,0.0115
幸福村1社,19,2026-03-24,17:30,0.0338,0.0183
幸福村1社,19,2026-03-24,17:45,0.0347,0.0159
幸福村1社,19,2026-03-24,18:00,0.0344,0.0133
幸福村1社,19,2026-03-24,18:15,0.0455,0.0113
幸福村1社,19,2026-03-24,18:30,0.045,0.0629
幸福村1社,19,2026-03-24,18:45,0.0424,0.0083
幸福村1社,19,2026-03-24,19:00,0.0377,0.0523
幸福村1社,19,2026-03-24,19:15,0.0376,0.0088
幸福村1社,19,2026-03-24,19:30,0.0347,0.011
幸福村1社,19,2026-03-24,19:45,0.0352,0.0185
幸福村1社,19,2026-03-24,20:00,0.0299,0.0151
幸福村1社,19,2026-03-24,20:15,0.0315,0.0544
幸福村1社,19,2026-03-24,20:30,0.0227,0.0146
幸福村1社,19,2026-03-24,20:45,0.0249,0.013
幸福村1社,19,2026-03-24,21:00,0.0295,0.011
幸福村1社,19,2026-03-24,21:15,0.0207,0.0185
幸福村1社,19,2026-03-24,21:30,0.0208,0.0267
幸福村1社,19,2026-03-24,21:45,0.0155,0.0148
幸福村1社,19,2026-03-24,22:00,0.0218,0.0195
幸福村1社,19,2026-03-24,22:15,0.0251,0.0153
幸福村1社,19,2026-03-24,22:30,0.0207,0.0131
幸福村1社,19,2026-03-24,22:45,0.0177,0.0204
幸福村1社,19,2026-03-24,23:00,0.018,0.0174
幸福村1社,19,2026-03-24,23:15,0.0156,0.017
幸福村1社,19,2026-03-24,23:30,0.0242,0.0123
幸福村1社,19,2026-03-24,23:45,0.0167,0.0139
幸福村1社,19,2026-03-25,00:00,0.0174,0.019
幸福村1社,19,2026-03-25,00:15,0.0164,0.0137
幸福村1社,19,2026-03-25,00:30,0.0175,0.0203
幸福村1社,19,2026-03-25,00:45,0.0155,0.0111
幸福村1社,19,2026-03-25,01:00,0.017,0.0124
幸福村1社,19,2026-03-25,01:15,0.0158,0.007
幸福村1社,19,2026-03-25,01:30,0.0189,0.0132
幸福村1社,19,2026-03-25,01:45,0.0146,0.0236
幸福村1社,19,2026-03-25,02:00,0.0164,0.0184
幸福村1社,19,2026-03-25,02:15,0.0152,0.0115
幸福村1社,19,2026-03-25,02:30,0.0142,0.0093
幸福村1社,19,2026-03-25,02:45,0.0172,0.0166
幸福村1社,19,2026-03-25,03:00,0.0182,0.0199
幸福村1社,19,2026-03-25,03:15,0.0165,0.0158
幸福村1社,19,2026-03-25,03:30,0.0133,0.0147
幸福村1社,19,2026-03-25,03:45,0.015,0.0145
幸福村1社,19,2026-03-25,04:00,0.0152,0.0216
幸福村1社,19,2026-03-25,04:15,0.0191,0.0152
幸福村1社,19,2026-03-25,04:30,0.0143,0.0205
幸福村1社,19,2026-03-25,04:45,0.0118,0.0149
幸福村1社,19,2026-03-25,05:00,0.0166,0.0184
幸福村1社,19,2026-03-25,05:15,0.0138,0.0174
幸福村1社,19,2026-03-25,05:30,0.0143,0.0087
幸福村1社,19,2026-03-25,05:45,0.0145,0.0088
幸福村1社,19,2026-03-25,06:00,0.0102,0.0105
幸福村1社,19,2026-03-25,06:15,0.0192,0.0203
幸福村1社,19,2026-03-25,06:30,0.0222,0.0086
幸福村1社,19,2026-03-25,06:45,0.0206,0.016
幸福村1社,19,2026-03-25,07:00,0.0265,0.0416
幸福村1社,19,2026-03-25,07:15,0.0278,0.0742
幸福村1社,19,2026-03-25,07:30,0.0337,0.0166
幸福村1社,19,2026-03-25,07:45,0.0435,0.0646
幸福村1社,19,2026-03-25,08:00,0.0461,0.0118
幸福村1社,19,2026-03-25,08:15,0.0457,0.0102
幸福村1社,19,2026-03-25,08:30,0.0474,0.0438
幸福村1社,19,2026-03-25,08:45,0.0492,0.1177
幸福村1社,19,2026-03-25,09:00,0.0441,0.0612
幸福村1社,19,2026-03-25,09:15,0.052,0.0821
幸福村1社,19,2026-03-25,09:30,0.0416,0.0168
幸福村1社,19,2026-03-25,09:45,0.0464,0.019
幸福村1社,19,2026-03-25,10:00,0.0403,0.0198
幸福村1社,19,2026-03-25,10:15,0.0292,0.0162
幸福村1社,19,2026-03-25,10:30,0.0245,0.0599
幸福村1社,19,2026-03-25,10:45,0.0296,0.0137
幸福村1社,19,2026-03-25,11:00,0.0295,0.0164
幸福村1社,19,2026-03-25,11:15,0.0208,0.0185
幸福村1社,19,2026-03-25,11:30,0.0239,0.0166
幸福村1社,19,2026-03-25,11:45,0.0224,0.0134
幸福村1社,19,2026-03-25,12:00,0.0223,0.0182
幸福村1社,19,2026-03-25,12:15,0.0175,0.0177
幸福村1社,19,2026-03-25,12:30,0.0147,0.0109
幸福村1社,19,2026-03-25,12:45,0.0217,0.0186
幸福村1社,19,2026-03-25,13:00,0.0205,0.0165
幸福村1社,19,2026-03-25,13:15,0.0233,0.0329
幸福村1社,19,2026-03-25,13:30,0.0215,0.0195
幸福村1社,19,2026-03-25,13:45,0.02,0.0162
幸福村1社,19,2026-03-25,14:00,0.0226,0.0114
幸福村1社,19,2026-03-25,14:15,0.0168,0.0155
幸福村1社,19,2026-03-25,14:30,0.0224,0.0168
幸福村1社,19,2026-03-25,14:45,0.0227,0.0202
幸福村1社,19,2026-03-25,15:00,0.0241,0.0211
幸福村1社,19,2026-03-25,15:15,0.0224,0.0165
幸福村1社,19,2026-03-25,15:30,0.0232,0.025
幸福村1社,19,2026-03-25,15:45,0.0235,0.018
幸福村1社,19,2026-03-25,16:00,0.026,0.0549
幸福村1社,19,2026-03-25,16:15,0.0234,0.0136
幸福村1社,19,2026-03-25,16:30,0.0345,0.0127
幸福村1社,19,2026-03-25,16:45,0.034,0.0396
幸福村1社,19,2026-03-25,17:00,0.032,0.042
幸福村1社,19,2026-03-25,17:15,0.04,0.0972
幸福村1社,19,2026-03-25,17:30,0.0334,0.0297
幸福村1社,19,2026-03-25,17:45,0.0357,0.0625
幸福村1社,19,2026-03-25,18:00,0.0395,0.0702
幸福村1社,19,2026-03-25,18:15,0.0412,0.0444
幸福村1社,19,2026-03-25,18:30,0.0406,0.031
幸福村1社,19,2026-03-25,18:45,0.0361,0.011
幸福村1社,19,2026-03-25,19:00,0.0322,0.0361
幸福村1社,19,2026-03-25,19:15,0.0345,0.0156
幸福村1社,19,2026-03-25,19:30,0.0384,0.0213
幸福村1社,19,2026-03-25,19:45,0.0404,0.0174
幸福村1社,19,2026-03-25,20:00,0.0378,0.0313
幸福村1社,19,2026-03-25,20:15,0.0333,0.0171
幸福村1社,19,2026-03-25,20:30,0.0266,0.0211
幸福村1社,19,2026-03-25,20:45,0.0215,0.0235
幸福村1社,19,2026-03-25,21:00,0.0244,0.0192
幸福村1社,19,2026-03-25,21:15,0.0224,0.0211
幸福村1社,19,2026-03-25,21:30,0.0227,0.016
幸福村1社,19,2026-03-25,21:45,0.0217,0.0205
幸福村1社,19,2026-03-25,22:00,0.0187,0.0139
幸福村1社,19,2026-03-25,22:15,0.0228,0.0158
幸福村1社,19,2026-03-25,22:30,0.0259,0.0244
幸福村1社,19,2026-03-25,22:45,0.0162,0.0177
幸福村1社,19,2026-03-25,23:00,0.0184,0.0167
幸福村1社,19,2026-03-25,23:15,0.0199,0.0192
幸福村1社,19,2026-03-25,23:30,0.0171,0.0161
幸福村1社,19,2026-03-25,23:45,0.0212,0.0163
幸福村4社,20,2026-01-19,00:00,0.0007,0.0016
幸福村4社,20,2026-01-19,00:15,0.0005,0.0016
幸福村4社,20,2026-01-19,00:30,0.0005,0.0015
幸福村4社,20,2026-01-19,00:45,0.0007,0.0016
幸福村4社,20,2026-01-19,01:00,0.0012,0.0016
幸福村4社,20,2026-01-19,01:15,0.0007,0.0008
幸福村4社,20,2026-01-19,01:30,0.0003,0.0008
幸福村4社,20,2026-01-19,01:45,-0.0,0.0008
幸福村4社,20,2026-01-19,02:00,0.0005,0.0008
幸福村4社,20,2026-01-19,02:15,0.0007,0.0008
幸福村4社,20,2026-01-19,02:30,0.0006,0.0008
幸福村4社,20,2026-01-19,02:45,0.0004,0.0008
幸福村4社,20,2026-01-19,03:00,0.0005,0.0008
幸福村4社,20,2026-01-19,03:15,0.0004,0.0008
幸福村4社,20,2026-01-19,03:30,0.0008,0.0008
幸福村4社,20,2026-01-19,03:45,0.0008,0.0008
幸福村4社,20,2026-01-19,04:00,0.0005,0.0008
幸福村4社,20,2026-01-19,04:15,0.0004,0.0008
幸福村4社,20,2026-01-19,04:30,0.0007,0.0008
幸福村4社,20,2026-01-19,04:45,0.0012,0.0008
幸福村4社,20,2026-01-19,05:00,0.0003,0.0008
幸福村4社,20,2026-01-19,05:15,0.0012,0.0008
幸福村4社,20,2026-01-19,05:30,0.001,0.0008
幸福村4社,20,2026-01-19,05:45,0.0005,0.0008
幸福村4社,20,2026-01-19,06:00,0.0005,0.0008
幸福村4社,20,2026-01-19,06:15,0.001,0.0008
幸福村4社,20,2026-01-19,06:30,0.0017,0.0008
幸福村4社,20,2026-01-19,06:45,0.001,0.0008
幸福村4社,20,2026-01-19,07:00,0.0014,0.0008
幸福村4社,20,2026-01-19,07:15,0.0016,0.0008
幸福村4社,20,2026-01-19,07:30,0.0016,0.0008
幸福村4社,20,2026-01-19,07:45,0.0026,0.0008
幸福村4社,20,2026-01-19,08:00,0.0023,0.0008
幸福村4社,20,2026-01-19,08:15,0.0014,0.0008
幸福村4社,20,2026-01-19,08:30,0.0016,0.0004
幸福村4社,20,2026-01-19,08:45,0.0018,0.0004
幸福村4社,20,2026-01-19,09:00,0.0015,0.0004
幸福村4社,20,2026-01-19,09:15,0.0004,0.0004
幸福村4社,20,2026-01-19,09:30,0.0004,0.0004
幸福村4社,20,2026-01-19,09:45,0.0002,0.0142
幸福村4社,20,2026-01-19,10:00,0.0007,0.0004
幸福村4社,20,2026-01-19,10:15,0.002,0.0005
幸福村4社,20,2026-01-19,10:30,0.0004,0.0005
幸福村4社,20,2026-01-19,10:45,0.0012,0.0005
幸福村4社,20,2026-01-19,11:00,0.001,0.0004
幸福村4社,20,2026-01-19,11:15,0.0007,0.0004
幸福村4社,20,2026-01-19,11:30,0.001,0.0004
幸福村4社,20,2026-01-19,11:45,0.0012,0.0004
幸福村4社,20,2026-01-19,12:00,0.0014,0.0004
幸福村4社,20,2026-01-19,12:15,0.0006,0.0004
幸福村4社,20,2026-01-19,12:30,0.0012,0.0004
幸福村4社,20,2026-01-19,12:45,0.0006,0.0004
幸福村4社,20,2026-01-19,13:00,0.0008,0.0004
幸福村4社,20,2026-01-19,13:15,0.0009,0.0004
幸福村4社,20,2026-01-19,13:30,0.001,0.0004
幸福村4社,20,2026-01-19,13:45,0.0012,0.0004
幸福村4社,20,2026-01-19,14:00,0.0012,0.0004
幸福村4社,20,2026-01-19,14:15,0.0009,0.0004
幸福村4社,20,2026-01-19,14:30,0.0008,0.0004
幸福村4社,20,2026-01-19,14:45,0.0006,0.0004
幸福村4社,20,2026-01-19,15:00,0.0004,0.0004
幸福村4社,20,2026-01-19,15:15,0.0007,0.0004
幸福村4社,20,2026-01-19,15:30,0.0009,0.0004
幸福村4社,20,2026-01-19,15:45,0.0007,0.0004
幸福村4社,20,2026-01-19,16:00,0.0004,0.0006
幸福村4社,20,2026-01-19,16:15,0.0006,0.0254
幸福村4社,20,2026-01-19,16:30,0.002,0.0006
幸福村4社,20,2026-01-19,16:45,0.0005,0.0006
幸福村4社,20,2026-01-19,17:00,0.0005,0.0006
幸福村4社,20,2026-01-19,17:15,0.0006,0.0004
幸福村4社,20,2026-01-19,17:30,0.0007,0.0006
幸福村4社,20,2026-01-19,17:45,0.0008,0.0006
幸福村4社,20,2026-01-19,18:00,-0.0003,0.0013
幸福村4社,20,2026-01-19,18:15,-0.0,0.0007
幸福村4社,20,2026-01-19,18:30,0.0003,0.0007
幸福村4社,20,2026-01-19,18:45,0.0007,0.0008
幸福村4社,20,2026-01-19,19:00,0.0009,0.0008
幸福村4社,20,2026-01-19,19:15,0.0023,0.0016
幸福村4社,20,2026-01-19,19:30,0.0018,0.0026
幸福村4社,20,2026-01-19,19:45,0.0022,0.0026
幸福村4社,20,2026-01-19,20:00,0.0026,0.0026
幸福村4社,20,2026-01-19,20:15,0.0011,0.0026
幸福村4社,20,2026-01-19,20:30,0.0008,0.002
幸福村4社,20,2026-01-19,20:45,0.0013,0.0021
幸福村4社,20,2026-01-19,21:00,0.0018,0.0021
幸福村4社,20,2026-01-19,21:15,0.0013,0.002
幸福村4社,20,2026-01-19,21:30,0.0011,0.002
幸福村4社,20,2026-01-19,21:45,0.0015,0.002
幸福村4社,20,2026-01-19,22:00,0.0014,0.002
幸福村4社,20,2026-01-19,22:15,0.0019,0.0019
幸福村4社,20,2026-01-19,22:30,0.0012,0.0016
幸福村4社,20,2026-01-19,22:45,0.0006,0.0015
幸福村4社,20,2026-01-19,23:00,0.0006,0.0015
幸福村4社,20,2026-01-19,23:15,0.0014,0.0015
幸福村4社,20,2026-01-19,23:30,0.0009,0.0015
幸福村4社,20,2026-01-19,23:45,0.0007,0.0015
幸福村4社,20,2026-01-20,00:00,0.0009,0.0015
幸福村4社,20,2026-01-20,00:15,0.0007,0.0008
幸福村4社,20,2026-01-20,00:30,0.0009,0.0008
幸福村4社,20,2026-01-20,00:45,0.0004,0.0008
幸福村4社,20,2026-01-20,01:00,0.0006,0.0008
幸福村4社,20,2026-01-20,01:15,0.0006,0.0008
幸福村4社,20,2026-01-20,01:30,0.0013,0.0008
幸福村4社,20,2026-01-20,01:45,0.0009,0.0008
幸福村4社,20,2026-01-20,02:00,-0.0001,0.0008
幸福村4社,20,2026-01-20,02:15,0.0006,0.0008
幸福村4社,20,2026-01-20,02:30,0.0004,0.0008
幸福村4社,20,2026-01-20,02:45,0.0006,0.0008
幸福村4社,20,2026-01-20,03:00,0.0008,0.0008
幸福村4社,20,2026-01-20,03:15,0.0003,0.0008
幸福村4社,20,2026-01-20,03:30,0.0012,0.0008
幸福村4社,20,2026-01-20,03:45,0.0002,0.0008
幸福村4社,20,2026-01-20,04:00,0.0007,0.0008
幸福村4社,20,2026-01-20,04:15,0.0005,0.0008
幸福村4社,20,2026-01-20,04:30,0.0004,0.0008
幸福村4社,20,2026-01-20,04:45,0.0012,0.0008
幸福村4社,20,2026-01-20,05:00,0.0009,0.0008
幸福村4社,20,2026-01-20,05:15,0.0005,0.0008
幸福村4社,20,2026-01-20,05:30,0.0003,0.0008
幸福村4社,20,2026-01-20,05:45,0.0008,0.0008
幸福村4社,20,2026-01-20,06:00,0.0008,0.0008
幸福村4社,20,2026-01-20,06:15,0.0003,0.0008
幸福村4社,20,2026-01-20,06:30,0.0009,0.0008
幸福村4社,20,2026-01-20,06:45,0.0008,0.0008
幸福村4社,20,2026-01-20,07:00,0.0008,0.0008
幸福村4社,20,2026-01-20,07:15,0.0008,0.0008
幸福村4社,20,2026-01-20,07:30,0.0008,0.0008
幸福村4社,20,2026-01-20,07:45,0.0024,0.0008
幸福村4社,20,2026-01-20,08:00,0.0018,0.0004
幸福村4社,20,2026-01-20,08:15,0.0015,0.0004
幸福村4社,20,2026-01-20,08:30,0.0027,0.0004
幸福村4社,20,2026-01-20,08:45,0.0008,0.0004
幸福村4社,20,2026-01-20,09:00,0.001,0.0004
幸福村4社,20,2026-01-20,09:15,0.0012,0.0004
幸福村4社,20,2026-01-20,09:30,0.001,0.0004
幸福村4社,20,2026-01-20,09:45,0.0005,0.0004
幸福村4社,20,2026-01-20,10:00,0.0007,0.0004
幸福村4社,20,2026-01-20,10:15,0.0013,0.0004
幸福村4社,20,2026-01-20,10:30,0.0011,0.0004
幸福村4社,20,2026-01-20,10:45,0.001,0.0143
幸福村4社,20,2026-01-20,11:00,0.0012,0.0004
幸福村4社,20,2026-01-20,11:15,0.0007,0.0005
幸福村4社,20,2026-01-20,11:30,0.0018,0.0005
幸福村4社,20,2026-01-20,11:45,0.0018,0.0004
幸福村4社,20,2026-01-20,12:00,0.0005,0.0004
幸福村4社,20,2026-01-20,12:15,0.0005,0.0012
幸福村4社,20,2026-01-20,12:30,0.0006,0.0011
幸福村4社,20,2026-01-20,12:45,0.0009,0.0006
幸福村4社,20,2026-01-20,13:00,0.0006,0.0006
幸福村4社,20,2026-01-20,13:15,0.0002,0.0005
幸福村4社,20,2026-01-20,13:30,0.0006,0.0006
幸福村4社,20,2026-01-20,13:45,0.0009,0.0006
幸福村4社,20,2026-01-20,14:00,0.0011,0.0005
幸福村4社,20,2026-01-20,14:15,0.0007,0.0004
幸福村4社,20,2026-01-20,14:30,0.0005,0.0004
幸福村4社,20,2026-01-20,14:45,0.0004,0.0004
幸福村4社,20,2026-01-20,15:00,0.0006,0.0004
幸福村4社,20,2026-01-20,15:15,0.0006,0.0004
幸福村4社,20,2026-01-20,15:30,0.0012,0.0004
幸福村4社,20,2026-01-20,15:45,0.0002,0.0004
幸福村4社,20,2026-01-20,16:00,0.0015,0.0004
幸福村4社,20,2026-01-20,16:15,0.0015,0.0004
幸福村4社,20,2026-01-20,16:30,0.0005,0.0004
幸福村4社,20,2026-01-20,16:45,0.0011,0.0004
幸福村4社,20,2026-01-20,17:00,0.0002,0.0004
幸福村4社,20,2026-01-20,17:15,0.0005,0.0004
幸福村4社,20,2026-01-20,17:30,0.0009,0.0004
幸福村4社,20,2026-01-20,17:45,0.0006,0.0004
幸福村4社,20,2026-01-20,18:00,-0.0001,0.0004
幸福村4社,20,2026-01-20,18:15,0.0009,0.0004
幸福村4社,20,2026-01-20,18:30,0.0011,0.0006
幸福村4社,20,2026-01-20,18:45,0.0005,0.0006
幸福村4社,20,2026-01-20,19:00,0.0018,0.0008
幸福村4社,20,2026-01-20,19:15,0.0016,0.0018
幸福村4社,20,2026-01-20,19:30,0.0017,0.0025
幸福村4社,20,2026-01-20,19:45,0.0024,0.0025
幸福村4社,20,2026-01-20,20:00,0.0016,0.0025
幸福村4社,20,2026-01-20,20:15,0.0019,0.0025
幸福村4社,20,2026-01-20,20:30,0.0011,0.0025
幸福村4社,20,2026-01-20,20:45,0.0016,0.0023
幸福村4社,20,2026-01-20,21:00,0.0016,0.0025
幸福村4社,20,2026-01-20,21:15,0.0014,0.0021
幸福村4社,20,2026-01-20,21:30,0.001,0.002
幸福村4社,20,2026-01-20,21:45,0.0013,0.002
幸福村4社,20,2026-01-20,22:00,0.0016,0.0021
幸福村4社,20,2026-01-20,22:15,0.0015,0.0019
幸福村4社,20,2026-01-20,22:30,0.0011,0.0015
幸福村4社,20,2026-01-20,22:45,0.0003,0.0015
幸福村4社,20,2026-01-20,23:00,0.0011,0.0015
幸福村4社,20,2026-01-20,23:15,0.0007,0.0008
幸福村4社,20,2026-01-20,23:30,0.0012,0.0008
幸福村4社,20,2026-01-20,23:45,0.0016,0.0008
幸福村4社,20,2026-01-21,00:00,0.0011,0.0008
幸福村4社,20,2026-01-21,00:15,0.001,0.0008
幸福村4社,20,2026-01-21,00:30,0.0006,0.0008
幸福村4社,20,2026-01-21,00:45,0.0004,0.0008
幸福村4社,20,2026-01-21,01:00,0.0002,0.0008
幸福村4社,20,2026-01-21,01:15,0.0004,0.0008
幸福村4社,20,2026-01-21,01:30,0.0011,0.0008
幸福村4社,20,2026-01-21,01:45,0.0007,0.0008
幸福村4社,20,2026-01-21,02:00,0.0007,0.0008
幸福村4社,20,2026-01-21,02:15,0.0001,0.0008
幸福村4社,20,2026-01-21,02:30,0.0005,0.0008
幸福村4社,20,2026-01-21,02:45,0.0007,0.0008
幸福村4社,20,2026-01-21,03:00,0.0003,0.0008
幸福村4社,20,2026-01-21,03:15,0.0003,0.0008
幸福村4社,20,2026-01-21,03:30,0.001,0.0008
幸福村4社,20,2026-01-21,03:45,0.0006,0.0008
幸福村4社,20,2026-01-21,04:00,0.0006,0.0008
幸福村4社,20,2026-01-21,04:15,0.0008,0.0008
幸福村4社,20,2026-01-21,04:30,-0.0002,0.0008
幸福村4社,20,2026-01-21,04:45,0.001,0.0008
幸福村4社,20,2026-01-21,05:00,0.0009,0.0008
幸福村4社,20,2026-01-21,05:15,0.0009,0.0008
幸福村4社,20,2026-01-21,05:30,0.001,0.0008
幸福村4社,20,2026-01-21,05:45,0.0004,0.0008
幸福村4社,20,2026-01-21,06:00,0.0005,0.0008
幸福村4社,20,2026-01-21,06:15,0.0003,0.0008
幸福村4社,20,2026-01-21,06:30,0.0011,0.0008
幸福村4社,20,2026-01-21,06:45,0.0001,0.0008
幸福村4社,20,2026-01-21,07:00,0.0011,0.0008
幸福村4社,20,2026-01-21,07:15,0.0007,0.0008
幸福村4社,20,2026-01-21,07:30,0.0018,0.0008
幸福村4社,20,2026-01-21,07:45,0.0021,0.0008
幸福村4社,20,2026-01-21,08:00,0.0021,0.0008
幸福村4社,20,2026-01-21,08:15,0.0003,0.0007
幸福村4社,20,2026-01-21,08:30,0.0025,0.0007
幸福村4社,20,2026-01-21,08:45,0.0027,0.0006
幸福村4社,20,2026-01-21,09:00,0.0011,0.0011
幸福村4社,20,2026-01-21,09:15,0.0013,0.001
幸福村4社,20,2026-01-21,09:30,0.0001,0.0005
幸福村4社,20,2026-01-21,09:45,0.001,0.0004
幸福村4社,20,2026-01-21,10:00,0.0016,0.0005
幸福村4社,20,2026-01-21,10:15,0.0014,0.0006
幸福村4社,20,2026-01-21,10:30,0.0009,0.0005
幸福村4社,20,2026-01-21,10:45,0.0015,0.0005
幸福村4社,20,2026-01-21,11:00,0.0021,0.0005
幸福村4社,20,2026-01-21,11:15,0.0012,0.0005
幸福村4社,20,2026-01-21,11:30,0.0013,0.001
幸福村4社,20,2026-01-21,11:45,0.0024,0.0004
幸福村4社,20,2026-01-21,12:00,0.0007,0.0004
幸福村4社,20,2026-01-21,12:15,0.0014,0.0004
幸福村4社,20,2026-01-21,12:30,0.0005,0.0005
幸福村4社,20,2026-01-21,12:45,0.0007,0.0004
幸福村4社,20,2026-01-21,13:00,0.0013,0.0004
幸福村4社,20,2026-01-21,13:15,0.0011,0.0004
幸福村4社,20,2026-01-21,13:30,0.0016,0.0009
幸福村4社,20,2026-01-21,13:45,0.0004,0.0004
幸福村4社,20,2026-01-21,14:00,0.0011,0.0004
幸福村4社,20,2026-01-21,14:15,0.0001,0.0004
幸福村4社,20,2026-01-21,14:30,0.0005,0.0004
幸福村4社,20,2026-01-21,14:45,0.0004,0.0004
幸福村4社,20,2026-01-21,15:00,0.0005,0.0004
幸福村4社,20,2026-01-21,15:15,0.001,0.0004
幸福村4社,20,2026-01-21,15:30,0.0012,0.0004
幸福村4社,20,2026-01-21,15:45,0.0009,0.0004
幸福村4社,20,2026-01-21,16:00,0.0006,0.0004
幸福村4社,20,2026-01-21,16:15,0.001,0.0004
幸福村4社,20,2026-01-21,16:30,0.0009,0.0004
幸福村4社,20,2026-01-21,16:45,0.001,0.0004
幸福村4社,20,2026-01-21,17:00,0.0001,0.0004
幸福村4社,20,2026-01-21,17:15,0.0005,0.0006
幸福村4社,20,2026-01-21,17:30,0.0012,0.0005
幸福村4社,20,2026-01-21,17:45,0.0008,0.0005
幸福村4社,20,2026-01-21,18:00,-0.0,0.0006
幸福村4社,20,2026-01-21,18:15,0.0002,0.0006
幸福村4社,20,2026-01-21,18:30,0.0011,0.0006
幸福村4社,20,2026-01-21,18:45,0.0009,0.0007
幸福村4社,20,2026-01-21,19:00,0.0011,0.0011
幸福村4社,20,2026-01-21,19:15,0.0015,0.0015
幸福村4社,20,2026-01-21,19:30,0.0015,0.002
幸福村4社,20,2026-01-21,19:45,0.0021,0.0022
幸福村4社,20,2026-01-21,20:00,0.0027,0.0021
幸福村4社,20,2026-01-21,20:15,0.0012,0.0021
幸福村4社,20,2026-01-21,20:30,0.0021,0.002
幸福村4社,20,2026-01-21,20:45,0.0023,0.0021
幸福村4社,20,2026-01-21,21:00,0.0022,0.002
幸福村4社,20,2026-01-21,21:15,0.0009,0.0019
幸福村4社,20,2026-01-21,21:30,0.0005,0.002
幸福村4社,20,2026-01-21,21:45,0.0017,0.0021
幸福村4社,20,2026-01-21,22:00,0.0014,0.0019
幸福村4社,20,2026-01-21,22:15,0.0012,0.0021
幸福村4社,20,2026-01-21,22:30,0.0011,0.002
幸福村4社,20,2026-01-21,22:45,0.0009,0.002
幸福村4社,20,2026-01-21,23:00,0.0014,0.0015
幸福村4社,20,2026-01-21,23:15,0.001,0.0015
幸福村4社,20,2026-01-21,23:30,0.0009,0.0016
幸福村4社,20,2026-01-21,23:45,0.0012,0.0015
甘伍村3社,21,2026-04-07,00:00,0.0005,0.0005
甘伍村3社,21,2026-04-07,00:15,0.0003,0.0005
甘伍村3社,21,2026-04-07,00:30,0.0005,0.0005
甘伍村3社,21,2026-04-07,00:45,-0.0002,0.0005
甘伍村3社,21,2026-04-07,01:00,-0.0006,0.0005
甘伍村3社,21,2026-04-07,01:15,0.0006,0.0005
甘伍村3社,21,2026-04-07,01:30,0.0007,0.0005
甘伍村3社,21,2026-04-07,01:45,0.0011,0.0005
甘伍村3社,21,2026-04-07,02:00,-0.0004,0.0005
甘伍村3社,21,2026-04-07,02:15,0.0004,0.0005
甘伍村3社,21,2026-04-07,02:30,-0.0006,0.0005
甘伍村3社,21,2026-04-07,02:45,0.0006,0.0005
甘伍村3社,21,2026-04-07,03:00,0.0007,0.0005
甘伍村3社,21,2026-04-07,03:15,0.0001,0.0005
甘伍村3社,21,2026-04-07,03:30,0.001,0.0005
甘伍村3社,21,2026-04-07,03:45,-0.0003,0.0005
甘伍村3社,21,2026-04-07,04:00,-0.0004,0.0005
甘伍村3社,21,2026-04-07,04:15,0.0011,0.0005
甘伍村3社,21,2026-04-07,04:30,0.0009,0.0005
甘伍村3社,21,2026-04-07,04:45,0.0004,0.0005
甘伍村3社,21,2026-04-07,05:00,0.0013,0.0005
甘伍村3社,21,2026-04-07,05:15,-0.0003,0.0005
甘伍村3社,21,2026-04-07,05:30,0.0006,0.0005
甘伍村3社,21,2026-04-07,05:45,0.0002,0.0005
甘伍村3社,21,2026-04-07,06:00,0.0013,0.0005
甘伍村3社,21,2026-04-07,06:15,-0.0007,0.0005
甘伍村3社,21,2026-04-07,06:30,-0.0003,0.0005
甘伍村3社,21,2026-04-07,06:45,0.0006,0.0008
甘伍村3社,21,2026-04-07,07:00,-0.0003,0.0008
甘伍村3社,21,2026-04-07,07:15,-0.0007,0.0008
甘伍村3社,21,2026-04-07,07:30,0.0017,0.0008
甘伍村3社,21,2026-04-07,07:45,0.0011,0.0006
甘伍村3社,21,2026-04-07,08:00,-0.0004,0.0006
甘伍村3社,21,2026-04-07,08:15,0.0012,0.0006
甘伍村3社,21,2026-04-07,08:30,0.0021,0.0005
甘伍村3社,21,2026-04-07,08:45,0.0007,0.0005
甘伍村3社,21,2026-04-07,09:00,0.0034,0.0005
甘伍村3社,21,2026-04-07,09:15,0.0023,0.0005
甘伍村3社,21,2026-04-07,09:30,0.0044,0.0005
甘伍村3社,21,2026-04-07,09:45,0.0026,0.0005
甘伍村3社,21,2026-04-07,10:00,0.0078,0.0005
甘伍村3社,21,2026-04-07,10:15,0.0086,0.0005
甘伍村3社,21,2026-04-07,10:30,0.0118,0.0005
甘伍村3社,21,2026-04-07,10:45,0.0124,0.0005
甘伍村3社,21,2026-04-07,11:00,0.0108,0.0005
甘伍村3社,21,2026-04-07,11:15,0.0144,0.0005
甘伍村3社,21,2026-04-07,11:30,0.0139,0.0005
甘伍村3社,21,2026-04-07,11:45,0.0127,0.0005
甘伍村3社,21,2026-04-07,12:00,0.0094,0.0005
甘伍村3社,21,2026-04-07,12:15,0.0086,0.0005
甘伍村3社,21,2026-04-07,12:30,0.0094,0.0005
甘伍村3社,21,2026-04-07,12:45,0.0078,0.0005
甘伍村3社,21,2026-04-07,13:00,0.003,0.0005
甘伍村3社,21,2026-04-07,13:15,0.0034,0.0005
甘伍村3社,21,2026-04-07,13:30,0.0059,0.0005
甘伍村3社,21,2026-04-07,13:45,0.0035,0.0005
甘伍村3社,21,2026-04-07,14:00,0.0028,0.0005
甘伍村3社,21,2026-04-07,14:15,0.0039,0.0005
甘伍村3社,21,2026-04-07,14:30,0.0027,0.0005
甘伍村3社,21,2026-04-07,14:45,0.0022,0.0005
甘伍村3社,21,2026-04-07,15:00,0.0016,0.0005
甘伍村3社,21,2026-04-07,15:15,0.0011,0.0005
甘伍村3社,21,2026-04-07,15:30,0.0001,0.0005
甘伍村3社,21,2026-04-07,15:45,0.0018,0.0005
甘伍村3社,21,2026-04-07,16:00,0.0019,0.0005
甘伍村3社,21,2026-04-07,16:15,0.0007,0.0005
甘伍村3社,21,2026-04-07,16:30,-0.0007,0.0005
甘伍村3社,21,2026-04-07,16:45,0.0019,0.0005
甘伍村3社,21,2026-04-07,17:00,0.0037,0.0005
甘伍村3社,21,2026-04-07,17:15,0.0007,0.0005
甘伍村3社,21,2026-04-07,17:30,0.0015,0.0005
甘伍村3社,21,2026-04-07,17:45,0.0025,0.0005
甘伍村3社,21,2026-04-07,18:00,0.002,0.0005
甘伍村3社,21,2026-04-07,18:15,0.0009,0.0005
甘伍村3社,21,2026-04-07,18:30,0.0003,0.0005
甘伍村3社,21,2026-04-07,18:45,0.0011,0.0005
甘伍村3社,21,2026-04-07,19:00,0.0011,0.0005
甘伍村3社,21,2026-04-07,19:15,-0.001,0.0005
甘伍村3社,21,2026-04-07,19:30,-0.0016,0.0005
甘伍村3社,21,2026-04-07,19:45,-0.0002,0.0005
甘伍村3社,21,2026-04-07,20:00,-0.0007,0.0005
甘伍村3社,21,2026-04-07,20:15,-0.0005,0.0005
甘伍村3社,21,2026-04-07,20:30,0.0003,0.0005
甘伍村3社,21,2026-04-07,20:45,0.0015,0.0005
甘伍村3社,21,2026-04-07,21:00,-0.0011,0.0005
甘伍村3社,21,2026-04-07,21:15,0.0003,0.0005
甘伍村3社,21,2026-04-07,21:30,-0.0011,0.0005
甘伍村3社,21,2026-04-07,21:45,-0.0001,0.0005
甘伍村3社,21,2026-04-07,22:00,0.0008,0.0005
甘伍村3社,21,2026-04-07,22:15,-0.0002,0.0005
甘伍村3社,21,2026-04-07,22:30,0.0007,0.0005
甘伍村3社,21,2026-04-07,22:45,0.0009,0.0005
甘伍村3社,21,2026-04-07,23:00,-0.0001,0.0005
甘伍村3社,21,2026-04-07,23:15,-0.0004,0.0005
甘伍村3社,21,2026-04-07,23:30,0.0001,0.0005
甘伍村3社,21,2026-04-07,23:45,0.0003,0.0005
甘伍村3社,21,2026-04-08,00:00,0.0009,0.0005
甘伍村3社,21,2026-04-08,00:15,-0.0002,0.0005
甘伍村3社,21,2026-04-08,00:30,-0.0003,0.0005
甘伍村3社,21,2026-04-08,00:45,0.0007,0.0007
甘伍村3社,21,2026-04-08,01:00,-0.0009,0.0008
甘伍村3社,21,2026-04-08,01:15,0.0008,0.0008
甘伍村3社,21,2026-04-08,01:30,0.0003,0.0008
甘伍村3社,21,2026-04-08,01:45,0.001,0.0007
甘伍村3社,21,2026-04-08,02:00,0.0005,0.0006
甘伍村3社,21,2026-04-08,02:15,0.0007,0.0005
甘伍村3社,21,2026-04-08,02:30,0.0001,0.0005
甘伍村3社,21,2026-04-08,02:45,-0.0,0.0005
甘伍村3社,21,2026-04-08,03:00,0.0006,0.0005
甘伍村3社,21,2026-04-08,03:15,0.0012,0.0005
甘伍村3社,21,2026-04-08,03:30,-0.0003,0.0005
甘伍村3社,21,2026-04-08,03:45,0.0006,0.0005
甘伍村3社,21,2026-04-08,04:00,0.0014,0.0005
甘伍村3社,21,2026-04-08,04:15,0.0001,0.0005
甘伍村3社,21,2026-04-08,04:30,-0.0003,0.0005
甘伍村3社,21,2026-04-08,04:45,0.0001,0.0005
甘伍村3社,21,2026-04-08,05:00,0.0009,0.0005
甘伍村3社,21,2026-04-08,05:15,0.001,0.0005
甘伍村3社,21,2026-04-08,05:30,0.0012,0.0005
甘伍村3社,21,2026-04-08,05:45,0.0002,0.0005
甘伍村3社,21,2026-04-08,06:00,0.0004,0.0005
甘伍村3社,21,2026-04-08,06:15,0.0003,0.0005
甘伍村3社,21,2026-04-08,06:30,0.0002,0.0005
甘伍村3社,21,2026-04-08,06:45,-0.0005,0.0005
甘伍村3社,21,2026-04-08,07:00,0.0004,0.0005
甘伍村3社,21,2026-04-08,07:15,0.0,0.0005
甘伍村3社,21,2026-04-08,07:30,0.0006,0.0005
甘伍村3社,21,2026-04-08,07:45,0.0001,0.0005
甘伍村3社,21,2026-04-08,08:00,0.0004,0.0005
甘伍村3社,21,2026-04-08,08:15,0.0008,0.0005
甘伍村3社,21,2026-04-08,08:30,0.0002,0.0005
甘伍村3社,21,2026-04-08,08:45,0.0011,0.0005
甘伍村3社,21,2026-04-08,09:00,0.0033,0.0005
甘伍村3社,21,2026-04-08,09:15,0.0029,0.0005
甘伍村3社,21,2026-04-08,09:30,0.0021,0.0005
甘伍村3社,21,2026-04-08,09:45,0.002,0.0005
甘伍村3社,21,2026-04-08,10:00,0.0061,0.0786
甘伍村3社,21,2026-04-08,10:15,0.0085,0.0776
甘伍村3社,21,2026-04-08,10:30,0.0092,0.0781
甘伍村3社,21,2026-04-08,10:45,0.0117,0.0814
甘伍村3社,21,2026-04-08,11:00,0.0117,0.0775
甘伍村3社,21,2026-04-08,11:15,0.0158,0.0737
甘伍村3社,21,2026-04-08,11:30,0.0132,0.0741
甘伍村3社,21,2026-04-08,11:45,0.0118,0.0757
甘伍村3社,21,2026-04-08,12:00,0.0094,0.0005
甘伍村3社,21,2026-04-08,12:15,0.0086,0.0005
甘伍村3社,21,2026-04-08,12:30,0.0075,0.0005
甘伍村3社,21,2026-04-08,12:45,0.0083,0.0005
甘伍村3社,21,2026-04-08,13:00,0.0024,0.0005
甘伍村3社,21,2026-04-08,13:15,0.0047,0.0005
甘伍村3社,21,2026-04-08,13:30,0.0048,0.0005
甘伍村3社,21,2026-04-08,13:45,0.0046,0.0005
甘伍村3社,21,2026-04-08,14:00,0.0042,0.0005
甘伍村3社,21,2026-04-08,14:15,0.0038,0.0005
甘伍村3社,21,2026-04-08,14:30,0.0032,0.0005
甘伍村3社,21,2026-04-08,14:45,0.0018,0.0005
甘伍村3社,21,2026-04-08,15:00,0.001,0.0005
甘伍村3社,21,2026-04-08,15:15,0.0025,0.0005
甘伍村3社,21,2026-04-08,15:30,-0.0,0.0005
甘伍村3社,21,2026-04-08,15:45,0.0016,0.0005
甘伍村3社,21,2026-04-08,16:00,0.001,0.0005
甘伍村3社,21,2026-04-08,16:15,0.0014,0.0005
甘伍村3社,21,2026-04-08,16:30,0.001,0.0005
甘伍村3社,21,2026-04-08,16:45,0.0023,0.0005
甘伍村3社,21,2026-04-08,17:00,0.003,0.0005
甘伍村3社,21,2026-04-08,17:15,0.0015,0.0005
甘伍村3社,21,2026-04-08,17:30,0.0015,0.0005
甘伍村3社,21,2026-04-08,17:45,0.0006,0.0005
甘伍村3社,21,2026-04-08,18:00,0.0013,0.0005
甘伍村3社,21,2026-04-08,18:15,0.001,0.0005
甘伍村3社,21,2026-04-08,18:30,-0.0001,0.0005
甘伍村3社,21,2026-04-08,18:45,-0.0013,0.0005
甘伍村3社,21,2026-04-08,19:00,-0.0008,0.0005
甘伍村3社,21,2026-04-08,19:15,-0.0004,0.0005
甘伍村3社,21,2026-04-08,19:30,0.0005,0.0005
甘伍村3社,21,2026-04-08,19:45,0.0008,0.001
甘伍村3社,21,2026-04-08,20:00,0.0015,0.001
甘伍村3社,21,2026-04-08,20:15,0.0011,0.0005
甘伍村3社,21,2026-04-08,20:30,0.0008,0.0005
甘伍村3社,21,2026-04-08,20:45,0.0002,0.0005
甘伍村3社,21,2026-04-08,21:00,0.0001,0.0005
甘伍村3社,21,2026-04-08,21:15,0.0001,0.0005
甘伍村3社,21,2026-04-08,21:30,-0.0005,0.0005
甘伍村3社,21,2026-04-08,21:45,0.0015,0.0005
甘伍村3社,21,2026-04-08,22:00,-0.0003,0.0005
甘伍村3社,21,2026-04-08,22:15,-0.0008,0.0005
甘伍村3社,21,2026-04-08,22:30,0.0011,0.0005
甘伍村3社,21,2026-04-08,22:45,0.0007,0.0005
甘伍村3社,21,2026-04-08,23:00,0.0007,0.0005
甘伍村3社,21,2026-04-08,23:15,0.0006,0.0005
甘伍村3社,21,2026-04-08,23:30,0.0013,0.0005
甘伍村3社,21,2026-04-08,23:45,-0.0001,0.0005
甘伍村3社,21,2026-04-09,00:00,-0.0,0.0005
甘伍村3社,21,2026-04-09,00:15,-0.0002,0.0005
甘伍村3社,21,2026-04-09,00:30,0.0005,0.0005
甘伍村3社,21,2026-04-09,00:45,0.0004,0.0005
甘伍村3社,21,2026-04-09,01:00,0.0002,0.0005
甘伍村3社,21,2026-04-09,01:15,-0.0005,0.0005
甘伍村3社,21,2026-04-09,01:30,-0.0001,0.0005
甘伍村3社,21,2026-04-09,01:45,0.0007,0.0005
甘伍村3社,21,2026-04-09,02:00,0.0004,0.0005
甘伍村3社,21,2026-04-09,02:15,0.002,0.0005
甘伍村3社,21,2026-04-09,02:30,0.0012,0.0005
甘伍村3社,21,2026-04-09,02:45,0.0017,0.0005
甘伍村3社,21,2026-04-09,03:00,0.0008,0.0005
甘伍村3社,21,2026-04-09,03:15,0.0004,0.0005
甘伍村3社,21,2026-04-09,03:30,0.0,0.0005
甘伍村3社,21,2026-04-09,03:45,0.0006,0.0005
甘伍村3社,21,2026-04-09,04:00,0.0006,0.0005
甘伍村3社,21,2026-04-09,04:15,0.0007,0.0005
甘伍村3社,21,2026-04-09,04:30,-0.0001,0.0005
甘伍村3社,21,2026-04-09,04:45,0.0003,0.0005
甘伍村3社,21,2026-04-09,05:00,0.0011,0.0005
甘伍村3社,21,2026-04-09,05:15,-0.0006,0.0005
甘伍村3社,21,2026-04-09,05:30,0.0004,0.0005
甘伍村3社,21,2026-04-09,05:45,-0.0004,0.0005
甘伍村3社,21,2026-04-09,06:00,-0.0002,0.0005
甘伍村3社,21,2026-04-09,06:15,0.0001,0.0005
甘伍村3社,21,2026-04-09,06:30,-0.0004,0.0008
甘伍村3社,21,2026-04-09,06:45,-0.0002,0.0008
甘伍村3社,21,2026-04-09,07:00,-0.0008,0.0008
甘伍村3社,21,2026-04-09,07:15,-0.0001,0.0007
甘伍村3社,21,2026-04-09,07:30,-0.0002,0.0006
甘伍村3社,21,2026-04-09,07:45,0.0006,0.0006
甘伍村3社,21,2026-04-09,08:00,0.0005,0.0005
甘伍村3社,21,2026-04-09,08:15,-0.001,0.0005
甘伍村3社,21,2026-04-09,08:30,0.0012,0.0005
甘伍村3社,21,2026-04-09,08:45,0.001,0.0005
甘伍村3社,21,2026-04-09,09:00,0.0042,0.0005
甘伍村3社,21,2026-04-09,09:15,0.0031,0.0005
甘伍村3社,21,2026-04-09,09:30,0.0036,0.0005
甘伍村3社,21,2026-04-09,09:45,0.0041,0.0005
甘伍村3社,21,2026-04-09,10:00,0.0061,0.0005
甘伍村3社,21,2026-04-09,10:15,0.0092,0.0005
甘伍村3社,21,2026-04-09,10:30,0.0107,0.0005
甘伍村3社,21,2026-04-09,10:45,0.0124,0.0005
甘伍村3社,21,2026-04-09,11:00,0.0123,0.0005
甘伍村3社,21,2026-04-09,11:15,0.0161,0.0005
甘伍村3社,21,2026-04-09,11:30,0.0163,0.0005
甘伍村3社,21,2026-04-09,11:45,0.015,0.0005
甘伍村3社,21,2026-04-09,12:00,0.0102,0.0005
甘伍村3社,21,2026-04-09,12:15,0.0076,0.0005
甘伍村3社,21,2026-04-09,12:30,0.0079,0.0005
甘伍村3社,21,2026-04-09,12:45,0.0076,0.0005
甘伍村3社,21,2026-04-09,13:00,0.0026,0.0005
甘伍村3社,21,2026-04-09,13:15,0.0044,0.0005
甘伍村3社,21,2026-04-09,13:30,0.0044,0.0005
甘伍村3社,21,2026-04-09,13:45,0.0044,0.0005
甘伍村3社,21,2026-04-09,14:00,0.0033,0.0005
甘伍村3社,21,2026-04-09,14:15,0.0024,0.0005
甘伍村3社,21,2026-04-09,14:30,0.0017,0.0005
甘伍村3社,21,2026-04-09,14:45,0.001,0.0005
甘伍村3社,21,2026-04-09,15:00,0.0009,0.0005
甘伍村3社,21,2026-04-09,15:15,0.0024,0.0005
甘伍村3社,21,2026-04-09,15:30,0.0007,0.0005
甘伍村3社,21,2026-04-09,15:45,0.0013,0.0005
甘伍村3社,21,2026-04-09,16:00,0.0017,0.0005
甘伍村3社,21,2026-04-09,16:15,0.0002,0.0005
甘伍村3社,21,2026-04-09,16:30,0.002,0.0005
甘伍村3社,21,2026-04-09,16:45,0.0001,0.0005
甘伍村3社,21,2026-04-09,17:00,0.003,0.0005
甘伍村3社,21,2026-04-09,17:15,0.0019,0.0005
甘伍村3社,21,2026-04-09,17:30,0.0013,0.0005
甘伍村3社,21,2026-04-09,17:45,0.0022,0.0005
甘伍村3社,21,2026-04-09,18:00,0.0023,0.0005
甘伍村3社,21,2026-04-09,18:15,0.0028,0.0005
甘伍村3社,21,2026-04-09,18:30,0.001,0.0005
甘伍村3社,21,2026-04-09,18:45,0.0016,0.0005
甘伍村3社,21,2026-04-09,19:00,0.0002,0.0005
甘伍村3社,21,2026-04-09,19:15,0.001,0.0005
甘伍村3社,21,2026-04-09,19:30,0.0009,0.0005
甘伍村3社,21,2026-04-09,19:45,0.0009,0.0005
甘伍村3社,21,2026-04-09,20:00,-0.0003,0.0005
甘伍村3社,21,2026-04-09,20:15,0.002,0.0005
甘伍村3社,21,2026-04-09,20:30,0.0012,0.0005
甘伍村3社,21,2026-04-09,20:45,0.0003,0.0005
甘伍村3社,21,2026-04-09,21:00,0.0005,0.0005
甘伍村3社,21,2026-04-09,21:15,0.0002,0.0005
甘伍村3社,21,2026-04-09,21:30,0.0003,0.0005
甘伍村3社,21,2026-04-09,21:45,0.0008,0.0005
甘伍村3社,21,2026-04-09,22:00,0.0003,0.0005
甘伍村3社,21,2026-04-09,22:15,0.0009,0.0005
甘伍村3社,21,2026-04-09,22:30,0.0003,0.0005
甘伍村3社,21,2026-04-09,22:45,-0.0003,0.0005
甘伍村3社,21,2026-04-09,23:00,0.0006,0.0005
甘伍村3社,21,2026-04-09,23:15,-0.0004,0.0008
甘伍村3社,21,2026-04-09,23:30,-0.0006,0.0007
甘伍村3社,21,2026-04-09,23:45,0.0008,0.0005
马鞍村1社,22,2026-04-03,00:00,0.0339,0.0283
马鞍村1社,22,2026-04-03,00:15,0.0355,0.0362
马鞍村1社,22,2026-04-03,00:30,0.0376,0.035
马鞍村1社,22,2026-04-03,00:45,0.0331,0.0348
马鞍村1社,22,2026-04-03,01:00,0.0244,0.0256
马鞍村1社,22,2026-04-03,01:15,0.0322,0.0395
马鞍村1社,22,2026-04-03,01:30,0.0258,0.0298
马鞍村1社,22,2026-04-03,01:45,0.0272,0.0265
马鞍村1社,22,2026-04-03,02:00,0.0297,0.0309
马鞍村1社,22,2026-04-03,02:15,0.0324,0.0332
马鞍村1社,22,2026-04-03,02:30,0.0255,0.0196
马鞍村1社,22,2026-04-03,02:45,0.0283,0.036
马鞍村1社,22,2026-04-03,03:00,0.0274,0.0245
马鞍村1社,22,2026-04-03,03:15,0.0353,0.0319
马鞍村1社,22,2026-04-03,03:30,0.0359,0.0433
马鞍村1社,22,2026-04-03,03:45,0.0317,0.0213
马鞍村1社,22,2026-04-03,04:00,0.0257,0.0238
马鞍村1社,22,2026-04-03,04:15,0.026,0.0373
马鞍村1社,22,2026-04-03,04:30,0.0316,0.0233
马鞍村1社,22,2026-04-03,04:45,0.0314,0.0319
马鞍村1社,22,2026-04-03,05:00,0.0383,0.0369
马鞍村1社,22,2026-04-03,05:15,0.0302,0.0297
马鞍村1社,22,2026-04-03,05:30,0.0288,0.0226
马鞍村1社,22,2026-04-03,05:45,0.0315,0.0322
马鞍村1社,22,2026-04-03,06:00,0.0248,0.0282
马鞍村1社,22,2026-04-03,06:15,0.0352,0.026
马鞍村1社,22,2026-04-03,06:30,0.0398,0.0278
马鞍村1社,22,2026-04-03,06:45,0.0403,0.0348
马鞍村1社,22,2026-04-03,07:00,0.047,0.0239
马鞍村1社,22,2026-04-03,07:15,0.061,0.0369
马鞍村1社,22,2026-04-03,07:30,0.0598,0.0926
马鞍村1社,22,2026-04-03,07:45,0.0879,0.0718
马鞍村1社,22,2026-04-03,08:00,0.0945,0.0807
马鞍村1社,22,2026-04-03,08:15,0.1076,0.087
马鞍村1社,22,2026-04-03,08:30,0.1007,0.0821
马鞍村1社,22,2026-04-03,08:45,0.1239,0.1011
马鞍村1社,22,2026-04-03,09:00,0.1097,0.1937
马鞍村1社,22,2026-04-03,09:15,0.0875,0.0429
马鞍村1社,22,2026-04-03,09:30,0.0723,0.1251
马鞍村1社,22,2026-04-03,09:45,0.0663,0.0737
马鞍村1社,22,2026-04-03,10:00,0.0666,0.0368
马鞍村1社,22,2026-04-03,10:15,0.058,0.0323
马鞍村1社,22,2026-04-03,10:30,0.0423,0.0296
马鞍村1社,22,2026-04-03,10:45,0.0479,0.0346
马鞍村1社,22,2026-04-03,11:00,0.048,0.0423
马鞍村1社,22,2026-04-03,11:15,0.0422,0.0352
马鞍村1社,22,2026-04-03,11:30,0.0525,0.0647
马鞍村1社,22,2026-04-03,11:45,0.0541,0.0412
马鞍村1社,22,2026-04-03,12:00,0.0551,0.0274
马鞍村1社,22,2026-04-03,12:15,0.0513,0.0521
马鞍村1社,22,2026-04-03,12:30,0.0614,0.0633
马鞍村1社,22,2026-04-03,12:45,0.0499,0.0478
马鞍村1社,22,2026-04-03,13:00,0.056,0.0269
马鞍村1社,22,2026-04-03,13:15,0.0557,0.0378
马鞍村1社,22,2026-04-03,13:30,0.0584,0.0277
马鞍村1社,22,2026-04-03,13:45,0.05,0.026
马鞍村1社,22,2026-04-03,14:00,0.0559,0.0283
马鞍村1社,22,2026-04-03,14:15,0.0474,0.0617
马鞍村1社,22,2026-04-03,14:30,0.0479,0.0581
马鞍村1社,22,2026-04-03,14:45,0.0573,0.0555
马鞍村1社,22,2026-04-03,15:00,0.0574,0.0549
马鞍村1社,22,2026-04-03,15:15,0.0585,0.0268
马鞍村1社,22,2026-04-03,15:30,0.0737,0.1001
马鞍村1社,22,2026-04-03,15:45,0.0721,0.0533
马鞍村1社,22,2026-04-03,16:00,0.0714,0.0695
马鞍村1社,22,2026-04-03,16:15,0.0836,0.0959
马鞍村1社,22,2026-04-03,16:30,0.0928,0.1333
马鞍村1社,22,2026-04-03,16:45,0.0871,0.1174
马鞍村1社,22,2026-04-03,17:00,0.0829,0.0634
马鞍村1社,22,2026-04-03,17:15,0.0896,0.0787
马鞍村1社,22,2026-04-03,17:30,0.0929,0.156
马鞍村1社,22,2026-04-03,17:45,0.0868,0.0389
马鞍村1社,22,2026-04-03,18:00,0.0913,0.032
马鞍村1社,22,2026-04-03,18:15,0.0888,0.1094
马鞍村1社,22,2026-04-03,18:30,0.0754,0.091
马鞍村1社,22,2026-04-03,18:45,0.0708,0.0662
马鞍村1社,22,2026-04-03,19:00,0.0638,0.0498
马鞍村1社,22,2026-04-03,19:15,0.062,0.0558
马鞍村1社,22,2026-04-03,19:30,0.0553,0.1006
马鞍村1社,22,2026-04-03,19:45,0.061,0.1217
马鞍村1社,22,2026-04-03,20:00,0.0527,0.0789
马鞍村1社,22,2026-04-03,20:15,0.0639,0.0915
马鞍村1社,22,2026-04-03,20:30,0.0451,0.0825
马鞍村1社,22,2026-04-03,20:45,0.0561,0.0774
马鞍村1社,22,2026-04-03,21:00,0.0482,0.053
马鞍村1社,22,2026-04-03,21:15,0.0462,0.0782
马鞍村1社,22,2026-04-03,21:30,0.0563,0.0692
马鞍村1社,22,2026-04-03,21:45,0.0498,0.0563
马鞍村1社,22,2026-04-03,22:00,0.0427,0.045
马鞍村1社,22,2026-04-03,22:15,0.0399,0.0458
马鞍村1社,22,2026-04-03,22:30,0.0438,0.044
马鞍村1社,22,2026-04-03,22:45,0.0389,0.0388
马鞍村1社,22,2026-04-03,23:00,0.0367,0.038
马鞍村1社,22,2026-04-03,23:15,0.0371,0.0401
马鞍村1社,22,2026-04-03,23:30,0.0383,0.0371
马鞍村1社,22,2026-04-03,23:45,0.0339,0.0357
马鞍村1社,22,2026-04-04,00:00,0.0292,0.0333
马鞍村1社,22,2026-04-04,00:15,0.0367,0.0296
马鞍村1社,22,2026-04-04,00:30,0.0321,0.0359
马鞍村1社,22,2026-04-04,00:45,0.0351,0.0296
马鞍村1社,22,2026-04-04,01:00,0.0287,0.0267
马鞍村1社,22,2026-04-04,01:15,0.0353,0.0388
马鞍村1社,22,2026-04-04,01:30,0.0312,0.0315
马鞍村1社,22,2026-04-04,01:45,0.0299,0.0354
马鞍村1社,22,2026-04-04,02:00,0.031,0.0341
马鞍村1社,22,2026-04-04,02:15,0.035,0.0263
马鞍村1社,22,2026-04-04,02:30,0.0305,0.0365
马鞍村1社,22,2026-04-04,02:45,0.0335,0.0359
马鞍村1社,22,2026-04-04,03:00,0.0289,0.026
马鞍村1社,22,2026-04-04,03:15,0.0236,0.0306
马鞍村1社,22,2026-04-04,03:30,0.0261,0.04
马鞍村1社,22,2026-04-04,03:45,0.0325,0.0248
马鞍村1社,22,2026-04-04,04:00,0.0338,0.0254
马鞍村1社,22,2026-04-04,04:15,0.0279,0.0361
马鞍村1社,22,2026-04-04,04:30,0.0259,0.0335
马鞍村1社,22,2026-04-04,04:45,0.0317,0.0248
马鞍村1社,22,2026-04-04,05:00,0.0294,0.0399
马鞍村1社,22,2026-04-04,05:15,0.0299,0.0206
马鞍村1社,22,2026-04-04,05:30,0.0266,0.028
马鞍村1社,22,2026-04-04,05:45,0.0317,0.0239
马鞍村1社,22,2026-04-04,06:00,0.0319,0.0296
马鞍村1社,22,2026-04-04,06:15,0.0286,0.0175
马鞍村1社,22,2026-04-04,06:30,0.0282,0.0301
马鞍村1社,22,2026-04-04,06:45,0.0377,0.024
马鞍村1社,22,2026-04-04,07:00,0.0522,0.0492
马鞍村1社,22,2026-04-04,07:15,0.0632,0.056
马鞍村1社,22,2026-04-04,07:30,0.0638,0.0599
马鞍村1社,22,2026-04-04,07:45,0.0827,0.0368
马鞍村1社,22,2026-04-04,08:00,0.1018,0.0738
马鞍村1社,22,2026-04-04,08:15,0.1218,0.0608
马鞍村1社,22,2026-04-04,08:30,0.1134,0.1221
马鞍村1社,22,2026-04-04,08:45,0.1143,0.1503
马鞍村1社,22,2026-04-04,09:00,0.1022,0.1362
马鞍村1社,22,2026-04-04,09:15,0.085,0.1216
马鞍村1社,22,2026-04-04,09:30,0.0746,0.1396
马鞍村1社,22,2026-04-04,09:45,0.0694,0.1728
马鞍村1社,22,2026-04-04,10:00,0.0653,0.1831
马鞍村1社,22,2026-04-04,10:15,0.0543,0.1127
马鞍村1社,22,2026-04-04,10:30,0.0479,0.1154
马鞍村1社,22,2026-04-04,10:45,0.0476,0.0927
马鞍村1社,22,2026-04-04,11:00,0.0366,0.0439
马鞍村1社,22,2026-04-04,11:15,0.051,0.0803
马鞍村1社,22,2026-04-04,11:30,0.0498,0.1068
马鞍村1社,22,2026-04-04,11:45,0.0509,0.0422
马鞍村1社,22,2026-04-04,12:00,0.0542,0.0682
马鞍村1社,22,2026-04-04,12:15,0.0554,0.1228
马鞍村1社,22,2026-04-04,12:30,0.0627,0.0551
马鞍村1社,22,2026-04-04,12:45,0.0556,0.0638
马鞍村1社,22,2026-04-04,13:00,0.0484,0.0505
马鞍村1社,22,2026-04-04,13:15,0.0563,0.0487
马鞍村1社,22,2026-04-04,13:30,0.0503,0.0643
马鞍村1社,22,2026-04-04,13:45,0.0498,0.0961
马鞍村1社,22,2026-04-04,14:00,0.0505,0.056
马鞍村1社,22,2026-04-04,14:15,0.0465,0.0334
马鞍村1社,22,2026-04-04,14:30,0.0564,0.0311
马鞍村1社,22,2026-04-04,14:45,0.0549,0.0421
马鞍村1社,22,2026-04-04,15:00,0.0642,0.0574
马鞍村1社,22,2026-04-04,15:15,0.063,0.0341
马鞍村1社,22,2026-04-04,15:30,0.0677,0.0985
马鞍村1社,22,2026-04-04,15:45,0.0647,0.0371
马鞍村1社,22,2026-04-04,16:00,0.0744,0.0486
马鞍村1社,22,2026-04-04,16:15,0.0769,0.1342
马鞍村1社,22,2026-04-04,16:30,0.0842,0.079
马鞍村1社,22,2026-04-04,16:45,0.0976,0.0458
马鞍村1社,22,2026-04-04,17:00,0.0862,0.0595
马鞍村1社,22,2026-04-04,17:15,0.0924,0.0492
马鞍村1社,22,2026-04-04,17:30,0.109,0.0705
马鞍村1社,22,2026-04-04,17:45,0.086,0.0646
马鞍村1社,22,2026-04-04,18:00,0.0937,0.0951
马鞍村1社,22,2026-04-04,18:15,0.0841,0.1397
马鞍村1社,22,2026-04-04,18:30,0.0745,0.1344
马鞍村1社,22,2026-04-04,18:45,0.0647,0.0638
马鞍村1社,22,2026-04-04,19:00,0.0604,0.0763
马鞍村1社,22,2026-04-04,19:15,0.0639,0.0683
马鞍村1社,22,2026-04-04,19:30,0.051,0.032
马鞍村1社,22,2026-04-04,19:45,0.0576,0.0599
马鞍村1社,22,2026-04-04,20:00,0.0615,0.0589
马鞍村1社,22,2026-04-04,20:15,0.0726,0.0333
马鞍村1社,22,2026-04-04,20:30,0.0536,0.0527
马鞍村1社,22,2026-04-04,20:45,0.0497,0.052
马鞍村1社,22,2026-04-04,21:00,0.0564,0.0608
马鞍村1社,22,2026-04-04,21:15,0.0537,0.0405
马鞍村1社,22,2026-04-04,21:30,0.0544,0.0463
马鞍村1社,22,2026-04-04,21:45,0.0376,0.0541
马鞍村1社,22,2026-04-04,22:00,0.0444,0.0484
马鞍村1社,22,2026-04-04,22:15,0.0459,0.0397
马鞍村1社,22,2026-04-04,22:30,0.0405,0.0407
马鞍村1社,22,2026-04-04,22:45,0.0356,0.0371
马鞍村1社,22,2026-04-04,23:00,0.0388,0.0419
马鞍村1社,22,2026-04-04,23:15,0.0358,0.0482
马鞍村1社,22,2026-04-04,23:30,0.047,0.0328
马鞍村1社,22,2026-04-04,23:45,0.0323,0.04
马鞍村1社,22,2026-04-05,00:00,0.0372,0.0413
马鞍村1社,22,2026-04-05,00:15,0.0341,0.0312
马鞍村1社,22,2026-04-05,00:30,0.0447,0.0355
马鞍村1社,22,2026-04-05,00:45,0.0292,0.0416
马鞍村1社,22,2026-04-05,01:00,0.0306,0.036
马鞍村1社,22,2026-04-05,01:15,0.0329,0.0454
马鞍村1社,22,2026-04-05,01:30,0.034,0.0345
马鞍村1社,22,2026-04-05,01:45,0.0309,0.0271
马鞍村1社,22,2026-04-05,02:00,0.0272,0.0356
马鞍村1社,22,2026-04-05,02:15,0.0357,0.0415
马鞍村1社,22,2026-04-05,02:30,0.0291,0.0262
马鞍村1社,22,2026-04-05,02:45,0.0349,0.034
马鞍村1社,22,2026-04-05,03:00,0.0289,0.0355
马鞍村1社,22,2026-04-05,03:15,0.0353,0.04
马鞍村1社,22,2026-04-05,03:30,0.0224,0.0211
马鞍村1社,22,2026-04-05,03:45,0.0276,0.0288
马鞍村1社,22,2026-04-05,04:00,0.0273,0.0385
马鞍村1社,22,2026-04-05,04:15,0.0285,0.039
马鞍村1社,22,2026-04-05,04:30,0.0318,0.0273
马鞍村1社,22,2026-04-05,04:45,0.0288,0.0344
马鞍村1社,22,2026-04-05,05:00,0.0323,0.0403
马鞍村1社,22,2026-04-05,05:15,0.0283,0.0411
马鞍村1社,22,2026-04-05,05:30,0.0322,0.0418
马鞍村1社,22,2026-04-05,05:45,0.029,0.0346
马鞍村1社,22,2026-04-05,06:00,0.0277,0.033
马鞍村1社,22,2026-04-05,06:15,0.0284,0.0255
马鞍村1社,22,2026-04-05,06:30,0.036,0.0319
马鞍村1社,22,2026-04-05,06:45,0.033,0.0475
马鞍村1社,22,2026-04-05,07:00,0.0442,0.0558
马鞍村1社,22,2026-04-05,07:15,0.0619,0.0429
马鞍村1社,22,2026-04-05,07:30,0.0602,0.0645
马鞍村1社,22,2026-04-05,07:45,0.0893,0.091
马鞍村1社,22,2026-04-05,08:00,0.1049,0.1023
马鞍村1社,22,2026-04-05,08:15,0.1133,0.1176
马鞍村1社,22,2026-04-05,08:30,0.1181,0.1103
马鞍村1社,22,2026-04-05,08:45,0.116,0.1622
马鞍村1社,22,2026-04-05,09:00,0.1066,0.1002
马鞍村1社,22,2026-04-05,09:15,0.0976,0.163
马鞍村1社,22,2026-04-05,09:30,0.0819,0.083
马鞍村1社,22,2026-04-05,09:45,0.0815,0.0928
马鞍村1社,22,2026-04-05,10:00,0.0718,0.066
马鞍村1社,22,2026-04-05,10:15,0.0491,0.0965
马鞍村1社,22,2026-04-05,10:30,0.047,0.0359
马鞍村1社,22,2026-04-05,10:45,0.0464,0.064
马鞍村1社,22,2026-04-05,11:00,0.0525,0.0646
马鞍村1社,22,2026-04-05,11:15,0.0492,0.0524
马鞍村1社,22,2026-04-05,11:30,0.0495,0.0608
马鞍村1社,22,2026-04-05,11:45,0.0574,0.0256
马鞍村1社,22,2026-04-05,12:00,0.0537,0.065
马鞍村1社,22,2026-04-05,12:15,0.0572,0.0642
马鞍村1社,22,2026-04-05,12:30,0.0474,0.0658
马鞍村1社,22,2026-04-05,12:45,0.0534,0.0339
马鞍村1社,22,2026-04-05,13:00,0.057,0.1055
马鞍村1社,22,2026-04-05,13:15,0.0563,0.0898
马鞍村1社,22,2026-04-05,13:30,0.0597,0.0556
马鞍村1社,22,2026-04-05,13:45,0.0495,0.0462
马鞍村1社,22,2026-04-05,14:00,0.0534,0.0573
马鞍村1社,22,2026-04-05,14:15,0.0514,0.0335
马鞍村1社,22,2026-04-05,14:30,0.0468,0.0766
马鞍村1社,22,2026-04-05,14:45,0.0509,0.0883
马鞍村1社,22,2026-04-05,15:00,0.064,0.0304
马鞍村1社,22,2026-04-05,15:15,0.0609,0.079
马鞍村1社,22,2026-04-05,15:30,0.0686,0.0435
马鞍村1社,22,2026-04-05,15:45,0.0677,0.0635
马鞍村1社,22,2026-04-05,16:00,0.0765,0.1544
马鞍村1社,22,2026-04-05,16:15,0.0892,0.146
马鞍村1社,22,2026-04-05,16:30,0.0921,0.1386
马鞍村1社,22,2026-04-05,16:45,0.0825,0.0854
马鞍村1社,22,2026-04-05,17:00,0.0785,0.1091
马鞍村1社,22,2026-04-05,17:15,0.1115,0.1346
马鞍村1社,22,2026-04-05,17:30,0.0897,0.1805
马鞍村1社,22,2026-04-05,17:45,0.0882,0.0637
马鞍村1社,22,2026-04-05,18:00,0.0976,0.166
马鞍村1社,22,2026-04-05,18:15,0.0899,0.1414
马鞍村1社,22,2026-04-05,18:30,0.0742,0.0887
马鞍村1社,22,2026-04-05,18:45,0.071,0.0931
马鞍村1社,22,2026-04-05,19:00,0.063,0.0872
马鞍村1社,22,2026-04-05,19:15,0.0543,0.0765
马鞍村1社,22,2026-04-05,19:30,0.0576,0.0476
马鞍村1社,22,2026-04-05,19:45,0.0643,0.0889
马鞍村1社,22,2026-04-05,20:00,0.0599,0.0598
马鞍村1社,22,2026-04-05,20:15,0.0699,0.0635
马鞍村1社,22,2026-04-05,20:30,0.0451,0.0408
马鞍村1社,22,2026-04-05,20:45,0.0583,0.0627
马鞍村1社,22,2026-04-05,21:00,0.0503,0.0607
马鞍村1社,22,2026-04-05,21:15,0.045,0.0461
马鞍村1社,22,2026-04-05,21:30,0.0498,0.0658
马鞍村1社,22,2026-04-05,21:45,0.0438,0.0428
马鞍村1社,22,2026-04-05,22:00,0.0371,0.0581
马鞍村1社,22,2026-04-05,22:15,0.04,0.0621
马鞍村1社,22,2026-04-05,22:30,0.0488,0.0407
马鞍村1社,22,2026-04-05,22:45,0.0342,0.0762
马鞍村1社,22,2026-04-05,23:00,0.0389,0.0646
马鞍村1社,22,2026-04-05,23:15,0.0342,0.0582
马鞍村1社,22,2026-04-05,23:30,0.039,0.0754
马鞍村1社,22,2026-04-05,23:45,0.0392,0.0471
幸福村1社,23,2026-02-27,00:00,0.0188,0.0177
幸福村1社,23,2026-02-27,00:15,0.0178,0.0183
幸福村1社,23,2026-02-27,00:30,0.0186,0.018
幸福村1社,23,2026-02-27,00:45,0.016,0.0143
幸福村1社,23,2026-02-27,01:00,0.0136,0.018
幸福村1社,23,2026-02-27,01:15,0.0147,0.0141
幸福村1社,23,2026-02-27,01:30,0.0138,0.0149
幸福村1社,23,2026-02-27,01:45,0.0176,0.0168
幸福村1社,23,2026-02-27,02:00,0.0172,0.017
幸福村1社,23,2026-02-27,02:15,0.0159,0.0163
幸福村1社,23,2026-02-27,02:30,0.0144,0.0194
幸福村1社,23,2026-02-27,02:45,0.0176,0.0158
幸福村1社,23,2026-02-27,03:00,0.0165,0.019
幸福村1社,23,2026-02-27,03:15,0.0142,0.0181
幸福村1社,23,2026-02-27,03:30,0.0163,0.0187
幸福村1社,23,2026-02-27,03:45,0.0136,0.0193
幸福村1社,23,2026-02-27,04:00,0.0161,0.0128
幸福村1社,23,2026-02-27,04:15,0.0143,0.0198
幸福村1社,23,2026-02-27,04:30,0.0159,0.0156
幸福村1社,23,2026-02-27,04:45,0.0161,0.0115
幸福村1社,23,2026-02-27,05:00,0.0178,0.0195
幸福村1社,23,2026-02-27,05:15,0.0179,0.015
幸福村1社,23,2026-02-27,05:30,0.0133,0.0175
幸福村1社,23,2026-02-27,05:45,0.0149,0.0182
幸福村1社,23,2026-02-27,06:00,0.0137,0.0143
幸福村1社,23,2026-02-27,06:15,0.0173,0.0248
幸福村1社,23,2026-02-27,06:30,0.0189,0.0121
幸福村1社,23,2026-02-27,06:45,0.0194,0.0213
幸福村1社,23,2026-02-27,07:00,0.019,0.0121
幸福村1社,23,2026-02-27,07:15,0.0213,0.0151
幸福村1社,23,2026-02-27,07:30,0.0261,0.0134
幸福村1社,23,2026-02-27,07:45,0.0313,0.0141
幸福村1社,23,2026-02-27,08:00,0.031,0.018
幸福村1社,23,2026-02-27,08:15,0.0373,0.0231
幸福村1社,23,2026-02-27,08:30,0.0486,0.0159
幸福村1社,23,2026-02-27,08:45,0.053,0.031
幸福村1社,23,2026-02-27,09:00,0.0575,0.0255
幸福村1社,23,2026-02-27,09:15,0.062,0.0448
幸福村1社,23,2026-02-27,09:30,0.0583,0.0548
幸福村1社,23,2026-02-27,09:45,0.0548,0.0383
幸福村1社,23,2026-02-27,10:00,0.0487,0.0419
幸福村1社,23,2026-02-27,10:15,0.0381,0.0457
幸福村1社,23,2026-02-27,10:30,0.0461,0.0193
幸福村1社,23,2026-02-27,10:45,0.0403,0.0197
幸福村1社,23,2026-02-27,11:00,0.034,0.016
幸福村1社,23,2026-02-27,11:15,0.0355,0.0187
幸福村1社,23,2026-02-27,11:30,0.0338,0.0384
幸福村1社,23,2026-02-27,11:45,0.032,0.0146
幸福村1社,23,2026-02-27,12:00,0.026,0.0179
幸福村1社,23,2026-02-27,12:15,0.025,0.0178
幸福村1社,23,2026-02-27,12:30,0.0319,0.0471
幸福村1社,23,2026-02-27,12:45,0.0259,0.0567
幸福村1社,23,2026-02-27,13:00,0.0287,0.0105
幸福村1社,23,2026-02-27,13:15,0.0214,0.0161
幸福村1社,23,2026-02-27,13:30,0.0261,0.0207
幸福村1社,23,2026-02-27,13:45,0.0277,0.0161
幸福村1社,23,2026-02-27,14:00,0.0292,0.0105
幸福村1社,23,2026-02-27,14:15,0.0242,0.0519
幸福村1社,23,2026-02-27,14:30,0.0223,0.0368
幸福村1社,23,2026-02-27,14:45,0.0256,0.0167
幸福村1社,23,2026-02-27,15:00,0.0225,0.0472
幸福村1社,23,2026-02-27,15:15,0.0289,0.0466
幸福村1社,23,2026-02-27,15:30,0.0216,0.0168
幸福村1社,23,2026-02-27,15:45,0.0274,0.0608
幸福村1社,23,2026-02-27,16:00,0.0288,0.022
幸福村1社,23,2026-02-27,16:15,0.0303,0.0176
幸福村1社,23,2026-02-27,16:30,0.0402,0.0238
幸福村1社,23,2026-02-27,16:45,0.0382,0.0192
幸福村1社,23,2026-02-27,17:00,0.0491,0.0338
幸福村1社,23,2026-02-27,17:15,0.0494,0.0368
幸福村1社,23,2026-02-27,17:30,0.046,0.0514
幸福村1社,23,2026-02-27,17:45,0.0491,0.053
幸福村1社,23,2026-02-27,18:00,0.0522,0.0364
幸福村1社,23,2026-02-27,18:15,0.0455,0.0469
幸福村1社,23,2026-02-27,18:30,0.0497,0.0608
幸福村1社,23,2026-02-27,18:45,0.0458,0.0173
幸福村1社,23,2026-02-27,19:00,0.0415,0.0185
幸福村1社,23,2026-02-27,19:15,0.0399,0.0202
幸福村1社,23,2026-02-27,19:30,0.0431,0.02
幸福村1社,23,2026-02-27,19:45,0.0422,0.0201
幸福村1社,23,2026-02-27,20:00,0.035,0.0191
幸福村1社,23,2026-02-27,20:15,0.031,0.0199
幸福村1社,23,2026-02-27,20:30,0.0278,0.0343
幸福村1社,23,2026-02-27,20:45,0.0303,0.0163
幸福村1社,23,2026-02-27,21:00,0.0257,0.0219
幸福村1社,23,2026-02-27,21:15,0.0221,0.0207
幸福村1社,23,2026-02-27,21:30,0.0253,0.0174
幸福村1社,23,2026-02-27,21:45,0.023,0.0187
幸福村1社,23,2026-02-27,22:00,0.0215,0.0159
幸福村1社,23,2026-02-27,22:15,0.0213,0.0161
幸福村1社,23,2026-02-27,22:30,0.021,0.0169
幸福村1社,23,2026-02-27,22:45,0.0199,0.0213
幸福村1社,23,2026-02-27,23:00,0.0167,0.0121
幸福村1社,23,2026-02-27,23:15,0.0196,0.0205
幸福村1社,23,2026-02-27,23:30,0.0177,0.0201
幸福村1社,23,2026-02-27,23:45,0.0198,0.0194
幸福村1社,23,2026-02-28,00:00,0.0178,0.0188
幸福村1社,23,2026-02-28,00:15,0.0167,0.0241
幸福村1社,23,2026-02-28,00:30,0.0147,0.0177
幸福村1社,23,2026-02-28,00:45,0.0173,0.0201
幸福村1社,23,2026-02-28,01:00,0.0143,0.0264
幸福村1社,23,2026-02-28,01:15,0.0174,0.0205
幸福村1社,23,2026-02-28,01:30,0.0185,0.0176
幸福村1社,23,2026-02-28,01:45,0.016,0.0227
幸福村1社,23,2026-02-28,02:00,0.0174,0.0194
幸福村1社,23,2026-02-28,02:15,0.0183,0.0201
幸福村1社,23,2026-02-28,02:30,0.0189,0.0148
幸福村1社,23,2026-02-28,02:45,0.0174,0.0172
幸福村1社,23,2026-02-28,03:00,0.0167,0.0126
幸福村1社,23,2026-02-28,03:15,0.0157,0.0187
幸福村1社,23,2026-02-28,03:30,0.017,0.0149
幸福村1社,23,2026-02-28,03:45,0.0169,0.0178
幸福村1社,23,2026-02-28,04:00,0.0178,0.0191
幸福村1社,23,2026-02-28,04:15,0.0137,0.0172
幸福村1社,23,2026-02-28,04:30,0.0136,0.0148
幸福村1社,23,2026-02-28,04:45,0.0155,0.0145
幸福村1社,23,2026-02-28,05:00,0.0151,0.0107
幸福村1社,23,2026-02-28,05:15,0.0164,0.0125
幸福村1社,23,2026-02-28,05:30,0.0126,0.025
幸福村1社,23,2026-02-28,05:45,0.0169,0.0146
幸福村1社,23,2026-02-28,06:00,0.0142,0.0209
幸福村1社,23,2026-02-28,06:15,0.0175,0.0124
幸福村1社,23,2026-02-28,06:30,0.0199,0.0088
幸福村1社,23,2026-02-28,06:45,0.0213,0.0183
幸福村1社,23,2026-02-28,07:00,0.0185,0.0118
幸福村1社,23,2026-02-28,07:15,0.022,0.0167
幸福村1社,23,2026-02-28,07:30,0.0252,0.0158
幸福村1社,23,2026-02-28,07:45,0.0269,0.0194
幸福村1社,23,2026-02-28,08:00,0.0325,0.0193
幸福村1社,23,2026-02-28,08:15,0.0412,0.0143
幸福村1社,23,2026-02-28,08:30,0.0526,0.0128
幸福村1社,23,2026-02-28,08:45,0.0535,0.0326
幸福村1社,23,2026-02-28,09:00,0.0524,0.05
幸福村1社,23,2026-02-28,09:15,0.0622,0.0315
幸福村1社,23,2026-02-28,09:30,0.0547,0.0624
幸福村1社,23,2026-02-28,09:45,0.0567,0.063
幸福村1社,23,2026-02-28,10:00,0.0514,0.1038
幸福村1社,23,2026-02-28,10:15,0.0383,0.0229
幸福村1社,23,2026-02-28,10:30,0.0352,0.0172
幸福村1社,23,2026-02-28,10:45,0.0342,0.0271
幸福村1社,23,2026-02-28,11:00,0.0236,0.0166
幸福村1社,23,2026-02-28,11:15,0.029,0.015
幸福村1社,23,2026-02-28,11:30,0.0259,0.0182
幸福村1社,23,2026-02-28,11:45,0.027,0.0185
幸福村1社,23,2026-02-28,12:00,0.0272,0.019
幸福村1社,23,2026-02-28,12:15,0.0216,0.0198
幸福村1社,23,2026-02-28,12:30,0.0272,0.0773
幸福村1社,23,2026-02-28,12:45,0.0237,0.0181
幸福村1社,23,2026-02-28,13:00,0.0228,0.0103
幸福村1社,23,2026-02-28,13:15,0.0248,0.0331
幸福村1社,23,2026-02-28,13:30,0.0237,0.0435
幸福村1社,23,2026-02-28,13:45,0.0292,0.0117
幸福村1社,23,2026-02-28,14:00,0.0287,0.0102
幸福村1社,23,2026-02-28,14:15,0.0241,0.0191
幸福村1社,23,2026-02-28,14:30,0.027,0.0129
幸福村1社,23,2026-02-28,14:45,0.027,0.0138
幸福村1社,23,2026-02-28,15:00,0.0256,0.0154
幸福村1社,23,2026-02-28,15:15,0.0267,0.0275
幸福村1社,23,2026-02-28,15:30,0.0194,0.0197
幸福村1社,23,2026-02-28,15:45,0.0282,0.0161
幸福村1社,23,2026-02-28,16:00,0.0254,0.0142
幸福村1社,23,2026-02-28,16:15,0.0299,0.0171
幸福村1社,23,2026-02-28,16:30,0.035,0.0217
幸福村1社,23,2026-02-28,16:45,0.0399,0.0135
幸福村1社,23,2026-02-28,17:00,0.0458,0.0258
幸福村1社,23,2026-02-28,17:15,0.044,0.0222
幸福村1社,23,2026-02-28,17:30,0.0449,0.0416
幸福村1社,23,2026-02-28,17:45,0.0454,0.0152
幸福村1社,23,2026-02-28,18:00,0.0525,0.0714
幸福村1社,23,2026-02-28,18:15,0.0481,0.0516
幸福村1社,23,2026-02-28,18:30,0.0494,0.0343
幸福村1社,23,2026-02-28,18:45,0.042,0.0817
幸福村1社,23,2026-02-28,19:00,0.0405,0.0444
幸福村1社,23,2026-02-28,19:15,0.0403,0.0134
幸福村1社,23,2026-02-28,19:30,0.0445,0.0428
幸福村1社,23,2026-02-28,19:45,0.0324,0.0476
幸福村1社,23,2026-02-28,20:00,0.0344,0.0597
幸福村1社,23,2026-02-28,20:15,0.0329,0.0218
幸福村1社,23,2026-02-28,20:30,0.0297,0.0272
幸福村1社,23,2026-02-28,20:45,0.0246,0.0219
幸福村1社,23,2026-02-28,21:00,0.0298,0.0234
幸福村1社,23,2026-02-28,21:15,0.0238,0.0207
幸福村1社,23,2026-02-28,21:30,0.0255,0.021
幸福村1社,23,2026-02-28,21:45,0.0213,0.0201
幸福村1社,23,2026-02-28,22:00,0.0211,0.0247
幸福村1社,23,2026-02-28,22:15,0.0227,0.0146
幸福村1社,23,2026-02-28,22:30,0.0191,0.0169
幸福村1社,23,2026-02-28,22:45,0.0194,0.0213
幸福村1社,23,2026-02-28,23:00,0.0207,0.0179
幸福村1社,23,2026-02-28,23:15,0.0187,0.0204
幸福村1社,23,2026-02-28,23:30,0.0183,0.0229
幸福村1社,23,2026-02-28,23:45,0.0184,0.0186
幸福村1社,23,2026-03-01,00:00,0.0182,0.0239
幸福村1社,23,2026-03-01,00:15,0.0149,0.0176
幸福村1社,23,2026-03-01,00:30,0.0195,0.0199
幸福村1社,23,2026-03-01,00:45,0.0154,0.0149
幸福村1社,23,2026-03-01,01:00,0.0168,0.0118
幸福村1社,23,2026-03-01,01:15,0.015,0.0233
幸福村1社,23,2026-03-01,01:30,0.0162,0.0155
幸福村1社,23,2026-03-01,01:45,0.0169,0.0156
幸福村1社,23,2026-03-01,02:00,0.0172,0.0195
幸福村1社,23,2026-03-01,02:15,0.0185,0.0142
幸福村1社,23,2026-03-01,02:30,0.0164,0.0135
幸福村1社,23,2026-03-01,02:45,0.0184,0.0163
幸福村1社,23,2026-03-01,03:00,0.0161,0.0147
幸福村1社,23,2026-03-01,03:15,0.0175,0.0109
幸福村1社,23,2026-03-01,03:30,0.0137,0.0195
幸福村1社,23,2026-03-01,03:45,0.016,0.0147
幸福村1社,23,2026-03-01,04:00,0.0181,0.0149
幸福村1社,23,2026-03-01,04:15,0.014,0.0237
幸福村1社,23,2026-03-01,04:30,0.0167,0.0174
幸福村1社,23,2026-03-01,04:45,0.0157,0.0149
幸福村1社,23,2026-03-01,05:00,0.0171,0.0164
幸福村1社,23,2026-03-01,05:15,0.0154,0.0132
幸福村1社,23,2026-03-01,05:30,0.0165,0.0107
幸福村1社,23,2026-03-01,05:45,0.0146,0.0236
幸福村1社,23,2026-03-01,06:00,0.015,0.0158
幸福村1社,23,2026-03-01,06:15,0.0162,0.0148
幸福村1社,23,2026-03-01,06:30,0.0186,0.0217
幸福村1社,23,2026-03-01,06:45,0.0195,0.0125
幸福村1社,23,2026-03-01,07:00,0.017,0.0188
幸福村1社,23,2026-03-01,07:15,0.0208,0.0192
幸福村1社,23,2026-03-01,07:30,0.0248,0.0152
幸福村1社,23,2026-03-01,07:45,0.0316,0.0191
幸福村1社,23,2026-03-01,08:00,0.0365,0.0467
幸福村1社,23,2026-03-01,08:15,0.0372,0.0183
幸福村1社,23,2026-03-01,08:30,0.0446,0.0629
幸福村1社,23,2026-03-01,08:45,0.043,0.0626
幸福村1社,23,2026-03-01,09:00,0.0537,0.0686
幸福村1社,23,2026-03-01,09:15,0.0659,0.0405
幸福村1社,23,2026-03-01,09:30,0.0607,0.0425
幸福村1社,23,2026-03-01,09:45,0.061,0.0148
幸福村1社,23,2026-03-01,10:00,0.0474,0.0152
幸福村1社,23,2026-03-01,10:15,0.037,0.0176
幸福村1社,23,2026-03-01,10:30,0.0391,0.0112
幸福村1社,23,2026-03-01,10:45,0.0393,0.0218
幸福村1社,23,2026-03-01,11:00,0.0338,0.0109
幸福村1社,23,2026-03-01,11:15,0.0364,0.0181
幸福村1社,23,2026-03-01,11:30,0.0329,0.0514
幸福村1社,23,2026-03-01,11:45,0.0286,0.0528
幸福村1社,23,2026-03-01,12:00,0.0246,0.0436
幸福村1社,23,2026-03-01,12:15,0.0212,0.0501
幸福村1社,23,2026-03-01,12:30,0.0294,0.0639
幸福村1社,23,2026-03-01,12:45,0.0252,0.0089
幸福村1社,23,2026-03-01,13:00,0.0271,0.041
幸福村1社,23,2026-03-01,13:15,0.0242,0.011
幸福村1社,23,2026-03-01,13:30,0.0218,0.0489
幸福村1社,23,2026-03-01,13:45,0.0253,0.0457
幸福村1社,23,2026-03-01,14:00,0.0243,0.0369
幸福村1社,23,2026-03-01,14:15,0.0257,0.0489
幸福村1社,23,2026-03-01,14:30,0.0232,0.0173
幸福村1社,23,2026-03-01,14:45,0.0255,0.0684
幸福村1社,23,2026-03-01,15:00,0.0223,0.0156
幸福村1社,23,2026-03-01,15:15,0.0301,0.0188
幸福村1社,23,2026-03-01,15:30,0.0249,0.0236
幸福村1社,23,2026-03-01,15:45,0.0249,0.0111
幸福村1社,23,2026-03-01,16:00,0.0268,0.0169
幸福村1社,23,2026-03-01,16:15,0.031,0.0149
幸福村1社,23,2026-03-01,16:30,0.0427,0.0328
幸福村1社,23,2026-03-01,16:45,0.0366,0.0383
幸福村1社,23,2026-03-01,17:00,0.0452,0.0146
幸福村1社,23,2026-03-01,17:15,0.0475,0.0098
幸福村1社,23,2026-03-01,17:30,0.0403,0.0103
幸福村1社,23,2026-03-01,17:45,0.0448,0.0109
幸福村1社,23,2026-03-01,18:00,0.0531,0.0147
幸福村1社,23,2026-03-01,18:15,0.0506,0.0136
幸福村1社,23,2026-03-01,18:30,0.0475,0.0083
幸福村1社,23,2026-03-01,18:45,0.0438,0.0166
幸福村1社,23,2026-03-01,19:00,0.0439,0.0101
幸福村1社,23,2026-03-01,19:15,0.0378,0.0443
幸福村1社,23,2026-03-01,19:30,0.0403,0.0163
幸福村1社,23,2026-03-01,19:45,0.0366,0.0442
幸福村1社,23,2026-03-01,20:00,0.0354,0.0918
幸福村1社,23,2026-03-01,20:15,0.0322,0.0194
幸福村1社,23,2026-03-01,20:30,0.0273,0.0204
幸福村1社,23,2026-03-01,20:45,0.0279,0.017
幸福村1社,23,2026-03-01,21:00,0.027,0.0166
幸福村1社,23,2026-03-01,21:15,0.0231,0.024
幸福村1社,23,2026-03-01,21:30,0.0241,0.0178
幸福村1社,23,2026-03-01,21:45,0.0228,0.0219
幸福村1社,23,2026-03-01,22:00,0.022,0.0194
幸福村1社,23,2026-03-01,22:15,0.0204,0.0181
幸福村1社,23,2026-03-01,22:30,0.0223,0.0176
幸福村1社,23,2026-03-01,22:45,0.0202,0.0139
幸福村1社,23,2026-03-01,23:00,0.0191,0.0221
幸福村1社,23,2026-03-01,23:15,0.0194,0.0147
幸福村1社,23,2026-03-01,23:30,0.0174,0.0169
幸福村1社,23,2026-03-01,23:45,0.0209,0.0151
甘伍村3社,24,2026-04-12,00:00,0.0015,0.0005
甘伍村3社,24,2026-04-12,00:15,0.0007,0.0005
甘伍村3社,24,2026-04-12,00:30,-0.0003,0.0005
甘伍村3社,24,2026-04-12,00:45,0.0009,0.0005
甘伍村3社,24,2026-04-12,01:00,0.0002,0.0005
甘伍村3社,24,2026-04-12,01:15,0.0006,0.0005
甘伍村3社,24,2026-04-12,01:30,0.0011,0.0005
甘伍村3社,24,2026-04-12,01:45,-0.0002,0.0005
甘伍村3社,24,2026-04-12,02:00,0.0002,0.0005
甘伍村3社,24,2026-04-12,02:15,0.0009,0.0005
甘伍村3社,24,2026-04-12,02:30,0.0005,0.0005
甘伍村3社,24,2026-04-12,02:45,0.0005,0.0005
甘伍村3社,24,2026-04-12,03:00,0.0002,0.0005
甘伍村3社,24,2026-04-12,03:15,0.0008,0.0005
甘伍村3社,24,2026-04-12,03:30,-0.0005,0.0005
甘伍村3社,24,2026-04-12,03:45,0.0008,0.0005
甘伍村3社,24,2026-04-12,04:00,-0.0005,0.0005
甘伍村3社,24,2026-04-12,04:15,0.0001,0.0005
甘伍村3社,24,2026-04-12,04:30,0.0007,0.0005
甘伍村3社,24,2026-04-12,04:45,0.0009,0.0005
甘伍村3社,24,2026-04-12,05:00,0.0007,0.0005
甘伍村3社,24,2026-04-12,05:15,0.0007,0.0005
甘伍村3社,24,2026-04-12,05:30,0.0005,0.0005
甘伍村3社,24,2026-04-12,05:45,0.0008,0.0005
甘伍村3社,24,2026-04-12,06:00,0.0008,0.0005
甘伍村3社,24,2026-04-12,06:15,0.0008,0.0005
甘伍村3社,24,2026-04-12,06:30,-0.0006,0.0005
甘伍村3社,24,2026-04-12,06:45,0.001,0.0005
甘伍村3社,24,2026-04-12,07:00,-0.0006,0.0005
甘伍村3社,24,2026-04-12,07:15,-0.0,0.0005
甘伍村3社,24,2026-04-12,07:30,0.0014,0.0005
甘伍村3社,24,2026-04-12,07:45,0.0019,0.0005
甘伍村3社,24,2026-04-12,08:00,0.0011,0.0005
甘伍村3社,24,2026-04-12,08:15,0.0016,0.0005
甘伍村3社,24,2026-04-12,08:30,0.0023,0.0005
甘伍村3社,24,2026-04-12,08:45,-0.0001,0.0005
甘伍村3社,24,2026-04-12,09:00,0.0039,0.0723
甘伍村3社,24,2026-04-12,09:15,0.0027,0.0731
甘伍村3社,24,2026-04-12,09:30,0.0045,0.0745
甘伍村3社,24,2026-04-12,09:45,0.0036,0.0766
甘伍村3社,24,2026-04-12,10:00,0.0072,0.0753
甘伍村3社,24,2026-04-12,10:15,0.0083,0.075
甘伍村3社,24,2026-04-12,10:30,0.0093,0.0749
甘伍村3社,24,2026-04-12,10:45,0.0109,0.0005
甘伍村3社,24,2026-04-12,11:00,0.0094,0.0005
甘伍村3社,24,2026-04-12,11:15,0.0123,0.0005
甘伍村3社,24,2026-04-12,11:30,0.0116,0.0005
甘伍村3社,24,2026-04-12,11:45,0.0123,0.0005
甘伍村3社,24,2026-04-12,12:00,0.0085,0.0005
甘伍村3社,24,2026-04-12,12:15,0.0074,0.0005
甘伍村3社,24,2026-04-12,12:30,0.0088,0.0005
甘伍村3社,24,2026-04-12,12:45,0.0069,0.0005
甘伍村3社,24,2026-04-12,13:00,0.0025,0.0005
甘伍村3社,24,2026-04-12,13:15,0.0033,0.0005
甘伍村3社,24,2026-04-12,13:30,0.0049,0.0005
甘伍村3社,24,2026-04-12,13:45,0.0024,0.0005
甘伍村3社,24,2026-04-12,14:00,0.0023,0.0005
甘伍村3社,24,2026-04-12,14:15,0.0041,0.0005
甘伍村3社,24,2026-04-12,14:30,0.0029,0.0005
甘伍村3社,24,2026-04-12,14:45,0.0014,0.0008
甘伍村3社,24,2026-04-12,15:00,0.001,0.0008
甘伍村3社,24,2026-04-12,15:15,0.0027,0.0008
甘伍村3社,24,2026-04-12,15:30,0.0008,0.0006
甘伍村3社,24,2026-04-12,15:45,0.0007,0.0006
甘伍村3社,24,2026-04-12,16:00,0.0009,0.0005
甘伍村3社,24,2026-04-12,16:15,0.001,0.0005
甘伍村3社,24,2026-04-12,16:30,-0.0006,0.0005
甘伍村3社,24,2026-04-12,16:45,0.002,0.0005
甘伍村3社,24,2026-04-12,17:00,0.0019,0.0005
甘伍村3社,24,2026-04-12,17:15,0.0004,0.0005
甘伍村3社,24,2026-04-12,17:30,0.0016,0.0005
甘伍村3社,24,2026-04-12,17:45,0.0016,0.0005
甘伍村3社,24,2026-04-12,18:00,0.0019,0.0005
甘伍村3社,24,2026-04-12,18:15,-0.0002,0.0005
甘伍村3社,24,2026-04-12,18:30,0.0009,0.0005
甘伍村3社,24,2026-04-12,18:45,0.0015,0.0005
甘伍村3社,24,2026-04-12,19:00,0.0008,0.0005
甘伍村3社,24,2026-04-12,19:15,0.002,0.0005
甘伍村3社,24,2026-04-12,19:30,-0.0007,0.0005
甘伍村3社,24,2026-04-12,19:45,0.0002,0.0005
甘伍村3社,24,2026-04-12,20:00,-0.0008,0.0005
甘伍村3社,24,2026-04-12,20:15,0.0005,0.0005
甘伍村3社,24,2026-04-12,20:30,0.0002,0.0005
甘伍村3社,24,2026-04-12,20:45,0.0024,0.0005
甘伍村3社,24,2026-04-12,21:00,-0.0005,0.0005
甘伍村3社,24,2026-04-12,21:15,0.0001,0.0005
甘伍村3社,24,2026-04-12,21:30,-0.0005,0.0005
甘伍村3社,24,2026-04-12,21:45,0.0,0.0005
甘伍村3社,24,2026-04-12,22:00,0.0004,0.0005
甘伍村3社,24,2026-04-12,22:15,-0.0005,0.0005
甘伍村3社,24,2026-04-12,22:30,0.001,0.0005
甘伍村3社,24,2026-04-12,22:45,0.0007,0.0005
甘伍村3社,24,2026-04-12,23:00,0.0007,0.0005
甘伍村3社,24,2026-04-12,23:15,0.0001,0.0005
甘伍村3社,24,2026-04-12,23:30,0.0008,0.0005
甘伍村3社,24,2026-04-12,23:45,0.0001,0.0005
甘伍村3社,24,2026-04-13,00:00,0.0006,0.0005
甘伍村3社,24,2026-04-13,00:15,0.0006,0.0005
甘伍村3社,24,2026-04-13,00:30,0.0004,0.0005
甘伍村3社,24,2026-04-13,00:45,0.0004,0.0005
甘伍村3社,24,2026-04-13,01:00,-0.0006,0.0005
甘伍村3社,24,2026-04-13,01:15,0.0008,0.0005
甘伍村3社,24,2026-04-13,01:30,0.0004,0.0005
甘伍村3社,24,2026-04-13,01:45,0.0005,0.0005
甘伍村3社,24,2026-04-13,02:00,-0.0004,0.0005
甘伍村3社,24,2026-04-13,02:15,0.0004,0.0005
甘伍村3社,24,2026-04-13,02:30,0.0008,0.0005
甘伍村3社,24,2026-04-13,02:45,0.0007,0.0005
甘伍村3社,24,2026-04-13,03:00,0.0008,0.0005
甘伍村3社,24,2026-04-13,03:15,0.0006,0.0005
甘伍村3社,24,2026-04-13,03:30,0.0006,0.0005
甘伍村3社,24,2026-04-13,03:45,0.0001,0.0005
甘伍村3社,24,2026-04-13,04:00,0.0013,0.0005
甘伍村3社,24,2026-04-13,04:15,-0.0006,0.0005
甘伍村3社,24,2026-04-13,04:30,0.0006,0.0005
甘伍村3社,24,2026-04-13,04:45,0.0013,0.0005
甘伍村3社,24,2026-04-13,05:00,0.0007,0.0005
甘伍村3社,24,2026-04-13,05:15,0.0003,0.0008
甘伍村3社,24,2026-04-13,05:30,0.0005,0.0007
甘伍村3社,24,2026-04-13,05:45,0.0005,0.0006
甘伍村3社,24,2026-04-13,06:00,0.0008,0.0006
甘伍村3社,24,2026-04-13,06:15,-0.0002,0.0005
甘伍村3社,24,2026-04-13,06:30,0.0001,0.0005
甘伍村3社,24,2026-04-13,06:45,0.0005,0.0005
甘伍村3社,24,2026-04-13,07:00,0.0008,0.0005
甘伍村3社,24,2026-04-13,07:15,0.0017,0.0005
甘伍村3社,24,2026-04-13,07:30,0.0009,0.0005
甘伍村3社,24,2026-04-13,07:45,0.0004,0.0005
甘伍村3社,24,2026-04-13,08:00,0.0012,0.0005
甘伍村3社,24,2026-04-13,08:15,0.0012,0.0005
甘伍村3社,24,2026-04-13,08:30,0.0018,0.0005
甘伍村3社,24,2026-04-13,08:45,0.0013,0.0005
甘伍村3社,24,2026-04-13,09:00,0.0034,0.0005
甘伍村3社,24,2026-04-13,09:15,0.0022,0.0005
甘伍村3社,24,2026-04-13,09:30,0.0018,0.0005
甘伍村3社,24,2026-04-13,09:45,0.0011,0.0005
甘伍村3社,24,2026-04-13,10:00,0.0059,0.0005
甘伍村3社,24,2026-04-13,10:15,0.0078,0.0005
甘伍村3社,24,2026-04-13,10:30,0.0101,0.0005
甘伍村3社,24,2026-04-13,10:45,0.0104,0.0005
甘伍村3社,24,2026-04-13,11:00,0.0106,0.0005
甘伍村3社,24,2026-04-13,11:15,0.014,0.0005
甘伍村3社,24,2026-04-13,11:30,0.0122,0.0005
甘伍村3社,24,2026-04-13,11:45,0.0114,0.0005
甘伍村3社,24,2026-04-13,12:00,0.0102,0.0005
甘伍村3社,24,2026-04-13,12:15,0.0084,0.0005
甘伍村3社,24,2026-04-13,12:30,0.0058,0.0005
甘伍村3社,24,2026-04-13,12:45,0.0079,0.0005
甘伍村3社,24,2026-04-13,13:00,0.0041,0.0005
甘伍村3社,24,2026-04-13,13:15,0.0047,0.0005
甘伍村3社,24,2026-04-13,13:30,0.0046,0.0005
甘伍村3社,24,2026-04-13,13:45,0.0049,0.0005
甘伍村3社,24,2026-04-13,14:00,0.0052,0.0005
甘伍村3社,24,2026-04-13,14:15,0.0047,0.0005
甘伍村3社,24,2026-04-13,14:30,0.0028,0.0005
甘伍村3社,24,2026-04-13,14:45,0.002,0.0005
甘伍村3社,24,2026-04-13,15:00,0.0004,0.0005
甘伍村3社,24,2026-04-13,15:15,0.0022,0.0005
甘伍村3社,24,2026-04-13,15:30,0.0011,0.0005
甘伍村3社,24,2026-04-13,15:45,0.0009,0.0005
甘伍村3社,24,2026-04-13,16:00,0.001,0.0005
甘伍村3社,24,2026-04-13,16:15,0.0011,0.0005
甘伍村3社,24,2026-04-13,16:30,0.0013,0.0005
甘伍村3社,24,2026-04-13,16:45,0.0014,0.0005
甘伍村3社,24,2026-04-13,17:00,0.0013,0.0005
甘伍村3社,24,2026-04-13,17:15,0.0004,0.0005
甘伍村3社,24,2026-04-13,17:30,0.0,0.0005
甘伍村3社,24,2026-04-13,17:45,0.0011,0.0005
甘伍村3社,24,2026-04-13,18:00,-0.0004,0.0005
甘伍村3社,24,2026-04-13,18:15,0.001,0.0005
甘伍村3社,24,2026-04-13,18:30,0.0009,0.0005
甘伍村3社,24,2026-04-13,18:45,-0.0004,0.0005
甘伍村3社,24,2026-04-13,19:00,0.0004,0.0005
甘伍村3社,24,2026-04-13,19:15,0.0002,0.0005
甘伍村3社,24,2026-04-13,19:30,0.0003,0.0005
甘伍村3社,24,2026-04-13,19:45,0.0003,0.0005
甘伍村3社,24,2026-04-13,20:00,0.0015,0.0005
甘伍村3社,24,2026-04-13,20:15,0.0004,0.0005
甘伍村3社,24,2026-04-13,20:30,0.0008,0.0005
甘伍村3社,24,2026-04-13,20:45,0.0003,0.0005
甘伍村3社,24,2026-04-13,21:00,0.0017,0.0005
甘伍村3社,24,2026-04-13,21:15,0.0005,0.0005
甘伍村3社,24,2026-04-13,21:30,-0.0004,0.0005
甘伍村3社,24,2026-04-13,21:45,0.0005,0.0005
甘伍村3社,24,2026-04-13,22:00,-0.0001,0.0005
甘伍村3社,24,2026-04-13,22:15,-0.0011,0.0005
甘伍村3社,24,2026-04-13,22:30,0.0004,0.0005
甘伍村3社,24,2026-04-13,22:45,-0.0001,0.0005
甘伍村3社,24,2026-04-13,23:00,0.0003,0.0005
甘伍村3社,24,2026-04-13,23:15,0.0001,0.0005
甘伍村3社,24,2026-04-13,23:30,0.0015,0.0005
甘伍村3社,24,2026-04-13,23:45,-0.0003,0.0005
甘伍村3社,24,2026-04-14,00:00,0.0013,0.0005
甘伍村3社,24,2026-04-14,00:15,0.0002,0.0005
甘伍村3社,24,2026-04-14,00:30,0.0006,0.0005
甘伍村3社,24,2026-04-14,00:45,0.0001,0.0005
甘伍村3社,24,2026-04-14,01:00,0.0011,0.0005
甘伍村3社,24,2026-04-14,01:15,0.0002,0.0005
甘伍村3社,24,2026-04-14,01:30,-0.0005,0.0005
甘伍村3社,24,2026-04-14,01:45,0.0,0.0005
甘伍村3社,24,2026-04-14,02:00,0.0008,0.0005
甘伍村3社,24,2026-04-14,02:15,0.0015,0.0005
甘伍村3社,24,2026-04-14,02:30,0.0008,0.0005
甘伍村3社,24,2026-04-14,02:45,0.0011,0.0005
甘伍村3社,24,2026-04-14,03:00,0.0003,0.0005
甘伍村3社,24,2026-04-14,03:15,0.0012,0.0005
甘伍村3社,24,2026-04-14,03:30,-0.0003,0.0005
甘伍村3社,24,2026-04-14,03:45,-0.0002,0.0005
甘伍村3社,24,2026-04-14,04:00,-0.0005,0.0005
甘伍村3社,24,2026-04-14,04:15,0.0011,0.0005
甘伍村3社,24,2026-04-14,04:30,0.0004,0.0005
甘伍村3社,24,2026-04-14,04:45,0.0004,0.0005
甘伍村3社,24,2026-04-14,05:00,0.0004,0.0005
甘伍村3社,24,2026-04-14,05:15,0.0001,0.0008
甘伍村3社,24,2026-04-14,05:30,0.0,0.0008
甘伍村3社,24,2026-04-14,05:45,0.0004,0.0008
甘伍村3社,24,2026-04-14,06:00,-0.0008,0.0006
甘伍村3社,24,2026-04-14,06:15,0.0007,0.0006
甘伍村3社,24,2026-04-14,06:30,0.0008,0.0005
甘伍村3社,24,2026-04-14,06:45,0.0005,0.0005
甘伍村3社,24,2026-04-14,07:00,0.0001,0.0005
甘伍村3社,24,2026-04-14,07:15,0.0007,0.0005
甘伍村3社,24,2026-04-14,07:30,0.0013,0.0005
甘伍村3社,24,2026-04-14,07:45,0.002,0.0005
甘伍村3社,24,2026-04-14,08:00,0.0012,0.0005
甘伍村3社,24,2026-04-14,08:15,0.0004,0.0005
甘伍村3社,24,2026-04-14,08:30,0.0018,0.0005
甘伍村3社,24,2026-04-14,08:45,0.0012,0.0005
甘伍村3社,24,2026-04-14,09:00,0.0035,0.0005
甘伍村3社,24,2026-04-14,09:15,0.0028,0.0005
甘伍村3社,24,2026-04-14,09:30,0.0011,0.0838
甘伍村3社,24,2026-04-14,09:45,0.002,0.0816
甘伍村3社,24,2026-04-14,10:00,0.0044,0.0815
甘伍村3社,24,2026-04-14,10:15,0.0076,0.0815
甘伍村3社,24,2026-04-14,10:30,0.0089,0.0812
甘伍村3社,24,2026-04-14,10:45,0.0105,0.0005
甘伍村3社,24,2026-04-14,11:00,0.0111,0.0005
甘伍村3社,24,2026-04-14,11:15,0.0139,0.0005
甘伍村3社,24,2026-04-14,11:30,0.0134,0.0005
甘伍村3社,24,2026-04-14,11:45,0.0124,0.0005
甘伍村3社,24,2026-04-14,12:00,0.0086,0.0005
甘伍村3社,24,2026-04-14,12:15,0.0067,0.0005
甘伍村3社,24,2026-04-14,12:30,0.0074,0.0005
甘伍村3社,24,2026-04-14,12:45,0.0072,0.0005
甘伍村3社,24,2026-04-14,13:00,0.0034,0.0005
甘伍村3社,24,2026-04-14,13:15,0.0046,0.0005
甘伍村3社,24,2026-04-14,13:30,0.005,0.0005
甘伍村3社,24,2026-04-14,13:45,0.0042,0.0005
甘伍村3社,24,2026-04-14,14:00,0.004,0.0005
甘伍村3社,24,2026-04-14,14:15,0.0029,0.0005
甘伍村3社,24,2026-04-14,14:30,0.0013,0.0005
甘伍村3社,24,2026-04-14,14:45,0.0016,0.0005
甘伍村3社,24,2026-04-14,15:00,0.0014,0.0005
甘伍村3社,24,2026-04-14,15:15,0.0015,0.0005
甘伍村3社,24,2026-04-14,15:30,0.0011,0.0005
甘伍村3社,24,2026-04-14,15:45,0.0011,0.0005
甘伍村3社,24,2026-04-14,16:00,0.002,0.0005
甘伍村3社,24,2026-04-14,16:15,-0.0003,0.0005
甘伍村3社,24,2026-04-14,16:30,0.0025,0.0005
甘伍村3社,24,2026-04-14,16:45,0.0009,0.0005
甘伍村3社,24,2026-04-14,17:00,0.0026,0.0005
甘伍村3社,24,2026-04-14,17:15,0.0019,0.0005
甘伍村3社,24,2026-04-14,17:30,0.001,0.0005
甘伍村3社,24,2026-04-14,17:45,0.0012,0.0005
甘伍村3社,24,2026-04-14,18:00,0.0008,0.0005
甘伍村3社,24,2026-04-14,18:15,0.0017,0.0005
甘伍村3社,24,2026-04-14,18:30,0.0,0.0005
甘伍村3社,24,2026-04-14,18:45,0.0006,0.0005
甘伍村3社,24,2026-04-14,19:00,0.0001,0.0005
甘伍村3社,24,2026-04-14,19:15,0.0005,0.0005
甘伍村3社,24,2026-04-14,19:30,0.0011,0.0005
甘伍村3社,24,2026-04-14,19:45,0.0017,0.0005
甘伍村3社,24,2026-04-14,20:00,0.0007,0.0005
甘伍村3社,24,2026-04-14,20:15,0.0015,0.0005
甘伍村3社,24,2026-04-14,20:30,0.0008,0.0005
甘伍村3社,24,2026-04-14,20:45,-0.0002,0.0005
甘伍村3社,24,2026-04-14,21:00,0.0011,0.0005
甘伍村3社,24,2026-04-14,21:15,0.0007,0.0005
甘伍村3社,24,2026-04-14,21:30,-0.0003,0.0005
甘伍村3社,24,2026-04-14,21:45,0.0005,0.0005
甘伍村3社,24,2026-04-14,22:00,0.0002,0.0005
甘伍村3社,24,2026-04-14,22:15,0.0005,0.0005
甘伍村3社,24,2026-04-14,22:30,0.0009,0.0005
甘伍村3社,24,2026-04-14,22:45,0.0005,0.0005
甘伍村3社,24,2026-04-14,23:00,0.0009,0.0005
甘伍村3社,24,2026-04-14,23:15,0.0,0.0005
甘伍村3社,24,2026-04-14,23:30,0.0006,0.0005
甘伍村3社,24,2026-04-14,23:45,-0.0002,0.0005
幸福村4社,25,2026-03-28,00:00,0.0013,0.001
幸福村4社,25,2026-03-28,00:15,0.0009,0.001
幸福村4社,25,2026-03-28,00:30,0.0009,0.001
幸福村4社,25,2026-03-28,00:45,0.0009,0.0008
幸福村4社,25,2026-03-28,01:00,0.0006,0.0008
幸福村4社,25,2026-03-28,01:15,0.0005,0.0009
幸福村4社,25,2026-03-28,01:30,-0.0,0.001
幸福村4社,25,2026-03-28,01:45,0.0006,0.001
幸福村4社,25,2026-03-28,02:00,0.0005,0.001
幸福村4社,25,2026-03-28,02:15,0.0002,0.001
幸福村4社,25,2026-03-28,02:30,0.0006,0.001
幸福村4社,25,2026-03-28,02:45,0.0006,0.001
幸福村4社,25,2026-03-28,03:00,0.0009,0.001
幸福村4社,25,2026-03-28,03:15,0.0006,0.0009
幸福村4社,25,2026-03-28,03:30,0.0007,0.0009
幸福村4社,25,2026-03-28,03:45,0.0006,0.0008
幸福村4社,25,2026-03-28,04:00,0.0011,0.0008
幸福村4社,25,2026-03-28,04:15,0.0002,0.0008
幸福村4社,25,2026-03-28,04:30,0.0006,0.0008
幸福村4社,25,2026-03-28,04:45,0.0006,0.0008
幸福村4社,25,2026-03-28,05:00,0.0007,0.0008
幸福村4社,25,2026-03-28,05:15,0.0007,0.0008
幸福村4社,25,2026-03-28,05:30,0.0006,0.0008
幸福村4社,25,2026-03-28,05:45,0.0001,0.0008
幸福村4社,25,2026-03-28,06:00,0.0003,0.0008
幸福村4社,25,2026-03-28,06:15,0.0007,0.0009
幸福村4社,25,2026-03-28,06:30,0.0013,0.0009
幸福村4社,25,2026-03-28,06:45,0.0007,0.0009
幸福村4社,25,2026-03-28,07:00,0.0012,0.0007
幸福村4社,25,2026-03-28,07:15,0.0012,0.0007
幸福村4社,25,2026-03-28,07:30,0.0015,0.0007
幸福村4社,25,2026-03-28,07:45,0.0026,0.0007
幸福村4社,25,2026-03-28,08:00,0.0021,0.0007
幸福村4社,25,2026-03-28,08:15,0.0013,0.0008
幸福村4社,25,2026-03-28,08:30,0.0014,0.0007
幸福村4社,25,2026-03-28,08:45,0.002,0.0007
幸福村4社,25,2026-03-28,09:00,0.0011,0.0007
幸福村4社,25,2026-03-28,09:15,0.0012,0.0007
幸福村4社,25,2026-03-28,09:30,0.0005,0.0007
幸福村4社,25,2026-03-28,09:45,0.0002,0.0007
幸福村4社,25,2026-03-28,10:00,0.0012,0.0007
幸福村4社,25,2026-03-28,10:15,0.0015,0.0007
幸福村4社,25,2026-03-28,10:30,0.0008,0.0007
幸福村4社,25,2026-03-28,10:45,0.0017,0.0007
幸福村4社,25,2026-03-28,11:00,0.0011,0.0007
幸福村4社,25,2026-03-28,11:15,0.0003,0.0007
幸福村4社,25,2026-03-28,11:30,0.0005,0.0005
幸福村4社,25,2026-03-28,11:45,0.0007,0.0004
幸福村4社,25,2026-03-28,12:00,0.001,0.0004
幸福村4社,25,2026-03-28,12:15,0.0,0.0004
幸福村4社,25,2026-03-28,12:30,0.0004,0.0004
幸福村4社,25,2026-03-28,12:45,0.0003,0.0004
幸福村4社,25,2026-03-28,13:00,0.0009,0.0004
幸福村4社,25,2026-03-28,13:15,0.0002,0.0004
幸福村4社,25,2026-03-28,13:30,0.0006,0.0004
幸福村4社,25,2026-03-28,13:45,0.0013,0.0004
幸福村4社,25,2026-03-28,14:00,0.0007,0.0004
幸福村4社,25,2026-03-28,14:15,0.0003,0.0004
幸福村4社,25,2026-03-28,14:30,0.0005,0.0004
幸福村4社,25,2026-03-28,14:45,0.0006,0.0004
幸福村4社,25,2026-03-28,15:00,0.0005,0.0004
幸福村4社,25,2026-03-28,15:15,0.0007,0.0004
幸福村4社,25,2026-03-28,15:30,0.0008,0.0004
幸福村4社,25,2026-03-28,15:45,0.0008,0.0009
幸福村4社,25,2026-03-28,16:00,0.0007,0.0009
幸福村4社,25,2026-03-28,16:15,0.0003,0.0009
幸福村4社,25,2026-03-28,16:30,0.0016,0.0009
幸福村4社,25,2026-03-28,16:45,0.0004,0.0009
幸福村4社,25,2026-03-28,17:00,0.0009,0.0009
幸福村4社,25,2026-03-28,17:15,0.0008,0.0009
幸福村4社,25,2026-03-28,17:30,0.001,0.0004
幸福村4社,25,2026-03-28,17:45,0.0013,0.0004
幸福村4社,25,2026-03-28,18:00,0.0004,0.0004
幸福村4社,25,2026-03-28,18:15,0.0001,0.0004
幸福村4社,25,2026-03-28,18:30,0.0005,0.0004
幸福村4社,25,2026-03-28,18:45,-0.0002,0.0004
幸福村4社,25,2026-03-28,19:00,0.0006,0.0008
幸福村4社,25,2026-03-28,19:15,0.0022,0.0008
幸福村4社,25,2026-03-28,19:30,0.0017,0.0007
幸福村4社,25,2026-03-28,19:45,0.0022,0.0005
幸福村4社,25,2026-03-28,20:00,0.0027,0.0015
幸福村4社,25,2026-03-28,20:15,0.0017,0.0015
幸福村4社,25,2026-03-28,20:30,0.0012,0.0015
幸福村4社,25,2026-03-28,20:45,0.0007,0.001
幸福村4社,25,2026-03-28,21:00,0.0018,0.001
幸福村4社,25,2026-03-28,21:15,0.0011,0.001
幸福村4社,25,2026-03-28,21:30,0.0016,0.001
幸福村4社,25,2026-03-28,21:45,0.0015,0.001
幸福村4社,25,2026-03-28,22:00,0.0014,0.001
幸福村4社,25,2026-03-28,22:15,0.0018,0.0009
幸福村4社,25,2026-03-28,22:30,0.0019,0.0008
幸福村4社,25,2026-03-28,22:45,0.0007,0.0008
幸福村4社,25,2026-03-28,23:00,0.0008,0.0009
幸福村4社,25,2026-03-28,23:15,0.0012,0.0007
幸福村4社,25,2026-03-28,23:30,0.0009,0.0015
幸福村4社,25,2026-03-28,23:45,0.001,0.0014
幸福村4社,25,2026-03-29,00:00,0.0008,0.001
幸福村4社,25,2026-03-29,00:15,0.0008,0.001
幸福村4社,25,2026-03-29,00:30,0.0008,0.0005
幸福村4社,25,2026-03-29,00:45,0.0003,0.0005
幸福村4社,25,2026-03-29,01:00,0.0009,0.0005
幸福村4社,25,2026-03-29,01:15,0.0007,0.0005
幸福村4社,25,2026-03-29,01:30,0.0012,0.0005
幸福村4社,25,2026-03-29,01:45,0.0005,0.0005
幸福村4社,25,2026-03-29,02:00,0.0004,0.0004
幸福村4社,25,2026-03-29,02:15,0.001,0.0004
幸福村4社,25,2026-03-29,02:30,0.0007,0.0004
幸福村4社,25,2026-03-29,02:45,0.0007,0.0004
幸福村4社,25,2026-03-29,03:00,0.0007,0.0004
幸福村4社,25,2026-03-29,03:15,0.0,0.0004
幸福村4社,25,2026-03-29,03:30,0.0009,0.0004
幸福村4社,25,2026-03-29,03:45,0.0008,0.0004
幸福村4社,25,2026-03-29,04:00,0.0008,0.0004
幸福村4社,25,2026-03-29,04:15,0.0005,0.0004
幸福村4社,25,2026-03-29,04:30,0.0002,0.0004
幸福村4社,25,2026-03-29,04:45,0.001,0.0004
幸福村4社,25,2026-03-29,05:00,0.0003,0.0004
幸福村4社,25,2026-03-29,05:15,0.0002,0.0004
幸福村4社,25,2026-03-29,05:30,0.0003,0.0004
幸福村4社,25,2026-03-29,05:45,0.0007,0.0004
幸福村4社,25,2026-03-29,06:00,0.0003,0.0004
幸福村4社,25,2026-03-29,06:15,0.0009,0.0004
幸福村4社,25,2026-03-29,06:30,0.0006,0.0004
幸福村4社,25,2026-03-29,06:45,0.0012,0.0004
幸福村4社,25,2026-03-29,07:00,0.0003,0.0004
幸福村4社,25,2026-03-29,07:15,0.0009,0.0004
幸福村4社,25,2026-03-29,07:30,0.0014,0.0004
幸福村4社,25,2026-03-29,07:45,0.002,0.0004
幸福村4社,25,2026-03-29,08:00,0.0012,0.0004
幸福村4社,25,2026-03-29,08:15,0.0011,0.0142
幸福村4社,25,2026-03-29,08:30,0.0021,0.0142
幸福村4社,25,2026-03-29,08:45,0.001,0.0004
幸福村4社,25,2026-03-29,09:00,0.0012,0.0004
幸福村4社,25,2026-03-29,09:15,0.002,0.0004
幸福村4社,25,2026-03-29,09:30,0.0016,0.0006
幸福村4社,25,2026-03-29,09:45,0.0014,0.0005
幸福村4社,25,2026-03-29,10:00,0.0014,0.0005
幸福村4社,25,2026-03-29,10:15,0.0013,0.001
幸福村4社,25,2026-03-29,10:30,0.0005,0.001
幸福村4社,25,2026-03-29,10:45,0.0013,0.0008
幸福村4社,25,2026-03-29,11:00,0.0005,0.0004
幸福村4社,25,2026-03-29,11:15,0.0003,0.0004
幸福村4社,25,2026-03-29,11:30,0.0012,0.0004
幸福村4社,25,2026-03-29,11:45,0.0014,0.0004
幸福村4社,25,2026-03-29,12:00,0.0008,0.0004
幸福村4社,25,2026-03-29,12:15,0.0002,0.0009
幸福村4社,25,2026-03-29,12:30,0.0009,0.0009
幸福村4社,25,2026-03-29,12:45,0.0006,0.0009
幸福村4社,25,2026-03-29,13:00,-0.0001,0.001
幸福村4社,25,2026-03-29,13:15,0.0005,0.0004
幸福村4社,25,2026-03-29,13:30,0.0003,0.0004
幸福村4社,25,2026-03-29,13:45,0.0005,0.0004
幸福村4社,25,2026-03-29,14:00,0.0009,0.0009
幸福村4社,25,2026-03-29,14:15,0.0004,0.0009
幸福村4社,25,2026-03-29,14:30,0.0002,0.0009
幸福村4社,25,2026-03-29,14:45,0.0008,0.0009
幸福村4社,25,2026-03-29,15:00,0.0004,0.0009
幸福村4社,25,2026-03-29,15:15,0.0008,0.0009
幸福村4社,25,2026-03-29,15:30,0.0009,0.0004
幸福村4社,25,2026-03-29,15:45,0.0004,0.0004
幸福村4社,25,2026-03-29,16:00,0.0012,0.0004
幸福村4社,25,2026-03-29,16:15,0.0016,0.0009
幸福村4社,25,2026-03-29,16:30,0.0004,0.0009
幸福村4社,25,2026-03-29,16:45,0.001,0.0009
幸福村4社,25,2026-03-29,17:00,0.0008,0.0009
幸福村4社,25,2026-03-29,17:15,0.0005,0.0009
幸福村4社,25,2026-03-29,17:30,0.0011,0.0011
幸福村4社,25,2026-03-29,17:45,0.0007,0.0006
幸福村4社,25,2026-03-29,18:00,0.0007,0.0004
幸福村4社,25,2026-03-29,18:15,0.0001,0.0004
幸福村4社,25,2026-03-29,18:30,0.0003,0.0009
幸福村4社,25,2026-03-29,18:45,0.0006,0.0009
幸福村4社,25,2026-03-29,19:00,0.0013,0.0004
幸福村4社,25,2026-03-29,19:15,0.0023,0.0004
幸福村4社,25,2026-03-29,19:30,0.0018,0.0004
幸福村4社,25,2026-03-29,19:45,0.0017,0.001
幸福村4社,25,2026-03-29,20:00,0.0022,0.0014
幸福村4社,25,2026-03-29,20:15,0.0015,0.0009
幸福村4社,25,2026-03-29,20:30,0.0012,0.0009
幸福村4社,25,2026-03-29,20:45,0.0019,0.0011
幸福村4社,25,2026-03-29,21:00,0.0017,0.001
幸福村4社,25,2026-03-29,21:15,0.0015,0.0011
幸福村4社,25,2026-03-29,21:30,0.0013,0.001
幸福村4社,25,2026-03-29,21:45,0.0014,0.0009
幸福村4社,25,2026-03-29,22:00,0.0013,0.0009
幸福村4社,25,2026-03-29,22:15,0.0016,0.0009
幸福村4社,25,2026-03-29,22:30,0.0006,0.0009
幸福村4社,25,2026-03-29,22:45,0.0011,0.0015
幸福村4社,25,2026-03-29,23:00,0.0012,0.0012
幸福村4社,25,2026-03-29,23:15,0.0012,0.0012
幸福村4社,25,2026-03-29,23:30,0.0008,0.0011
幸福村4社,25,2026-03-29,23:45,0.0015,0.0011
幸福村4社,25,2026-03-30,00:00,0.0013,0.0012
幸福村4社,25,2026-03-30,00:15,0.0009,0.0012
幸福村4社,25,2026-03-30,00:30,0.0012,0.0012
幸福村4社,25,2026-03-30,00:45,0.0008,0.0012
幸福村4社,25,2026-03-30,01:00,0.0002,0.0012
幸福村4社,25,2026-03-30,01:15,0.0004,0.001
幸福村4社,25,2026-03-30,01:30,0.0007,0.0005
幸福村4社,25,2026-03-30,01:45,0.0008,0.0004
幸福村4社,25,2026-03-30,02:00,0.0008,0.0004
幸福村4社,25,2026-03-30,02:15,0.0004,0.0004
幸福村4社,25,2026-03-30,02:30,0.0005,0.0004
幸福村4社,25,2026-03-30,02:45,0.0007,0.0004
幸福村4社,25,2026-03-30,03:00,0.0003,0.0004
幸福村4社,25,2026-03-30,03:15,0.0009,0.0004
幸福村4社,25,2026-03-30,03:30,0.0006,0.0004
幸福村4社,25,2026-03-30,03:45,0.0009,0.0004
幸福村4社,25,2026-03-30,04:00,0.0009,0.0004
幸福村4社,25,2026-03-30,04:15,0.0009,0.0004
幸福村4社,25,2026-03-30,04:30,0.0004,0.0004
幸福村4社,25,2026-03-30,04:45,0.0009,0.0004
幸福村4社,25,2026-03-30,05:00,0.001,0.0004
幸福村4社,25,2026-03-30,05:15,0.0016,0.0004
幸福村4社,25,2026-03-30,05:30,0.0009,0.0004
幸福村4社,25,2026-03-30,05:45,0.0004,0.0005
幸福村4社,25,2026-03-30,06:00,0.0008,0.0005
幸福村4社,25,2026-03-30,06:15,0.0008,0.0005
幸福村4社,25,2026-03-30,06:30,0.0006,0.0004
幸福村4社,25,2026-03-30,06:45,0.0011,0.0004
幸福村4社,25,2026-03-30,07:00,0.0003,0.0004
幸福村4社,25,2026-03-30,07:15,0.0008,0.0004
幸福村4社,25,2026-03-30,07:30,0.0018,0.0004
幸福村4社,25,2026-03-30,07:45,0.0017,0.0004
幸福村4社,25,2026-03-30,08:00,0.002,0.0004
幸福村4社,25,2026-03-30,08:15,0.0008,0.0004
幸福村4社,25,2026-03-30,08:30,0.0027,0.0004
幸福村4社,25,2026-03-30,08:45,0.0023,0.0004
幸福村4社,25,2026-03-30,09:00,0.0012,0.0004
幸福村4社,25,2026-03-30,09:15,0.0026,0.0004
幸福村4社,25,2026-03-30,09:30,0.0015,0.0004
幸福村4社,25,2026-03-30,09:45,0.0018,0.0004
幸福村4社,25,2026-03-30,10:00,0.0015,0.0004
幸福村4社,25,2026-03-30,10:15,0.0014,0.0004
幸福村4社,25,2026-03-30,10:30,0.001,0.0004
幸福村4社,25,2026-03-30,10:45,0.0014,0.0004
幸福村4社,25,2026-03-30,11:00,0.002,0.0009
幸福村4社,25,2026-03-30,11:15,0.0008,0.0009
幸福村4社,25,2026-03-30,11:30,0.0012,0.0009
幸福村4社,25,2026-03-30,11:45,0.0015,0.0009
幸福村4社,25,2026-03-30,12:00,0.0003,0.0004
幸福村4社,25,2026-03-30,12:15,0.0009,0.0004
幸福村4社,25,2026-03-30,12:30,0.0008,0.0004
幸福村4社,25,2026-03-30,12:45,0.0012,0.0004
幸福村4社,25,2026-03-30,13:00,0.0015,0.0004
幸福村4社,25,2026-03-30,13:15,0.0005,0.0004
幸福村4社,25,2026-03-30,13:30,0.0012,0.0004
幸福村4社,25,2026-03-30,13:45,0.0005,0.0004
幸福村4社,25,2026-03-30,14:00,0.0006,0.0004
幸福村4社,25,2026-03-30,14:15,0.0008,0.0004
幸福村4社,25,2026-03-30,14:30,0.0002,0.0004
幸福村4社,25,2026-03-30,14:45,0.0007,0.0004
幸福村4社,25,2026-03-30,15:00,0.0007,0.0004
幸福村4社,25,2026-03-30,15:15,0.0013,0.0004
幸福村4社,25,2026-03-30,15:30,0.0017,0.0004
幸福村4社,25,2026-03-30,15:45,0.0009,0.0004
幸福村4社,25,2026-03-30,16:00,0.0011,0.0088
幸福村4社,25,2026-03-30,16:15,0.0015,0.0004
幸福村4社,25,2026-03-30,16:30,0.0011,0.0004
幸福村4社,25,2026-03-30,16:45,0.0014,0.0004
幸福村4社,25,2026-03-30,17:00,0.0006,0.0004
幸福村4社,25,2026-03-30,17:15,0.0013,0.0004
幸福村4社,25,2026-03-30,17:30,0.0008,0.0004
幸福村4社,25,2026-03-30,17:45,0.001,0.0009
幸福村4社,25,2026-03-30,18:00,0.0011,0.0009
幸福村4社,25,2026-03-30,18:15,0.0004,0.0009
幸福村4社,25,2026-03-30,18:30,0.001,0.0009
幸福村4社,25,2026-03-30,18:45,0.0014,0.0009
幸福村4社,25,2026-03-30,19:00,0.0015,0.0143
幸福村4社,25,2026-03-30,19:15,0.0012,0.0145
幸福村4社,25,2026-03-30,19:30,0.0017,0.0007
幸福村4社,25,2026-03-30,19:45,0.0019,0.0006
幸福村4社,25,2026-03-30,20:00,0.0022,0.0014
幸福村4社,25,2026-03-30,20:15,0.0015,0.0015
幸福村4社,25,2026-03-30,20:30,0.0018,0.0015
幸福村4社,25,2026-03-30,20:45,0.0022,0.0015
幸福村4社,25,2026-03-30,21:00,0.0021,0.0015
幸福村4社,25,2026-03-30,21:15,0.0017,0.0015
幸福村4社,25,2026-03-30,21:30,0.0009,0.0015
幸福村4社,25,2026-03-30,21:45,0.0014,0.0012
幸福村4社,25,2026-03-30,22:00,0.0012,0.0012
幸福村4社,25,2026-03-30,22:15,0.0011,0.0012
幸福村4社,25,2026-03-30,22:30,0.0008,0.0011
幸福村4社,25,2026-03-30,22:45,0.0014,0.0011
幸福村4社,25,2026-03-30,23:00,0.0009,0.001
幸福村4社,25,2026-03-30,23:15,0.0011,0.001
幸福村4社,25,2026-03-30,23:30,0.001,0.0009
幸福村4社,25,2026-03-30,23:45,0.0013,0.0009
幸福村4社,26,2026-03-03,00:00,0.0006,0.0018
幸福村4社,26,2026-03-03,00:15,0.0005,0.0017
幸福村4社,26,2026-03-03,00:30,0.0009,0.0017
幸福村4社,26,2026-03-03,00:45,0.0005,0.0017
幸福村4社,26,2026-03-03,01:00,0.0009,0.0017
幸福村4社,26,2026-03-03,01:15,0.0006,0.0017
幸福村4社,26,2026-03-03,01:30,0.0003,0.0017
幸福村4社,26,2026-03-03,01:45,0.0005,0.0017
幸福村4社,26,2026-03-03,02:00,0.0003,0.0016
幸福村4社,26,2026-03-03,02:15,0.0003,0.0016
幸福村4社,26,2026-03-03,02:30,0.0003,0.0016
幸福村4社,26,2026-03-03,02:45,0.0001,0.0016
幸福村4社,26,2026-03-03,03:00,0.0006,0.0009
幸福村4社,26,2026-03-03,03:15,0.0003,0.0009
幸福村4社,26,2026-03-03,03:30,0.0011,0.0009
幸福村4社,26,2026-03-03,03:45,0.0005,0.0009
幸福村4社,26,2026-03-03,04:00,0.0006,0.0009
幸福村4社,26,2026-03-03,04:15,0.0006,0.0009
幸福村4社,26,2026-03-03,04:30,0.0008,0.0009
幸福村4社,26,2026-03-03,04:45,0.0008,0.0009
幸福村4社,26,2026-03-03,05:00,0.0005,0.0009
幸福村4社,26,2026-03-03,05:15,0.0004,0.0009
幸福村4社,26,2026-03-03,05:30,0.0008,0.0009
幸福村4社,26,2026-03-03,05:45,0.0003,0.0009
幸福村4社,26,2026-03-03,06:00,0.0007,0.001
幸福村4社,26,2026-03-03,06:15,0.0004,0.001
幸福村4社,26,2026-03-03,06:30,0.0014,0.001
幸福村4社,26,2026-03-03,06:45,0.0005,0.001
幸福村4社,26,2026-03-03,07:00,0.0013,0.001
幸福村4社,26,2026-03-03,07:15,0.0011,0.001
幸福村4社,26,2026-03-03,07:30,0.0017,0.0009
幸福村4社,26,2026-03-03,07:45,0.0021,0.0009
幸福村4社,26,2026-03-03,08:00,0.0017,0.0004
幸福村4社,26,2026-03-03,08:15,0.0011,0.0004
幸福村4社,26,2026-03-03,08:30,0.0016,0.0004
幸福村4社,26,2026-03-03,08:45,0.0017,0.0004
幸福村4社,26,2026-03-03,09:00,0.0015,0.0004
幸福村4社,26,2026-03-03,09:15,0.0006,0.0004
幸福村4社,26,2026-03-03,09:30,0.0009,0.0004
幸福村4社,26,2026-03-03,09:45,0.0001,0.0004
幸福村4社,26,2026-03-03,10:00,0.0015,0.0004
幸福村4社,26,2026-03-03,10:15,0.0018,0.0004
幸福村4社,26,2026-03-03,10:30,0.0013,0.0004
幸福村4社,26,2026-03-03,10:45,0.0024,0.0004
幸福村4社,26,2026-03-03,11:00,0.0018,0.0004
幸福村4社,26,2026-03-03,11:15,0.0016,0.0004
幸福村4社,26,2026-03-03,11:30,0.0015,0.015
幸福村4社,26,2026-03-03,11:45,0.0014,0.015
幸福村4社,26,2026-03-03,12:00,0.0018,0.0011
幸福村4社,26,2026-03-03,12:15,0.0008,0.0011
幸福村4社,26,2026-03-03,12:30,0.0012,0.0009
幸福村4社,26,2026-03-03,12:45,0.0009,0.0009
幸福村4社,26,2026-03-03,13:00,0.0009,0.0009
幸福村4社,26,2026-03-03,13:15,0.0005,0.0009
幸福村4社,26,2026-03-03,13:30,0.0011,0.0009
幸福村4社,26,2026-03-03,13:45,0.0014,0.0004
幸福村4社,26,2026-03-03,14:00,0.0012,0.0004
幸福村4社,26,2026-03-03,14:15,0.0006,0.0004
幸福村4社,26,2026-03-03,14:30,0.0008,0.0004
幸福村4社,26,2026-03-03,14:45,0.0008,0.0004
幸福村4社,26,2026-03-03,15:00,0.0007,0.0004
幸福村4社,26,2026-03-03,15:15,0.0,0.0004
幸福村4社,26,2026-03-03,15:30,0.0007,0.0004
幸福村4社,26,2026-03-03,15:45,0.0009,0.0004
幸福村4社,26,2026-03-03,16:00,0.0008,0.0004
幸福村4社,26,2026-03-03,16:15,0.0004,0.0004
幸福村4社,26,2026-03-03,16:30,0.0018,0.0004
幸福村4社,26,2026-03-03,16:45,0.0008,0.0004
幸福村4社,26,2026-03-03,17:00,0.0015,0.0004
幸福村4社,26,2026-03-03,17:15,0.001,0.0004
幸福村4社,26,2026-03-03,17:30,0.0011,0.0007
幸福村4社,26,2026-03-03,17:45,0.0014,0.0007
幸福村4社,26,2026-03-03,18:00,0.0003,0.0008
幸福村4社,26,2026-03-03,18:15,0.0005,0.0008
幸福村4社,26,2026-03-03,18:30,0.0004,0.0007
幸福村4社,26,2026-03-03,18:45,0.0002,0.0006
幸福村4社,26,2026-03-03,19:00,0.0012,0.0005
幸福村4社,26,2026-03-03,19:15,0.0013,0.0008
幸福村4社,26,2026-03-03,19:30,0.0014,0.0008
幸福村4社,26,2026-03-03,19:45,0.0021,0.0007
幸福村4社,26,2026-03-03,20:00,0.0028,0.0014
幸福村4社,26,2026-03-03,20:15,0.0009,0.0014
幸福村4社,26,2026-03-03,20:30,0.0009,0.0013
幸福村4社,26,2026-03-03,20:45,0.0008,0.0013
幸福村4社,26,2026-03-03,21:00,0.0017,0.0014
幸福村4社,26,2026-03-03,21:15,0.0011,0.0015
幸福村4社,26,2026-03-03,21:30,0.001,0.0011
幸福村4社,26,2026-03-03,21:45,0.0014,0.0011
幸福村4社,26,2026-03-03,22:00,0.0014,0.0011
幸福村4社,26,2026-03-03,22:15,0.002,0.0011
幸福村4社,26,2026-03-03,22:30,0.0015,0.0011
幸福村4社,26,2026-03-03,22:45,0.0006,0.0011
幸福村4社,26,2026-03-03,23:00,0.0007,0.0011
幸福村4社,26,2026-03-03,23:15,0.0009,0.0011
幸福村4社,26,2026-03-03,23:30,0.0006,0.0011
幸福村4社,26,2026-03-03,23:45,0.0008,0.001
幸福村4社,26,2026-03-04,00:00,0.001,0.001
幸福村4社,26,2026-03-04,00:15,0.0006,0.0011
幸福村4社,26,2026-03-04,00:30,0.0006,0.001
幸福村4社,26,2026-03-04,00:45,0.0005,0.001
幸福村4社,26,2026-03-04,01:00,0.0006,0.001
幸福村4社,26,2026-03-04,01:15,0.0007,0.001
幸福村4社,26,2026-03-04,01:30,0.0011,0.001
幸福村4社,26,2026-03-04,01:45,0.0009,0.001
幸福村4社,26,2026-03-04,02:00,0.0004,0.001
幸福村4社,26,2026-03-04,02:15,0.0008,0.001
幸福村4社,26,2026-03-04,02:30,0.0005,0.001
幸福村4社,26,2026-03-04,02:45,0.0002,0.001
幸福村4社,26,2026-03-04,03:00,0.0006,0.001
幸福村4社,26,2026-03-04,03:15,0.0003,0.001
幸福村4社,26,2026-03-04,03:30,0.0006,0.001
幸福村4社,26,2026-03-04,03:45,0.0006,0.001
幸福村4社,26,2026-03-04,04:00,0.001,0.001
幸福村4社,26,2026-03-04,04:15,0.0005,0.001
幸福村4社,26,2026-03-04,04:30,0.0002,0.001
幸福村4社,26,2026-03-04,04:45,0.0007,0.001
幸福村4社,26,2026-03-04,05:00,0.0006,0.001
幸福村4社,26,2026-03-04,05:15,0.0007,0.001
幸福村4社,26,2026-03-04,05:30,0.0006,0.0009
幸福村4社,26,2026-03-04,05:45,0.0005,0.0009
幸福村4社,26,2026-03-04,06:00,0.0004,0.0009
幸福村4社,26,2026-03-04,06:15,0.0006,0.001
幸福村4社,26,2026-03-04,06:30,0.0008,0.0009
幸福村4社,26,2026-03-04,06:45,0.0005,0.0009
幸福村4社,26,2026-03-04,07:00,0.0003,0.0009
幸福村4社,26,2026-03-04,07:15,0.0003,0.0009
幸福村4社,26,2026-03-04,07:30,0.0008,0.0009
幸福村4社,26,2026-03-04,07:45,0.0022,0.0009
幸福村4社,26,2026-03-04,08:00,0.0013,0.0004
幸福村4社,26,2026-03-04,08:15,0.001,0.0004
幸福村4社,26,2026-03-04,08:30,0.0019,0.0004
幸福村4社,26,2026-03-04,08:45,0.001,0.0004
幸福村4社,26,2026-03-04,09:00,0.0011,0.0004
幸福村4社,26,2026-03-04,09:15,0.0021,0.0004
幸福村4社,26,2026-03-04,09:30,0.0014,0.0004
幸福村4社,26,2026-03-04,09:45,0.0012,0.0004
幸福村4社,26,2026-03-04,10:00,0.0012,0.0004
幸福村4社,26,2026-03-04,10:15,0.0017,0.0004
幸福村4社,26,2026-03-04,10:30,0.001,0.0004
幸福村4社,26,2026-03-04,10:45,0.0017,0.0009
幸福村4社,26,2026-03-04,11:00,0.0018,0.0004
幸福村4社,26,2026-03-04,11:15,0.0013,0.0004
幸福村4社,26,2026-03-04,11:30,0.0021,0.0004
幸福村4社,26,2026-03-04,11:45,0.002,0.0004
幸福村4社,26,2026-03-04,12:00,0.0008,0.0004
幸福村4社,26,2026-03-04,12:15,0.0007,0.0004
幸福村4社,26,2026-03-04,12:30,0.0012,0.0004
幸福村4社,26,2026-03-04,12:45,0.0013,0.0004
幸福村4社,26,2026-03-04,13:00,-0.0003,0.0007
幸福村4社,26,2026-03-04,13:15,0.0005,0.0004
幸福村4社,26,2026-03-04,13:30,0.0008,0.0004
幸福村4社,26,2026-03-04,13:45,0.0008,0.0004
幸福村4社,26,2026-03-04,14:00,0.0009,0.0004
幸福村4社,26,2026-03-04,14:15,0.0004,0.0011
幸福村4社,26,2026-03-04,14:30,0.0004,0.0006
幸福村4社,26,2026-03-04,14:45,0.0004,0.0006
幸福村4社,26,2026-03-04,15:00,0.0006,0.0004
幸福村4社,26,2026-03-04,15:15,0.0009,0.0004
幸福村4社,26,2026-03-04,15:30,0.0007,0.0004
幸福村4社,26,2026-03-04,15:45,0.0003,0.0006
幸福村4社,26,2026-03-04,16:00,0.0012,0.0006
幸福村4社,26,2026-03-04,16:15,0.0017,0.0006
幸福村4社,26,2026-03-04,16:30,0.0004,0.0006
幸福村4社,26,2026-03-04,16:45,0.0014,0.0006
幸福村4社,26,2026-03-04,17:00,0.001,0.0006
幸福村4社,26,2026-03-04,17:15,0.0009,0.0006
幸福村4社,26,2026-03-04,17:30,0.0014,0.0006
幸福村4社,26,2026-03-04,17:45,0.0006,0.0004
幸福村4社,26,2026-03-04,18:00,0.0007,0.0005
幸福村4社,26,2026-03-04,18:15,0.0004,0.0005
幸福村4社,26,2026-03-04,18:30,0.0006,0.0008
幸福村4社,26,2026-03-04,18:45,0.0004,0.0009
幸福村4社,26,2026-03-04,19:00,0.0011,0.0007
幸福村4社,26,2026-03-04,19:15,0.0017,0.0008
幸福村4社,26,2026-03-04,19:30,0.0019,0.0008
幸福村4社,26,2026-03-04,19:45,0.0022,0.0012
幸福村4社,26,2026-03-04,20:00,0.0019,0.0014
幸福村4社,26,2026-03-04,20:15,0.002,0.0015
幸福村4社,26,2026-03-04,20:30,0.0015,0.0015
幸福村4社,26,2026-03-04,20:45,0.0019,0.0015
幸福村4社,26,2026-03-04,21:00,0.0012,0.0015
幸福村4社,26,2026-03-04,21:15,0.0016,0.0012
幸福村4社,26,2026-03-04,21:30,0.0011,0.0011
幸福村4社,26,2026-03-04,21:45,0.0018,0.0011
幸福村4社,26,2026-03-04,22:00,0.0012,0.001
幸福村4社,26,2026-03-04,22:15,0.0014,0.001
幸福村4社,26,2026-03-04,22:30,0.0011,0.0009
幸福村4社,26,2026-03-04,22:45,0.0009,0.0009
幸福村4社,26,2026-03-04,23:00,0.0012,0.0009
幸福村4社,26,2026-03-04,23:15,0.0008,0.0009
幸福村4社,26,2026-03-04,23:30,0.001,0.0009
幸福村4社,26,2026-03-04,23:45,0.0016,0.0009
幸福村4社,26,2026-03-05,00:00,0.0008,0.0009
幸福村4社,26,2026-03-05,00:15,0.0007,0.0009
幸福村4社,26,2026-03-05,00:30,0.0009,0.0009
幸福村4社,26,2026-03-05,00:45,0.0009,0.0009
幸福村4社,26,2026-03-05,01:00,0.0,0.0009
幸福村4社,26,2026-03-05,01:15,0.0002,0.0009
幸福村4社,26,2026-03-05,01:30,0.0008,0.0009
幸福村4社,26,2026-03-05,01:45,0.001,0.0009
幸福村4社,26,2026-03-05,02:00,0.0007,0.0009
幸福村4社,26,2026-03-05,02:15,0.0003,0.0009
幸福村4社,26,2026-03-05,02:30,0.0009,0.0009
幸福村4社,26,2026-03-05,02:45,0.001,0.0009
幸福村4社,26,2026-03-05,03:00,0.0004,0.0009
幸福村4社,26,2026-03-05,03:15,0.0005,0.0009
幸福村4社,26,2026-03-05,03:30,0.0009,0.0009
幸福村4社,26,2026-03-05,03:45,0.0008,0.0009
幸福村4社,26,2026-03-05,04:00,0.001,0.0009
幸福村4社,26,2026-03-05,04:15,0.0008,0.0009
幸福村4社,26,2026-03-05,04:30,-0.0002,0.0009
幸福村4社,26,2026-03-05,04:45,0.0009,0.0009
幸福村4社,26,2026-03-05,05:00,0.0008,0.0009
幸福村4社,26,2026-03-05,05:15,0.001,0.0009
幸福村4社,26,2026-03-05,05:30,0.0011,0.0009
幸福村4社,26,2026-03-05,05:45,0.0003,0.0009
幸福村4社,26,2026-03-05,06:00,0.0008,0.0009
幸福村4社,26,2026-03-05,06:15,0.0002,0.0009
幸福村4社,26,2026-03-05,06:30,0.0004,0.0004
幸福村4社,26,2026-03-05,06:45,0.0003,0.0004
幸福村4社,26,2026-03-05,07:00,0.0003,0.0004
幸福村4社,26,2026-03-05,07:15,0.0003,0.0004
幸福村4社,26,2026-03-05,07:30,0.0012,0.0004
幸福村4社,26,2026-03-05,07:45,0.0013,0.0004
幸福村4社,26,2026-03-05,08:00,0.0017,0.0004
幸福村4社,26,2026-03-05,08:15,-0.0001,0.0004
幸福村4社,26,2026-03-05,08:30,0.0024,0.0004
幸福村4社,26,2026-03-05,08:45,0.0025,0.0004
幸福村4社,26,2026-03-05,09:00,0.0014,0.0004
幸福村4社,26,2026-03-05,09:15,0.0019,0.0004
幸福村4社,26,2026-03-05,09:30,0.0017,0.0004
幸福村4社,26,2026-03-05,09:45,0.0019,0.0004
幸福村4社,26,2026-03-05,10:00,0.0022,0.0004
幸福村4社,26,2026-03-05,10:15,0.0022,0.0004
幸福村4社,26,2026-03-05,10:30,0.0016,0.0004
幸福村4社,26,2026-03-05,10:45,0.0021,0.0009
幸福村4社,26,2026-03-05,11:00,0.0027,0.0009
幸福村4社,26,2026-03-05,11:15,0.0021,0.0009
幸福村4社,26,2026-03-05,11:30,0.0024,0.0009
幸福村4社,26,2026-03-05,11:45,0.0031,0.0004
幸福村4社,26,2026-03-05,12:00,0.0011,0.0004
幸福村4社,26,2026-03-05,12:15,0.0015,0.0004
幸福村4社,26,2026-03-05,12:30,0.001,0.0004
幸福村4社,26,2026-03-05,12:45,0.0013,0.0004
幸福村4社,26,2026-03-05,13:00,0.0011,0.0004
幸福村4社,26,2026-03-05,13:15,0.0009,0.0004
幸福村4社,26,2026-03-05,13:30,0.0014,0.0004
幸福村4社,26,2026-03-05,13:45,0.0006,0.0004
幸福村4社,26,2026-03-05,14:00,0.0008,0.0004
幸福村4社,26,2026-03-05,14:15,0.0004,0.0006
幸福村4社,26,2026-03-05,14:30,0.0002,0.0006
幸福村4社,26,2026-03-05,14:45,0.0004,0.0007
幸福村4社,26,2026-03-05,15:00,0.0004,0.0007
幸福村4社,26,2026-03-05,15:15,0.0014,0.0008
幸福村4社,26,2026-03-05,15:30,0.0015,0.0006
幸福村4社,26,2026-03-05,15:45,0.0013,0.0005
幸福村4社,26,2026-03-05,16:00,0.0008,0.0005
幸福村4社,26,2026-03-05,16:15,0.0014,0.0005
幸福村4社,26,2026-03-05,16:30,0.001,0.0006
幸福村4社,26,2026-03-05,16:45,0.0008,0.0005
幸福村4社,26,2026-03-05,17:00,0.0008,0.0006
幸福村4社,26,2026-03-05,17:15,0.0011,0.0004
幸福村4社,26,2026-03-05,17:30,0.0011,0.0004
幸福村4社,26,2026-03-05,17:45,0.0015,0.0004
幸福村4社,26,2026-03-05,18:00,0.0012,0.0004
幸福村4社,26,2026-03-05,18:15,0.0006,0.0006
幸福村4社,26,2026-03-05,18:30,0.0013,0.0006
幸福村4社,26,2026-03-05,18:45,0.0015,0.0005
幸福村4社,26,2026-03-05,19:00,0.0013,0.0007
幸福村4社,26,2026-03-05,19:15,0.0016,0.0353
幸福村4社,26,2026-03-05,19:30,0.0015,0.0015
幸福村4社,26,2026-03-05,19:45,0.0019,0.0015
幸福村4社,26,2026-03-05,20:00,0.0021,0.0021
幸福村4社,26,2026-03-05,20:15,0.0015,0.0021
幸福村4社,26,2026-03-05,20:30,0.0024,0.0021
幸福村4社,26,2026-03-05,20:45,0.0024,0.0021
幸福村4社,26,2026-03-05,21:00,0.0019,0.0021
幸福村4社,26,2026-03-05,21:15,0.0012,0.0021
幸福村4社,26,2026-03-05,21:30,0.001,0.0017
幸福村4社,26,2026-03-05,21:45,0.0017,0.0017
幸福村4社,26,2026-03-05,22:00,0.0013,0.0009
幸福村4社,26,2026-03-05,22:15,0.0016,0.0009
幸福村4社,26,2026-03-05,22:30,0.0006,0.0012
幸福村4社,26,2026-03-05,22:45,0.0007,0.0012
幸福村4社,26,2026-03-05,23:00,0.0011,0.0012
幸福村4社,26,2026-03-05,23:15,0.0008,0.0012
幸福村4社,26,2026-03-05,23:30,0.0007,0.0012
幸福村4社,26,2026-03-05,23:45,0.0015,0.0012
马鞍村1社,27,2026-02-04,00:00,0.0299,0.0309
马鞍村1社,27,2026-02-04,00:15,0.0332,0.0432
马鞍村1社,27,2026-02-04,00:30,0.0354,0.0305
马鞍村1社,27,2026-02-04,00:45,0.0306,0.0328
马鞍村1社,27,2026-02-04,01:00,0.0405,0.0407
马鞍村1社,27,2026-02-04,01:15,0.0313,0.0304
马鞍村1社,27,2026-02-04,01:30,0.0348,0.0293
马鞍村1社,27,2026-02-04,01:45,0.0356,0.0306
马鞍村1社,27,2026-02-04,02:00,0.0319,0.0344
马鞍村1社,27,2026-02-04,02:15,0.0353,0.0306
马鞍村1社,27,2026-02-04,02:30,0.034,0.0342
马鞍村1社,27,2026-02-04,02:45,0.0308,0.0255
马鞍村1社,27,2026-02-04,03:00,0.0303,0.027
马鞍村1社,27,2026-02-04,03:15,0.026,0.0259
马鞍村1社,27,2026-02-04,03:30,0.0275,0.0201
马鞍村1社,27,2026-02-04,03:45,0.0295,0.0276
马鞍村1社,27,2026-02-04,04:00,0.0313,0.0304
马鞍村1社,27,2026-02-04,04:15,0.0275,0.0247
马鞍村1社,27,2026-02-04,04:30,0.0312,0.0308
马鞍村1社,27,2026-02-04,04:45,0.0272,0.0256
马鞍村1社,27,2026-02-04,05:00,0.0214,0.0167
马鞍村1社,27,2026-02-04,05:15,0.0307,0.0207
马鞍村1社,27,2026-02-04,05:30,0.0278,0.0318
马鞍村1社,27,2026-02-04,05:45,0.0239,0.0263
马鞍村1社,27,2026-02-04,06:00,0.0283,0.028
马鞍村1社,27,2026-02-04,06:15,0.0289,0.0193
马鞍村1社,27,2026-02-04,06:30,0.0247,0.0404
马鞍村1社,27,2026-02-04,06:45,0.0285,0.0282
马鞍村1社,27,2026-02-04,07:00,0.0422,0.0259
马鞍村1社,27,2026-02-04,07:15,0.0473,0.0328
马鞍村1社,27,2026-02-04,07:30,0.0436,0.0308
马鞍村1社,27,2026-02-04,07:45,0.0635,0.0598
马鞍村1社,27,2026-02-04,08:00,0.08,0.1033
马鞍村1社,27,2026-02-04,08:15,0.1011,0.1579
马鞍村1社,27,2026-02-04,08:30,0.1176,0.1777
马鞍村1社,27,2026-02-04,08:45,0.128,0.1186
马鞍村1社,27,2026-02-04,09:00,0.1368,0.0976
马鞍村1社,27,2026-02-04,09:15,0.1185,0.1166
马鞍村1社,27,2026-02-04,09:30,0.1157,0.1051
马鞍村1社,27,2026-02-04,09:45,0.1115,0.0852
马鞍村1社,27,2026-02-04,10:00,0.0885,0.1457
马鞍村1社,27,2026-02-04,10:15,0.081,0.1055
马鞍村1社,27,2026-02-04,10:30,0.0731,0.0692
马鞍村1社,27,2026-02-04,10:45,0.0709,0.0938
马鞍村1社,27,2026-02-04,11:00,0.0637,0.1155
马鞍村1社,27,2026-02-04,11:15,0.0624,0.1249
马鞍村1社,27,2026-02-04,11:30,0.0609,0.1046
马鞍村1社,27,2026-02-04,11:45,0.055,0.0574
马鞍村1社,27,2026-02-04,12:00,0.0638,0.1639
马鞍村1社,27,2026-02-04,12:15,0.066,0.0635
马鞍村1社,27,2026-02-04,12:30,0.0713,0.0508
马鞍村1社,27,2026-02-04,12:45,0.0635,0.0372
马鞍村1社,27,2026-02-04,13:00,0.0528,0.1103
马鞍村1社,27,2026-02-04,13:15,0.0599,0.0955
马鞍村1社,27,2026-02-04,13:30,0.067,0.0567
马鞍村1社,27,2026-02-04,13:45,0.0543,0.0811
马鞍村1社,27,2026-02-04,14:00,0.0605,0.1422
马鞍村1社,27,2026-02-04,14:15,0.0584,0.0424
马鞍村1社,27,2026-02-04,14:30,0.0522,0.0493
马鞍村1社,27,2026-02-04,14:45,0.0548,0.1257
马鞍村1社,27,2026-02-04,15:00,0.0596,0.0818
马鞍村1社,27,2026-02-04,15:15,0.0664,0.1129
马鞍村1社,27,2026-02-04,15:30,0.0731,0.0463
马鞍村1社,27,2026-02-04,15:45,0.0733,0.08
马鞍村1社,27,2026-02-04,16:00,0.0807,0.0601
马鞍村1社,27,2026-02-04,16:15,0.0994,0.0891
马鞍村1社,27,2026-02-04,16:30,0.1002,0.1514
马鞍村1社,27,2026-02-04,16:45,0.1044,0.112
马鞍村1社,27,2026-02-04,17:00,0.1079,0.2108
马鞍村1社,27,2026-02-04,17:15,0.1089,0.142
马鞍村1社,27,2026-02-04,17:30,0.1104,0.2084
马鞍村1社,27,2026-02-04,17:45,0.1076,0.0785
马鞍村1社,27,2026-02-04,18:00,0.1212,0.2328
马鞍村1社,27,2026-02-04,18:15,0.1076,0.1551
马鞍村1社,27,2026-02-04,18:30,0.0997,0.1282
马鞍村1社,27,2026-02-04,18:45,0.0905,0.1463
马鞍村1社,27,2026-02-04,19:00,0.0806,0.1521
马鞍村1社,27,2026-02-04,19:15,0.0714,0.1991
马鞍村1社,27,2026-02-04,19:30,0.067,0.1004
马鞍村1社,27,2026-02-04,19:45,0.0726,0.0724
马鞍村1社,27,2026-02-04,20:00,0.0659,0.0496
马鞍村1社,27,2026-02-04,20:15,0.0748,0.0479
马鞍村1社,27,2026-02-04,20:30,0.0591,0.079
马鞍村1社,27,2026-02-04,20:45,0.0572,0.0448
马鞍村1社,27,2026-02-04,21:00,0.0623,0.1079
马鞍村1社,27,2026-02-04,21:15,0.0584,0.1034
马鞍村1社,27,2026-02-04,21:30,0.0615,0.0725
马鞍村1社,27,2026-02-04,21:45,0.0564,0.0603
马鞍村1社,27,2026-02-04,22:00,0.055,0.0617
马鞍村1社,27,2026-02-04,22:15,0.0526,0.0668
马鞍村1社,27,2026-02-04,22:30,0.0497,0.0598
马鞍村1社,27,2026-02-04,22:45,0.0432,0.0592
马鞍村1社,27,2026-02-04,23:00,0.0441,0.0723
马鞍村1社,27,2026-02-04,23:15,0.0425,0.0456
马鞍村1社,27,2026-02-04,23:30,0.0389,0.0418
马鞍村1社,27,2026-02-04,23:45,0.0336,0.035
马鞍村1社,27,2026-02-05,00:00,0.0366,0.0408
马鞍村1社,27,2026-02-05,00:15,0.0348,0.0394
马鞍村1社,27,2026-02-05,00:30,0.0348,0.0416
马鞍村1社,27,2026-02-05,00:45,0.0334,0.0277
马鞍村1社,27,2026-02-05,01:00,0.032,0.0315
马鞍村1社,27,2026-02-05,01:15,0.034,0.0374
马鞍村1社,27,2026-02-05,01:30,0.0309,0.0327
马鞍村1社,27,2026-02-05,01:45,0.0302,0.0416
马鞍村1社,27,2026-02-05,02:00,0.0318,0.036
马鞍村1社,27,2026-02-05,02:15,0.0323,0.0297
马鞍村1社,27,2026-02-05,02:30,0.0324,0.0347
马鞍村1社,27,2026-02-05,02:45,0.0271,0.0436
马鞍村1社,27,2026-02-05,03:00,0.0289,0.0245
马鞍村1社,27,2026-02-05,03:15,0.0349,0.03
马鞍村1社,27,2026-02-05,03:30,0.0365,0.0279
马鞍村1社,27,2026-02-05,03:45,0.0318,0.0317
马鞍村1社,27,2026-02-05,04:00,0.0288,0.0379
马鞍村1社,27,2026-02-05,04:15,0.0254,0.0199
马鞍村1社,27,2026-02-05,04:30,0.026,0.0313
马鞍村1社,27,2026-02-05,04:45,0.0308,0.0339
马鞍村1社,27,2026-02-05,05:00,0.0322,0.0342
马鞍村1社,27,2026-02-05,05:15,0.0274,0.0382
马鞍村1社,27,2026-02-05,05:30,0.0256,0.0289
马鞍村1社,27,2026-02-05,05:45,0.0243,0.016
马鞍村1社,27,2026-02-05,06:00,0.0272,0.027
马鞍村1社,27,2026-02-05,06:15,0.0324,0.0329
马鞍村1社,27,2026-02-05,06:30,0.0351,0.0235
马鞍村1社,27,2026-02-05,06:45,0.0293,0.0292
马鞍村1社,27,2026-02-05,07:00,0.04,0.0244
马鞍村1社,27,2026-02-05,07:15,0.0419,0.0294
马鞍村1社,27,2026-02-05,07:30,0.0531,0.0563
马鞍村1社,27,2026-02-05,07:45,0.0665,0.0279
马鞍村1社,27,2026-02-05,08:00,0.0802,0.12
马鞍村1社,27,2026-02-05,08:15,0.1006,0.158
马鞍村1社,27,2026-02-05,08:30,0.1136,0.1592
马鞍村1社,27,2026-02-05,08:45,0.1163,0.1639
马鞍村1社,27,2026-02-05,09:00,0.1176,0.1952
马鞍村1社,27,2026-02-05,09:15,0.1205,0.1387
马鞍村1社,27,2026-02-05,09:30,0.1125,0.1389
马鞍村1社,27,2026-02-05,09:45,0.1017,0.1114
马鞍村1社,27,2026-02-05,10:00,0.0934,0.1882
马鞍村1社,27,2026-02-05,10:15,0.0855,0.051
马鞍村1社,27,2026-02-05,10:30,0.0739,0.0211
马鞍村1社,27,2026-02-05,10:45,0.0655,0.0345
马鞍村1社,27,2026-02-05,11:00,0.0632,0.105
马鞍村1社,27,2026-02-05,11:15,0.0654,0.0508
马鞍村1社,27,2026-02-05,11:30,0.054,0.06
马鞍村1社,27,2026-02-05,11:45,0.0607,0.0449
马鞍村1社,27,2026-02-05,12:00,0.0651,0.0912
马鞍村1社,27,2026-02-05,12:15,0.0614,0.0655
马鞍村1社,27,2026-02-05,12:30,0.0639,0.0454
马鞍村1社,27,2026-02-05,12:45,0.0533,0.0898
马鞍村1社,27,2026-02-05,13:00,0.0561,0.0771
马鞍村1社,27,2026-02-05,13:15,0.055,0.0454
马鞍村1社,27,2026-02-05,13:30,0.0701,0.0435
马鞍村1社,27,2026-02-05,13:45,0.0631,0.0414
马鞍村1社,27,2026-02-05,14:00,0.07,0.0886
马鞍村1社,27,2026-02-05,14:15,0.0619,0.071
马鞍村1社,27,2026-02-05,14:30,0.0538,0.0714
马鞍村1社,27,2026-02-05,14:45,0.0667,0.0468
马鞍村1社,27,2026-02-05,15:00,0.0647,0.0372
马鞍村1社,27,2026-02-05,15:15,0.0708,0.0697
马鞍村1社,27,2026-02-05,15:30,0.0629,0.0524
马鞍村1社,27,2026-02-05,15:45,0.0758,0.0791
马鞍村1社,27,2026-02-05,16:00,0.0791,0.0913
马鞍村1社,27,2026-02-05,16:15,0.0946,0.108
马鞍村1社,27,2026-02-05,16:30,0.1017,0.1153
马鞍村1社,27,2026-02-05,16:45,0.098,0.074
马鞍村1社,27,2026-02-05,17:00,0.1099,0.118
马鞍村1社,27,2026-02-05,17:15,0.1179,0.1325
马鞍村1社,27,2026-02-05,17:30,0.1325,0.1219
马鞍村1社,27,2026-02-05,17:45,0.1166,0.1497
马鞍村1社,27,2026-02-05,18:00,0.1293,0.141
马鞍村1社,27,2026-02-05,18:15,0.106,0.1193
马鞍村1社,27,2026-02-05,18:30,0.0992,0.2386
马鞍村1社,27,2026-02-05,18:45,0.0767,0.1188
马鞍村1社,27,2026-02-05,19:00,0.0833,0.0822
马鞍村1社,27,2026-02-05,19:15,0.0741,0.1132
马鞍村1社,27,2026-02-05,19:30,0.0736,0.0928
马鞍村1社,27,2026-02-05,19:45,0.0703,0.0567
马鞍村1社,27,2026-02-05,20:00,0.0663,0.0566
马鞍村1社,27,2026-02-05,20:15,0.0826,0.0954
马鞍村1社,27,2026-02-05,20:30,0.0678,0.1185
马鞍村1社,27,2026-02-05,20:45,0.0657,0.0642
马鞍村1社,27,2026-02-05,21:00,0.058,0.0899
马鞍村1社,27,2026-02-05,21:15,0.0623,0.0862
马鞍村1社,27,2026-02-05,21:30,0.0614,0.0562
马鞍村1社,27,2026-02-05,21:45,0.0575,0.0643
马鞍村1社,27,2026-02-05,22:00,0.0508,0.0702
马鞍村1社,27,2026-02-05,22:15,0.0467,0.0484
马鞍村1社,27,2026-02-05,22:30,0.0512,0.0865
马鞍村1社,27,2026-02-05,22:45,0.0441,0.0505
马鞍村1社,27,2026-02-05,23:00,0.0477,0.0525
马鞍村1社,27,2026-02-05,23:15,0.035,0.0517
马鞍村1社,27,2026-02-05,23:30,0.0342,0.0483
马鞍村1社,27,2026-02-05,23:45,0.0367,0.049
马鞍村1社,27,2026-02-06,00:00,0.0371,0.0384
马鞍村1社,27,2026-02-06,00:15,0.0365,0.0514
马鞍村1社,27,2026-02-06,00:30,0.0307,0.0439
马鞍村1社,27,2026-02-06,00:45,0.0318,0.0415
马鞍村1社,27,2026-02-06,01:00,0.033,0.032
马鞍村1社,27,2026-02-06,01:15,0.0352,0.0428
马鞍村1社,27,2026-02-06,01:30,0.026,0.0387
马鞍村1社,27,2026-02-06,01:45,0.0359,0.0328
马鞍村1社,27,2026-02-06,02:00,0.031,0.0399
马鞍村1社,27,2026-02-06,02:15,0.0298,0.0284
马鞍村1社,27,2026-02-06,02:30,0.0326,0.0296
马鞍村1社,27,2026-02-06,02:45,0.0224,0.029
马鞍村1社,27,2026-02-06,03:00,0.0244,0.0354
马鞍村1社,27,2026-02-06,03:15,0.0308,0.0284
马鞍村1社,27,2026-02-06,03:30,0.0378,0.0313
马鞍村1社,27,2026-02-06,03:45,0.0276,0.0127
马鞍村1社,27,2026-02-06,04:00,0.0322,0.0409
马鞍村1社,27,2026-02-06,04:15,0.0309,0.0301
马鞍村1社,27,2026-02-06,04:30,0.0297,0.0191
马鞍村1社,27,2026-02-06,04:45,0.0303,0.0306
马鞍村1社,27,2026-02-06,05:00,0.0272,0.0262
马鞍村1社,27,2026-02-06,05:15,0.0314,0.0207
马鞍村1社,27,2026-02-06,05:30,0.0278,0.0199
马鞍村1社,27,2026-02-06,05:45,0.028,0.0347
马鞍村1社,27,2026-02-06,06:00,0.0292,0.0266
马鞍村1社,27,2026-02-06,06:15,0.0264,0.0196
马鞍村1社,27,2026-02-06,06:30,0.0281,0.043
马鞍村1社,27,2026-02-06,06:45,0.0331,0.0312
马鞍村1社,27,2026-02-06,07:00,0.0392,0.0162
马鞍村1社,27,2026-02-06,07:15,0.0407,0.028
马鞍村1社,27,2026-02-06,07:30,0.0517,0.0583
马鞍村1社,27,2026-02-06,07:45,0.0675,0.0249
马鞍村1社,27,2026-02-06,08:00,0.0769,0.0601
马鞍村1社,27,2026-02-06,08:15,0.103,0.1086
马鞍村1社,27,2026-02-06,08:30,0.113,0.1803
马鞍村1社,27,2026-02-06,08:45,0.1288,0.1282
马鞍村1社,27,2026-02-06,09:00,0.1306,0.0805
马鞍村1社,27,2026-02-06,09:15,0.1206,0.1075
马鞍村1社,27,2026-02-06,09:30,0.1144,0.175
马鞍村1社,27,2026-02-06,09:45,0.1033,0.2129
马鞍村1社,27,2026-02-06,10:00,0.0863,0.1091
马鞍村1社,27,2026-02-06,10:15,0.078,0.1201
马鞍村1社,27,2026-02-06,10:30,0.0778,0.1241
马鞍村1社,27,2026-02-06,10:45,0.0684,0.08
马鞍村1社,27,2026-02-06,11:00,0.0626,0.0881
马鞍村1社,27,2026-02-06,11:15,0.0677,0.0966
马鞍村1社,27,2026-02-06,11:30,0.0544,0.0603
马鞍村1社,27,2026-02-06,11:45,0.0605,0.0446
马鞍村1社,27,2026-02-06,12:00,0.0637,0.0818
马鞍村1社,27,2026-02-06,12:15,0.0602,0.0943
马鞍村1社,27,2026-02-06,12:30,0.0655,0.1701
马鞍村1社,27,2026-02-06,12:45,0.0523,0.0671
马鞍村1社,27,2026-02-06,13:00,0.0673,0.065
马鞍村1社,27,2026-02-06,13:15,0.0576,0.0418
马鞍村1社,27,2026-02-06,13:30,0.0563,0.0676
马鞍村1社,27,2026-02-06,13:45,0.0598,0.0325
马鞍村1社,27,2026-02-06,14:00,0.058,0.0856
马鞍村1社,27,2026-02-06,14:15,0.0565,0.0569
马鞍村1社,27,2026-02-06,14:30,0.0554,0.0407
马鞍村1社,27,2026-02-06,14:45,0.066,0.0529
马鞍村1社,27,2026-02-06,15:00,0.0643,0.0279
马鞍村1社,27,2026-02-06,15:15,0.0583,0.0384
马鞍村1社,27,2026-02-06,15:30,0.0739,0.0761
马鞍村1社,27,2026-02-06,15:45,0.0764,0.099
马鞍村1社,27,2026-02-06,16:00,0.0767,0.0473
马鞍村1社,27,2026-02-06,16:15,0.1027,0.1413
马鞍村1社,27,2026-02-06,16:30,0.1093,0.1277
马鞍村1社,27,2026-02-06,16:45,0.107,0.1077
马鞍村1社,27,2026-02-06,17:00,0.113,0.1075
马鞍村1社,27,2026-02-06,17:15,0.1123,0.1248
马鞍村1社,27,2026-02-06,17:30,0.1189,0.1565
马鞍村1社,27,2026-02-06,17:45,0.1229,0.0834
马鞍村1社,27,2026-02-06,18:00,0.1261,0.2643
马鞍村1社,27,2026-02-06,18:15,0.1022,0.1364
马鞍村1社,27,2026-02-06,18:30,0.0998,0.1188
马鞍村1社,27,2026-02-06,18:45,0.0855,0.0691
马鞍村1社,27,2026-02-06,19:00,0.0765,0.1004
马鞍村1社,27,2026-02-06,19:15,0.0692,0.0859
马鞍村1社,27,2026-02-06,19:30,0.066,0.1265
马鞍村1社,27,2026-02-06,19:45,0.0715,0.0812
马鞍村1社,27,2026-02-06,20:00,0.0697,0.0699
马鞍村1社,27,2026-02-06,20:15,0.0726,0.0959
马鞍村1社,27,2026-02-06,20:30,0.0664,0.0692
马鞍村1社,27,2026-02-06,20:45,0.07,0.0697
马鞍村1社,27,2026-02-06,21:00,0.0621,0.0612
马鞍村1社,27,2026-02-06,21:15,0.0642,0.0684
马鞍村1社,27,2026-02-06,21:30,0.0603,0.0884
马鞍村1社,27,2026-02-06,21:45,0.06,0.0556
马鞍村1社,27,2026-02-06,22:00,0.0546,0.054
马鞍村1社,27,2026-02-06,22:15,0.0457,0.0327
马鞍村1社,27,2026-02-06,22:30,0.042,0.0292
马鞍村1社,27,2026-02-06,22:45,0.0484,0.0398
马鞍村1社,27,2026-02-06,23:00,0.0495,0.0656
马鞍村1社,27,2026-02-06,23:15,0.0405,0.0297
马鞍村1社,27,2026-02-06,23:30,0.0371,0.0319
马鞍村1社,27,2026-02-06,23:45,0.0337,0.046
幸福村4社,28,2026-02-06,00:00,0.0015,0.0009
幸福村4社,28,2026-02-06,00:15,0.0009,0.0009
幸福村4社,28,2026-02-06,00:30,0.001,0.0008
幸福村4社,28,2026-02-06,00:45,0.0007,0.0008
幸福村4社,28,2026-02-06,01:00,0.0004,0.0008
幸福村4社,28,2026-02-06,01:15,0.0003,0.0008
幸福村4社,28,2026-02-06,01:30,-0.0001,0.0008
幸福村4社,28,2026-02-06,01:45,0.0011,0.0008
幸福村4社,28,2026-02-06,02:00,0.0005,0.0008
幸福村4社,28,2026-02-06,02:15,-0.0,0.0008
幸福村4社,28,2026-02-06,02:30,0.0008,0.0008
幸福村4社,28,2026-02-06,02:45,0.0004,0.0008
幸福村4社,28,2026-02-06,03:00,0.0011,0.0008
幸福村4社,28,2026-02-06,03:15,0.0005,0.0008
幸福村4社,28,2026-02-06,03:30,0.0005,0.0008
幸福村4社,28,2026-02-06,03:45,0.0007,0.0008
幸福村4社,28,2026-02-06,04:00,0.0015,0.0008
幸福村4社,28,2026-02-06,04:15,0.0002,0.0008
幸福村4社,28,2026-02-06,04:30,0.0005,0.0008
幸福村4社,28,2026-02-06,04:45,0.0003,0.0008
幸福村4社,28,2026-02-06,05:00,0.0009,0.0008
幸福村4社,28,2026-02-06,05:15,0.0008,0.0008
幸福村4社,28,2026-02-06,05:30,0.0002,0.0008
幸福村4社,28,2026-02-06,05:45,0.0001,0.0008
幸福村4社,28,2026-02-06,06:00,0.0001,0.0008
幸福村4社,28,2026-02-06,06:15,0.0008,0.0008
幸福村4社,28,2026-02-06,06:30,0.0016,0.0008
幸福村4社,28,2026-02-06,06:45,0.0007,0.0008
幸福村4社,28,2026-02-06,07:00,0.0014,0.0008
幸福村4社,28,2026-02-06,07:15,0.0012,0.0008
幸福村4社,28,2026-02-06,07:30,0.0013,0.0008
幸福村4社,28,2026-02-06,07:45,0.0028,0.0007
幸福村4社,28,2026-02-06,08:00,0.0027,0.0007
幸福村4社,28,2026-02-06,08:15,0.0017,0.0007
幸福村4社,28,2026-02-06,08:30,0.0015,0.0146
幸福村4社,28,2026-02-06,08:45,0.0025,0.0144
幸福村4社,28,2026-02-06,09:00,0.0008,0.0005
幸福村4社,28,2026-02-06,09:15,0.0015,0.0005
幸福村4社,28,2026-02-06,09:30,0.0003,0.0005
幸福村4社,28,2026-02-06,09:45,0.0,0.0005
幸福村4社,28,2026-02-06,10:00,0.0008,0.0004
幸福村4社,28,2026-02-06,10:15,0.0016,0.0006
幸福村4社,28,2026-02-06,10:30,0.0005,0.0005
幸福村4社,28,2026-02-06,10:45,0.0017,0.0005
幸福村4社,28,2026-02-06,11:00,0.0009,0.0004
幸福村4社,28,2026-02-06,11:15,-0.0003,0.0004
幸福村4社,28,2026-02-06,11:30,-0.0001,0.0004
幸福村4社,28,2026-02-06,11:45,0.0003,0.0004
幸福村4社,28,2026-02-06,12:00,0.0004,0.0004
幸福村4社,28,2026-02-06,12:15,-0.0001,0.0004
幸福村4社,28,2026-02-06,12:30,0.0001,0.0004
幸福村4社,28,2026-02-06,12:45,-0.0,0.0004
幸福村4社,28,2026-02-06,13:00,0.0007,0.0004
幸福村4社,28,2026-02-06,13:15,0.0001,0.0004
幸福村4社,28,2026-02-06,13:30,0.0005,0.0004
幸福村4社,28,2026-02-06,13:45,0.0012,0.0004
幸福村4社,28,2026-02-06,14:00,0.0007,0.0004
幸福村4社,28,2026-02-06,14:15,0.0005,0.0004
幸福村4社,28,2026-02-06,14:30,0.0006,0.0004
幸福村4社,28,2026-02-06,14:45,0.001,0.0004
幸福村4社,28,2026-02-06,15:00,0.0008,0.0004
幸福村4社,28,2026-02-06,15:15,0.0009,0.0004
幸福村4社,28,2026-02-06,15:30,0.0009,0.0006
幸福村4社,28,2026-02-06,15:45,0.0008,0.0006
幸福村4社,28,2026-02-06,16:00,0.0008,0.0004
幸福村4社,28,2026-02-06,16:15,0.0003,0.0004
幸福村4社,28,2026-02-06,16:30,0.0019,0.0004
幸福村4社,28,2026-02-06,16:45,0.0009,0.0004
幸福村4社,28,2026-02-06,17:00,0.0007,0.0006
幸福村4社,28,2026-02-06,17:15,0.0006,0.0006
幸福村4社,28,2026-02-06,17:30,0.0011,0.0004
幸福村4社,28,2026-02-06,17:45,0.001,0.0004
幸福村4社,28,2026-02-06,18:00,0.0002,0.0006
幸福村4社,28,2026-02-06,18:15,0.0003,0.0005
幸福村4社,28,2026-02-06,18:30,0.0002,0.0006
幸福村4社,28,2026-02-06,18:45,-0.0002,0.0009
幸福村4社,28,2026-02-06,19:00,0.0007,0.0009
幸福村4社,28,2026-02-06,19:15,0.0026,0.001
幸福村4社,28,2026-02-06,19:30,0.0019,0.001
幸福村4社,28,2026-02-06,19:45,0.0023,0.0018
幸福村4社,28,2026-02-06,20:00,0.003,0.0016
幸福村4社,28,2026-02-06,20:15,0.0021,0.0023
幸福村4社,28,2026-02-06,20:30,0.0013,0.002
幸福村4社,28,2026-02-06,20:45,0.0004,0.0019
幸福村4社,28,2026-02-06,21:00,0.0018,0.002
幸福村4社,28,2026-02-06,21:15,0.001,0.0019
幸福村4社,28,2026-02-06,21:30,0.0019,0.0017
幸福村4社,28,2026-02-06,21:45,0.0014,0.0015
幸福村4社,28,2026-02-06,22:00,0.0017,0.0015
幸福村4社,28,2026-02-06,22:15,0.002,0.0015
幸福村4社,28,2026-02-06,22:30,0.0021,0.0016
幸福村4社,28,2026-02-06,22:45,0.0009,0.0017
幸福村4社,28,2026-02-06,23:00,0.0007,0.0016
幸福村4社,28,2026-02-06,23:15,0.0015,0.0016
幸福村4社,28,2026-02-06,23:30,0.0008,0.0016
幸福村4社,28,2026-02-06,23:45,0.0012,0.0016
幸福村4社,28,2026-02-07,00:00,0.0008,0.0015
幸福村4社,28,2026-02-07,00:15,0.001,0.0016
幸福村4社,28,2026-02-07,00:30,0.0007,0.0008
幸福村4社,28,2026-02-07,00:45,0.0005,0.0008
幸福村4社,28,2026-02-07,01:00,0.0012,0.0008
幸福村4社,28,2026-02-07,01:15,0.0008,0.0008
幸福村4社,28,2026-02-07,01:30,0.0014,0.0008
幸福村4社,28,2026-02-07,01:45,0.0005,0.0008
幸福村4社,28,2026-02-07,02:00,0.0006,0.0008
幸福村4社,28,2026-02-07,02:15,0.0011,0.0008
幸福村4社,28,2026-02-07,02:30,0.0009,0.0008
幸福村4社,28,2026-02-07,02:45,0.0011,0.0008
幸福村4社,28,2026-02-07,03:00,0.0007,0.0008
幸福村4社,28,2026-02-07,03:15,0.0,0.0008
幸福村4社,28,2026-02-07,03:30,0.0012,0.0008
幸福村4社,28,2026-02-07,03:45,0.0007,0.0008
幸福村4社,28,2026-02-07,04:00,0.0005,0.0008
幸福村4社,28,2026-02-07,04:15,0.0011,0.0008
幸福村4社,28,2026-02-07,04:30,0.0003,0.0008
幸福村4社,28,2026-02-07,04:45,0.0009,0.0008
幸福村4社,28,2026-02-07,05:00,0.0003,0.0008
幸福村4社,28,2026-02-07,05:15,0.0001,0.0008
幸福村4社,28,2026-02-07,05:30,0.0003,0.0008
幸福村4社,28,2026-02-07,05:45,0.0006,0.0008
幸福村4社,28,2026-02-07,06:00,0.0006,0.0008
幸福村4社,28,2026-02-07,06:15,0.0009,0.0008
幸福村4社,28,2026-02-07,06:30,0.0007,0.0008
幸福村4社,28,2026-02-07,06:45,0.0009,0.0008
幸福村4社,28,2026-02-07,07:00,0.0006,0.0008
幸福村4社,28,2026-02-07,07:15,0.001,0.0008
幸福村4社,28,2026-02-07,07:30,0.0021,0.0008
幸福村4社,28,2026-02-07,07:45,0.0024,0.0008
幸福村4社,28,2026-02-07,08:00,0.0016,0.0008
幸福村4社,28,2026-02-07,08:15,0.0013,0.0007
幸福村4社,28,2026-02-07,08:30,0.0022,0.0007
幸福村4社,28,2026-02-07,08:45,0.0009,0.0007
幸福村4社,28,2026-02-07,09:00,0.0011,0.0006
幸福村4社,28,2026-02-07,09:15,0.002,0.0005
幸福村4社,28,2026-02-07,09:30,0.0013,0.0004
幸福村4社,28,2026-02-07,09:45,0.0013,0.0004
幸福村4社,28,2026-02-07,10:00,0.0015,0.0006
幸福村4社,28,2026-02-07,10:15,0.001,0.0004
幸福村4社,28,2026-02-07,10:30,0.0002,0.0005
幸福村4社,28,2026-02-07,10:45,0.0009,0.0004
幸福村4社,28,2026-02-07,11:00,0.0002,0.0004
幸福村4社,28,2026-02-07,11:15,-0.0003,0.0004
幸福村4社,28,2026-02-07,11:30,0.0009,0.0004
幸福村4社,28,2026-02-07,11:45,0.0011,0.0004
幸福村4社,28,2026-02-07,12:00,0.0003,0.0004
幸福村4社,28,2026-02-07,12:15,-0.0002,0.0004
幸福村4社,28,2026-02-07,12:30,0.0008,0.0004
幸福村4社,28,2026-02-07,12:45,0.0002,0.0004
幸福村4社,28,2026-02-07,13:00,-0.0002,0.0004
幸福村4社,28,2026-02-07,13:15,0.0002,0.0004
幸福村4社,28,2026-02-07,13:30,0.0,0.0004
幸福村4社,28,2026-02-07,13:45,0.0005,0.0004
幸福村4社,28,2026-02-07,14:00,0.0011,0.0004
幸福村4社,28,2026-02-07,14:15,0.0002,0.0004
幸福村4社,28,2026-02-07,14:30,-0.0004,0.0004
幸福村4社,28,2026-02-07,14:45,0.0005,0.0004
幸福村4社,28,2026-02-07,15:00,0.0006,0.0005
幸福村4社,28,2026-02-07,15:15,0.0008,0.0006
幸福村4社,28,2026-02-07,15:30,0.0008,0.0006
幸福村4社,28,2026-02-07,15:45,0.0007,0.0006
幸福村4社,28,2026-02-07,16:00,0.0017,0.0006
幸福村4社,28,2026-02-07,16:15,0.0017,0.0005
幸福村4社,28,2026-02-07,16:30,0.0006,0.0006
幸福村4社,28,2026-02-07,16:45,0.001,0.0004
幸福村4社,28,2026-02-07,17:00,0.0008,0.0004
幸福村4社,28,2026-02-07,17:15,0.0003,0.0004
幸福村4社,28,2026-02-07,17:30,0.0009,0.0004
幸福村4社,28,2026-02-07,17:45,0.0006,0.0004
幸福村4社,28,2026-02-07,18:00,0.0008,0.0004
幸福村4社,28,2026-02-07,18:15,-0.0003,0.0007
幸福村4社,28,2026-02-07,18:30,0.0003,0.0007
幸福村4社,28,2026-02-07,18:45,0.001,0.0007
幸福村4社,28,2026-02-07,19:00,0.0014,0.0009
幸福村4社,28,2026-02-07,19:15,0.0026,0.0151
幸福村4社,28,2026-02-07,19:30,0.002,0.0159
幸福村4社,28,2026-02-07,19:45,0.0017,0.0021
幸福村4社,28,2026-02-07,20:00,0.0022,0.0021
幸福村4社,28,2026-02-07,20:15,0.0015,0.0021
幸福村4社,28,2026-02-07,20:30,0.0012,0.0019
幸福村4社,28,2026-02-07,20:45,0.0019,0.0019
幸福村4社,28,2026-02-07,21:00,0.0018,0.0021
幸福村4社,28,2026-02-07,21:15,0.0013,0.0022
幸福村4社,28,2026-02-07,21:30,0.0015,0.002
幸福村4社,28,2026-02-07,21:45,0.0015,0.002
幸福村4社,28,2026-02-07,22:00,0.0018,0.0016
幸福村4社,28,2026-02-07,22:15,0.0019,0.0015
幸福村4社,28,2026-02-07,22:30,0.0008,0.0015
幸福村4社,28,2026-02-07,22:45,0.0012,0.0015
幸福村4社,28,2026-02-07,23:00,0.0012,0.0016
幸福村4社,28,2026-02-07,23:15,0.001,0.0017
幸福村4社,28,2026-02-07,23:30,0.0008,0.0017
幸福村4社,28,2026-02-07,23:45,0.0016,0.0017
幸福村4社,28,2026-02-08,00:00,0.0013,0.001
幸福村4社,28,2026-02-08,00:15,0.0014,0.0008
幸福村4社,28,2026-02-08,00:30,0.0014,0.0008
幸福村4社,28,2026-02-08,00:45,0.0007,0.0008
幸福村4社,28,2026-02-08,01:00,0.0001,0.0008
幸福村4社,28,2026-02-08,01:15,0.0009,0.0008
幸福村4社,28,2026-02-08,01:30,0.0011,0.0008
幸福村4社,28,2026-02-08,01:45,0.0007,0.0008
幸福村4社,28,2026-02-08,02:00,0.0007,0.0008
幸福村4社,28,2026-02-08,02:15,0.0005,0.0008
幸福村4社,28,2026-02-08,02:30,0.0008,0.0008
幸福村4社,28,2026-02-08,02:45,0.0005,0.0008
幸福村4社,28,2026-02-08,03:00,0.0005,0.0008
幸福村4社,28,2026-02-08,03:15,0.0008,0.0008
幸福村4社,28,2026-02-08,03:30,0.0008,0.0008
幸福村4社,28,2026-02-08,03:45,0.0012,0.0008
幸福村4社,28,2026-02-08,04:00,0.001,0.0008
幸福村4社,28,2026-02-08,04:15,0.0014,0.0008
幸福村4社,28,2026-02-08,04:30,0.0007,0.0008
幸福村4社,28,2026-02-08,04:45,0.0004,0.0008
幸福村4社,28,2026-02-08,05:00,0.0008,0.0008
幸福村4社,28,2026-02-08,05:15,0.0019,0.0008
幸福村4社,28,2026-02-08,05:30,0.0007,0.0008
幸福村4社,28,2026-02-08,05:45,0.0005,0.0008
幸福村4社,28,2026-02-08,06:00,0.0008,0.0008
幸福村4社,28,2026-02-08,06:15,0.0011,0.0008
幸福村4社,28,2026-02-08,06:30,0.0006,0.0008
幸福村4社,28,2026-02-08,06:45,0.0012,0.0008
幸福村4社,28,2026-02-08,07:00,0.0008,0.0008
幸福村4社,28,2026-02-08,07:15,0.0007,0.0008
幸福村4社,28,2026-02-08,07:30,0.0022,0.0011
幸福村4社,28,2026-02-08,07:45,0.0022,0.0012
幸福村4社,28,2026-02-08,08:00,0.0023,0.0009
幸福村4社,28,2026-02-08,08:15,0.001,0.0007
幸福村4社,28,2026-02-08,08:30,0.003,0.0007
幸福村4社,28,2026-02-08,08:45,0.0026,0.0006
幸福村4社,28,2026-02-08,09:00,0.0014,0.0004
幸福村4社,28,2026-02-08,09:15,0.0028,0.0004
幸福村4社,28,2026-02-08,09:30,0.0015,0.0004
幸福村4社,28,2026-02-08,09:45,0.002,0.0004
幸福村4社,28,2026-02-08,10:00,0.0015,0.0004
幸福村4社,28,2026-02-08,10:15,0.0014,0.0004
幸福村4社,28,2026-02-08,10:30,0.0008,0.0005
幸福村4社,28,2026-02-08,10:45,0.0011,0.0005
幸福村4社,28,2026-02-08,11:00,0.0017,0.0005
幸福村4社,28,2026-02-08,11:15,-0.0,0.0005
幸福村4社,28,2026-02-08,11:30,0.0004,0.0004
幸福村4社,28,2026-02-08,11:45,0.0007,0.0004
幸福村4社,28,2026-02-08,12:00,0.0002,0.0004
幸福村4社,28,2026-02-08,12:15,0.0006,0.0004
幸福村4社,28,2026-02-08,12:30,0.0003,0.0004
幸福村4社,28,2026-02-08,12:45,0.0009,0.0004
幸福村4社,28,2026-02-08,13:00,0.0018,0.0004
幸福村4社,28,2026-02-08,13:15,0.0002,0.0004
幸福村4社,28,2026-02-08,13:30,0.0012,0.0004
幸福村4社,28,2026-02-08,13:45,0.0003,0.0004
幸福村4社,28,2026-02-08,14:00,0.0004,0.0004
幸福村4社,28,2026-02-08,14:15,0.0008,0.0004
幸福村4社,28,2026-02-08,14:30,0.0007,0.0004
幸福村4社,28,2026-02-08,14:45,0.0008,0.0004
幸福村4社,28,2026-02-08,15:00,0.0009,0.0004
幸福村4社,28,2026-02-08,15:15,0.0011,0.0006
幸福村4社,28,2026-02-08,15:30,0.0018,0.0006
幸福村4社,28,2026-02-08,15:45,0.0009,0.0006
幸福村4社,28,2026-02-08,16:00,0.0013,0.0006
幸福村4社,28,2026-02-08,16:15,0.0015,0.0006
幸福村4社,28,2026-02-08,16:30,0.0013,0.0005
幸福村4社,28,2026-02-08,16:45,0.0018,0.0006
幸福村4社,28,2026-02-08,17:00,0.0007,0.0006
幸福村4社,28,2026-02-08,17:15,0.0013,0.0004
幸福村4社,28,2026-02-08,17:30,0.0009,0.0004
幸福村4社,28,2026-02-08,17:45,0.0008,0.0004
幸福村4社,28,2026-02-08,18:00,0.0013,0.0004
幸福村4社,28,2026-02-08,18:15,0.0,0.0004
幸福村4社,28,2026-02-08,18:30,0.001,0.0004
幸福村4社,28,2026-02-08,18:45,0.0016,0.0004
幸福村4社,28,2026-02-08,19:00,0.0015,0.0004
幸福村4社,28,2026-02-08,19:15,0.0012,0.0005
幸福村4社,28,2026-02-08,19:30,0.0024,0.0006
幸福村4社,28,2026-02-08,19:45,0.0022,0.0011
幸福村4社,28,2026-02-08,20:00,0.0025,0.0012
幸福村4社,28,2026-02-08,20:15,0.0016,0.0012
幸福村4社,28,2026-02-08,20:30,0.0017,0.0011
幸福村4社,28,2026-02-08,20:45,0.0021,0.0013
幸福村4社,28,2026-02-08,21:00,0.0021,0.0013
幸福村4社,28,2026-02-08,21:15,0.0023,0.0012
幸福村4社,28,2026-02-08,21:30,0.0011,0.0012
幸福村4社,28,2026-02-08,21:45,0.0016,0.0012
幸福村4社,28,2026-02-08,22:00,0.0013,0.0013
幸福村4社,28,2026-02-08,22:15,0.001,0.0012
幸福村4社,28,2026-02-08,22:30,0.001,0.0012
幸福村4社,28,2026-02-08,22:45,0.0013,0.0012
幸福村4社,28,2026-02-08,23:00,0.001,0.0012
幸福村4社,28,2026-02-08,23:15,0.0013,0.0011
幸福村4社,28,2026-02-08,23:30,0.0011,0.0011
幸福村4社,28,2026-02-08,23:45,0.0012,0.0011
幸福村4社,29,2026-02-11,00:00,0.0006,0.0008
幸福村4社,29,2026-02-11,00:15,0.0006,0.0008
幸福村4社,29,2026-02-11,00:30,0.0008,0.0008
幸福村4社,29,2026-02-11,00:45,0.0005,0.0008
幸福村4社,29,2026-02-11,01:00,0.0011,0.0008
幸福村4社,29,2026-02-11,01:15,0.0003,0.0008
幸福村4社,29,2026-02-11,01:30,0.0002,0.0008
幸福村4社,29,2026-02-11,01:45,0.0003,0.0008
幸福村4社,29,2026-02-11,02:00,0.0008,0.0013
幸福村4社,29,2026-02-11,02:15,0.0009,0.001
幸福村4社,29,2026-02-11,02:30,0.0006,0.001
幸福村4社,29,2026-02-11,02:45,0.0001,0.0009
幸福村4社,29,2026-02-11,03:00,0.0007,0.0009
幸福村4社,29,2026-02-11,03:15,0.0004,0.0009
幸福村4社,29,2026-02-11,03:30,0.001,0.0009
幸福村4社,29,2026-02-11,03:45,0.0009,0.0009
幸福村4社,29,2026-02-11,04:00,0.0005,0.0009
幸福村4社,29,2026-02-11,04:15,0.0005,0.001
幸福村4社,29,2026-02-11,04:30,0.0008,0.0009
幸福村4社,29,2026-02-11,04:45,0.0005,0.0009
幸福村4社,29,2026-02-11,05:00,0.0002,0.0009
幸福村4社,29,2026-02-11,05:15,0.0013,0.0009
幸福村4社,29,2026-02-11,05:30,0.0007,0.0009
幸福村4社,29,2026-02-11,05:45,0.0004,0.0009
幸福村4社,29,2026-02-11,06:00,0.0004,0.0009
幸福村4社,29,2026-02-11,06:15,0.0007,0.0007
幸福村4社,29,2026-02-11,06:30,0.0015,0.0004
幸福村4社,29,2026-02-11,06:45,0.0006,0.0004
幸福村4社,29,2026-02-11,07:00,0.0011,0.0004
幸福村4社,29,2026-02-11,07:15,0.0017,0.0004
幸福村4社,29,2026-02-11,07:30,0.0009,0.001
幸福村4社,29,2026-02-11,07:45,0.0021,0.0006
幸福村4社,29,2026-02-11,08:00,0.0017,0.0006
幸福村4社,29,2026-02-11,08:15,0.0013,0.0006
幸福村4社,29,2026-02-11,08:30,0.0015,0.0005
幸福村4社,29,2026-02-11,08:45,0.0016,0.0004
幸福村4社,29,2026-02-11,09:00,0.0012,0.0004
幸福村4社,29,2026-02-11,09:15,0.0008,0.0004
幸福村4社,29,2026-02-11,09:30,0.0001,0.0004
幸福村4社,29,2026-02-11,09:45,0.0004,0.0005
幸福村4社,29,2026-02-11,10:00,0.001,0.0004
幸福村4社,29,2026-02-11,10:15,0.0019,0.0005
幸福村4社,29,2026-02-11,10:30,0.0005,0.0004
幸福村4社,29,2026-02-11,10:45,0.0012,0.0004
幸福村4社,29,2026-02-11,11:00,0.0014,0.0005
幸福村4社,29,2026-02-11,11:15,0.0008,0.0004
幸福村4社,29,2026-02-11,11:30,0.0014,0.0004
幸福村4社,29,2026-02-11,11:45,0.0019,0.0004
幸福村4社,29,2026-02-11,12:00,0.0014,0.0004
幸福村4社,29,2026-02-11,12:15,0.0007,0.0004
幸福村4社,29,2026-02-11,12:30,0.001,0.0004
幸福村4社,29,2026-02-11,12:45,0.0007,0.0004
幸福村4社,29,2026-02-11,13:00,0.0007,0.0004
幸福村4社,29,2026-02-11,13:15,0.001,0.0004
幸福村4社,29,2026-02-11,13:30,0.0007,0.0004
幸福村4社,29,2026-02-11,13:45,0.001,0.0004
幸福村4社,29,2026-02-11,14:00,0.0016,0.0004
幸福村4社,29,2026-02-11,14:15,0.001,0.0004
幸福村4社,29,2026-02-11,14:30,0.0009,0.0004
幸福村4社,29,2026-02-11,14:45,0.0007,0.0004
幸福村4社,29,2026-02-11,15:00,0.0003,0.0004
幸福村4社,29,2026-02-11,15:15,0.0004,0.0004
幸福村4社,29,2026-02-11,15:30,0.0006,0.0004
幸福村4社,29,2026-02-11,15:45,0.0007,0.0004
幸福村4社,29,2026-02-11,16:00,0.0006,0.0006
幸福村4社,29,2026-02-11,16:15,0.001,0.0005
幸福村4社,29,2026-02-11,16:30,0.0014,0.0005
幸福村4社,29,2026-02-11,16:45,0.0004,0.0005
幸福村4社,29,2026-02-11,17:00,0.0011,0.0004
幸福村4社,29,2026-02-11,17:15,0.0016,0.0006
幸福村4社,29,2026-02-11,17:30,0.0003,0.0006
幸福村4社,29,2026-02-11,17:45,0.0005,0.0005
幸福村4社,29,2026-02-11,18:00,0.0,0.0005
幸福村4社,29,2026-02-11,18:15,0.0007,0.0006
幸福村4社,29,2026-02-11,18:30,0.0009,0.0005
幸福村4社,29,2026-02-11,18:45,0.0007,0.0009
幸福村4社,29,2026-02-11,19:00,0.0006,0.0009
幸福村4社,29,2026-02-11,19:15,0.0023,0.0009
幸福村4社,29,2026-02-11,19:30,0.0016,0.0016
幸福村4社,29,2026-02-11,19:45,0.0024,0.0018
幸福村4社,29,2026-02-11,20:00,0.0028,0.0015
幸福村4社,29,2026-02-11,20:15,0.0015,0.0015
幸福村4社,29,2026-02-11,20:30,0.0008,0.0018
幸福村4社,29,2026-02-11,20:45,0.0011,0.0017
幸福村4社,29,2026-02-11,21:00,0.0023,0.0018
幸福村4社,29,2026-02-11,21:15,0.0012,0.0019
幸福村4社,29,2026-02-11,21:30,0.0016,0.0019
幸福村4社,29,2026-02-11,21:45,0.0018,0.0019
幸福村4社,29,2026-02-11,22:00,0.0011,0.0018
幸福村4社,29,2026-02-11,22:15,0.0016,0.0016
幸福村4社,29,2026-02-11,22:30,0.0011,0.0016
幸福村4社,29,2026-02-11,22:45,0.0009,0.0016
幸福村4社,29,2026-02-11,23:00,0.0011,0.0015
幸福村4社,29,2026-02-11,23:15,0.0015,0.0016
幸福村4社,29,2026-02-11,23:30,0.0012,0.0016
幸福村4社,29,2026-02-11,23:45,0.0007,0.0015
幸福村4社,29,2026-02-12,00:00,0.0009,0.0015
幸福村4社,29,2026-02-12,00:15,0.001,0.0008
幸福村4社,29,2026-02-12,00:30,0.001,0.0008
幸福村4社,29,2026-02-12,00:45,0.0007,0.0008
幸福村4社,29,2026-02-12,01:00,0.0008,0.0004
幸福村4社,29,2026-02-12,01:15,0.0012,0.0004
幸福村4社,29,2026-02-12,01:30,0.001,0.0004
幸福村4社,29,2026-02-12,01:45,0.0005,0.0004
幸福村4社,29,2026-02-12,02:00,0.0005,0.0004
幸福村4社,29,2026-02-12,02:15,0.0006,0.0004
幸福村4社,29,2026-02-12,02:30,0.0006,0.0004
幸福村4社,29,2026-02-12,02:45,0.0003,0.0004
幸福村4社,29,2026-02-12,03:00,0.0007,0.0004
幸福村4社,29,2026-02-12,03:15,0.0003,0.0004
幸福村4社,29,2026-02-12,03:30,0.0012,0.0004
幸福村4社,29,2026-02-12,03:45,0.0008,0.0004
幸福村4社,29,2026-02-12,04:00,0.0007,0.0004
幸福村4社,29,2026-02-12,04:15,0.0004,0.0004
幸福村4社,29,2026-02-12,04:30,0.0006,0.0004
幸福村4社,29,2026-02-12,04:45,0.0008,0.0004
幸福村4社,29,2026-02-12,05:00,0.0006,0.0004
幸福村4社,29,2026-02-12,05:15,0.0006,0.0004
幸福村4社,29,2026-02-12,05:30,0.0001,0.0004
幸福村4社,29,2026-02-12,05:45,0.0006,0.0004
幸福村4社,29,2026-02-12,06:00,0.0008,0.0004
幸福村4社,29,2026-02-12,06:15,0.0007,0.0004
幸福村4社,29,2026-02-12,06:30,0.0009,0.0004
幸福村4社,29,2026-02-12,06:45,0.0008,0.0004
幸福村4社,29,2026-02-12,07:00,0.0003,0.0004
幸福村4社,29,2026-02-12,07:15,0.0003,0.0004
幸福村4社,29,2026-02-12,07:30,0.0008,0.0004
幸福村4社,29,2026-02-12,07:45,0.0019,0.0004
幸福村4社,29,2026-02-12,08:00,0.0016,0.0005
幸福村4社,29,2026-02-12,08:15,0.0007,0.0007
幸福村4社,29,2026-02-12,08:30,0.0026,0.0007
幸福村4社,29,2026-02-12,08:45,0.001,0.0007
幸福村4社,29,2026-02-12,09:00,0.0006,0.0007
幸福村4社,29,2026-02-12,09:15,0.0015,0.0007
幸福村4社,29,2026-02-12,09:30,0.0013,0.0008
幸福村4社,29,2026-02-12,09:45,0.0014,0.0005
幸福村4社,29,2026-02-12,10:00,0.0019,0.0005
幸福村4社,29,2026-02-12,10:15,0.0019,0.0004
幸福村4社,29,2026-02-12,10:30,0.0021,0.0004
幸福村4社,29,2026-02-12,10:45,0.0018,0.0004
幸福村4社,29,2026-02-12,11:00,0.0017,0.0004
幸福村4社,29,2026-02-12,11:15,0.0014,0.0004
幸福村4社,29,2026-02-12,11:30,0.002,0.0004
幸福村4社,29,2026-02-12,11:45,0.0025,0.0004
幸福村4社,29,2026-02-12,12:00,0.001,0.0004
幸福村4社,29,2026-02-12,12:15,0.0006,0.0004
幸福村4社,29,2026-02-12,12:30,0.001,0.0004
幸福村4社,29,2026-02-12,12:45,0.0006,0.0004
幸福村4社,29,2026-02-12,13:00,-0.0001,0.0004
幸福村4社,29,2026-02-12,13:15,0.0003,0.0004
幸福村4社,29,2026-02-12,13:30,0.0008,0.0004
幸福村4社,29,2026-02-12,13:45,0.0013,0.0004
幸福村4社,29,2026-02-12,14:00,0.0015,0.0004
幸福村4社,29,2026-02-12,14:15,0.0007,0.0004
幸福村4社,29,2026-02-12,14:30,0.0011,0.0004
幸福村4社,29,2026-02-12,14:45,0.0006,0.0004
幸福村4社,29,2026-02-12,15:00,0.0011,0.0004
幸福村4社,29,2026-02-12,15:15,0.0008,0.0004
幸福村4社,29,2026-02-12,15:30,0.0007,0.0004
幸福村4社,29,2026-02-12,15:45,0.0008,0.0004
幸福村4社,29,2026-02-12,16:00,0.0012,0.0004
幸福村4社,29,2026-02-12,16:15,0.0014,0.0004
幸福村4社,29,2026-02-12,16:30,0.0005,0.0004
幸福村4社,29,2026-02-12,16:45,0.0012,0.0004
幸福村4社,29,2026-02-12,17:00,0.0004,0.0006
幸福村4社,29,2026-02-12,17:15,0.0009,0.0004
幸福村4社,29,2026-02-12,17:30,0.0016,0.0004
幸福村4社,29,2026-02-12,17:45,0.0015,0.0004
幸福村4社,29,2026-02-12,18:00,0.0009,0.0005
幸福村4社,29,2026-02-12,18:15,0.0006,0.0005
幸福村4社,29,2026-02-12,18:30,0.0019,0.0004
幸福村4社,29,2026-02-12,18:45,0.0006,0.0005
幸福村4社,29,2026-02-12,19:00,0.0015,0.0005
幸福村4社,29,2026-02-12,19:15,0.0021,0.0151
幸福村4社,29,2026-02-12,19:30,0.0017,0.015
幸福村4社,29,2026-02-12,19:45,0.0016,0.0157
幸福村4社,29,2026-02-12,20:00,0.0013,0.0158
幸福村4社,29,2026-02-12,20:15,0.0019,0.0017
幸福村4社,29,2026-02-12,20:30,0.001,0.0018
幸福村4社,29,2026-02-12,20:45,0.0018,0.0018
幸福村4社,29,2026-02-12,21:00,0.0015,0.0019
幸福村4社,29,2026-02-12,21:15,0.0016,0.0018
幸福村4社,29,2026-02-12,21:30,0.0014,0.0019
幸福村4社,29,2026-02-12,21:45,0.0012,0.0019
幸福村4社,29,2026-02-12,22:00,0.0015,0.0014
幸福村4社,29,2026-02-12,22:15,0.0019,0.0011
幸福村4社,29,2026-02-12,22:30,0.0011,0.0011
幸福村4社,29,2026-02-12,22:45,0.0009,0.0012
幸福村4社,29,2026-02-12,23:00,0.0011,0.0011
幸福村4社,29,2026-02-12,23:15,0.0006,0.0011
幸福村4社,29,2026-02-12,23:30,0.001,0.0006
幸福村4社,29,2026-02-12,23:45,0.0014,0.0006
幸福村4社,29,2026-02-13,00:00,0.0012,0.0006
幸福村4社,29,2026-02-13,00:15,0.001,0.0006
幸福村4社,29,2026-02-13,00:30,0.0009,0.0006
幸福村4社,29,2026-02-13,00:45,0.0008,0.0005
幸福村4社,29,2026-02-13,01:00,0.0008,0.0005
幸福村4社,29,2026-02-13,01:15,0.0009,0.0004
幸福村4社,29,2026-02-13,01:30,0.0007,0.0004
幸福村4社,29,2026-02-13,01:45,0.0007,0.0004
幸福村4社,29,2026-02-13,02:00,0.0005,0.0004
幸福村4社,29,2026-02-13,02:15,-0.0,0.0004
幸福村4社,29,2026-02-13,02:30,0.0004,0.0004
幸福村4社,29,2026-02-13,02:45,0.0002,0.0004
幸福村4社,29,2026-02-13,03:00,0.0004,0.0004
幸福村4社,29,2026-02-13,03:15,0.0008,0.0004
幸福村4社,29,2026-02-13,03:30,0.0012,0.0004
幸福村4社,29,2026-02-13,03:45,0.001,0.0004
幸福村4社,29,2026-02-13,04:00,0.0008,0.0004
幸福村4社,29,2026-02-13,04:15,0.0005,0.0004
幸福村4社,29,2026-02-13,04:30,0.0004,0.0004
幸福村4社,29,2026-02-13,04:45,0.0007,0.0004
幸福村4社,29,2026-02-13,05:00,0.0004,0.0004
幸福村4社,29,2026-02-13,05:15,0.001,0.0004
幸福村4社,29,2026-02-13,05:30,0.0008,0.0004
幸福村4社,29,2026-02-13,05:45,0.0008,0.0004
幸福村4社,29,2026-02-13,06:00,0.001,0.0004
幸福村4社,29,2026-02-13,06:15,0.0003,0.0004
幸福村4社,29,2026-02-13,06:30,0.0007,0.0004
幸福村4社,29,2026-02-13,06:45,0.0003,0.0004
幸福村4社,29,2026-02-13,07:00,0.0011,0.0004
幸福村4社,29,2026-02-13,07:15,0.0007,0.0004
幸福村4社,29,2026-02-13,07:30,0.002,0.0004
幸福村4社,29,2026-02-13,07:45,0.0019,0.0004
幸福村4社,29,2026-02-13,08:00,0.0014,0.0004
幸福村4社,29,2026-02-13,08:15,0.0007,0.0004
幸福村4社,29,2026-02-13,08:30,0.0019,0.0004
幸福村4社,29,2026-02-13,08:45,0.0023,0.0004
幸福村4社,29,2026-02-13,09:00,0.0011,0.0004
幸福村4社,29,2026-02-13,09:15,0.0017,0.0004
幸福村4社,29,2026-02-13,09:30,0.0011,0.0004
幸福村4社,29,2026-02-13,09:45,0.0009,0.0004
幸福村4社,29,2026-02-13,10:00,0.0021,0.0004
幸福村4社,29,2026-02-13,10:15,0.0021,0.0144
幸福村4社,29,2026-02-13,10:30,0.0017,0.0144
幸福村4社,29,2026-02-13,10:45,0.0019,0.0145
幸福村4社,29,2026-02-13,11:00,0.0021,0.0005
幸福村4社,29,2026-02-13,11:15,0.0014,0.0004
幸福村4社,29,2026-02-13,11:30,0.0014,0.0004
幸福村4社,29,2026-02-13,11:45,0.0022,0.0004
幸福村4社,29,2026-02-13,12:00,0.0006,0.0004
幸福村4社,29,2026-02-13,12:15,0.001,0.0006
幸福村4社,29,2026-02-13,12:30,0.0005,0.0004
幸福村4社,29,2026-02-13,12:45,0.0006,0.0004
幸福村4社,29,2026-02-13,13:00,0.0013,0.0004
幸福村4社,29,2026-02-13,13:15,0.001,0.0004
幸福村4社,29,2026-02-13,13:30,0.001,0.0004
幸福村4社,29,2026-02-13,13:45,0.0006,0.0004
幸福村4社,29,2026-02-13,14:00,0.001,0.0004
幸福村4社,29,2026-02-13,14:15,0.001,0.0004
幸福村4社,29,2026-02-13,14:30,0.0006,0.0004
幸福村4社,29,2026-02-13,14:45,0.0009,0.0004
幸福村4社,29,2026-02-13,15:00,0.0006,0.0004
幸福村4社,29,2026-02-13,15:15,0.0008,0.0004
幸福村4社,29,2026-02-13,15:30,0.0015,0.0004
幸福村4社,29,2026-02-13,15:45,0.001,0.0004
幸福村4社,29,2026-02-13,16:00,0.0002,0.0004
幸福村4社,29,2026-02-13,16:15,0.0015,0.0004
幸福村4社,29,2026-02-13,16:30,0.0005,0.0004
幸福村4社,29,2026-02-13,16:45,0.0009,0.0004
幸福村4社,29,2026-02-13,17:00,0.0004,0.0004
幸福村4社,29,2026-02-13,17:15,0.0007,0.0004
幸福村4社,29,2026-02-13,17:30,0.0012,0.0004
幸福村4社,29,2026-02-13,17:45,0.001,0.0004
幸福村4社,29,2026-02-13,18:00,0.0008,0.0004
幸福村4社,29,2026-02-13,18:15,0.0001,0.0004
幸福村4社,29,2026-02-13,18:30,0.0008,0.0004
幸福村4社,29,2026-02-13,18:45,0.0005,0.0005
幸福村4社,29,2026-02-13,19:00,0.0013,0.0008
幸福村4社,29,2026-02-13,19:15,0.0013,0.0008
幸福村4社,29,2026-02-13,19:30,0.0015,0.0007
幸福村4社,29,2026-02-13,19:45,0.0018,0.0016
幸福村4社,29,2026-02-13,20:00,0.003,0.0016
幸福村4社,29,2026-02-13,20:15,0.0012,0.0017
幸福村4社,29,2026-02-13,20:30,0.0014,0.0018
幸福村4社,29,2026-02-13,20:45,0.0022,0.0019
幸福村4社,29,2026-02-13,21:00,0.0017,0.0018
幸福村4社,29,2026-02-13,21:15,0.0012,0.002
幸福村4社,29,2026-02-13,21:30,0.001,0.002
幸福村4社,29,2026-02-13,21:45,0.0018,0.002
幸福村4社,29,2026-02-13,22:00,0.0011,0.0018
幸福村4社,29,2026-02-13,22:15,0.0011,0.0018
幸福村4社,29,2026-02-13,22:30,0.0008,0.0015
幸福村4社,29,2026-02-13,22:45,0.0008,0.0015
幸福村4社,29,2026-02-13,23:00,0.0011,0.0016
幸福村4社,29,2026-02-13,23:15,0.0014,0.0017
幸福村4社,29,2026-02-13,23:30,0.0009,0.0013
幸福村4社,29,2026-02-13,23:45,0.0014,0.0013
幸福村1社,30,2026-03-30,00:00,0.0174,0.0174
幸福村1社,30,2026-03-30,00:15,0.0131,0.0205
幸福村1社,30,2026-03-30,00:30,0.0128,0.0184
幸福村1社,30,2026-03-30,00:45,0.0111,0.019
幸福村1社,30,2026-03-30,01:00,0.0113,0.017
幸福村1社,30,2026-03-30,01:15,0.0195,0.0147
幸福村1社,30,2026-03-30,01:30,0.0177,0.0178
幸福村1社,30,2026-03-30,01:45,0.0161,0.0213
幸福村1社,30,2026-03-30,02:00,0.0156,0.0169
幸福村1社,30,2026-03-30,02:15,0.0157,0.0156
幸福村1社,30,2026-03-30,02:30,0.0139,0.0151
幸福村1社,30,2026-03-30,02:45,0.0116,0.02
幸福村1社,30,2026-03-30,03:00,0.0146,0.0183
幸福村1社,30,2026-03-30,03:15,0.0165,0.0255
幸福村1社,30,2026-03-30,03:30,0.0157,0.0169
幸福村1社,30,2026-03-30,03:45,0.0161,0.0169
幸福村1社,30,2026-03-30,04:00,0.0131,0.02
幸福村1社,30,2026-03-30,04:15,0.0142,0.0237
幸福村1社,30,2026-03-30,04:30,0.0182,0.02
幸福村1社,30,2026-03-30,04:45,0.0195,0.0115
幸福村1社,30,2026-03-30,05:00,0.0182,0.015
幸福村1社,30,2026-03-30,05:15,0.0178,0.0165
幸福村1社,30,2026-03-30,05:30,0.0182,0.0161
幸福村1社,30,2026-03-30,05:45,0.0193,0.0224
幸福村1社,30,2026-03-30,06:00,0.0167,0.0113
幸福村1社,30,2026-03-30,06:15,0.018,0.0161
幸福村1社,30,2026-03-30,06:30,0.0211,0.0541
幸福村1社,30,2026-03-30,06:45,0.0247,0.0625
幸福村1社,30,2026-03-30,07:00,0.023,0.0455
幸福村1社,30,2026-03-30,07:15,0.0272,0.0244
幸福村1社,30,2026-03-30,07:30,0.0283,0.0442
幸福村1社,30,2026-03-30,07:45,0.0438,0.0462
幸福村1社,30,2026-03-30,08:00,0.0413,0.0645
幸福村1社,30,2026-03-30,08:15,0.0462,0.0459
幸福村1社,30,2026-03-30,08:30,0.0474,0.0799
幸福村1社,30,2026-03-30,08:45,0.0452,0.0551
幸福村1社,30,2026-03-30,09:00,0.0438,0.0744
幸福村1社,30,2026-03-30,09:15,0.0474,0.0636
幸福村1社,30,2026-03-30,09:30,0.0364,0.0257
幸福村1社,30,2026-03-30,09:45,0.0394,0.0313
幸福村1社,30,2026-03-30,10:00,0.0353,0.0362
幸福村1社,30,2026-03-30,10:15,0.0283,0.0184
幸福村1社,30,2026-03-30,10:30,0.027,0.0153
幸福村1社,30,2026-03-30,10:45,0.0284,0.0152
幸福村1社,30,2026-03-30,11:00,0.0243,0.0302
幸福村1社,30,2026-03-30,11:15,0.0227,0.0226
幸福村1社,30,2026-03-30,11:30,0.0207,0.0111
幸福村1社,30,2026-03-30,11:45,0.0292,0.0215
幸福村1社,30,2026-03-30,12:00,0.0202,0.0124
幸福村1社,30,2026-03-30,12:15,0.0193,0.0475
幸福村1社,30,2026-03-30,12:30,0.0284,0.0181
幸福村1社,30,2026-03-30,12:45,0.0195,0.0129
幸福村1社,30,2026-03-30,13:00,0.0209,0.017
幸福村1社,30,2026-03-30,13:15,0.0242,0.0192
幸福村1社,30,2026-03-30,13:30,0.0212,0.02
幸福村1社,30,2026-03-30,13:45,0.0216,0.0138
幸福村1社,30,2026-03-30,14:00,0.0246,0.0247
幸福村1社,30,2026-03-30,14:15,0.0225,0.0153
幸福村1社,30,2026-03-30,14:30,0.0249,0.0167
幸福村1社,30,2026-03-30,14:45,0.0227,0.0284
幸福村1社,30,2026-03-30,15:00,0.0237,0.0347
幸福村1社,30,2026-03-30,15:15,0.0231,0.023
幸福村1社,30,2026-03-30,15:30,0.0269,0.0357
幸福村1社,30,2026-03-30,15:45,0.0201,0.0576
幸福村1社,30,2026-03-30,16:00,0.022,0.0182
幸福村1社,30,2026-03-30,16:15,0.0277,0.0175
幸福村1社,30,2026-03-30,16:30,0.0378,0.0411
幸福村1社,30,2026-03-30,16:45,0.0346,0.0199
幸福村1社,30,2026-03-30,17:00,0.032,0.0477
幸福村1社,30,2026-03-30,17:15,0.0393,0.0599
幸福村1社,30,2026-03-30,17:30,0.0376,0.0888
幸福村1社,30,2026-03-30,17:45,0.0388,0.0998
幸福村1社,30,2026-03-30,18:00,0.0341,0.0853
幸福村1社,30,2026-03-30,18:15,0.0442,0.065
幸福村1社,30,2026-03-30,18:30,0.0383,0.101
幸福村1社,30,2026-03-30,18:45,0.0434,0.1379
幸福村1社,30,2026-03-30,19:00,0.0401,0.0616
幸福村1社,30,2026-03-30,19:15,0.0399,0.095
幸福村1社,30,2026-03-30,19:30,0.04,0.0832
幸福村1社,30,2026-03-30,19:45,0.0379,0.023
幸福村1社,30,2026-03-30,20:00,0.0337,0.0219
幸福村1社,30,2026-03-30,20:15,0.0333,0.018
幸福村1社,30,2026-03-30,20:30,0.0233,0.0189
幸福村1社,30,2026-03-30,20:45,0.0297,0.0275
幸福村1社,30,2026-03-30,21:00,0.0233,0.0207
幸福村1社,30,2026-03-30,21:15,0.026,0.0219
幸福村1社,30,2026-03-30,21:30,0.0243,0.0545
幸福村1社,30,2026-03-30,21:45,0.0188,0.0219
幸福村1社,30,2026-03-30,22:00,0.0212,0.0154
幸福村1社,30,2026-03-30,22:15,0.0163,0.0168
幸福村1社,30,2026-03-30,22:30,0.0208,0.0198
幸福村1社,30,2026-03-30,22:45,0.0234,0.0142
幸福村1社,30,2026-03-30,23:00,0.0199,0.0119
幸福村1社,30,2026-03-30,23:15,0.0181,0.0109
幸福村1社,30,2026-03-30,23:30,0.0197,0.0166
幸福村1社,30,2026-03-30,23:45,0.0131,0.0217
幸福村1社,30,2026-03-31,00:00,0.0138,0.0137
幸福村1社,30,2026-03-31,00:15,0.0176,0.0139
幸福村1社,30,2026-03-31,00:30,0.0179,0.0143
幸福村1社,30,2026-03-31,00:45,0.0178,0.0148
幸福村1社,30,2026-03-31,01:00,0.0152,0.018
幸福村1社,30,2026-03-31,01:15,0.0158,0.0189
幸福村1社,30,2026-03-31,01:30,0.0203,0.0227
幸福村1社,30,2026-03-31,01:45,0.0173,0.0156
幸福村1社,30,2026-03-31,02:00,0.0146,0.0148
幸福村1社,30,2026-03-31,02:15,0.0153,0.022
幸福村1社,30,2026-03-31,02:30,0.0175,0.0193
幸福村1社,30,2026-03-31,02:45,0.0187,0.0165
幸福村1社,30,2026-03-31,03:00,0.0139,0.012
幸福村1社,30,2026-03-31,03:15,0.0115,0.0152
幸福村1社,30,2026-03-31,03:30,0.0155,0.0142
幸福村1社,30,2026-03-31,03:45,0.0147,0.0113
幸福村1社,30,2026-03-31,04:00,0.014,0.0191
幸福村1社,30,2026-03-31,04:15,0.0118,0.0112
幸福村1社,30,2026-03-31,04:30,0.0155,0.0134
幸福村1社,30,2026-03-31,04:45,0.0179,0.0172
幸福村1社,30,2026-03-31,05:00,0.0121,0.0101
幸福村1社,30,2026-03-31,05:15,0.0152,0.0185
幸福村1社,30,2026-03-31,05:30,0.0136,0.0151
幸福村1社,30,2026-03-31,05:45,0.0184,0.0151
幸福村1社,30,2026-03-31,06:00,0.018,0.0103
幸福村1社,30,2026-03-31,06:15,0.0138,0.0179
幸福村1社,30,2026-03-31,06:30,0.0226,0.0196
幸福村1社,30,2026-03-31,06:45,0.0202,0.042
幸福村1社,30,2026-03-31,07:00,0.0259,0.0164
幸福村1社,30,2026-03-31,07:15,0.0258,0.0731
幸福村1社,30,2026-03-31,07:30,0.0327,0.0681
幸福村1社,30,2026-03-31,07:45,0.0426,0.0416
幸福村1社,30,2026-03-31,08:00,0.0431,0.0485
幸福村1社,30,2026-03-31,08:15,0.0509,0.0521
幸福村1社,30,2026-03-31,08:30,0.0573,0.0249
幸福村1社,30,2026-03-31,08:45,0.0508,0.0512
幸福村1社,30,2026-03-31,09:00,0.0453,0.0452
幸福村1社,30,2026-03-31,09:15,0.0439,0.0239
幸福村1社,30,2026-03-31,09:30,0.0369,0.0616
幸福村1社,30,2026-03-31,09:45,0.0411,0.0119
幸福村1社,30,2026-03-31,10:00,0.0355,0.0446
幸福村1社,30,2026-03-31,10:15,0.0237,0.0164
幸福村1社,30,2026-03-31,10:30,0.0262,0.0114
幸福村1社,30,2026-03-31,10:45,0.0262,0.0322
幸福村1社,30,2026-03-31,11:00,0.0185,0.0148
幸福村1社,30,2026-03-31,11:15,0.0188,0.0221
幸福村1社,30,2026-03-31,11:30,0.026,0.0169
幸福村1社,30,2026-03-31,11:45,0.0202,0.0116
幸福村1社,30,2026-03-31,12:00,0.0191,0.0136
幸福村1社,30,2026-03-31,12:15,0.0183,0.0136
幸福村1社,30,2026-03-31,12:30,0.0242,0.0151
幸福村1社,30,2026-03-31,12:45,0.0228,0.0173
幸福村1社,30,2026-03-31,13:00,0.0287,0.0171
幸福村1社,30,2026-03-31,13:15,0.018,0.0113
幸福村1社,30,2026-03-31,13:30,0.0178,0.0157
幸福村1社,30,2026-03-31,13:45,0.0233,0.0164
幸福村1社,30,2026-03-31,14:00,0.0257,0.0168
幸福村1社,30,2026-03-31,14:15,0.0211,0.0178
幸福村1社,30,2026-03-31,14:30,0.0233,0.0636
幸福村1社,30,2026-03-31,14:45,0.0216,0.0174
幸福村1社,30,2026-03-31,15:00,0.0199,0.0136
幸福村1社,30,2026-03-31,15:15,0.0223,0.0237
幸福村1社,30,2026-03-31,15:30,0.0275,0.0176
幸福村1社,30,2026-03-31,15:45,0.0241,0.0417
幸福村1社,30,2026-03-31,16:00,0.0234,0.0524
幸福村1社,30,2026-03-31,16:15,0.0226,0.0145
幸福村1社,30,2026-03-31,16:30,0.0285,0.0543
幸福村1社,30,2026-03-31,16:45,0.0372,0.0436
幸福村1社,30,2026-03-31,17:00,0.0327,0.0088
幸福村1社,30,2026-03-31,17:15,0.0328,0.0213
幸福村1社,30,2026-03-31,17:30,0.0336,0.0273
幸福村1社,30,2026-03-31,17:45,0.0343,0.0265
幸福村1社,30,2026-03-31,18:00,0.0343,0.0766
幸福村1社,30,2026-03-31,18:15,0.0456,0.0748
幸福村1社,30,2026-03-31,18:30,0.0449,0.1578
幸福村1社,30,2026-03-31,18:45,0.0424,0.1446
幸福村1社,30,2026-03-31,19:00,0.0378,0.0535
幸福村1社,30,2026-03-31,19:15,0.0374,0.0178
幸福村1社,30,2026-03-31,19:30,0.0344,0.0227
幸福村1社,30,2026-03-31,19:45,0.0352,0.0207
幸福村1社,30,2026-03-31,20:00,0.0298,0.0195
幸福村1社,30,2026-03-31,20:15,0.0314,0.0193
幸福村1社,30,2026-03-31,20:30,0.0224,0.0181
幸福村1社,30,2026-03-31,20:45,0.0248,0.0274
幸福村1社,30,2026-03-31,21:00,0.0295,0.0169
幸福村1社,30,2026-03-31,21:15,0.0204,0.0176
幸福村1社,30,2026-03-31,21:30,0.0206,0.0532
幸福村1社,30,2026-03-31,21:45,0.0154,0.0261
幸福村1社,30,2026-03-31,22:00,0.0216,0.0284
幸福村1社,30,2026-03-31,22:15,0.0252,0.0255
幸福村1社,30,2026-03-31,22:30,0.0206,0.0362
幸福村1社,30,2026-03-31,22:45,0.0178,0.0265
幸福村1社,30,2026-03-31,23:00,0.0179,0.0243
幸福村1社,30,2026-03-31,23:15,0.0154,0.0248
幸福村1社,30,2026-03-31,23:30,0.0244,0.0261
幸福村1社,30,2026-03-31,23:45,0.0164,0.0293
幸福村1社,30,2026-04-01,00:00,0.0173,0.0267
幸福村1社,30,2026-04-01,00:15,0.0161,0.0286
幸福村1社,30,2026-04-01,00:30,0.0175,0.0246
幸福村1社,30,2026-04-01,00:45,0.0155,0.0255
幸福村1社,30,2026-04-01,01:00,0.0171,0.0167
幸福村1社,30,2026-04-01,01:15,0.0159,0.0299
幸福村1社,30,2026-04-01,01:30,0.0188,0.0216
幸福村1社,30,2026-04-01,01:45,0.0146,0.0286
幸福村1社,30,2026-04-01,02:00,0.0165,0.0245
幸福村1社,30,2026-04-01,02:15,0.0151,0.0281
幸福村1社,30,2026-04-01,02:30,0.0141,0.0195
幸福村1社,30,2026-04-01,02:45,0.0171,0.0321
幸福村1社,30,2026-04-01,03:00,0.0182,0.0186
幸福村1社,30,2026-04-01,03:15,0.0165,0.0228
幸福村1社,30,2026-04-01,03:30,0.0134,0.0205
幸福村1社,30,2026-04-01,03:45,0.015,0.0257
幸福村1社,30,2026-04-01,04:00,0.0152,0.015
幸福村1社,30,2026-04-01,04:15,0.0191,0.0143
幸福村1社,30,2026-04-01,04:30,0.0143,0.0149
幸福村1社,30,2026-04-01,04:45,0.0116,0.0205
幸福村1社,30,2026-04-01,05:00,0.0166,0.0115
幸福村1社,30,2026-04-01,05:15,0.0139,0.0246
幸福村1社,30,2026-04-01,05:30,0.0143,0.0158
幸福村1社,30,2026-04-01,05:45,0.0146,0.0208
幸福村1社,30,2026-04-01,06:00,0.0102,0.0156
幸福村1社,30,2026-04-01,06:15,0.0194,0.0121
幸福村1社,30,2026-04-01,06:30,0.0222,0.0176
幸福村1社,30,2026-04-01,06:45,0.0208,0.0444
幸福村1社,30,2026-04-01,07:00,0.0267,0.0149
幸福村1社,30,2026-04-01,07:15,0.0278,0.0143
幸福村1社,30,2026-04-01,07:30,0.0339,0.0241
幸福村1社,30,2026-04-01,07:45,0.0435,0.0141
幸福村1社,30,2026-04-01,08:00,0.0462,0.0129
幸福村1社,30,2026-04-01,08:15,0.0458,0.1237
幸福村1社,30,2026-04-01,08:30,0.0473,0.0936
幸福村1社,30,2026-04-01,08:45,0.0493,0.0706
幸福村1社,30,2026-04-01,09:00,0.0439,0.0488
幸福村1社,30,2026-04-01,09:15,0.0519,0.0116
幸福村1社,30,2026-04-01,09:30,0.0413,0.0256
幸福村1社,30,2026-04-01,09:45,0.0462,0.0376
幸福村1社,30,2026-04-01,10:00,0.0401,0.0117
幸福村1社,30,2026-04-01,10:15,0.029,0.0082
幸福村1社,30,2026-04-01,10:30,0.0243,0.0108
幸福村1社,30,2026-04-01,10:45,0.0294,0.0109
幸福村1社,30,2026-04-01,11:00,0.0295,0.0089
幸福村1社,30,2026-04-01,11:15,0.0206,0.0116
幸福村1社,30,2026-04-01,11:30,0.0238,0.0089
幸福村1社,30,2026-04-01,11:45,0.0224,0.0122
幸福村1社,30,2026-04-01,12:00,0.0221,0.0139
幸福村1社,30,2026-04-01,12:15,0.0175,0.0175
幸福村1社,30,2026-04-01,12:30,0.0143,0.012
幸福村1社,30,2026-04-01,12:45,0.0216,0.0148
幸福村1社,30,2026-04-01,13:00,0.0203,0.017
幸福村1社,30,2026-04-01,13:15,0.0233,0.0115
幸福村1社,30,2026-04-01,13:30,0.0212,0.0411
幸福村1社,30,2026-04-01,13:45,0.0198,0.0907
幸福村1社,30,2026-04-01,14:00,0.0224,0.0222
幸福村1社,30,2026-04-01,14:15,0.0166,0.0359
幸福村1社,30,2026-04-01,14:30,0.0223,0.0245
幸福村1社,30,2026-04-01,14:45,0.0227,0.0145
幸福村1社,30,2026-04-01,15:00,0.0241,0.0107
幸福村1社,30,2026-04-01,15:15,0.0222,0.0673
幸福村1社,30,2026-04-01,15:30,0.0232,0.0198
幸福村1社,30,2026-04-01,15:45,0.0234,0.0178
幸福村1社,30,2026-04-01,16:00,0.0259,0.0145
幸福村1社,30,2026-04-01,16:15,0.0233,0.0556
幸福村1社,30,2026-04-01,16:30,0.0342,0.0386
幸福村1社,30,2026-04-01,16:45,0.0339,0.0541
幸福村1社,30,2026-04-01,17:00,0.0317,0.0343
幸福村1社,30,2026-04-01,17:15,0.0397,0.0186
幸福村1社,30,2026-04-01,17:30,0.0333,0.0435
幸福村1社,30,2026-04-01,17:45,0.0355,0.0249
幸福村1社,30,2026-04-01,18:00,0.0394,0.0208
幸福村1社,30,2026-04-01,18:15,0.0411,0.0286
幸福村1社,30,2026-04-01,18:30,0.0404,0.0279
幸福村1社,30,2026-04-01,18:45,0.036,0.0125
幸福村1社,30,2026-04-01,19:00,0.0319,0.0195
幸福村1社,30,2026-04-01,19:15,0.0345,0.0646
幸福村1社,30,2026-04-01,19:30,0.0384,0.0984
幸福村1社,30,2026-04-01,19:45,0.0402,0.0611
幸福村1社,30,2026-04-01,20:00,0.0377,0.0197
幸福村1社,30,2026-04-01,20:15,0.0332,0.0513
幸福村1社,30,2026-04-01,20:30,0.0264,0.0269
幸福村1社,30,2026-04-01,20:45,0.0213,0.0257
幸福村1社,30,2026-04-01,21:00,0.0244,0.0284
幸福村1社,30,2026-04-01,21:15,0.0225,0.02
幸福村1社,30,2026-04-01,21:30,0.0227,0.0207
幸福村1社,30,2026-04-01,21:45,0.0217,0.0308
幸福村1社,30,2026-04-01,22:00,0.0185,0.0185
幸福村1社,30,2026-04-01,22:15,0.0227,0.0195
幸福村1社,30,2026-04-01,22:30,0.0261,0.0134
幸福村1社,30,2026-04-01,22:45,0.0163,0.0207
幸福村1社,30,2026-04-01,23:00,0.0182,0.0198
幸福村1社,30,2026-04-01,23:15,0.0199,0.0144
幸福村1社,30,2026-04-01,23:30,0.0171,0.0292
幸福村1社,30,2026-04-01,23:45,0.0214,0.0287
幸福村1社,31,2026-04-14,00:00,0.0178,0.0242
幸福村1社,31,2026-04-14,00:15,0.0135,0.0134
幸福村1社,31,2026-04-14,00:30,0.0129,0.0161
幸福村1社,31,2026-04-14,00:45,0.0111,0.0171
幸福村1社,31,2026-04-14,01:00,0.0122,0.0163
幸福村1社,31,2026-04-14,01:15,0.0193,0.0191
幸福村1社,31,2026-04-14,01:30,0.0179,0.0164
幸福村1社,31,2026-04-14,01:45,0.0172,0.0154
幸福村1社,31,2026-04-14,02:00,0.0166,0.0189
幸福村1社,31,2026-04-14,02:15,0.0162,0.015
幸福村1社,31,2026-04-14,02:30,0.0135,0.025
幸福村1社,31,2026-04-14,02:45,0.0118,0.0164
幸福村1社,31,2026-04-14,03:00,0.0148,0.0178
幸福村1社,31,2026-04-14,03:15,0.0162,0.0177
幸福村1社,31,2026-04-14,03:30,0.0161,0.0185
幸福村1社,31,2026-04-14,03:45,0.0161,0.0212
幸福村1社,31,2026-04-14,04:00,0.0136,0.0197
幸福村1社,31,2026-04-14,04:15,0.0149,0.0182
幸福村1社,31,2026-04-14,04:30,0.0182,0.0122
幸福村1社,31,2026-04-14,04:45,0.0185,0.0151
幸福村1社,31,2026-04-14,05:00,0.0186,0.0123
幸福村1社,31,2026-04-14,05:15,0.0168,0.0124
幸福村1社,31,2026-04-14,05:30,0.0172,0.0222
幸福村1社,31,2026-04-14,05:45,0.0201,0.0113
幸福村1社,31,2026-04-14,06:00,0.0167,0.0094
幸福村1社,31,2026-04-14,06:15,0.0178,0.0149
幸福村1社,31,2026-04-14,06:30,0.0215,0.0118
幸福村1社,31,2026-04-14,06:45,0.0233,0.0199
幸福村1社,31,2026-04-14,07:00,0.023,0.0168
幸福村1社,31,2026-04-14,07:15,0.0268,0.0332
幸福村1社,31,2026-04-14,07:30,0.0288,0.0199
幸福村1社,31,2026-04-14,07:45,0.0428,0.0178
幸福村1社,31,2026-04-14,08:00,0.0405,0.0698
幸福村1社,31,2026-04-14,08:15,0.0466,0.0593
幸福村1社,31,2026-04-14,08:30,0.0489,0.04
幸福村1社,31,2026-04-14,08:45,0.0463,0.1051
幸福村1社,31,2026-04-14,09:00,0.0452,0.0487
幸福村1社,31,2026-04-14,09:15,0.0483,0.0193
幸福村1社,31,2026-04-14,09:30,0.0379,0.0838
幸福村1社,31,2026-04-14,09:45,0.0404,0.0331
幸福村1社,31,2026-04-14,10:00,0.0359,0.0334
幸福村1社,31,2026-04-14,10:15,0.0288,0.0333
幸福村1社,31,2026-04-14,10:30,0.0282,0.0222
幸福村1社,31,2026-04-14,10:45,0.0293,0.009
幸福村1社,31,2026-04-14,11:00,0.0255,0.0135
幸福村1社,31,2026-04-14,11:15,0.0244,0.016
幸福村1社,31,2026-04-14,11:30,0.0217,0.0206
幸福村1社,31,2026-04-14,11:45,0.0303,0.0483
幸福村1社,31,2026-04-14,12:00,0.0205,0.0261
幸福村1社,31,2026-04-14,12:15,0.0193,0.0513
幸福村1社,31,2026-04-14,12:30,0.0292,0.0198
幸福村1社,31,2026-04-14,12:45,0.0194,0.0279
幸福村1社,31,2026-04-14,13:00,0.0205,0.0669
幸福村1社,31,2026-04-14,13:15,0.0243,0.0162
幸福村1社,31,2026-04-14,13:30,0.0219,0.0104
幸福村1社,31,2026-04-14,13:45,0.0222,0.0186
幸福村1社,31,2026-04-14,14:00,0.0254,0.0114
幸福村1社,31,2026-04-14,14:15,0.023,0.0177
幸福村1社,31,2026-04-14,14:30,0.0252,0.0237
幸福村1社,31,2026-04-14,14:45,0.0224,0.0282
幸福村1社,31,2026-04-14,15:00,0.0246,0.0161
幸福村1社,31,2026-04-14,15:15,0.0223,0.0185
幸福村1社,31,2026-04-14,15:30,0.0264,0.0141
幸福村1社,31,2026-04-14,15:45,0.0202,0.0172
幸福村1社,31,2026-04-14,16:00,0.0214,0.0482
幸福村1社,31,2026-04-14,16:15,0.0278,0.0175
幸福村1社,31,2026-04-14,16:30,0.0378,0.0604
幸福村1社,31,2026-04-14,16:45,0.037,0.0481
幸福村1社,31,2026-04-14,17:00,0.0337,0.0487
幸福村1社,31,2026-04-14,17:15,0.0413,0.0441
幸福村1社,31,2026-04-14,17:30,0.0393,0.0147
幸福村1社,31,2026-04-14,17:45,0.0397,0.0205
幸福村1社,31,2026-04-14,18:00,0.0359,0.0563
幸福村1社,31,2026-04-14,18:15,0.0451,0.0216
幸福村1社,31,2026-04-14,18:30,0.0395,0.0498
幸福村1社,31,2026-04-14,18:45,0.0434,0.0441
幸福村1社,31,2026-04-14,19:00,0.0413,0.0161
幸福村1社,31,2026-04-14,19:15,0.0396,0.0405
幸福村1社,31,2026-04-14,19:30,0.0401,0.0181
幸福村1社,31,2026-04-14,19:45,0.0382,0.0185
幸福村1社,31,2026-04-14,20:00,0.0346,0.0239
幸福村1社,31,2026-04-14,20:15,0.0339,0.0193
幸福村1社,31,2026-04-14,20:30,0.0227,0.0205
幸福村1社,31,2026-04-14,20:45,0.029,0.0247
幸福村1社,31,2026-04-14,21:00,0.0239,0.0206
幸福村1社,31,2026-04-14,21:15,0.026,0.0234
幸福村1社,31,2026-04-14,21:30,0.0248,0.0211
幸福村1社,31,2026-04-14,21:45,0.0195,0.0538
幸福村1社,31,2026-04-14,22:00,0.0223,0.0195
幸福村1社,31,2026-04-14,22:15,0.0166,0.0128
幸福村1社,31,2026-04-14,22:30,0.0214,0.0146
幸福村1社,31,2026-04-14,22:45,0.0231,0.0176
幸福村1社,31,2026-04-14,23:00,0.02,0.0156
幸福村1社,31,2026-04-14,23:15,0.0168,0.018
幸福村1社,31,2026-04-14,23:30,0.0199,0.0133
幸福村1社,31,2026-04-14,23:45,0.0135,0.0202
幸福村1社,31,2026-04-15,00:00,0.0148,0.0168
幸福村1社,31,2026-04-15,00:15,0.0167,0.019
幸福村1社,31,2026-04-15,00:30,0.0167,0.0167
幸福村1社,31,2026-04-15,00:45,0.0187,0.0194
幸福村1社,31,2026-04-15,01:00,0.0151,0.0202
幸福村1社,31,2026-04-15,01:15,0.0161,0.0124
幸福村1社,31,2026-04-15,01:30,0.0206,0.0185
幸福村1社,31,2026-04-15,01:45,0.0176,0.0134
幸福村1社,31,2026-04-15,02:00,0.0168,0.0095
幸福村1社,31,2026-04-15,02:15,0.017,0.0178
幸福村1社,31,2026-04-15,02:30,0.018,0.0131
幸福村1社,31,2026-04-15,02:45,0.0187,0.0102
幸福村1社,31,2026-04-15,03:00,0.0139,0.0137
幸福村1社,31,2026-04-15,03:15,0.0117,0.0154
幸福村1社,31,2026-04-15,03:30,0.0156,0.0161
幸福村1社,31,2026-04-15,03:45,0.0159,0.0131
幸福村1社,31,2026-04-15,04:00,0.014,0.0269
幸福村1社,31,2026-04-15,04:15,0.0115,0.0122
幸福村1社,31,2026-04-15,04:30,0.0156,0.016
幸福村1社,31,2026-04-15,04:45,0.0171,0.0183
幸福村1社,31,2026-04-15,05:00,0.0128,0.0182
幸福村1社,31,2026-04-15,05:15,0.0146,0.0201
幸福村1社,31,2026-04-15,05:30,0.0142,0.015
幸福村1社,31,2026-04-15,05:45,0.0186,0.0164
幸福村1社,31,2026-04-15,06:00,0.018,0.02
幸福村1社,31,2026-04-15,06:15,0.014,0.015
幸福村1社,31,2026-04-15,06:30,0.0219,0.0441
幸福村1社,31,2026-04-15,06:45,0.02,0.0173
幸福村1社,31,2026-04-15,07:00,0.0259,0.0096
幸福村1社,31,2026-04-15,07:15,0.0256,0.0258
幸福村1社,31,2026-04-15,07:30,0.0327,0.0216
幸福村1社,31,2026-04-15,07:45,0.0425,0.1046
幸福村1社,31,2026-04-15,08:00,0.0436,0.0591
幸福村1社,31,2026-04-15,08:15,0.0519,0.0439
幸福村1社,31,2026-04-15,08:30,0.0573,0.0626
幸福村1社,31,2026-04-15,08:45,0.0508,0.1559
幸福村1社,31,2026-04-15,09:00,0.0461,0.0906
幸福村1社,31,2026-04-15,09:15,0.0449,0.0839
幸福村1社,31,2026-04-15,09:30,0.0369,0.0649
幸福村1社,31,2026-04-15,09:45,0.0422,0.0149
幸福村1社,31,2026-04-15,10:00,0.0369,0.0175
幸福村1社,31,2026-04-15,10:15,0.0245,0.0662
幸福村1社,31,2026-04-15,10:30,0.0257,0.0358
幸福村1社,31,2026-04-15,10:45,0.0269,0.0203
幸福村1社,31,2026-04-15,11:00,0.0194,0.0303
幸福村1社,31,2026-04-15,11:15,0.0193,0.0572
幸福村1社,31,2026-04-15,11:30,0.0263,0.0419
幸福村1社,31,2026-04-15,11:45,0.0206,0.0692
幸福村1社,31,2026-04-15,12:00,0.0187,0.0128
幸福村1社,31,2026-04-15,12:15,0.0183,0.0149
幸福村1社,31,2026-04-15,12:30,0.0245,0.0168
幸福村1社,31,2026-04-15,12:45,0.0236,0.0268
幸福村1社,31,2026-04-15,13:00,0.0275,0.0121
幸福村1社,31,2026-04-15,13:15,0.018,0.0134
幸福村1社,31,2026-04-15,13:30,0.0185,0.0128
幸福村1社,31,2026-04-15,13:45,0.0245,0.0177
幸福村1社,31,2026-04-15,14:00,0.026,0.0392
幸福村1社,31,2026-04-15,14:15,0.0207,0.0147
幸福村1社,31,2026-04-15,14:30,0.0238,0.046
幸福村1社,31,2026-04-15,14:45,0.0208,0.0493
幸福村1社,31,2026-04-15,15:00,0.0206,0.0269
幸福村1社,31,2026-04-15,15:15,0.0228,0.0419
幸福村1社,31,2026-04-15,15:30,0.0263,0.0178
幸福村1社,31,2026-04-15,15:45,0.024,0.0122
幸福村1社,31,2026-04-15,16:00,0.0228,0.0148
幸福村1社,31,2026-04-15,16:15,0.023,0.0148
幸福村1社,31,2026-04-15,16:30,0.0289,0.0135
幸福村1社,31,2026-04-15,16:45,0.0377,0.048
幸福村1社,31,2026-04-15,17:00,0.0326,0.0152
幸福村1社,31,2026-04-15,17:15,0.0333,0.0122
幸福村1社,31,2026-04-15,17:30,0.0357,0.0194
幸福村1社,31,2026-04-15,17:45,0.0341,0.0158
幸福村1社,31,2026-04-15,18:00,0.0364,0.0839
幸福村1社,31,2026-04-15,18:15,0.0453,0.0385
幸福村1社,31,2026-04-15,18:30,0.0457,0.0394
幸福村1社,31,2026-04-15,18:45,0.0425,0.041
幸福村1社,31,2026-04-15,19:00,0.0382,0.037
幸福村1社,31,2026-04-15,19:15,0.0386,0.038
幸福村1社,31,2026-04-15,19:30,0.0365,0.0831
幸福村1社,31,2026-04-15,19:45,0.0356,0.0478
幸福村1社,31,2026-04-15,20:00,0.0308,0.0613
幸福村1社,31,2026-04-15,20:15,0.0326,0.0361
幸福村1社,31,2026-04-15,20:30,0.0237,0.0189
幸福村1社,31,2026-04-15,20:45,0.0261,0.0222
幸福村1社,31,2026-04-15,21:00,0.0285,0.0132
幸福村1社,31,2026-04-15,21:15,0.0221,0.0157
幸福村1社,31,2026-04-15,21:30,0.0209,0.022
幸福村1社,31,2026-04-15,21:45,0.016,0.0179
幸福村1社,31,2026-04-15,22:00,0.0224,0.0181
幸福村1社,31,2026-04-15,22:15,0.0245,0.0233
幸福村1社,31,2026-04-15,22:30,0.0209,0.0163
幸福村1社,31,2026-04-15,22:45,0.0175,0.0206
幸福村1社,31,2026-04-15,23:00,0.0187,0.02
幸福村1社,31,2026-04-15,23:15,0.0157,0.0124
幸福村1社,31,2026-04-15,23:30,0.0233,0.0174
幸福村1社,31,2026-04-15,23:45,0.0161,0.0174
幸福村1社,31,2026-04-16,00:00,0.0171,0.0168
幸福村1社,31,2026-04-16,00:15,0.0152,0.0161
幸福村1社,31,2026-04-16,00:30,0.0176,0.0137
幸福村1社,31,2026-04-16,00:45,0.016,0.0148
幸福村1社,31,2026-04-16,01:00,0.017,0.0197
幸福村1社,31,2026-04-16,01:15,0.0159,0.0167
幸福村1社,31,2026-04-16,01:30,0.0188,0.0126
幸福村1社,31,2026-04-16,01:45,0.015,0.0211
幸福村1社,31,2026-04-16,02:00,0.017,0.0131
幸福村1社,31,2026-04-16,02:15,0.0162,0.0136
幸福村1社,31,2026-04-16,02:30,0.0137,0.0147
幸福村1社,31,2026-04-16,02:45,0.0173,0.0101
幸福村1社,31,2026-04-16,03:00,0.0184,0.0118
幸福村1社,31,2026-04-16,03:15,0.0179,0.0141
幸福村1社,31,2026-04-16,03:30,0.0143,0.0123
幸福村1社,31,2026-04-16,03:45,0.0158,0.0192
幸福村1社,31,2026-04-16,04:00,0.015,0.0144
幸福村1社,31,2026-04-16,04:15,0.0194,0.0109
幸福村1社,31,2026-04-16,04:30,0.014,0.0129
幸福村1社,31,2026-04-16,04:45,0.0114,0.0134
幸福村1社,31,2026-04-16,05:00,0.0158,0.0145
幸福村1社,31,2026-04-16,05:15,0.0146,0.0132
幸福村1社,31,2026-04-16,05:30,0.0137,0.0132
幸福村1社,31,2026-04-16,05:45,0.0142,0.0114
幸福村1社,31,2026-04-16,06:00,0.0099,0.014
幸福村1社,31,2026-04-16,06:15,0.018,0.0126
幸福村1社,31,2026-04-16,06:30,0.0214,0.0324
幸福村1社,31,2026-04-16,06:45,0.0199,0.012
幸福村1社,31,2026-04-16,07:00,0.0258,0.0156
幸福村1社,31,2026-04-16,07:15,0.0274,0.0181
幸福村1社,31,2026-04-16,07:30,0.0338,0.0183
幸福村1社,31,2026-04-16,07:45,0.0432,0.0731
幸福村1社,31,2026-04-16,08:00,0.046,0.0781
幸福村1社,31,2026-04-16,08:15,0.0456,0.0654
幸福村1社,31,2026-04-16,08:30,0.0464,0.0779
幸福村1社,31,2026-04-16,08:45,0.05,0.108
幸福村1社,31,2026-04-16,09:00,0.0452,0.0512
幸福村1社,31,2026-04-16,09:15,0.0526,0.0778
幸福村1社,31,2026-04-16,09:30,0.0432,0.0394
幸福村1社,31,2026-04-16,09:45,0.0476,0.0107
幸福村1社,31,2026-04-16,10:00,0.0413,0.0188
幸福村1社,31,2026-04-16,10:15,0.0304,0.058
幸福村1社,31,2026-04-16,10:30,0.0254,0.0319
幸福村1社,31,2026-04-16,10:45,0.0306,0.0114
幸福村1社,31,2026-04-16,11:00,0.0296,0.0511
幸福村1社,31,2026-04-16,11:15,0.0224,0.0396
幸福村1社,31,2026-04-16,11:30,0.0254,0.0311
幸福村1社,31,2026-04-16,11:45,0.0233,0.0281
幸福村1社,31,2026-04-16,12:00,0.0235,0.0281
幸福村1社,31,2026-04-16,12:15,0.0174,0.044
幸福村1社,31,2026-04-16,12:30,0.0151,0.0666
幸福村1社,31,2026-04-16,12:45,0.0227,0.0176
幸福村1社,31,2026-04-16,13:00,0.02,0.0449
幸福村1社,31,2026-04-16,13:15,0.0234,0.0216
幸福村1社,31,2026-04-16,13:30,0.0212,0.016
幸福村1社,31,2026-04-16,13:45,0.0212,0.0653
幸福村1社,31,2026-04-16,14:00,0.0227,0.0564
幸福村1社,31,2026-04-16,14:15,0.0178,0.0112
幸福村1社,31,2026-04-16,14:30,0.0226,0.0149
幸福村1社,31,2026-04-16,14:45,0.0232,0.0249
幸福村1社,31,2026-04-16,15:00,0.0238,0.0612
幸福村1社,31,2026-04-16,15:15,0.0234,0.0411
幸福村1社,31,2026-04-16,15:30,0.0237,0.0203
幸福村1社,31,2026-04-16,15:45,0.0249,0.0427
幸福村1社,31,2026-04-16,16:00,0.0269,0.0226
幸福村1社,31,2026-04-16,16:15,0.0241,0.0264
幸福村1社,31,2026-04-16,16:30,0.0363,0.0246
幸福村1社,31,2026-04-16,16:45,0.0334,0.0203
幸福村1社,31,2026-04-16,17:00,0.0337,0.0519
幸福村1社,31,2026-04-16,17:15,0.0402,0.0488
幸福村1社,31,2026-04-16,17:30,0.0335,0.036
幸福村1社,31,2026-04-16,17:45,0.0376,0.0387
幸福村1社,31,2026-04-16,18:00,0.0412,0.0206
幸福村1社,31,2026-04-16,18:15,0.0418,0.0722
幸福村1社,31,2026-04-16,18:30,0.0407,0.0499
幸福村1社,31,2026-04-16,18:45,0.0375,0.0443
幸福村1社,31,2026-04-16,19:00,0.0333,0.0353
幸福村1社,31,2026-04-16,19:15,0.0348,0.01
幸福村1社,31,2026-04-16,19:30,0.0389,0.042
幸福村1社,31,2026-04-16,19:45,0.0412,0.0224
幸福村1社,31,2026-04-16,20:00,0.0371,0.0186
幸福村1社,31,2026-04-16,20:15,0.0348,0.0402
幸福村1社,31,2026-04-16,20:30,0.0277,0.0268
幸福村1社,31,2026-04-16,20:45,0.023,0.024
幸福村1社,31,2026-04-16,21:00,0.0246,0.0185
幸福村1社,31,2026-04-16,21:15,0.0235,0.0142
幸福村1社,31,2026-04-16,21:30,0.0227,0.025
幸福村1社,31,2026-04-16,21:45,0.0227,0.0177
幸福村1社,31,2026-04-16,22:00,0.0189,0.0196
幸福村1社,31,2026-04-16,22:15,0.0234,0.026
幸福村1社,31,2026-04-16,22:30,0.0257,0.0138
幸福村1社,31,2026-04-16,22:45,0.0154,0.0175
幸福村1社,31,2026-04-16,23:00,0.0183,0.0235
幸福村1社,31,2026-04-16,23:15,0.0198,0.0161
幸福村1社,31,2026-04-16,23:30,0.0179,0.015
幸福村1社,31,2026-04-16,23:45,0.0221,0.012
幸福村4社,32,2026-03-17,00:00,0.0005,0.0011
幸福村4社,32,2026-03-17,00:15,0.0004,0.0009
幸福村4社,32,2026-03-17,00:30,0.0009,0.0009
幸福村4社,32,2026-03-17,00:45,0.0005,0.0009
幸福村4社,32,2026-03-17,01:00,0.001,0.0009
幸福村4社,32,2026-03-17,01:15,0.0005,0.0009
幸福村4社,32,2026-03-17,01:30,0.0003,0.0009
幸福村4社,32,2026-03-17,01:45,0.0004,0.0009
幸福村4社,32,2026-03-17,02:00,0.0002,0.0009
幸福村4社,32,2026-03-17,02:15,0.0002,0.0009
幸福村4社,32,2026-03-17,02:30,0.0004,0.0009
幸福村4社,32,2026-03-17,02:45,0.0,0.0009
幸福村4社,32,2026-03-17,03:00,0.0006,0.0009
幸福村4社,32,2026-03-17,03:15,0.0003,0.0009
幸福村4社,32,2026-03-17,03:30,0.0012,0.0009
幸福村4社,32,2026-03-17,03:45,0.0005,0.0009
幸福村4社,32,2026-03-17,04:00,0.0005,0.0009
幸福村4社,32,2026-03-17,04:15,0.0006,0.0009
幸福村4社,32,2026-03-17,04:30,0.001,0.0009
幸福村4社,32,2026-03-17,04:45,0.0007,0.0009
幸福村4社,32,2026-03-17,05:00,0.0004,0.0009
幸福村4社,32,2026-03-17,05:15,0.0003,0.0009
幸福村4社,32,2026-03-17,05:30,0.0008,0.0009
幸福村4社,32,2026-03-17,05:45,0.0003,0.0009
幸福村4社,32,2026-03-17,06:00,0.0007,0.0005
幸福村4社,32,2026-03-17,06:15,0.0004,0.0005
幸福村4社,32,2026-03-17,06:30,0.0013,0.0005
幸福村4社,32,2026-03-17,06:45,0.0005,0.0004
幸福村4社,32,2026-03-17,07:00,0.0012,0.0004
幸福村4社,32,2026-03-17,07:15,0.0011,0.0004
幸福村4社,32,2026-03-17,07:30,0.0016,0.0004
幸福村4社,32,2026-03-17,07:45,0.002,0.0007
幸福村4社,32,2026-03-17,08:00,0.0015,0.0006
幸福村4社,32,2026-03-17,08:15,0.001,0.0005
幸福村4社,32,2026-03-17,08:30,0.0014,0.0006
幸福村4社,32,2026-03-17,08:45,0.0017,0.0006
幸福村4社,32,2026-03-17,09:00,0.0017,0.0006
幸福村4社,32,2026-03-17,09:15,0.0007,0.0006
幸福村4社,32,2026-03-17,09:30,0.0013,0.0004
幸福村4社,32,2026-03-17,09:45,0.0003,0.0004
幸福村4社,32,2026-03-17,10:00,0.0018,0.0004
幸福村4社,32,2026-03-17,10:15,0.0019,0.0004
幸福村4社,32,2026-03-17,10:30,0.0016,0.0004
幸福村4社,32,2026-03-17,10:45,0.0028,0.0004
幸福村4社,32,2026-03-17,11:00,0.0022,0.0004
幸福村4社,32,2026-03-17,11:15,0.0021,0.0004
幸福村4社,32,2026-03-17,11:30,0.0019,0.0004
幸福村4社,32,2026-03-17,11:45,0.0016,0.0004
幸福村4社,32,2026-03-17,12:00,0.002,0.0004
幸福村4社,32,2026-03-17,12:15,0.0009,0.0004
幸福村4社,32,2026-03-17,12:30,0.0012,0.0004
幸福村4社,32,2026-03-17,12:45,0.0011,0.0004
幸福村4社,32,2026-03-17,13:00,0.0009,0.0004
幸福村4社,32,2026-03-17,13:15,0.0005,0.0004
幸福村4社,32,2026-03-17,13:30,0.0013,0.0004
幸福村4社,32,2026-03-17,13:45,0.0015,0.0004
幸福村4社,32,2026-03-17,14:00,0.0011,0.0004
幸福村4社,32,2026-03-17,14:15,0.0006,0.0004
幸福村4社,32,2026-03-17,14:30,0.0008,0.0004
幸福村4社,32,2026-03-17,14:45,0.0008,0.0004
幸福村4社,32,2026-03-17,15:00,0.0008,0.0004
幸福村4社,32,2026-03-17,15:15,0.0,0.0004
幸福村4社,32,2026-03-17,15:30,0.0007,0.0005
幸福村4社,32,2026-03-17,15:45,0.0009,0.0005
幸福村4社,32,2026-03-17,16:00,0.0009,0.0004
幸福村4社,32,2026-03-17,16:15,0.0005,0.0006
幸福村4社,32,2026-03-17,16:30,0.0019,0.0004
幸福村4社,32,2026-03-17,16:45,0.0009,0.0006
幸福村4社,32,2026-03-17,17:00,0.0018,0.0006
幸福村4社,32,2026-03-17,17:15,0.0011,0.0005
幸福村4社,32,2026-03-17,17:30,0.0012,0.0004
幸福村4社,32,2026-03-17,17:45,0.0017,0.0004
幸福村4社,32,2026-03-17,18:00,0.0005,0.0004
幸福村4社,32,2026-03-17,18:15,0.0006,0.0006
幸福村4社,32,2026-03-17,18:30,0.0006,0.0004
幸福村4社,32,2026-03-17,18:45,0.0002,0.0004
幸福村4社,32,2026-03-17,19:00,0.0012,0.0004
幸福村4社,32,2026-03-17,19:15,0.0011,0.0004
幸福村4社,32,2026-03-17,19:30,0.0012,0.0004
幸福村4社,32,2026-03-17,19:45,0.002,0.0024
幸福村4社,32,2026-03-17,20:00,0.0029,0.0024
幸福村4社,32,2026-03-17,20:15,0.0009,0.0024
幸福村4社,32,2026-03-17,20:30,0.0009,0.0021
幸福村4社,32,2026-03-17,20:45,0.0009,0.0022
幸福村4社,32,2026-03-17,21:00,0.0017,0.0022
幸福村4社,32,2026-03-17,21:15,0.0011,0.0022
幸福村4社,32,2026-03-17,21:30,0.001,0.0022
幸福村4社,32,2026-03-17,21:45,0.0014,0.0022
幸福村4社,32,2026-03-17,22:00,0.0014,0.0023
幸福村4社,32,2026-03-17,22:15,0.0021,0.0023
幸福村4社,32,2026-03-17,22:30,0.0014,0.0018
幸福村4社,32,2026-03-17,22:45,0.0006,0.0017
幸福村4社,32,2026-03-17,23:00,0.0008,0.0015
幸福村4社,32,2026-03-17,23:15,0.0009,0.0014
幸福村4社,32,2026-03-17,23:30,0.0005,0.0015
幸福村4社,32,2026-03-17,23:45,0.0008,0.0015
幸福村4社,32,2026-03-18,00:00,0.0011,0.0014
幸福村4社,32,2026-03-18,00:15,0.0005,0.0013
幸福村4社,32,2026-03-18,00:30,0.0006,0.0009
幸福村4社,32,2026-03-18,00:45,0.0004,0.0004
幸福村4社,32,2026-03-18,01:00,0.0005,0.0004
幸福村4社,32,2026-03-18,01:15,0.0007,0.0004
幸福村4社,32,2026-03-18,01:30,0.001,0.0004
幸福村4社,32,2026-03-18,01:45,0.0008,0.0004
幸福村4社,32,2026-03-18,02:00,0.0005,0.0004
幸福村4社,32,2026-03-18,02:15,0.0008,0.001
幸福村4社,32,2026-03-18,02:30,0.0005,0.0009
幸福村4社,32,2026-03-18,02:45,0.0001,0.0009
幸福村4社,32,2026-03-18,03:00,0.0006,0.0009
幸福村4社,32,2026-03-18,03:15,0.0003,0.0009
幸福村4社,32,2026-03-18,03:30,0.0006,0.0009
幸福村4社,32,2026-03-18,03:45,0.0007,0.0009
幸福村4社,32,2026-03-18,04:00,0.0011,0.0009
幸福村4社,32,2026-03-18,04:15,0.0005,0.0009
幸福村4社,32,2026-03-18,04:30,0.0002,0.0009
幸福村4社,32,2026-03-18,04:45,0.0007,0.0009
幸福村4社,32,2026-03-18,05:00,0.0006,0.0009
幸福村4社,32,2026-03-18,05:15,0.0009,0.0009
幸福村4社,32,2026-03-18,05:30,0.0006,0.0009
幸福村4社,32,2026-03-18,05:45,0.0005,0.0009
幸福村4社,32,2026-03-18,06:00,0.0003,0.0005
幸福村4社,32,2026-03-18,06:15,0.0005,0.0005
幸福村4社,32,2026-03-18,06:30,0.0007,0.0004
幸福村4社,32,2026-03-18,06:45,0.0003,0.0004
幸福村4社,32,2026-03-18,07:00,0.0003,0.0004
幸福村4社,32,2026-03-18,07:15,0.0002,0.0004
幸福村4社,32,2026-03-18,07:30,0.0007,0.0004
幸福村4社,32,2026-03-18,07:45,0.0021,0.0004
幸福村4社,32,2026-03-18,08:00,0.0011,0.0008
幸福村4社,32,2026-03-18,08:15,0.0011,0.0005
幸福村4社,32,2026-03-18,08:30,0.0019,0.0004
幸福村4社,32,2026-03-18,08:45,0.001,0.0004
幸福村4社,32,2026-03-18,09:00,0.0011,0.0004
幸福村4社,32,2026-03-18,09:15,0.0023,0.0004
幸福村4社,32,2026-03-18,09:30,0.0016,0.0004
幸福村4社,32,2026-03-18,09:45,0.0012,0.0004
幸福村4社,32,2026-03-18,10:00,0.0014,0.0004
幸福村4社,32,2026-03-18,10:15,0.0018,0.0004
幸福村4社,32,2026-03-18,10:30,0.0011,0.0004
幸福村4社,32,2026-03-18,10:45,0.0019,0.0004
幸福村4社,32,2026-03-18,11:00,0.0022,0.0004
幸福村4社,32,2026-03-18,11:15,0.0016,0.0004
幸福村4社,32,2026-03-18,11:30,0.0024,0.0004
幸福村4社,32,2026-03-18,11:45,0.0021,0.0004
幸福村4社,32,2026-03-18,12:00,0.001,0.0004
幸福村4社,32,2026-03-18,12:15,0.001,0.0004
幸福村4社,32,2026-03-18,12:30,0.0014,0.0004
幸福村4社,32,2026-03-18,12:45,0.0015,0.0004
幸福村4社,32,2026-03-18,13:00,-0.0004,0.0004
幸福村4社,32,2026-03-18,13:15,0.0007,0.0004
幸福村4社,32,2026-03-18,13:30,0.0011,0.0004
幸福村4社,32,2026-03-18,13:45,0.0009,0.0004
幸福村4社,32,2026-03-18,14:00,0.0009,0.0004
幸福村4社,32,2026-03-18,14:15,0.0005,0.0004
幸福村4社,32,2026-03-18,14:30,0.0003,0.0004
幸福村4社,32,2026-03-18,14:45,0.0004,0.0004
幸福村4社,32,2026-03-18,15:00,0.0006,0.0004
幸福村4社,32,2026-03-18,15:15,0.0008,0.0004
幸福村4社,32,2026-03-18,15:30,0.0006,0.0004
幸福村4社,32,2026-03-18,15:45,0.0002,0.0004
幸福村4社,32,2026-03-18,16:00,0.0013,0.0004
幸福村4社,32,2026-03-18,16:15,0.0017,0.0004
幸福村4社,32,2026-03-18,16:30,0.0005,0.0004
幸福村4社,32,2026-03-18,16:45,0.0015,0.0004
幸福村4社,32,2026-03-18,17:00,0.0011,0.0004
幸福村4社,32,2026-03-18,17:15,0.001,0.0004
幸福村4社,32,2026-03-18,17:30,0.0015,0.0004
幸福村4社,32,2026-03-18,17:45,0.0008,0.0009
幸福村4社,32,2026-03-18,18:00,0.0008,0.0009
幸福村4社,32,2026-03-18,18:15,0.0004,0.0009
幸福村4社,32,2026-03-18,18:30,0.0006,0.0009
幸福村4社,32,2026-03-18,18:45,0.0004,0.0009
幸福村4社,32,2026-03-18,19:00,0.001,0.0009
幸福村4社,32,2026-03-18,19:15,0.0017,0.0009
幸福村4社,32,2026-03-18,19:30,0.0022,0.0011
幸福村4社,32,2026-03-18,19:45,0.0022,0.0013
幸福村4社,32,2026-03-18,20:00,0.0019,0.0011
幸福村4社,32,2026-03-18,20:15,0.002,0.001
幸福村4社,32,2026-03-18,20:30,0.0017,0.0006
幸福村4社,32,2026-03-18,20:45,0.0018,0.0006
幸福村4社,32,2026-03-18,21:00,0.0011,0.0006
幸福村4社,32,2026-03-18,21:15,0.0017,0.0007
幸福村4社,32,2026-03-18,21:30,0.001,0.0005
幸福村4社,32,2026-03-18,21:45,0.002,0.0005
幸福村4社,32,2026-03-18,22:00,0.0012,0.0005
幸福村4社,32,2026-03-18,22:15,0.0014,0.0005
幸福村4社,32,2026-03-18,22:30,0.0011,0.0005
幸福村4社,32,2026-03-18,22:45,0.0007,0.0005
幸福村4社,32,2026-03-18,23:00,0.0012,0.0005
幸福村4社,32,2026-03-18,23:15,0.0009,0.0007
幸福村4社,32,2026-03-18,23:30,0.001,0.0007
幸福村4社,32,2026-03-18,23:45,0.0016,0.0007
幸福村4社,32,2026-03-19,00:00,0.0007,0.0007
幸福村4社,32,2026-03-19,00:15,0.0006,0.0005
幸福村4社,32,2026-03-19,00:30,0.0009,0.0005
幸福村4社,32,2026-03-19,00:45,0.0009,0.0005
幸福村4社,32,2026-03-19,01:00,0.0,0.0005
幸福村4社,32,2026-03-19,01:15,0.0002,0.0006
幸福村4社,32,2026-03-19,01:30,0.0008,0.0006
幸福村4社,32,2026-03-19,01:45,0.0011,0.0004
幸福村4社,32,2026-03-19,02:00,0.0006,0.0004
幸福村4社,32,2026-03-19,02:15,0.0004,0.0004
幸福村4社,32,2026-03-19,02:30,0.001,0.0004
幸福村4社,32,2026-03-19,02:45,0.001,0.0004
幸福村4社,32,2026-03-19,03:00,0.0005,0.0004
幸福村4社,32,2026-03-19,03:15,0.0006,0.0004
幸福村4社,32,2026-03-19,03:30,0.0008,0.0004
幸福村4社,32,2026-03-19,03:45,0.0007,0.0004
幸福村4社,32,2026-03-19,04:00,0.001,0.0004
幸福村4社,32,2026-03-19,04:15,0.0007,0.0004
幸福村4社,32,2026-03-19,04:30,-0.0002,0.0004
幸福村4社,32,2026-03-19,04:45,0.0009,0.0004
幸福村4社,32,2026-03-19,05:00,0.0009,0.0004
幸福村4社,32,2026-03-19,05:15,0.0008,0.0004
幸福村4社,32,2026-03-19,05:30,0.0009,0.0004
幸福村4社,32,2026-03-19,05:45,0.0005,0.0004
幸福村4社,32,2026-03-19,06:00,0.0009,0.0005
幸福村4社,32,2026-03-19,06:15,-0.0,0.0005
幸福村4社,32,2026-03-19,06:30,0.0003,0.0004
幸福村4社,32,2026-03-19,06:45,0.0003,0.0004
幸福村4社,32,2026-03-19,07:00,0.0003,0.0004
幸福村4社,32,2026-03-19,07:15,0.0002,0.0004
幸福村4社,32,2026-03-19,07:30,0.001,0.0004
幸福村4社,32,2026-03-19,07:45,0.0013,0.0004
幸福村4社,32,2026-03-19,08:00,0.0015,0.0004
幸福村4社,32,2026-03-19,08:15,-0.0002,0.0004
幸福村4社,32,2026-03-19,08:30,0.0023,0.0004
幸福村4社,32,2026-03-19,08:45,0.0025,0.0004
幸福村4社,32,2026-03-19,09:00,0.0015,0.0004
幸福村4社,32,2026-03-19,09:15,0.002,0.0004
幸福村4社,32,2026-03-19,09:30,0.002,0.0004
幸福村4社,32,2026-03-19,09:45,0.0019,0.0004
幸福村4社,32,2026-03-19,10:00,0.0024,0.0004
幸福村4社,32,2026-03-19,10:15,0.0024,0.0005
幸福村4社,32,2026-03-19,10:30,0.0019,0.0005
幸福村4社,32,2026-03-19,10:45,0.0021,0.0004
幸福村4社,32,2026-03-19,11:00,0.003,0.0004
幸福村4社,32,2026-03-19,11:15,0.0025,0.0004
幸福村4社,32,2026-03-19,11:30,0.0027,0.0004
幸福村4社,32,2026-03-19,11:45,0.0035,0.0004
幸福村4社,32,2026-03-19,12:00,0.0012,0.0004
幸福村4社,32,2026-03-19,12:15,0.0017,0.0004
幸福村4社,32,2026-03-19,12:30,0.0013,0.0004
幸福村4社,32,2026-03-19,12:45,0.0014,0.0004
幸福村4社,32,2026-03-19,13:00,0.0011,0.0004
幸福村4社,32,2026-03-19,13:15,0.001,0.0004
幸福村4社,32,2026-03-19,13:30,0.0016,0.0004
幸福村4社,32,2026-03-19,13:45,0.0006,0.0004
幸福村4社,32,2026-03-19,14:00,0.001,0.0004
幸福村4社,32,2026-03-19,14:15,0.0004,0.0004
幸福村4社,32,2026-03-19,14:30,0.0003,0.0004
幸福村4社,32,2026-03-19,14:45,0.0003,0.0004
幸福村4社,32,2026-03-19,15:00,0.0005,0.0004
幸福村4社,32,2026-03-19,15:15,0.0015,0.0004
幸福村4社,32,2026-03-19,15:30,0.0016,0.0004
幸福村4社,32,2026-03-19,15:45,0.0014,0.0004
幸福村4社,32,2026-03-19,16:00,0.0008,0.0004
幸福村4社,32,2026-03-19,16:15,0.0015,0.0004
幸福村4社,32,2026-03-19,16:30,0.0011,0.0004
幸福村4社,32,2026-03-19,16:45,0.0008,0.0004
幸福村4社,32,2026-03-19,17:00,0.001,0.0004
幸福村4社,32,2026-03-19,17:15,0.0013,0.0004
幸福村4社,32,2026-03-19,17:30,0.0012,0.0005
幸福村4社,32,2026-03-19,17:45,0.0017,0.0005
幸福村4社,32,2026-03-19,18:00,0.0013,0.0006
幸福村4社,32,2026-03-19,18:15,0.0007,0.0006
幸福村4社,32,2026-03-19,18:30,0.0014,0.0006
幸福村4社,32,2026-03-19,18:45,0.0016,0.0008
幸福村4社,32,2026-03-19,19:00,0.0015,0.0006
幸福村4社,32,2026-03-19,19:15,0.0017,0.0005
幸福村4社,32,2026-03-19,19:30,0.0014,0.0006
幸福村4社,32,2026-03-19,19:45,0.0018,0.0015
幸福村4社,32,2026-03-19,20:00,0.002,0.0015
幸福村4社,32,2026-03-19,20:15,0.0014,0.0015
幸福村4社,32,2026-03-19,20:30,0.0025,0.0014
幸福村4社,32,2026-03-19,20:45,0.0025,0.0012
幸福村4社,32,2026-03-19,21:00,0.0019,0.0011
幸福村4社,32,2026-03-19,21:15,0.0012,0.0011
幸福村4社,32,2026-03-19,21:30,0.001,0.0011
幸福村4社,32,2026-03-19,21:45,0.0016,0.001
幸福村4社,32,2026-03-19,22:00,0.0013,0.001
幸福村4社,32,2026-03-19,22:15,0.0016,0.001
幸福村4社,32,2026-03-19,22:30,0.0004,0.0005
幸福村4社,32,2026-03-19,22:45,0.0005,0.0005
幸福村4社,32,2026-03-19,23:00,0.0012,0.0005
幸福村4社,32,2026-03-19,23:15,0.0006,0.0006
幸福村4社,32,2026-03-19,23:30,0.0008,0.0006
幸福村4社,32,2026-03-19,23:45,0.0014,0.0006
幸福村1社,33,2026-04-23,00:00,0.0189,0.0155
幸福村1社,33,2026-04-23,00:15,0.0204,0.0097
幸福村1社,33,2026-04-23,00:30,0.0184,0.0221
幸福村1社,33,2026-04-23,00:45,0.0188,0.0417
幸福村1社,33,2026-04-23,01:00,0.0182,0.0195
幸福村1社,33,2026-04-23,01:15,0.0155,0.0234
幸福村1社,33,2026-04-23,01:30,0.0158,0.0172
幸福村1社,33,2026-04-23,01:45,0.0175,0.0216
幸福村1社,33,2026-04-23,02:00,0.0186,0.0118
幸福村1社,33,2026-04-23,02:15,0.0178,0.0138
幸福村1社,33,2026-04-23,02:30,0.0182,0.013
幸福村1社,33,2026-04-23,02:45,0.0177,0.0129
幸福村1社,33,2026-04-23,03:00,0.0182,0.0206
幸福村1社,33,2026-04-23,03:15,0.0128,0.0116
幸福村1社,33,2026-04-23,03:30,0.0171,0.0175
幸福村1社,33,2026-04-23,03:45,0.0141,0.013
幸福村1社,33,2026-04-23,04:00,0.0172,0.0111
幸福村1社,33,2026-04-23,04:15,0.0141,0.0176
幸福村1社,33,2026-04-23,04:30,0.0156,0.0091
幸福村1社,33,2026-04-23,04:45,0.0138,0.0189
幸福村1社,33,2026-04-23,05:00,0.0117,0.0129
幸福村1社,33,2026-04-23,05:15,0.021,0.0158
幸福村1社,33,2026-04-23,05:30,0.0135,0.0151
幸福村1社,33,2026-04-23,05:45,0.0118,0.0091
幸福村1社,33,2026-04-23,06:00,0.0141,0.0165
幸福村1社,33,2026-04-23,06:15,0.0158,0.0107
幸福村1社,33,2026-04-23,06:30,0.0169,0.0449
幸福村1社,33,2026-04-23,06:45,0.0158,0.0152
幸福村1社,33,2026-04-23,07:00,0.0173,0.0195
幸福村1社,33,2026-04-23,07:15,0.0169,0.0135
幸福村1社,33,2026-04-23,07:30,0.0217,0.0485
幸福村1社,33,2026-04-23,07:45,0.0225,0.1258
幸福村1社,33,2026-04-23,08:00,0.0283,0.1233
幸福村1社,33,2026-04-23,08:15,0.0347,0.0458
幸福村1社,33,2026-04-23,08:30,0.0539,0.0445
幸福村1社,33,2026-04-23,08:45,0.0525,0.0921
幸福村1社,33,2026-04-23,09:00,0.0661,0.0715
幸福村1社,33,2026-04-23,09:15,0.0725,0.0445
幸福村1社,33,2026-04-23,09:30,0.0736,0.0134
幸福村1社,33,2026-04-23,09:45,0.0689,0.0395
幸福村1社,33,2026-04-23,10:00,0.0526,0.0182
幸福村1社,33,2026-04-23,10:15,0.0452,0.0154
幸福村1社,33,2026-04-23,10:30,0.0531,0.0155
幸福村1社,33,2026-04-23,10:45,0.0439,0.0113
幸福村1社,33,2026-04-23,11:00,0.0422,0.013
幸福村1社,33,2026-04-23,11:15,0.0391,0.0161
幸福村1社,33,2026-04-23,11:30,0.0358,0.0157
幸福村1社,33,2026-04-23,11:45,0.0321,0.0395
幸福村1社,33,2026-04-23,12:00,0.0294,0.0401
幸福村1社,33,2026-04-23,12:15,0.0275,0.0208
幸福村1社,33,2026-04-23,12:30,0.0322,0.0148
幸福村1社,33,2026-04-23,12:45,0.026,0.0195
幸福村1社,33,2026-04-23,13:00,0.027,0.0206
幸福村1社,33,2026-04-23,13:15,0.0247,0.0131
幸福村1社,33,2026-04-23,13:30,0.0286,0.0182
幸福村1社,33,2026-04-23,13:45,0.0275,0.0159
幸福村1社,33,2026-04-23,14:00,0.0339,0.0132
幸福村1社,33,2026-04-23,14:15,0.029,0.0159
幸福村1社,33,2026-04-23,14:30,0.0235,0.02
幸福村1社,33,2026-04-23,14:45,0.0231,0.015
幸福村1社,33,2026-04-23,15:00,0.0218,0.0213
幸福村1社,33,2026-04-23,15:15,0.0333,0.0099
幸福村1社,33,2026-04-23,15:30,0.0239,0.0131
幸福村1社,33,2026-04-23,15:45,0.032,0.0123
幸福村1社,33,2026-04-23,16:00,0.035,0.0186
幸福村1社,33,2026-04-23,16:15,0.0371,0.0179
幸福村1社,33,2026-04-23,16:30,0.0449,0.0548
幸福村1社,33,2026-04-23,16:45,0.0456,0.0152
幸福村1社,33,2026-04-23,17:00,0.0565,0.0254
幸福村1社,33,2026-04-23,17:15,0.0556,0.0185
幸福村1社,33,2026-04-23,17:30,0.055,0.0384
幸福村1社,33,2026-04-23,17:45,0.0533,0.0628
幸福村1社,33,2026-04-23,18:00,0.0595,0.0321
幸福村1社,33,2026-04-23,18:15,0.0532,0.0213
幸福村1社,33,2026-04-23,18:30,0.0621,0.0582
幸福村1社,33,2026-04-23,18:45,0.0502,0.0268
幸福村1社,33,2026-04-23,19:00,0.0471,0.0433
幸福村1社,33,2026-04-23,19:15,0.0414,0.0455
幸福村1社,33,2026-04-23,19:30,0.05,0.0686
幸福村1社,33,2026-04-23,19:45,0.0477,0.0828
幸福村1社,33,2026-04-23,20:00,0.0413,0.0529
幸福村1社,33,2026-04-23,20:15,0.037,0.0483
幸福村1社,33,2026-04-23,20:30,0.0325,0.0517
幸福村1社,33,2026-04-23,20:45,0.0309,0.0217
幸福村1社,33,2026-04-23,21:00,0.0325,0.0147
幸福村1社,33,2026-04-23,21:15,0.0269,0.0202
幸福村1社,33,2026-04-23,21:30,0.029,0.0119
幸福村1社,33,2026-04-23,21:45,0.0266,0.0145
幸福村1社,33,2026-04-23,22:00,0.0253,0.0164
幸福村1社,33,2026-04-23,22:15,0.0247,0.0136
幸福村1社,33,2026-04-23,22:30,0.0228,0.0571
幸福村1社,33,2026-04-23,22:45,0.021,0.0112
幸福村1社,33,2026-04-23,23:00,0.0195,0.0137
幸福村1社,33,2026-04-23,23:15,0.0224,0.0129
幸福村1社,33,2026-04-23,23:30,0.0185,0.0112
幸福村1社,33,2026-04-23,23:45,0.0194,0.0131
幸福村1社,33,2026-04-24,00:00,0.0198,0.0131
幸福村1社,33,2026-04-24,00:15,0.019,0.0123
幸福村1社,33,2026-04-24,00:30,0.0169,0.0158
幸福村1社,33,2026-04-24,00:45,0.0169,0.0084
幸福村1社,33,2026-04-24,01:00,0.0168,0.0092
幸福村1社,33,2026-04-24,01:15,0.0201,0.0181
幸福村1社,33,2026-04-24,01:30,0.0156,0.0123
幸福村1社,33,2026-04-24,01:45,0.0173,0.023
幸福村1社,33,2026-04-24,02:00,0.0175,0.0128
幸福村1社,33,2026-04-24,02:15,0.0166,0.0165
幸福村1社,33,2026-04-24,02:30,0.0179,0.0157
幸福村1社,33,2026-04-24,02:45,0.0141,0.0164
幸福村1社,33,2026-04-24,03:00,0.017,0.0183
幸福村1社,33,2026-04-24,03:15,0.0212,0.0132
幸福村1社,33,2026-04-24,03:30,0.0208,0.0188
幸福村1社,33,2026-04-24,03:45,0.017,0.011
幸福村1社,33,2026-04-24,04:00,0.0171,0.0133
幸福村1社,33,2026-04-24,04:15,0.0157,0.0115
幸福村1社,33,2026-04-24,04:30,0.0135,0.0127
幸福村1社,33,2026-04-24,04:45,0.0148,0.01
幸福村1社,33,2026-04-24,05:00,0.0166,0.0071
幸福村1社,33,2026-04-24,05:15,0.0176,0.0167
幸福村1社,33,2026-04-24,05:30,0.0141,0.0091
幸福村1社,33,2026-04-24,05:45,0.0144,0.0179
幸福村1社,33,2026-04-24,06:00,0.0142,0.0123
幸福村1社,33,2026-04-24,06:15,0.0192,0.0117
幸福村1社,33,2026-04-24,06:30,0.0209,0.0651
幸福村1社,33,2026-04-24,06:45,0.018,0.0378
幸福村1社,33,2026-04-24,07:00,0.0158,0.025
幸福村1社,33,2026-04-24,07:15,0.0152,0.0607
幸福村1社,33,2026-04-24,07:30,0.0218,0.1096
幸福村1社,33,2026-04-24,07:45,0.0223,0.0908
幸福村1社,33,2026-04-24,08:00,0.0302,0.0916
幸福村1社,33,2026-04-24,08:15,0.0336,0.0868
幸福村1社,33,2026-04-24,08:30,0.0504,0.0417
幸福村1社,33,2026-04-24,08:45,0.0557,0.0271
幸福村1社,33,2026-04-24,09:00,0.0587,0.0333
幸福村1社,33,2026-04-24,09:15,0.0767,0.0821
幸福村1社,33,2026-04-24,09:30,0.0682,0.0327
幸福村1社,33,2026-04-24,09:45,0.0678,0.0469
幸福村1社,33,2026-04-24,10:00,0.0614,0.0067
幸福村1社,33,2026-04-24,10:15,0.0479,0.0138
幸福村1社,33,2026-04-24,10:30,0.049,0.0096
幸福村1社,33,2026-04-24,10:45,0.0415,0.0063
幸福村1社,33,2026-04-24,11:00,0.0326,0.0134
幸福村1社,33,2026-04-24,11:15,0.0332,0.0075
幸福村1社,33,2026-04-24,11:30,0.0264,0.0084
幸福村1社,33,2026-04-24,11:45,0.0293,0.0102
幸福村1社,33,2026-04-24,12:00,0.0267,0.0062
幸福村1社,33,2026-04-24,12:15,0.0232,0.0091
幸福村1社,33,2026-04-24,12:30,0.0294,0.0067
幸福村1社,33,2026-04-24,12:45,0.0222,0.0246
幸福村1社,33,2026-04-24,13:00,0.0216,0.0109
幸福村1社,33,2026-04-24,13:15,0.0231,0.0111
幸福村1社,33,2026-04-24,13:30,0.0262,0.0169
幸福村1社,33,2026-04-24,13:45,0.032,0.0158
幸福村1社,33,2026-04-24,14:00,0.0358,0.0068
幸福村1社,33,2026-04-24,14:15,0.0287,0.0097
幸福村1社,33,2026-04-24,14:30,0.0299,0.0169
幸福村1社,33,2026-04-24,14:45,0.0266,0.0083
幸福村1社,33,2026-04-24,15:00,0.0253,0.0186
幸福村1社,33,2026-04-24,15:15,0.0288,0.0113
幸福村1社,33,2026-04-24,15:30,0.0217,0.0876
幸福村1社,33,2026-04-24,15:45,0.0358,0.056
幸福村1社,33,2026-04-24,16:00,0.0273,0.014
幸福村1社,33,2026-04-24,16:15,0.0346,0.0377
幸福村1社,33,2026-04-24,16:30,0.0422,0.0133
幸福村1社,33,2026-04-24,16:45,0.0436,0.0451
幸福村1社,33,2026-04-24,17:00,0.0536,0.028
幸福村1社,33,2026-04-24,17:15,0.0517,0.0211
幸福村1社,33,2026-04-24,17:30,0.0548,0.0504
幸福村1社,33,2026-04-24,17:45,0.0574,0.0138
幸福村1社,33,2026-04-24,18:00,0.0672,0.1037
幸福村1社,33,2026-04-24,18:15,0.0557,0.0145
幸福村1社,33,2026-04-24,18:30,0.0611,0.038
幸福村1社,33,2026-04-24,18:45,0.0471,0.038
幸福村1社,33,2026-04-24,19:00,0.0482,0.0182
幸福村1社,33,2026-04-24,19:15,0.044,0.0114
幸福村1社,33,2026-04-24,19:30,0.0521,0.0401
幸福村1社,33,2026-04-24,19:45,0.0369,0.0151
幸福村1社,33,2026-04-24,20:00,0.0389,0.0109
幸福村1社,33,2026-04-24,20:15,0.0369,0.0229
幸福村1社,33,2026-04-24,20:30,0.0352,0.0225
幸福村1社,33,2026-04-24,20:45,0.033,0.0215
幸福村1社,33,2026-04-24,21:00,0.0302,0.0223
幸福村1社,33,2026-04-24,21:15,0.0278,0.0213
幸福村1社,33,2026-04-24,21:30,0.0296,0.0243
幸福村1社,33,2026-04-24,21:45,0.0297,0.024
幸福村1社,33,2026-04-24,22:00,0.0238,0.0238
幸福村1社,33,2026-04-24,22:15,0.0241,0.0242
幸福村1社,33,2026-04-24,22:30,0.0222,0.0251
幸福村1社,33,2026-04-24,22:45,0.0224,0.0126
幸福村1社,33,2026-04-24,23:00,0.0245,0.0132
幸福村1社,33,2026-04-24,23:15,0.0178,0.0162
幸福村1社,33,2026-04-24,23:30,0.0176,0.0121
幸福村1社,33,2026-04-24,23:45,0.0169,0.0132
幸福村1社,33,2026-04-25,00:00,0.0201,0.0205
幸福村1社,33,2026-04-25,00:15,0.0169,0.0238
幸福村1社,33,2026-04-25,00:30,0.0157,0.0194
幸福村1社,33,2026-04-25,00:45,0.0186,0.0211
幸福村1社,33,2026-04-25,01:00,0.0172,0.0155
幸福村1社,33,2026-04-25,01:15,0.0181,0.0224
幸福村1社,33,2026-04-25,01:30,0.0142,0.0185
幸福村1社,33,2026-04-25,01:45,0.0195,0.0224
幸福村1社,33,2026-04-25,02:00,0.0177,0.0193
幸福村1社,33,2026-04-25,02:15,0.0167,0.0136
幸福村1社,33,2026-04-25,02:30,0.0182,0.0274
幸福村1社,33,2026-04-25,02:45,0.013,0.0177
幸福村1社,33,2026-04-25,03:00,0.0164,0.0184
幸福村1社,33,2026-04-25,03:15,0.0164,0.0189
幸福村1社,33,2026-04-25,03:30,0.0195,0.0136
幸福村1社,33,2026-04-25,03:45,0.0159,0.0156
幸福村1社,33,2026-04-25,04:00,0.0159,0.0149
幸福村1社,33,2026-04-25,04:15,0.0153,0.0153
幸福村1社,33,2026-04-25,04:30,0.017,0.0125
幸福村1社,33,2026-04-25,04:45,0.0154,0.0134
幸福村1社,33,2026-04-25,05:00,0.0127,0.0064
幸福村1社,33,2026-04-25,05:15,0.0178,0.0095
幸福村1社,33,2026-04-25,05:30,0.0167,0.0119
幸福村1社,33,2026-04-25,05:45,0.0182,0.0102
幸福村1社,33,2026-04-25,06:00,0.0169,0.0519
幸福村1社,33,2026-04-25,06:15,0.0182,0.0357
幸福村1社,33,2026-04-25,06:30,0.0167,0.0116
幸福村1社,33,2026-04-25,06:45,0.0166,0.0283
幸福村1社,33,2026-04-25,07:00,0.0182,0.0068
幸福村1社,33,2026-04-25,07:15,0.0158,0.0928
幸福村1社,33,2026-04-25,07:30,0.0276,0.1058
幸福村1社,33,2026-04-25,07:45,0.0254,0.0929
幸福村1社,33,2026-04-25,08:00,0.0279,0.0892
幸福村1社,33,2026-04-25,08:15,0.0366,0.0461
幸福村1社,33,2026-04-25,08:30,0.0445,0.0786
幸福村1社,33,2026-04-25,08:45,0.0438,0.0749
幸福村1社,33,2026-04-25,09:00,0.0637,0.0767
幸福村1社,33,2026-04-25,09:15,0.0748,0.0474
幸福村1社,33,2026-04-25,09:30,0.074,0.0148
幸福村1社,33,2026-04-25,09:45,0.0683,0.0093
幸福村1社,33,2026-04-25,10:00,0.0541,0.0132
幸福村1社,33,2026-04-25,10:15,0.045,0.0076
幸福村1社,33,2026-04-25,10:30,0.0495,0.0254
幸福村1社,33,2026-04-25,10:45,0.0451,0.0296
幸福村1社,33,2026-04-25,11:00,0.0349,0.0129
幸福村1社,33,2026-04-25,11:15,0.0383,0.0145
幸福村1社,33,2026-04-25,11:30,0.0324,0.0077
幸福村1社,33,2026-04-25,11:45,0.0261,0.01
幸福村1社,33,2026-04-25,12:00,0.0286,0.0118
幸福村1社,33,2026-04-25,12:15,0.0251,0.0066
幸福村1社,33,2026-04-25,12:30,0.0337,0.0061
幸福村1社,33,2026-04-25,12:45,0.0229,0.054
幸福村1社,33,2026-04-25,13:00,0.0312,0.0538
幸福村1社,33,2026-04-25,13:15,0.0228,0.0187
幸福村1社,33,2026-04-25,13:30,0.0195,0.0307
幸福村1社,33,2026-04-25,13:45,0.0297,0.0266
幸福村1社,33,2026-04-25,14:00,0.0269,0.0341
幸福村1社,33,2026-04-25,14:15,0.0273,0.0262
幸福村1社,33,2026-04-25,14:30,0.0266,0.064
幸福村1社,33,2026-04-25,14:45,0.0295,0.0353
幸福村1社,33,2026-04-25,15:00,0.0246,0.025
幸福村1社,33,2026-04-25,15:15,0.0299,0.029
幸福村1社,33,2026-04-25,15:30,0.0293,0.0267
幸福村1社,33,2026-04-25,15:45,0.028,0.029
幸福村1社,33,2026-04-25,16:00,0.0243,0.0105
幸福村1社,33,2026-04-25,16:15,0.0368,0.0142
幸福村1社,33,2026-04-25,16:30,0.0462,0.0112
幸福村1社,33,2026-04-25,16:45,0.0448,0.0153
幸福村1社,33,2026-04-25,17:00,0.0581,0.0486
幸福村1社,33,2026-04-25,17:15,0.0512,0.0617
幸福村1社,33,2026-04-25,17:30,0.0517,0.0368
幸福村1社,33,2026-04-25,17:45,0.0532,0.0829
幸福村1社,33,2026-04-25,18:00,0.0646,0.0361
幸福村1社,33,2026-04-25,18:15,0.0522,0.0312
幸福村1社,33,2026-04-25,18:30,0.0549,0.0203
幸福村1社,33,2026-04-25,18:45,0.0496,0.03
幸福村1社,33,2026-04-25,19:00,0.0492,0.023
幸福村1社,33,2026-04-25,19:15,0.041,0.0815
幸福村1社,33,2026-04-25,19:30,0.0454,0.1024
幸福村1社,33,2026-04-25,19:45,0.0386,0.0837
幸福村1社,33,2026-04-25,20:00,0.0422,0.0507
幸福村1社,33,2026-04-25,20:15,0.0343,0.0594
幸福村1社,33,2026-04-25,20:30,0.0308,0.0236
幸福村1社,33,2026-04-25,20:45,0.0315,0.0192
幸福村1社,33,2026-04-25,21:00,0.03,0.017
幸福村1社,33,2026-04-25,21:15,0.0293,0.0273
幸福村1社,33,2026-04-25,21:30,0.0279,0.0252
幸福村1社,33,2026-04-25,21:45,0.0259,0.0264
幸福村1社,33,2026-04-25,22:00,0.0284,0.0265
幸福村1社,33,2026-04-25,22:15,0.0243,0.0213
幸福村1社,33,2026-04-25,22:30,0.0233,0.0234
幸福村1社,33,2026-04-25,22:45,0.028,0.0219
幸福村1社,33,2026-04-25,23:00,0.0209,0.0189
幸福村1社,33,2026-04-25,23:15,0.0235,0.0306
幸福村1社,33,2026-04-25,23:30,0.0184,0.0265
幸福村1社,33,2026-04-25,23:45,0.018,0.0225
马鞍村1社,34,2026-02-21,00:00,0.0366,0.0393
马鞍村1社,34,2026-02-21,00:15,0.0332,0.0358
马鞍村1社,34,2026-02-21,00:30,0.0369,0.04
马鞍村1社,34,2026-02-21,00:45,0.0353,0.0418
马鞍村1社,34,2026-02-21,01:00,0.0376,0.0265
马鞍村1社,34,2026-02-21,01:15,0.0276,0.0424
马鞍村1社,34,2026-02-21,01:30,0.0335,0.0283
马鞍村1社,34,2026-02-21,01:45,0.039,0.0366
马鞍村1社,34,2026-02-21,02:00,0.0298,0.034
马鞍村1社,34,2026-02-21,02:15,0.032,0.0305
马鞍村1社,34,2026-02-21,02:30,0.0318,0.0308
马鞍村1社,34,2026-02-21,02:45,0.0329,0.0357
马鞍村1社,34,2026-02-21,03:00,0.0324,0.0288
马鞍村1社,34,2026-02-21,03:15,0.0287,0.0258
马鞍村1社,34,2026-02-21,03:30,0.0277,0.0355
马鞍村1社,34,2026-02-21,03:45,0.0287,0.0255
马鞍村1社,34,2026-02-21,04:00,0.0364,0.0299
马鞍村1社,34,2026-02-21,04:15,0.0291,0.0305
马鞍村1社,34,2026-02-21,04:30,0.0276,0.0274
马鞍村1社,34,2026-02-21,04:45,0.0273,0.0316
马鞍村1社,34,2026-02-21,05:00,0.0244,0.0157
马鞍村1社,34,2026-02-21,05:15,0.0271,0.0282
马鞍村1社,34,2026-02-21,05:30,0.0291,0.0309
马鞍村1社,34,2026-02-21,05:45,0.023,0.0213
马鞍村1社,34,2026-02-21,06:00,0.0283,0.0207
马鞍村1社,34,2026-02-21,06:15,0.0258,0.0334
马鞍村1社,34,2026-02-21,06:30,0.0226,0.0271
马鞍村1社,34,2026-02-21,06:45,0.0262,0.0268
马鞍村1社,34,2026-02-21,07:00,0.0428,0.0335
马鞍村1社,34,2026-02-21,07:15,0.0417,0.0236
马鞍村1社,34,2026-02-21,07:30,0.0448,0.0204
马鞍村1社,34,2026-02-21,07:45,0.0619,0.035
马鞍村1社,34,2026-02-21,08:00,0.0802,0.0868
马鞍村1社,34,2026-02-21,08:15,0.0999,0.0642
马鞍村1社,34,2026-02-21,08:30,0.1175,0.1565
马鞍村1社,34,2026-02-21,08:45,0.1292,0.1487
马鞍村1社,34,2026-02-21,09:00,0.1395,0.1525
马鞍村1社,34,2026-02-21,09:15,0.1234,0.1075
马鞍村1社,34,2026-02-21,09:30,0.1216,0.1828
马鞍村1社,34,2026-02-21,09:45,0.1112,0.0824
马鞍村1社,34,2026-02-21,10:00,0.0944,0.0664
马鞍村1社,34,2026-02-21,10:15,0.0813,0.1129
马鞍村1社,34,2026-02-21,10:30,0.0827,0.1201
马鞍村1社,34,2026-02-21,10:45,0.0793,0.0225
马鞍村1社,34,2026-02-21,11:00,0.0643,0.1109
马鞍村1社,34,2026-02-21,11:15,0.0664,0.0287
马鞍村1社,34,2026-02-21,11:30,0.0592,0.0307
马鞍村1社,34,2026-02-21,11:45,0.0511,0.0685
马鞍村1社,34,2026-02-21,12:00,0.0604,0.0182
马鞍村1社,34,2026-02-21,12:15,0.0649,0.0319
马鞍村1社,34,2026-02-21,12:30,0.0713,0.0659
马鞍村1社,34,2026-02-21,12:45,0.0643,0.0416
马鞍村1社,34,2026-02-21,13:00,0.0584,0.059
马鞍村1社,34,2026-02-21,13:15,0.0561,0.1034
马鞍村1社,34,2026-02-21,13:30,0.0678,0.0584
马鞍村1社,34,2026-02-21,13:45,0.0559,0.0311
马鞍村1社,34,2026-02-21,14:00,0.0568,0.0436
马鞍村1社,34,2026-02-21,14:15,0.059,0.0417
马鞍村1社,34,2026-02-21,14:30,0.0491,0.0438
马鞍村1社,34,2026-02-21,14:45,0.0559,0.1501
马鞍村1社,34,2026-02-21,15:00,0.0582,0.0433
马鞍村1社,34,2026-02-21,15:15,0.0713,0.0348
马鞍村1社,34,2026-02-21,15:30,0.0729,0.0715
马鞍村1社,34,2026-02-21,15:45,0.0778,0.0708
马鞍村1社,34,2026-02-21,16:00,0.0817,0.0431
马鞍村1社,34,2026-02-21,16:15,0.098,0.1328
马鞍村1社,34,2026-02-21,16:30,0.1039,0.1116
马鞍村1社,34,2026-02-21,16:45,0.1044,0.0334
马鞍村1社,34,2026-02-21,17:00,0.1106,0.0582
马鞍村1社,34,2026-02-21,17:15,0.1063,0.1356
马鞍村1社,34,2026-02-21,17:30,0.114,0.0719
马鞍村1社,34,2026-02-21,17:45,0.1142,0.1218
马鞍村1社,34,2026-02-21,18:00,0.1289,0.1755
马鞍村1社,34,2026-02-21,18:15,0.1059,0.1441
马鞍村1社,34,2026-02-21,18:30,0.097,0.0564
马鞍村1社,34,2026-02-21,18:45,0.0885,0.055
马鞍村1社,34,2026-02-21,19:00,0.083,0.0294
马鞍村1社,34,2026-02-21,19:15,0.0703,0.0438
马鞍村1社,34,2026-02-21,19:30,0.0692,0.069
马鞍村1社,34,2026-02-21,19:45,0.0727,0.0798
马鞍村1社,34,2026-02-21,20:00,0.0662,0.0983
马鞍村1社,34,2026-02-21,20:15,0.0757,0.0777
马鞍村1社,34,2026-02-21,20:30,0.0622,0.0423
马鞍村1社,34,2026-02-21,20:45,0.0557,0.0409
马鞍村1社,34,2026-02-21,21:00,0.0601,0.0538
马鞍村1社,34,2026-02-21,21:15,0.0583,0.0783
马鞍村1社,34,2026-02-21,21:30,0.0599,0.0526
马鞍村1社,34,2026-02-21,21:45,0.0545,0.0349
马鞍村1社,34,2026-02-21,22:00,0.0565,0.0458
马鞍村1社,34,2026-02-21,22:15,0.0539,0.0419
马鞍村1社,34,2026-02-21,22:30,0.05,0.0369
马鞍村1社,34,2026-02-21,22:45,0.0417,0.0623
马鞍村1社,34,2026-02-21,23:00,0.0404,0.0398
马鞍村1社,34,2026-02-21,23:15,0.041,0.0347
马鞍村1社,34,2026-02-21,23:30,0.0408,0.0441
马鞍村1社,34,2026-02-21,23:45,0.0352,0.0345
马鞍村1社,34,2026-02-22,00:00,0.0378,0.0434
马鞍村1社,34,2026-02-22,00:15,0.035,0.0194
马鞍村1社,34,2026-02-22,00:30,0.0355,0.0291
马鞍村1社,34,2026-02-22,00:45,0.0336,0.0315
马鞍村1社,34,2026-02-22,01:00,0.0335,0.0379
马鞍村1社,34,2026-02-22,01:15,0.0354,0.0309
马鞍村1社,34,2026-02-22,01:30,0.0331,0.0388
马鞍村1社,34,2026-02-22,01:45,0.0294,0.0303
马鞍村1社,34,2026-02-22,02:00,0.0282,0.0278
马鞍村1社,34,2026-02-22,02:15,0.0337,0.0387
马鞍村1社,34,2026-02-22,02:30,0.029,0.025
马鞍村1社,34,2026-02-22,02:45,0.0282,0.0315
马鞍村1社,34,2026-02-22,03:00,0.0312,0.0384
马鞍村1社,34,2026-02-22,03:15,0.0365,0.0397
马鞍村1社,34,2026-02-22,03:30,0.0324,0.0438
马鞍村1社,34,2026-02-22,03:45,0.0306,0.0357
马鞍村1社,34,2026-02-22,04:00,0.0307,0.0315
马鞍村1社,34,2026-02-22,04:15,0.0289,0.0216
马鞍村1社,34,2026-02-22,04:30,0.0301,0.0353
马鞍村1社,34,2026-02-22,04:45,0.0305,0.0311
马鞍村1社,34,2026-02-22,05:00,0.0279,0.0274
马鞍村1社,34,2026-02-22,05:15,0.0249,0.0338
马鞍村1社,34,2026-02-22,05:30,0.0254,0.0225
马鞍村1社,34,2026-02-22,05:45,0.0259,0.0305
马鞍村1社,34,2026-02-22,06:00,0.0254,0.0239
马鞍村1社,34,2026-02-22,06:15,0.0308,0.0327
马鞍村1社,34,2026-02-22,06:30,0.0359,0.0296
马鞍村1社,34,2026-02-22,06:45,0.03,0.0396
马鞍村1社,34,2026-02-22,07:00,0.0357,0.0257
马鞍村1社,34,2026-02-22,07:15,0.0432,0.0151
马鞍村1社,34,2026-02-22,07:30,0.0523,0.0533
马鞍村1社,34,2026-02-22,07:45,0.0631,0.0812
马鞍村1社,34,2026-02-22,08:00,0.0733,0.0597
马鞍村1社,34,2026-02-22,08:15,0.1026,0.1346
马鞍村1社,34,2026-02-22,08:30,0.1124,0.1697
马鞍村1社,34,2026-02-22,08:45,0.1198,0.3329
马鞍村1社,34,2026-02-22,09:00,0.1225,0.1907
马鞍村1社,34,2026-02-22,09:15,0.1232,0.0995
马鞍村1社,34,2026-02-22,09:30,0.1175,0.1269
马鞍村1社,34,2026-02-22,09:45,0.1041,0.2496
马鞍村1社,34,2026-02-22,10:00,0.095,0.1045
马鞍村1社,34,2026-02-22,10:15,0.0866,0.1629
马鞍村1社,34,2026-02-22,10:30,0.0695,0.0756
马鞍村1社,34,2026-02-22,10:45,0.063,0.0784
马鞍村1社,34,2026-02-22,11:00,0.0638,0.086
马鞍村1社,34,2026-02-22,11:15,0.0619,0.0624
马鞍村1社,34,2026-02-22,11:30,0.0561,0.12
马鞍村1社,34,2026-02-22,11:45,0.0564,0.0547
马鞍村1社,34,2026-02-22,12:00,0.0691,0.0629
马鞍村1社,34,2026-02-22,12:15,0.062,0.0469
马鞍村1社,34,2026-02-22,12:30,0.0652,0.0214
马鞍村1社,34,2026-02-22,12:45,0.0548,0.0425
马鞍村1社,34,2026-02-22,13:00,0.0568,0.0563
马鞍村1社,34,2026-02-22,13:15,0.0588,0.0603
马鞍村1社,34,2026-02-22,13:30,0.0686,0.0645
马鞍村1社,34,2026-02-22,13:45,0.0578,0.0337
马鞍村1社,34,2026-02-22,14:00,0.0681,0.0672
马鞍村1社,34,2026-02-22,14:15,0.0577,0.0893
马鞍村1社,34,2026-02-22,14:30,0.0485,0.0453
马鞍村1社,34,2026-02-22,14:45,0.0703,0.0809
马鞍村1社,34,2026-02-22,15:00,0.0635,0.0868
马鞍村1社,34,2026-02-22,15:15,0.0728,0.1369
马鞍村1社,34,2026-02-22,15:30,0.0642,0.1743
马鞍村1社,34,2026-02-22,15:45,0.0772,0.1232
马鞍村1社,34,2026-02-22,16:00,0.0822,0.0438
马鞍村1社,34,2026-02-22,16:15,0.0938,0.0768
马鞍村1社,34,2026-02-22,16:30,0.101,0.0707
马鞍村1社,34,2026-02-22,16:45,0.0997,0.0509
马鞍村1社,34,2026-02-22,17:00,0.1128,0.0593
马鞍村1社,34,2026-02-22,17:15,0.1148,0.1115
马鞍村1社,34,2026-02-22,17:30,0.1303,0.0931
马鞍村1社,34,2026-02-22,17:45,0.1137,0.0407
马鞍村1社,34,2026-02-22,18:00,0.132,0.1317
马鞍村1社,34,2026-02-22,18:15,0.0997,0.0709
马鞍村1社,34,2026-02-22,18:30,0.0918,0.0859
马鞍村1社,34,2026-02-22,18:45,0.08,0.0722
马鞍村1社,34,2026-02-22,19:00,0.0834,0.0703
马鞍村1社,34,2026-02-22,19:15,0.0742,0.101
马鞍村1社,34,2026-02-22,19:30,0.0767,0.0914
马鞍村1社,34,2026-02-22,19:45,0.0697,0.0581
马鞍村1社,34,2026-02-22,20:00,0.0714,0.0711
马鞍村1社,34,2026-02-22,20:15,0.0839,0.0401
马鞍村1社,34,2026-02-22,20:30,0.0711,0.0315
马鞍村1社,34,2026-02-22,20:45,0.0665,0.029
马鞍村1社,34,2026-02-22,21:00,0.0571,0.0557
马鞍村1社,34,2026-02-22,21:15,0.0591,0.042
马鞍村1社,34,2026-02-22,21:30,0.0593,0.0317
马鞍村1社,34,2026-02-22,21:45,0.057,0.0233
马鞍村1社,34,2026-02-22,22:00,0.0505,0.0416
马鞍村1社,34,2026-02-22,22:15,0.0457,0.0309
马鞍村1社,34,2026-02-22,22:30,0.0461,0.0344
马鞍村1社,34,2026-02-22,22:45,0.0459,0.0464
马鞍村1社,34,2026-02-22,23:00,0.0448,0.0433
马鞍村1社,34,2026-02-22,23:15,0.0362,0.0502
马鞍村1社,34,2026-02-22,23:30,0.0291,0.0314
马鞍村1社,34,2026-02-22,23:45,0.0378,0.0375
马鞍村1社,34,2026-02-23,00:00,0.0362,0.0332
马鞍村1社,34,2026-02-23,00:15,0.0356,0.0344
马鞍村1社,34,2026-02-23,00:30,0.0332,0.0405
马鞍村1社,34,2026-02-23,00:45,0.0315,0.0379
马鞍村1社,34,2026-02-23,01:00,0.0325,0.029
马鞍村1社,34,2026-02-23,01:15,0.0351,0.0322
马鞍村1社,34,2026-02-23,01:30,0.0252,0.0326
马鞍村1社,34,2026-02-23,01:45,0.0366,0.0229
马鞍村1社,34,2026-02-23,02:00,0.0308,0.0296
马鞍村1社,34,2026-02-23,02:15,0.0323,0.0337
马鞍村1社,34,2026-02-23,02:30,0.0326,0.0341
马鞍村1社,34,2026-02-23,02:45,0.0272,0.0253
马鞍村1社,34,2026-02-23,03:00,0.0259,0.0298
马鞍村1社,34,2026-02-23,03:15,0.0314,0.0236
马鞍村1社,34,2026-02-23,03:30,0.0344,0.0364
马鞍村1社,34,2026-02-23,03:45,0.0322,0.0347
马鞍村1社,34,2026-02-23,04:00,0.0343,0.0294
马鞍村1社,34,2026-02-23,04:15,0.0302,0.023
马鞍村1社,34,2026-02-23,04:30,0.0308,0.0249
马鞍村1社,34,2026-02-23,04:45,0.0308,0.0338
马鞍村1社,34,2026-02-23,05:00,0.0288,0.03
马鞍村1社,34,2026-02-23,05:15,0.0329,0.0306
马鞍村1社,34,2026-02-23,05:30,0.026,0.0369
马鞍村1社,34,2026-02-23,05:45,0.0247,0.0192
马鞍村1社,34,2026-02-23,06:00,0.0333,0.06
马鞍村1社,34,2026-02-23,06:15,0.0298,0.0533
马鞍村1社,34,2026-02-23,06:30,0.0316,0.0248
马鞍村1社,34,2026-02-23,06:45,0.0345,0.0239
马鞍村1社,34,2026-02-23,07:00,0.036,0.053
马鞍村1社,34,2026-02-23,07:15,0.0396,0.0406
马鞍村1社,34,2026-02-23,07:30,0.0496,0.0326
马鞍村1社,34,2026-02-23,07:45,0.0651,0.0441
马鞍村1社,34,2026-02-23,08:00,0.0764,0.0719
马鞍村1社,34,2026-02-23,08:15,0.1016,0.0493
马鞍村1社,34,2026-02-23,08:30,0.119,0.1263
马鞍村1社,34,2026-02-23,08:45,0.1249,0.1203
马鞍村1社,34,2026-02-23,09:00,0.1381,0.0979
马鞍村1社,34,2026-02-23,09:15,0.131,0.1152
马鞍村1社,34,2026-02-23,09:30,0.1159,0.117
马鞍村1社,34,2026-02-23,09:45,0.1121,0.0487
马鞍村1社,34,2026-02-23,10:00,0.0824,0.0646
马鞍村1社,34,2026-02-23,10:15,0.0805,0.1195
马鞍村1社,34,2026-02-23,10:30,0.0778,0.0567
马鞍村1社,34,2026-02-23,10:45,0.0696,0.0272
马鞍村1社,34,2026-02-23,11:00,0.064,0.0201
马鞍村1社,34,2026-02-23,11:15,0.0682,0.0337
马鞍村1社,34,2026-02-23,11:30,0.0586,0.0816
马鞍村1社,34,2026-02-23,11:45,0.0579,0.0337
马鞍村1社,34,2026-02-23,12:00,0.0649,0.0452
马鞍村1社,34,2026-02-23,12:15,0.061,0.0314
马鞍村1社,34,2026-02-23,12:30,0.0669,0.049
马鞍村1社,34,2026-02-23,12:45,0.0546,0.0426
马鞍村1社,34,2026-02-23,13:00,0.0662,0.0557
马鞍村1社,34,2026-02-23,13:15,0.0549,0.0641
马鞍村1社,34,2026-02-23,13:30,0.0574,0.0272
马鞍村1社,34,2026-02-23,13:45,0.0599,0.0493
马鞍村1社,34,2026-02-23,14:00,0.059,0.0301
马鞍村1社,34,2026-02-23,14:15,0.0612,0.0484
马鞍村1社,34,2026-02-23,14:30,0.0538,0.0406
马鞍村1社,34,2026-02-23,14:45,0.0665,0.051
马鞍村1社,34,2026-02-23,15:00,0.0589,0.0298
马鞍村1社,34,2026-02-23,15:15,0.0626,0.0929
马鞍村1社,34,2026-02-23,15:30,0.0769,0.0648
马鞍村1社,34,2026-02-23,15:45,0.0769,0.0239
马鞍村1社,34,2026-02-23,16:00,0.0775,0.0467
马鞍村1社,34,2026-02-23,16:15,0.1044,0.0995
马鞍村1社,34,2026-02-23,16:30,0.1145,0.0593
马鞍村1社,34,2026-02-23,16:45,0.1105,0.0318
马鞍村1社,34,2026-02-23,17:00,0.1195,0.0763
马鞍村1社,34,2026-02-23,17:15,0.1161,0.1118
马鞍村1社,34,2026-02-23,17:30,0.1209,0.1362
马鞍村1社,34,2026-02-23,17:45,0.1253,0.1615
马鞍村1社,34,2026-02-23,18:00,0.1269,0.1177
马鞍村1社,34,2026-02-23,18:15,0.1079,0.1384
马鞍村1社,34,2026-02-23,18:30,0.1021,0.0836
马鞍村1社,34,2026-02-23,18:45,0.093,0.0899
马鞍村1社,34,2026-02-23,19:00,0.0822,0.0749
马鞍村1社,34,2026-02-23,19:15,0.0716,0.102
马鞍村1社,34,2026-02-23,19:30,0.0675,0.0942
马鞍村1社,34,2026-02-23,19:45,0.0718,0.1419
马鞍村1社,34,2026-02-23,20:00,0.0649,0.0869
马鞍村1社,34,2026-02-23,20:15,0.0749,0.0928
马鞍村1社,34,2026-02-23,20:30,0.0684,0.0711
马鞍村1社,34,2026-02-23,20:45,0.0715,0.1044
马鞍村1社,34,2026-02-23,21:00,0.0615,0.0588
马鞍村1社,34,2026-02-23,21:15,0.068,0.0347
马鞍村1社,34,2026-02-23,21:30,0.0624,0.0482
马鞍村1社,34,2026-02-23,21:45,0.0573,0.0375
马鞍村1社,34,2026-02-23,22:00,0.0547,0.0384
马鞍村1社,34,2026-02-23,22:15,0.0459,0.0307
马鞍村1社,34,2026-02-23,22:30,0.0401,0.0414
马鞍村1社,34,2026-02-23,22:45,0.05,0.0389
马鞍村1社,34,2026-02-23,23:00,0.0452,0.0297
马鞍村1社,34,2026-02-23,23:15,0.0386,0.0304
马鞍村1社,34,2026-02-23,23:30,0.0362,0.0346
马鞍村1社,34,2026-02-23,23:45,0.0319,0.0246
甘伍村3社,35,2026-02-04,00:00,-0.0001,0.0005
甘伍村3社,35,2026-02-04,00:15,0.0007,0.0005
甘伍村3社,35,2026-02-04,00:30,0.0002,0.0005
甘伍村3社,35,2026-02-04,00:45,0.0001,0.0005
甘伍村3社,35,2026-02-04,01:00,0.0002,0.0005
甘伍村3社,35,2026-02-04,01:15,0.0005,0.0005
甘伍村3社,35,2026-02-04,01:30,0.001,0.0005
甘伍村3社,35,2026-02-04,01:45,0.0008,0.0005
甘伍村3社,35,2026-02-04,02:00,0.001,0.0005
甘伍村3社,35,2026-02-04,02:15,0.0015,0.0005
甘伍村3社,35,2026-02-04,02:30,0.0001,0.0005
甘伍村3社,35,2026-02-04,02:45,0.0007,0.0005
甘伍村3社,35,2026-02-04,03:00,0.0004,0.0005
甘伍村3社,35,2026-02-04,03:15,0.0005,0.0005
甘伍村3社,35,2026-02-04,03:30,0.0008,0.0005
甘伍村3社,35,2026-02-04,03:45,0.0004,0.0005
甘伍村3社,35,2026-02-04,04:00,-0.0008,0.0005
甘伍村3社,35,2026-02-04,04:15,0.0005,0.0005
甘伍村3社,35,2026-02-04,04:30,0.0008,0.0005
甘伍村3社,35,2026-02-04,04:45,0.0001,0.0005
甘伍村3社,35,2026-02-04,05:00,0.0006,0.0005
甘伍村3社,35,2026-02-04,05:15,0.0015,0.0005
甘伍村3社,35,2026-02-04,05:30,0.0004,0.0005
甘伍村3社,35,2026-02-04,05:45,0.0003,0.0005
甘伍村3社,35,2026-02-04,06:00,0.0007,0.0005
甘伍村3社,35,2026-02-04,06:15,0.0004,0.0005
甘伍村3社,35,2026-02-04,06:30,-0.0001,0.0005
甘伍村3社,35,2026-02-04,06:45,0.0007,0.0005
甘伍村3社,35,2026-02-04,07:00,-0.0007,0.0005
甘伍村3社,35,2026-02-04,07:15,0.0006,0.0005
甘伍村3社,35,2026-02-04,07:30,0.0004,0.0005
甘伍村3社,35,2026-02-04,07:45,0.0011,0.0005
甘伍村3社,35,2026-02-04,08:00,-0.0002,0.0005
甘伍村3社,35,2026-02-04,08:15,0.0015,0.0005
甘伍村3社,35,2026-02-04,08:30,0.002,0.0005
甘伍村3社,35,2026-02-04,08:45,0.0005,0.0005
甘伍村3社,35,2026-02-04,09:00,0.0029,0.0005
甘伍村3社,35,2026-02-04,09:15,0.0025,0.0005
甘伍村3社,35,2026-02-04,09:30,0.0029,0.0005
甘伍村3社,35,2026-02-04,09:45,0.0036,0.0005
甘伍村3社,35,2026-02-04,10:00,0.0065,0.0005
甘伍村3社,35,2026-02-04,10:15,0.0085,0.0005
甘伍村3社,35,2026-02-04,10:30,0.0096,0.0005
甘伍村3社,35,2026-02-04,10:45,0.0098,0.0005
甘伍村3社,35,2026-02-04,11:00,0.01,0.0005
甘伍村3社,35,2026-02-04,11:15,0.0125,0.0005
甘伍村3社,35,2026-02-04,11:30,0.0133,0.0005
甘伍村3社,35,2026-02-04,11:45,0.0132,0.0005
甘伍村3社,35,2026-02-04,12:00,0.0085,0.0005
甘伍村3社,35,2026-02-04,12:15,0.0084,0.0005
甘伍村3社,35,2026-02-04,12:30,0.0093,0.0005
甘伍村3社,35,2026-02-04,12:45,0.0077,0.0005
甘伍村3社,35,2026-02-04,13:00,0.0022,0.0005
甘伍村3社,35,2026-02-04,13:15,0.0046,0.0721
甘伍村3社,35,2026-02-04,13:30,0.0048,0.0387
甘伍村3社,35,2026-02-04,13:45,0.0029,0.0399
甘伍村3社,35,2026-02-04,14:00,0.0037,0.0364
甘伍村3社,35,2026-02-04,14:15,0.0049,0.0005
甘伍村3社,35,2026-02-04,14:30,0.0029,0.0005
甘伍村3社,35,2026-02-04,14:45,0.0021,0.0005
甘伍村3社,35,2026-02-04,15:00,0.0007,0.0005
甘伍村3社,35,2026-02-04,15:15,0.0018,0.0005
甘伍村3社,35,2026-02-04,15:30,-0.0,0.0005
甘伍村3社,35,2026-02-04,15:45,0.0011,0.0005
甘伍村3社,35,2026-02-04,16:00,0.0014,0.0005
甘伍村3社,35,2026-02-04,16:15,0.0014,0.0005
甘伍村3社,35,2026-02-04,16:30,-0.0014,0.0005
甘伍村3社,35,2026-02-04,16:45,0.0015,0.0005
甘伍村3社,35,2026-02-04,17:00,0.0027,0.0005
甘伍村3社,35,2026-02-04,17:15,0.0018,0.0005
甘伍村3社,35,2026-02-04,17:30,0.0005,0.0005
甘伍村3社,35,2026-02-04,17:45,0.0007,0.0005
甘伍村3社,35,2026-02-04,18:00,0.0014,0.0005
甘伍村3社,35,2026-02-04,18:15,0.0014,0.0005
甘伍村3社,35,2026-02-04,18:30,0.0015,0.0005
甘伍村3社,35,2026-02-04,18:45,0.0021,0.0005
甘伍村3社,35,2026-02-04,19:00,0.0001,0.0005
甘伍村3社,35,2026-02-04,19:15,0.0015,0.0005
甘伍村3社,35,2026-02-04,19:30,-0.0008,0.0005
甘伍村3社,35,2026-02-04,19:45,0.0003,0.0005
甘伍村3社,35,2026-02-04,20:00,-0.0002,0.0005
甘伍村3社,35,2026-02-04,20:15,0.0008,0.0005
甘伍村3社,35,2026-02-04,20:30,-0.0003,0.0005
甘伍村3社,35,2026-02-04,20:45,0.0022,0.0005
甘伍村3社,35,2026-02-04,21:00,0.0003,0.0005
甘伍村3社,35,2026-02-04,21:15,0.0004,0.0005
甘伍村3社,35,2026-02-04,21:30,0.0003,0.0005
甘伍村3社,35,2026-02-04,21:45,0.0009,0.0005
甘伍村3社,35,2026-02-04,22:00,-0.0001,0.0005
甘伍村3社,35,2026-02-04,22:15,-0.0009,0.0005
甘伍村3社,35,2026-02-04,22:30,0.0001,0.0005
甘伍村3社,35,2026-02-04,22:45,0.0013,0.0005
甘伍村3社,35,2026-02-04,23:00,0.0007,0.0005
甘伍村3社,35,2026-02-04,23:15,0.0006,0.0005
甘伍村3社,35,2026-02-04,23:30,0.001,0.0005
甘伍村3社,35,2026-02-04,23:45,0.0,0.0005
甘伍村3社,35,2026-02-05,00:00,0.0007,0.0005
甘伍村3社,35,2026-02-05,00:15,0.0008,0.0005
甘伍村3社,35,2026-02-05,00:30,0.0006,0.0005
甘伍村3社,35,2026-02-05,00:45,0.001,0.0005
甘伍村3社,35,2026-02-05,01:00,-0.0006,0.0005
甘伍村3社,35,2026-02-05,01:15,0.0015,0.0005
甘伍村3社,35,2026-02-05,01:30,-0.0001,0.0005
甘伍村3社,35,2026-02-05,01:45,0.0003,0.0005
甘伍村3社,35,2026-02-05,02:00,0.0003,0.0005
甘伍村3社,35,2026-02-05,02:15,0.0,0.0005
甘伍村3社,35,2026-02-05,02:30,0.0002,0.0005
甘伍村3社,35,2026-02-05,02:45,0.0003,0.0005
甘伍村3社,35,2026-02-05,03:00,0.0005,0.0005
甘伍村3社,35,2026-02-05,03:15,0.0014,0.0005
甘伍村3社,35,2026-02-05,03:30,0.0006,0.0005
甘伍村3社,35,2026-02-05,03:45,0.0007,0.0005
甘伍村3社,35,2026-02-05,04:00,0.0007,0.0005
甘伍村3社,35,2026-02-05,04:15,-0.0005,0.0005
甘伍村3社,35,2026-02-05,04:30,0.0004,0.0005
甘伍村3社,35,2026-02-05,04:45,0.0006,0.0005
甘伍村3社,35,2026-02-05,05:00,0.0011,0.0005
甘伍村3社,35,2026-02-05,05:15,0.0006,0.0005
甘伍村3社,35,2026-02-05,05:30,0.0002,0.0005
甘伍村3社,35,2026-02-05,05:45,0.0003,0.0005
甘伍村3社,35,2026-02-05,06:00,0.0013,0.0005
甘伍村3社,35,2026-02-05,06:15,0.0006,0.0005
甘伍村3社,35,2026-02-05,06:30,0.0004,0.0005
甘伍村3社,35,2026-02-05,06:45,-0.0,0.0005
甘伍村3社,35,2026-02-05,07:00,0.0006,0.0005
甘伍村3社,35,2026-02-05,07:15,0.0001,0.0005
甘伍村3社,35,2026-02-05,07:30,0.0008,0.0005
甘伍村3社,35,2026-02-05,07:45,-0.0002,0.0005
甘伍村3社,35,2026-02-05,08:00,0.0015,0.0005
甘伍村3社,35,2026-02-05,08:15,0.0004,0.0005
甘伍村3社,35,2026-02-05,08:30,0.0017,0.0005
甘伍村3社,35,2026-02-05,08:45,0.0014,0.0005
甘伍村3社,35,2026-02-05,09:00,0.0023,0.0005
甘伍村3社,35,2026-02-05,09:15,0.0017,0.0005
甘伍村3社,35,2026-02-05,09:30,0.0018,0.0005
甘伍村3社,35,2026-02-05,09:45,0.0025,0.0005
甘伍村3社,35,2026-02-05,10:00,0.0074,0.0005
甘伍村3社,35,2026-02-05,10:15,0.0091,0.0005
甘伍村3社,35,2026-02-05,10:30,0.0117,0.0005
甘伍村3社,35,2026-02-05,10:45,0.0119,0.0005
甘伍村3社,35,2026-02-05,11:00,0.0116,0.0005
甘伍村3社,35,2026-02-05,11:15,0.0157,0.0752
甘伍村3社,35,2026-02-05,11:30,0.0127,0.0749
甘伍村3社,35,2026-02-05,11:45,0.0128,0.0737
甘伍村3社,35,2026-02-05,12:00,0.0089,0.0777
甘伍村3社,35,2026-02-05,12:15,0.0085,0.0777
甘伍村3社,35,2026-02-05,12:30,0.007,0.0784
甘伍村3社,35,2026-02-05,12:45,0.0072,0.0693
甘伍村3社,35,2026-02-05,13:00,0.0033,0.0005
甘伍村3社,35,2026-02-05,13:15,0.0035,0.0005
甘伍村3社,35,2026-02-05,13:30,0.0047,0.0005
甘伍村3社,35,2026-02-05,13:45,0.0055,0.0005
甘伍村3社,35,2026-02-05,14:00,0.0057,0.0005
甘伍村3社,35,2026-02-05,14:15,0.0045,0.0005
甘伍村3社,35,2026-02-05,14:30,0.0048,0.0005
甘伍村3社,35,2026-02-05,14:45,0.0027,0.0005
甘伍村3社,35,2026-02-05,15:00,0.0018,0.0005
甘伍村3社,35,2026-02-05,15:15,0.0025,0.0005
甘伍村3社,35,2026-02-05,15:30,0.0003,0.0005
甘伍村3社,35,2026-02-05,15:45,0.0024,0.0005
甘伍村3社,35,2026-02-05,16:00,0.0008,0.0005
甘伍村3社,35,2026-02-05,16:15,0.0009,0.0005
甘伍村3社,35,2026-02-05,16:30,0.0012,0.0005
甘伍村3社,35,2026-02-05,16:45,0.0016,0.0005
甘伍村3社,35,2026-02-05,17:00,0.002,0.0005
甘伍村3社,35,2026-02-05,17:15,0.0014,0.0005
甘伍村3社,35,2026-02-05,17:30,0.0017,0.0005
甘伍村3社,35,2026-02-05,17:45,0.0027,0.0005
甘伍村3社,35,2026-02-05,18:00,0.0014,0.0005
甘伍村3社,35,2026-02-05,18:15,0.0018,0.0005
甘伍村3社,35,2026-02-05,18:30,0.0026,0.0005
甘伍村3社,35,2026-02-05,18:45,-0.0007,0.0005
甘伍村3社,35,2026-02-05,19:00,-0.0,0.0005
甘伍村3社,35,2026-02-05,19:15,0.0006,0.0005
甘伍村3社,35,2026-02-05,19:30,0.0001,0.0005
甘伍村3社,35,2026-02-05,19:45,-0.0,0.0005
甘伍村3社,35,2026-02-05,20:00,0.0007,0.0005
甘伍村3社,35,2026-02-05,20:15,0.0009,0.0005
甘伍村3社,35,2026-02-05,20:30,-0.0001,0.0005
甘伍村3社,35,2026-02-05,20:45,0.0005,0.0005
甘伍村3社,35,2026-02-05,21:00,0.0007,0.0005
甘伍村3社,35,2026-02-05,21:15,0.0001,0.0005
甘伍村3社,35,2026-02-05,21:30,0.0004,0.0005
甘伍村3社,35,2026-02-05,21:45,-0.0,0.0005
甘伍村3社,35,2026-02-05,22:00,0.0002,0.0005
甘伍村3社,35,2026-02-05,22:15,0.0003,0.0005
甘伍村3社,35,2026-02-05,22:30,0.0015,0.0005
甘伍村3社,35,2026-02-05,22:45,0.0008,0.0005
甘伍村3社,35,2026-02-05,23:00,0.0005,0.0005
甘伍村3社,35,2026-02-05,23:15,0.0,0.0005
甘伍村3社,35,2026-02-05,23:30,0.0014,0.0005
甘伍村3社,35,2026-02-05,23:45,-0.0004,0.0005
甘伍村3社,35,2026-02-06,00:00,0.0009,0.0005
甘伍村3社,35,2026-02-06,00:15,0.0006,0.0005
甘伍村3社,35,2026-02-06,00:30,0.0003,0.0005
甘伍村3社,35,2026-02-06,00:45,0.0003,0.0005
甘伍村3社,35,2026-02-06,01:00,0.0015,0.0005
甘伍村3社,35,2026-02-06,01:15,0.001,0.0005
甘伍村3社,35,2026-02-06,01:30,-0.0003,0.0005
甘伍村3社,35,2026-02-06,01:45,0.0004,0.0005
甘伍村3社,35,2026-02-06,02:00,0.0004,0.0005
甘伍村3社,35,2026-02-06,02:15,0.0013,0.0005
甘伍村3社,35,2026-02-06,02:30,0.0003,0.0005
甘伍村3社,35,2026-02-06,02:45,0.0005,0.0005
甘伍村3社,35,2026-02-06,03:00,0.0003,0.0005
甘伍村3社,35,2026-02-06,03:15,0.0011,0.0005
甘伍村3社,35,2026-02-06,03:30,0.0006,0.0005
甘伍村3社,35,2026-02-06,03:45,0.0003,0.0005
甘伍村3社,35,2026-02-06,04:00,0.0,0.0005
甘伍村3社,35,2026-02-06,04:15,0.0004,0.0005
甘伍村3社,35,2026-02-06,04:30,0.0008,0.0005
甘伍村3社,35,2026-02-06,04:45,-0.0,0.0005
甘伍村3社,35,2026-02-06,05:00,0.0003,0.0005
甘伍村3社,35,2026-02-06,05:15,-0.0005,0.0005
甘伍村3社,35,2026-02-06,05:30,0.0001,0.0005
甘伍村3社,35,2026-02-06,05:45,0.0007,0.0005
甘伍村3社,35,2026-02-06,06:00,-0.0003,0.0005
甘伍村3社,35,2026-02-06,06:15,0.0003,0.0005
甘伍村3社,35,2026-02-06,06:30,0.0004,0.0005
甘伍村3社,35,2026-02-06,06:45,0.0,0.0005
甘伍村3社,35,2026-02-06,07:00,0.0004,0.0005
甘伍村3社,35,2026-02-06,07:15,0.0011,0.0005
甘伍村3社,35,2026-02-06,07:30,0.0013,0.0005
甘伍村3社,35,2026-02-06,07:45,0.0015,0.0005
甘伍村3社,35,2026-02-06,08:00,-0.0002,0.0005
甘伍村3社,35,2026-02-06,08:15,0.0003,0.0005
甘伍村3社,35,2026-02-06,08:30,0.0007,0.0005
甘伍村3社,35,2026-02-06,08:45,0.0008,0.0005
甘伍村3社,35,2026-02-06,09:00,0.0036,0.0005
甘伍村3社,35,2026-02-06,09:15,0.0025,0.0005
甘伍村3社,35,2026-02-06,09:30,0.0019,0.0005
甘伍村3社,35,2026-02-06,09:45,0.0021,0.0005
甘伍村3社,35,2026-02-06,10:00,0.006,0.0005
甘伍村3社,35,2026-02-06,10:15,0.0089,0.0005
甘伍村3社,35,2026-02-06,10:30,0.0107,0.0005
甘伍村3社,35,2026-02-06,10:45,0.0119,0.0005
甘伍村3社,35,2026-02-06,11:00,0.0111,0.0005
甘伍村3社,35,2026-02-06,11:15,0.0142,0.0005
甘伍村3社,35,2026-02-06,11:30,0.0136,0.0005
甘伍村3社,35,2026-02-06,11:45,0.0129,0.0005
甘伍村3社,35,2026-02-06,12:00,0.0089,0.0005
甘伍村3社,35,2026-02-06,12:15,0.0064,0.0005
甘伍村3社,35,2026-02-06,12:30,0.0068,0.0005
甘伍村3社,35,2026-02-06,12:45,0.0062,0.0005
甘伍村3社,35,2026-02-06,13:00,0.0031,0.0005
甘伍村3社,35,2026-02-06,13:15,0.0046,0.0005
甘伍村3社,35,2026-02-06,13:30,0.0038,0.0005
甘伍村3社,35,2026-02-06,13:45,0.0045,0.0005
甘伍村3社,35,2026-02-06,14:00,0.0039,0.0005
甘伍村3社,35,2026-02-06,14:15,0.0034,0.0005
甘伍村3社,35,2026-02-06,14:30,0.0026,0.0005
甘伍村3社,35,2026-02-06,14:45,0.0025,0.0005
甘伍村3社,35,2026-02-06,15:00,0.0013,0.0005
甘伍村3社,35,2026-02-06,15:15,0.0013,0.0005
甘伍村3社,35,2026-02-06,15:30,0.0005,0.0005
甘伍村3社,35,2026-02-06,15:45,0.0009,0.0005
甘伍村3社,35,2026-02-06,16:00,0.0006,0.0005
甘伍村3社,35,2026-02-06,16:15,0.0001,0.0005
甘伍村3社,35,2026-02-06,16:30,0.0015,0.0005
甘伍村3社,35,2026-02-06,16:45,0.0004,0.0005
甘伍村3社,35,2026-02-06,17:00,0.0018,0.0005
甘伍村3社,35,2026-02-06,17:15,0.0015,0.0005
甘伍村3社,35,2026-02-06,17:30,0.0014,0.0005
甘伍村3社,35,2026-02-06,17:45,0.0014,0.0005
甘伍村3社,35,2026-02-06,18:00,0.0015,0.0005
甘伍村3社,35,2026-02-06,18:15,0.0017,0.0005
甘伍村3社,35,2026-02-06,18:30,0.0003,0.0005
甘伍村3社,35,2026-02-06,18:45,-0.0003,0.0005
甘伍村3社,35,2026-02-06,19:00,0.0003,0.0005
甘伍村3社,35,2026-02-06,19:15,0.0006,0.0005
甘伍村3社,35,2026-02-06,19:30,0.0008,0.0005
甘伍村3社,35,2026-02-06,19:45,0.0009,0.0005
甘伍村3社,35,2026-02-06,20:00,0.0015,0.0005
甘伍村3社,35,2026-02-06,20:15,0.0015,0.0005
甘伍村3社,35,2026-02-06,20:30,-0.0005,0.0005
甘伍村3社,35,2026-02-06,20:45,-0.0,0.0005
甘伍村3社,35,2026-02-06,21:00,0.0002,0.0005
甘伍村3社,35,2026-02-06,21:15,0.0004,0.0005
甘伍村3社,35,2026-02-06,21:30,0.0005,0.0005
甘伍村3社,35,2026-02-06,21:45,0.0011,0.0005
甘伍村3社,35,2026-02-06,22:00,0.0004,0.0005
甘伍村3社,35,2026-02-06,22:15,0.0003,0.0005
甘伍村3社,35,2026-02-06,22:30,0.0007,0.0005
甘伍村3社,35,2026-02-06,22:45,0.0002,0.0005
甘伍村3社,35,2026-02-06,23:00,0.0007,0.0005
甘伍村3社,35,2026-02-06,23:15,0.0011,0.0005
甘伍村3社,35,2026-02-06,23:30,-0.0,0.0005
甘伍村3社,35,2026-02-06,23:45,0.0002,0.0005
甘伍村3社,36,2026-03-08,00:00,0.0015,0.0005
甘伍村3社,36,2026-03-08,00:15,0.0007,0.0005
甘伍村3社,36,2026-03-08,00:30,-0.0003,0.0005
甘伍村3社,36,2026-03-08,00:45,0.0009,0.0005
甘伍村3社,36,2026-03-08,01:00,0.0002,0.0005
甘伍村3社,36,2026-03-08,01:15,0.0006,0.0005
甘伍村3社,36,2026-03-08,01:30,0.0011,0.0005
甘伍村3社,36,2026-03-08,01:45,-0.0002,0.0005
甘伍村3社,36,2026-03-08,02:00,0.0002,0.0005
甘伍村3社,36,2026-03-08,02:15,0.0008,0.0005
甘伍村3社,36,2026-03-08,02:30,0.0005,0.0005
甘伍村3社,36,2026-03-08,02:45,0.0004,0.0005
甘伍村3社,36,2026-03-08,03:00,0.0002,0.0005
甘伍村3社,36,2026-03-08,03:15,0.0008,0.0005
甘伍村3社,36,2026-03-08,03:30,-0.0004,0.0005
甘伍村3社,36,2026-03-08,03:45,0.0008,0.0005
甘伍村3社,36,2026-03-08,04:00,-0.0006,0.0005
甘伍村3社,36,2026-03-08,04:15,0.0,0.0005
甘伍村3社,36,2026-03-08,04:30,0.0007,0.0005
甘伍村3社,36,2026-03-08,04:45,0.0009,0.0005
甘伍村3社,36,2026-03-08,05:00,0.0007,0.0005
甘伍村3社,36,2026-03-08,05:15,0.0006,0.0005
甘伍村3社,36,2026-03-08,05:30,0.0005,0.0005
甘伍村3社,36,2026-03-08,05:45,0.0007,0.0005
甘伍村3社,36,2026-03-08,06:00,0.0009,0.0005
甘伍村3社,36,2026-03-08,06:15,0.0008,0.0005
甘伍村3社,36,2026-03-08,06:30,-0.0006,0.0005
甘伍村3社,36,2026-03-08,06:45,0.0009,0.0005
甘伍村3社,36,2026-03-08,07:00,-0.0006,0.0005
甘伍村3社,36,2026-03-08,07:15,-0.0001,0.0008
甘伍村3社,36,2026-03-08,07:30,0.0013,0.0008
甘伍村3社,36,2026-03-08,07:45,0.0018,0.0008
甘伍村3社,36,2026-03-08,08:00,0.0009,0.0007
甘伍村3社,36,2026-03-08,08:15,0.0016,0.0007
甘伍村3社,36,2026-03-08,08:30,0.0023,0.0006
甘伍村3社,36,2026-03-08,08:45,-0.0001,0.0005
甘伍村3社,36,2026-03-08,09:00,0.0041,0.0005
甘伍村3社,36,2026-03-08,09:15,0.0027,0.0005
甘伍村3社,36,2026-03-08,09:30,0.0047,0.0005
甘伍村3社,36,2026-03-08,09:45,0.0038,0.0005
甘伍村3社,36,2026-03-08,10:00,0.0074,0.0005
甘伍村3社,36,2026-03-08,10:15,0.0083,0.0005
甘伍村3社,36,2026-03-08,10:30,0.0095,0.0005
甘伍村3社,36,2026-03-08,10:45,0.0112,0.0005
甘伍村3社,36,2026-03-08,11:00,0.0097,0.0005
甘伍村3社,36,2026-03-08,11:15,0.0126,0.0005
甘伍村3社,36,2026-03-08,11:30,0.0118,0.0005
甘伍村3社,36,2026-03-08,11:45,0.0124,0.0005
甘伍村3社,36,2026-03-08,12:00,0.0087,0.0005
甘伍村3社,36,2026-03-08,12:15,0.0075,0.0005
甘伍村3社,36,2026-03-08,12:30,0.0088,0.0005
甘伍村3社,36,2026-03-08,12:45,0.0069,0.0005
甘伍村3社,36,2026-03-08,13:00,0.0025,0.0005
甘伍村3社,36,2026-03-08,13:15,0.0033,0.0005
甘伍村3社,36,2026-03-08,13:30,0.005,0.0005
甘伍村3社,36,2026-03-08,13:45,0.0024,0.0005
甘伍村3社,36,2026-03-08,14:00,0.0023,0.0005
甘伍村3社,36,2026-03-08,14:15,0.004,0.0005
甘伍村3社,36,2026-03-08,14:30,0.0029,0.0005
甘伍村3社,36,2026-03-08,14:45,0.0014,0.0005
甘伍村3社,36,2026-03-08,15:00,0.001,0.0005
甘伍村3社,36,2026-03-08,15:15,0.0026,0.0005
甘伍村3社,36,2026-03-08,15:30,0.0007,0.0005
甘伍村3社,36,2026-03-08,15:45,0.0008,0.0005
甘伍村3社,36,2026-03-08,16:00,0.0009,0.0005
甘伍村3社,36,2026-03-08,16:15,0.001,0.0005
甘伍村3社,36,2026-03-08,16:30,-0.0005,0.0005
甘伍村3社,36,2026-03-08,16:45,0.0021,0.0005
甘伍村3社,36,2026-03-08,17:00,0.0022,0.0005
甘伍村3社,36,2026-03-08,17:15,0.0004,0.0005
甘伍村3社,36,2026-03-08,17:30,0.0017,0.0005
甘伍村3社,36,2026-03-08,17:45,0.0018,0.0005
甘伍村3社,36,2026-03-08,18:00,0.0021,0.0005
甘伍村3社,36,2026-03-08,18:15,-0.0001,0.0005
甘伍村3社,36,2026-03-08,18:30,0.001,0.0005
甘伍村3社,36,2026-03-08,18:45,0.0015,0.0005
甘伍村3社,36,2026-03-08,19:00,0.0009,0.0005
甘伍村3社,36,2026-03-08,19:15,0.0019,0.0005
甘伍村3社,36,2026-03-08,19:30,-0.0008,0.0005
甘伍村3社,36,2026-03-08,19:45,0.0001,0.0005
甘伍村3社,36,2026-03-08,20:00,-0.0007,0.0005
甘伍村3社,36,2026-03-08,20:15,0.0004,0.0005
甘伍村3社,36,2026-03-08,20:30,0.0002,0.0005
甘伍村3社,36,2026-03-08,20:45,0.0024,0.0005
甘伍村3社,36,2026-03-08,21:00,-0.0005,0.0005
甘伍村3社,36,2026-03-08,21:15,0.0001,0.0005
甘伍村3社,36,2026-03-08,21:30,-0.0005,0.0005
甘伍村3社,36,2026-03-08,21:45,0.0,0.0005
甘伍村3社,36,2026-03-08,22:00,0.0004,0.0005
甘伍村3社,36,2026-03-08,22:15,-0.0004,0.0005
甘伍村3社,36,2026-03-08,22:30,0.001,0.0005
甘伍村3社,36,2026-03-08,22:45,0.0007,0.0005
甘伍村3社,36,2026-03-08,23:00,0.0007,0.0005
甘伍村3社,36,2026-03-08,23:15,0.0,0.0005
甘伍村3社,36,2026-03-08,23:30,0.0008,0.0005
甘伍村3社,36,2026-03-08,23:45,0.0001,0.0005
甘伍村3社,36,2026-03-09,00:00,0.0006,0.0005
甘伍村3社,36,2026-03-09,00:15,0.0005,0.0005
甘伍村3社,36,2026-03-09,00:30,0.0003,0.0005
甘伍村3社,36,2026-03-09,00:45,0.0004,0.0006
甘伍村3社,36,2026-03-09,01:00,-0.0007,0.0006
甘伍村3社,36,2026-03-09,01:15,0.0008,0.0006
甘伍村3社,36,2026-03-09,01:30,0.0003,0.0006
甘伍村3社,36,2026-03-09,01:45,0.0005,0.0006
甘伍村3社,36,2026-03-09,02:00,-0.0004,0.0006
甘伍村3社,36,2026-03-09,02:15,0.0005,0.0006
甘伍村3社,36,2026-03-09,02:30,0.0009,0.0006
甘伍村3社,36,2026-03-09,02:45,0.0007,0.0006
甘伍村3社,36,2026-03-09,03:00,0.0008,0.0006
甘伍村3社,36,2026-03-09,03:15,0.0006,0.0006
甘伍村3社,36,2026-03-09,03:30,0.0005,0.0006
甘伍村3社,36,2026-03-09,03:45,0.0002,0.0005
甘伍村3社,36,2026-03-09,04:00,0.0014,0.0006
甘伍村3社,36,2026-03-09,04:15,-0.0006,0.0006
甘伍村3社,36,2026-03-09,04:30,0.0006,0.0005
甘伍村3社,36,2026-03-09,04:45,0.0012,0.0005
甘伍村3社,36,2026-03-09,05:00,0.0007,0.0005
甘伍村3社,36,2026-03-09,05:15,0.0004,0.0005
甘伍村3社,36,2026-03-09,05:30,0.0006,0.0005
甘伍村3社,36,2026-03-09,05:45,0.0004,0.0005
甘伍村3社,36,2026-03-09,06:00,0.0007,0.0005
甘伍村3社,36,2026-03-09,06:15,-0.0002,0.0005
甘伍村3社,36,2026-03-09,06:30,-0.0,0.0005
甘伍村3社,36,2026-03-09,06:45,0.0005,0.0005
甘伍村3社,36,2026-03-09,07:00,0.0006,0.0005
甘伍村3社,36,2026-03-09,07:15,0.0016,0.0005
甘伍村3社,36,2026-03-09,07:30,0.0009,0.0005
甘伍村3社,36,2026-03-09,07:45,0.0003,0.0006
甘伍村3社,36,2026-03-09,08:00,0.0012,0.0008
甘伍村3社,36,2026-03-09,08:15,0.0011,0.0008
甘伍村3社,36,2026-03-09,08:30,0.0018,0.0007
甘伍村3社,36,2026-03-09,08:45,0.0013,0.0006
甘伍村3社,36,2026-03-09,09:00,0.0035,0.0006
甘伍村3社,36,2026-03-09,09:15,0.0025,0.0006
甘伍村3社,36,2026-03-09,09:30,0.002,0.0006
甘伍村3社,36,2026-03-09,09:45,0.0012,0.0006
甘伍村3社,36,2026-03-09,10:00,0.006,0.0006
甘伍村3社,36,2026-03-09,10:15,0.0079,0.0006
甘伍村3社,36,2026-03-09,10:30,0.0102,0.0006
甘伍村3社,36,2026-03-09,10:45,0.0106,0.0006
甘伍村3社,36,2026-03-09,11:00,0.0108,0.0006
甘伍村3社,36,2026-03-09,11:15,0.0142,0.0005
甘伍村3社,36,2026-03-09,11:30,0.0123,0.0006
甘伍村3社,36,2026-03-09,11:45,0.0115,0.0005
甘伍村3社,36,2026-03-09,12:00,0.0103,0.0005
甘伍村3社,36,2026-03-09,12:15,0.0086,0.0006
甘伍村3社,36,2026-03-09,12:30,0.006,0.0005
甘伍村3社,36,2026-03-09,12:45,0.008,0.0005
甘伍村3社,36,2026-03-09,13:00,0.004,0.0005
甘伍村3社,36,2026-03-09,13:15,0.0048,0.0005
甘伍村3社,36,2026-03-09,13:30,0.0047,0.0005
甘伍村3社,36,2026-03-09,13:45,0.0049,0.0005
甘伍村3社,36,2026-03-09,14:00,0.0051,0.0005
甘伍村3社,36,2026-03-09,14:15,0.0048,0.0005
甘伍村3社,36,2026-03-09,14:30,0.0029,0.0005
甘伍村3社,36,2026-03-09,14:45,0.002,0.0005
甘伍村3社,36,2026-03-09,15:00,0.0004,0.0005
甘伍村3社,36,2026-03-09,15:15,0.0022,0.0005
甘伍村3社,36,2026-03-09,15:30,0.0011,0.0005
甘伍村3社,36,2026-03-09,15:45,0.0009,0.0005
甘伍村3社,36,2026-03-09,16:00,0.001,0.0005
甘伍村3社,36,2026-03-09,16:15,0.0011,0.0005
甘伍村3社,36,2026-03-09,16:30,0.0014,0.0005
甘伍村3社,36,2026-03-09,16:45,0.0015,0.0005
甘伍村3社,36,2026-03-09,17:00,0.0014,0.0005
甘伍村3社,36,2026-03-09,17:15,0.0006,0.0005
甘伍村3社,36,2026-03-09,17:30,0.0002,0.0005
甘伍村3社,36,2026-03-09,17:45,0.0013,0.0005
甘伍村3社,36,2026-03-09,18:00,-0.0002,0.0005
甘伍村3社,36,2026-03-09,18:15,0.0011,0.0005
甘伍村3社,36,2026-03-09,18:30,0.0009,0.0006
甘伍村3社,36,2026-03-09,18:45,-0.0004,0.0006
甘伍村3社,36,2026-03-09,19:00,0.0003,0.0005
甘伍村3社,36,2026-03-09,19:15,0.0002,0.0005
甘伍村3社,36,2026-03-09,19:30,0.0004,0.001
甘伍村3社,36,2026-03-09,19:45,0.0003,0.0005
甘伍村3社,36,2026-03-09,20:00,0.0016,0.0005
甘伍村3社,36,2026-03-09,20:15,0.0004,0.0005
甘伍村3社,36,2026-03-09,20:30,0.0009,0.0005
甘伍村3社,36,2026-03-09,20:45,0.0004,0.0005
甘伍村3社,36,2026-03-09,21:00,0.0017,0.0005
甘伍村3社,36,2026-03-09,21:15,0.0006,0.0005
甘伍村3社,36,2026-03-09,21:30,-0.0004,0.0005
甘伍村3社,36,2026-03-09,21:45,0.0007,0.0005
甘伍村3社,36,2026-03-09,22:00,-0.0001,0.0005
甘伍村3社,36,2026-03-09,22:15,-0.0011,0.0005
甘伍村3社,36,2026-03-09,22:30,0.0005,0.0005
甘伍村3社,36,2026-03-09,22:45,-0.0001,0.0005
甘伍村3社,36,2026-03-09,23:00,0.0003,0.0005
甘伍村3社,36,2026-03-09,23:15,0.0001,0.0005
甘伍村3社,36,2026-03-09,23:30,0.0015,0.0005
甘伍村3社,36,2026-03-09,23:45,-0.0003,0.0006
甘伍村3社,36,2026-03-10,00:00,0.0013,0.0006
甘伍村3社,36,2026-03-10,00:15,0.0001,0.0006
甘伍村3社,36,2026-03-10,00:30,0.0007,0.0006
甘伍村3社,36,2026-03-10,00:45,0.0001,0.0006
甘伍村3社,36,2026-03-10,01:00,0.0011,0.0006
甘伍村3社,36,2026-03-10,01:15,0.0002,0.0006
甘伍村3社,36,2026-03-10,01:30,-0.0005,0.0006
甘伍村3社,36,2026-03-10,01:45,0.0,0.0006
甘伍村3社,36,2026-03-10,02:00,0.0009,0.0006
甘伍村3社,36,2026-03-10,02:15,0.0016,0.0006
甘伍村3社,36,2026-03-10,02:30,0.0009,0.0006
甘伍村3社,36,2026-03-10,02:45,0.0011,0.0006
甘伍村3社,36,2026-03-10,03:00,0.0004,0.0006
甘伍村3社,36,2026-03-10,03:15,0.0012,0.0006
甘伍村3社,36,2026-03-10,03:30,-0.0003,0.0006
甘伍村3社,36,2026-03-10,03:45,-0.0002,0.0006
甘伍村3社,36,2026-03-10,04:00,-0.0005,0.0006
甘伍村3社,36,2026-03-10,04:15,0.001,0.0006
甘伍村3社,36,2026-03-10,04:30,0.0005,0.0006
甘伍村3社,36,2026-03-10,04:45,0.0004,0.0006
甘伍村3社,36,2026-03-10,05:00,0.0004,0.0006
甘伍村3社,36,2026-03-10,05:15,0.0001,0.0006
甘伍村3社,36,2026-03-10,05:30,0.0,0.0006
甘伍村3社,36,2026-03-10,05:45,0.0004,0.0006
甘伍村3社,36,2026-03-10,06:00,-0.0008,0.0006
甘伍村3社,36,2026-03-10,06:15,0.0006,0.0006
甘伍村3社,36,2026-03-10,06:30,0.0008,0.0006
甘伍村3社,36,2026-03-10,06:45,0.0004,0.0006
甘伍村3社,36,2026-03-10,07:00,-0.0001,0.0006
甘伍村3社,36,2026-03-10,07:15,0.0006,0.0006
甘伍村3社,36,2026-03-10,07:30,0.0012,0.0006
甘伍村3社,36,2026-03-10,07:45,0.0018,0.0009
甘伍村3社,36,2026-03-10,08:00,0.001,0.0009
甘伍村3社,36,2026-03-10,08:15,0.0003,0.0006
甘伍村3社,36,2026-03-10,08:30,0.0017,0.0006
甘伍村3社,36,2026-03-10,08:45,0.0012,0.0006
甘伍村3社,36,2026-03-10,09:00,0.0036,0.0006
甘伍村3社,36,2026-03-10,09:15,0.003,0.0006
甘伍村3社,36,2026-03-10,09:30,0.0014,0.0006
甘伍村3社,36,2026-03-10,09:45,0.0021,0.0006
甘伍村3社,36,2026-03-10,10:00,0.0045,0.0006
甘伍村3社,36,2026-03-10,10:15,0.0077,0.0006
甘伍村3社,36,2026-03-10,10:30,0.0091,0.0006
甘伍村3社,36,2026-03-10,10:45,0.0106,0.0006
甘伍村3社,36,2026-03-10,11:00,0.0112,0.0006
甘伍村3社,36,2026-03-10,11:15,0.0141,0.0006
甘伍村3社,36,2026-03-10,11:30,0.0136,0.0006
甘伍村3社,36,2026-03-10,11:45,0.0126,0.0005
甘伍村3社,36,2026-03-10,12:00,0.0087,0.0005
甘伍村3社,36,2026-03-10,12:15,0.0068,0.0006
甘伍村3社,36,2026-03-10,12:30,0.0076,0.0006
甘伍村3社,36,2026-03-10,12:45,0.0073,0.0005
甘伍村3社,36,2026-03-10,13:00,0.0034,0.0005
甘伍村3社,36,2026-03-10,13:15,0.0046,0.0005
甘伍村3社,36,2026-03-10,13:30,0.005,0.0005
甘伍村3社,36,2026-03-10,13:45,0.0042,0.0005
甘伍村3社,36,2026-03-10,14:00,0.004,0.0005
甘伍村3社,36,2026-03-10,14:15,0.0029,0.0005
甘伍村3社,36,2026-03-10,14:30,0.0012,0.0005
甘伍村3社,36,2026-03-10,14:45,0.0015,0.0005
甘伍村3社,36,2026-03-10,15:00,0.0014,0.0005
甘伍村3社,36,2026-03-10,15:15,0.0016,0.0005
甘伍村3社,36,2026-03-10,15:30,0.0012,0.0005
甘伍村3社,36,2026-03-10,15:45,0.0012,0.0005
甘伍村3社,36,2026-03-10,16:00,0.0019,0.0005
甘伍村3社,36,2026-03-10,16:15,-0.0002,0.0005
甘伍村3社,36,2026-03-10,16:30,0.0026,0.0005
甘伍村3社,36,2026-03-10,16:45,0.0009,0.0005
甘伍村3社,36,2026-03-10,17:00,0.0028,0.0005
甘伍村3社,36,2026-03-10,17:15,0.002,0.0005
甘伍村3社,36,2026-03-10,17:30,0.0011,0.0005
甘伍村3社,36,2026-03-10,17:45,0.0014,0.0005
甘伍村3社,36,2026-03-10,18:00,0.0009,0.0005
甘伍村3社,36,2026-03-10,18:15,0.0018,0.0005
甘伍村3社,36,2026-03-10,18:30,0.0001,0.0005
甘伍村3社,36,2026-03-10,18:45,0.0007,0.0005
甘伍村3社,36,2026-03-10,19:00,0.0001,0.0005
甘伍村3社,36,2026-03-10,19:15,0.0006,0.0005
甘伍村3社,36,2026-03-10,19:30,0.001,0.0005
甘伍村3社,36,2026-03-10,19:45,0.0017,0.001
甘伍村3社,36,2026-03-10,20:00,0.0006,0.001
甘伍村3社,36,2026-03-10,20:15,0.0015,0.001
甘伍村3社,36,2026-03-10,20:30,0.0009,0.001
甘伍村3社,36,2026-03-10,20:45,-0.0002,0.0005
甘伍村3社,36,2026-03-10,21:00,0.0011,0.0005
甘伍村3社,36,2026-03-10,21:15,0.0007,0.0005
甘伍村3社,36,2026-03-10,21:30,-0.0003,0.0005
甘伍村3社,36,2026-03-10,21:45,0.0005,0.0005
甘伍村3社,36,2026-03-10,22:00,0.0002,0.0005
甘伍村3社,36,2026-03-10,22:15,0.0006,0.0005
甘伍村3社,36,2026-03-10,22:30,0.0007,0.0005
甘伍村3社,36,2026-03-10,22:45,0.0005,0.0005
甘伍村3社,36,2026-03-10,23:00,0.001,0.0005
甘伍村3社,36,2026-03-10,23:15,-0.0,0.0005
甘伍村3社,36,2026-03-10,23:30,0.0005,0.0005
甘伍村3社,36,2026-03-10,23:45,-0.0001,0.0005
甘伍村3社,37,2026-01-29,00:00,0.0003,0.0005
甘伍村3社,37,2026-01-29,00:15,0.0009,0.0005
甘伍村3社,37,2026-01-29,00:30,0.0006,0.0005
甘伍村3社,37,2026-01-29,00:45,0.0001,0.0005
甘伍村3社,37,2026-01-29,01:00,0.0,0.0005
甘伍村3社,37,2026-01-29,01:15,0.0004,0.0005
甘伍村3社,37,2026-01-29,01:30,0.0006,0.0005
甘伍村3社,37,2026-01-29,01:45,0.0011,0.0005
甘伍村3社,37,2026-01-29,02:00,0.001,0.0005
甘伍村3社,37,2026-01-29,02:15,0.0012,0.0005
甘伍村3社,37,2026-01-29,02:30,0.0003,0.0005
甘伍村3社,37,2026-01-29,02:45,0.0007,0.0005
甘伍村3社,37,2026-01-29,03:00,0.0006,0.0005
甘伍村3社,37,2026-01-29,03:15,0.0004,0.0005
甘伍村3社,37,2026-01-29,03:30,0.0006,0.0005
甘伍村3社,37,2026-01-29,03:45,0.0002,0.0005
甘伍村3社,37,2026-01-29,04:00,-0.0001,0.0005
甘伍村3社,37,2026-01-29,04:15,0.0003,0.0005
甘伍村3社,37,2026-01-29,04:30,0.0007,0.0005
甘伍村3社,37,2026-01-29,04:45,-0.0001,0.0005
甘伍村3社,37,2026-01-29,05:00,0.0003,0.0005
甘伍村3社,37,2026-01-29,05:15,0.0016,0.0005
甘伍村3社,37,2026-01-29,05:30,0.0003,0.0005
甘伍村3社,37,2026-01-29,05:45,0.0,0.0005
甘伍村3社,37,2026-01-29,06:00,0.0004,0.0005
甘伍村3社,37,2026-01-29,06:15,0.0005,0.0005
甘伍村3社,37,2026-01-29,06:30,-0.0002,0.0005
甘伍村3社,37,2026-01-29,06:45,0.0006,0.0005
甘伍村3社,37,2026-01-29,07:00,-0.0006,0.0005
甘伍村3社,37,2026-01-29,07:15,-0.0,0.0005
甘伍村3社,37,2026-01-29,07:30,-0.0,0.0006
甘伍村3社,37,2026-01-29,07:45,0.0008,0.0005
甘伍村3社,37,2026-01-29,08:00,0.0002,0.0005
甘伍村3社,37,2026-01-29,08:15,0.0014,0.0005
甘伍村3社,37,2026-01-29,08:30,0.002,0.0005
甘伍村3社,37,2026-01-29,08:45,0.0009,0.0005
甘伍村3社,37,2026-01-29,09:00,0.0029,0.0005
甘伍村3社,37,2026-01-29,09:15,0.0035,0.0005
甘伍村3社,37,2026-01-29,09:30,0.0031,0.0005
甘伍村3社,37,2026-01-29,09:45,0.0038,0.0005
甘伍村3社,37,2026-01-29,10:00,0.0064,0.0005
甘伍村3社,37,2026-01-29,10:15,0.0084,0.0005
甘伍村3社,37,2026-01-29,10:30,0.0096,0.0005
甘伍村3社,37,2026-01-29,10:45,0.01,0.0005
甘伍村3社,37,2026-01-29,11:00,0.0097,0.0005
甘伍村3社,37,2026-01-29,11:15,0.0118,0.0005
甘伍村3社,37,2026-01-29,11:30,0.0127,0.0005
甘伍村3社,37,2026-01-29,11:45,0.0125,0.0005
甘伍村3社,37,2026-01-29,12:00,0.0079,0.0005
甘伍村3社,37,2026-01-29,12:15,0.008,0.0005
甘伍村3社,37,2026-01-29,12:30,0.0088,0.0005
甘伍村3社,37,2026-01-29,12:45,0.0076,0.0005
甘伍村3社,37,2026-01-29,13:00,0.0023,0.0005
甘伍村3社,37,2026-01-29,13:15,0.0041,0.0005
甘伍村3社,37,2026-01-29,13:30,0.0045,0.0005
甘伍村3社,37,2026-01-29,13:45,0.0029,0.0005
甘伍村3社,37,2026-01-29,14:00,0.0036,0.0005
甘伍村3社,37,2026-01-29,14:15,0.005,0.0005
甘伍村3社,37,2026-01-29,14:30,0.0027,0.0005
甘伍村3社,37,2026-01-29,14:45,0.0021,0.0005
甘伍村3社,37,2026-01-29,15:00,0.0008,0.0005
甘伍村3社,37,2026-01-29,15:15,0.0021,0.0005
甘伍村3社,37,2026-01-29,15:30,0.0002,0.0005
甘伍村3社,37,2026-01-29,15:45,0.0014,0.0005
甘伍村3社,37,2026-01-29,16:00,0.0018,0.0005
甘伍村3社,37,2026-01-29,16:15,0.0015,0.0005
甘伍村3社,37,2026-01-29,16:30,-0.0014,0.0005
甘伍村3社,37,2026-01-29,16:45,0.0016,0.0005
甘伍村3社,37,2026-01-29,17:00,0.0026,0.0005
甘伍村3社,37,2026-01-29,17:15,0.002,0.0005
甘伍村3社,37,2026-01-29,17:30,0.0007,0.0005
甘伍村3社,37,2026-01-29,17:45,0.0008,0.0005
甘伍村3社,37,2026-01-29,18:00,0.0012,0.0005
甘伍村3社,37,2026-01-29,18:15,0.0015,0.0005
甘伍村3社,37,2026-01-29,18:30,0.0015,0.0005
甘伍村3社,37,2026-01-29,18:45,0.0017,0.0005
甘伍村3社,37,2026-01-29,19:00,0.0001,0.0005
甘伍村3社,37,2026-01-29,19:15,0.002,0.0005
甘伍村3社,37,2026-01-29,19:30,-0.0007,0.0005
甘伍村3社,37,2026-01-29,19:45,0.0004,0.0005
甘伍村3社,37,2026-01-29,20:00,-0.0002,0.0005
甘伍村3社,37,2026-01-29,20:15,0.0013,0.0005
甘伍村3社,37,2026-01-29,20:30,0.0002,0.0005
甘伍村3社,37,2026-01-29,20:45,0.002,0.0005
甘伍村3社,37,2026-01-29,21:00,0.0006,0.0005
甘伍村3社,37,2026-01-29,21:15,0.0001,0.0005
甘伍村3社,37,2026-01-29,21:30,0.0009,0.0005
甘伍村3社,37,2026-01-29,21:45,0.0009,0.0005
甘伍村3社,37,2026-01-29,22:00,0.0001,0.0005
甘伍村3社,37,2026-01-29,22:15,-0.0007,0.0005
甘伍村3社,37,2026-01-29,22:30,0.0003,0.0005
甘伍村3社,37,2026-01-29,22:45,0.0015,0.0005
甘伍村3社,37,2026-01-29,23:00,0.0007,0.0005
甘伍村3社,37,2026-01-29,23:15,0.0012,0.0005
甘伍村3社,37,2026-01-29,23:30,0.0008,0.0005
甘伍村3社,37,2026-01-29,23:45,0.0002,0.0005
甘伍村3社,37,2026-01-30,00:00,0.0007,0.0005
甘伍村3社,37,2026-01-30,00:15,0.0011,0.0005
甘伍村3社,37,2026-01-30,00:30,0.0008,0.0005
甘伍村3社,37,2026-01-30,00:45,0.0009,0.0005
甘伍村3社,37,2026-01-30,01:00,0.0,0.0005
甘伍村3社,37,2026-01-30,01:15,0.0014,0.0005
甘伍村3社,37,2026-01-30,01:30,-0.0002,0.0005
甘伍村3社,37,2026-01-30,01:45,0.0002,0.0005
甘伍村3社,37,2026-01-30,02:00,0.0004,0.0005
甘伍村3社,37,2026-01-30,02:15,0.0004,0.0005
甘伍村3社,37,2026-01-30,02:30,0.0004,0.0005
甘伍村3社,37,2026-01-30,02:45,0.0004,0.0005
甘伍村3社,37,2026-01-30,03:00,0.0005,0.0005
甘伍村3社,37,2026-01-30,03:15,0.0016,0.0005
甘伍村3社,37,2026-01-30,03:30,0.001,0.0005
甘伍村3社,37,2026-01-30,03:45,0.0009,0.0005
甘伍村3社,37,2026-01-30,04:00,0.0005,0.0005
甘伍村3社,37,2026-01-30,04:15,-0.0,0.0005
甘伍村3社,37,2026-01-30,04:30,0.0004,0.0005
甘伍村3社,37,2026-01-30,04:45,0.0006,0.0005
甘伍村3社,37,2026-01-30,05:00,0.0009,0.0005
甘伍村3社,37,2026-01-30,05:15,0.0006,0.0005
甘伍村3社,37,2026-01-30,05:30,-0.0002,0.0005
甘伍村3社,37,2026-01-30,05:45,0.0003,0.0005
甘伍村3社,37,2026-01-30,06:00,0.0012,0.0005
甘伍村3社,37,2026-01-30,06:15,0.0008,0.0005
甘伍村3社,37,2026-01-30,06:30,0.0006,0.0005
甘伍村3社,37,2026-01-30,06:45,0.0002,0.0005
甘伍村3社,37,2026-01-30,07:00,0.0005,0.0005
甘伍村3社,37,2026-01-30,07:15,-0.0,0.0005
甘伍村3社,37,2026-01-30,07:30,0.0015,0.0005
甘伍村3社,37,2026-01-30,07:45,-0.0004,0.0005
甘伍村3社,37,2026-01-30,08:00,0.0011,0.0005
甘伍村3社,37,2026-01-30,08:15,0.0,0.0005
甘伍村3社,37,2026-01-30,08:30,0.0015,0.0005
甘伍村3社,37,2026-01-30,08:45,0.0016,0.0005
甘伍村3社,37,2026-01-30,09:00,0.0025,0.0005
甘伍村3社,37,2026-01-30,09:15,0.0023,0.0005
甘伍村3社,37,2026-01-30,09:30,0.0025,0.0005
甘伍村3社,37,2026-01-30,09:45,0.003,0.0005
甘伍村3社,37,2026-01-30,10:00,0.0081,0.0005
甘伍村3社,37,2026-01-30,10:15,0.0096,0.0005
甘伍村3社,37,2026-01-30,10:30,0.0116,0.0005
甘伍村3社,37,2026-01-30,10:45,0.0119,0.0005
甘伍村3社,37,2026-01-30,11:00,0.0112,0.0005
甘伍村3社,37,2026-01-30,11:15,0.015,0.0005
甘伍村3社,37,2026-01-30,11:30,0.012,0.0005
甘伍村3社,37,2026-01-30,11:45,0.0122,0.0005
甘伍村3社,37,2026-01-30,12:00,0.0085,0.0005
甘伍村3社,37,2026-01-30,12:15,0.0079,0.0005
甘伍村3社,37,2026-01-30,12:30,0.007,0.0005
甘伍村3社,37,2026-01-30,12:45,0.0068,0.0005
甘伍村3社,37,2026-01-30,13:00,0.0031,0.0005
甘伍村3社,37,2026-01-30,13:15,0.0034,0.0005
甘伍村3社,37,2026-01-30,13:30,0.0044,0.0005
甘伍村3社,37,2026-01-30,13:45,0.0052,0.0005
甘伍村3社,37,2026-01-30,14:00,0.0057,0.0005
甘伍村3社,37,2026-01-30,14:15,0.0045,0.0005
甘伍村3社,37,2026-01-30,14:30,0.0046,0.0005
甘伍村3社,37,2026-01-30,14:45,0.0029,0.0005
甘伍村3社,37,2026-01-30,15:00,0.0016,0.0005
甘伍村3社,37,2026-01-30,15:15,0.0027,0.0005
甘伍村3社,37,2026-01-30,15:30,0.0001,0.0005
甘伍村3社,37,2026-01-30,15:45,0.0027,0.0005
甘伍村3社,37,2026-01-30,16:00,0.001,0.0005
甘伍村3社,37,2026-01-30,16:15,0.0009,0.0005
甘伍村3社,37,2026-01-30,16:30,0.0017,0.0005
甘伍村3社,37,2026-01-30,16:45,0.0014,0.0005
甘伍村3社,37,2026-01-30,17:00,0.0023,0.0005
甘伍村3社,37,2026-01-30,17:15,0.0012,0.0005
甘伍村3社,37,2026-01-30,17:30,0.0018,0.0005
甘伍村3社,37,2026-01-30,17:45,0.0027,0.0005
甘伍村3社,37,2026-01-30,18:00,0.0021,0.0005
甘伍村3社,37,2026-01-30,18:15,0.0017,0.0005
甘伍村3社,37,2026-01-30,18:30,0.0022,0.0005
甘伍村3社,37,2026-01-30,18:45,-0.0006,0.0005
甘伍村3社,37,2026-01-30,19:00,0.0002,0.0005
甘伍村3社,37,2026-01-30,19:15,0.0012,0.0005
甘伍村3社,37,2026-01-30,19:30,0.0001,0.0005
甘伍村3社,37,2026-01-30,19:45,-0.0002,0.0005
甘伍村3社,37,2026-01-30,20:00,0.001,0.0005
甘伍村3社,37,2026-01-30,20:15,0.0009,0.0005
甘伍村3社,37,2026-01-30,20:30,-0.0001,0.0005
甘伍村3社,37,2026-01-30,20:45,0.0008,0.0005
甘伍村3社,37,2026-01-30,21:00,0.0012,0.0005
甘伍村3社,37,2026-01-30,21:15,-0.0004,0.0005
甘伍村3社,37,2026-01-30,21:30,0.0009,0.0005
甘伍村3社,37,2026-01-30,21:45,0.0006,0.0005
甘伍村3社,37,2026-01-30,22:00,0.0004,0.0005
甘伍村3社,37,2026-01-30,22:15,0.0008,0.0005
甘伍村3社,37,2026-01-30,22:30,0.0014,0.0005
甘伍村3社,37,2026-01-30,22:45,0.0012,0.0005
甘伍村3社,37,2026-01-30,23:00,0.0009,0.0005
甘伍村3社,37,2026-01-30,23:15,-0.0001,0.0005
甘伍村3社,37,2026-01-30,23:30,0.0013,0.0005
甘伍村3社,37,2026-01-30,23:45,-0.0004,0.0005
甘伍村3社,37,2026-01-31,00:00,0.001,0.0005
甘伍村3社,37,2026-01-31,00:15,0.0008,0.0005
甘伍村3社,37,2026-01-31,00:30,0.0006,0.0005
甘伍村3社,37,2026-01-31,00:45,0.0004,0.0005
甘伍村3社,37,2026-01-31,01:00,0.0015,0.0005
甘伍村3社,37,2026-01-31,01:15,0.0014,0.0005
甘伍村3社,37,2026-01-31,01:30,-0.0003,0.0005
甘伍村3社,37,2026-01-31,01:45,0.0003,0.0005
甘伍村3社,37,2026-01-31,02:00,0.0006,0.0005
甘伍村3社,37,2026-01-31,02:15,0.0016,0.0005
甘伍村3社,37,2026-01-31,02:30,0.0004,0.0005
甘伍村3社,37,2026-01-31,02:45,-0.0001,0.0005
甘伍村3社,37,2026-01-31,03:00,0.0007,0.0005
甘伍村3社,37,2026-01-31,03:15,0.001,0.0005
甘伍村3社,37,2026-01-31,03:30,0.0006,0.0005
甘伍村3社,37,2026-01-31,03:45,0.0005,0.0005
甘伍村3社,37,2026-01-31,04:00,0.0004,0.0005
甘伍村3社,37,2026-01-31,04:15,0.0008,0.0005
甘伍村3社,37,2026-01-31,04:30,0.0018,0.0005
甘伍村3社,37,2026-01-31,04:45,-0.0003,0.0005
甘伍村3社,37,2026-01-31,05:00,0.0001,0.0005
甘伍村3社,37,2026-01-31,05:15,0.0002,0.0005
甘伍村3社,37,2026-01-31,05:30,-0.0,0.0005
甘伍村3社,37,2026-01-31,05:45,0.0007,0.0005
甘伍村3社,37,2026-01-31,06:00,0.0,0.0005
甘伍村3社,37,2026-01-31,06:15,0.0009,0.0006
甘伍村3社,37,2026-01-31,06:30,-0.0001,0.0005
甘伍村3社,37,2026-01-31,06:45,0.0005,0.0005
甘伍村3社,37,2026-01-31,07:00,0.0006,0.0005
甘伍村3社,37,2026-01-31,07:15,0.001,0.0005
甘伍村3社,37,2026-01-31,07:30,0.0018,0.0005
甘伍村3社,37,2026-01-31,07:45,0.0014,0.0005
甘伍村3社,37,2026-01-31,08:00,-0.0001,0.0005
甘伍村3社,37,2026-01-31,08:15,0.0007,0.0005
甘伍村3社,37,2026-01-31,08:30,0.0009,0.0005
甘伍村3社,37,2026-01-31,08:45,0.0005,0.0005
甘伍村3社,37,2026-01-31,09:00,0.0039,0.0005
甘伍村3社,37,2026-01-31,09:15,0.0034,0.0005
甘伍村3社,37,2026-01-31,09:30,0.0026,0.0005
甘伍村3社,37,2026-01-31,09:45,0.0026,0.0005
甘伍村3社,37,2026-01-31,10:00,0.006,0.0005
甘伍村3社,37,2026-01-31,10:15,0.0087,0.0005
甘伍村3社,37,2026-01-31,10:30,0.0111,0.0005
甘伍村3社,37,2026-01-31,10:45,0.0115,0.0005
甘伍村3社,37,2026-01-31,11:00,0.0107,0.0005
甘伍村3社,37,2026-01-31,11:15,0.013,0.0005
甘伍村3社,37,2026-01-31,11:30,0.0125,0.0005
甘伍村3社,37,2026-01-31,11:45,0.0115,0.0005
甘伍村3社,37,2026-01-31,12:00,0.0086,0.0005
甘伍村3社,37,2026-01-31,12:15,0.0062,0.0005
甘伍村3社,37,2026-01-31,12:30,0.0068,0.0005
甘伍村3社,37,2026-01-31,12:45,0.006,0.0005
甘伍村3社,37,2026-01-31,13:00,0.0036,0.0005
甘伍村3社,37,2026-01-31,13:15,0.0042,0.0005
甘伍村3社,37,2026-01-31,13:30,0.003,0.0005
甘伍村3社,37,2026-01-31,13:45,0.0043,0.0005
甘伍村3社,37,2026-01-31,14:00,0.0034,0.0005
甘伍村3社,37,2026-01-31,14:15,0.0038,0.0005
甘伍村3社,37,2026-01-31,14:30,0.0029,0.0005
甘伍村3社,37,2026-01-31,14:45,0.0024,0.0005
甘伍村3社,37,2026-01-31,15:00,0.0014,0.0005
甘伍村3社,37,2026-01-31,15:15,0.001,0.0005
甘伍村3社,37,2026-01-31,15:30,0.0008,0.0005
甘伍村3社,37,2026-01-31,15:45,0.0006,0.0005
甘伍村3社,37,2026-01-31,16:00,0.0007,0.0005
甘伍村3社,37,2026-01-31,16:15,0.0006,0.0005
甘伍村3社,37,2026-01-31,16:30,0.0017,0.0005
甘伍村3社,37,2026-01-31,16:45,0.0007,0.0005
甘伍村3社,37,2026-01-31,17:00,0.0022,0.0005
甘伍村3社,37,2026-01-31,17:15,0.0019,0.0005
甘伍村3社,37,2026-01-31,17:30,0.0017,0.0005
甘伍村3社,37,2026-01-31,17:45,0.0015,0.0005
甘伍村3社,37,2026-01-31,18:00,0.0022,0.0005
甘伍村3社,37,2026-01-31,18:15,0.0017,0.0005
甘伍村3社,37,2026-01-31,18:30,0.0003,0.0005
甘伍村3社,37,2026-01-31,18:45,0.0001,0.0005
甘伍村3社,37,2026-01-31,19:00,0.0005,0.0005
甘伍村3社,37,2026-01-31,19:15,0.0005,0.0005
甘伍村3社,37,2026-01-31,19:30,0.0013,0.0005
甘伍村3社,37,2026-01-31,19:45,0.0008,0.0005
甘伍村3社,37,2026-01-31,20:00,0.0017,0.0005
甘伍村3社,37,2026-01-31,20:15,0.0016,0.0005
甘伍村3社,37,2026-01-31,20:30,-0.0006,0.0005
甘伍村3社,37,2026-01-31,20:45,-0.0002,0.0005
甘伍村3社,37,2026-01-31,21:00,0.0001,0.0005
甘伍村3社,37,2026-01-31,21:15,0.0012,0.0005
甘伍村3社,37,2026-01-31,21:30,0.0008,0.0005
甘伍村3社,37,2026-01-31,21:45,0.0011,0.0005
甘伍村3社,37,2026-01-31,22:00,0.0005,0.0005
甘伍村3社,37,2026-01-31,22:15,0.0001,0.0005
甘伍村3社,37,2026-01-31,22:30,0.001,0.0005
甘伍村3社,37,2026-01-31,22:45,0.0007,0.0005
甘伍村3社,37,2026-01-31,23:00,0.0006,0.0005
甘伍村3社,37,2026-01-31,23:15,0.0015,0.0005
甘伍村3社,37,2026-01-31,23:30,-0.0,0.0005
甘伍村3社,37,2026-01-31,23:45,0.0,0.0005
幸福村4社,38,2026-04-25,00:00,0.0012,0.0007
幸福村4社,38,2026-04-25,00:15,0.0007,0.0008
幸福村4社,38,2026-04-25,00:30,0.0007,0.0007
幸福村4社,38,2026-04-25,00:45,0.0007,0.0007
幸福村4社,38,2026-04-25,01:00,0.0004,0.0007
幸福村4社,38,2026-04-25,01:15,0.0005,0.0008
幸福村4社,38,2026-04-25,01:30,-0.0002,0.0008
幸福村4社,38,2026-04-25,01:45,0.0007,0.0008
幸福村4社,38,2026-04-25,02:00,0.0007,0.0008
幸福村4社,38,2026-04-25,02:15,0.0002,0.0008
幸福村4社,38,2026-04-25,02:30,0.0004,0.0008
幸福村4社,38,2026-04-25,02:45,0.0007,0.0007
幸福村4社,38,2026-04-25,03:00,0.001,0.0007
幸福村4社,38,2026-04-25,03:15,0.0006,0.0007
幸福村4社,38,2026-04-25,03:30,0.0004,0.0008
幸福村4社,38,2026-04-25,03:45,0.0008,0.0007
幸福村4社,38,2026-04-25,04:00,0.001,0.0008
幸福村4社,38,2026-04-25,04:15,0.0002,0.0008
幸福村4社,38,2026-04-25,04:30,0.0005,0.0008
幸福村4社,38,2026-04-25,04:45,0.0006,0.0008
幸福村4社,38,2026-04-25,05:00,0.0012,0.0008
幸福村4社,38,2026-04-25,05:15,0.0008,0.0008
幸福村4社,38,2026-04-25,05:30,0.0004,0.0008
幸福村4社,38,2026-04-25,05:45,0.0003,0.0008
幸福村4社,38,2026-04-25,06:00,0.0,0.0008
幸福村4社,38,2026-04-25,06:15,0.0009,0.0008
幸福村4社,38,2026-04-25,06:30,0.0014,0.0004
幸福村4社,38,2026-04-25,06:45,0.0009,0.0004
幸福村4社,38,2026-04-25,07:00,0.0012,0.0004
幸福村4社,38,2026-04-25,07:15,0.0016,0.0004
幸福村4社,38,2026-04-25,07:30,0.0018,0.0004
幸福村4社,38,2026-04-25,07:45,0.0032,0.0004
幸福村4社,38,2026-04-25,08:00,0.0024,0.0004
幸福村4社,38,2026-04-25,08:15,0.0017,0.0004
幸福村4社,38,2026-04-25,08:30,0.0012,0.0134
幸福村4社,38,2026-04-25,08:45,0.002,0.0137
幸福村4社,38,2026-04-25,09:00,0.0004,0.0007
幸福村4社,38,2026-04-25,09:15,0.0006,0.0007
幸福村4社,38,2026-04-25,09:30,-0.0006,0.0007
幸福村4社,38,2026-04-25,09:45,-0.0007,0.0007
幸福村4社,38,2026-04-25,10:00,0.0004,0.0007
幸福村4社,38,2026-04-25,10:15,0.0013,0.0033
幸福村4社,38,2026-04-25,10:30,0.0001,0.0007
幸福村4社,38,2026-04-25,10:45,0.0008,0.0007
幸福村4社,38,2026-04-25,11:00,0.0006,0.0007
幸福村4社,38,2026-04-25,11:15,-0.0005,0.0007
幸福村4社,38,2026-04-25,11:30,0.0,0.0007
幸福村4社,38,2026-04-25,11:45,0.0006,0.0007
幸福村4社,38,2026-04-25,12:00,0.0005,0.0007
幸福村4社,38,2026-04-25,12:15,-0.0,0.0007
幸福村4社,38,2026-04-25,12:30,0.0004,0.0007
幸福村4社,38,2026-04-25,12:45,0.0002,0.0007
幸福村4社,38,2026-04-25,13:00,0.0009,0.0007
幸福村4社,38,2026-04-25,13:15,0.0004,0.0007
幸福村4社,38,2026-04-25,13:30,0.0002,0.0007
幸福村4社,38,2026-04-25,13:45,0.0011,0.0007
幸福村4社,38,2026-04-25,14:00,0.0006,0.0007
幸福村4社,38,2026-04-25,14:15,0.0002,0.0007
幸福村4社,38,2026-04-25,14:30,0.0007,0.0004
幸福村4社,38,2026-04-25,14:45,0.0006,0.0005
幸福村4社,38,2026-04-25,15:00,0.0006,0.0004
幸福村4社,38,2026-04-25,15:15,0.0008,0.0004
幸福村4社,38,2026-04-25,15:30,0.0009,0.0004
幸福村4社,38,2026-04-25,15:45,0.0004,0.0004
幸福村4社,38,2026-04-25,16:00,0.0002,0.0004
幸福村4社,38,2026-04-25,16:15,0.0002,0.0004
幸福村4社,38,2026-04-25,16:30,0.0013,0.0004
幸福村4社,38,2026-04-25,16:45,0.0,0.0004
幸福村4社,38,2026-04-25,17:00,-0.0,0.0004
幸福村4社,38,2026-04-25,17:15,0.0004,0.0004
幸福村4社,38,2026-04-25,17:30,0.0004,0.0004
幸福村4社,38,2026-04-25,17:45,0.0006,0.0006
幸福村4社,38,2026-04-25,18:00,-0.0002,0.0005
幸福村4社,38,2026-04-25,18:15,-0.0004,0.0006
幸福村4社,38,2026-04-25,18:30,-0.0002,0.0006
幸福村4社,38,2026-04-25,18:45,-0.0003,0.0009
幸福村4社,38,2026-04-25,19:00,0.0001,0.0009
幸福村4社,38,2026-04-25,19:15,0.0023,0.0006
幸福村4社,38,2026-04-25,19:30,0.0016,0.0011
幸福村4社,38,2026-04-25,19:45,0.0021,0.0013
幸福村4社,38,2026-04-25,20:00,0.0024,0.0013
幸福村4社,38,2026-04-25,20:15,0.0017,0.0012
幸福村4社,38,2026-04-25,20:30,0.001,0.0012
幸福村4社,38,2026-04-25,20:45,0.0008,0.0017
幸福村4社,38,2026-04-25,21:00,0.0013,0.0017
幸福村4社,38,2026-04-25,21:15,0.001,0.0017
幸福村4社,38,2026-04-25,21:30,0.0015,0.0015
幸福村4社,38,2026-04-25,21:45,0.0013,0.0015
幸福村4社,38,2026-04-25,22:00,0.0014,0.0015
幸福村4社,38,2026-04-25,22:15,0.0012,0.0015
幸福村4社,38,2026-04-25,22:30,0.0018,0.0015
幸福村4社,38,2026-04-25,22:45,0.0007,0.0013
幸福村4社,38,2026-04-25,23:00,0.0008,0.0008
幸福村4社,38,2026-04-25,23:15,0.0011,0.0008
幸福村4社,38,2026-04-25,23:30,0.0012,0.0008
幸福村4社,38,2026-04-25,23:45,0.0011,0.001
幸福村4社,38,2026-04-26,00:00,0.0005,0.0009
幸福村4社,38,2026-04-26,00:15,0.0009,0.0009
幸福村4社,38,2026-04-26,00:30,0.0006,0.0009
幸福村4社,38,2026-04-26,00:45,0.0004,0.0009
幸福村4社,38,2026-04-26,01:00,0.0006,0.0009
幸福村4社,38,2026-04-26,01:15,0.0006,0.0009
幸福村4社,38,2026-04-26,01:30,0.0016,0.0008
幸福村4社,38,2026-04-26,01:45,0.0004,0.0008
幸福村4社,38,2026-04-26,02:00,0.0003,0.0008
幸福村4社,38,2026-04-26,02:15,0.0009,0.0008
幸福村4社,38,2026-04-26,02:30,0.0006,0.0008
幸福村4社,38,2026-04-26,02:45,0.001,0.0008
幸福村4社,38,2026-04-26,03:00,0.0006,0.0008
幸福村4社,38,2026-04-26,03:15,-0.0001,0.0008
幸福村4社,38,2026-04-26,03:30,0.001,0.0008
幸福村4社,38,2026-04-26,03:45,0.0004,0.0008
幸福村4社,38,2026-04-26,04:00,0.0005,0.0008
幸福村4社,38,2026-04-26,04:15,0.0005,0.0008
幸福村4社,38,2026-04-26,04:30,0.0003,0.0008
幸福村4社,38,2026-04-26,04:45,0.0012,0.0008
幸福村4社,38,2026-04-26,05:00,0.0003,0.0008
幸福村4社,38,2026-04-26,05:15,-0.0001,0.0008
幸福村4社,38,2026-04-26,05:30,0.0003,0.0008
幸福村4社,38,2026-04-26,05:45,0.0008,0.0008
幸福村4社,38,2026-04-26,06:00,0.0008,0.0008
幸福村4社,38,2026-04-26,06:15,0.0008,0.0008
幸福村4社,38,2026-04-26,06:30,0.0008,0.0009
幸福村4社,38,2026-04-26,06:45,0.0014,0.0009
幸福村4社,38,2026-04-26,07:00,0.0006,0.0004
幸福村4社,38,2026-04-26,07:15,0.0015,0.0005
幸福村4社,38,2026-04-26,07:30,0.0019,0.0326
幸福村4社,38,2026-04-26,07:45,0.0022,0.0004
幸福村4社,38,2026-04-26,08:00,0.0015,0.0004
幸福村4社,38,2026-04-26,08:15,0.0015,0.0005
幸福村4社,38,2026-04-26,08:30,0.0023,0.0004
幸福村4社,38,2026-04-26,08:45,0.0006,0.0004
幸福村4社,38,2026-04-26,09:00,0.0008,0.0004
幸福村4社,38,2026-04-26,09:15,0.0009,0.0004
幸福村4社,38,2026-04-26,09:30,0.0006,0.0005
幸福村4社,38,2026-04-26,09:45,0.0007,0.0005
幸福村4社,38,2026-04-26,10:00,0.0007,0.0005
幸福村4社,38,2026-04-26,10:15,0.0006,0.0005
幸福村4社,38,2026-04-26,10:30,-0.0004,0.0004
幸福村4社,38,2026-04-26,10:45,0.0008,0.0005
幸福村4社,38,2026-04-26,11:00,-0.0002,0.0004
幸福村4社,38,2026-04-26,11:15,-0.0003,0.0004
幸福村4社,38,2026-04-26,11:30,0.0011,0.0004
幸福村4社,38,2026-04-26,11:45,0.0015,0.0004
幸福村4社,38,2026-04-26,12:00,0.0007,0.0004
幸福村4社,38,2026-04-26,12:15,0.0002,0.0247
幸福村4社,38,2026-04-26,12:30,0.0005,0.0245
幸福村4社,38,2026-04-26,12:45,0.0003,0.0004
幸福村4社,38,2026-04-26,13:00,0.0004,0.0009
幸福村4社,38,2026-04-26,13:15,0.0003,0.0008
幸福村4社,38,2026-04-26,13:30,-0.0001,0.0004
幸福村4社,38,2026-04-26,13:45,0.0004,0.0004
幸福村4社,38,2026-04-26,14:00,0.0007,0.0004
幸福村4社,38,2026-04-26,14:15,0.0002,0.0004
幸福村4社,38,2026-04-26,14:30,0.0,0.0004
幸福村4社,38,2026-04-26,14:45,0.001,0.0004
幸福村4社,38,2026-04-26,15:00,0.0004,0.0004
幸福村4社,38,2026-04-26,15:15,0.0006,0.0004
幸福村4社,38,2026-04-26,15:30,0.001,0.0004
幸福村4社,38,2026-04-26,15:45,0.0,0.0004
幸福村4社,38,2026-04-26,16:00,0.0013,0.0004
幸福村4社,38,2026-04-26,16:15,0.0015,0.0004
幸福村4社,38,2026-04-26,16:30,0.0,0.0003
幸福村4社,38,2026-04-26,16:45,0.0009,0.0003
幸福村4社,38,2026-04-26,17:00,0.0001,0.0246
幸福村4社,38,2026-04-26,17:15,0.0,0.0004
幸福村4社,38,2026-04-26,17:30,0.0004,0.0004
幸福村4社,38,2026-04-26,17:45,0.0,0.0004
幸福村4社,38,2026-04-26,18:00,-0.0002,0.0006
幸福村4社,38,2026-04-26,18:15,-0.0003,0.0004
幸福村4社,38,2026-04-26,18:30,0.0,0.0006
幸福村4社,38,2026-04-26,18:45,0.0006,0.0006
幸福村4社,38,2026-04-26,19:00,0.0012,0.0004
幸福村4社,38,2026-04-26,19:15,0.0021,0.0004
幸福村4社,38,2026-04-26,19:30,0.0013,0.0004
幸福村4社,38,2026-04-26,19:45,0.0015,0.001
幸福村4社,38,2026-04-26,20:00,0.0016,0.001
幸福村4社,38,2026-04-26,20:15,0.0013,0.0009
幸福村4社,38,2026-04-26,20:30,0.0006,0.0013
幸福村4社,38,2026-04-26,20:45,0.0013,0.0013
幸福村4社,38,2026-04-26,21:00,0.0017,0.0014
幸福村4社,38,2026-04-26,21:15,0.0014,0.0014
幸福村4社,38,2026-04-26,21:30,0.0012,0.0015
幸福村4社,38,2026-04-26,21:45,0.0007,0.0015
幸福村4社,38,2026-04-26,22:00,0.0011,0.0015
幸福村4社,38,2026-04-26,22:15,0.0015,0.0015
幸福村4社,38,2026-04-26,22:30,0.0003,0.0015
幸福村4社,38,2026-04-26,22:45,0.0011,0.001
幸福村4社,38,2026-04-26,23:00,0.0009,0.001
幸福村4社,38,2026-04-26,23:15,0.0012,0.001
幸福村4社,38,2026-04-26,23:30,0.0007,0.0011
幸福村4社,38,2026-04-26,23:45,0.0015,0.0011
幸福村4社,38,2026-04-27,00:00,0.0012,0.001
幸福村4社,38,2026-04-27,00:15,0.0011,0.001
幸福村4社,38,2026-04-27,00:30,0.001,0.001
幸福村4社,38,2026-04-27,00:45,0.0006,0.0009
幸福村4社,38,2026-04-27,01:00,0.0003,0.0009
幸福村4社,38,2026-04-27,01:15,0.0005,0.0009
幸福村4社,38,2026-04-27,01:30,0.001,0.0008
幸福村4社,38,2026-04-27,01:45,0.0007,0.0008
幸福村4社,38,2026-04-27,02:00,0.0008,0.0008
幸福村4社,38,2026-04-27,02:15,0.0002,0.0008
幸福村4社,38,2026-04-27,02:30,0.0002,0.0007
幸福村4社,38,2026-04-27,02:45,0.0009,0.0007
幸福村4社,38,2026-04-27,03:00,0.0,0.0007
幸福村4社,38,2026-04-27,03:15,0.0011,0.0008
幸福村4社,38,2026-04-27,03:30,0.0005,0.0007
幸福村4社,38,2026-04-27,03:45,0.0011,0.0007
幸福村4社,38,2026-04-27,04:00,0.0008,0.0007
幸福村4社,38,2026-04-27,04:15,0.0009,0.0007
幸福村4社,38,2026-04-27,04:30,0.0,0.0007
幸福村4社,38,2026-04-27,04:45,0.0008,0.0007
幸福村4社,38,2026-04-27,05:00,0.0013,0.0007
幸福村4社,38,2026-04-27,05:15,0.0012,0.0007
幸福村4社,38,2026-04-27,05:30,0.0008,0.0007
幸福村4社,38,2026-04-27,05:45,0.0003,0.0007
幸福村4社,38,2026-04-27,06:00,0.0005,0.0007
幸福村4社,38,2026-04-27,06:15,0.0006,0.0007
幸福村4社,38,2026-04-27,06:30,0.001,0.0009
幸福村4社,38,2026-04-27,06:45,0.0013,0.0009
幸福村4社,38,2026-04-27,07:00,0.0006,0.0004
幸福村4社,38,2026-04-27,07:15,0.0012,0.0004
幸福村4社,38,2026-04-27,07:30,0.002,0.0004
幸福村4社,38,2026-04-27,07:45,0.0023,0.0004
幸福村4社,38,2026-04-27,08:00,0.0025,0.0004
幸福村4社,38,2026-04-27,08:15,0.0011,0.0326
幸福村4社,38,2026-04-27,08:30,0.0029,0.0004
幸福村4社,38,2026-04-27,08:45,0.0025,0.0027
幸福村4社,38,2026-04-27,09:00,0.0006,0.0004
幸福村4社,38,2026-04-27,09:15,0.0018,0.0004
幸福村4社,38,2026-04-27,09:30,0.0003,0.0004
幸福村4社,38,2026-04-27,09:45,0.0012,0.0004
幸福村4社,38,2026-04-27,10:00,0.0009,0.0004
幸福村4社,38,2026-04-27,10:15,0.0009,0.0004
幸福村4社,38,2026-04-27,10:30,0.0003,0.0004
幸福村4社,38,2026-04-27,10:45,0.0009,0.0004
幸福村4社,38,2026-04-27,11:00,0.0016,0.0004
幸福村4社,38,2026-04-27,11:15,0.0002,0.0004
幸福村4社,38,2026-04-27,11:30,0.001,0.0004
幸福村4社,38,2026-04-27,11:45,0.0015,0.0004
幸福村4社,38,2026-04-27,12:00,0.0001,0.0004
幸福村4社,38,2026-04-27,12:15,0.0006,0.0004
幸福村4社,38,2026-04-27,12:30,0.0001,0.0004
幸福村4社,38,2026-04-27,12:45,0.0009,0.0004
幸福村4社,38,2026-04-27,13:00,0.0012,0.0004
幸福村4社,38,2026-04-27,13:15,0.0008,0.0004
幸福村4社,38,2026-04-27,13:30,0.0015,0.0004
幸福村4社,38,2026-04-27,13:45,0.0003,0.0541
幸福村4社,38,2026-04-27,14:00,0.0005,0.0006
幸福村4社,38,2026-04-27,14:15,0.0005,0.0004
幸福村4社,38,2026-04-27,14:30,0.0003,0.0004
幸福村4社,38,2026-04-27,14:45,0.0008,0.0004
幸福村4社,38,2026-04-27,15:00,0.0008,0.0004
幸福村4社,38,2026-04-27,15:15,0.0009,0.0004
幸福村4社,38,2026-04-27,15:30,0.0013,0.0004
幸福村4社,38,2026-04-27,15:45,0.0006,0.0007
幸福村4社,38,2026-04-27,16:00,0.0012,0.0007
幸福村4社,38,2026-04-27,16:15,0.0008,0.001
幸福村4社,38,2026-04-27,16:30,0.0007,0.001
幸福村4社,38,2026-04-27,16:45,0.0012,0.001
幸福村4社,38,2026-04-27,17:00,-0.0004,0.0371
幸福村4社,38,2026-04-27,17:15,0.0007,0.0362
幸福村4社,38,2026-04-27,17:30,0.0001,0.0311
幸福村4社,38,2026-04-27,17:45,0.0002,0.0247
幸福村4社,38,2026-04-27,18:00,0.0002,0.0248
幸福村4社,38,2026-04-27,18:15,0.0,0.0007
幸福村4社,38,2026-04-27,18:30,0.0006,0.0007
幸福村4社,38,2026-04-27,18:45,0.0009,0.0009
幸福村4社,38,2026-04-27,19:00,0.001,0.0009
幸福村4社,38,2026-04-27,19:15,0.001,0.0004
幸福村4社,38,2026-04-27,19:30,0.0016,0.0004
幸福村4社,38,2026-04-27,19:45,0.0019,0.0004
幸福村4社,38,2026-04-27,20:00,0.0021,0.001
幸福村4社,38,2026-04-27,20:15,0.0015,0.0012
幸福村4社,38,2026-04-27,20:30,0.0011,0.0016
幸福村4社,38,2026-04-27,20:45,0.0019,0.0016
幸福村4社,38,2026-04-27,21:00,0.0017,0.0015
幸福村4社,38,2026-04-27,21:15,0.0014,0.0015
幸福村4社,38,2026-04-27,21:30,0.0006,0.0013
幸福村4社,38,2026-04-27,21:45,0.0012,0.0013
幸福村4社,38,2026-04-27,22:00,0.001,0.0014
幸福村4社,38,2026-04-27,22:15,0.0008,0.0016
幸福村4社,38,2026-04-27,22:30,0.001,0.0012
幸福村4社,38,2026-04-27,22:45,0.0012,0.0012
幸福村4社,38,2026-04-27,23:00,0.0009,0.0012
幸福村4社,38,2026-04-27,23:15,0.0009,0.0007
幸福村4社,38,2026-04-27,23:30,0.001,0.0007
幸福村4社,38,2026-04-27,23:45,0.0014,0.0007
幸福村1社,39,2026-02-07,00:00,0.0205,0.0269
幸福村1社,39,2026-02-07,00:15,0.0193,0.0164
幸福村1社,39,2026-02-07,00:30,0.0187,0.0156
幸福村1社,39,2026-02-07,00:45,0.0207,0.0162
幸福村1社,39,2026-02-07,01:00,0.016,0.014
幸福村1社,39,2026-02-07,01:15,0.0135,0.0173
幸福村1社,39,2026-02-07,01:30,0.0156,0.0197
幸福村1社,39,2026-02-07,01:45,0.0199,0.0206
幸福村1社,39,2026-02-07,02:00,0.0158,0.0211
幸福村1社,39,2026-02-07,02:15,0.0165,0.021
幸福村1社,39,2026-02-07,02:30,0.016,0.0181
幸福村1社,39,2026-02-07,02:45,0.0208,0.0162
幸福村1社,39,2026-02-07,03:00,0.0187,0.0171
幸福村1社,39,2026-02-07,03:15,0.0131,0.0124
幸福村1社,39,2026-02-07,03:30,0.0187,0.0186
幸福村1社,39,2026-02-07,03:45,0.0139,0.0162
幸福村1社,39,2026-02-07,04:00,0.019,0.0236
幸福村1社,39,2026-02-07,04:15,0.0144,0.0143
幸福村1社,39,2026-02-07,04:30,0.0146,0.0185
幸福村1社,39,2026-02-07,04:45,0.013,0.0132
幸福村1社,39,2026-02-07,05:00,0.014,0.021
幸福村1社,39,2026-02-07,05:15,0.0162,0.0132
幸福村1社,39,2026-02-07,05:30,0.0144,0.0224
幸福村1社,39,2026-02-07,05:45,0.012,0.0115
幸福村1社,39,2026-02-07,06:00,0.0153,0.0175
幸福村1社,39,2026-02-07,06:15,0.0167,0.0133
幸福村1社,39,2026-02-07,06:30,0.0158,0.0191
幸福村1社,39,2026-02-07,06:45,0.0149,0.0187
幸福村1社,39,2026-02-07,07:00,0.0166,0.0174
幸福村1社,39,2026-02-07,07:15,0.0146,0.0163
幸福村1社,39,2026-02-07,07:30,0.0225,0.021
幸福村1社,39,2026-02-07,07:45,0.022,0.0161
幸福村1社,39,2026-02-07,08:00,0.0257,0.0209
幸福村1社,39,2026-02-07,08:15,0.0326,0.0274
幸福村1社,39,2026-02-07,08:30,0.0546,0.0522
幸福村1社,39,2026-02-07,08:45,0.0542,0.0546
幸福村1社,39,2026-02-07,09:00,0.07,0.1131
幸福村1社,39,2026-02-07,09:15,0.0762,0.1175
幸福村1社,39,2026-02-07,09:30,0.0821,0.0751
幸福村1社,39,2026-02-07,09:45,0.071,0.0673
幸福村1社,39,2026-02-07,10:00,0.0584,0.043
幸福村1社,39,2026-02-07,10:15,0.0474,0.0413
幸福村1社,39,2026-02-07,10:30,0.0614,0.0508
幸福村1社,39,2026-02-07,10:45,0.0503,0.0675
幸福村1社,39,2026-02-07,11:00,0.0461,0.0346
幸福村1社,39,2026-02-07,11:15,0.0444,0.033
幸福村1社,39,2026-02-07,11:30,0.0378,0.039
幸福村1社,39,2026-02-07,11:45,0.0297,0.0123
幸福村1社,39,2026-02-07,12:00,0.0278,0.0182
幸福村1社,39,2026-02-07,12:15,0.0261,0.0644
幸福村1社,39,2026-02-07,12:30,0.0349,0.0446
幸福村1社,39,2026-02-07,12:45,0.0279,0.0145
幸福村1社,39,2026-02-07,13:00,0.0302,0.0148
幸福村1社,39,2026-02-07,13:15,0.0208,0.0148
幸福村1社,39,2026-02-07,13:30,0.0327,0.0123
幸福村1社,39,2026-02-07,13:45,0.032,0.0164
幸福村1社,39,2026-02-07,14:00,0.0322,0.0295
幸福村1社,39,2026-02-07,14:15,0.0291,0.0237
幸福村1社,39,2026-02-07,14:30,0.0221,0.0675
幸福村1社,39,2026-02-07,14:45,0.0254,0.1657
幸福村1社,39,2026-02-07,15:00,0.0212,0.0695
幸福村1社,39,2026-02-07,15:15,0.0344,0.0441
幸福村1社,39,2026-02-07,15:30,0.0227,0.0463
幸福村1社,39,2026-02-07,15:45,0.0326,0.0496
幸福村1社,39,2026-02-07,16:00,0.0361,0.0499
幸福村1社,39,2026-02-07,16:15,0.0351,0.0512
幸福村1社,39,2026-02-07,16:30,0.048,0.0154
幸福村1社,39,2026-02-07,16:45,0.0465,0.0673
幸福村1社,39,2026-02-07,17:00,0.0604,0.0576
幸福村1社,39,2026-02-07,17:15,0.0562,0.0354
幸福村1社,39,2026-02-07,17:30,0.0579,0.014
幸福村1社,39,2026-02-07,17:45,0.058,0.0103
幸福村1社,39,2026-02-07,18:00,0.0673,0.0716
幸福村1社,39,2026-02-07,18:15,0.0518,0.0441
幸福村1社,39,2026-02-07,18:30,0.0617,0.0145
幸福村1社,39,2026-02-07,18:45,0.0491,0.0564
幸福村1社,39,2026-02-07,19:00,0.0503,0.0374
幸福村1社,39,2026-02-07,19:15,0.0384,0.032
幸福村1社,39,2026-02-07,19:30,0.0517,0.0211
幸福村1社,39,2026-02-07,19:45,0.0473,0.0519
幸福村1社,39,2026-02-07,20:00,0.0416,0.057
幸福村1社,39,2026-02-07,20:15,0.0353,0.0195
幸福村1社,39,2026-02-07,20:30,0.034,0.0267
幸福村1社,39,2026-02-07,20:45,0.0306,0.0254
幸福村1社,39,2026-02-07,21:00,0.0293,0.0475
幸福村1社,39,2026-02-07,21:15,0.0265,0.0506
幸福村1社,39,2026-02-07,21:30,0.0271,0.0218
幸福村1社,39,2026-02-07,21:45,0.0258,0.0258
幸福村1社,39,2026-02-07,22:00,0.0255,0.019
幸福村1社,39,2026-02-07,22:15,0.0269,0.0144
幸福村1社,39,2026-02-07,22:30,0.0237,0.023
幸福村1社,39,2026-02-07,22:45,0.0208,0.0141
幸福村1社,39,2026-02-07,23:00,0.0188,0.0225
幸福村1社,39,2026-02-07,23:15,0.0204,0.0166
幸福村1社,39,2026-02-07,23:30,0.0194,0.0239
幸福村1社,39,2026-02-07,23:45,0.0218,0.0125
幸福村1社,39,2026-02-08,00:00,0.0212,0.0181
幸福村1社,39,2026-02-08,00:15,0.017,0.0192
幸福村1社,39,2026-02-08,00:30,0.0168,0.0205
幸福村1社,39,2026-02-08,00:45,0.0185,0.0228
幸福村1社,39,2026-02-08,01:00,0.0145,0.0199
幸福村1社,39,2026-02-08,01:15,0.0171,0.0211
幸福村1社,39,2026-02-08,01:30,0.0172,0.0192
幸福村1社,39,2026-02-08,01:45,0.0176,0.0196
幸福村1社,39,2026-02-08,02:00,0.0166,0.0186
幸福村1社,39,2026-02-08,02:15,0.0199,0.0149
幸福村1社,39,2026-02-08,02:30,0.0171,0.0162
幸福村1社,39,2026-02-08,02:45,0.0167,0.0162
幸福村1社,39,2026-02-08,03:00,0.0199,0.0205
幸福村1社,39,2026-02-08,03:15,0.02,0.0137
幸福村1社,39,2026-02-08,03:30,0.0168,0.0203
幸福村1社,39,2026-02-08,03:45,0.0176,0.0113
幸福村1社,39,2026-02-08,04:00,0.0185,0.021
幸福村1社,39,2026-02-08,04:15,0.0175,0.0131
幸福村1社,39,2026-02-08,04:30,0.0148,0.0134
幸福村1社,39,2026-02-08,04:45,0.0152,0.0115
幸福村1社,39,2026-02-08,05:00,0.017,0.013
幸福村1社,39,2026-02-08,05:15,0.0158,0.0201
幸福村1社,39,2026-02-08,05:30,0.0146,0.0132
幸福村1社,39,2026-02-08,05:45,0.0166,0.0202
幸福村1社,39,2026-02-08,06:00,0.0117,0.015
幸福村1社,39,2026-02-08,06:15,0.0196,0.0184
幸福村1社,39,2026-02-08,06:30,0.0213,0.0177
幸福村1社,39,2026-02-08,06:45,0.0178,0.0188
幸福村1社,39,2026-02-08,07:00,0.0132,0.0125
幸福村1社,39,2026-02-08,07:15,0.0164,0.0182
幸福村1社,39,2026-02-08,07:30,0.0213,0.0429
幸福村1社,39,2026-02-08,07:45,0.0184,0.0212
幸福村1社,39,2026-02-08,08:00,0.025,0.0223
幸福村1社,39,2026-02-08,08:15,0.0361,0.0333
幸福村1社,39,2026-02-08,08:30,0.0519,0.0299
幸福村1社,39,2026-02-08,08:45,0.0559,0.0186
幸福村1社,39,2026-02-08,09:00,0.0612,0.1722
幸福村1社,39,2026-02-08,09:15,0.0791,0.15
幸福村1社,39,2026-02-08,09:30,0.0723,0.1831
幸福村1社,39,2026-02-08,09:45,0.0701,0.1038
幸福村1社,39,2026-02-08,10:00,0.0637,0.0151
幸福村1社,39,2026-02-08,10:15,0.0488,0.0137
幸福村1社,39,2026-02-08,10:30,0.0461,0.0559
幸福村1社,39,2026-02-08,10:45,0.0407,0.044
幸福村1社,39,2026-02-08,11:00,0.0332,0.0248
幸福村1社,39,2026-02-08,11:15,0.0346,0.0526
幸福村1社,39,2026-02-08,11:30,0.0274,0.0643
幸福村1社,39,2026-02-08,11:45,0.0294,0.088
幸福村1社,39,2026-02-08,12:00,0.0301,0.0707
幸福村1社,39,2026-02-08,12:15,0.0256,0.0339
幸福村1社,39,2026-02-08,12:30,0.0314,0.0565
幸福村1社,39,2026-02-08,12:45,0.0245,0.0513
幸福村1社,39,2026-02-08,13:00,0.0227,0.0293
幸福村1社,39,2026-02-08,13:15,0.027,0.0435
幸福村1社,39,2026-02-08,13:30,0.0287,0.0265
幸福村1社,39,2026-02-08,13:45,0.0308,0.0234
幸福村1社,39,2026-02-08,14:00,0.0347,0.0364
幸福村1社,39,2026-02-08,14:15,0.0283,0.0159
幸福村1社,39,2026-02-08,14:30,0.0279,0.0184
幸福村1社,39,2026-02-08,14:45,0.0308,0.0177
幸福村1社,39,2026-02-08,15:00,0.0244,0.0466
幸福村1社,39,2026-02-08,15:15,0.0295,0.0604
幸福村1社,39,2026-02-08,15:30,0.0221,0.0116
幸福村1社,39,2026-02-08,15:45,0.0336,0.0191
幸福村1社,39,2026-02-08,16:00,0.0295,0.015
幸福村1社,39,2026-02-08,16:15,0.036,0.0126
幸福村1社,39,2026-02-08,16:30,0.042,0.1005
幸福村1社,39,2026-02-08,16:45,0.0457,0.0317
幸福村1社,39,2026-02-08,17:00,0.0586,0.0798
幸福村1社,39,2026-02-08,17:15,0.0517,0.0606
幸福村1社,39,2026-02-08,17:30,0.0561,0.0936
幸福村1社,39,2026-02-08,17:45,0.0571,0.0467
幸福村1社,39,2026-02-08,18:00,0.0665,0.0164
幸福村1社,39,2026-02-08,18:15,0.0517,0.0516
幸福村1社,39,2026-02-08,18:30,0.0563,0.0628
幸福村1社,39,2026-02-08,18:45,0.0492,0.0311
幸福村1社,39,2026-02-08,19:00,0.0497,0.0588
幸福村1社,39,2026-02-08,19:15,0.0437,0.0817
幸福村1社,39,2026-02-08,19:30,0.0564,0.0388
幸福村1社,39,2026-02-08,19:45,0.0388,0.0258
幸福村1社,39,2026-02-08,20:00,0.0416,0.0246
幸福村1社,39,2026-02-08,20:15,0.0371,0.0326
幸福村1社,39,2026-02-08,20:30,0.0387,0.0199
幸福村1社,39,2026-02-08,20:45,0.0308,0.0219
幸福村1社,39,2026-02-08,21:00,0.0303,0.0696
幸福村1社,39,2026-02-08,21:15,0.0282,0.0243
幸福村1社,39,2026-02-08,21:30,0.0282,0.022
幸福村1社,39,2026-02-08,21:45,0.0305,0.0239
幸福村1社,39,2026-02-08,22:00,0.0241,0.0379
幸福村1社,39,2026-02-08,22:15,0.0228,0.017
幸福村1社,39,2026-02-08,22:30,0.0208,0.0352
幸福村1社,39,2026-02-08,22:45,0.0239,0.0316
幸福村1社,39,2026-02-08,23:00,0.0229,0.0214
幸福村1社,39,2026-02-08,23:15,0.0185,0.014
幸福村1社,39,2026-02-08,23:30,0.015,0.0175
幸福村1社,39,2026-02-08,23:45,0.0199,0.0116
幸福村1社,39,2026-02-09,00:00,0.0189,0.0142
幸福村1社,39,2026-02-09,00:15,0.0151,0.0144
幸福村1社,39,2026-02-09,00:30,0.0176,0.0155
幸福村1社,39,2026-02-09,00:45,0.0192,0.0204
幸福村1社,39,2026-02-09,01:00,0.0154,0.014
幸福村1社,39,2026-02-09,01:15,0.0159,0.0167
幸福村1社,39,2026-02-09,01:30,0.0131,0.0156
幸福村1社,39,2026-02-09,01:45,0.0186,0.0177
幸福村1社,39,2026-02-09,02:00,0.0182,0.0154
幸福村1社,39,2026-02-09,02:15,0.0191,0.0113
幸福村1社,39,2026-02-09,02:30,0.0186,0.0166
幸福村1社,39,2026-02-09,02:45,0.0182,0.0126
幸福村1社,39,2026-02-09,03:00,0.0163,0.0196
幸福村1社,39,2026-02-09,03:15,0.0152,0.0085
幸福村1社,39,2026-02-09,03:30,0.0174,0.0215
幸福村1社,39,2026-02-09,03:45,0.0178,0.0114
幸福村1社,39,2026-02-09,04:00,0.0177,0.0148
幸福村1社,39,2026-02-09,04:15,0.0143,0.013
幸福村1社,39,2026-02-09,04:30,0.0166,0.014
幸福村1社,39,2026-02-09,04:45,0.0167,0.0107
幸福村1社,39,2026-02-09,05:00,0.0175,0.0111
幸福村1社,39,2026-02-09,05:15,0.017,0.0126
幸福村1社,39,2026-02-09,05:30,0.0176,0.0128
幸福村1社,39,2026-02-09,05:45,0.0154,0.0112
幸福村1社,39,2026-02-09,06:00,0.0181,0.0137
幸福村1社,39,2026-02-09,06:15,0.018,0.0167
幸福村1社,39,2026-02-09,06:30,0.0168,0.0145
幸福村1社,39,2026-02-09,06:45,0.0171,0.0178
幸福村1社,39,2026-02-09,07:00,0.0142,0.0129
幸福村1社,39,2026-02-09,07:15,0.0145,0.0168
幸福村1社,39,2026-02-09,07:30,0.0248,0.0444
幸福村1社,39,2026-02-09,07:45,0.0235,0.0152
幸福村1社,39,2026-02-09,08:00,0.0266,0.0161
幸福村1社,39,2026-02-09,08:15,0.034,0.0422
幸福村1社,39,2026-02-09,08:30,0.0479,0.079
幸福村1社,39,2026-02-09,08:45,0.0412,0.1692
幸福村1社,39,2026-02-09,09:00,0.0674,0.1171
幸福村1社,39,2026-02-09,09:15,0.0816,0.0708
幸福村1社,39,2026-02-09,09:30,0.0769,0.1111
幸福村1社,39,2026-02-09,09:45,0.0761,0.1106
幸福村1社,39,2026-02-09,10:00,0.0523,0.0672
幸福村1社,39,2026-02-09,10:15,0.0471,0.0828
幸福村1社,39,2026-02-09,10:30,0.0514,0.0153
幸福村1社,39,2026-02-09,10:45,0.0469,0.0302
幸福村1社,39,2026-02-09,11:00,0.0387,0.0351
幸福村1社,39,2026-02-09,11:15,0.0437,0.0697
幸福村1社,39,2026-02-09,11:30,0.0378,0.0108
幸福村1社,39,2026-02-09,11:45,0.0289,0.0107
幸福村1社,39,2026-02-09,12:00,0.0304,0.0147
幸福村1社,39,2026-02-09,12:15,0.0276,0.0134
幸福村1社,39,2026-02-09,12:30,0.0386,0.0144
幸福村1社,39,2026-02-09,12:45,0.026,0.0155
幸福村1社,39,2026-02-09,13:00,0.0299,0.0563
幸福村1社,39,2026-02-09,13:15,0.0236,0.0199
幸福村1社,39,2026-02-09,13:30,0.0226,0.02
幸福村1社,39,2026-02-09,13:45,0.0305,0.0154
幸福村1社,39,2026-02-09,14:00,0.0265,0.0151
幸福村1社,39,2026-02-09,14:15,0.0319,0.0161
幸福村1社,39,2026-02-09,14:30,0.0259,0.0165
幸福村1社,39,2026-02-09,14:45,0.0294,0.0086
幸福村1社,39,2026-02-09,15:00,0.0219,0.0274
幸福村1社,39,2026-02-09,15:15,0.0328,0.0507
幸福村1社,39,2026-02-09,15:30,0.03,0.0248
幸福村1社,39,2026-02-09,15:45,0.0294,0.0453
幸福村1社,39,2026-02-09,16:00,0.0245,0.0309
幸福村1社,39,2026-02-09,16:15,0.037,0.0317
幸福村1社,39,2026-02-09,16:30,0.0516,0.102
幸福村1社,39,2026-02-09,16:45,0.045,0.0631
幸福村1社,39,2026-02-09,17:00,0.061,0.012
幸福村1社,39,2026-02-09,17:15,0.055,0.1002
幸福村1社,39,2026-02-09,17:30,0.0514,0.0824
幸福村1社,39,2026-02-09,17:45,0.057,0.0458
幸福村1社,39,2026-02-09,18:00,0.0668,0.0197
幸福村1社,39,2026-02-09,18:15,0.0589,0.0352
幸福村1社,39,2026-02-09,18:30,0.0606,0.1139
幸福村1社,39,2026-02-09,18:45,0.0559,0.1331
幸福村1社,39,2026-02-09,19:00,0.0533,0.0267
幸福村1社,39,2026-02-09,19:15,0.044,0.0481
幸福村1社,39,2026-02-09,19:30,0.0468,0.0484
幸福村1社,39,2026-02-09,19:45,0.0411,0.0686
幸福村1社,39,2026-02-09,20:00,0.0367,0.0332
幸福村1社,39,2026-02-09,20:15,0.0371,0.0203
幸福村1社,39,2026-02-09,20:30,0.0349,0.0488
幸福村1社,39,2026-02-09,20:45,0.0325,0.0249
幸福村1社,39,2026-02-09,21:00,0.031,0.0173
幸福村1社,39,2026-02-09,21:15,0.0313,0.0252
幸福村1社,39,2026-02-09,21:30,0.0294,0.0219
幸福村1社,39,2026-02-09,21:45,0.0241,0.044
幸福村1社,39,2026-02-09,22:00,0.0307,0.019
幸福村1社,39,2026-02-09,22:15,0.0246,0.0269
幸福村1社,39,2026-02-09,22:30,0.0219,0.0247
幸福村1社,39,2026-02-09,22:45,0.0276,0.0245
幸福村1社,39,2026-02-09,23:00,0.0211,0.0211
幸福村1社,39,2026-02-09,23:15,0.0189,0.0253
幸福村1社,39,2026-02-09,23:30,0.0185,0.02
幸福村1社,39,2026-02-09,23:45,0.0163,0.0267
甘伍村3社,40,2026-04-17,00:00,0.0022,0.0006
甘伍村3社,40,2026-04-17,00:15,0.0014,0.0006
甘伍村3社,40,2026-04-17,00:30,0.0008,0.0007
甘伍村3社,40,2026-04-17,00:45,0.0002,0.0006
甘伍村3社,40,2026-04-17,01:00,-0.0014,0.0007
甘伍村3社,40,2026-04-17,01:15,0.0,0.0007
甘伍村3社,40,2026-04-17,01:30,0.0003,0.0007
甘伍村3社,40,2026-04-17,01:45,0.0019,0.0007
甘伍村3社,40,2026-04-17,02:00,-0.0,0.0006
甘伍村3社,40,2026-04-17,02:15,0.0003,0.0006
甘伍村3社,40,2026-04-17,02:30,0.0004,0.0006
甘伍村3社,40,2026-04-17,02:45,0.0009,0.0006
甘伍村3社,40,2026-04-17,03:00,0.0013,0.0006
甘伍村3社,40,2026-04-17,03:15,0.0005,0.0006
甘伍村3社,40,2026-04-17,03:30,0.0003,0.0006
甘伍村3社,40,2026-04-17,03:45,0.0002,0.0006
甘伍村3社,40,2026-04-17,04:00,0.0015,0.0006
甘伍村3社,40,2026-04-17,04:15,0.0004,0.0006
甘伍村3社,40,2026-04-17,04:30,0.0002,0.0006
甘伍村3社,40,2026-04-17,04:45,-0.0003,0.0006
甘伍村3社,40,2026-04-17,05:00,0.0012,0.0006
甘伍村3社,40,2026-04-17,05:15,0.0006,0.0006
甘伍村3社,40,2026-04-17,05:30,-0.0001,0.0006
甘伍村3社,40,2026-04-17,05:45,-0.0005,0.0005
甘伍村3社,40,2026-04-17,06:00,0.0004,0.0006
甘伍村3社,40,2026-04-17,06:15,-0.0001,0.0006
甘伍村3社,40,2026-04-17,06:30,-0.0001,0.0008
甘伍村3社,40,2026-04-17,06:45,0.0006,0.0008
甘伍村3社,40,2026-04-17,07:00,-0.0002,0.0008
甘伍村3社,40,2026-04-17,07:15,-0.0012,0.0007
甘伍村3社,40,2026-04-17,07:30,0.0009,0.0006
甘伍村3社,40,2026-04-17,07:45,0.0015,0.0006
甘伍村3社,40,2026-04-17,08:00,0.0016,0.0006
甘伍村3社,40,2026-04-17,08:15,0.0019,0.0006
甘伍村3社,40,2026-04-17,08:30,0.0022,0.0006
甘伍村3社,40,2026-04-17,08:45,0.0019,0.0005
甘伍村3社,40,2026-04-17,09:00,0.0023,0.0005
甘伍村3社,40,2026-04-17,09:15,0.0042,0.0005
甘伍村3社,40,2026-04-17,09:30,0.0029,0.0005
甘伍村3社,40,2026-04-17,09:45,0.0028,0.0005
甘伍村3社,40,2026-04-17,10:00,0.0065,0.0005
甘伍村3社,40,2026-04-17,10:15,0.0079,0.0005
甘伍村3社,40,2026-04-17,10:30,0.0102,0.0005
甘伍村3社,40,2026-04-17,10:45,0.0108,0.0005
甘伍村3社,40,2026-04-17,11:00,0.0087,0.0005
甘伍村3社,40,2026-04-17,11:15,0.011,0.0005
甘伍村3社,40,2026-04-17,11:30,0.0108,0.0005
甘伍村3社,40,2026-04-17,11:45,0.0106,0.0005
甘伍村3社,40,2026-04-17,12:00,0.0067,0.0005
甘伍村3社,40,2026-04-17,12:15,0.0069,0.0005
甘伍村3社,40,2026-04-17,12:30,0.0075,0.0005
甘伍村3社,40,2026-04-17,12:45,0.0064,0.0005
甘伍村3社,40,2026-04-17,13:00,0.0023,0.0005
甘伍村3社,40,2026-04-17,13:15,0.0026,0.0005
甘伍村3社,40,2026-04-17,13:30,0.0044,0.0005
甘伍村3社,40,2026-04-17,13:45,0.0028,0.0005
甘伍村3社,40,2026-04-17,14:00,0.0024,0.0005
甘伍村3社,40,2026-04-17,14:15,0.0041,0.0005
甘伍村3社,40,2026-04-17,14:30,0.0023,0.0005
甘伍村3社,40,2026-04-17,14:45,0.002,0.0005
甘伍村3社,40,2026-04-17,15:00,0.0016,0.0005
甘伍村3社,40,2026-04-17,15:15,0.0023,0.0005
甘伍村3社,40,2026-04-17,15:30,0.0005,0.0005
甘伍村3社,40,2026-04-17,15:45,0.0019,0.0005
甘伍村3社,40,2026-04-17,16:00,0.002,0.0005
甘伍村3社,40,2026-04-17,16:15,0.0006,0.0005
甘伍村3社,40,2026-04-17,16:30,-0.0012,0.0005
甘伍村3社,40,2026-04-17,16:45,0.002,0.0005
甘伍村3社,40,2026-04-17,17:00,0.0022,0.0008
甘伍村3社,40,2026-04-17,17:15,0.0005,0.0008
甘伍村3社,40,2026-04-17,17:30,0.0015,0.0008
甘伍村3社,40,2026-04-17,17:45,0.0016,0.0006
甘伍村3社,40,2026-04-17,18:00,0.0011,0.0006
甘伍村3社,40,2026-04-17,18:15,0.0007,0.0006
甘伍村3社,40,2026-04-17,18:30,-0.0,0.0005
甘伍村3社,40,2026-04-17,18:45,0.0002,0.0006
甘伍村3社,40,2026-04-17,19:00,0.0003,0.0006
甘伍村3社,40,2026-04-17,19:15,0.0017,0.0006
甘伍村3社,40,2026-04-17,19:30,-0.0004,0.0006
甘伍村3社,40,2026-04-17,19:45,0.0003,0.0006
甘伍村3社,40,2026-04-17,20:00,-0.0006,0.0005
甘伍村3社,40,2026-04-17,20:15,0.0017,0.0005
甘伍村3社,40,2026-04-17,20:30,0.001,0.0006
甘伍村3社,40,2026-04-17,20:45,0.0008,0.0006
甘伍村3社,40,2026-04-17,21:00,-0.0002,0.0006
甘伍村3社,40,2026-04-17,21:15,0.0002,0.0006
甘伍村3社,40,2026-04-17,21:30,0.0007,0.0006
甘伍村3社,40,2026-04-17,21:45,-0.0,0.0006
甘伍村3社,40,2026-04-17,22:00,0.001,0.0006
甘伍村3社,40,2026-04-17,22:15,-0.0003,0.0006
甘伍村3社,40,2026-04-17,22:30,0.0018,0.0006
甘伍村3社,40,2026-04-17,22:45,0.0014,0.0006
甘伍村3社,40,2026-04-17,23:00,-0.0002,0.0006
甘伍村3社,40,2026-04-17,23:15,0.0011,0.0006
甘伍村3社,40,2026-04-17,23:30,0.0005,0.0006
甘伍村3社,40,2026-04-17,23:45,0.0006,0.0006
甘伍村3社,40,2026-04-18,00:00,0.0008,0.0006
甘伍村3社,40,2026-04-18,00:15,0.0008,0.0006
甘伍村3社,40,2026-04-18,00:30,0.0003,0.0007
甘伍村3社,40,2026-04-18,00:45,0.0012,0.0007
甘伍村3社,40,2026-04-18,01:00,0.0006,0.0007
甘伍村3社,40,2026-04-18,01:15,0.001,0.0006
甘伍村3社,40,2026-04-18,01:30,0.0005,0.0006
甘伍村3社,40,2026-04-18,01:45,0.0003,0.0006
甘伍村3社,40,2026-04-18,02:00,0.0005,0.0006
甘伍村3社,40,2026-04-18,02:15,0.0013,0.0006
甘伍村3社,40,2026-04-18,02:30,0.0007,0.0006
甘伍村3社,40,2026-04-18,02:45,0.0014,0.0006
甘伍村3社,40,2026-04-18,03:00,0.0007,0.0006
甘伍村3社,40,2026-04-18,03:15,0.0012,0.0006
甘伍村3社,40,2026-04-18,03:30,0.0008,0.0006
甘伍村3社,40,2026-04-18,03:45,0.0009,0.0006
甘伍村3社,40,2026-04-18,04:00,0.0005,0.0006
甘伍村3社,40,2026-04-18,04:15,0.0008,0.0006
甘伍村3社,40,2026-04-18,04:30,-0.0002,0.0006
甘伍村3社,40,2026-04-18,04:45,0.0004,0.0006
甘伍村3社,40,2026-04-18,05:00,0.0001,0.0006
甘伍村3社,40,2026-04-18,05:15,-0.0,0.0006
甘伍村3社,40,2026-04-18,05:30,0.0004,0.0006
甘伍村3社,40,2026-04-18,05:45,0.0005,0.0006
甘伍村3社,40,2026-04-18,06:00,0.0005,0.0006
甘伍村3社,40,2026-04-18,06:15,0.001,0.0005
甘伍村3社,40,2026-04-18,06:30,0.0002,0.0005
甘伍村3社,40,2026-04-18,06:45,0.0003,0.0005
甘伍村3社,40,2026-04-18,07:00,0.0007,0.0005
甘伍村3社,40,2026-04-18,07:15,0.0007,0.0005
甘伍村3社,40,2026-04-18,07:30,0.0027,0.0005
甘伍村3社,40,2026-04-18,07:45,0.0,0.0005
甘伍村3社,40,2026-04-18,08:00,0.0008,0.0005
甘伍村3社,40,2026-04-18,08:15,0.0006,0.0006
甘伍村3社,40,2026-04-18,08:30,0.0004,0.0006
甘伍村3社,40,2026-04-18,08:45,0.0015,0.0005
甘伍村3社,40,2026-04-18,09:00,0.0036,0.0005
甘伍村3社,40,2026-04-18,09:15,0.003,0.0005
甘伍村3社,40,2026-04-18,09:30,0.0024,0.0005
甘伍村3社,40,2026-04-18,09:45,0.0029,0.0005
甘伍村3社,40,2026-04-18,10:00,0.0072,0.0005
甘伍村3社,40,2026-04-18,10:15,0.0081,0.0005
甘伍村3社,40,2026-04-18,10:30,0.0085,0.0005
甘伍村3社,40,2026-04-18,10:45,0.0103,0.0005
甘伍村3社,40,2026-04-18,11:00,0.009,0.0005
甘伍村3社,40,2026-04-18,11:15,0.0127,0.0005
甘伍村3社,40,2026-04-18,11:30,0.0109,0.0005
甘伍村3社,40,2026-04-18,11:45,0.0101,0.0005
甘伍村3社,40,2026-04-18,12:00,0.008,0.0005
甘伍村3社,40,2026-04-18,12:15,0.0065,0.0005
甘伍村3社,40,2026-04-18,12:30,0.0064,0.0005
甘伍村3社,40,2026-04-18,12:45,0.0061,0.0005
甘伍村3社,40,2026-04-18,13:00,0.0023,0.0005
甘伍村3社,40,2026-04-18,13:15,0.0036,0.0005
甘伍村3社,40,2026-04-18,13:30,0.003,0.0005
甘伍村3社,40,2026-04-18,13:45,0.0041,0.0005
甘伍村3社,40,2026-04-18,14:00,0.0046,0.0005
甘伍村3社,40,2026-04-18,14:15,0.0034,0.0005
甘伍村3社,40,2026-04-18,14:30,0.0024,0.0005
甘伍村3社,40,2026-04-18,14:45,0.002,0.0005
甘伍村3社,40,2026-04-18,15:00,0.0009,0.0005
甘伍村3社,40,2026-04-18,15:15,0.0027,0.0005
甘伍村3社,40,2026-04-18,15:30,0.0,0.0005
甘伍村3社,40,2026-04-18,15:45,0.0026,0.0005
甘伍村3社,40,2026-04-18,16:00,0.0014,0.0005
甘伍村3社,40,2026-04-18,16:15,0.0014,0.0005
甘伍村3社,40,2026-04-18,16:30,0.0015,0.0005
甘伍村3社,40,2026-04-18,16:45,0.0013,0.0005
甘伍村3社,40,2026-04-18,17:00,0.0027,0.0005
甘伍村3社,40,2026-04-18,17:15,0.0005,0.0008
甘伍村3社,40,2026-04-18,17:30,0.0005,0.0008
甘伍村3社,40,2026-04-18,17:45,0.0007,0.0005
甘伍村3社,40,2026-04-18,18:00,0.0021,0.0005
甘伍村3社,40,2026-04-18,18:15,0.0001,0.0005
甘伍村3社,40,2026-04-18,18:30,-0.0001,0.0005
甘伍村3社,40,2026-04-18,18:45,-0.0007,0.0005
甘伍村3社,40,2026-04-18,19:00,-0.0002,0.0005
甘伍村3社,40,2026-04-18,19:15,0.001,0.0005
甘伍村3社,40,2026-04-18,19:30,0.0002,0.0005
甘伍村3社,40,2026-04-18,19:45,-0.0002,0.0005
甘伍村3社,40,2026-04-18,20:00,0.0024,0.001
甘伍村3社,40,2026-04-18,20:15,0.0005,0.0005
甘伍村3社,40,2026-04-18,20:30,0.0004,0.0005
甘伍村3社,40,2026-04-18,20:45,0.001,0.0005
甘伍村3社,40,2026-04-18,21:00,0.0011,0.0005
甘伍村3社,40,2026-04-18,21:15,-0.001,0.0005
甘伍村3社,40,2026-04-18,21:30,0.0007,0.0005
甘伍村3社,40,2026-04-18,21:45,0.001,0.0005
甘伍村3社,40,2026-04-18,22:00,0.0005,0.0005
甘伍村3社,40,2026-04-18,22:15,0.0005,0.0005
甘伍村3社,40,2026-04-18,22:30,0.0008,0.0005
甘伍村3社,40,2026-04-18,22:45,0.0018,0.0008
甘伍村3社,40,2026-04-18,23:00,0.0013,0.0009
甘伍村3社,40,2026-04-18,23:15,0.0007,0.0009
甘伍村3社,40,2026-04-18,23:30,0.0008,0.0008
甘伍村3社,40,2026-04-18,23:45,-0.0003,0.0008
甘伍村3社,40,2026-04-19,00:00,0.0008,0.0006
甘伍村3社,40,2026-04-19,00:15,0.001,0.0005
甘伍村3社,40,2026-04-19,00:30,0.0013,0.0006
甘伍村3社,40,2026-04-19,00:45,0.0005,0.0007
甘伍村3社,40,2026-04-19,01:00,0.0006,0.0006
甘伍村3社,40,2026-04-19,01:15,0.0008,0.0006
甘伍村3社,40,2026-04-19,01:30,-0.0002,0.0006
甘伍村3社,40,2026-04-19,01:45,0.0003,0.0006
甘伍村3社,40,2026-04-19,02:00,0.0006,0.0006
甘伍村3社,40,2026-04-19,02:15,0.0022,0.0006
甘伍村3社,40,2026-04-19,02:30,0.0009,0.0006
甘伍村3社,40,2026-04-19,02:45,0.0006,0.0006
甘伍村3社,40,2026-04-19,03:00,0.0013,0.0006
甘伍村3社,40,2026-04-19,03:15,0.0006,0.0006
甘伍村3社,40,2026-04-19,03:30,0.0001,0.0006
甘伍村3社,40,2026-04-19,03:45,0.0015,0.0007
甘伍村3社,40,2026-04-19,04:00,0.0007,0.0006
甘伍村3社,40,2026-04-19,04:15,0.0019,0.0007
甘伍村3社,40,2026-04-19,04:30,0.002,0.0006
甘伍村3社,40,2026-04-19,04:45,-0.0005,0.0006
甘伍村3社,40,2026-04-19,05:00,0.0006,0.0006
甘伍村3社,40,2026-04-19,05:15,0.0016,0.0006
甘伍村3社,40,2026-04-19,05:30,0.0001,0.0006
甘伍村3社,40,2026-04-19,05:45,-0.0004,0.0006
甘伍村3社,40,2026-04-19,06:00,0.0002,0.0006
甘伍村3社,40,2026-04-19,06:15,0.0021,0.0006
甘伍村3社,40,2026-04-19,06:30,-0.0005,0.0006
甘伍村3社,40,2026-04-19,06:45,0.0012,0.0006
甘伍村3社,40,2026-04-19,07:00,-0.0001,0.0006
甘伍村3社,40,2026-04-19,07:15,0.0005,0.0006
甘伍村3社,40,2026-04-19,07:30,0.0021,0.0006
甘伍村3社,40,2026-04-19,07:45,0.0015,0.0006
甘伍村3社,40,2026-04-19,08:00,0.0013,0.0006
甘伍村3社,40,2026-04-19,08:15,0.0011,0.0007
甘伍村3社,40,2026-04-19,08:30,0.0023,0.0006
甘伍村3社,40,2026-04-19,08:45,0.0005,0.0006
甘伍村3社,40,2026-04-19,09:00,0.0044,0.0006
甘伍村3社,40,2026-04-19,09:15,0.0049,0.0006
甘伍村3社,40,2026-04-19,09:30,0.0033,0.0006
甘伍村3社,40,2026-04-19,09:45,0.0045,0.0005
甘伍村3社,40,2026-04-19,10:00,0.005,0.0005
甘伍村3社,40,2026-04-19,10:15,0.0077,0.0005
甘伍村3社,40,2026-04-19,10:30,0.0097,0.0005
甘伍村3社,40,2026-04-19,10:45,0.0109,0.0006
甘伍村3社,40,2026-04-19,11:00,0.0101,0.0005
甘伍村3社,40,2026-04-19,11:15,0.0116,0.0005
甘伍村3社,40,2026-04-19,11:30,0.0121,0.0005
甘伍村3社,40,2026-04-19,11:45,0.0101,0.0005
甘伍村3社,40,2026-04-19,12:00,0.0084,0.0005
甘伍村3社,40,2026-04-19,12:15,0.0057,0.0005
甘伍村3社,40,2026-04-19,12:30,0.0064,0.0005
甘伍村3社,40,2026-04-19,12:45,0.0067,0.0005
甘伍村3社,40,2026-04-19,13:00,0.0039,0.0005
甘伍村3社,40,2026-04-19,13:15,0.0032,0.0005
甘伍村3社,40,2026-04-19,13:30,0.003,0.0005
甘伍村3社,40,2026-04-19,13:45,0.0041,0.0005
甘伍村3社,40,2026-04-19,14:00,0.0025,0.0005
甘伍村3社,40,2026-04-19,14:15,0.0034,0.0005
甘伍村3社,40,2026-04-19,14:30,0.0025,0.0005
甘伍村3社,40,2026-04-19,14:45,0.0018,0.0005
甘伍村3社,40,2026-04-19,15:00,0.0014,0.0005
甘伍村3社,40,2026-04-19,15:15,0.0013,0.0005
甘伍村3社,40,2026-04-19,15:30,0.0015,0.0005
甘伍村3社,40,2026-04-19,15:45,0.0007,0.0005
甘伍村3社,40,2026-04-19,16:00,0.002,0.0005
甘伍村3社,40,2026-04-19,16:15,0.0008,0.0005
甘伍村3社,40,2026-04-19,16:30,0.0026,0.0005
甘伍村3社,40,2026-04-19,16:45,0.0017,0.0005
甘伍村3社,40,2026-04-19,17:00,0.003,0.0005
甘伍村3社,40,2026-04-19,17:15,0.002,0.0005
甘伍村3社,40,2026-04-19,17:30,0.0013,0.0008
甘伍村3社,40,2026-04-19,17:45,0.0012,0.0008
甘伍村3社,40,2026-04-19,18:00,0.0029,0.0008
甘伍村3社,40,2026-04-19,18:15,0.0018,0.0006
甘伍村3社,40,2026-04-19,18:30,0.0004,0.0006
甘伍村3社,40,2026-04-19,18:45,0.0018,0.0005
甘伍村3社,40,2026-04-19,19:00,0.0004,0.0005
甘伍村3社,40,2026-04-19,19:15,0.0002,0.0005
甘伍村3社,40,2026-04-19,19:30,0.0026,0.0005
甘伍村3社,40,2026-04-19,19:45,0.0012,0.0005
甘伍村3社,40,2026-04-19,20:00,0.0009,0.0005
甘伍村3社,40,2026-04-19,20:15,0.0021,0.0005
甘伍村3社,40,2026-04-19,20:30,0.0001,0.0005
甘伍村3社,40,2026-04-19,20:45,-0.0001,0.0005
甘伍村3社,40,2026-04-19,21:00,0.0003,0.0005
甘伍村3社,40,2026-04-19,21:15,0.0023,0.0005
甘伍村3社,40,2026-04-19,21:30,0.0008,0.0005
甘伍村3社,40,2026-04-19,21:45,0.0009,0.0005
甘伍村3社,40,2026-04-19,22:00,0.0002,0.0005
甘伍村3社,40,2026-04-19,22:15,-0.0001,0.0005
甘伍村3社,40,2026-04-19,22:30,0.0013,0.0005
甘伍村3社,40,2026-04-19,22:45,0.0015,0.0005
甘伍村3社,40,2026-04-19,23:00,0.0,0.0005
甘伍村3社,40,2026-04-19,23:15,0.0013,0.0005
甘伍村3社,40,2026-04-19,23:30,0.0001,0.0005
甘伍村3社,40,2026-04-19,23:45,0.0004,0.0005
幸福村4社,41,2026-01-26,00:00,0.0005,0.0011
幸福村4社,41,2026-01-26,00:15,0.0002,0.001
幸福村4社,41,2026-01-26,00:30,0.0007,0.001
幸福村4社,41,2026-01-26,00:45,0.0006,0.0003
幸福村4社,41,2026-01-26,01:00,0.0013,0.0003
幸福村4社,41,2026-01-26,01:15,0.0006,0.0003
幸福村4社,41,2026-01-26,01:30,0.0002,0.0003
幸福村4社,41,2026-01-26,01:45,-0.0001,0.0003
幸福村4社,41,2026-01-26,02:00,0.0002,0.0003
幸福村4社,41,2026-01-26,02:15,0.0005,0.0003
幸福村4社,41,2026-01-26,02:30,0.0006,0.0003
幸福村4社,41,2026-01-26,02:45,0.0001,0.0003
幸福村4社,41,2026-01-26,03:00,0.0004,0.0003
幸福村4社,41,2026-01-26,03:15,0.0004,0.0003
幸福村4社,41,2026-01-26,03:30,0.0009,0.0003
幸福村4社,41,2026-01-26,03:45,0.0008,0.0003
幸福村4社,41,2026-01-26,04:00,0.0003,0.0003
幸福村4社,41,2026-01-26,04:15,0.0006,0.0003
幸福村4社,41,2026-01-26,04:30,0.001,0.0003
幸福村4社,41,2026-01-26,04:45,0.001,0.0003
幸福村4社,41,2026-01-26,05:00,0.0001,0.0003
幸福村4社,41,2026-01-26,05:15,0.0007,0.0003
幸福村4社,41,2026-01-26,05:30,0.001,0.0003
幸福村4社,41,2026-01-26,05:45,0.0006,0.0003
幸福村4社,41,2026-01-26,06:00,0.0006,0.0003
幸福村4社,41,2026-01-26,06:15,0.0008,0.0003
幸福村4社,41,2026-01-26,06:30,0.0014,0.0003
幸福村4社,41,2026-01-26,06:45,0.0007,0.0003
幸福村4社,41,2026-01-26,07:00,0.0012,0.0003
幸福村4社,41,2026-01-26,07:15,0.0015,0.0003
幸福村4社,41,2026-01-26,07:30,0.0015,0.0003
幸福村4社,41,2026-01-26,07:45,0.002,0.0003
幸福村4社,41,2026-01-26,08:00,0.0018,0.0003
幸福村4社,41,2026-01-26,08:15,0.0011,0.0003
幸福村4社,41,2026-01-26,08:30,0.0013,0.0003
幸福村4社,41,2026-01-26,08:45,0.0015,0.0003
幸福村4社,41,2026-01-26,09:00,0.0019,0.0003
幸福村4社,41,2026-01-26,09:15,0.0006,0.0003
幸福村4社,41,2026-01-26,09:30,0.0011,0.0003
幸福村4社,41,2026-01-26,09:45,0.0003,0.0003
幸福村4社,41,2026-01-26,10:00,0.0015,0.0003
幸福村4社,41,2026-01-26,10:15,0.0021,0.0003
幸福村4社,41,2026-01-26,10:30,0.001,0.0003
幸福村4社,41,2026-01-26,10:45,0.0023,0.0005
幸福村4社,41,2026-01-26,11:00,0.0018,0.0005
幸福村4社,41,2026-01-26,11:15,0.0018,0.0004
幸福村4社,41,2026-01-26,11:30,0.0018,0.0004
幸福村4社,41,2026-01-26,11:45,0.0018,0.0003
幸福村4社,41,2026-01-26,12:00,0.0019,0.0003
幸福村4社,41,2026-01-26,12:15,0.0009,0.0003
幸福村4社,41,2026-01-26,12:30,0.0013,0.0003
幸福村4社,41,2026-01-26,12:45,0.0011,0.0003
幸福村4社,41,2026-01-26,13:00,0.001,0.0003
幸福村4社,41,2026-01-26,13:15,0.0005,0.0003
幸福村4社,41,2026-01-26,13:30,0.0013,0.0003
幸福村4社,41,2026-01-26,13:45,0.0012,0.0003
幸福村4社,41,2026-01-26,14:00,0.0011,0.0003
幸福村4社,41,2026-01-26,14:15,0.0008,0.0003
幸福村4社,41,2026-01-26,14:30,0.0009,0.0003
幸福村4社,41,2026-01-26,14:45,0.0006,0.0003
幸福村4社,41,2026-01-26,15:00,0.0007,0.0003
幸福村4社,41,2026-01-26,15:15,0.0004,0.0003
幸福村4社,41,2026-01-26,15:30,0.0008,0.0003
幸福村4社,41,2026-01-26,15:45,0.0005,0.0003
幸福村4社,41,2026-01-26,16:00,0.0006,0.0003
幸福村4社,41,2026-01-26,16:15,0.0007,0.0004
幸福村4社,41,2026-01-26,16:30,0.002,0.0005
幸福村4社,41,2026-01-26,16:45,0.0007,0.0004
幸福村4社,41,2026-01-26,17:00,0.0011,0.0005
幸福村4社,41,2026-01-26,17:15,0.001,0.0005
幸福村4社,41,2026-01-26,17:30,0.001,0.0003
幸福村4社,41,2026-01-26,17:45,0.0013,0.0003
幸福村4社,41,2026-01-26,18:00,0.0002,0.0003
幸福村4社,41,2026-01-26,18:15,0.0002,0.0003
幸福村4社,41,2026-01-26,18:30,0.0005,0.0005
幸福村4社,41,2026-01-26,18:45,0.0005,0.0005
幸福村4社,41,2026-01-26,19:00,0.001,0.001
幸福村4社,41,2026-01-26,19:15,0.0017,0.0011
幸福村4社,41,2026-01-26,19:30,0.0014,0.002
幸福村4社,41,2026-01-26,19:45,0.0019,0.002
幸福村4社,41,2026-01-26,20:00,0.0027,0.0019
幸福村4社,41,2026-01-26,20:15,0.0008,0.0019
幸福村4社,41,2026-01-26,20:30,0.0007,0.0021
幸福村4社,41,2026-01-26,20:45,0.0013,0.0021
幸福村4社,41,2026-01-26,21:00,0.0017,0.002
幸福村4社,41,2026-01-26,21:15,0.001,0.002
幸福村4社,41,2026-01-26,21:30,0.0009,0.002
幸福村4社,41,2026-01-26,21:45,0.0014,0.002
幸福村4社,41,2026-01-26,22:00,0.0012,0.002
幸福村4社,41,2026-01-26,22:15,0.002,0.0015
幸福村4社,41,2026-01-26,22:30,0.001,0.0015
幸福村4社,41,2026-01-26,22:45,0.0006,0.0015
幸福村4社,41,2026-01-26,23:00,0.0008,0.0015
幸福村4社,41,2026-01-26,23:15,0.0011,0.0015
幸福村4社,41,2026-01-26,23:30,0.0008,0.0015
幸福村4社,41,2026-01-26,23:45,0.0007,0.0015
幸福村4社,41,2026-01-27,00:00,0.001,0.0015
幸福村4社,41,2026-01-27,00:15,0.0005,0.0015
幸福村4社,41,2026-01-27,00:30,0.0006,0.0015
幸福村4社,41,2026-01-27,00:45,0.0005,0.0015
幸福村4社,41,2026-01-27,01:00,0.0004,0.0009
幸福村4社,41,2026-01-27,01:15,0.0006,0.0009
幸福村4社,41,2026-01-27,01:30,0.0011,0.0008
幸福村4社,41,2026-01-27,01:45,0.0007,0.0008
幸福村4社,41,2026-01-27,02:00,0.0002,0.0008
幸福村4社,41,2026-01-27,02:15,0.0006,0.0008
幸福村4社,41,2026-01-27,02:30,0.0005,0.0008
幸福村4社,41,2026-01-27,02:45,0.0002,0.0008
幸福村4社,41,2026-01-27,03:00,0.0007,0.0008
幸福村4社,41,2026-01-27,03:15,0.0003,0.0008
幸福村4社,41,2026-01-27,03:30,0.0009,0.0008
幸福村4社,41,2026-01-27,03:45,0.0005,0.0008
幸福村4社,41,2026-01-27,04:00,0.001,0.0008
幸福村4社,41,2026-01-27,04:15,0.0003,0.0008
幸福村4社,41,2026-01-27,04:30,0.0004,0.0008
幸福村4社,41,2026-01-27,04:45,0.001,0.0008
幸福村4社,41,2026-01-27,05:00,0.0007,0.0008
幸福村4社,41,2026-01-27,05:15,0.0008,0.0008
幸福村4社,41,2026-01-27,05:30,0.0004,0.0008
幸福村4社,41,2026-01-27,05:45,0.0006,0.0008
幸福村4社,41,2026-01-27,06:00,0.0006,0.0008
幸福村4社,41,2026-01-27,06:15,0.0002,0.0008
幸福村4社,41,2026-01-27,06:30,0.0008,0.0008
幸福村4社,41,2026-01-27,06:45,0.0005,0.0008
幸福村4社,41,2026-01-27,07:00,0.0004,0.0008
幸福村4社,41,2026-01-27,07:15,0.0005,0.0008
幸福村4社,41,2026-01-27,07:30,0.0005,0.0008
幸福村4社,41,2026-01-27,07:45,0.0021,0.0008
幸福村4社,41,2026-01-27,08:00,0.0012,0.0008
幸福村4社,41,2026-01-27,08:15,0.0015,0.0008
幸福村4社,41,2026-01-27,08:30,0.0025,0.0007
幸福村4社,41,2026-01-27,08:45,0.0007,0.0007
幸福村4社,41,2026-01-27,09:00,0.001,0.0007
幸福村4社,41,2026-01-27,09:15,0.0016,0.0007
幸福村4社,41,2026-01-27,09:30,0.0013,0.0007
幸福村4社,41,2026-01-27,09:45,0.0007,0.0007
幸福村4社,41,2026-01-27,10:00,0.0011,0.0145
幸福村4社,41,2026-01-27,10:15,0.0016,0.0144
幸福村4社,41,2026-01-27,10:30,0.0013,0.0007
幸福村4社,41,2026-01-27,10:45,0.0017,0.0006
幸福村4社,41,2026-01-27,11:00,0.0021,0.0006
幸福村4社,41,2026-01-27,11:15,0.0015,0.0005
幸福村4社,41,2026-01-27,11:30,0.0026,0.0005
幸福村4社,41,2026-01-27,11:45,0.0022,0.0004
幸福村4社,41,2026-01-27,12:00,0.0012,0.0004
幸福村4社,41,2026-01-27,12:15,0.0011,0.0004
幸福村4社,41,2026-01-27,12:30,0.001,0.0004
幸福村4社,41,2026-01-27,12:45,0.0015,0.0009
幸福村4社,41,2026-01-27,13:00,0.0003,0.0009
幸福村4社,41,2026-01-27,13:15,0.0008,0.0009
幸福村4社,41,2026-01-27,13:30,0.0012,0.0009
幸福村4社,41,2026-01-27,13:45,0.0011,0.0004
幸福村4社,41,2026-01-27,14:00,0.0011,0.0004
幸福村4社,41,2026-01-27,14:15,0.0008,0.0004
幸福村4社,41,2026-01-27,14:30,0.0003,0.0004
幸福村4社,41,2026-01-27,14:45,0.0004,0.0004
幸福村4社,41,2026-01-27,15:00,0.0007,0.0004
幸福村4社,41,2026-01-27,15:15,0.0006,0.0004
幸福村4社,41,2026-01-27,15:30,0.0008,0.0004
幸福村4社,41,2026-01-27,15:45,-0.0,0.0004
幸福村4社,41,2026-01-27,16:00,0.0015,0.0004
幸福村4社,41,2026-01-27,16:15,0.0015,0.0005
幸福村4社,41,2026-01-27,16:30,0.0005,0.0006
幸福村4社,41,2026-01-27,16:45,0.0013,0.0006
幸福村4社,41,2026-01-27,17:00,0.0005,0.0011
幸福村4社,41,2026-01-27,17:15,0.0007,0.0011
幸福村4社,41,2026-01-27,17:30,0.0012,0.0006
幸福村4社,41,2026-01-27,17:45,0.0008,0.0006
幸福村4社,41,2026-01-27,18:00,0.0002,0.0007
幸福村4社,41,2026-01-27,18:15,0.0006,0.0007
幸福村4社,41,2026-01-27,18:30,0.0009,0.0007
幸福村4社,41,2026-01-27,18:45,0.0005,0.0007
幸福村4社,41,2026-01-27,19:00,0.0014,0.0007
幸福村4社,41,2026-01-27,19:15,0.0016,0.0016
幸福村4社,41,2026-01-27,19:30,0.0021,0.0019
幸福村4社,41,2026-01-27,19:45,0.0022,0.0021
幸福村4社,41,2026-01-27,20:00,0.0015,0.0021
幸福村4社,41,2026-01-27,20:15,0.0019,0.002
幸福村4社,41,2026-01-27,20:30,0.0014,0.002
幸福村4社,41,2026-01-27,20:45,0.0014,0.0015
幸福村4社,41,2026-01-27,21:00,0.0013,0.0015
幸福村4社,41,2026-01-27,21:15,0.0018,0.0018
幸福村4社,41,2026-01-27,21:30,0.0008,0.0015
幸福村4社,41,2026-01-27,21:45,0.0017,0.0015
幸福村4社,41,2026-01-27,22:00,0.0013,0.0015
幸福村4社,41,2026-01-27,22:15,0.0012,0.0015
幸福村4社,41,2026-01-27,22:30,0.0009,0.0015
幸福村4社,41,2026-01-27,22:45,0.0003,0.0017
幸福村4社,41,2026-01-27,23:00,0.001,0.0017
幸福村4社,41,2026-01-27,23:15,0.0006,0.0017
幸福村4社,41,2026-01-27,23:30,0.001,0.0017
幸福村4社,41,2026-01-27,23:45,0.0015,0.0017
幸福村4社,41,2026-01-28,00:00,0.0009,0.0015
幸福村4社,41,2026-01-28,00:15,0.0006,0.0015
幸福村4社,41,2026-01-28,00:30,0.0008,0.0015
幸福村4社,41,2026-01-28,00:45,0.0006,0.0016
幸福村4社,41,2026-01-28,01:00,0.0003,0.0017
幸福村4社,41,2026-01-28,01:15,0.0003,0.0016
幸福村4社,41,2026-01-28,01:30,0.0009,0.0008
幸福村4社,41,2026-01-28,01:45,0.0008,0.0008
幸福村4社,41,2026-01-28,02:00,0.0006,0.0008
幸福村4社,41,2026-01-28,02:15,0.0002,0.0008
幸福村4社,41,2026-01-28,02:30,0.0007,0.0008
幸福村4社,41,2026-01-28,02:45,0.0008,0.0008
幸福村4社,41,2026-01-28,03:00,0.0005,0.0008
幸福村4社,41,2026-01-28,03:15,0.0006,0.0008
幸福村4社,41,2026-01-28,03:30,0.0008,0.0008
幸福村4社,41,2026-01-28,03:45,0.0005,0.0008
幸福村4社,41,2026-01-28,04:00,0.0007,0.0008
幸福村4社,41,2026-01-28,04:15,0.0006,0.0008
幸福村4社,41,2026-01-28,04:30,-0.0002,0.0008
幸福村4社,41,2026-01-28,04:45,0.001,0.0008
幸福村4社,41,2026-01-28,05:00,0.0008,0.0008
幸福村4社,41,2026-01-28,05:15,0.0008,0.0008
幸福村4社,41,2026-01-28,05:30,0.0008,0.0008
幸福村4社,41,2026-01-28,05:45,0.0006,0.0008
幸福村4社,41,2026-01-28,06:00,0.0007,0.0008
幸福村4社,41,2026-01-28,06:15,-0.0002,0.0008
幸福村4社,41,2026-01-28,06:30,0.0007,0.0008
幸福村4社,41,2026-01-28,06:45,0.0002,0.0008
幸福村4社,41,2026-01-28,07:00,0.0007,0.0008
幸福村4社,41,2026-01-28,07:15,0.0004,0.0008
幸福村4社,41,2026-01-28,07:30,0.0012,0.0008
幸福村4社,41,2026-01-28,07:45,0.0019,0.0008
幸福村4社,41,2026-01-28,08:00,0.0017,0.0008
幸福村4社,41,2026-01-28,08:15,0.0,0.0008
幸福村4社,41,2026-01-28,08:30,0.0022,0.0008
幸福村4社,41,2026-01-28,08:45,0.0025,0.0008
幸福村4社,41,2026-01-28,09:00,0.0013,0.0008
幸福村4社,41,2026-01-28,09:15,0.0016,0.0004
幸福村4社,41,2026-01-28,09:30,0.001,0.0004
幸福村4社,41,2026-01-28,09:45,0.0012,0.0004
幸福村4社,41,2026-01-28,10:00,0.002,0.0004
幸福村4社,41,2026-01-28,10:15,0.0019,0.0004
幸福村4社,41,2026-01-28,10:30,0.0015,0.0004
幸福村4社,41,2026-01-28,10:45,0.0017,0.0004
幸福村4社,41,2026-01-28,11:00,0.0028,0.0004
幸福村4社,41,2026-01-28,11:15,0.0023,0.0004
幸福村4社,41,2026-01-28,11:30,0.0022,0.0004
幸福村4社,41,2026-01-28,11:45,0.0033,0.0004
幸福村4社,41,2026-01-28,12:00,0.001,0.0004
幸福村4社,41,2026-01-28,12:15,0.0018,0.0009
幸福村4社,41,2026-01-28,12:30,0.0012,0.0009
幸福村4社,41,2026-01-28,12:45,0.0011,0.0009
幸福村4社,41,2026-01-28,13:00,0.0011,0.0004
幸福村4社,41,2026-01-28,13:15,0.0014,0.0004
幸福村4社,41,2026-01-28,13:30,0.0019,0.0004
幸福村4社,41,2026-01-28,13:45,0.0006,0.0004
幸福村4社,41,2026-01-28,14:00,0.0012,0.0004
幸福村4社,41,2026-01-28,14:15,0.0004,0.0004
幸福村4社,41,2026-01-28,14:30,0.0004,0.0004
幸福村4社,41,2026-01-28,14:45,0.0003,0.0004
幸福村4社,41,2026-01-28,15:00,0.0004,0.0004
幸福村4社,41,2026-01-28,15:15,0.0012,0.0004
幸福村4社,41,2026-01-28,15:30,0.0014,0.0004
幸福村4社,41,2026-01-28,15:45,0.0012,0.0004
幸福村4社,41,2026-01-28,16:00,0.0007,0.0004
幸福村4社,41,2026-01-28,16:15,0.0014,0.0004
幸福村4社,41,2026-01-28,16:30,0.001,0.0004
幸福村4社,41,2026-01-28,16:45,0.0007,0.0004
幸福村4社,41,2026-01-28,17:00,0.0007,0.0004
幸福村4社,41,2026-01-28,17:15,0.0009,0.0004
幸福村4社,41,2026-01-28,17:30,0.0011,0.0004
幸福村4社,41,2026-01-28,17:45,0.0013,0.0004
幸福村4社,41,2026-01-28,18:00,0.0004,0.0004
幸福村4社,41,2026-01-28,18:15,0.0004,0.0004
幸福村4社,41,2026-01-28,18:30,0.0012,0.0004
幸福村4社,41,2026-01-28,18:45,0.001,0.0004
幸福村4社,41,2026-01-28,19:00,0.0013,0.0004
幸福村4社,41,2026-01-28,19:15,0.0017,0.0006
幸福村4社,41,2026-01-28,19:30,0.0012,0.0013
幸福村4社,41,2026-01-28,19:45,0.0018,0.0013
幸福村4社,41,2026-01-28,20:00,0.0022,0.0013
幸福村4社,41,2026-01-28,20:15,0.0012,0.0013
幸福村4社,41,2026-01-28,20:30,0.0022,0.0013
幸福村4社,41,2026-01-28,20:45,0.0024,0.0013
幸福村4社,41,2026-01-28,21:00,0.0019,0.0013
幸福村4社,41,2026-01-28,21:15,0.0009,0.0013
幸福村4社,41,2026-01-28,21:30,0.0007,0.0013
幸福村4社,41,2026-01-28,21:45,0.0015,0.0012
幸福村4社,41,2026-01-28,22:00,0.0013,0.0011
幸福村4社,41,2026-01-28,22:15,0.0013,0.0013
幸福村4社,41,2026-01-28,22:30,0.0006,0.0012
幸福村4社,41,2026-01-28,22:45,0.0004,0.0011
幸福村4社,41,2026-01-28,23:00,0.0014,0.0011
幸福村4社,41,2026-01-28,23:15,0.0005,0.0012
幸福村4社,41,2026-01-28,23:30,0.0009,0.0011
幸福村4社,41,2026-01-28,23:45,0.0011,0.0011
甘伍村3社,42,2026-04-27,00:00,0.0006,0.0005
甘伍村3社,42,2026-04-27,00:15,0.0006,0.0005
甘伍村3社,42,2026-04-27,00:30,-0.0004,0.0004
甘伍村3社,42,2026-04-27,00:45,0.0002,0.0005
甘伍村3社,42,2026-04-27,01:00,-0.0001,0.0005
甘伍村3社,42,2026-04-27,01:15,0.001,0.0005
甘伍村3社,42,2026-04-27,01:30,0.0009,0.0004
甘伍村3社,42,2026-04-27,01:45,0.0004,0.0004
甘伍村3社,42,2026-04-27,02:00,0.0001,0.0004
甘伍村3社,42,2026-04-27,02:15,0.0013,0.0005
甘伍村3社,42,2026-04-27,02:30,-0.0003,0.0005
甘伍村3社,42,2026-04-27,02:45,0.0009,0.0005
甘伍村3社,42,2026-04-27,03:00,0.0005,0.0004
甘伍村3社,42,2026-04-27,03:15,0.0004,0.0004
甘伍村3社,42,2026-04-27,03:30,0.0002,0.0005
甘伍村3社,42,2026-04-27,03:45,0.0005,0.0007
甘伍村3社,42,2026-04-27,04:00,-0.0006,0.0005
甘伍村3社,42,2026-04-27,04:15,0.0005,0.0004
甘伍村3社,42,2026-04-27,04:30,0.0006,0.0005
甘伍村3社,42,2026-04-27,04:45,0.0011,0.0004
甘伍村3社,42,2026-04-27,05:00,0.001,0.0004
甘伍村3社,42,2026-04-27,05:15,0.0012,0.0005
甘伍村3社,42,2026-04-27,05:30,0.0006,0.0004
甘伍村3社,42,2026-04-27,05:45,0.0006,0.0004
甘伍村3社,42,2026-04-27,06:00,0.0008,0.0004
甘伍村3社,42,2026-04-27,06:15,0.0002,0.0004
甘伍村3社,42,2026-04-27,06:30,0.0001,0.0004
甘伍村3社,42,2026-04-27,06:45,0.0015,0.0004
甘伍村3社,42,2026-04-27,07:00,-0.0003,0.0004
甘伍村3社,42,2026-04-27,07:15,0.0004,0.0004
甘伍村3社,42,2026-04-27,07:30,0.0017,0.0004
甘伍村3社,42,2026-04-27,07:45,0.0025,0.0004
甘伍村3社,42,2026-04-27,08:00,0.001,0.0004
甘伍村3社,42,2026-04-27,08:15,0.0018,0.0005
甘伍村3社,42,2026-04-27,08:30,0.0025,0.0004
甘伍村3社,42,2026-04-27,08:45,0.0007,0.0004
甘伍村3社,42,2026-04-27,09:00,0.0026,0.0004
甘伍村3社,42,2026-04-27,09:15,0.0016,0.0004
甘伍村3社,42,2026-04-27,09:30,0.0027,0.0004
甘伍村3社,42,2026-04-27,09:45,0.0025,0.0004
甘伍村3社,42,2026-04-27,10:00,0.0059,0.0004
甘伍村3社,42,2026-04-27,10:15,0.0085,0.0004
甘伍村3社,42,2026-04-27,10:30,0.009,0.0004
甘伍村3社,42,2026-04-27,10:45,0.0092,0.0004
甘伍村3社,42,2026-04-27,11:00,0.0084,0.0004
甘伍村3社,42,2026-04-27,11:15,0.0118,0.0004
甘伍村3社,42,2026-04-27,11:30,0.012,0.0004
甘伍村3社,42,2026-04-27,11:45,0.012,0.0004
甘伍村3社,42,2026-04-27,12:00,0.0082,0.0004
甘伍村3社,42,2026-04-27,12:15,0.0079,0.0004
甘伍村3社,42,2026-04-27,12:30,0.0094,0.0004
甘伍村3社,42,2026-04-27,12:45,0.0072,0.0004
甘伍村3社,42,2026-04-27,13:00,0.0026,0.0004
甘伍村3社,42,2026-04-27,13:15,0.0042,0.0004
甘伍村3社,42,2026-04-27,13:30,0.005,0.0004
甘伍村3社,42,2026-04-27,13:45,0.0031,0.0004
甘伍村3社,42,2026-04-27,14:00,0.0028,0.0004
甘伍村3社,42,2026-04-27,14:15,0.0046,0.0004
甘伍村3社,42,2026-04-27,14:30,0.0031,0.0004
甘伍村3社,42,2026-04-27,14:45,0.0018,0.0004
甘伍村3社,42,2026-04-27,15:00,0.0006,0.0004
甘伍村3社,42,2026-04-27,15:15,0.002,0.0004
甘伍村3社,42,2026-04-27,15:30,0.0003,0.0004
甘伍村3社,42,2026-04-27,15:45,0.001,0.0004
甘伍村3社,42,2026-04-27,16:00,0.0007,0.0004
甘伍村3社,42,2026-04-27,16:15,0.0006,0.0004
甘伍村3社,42,2026-04-27,16:30,-0.0007,0.0004
甘伍村3社,42,2026-04-27,16:45,0.0013,0.0004
甘伍村3社,42,2026-04-27,17:00,0.001,0.0004
甘伍村3社,42,2026-04-27,17:15,-0.0,0.0004
甘伍村3社,42,2026-04-27,17:30,0.0003,0.0008
甘伍村3社,42,2026-04-27,17:45,0.0007,0.0008
甘伍村3社,42,2026-04-27,18:00,0.0006,0.0007
甘伍村3社,42,2026-04-27,18:15,-0.0005,0.0004
甘伍村3社,42,2026-04-27,18:30,-0.0003,0.0004
甘伍村3社,42,2026-04-27,18:45,0.0019,0.0004
甘伍村3社,42,2026-04-27,19:00,0.0006,0.0004
甘伍村3社,42,2026-04-27,19:15,0.0015,0.0004
甘伍村3社,42,2026-04-27,19:30,-0.0007,0.0004
甘伍村3社,42,2026-04-27,19:45,0.0005,0.0004
甘伍村3社,42,2026-04-27,20:00,-0.0013,0.0004
甘伍村3社,42,2026-04-27,20:15,-0.0001,0.0004
甘伍村3社,42,2026-04-27,20:30,0.0,0.0004
甘伍村3社,42,2026-04-27,20:45,0.0022,0.0004
甘伍村3社,42,2026-04-27,21:00,-0.001,0.0004
甘伍村3社,42,2026-04-27,21:15,0.0005,0.0004
甘伍村3社,42,2026-04-27,21:30,-0.0008,0.0004
甘伍村3社,42,2026-04-27,21:45,0.0003,0.0005
甘伍村3社,42,2026-04-27,22:00,0.0004,0.0005
甘伍村3社,42,2026-04-27,22:15,-0.0007,0.0005
甘伍村3社,42,2026-04-27,22:30,0.0005,0.0006
甘伍村3社,42,2026-04-27,22:45,0.0009,0.0006
甘伍村3社,42,2026-04-27,23:00,-0.0002,0.0006
甘伍村3社,42,2026-04-27,23:15,0.0003,0.0006
甘伍村3社,42,2026-04-27,23:30,0.0007,0.0006
甘伍村3社,42,2026-04-27,23:45,0.0001,0.0006
甘伍村3社,42,2026-04-28,00:00,0.0005,0.0006
甘伍村3社,42,2026-04-28,00:15,0.0003,0.0006
甘伍村3社,42,2026-04-28,00:30,0.0005,0.0006
甘伍村3社,42,2026-04-28,00:45,0.0007,0.0006
甘伍村3社,42,2026-04-28,01:00,-0.001,0.0006
甘伍村3社,42,2026-04-28,01:15,0.0006,0.0006
甘伍村3社,42,2026-04-28,01:30,0.0011,0.0006
甘伍村3社,42,2026-04-28,01:45,0.0009,0.0006
甘伍村3社,42,2026-04-28,02:00,-0.0007,0.0006
甘伍村3社,42,2026-04-28,02:15,0.0001,0.0006
甘伍村3社,42,2026-04-28,02:30,0.0,0.0006
甘伍村3社,42,2026-04-28,02:45,0.001,0.0006
甘伍村3社,42,2026-04-28,03:00,0.0009,0.0006
甘伍村3社,42,2026-04-28,03:15,0.0011,0.0006
甘伍村3社,42,2026-04-28,03:30,0.0006,0.0006
甘伍村3社,42,2026-04-28,03:45,-0.0007,0.0006
甘伍村3社,42,2026-04-28,04:00,0.0006,0.0006
甘伍村3社,42,2026-04-28,04:15,-0.0002,0.0006
甘伍村3社,42,2026-04-28,04:30,0.0,0.0006
甘伍村3社,42,2026-04-28,04:45,0.0012,0.0006
甘伍村3社,42,2026-04-28,05:00,0.0013,0.0006
甘伍村3社,42,2026-04-28,05:15,-0.0001,0.0006
甘伍村3社,42,2026-04-28,05:30,0.0003,0.0006
甘伍村3社,42,2026-04-28,05:45,0.0006,0.0006
甘伍村3社,42,2026-04-28,06:00,0.0013,0.0006
甘伍村3社,42,2026-04-28,06:15,-0.0,0.0006
甘伍村3社,42,2026-04-28,06:30,0.0007,0.0006
甘伍村3社,42,2026-04-28,06:45,0.0003,0.0006
甘伍村3社,42,2026-04-28,07:00,0.0012,0.0006
甘伍村3社,42,2026-04-28,07:15,0.0011,0.0006
甘伍村3社,42,2026-04-28,07:30,0.0005,0.0005
甘伍村3社,42,2026-04-28,07:45,0.0007,0.0005
甘伍村3社,42,2026-04-28,08:00,0.0018,0.0005
甘伍村3社,42,2026-04-28,08:15,0.0014,0.0005
甘伍村3社,42,2026-04-28,08:30,0.0018,0.0005
甘伍村3社,42,2026-04-28,08:45,0.001,0.0005
甘伍村3社,42,2026-04-28,09:00,0.0033,0.0005
甘伍村3社,42,2026-04-28,09:15,0.0007,0.0005
甘伍村3社,42,2026-04-28,09:30,0.0004,0.0005
甘伍村3社,42,2026-04-28,09:45,0.0004,0.0005
甘伍村3社,42,2026-04-28,10:00,0.005,0.0005
甘伍村3社,42,2026-04-28,10:15,0.0076,0.0005
甘伍村3社,42,2026-04-28,10:30,0.0092,0.0005
甘伍村3社,42,2026-04-28,10:45,0.01,0.0005
甘伍村3社,42,2026-04-28,11:00,0.0097,0.0005
甘伍村3社,42,2026-04-28,11:15,0.014,0.0006
甘伍村3社,42,2026-04-28,11:30,0.0119,0.0006
甘伍村3社,42,2026-04-28,11:45,0.0114,0.0006
甘伍村3社,42,2026-04-28,12:00,0.0087,0.0005
甘伍村3社,42,2026-04-28,12:15,0.0075,0.0006
甘伍村3社,42,2026-04-28,12:30,0.0059,0.0005
甘伍村3社,42,2026-04-28,12:45,0.007,0.0005
甘伍村3社,42,2026-04-28,13:00,0.0045,0.0005
甘伍村3社,42,2026-04-28,13:15,0.0036,0.0005
甘伍村3社,42,2026-04-28,13:30,0.0039,0.0006
甘伍村3社,42,2026-04-28,13:45,0.0049,0.0006
甘伍村3社,42,2026-04-28,14:00,0.0049,0.0005
甘伍村3社,42,2026-04-28,14:15,0.0041,0.0005
甘伍村3社,42,2026-04-28,14:30,0.0035,0.0005
甘伍村3社,42,2026-04-28,14:45,0.002,0.0005
甘伍村3社,42,2026-04-28,15:00,0.0008,0.0005
甘伍村3社,42,2026-04-28,15:15,0.0024,0.0006
甘伍村3社,42,2026-04-28,15:30,0.0011,0.0006
甘伍村3社,42,2026-04-28,15:45,0.0013,0.0006
甘伍村3社,42,2026-04-28,16:00,0.0013,0.0006
甘伍村3社,42,2026-04-28,16:15,0.0011,0.0006
甘伍村3社,42,2026-04-28,16:30,0.0007,0.0006
甘伍村3社,42,2026-04-28,16:45,0.0014,0.0006
甘伍村3社,42,2026-04-28,17:00,0.0011,0.0006
甘伍村3社,42,2026-04-28,17:15,0.0006,0.0006
甘伍村3社,42,2026-04-28,17:30,0.0001,0.001
甘伍村3社,42,2026-04-28,17:45,0.0001,0.001
甘伍村3社,42,2026-04-28,18:00,-0.0004,0.0009
甘伍村3社,42,2026-04-28,18:15,0.0016,0.0009
甘伍村3社,42,2026-04-28,18:30,0.0009,0.0008
甘伍村3社,42,2026-04-28,18:45,-0.001,0.0008
甘伍村3社,42,2026-04-28,19:00,0.0004,0.0006
甘伍村3社,42,2026-04-28,19:15,-0.0004,0.0007
甘伍村3社,42,2026-04-28,19:30,-0.0008,0.0006
甘伍村3社,42,2026-04-28,19:45,0.0007,0.0006
甘伍村3社,42,2026-04-28,20:00,0.0007,0.0006
甘伍村3社,42,2026-04-28,20:15,0.0007,0.0006
甘伍村3社,42,2026-04-28,20:30,-0.0002,0.0006
甘伍村3社,42,2026-04-28,20:45,-0.0002,0.0006
甘伍村3社,42,2026-04-28,21:00,0.0009,0.0006
甘伍村3社,42,2026-04-28,21:15,-0.0005,0.0006
甘伍村3社,42,2026-04-28,21:30,-0.0005,0.0006
甘伍村3社,42,2026-04-28,21:45,-0.0003,0.0006
甘伍村3社,42,2026-04-28,22:00,0.0002,0.0006
甘伍村3社,42,2026-04-28,22:15,-0.0005,0.0006
甘伍村3社,42,2026-04-28,22:30,0.0012,0.0006
甘伍村3社,42,2026-04-28,22:45,0.0001,0.0006
甘伍村3社,42,2026-04-28,23:00,0.0005,0.0006
甘伍村3社,42,2026-04-28,23:15,0.0001,0.0006
甘伍村3社,42,2026-04-28,23:30,0.0017,0.0006
甘伍村3社,42,2026-04-28,23:45,-0.0002,0.0006
甘伍村3社,42,2026-04-29,00:00,0.0005,0.0006
甘伍村3社,42,2026-04-29,00:15,0.0006,0.0006
甘伍村3社,42,2026-04-29,00:30,0.0002,0.0005
甘伍村3社,42,2026-04-29,00:45,-0.0001,0.0005
甘伍村3社,42,2026-04-29,01:00,0.0005,0.0005
甘伍村3社,42,2026-04-29,01:15,0.0001,0.0005
甘伍村3社,42,2026-04-29,01:30,0.0001,0.0005
甘伍村3社,42,2026-04-29,01:45,-0.0001,0.0005
甘伍村3社,42,2026-04-29,02:00,0.0006,0.0005
甘伍村3社,42,2026-04-29,02:15,0.0014,0.0005
甘伍村3社,42,2026-04-29,02:30,0.0004,0.0005
甘伍村3社,42,2026-04-29,02:45,0.0013,0.0005
甘伍村3社,42,2026-04-29,03:00,0.0002,0.0005
甘伍村3社,42,2026-04-29,03:15,0.0002,0.0005
甘伍村3社,42,2026-04-29,03:30,0.0002,0.0005
甘伍村3社,42,2026-04-29,03:45,0.0003,0.0005
甘伍村3社,42,2026-04-29,04:00,-0.0002,0.0005
甘伍村3社,42,2026-04-29,04:15,0.0011,0.0005
甘伍村3社,42,2026-04-29,04:30,-0.0002,0.0005
甘伍村3社,42,2026-04-29,04:45,0.0004,0.0005
甘伍村3社,42,2026-04-29,05:00,0.0009,0.0005
甘伍村3社,42,2026-04-29,05:15,-0.0004,0.0005
甘伍村3社,42,2026-04-29,05:30,0.0006,0.0005
甘伍村3社,42,2026-04-29,05:45,-0.0005,0.0005
甘伍村3社,42,2026-04-29,06:00,-0.001,0.0005
甘伍村3社,42,2026-04-29,06:15,0.0006,0.0005
甘伍村3社,42,2026-04-29,06:30,0.0011,0.0005
甘伍村3社,42,2026-04-29,06:45,-0.0003,0.0005
甘伍村3社,42,2026-04-29,07:00,0.0007,0.0005
甘伍村3社,42,2026-04-29,07:15,0.0008,0.0005
甘伍村3社,42,2026-04-29,07:30,0.0012,0.0005
甘伍村3社,42,2026-04-29,07:45,0.0019,0.0008
甘伍村3社,42,2026-04-29,08:00,0.0015,0.0007
甘伍村3社,42,2026-04-29,08:15,-0.0002,0.0005
甘伍村3社,42,2026-04-29,08:30,0.0016,0.0005
甘伍村3社,42,2026-04-29,08:45,0.0014,0.0005
甘伍村3社,42,2026-04-29,09:00,0.0032,0.0005
甘伍村3社,42,2026-04-29,09:15,0.0013,0.0005
甘伍村3社,42,2026-04-29,09:30,-0.0001,0.0004
甘伍村3社,42,2026-04-29,09:45,0.0022,0.0005
甘伍村3社,42,2026-04-29,10:00,0.0043,0.0005
甘伍村3社,42,2026-04-29,10:15,0.0075,0.0004
甘伍村3社,42,2026-04-29,10:30,0.0086,0.0005
甘伍村3社,42,2026-04-29,10:45,0.0109,0.0005
甘伍村3社,42,2026-04-29,11:00,0.0104,0.0004
甘伍村3社,42,2026-04-29,11:15,0.0139,0.0005
甘伍村3社,42,2026-04-29,11:30,0.0134,0.0005
甘伍村3社,42,2026-04-29,11:45,0.013,0.0004
甘伍村3社,42,2026-04-29,12:00,0.0088,0.0004
甘伍村3社,42,2026-04-29,12:15,0.0066,0.0005
甘伍村3社,42,2026-04-29,12:30,0.0061,0.0005
甘伍村3社,42,2026-04-29,12:45,0.0065,0.0004
甘伍村3社,42,2026-04-29,13:00,0.0029,0.0004
甘伍村3社,42,2026-04-29,13:15,0.0045,0.0004
甘伍村3社,42,2026-04-29,13:30,0.0046,0.0004
甘伍村3社,42,2026-04-29,13:45,0.0039,0.0004
甘伍村3社,42,2026-04-29,14:00,0.0035,0.0004
甘伍村3社,42,2026-04-29,14:15,0.002,0.0004
甘伍村3社,42,2026-04-29,14:30,0.0021,0.0004
甘伍村3社,42,2026-04-29,14:45,0.0016,0.0004
甘伍村3社,42,2026-04-29,15:00,0.001,0.0004
甘伍村3社,42,2026-04-29,15:15,0.0012,0.0004
甘伍村3社,42,2026-04-29,15:30,0.0003,0.0004
甘伍村3社,42,2026-04-29,15:45,0.0005,0.0004
甘伍村3社,42,2026-04-29,16:00,0.0013,0.0004
甘伍村3社,42,2026-04-29,16:15,-0.0008,0.0004
甘伍村3社,42,2026-04-29,16:30,0.0017,0.0004
甘伍村3社,42,2026-04-29,16:45,0.0004,0.0004
甘伍村3社,42,2026-04-29,17:00,0.001,0.0004
甘伍村3社,42,2026-04-29,17:15,0.0003,0.0004
甘伍村3社,42,2026-04-29,17:30,0.0008,0.0004
甘伍村3社,42,2026-04-29,17:45,0.0004,0.0004
甘伍村3社,42,2026-04-29,18:00,0.0001,0.0004
甘伍村3社,42,2026-04-29,18:15,0.0016,0.0004
甘伍村3社,42,2026-04-29,18:30,0.0001,0.0004
甘伍村3社,42,2026-04-29,18:45,0.0001,0.0004
甘伍村3社,42,2026-04-29,19:00,-0.0005,0.0004
甘伍村3社,42,2026-04-29,19:15,0.0004,0.0004
甘伍村3社,42,2026-04-29,19:30,0.0011,0.0004
甘伍村3社,42,2026-04-29,19:45,0.0015,0.0004
甘伍村3社,42,2026-04-29,20:00,0.0012,0.0004
甘伍村3社,42,2026-04-29,20:15,0.0015,0.0004
甘伍村3社,42,2026-04-29,20:30,0.0005,0.0004
甘伍村3社,42,2026-04-29,20:45,-0.0,0.0004
甘伍村3社,42,2026-04-29,21:00,0.0011,0.0004
甘伍村3社,42,2026-04-29,21:15,-0.0003,0.0004
甘伍村3社,42,2026-04-29,21:30,-0.0006,0.0004
甘伍村3社,42,2026-04-29,21:45,0.0008,0.0005
甘伍村3社,42,2026-04-29,22:00,0.0003,0.0004
甘伍村3社,42,2026-04-29,22:15,0.0003,0.0004
甘伍村3社,42,2026-04-29,22:30,0.0016,0.0004
甘伍村3社,42,2026-04-29,22:45,0.0002,0.0004
甘伍村3社,42,2026-04-29,23:00,0.001,0.0004
甘伍村3社,42,2026-04-29,23:15,0.0003,0.0004
甘伍村3社,42,2026-04-29,23:30,-0.0001,0.0004
甘伍村3社,42,2026-04-29,23:45,0.0005,0.0004
马鞍村1社,43,2026-03-06,00:00,0.0368,0.0363
马鞍村1社,43,2026-03-06,00:15,0.0371,0.0252
马鞍村1社,43,2026-03-06,00:30,0.0374,0.0343
马鞍村1社,43,2026-03-06,00:45,0.0339,0.0437
马鞍村1社,43,2026-03-06,01:00,0.0259,0.0344
马鞍村1社,43,2026-03-06,01:15,0.0314,0.0662
马鞍村1社,43,2026-03-06,01:30,0.0285,0.0239
马鞍村1社,43,2026-03-06,01:45,0.0294,0.0287
马鞍村1社,43,2026-03-06,02:00,0.0293,0.0347
马鞍村1社,43,2026-03-06,02:15,0.0313,0.0293
马鞍村1社,43,2026-03-06,02:30,0.028,0.0271
马鞍村1社,43,2026-03-06,02:45,0.0298,0.039
马鞍村1社,43,2026-03-06,03:00,0.0278,0.0283
马鞍村1社,43,2026-03-06,03:15,0.0333,0.0305
马鞍村1社,43,2026-03-06,03:30,0.0347,0.0271
马鞍村1社,43,2026-03-06,03:45,0.0325,0.0385
马鞍村1社,43,2026-03-06,04:00,0.0278,0.0303
马鞍村1社,43,2026-03-06,04:15,0.0272,0.0318
马鞍村1社,43,2026-03-06,04:30,0.0308,0.0355
马鞍村1社,43,2026-03-06,04:45,0.0301,0.0269
马鞍村1社,43,2026-03-06,05:00,0.0377,0.0312
马鞍村1社,43,2026-03-06,05:15,0.0307,0.036
马鞍村1社,43,2026-03-06,05:30,0.0273,0.0207
马鞍村1社,43,2026-03-06,05:45,0.0304,0.0354
马鞍村1社,43,2026-03-06,06:00,0.0245,0.032
马鞍村1社,43,2026-03-06,06:15,0.035,0.0249
马鞍村1社,43,2026-03-06,06:30,0.0394,0.0266
马鞍村1社,43,2026-03-06,06:45,0.0384,0.034
马鞍村1社,43,2026-03-06,07:00,0.0482,0.0305
马鞍村1社,43,2026-03-06,07:15,0.0584,0.0201
马鞍村1社,43,2026-03-06,07:30,0.0582,0.0461
马鞍村1社,43,2026-03-06,07:45,0.0866,0.0646
马鞍村1社,43,2026-03-06,08:00,0.0949,0.0846
马鞍村1社,43,2026-03-06,08:15,0.1091,0.0706
马鞍村1社,43,2026-03-06,08:30,0.1045,0.0685
马鞍村1社,43,2026-03-06,08:45,0.1274,0.0691
马鞍村1社,43,2026-03-06,09:00,0.1146,0.0825
马鞍村1社,43,2026-03-06,09:15,0.092,0.1073
马鞍村1社,43,2026-03-06,09:30,0.0801,0.103
马鞍村1社,43,2026-03-06,09:45,0.0724,0.0706
马鞍村1社,43,2026-03-06,10:00,0.0692,0.0952
马鞍村1社,43,2026-03-06,10:15,0.062,0.0499
马鞍村1社,43,2026-03-06,10:30,0.0467,0.0271
马鞍村1社,43,2026-03-06,10:45,0.0507,0.0315
马鞍村1社,43,2026-03-06,11:00,0.0484,0.0184
马鞍村1社,43,2026-03-06,11:15,0.0452,0.0257
马鞍村1社,43,2026-03-06,11:30,0.0513,0.0283
马鞍村1社,43,2026-03-06,11:45,0.053,0.0172
马鞍村1社,43,2026-03-06,12:00,0.0537,0.0464
马鞍村1社,43,2026-03-06,12:15,0.0514,0.0315
马鞍村1社,43,2026-03-06,12:30,0.0603,0.0775
马鞍村1社,43,2026-03-06,12:45,0.0475,0.0403
马鞍村1社,43,2026-03-06,13:00,0.056,0.0437
马鞍村1社,43,2026-03-06,13:15,0.055,0.0491
马鞍村1社,43,2026-03-06,13:30,0.0606,0.0566
马鞍村1社,43,2026-03-06,13:45,0.0517,0.0638
马鞍村1社,43,2026-03-06,14:00,0.0561,0.0429
马鞍村1社,43,2026-03-06,14:15,0.0495,0.0381
马鞍村1社,43,2026-03-06,14:30,0.0487,0.0448
马鞍村1社,43,2026-03-06,14:45,0.0569,0.0376
马鞍村1社,43,2026-03-06,15:00,0.0581,0.0364
马鞍村1社,43,2026-03-06,15:15,0.0634,0.0791
马鞍村1社,43,2026-03-06,15:30,0.0758,0.0602
马鞍村1社,43,2026-03-06,15:45,0.0736,0.0228
马鞍村1社,43,2026-03-06,16:00,0.0742,0.0741
马鞍村1社,43,2026-03-06,16:15,0.0869,0.0912
马鞍村1社,43,2026-03-06,16:30,0.0962,0.0577
马鞍村1社,43,2026-03-06,16:45,0.0905,0.0443
马鞍村1社,43,2026-03-06,17:00,0.0871,0.1016
马鞍村1社,43,2026-03-06,17:15,0.0922,0.082
马鞍村1社,43,2026-03-06,17:30,0.0975,0.0796
马鞍村1社,43,2026-03-06,17:45,0.0928,0.0694
马鞍村1社,43,2026-03-06,18:00,0.0974,0.1479
马鞍村1社,43,2026-03-06,18:15,0.0928,0.1583
马鞍村1社,43,2026-03-06,18:30,0.0793,0.1189
马鞍村1社,43,2026-03-06,18:45,0.0743,0.0543
马鞍村1社,43,2026-03-06,19:00,0.0677,0.0934
马鞍村1社,43,2026-03-06,19:15,0.0659,0.0795
马鞍村1社,43,2026-03-06,19:30,0.0582,0.0482
马鞍村1社,43,2026-03-06,19:45,0.0628,0.1124
马鞍村1社,43,2026-03-06,20:00,0.0572,0.0505
马鞍村1社,43,2026-03-06,20:15,0.068,0.0443
马鞍村1社,43,2026-03-06,20:30,0.0483,0.048
马鞍村1社,43,2026-03-06,20:45,0.0558,0.0482
马鞍村1社,43,2026-03-06,21:00,0.0487,0.0899
马鞍村1社,43,2026-03-06,21:15,0.0491,0.0515
马鞍村1社,43,2026-03-06,21:30,0.0586,0.0423
马鞍村1社,43,2026-03-06,21:45,0.052,0.0637
马鞍村1社,43,2026-03-06,22:00,0.046,0.0488
马鞍村1社,43,2026-03-06,22:15,0.0434,0.047
马鞍村1社,43,2026-03-06,22:30,0.0473,0.0543
马鞍村1社,43,2026-03-06,22:45,0.0408,0.0518
马鞍村1社,43,2026-03-06,23:00,0.0365,0.0508
马鞍村1社,43,2026-03-06,23:15,0.0382,0.0555
马鞍村1社,43,2026-03-06,23:30,0.0391,0.0506
马鞍村1社,43,2026-03-06,23:45,0.0345,0.0423
马鞍村1社,43,2026-03-07,00:00,0.032,0.0453
马鞍村1社,43,2026-03-07,00:15,0.0367,0.0467
马鞍村1社,43,2026-03-07,00:30,0.0329,0.0438
马鞍村1社,43,2026-03-07,00:45,0.034,0.044
马鞍村1社,43,2026-03-07,01:00,0.0294,0.0439
马鞍村1社,43,2026-03-07,01:15,0.0357,0.0398
马鞍村1社,43,2026-03-07,01:30,0.0329,0.042
马鞍村1社,43,2026-03-07,01:45,0.031,0.0412
马鞍村1社,43,2026-03-07,02:00,0.0312,0.0384
马鞍村1社,43,2026-03-07,02:15,0.034,0.0382
马鞍村1社,43,2026-03-07,02:30,0.0309,0.0336
马鞍村1社,43,2026-03-07,02:45,0.0338,0.0227
马鞍村1社,43,2026-03-07,03:00,0.028,0.0338
马鞍村1社,43,2026-03-07,03:15,0.026,0.0314
马鞍村1社,43,2026-03-07,03:30,0.027,0.0291
马鞍村1社,43,2026-03-07,03:45,0.0332,0.0426
马鞍村1社,43,2026-03-07,04:00,0.0325,0.0346
马鞍村1社,43,2026-03-07,04:15,0.0293,0.0358
马鞍村1社,43,2026-03-07,04:30,0.0279,0.0252
马鞍村1社,43,2026-03-07,04:45,0.0308,0.022
马鞍村1社,43,2026-03-07,05:00,0.0284,0.0351
马鞍村1社,43,2026-03-07,05:15,0.0302,0.0239
马鞍村1社,43,2026-03-07,05:30,0.0268,0.035
马鞍村1社,43,2026-03-07,05:45,0.0308,0.022
马鞍村1社,43,2026-03-07,06:00,0.0328,0.0296
马鞍村1社,43,2026-03-07,06:15,0.029,0.0259
马鞍村1社,43,2026-03-07,06:30,0.029,0.0233
马鞍村1社,43,2026-03-07,06:45,0.0358,0.0429
马鞍村1社,43,2026-03-07,07:00,0.0519,0.0205
马鞍村1社,43,2026-03-07,07:15,0.0616,0.0243
马鞍村1社,43,2026-03-07,07:30,0.0635,0.0625
马鞍村1社,43,2026-03-07,07:45,0.0835,0.0673
马鞍村1社,43,2026-03-07,08:00,0.1001,0.0557
马鞍村1社,43,2026-03-07,08:15,0.1225,0.1171
马鞍村1社,43,2026-03-07,08:30,0.1155,0.1191
马鞍村1社,43,2026-03-07,08:45,0.1152,0.2286
马鞍村1社,43,2026-03-07,09:00,0.1057,0.2197
马鞍村1社,43,2026-03-07,09:15,0.0913,0.1458
马鞍村1社,43,2026-03-07,09:30,0.0796,0.1281
马鞍村1社,43,2026-03-07,09:45,0.0733,0.1174
马鞍村1社,43,2026-03-07,10:00,0.0692,0.1054
马鞍村1社,43,2026-03-07,10:15,0.058,0.042
马鞍村1社,43,2026-03-07,10:30,0.0506,0.0495
马鞍村1社,43,2026-03-07,10:45,0.0472,0.0479
马鞍村1社,43,2026-03-07,11:00,0.0368,0.0228
马鞍村1社,43,2026-03-07,11:15,0.0503,0.0314
马鞍村1社,43,2026-03-07,11:30,0.0482,0.0411
马鞍村1社,43,2026-03-07,11:45,0.0496,0.0618
马鞍村1社,43,2026-03-07,12:00,0.0542,0.0444
马鞍村1社,43,2026-03-07,12:15,0.0533,0.0513
马鞍村1社,43,2026-03-07,12:30,0.0635,0.0772
马鞍村1社,43,2026-03-07,12:45,0.0535,0.027
马鞍村1社,43,2026-03-07,13:00,0.0493,0.0368
马鞍村1社,43,2026-03-07,13:15,0.055,0.0568
马鞍村1社,43,2026-03-07,13:30,0.0507,0.0724
马鞍村1社,43,2026-03-07,13:45,0.0507,0.056
马鞍村1社,43,2026-03-07,14:00,0.0545,0.0276
马鞍村1社,43,2026-03-07,14:15,0.046,0.0546
马鞍村1社,43,2026-03-07,14:30,0.0529,0.076
马鞍村1社,43,2026-03-07,14:45,0.0568,0.0716
马鞍村1社,43,2026-03-07,15:00,0.065,0.0297
马鞍村1社,43,2026-03-07,15:15,0.0647,0.0476
马鞍村1社,43,2026-03-07,15:30,0.0681,0.0452
马鞍村1社,43,2026-03-07,15:45,0.0688,0.0591
马鞍村1社,43,2026-03-07,16:00,0.0772,0.049
马鞍村1社,43,2026-03-07,16:15,0.0814,0.0491
马鞍村1社,43,2026-03-07,16:30,0.0875,0.0491
马鞍村1社,43,2026-03-07,16:45,0.0986,0.0554
马鞍村1社,43,2026-03-07,17:00,0.0887,0.0458
马鞍村1社,43,2026-03-07,17:15,0.0975,0.0442
马鞍村1社,43,2026-03-07,17:30,0.1114,0.0707
马鞍村1社,43,2026-03-07,17:45,0.0921,0.1244
马鞍村1社,43,2026-03-07,18:00,0.099,0.1474
马鞍村1社,43,2026-03-07,18:15,0.0855,0.1327
马鞍村1社,43,2026-03-07,18:30,0.0783,0.0864
马鞍村1社,43,2026-03-07,18:45,0.0685,0.056
马鞍村1社,43,2026-03-07,19:00,0.064,0.0816
马鞍村1社,43,2026-03-07,19:15,0.0674,0.052
马鞍村1社,43,2026-03-07,19:30,0.0568,0.0679
马鞍村1社,43,2026-03-07,19:45,0.0605,0.073
马鞍村1社,43,2026-03-07,20:00,0.0642,0.072
马鞍村1社,43,2026-03-07,20:15,0.0748,0.0761
马鞍村1社,43,2026-03-07,20:30,0.057,0.0489
马鞍村1社,43,2026-03-07,20:45,0.0536,0.0893
马鞍村1社,43,2026-03-07,21:00,0.0576,0.0458
马鞍村1社,43,2026-03-07,21:15,0.055,0.0411
马鞍村1社,43,2026-03-07,21:30,0.0564,0.0781
马鞍村1社,43,2026-03-07,21:45,0.042,0.0489
马鞍村1社,43,2026-03-07,22:00,0.0472,0.0494
马鞍村1社,43,2026-03-07,22:15,0.0456,0.0599
马鞍村1社,43,2026-03-07,22:30,0.0433,0.0605
马鞍村1社,43,2026-03-07,22:45,0.0363,0.0387
马鞍村1社,43,2026-03-07,23:00,0.0397,0.0463
马鞍村1社,43,2026-03-07,23:15,0.0381,0.0502
马鞍村1社,43,2026-03-07,23:30,0.0457,0.0356
马鞍村1社,43,2026-03-07,23:45,0.0345,0.0495
马鞍村1社,43,2026-03-08,00:00,0.0363,0.0383
马鞍村1社,43,2026-03-08,00:15,0.0386,0.0337
马鞍村1社,43,2026-03-08,00:30,0.0422,0.0326
马鞍村1社,43,2026-03-08,00:45,0.0297,0.0461
马鞍村1社,43,2026-03-08,01:00,0.03,0.0369
马鞍村1社,43,2026-03-08,01:15,0.0334,0.0411
马鞍村1社,43,2026-03-08,01:30,0.0339,0.04
马鞍村1社,43,2026-03-08,01:45,0.0324,0.0367
马鞍村1社,43,2026-03-08,02:00,0.0281,0.0431
马鞍村1社,43,2026-03-08,02:15,0.0361,0.0386
马鞍村1社,43,2026-03-08,02:30,0.0296,0.0382
马鞍村1社,43,2026-03-08,02:45,0.0344,0.0395
马鞍村1社,43,2026-03-08,03:00,0.0302,0.0357
马鞍村1社,43,2026-03-08,03:15,0.0349,0.0315
马鞍村1社,43,2026-03-08,03:30,0.023,0.0381
马鞍村1社,43,2026-03-08,03:45,0.0282,0.0351
马鞍村1社,43,2026-03-08,04:00,0.0281,0.0365
马鞍村1社,43,2026-03-08,04:15,0.0292,0.0328
马鞍村1社,43,2026-03-08,04:30,0.0319,0.0252
马鞍村1社,43,2026-03-08,04:45,0.0298,0.0372
马鞍村1社,43,2026-03-08,05:00,0.0314,0.0245
马鞍村1社,43,2026-03-08,05:15,0.0289,0.0251
马鞍村1社,43,2026-03-08,05:30,0.0282,0.0247
马鞍村1社,43,2026-03-08,05:45,0.0275,0.0317
马鞍村1社,43,2026-03-08,06:00,0.0285,0.0719
马鞍村1社,43,2026-03-08,06:15,0.0304,0.0368
马鞍村1社,43,2026-03-08,06:30,0.0358,0.0191
马鞍村1社,43,2026-03-08,06:45,0.0333,0.0382
马鞍村1社,43,2026-03-08,07:00,0.0449,0.0311
马鞍村1社,43,2026-03-08,07:15,0.0596,0.0897
马鞍村1社,43,2026-03-08,07:30,0.0599,0.1282
马鞍村1社,43,2026-03-08,07:45,0.0906,0.0913
马鞍村1社,43,2026-03-08,08:00,0.102,0.0918
马鞍村1社,43,2026-03-08,08:15,0.1135,0.0448
马鞍村1社,43,2026-03-08,08:30,0.1204,0.0515
马鞍村1社,43,2026-03-08,08:45,0.1191,0.0723
马鞍村1社,43,2026-03-08,09:00,0.1116,0.1198
马鞍村1社,43,2026-03-08,09:15,0.1027,0.1178
马鞍村1社,43,2026-03-08,09:30,0.0865,0.1077
马鞍村1社,43,2026-03-08,09:45,0.0846,0.1003
马鞍村1社,43,2026-03-08,10:00,0.0739,0.1161
马鞍村1社,43,2026-03-08,10:15,0.053,0.0497
马鞍村1社,43,2026-03-08,10:30,0.0513,0.1025
马鞍村1社,43,2026-03-08,10:45,0.0494,0.1349
马鞍村1社,43,2026-03-08,11:00,0.0545,0.0919
马鞍村1社,43,2026-03-08,11:15,0.0482,0.0639
马鞍村1社,43,2026-03-08,11:30,0.0469,0.0477
马鞍村1社,43,2026-03-08,11:45,0.0547,0.0772
马鞍村1社,43,2026-03-08,12:00,0.0551,0.0449
马鞍村1社,43,2026-03-08,12:15,0.056,0.0702
马鞍村1社,43,2026-03-08,12:30,0.0486,0.0683
马鞍村1社,43,2026-03-08,12:45,0.0539,0.0844
马鞍村1社,43,2026-03-08,13:00,0.0604,0.045
马鞍村1社,43,2026-03-08,13:15,0.0543,0.0617
马鞍村1社,43,2026-03-08,13:30,0.0609,0.0539
马鞍村1社,43,2026-03-08,13:45,0.0514,0.0405
马鞍村1社,43,2026-03-08,14:00,0.0548,0.0543
马鞍村1社,43,2026-03-08,14:15,0.0518,0.0412
马鞍村1社,43,2026-03-08,14:30,0.0504,0.0367
马鞍村1社,43,2026-03-08,14:45,0.0535,0.0345
马鞍村1社,43,2026-03-08,15:00,0.0646,0.053
马鞍村1社,43,2026-03-08,15:15,0.0616,0.1115
马鞍村1社,43,2026-03-08,15:30,0.0708,0.0281
马鞍村1社,43,2026-03-08,15:45,0.0685,0.036
马鞍村1社,43,2026-03-08,16:00,0.078,0.0437
马鞍村1社,43,2026-03-08,16:15,0.0908,0.0752
马鞍村1社,43,2026-03-08,16:30,0.0968,0.0272
马鞍村1社,43,2026-03-08,16:45,0.0908,0.0284
马鞍村1社,43,2026-03-08,17:00,0.0874,0.0545
马鞍村1社,43,2026-03-08,17:15,0.1131,0.0833
马鞍村1社,43,2026-03-08,17:30,0.0966,0.0868
马鞍村1社,43,2026-03-08,17:45,0.0937,0.0978
马鞍村1社,43,2026-03-08,18:00,0.1007,0.0768
马鞍村1社,43,2026-03-08,18:15,0.0921,0.0704
马鞍村1社,43,2026-03-08,18:30,0.079,0.0636
马鞍村1社,43,2026-03-08,18:45,0.0769,0.0379
马鞍村1社,43,2026-03-08,19:00,0.0682,0.0542
马鞍村1社,43,2026-03-08,19:15,0.0559,0.0677
马鞍村1社,43,2026-03-08,19:30,0.0609,0.0493
马鞍村1社,43,2026-03-08,19:45,0.0681,0.0369
马鞍村1社,43,2026-03-08,20:00,0.0624,0.0314
马鞍村1社,43,2026-03-08,20:15,0.0722,0.0745
马鞍村1社,43,2026-03-08,20:30,0.0518,0.0515
马鞍村1社,43,2026-03-08,20:45,0.0614,0.0266
马鞍村1社,43,2026-03-08,21:00,0.0525,0.0584
马鞍村1社,43,2026-03-08,21:15,0.0512,0.0297
马鞍村1社,43,2026-03-08,21:30,0.0511,0.0456
马鞍村1社,43,2026-03-08,21:45,0.0462,0.0452
马鞍村1社,43,2026-03-08,22:00,0.0401,0.0247
马鞍村1社,43,2026-03-08,22:15,0.0409,0.0408
马鞍村1社,43,2026-03-08,22:30,0.049,0.0454
马鞍村1社,43,2026-03-08,22:45,0.0364,0.0303
马鞍村1社,43,2026-03-08,23:00,0.0409,0.0509
马鞍村1社,43,2026-03-08,23:15,0.0368,0.0371
马鞍村1社,43,2026-03-08,23:30,0.0385,0.0364
马鞍村1社,43,2026-03-08,23:45,0.0383,0.0283
幸福村4社,44,2026-02-16,00:00,0.0006,0.0015
幸福村4社,44,2026-02-16,00:15,0.0003,0.001
幸福村4社,44,2026-02-16,00:30,0.0006,0.0009
幸福村4社,44,2026-02-16,00:45,0.0007,0.0009
幸福村4社,44,2026-02-16,01:00,0.0013,0.0009
幸福村4社,44,2026-02-16,01:15,0.0006,0.0009
幸福村4社,44,2026-02-16,01:30,0.0003,0.0009
幸福村4社,44,2026-02-16,01:45,-0.0,0.0008
幸福村4社,44,2026-02-16,02:00,0.0003,0.0008
幸福村4社,44,2026-02-16,02:15,0.0006,0.0008
幸福村4社,44,2026-02-16,02:30,0.0006,0.0008
幸福村4社,44,2026-02-16,02:45,0.0002,0.0008
幸福村4社,44,2026-02-16,03:00,0.0005,0.0008
幸福村4社,44,2026-02-16,03:15,0.0004,0.0008
幸福村4社,44,2026-02-16,03:30,0.0009,0.0008
幸福村4社,44,2026-02-16,03:45,0.0008,0.0008
幸福村4社,44,2026-02-16,04:00,0.0004,0.0008
幸福村4社,44,2026-02-16,04:15,0.0005,0.0008
幸福村4社,44,2026-02-16,04:30,0.0009,0.0008
幸福村4社,44,2026-02-16,04:45,0.0011,0.0008
幸福村4社,44,2026-02-16,05:00,0.0001,0.0008
幸福村4社,44,2026-02-16,05:15,0.0009,0.0008
幸福村4社,44,2026-02-16,05:30,0.001,0.0008
幸福村4社,44,2026-02-16,05:45,0.0005,0.0008
幸福村4社,44,2026-02-16,06:00,0.0006,0.0008
幸福村4社,44,2026-02-16,06:15,0.0009,0.0008
幸福村4社,44,2026-02-16,06:30,0.0015,0.0008
幸福村4社,44,2026-02-16,06:45,0.0008,0.0008
幸福村4社,44,2026-02-16,07:00,0.0013,0.0008
幸福村4社,44,2026-02-16,07:15,0.0015,0.0009
幸福村4社,44,2026-02-16,07:30,0.0015,0.0009
幸福村4社,44,2026-02-16,07:45,0.0022,0.0008
幸福村4社,44,2026-02-16,08:00,0.002,0.0004
幸福村4社,44,2026-02-16,08:15,0.0013,0.0004
幸福村4社,44,2026-02-16,08:30,0.0015,0.0004
幸福村4社,44,2026-02-16,08:45,0.0017,0.0004
幸福村4社,44,2026-02-16,09:00,0.0018,0.0004
幸福村4社,44,2026-02-16,09:15,0.0006,0.0144
幸福村4社,44,2026-02-16,09:30,0.0009,0.0142
幸福村4社,44,2026-02-16,09:45,0.0004,0.0004
幸福村4社,44,2026-02-16,10:00,0.0012,0.0005
幸福村4社,44,2026-02-16,10:15,0.0021,0.0005
幸福村4社,44,2026-02-16,10:30,0.0008,0.0006
幸福村4社,44,2026-02-16,10:45,0.0019,0.0005
幸福村4社,44,2026-02-16,11:00,0.0015,0.0005
幸福村4社,44,2026-02-16,11:15,0.0014,0.0005
幸福村4社,44,2026-02-16,11:30,0.0016,0.0004
幸福村4社,44,2026-02-16,11:45,0.0016,0.0004
幸福村4社,44,2026-02-16,12:00,0.0017,0.0004
幸福村4社,44,2026-02-16,12:15,0.0008,0.0004
幸福村4社,44,2026-02-16,12:30,0.0012,0.0004
幸福村4社,44,2026-02-16,12:45,0.0009,0.0004
幸福村4社,44,2026-02-16,13:00,0.0009,0.0004
幸福村4社,44,2026-02-16,13:15,0.0007,0.0004
幸福村4社,44,2026-02-16,13:30,0.0012,0.0004
幸福村4社,44,2026-02-16,13:45,0.0012,0.0004
幸福村4社,44,2026-02-16,14:00,0.0011,0.0004
幸福村4社,44,2026-02-16,14:15,0.0008,0.0004
幸福村4社,44,2026-02-16,14:30,0.0008,0.0004
幸福村4社,44,2026-02-16,14:45,0.0006,0.0004
幸福村4社,44,2026-02-16,15:00,0.0006,0.0004
幸福村4社,44,2026-02-16,15:15,0.0005,0.0004
幸福村4社,44,2026-02-16,15:30,0.0009,0.0253
幸福村4社,44,2026-02-16,15:45,0.0006,0.0006
幸福村4社,44,2026-02-16,16:00,0.0006,0.0006
幸福村4社,44,2026-02-16,16:15,0.0007,0.0004
幸福村4社,44,2026-02-16,16:30,0.002,0.0004
幸福村4社,44,2026-02-16,16:45,0.0007,0.0004
幸福村4社,44,2026-02-16,17:00,0.001,0.0004
幸福村4社,44,2026-02-16,17:15,0.0008,0.0004
幸福村4社,44,2026-02-16,17:30,0.001,0.0004
幸福村4社,44,2026-02-16,17:45,0.0011,0.0004
幸福村4社,44,2026-02-16,18:00,0.0001,0.0006
幸福村4社,44,2026-02-16,18:15,0.0002,0.0006
幸福村4社,44,2026-02-16,18:30,0.0005,0.0006
幸福村4社,44,2026-02-16,18:45,0.0006,0.0006
幸福村4社,44,2026-02-16,19:00,0.001,0.0004
幸福村4社,44,2026-02-16,19:15,0.002,0.0005
幸福村4社,44,2026-02-16,19:30,0.0016,0.0007
幸福村4社,44,2026-02-16,19:45,0.002,0.0015
幸福村4社,44,2026-02-16,20:00,0.0027,0.0018
幸福村4社,44,2026-02-16,20:15,0.0009,0.0023
幸福村4社,44,2026-02-16,20:30,0.0007,0.0021
幸福村4社,44,2026-02-16,20:45,0.0013,0.0024
幸福村4社,44,2026-02-16,21:00,0.0018,0.0024
幸福村4社,44,2026-02-16,21:15,0.0011,0.0024
幸福村4社,44,2026-02-16,21:30,0.001,0.0023
幸福村4社,44,2026-02-16,21:45,0.0015,0.0024
幸福村4社,44,2026-02-16,22:00,0.0013,0.0023
幸福村4社,44,2026-02-16,22:15,0.002,0.0021
幸福村4社,44,2026-02-16,22:30,0.0011,0.0017
幸福村4社,44,2026-02-16,22:45,0.0006,0.0018
幸福村4社,44,2026-02-16,23:00,0.0008,0.0018
幸福村4社,44,2026-02-16,23:15,0.0013,0.0017
幸福村4社,44,2026-02-16,23:30,0.0008,0.0017
幸福村4社,44,2026-02-16,23:45,0.0007,0.0009
幸福村4社,44,2026-02-17,00:00,0.001,0.0008
幸福村4社,44,2026-02-17,00:15,0.0005,0.0008
幸福村4社,44,2026-02-17,00:30,0.0007,0.0008
幸福村4社,44,2026-02-17,00:45,0.0005,0.0008
幸福村4社,44,2026-02-17,01:00,0.0005,0.0011
幸福村4社,44,2026-02-17,01:15,0.0006,0.0013
幸福村4社,44,2026-02-17,01:30,0.0012,0.0013
幸福村4社,44,2026-02-17,01:45,0.0007,0.0009
幸福村4社,44,2026-02-17,02:00,0.0001,0.0009
幸福村4社,44,2026-02-17,02:15,0.0006,0.0009
幸福村4社,44,2026-02-17,02:30,0.0005,0.0009
幸福村4社,44,2026-02-17,02:45,0.0004,0.0009
幸福村4社,44,2026-02-17,03:00,0.0007,0.0009
幸福村4社,44,2026-02-17,03:15,0.0003,0.0009
幸福村4社,44,2026-02-17,03:30,0.001,0.0009
幸福村4社,44,2026-02-17,03:45,0.0004,0.0009
幸福村4社,44,2026-02-17,04:00,0.0009,0.0009
幸福村4社,44,2026-02-17,04:15,0.0004,0.0009
幸福村4社,44,2026-02-17,04:30,0.0004,0.0009
幸福村4社,44,2026-02-17,04:45,0.0011,0.0009
幸福村4社,44,2026-02-17,05:00,0.0008,0.0009
幸福村4社,44,2026-02-17,05:15,0.0007,0.0009
幸福村4社,44,2026-02-17,05:30,0.0004,0.0009
幸福村4社,44,2026-02-17,05:45,0.0007,0.0009
幸福村4社,44,2026-02-17,06:00,0.0007,0.0009
幸福村4社,44,2026-02-17,06:15,0.0002,0.0009
幸福村4社,44,2026-02-17,06:30,0.0008,0.0009
幸福村4社,44,2026-02-17,06:45,0.0007,0.0009
幸福村4社,44,2026-02-17,07:00,0.0006,0.0009
幸福村4社,44,2026-02-17,07:15,0.0006,0.0009
幸福村4社,44,2026-02-17,07:30,0.0006,0.001
幸福村4社,44,2026-02-17,07:45,0.0022,0.0096
幸福村4社,44,2026-02-17,08:00,0.0014,0.0004
幸福村4社,44,2026-02-17,08:15,0.0015,0.0004
幸福村4社,44,2026-02-17,08:30,0.0026,0.0004
幸福村4社,44,2026-02-17,08:45,0.0008,0.0004
幸福村4社,44,2026-02-17,09:00,0.001,0.0004
幸福村4社,44,2026-02-17,09:15,0.0015,0.0004
幸福村4社,44,2026-02-17,09:30,0.0012,0.0004
幸福村4社,44,2026-02-17,09:45,0.0007,0.0004
幸福村4社,44,2026-02-17,10:00,0.001,0.0004
幸福村4社,44,2026-02-17,10:15,0.0016,0.0004
幸福村4社,44,2026-02-17,10:30,0.0012,0.0004
幸福村4社,44,2026-02-17,10:45,0.0014,0.0004
幸福村4社,44,2026-02-17,11:00,0.0018,0.0004
幸福村4社,44,2026-02-17,11:15,0.0013,0.0009
幸福村4社,44,2026-02-17,11:30,0.0023,0.0015
幸福村4社,44,2026-02-17,11:45,0.0021,0.0015
幸福村4社,44,2026-02-17,12:00,0.0009,0.0015
幸福村4社,44,2026-02-17,12:15,0.0009,0.0015
幸福村4社,44,2026-02-17,12:30,0.0008,0.001
幸福村4社,44,2026-02-17,12:45,0.0013,0.001
幸福村4社,44,2026-02-17,13:00,0.0004,0.001
幸福村4社,44,2026-02-17,13:15,0.0006,0.001
幸福村4社,44,2026-02-17,13:30,0.001,0.0004
幸福村4社,44,2026-02-17,13:45,0.0011,0.001
幸福村4社,44,2026-02-17,14:00,0.0011,0.001
幸福村4社,44,2026-02-17,14:15,0.0008,0.0004
幸福村4社,44,2026-02-17,14:30,0.0004,0.0004
幸福村4社,44,2026-02-17,14:45,0.0004,0.0004
幸福村4社,44,2026-02-17,15:00,0.0007,0.0004
幸福村4社,44,2026-02-17,15:15,0.0006,0.0004
幸福村4社,44,2026-02-17,15:30,0.0009,0.0004
幸福村4社,44,2026-02-17,15:45,0.0001,0.0009
幸福村4社,44,2026-02-17,16:00,0.0015,0.0009
幸福村4社,44,2026-02-17,16:15,0.0015,0.0009
幸福村4社,44,2026-02-17,16:30,0.0006,0.0009
幸福村4社,44,2026-02-17,16:45,0.0013,0.0009
幸福村4社,44,2026-02-17,17:00,0.0005,0.0009
幸福村4社,44,2026-02-17,17:15,0.0007,0.0004
幸福村4社,44,2026-02-17,17:30,0.0011,0.0145
幸福村4社,44,2026-02-17,17:45,0.0008,0.0143
幸福村4社,44,2026-02-17,18:00,0.0002,0.0006
幸福村4社,44,2026-02-17,18:15,0.0008,0.0004
幸福村4社,44,2026-02-17,18:30,0.001,0.0004
幸福村4社,44,2026-02-17,18:45,0.0005,0.0004
幸福村4社,44,2026-02-17,19:00,0.0016,0.0004
幸福村4社,44,2026-02-17,19:15,0.0016,0.0007
幸福村4社,44,2026-02-17,19:30,0.002,0.0109
幸福村4社,44,2026-02-17,19:45,0.0023,0.0022
幸福村4社,44,2026-02-17,20:00,0.0016,0.0023
幸福村4社,44,2026-02-17,20:15,0.002,0.0022
幸福村4社,44,2026-02-17,20:30,0.0014,0.0023
幸福村4社,44,2026-02-17,20:45,0.0015,0.002
幸福村4社,44,2026-02-17,21:00,0.0014,0.0018
幸福村4社,44,2026-02-17,21:15,0.0017,0.002
幸福村4社,44,2026-02-17,21:30,0.0009,0.0018
幸福村4社,44,2026-02-17,21:45,0.0016,0.0019
幸福村4社,44,2026-02-17,22:00,0.0015,0.0014
幸福村4社,44,2026-02-17,22:15,0.0013,0.0014
幸福村4社,44,2026-02-17,22:30,0.0011,0.0013
幸福村4社,44,2026-02-17,22:45,0.0002,0.0013
幸福村4社,44,2026-02-17,23:00,0.0011,0.0012
幸福村4社,44,2026-02-17,23:15,0.0007,0.0005
幸福村4社,44,2026-02-17,23:30,0.0011,0.0005
幸福村4社,44,2026-02-17,23:45,0.0015,0.0005
幸福村4社,44,2026-02-18,00:00,0.001,0.0005
幸福村4社,44,2026-02-18,00:15,0.0007,0.0005
幸福村4社,44,2026-02-18,00:30,0.0007,0.0005
幸福村4社,44,2026-02-18,00:45,0.0005,0.0005
幸福村4社,44,2026-02-18,01:00,0.0002,0.0004
幸福村4社,44,2026-02-18,01:15,0.0003,0.0004
幸福村4社,44,2026-02-18,01:30,0.0009,0.0004
幸福村4社,44,2026-02-18,01:45,0.0008,0.0004
幸福村4社,44,2026-02-18,02:00,0.0006,0.0004
幸福村4社,44,2026-02-18,02:15,0.0002,0.0004
幸福村4社,44,2026-02-18,02:30,0.0006,0.0004
幸福村4社,44,2026-02-18,02:45,0.0007,0.0004
幸福村4社,44,2026-02-18,03:00,0.0004,0.0004
幸福村4社,44,2026-02-18,03:15,0.0005,0.0004
幸福村4社,44,2026-02-18,03:30,0.0009,0.0004
幸福村4社,44,2026-02-18,03:45,0.0005,0.0004
幸福村4社,44,2026-02-18,04:00,0.0006,0.0004
幸福村4社,44,2026-02-18,04:15,0.0007,0.0004
幸福村4社,44,2026-02-18,04:30,-0.0002,0.0004
幸福村4社,44,2026-02-18,04:45,0.001,0.0004
幸福村4社,44,2026-02-18,05:00,0.0008,0.0004
幸福村4社,44,2026-02-18,05:15,0.0009,0.0004
幸福村4社,44,2026-02-18,05:30,0.0009,0.0004
幸福村4社,44,2026-02-18,05:45,0.0005,0.0004
幸福村4社,44,2026-02-18,06:00,0.0006,0.0004
幸福村4社,44,2026-02-18,06:15,0.0,0.0004
幸福村4社,44,2026-02-18,06:30,0.0008,0.0004
幸福村4社,44,2026-02-18,06:45,0.0001,0.0004
幸福村4社,44,2026-02-18,07:00,0.0008,0.0004
幸福村4社,44,2026-02-18,07:15,0.0005,0.0004
幸福村4社,44,2026-02-18,07:30,0.0015,0.0004
幸福村4社,44,2026-02-18,07:45,0.002,0.0004
幸福村4社,44,2026-02-18,08:00,0.0018,0.0008
幸福村4社,44,2026-02-18,08:15,0.0001,0.0004
幸福村4社,44,2026-02-18,08:30,0.0023,0.0004
幸福村4社,44,2026-02-18,08:45,0.0025,0.0142
幸福村4社,44,2026-02-18,09:00,0.0013,0.0009
幸福村4社,44,2026-02-18,09:15,0.0015,0.0009
幸福村4社,44,2026-02-18,09:30,0.0007,0.0009
幸福村4社,44,2026-02-18,09:45,0.0012,0.0008
幸福村4社,44,2026-02-18,10:00,0.0019,0.0003
幸福村4社,44,2026-02-18,10:15,0.0017,0.0003
幸福村4社,44,2026-02-18,10:30,0.0013,0.0004
幸福村4社,44,2026-02-18,10:45,0.0017,0.0004
幸福村4社,44,2026-02-18,11:00,0.0025,0.0004
幸福村4社,44,2026-02-18,11:15,0.0019,0.0003
幸福村4社,44,2026-02-18,11:30,0.0018,0.0003
幸福村4社,44,2026-02-18,11:45,0.0029,0.0003
幸福村4社,44,2026-02-18,12:00,0.0009,0.0003
幸福村4社,44,2026-02-18,12:15,0.0016,0.0009
幸福村4社,44,2026-02-18,12:30,0.001,0.0009
幸福村4社,44,2026-02-18,12:45,0.001,0.0009
幸福村4社,44,2026-02-18,13:00,0.0012,0.0009
幸福村4社,44,2026-02-18,13:15,0.0013,0.0009
幸福村4社,44,2026-02-18,13:30,0.0018,0.0009
幸福村4社,44,2026-02-18,13:45,0.0005,0.0009
幸福村4社,44,2026-02-18,14:00,0.0012,0.0009
幸福村4社,44,2026-02-18,14:15,0.0003,0.0009
幸福村4社,44,2026-02-18,14:30,0.0004,0.0009
幸福村4社,44,2026-02-18,14:45,0.0003,0.0008
幸福村4社,44,2026-02-18,15:00,0.0005,0.0148
幸福村4社,44,2026-02-18,15:15,0.0012,0.0235
幸福村4社,44,2026-02-18,15:30,0.0013,0.0004
幸福村4社,44,2026-02-18,15:45,0.0011,0.0004
幸福村4社,44,2026-02-18,16:00,0.0006,0.0011
幸福村4社,44,2026-02-18,16:15,0.0013,0.001
幸福村4社,44,2026-02-18,16:30,0.0011,0.0006
幸福村4社,44,2026-02-18,16:45,0.0008,0.0006
幸福村4社,44,2026-02-18,17:00,0.0006,0.0006
幸福村4社,44,2026-02-18,17:15,0.0008,0.0006
幸福村4社,44,2026-02-18,17:30,0.0012,0.0006
幸福村4社,44,2026-02-18,17:45,0.0012,0.0145
幸福村4社,44,2026-02-18,18:00,0.0003,0.0145
幸福村4社,44,2026-02-18,18:15,0.0003,0.001
幸福村4社,44,2026-02-18,18:30,0.0012,0.0011
幸福村4社,44,2026-02-18,18:45,0.001,0.0011
幸福村4社,44,2026-02-18,19:00,0.0013,0.0011
幸福村4社,44,2026-02-18,19:15,0.0016,0.0011
幸福村4社,44,2026-02-18,19:30,0.0013,0.0263
幸福村4社,44,2026-02-18,19:45,0.0019,0.0021
幸福村4社,44,2026-02-18,20:00,0.0024,0.0022
幸福村4社,44,2026-02-18,20:15,0.0012,0.0021
幸福村4社,44,2026-02-18,20:30,0.0022,0.0021
幸福村4社,44,2026-02-18,20:45,0.0024,0.002
幸福村4社,44,2026-02-18,21:00,0.0021,0.002
幸福村4社,44,2026-02-18,21:15,0.0009,0.0019
幸福村4社,44,2026-02-18,21:30,0.0007,0.0015
幸福村4社,44,2026-02-18,21:45,0.0016,0.0015
幸福村4社,44,2026-02-18,22:00,0.0014,0.0023
幸福村4社,44,2026-02-18,22:15,0.0013,0.0021
幸福村4社,44,2026-02-18,22:30,0.0008,0.002
幸福村4社,44,2026-02-18,22:45,0.0006,0.0019
幸福村4社,44,2026-02-18,23:00,0.0014,0.0019
幸福村4社,44,2026-02-18,23:15,0.0007,0.0014
幸福村4社,44,2026-02-18,23:30,0.0009,0.0013
幸福村4社,44,2026-02-18,23:45,0.0012,0.0012
甘伍村3社,45,2026-02-07,00:00,0.0017,0.0005
甘伍村3社,45,2026-02-07,00:15,0.0014,0.0005
甘伍村3社,45,2026-02-07,00:30,0.0007,0.0005
甘伍村3社,45,2026-02-07,00:45,0.0007,0.0005
甘伍村3社,45,2026-02-07,01:00,-0.0006,0.0005
甘伍村3社,45,2026-02-07,01:15,0.0003,0.0005
甘伍村3社,45,2026-02-07,01:30,0.0006,0.0005
甘伍村3社,45,2026-02-07,01:45,0.0009,0.0005
甘伍村3社,45,2026-02-07,02:00,0.0004,0.0005
甘伍村3社,45,2026-02-07,02:15,0.0006,0.0005
甘伍村3社,45,2026-02-07,02:30,0.0002,0.0005
甘伍村3社,45,2026-02-07,02:45,0.0013,0.0005
甘伍村3社,45,2026-02-07,03:00,0.0009,0.0005
甘伍村3社,45,2026-02-07,03:15,0.0005,0.0005
甘伍村3社,45,2026-02-07,03:30,0.0006,0.0005
甘伍村3社,45,2026-02-07,03:45,-0.0001,0.0005
甘伍村3社,45,2026-02-07,04:00,0.0003,0.0005
甘伍村3社,45,2026-02-07,04:15,0.0002,0.0005
甘伍村3社,45,2026-02-07,04:30,0.0002,0.0005
甘伍村3社,45,2026-02-07,04:45,0.0002,0.0005
甘伍村3社,45,2026-02-07,05:00,0.0009,0.0005
甘伍村3社,45,2026-02-07,05:15,0.0004,0.0005
甘伍村3社,45,2026-02-07,05:30,0.0005,0.0005
甘伍村3社,45,2026-02-07,05:45,-0.0003,0.0005
甘伍村3社,45,2026-02-07,06:00,0.001,0.0005
甘伍村3社,45,2026-02-07,06:15,-0.0001,0.0005
甘伍村3社,45,2026-02-07,06:30,-0.0006,0.0005
甘伍村3社,45,2026-02-07,06:45,0.0005,0.0005
甘伍村3社,45,2026-02-07,07:00,-0.0004,0.0005
甘伍村3社,45,2026-02-07,07:15,-0.0009,0.0005
甘伍村3社,45,2026-02-07,07:30,0.0011,0.0005
甘伍村3社,45,2026-02-07,07:45,0.0011,0.0005
甘伍村3社,45,2026-02-07,08:00,0.0003,0.0005
甘伍村3社,45,2026-02-07,08:15,0.0014,0.0005
甘伍村3社,45,2026-02-07,08:30,0.0021,0.0005
甘伍村3社,45,2026-02-07,08:45,0.0012,0.0005
甘伍村3社,45,2026-02-07,09:00,0.0031,0.0005
甘伍村3社,45,2026-02-07,09:15,0.0035,0.0005
甘伍村3社,45,2026-02-07,09:30,0.0039,0.0005
甘伍村3社,45,2026-02-07,09:45,0.0037,0.0005
甘伍村3社,45,2026-02-07,10:00,0.0075,0.0005
甘伍村3社,45,2026-02-07,10:15,0.0079,0.0005
甘伍村3社,45,2026-02-07,10:30,0.0107,0.0005
甘伍村3社,45,2026-02-07,10:45,0.0115,0.0005
甘伍村3社,45,2026-02-07,11:00,0.01,0.0005
甘伍村3社,45,2026-02-07,11:15,0.0125,0.0005
甘伍村3社,45,2026-02-07,11:30,0.0122,0.0005
甘伍村3社,45,2026-02-07,11:45,0.0119,0.0005
甘伍村3社,45,2026-02-07,12:00,0.0084,0.0005
甘伍村3社,45,2026-02-07,12:15,0.0076,0.0005
甘伍村3社,45,2026-02-07,12:30,0.0083,0.0005
甘伍村3社,45,2026-02-07,12:45,0.0071,0.0005
甘伍村3社,45,2026-02-07,13:00,0.0026,0.0005
甘伍村3社,45,2026-02-07,13:15,0.0032,0.0005
甘伍村3社,45,2026-02-07,13:30,0.0047,0.0005
甘伍村3社,45,2026-02-07,13:45,0.0029,0.0005
甘伍村3社,45,2026-02-07,14:00,0.0024,0.0005
甘伍村3社,45,2026-02-07,14:15,0.0035,0.0005
甘伍村3社,45,2026-02-07,14:30,0.0024,0.0005
甘伍村3社,45,2026-02-07,14:45,0.0016,0.0005
甘伍村3社,45,2026-02-07,15:00,0.0014,0.0005
甘伍村3社,45,2026-02-07,15:15,0.0019,0.0005
甘伍村3社,45,2026-02-07,15:30,0.0005,0.0005
甘伍村3社,45,2026-02-07,15:45,0.0019,0.0005
甘伍村3社,45,2026-02-07,16:00,0.002,0.0005
甘伍村3社,45,2026-02-07,16:15,0.0008,0.0005
甘伍村3社,45,2026-02-07,16:30,-0.0011,0.0005
甘伍村3社,45,2026-02-07,16:45,0.0017,0.0005
甘伍村3社,45,2026-02-07,17:00,0.0031,0.0005
甘伍村3社,45,2026-02-07,17:15,0.0007,0.0005
甘伍村3社,45,2026-02-07,17:30,0.0017,0.0005
甘伍村3社,45,2026-02-07,17:45,0.0024,0.0005
甘伍村3社,45,2026-02-07,18:00,0.0021,0.0005
甘伍村3社,45,2026-02-07,18:15,0.0009,0.0005
甘伍村3社,45,2026-02-07,18:30,0.001,0.0005
甘伍村3社,45,2026-02-07,18:45,0.0006,0.0005
甘伍村3社,45,2026-02-07,19:00,0.0005,0.0005
甘伍村3社,45,2026-02-07,19:15,0.0006,0.0005
甘伍村3社,45,2026-02-07,19:30,-0.0009,0.0005
甘伍村3社,45,2026-02-07,19:45,0.0,0.0005
甘伍村3社,45,2026-02-07,20:00,-0.0004,0.0005
甘伍村3社,45,2026-02-07,20:15,0.001,0.0005
甘伍村3社,45,2026-02-07,20:30,0.0007,0.0005
甘伍村3社,45,2026-02-07,20:45,0.0015,0.0005
甘伍村3社,45,2026-02-07,21:00,-0.0002,0.0005
甘伍村3社,45,2026-02-07,21:15,0.0004,0.0005
甘伍村3社,45,2026-02-07,21:30,0.0004,0.0005
甘伍村3社,45,2026-02-07,21:45,0.0004,0.0005
甘伍村3社,45,2026-02-07,22:00,0.0007,0.0005
甘伍村3社,45,2026-02-07,22:15,-0.0005,0.0005
甘伍村3社,45,2026-02-07,22:30,0.0015,0.0005
甘伍村3社,45,2026-02-07,22:45,0.0009,0.0005
甘伍村3社,45,2026-02-07,23:00,0.0,0.0005
甘伍村3社,45,2026-02-07,23:15,0.0004,0.0005
甘伍村3社,45,2026-02-07,23:30,0.0006,0.0005
甘伍村3社,45,2026-02-07,23:45,0.0003,0.0005
甘伍村3社,45,2026-02-08,00:00,0.0008,0.0005
甘伍村3社,45,2026-02-08,00:15,0.0005,0.0005
甘伍村3社,45,2026-02-08,00:30,0.0001,0.0005
甘伍村3社,45,2026-02-08,00:45,0.0006,0.0005
甘伍村3社,45,2026-02-08,01:00,-0.0002,0.0005
甘伍村3社,45,2026-02-08,01:15,0.0012,0.0005
甘伍村3社,45,2026-02-08,01:30,-0.0001,0.0005
甘伍村3社,45,2026-02-08,01:45,0.0005,0.0005
甘伍村3社,45,2026-02-08,02:00,0.0003,0.0005
甘伍村3社,45,2026-02-08,02:15,0.001,0.0005
甘伍村3社,45,2026-02-08,02:30,0.0003,0.0005
甘伍村3社,45,2026-02-08,02:45,0.0006,0.0005
甘伍村3社,45,2026-02-08,03:00,0.0004,0.0005
甘伍村3社,45,2026-02-08,03:15,0.0013,0.0005
甘伍村3社,45,2026-02-08,03:30,0.0001,0.0005
甘伍村3社,45,2026-02-08,03:45,0.001,0.0005
甘伍村3社,45,2026-02-08,04:00,0.0011,0.0005
甘伍村3社,45,2026-02-08,04:15,-0.0001,0.0005
甘伍村3社,45,2026-02-08,04:30,-0.0002,0.0005
甘伍村3社,45,2026-02-08,04:45,0.0005,0.0005
甘伍村3社,45,2026-02-08,05:00,0.0004,0.0005
甘伍村3社,45,2026-02-08,05:15,0.0006,0.0005
甘伍村3社,45,2026-02-08,05:30,0.0011,0.0005
甘伍村3社,45,2026-02-08,05:45,0.0005,0.0005
甘伍村3社,45,2026-02-08,06:00,0.0001,0.0005
甘伍村3社,45,2026-02-08,06:15,0.0007,0.0005
甘伍村3社,45,2026-02-08,06:30,-0.0002,0.0005
甘伍村3社,45,2026-02-08,06:45,0.0006,0.0005
甘伍村3社,45,2026-02-08,07:00,0.0001,0.0005
甘伍村3社,45,2026-02-08,07:15,0.0004,0.0005
甘伍村3社,45,2026-02-08,07:30,0.0015,0.0005
甘伍村3社,45,2026-02-08,07:45,-0.0003,0.0005
甘伍村3社,45,2026-02-08,08:00,0.0005,0.001
甘伍村3社,45,2026-02-08,08:15,0.0001,0.0005
甘伍村3社,45,2026-02-08,08:30,0.0002,0.0005
甘伍村3社,45,2026-02-08,08:45,0.0017,0.0005
甘伍村3社,45,2026-02-08,09:00,0.0038,0.0005
甘伍村3社,45,2026-02-08,09:15,0.0036,0.0005
甘伍村3社,45,2026-02-08,09:30,0.0031,0.0005
甘伍村3社,45,2026-02-08,09:45,0.003,0.0005
甘伍村3社,45,2026-02-08,10:00,0.0068,0.0005
甘伍村3社,45,2026-02-08,10:15,0.0087,0.0005
甘伍村3社,45,2026-02-08,10:30,0.0094,0.0005
甘伍村3社,45,2026-02-08,10:45,0.0114,0.0005
甘伍村3社,45,2026-02-08,11:00,0.0102,0.0453
甘伍村3社,45,2026-02-08,11:15,0.0143,0.0006
甘伍村3社,45,2026-02-08,11:30,0.0119,0.0455
甘伍村3社,45,2026-02-08,11:45,0.0109,0.001
甘伍村3社,45,2026-02-08,12:00,0.009,0.0009
甘伍村3社,45,2026-02-08,12:15,0.0078,0.0005
甘伍村3社,45,2026-02-08,12:30,0.0069,0.0005
甘伍村3社,45,2026-02-08,12:45,0.0073,0.0005
甘伍村3社,45,2026-02-08,13:00,0.0023,0.0005
甘伍村3社,45,2026-02-08,13:15,0.0042,0.0005
甘伍村3社,45,2026-02-08,13:30,0.0039,0.0005
甘伍村3社,45,2026-02-08,13:45,0.004,0.0005
甘伍村3社,45,2026-02-08,14:00,0.0044,0.0009
甘伍村3社,45,2026-02-08,14:15,0.0041,0.0005
甘伍村3社,45,2026-02-08,14:30,0.0032,0.0005
甘伍村3社,45,2026-02-08,14:45,0.0022,0.0005
甘伍村3社,45,2026-02-08,15:00,0.0007,0.0005
甘伍村3社,45,2026-02-08,15:15,0.0025,0.0005
甘伍村3社,45,2026-02-08,15:30,0.0003,0.0005
甘伍村3社,45,2026-02-08,15:45,0.0023,0.0005
甘伍村3社,45,2026-02-08,16:00,0.0007,0.0005
甘伍村3社,45,2026-02-08,16:15,0.0014,0.0005
甘伍村3社,45,2026-02-08,16:30,0.0015,0.0005
甘伍村3社,45,2026-02-08,16:45,0.0016,0.0005
甘伍村3社,45,2026-02-08,17:00,0.0031,0.0005
甘伍村3社,45,2026-02-08,17:15,0.001,0.0005
甘伍村3社,45,2026-02-08,17:30,0.0014,0.0005
甘伍村3社,45,2026-02-08,17:45,0.0016,0.0005
甘伍村3社,45,2026-02-08,18:00,0.0021,0.0005
甘伍村3社,45,2026-02-08,18:15,0.0012,0.0005
甘伍村3社,45,2026-02-08,18:30,0.0003,0.0005
甘伍村3社,45,2026-02-08,18:45,-0.0007,0.0005
甘伍村3社,45,2026-02-08,19:00,-0.0005,0.0005
甘伍村3社,45,2026-02-08,19:15,0.0005,0.0005
甘伍村3社,45,2026-02-08,19:30,0.0008,0.0005
甘伍村3社,45,2026-02-08,19:45,0.0002,0.0005
甘伍村3社,45,2026-02-08,20:00,0.0025,0.0005
甘伍村3社,45,2026-02-08,20:15,0.001,0.0005
甘伍村3社,45,2026-02-08,20:30,0.0007,0.0005
甘伍村3社,45,2026-02-08,20:45,0.001,0.0005
甘伍村3社,45,2026-02-08,21:00,0.001,0.0005
甘伍村3社,45,2026-02-08,21:15,-0.0003,0.0005
甘伍村3社,45,2026-02-08,21:30,0.0004,0.0005
甘伍村3社,45,2026-02-08,21:45,0.0013,0.0005
甘伍村3社,45,2026-02-08,22:00,-0.0003,0.0005
甘伍村3社,45,2026-02-08,22:15,-0.0003,0.0005
甘伍村3社,45,2026-02-08,22:30,0.0006,0.0005
甘伍村3社,45,2026-02-08,22:45,0.0013,0.0005
甘伍村3社,45,2026-02-08,23:00,0.001,0.0005
甘伍村3社,45,2026-02-08,23:15,0.0009,0.0005
甘伍村3社,45,2026-02-08,23:30,0.0011,0.0005
甘伍村3社,45,2026-02-08,23:45,-0.0003,0.0005
甘伍村3社,45,2026-02-09,00:00,0.0011,0.0005
甘伍村3社,45,2026-02-09,00:15,0.0,0.0005
甘伍村3社,45,2026-02-09,00:30,0.0008,0.0005
甘伍村3社,45,2026-02-09,00:45,0.0003,0.0005
甘伍村3社,45,2026-02-09,01:00,0.0009,0.0005
甘伍村3社,45,2026-02-09,01:15,0.0001,0.0005
甘伍村3社,45,2026-02-09,01:30,-0.0007,0.0005
甘伍村3社,45,2026-02-09,01:45,0.0005,0.0005
甘伍村3社,45,2026-02-09,02:00,0.0007,0.0005
甘伍村3社,45,2026-02-09,02:15,0.0021,0.0005
甘伍村3社,45,2026-02-09,02:30,0.0008,0.0005
甘伍村3社,45,2026-02-09,02:45,0.001,0.0005
甘伍村3社,45,2026-02-09,03:00,0.0008,0.0005
甘伍村3社,45,2026-02-09,03:15,0.0011,0.0005
甘伍村3社,45,2026-02-09,03:30,0.0002,0.0005
甘伍村3社,45,2026-02-09,03:45,0.0007,0.0005
甘伍村3社,45,2026-02-09,04:00,0.0002,0.0005
甘伍村3社,45,2026-02-09,04:15,0.0008,0.0005
甘伍村3社,45,2026-02-09,04:30,0.0013,0.0005
甘伍村3社,45,2026-02-09,04:45,0.0001,0.0005
甘伍村3社,45,2026-02-09,05:00,0.0007,0.0005
甘伍村3社,45,2026-02-09,05:15,0.0008,0.0005
甘伍村3社,45,2026-02-09,05:30,0.0004,0.0005
甘伍村3社,45,2026-02-09,05:45,-0.0001,0.0005
甘伍村3社,45,2026-02-09,06:00,0.0,0.0005
甘伍村3社,45,2026-02-09,06:15,0.0014,0.0005
甘伍村3社,45,2026-02-09,06:30,-0.0003,0.0005
甘伍村3社,45,2026-02-09,06:45,0.0009,0.0005
甘伍村3社,45,2026-02-09,07:00,-0.0011,0.0005
甘伍村3社,45,2026-02-09,07:15,0.0006,0.0005
甘伍村3社,45,2026-02-09,07:30,0.001,0.0005
甘伍村3社,45,2026-02-09,07:45,0.0006,0.0005
甘伍村3社,45,2026-02-09,08:00,0.0002,0.0005
甘伍村3社,45,2026-02-09,08:15,0.0003,0.0005
甘伍村3社,45,2026-02-09,08:30,0.0018,0.0005
甘伍村3社,45,2026-02-09,08:45,0.0005,0.0005
甘伍村3社,45,2026-02-09,09:00,0.0043,0.0005
甘伍村3社,45,2026-02-09,09:15,0.0047,0.0005
甘伍村3社,45,2026-02-09,09:30,0.0038,0.0005
甘伍村3社,45,2026-02-09,09:45,0.0043,0.0005
甘伍村3社,45,2026-02-09,10:00,0.0054,0.0005
甘伍村3社,45,2026-02-09,10:15,0.0082,0.0005
甘伍村3社,45,2026-02-09,10:30,0.0102,0.0005
甘伍村3社,45,2026-02-09,10:45,0.0116,0.0005
甘伍村3社,45,2026-02-09,11:00,0.0112,0.0477
甘伍村3社,45,2026-02-09,11:15,0.0135,0.0766
甘伍村3社,45,2026-02-09,11:30,0.014,0.0767
甘伍村3社,45,2026-02-09,11:45,0.0119,0.0756
甘伍村3社,45,2026-02-09,12:00,0.0088,0.0727
甘伍村3社,45,2026-02-09,12:15,0.0067,0.0725
甘伍村3社,45,2026-02-09,12:30,0.0076,0.0736
甘伍村3社,45,2026-02-09,12:45,0.0074,0.074
甘伍村3社,45,2026-02-09,13:00,0.0035,0.0005
甘伍村3社,45,2026-02-09,13:15,0.0038,0.0342
甘伍村3社,45,2026-02-09,13:30,0.0035,0.0009
甘伍村3社,45,2026-02-09,13:45,0.0045,0.0009
甘伍村3社,45,2026-02-09,14:00,0.003,0.001
甘伍村3社,45,2026-02-09,14:15,0.0031,0.0009
甘伍村3社,45,2026-02-09,14:30,0.0016,0.0005
甘伍村3社,45,2026-02-09,14:45,0.0019,0.0005
甘伍村3社,45,2026-02-09,15:00,0.0014,0.0005
甘伍村3社,45,2026-02-09,15:15,0.0022,0.0005
甘伍村3社,45,2026-02-09,15:30,0.001,0.0005
甘伍村3社,45,2026-02-09,15:45,0.0011,0.0005
甘伍村3社,45,2026-02-09,16:00,0.0018,0.0005
甘伍村3社,45,2026-02-09,16:15,0.0007,0.0005
甘伍村3社,45,2026-02-09,16:30,0.0024,0.0005
甘伍村3社,45,2026-02-09,16:45,0.0013,0.0005
甘伍村3社,45,2026-02-09,17:00,0.0032,0.0005
甘伍村3社,45,2026-02-09,17:15,0.0026,0.0005
甘伍村3社,45,2026-02-09,17:30,0.0017,0.0005
甘伍村3社,45,2026-02-09,17:45,0.0019,0.0005
甘伍村3社,45,2026-02-09,18:00,0.0027,0.0005
甘伍村3社,45,2026-02-09,18:15,0.0025,0.0005
甘伍村3社,45,2026-02-09,18:30,0.001,0.0005
甘伍村3社,45,2026-02-09,18:45,0.0017,0.0005
甘伍村3社,45,2026-02-09,19:00,0.0005,0.0005
甘伍村3社,45,2026-02-09,19:15,0.0007,0.0005
甘伍村3社,45,2026-02-09,19:30,0.0011,0.0005
甘伍村3社,45,2026-02-09,19:45,0.0008,0.0005
甘伍村3社,45,2026-02-09,20:00,0.0003,0.0005
甘伍村3社,45,2026-02-09,20:15,0.0018,0.0005
甘伍村3社,45,2026-02-09,20:30,0.0005,0.0005
甘伍村3社,45,2026-02-09,20:45,0.0003,0.0005
甘伍村3社,45,2026-02-09,21:00,0.0005,0.0005
甘伍村3社,45,2026-02-09,21:15,0.0013,0.0005
甘伍村3社,45,2026-02-09,21:30,0.0006,0.0005
甘伍村3社,45,2026-02-09,21:45,0.0007,0.0005
甘伍村3社,45,2026-02-09,22:00,0.0003,0.0005
甘伍村3社,45,2026-02-09,22:15,0.0005,0.0005
甘伍村3社,45,2026-02-09,22:30,0.0006,0.0005
甘伍村3社,45,2026-02-09,22:45,0.0015,0.0005
甘伍村3社,45,2026-02-09,23:00,0.0001,0.0005
甘伍村3社,45,2026-02-09,23:15,0.0008,0.0005
甘伍村3社,45,2026-02-09,23:30,-0.0002,0.0005
甘伍村3社,45,2026-02-09,23:45,0.0005,0.0005
幸福村1社,46,2026-04-24,00:00,0.0192,0.0131
幸福村1社,46,2026-04-24,00:15,0.0169,0.0123
幸福村1社,46,2026-04-24,00:30,0.0174,0.0158
幸福村1社,46,2026-04-24,00:45,0.0148,0.0084
幸福村1社,46,2026-04-24,01:00,0.012,0.0092
幸福村1社,46,2026-04-24,01:15,0.0163,0.0181
幸福村1社,46,2026-04-24,01:30,0.0145,0.0123
幸福村1社,46,2026-04-24,01:45,0.0175,0.023
幸福村1社,46,2026-04-24,02:00,0.0165,0.0128
幸福村1社,46,2026-04-24,02:15,0.0151,0.0165
幸福村1社,46,2026-04-24,02:30,0.0147,0.0157
幸福村1社,46,2026-04-24,02:45,0.0159,0.0164
幸福村1社,46,2026-04-24,03:00,0.0161,0.0183
幸福村1社,46,2026-04-24,03:15,0.0155,0.0132
幸福村1社,46,2026-04-24,03:30,0.0158,0.0188
幸福村1社,46,2026-04-24,03:45,0.0144,0.011
幸福村1社,46,2026-04-24,04:00,0.0162,0.0133
幸福村1社,46,2026-04-24,04:15,0.0144,0.0115
幸福村1社,46,2026-04-24,04:30,0.017,0.0127
幸福村1社,46,2026-04-24,04:45,0.0167,0.01
幸福村1社,46,2026-04-24,05:00,0.0192,0.0071
幸福村1社,46,2026-04-24,05:15,0.0179,0.0167
幸福村1社,46,2026-04-24,05:30,0.0135,0.0091
幸福村1社,46,2026-04-24,05:45,0.0173,0.0179
幸福村1社,46,2026-04-24,06:00,0.0141,0.0123
幸福村1社,46,2026-04-24,06:15,0.0183,0.0117
幸福村1社,46,2026-04-24,06:30,0.0198,0.0651
幸福村1社,46,2026-04-24,06:45,0.0216,0.0378
幸福村1社,46,2026-04-24,07:00,0.0209,0.025
幸福村1社,46,2026-04-24,07:15,0.0232,0.0607
幸福村1社,46,2026-04-24,07:30,0.0276,0.1096
幸福村1社,46,2026-04-24,07:45,0.0357,0.0908
幸福村1社,46,2026-04-24,08:00,0.0353,0.0916
幸福村1社,46,2026-04-24,08:15,0.0404,0.0868
幸福村1社,46,2026-04-24,08:30,0.0467,0.0417
幸福村1社,46,2026-04-24,08:45,0.0509,0.0271
幸福村1社,46,2026-04-24,09:00,0.0526,0.0333
幸福村1社,46,2026-04-24,09:15,0.0564,0.0821
幸福村1社,46,2026-04-24,09:30,0.0494,0.0327
幸福村1社,46,2026-04-24,09:45,0.0478,0.0469
幸福村1社,46,2026-04-24,10:00,0.0438,0.0067
幸福村1社,46,2026-04-24,10:15,0.0338,0.0138
幸福村1社,46,2026-04-24,10:30,0.0389,0.0096
幸福村1社,46,2026-04-24,10:45,0.0364,0.0063
幸福村1社,46,2026-04-24,11:00,0.0289,0.0134
幸福村1社,46,2026-04-24,11:15,0.0308,0.0075
幸福村1社,46,2026-04-24,11:30,0.0285,0.0084
幸福村1社,46,2026-04-24,11:45,0.0306,0.0102
幸福村1社,46,2026-04-24,12:00,0.0227,0.0062
幸福村1社,46,2026-04-24,12:15,0.0224,0.0091
幸福村1社,46,2026-04-24,12:30,0.0287,0.0067
幸福村1社,46,2026-04-24,12:45,0.0237,0.0246
幸福村1社,46,2026-04-24,13:00,0.0266,0.0109
幸福村1社,46,2026-04-24,13:15,0.0209,0.0111
幸福村1社,46,2026-04-24,13:30,0.0239,0.0169
幸福村1社,46,2026-04-24,13:45,0.0257,0.0158
幸福村1社,46,2026-04-24,14:00,0.0266,0.0068
幸福村1社,46,2026-04-24,14:15,0.0232,0.0097
幸福村1社,46,2026-04-24,14:30,0.023,0.0169
幸福村1社,46,2026-04-24,14:45,0.0248,0.0083
幸福村1社,46,2026-04-24,15:00,0.023,0.0186
幸福村1社,46,2026-04-24,15:15,0.0279,0.0113
幸福村1社,46,2026-04-24,15:30,0.0231,0.0876
幸福村1社,46,2026-04-24,15:45,0.0246,0.056
幸福村1社,46,2026-04-24,16:00,0.0255,0.014
幸福村1社,46,2026-04-24,16:15,0.0289,0.0377
幸福村1社,46,2026-04-24,16:30,0.038,0.0133
幸福村1社,46,2026-04-24,16:45,0.0371,0.0451
幸福村1社,46,2026-04-24,17:00,0.0425,0.028
幸福村1社,46,2026-04-24,17:15,0.0451,0.0211
幸福村1社,46,2026-04-24,17:30,0.0431,0.0504
幸福村1社,46,2026-04-24,17:45,0.0454,0.0138
幸福村1社,46,2026-04-24,18:00,0.0456,0.1037
幸福村1社,46,2026-04-24,18:15,0.0442,0.0145
幸福村1社,46,2026-04-24,18:30,0.0441,0.038
幸福村1社,46,2026-04-24,18:45,0.0434,0.038
幸福村1社,46,2026-04-24,19:00,0.0391,0.0182
幸福村1社,46,2026-04-24,19:15,0.0407,0.0114
幸福村1社,46,2026-04-24,19:30,0.0413,0.0401
幸福村1社,46,2026-04-24,19:45,0.039,0.0151
幸福村1社,46,2026-04-24,20:00,0.0337,0.0109
幸福村1社,46,2026-04-24,20:15,0.0319,0.0229
幸福村1社,46,2026-04-24,20:30,0.0244,0.0225
幸福村1社,46,2026-04-24,20:45,0.0297,0.0215
幸福村1社,46,2026-04-24,21:00,0.0241,0.0223
幸福村1社,46,2026-04-24,21:15,0.0217,0.0213
幸福村1社,46,2026-04-24,21:30,0.0255,0.0243
幸福村1社,46,2026-04-24,21:45,0.0213,0.024
幸福村1社,46,2026-04-24,22:00,0.0212,0.0238
幸福村1社,46,2026-04-24,22:15,0.019,0.0242
幸福村1社,46,2026-04-24,22:30,0.021,0.0251
幸福村1社,46,2026-04-24,22:45,0.0204,0.0126
幸福村1社,46,2026-04-24,23:00,0.0172,0.0132
幸福村1社,46,2026-04-24,23:15,0.0195,0.0162
幸福村1社,46,2026-04-24,23:30,0.0189,0.0121
幸福村1社,46,2026-04-24,23:45,0.0176,0.0132
幸福村1社,46,2026-04-25,00:00,0.0167,0.0205
幸福村1社,46,2026-04-25,00:15,0.0169,0.0238
幸福村1社,46,2026-04-25,00:30,0.0145,0.0194
幸福村1社,46,2026-04-25,00:45,0.0173,0.0211
幸福村1社,46,2026-04-25,01:00,0.0144,0.0155
幸福村1社,46,2026-04-25,01:15,0.0167,0.0224
幸福村1社,46,2026-04-25,01:30,0.0187,0.0185
幸福村1社,46,2026-04-25,01:45,0.0159,0.0224
幸福村1社,46,2026-04-25,02:00,0.0168,0.0193
幸福村1社,46,2026-04-25,02:15,0.0168,0.0136
幸福村1社,46,2026-04-25,02:30,0.0187,0.0274
幸福村1社,46,2026-04-25,02:45,0.018,0.0177
幸福村1社,46,2026-04-25,03:00,0.0144,0.0184
幸福村1社,46,2026-04-25,03:15,0.0134,0.0189
幸福村1社,46,2026-04-25,03:30,0.016,0.0136
幸福村1社,46,2026-04-25,03:45,0.0172,0.0156
幸福村1社,46,2026-04-25,04:00,0.0169,0.0149
幸福村1社,46,2026-04-25,04:15,0.0131,0.0153
幸福村1社,46,2026-04-25,04:30,0.0143,0.0125
幸福村1社,46,2026-04-25,04:45,0.0158,0.0134
幸福村1社,46,2026-04-25,05:00,0.0135,0.0064
幸福村1社,46,2026-04-25,05:15,0.016,0.0095
幸福村1社,46,2026-04-25,05:30,0.0134,0.0119
幸福村1社,46,2026-04-25,05:45,0.0173,0.0102
幸福村1社,46,2026-04-25,06:00,0.0155,0.0519
幸福村1社,46,2026-04-25,06:15,0.0155,0.0357
幸福村1社,46,2026-04-25,06:30,0.0195,0.0116
幸福村1社,46,2026-04-25,06:45,0.0218,0.0283
幸福村1社,46,2026-04-25,07:00,0.0203,0.0068
幸福村1社,46,2026-04-25,07:15,0.025,0.0928
幸福村1社,46,2026-04-25,07:30,0.0288,0.1058
幸福村1社,46,2026-04-25,07:45,0.0322,0.0929
幸福村1社,46,2026-04-25,08:00,0.0362,0.0892
幸福村1社,46,2026-04-25,08:15,0.0461,0.0461
幸福村1社,46,2026-04-25,08:30,0.055,0.0786
幸福村1社,46,2026-04-25,08:45,0.0522,0.0749
幸福村1社,46,2026-04-25,09:00,0.0497,0.0767
幸福村1社,46,2026-04-25,09:15,0.0545,0.0474
幸福村1社,46,2026-04-25,09:30,0.0476,0.0148
幸福村1社,46,2026-04-25,09:45,0.0504,0.0093
幸福村1社,46,2026-04-25,10:00,0.0448,0.0132
幸福村1社,46,2026-04-25,10:15,0.0317,0.0076
幸福村1社,46,2026-04-25,10:30,0.0299,0.0254
幸福村1社,46,2026-04-25,10:45,0.0307,0.0296
幸福村1社,46,2026-04-25,11:00,0.0195,0.0129
幸福村1社,46,2026-04-25,11:15,0.0253,0.0145
幸福村1社,46,2026-04-25,11:30,0.0258,0.0077
幸福村1社,46,2026-04-25,11:45,0.0252,0.01
幸福村1社,46,2026-04-25,12:00,0.0249,0.0118
幸福村1社,46,2026-04-25,12:15,0.0199,0.0066
幸福村1社,46,2026-04-25,12:30,0.0268,0.0061
幸福村1社,46,2026-04-25,12:45,0.0234,0.054
幸福村1社,46,2026-04-25,13:00,0.024,0.0538
幸福村1社,46,2026-04-25,13:15,0.0235,0.0187
幸福村1社,46,2026-04-25,13:30,0.0203,0.0307
幸福村1社,46,2026-04-25,13:45,0.0271,0.0266
幸福村1社,46,2026-04-25,14:00,0.0269,0.0341
幸福村1社,46,2026-04-25,14:15,0.0219,0.0262
幸福村1社,46,2026-04-25,14:30,0.0247,0.064
幸福村1社,46,2026-04-25,14:45,0.0251,0.0353
幸福村1社,46,2026-04-25,15:00,0.024,0.025
幸福村1社,46,2026-04-25,15:15,0.025,0.029
幸福村1社,46,2026-04-25,15:30,0.0214,0.0267
幸福村1社,46,2026-04-25,15:45,0.0261,0.029
幸福村1社,46,2026-04-25,16:00,0.0254,0.0105
幸福村1社,46,2026-04-25,16:15,0.0274,0.0142
幸福村1社,46,2026-04-25,16:30,0.0324,0.0112
幸福村1社,46,2026-04-25,16:45,0.0377,0.0153
幸福村1社,46,2026-04-25,17:00,0.0405,0.0486
幸福村1社,46,2026-04-25,17:15,0.0384,0.0617
幸福村1社,46,2026-04-25,17:30,0.039,0.0368
幸福村1社,46,2026-04-25,17:45,0.0405,0.0829
幸福村1社,46,2026-04-25,18:00,0.0452,0.0361
幸福村1社,46,2026-04-25,18:15,0.0441,0.0312
幸福村1社,46,2026-04-25,18:30,0.0458,0.0203
幸福村1社,46,2026-04-25,18:45,0.0408,0.03
幸福村1社,46,2026-04-25,19:00,0.0374,0.023
幸福村1社,46,2026-04-25,19:15,0.0394,0.0815
幸福村1社,46,2026-04-25,19:30,0.0401,0.1024
幸福村1社,46,2026-04-25,19:45,0.0308,0.0837
幸福村1社,46,2026-04-25,20:00,0.0327,0.0507
幸福村1社,46,2026-04-25,20:15,0.0321,0.0594
幸福村1社,46,2026-04-25,20:30,0.0268,0.0236
幸福村1社,46,2026-04-25,20:45,0.0232,0.0192
幸福村1社,46,2026-04-25,21:00,0.0292,0.017
幸福村1社,46,2026-04-25,21:15,0.0224,0.0273
幸福村1社,46,2026-04-25,21:30,0.0238,0.0252
幸福村1社,46,2026-04-25,21:45,0.0186,0.0264
幸福村1社,46,2026-04-25,22:00,0.0212,0.0265
幸福村1社,46,2026-04-25,22:15,0.0224,0.0213
幸福村1社,46,2026-04-25,22:30,0.0193,0.0234
幸福村1社,46,2026-04-25,22:45,0.018,0.0219
幸福村1社,46,2026-04-25,23:00,0.0198,0.0189
幸福村1社,46,2026-04-25,23:15,0.019,0.0306
幸福村1社,46,2026-04-25,23:30,0.0193,0.0265
幸福村1社,46,2026-04-25,23:45,0.0179,0.0225
幸福村1社,46,2026-04-26,00:00,0.0183,0.0297
幸福村1社,46,2026-04-26,00:15,0.0155,0.0272
幸福村1社,46,2026-04-26,00:30,0.02,0.0258
幸福村1社,46,2026-04-26,00:45,0.0147,0.0209
幸福村1社,46,2026-04-26,01:00,0.0175,0.0262
幸福村1社,46,2026-04-26,01:15,0.0154,0.0238
幸福村1社,46,2026-04-26,01:30,0.0174,0.0405
幸福村1社,46,2026-04-26,01:45,0.0163,0.016
幸福村1社,46,2026-04-26,02:00,0.0168,0.0216
幸福村1社,46,2026-04-26,02:15,0.0185,0.0207
幸福村1社,46,2026-04-26,02:30,0.0156,0.0221
幸福村1社,46,2026-04-26,02:45,0.0192,0.0123
幸福村1社,46,2026-04-26,03:00,0.017,0.0139
幸福村1社,46,2026-04-26,03:15,0.0183,0.0163
幸福村1社,46,2026-04-26,03:30,0.012,0.021
幸福村1社,46,2026-04-26,03:45,0.0154,0.0178
幸福村1社,46,2026-04-26,04:00,0.0176,0.0102
幸福村1社,46,2026-04-26,04:15,0.015,0.0191
幸福村1社,46,2026-04-26,04:30,0.0163,0.0148
幸福村1社,46,2026-04-26,04:45,0.0151,0.0145
幸福村1社,46,2026-04-26,05:00,0.0164,0.017
幸福村1社,46,2026-04-26,05:15,0.0149,0.0162
幸福村1社,46,2026-04-26,05:30,0.0157,0.0209
幸福村1社,46,2026-04-26,05:45,0.0143,0.0114
幸福村1社,46,2026-04-26,06:00,0.0136,0.0172
幸福村1社,46,2026-04-26,06:15,0.0175,0.0115
幸福村1社,46,2026-04-26,06:30,0.0207,0.0197
幸福村1社,46,2026-04-26,06:45,0.021,0.0268
幸福村1社,46,2026-04-26,07:00,0.0194,0.0113
幸福村1社,46,2026-04-26,07:15,0.0242,0.022
幸福村1社,46,2026-04-26,07:30,0.027,0.0466
幸福村1社,46,2026-04-26,07:45,0.0367,0.0452
幸福村1社,46,2026-04-26,08:00,0.0405,0.0286
幸福村1社,46,2026-04-26,08:15,0.0406,0.131
幸福村1社,46,2026-04-26,08:30,0.0464,0.03
幸福村1社,46,2026-04-26,08:45,0.0441,0.095
幸福村1社,46,2026-04-26,09:00,0.0492,0.0692
幸福村1社,46,2026-04-26,09:15,0.0606,0.0547
幸福村1社,46,2026-04-26,09:30,0.0528,0.0425
幸福村1社,46,2026-04-26,09:45,0.0544,0.0888
幸福村1社,46,2026-04-26,10:00,0.0442,0.0591
幸福村1社,46,2026-04-26,10:15,0.0327,0.0143
幸福村1社,46,2026-04-26,10:30,0.0329,0.0199
幸福村1社,46,2026-04-26,10:45,0.0346,0.0646
幸福村1社,46,2026-04-26,11:00,0.0322,0.0347
幸福村1社,46,2026-04-26,11:15,0.0309,0.0205
幸福村1社,46,2026-04-26,11:30,0.0288,0.0113
幸福村1社,46,2026-04-26,11:45,0.0261,0.0438
幸福村1社,46,2026-04-26,12:00,0.0222,0.0137
幸福村1社,46,2026-04-26,12:15,0.0191,0.011
幸福村1社,46,2026-04-26,12:30,0.024,0.0177
幸福村1社,46,2026-04-26,12:45,0.0248,0.0165
幸福村1社,46,2026-04-26,13:00,0.0254,0.052
幸福村1社,46,2026-04-26,13:15,0.0244,0.0132
幸福村1社,46,2026-04-26,13:30,0.0218,0.0178
幸福村1社,46,2026-04-26,13:45,0.0233,0.0167
幸福村1社,46,2026-04-26,14:00,0.0236,0.024
幸福村1社,46,2026-04-26,14:15,0.0232,0.0129
幸福村1社,46,2026-04-26,14:30,0.0233,0.0215
幸福村1社,46,2026-04-26,14:45,0.024,0.0192
幸福村1社,46,2026-04-26,15:00,0.0223,0.0128
幸福村1社,46,2026-04-26,15:15,0.0274,0.0157
幸福村1社,46,2026-04-26,15:30,0.0237,0.0208
幸福村1社,46,2026-04-26,15:45,0.023,0.0133
幸福村1社,46,2026-04-26,16:00,0.0283,0.0283
幸福村1社,46,2026-04-26,16:15,0.0289,0.0537
幸福村1社,46,2026-04-26,16:30,0.0406,0.0208
幸福村1社,46,2026-04-26,16:45,0.0356,0.0251
幸福村1社,46,2026-04-26,17:00,0.04,0.0181
幸福村1社,46,2026-04-26,17:15,0.0452,0.0143
幸福村1社,46,2026-04-26,17:30,0.0364,0.0533
幸福村1社,46,2026-04-26,17:45,0.04,0.0689
幸福村1社,46,2026-04-26,18:00,0.0472,0.0786
幸福村1社,46,2026-04-26,18:15,0.0461,0.0337
幸福村1社,46,2026-04-26,18:30,0.0433,0.0273
幸福村1社,46,2026-04-26,18:45,0.0411,0.021
幸福村1社,46,2026-04-26,19:00,0.0403,0.0192
幸福村1社,46,2026-04-26,19:15,0.0351,0.0262
幸福村1社,46,2026-04-26,19:30,0.0389,0.0635
幸福村1社,46,2026-04-26,19:45,0.0366,0.0172
幸福村1社,46,2026-04-26,20:00,0.035,0.0448
幸福村1社,46,2026-04-26,20:15,0.0313,0.0253
幸福村1社,46,2026-04-26,20:30,0.0254,0.0156
幸福村1社,46,2026-04-26,20:45,0.0261,0.0167
幸福村1社,46,2026-04-26,21:00,0.0253,0.0711
幸福村1社,46,2026-04-26,21:15,0.0229,0.0497
幸福村1社,46,2026-04-26,21:30,0.0227,0.0191
幸福村1社,46,2026-04-26,21:45,0.0216,0.036
幸福村1社,46,2026-04-26,22:00,0.0196,0.0278
幸福村1社,46,2026-04-26,22:15,0.0194,0.0252
幸福村1社,46,2026-04-26,22:30,0.024,0.0287
幸福村1社,46,2026-04-26,22:45,0.0183,0.0296
幸福村1社,46,2026-04-26,23:00,0.0184,0.0184
幸福村1社,46,2026-04-26,23:15,0.0186,0.0157
幸福村1社,46,2026-04-26,23:30,0.0176,0.0128
幸福村1社,46,2026-04-26,23:45,0.0211,0.0151
马鞍村1社,47,2026-02-10,00:00,0.0322,0.0458
马鞍村1社,47,2026-02-10,00:15,0.0282,0.0243
马鞍村1社,47,2026-02-10,00:30,0.0343,0.0402
马鞍村1社,47,2026-02-10,00:45,0.0322,0.0403
马鞍村1社,47,2026-02-10,01:00,0.0381,0.034
马鞍村1社,47,2026-02-10,01:15,0.0285,0.0375
马鞍村1社,47,2026-02-10,01:30,0.0339,0.036
马鞍村1社,47,2026-02-10,01:45,0.0391,0.0366
马鞍村1社,47,2026-02-10,02:00,0.0282,0.0326
马鞍村1社,47,2026-02-10,02:15,0.0325,0.0256
马鞍村1社,47,2026-02-10,02:30,0.03,0.0343
马鞍村1社,47,2026-02-10,02:45,0.0284,0.0263
马鞍村1社,47,2026-02-10,03:00,0.0325,0.0373
马鞍村1社,47,2026-02-10,03:15,0.0287,0.0311
马鞍村1社,47,2026-02-10,03:30,0.0275,0.0344
马鞍村1社,47,2026-02-10,03:45,0.0288,0.0236
马鞍村1社,47,2026-02-10,04:00,0.0323,0.0277
马鞍村1社,47,2026-02-10,04:15,0.0315,0.0311
马鞍村1社,47,2026-02-10,04:30,0.0291,0.0211
马鞍村1社,47,2026-02-10,04:45,0.0292,0.023
马鞍村1社,47,2026-02-10,05:00,0.0262,0.0278
马鞍村1社,47,2026-02-10,05:15,0.0248,0.0211
马鞍村1社,47,2026-02-10,05:30,0.0289,0.0303
马鞍村1社,47,2026-02-10,05:45,0.0234,0.0284
马鞍村1社,47,2026-02-10,06:00,0.0288,0.048
马鞍村1社,47,2026-02-10,06:15,0.0234,0.0465
马鞍村1社,47,2026-02-10,06:30,0.0235,0.0481
马鞍村1社,47,2026-02-10,06:45,0.0266,0.0252
马鞍村1社,47,2026-02-10,07:00,0.0432,0.0255
马鞍村1社,47,2026-02-10,07:15,0.0432,0.022
马鞍村1社,47,2026-02-10,07:30,0.0446,0.0294
马鞍村1社,47,2026-02-10,07:45,0.0626,0.1406
马鞍村1社,47,2026-02-10,08:00,0.0796,0.1229
马鞍村1社,47,2026-02-10,08:15,0.0999,0.2097
马鞍村1社,47,2026-02-10,08:30,0.1194,0.1748
马鞍村1社,47,2026-02-10,08:45,0.1277,0.1905
马鞍村1社,47,2026-02-10,09:00,0.1413,0.0739
马鞍村1社,47,2026-02-10,09:15,0.1197,0.1579
马鞍村1社,47,2026-02-10,09:30,0.1244,0.1318
马鞍村1社,47,2026-02-10,09:45,0.1093,0.154
马鞍村1社,47,2026-02-10,10:00,0.0955,0.0726
马鞍村1社,47,2026-02-10,10:15,0.0848,0.0487
马鞍村1社,47,2026-02-10,10:30,0.0828,0.0497
马鞍村1社,47,2026-02-10,10:45,0.0796,0.0429
马鞍村1社,47,2026-02-10,11:00,0.069,0.0384
马鞍村1社,47,2026-02-10,11:15,0.0716,0.1087
马鞍村1社,47,2026-02-10,11:30,0.0651,0.0631
马鞍村1社,47,2026-02-10,11:45,0.0545,0.0648
马鞍村1社,47,2026-02-10,12:00,0.0641,0.1164
马鞍村1社,47,2026-02-10,12:15,0.0662,0.0543
马鞍村1社,47,2026-02-10,12:30,0.0745,0.0458
马鞍村1社,47,2026-02-10,12:45,0.0647,0.0424
马鞍村1社,47,2026-02-10,13:00,0.0584,0.1256
马鞍村1社,47,2026-02-10,13:15,0.058,0.0713
马鞍村1社,47,2026-02-10,13:30,0.0707,0.0563
马鞍村1社,47,2026-02-10,13:45,0.0587,0.0642
马鞍村1社,47,2026-02-10,14:00,0.061,0.0659
马鞍村1社,47,2026-02-10,14:15,0.0611,0.0788
马鞍村1社,47,2026-02-10,14:30,0.0491,0.0456
马鞍村1社,47,2026-02-10,14:45,0.0577,0.0613
马鞍村1社,47,2026-02-10,15:00,0.0581,0.0493
马鞍村1社,47,2026-02-10,15:15,0.0681,0.0432
马鞍村1社,47,2026-02-10,15:30,0.0727,0.1182
马鞍村1社,47,2026-02-10,15:45,0.0766,0.1277
马鞍村1社,47,2026-02-10,16:00,0.0823,0.113
马鞍村1社,47,2026-02-10,16:15,0.0971,0.104
马鞍村1社,47,2026-02-10,16:30,0.1073,0.118
马鞍村1社,47,2026-02-10,16:45,0.1053,0.136
马鞍村1社,47,2026-02-10,17:00,0.1115,0.1888
马鞍村1社,47,2026-02-10,17:15,0.1071,0.1931
马鞍村1社,47,2026-02-10,17:30,0.114,0.1728
马鞍村1社,47,2026-02-10,17:45,0.1131,0.1794
马鞍村1社,47,2026-02-10,18:00,0.1273,0.1021
马鞍村1社,47,2026-02-10,18:15,0.1066,0.0953
马鞍村1社,47,2026-02-10,18:30,0.0975,0.0879
马鞍村1社,47,2026-02-10,18:45,0.0921,0.0483
马鞍村1社,47,2026-02-10,19:00,0.0852,0.0276
马鞍村1社,47,2026-02-10,19:15,0.0663,0.0336
马鞍村1社,47,2026-02-10,19:30,0.0663,0.1065
马鞍村1社,47,2026-02-10,19:45,0.0725,0.1041
马鞍村1社,47,2026-02-10,20:00,0.0667,0.073
马鞍村1社,47,2026-02-10,20:15,0.0718,0.0864
马鞍村1社,47,2026-02-10,20:30,0.0636,0.0976
马鞍村1社,47,2026-02-10,20:45,0.0554,0.0545
马鞍村1社,47,2026-02-10,21:00,0.0587,0.0624
马鞍村1社,47,2026-02-10,21:15,0.0582,0.0351
马鞍村1社,47,2026-02-10,21:30,0.0556,0.0667
马鞍村1社,47,2026-02-10,21:45,0.054,0.048
马鞍村1社,47,2026-02-10,22:00,0.0564,0.0598
马鞍村1社,47,2026-02-10,22:15,0.0553,0.057
马鞍村1社,47,2026-02-10,22:30,0.0478,0.0469
马鞍村1社,47,2026-02-10,22:45,0.0442,0.0529
马鞍村1社,47,2026-02-10,23:00,0.0416,0.0429
马鞍村1社,47,2026-02-10,23:15,0.0391,0.0454
马鞍村1社,47,2026-02-10,23:30,0.0397,0.0252
马鞍村1社,47,2026-02-10,23:45,0.0365,0.0395
马鞍村1社,47,2026-02-11,00:00,0.0375,0.0299
马鞍村1社,47,2026-02-11,00:15,0.0353,0.0353
马鞍村1社,47,2026-02-11,00:30,0.0358,0.0321
马鞍村1社,47,2026-02-11,00:45,0.0334,0.0329
马鞍村1社,47,2026-02-11,01:00,0.033,0.0238
马鞍村1社,47,2026-02-11,01:15,0.0349,0.0414
马鞍村1社,47,2026-02-11,01:30,0.0351,0.0304
马鞍村1社,47,2026-02-11,01:45,0.0313,0.0303
马鞍村1社,47,2026-02-11,02:00,0.0284,0.034
马鞍村1社,47,2026-02-11,02:15,0.0316,0.0253
马鞍村1社,47,2026-02-11,02:30,0.0295,0.034
马鞍村1社,47,2026-02-11,02:45,0.0252,0.028
马鞍村1社,47,2026-02-11,03:00,0.0326,0.0338
马鞍村1社,47,2026-02-11,03:15,0.0346,0.0361
马鞍村1社,47,2026-02-11,03:30,0.0335,0.0341
马鞍村1社,47,2026-02-11,03:45,0.0298,0.0328
马鞍村1社,47,2026-02-11,04:00,0.0315,0.023
马鞍村1社,47,2026-02-11,04:15,0.0289,0.0346
马鞍村1社,47,2026-02-11,04:30,0.028,0.0304
马鞍村1社,47,2026-02-11,04:45,0.0301,0.0306
马鞍村1社,47,2026-02-11,05:00,0.029,0.0202
马鞍村1社,47,2026-02-11,05:15,0.0263,0.0223
马鞍村1社,47,2026-02-11,05:30,0.0261,0.0293
马鞍村1社,47,2026-02-11,05:45,0.0258,0.0183
马鞍村1社,47,2026-02-11,06:00,0.0257,0.0237
马鞍村1社,47,2026-02-11,06:15,0.0305,0.0326
马鞍村1社,47,2026-02-11,06:30,0.0386,0.0242
马鞍村1社,47,2026-02-11,06:45,0.027,0.028
马鞍村1社,47,2026-02-11,07:00,0.0369,0.0192
马鞍村1社,47,2026-02-11,07:15,0.0434,0.0273
马鞍村1社,47,2026-02-11,07:30,0.0494,0.0262
马鞍村1社,47,2026-02-11,07:45,0.0653,0.0174
马鞍村1社,47,2026-02-11,08:00,0.0746,0.1063
马鞍村1社,47,2026-02-11,08:15,0.1029,0.0713
马鞍村1社,47,2026-02-11,08:30,0.1114,0.1663
马鞍村1社,47,2026-02-11,08:45,0.117,0.1856
马鞍村1社,47,2026-02-11,09:00,0.1201,0.1744
马鞍村1社,47,2026-02-11,09:15,0.1202,0.1338
马鞍村1社,47,2026-02-11,09:30,0.115,0.1162
马鞍村1社,47,2026-02-11,09:45,0.1029,0.1386
马鞍村1社,47,2026-02-11,10:00,0.0918,0.0596
马鞍村1社,47,2026-02-11,10:15,0.0862,0.0712
马鞍村1社,47,2026-02-11,10:30,0.0722,0.0392
马鞍村1社,47,2026-02-11,10:45,0.0633,0.0245
马鞍村1社,47,2026-02-11,11:00,0.0693,0.0327
马鞍村1社,47,2026-02-11,11:15,0.066,0.0239
马鞍村1社,47,2026-02-11,11:30,0.0599,0.0267
马鞍村1社,47,2026-02-11,11:45,0.0596,0.0841
马鞍村1社,47,2026-02-11,12:00,0.0732,0.086
马鞍村1社,47,2026-02-11,12:15,0.0633,0.1311
马鞍村1社,47,2026-02-11,12:30,0.065,0.0289
马鞍村1社,47,2026-02-11,12:45,0.0571,0.0361
马鞍村1社,47,2026-02-11,13:00,0.0555,0.1088
马鞍村1社,47,2026-02-11,13:15,0.0603,0.0505
马鞍村1社,47,2026-02-11,13:30,0.072,0.0374
马鞍村1社,47,2026-02-11,13:45,0.0595,0.0383
马鞍村1社,47,2026-02-11,14:00,0.0677,0.0329
马鞍村1社,47,2026-02-11,14:15,0.0575,0.0345
马鞍村1社,47,2026-02-11,14:30,0.0489,0.0291
马鞍村1社,47,2026-02-11,14:45,0.0686,0.0503
马鞍村1社,47,2026-02-11,15:00,0.0642,0.0706
马鞍村1社,47,2026-02-11,15:15,0.0727,0.064
马鞍村1社,47,2026-02-11,15:30,0.0646,0.0674
马鞍村1社,47,2026-02-11,15:45,0.0756,0.0717
马鞍村1社,47,2026-02-11,16:00,0.0819,0.0619
马鞍村1社,47,2026-02-11,16:15,0.0925,0.0656
马鞍村1社,47,2026-02-11,16:30,0.1,0.0773
马鞍村1社,47,2026-02-11,16:45,0.1024,0.1329
马鞍村1社,47,2026-02-11,17:00,0.1145,0.0966
马鞍村1社,47,2026-02-11,17:15,0.1169,0.0201
马鞍村1社,47,2026-02-11,17:30,0.1317,0.0537
马鞍村1社,47,2026-02-11,17:45,0.1133,0.0715
马鞍村1社,47,2026-02-11,18:00,0.129,0.0311
马鞍村1社,47,2026-02-11,18:15,0.1011,0.0623
马鞍村1社,47,2026-02-11,18:30,0.0936,0.0785
马鞍村1社,47,2026-02-11,18:45,0.0815,0.1052
马鞍村1社,47,2026-02-11,19:00,0.0838,0.0977
马鞍村1社,47,2026-02-11,19:15,0.0736,0.1252
马鞍村1社,47,2026-02-11,19:30,0.0768,0.1143
马鞍村1社,47,2026-02-11,19:45,0.0731,0.1359
马鞍村1社,47,2026-02-11,20:00,0.0642,0.1227
马鞍村1社,47,2026-02-11,20:15,0.0871,0.0825
马鞍村1社,47,2026-02-11,20:30,0.0711,0.078
马鞍村1社,47,2026-02-11,20:45,0.0664,0.1082
马鞍村1社,47,2026-02-11,21:00,0.0579,0.046
马鞍村1社,47,2026-02-11,21:15,0.0629,0.0369
马鞍村1社,47,2026-02-11,21:30,0.0573,0.0445
马鞍村1社,47,2026-02-11,21:45,0.0564,0.0358
马鞍村1社,47,2026-02-11,22:00,0.0514,0.0427
马鞍村1社,47,2026-02-11,22:15,0.0456,0.0414
马鞍村1社,47,2026-02-11,22:30,0.0479,0.0494
马鞍村1社,47,2026-02-11,22:45,0.0445,0.0377
马鞍村1社,47,2026-02-11,23:00,0.0428,0.036
马鞍村1社,47,2026-02-11,23:15,0.0345,0.0438
马鞍村1社,47,2026-02-11,23:30,0.0301,0.0292
马鞍村1社,47,2026-02-11,23:45,0.0384,0.0434
马鞍村1社,47,2026-02-12,00:00,0.0346,0.0461
马鞍村1社,47,2026-02-12,00:15,0.0365,0.0284
马鞍村1社,47,2026-02-12,00:30,0.0309,0.0335
马鞍村1社,47,2026-02-12,00:45,0.0319,0.032
马鞍村1社,47,2026-02-12,01:00,0.0312,0.0614
马鞍村1社,47,2026-02-12,01:15,0.0359,0.0302
马鞍村1社,47,2026-02-12,01:30,0.0294,0.0368
马鞍村1社,47,2026-02-12,01:45,0.0349,0.0319
马鞍村1社,47,2026-02-12,02:00,0.0291,0.0338
马鞍村1社,47,2026-02-12,02:15,0.0313,0.0741
马鞍村1社,47,2026-02-12,02:30,0.0323,0.0313
马鞍村1社,47,2026-02-12,02:45,0.0272,0.0371
马鞍村1社,47,2026-02-12,03:00,0.0277,0.0321
马鞍村1社,47,2026-02-12,03:15,0.0295,0.0372
马鞍村1社,47,2026-02-12,03:30,0.0364,0.0369
马鞍村1社,47,2026-02-12,03:45,0.0321,0.0372
马鞍村1社,47,2026-02-12,04:00,0.0349,0.0244
马鞍村1社,47,2026-02-12,04:15,0.0317,0.0298
马鞍村1社,47,2026-02-12,04:30,0.0267,0.0336
马鞍村1社,47,2026-02-12,04:45,0.0297,0.0344
马鞍村1社,47,2026-02-12,05:00,0.0306,0.0301
马鞍村1社,47,2026-02-12,05:15,0.0293,0.0262
马鞍村1社,47,2026-02-12,05:30,0.0271,0.0322
马鞍村1社,47,2026-02-12,05:45,0.026,0.031
马鞍村1社,47,2026-02-12,06:00,0.0318,0.0245
马鞍村1社,47,2026-02-12,06:15,0.0235,0.0406
马鞍村1社,47,2026-02-12,06:30,0.0304,0.023
马鞍村1社,47,2026-02-12,06:45,0.0309,0.0357
马鞍村1社,47,2026-02-12,07:00,0.0388,0.0245
马鞍村1社,47,2026-02-12,07:15,0.0414,0.0395
马鞍村1社,47,2026-02-12,07:30,0.0469,0.0367
马鞍村1社,47,2026-02-12,07:45,0.0673,0.0681
马鞍村1社,47,2026-02-12,08:00,0.0773,0.05
马鞍村1社,47,2026-02-12,08:15,0.0988,0.0577
马鞍村1社,47,2026-02-12,08:30,0.1166,0.096
马鞍村1社,47,2026-02-12,08:45,0.1286,0.1249
马鞍村1社,47,2026-02-12,09:00,0.1373,0.2032
马鞍村1社,47,2026-02-12,09:15,0.1266,0.0404
马鞍村1社,47,2026-02-12,09:30,0.1164,0.1574
马鞍村1社,47,2026-02-12,09:45,0.1119,0.1418
马鞍村1社,47,2026-02-12,10:00,0.086,0.1746
马鞍村1社,47,2026-02-12,10:15,0.0826,0.2637
马鞍村1社,47,2026-02-12,10:30,0.0785,0.161
马鞍村1社,47,2026-02-12,10:45,0.0694,0.1177
马鞍村1社,47,2026-02-12,11:00,0.0691,0.0334
马鞍村1社,47,2026-02-12,11:15,0.0754,0.0345
马鞍村1社,47,2026-02-12,11:30,0.0648,0.1249
马鞍村1社,47,2026-02-12,11:45,0.0661,0.0504
马鞍村1社,47,2026-02-12,12:00,0.0686,0.0585
马鞍村1社,47,2026-02-12,12:15,0.0656,0.0338
马鞍村1社,47,2026-02-12,12:30,0.0683,0.0504
马鞍村1社,47,2026-02-12,12:45,0.0524,0.043
马鞍村1社,47,2026-02-12,13:00,0.0633,0.0546
马鞍村1社,47,2026-02-12,13:15,0.0571,0.0628
马鞍村1社,47,2026-02-12,13:30,0.0627,0.0706
马鞍村1社,47,2026-02-12,13:45,0.0593,0.0279
马鞍村1社,47,2026-02-12,14:00,0.061,0.0374
马鞍村1社,47,2026-02-12,14:15,0.059,0.0468
马鞍村1社,47,2026-02-12,14:30,0.0558,0.029
马鞍村1社,47,2026-02-12,14:45,0.0655,0.0515
马鞍村1社,47,2026-02-12,15:00,0.0597,0.0336
马鞍村1社,47,2026-02-12,15:15,0.0636,0.1056
马鞍村1社,47,2026-02-12,15:30,0.076,0.1048
马鞍村1社,47,2026-02-12,15:45,0.078,0.079
马鞍村1社,47,2026-02-12,16:00,0.0764,0.0464
马鞍村1社,47,2026-02-12,16:15,0.1031,0.1285
马鞍村1社,47,2026-02-12,16:30,0.1108,0.0757
马鞍村1社,47,2026-02-12,16:45,0.1088,0.1483
马鞍村1社,47,2026-02-12,17:00,0.1192,0.1475
马鞍村1社,47,2026-02-12,17:15,0.1142,0.0929
马鞍村1社,47,2026-02-12,17:30,0.119,0.1676
马鞍村1社,47,2026-02-12,17:45,0.1279,0.1353
马鞍村1社,47,2026-02-12,18:00,0.1255,0.146
马鞍村1社,47,2026-02-12,18:15,0.1083,0.1747
马鞍村1社,47,2026-02-12,18:30,0.1053,0.1038
马鞍村1社,47,2026-02-12,18:45,0.0917,0.0694
马鞍村1社,47,2026-02-12,19:00,0.079,0.0395
马鞍村1社,47,2026-02-12,19:15,0.0712,0.0931
马鞍村1社,47,2026-02-12,19:30,0.066,0.1074
马鞍村1社,47,2026-02-12,19:45,0.0727,0.0509
马鞍村1社,47,2026-02-12,20:00,0.0629,0.077
马鞍村1社,47,2026-02-12,20:15,0.0774,0.0403
马鞍村1社,47,2026-02-12,20:30,0.0704,0.0723
马鞍村1社,47,2026-02-12,20:45,0.0718,0.051
马鞍村1社,47,2026-02-12,21:00,0.0617,0.0623
马鞍村1社,47,2026-02-12,21:15,0.0627,0.0445
马鞍村1社,47,2026-02-12,21:30,0.0638,0.0914
马鞍村1社,47,2026-02-12,21:45,0.0588,0.0545
马鞍村1社,47,2026-02-12,22:00,0.0557,0.0806
马鞍村1社,47,2026-02-12,22:15,0.0476,0.0419
马鞍村1社,47,2026-02-12,22:30,0.0391,0.0357
马鞍村1社,47,2026-02-12,22:45,0.0463,0.0451
马鞍村1社,47,2026-02-12,23:00,0.0468,0.0423
马鞍村1社,47,2026-02-12,23:15,0.0353,0.0335
马鞍村1社,47,2026-02-12,23:30,0.036,0.0328
马鞍村1社,47,2026-02-12,23:45,0.0307,0.02
甘伍村3社,48,2026-03-16,00:00,0.0002,0.0005
甘伍村3社,48,2026-03-16,00:15,0.0001,0.0005
甘伍村3社,48,2026-03-16,00:30,-0.0001,0.0005
甘伍村3社,48,2026-03-16,00:45,0.0001,0.0005
甘伍村3社,48,2026-03-16,01:00,0.0002,0.0005
甘伍村3社,48,2026-03-16,01:15,0.0009,0.0005
甘伍村3社,48,2026-03-16,01:30,0.0008,0.0005
甘伍村3社,48,2026-03-16,01:45,0.0003,0.0005
甘伍村3社,48,2026-03-16,02:00,-0.0,0.0005
甘伍村3社,48,2026-03-16,02:15,0.0012,0.0005
甘伍村3社,48,2026-03-16,02:30,-0.0003,0.0005
甘伍村3社,48,2026-03-16,02:45,0.0006,0.0005
甘伍村3社,48,2026-03-16,03:00,0.0004,0.0005
甘伍村3社,48,2026-03-16,03:15,0.0007,0.0005
甘伍村3社,48,2026-03-16,03:30,0.0003,0.0005
甘伍村3社,48,2026-03-16,03:45,0.0004,0.0005
甘伍村3社,48,2026-03-16,04:00,-0.001,0.0005
甘伍村3社,48,2026-03-16,04:15,0.0007,0.0005
甘伍村3社,48,2026-03-16,04:30,0.0009,0.0005
甘伍村3社,48,2026-03-16,04:45,0.0009,0.0005
甘伍村3社,48,2026-03-16,05:00,0.0009,0.0005
甘伍村3社,48,2026-03-16,05:15,0.0006,0.0005
甘伍村3社,48,2026-03-16,05:30,0.0006,0.0005
甘伍村3社,48,2026-03-16,05:45,0.0008,0.0005
甘伍村3社,48,2026-03-16,06:00,0.001,0.0005
甘伍村3社,48,2026-03-16,06:15,0.0001,0.0005
甘伍村3社,48,2026-03-16,06:30,-0.0,0.0005
甘伍村3社,48,2026-03-16,06:45,0.0011,0.0005
甘伍村3社,48,2026-03-16,07:00,-0.0004,0.0005
甘伍村3社,48,2026-03-16,07:15,0.0005,0.0005
甘伍村3社,48,2026-03-16,07:30,0.0015,0.0005
甘伍村3社,48,2026-03-16,07:45,0.0018,0.0005
甘伍村3社,48,2026-03-16,08:00,0.0,0.0005
甘伍村3社,48,2026-03-16,08:15,0.0015,0.0005
甘伍村3社,48,2026-03-16,08:30,0.0022,0.0005
甘伍村3社,48,2026-03-16,08:45,0.0002,0.0005
甘伍村3社,48,2026-03-16,09:00,0.0032,0.0005
甘伍村3社,48,2026-03-16,09:15,0.0017,0.0005
甘伍村3社,48,2026-03-16,09:30,0.0037,0.0005
甘伍村3社,48,2026-03-16,09:45,0.0027,0.0005
甘伍村3社,48,2026-03-16,10:00,0.0067,0.0005
甘伍村3社,48,2026-03-16,10:15,0.0087,0.0005
甘伍村3社,48,2026-03-16,10:30,0.0098,0.0005
甘伍村3社,48,2026-03-16,10:45,0.0107,0.0005
甘伍村3社,48,2026-03-16,11:00,0.0097,0.0005
甘伍村3社,48,2026-03-16,11:15,0.0133,0.0005
甘伍村3社,48,2026-03-16,11:30,0.0132,0.0005
甘伍村3社,48,2026-03-16,11:45,0.013,0.0005
甘伍村3社,48,2026-03-16,12:00,0.009,0.0005
甘伍村3社,48,2026-03-16,12:15,0.0085,0.0005
甘伍村3社,48,2026-03-16,12:30,0.0096,0.0005
甘伍村3社,48,2026-03-16,12:45,0.0077,0.0005
甘伍村3社,48,2026-03-16,13:00,0.0028,0.0005
甘伍村3社,48,2026-03-16,13:15,0.0039,0.0005
甘伍村3社,48,2026-03-16,13:30,0.0054,0.0005
甘伍村3社,48,2026-03-16,13:45,0.0031,0.0005
甘伍村3社,48,2026-03-16,14:00,0.0028,0.0005
甘伍村3社,48,2026-03-16,14:15,0.0044,0.0005
甘伍村3社,48,2026-03-16,14:30,0.0032,0.0005
甘伍村3社,48,2026-03-16,14:45,0.0019,0.0005
甘伍村3社,48,2026-03-16,15:00,0.001,0.0005
甘伍村3社,48,2026-03-16,15:15,0.0016,0.0005
甘伍村3社,48,2026-03-16,15:30,0.0001,0.0005
甘伍村3社,48,2026-03-16,15:45,0.0008,0.0005
甘伍村3社,48,2026-03-16,16:00,0.0008,0.0005
甘伍村3社,48,2026-03-16,16:15,0.0007,0.0005
甘伍村3社,48,2026-03-16,16:30,-0.0006,0.0005
甘伍村3社,48,2026-03-16,16:45,0.0017,0.0005
甘伍村3社,48,2026-03-16,17:00,0.0019,0.0005
甘伍村3社,48,2026-03-16,17:15,0.0007,0.0005
甘伍村3社,48,2026-03-16,17:30,0.0007,0.0005
甘伍村3社,48,2026-03-16,17:45,0.0012,0.0005
甘伍村3社,48,2026-03-16,18:00,0.0015,0.0005
甘伍村3社,48,2026-03-16,18:15,-0.0,0.0005
甘伍村3社,48,2026-03-16,18:30,0.0001,0.0005
甘伍村3社,48,2026-03-16,18:45,0.0018,0.0005
甘伍村3社,48,2026-03-16,19:00,0.0008,0.0005
甘伍村3社,48,2026-03-16,19:15,0.0007,0.0005
甘伍村3社,48,2026-03-16,19:30,-0.0011,0.0005
甘伍村3社,48,2026-03-16,19:45,0.0001,0.0005
甘伍村3社,48,2026-03-16,20:00,-0.001,0.0005
甘伍村3社,48,2026-03-16,20:15,-0.0005,0.0005
甘伍村3社,48,2026-03-16,20:30,-0.0002,0.0005
甘伍村3社,48,2026-03-16,20:45,0.0022,0.0005
甘伍村3社,48,2026-03-16,21:00,-0.0011,0.0005
甘伍村3社,48,2026-03-16,21:15,0.0003,0.0005
甘伍村3社,48,2026-03-16,21:30,-0.0011,0.0005
甘伍村3社,48,2026-03-16,21:45,0.0003,0.0005
甘伍村3社,48,2026-03-16,22:00,0.0003,0.0005
甘伍村3社,48,2026-03-16,22:15,-0.0007,0.0005
甘伍村3社,48,2026-03-16,22:30,0.0001,0.0005
甘伍村3社,48,2026-03-16,22:45,0.0009,0.0005
甘伍村3社,48,2026-03-16,23:00,0.0004,0.0005
甘伍村3社,48,2026-03-16,23:15,-0.0001,0.0005
甘伍村3社,48,2026-03-16,23:30,0.0006,0.0005
甘伍村3社,48,2026-03-16,23:45,0.0002,0.0005
甘伍村3社,48,2026-03-17,00:00,0.0005,0.0005
甘伍村3社,48,2026-03-17,00:15,-0.0001,0.0005
甘伍村3社,48,2026-03-17,00:30,0.0001,0.0005
甘伍村3社,48,2026-03-17,00:45,0.0009,0.0005
甘伍村3社,48,2026-03-17,01:00,-0.0013,0.0005
甘伍村3社,48,2026-03-17,01:15,0.0007,0.0005
甘伍村3社,48,2026-03-17,01:30,0.0007,0.0005
甘伍村3社,48,2026-03-17,01:45,0.0005,0.0005
甘伍村3社,48,2026-03-17,02:00,-0.0003,0.0005
甘伍村3社,48,2026-03-17,02:15,0.0,0.0005
甘伍村3社,48,2026-03-17,02:30,0.0002,0.0005
甘伍村3社,48,2026-03-17,02:45,0.0003,0.0005
甘伍村3社,48,2026-03-17,03:00,0.0007,0.0005
甘伍村3社,48,2026-03-17,03:15,0.001,0.0005
甘伍村3社,48,2026-03-17,03:30,0.0003,0.0005
甘伍村3社,48,2026-03-17,03:45,-0.0003,0.0005
甘伍村3社,48,2026-03-17,04:00,0.0011,0.0005
甘伍村3社,48,2026-03-17,04:15,-0.0005,0.0005
甘伍村3社,48,2026-03-17,04:30,0.0002,0.0005
甘伍村3社,48,2026-03-17,04:45,0.0008,0.0005
甘伍村3社,48,2026-03-17,05:00,0.0012,0.0005
甘伍村3社,48,2026-03-17,05:15,0.0005,0.0005
甘伍村3社,48,2026-03-17,05:30,0.0005,0.0005
甘伍村3社,48,2026-03-17,05:45,0.0002,0.0005
甘伍村3社,48,2026-03-17,06:00,0.0011,0.0005
甘伍村3社,48,2026-03-17,06:15,-0.0001,0.0005
甘伍村3社,48,2026-03-17,06:30,0.0004,0.0005
甘伍村3社,48,2026-03-17,06:45,-0.0,0.0005
甘伍村3社,48,2026-03-17,07:00,0.0007,0.0005
甘伍村3社,48,2026-03-17,07:15,0.0009,0.0005
甘伍村3社,48,2026-03-17,07:30,0.0002,0.0005
甘伍村3社,48,2026-03-17,07:45,0.0004,0.0005
甘伍村3社,48,2026-03-17,08:00,0.0013,0.0005
甘伍村3社,48,2026-03-17,08:15,0.0015,0.0005
甘伍村3社,48,2026-03-17,08:30,0.0017,0.0005
甘伍村3社,48,2026-03-17,08:45,0.0008,0.0005
甘伍村3社,48,2026-03-17,09:00,0.003,0.0005
甘伍村3社,48,2026-03-17,09:15,0.0011,0.0005
甘伍村3社,48,2026-03-17,09:30,0.0008,0.0005
甘伍村3社,48,2026-03-17,09:45,0.0007,0.0005
甘伍村3社,48,2026-03-17,10:00,0.0056,0.0007
甘伍村3社,48,2026-03-17,10:15,0.0079,0.0007
甘伍村3社,48,2026-03-17,10:30,0.0097,0.0007
甘伍村3社,48,2026-03-17,10:45,0.0111,0.0844
甘伍村3社,48,2026-03-17,11:00,0.0112,0.0814
甘伍村3社,48,2026-03-17,11:15,0.0152,0.0817
甘伍村3社,48,2026-03-17,11:30,0.0132,0.0817
甘伍村3社,48,2026-03-17,11:45,0.0121,0.0809
甘伍村3社,48,2026-03-17,12:00,0.0097,0.0808
甘伍村3社,48,2026-03-17,12:15,0.0086,0.0005
甘伍村3社,48,2026-03-17,12:30,0.0067,0.0006
甘伍村3社,48,2026-03-17,12:45,0.008,0.0005
甘伍村3社,48,2026-03-17,13:00,0.0042,0.0005
甘伍村3社,48,2026-03-17,13:15,0.0044,0.0005
甘伍村3社,48,2026-03-17,13:30,0.0049,0.0005
甘伍村3社,48,2026-03-17,13:45,0.0052,0.0005
甘伍村3社,48,2026-03-17,14:00,0.005,0.0005
甘伍村3社,48,2026-03-17,14:15,0.0044,0.0005
甘伍村3社,48,2026-03-17,14:30,0.0034,0.0005
甘伍村3社,48,2026-03-17,14:45,0.0019,0.0005
甘伍村3社,48,2026-03-17,15:00,0.001,0.0005
甘伍村3社,48,2026-03-17,15:15,0.0024,0.0005
甘伍村3社,48,2026-03-17,15:30,0.0007,0.0005
甘伍村3社,48,2026-03-17,15:45,0.001,0.0005
甘伍村3社,48,2026-03-17,16:00,0.0013,0.0005
甘伍村3社,48,2026-03-17,16:15,0.001,0.0005
甘伍村3社,48,2026-03-17,16:30,0.0007,0.0005
甘伍村3社,48,2026-03-17,16:45,0.0018,0.0005
甘伍村3社,48,2026-03-17,17:00,0.0014,0.0005
甘伍村3社,48,2026-03-17,17:15,0.0009,0.0005
甘伍村3社,48,2026-03-17,17:30,0.0007,0.0005
甘伍村3社,48,2026-03-17,17:45,0.0005,0.0005
甘伍村3社,48,2026-03-17,18:00,-0.0001,0.0005
甘伍村3社,48,2026-03-17,18:15,0.0014,0.0005
甘伍村3社,48,2026-03-17,18:30,0.0009,0.0005
甘伍村3社,48,2026-03-17,18:45,-0.0009,0.0005
甘伍村3社,48,2026-03-17,19:00,-0.0001,0.0005
甘伍村3社,48,2026-03-17,19:15,-0.0004,0.0005
甘伍村3社,48,2026-03-17,19:30,-0.0002,0.0005
甘伍村3社,48,2026-03-17,19:45,0.0005,0.0005
甘伍村3社,48,2026-03-17,20:00,0.0005,0.0005
甘伍村3社,48,2026-03-17,20:15,0.0008,0.0005
甘伍村3社,48,2026-03-17,20:30,0.0002,0.0005
甘伍村3社,48,2026-03-17,20:45,-0.0006,0.0005
甘伍村3社,48,2026-03-17,21:00,0.0004,0.0005
甘伍村3社,48,2026-03-17,21:15,0.0004,0.0005
甘伍村3社,48,2026-03-17,21:30,-0.0007,0.0005
甘伍村3社,48,2026-03-17,21:45,0.0002,0.0005
甘伍村3社,48,2026-03-17,22:00,-0.0001,0.0005
甘伍村3社,48,2026-03-17,22:15,-0.0007,0.0005
甘伍村3社,48,2026-03-17,22:30,0.0012,0.0005
甘伍村3社,48,2026-03-17,22:45,-0.0001,0.0005
甘伍村3社,48,2026-03-17,23:00,0.0002,0.0005
甘伍村3社,48,2026-03-17,23:15,-0.0,0.0005
甘伍村3社,48,2026-03-17,23:30,0.0014,0.0005
甘伍村3社,48,2026-03-17,23:45,-0.0003,0.0005
甘伍村3社,48,2026-03-18,00:00,0.0004,0.0005
甘伍村3社,48,2026-03-18,00:15,-0.0001,0.0005
甘伍村3社,48,2026-03-18,00:30,0.0003,0.0005
甘伍村3社,48,2026-03-18,00:45,-0.0001,0.0005
甘伍村3社,48,2026-03-18,01:00,0.0008,0.0005
甘伍村3社,48,2026-03-18,01:15,0.0001,0.0005
甘伍村3社,48,2026-03-18,01:30,-0.0,0.0005
甘伍村3社,48,2026-03-18,01:45,-0.0001,0.0005
甘伍村3社,48,2026-03-18,02:00,0.0005,0.0005
甘伍村3社,48,2026-03-18,02:15,0.0015,0.0005
甘伍村3社,48,2026-03-18,02:30,0.0007,0.0005
甘伍村3社,48,2026-03-18,02:45,0.0013,0.0005
甘伍村3社,48,2026-03-18,03:00,0.0003,0.0005
甘伍村3社,48,2026-03-18,03:15,0.0008,0.0005
甘伍村3社,48,2026-03-18,03:30,-0.0001,0.0005
甘伍村3社,48,2026-03-18,03:45,0.0001,0.0005
甘伍村3社,48,2026-03-18,04:00,-0.0001,0.0005
甘伍村3社,48,2026-03-18,04:15,0.0008,0.0005
甘伍村3社,48,2026-03-18,04:30,-0.0002,0.0005
甘伍村3社,48,2026-03-18,04:45,0.0003,0.0005
甘伍村3社,48,2026-03-18,05:00,0.0008,0.0005
甘伍村3社,48,2026-03-18,05:15,-0.0007,0.0005
甘伍村3社,48,2026-03-18,05:30,0.0002,0.0005
甘伍村3社,48,2026-03-18,05:45,0.0001,0.0005
甘伍村3社,48,2026-03-18,06:00,-0.0008,0.0005
甘伍村3社,48,2026-03-18,06:15,-0.0003,0.0005
甘伍村3社,48,2026-03-18,06:30,0.0007,0.0005
甘伍村3社,48,2026-03-18,06:45,-0.0002,0.0005
甘伍村3社,48,2026-03-18,07:00,0.0004,0.0005
甘伍村3社,48,2026-03-18,07:15,0.0006,0.0005
甘伍村3社,48,2026-03-18,07:30,0.0005,0.0005
甘伍村3社,48,2026-03-18,07:45,0.0018,0.0005
甘伍村3社,48,2026-03-18,08:00,0.001,0.0005
甘伍村3社,48,2026-03-18,08:15,-0.0006,0.0005
甘伍村3社,48,2026-03-18,08:30,0.0011,0.0005
甘伍村3社,48,2026-03-18,08:45,0.0013,0.0005
甘伍村3社,48,2026-03-18,09:00,0.0035,0.0005
甘伍村3社,48,2026-03-18,09:15,0.0015,0.0005
甘伍村3社,48,2026-03-18,09:30,0.0011,0.0005
甘伍村3社,48,2026-03-18,09:45,0.0023,0.0005
甘伍村3社,48,2026-03-18,10:00,0.005,0.0005
甘伍村3社,48,2026-03-18,10:15,0.0082,0.0005
甘伍村3社,48,2026-03-18,10:30,0.0093,0.0005
甘伍村3社,48,2026-03-18,10:45,0.0112,0.0005
甘伍村3社,48,2026-03-18,11:00,0.0113,0.0005
甘伍村3社,48,2026-03-18,11:15,0.0155,0.0005
甘伍村3社,48,2026-03-18,11:30,0.0148,0.0005
甘伍村3社,48,2026-03-18,11:45,0.0143,0.0005
甘伍村3社,48,2026-03-18,12:00,0.0093,0.0005
甘伍村3社,48,2026-03-18,12:15,0.0072,0.0005
甘伍村3社,48,2026-03-18,12:30,0.0072,0.0008
甘伍村3社,48,2026-03-18,12:45,0.0069,0.0008
甘伍村3社,48,2026-03-18,13:00,0.0026,0.0006
甘伍村3社,48,2026-03-18,13:15,0.0048,0.0006
甘伍村3社,48,2026-03-18,13:30,0.0051,0.0005
甘伍村3社,48,2026-03-18,13:45,0.004,0.0005
甘伍村3社,48,2026-03-18,14:00,0.0038,0.0005
甘伍村3社,48,2026-03-18,14:15,0.0025,0.0005
甘伍村3社,48,2026-03-18,14:30,0.0018,0.0005
甘伍村3社,48,2026-03-18,14:45,0.0016,0.0005
甘伍村3社,48,2026-03-18,15:00,0.0009,0.0005
甘伍村3社,48,2026-03-18,15:15,0.0016,0.0005
甘伍村3社,48,2026-03-18,15:30,0.0004,0.0005
甘伍村3社,48,2026-03-18,15:45,0.0009,0.0005
甘伍村3社,48,2026-03-18,16:00,0.0013,0.0005
甘伍村3社,48,2026-03-18,16:15,-0.0003,0.0005
甘伍村3社,48,2026-03-18,16:30,0.0018,0.0005
甘伍村3社,48,2026-03-18,16:45,0.0001,0.0005
甘伍村3社,48,2026-03-18,17:00,0.0017,0.0005
甘伍村3社,48,2026-03-18,17:15,0.0009,0.0005
甘伍村3社,48,2026-03-18,17:30,0.0007,0.0005
甘伍村3社,48,2026-03-18,17:45,0.0011,0.0005
甘伍村3社,48,2026-03-18,18:00,0.0005,0.0005
甘伍村3社,48,2026-03-18,18:15,0.0018,0.0005
甘伍村3社,48,2026-03-18,18:30,-0.0,0.0005
甘伍村3社,48,2026-03-18,18:45,0.0002,0.0005
甘伍村3社,48,2026-03-18,19:00,-0.0001,0.0005
甘伍村3社,48,2026-03-18,19:15,0.0007,0.0005
甘伍村3社,48,2026-03-18,19:30,0.0006,0.0005
甘伍村3社,48,2026-03-18,19:45,0.0013,0.0005
甘伍村3社,48,2026-03-18,20:00,0.0004,0.0005
甘伍村3社,48,2026-03-18,20:15,0.0014,0.0005
甘伍村3社,48,2026-03-18,20:30,0.0004,0.0005
甘伍村3社,48,2026-03-18,20:45,0.0001,0.0005
甘伍村3社,48,2026-03-18,21:00,0.0007,0.0005
甘伍村3社,48,2026-03-18,21:15,-0.0004,0.0005
甘伍村3社,48,2026-03-18,21:30,-0.0004,0.0005
甘伍村3社,48,2026-03-18,21:45,0.0007,0.0005
甘伍村3社,48,2026-03-18,22:00,0.0001,0.0005
甘伍村3社,48,2026-03-18,22:15,0.0006,0.0005
甘伍村3社,48,2026-03-18,22:30,0.0008,0.0005
甘伍村3社,48,2026-03-18,22:45,-0.0005,0.0005
甘伍村3社,48,2026-03-18,23:00,0.0012,0.0005
甘伍村3社,48,2026-03-18,23:15,-0.0005,0.0005
甘伍村3社,48,2026-03-18,23:30,-0.0001,0.0005
甘伍村3社,48,2026-03-18,23:45,0.0002,0.0005
甘伍村3社,49,2026-02-05,00:00,0.0003,0.0005
甘伍村3社,49,2026-02-05,00:15,0.0009,0.0005
甘伍村3社,49,2026-02-05,00:30,0.0005,0.0005
甘伍村3社,49,2026-02-05,00:45,0.0001,0.0005
甘伍村3社,49,2026-02-05,01:00,-0.0,0.0005
甘伍村3社,49,2026-02-05,01:15,0.0004,0.0005
甘伍村3社,49,2026-02-05,01:30,0.0006,0.0005
甘伍村3社,49,2026-02-05,01:45,0.0011,0.0005
甘伍村3社,49,2026-02-05,02:00,0.0009,0.0005
甘伍村3社,49,2026-02-05,02:15,0.0012,0.0005
甘伍村3社,49,2026-02-05,02:30,0.0003,0.0005
甘伍村3社,49,2026-02-05,02:45,0.0007,0.0005
甘伍村3社,49,2026-02-05,03:00,0.0006,0.0005
甘伍村3社,49,2026-02-05,03:15,0.0004,0.0005
甘伍村3社,49,2026-02-05,03:30,0.0006,0.0005
甘伍村3社,49,2026-02-05,03:45,0.0002,0.0005
甘伍村3社,49,2026-02-05,04:00,-0.0001,0.0005
甘伍村3社,49,2026-02-05,04:15,0.0003,0.0005
甘伍村3社,49,2026-02-05,04:30,0.0007,0.0005
甘伍村3社,49,2026-02-05,04:45,-0.0001,0.0005
甘伍村3社,49,2026-02-05,05:00,0.0003,0.0005
甘伍村3社,49,2026-02-05,05:15,0.0016,0.0005
甘伍村3社,49,2026-02-05,05:30,0.0003,0.0005
甘伍村3社,49,2026-02-05,05:45,0.0,0.0005
甘伍村3社,49,2026-02-05,06:00,0.0004,0.0005
甘伍村3社,49,2026-02-05,06:15,0.0005,0.0005
甘伍村3社,49,2026-02-05,06:30,-0.0002,0.0005
甘伍村3社,49,2026-02-05,06:45,0.0006,0.0005
甘伍村3社,49,2026-02-05,07:00,-0.0006,0.0005
甘伍村3社,49,2026-02-05,07:15,-0.0,0.0005
甘伍村3社,49,2026-02-05,07:30,0.0,0.0005
甘伍村3社,49,2026-02-05,07:45,0.0009,0.0005
甘伍村3社,49,2026-02-05,08:00,0.0002,0.0005
甘伍村3社,49,2026-02-05,08:15,0.0014,0.0005
甘伍村3社,49,2026-02-05,08:30,0.002,0.0005
甘伍村3社,49,2026-02-05,08:45,0.0009,0.0005
甘伍村3社,49,2026-02-05,09:00,0.0029,0.0005
甘伍村3社,49,2026-02-05,09:15,0.0035,0.0005
甘伍村3社,49,2026-02-05,09:30,0.003,0.0005
甘伍村3社,49,2026-02-05,09:45,0.0038,0.0005
甘伍村3社,49,2026-02-05,10:00,0.0064,0.0005
甘伍村3社,49,2026-02-05,10:15,0.0084,0.0005
甘伍村3社,49,2026-02-05,10:30,0.0096,0.0005
甘伍村3社,49,2026-02-05,10:45,0.01,0.0005
甘伍村3社,49,2026-02-05,11:00,0.0097,0.0005
甘伍村3社,49,2026-02-05,11:15,0.0118,0.0752
甘伍村3社,49,2026-02-05,11:30,0.0127,0.0749
甘伍村3社,49,2026-02-05,11:45,0.0125,0.0737
甘伍村3社,49,2026-02-05,12:00,0.0078,0.0777
甘伍村3社,49,2026-02-05,12:15,0.008,0.0777
甘伍村3社,49,2026-02-05,12:30,0.0087,0.0784
甘伍村3社,49,2026-02-05,12:45,0.0076,0.0693
甘伍村3社,49,2026-02-05,13:00,0.0023,0.0005
甘伍村3社,49,2026-02-05,13:15,0.0041,0.0005
甘伍村3社,49,2026-02-05,13:30,0.0045,0.0005
甘伍村3社,49,2026-02-05,13:45,0.0029,0.0005
甘伍村3社,49,2026-02-05,14:00,0.0036,0.0005
甘伍村3社,49,2026-02-05,14:15,0.005,0.0005
甘伍村3社,49,2026-02-05,14:30,0.0027,0.0005
甘伍村3社,49,2026-02-05,14:45,0.0021,0.0005
甘伍村3社,49,2026-02-05,15:00,0.0008,0.0005
甘伍村3社,49,2026-02-05,15:15,0.0021,0.0005
甘伍村3社,49,2026-02-05,15:30,0.0002,0.0005
甘伍村3社,49,2026-02-05,15:45,0.0014,0.0005
甘伍村3社,49,2026-02-05,16:00,0.0018,0.0005
甘伍村3社,49,2026-02-05,16:15,0.0015,0.0005
甘伍村3社,49,2026-02-05,16:30,-0.0014,0.0005
甘伍村3社,49,2026-02-05,16:45,0.0016,0.0005
甘伍村3社,49,2026-02-05,17:00,0.0025,0.0005
甘伍村3社,49,2026-02-05,17:15,0.0019,0.0005
甘伍村3社,49,2026-02-05,17:30,0.0007,0.0005
甘伍村3社,49,2026-02-05,17:45,0.0007,0.0005
甘伍村3社,49,2026-02-05,18:00,0.0012,0.0005
甘伍村3社,49,2026-02-05,18:15,0.0015,0.0005
甘伍村3社,49,2026-02-05,18:30,0.0015,0.0005
甘伍村3社,49,2026-02-05,18:45,0.0016,0.0005
甘伍村3社,49,2026-02-05,19:00,0.0001,0.0005
甘伍村3社,49,2026-02-05,19:15,0.0021,0.0005
甘伍村3社,49,2026-02-05,19:30,-0.0007,0.0005
甘伍村3社,49,2026-02-05,19:45,0.0004,0.0005
甘伍村3社,49,2026-02-05,20:00,-0.0002,0.0005
甘伍村3社,49,2026-02-05,20:15,0.0013,0.0005
甘伍村3社,49,2026-02-05,20:30,0.0002,0.0005
甘伍村3社,49,2026-02-05,20:45,0.002,0.0005
甘伍村3社,49,2026-02-05,21:00,0.0006,0.0005
甘伍村3社,49,2026-02-05,21:15,0.0001,0.0005
甘伍村3社,49,2026-02-05,21:30,0.0009,0.0005
甘伍村3社,49,2026-02-05,21:45,0.0009,0.0005
甘伍村3社,49,2026-02-05,22:00,0.0001,0.0005
甘伍村3社,49,2026-02-05,22:15,-0.0007,0.0005
甘伍村3社,49,2026-02-05,22:30,0.0003,0.0005
甘伍村3社,49,2026-02-05,22:45,0.0015,0.0005
甘伍村3社,49,2026-02-05,23:00,0.0007,0.0005
甘伍村3社,49,2026-02-05,23:15,0.0012,0.0005
甘伍村3社,49,2026-02-05,23:30,0.0008,0.0005
甘伍村3社,49,2026-02-05,23:45,0.0002,0.0005
甘伍村3社,49,2026-02-06,00:00,0.0007,0.0005
甘伍村3社,49,2026-02-06,00:15,0.0011,0.0005
甘伍村3社,49,2026-02-06,00:30,0.0008,0.0005
甘伍村3社,49,2026-02-06,00:45,0.001,0.0005
甘伍村3社,49,2026-02-06,01:00,0.0,0.0005
甘伍村3社,49,2026-02-06,01:15,0.0014,0.0005
甘伍村3社,49,2026-02-06,01:30,-0.0002,0.0005
甘伍村3社,49,2026-02-06,01:45,0.0002,0.0005
甘伍村3社,49,2026-02-06,02:00,0.0004,0.0005
甘伍村3社,49,2026-02-06,02:15,0.0004,0.0005
甘伍村3社,49,2026-02-06,02:30,0.0004,0.0005
甘伍村3社,49,2026-02-06,02:45,0.0005,0.0005
甘伍村3社,49,2026-02-06,03:00,0.0005,0.0005
甘伍村3社,49,2026-02-06,03:15,0.0016,0.0005
甘伍村3社,49,2026-02-06,03:30,0.001,0.0005
甘伍村3社,49,2026-02-06,03:45,0.0009,0.0005
甘伍村3社,49,2026-02-06,04:00,0.0005,0.0005
甘伍村3社,49,2026-02-06,04:15,-0.0,0.0005
甘伍村3社,49,2026-02-06,04:30,0.0004,0.0005
甘伍村3社,49,2026-02-06,04:45,0.0006,0.0005
甘伍村3社,49,2026-02-06,05:00,0.0009,0.0005
甘伍村3社,49,2026-02-06,05:15,0.0005,0.0005
甘伍村3社,49,2026-02-06,05:30,-0.0002,0.0005
甘伍村3社,49,2026-02-06,05:45,0.0003,0.0005
甘伍村3社,49,2026-02-06,06:00,0.0012,0.0005
甘伍村3社,49,2026-02-06,06:15,0.0008,0.0005
甘伍村3社,49,2026-02-06,06:30,0.0006,0.0005
甘伍村3社,49,2026-02-06,06:45,0.0002,0.0005
甘伍村3社,49,2026-02-06,07:00,0.0006,0.0005
甘伍村3社,49,2026-02-06,07:15,0.0,0.0005
甘伍村3社,49,2026-02-06,07:30,0.0015,0.0005
甘伍村3社,49,2026-02-06,07:45,-0.0003,0.0005
甘伍村3社,49,2026-02-06,08:00,0.0011,0.0005
甘伍村3社,49,2026-02-06,08:15,0.0001,0.0005
甘伍村3社,49,2026-02-06,08:30,0.0015,0.0005
甘伍村3社,49,2026-02-06,08:45,0.0016,0.0005
甘伍村3社,49,2026-02-06,09:00,0.0025,0.0005
甘伍村3社,49,2026-02-06,09:15,0.0023,0.0005
甘伍村3社,49,2026-02-06,09:30,0.0025,0.0005
甘伍村3社,49,2026-02-06,09:45,0.003,0.0005
甘伍村3社,49,2026-02-06,10:00,0.008,0.0005
甘伍村3社,49,2026-02-06,10:15,0.0095,0.0005
甘伍村3社,49,2026-02-06,10:30,0.0116,0.0005
甘伍村3社,49,2026-02-06,10:45,0.0118,0.0005
甘伍村3社,49,2026-02-06,11:00,0.0112,0.0005
甘伍村3社,49,2026-02-06,11:15,0.015,0.0005
甘伍村3社,49,2026-02-06,11:30,0.0121,0.0005
甘伍村3社,49,2026-02-06,11:45,0.0122,0.0005
甘伍村3社,49,2026-02-06,12:00,0.0085,0.0005
甘伍村3社,49,2026-02-06,12:15,0.0079,0.0005
甘伍村3社,49,2026-02-06,12:30,0.007,0.0005
甘伍村3社,49,2026-02-06,12:45,0.0067,0.0005
甘伍村3社,49,2026-02-06,13:00,0.0031,0.0005
甘伍村3社,49,2026-02-06,13:15,0.0034,0.0005
甘伍村3社,49,2026-02-06,13:30,0.0044,0.0005
甘伍村3社,49,2026-02-06,13:45,0.0052,0.0005
甘伍村3社,49,2026-02-06,14:00,0.0057,0.0005
甘伍村3社,49,2026-02-06,14:15,0.0045,0.0005
甘伍村3社,49,2026-02-06,14:30,0.0045,0.0005
甘伍村3社,49,2026-02-06,14:45,0.0029,0.0005
甘伍村3社,49,2026-02-06,15:00,0.0015,0.0005
甘伍村3社,49,2026-02-06,15:15,0.0027,0.0005
甘伍村3社,49,2026-02-06,15:30,0.0001,0.0005
甘伍村3社,49,2026-02-06,15:45,0.0027,0.0005
甘伍村3社,49,2026-02-06,16:00,0.001,0.0005
甘伍村3社,49,2026-02-06,16:15,0.0009,0.0005
甘伍村3社,49,2026-02-06,16:30,0.0017,0.0005
甘伍村3社,49,2026-02-06,16:45,0.0014,0.0005
甘伍村3社,49,2026-02-06,17:00,0.0023,0.0005
甘伍村3社,49,2026-02-06,17:15,0.0011,0.0005
甘伍村3社,49,2026-02-06,17:30,0.0017,0.0005
甘伍村3社,49,2026-02-06,17:45,0.0027,0.0005
甘伍村3社,49,2026-02-06,18:00,0.0021,0.0005
甘伍村3社,49,2026-02-06,18:15,0.0017,0.0005
甘伍村3社,49,2026-02-06,18:30,0.0022,0.0005
甘伍村3社,49,2026-02-06,18:45,-0.0006,0.0005
甘伍村3社,49,2026-02-06,19:00,0.0002,0.0005
甘伍村3社,49,2026-02-06,19:15,0.0012,0.0005
甘伍村3社,49,2026-02-06,19:30,0.0,0.0005
甘伍村3社,49,2026-02-06,19:45,-0.0002,0.0005
甘伍村3社,49,2026-02-06,20:00,0.001,0.0005
甘伍村3社,49,2026-02-06,20:15,0.0008,0.0005
甘伍村3社,49,2026-02-06,20:30,-0.0001,0.0005
甘伍村3社,49,2026-02-06,20:45,0.0008,0.0005
甘伍村3社,49,2026-02-06,21:00,0.0012,0.0005
甘伍村3社,49,2026-02-06,21:15,-0.0004,0.0005
甘伍村3社,49,2026-02-06,21:30,0.0008,0.0005
甘伍村3社,49,2026-02-06,21:45,0.0005,0.0005
甘伍村3社,49,2026-02-06,22:00,0.0004,0.0005
甘伍村3社,49,2026-02-06,22:15,0.0008,0.0005
甘伍村3社,49,2026-02-06,22:30,0.0013,0.0005
甘伍村3社,49,2026-02-06,22:45,0.0012,0.0005
甘伍村3社,49,2026-02-06,23:00,0.0008,0.0005
甘伍村3社,49,2026-02-06,23:15,-0.0001,0.0005
甘伍村3社,49,2026-02-06,23:30,0.0013,0.0005
甘伍村3社,49,2026-02-06,23:45,-0.0004,0.0005
甘伍村3社,49,2026-02-07,00:00,0.0009,0.0005
甘伍村3社,49,2026-02-07,00:15,0.0008,0.0005
甘伍村3社,49,2026-02-07,00:30,0.0006,0.0005
甘伍村3社,49,2026-02-07,00:45,0.0004,0.0005
甘伍村3社,49,2026-02-07,01:00,0.0015,0.0005
甘伍村3社,49,2026-02-07,01:15,0.0014,0.0005
甘伍村3社,49,2026-02-07,01:30,-0.0003,0.0005
甘伍村3社,49,2026-02-07,01:45,0.0003,0.0005
甘伍村3社,49,2026-02-07,02:00,0.0006,0.0005
甘伍村3社,49,2026-02-07,02:15,0.0016,0.0005
甘伍村3社,49,2026-02-07,02:30,0.0004,0.0005
甘伍村3社,49,2026-02-07,02:45,-0.0001,0.0005
甘伍村3社,49,2026-02-07,03:00,0.0007,0.0005
甘伍村3社,49,2026-02-07,03:15,0.001,0.0005
甘伍村3社,49,2026-02-07,03:30,0.0006,0.0005
甘伍村3社,49,2026-02-07,03:45,0.0005,0.0005
甘伍村3社,49,2026-02-07,04:00,0.0004,0.0005
甘伍村3社,49,2026-02-07,04:15,0.0009,0.0005
甘伍村3社,49,2026-02-07,04:30,0.0018,0.0005
甘伍村3社,49,2026-02-07,04:45,-0.0003,0.0005
甘伍村3社,49,2026-02-07,05:00,0.0001,0.0005
甘伍村3社,49,2026-02-07,05:15,0.0002,0.0005
甘伍村3社,49,2026-02-07,05:30,-0.0,0.0005
甘伍村3社,49,2026-02-07,05:45,0.0007,0.0005
甘伍村3社,49,2026-02-07,06:00,-0.0,0.0005
甘伍村3社,49,2026-02-07,06:15,0.0009,0.0005
甘伍村3社,49,2026-02-07,06:30,-0.0,0.0005
甘伍村3社,49,2026-02-07,06:45,0.0005,0.0005
甘伍村3社,49,2026-02-07,07:00,0.0007,0.0005
甘伍村3社,49,2026-02-07,07:15,0.001,0.0005
甘伍村3社,49,2026-02-07,07:30,0.0018,0.0005
甘伍村3社,49,2026-02-07,07:45,0.0014,0.0005
甘伍村3社,49,2026-02-07,08:00,-0.0,0.0005
甘伍村3社,49,2026-02-07,08:15,0.0007,0.0005
甘伍村3社,49,2026-02-07,08:30,0.001,0.0005
甘伍村3社,49,2026-02-07,08:45,0.0005,0.0005
甘伍村3社,49,2026-02-07,09:00,0.0039,0.0005
甘伍村3社,49,2026-02-07,09:15,0.0034,0.0005
甘伍村3社,49,2026-02-07,09:30,0.0026,0.0005
甘伍村3社,49,2026-02-07,09:45,0.0026,0.0005
甘伍村3社,49,2026-02-07,10:00,0.006,0.0005
甘伍村3社,49,2026-02-07,10:15,0.0087,0.0005
甘伍村3社,49,2026-02-07,10:30,0.011,0.0005
甘伍村3社,49,2026-02-07,10:45,0.0115,0.0005
甘伍村3社,49,2026-02-07,11:00,0.0107,0.0005
甘伍村3社,49,2026-02-07,11:15,0.0129,0.0005
甘伍村3社,49,2026-02-07,11:30,0.0125,0.0005
甘伍村3社,49,2026-02-07,11:45,0.0115,0.0005
甘伍村3社,49,2026-02-07,12:00,0.0086,0.0005
甘伍村3社,49,2026-02-07,12:15,0.0061,0.0005
甘伍村3社,49,2026-02-07,12:30,0.0068,0.0005
甘伍村3社,49,2026-02-07,12:45,0.006,0.0005
甘伍村3社,49,2026-02-07,13:00,0.0036,0.0005
甘伍村3社,49,2026-02-07,13:15,0.0042,0.0005
甘伍村3社,49,2026-02-07,13:30,0.0031,0.0005
甘伍村3社,49,2026-02-07,13:45,0.0043,0.0005
甘伍村3社,49,2026-02-07,14:00,0.0034,0.0005
甘伍村3社,49,2026-02-07,14:15,0.0038,0.0005
甘伍村3社,49,2026-02-07,14:30,0.0029,0.0005
甘伍村3社,49,2026-02-07,14:45,0.0024,0.0005
甘伍村3社,49,2026-02-07,15:00,0.0014,0.0005
甘伍村3社,49,2026-02-07,15:15,0.001,0.0005
甘伍村3社,49,2026-02-07,15:30,0.0008,0.0005
甘伍村3社,49,2026-02-07,15:45,0.0006,0.0005
甘伍村3社,49,2026-02-07,16:00,0.0007,0.0005
甘伍村3社,49,2026-02-07,16:15,0.0006,0.0005
甘伍村3社,49,2026-02-07,16:30,0.0017,0.0005
甘伍村3社,49,2026-02-07,16:45,0.0007,0.0005
甘伍村3社,49,2026-02-07,17:00,0.0022,0.0005
甘伍村3社,49,2026-02-07,17:15,0.0019,0.0005
甘伍村3社,49,2026-02-07,17:30,0.0017,0.0005
甘伍村3社,49,2026-02-07,17:45,0.0014,0.0005
甘伍村3社,49,2026-02-07,18:00,0.0022,0.0005
甘伍村3社,49,2026-02-07,18:15,0.0017,0.0005
甘伍村3社,49,2026-02-07,18:30,0.0002,0.0005
甘伍村3社,49,2026-02-07,18:45,0.0001,0.0005
甘伍村3社,49,2026-02-07,19:00,0.0005,0.0005
甘伍村3社,49,2026-02-07,19:15,0.0005,0.0005
甘伍村3社,49,2026-02-07,19:30,0.0013,0.0005
甘伍村3社,49,2026-02-07,19:45,0.0008,0.0005
甘伍村3社,49,2026-02-07,20:00,0.0017,0.0005
甘伍村3社,49,2026-02-07,20:15,0.0016,0.0005
甘伍村3社,49,2026-02-07,20:30,-0.0006,0.0005
甘伍村3社,49,2026-02-07,20:45,-0.0002,0.0005
甘伍村3社,49,2026-02-07,21:00,0.0001,0.0005
甘伍村3社,49,2026-02-07,21:15,0.0012,0.0005
甘伍村3社,49,2026-02-07,21:30,0.0008,0.0005
甘伍村3社,49,2026-02-07,21:45,0.0011,0.0005
甘伍村3社,49,2026-02-07,22:00,0.0005,0.0005
甘伍村3社,49,2026-02-07,22:15,0.0001,0.0005
甘伍村3社,49,2026-02-07,22:30,0.001,0.0005
甘伍村3社,49,2026-02-07,22:45,0.0007,0.0005
甘伍村3社,49,2026-02-07,23:00,0.0006,0.0005
甘伍村3社,49,2026-02-07,23:15,0.0015,0.0005
甘伍村3社,49,2026-02-07,23:30,-0.0,0.0005
甘伍村3社,49,2026-02-07,23:45,0.0,0.0005
马鞍村1社,50,2026-02-11,00:00,0.0315,0.0299
马鞍村1社,50,2026-02-11,00:15,0.0342,0.0353
马鞍村1社,50,2026-02-11,00:30,0.0356,0.0321
马鞍村1社,50,2026-02-11,00:45,0.0303,0.0329
马鞍村1社,50,2026-02-11,01:00,0.0396,0.0238
马鞍村1社,50,2026-02-11,01:15,0.0323,0.0414
马鞍村1社,50,2026-02-11,01:30,0.0337,0.0304
马鞍村1社,50,2026-02-11,01:45,0.0357,0.0303
马鞍村1社,50,2026-02-11,02:00,0.0321,0.034
马鞍村1社,50,2026-02-11,02:15,0.0368,0.0253
马鞍村1社,50,2026-02-11,02:30,0.0333,0.034
马鞍村1社,50,2026-02-11,02:45,0.0316,0.028
马鞍村1社,50,2026-02-11,03:00,0.0314,0.0338
马鞍村1社,50,2026-02-11,03:15,0.0261,0.0361
马鞍村1社,50,2026-02-11,03:30,0.0279,0.0341
马鞍村1社,50,2026-02-11,03:45,0.0295,0.0328
马鞍村1社,50,2026-02-11,04:00,0.0315,0.023
马鞍村1社,50,2026-02-11,04:15,0.0273,0.0346
马鞍村1社,50,2026-02-11,04:30,0.0306,0.0304
马鞍村1社,50,2026-02-11,04:45,0.0274,0.0306
马鞍村1社,50,2026-02-11,05:00,0.0202,0.0202
马鞍村1社,50,2026-02-11,05:15,0.0314,0.0223
马鞍村1社,50,2026-02-11,05:30,0.0268,0.0293
马鞍村1社,50,2026-02-11,05:45,0.0246,0.0183
马鞍村1社,50,2026-02-11,06:00,0.0286,0.0237
马鞍村1社,50,2026-02-11,06:15,0.027,0.0326
马鞍村1社,50,2026-02-11,06:30,0.0255,0.0242
马鞍村1社,50,2026-02-11,06:45,0.0299,0.028
马鞍村1社,50,2026-02-11,07:00,0.0431,0.0192
马鞍村1社,50,2026-02-11,07:15,0.0479,0.0273
马鞍村1社,50,2026-02-11,07:30,0.0448,0.0262
马鞍村1社,50,2026-02-11,07:45,0.0653,0.0174
马鞍村1社,50,2026-02-11,08:00,0.0808,0.1063
马鞍村1社,50,2026-02-11,08:15,0.1015,0.0713
马鞍村1社,50,2026-02-11,08:30,0.1168,0.1663
马鞍村1社,50,2026-02-11,08:45,0.1285,0.1856
马鞍村1社,50,2026-02-11,09:00,0.1338,0.1744
马鞍村1社,50,2026-02-11,09:15,0.1164,0.1338
马鞍村1社,50,2026-02-11,09:30,0.1112,0.1162
马鞍村1社,50,2026-02-11,09:45,0.1088,0.1386
马鞍村1社,50,2026-02-11,10:00,0.0862,0.0596
马鞍村1社,50,2026-02-11,10:15,0.0796,0.0712
马鞍村1社,50,2026-02-11,10:30,0.072,0.0392
马鞍村1社,50,2026-02-11,10:45,0.0678,0.0245
马鞍村1社,50,2026-02-11,11:00,0.0612,0.0327
马鞍村1社,50,2026-02-11,11:15,0.0614,0.0239
马鞍村1社,50,2026-02-11,11:30,0.0597,0.0267
马鞍村1社,50,2026-02-11,11:45,0.0565,0.0841
马鞍村1社,50,2026-02-11,12:00,0.0639,0.086
马鞍村1社,50,2026-02-11,12:15,0.0664,0.1311
马鞍村1社,50,2026-02-11,12:30,0.0704,0.0289
马鞍村1社,50,2026-02-11,12:45,0.062,0.0361
马鞍村1社,50,2026-02-11,13:00,0.0539,0.1088
马鞍村1社,50,2026-02-11,13:15,0.0603,0.0505
马鞍村1社,50,2026-02-11,13:30,0.0657,0.0374
马鞍村1社,50,2026-02-11,13:45,0.0517,0.0383
马鞍村1社,50,2026-02-11,14:00,0.0601,0.0329
马鞍村1社,50,2026-02-11,14:15,0.0571,0.0345
马鞍村1社,50,2026-02-11,14:30,0.0531,0.0291
马鞍村1社,50,2026-02-11,14:45,0.0541,0.0503
马鞍村1社,50,2026-02-11,15:00,0.0601,0.0706
马鞍村1社,50,2026-02-11,15:15,0.065,0.064
马鞍村1社,50,2026-02-11,15:30,0.0725,0.0674
马鞍村1社,50,2026-02-11,15:45,0.0745,0.0717
马鞍村1社,50,2026-02-11,16:00,0.08,0.0619
马鞍村1社,50,2026-02-11,16:15,0.0998,0.0656
马鞍村1社,50,2026-02-11,16:30,0.0985,0.0773
马鞍村1社,50,2026-02-11,16:45,0.1022,0.1329
马鞍村1社,50,2026-02-11,17:00,0.1053,0.0966
马鞍村1社,50,2026-02-11,17:15,0.1092,0.0201
马鞍村1社,50,2026-02-11,17:30,0.108,0.0537
马鞍村1社,50,2026-02-11,17:45,0.1059,0.0715
马鞍村1社,50,2026-02-11,18:00,0.1187,0.0311
马鞍村1社,50,2026-02-11,18:15,0.106,0.0623
马鞍村1社,50,2026-02-11,18:30,0.0965,0.0785
马鞍村1社,50,2026-02-11,18:45,0.0892,0.1052
马鞍村1社,50,2026-02-11,19:00,0.0794,0.0977
马鞍村1社,50,2026-02-11,19:15,0.0714,0.1252
马鞍村1社,50,2026-02-11,19:30,0.0666,0.1143
马鞍村1社,50,2026-02-11,19:45,0.0729,0.1359
马鞍村1社,50,2026-02-11,20:00,0.0644,0.1227
马鞍村1社,50,2026-02-11,20:15,0.0741,0.0825
马鞍村1社,50,2026-02-11,20:30,0.06,0.078
马鞍村1社,50,2026-02-11,20:45,0.0575,0.1082
马鞍村1社,50,2026-02-11,21:00,0.0616,0.046
马鞍村1社,50,2026-02-11,21:15,0.0588,0.0369
马鞍村1社,50,2026-02-11,21:30,0.0617,0.0445
马鞍村1社,50,2026-02-11,21:45,0.0548,0.0358
马鞍村1社,50,2026-02-11,22:00,0.0548,0.0427
马鞍村1社,50,2026-02-11,22:15,0.0509,0.0414
马鞍村1社,50,2026-02-11,22:30,0.0494,0.0494
马鞍村1社,50,2026-02-11,22:45,0.0428,0.0377
马鞍村1社,50,2026-02-11,23:00,0.0429,0.036
马鞍村1社,50,2026-02-11,23:15,0.0432,0.0438
马鞍村1社,50,2026-02-11,23:30,0.0395,0.0292
马鞍村1社,50,2026-02-11,23:45,0.0327,0.0434
马鞍村1社,50,2026-02-12,00:00,0.036,0.0461
马鞍村1社,50,2026-02-12,00:15,0.0352,0.0284
马鞍村1社,50,2026-02-12,00:30,0.0347,0.0335
马鞍村1社,50,2026-02-12,00:45,0.0336,0.032
马鞍村1社,50,2026-02-12,01:00,0.0324,0.0614
马鞍村1社,50,2026-02-12,01:15,0.036,0.0302
马鞍村1社,50,2026-02-12,01:30,0.0325,0.0368
马鞍村1社,50,2026-02-12,01:45,0.0299,0.0319
马鞍村1社,50,2026-02-12,02:00,0.0315,0.0338
马鞍村1社,50,2026-02-12,02:15,0.0325,0.0741
马鞍村1社,50,2026-02-12,02:30,0.0323,0.0313
马鞍村1社,50,2026-02-12,02:45,0.0278,0.0371
马鞍村1社,50,2026-02-12,03:00,0.0294,0.0321
马鞍村1社,50,2026-02-12,03:15,0.0354,0.0372
马鞍村1社,50,2026-02-12,03:30,0.0373,0.0369
马鞍村1社,50,2026-02-12,03:45,0.0319,0.0372
马鞍村1社,50,2026-02-12,04:00,0.0288,0.0244
马鞍村1社,50,2026-02-12,04:15,0.0262,0.0298
马鞍村1社,50,2026-02-12,04:30,0.0266,0.0336
马鞍村1社,50,2026-02-12,04:45,0.0305,0.0344
马鞍村1社,50,2026-02-12,05:00,0.0323,0.0301
马鞍村1社,50,2026-02-12,05:15,0.0279,0.0262
马鞍村1社,50,2026-02-12,05:30,0.0251,0.0322
马鞍村1社,50,2026-02-12,05:45,0.0246,0.031
马鞍村1社,50,2026-02-12,06:00,0.0275,0.0245
马鞍村1社,50,2026-02-12,06:15,0.0311,0.0406
马鞍村1社,50,2026-02-12,06:30,0.0347,0.023
马鞍村1社,50,2026-02-12,06:45,0.0312,0.0357
马鞍村1社,50,2026-02-12,07:00,0.0408,0.0245
马鞍村1社,50,2026-02-12,07:15,0.0413,0.0395
马鞍村1社,50,2026-02-12,07:30,0.0527,0.0367
马鞍村1社,50,2026-02-12,07:45,0.0671,0.0681
马鞍村1社,50,2026-02-12,08:00,0.0823,0.05
马鞍村1社,50,2026-02-12,08:15,0.0997,0.0577
马鞍村1社,50,2026-02-12,08:30,0.1125,0.096
马鞍村1社,50,2026-02-12,08:45,0.115,0.1249
马鞍村1社,50,2026-02-12,09:00,0.1171,0.2032
马鞍村1社,50,2026-02-12,09:15,0.1191,0.0404
马鞍村1社,50,2026-02-12,09:30,0.1099,0.1574
马鞍村1社,50,2026-02-12,09:45,0.0991,0.1418
马鞍村1社,50,2026-02-12,10:00,0.091,0.1746
马鞍村1社,50,2026-02-12,10:15,0.084,0.2637
马鞍村1社,50,2026-02-12,10:30,0.0717,0.161
马鞍村1社,50,2026-02-12,10:45,0.0643,0.1177
马鞍村1社,50,2026-02-12,11:00,0.0602,0.0334
马鞍村1社,50,2026-02-12,11:15,0.0638,0.0345
马鞍村1社,50,2026-02-12,11:30,0.0523,0.1249
马鞍村1社,50,2026-02-12,11:45,0.0589,0.0504
马鞍村1社,50,2026-02-12,12:00,0.0644,0.0585
马鞍村1社,50,2026-02-12,12:15,0.0594,0.0338
马鞍村1社,50,2026-02-12,12:30,0.062,0.0504
马鞍村1社,50,2026-02-12,12:45,0.0519,0.043
马鞍村1社,50,2026-02-12,13:00,0.0555,0.0546
马鞍村1社,50,2026-02-12,13:15,0.0537,0.0628
马鞍村1社,50,2026-02-12,13:30,0.0682,0.0706
马鞍村1社,50,2026-02-12,13:45,0.0623,0.0279
马鞍村1社,50,2026-02-12,14:00,0.0691,0.0374
马鞍村1社,50,2026-02-12,14:15,0.0603,0.0468
马鞍村1社,50,2026-02-12,14:30,0.0533,0.029
马鞍村1社,50,2026-02-12,14:45,0.0646,0.0515
马鞍村1社,50,2026-02-12,15:00,0.0645,0.0336
马鞍村1社,50,2026-02-12,15:15,0.07,0.1056
马鞍村1社,50,2026-02-12,15:30,0.0627,0.1048
马鞍村1社,50,2026-02-12,15:45,0.0764,0.079
马鞍村1社,50,2026-02-12,16:00,0.0792,0.0464
马鞍村1社,50,2026-02-12,16:15,0.0944,0.1285
马鞍村1社,50,2026-02-12,16:30,0.1003,0.0757
马鞍村1社,50,2026-02-12,16:45,0.0974,0.1483
马鞍村1社,50,2026-02-12,17:00,0.1075,0.1475
马鞍村1社,50,2026-02-12,17:15,0.1181,0.0929
马鞍村1社,50,2026-02-12,17:30,0.1315,0.1676
马鞍村1社,50,2026-02-12,17:45,0.1145,0.1353
马鞍村1社,50,2026-02-12,18:00,0.1285,0.146
马鞍村1社,50,2026-02-12,18:15,0.1066,0.1747
马鞍村1社,50,2026-02-12,18:30,0.0991,0.1038
马鞍村1社,50,2026-02-12,18:45,0.0753,0.0694
马鞍村1社,50,2026-02-12,19:00,0.0821,0.0395
马鞍村1社,50,2026-02-12,19:15,0.0717,0.0931
马鞍村1社,50,2026-02-12,19:30,0.0722,0.1074
马鞍村1社,50,2026-02-12,19:45,0.07,0.0509
马鞍村1社,50,2026-02-12,20:00,0.0661,0.077
马鞍村1社,50,2026-02-12,20:15,0.082,0.0403
马鞍村1社,50,2026-02-12,20:30,0.0665,0.0723
马鞍村1社,50,2026-02-12,20:45,0.0644,0.051
马鞍村1社,50,2026-02-12,21:00,0.0584,0.0623
马鞍村1社,50,2026-02-12,21:15,0.0614,0.0445
马鞍村1社,50,2026-02-12,21:30,0.0619,0.0914
马鞍村1社,50,2026-02-12,21:45,0.0574,0.0545
马鞍村1社,50,2026-02-12,22:00,0.05,0.0806
马鞍村1社,50,2026-02-12,22:15,0.0467,0.0419
马鞍村1社,50,2026-02-12,22:30,0.051,0.0357
马鞍村1社,50,2026-02-12,22:45,0.0435,0.0451
马鞍村1社,50,2026-02-12,23:00,0.0483,0.0423
马鞍村1社,50,2026-02-12,23:15,0.0349,0.0335
马鞍村1社,50,2026-02-12,23:30,0.0342,0.0328
马鞍村1社,50,2026-02-12,23:45,0.0365,0.02
马鞍村1社,50,2026-02-13,00:00,0.0366,0.028
马鞍村1社,50,2026-02-13,00:15,0.0364,0.0343
马鞍村1社,50,2026-02-13,00:30,0.0311,0.026
马鞍村1社,50,2026-02-13,00:45,0.0329,0.0243
马鞍村1社,50,2026-02-13,01:00,0.0325,0.0325
马鞍村1社,50,2026-02-13,01:15,0.0343,0.0333
马鞍村1社,50,2026-02-13,01:30,0.0262,0.0351
马鞍村1社,50,2026-02-13,01:45,0.0351,0.0281
马鞍村1社,50,2026-02-13,02:00,0.0311,0.028
马鞍村1社,50,2026-02-13,02:15,0.0296,0.0153
马鞍村1社,50,2026-02-13,02:30,0.0316,0.0411
马鞍村1社,50,2026-02-13,02:45,0.0223,0.0286
马鞍村1社,50,2026-02-13,03:00,0.0251,0.0267
马鞍村1社,50,2026-02-13,03:15,0.0314,0.0252
马鞍村1社,50,2026-02-13,03:30,0.0388,0.0231
马鞍村1社,50,2026-02-13,03:45,0.0293,0.027
马鞍村1社,50,2026-02-13,04:00,0.0311,0.0259
马鞍村1社,50,2026-02-13,04:15,0.0308,0.0389
马鞍村1社,50,2026-02-13,04:30,0.0301,0.0307
马鞍村1社,50,2026-02-13,04:45,0.0292,0.0337
马鞍村1社,50,2026-02-13,05:00,0.0252,0.0317
马鞍村1社,50,2026-02-13,05:15,0.0326,0.0309
马鞍村1社,50,2026-02-13,05:30,0.0284,0.035
马鞍村1社,50,2026-02-13,05:45,0.0267,0.0228
马鞍村1社,50,2026-02-13,06:00,0.0303,0.0349
马鞍村1社,50,2026-02-13,06:15,0.0278,0.0263
马鞍村1社,50,2026-02-13,06:30,0.0276,0.039
马鞍村1社,50,2026-02-13,06:45,0.0327,0.0273
马鞍村1社,50,2026-02-13,07:00,0.0393,0.0312
马鞍村1社,50,2026-02-13,07:15,0.0412,0.0252
马鞍村1社,50,2026-02-13,07:30,0.0521,0.0274
马鞍村1社,50,2026-02-13,07:45,0.0673,0.0679
马鞍村1社,50,2026-02-13,08:00,0.0782,0.0427
马鞍村1社,50,2026-02-13,08:15,0.1025,0.086
马鞍村1社,50,2026-02-13,08:30,0.1119,0.1168
马鞍村1社,50,2026-02-13,08:45,0.1285,0.094
马鞍村1社,50,2026-02-13,09:00,0.1298,0.161
马鞍村1社,50,2026-02-13,09:15,0.1189,0.0976
马鞍村1社,50,2026-02-13,09:30,0.1134,0.0935
马鞍村1社,50,2026-02-13,09:45,0.1022,0.072
马鞍村1社,50,2026-02-13,10:00,0.0859,0.0602
马鞍村1社,50,2026-02-13,10:15,0.077,0.0753
马鞍村1社,50,2026-02-13,10:30,0.0762,0.0701
马鞍村1社,50,2026-02-13,10:45,0.0677,0.0426
马鞍村1社,50,2026-02-13,11:00,0.0606,0.0589
马鞍村1社,50,2026-02-13,11:15,0.0655,0.0495
马鞍村1社,50,2026-02-13,11:30,0.0544,0.0338
马鞍村1社,50,2026-02-13,11:45,0.0593,0.0491
马鞍村1社,50,2026-02-13,12:00,0.063,0.0564
马鞍村1社,50,2026-02-13,12:15,0.0598,0.031
马鞍村1社,50,2026-02-13,12:30,0.0634,0.1007
马鞍村1社,50,2026-02-13,12:45,0.052,0.042
马鞍村1社,50,2026-02-13,13:00,0.0667,0.0291
马鞍村1社,50,2026-02-13,13:15,0.0563,0.0474
马鞍村1社,50,2026-02-13,13:30,0.0548,0.0835
马鞍村1社,50,2026-02-13,13:45,0.059,0.0558
马鞍村1社,50,2026-02-13,14:00,0.0567,0.0441
马鞍村1社,50,2026-02-13,14:15,0.0551,0.067
马鞍村1社,50,2026-02-13,14:30,0.0542,0.0658
马鞍村1社,50,2026-02-13,14:45,0.0647,0.0277
马鞍村1社,50,2026-02-13,15:00,0.0644,0.0584
马鞍村1社,50,2026-02-13,15:15,0.0574,0.0335
马鞍村1社,50,2026-02-13,15:30,0.0739,0.05
马鞍村1社,50,2026-02-13,15:45,0.0752,0.0283
马鞍村1社,50,2026-02-13,16:00,0.0754,0.0473
马鞍村1社,50,2026-02-13,16:15,0.1022,0.0507
马鞍村1社,50,2026-02-13,16:30,0.107,0.0737
马鞍村1社,50,2026-02-13,16:45,0.1059,0.1493
马鞍村1社,50,2026-02-13,17:00,0.1119,0.133
马鞍村1社,50,2026-02-13,17:15,0.11,0.0931
马鞍村1社,50,2026-02-13,17:30,0.1179,0.1476
马鞍村1社,50,2026-02-13,17:45,0.1196,0.0759
马鞍村1社,50,2026-02-13,18:00,0.1254,0.1026
马鞍村1社,50,2026-02-13,18:15,0.1013,0.0962
马鞍村1社,50,2026-02-13,18:30,0.0979,0.1417
马鞍村1社,50,2026-02-13,18:45,0.0841,0.0817
马鞍村1社,50,2026-02-13,19:00,0.0756,0.0899
马鞍村1社,50,2026-02-13,19:15,0.0685,0.0678
马鞍村1社,50,2026-02-13,19:30,0.0667,0.0825
马鞍村1社,50,2026-02-13,19:45,0.0711,0.0816
马鞍村1社,50,2026-02-13,20:00,0.0694,0.0629
马鞍村1社,50,2026-02-13,20:15,0.0723,0.0672
马鞍村1社,50,2026-02-13,20:30,0.0654,0.0455
马鞍村1社,50,2026-02-13,20:45,0.0699,0.0509
马鞍村1社,50,2026-02-13,21:00,0.0609,0.0627
马鞍村1社,50,2026-02-13,21:15,0.0625,0.0625
马鞍村1社,50,2026-02-13,21:30,0.0587,0.0508
马鞍村1社,50,2026-02-13,21:45,0.0588,0.0604
马鞍村1社,50,2026-02-13,22:00,0.0536,0.0495
马鞍村1社,50,2026-02-13,22:15,0.0454,0.0573
马鞍村1社,50,2026-02-13,22:30,0.0432,0.0445
马鞍村1社,50,2026-02-13,22:45,0.0485,0.0268
马鞍村1社,50,2026-02-13,23:00,0.0478,0.039
马鞍村1社,50,2026-02-13,23:15,0.0405,0.0233
马鞍村1社,50,2026-02-13,23:30,0.0361,0.0333
马鞍村1社,50,2026-02-13,23:45,0.0355,0.0284
幸福村4社,51,2026-01-21,00:00,0.0007,0.0008
幸福村4社,51,2026-01-21,00:15,0.0006,0.0008
幸福村4社,51,2026-01-21,00:30,0.0008,0.0008
幸福村4社,51,2026-01-21,00:45,0.0005,0.0008
幸福村4社,51,2026-01-21,01:00,0.001,0.0008
幸福村4社,51,2026-01-21,01:15,0.0003,0.0008
幸福村4社,51,2026-01-21,01:30,0.0002,0.0008
幸福村4社,51,2026-01-21,01:45,0.0004,0.0008
幸福村4社,51,2026-01-21,02:00,0.0008,0.0008
幸福村4社,51,2026-01-21,02:15,0.001,0.0008
幸福村4社,51,2026-01-21,02:30,0.0004,0.0008
幸福村4社,51,2026-01-21,02:45,0.0001,0.0008
幸福村4社,51,2026-01-21,03:00,0.0008,0.0008
幸福村4社,51,2026-01-21,03:15,0.0005,0.0008
幸福村4社,51,2026-01-21,03:30,0.0008,0.0008
幸福村4社,51,2026-01-21,03:45,0.0009,0.0008
幸福村4社,51,2026-01-21,04:00,0.0005,0.0008
幸福村4社,51,2026-01-21,04:15,0.0005,0.0008
幸福村4社,51,2026-01-21,04:30,0.0007,0.0008
幸福村4社,51,2026-01-21,04:45,0.0006,0.0008
幸福村4社,51,2026-01-21,05:00,0.0003,0.0008
幸福村4社,51,2026-01-21,05:15,0.0013,0.0008
幸福村4社,51,2026-01-21,05:30,0.0006,0.0008
幸福村4社,51,2026-01-21,05:45,0.0004,0.0008
幸福村4社,51,2026-01-21,06:00,0.0004,0.0008
幸福村4社,51,2026-01-21,06:15,0.0007,0.0008
幸福村4社,51,2026-01-21,06:30,0.0015,0.0008
幸福村4社,51,2026-01-21,06:45,0.0006,0.0008
幸福村4社,51,2026-01-21,07:00,0.0011,0.0008
幸福村4社,51,2026-01-21,07:15,0.0018,0.0008
幸福村4社,51,2026-01-21,07:30,0.001,0.0008
幸福村4社,51,2026-01-21,07:45,0.0023,0.0008
幸福村4社,51,2026-01-21,08:00,0.0018,0.0008
幸福村4社,51,2026-01-21,08:15,0.0015,0.0007
幸福村4社,51,2026-01-21,08:30,0.0015,0.0007
幸福村4社,51,2026-01-21,08:45,0.0015,0.0006
幸福村4社,51,2026-01-21,09:00,0.0009,0.0011
幸福村4社,51,2026-01-21,09:15,0.0007,0.001
幸福村4社,51,2026-01-21,09:30,-0.0003,0.0005
幸福村4社,51,2026-01-21,09:45,0.0001,0.0004
幸福村4社,51,2026-01-21,10:00,0.0006,0.0005
幸福村4社,51,2026-01-21,10:15,0.0018,0.0006
幸福村4社,51,2026-01-21,10:30,0.0002,0.0005
幸福村4社,51,2026-01-21,10:45,0.0008,0.0005
幸福村4社,51,2026-01-21,11:00,0.0011,0.0005
幸福村4社,51,2026-01-21,11:15,0.0005,0.0005
幸福村4社,51,2026-01-21,11:30,0.0011,0.001
幸福村4社,51,2026-01-21,11:45,0.0018,0.0004
幸福村4社,51,2026-01-21,12:00,0.0012,0.0004
幸福村4社,51,2026-01-21,12:15,0.0007,0.0004
幸福村4社,51,2026-01-21,12:30,0.001,0.0005
幸福村4社,51,2026-01-21,12:45,0.0006,0.0004
幸福村4社,51,2026-01-21,13:00,0.0007,0.0004
幸福村4社,51,2026-01-21,13:15,0.0011,0.0004
幸福村4社,51,2026-01-21,13:30,0.0005,0.0009
幸福村4社,51,2026-01-21,13:45,0.0009,0.0004
幸福村4社,51,2026-01-21,14:00,0.0016,0.0004
幸福村4社,51,2026-01-21,14:15,0.001,0.0004
幸福村4社,51,2026-01-21,14:30,0.001,0.0004
幸福村4社,51,2026-01-21,14:45,0.0007,0.0004
幸福村4社,51,2026-01-21,15:00,0.0002,0.0004
幸福村4社,51,2026-01-21,15:15,0.0003,0.0004
幸福村4社,51,2026-01-21,15:30,0.0006,0.0004
幸福村4社,51,2026-01-21,15:45,0.0006,0.0004
幸福村4社,51,2026-01-21,16:00,0.0005,0.0004
幸福村4社,51,2026-01-21,16:15,0.001,0.0004
幸福村4社,51,2026-01-21,16:30,0.0013,0.0004
幸福村4社,51,2026-01-21,16:45,0.0003,0.0004
幸福村4社,51,2026-01-21,17:00,0.0007,0.0004
幸福村4社,51,2026-01-21,17:15,0.0015,0.0006
幸福村4社,51,2026-01-21,17:30,0.0001,0.0005
幸福村4社,51,2026-01-21,17:45,0.0003,0.0005
幸福村4社,51,2026-01-21,18:00,-0.0002,0.0006
幸福村4社,51,2026-01-21,18:15,0.0005,0.0006
幸福村4社,51,2026-01-21,18:30,0.0006,0.0006
幸福村4社,51,2026-01-21,18:45,0.0006,0.0007
幸福村4社,51,2026-01-21,19:00,0.0005,0.0011
幸福村4社,51,2026-01-21,19:15,0.0024,0.0015
幸福村4社,51,2026-01-21,19:30,0.0017,0.002
幸福村4社,51,2026-01-21,19:45,0.0025,0.0022
幸福村4社,51,2026-01-21,20:00,0.0027,0.0021
幸福村4社,51,2026-01-21,20:15,0.0015,0.0021
幸福村4社,51,2026-01-21,20:30,0.0008,0.002
幸福村4社,51,2026-01-21,20:45,0.001,0.0021
幸福村4社,51,2026-01-21,21:00,0.0022,0.002
幸福村4社,51,2026-01-21,21:15,0.0012,0.0019
幸福村4社,51,2026-01-21,21:30,0.0016,0.002
幸福村4社,51,2026-01-21,21:45,0.0016,0.0021
幸福村4社,51,2026-01-21,22:00,0.0011,0.0019
幸福村4社,51,2026-01-21,22:15,0.0014,0.0021
幸福村4社,51,2026-01-21,22:30,0.0011,0.002
幸福村4社,51,2026-01-21,22:45,0.0009,0.002
幸福村4社,51,2026-01-21,23:00,0.001,0.0015
幸福村4社,51,2026-01-21,23:15,0.0015,0.0015
幸福村4社,51,2026-01-21,23:30,0.0013,0.0016
幸福村4社,51,2026-01-21,23:45,0.0008,0.0015
幸福村4社,51,2026-01-22,00:00,0.0007,0.0015
幸福村4社,51,2026-01-22,00:15,0.0011,0.0008
幸福村4社,51,2026-01-22,00:30,0.001,0.0008
幸福村4社,51,2026-01-22,00:45,0.0008,0.0008
幸福村4社,51,2026-01-22,01:00,0.0008,0.0008
幸福村4社,51,2026-01-22,01:15,0.0013,0.0008
幸福村4社,51,2026-01-22,01:30,0.0011,0.0008
幸福村4社,51,2026-01-22,01:45,0.0005,0.0008
幸福村4社,51,2026-01-22,02:00,0.0004,0.0008
幸福村4社,51,2026-01-22,02:15,0.0005,0.0008
幸福村4社,51,2026-01-22,02:30,0.0006,0.0008
幸福村4社,51,2026-01-22,02:45,0.0004,0.0008
幸福村4社,51,2026-01-22,03:00,0.0007,0.0008
幸福村4社,51,2026-01-22,03:15,0.0003,0.0008
幸福村4社,51,2026-01-22,03:30,0.0013,0.0008
幸福村4社,51,2026-01-22,03:45,0.0006,0.0008
幸福村4社,51,2026-01-22,04:00,0.0006,0.0008
幸福村4社,51,2026-01-22,04:15,0.0004,0.0008
幸福村4社,51,2026-01-22,04:30,0.0006,0.0008
幸福村4社,51,2026-01-22,04:45,0.0008,0.0008
幸福村4社,51,2026-01-22,05:00,0.0005,0.0008
幸福村4社,51,2026-01-22,05:15,0.0005,0.0008
幸福村4社,51,2026-01-22,05:30,0.0001,0.0008
幸福村4社,51,2026-01-22,05:45,0.0006,0.0008
幸福村4社,51,2026-01-22,06:00,0.0009,0.0008
幸福村4社,51,2026-01-22,06:15,0.0007,0.0008
幸福村4社,51,2026-01-22,06:30,0.0009,0.0008
幸福村4社,51,2026-01-22,06:45,0.0009,0.0008
幸福村4社,51,2026-01-22,07:00,0.0004,0.0008
幸福村4社,51,2026-01-22,07:15,0.0005,0.0008
幸福村4社,51,2026-01-22,07:30,0.0009,0.0008
幸福村4社,51,2026-01-22,07:45,0.002,0.001
幸福村4社,51,2026-01-22,08:00,0.0018,0.0007
幸福村4社,51,2026-01-22,08:15,0.0008,0.0007
幸福村4社,51,2026-01-22,08:30,0.0025,0.0007
幸福村4社,51,2026-01-22,08:45,0.0009,0.0146
幸福村4社,51,2026-01-22,09:00,0.0006,0.0144
幸福村4社,51,2026-01-22,09:15,0.0012,0.0004
幸福村4社,51,2026-01-22,09:30,0.001,0.0004
幸福村4社,51,2026-01-22,09:45,0.0013,0.0004
幸福村4社,51,2026-01-22,10:00,0.0017,0.0004
幸福村4社,51,2026-01-22,10:15,0.0017,0.0005
幸福村4社,51,2026-01-22,10:30,0.0018,0.0008
幸福村4社,51,2026-01-22,10:45,0.0017,0.0006
幸福村4社,51,2026-01-22,11:00,0.0014,0.0005
幸福村4社,51,2026-01-22,11:15,0.0011,0.0005
幸福村4社,51,2026-01-22,11:30,0.0019,0.0004
幸福村4社,51,2026-01-22,11:45,0.0025,0.0004
幸福村4社,51,2026-01-22,12:00,0.0009,0.0005
幸福村4社,51,2026-01-22,12:15,0.0005,0.0009
幸福村4社,51,2026-01-22,12:30,0.0009,0.0004
幸福村4社,51,2026-01-22,12:45,0.0005,0.0004
幸福村4社,51,2026-01-22,13:00,-0.0,0.0004
幸福村4社,51,2026-01-22,13:15,0.0002,0.0004
幸福村4社,51,2026-01-22,13:30,0.0006,0.0004
幸福村4社,51,2026-01-22,13:45,0.0012,0.0004
幸福村4社,51,2026-01-22,14:00,0.0015,0.0004
幸福村4社,51,2026-01-22,14:15,0.0005,0.0004
幸福村4社,51,2026-01-22,14:30,0.001,0.0004
幸福村4社,51,2026-01-22,14:45,0.0006,0.0004
幸福村4社,51,2026-01-22,15:00,0.0011,0.0004
幸福村4社,51,2026-01-22,15:15,0.0008,0.0004
幸福村4社,51,2026-01-22,15:30,0.0008,0.0004
幸福村4社,51,2026-01-22,15:45,0.0008,0.0009
幸福村4社,51,2026-01-22,16:00,0.0012,0.0009
幸福村4社,51,2026-01-22,16:15,0.0014,0.0009
幸福村4社,51,2026-01-22,16:30,0.0003,0.0009
幸福村4社,51,2026-01-22,16:45,0.0011,0.0009
幸福村4社,51,2026-01-22,17:00,0.0003,0.0011
幸福村4社,51,2026-01-22,17:15,0.0008,0.0009
幸福村4社,51,2026-01-22,17:30,0.0014,0.0009
幸福村4社,51,2026-01-22,17:45,0.0012,0.0009
幸福村4社,51,2026-01-22,18:00,0.0008,0.0011
幸福村4社,51,2026-01-22,18:15,0.0005,0.0011
幸福村4社,51,2026-01-22,18:30,0.0018,0.0146
幸福村4社,51,2026-01-22,18:45,0.0006,0.0158
幸福村4社,51,2026-01-22,19:00,0.0014,0.0158
幸福村4社,51,2026-01-22,19:15,0.002,0.0017
幸福村4社,51,2026-01-22,19:30,0.0014,0.0023
幸福村4社,51,2026-01-22,19:45,0.0015,0.0023
幸福村4社,51,2026-01-22,20:00,0.0011,0.0026
幸福村4社,51,2026-01-22,20:15,0.0019,0.0028
幸福村4社,51,2026-01-22,20:30,0.0008,0.0028
幸福村4社,51,2026-01-22,20:45,0.0017,0.0028
幸福村4社,51,2026-01-22,21:00,0.0015,0.0025
幸福村4社,51,2026-01-22,21:15,0.0015,0.0025
幸福村4社,51,2026-01-22,21:30,0.0015,0.0026
幸福村4社,51,2026-01-22,21:45,0.001,0.0022
幸福村4社,51,2026-01-22,22:00,0.0014,0.0022
幸福村4社,51,2026-01-22,22:15,0.0019,0.0017
幸福村4社,51,2026-01-22,22:30,0.0009,0.0015
幸福村4社,51,2026-01-22,22:45,0.001,0.0012
幸福村4社,51,2026-01-22,23:00,0.0011,0.0012
幸福村4社,51,2026-01-22,23:15,0.0005,0.0012
幸福村4社,51,2026-01-22,23:30,0.0009,0.0004
幸福村4社,51,2026-01-22,23:45,0.0013,0.0004
幸福村4社,51,2026-01-23,00:00,0.0012,0.0004
幸福村4社,51,2026-01-23,00:15,0.001,0.0004
幸福村4社,51,2026-01-23,00:30,0.0009,0.0004
幸福村4社,51,2026-01-23,00:45,0.0008,0.0004
幸福村4社,51,2026-01-23,01:00,0.0008,0.0004
幸福村4社,51,2026-01-23,01:15,0.001,0.0004
幸福村4社,51,2026-01-23,01:30,0.0008,0.0004
幸福村4社,51,2026-01-23,01:45,0.0006,0.0004
幸福村4社,51,2026-01-23,02:00,0.0006,0.0004
幸福村4社,51,2026-01-23,02:15,-0.0001,0.0004
幸福村4社,51,2026-01-23,02:30,0.0003,0.0004
幸福村4社,51,2026-01-23,02:45,0.0002,0.0004
幸福村4社,51,2026-01-23,03:00,0.0004,0.0004
幸福村4社,51,2026-01-23,03:15,0.0009,0.0004
幸福村4社,51,2026-01-23,03:30,0.0012,0.0004
幸福村4社,51,2026-01-23,03:45,0.0011,0.0004
幸福村4社,51,2026-01-23,04:00,0.0008,0.0004
幸福村4社,51,2026-01-23,04:15,0.0006,0.0004
幸福村4社,51,2026-01-23,04:30,0.0003,0.0004
幸福村4社,51,2026-01-23,04:45,0.0006,0.0004
幸福村4社,51,2026-01-23,05:00,0.0004,0.0004
幸福村4社,51,2026-01-23,05:15,0.0011,0.0004
幸福村4社,51,2026-01-23,05:30,0.0008,0.0004
幸福村4社,51,2026-01-23,05:45,0.0007,0.0004
幸福村4社,51,2026-01-23,06:00,0.0009,0.0004
幸福村4社,51,2026-01-23,06:15,0.0004,0.0004
幸福村4社,51,2026-01-23,06:30,0.0008,0.0004
幸福村4社,51,2026-01-23,06:45,0.0003,0.0004
幸福村4社,51,2026-01-23,07:00,0.0012,0.0004
幸福村4社,51,2026-01-23,07:15,0.0009,0.0004
幸福村4社,51,2026-01-23,07:30,0.0021,0.0004
幸福村4社,51,2026-01-23,07:45,0.002,0.0004
幸福村4社,51,2026-01-23,08:00,0.0015,0.0004
幸福村4社,51,2026-01-23,08:15,0.0007,0.0004
幸福村4社,51,2026-01-23,08:30,0.002,0.0007
幸福村4社,51,2026-01-23,08:45,0.0023,0.0015
幸福村4社,51,2026-01-23,09:00,0.001,0.0012
幸福村4社,51,2026-01-23,09:15,0.0015,0.0147
幸福村4社,51,2026-01-23,09:30,0.0008,0.0148
幸福村4社,51,2026-01-23,09:45,0.0008,0.0148
幸福村4社,51,2026-01-23,10:00,0.0019,0.0011
幸福村4社,51,2026-01-23,10:15,0.0019,0.001
幸福村4社,51,2026-01-23,10:30,0.0014,0.0012
幸福村4社,51,2026-01-23,10:45,0.0017,0.0012
幸福村4社,51,2026-01-23,11:00,0.0018,0.001
幸福村4社,51,2026-01-23,11:15,0.0011,0.0009
幸福村4社,51,2026-01-23,11:30,0.0013,0.0004
幸福村4社,51,2026-01-23,11:45,0.002,0.0005
幸福村4社,51,2026-01-23,12:00,0.0005,0.0004
幸福村4社,51,2026-01-23,12:15,0.0008,0.0004
幸福村4社,51,2026-01-23,12:30,0.0002,0.0004
幸福村4社,51,2026-01-23,12:45,0.0005,0.0004
幸福村4社,51,2026-01-23,13:00,0.0012,0.0004
幸福村4社,51,2026-01-23,13:15,0.0009,0.0008
幸福村4社,51,2026-01-23,13:30,0.001,0.0009
幸福村4社,51,2026-01-23,13:45,0.0005,0.0009
幸福村4社,51,2026-01-23,14:00,0.0009,0.0009
幸福村4社,51,2026-01-23,14:15,0.001,0.0009
幸福村4社,51,2026-01-23,14:30,0.0006,0.0009
幸福村4社,51,2026-01-23,14:45,0.0009,0.0009
幸福村4社,51,2026-01-23,15:00,0.0006,0.0009
幸福村4社,51,2026-01-23,15:15,0.0006,0.0009
幸福村4社,51,2026-01-23,15:30,0.0014,0.0009
幸福村4社,51,2026-01-23,15:45,0.0009,0.0009
幸福村4社,51,2026-01-23,16:00,0.0002,0.0009
幸福村4社,51,2026-01-23,16:15,0.0014,0.0012
幸福村4社,51,2026-01-23,16:30,0.0004,0.0009
幸福村4社,51,2026-01-23,16:45,0.0008,0.0009
幸福村4社,51,2026-01-23,17:00,0.0001,0.0147
幸福村4社,51,2026-01-23,17:15,0.0004,0.0149
幸福村4社,51,2026-01-23,17:30,0.0009,0.015
幸福村4社,51,2026-01-23,17:45,0.0007,0.0254
幸福村4社,51,2026-01-23,18:00,0.0006,0.0011
幸福村4社,51,2026-01-23,18:15,-0.0,0.0013
幸福村4社,51,2026-01-23,18:30,0.0006,0.0015
幸福村4社,51,2026-01-23,18:45,0.0004,0.0016
幸福村4社,51,2026-01-23,19:00,0.0012,0.0015
幸福村4社,51,2026-01-23,19:15,0.0012,0.0015
幸福村4社,51,2026-01-23,19:30,0.0016,0.0013
幸福村4社,51,2026-01-23,19:45,0.0019,0.0017
幸福村4社,51,2026-01-23,20:00,0.003,0.0019
幸福村4社,51,2026-01-23,20:15,0.0013,0.0019
幸福村4社,51,2026-01-23,20:30,0.0012,0.0024
幸福村4社,51,2026-01-23,20:45,0.0021,0.0025
幸福村4社,51,2026-01-23,21:00,0.0017,0.0024
幸福村4社,51,2026-01-23,21:15,0.0012,0.0021
幸福村4社,51,2026-01-23,21:30,0.0009,0.0021
幸福村4社,51,2026-01-23,21:45,0.0018,0.002
幸福村4社,51,2026-01-23,22:00,0.0011,0.002
幸福村4社,51,2026-01-23,22:15,0.0011,0.0023
幸福村4社,51,2026-01-23,22:30,0.0008,0.0023
幸福村4社,51,2026-01-23,22:45,0.0009,0.0023
幸福村4社,51,2026-01-23,23:00,0.001,0.0022
幸福村4社,51,2026-01-23,23:15,0.0014,0.0022
幸福村4社,51,2026-01-23,23:30,0.0009,0.0021
幸福村4社,51,2026-01-23,23:45,0.0014,0.0016
幸福村1社,52,2026-01-31,00:00,0.021,0.0135
幸福村1社,52,2026-01-31,00:15,0.0193,0.0146
幸福村1社,52,2026-01-31,00:30,0.0189,0.0203
幸福村1社,52,2026-01-31,00:45,0.0206,0.0182
幸福村1社,52,2026-01-31,01:00,0.0159,0.0318
幸福村1社,52,2026-01-31,01:15,0.013,0.0369
幸福村1社,52,2026-01-31,01:30,0.0159,0.035
幸福村1社,52,2026-01-31,01:45,0.0202,0.036
幸福村1社,52,2026-01-31,02:00,0.0158,0.0347
幸福村1社,52,2026-01-31,02:15,0.0164,0.0155
幸福村1社,52,2026-01-31,02:30,0.0161,0.0137
幸福村1社,52,2026-01-31,02:45,0.0203,0.0185
幸福村1社,52,2026-01-31,03:00,0.0196,0.0123
幸福村1社,52,2026-01-31,03:15,0.0124,0.0144
幸福村1社,52,2026-01-31,03:30,0.0183,0.0164
幸福村1社,52,2026-01-31,03:45,0.0133,0.0126
幸福村1社,52,2026-01-31,04:00,0.0191,0.0174
幸福村1社,52,2026-01-31,04:15,0.0146,0.0153
幸福村1社,52,2026-01-31,04:30,0.0144,0.0151
幸福村1社,52,2026-01-31,04:45,0.0125,0.0164
幸福村1社,52,2026-01-31,05:00,0.0129,0.0158
幸福村1社,52,2026-01-31,05:15,0.0156,0.016
幸福村1社,52,2026-01-31,05:30,0.0148,0.0119
幸福村1社,52,2026-01-31,05:45,0.011,0.0122
幸福村1社,52,2026-01-31,06:00,0.0161,0.0192
幸福村1社,52,2026-01-31,06:15,0.0161,0.0108
幸福村1社,52,2026-01-31,06:30,0.0148,0.017
幸福村1社,52,2026-01-31,06:45,0.0139,0.0179
幸福村1社,52,2026-01-31,07:00,0.0163,0.0137
幸福村1社,52,2026-01-31,07:15,0.0136,0.021
幸福村1社,52,2026-01-31,07:30,0.0216,0.04
幸福村1社,52,2026-01-31,07:45,0.0202,0.0221
幸福村1社,52,2026-01-31,08:00,0.0253,0.013
幸福村1社,52,2026-01-31,08:15,0.0324,0.0112
幸福村1社,52,2026-01-31,08:30,0.0554,0.0137
幸福村1社,52,2026-01-31,08:45,0.0543,0.0728
幸福村1社,52,2026-01-31,09:00,0.0703,0.1243
幸福村1社,52,2026-01-31,09:15,0.0769,0.1639
幸福村1社,52,2026-01-31,09:30,0.083,0.0585
幸福村1社,52,2026-01-31,09:45,0.0724,0.1198
幸福村1社,52,2026-01-31,10:00,0.0596,0.0796
幸福村1社,52,2026-01-31,10:15,0.0476,0.0646
幸福村1社,52,2026-01-31,10:30,0.0625,0.0713
幸福村1社,52,2026-01-31,10:45,0.0514,0.0404
幸福村1社,52,2026-01-31,11:00,0.0475,0.0606
幸福村1社,52,2026-01-31,11:15,0.0445,0.0377
幸福村1社,52,2026-01-31,11:30,0.0381,0.0553
幸福村1社,52,2026-01-31,11:45,0.0296,0.0572
幸福村1社,52,2026-01-31,12:00,0.028,0.0493
幸福村1社,52,2026-01-31,12:15,0.0266,0.0341
幸福村1社,52,2026-01-31,12:30,0.0347,0.0334
幸福村1社,52,2026-01-31,12:45,0.028,0.0298
幸福村1社,52,2026-01-31,13:00,0.0294,0.0331
幸福村1社,52,2026-01-31,13:15,0.021,0.035
幸福村1社,52,2026-01-31,13:30,0.0322,0.0321
幸福村1社,52,2026-01-31,13:45,0.0319,0.0506
幸福村1社,52,2026-01-31,14:00,0.0319,0.028
幸福村1社,52,2026-01-31,14:15,0.0295,0.0225
幸福村1社,52,2026-01-31,14:30,0.022,0.0392
幸福村1社,52,2026-01-31,14:45,0.0242,0.0166
幸福村1社,52,2026-01-31,15:00,0.0217,0.0159
幸福村1社,52,2026-01-31,15:15,0.0343,0.031
幸福村1社,52,2026-01-31,15:30,0.0236,0.0536
幸福村1社,52,2026-01-31,15:45,0.0332,0.0195
幸福村1社,52,2026-01-31,16:00,0.0375,0.0156
幸福村1社,52,2026-01-31,16:15,0.0356,0.0144
幸福村1社,52,2026-01-31,16:30,0.0484,0.0191
幸福村1社,52,2026-01-31,16:45,0.0473,0.0849
幸福村1社,52,2026-01-31,17:00,0.0616,0.0812
幸福村1社,52,2026-01-31,17:15,0.0563,0.1171
幸福村1社,52,2026-01-31,17:30,0.0587,0.0402
幸福村1社,52,2026-01-31,17:45,0.0583,0.0634
幸福村1社,52,2026-01-31,18:00,0.0682,0.0509
幸福村1社,52,2026-01-31,18:15,0.0526,0.024
幸福村1社,52,2026-01-31,18:30,0.0626,0.0436
幸福村1社,52,2026-01-31,18:45,0.0487,0.0255
幸福村1社,52,2026-01-31,19:00,0.0504,0.0292
幸福村1社,52,2026-01-31,19:15,0.0367,0.019
幸福村1社,52,2026-01-31,19:30,0.0517,0.0419
幸福村1社,52,2026-01-31,19:45,0.0477,0.0472
幸福村1社,52,2026-01-31,20:00,0.042,0.0432
幸福村1社,52,2026-01-31,20:15,0.0361,0.0372
幸福村1社,52,2026-01-31,20:30,0.0341,0.0379
幸福村1社,52,2026-01-31,20:45,0.0302,0.0423
幸福村1社,52,2026-01-31,21:00,0.0299,0.0655
幸福村1社,52,2026-01-31,21:15,0.0269,0.0231
幸福村1社,52,2026-01-31,21:30,0.0276,0.0259
幸福村1社,52,2026-01-31,21:45,0.0261,0.0246
幸福村1社,52,2026-01-31,22:00,0.0263,0.0509
幸福村1社,52,2026-01-31,22:15,0.0271,0.0226
幸福村1社,52,2026-01-31,22:30,0.0243,0.0381
幸福村1社,52,2026-01-31,22:45,0.0204,0.0324
幸福村1社,52,2026-01-31,23:00,0.0192,0.0407
幸福村1社,52,2026-01-31,23:15,0.0201,0.033
幸福村1社,52,2026-01-31,23:30,0.0193,0.0303
幸福村1社,52,2026-01-31,23:45,0.0216,0.0333
幸福村1社,52,2026-02-01,00:00,0.0208,0.0136
幸福村1社,52,2026-02-01,00:15,0.0167,0.0159
幸福村1社,52,2026-02-01,00:30,0.0165,0.0142
幸福村1社,52,2026-02-01,00:45,0.0187,0.0146
幸福村1社,52,2026-02-01,01:00,0.0146,0.0175
幸福村1社,52,2026-02-01,01:15,0.0179,0.016
幸福村1社,52,2026-02-01,01:30,0.0163,0.013
幸福村1社,52,2026-02-01,01:45,0.0175,0.0141
幸福村1社,52,2026-02-01,02:00,0.0166,0.0125
幸福村1社,52,2026-02-01,02:15,0.0198,0.0169
幸福村1社,52,2026-02-01,02:30,0.0166,0.0141
幸福村1社,52,2026-02-01,02:45,0.016,0.0181
幸福村1社,52,2026-02-01,03:00,0.0193,0.0122
幸福村1社,52,2026-02-01,03:15,0.0206,0.0128
幸福村1社,52,2026-02-01,03:30,0.0166,0.0157
幸福村1社,52,2026-02-01,03:45,0.0178,0.0112
幸福村1社,52,2026-02-01,04:00,0.0184,0.0185
幸福村1社,52,2026-02-01,04:15,0.0171,0.0142
幸福村1社,52,2026-02-01,04:30,0.0146,0.0167
幸福村1社,52,2026-02-01,04:45,0.0151,0.0151
幸福村1社,52,2026-02-01,05:00,0.0169,0.0143
幸福村1社,52,2026-02-01,05:15,0.0158,0.0181
幸福村1社,52,2026-02-01,05:30,0.0153,0.016
幸福村1社,52,2026-02-01,05:45,0.0166,0.0235
幸福村1社,52,2026-02-01,06:00,0.0113,0.0152
幸福村1社,52,2026-02-01,06:15,0.0199,0.0214
幸福村1社,52,2026-02-01,06:30,0.0216,0.018
幸福村1社,52,2026-02-01,06:45,0.0171,0.0287
幸福村1社,52,2026-02-01,07:00,0.0122,0.0163
幸福村1社,52,2026-02-01,07:15,0.015,0.0311
幸福村1社,52,2026-02-01,07:30,0.0212,0.0153
幸福村1社,52,2026-02-01,07:45,0.0178,0.017
幸福村1社,52,2026-02-01,08:00,0.0239,0.0161
幸福村1社,52,2026-02-01,08:15,0.0349,0.0134
幸福村1社,52,2026-02-01,08:30,0.0502,0.0533
幸福村1社,52,2026-02-01,08:45,0.0563,0.0589
幸福村1社,52,2026-02-01,09:00,0.0619,0.0964
幸福村1社,52,2026-02-01,09:15,0.081,0.0872
幸福村1社,52,2026-02-01,09:30,0.0741,0.0369
幸福村1社,52,2026-02-01,09:45,0.0716,0.0918
幸福村1社,52,2026-02-01,10:00,0.0642,0.0614
幸福村1社,52,2026-02-01,10:15,0.0493,0.1036
幸福村1社,52,2026-02-01,10:30,0.047,0.1013
幸福村1社,52,2026-02-01,10:45,0.0416,0.1044
幸福村1社,52,2026-02-01,11:00,0.0348,0.0628
幸福村1社,52,2026-02-01,11:15,0.035,0.0636
幸福村1社,52,2026-02-01,11:30,0.0277,0.0654
幸福村1社,52,2026-02-01,11:45,0.0292,0.0909
幸福村1社,52,2026-02-01,12:00,0.0298,0.0442
幸福村1社,52,2026-02-01,12:15,0.026,0.0572
幸福村1社,52,2026-02-01,12:30,0.0317,0.023
幸福村1社,52,2026-02-01,12:45,0.024,0.0295
幸福村1社,52,2026-02-01,13:00,0.0218,0.0184
幸福村1社,52,2026-02-01,13:15,0.0267,0.0243
幸福村1社,52,2026-02-01,13:30,0.029,0.0837
幸福村1社,52,2026-02-01,13:45,0.0301,0.048
幸福村1社,52,2026-02-01,14:00,0.0346,0.023
幸福村1社,52,2026-02-01,14:15,0.0289,0.0235
幸福村1社,52,2026-02-01,14:30,0.0281,0.0347
幸福村1社,52,2026-02-01,14:45,0.0306,0.036
幸福村1社,52,2026-02-01,15:00,0.024,0.0184
幸福村1社,52,2026-02-01,15:15,0.0293,0.0222
幸福村1社,52,2026-02-01,15:30,0.0221,0.0393
幸福村1社,52,2026-02-01,15:45,0.0348,0.0818
幸福村1社,52,2026-02-01,16:00,0.0297,0.0677
幸福村1社,52,2026-02-01,16:15,0.0364,0.057
幸福村1社,52,2026-02-01,16:30,0.0433,0.0481
幸福村1社,52,2026-02-01,16:45,0.0468,0.0576
幸福村1社,52,2026-02-01,17:00,0.06,0.08
幸福村1社,52,2026-02-01,17:15,0.052,0.1065
幸福村1社,52,2026-02-01,17:30,0.0572,0.1318
幸福村1社,52,2026-02-01,17:45,0.0575,0.0615
幸福村1社,52,2026-02-01,18:00,0.069,0.0937
幸福村1社,52,2026-02-01,18:15,0.0519,0.0995
幸福村1社,52,2026-02-01,18:30,0.0568,0.0705
幸福村1社,52,2026-02-01,18:45,0.0499,0.0229
幸福村1社,52,2026-02-01,19:00,0.0504,0.0814
幸福村1社,52,2026-02-01,19:15,0.0439,0.0897
幸福村1社,52,2026-02-01,19:30,0.057,0.1343
幸福村1社,52,2026-02-01,19:45,0.0392,0.1816
幸福村1社,52,2026-02-01,20:00,0.0422,0.1167
幸福村1社,52,2026-02-01,20:15,0.038,0.0535
幸福村1社,52,2026-02-01,20:30,0.0398,0.0597
幸福村1社,52,2026-02-01,20:45,0.032,0.0824
幸福村1社,52,2026-02-01,21:00,0.0301,0.0382
幸福村1社,52,2026-02-01,21:15,0.0281,0.0188
幸福村1社,52,2026-02-01,21:30,0.0282,0.0519
幸福村1社,52,2026-02-01,21:45,0.0324,0.0208
幸福村1社,52,2026-02-01,22:00,0.0241,0.019
幸福村1社,52,2026-02-01,22:15,0.0229,0.0204
幸福村1社,52,2026-02-01,22:30,0.0209,0.018
幸福村1社,52,2026-02-01,22:45,0.0248,0.0223
幸福村1社,52,2026-02-01,23:00,0.0228,0.0184
幸福村1社,52,2026-02-01,23:15,0.0182,0.0372
幸福村1社,52,2026-02-01,23:30,0.0148,0.0331
幸福村1社,52,2026-02-01,23:45,0.0197,0.0334
幸福村1社,52,2026-02-02,00:00,0.0187,0.0196
幸福村1社,52,2026-02-02,00:15,0.0147,0.0161
幸福村1社,52,2026-02-02,00:30,0.0173,0.0237
幸福村1社,52,2026-02-02,00:45,0.0194,0.0185
幸福村1社,52,2026-02-02,01:00,0.0157,0.017
幸福村1社,52,2026-02-02,01:15,0.0161,0.0168
幸福村1社,52,2026-02-02,01:30,0.0123,0.017
幸福村1社,52,2026-02-02,01:45,0.0193,0.0157
幸福村1社,52,2026-02-02,02:00,0.0183,0.0172
幸福村1社,52,2026-02-02,02:15,0.0189,0.0111
幸福村1社,52,2026-02-02,02:30,0.0189,0.0129
幸福村1社,52,2026-02-02,02:45,0.0176,0.013
幸福村1社,52,2026-02-02,03:00,0.017,0.0171
幸福村1社,52,2026-02-02,03:15,0.0152,0.0119
幸福村1社,52,2026-02-02,03:30,0.0181,0.0142
幸福村1社,52,2026-02-02,03:45,0.018,0.0182
幸福村1社,52,2026-02-02,04:00,0.0174,0.0161
幸福村1社,52,2026-02-02,04:15,0.0147,0.02
幸福村1社,52,2026-02-02,04:30,0.0172,0.0149
幸福村1社,52,2026-02-02,04:45,0.0163,0.0169
幸福村1社,52,2026-02-02,05:00,0.0174,0.0184
幸福村1社,52,2026-02-02,05:15,0.0172,0.0197
幸福村1社,52,2026-02-02,05:30,0.0177,0.0112
幸福村1社,52,2026-02-02,05:45,0.0151,0.022
幸福村1社,52,2026-02-02,06:00,0.018,0.0157
幸福村1社,52,2026-02-02,06:15,0.0185,0.0265
幸福村1社,52,2026-02-02,06:30,0.0161,0.0139
幸福村1社,52,2026-02-02,06:45,0.0173,0.0231
幸福村1社,52,2026-02-02,07:00,0.0139,0.014
幸福村1社,52,2026-02-02,07:15,0.0138,0.0145
幸福村1社,52,2026-02-02,07:30,0.0243,0.0209
幸福村1社,52,2026-02-02,07:45,0.0225,0.0169
幸福村1社,52,2026-02-02,08:00,0.0251,0.0382
幸福村1社,52,2026-02-02,08:15,0.0341,0.0664
幸福村1社,52,2026-02-02,08:30,0.0482,0.0666
幸福村1社,52,2026-02-02,08:45,0.0411,0.0825
幸福村1社,52,2026-02-02,09:00,0.0687,0.0818
幸福村1社,52,2026-02-02,09:15,0.083,0.1015
幸福村1社,52,2026-02-02,09:30,0.0791,0.0327
幸福村1社,52,2026-02-02,09:45,0.078,0.0375
幸福村1社,52,2026-02-02,10:00,0.0525,0.0489
幸福村1社,52,2026-02-02,10:15,0.0478,0.0946
幸福村1社,52,2026-02-02,10:30,0.0527,0.0356
幸福村1社,52,2026-02-02,10:45,0.0474,0.0508
幸福村1社,52,2026-02-02,11:00,0.039,0.0228
幸福村1社,52,2026-02-02,11:15,0.0438,0.075
幸福村1社,52,2026-02-02,11:30,0.0381,0.053
幸福村1社,52,2026-02-02,11:45,0.0282,0.0224
幸福村1社,52,2026-02-02,12:00,0.0309,0.0471
幸福村1社,52,2026-02-02,12:15,0.0282,0.042
幸福村1社,52,2026-02-02,12:30,0.039,0.0176
幸福村1社,52,2026-02-02,12:45,0.0258,0.1127
幸福村1社,52,2026-02-02,13:00,0.0296,0.0165
幸福村1社,52,2026-02-02,13:15,0.0233,0.0197
幸福村1社,52,2026-02-02,13:30,0.0217,0.0256
幸福村1社,52,2026-02-02,13:45,0.0306,0.0213
幸福村1社,52,2026-02-02,14:00,0.0259,0.0255
幸福村1社,52,2026-02-02,14:15,0.0314,0.0295
幸福村1社,52,2026-02-02,14:30,0.0259,0.0613
幸福村1社,52,2026-02-02,14:45,0.03,0.0194
幸福村1社,52,2026-02-02,15:00,0.0225,0.0179
幸福村1社,52,2026-02-02,15:15,0.0325,0.0153
幸福村1社,52,2026-02-02,15:30,0.0304,0.0162
幸福村1社,52,2026-02-02,15:45,0.0298,0.0179
幸福村1社,52,2026-02-02,16:00,0.0241,0.0148
幸福村1社,52,2026-02-02,16:15,0.0383,0.0113
幸福村1社,52,2026-02-02,16:30,0.0517,0.0454
幸福村1社,52,2026-02-02,16:45,0.0461,0.0957
幸福村1社,52,2026-02-02,17:00,0.0623,0.0823
幸福村1社,52,2026-02-02,17:15,0.0551,0.0913
幸福村1社,52,2026-02-02,17:30,0.0526,0.0491
幸福村1社,52,2026-02-02,17:45,0.0583,0.0725
幸福村1社,52,2026-02-02,18:00,0.0683,0.0608
幸福村1社,52,2026-02-02,18:15,0.059,0.0974
幸福村1社,52,2026-02-02,18:30,0.0619,0.1041
幸福村1社,52,2026-02-02,18:45,0.0571,0.0643
幸福村1社,52,2026-02-02,19:00,0.0524,0.0403
幸福村1社,52,2026-02-02,19:15,0.0444,0.0866
幸福村1社,52,2026-02-02,19:30,0.0466,0.0963
幸福村1社,52,2026-02-02,19:45,0.0407,0.0779
幸福村1社,52,2026-02-02,20:00,0.0366,0.0704
幸福村1社,52,2026-02-02,20:15,0.0372,0.0342
幸福村1社,52,2026-02-02,20:30,0.035,0.0339
幸福村1社,52,2026-02-02,20:45,0.0321,0.0347
幸福村1社,52,2026-02-02,21:00,0.0309,0.0683
幸福村1社,52,2026-02-02,21:15,0.0323,0.0265
幸福村1社,52,2026-02-02,21:30,0.0299,0.0215
幸福村1社,52,2026-02-02,21:45,0.0242,0.0206
幸福村1社,52,2026-02-02,22:00,0.0321,0.0171
幸福村1社,52,2026-02-02,22:15,0.0252,0.0203
幸福村1社,52,2026-02-02,22:30,0.0216,0.0161
幸福村1社,52,2026-02-02,22:45,0.0292,0.0126
幸福村1社,52,2026-02-02,23:00,0.0213,0.0237
幸福村1社,52,2026-02-02,23:15,0.0193,0.0122
幸福村1社,52,2026-02-02,23:30,0.0182,0.0176
幸福村1社,52,2026-02-02,23:45,0.0165,0.0145
甘伍村3社,53,2026-03-30,00:00,0.0003,0.0005
甘伍村3社,53,2026-03-30,00:15,0.0001,0.0005
甘伍村3社,53,2026-03-30,00:30,-0.0001,0.0005
甘伍村3社,53,2026-03-30,00:45,0.0001,0.0005
甘伍村3社,53,2026-03-30,01:00,0.0001,0.0005
甘伍村3社,53,2026-03-30,01:15,0.0009,0.0005
甘伍村3社,53,2026-03-30,01:30,0.0007,0.0005
甘伍村3社,53,2026-03-30,01:45,0.0003,0.0005
甘伍村3社,53,2026-03-30,02:00,-0.0001,0.0005
甘伍村3社,53,2026-03-30,02:15,0.0011,0.0005
甘伍村3社,53,2026-03-30,02:30,-0.0003,0.0005
甘伍村3社,53,2026-03-30,02:45,0.0006,0.0005
甘伍村3社,53,2026-03-30,03:00,0.0004,0.0005
甘伍村3社,53,2026-03-30,03:15,0.0006,0.0005
甘伍村3社,53,2026-03-30,03:30,0.0003,0.0005
甘伍村3社,53,2026-03-30,03:45,0.0003,0.0005
甘伍村3社,53,2026-03-30,04:00,-0.0009,0.0005
甘伍村3社,53,2026-03-30,04:15,0.0007,0.0005
甘伍村3社,53,2026-03-30,04:30,0.0009,0.0005
甘伍村3社,53,2026-03-30,04:45,0.0009,0.0005
甘伍村3社,53,2026-03-30,05:00,0.0009,0.0005
甘伍村3社,53,2026-03-30,05:15,0.0006,0.0005
甘伍村3社,53,2026-03-30,05:30,0.0006,0.0005
甘伍村3社,53,2026-03-30,05:45,0.0007,0.0005
甘伍村3社,53,2026-03-30,06:00,0.001,0.0005
甘伍村3社,53,2026-03-30,06:15,0.0,0.0005
甘伍村3社,53,2026-03-30,06:30,-0.0001,0.0005
甘伍村3社,53,2026-03-30,06:45,0.0011,0.0005
甘伍村3社,53,2026-03-30,07:00,-0.0004,0.0005
甘伍村3社,53,2026-03-30,07:15,0.0004,0.0005
甘伍村3社,53,2026-03-30,07:30,0.0015,0.0005
甘伍村3社,53,2026-03-30,07:45,0.0018,0.0005
甘伍村3社,53,2026-03-30,08:00,0.0001,0.0005
甘伍村3社,53,2026-03-30,08:15,0.0015,0.012
甘伍村3社,53,2026-03-30,08:30,0.0022,0.012
甘伍村3社,53,2026-03-30,08:45,0.0002,0.0015
甘伍村3社,53,2026-03-30,09:00,0.0033,0.0015
甘伍村3社,53,2026-03-30,09:15,0.0018,0.0005
甘伍村3社,53,2026-03-30,09:30,0.0038,0.0005
甘伍村3社,53,2026-03-30,09:45,0.0026,0.0005
甘伍村3社,53,2026-03-30,10:00,0.0068,0.0005
甘伍村3社,53,2026-03-30,10:15,0.0087,0.0005
甘伍村3社,53,2026-03-30,10:30,0.01,0.0005
甘伍村3社,53,2026-03-30,10:45,0.0109,0.0005
甘伍村3社,53,2026-03-30,11:00,0.0097,0.0005
甘伍村3社,53,2026-03-30,11:15,0.0133,0.0005
甘伍村3社,53,2026-03-30,11:30,0.0132,0.0005
甘伍村3社,53,2026-03-30,11:45,0.0129,0.0005
甘伍村3社,53,2026-03-30,12:00,0.009,0.0005
甘伍村3社,53,2026-03-30,12:15,0.0085,0.0005
甘伍村3社,53,2026-03-30,12:30,0.0096,0.0005
甘伍村3社,53,2026-03-30,12:45,0.0078,0.0005
甘伍村3社,53,2026-03-30,13:00,0.0029,0.0005
甘伍村3社,53,2026-03-30,13:15,0.0037,0.0005
甘伍村3社,53,2026-03-30,13:30,0.0054,0.0005
甘伍村3社,53,2026-03-30,13:45,0.0031,0.0005
甘伍村3社,53,2026-03-30,14:00,0.0028,0.0005
甘伍村3社,53,2026-03-30,14:15,0.0044,0.0005
甘伍村3社,53,2026-03-30,14:30,0.0031,0.0005
甘伍村3社,53,2026-03-30,14:45,0.0018,0.0005
甘伍村3社,53,2026-03-30,15:00,0.001,0.0005
甘伍村3社,53,2026-03-30,15:15,0.0015,0.0005
甘伍村3社,53,2026-03-30,15:30,0.0002,0.0005
甘伍村3社,53,2026-03-30,15:45,0.0009,0.0005
甘伍村3社,53,2026-03-30,16:00,0.0009,0.0005
甘伍村3社,53,2026-03-30,16:15,0.0007,0.0005
甘伍村3社,53,2026-03-30,16:30,-0.0006,0.0005
甘伍村3社,53,2026-03-30,16:45,0.0017,0.0005
甘伍村3社,53,2026-03-30,17:00,0.002,0.0005
甘伍村3社,53,2026-03-30,17:15,0.0006,0.0005
甘伍村3社,53,2026-03-30,17:30,0.0008,0.0005
甘伍村3社,53,2026-03-30,17:45,0.0013,0.0005
甘伍村3社,53,2026-03-30,18:00,0.0015,0.0005
甘伍村3社,53,2026-03-30,18:15,-0.0,0.0005
甘伍村3社,53,2026-03-30,18:30,0.0001,0.0005
甘伍村3社,53,2026-03-30,18:45,0.0018,0.0005
甘伍村3社,53,2026-03-30,19:00,0.0008,0.0005
甘伍村3社,53,2026-03-30,19:15,0.0006,0.0005
甘伍村3社,53,2026-03-30,19:30,-0.0012,0.001
甘伍村3社,53,2026-03-30,19:45,0.0,0.001
甘伍村3社,53,2026-03-30,20:00,-0.0011,0.0005
甘伍村3社,53,2026-03-30,20:15,-0.0005,0.0005
甘伍村3社,53,2026-03-30,20:30,-0.0001,0.0005
甘伍村3社,53,2026-03-30,20:45,0.0021,0.0005
甘伍村3社,53,2026-03-30,21:00,-0.0011,0.0005
甘伍村3社,53,2026-03-30,21:15,0.0002,0.0005
甘伍村3社,53,2026-03-30,21:30,-0.0011,0.0007
甘伍村3社,53,2026-03-30,21:45,0.0002,0.0007
甘伍村3社,53,2026-03-30,22:00,0.0003,0.0007
甘伍村3社,53,2026-03-30,22:15,-0.0006,0.0006
甘伍村3社,53,2026-03-30,22:30,0.0002,0.0006
甘伍村3社,53,2026-03-30,22:45,0.0008,0.0005
甘伍村3社,53,2026-03-30,23:00,0.0003,0.0005
甘伍村3社,53,2026-03-30,23:15,-0.0002,0.0005
甘伍村3社,53,2026-03-30,23:30,0.0006,0.0005
甘伍村3社,53,2026-03-30,23:45,0.0002,0.0005
甘伍村3社,53,2026-03-31,00:00,0.0006,0.0005
甘伍村3社,53,2026-03-31,00:15,-0.0001,0.0005
甘伍村3社,53,2026-03-31,00:30,0.0001,0.0005
甘伍村3社,53,2026-03-31,00:45,0.0008,0.0005
甘伍村3社,53,2026-03-31,01:00,-0.0013,0.0006
甘伍村3社,53,2026-03-31,01:15,0.0007,0.0006
甘伍村3社,53,2026-03-31,01:30,0.0007,0.0006
甘伍村3社,53,2026-03-31,01:45,0.0006,0.0006
甘伍村3社,53,2026-03-31,02:00,-0.0003,0.0006
甘伍村3社,53,2026-03-31,02:15,0.0001,0.0006
甘伍村3社,53,2026-03-31,02:30,0.0002,0.0006
甘伍村3社,53,2026-03-31,02:45,0.0003,0.0006
甘伍村3社,53,2026-03-31,03:00,0.0007,0.0006
甘伍村3社,53,2026-03-31,03:15,0.001,0.0006
甘伍村3社,53,2026-03-31,03:30,0.0003,0.0006
甘伍村3社,53,2026-03-31,03:45,-0.0003,0.0005
甘伍村3社,53,2026-03-31,04:00,0.0012,0.0005
甘伍村3社,53,2026-03-31,04:15,-0.0004,0.0005
甘伍村3社,53,2026-03-31,04:30,0.0002,0.0005
甘伍村3社,53,2026-03-31,04:45,0.0008,0.0005
甘伍村3社,53,2026-03-31,05:00,0.0011,0.0005
甘伍村3社,53,2026-03-31,05:15,0.0005,0.0005
甘伍村3社,53,2026-03-31,05:30,0.0005,0.0005
甘伍村3社,53,2026-03-31,05:45,0.0003,0.0005
甘伍村3社,53,2026-03-31,06:00,0.001,0.0005
甘伍村3社,53,2026-03-31,06:15,-0.0001,0.0005
甘伍村3社,53,2026-03-31,06:30,0.0004,0.0005
甘伍村3社,53,2026-03-31,06:45,-0.0,0.0005
甘伍村3社,53,2026-03-31,07:00,0.0007,0.0005
甘伍村3社,53,2026-03-31,07:15,0.0008,0.0005
甘伍村3社,53,2026-03-31,07:30,0.0002,0.0005
甘伍村3社,53,2026-03-31,07:45,0.0003,0.0005
甘伍村3社,53,2026-03-31,08:00,0.0011,0.0005
甘伍村3社,53,2026-03-31,08:15,0.0014,0.0005
甘伍村3社,53,2026-03-31,08:30,0.0016,0.0005
甘伍村3社,53,2026-03-31,08:45,0.0008,0.0005
甘伍村3社,53,2026-03-31,09:00,0.0031,0.0005
甘伍村3社,53,2026-03-31,09:15,0.0013,0.0005
甘伍村3社,53,2026-03-31,09:30,0.001,0.0005
甘伍村3社,53,2026-03-31,09:45,0.0007,0.0005
甘伍村3社,53,2026-03-31,10:00,0.0056,0.0005
甘伍村3社,53,2026-03-31,10:15,0.0079,0.0005
甘伍村3社,53,2026-03-31,10:30,0.0096,0.0005
甘伍村3社,53,2026-03-31,10:45,0.0111,0.0005
甘伍村3社,53,2026-03-31,11:00,0.0112,0.0005
甘伍村3社,53,2026-03-31,11:15,0.0152,0.0005
甘伍村3社,53,2026-03-31,11:30,0.0131,0.0005
甘伍村3社,53,2026-03-31,11:45,0.012,0.0005
甘伍村3社,53,2026-03-31,12:00,0.0097,0.0005
甘伍村3社,53,2026-03-31,12:15,0.0085,0.0005
甘伍村3社,53,2026-03-31,12:30,0.0066,0.0005
甘伍村3社,53,2026-03-31,12:45,0.008,0.0005
甘伍村3社,53,2026-03-31,13:00,0.004,0.0005
甘伍村3社,53,2026-03-31,13:15,0.0045,0.0005
甘伍村3社,53,2026-03-31,13:30,0.0049,0.0005
甘伍村3社,53,2026-03-31,13:45,0.0051,0.0005
甘伍村3社,53,2026-03-31,14:00,0.0049,0.0005
甘伍村3社,53,2026-03-31,14:15,0.0043,0.0005
甘伍村3社,53,2026-03-31,14:30,0.0033,0.0005
甘伍村3社,53,2026-03-31,14:45,0.0019,0.0005
甘伍村3社,53,2026-03-31,15:00,0.0009,0.0005
甘伍村3社,53,2026-03-31,15:15,0.0023,0.0005
甘伍村3社,53,2026-03-31,15:30,0.0006,0.0005
甘伍村3社,53,2026-03-31,15:45,0.001,0.0005
甘伍村3社,53,2026-03-31,16:00,0.0013,0.0005
甘伍村3社,53,2026-03-31,16:15,0.001,0.0005
甘伍村3社,53,2026-03-31,16:30,0.0007,0.0005
甘伍村3社,53,2026-03-31,16:45,0.0018,0.0005
甘伍村3社,53,2026-03-31,17:00,0.0015,0.0005
甘伍村3社,53,2026-03-31,17:15,0.0009,0.0005
甘伍村3社,53,2026-03-31,17:30,0.0007,0.0005
甘伍村3社,53,2026-03-31,17:45,0.0005,0.0005
甘伍村3社,53,2026-03-31,18:00,0.0,0.0005
甘伍村3社,53,2026-03-31,18:15,0.0013,0.0005
甘伍村3社,53,2026-03-31,18:30,0.0007,0.0005
甘伍村3社,53,2026-03-31,18:45,-0.001,0.0005
甘伍村3社,53,2026-03-31,19:00,-0.0001,0.0005
甘伍村3社,53,2026-03-31,19:15,-0.0004,0.0005
甘伍村3社,53,2026-03-31,19:30,-0.0002,0.0005
甘伍村3社,53,2026-03-31,19:45,0.0005,0.0005
甘伍村3社,53,2026-03-31,20:00,0.0006,0.0005
甘伍村3社,53,2026-03-31,20:15,0.0008,0.0005
甘伍村3社,53,2026-03-31,20:30,0.0002,0.0005
甘伍村3社,53,2026-03-31,20:45,-0.0005,0.0005
甘伍村3社,53,2026-03-31,21:00,0.0005,0.0005
甘伍村3社,53,2026-03-31,21:15,0.0003,0.0005
甘伍村3社,53,2026-03-31,21:30,-0.0007,0.0005
甘伍村3社,53,2026-03-31,21:45,0.0004,0.0005
甘伍村3社,53,2026-03-31,22:00,-0.0002,0.0005
甘伍村3社,53,2026-03-31,22:15,-0.0008,0.0005
甘伍村3社,53,2026-03-31,22:30,0.0011,0.0005
甘伍村3社,53,2026-03-31,22:45,-0.0001,0.0005
甘伍村3社,53,2026-03-31,23:00,0.0003,0.0005
甘伍村3社,53,2026-03-31,23:15,0.0,0.0005
甘伍村3社,53,2026-03-31,23:30,0.0014,0.0005
甘伍村3社,53,2026-03-31,23:45,-0.0003,0.0006
甘伍村3社,53,2026-04-01,00:00,0.0004,0.0006
甘伍村3社,53,2026-04-01,00:15,-0.0002,0.0006
甘伍村3社,53,2026-04-01,00:30,0.0003,0.0006
甘伍村3社,53,2026-04-01,00:45,-0.0,0.0006
甘伍村3社,53,2026-04-01,01:00,0.0007,0.0006
甘伍村3社,53,2026-04-01,01:15,-0.0001,0.0006
甘伍村3社,53,2026-04-01,01:30,-0.0001,0.0006
甘伍村3社,53,2026-04-01,01:45,0.0,0.0006
甘伍村3社,53,2026-04-01,02:00,0.0005,0.0006
甘伍村3社,53,2026-04-01,02:15,0.0016,0.0006
甘伍村3社,53,2026-04-01,02:30,0.0007,0.0006
甘伍村3社,53,2026-04-01,02:45,0.0013,0.0006
甘伍村3社,53,2026-04-01,03:00,0.0004,0.0006
甘伍村3社,53,2026-04-01,03:15,0.0007,0.0006
甘伍村3社,53,2026-04-01,03:30,-0.0001,0.0006
甘伍村3社,53,2026-04-01,03:45,0.0001,0.0006
甘伍村3社,53,2026-04-01,04:00,-0.0,0.0006
甘伍村3社,53,2026-04-01,04:15,0.0008,0.0006
甘伍村3社,53,2026-04-01,04:30,-0.0002,0.0006
甘伍村3社,53,2026-04-01,04:45,0.0004,0.0006
甘伍村3社,53,2026-04-01,05:00,0.0008,0.0006
甘伍村3社,53,2026-04-01,05:15,-0.0006,0.0006
甘伍村3社,53,2026-04-01,05:30,0.0002,0.0006
甘伍村3社,53,2026-04-01,05:45,-0.0,0.0006
甘伍村3社,53,2026-04-01,06:00,-0.0007,0.0006
甘伍村3社,53,2026-04-01,06:15,-0.0002,0.0005
甘伍村3社,53,2026-04-01,06:30,0.0006,0.0005
甘伍村3社,53,2026-04-01,06:45,-0.0002,0.0005
甘伍村3社,53,2026-04-01,07:00,0.0002,0.0005
甘伍村3社,53,2026-04-01,07:15,0.0005,0.0005
甘伍村3社,53,2026-04-01,07:30,0.0004,0.0005
甘伍村3社,53,2026-04-01,07:45,0.0017,0.0005
甘伍村3社,53,2026-04-01,08:00,0.001,0.0005
甘伍村3社,53,2026-04-01,08:15,-0.0007,0.0006
甘伍村3社,53,2026-04-01,08:30,0.0011,0.0006
甘伍村3社,53,2026-04-01,08:45,0.0012,0.0008
甘伍村3社,53,2026-04-01,09:00,0.0035,0.0008
甘伍村3社,53,2026-04-01,09:15,0.0016,0.0008
甘伍村3社,53,2026-04-01,09:30,0.0012,0.0006
甘伍村3社,53,2026-04-01,09:45,0.0024,0.0006
甘伍村3社,53,2026-04-01,10:00,0.005,0.0006
甘伍村3社,53,2026-04-01,10:15,0.0083,0.0005
甘伍村3社,53,2026-04-01,10:30,0.0095,0.0005
甘伍村3社,53,2026-04-01,10:45,0.0112,0.0005
甘伍村3社,53,2026-04-01,11:00,0.0113,0.0005
甘伍村3社,53,2026-04-01,11:15,0.0155,0.0005
甘伍村3社,53,2026-04-01,11:30,0.0149,0.0005
甘伍村3社,53,2026-04-01,11:45,0.0143,0.0005
甘伍村3社,53,2026-04-01,12:00,0.0094,0.0005
甘伍村3社,53,2026-04-01,12:15,0.0072,0.0005
甘伍村3社,53,2026-04-01,12:30,0.0073,0.0005
甘伍村3社,53,2026-04-01,12:45,0.007,0.0005
甘伍村3社,53,2026-04-01,13:00,0.0026,0.0005
甘伍村3社,53,2026-04-01,13:15,0.0048,0.0005
甘伍村3社,53,2026-04-01,13:30,0.005,0.0005
甘伍村3社,53,2026-04-01,13:45,0.004,0.0005
甘伍村3社,53,2026-04-01,14:00,0.0037,0.0005
甘伍村3社,53,2026-04-01,14:15,0.0024,0.0005
甘伍村3社,53,2026-04-01,14:30,0.0018,0.0005
甘伍村3社,53,2026-04-01,14:45,0.0015,0.0005
甘伍村3社,53,2026-04-01,15:00,0.0009,0.0005
甘伍村3社,53,2026-04-01,15:15,0.0017,0.0005
甘伍村3社,53,2026-04-01,15:30,0.0005,0.0005
甘伍村3社,53,2026-04-01,15:45,0.0009,0.0005
甘伍村3社,53,2026-04-01,16:00,0.0014,0.0005
甘伍村3社,53,2026-04-01,16:15,-0.0003,0.0005
甘伍村3社,53,2026-04-01,16:30,0.0019,0.0005
甘伍村3社,53,2026-04-01,16:45,0.0001,0.0005
甘伍村3社,53,2026-04-01,17:00,0.0019,0.0119
甘伍村3社,53,2026-04-01,17:15,0.001,0.0015
甘伍村3社,53,2026-04-01,17:30,0.0007,0.0015
甘伍村3社,53,2026-04-01,17:45,0.0012,0.0015
甘伍村3社,53,2026-04-01,18:00,0.0006,0.0005
甘伍村3社,53,2026-04-01,18:15,0.0019,0.0005
甘伍村3社,53,2026-04-01,18:30,0.0,0.0005
甘伍村3社,53,2026-04-01,18:45,0.0003,0.0005
甘伍村3社,53,2026-04-01,19:00,-0.0001,0.0005
甘伍村3社,53,2026-04-01,19:15,0.0007,0.0005
甘伍村3社,53,2026-04-01,19:30,0.0007,0.0005
甘伍村3社,53,2026-04-01,19:45,0.0013,0.0005
甘伍村3社,53,2026-04-01,20:00,0.0004,0.0005
甘伍村3社,53,2026-04-01,20:15,0.0015,0.0005
甘伍村3社,53,2026-04-01,20:30,0.0006,0.0005
甘伍村3社,53,2026-04-01,20:45,0.0,0.0005
甘伍村3社,53,2026-04-01,21:00,0.0007,0.0005
甘伍村3社,53,2026-04-01,21:15,-0.0003,0.0005
甘伍村3社,53,2026-04-01,21:30,-0.0003,0.0005
甘伍村3社,53,2026-04-01,21:45,0.0007,0.0005
甘伍村3社,53,2026-04-01,22:00,0.0001,0.0005
甘伍村3社,53,2026-04-01,22:15,0.0006,0.0005
甘伍村3社,53,2026-04-01,22:30,0.0008,0.0005
甘伍村3社,53,2026-04-01,22:45,-0.0005,0.0005
甘伍村3社,53,2026-04-01,23:00,0.0011,0.0005
甘伍村3社,53,2026-04-01,23:15,-0.0005,0.0005
甘伍村3社,53,2026-04-01,23:30,-0.0002,0.0005
甘伍村3社,53,2026-04-01,23:45,0.0002,0.0005
幸福村4社,54,2026-04-27,00:00,0.0007,0.001
幸福村4社,54,2026-04-27,00:15,0.0004,0.001
幸福村4社,54,2026-04-27,00:30,0.0005,0.001
幸福村4社,54,2026-04-27,00:45,0.0007,0.0009
幸福村4社,54,2026-04-27,01:00,0.0012,0.0009
幸福村4社,54,2026-04-27,01:15,0.0007,0.0009
幸福村4社,54,2026-04-27,01:30,0.0003,0.0008
幸福村4社,54,2026-04-27,01:45,-0.0,0.0008
幸福村4社,54,2026-04-27,02:00,0.0004,0.0008
幸福村4社,54,2026-04-27,02:15,0.0006,0.0008
幸福村4社,54,2026-04-27,02:30,0.0006,0.0007
幸福村4社,54,2026-04-27,02:45,0.0003,0.0007
幸福村4社,54,2026-04-27,03:00,0.0005,0.0007
幸福村4社,54,2026-04-27,03:15,0.0004,0.0008
幸福村4社,54,2026-04-27,03:30,0.0008,0.0007
幸福村4社,54,2026-04-27,03:45,0.0008,0.0007
幸福村4社,54,2026-04-27,04:00,0.0005,0.0007
幸福村4社,54,2026-04-27,04:15,0.0004,0.0007
幸福村4社,54,2026-04-27,04:30,0.0008,0.0007
幸福村4社,54,2026-04-27,04:45,0.0011,0.0007
幸福村4社,54,2026-04-27,05:00,0.0002,0.0007
幸福村4社,54,2026-04-27,05:15,0.001,0.0007
幸福村4社,54,2026-04-27,05:30,0.001,0.0007
幸福村4社,54,2026-04-27,05:45,0.0005,0.0007
幸福村4社,54,2026-04-27,06:00,0.0005,0.0007
幸福村4社,54,2026-04-27,06:15,0.0009,0.0007
幸福村4社,54,2026-04-27,06:30,0.0016,0.0009
幸福村4社,54,2026-04-27,06:45,0.0009,0.0009
幸福村4社,54,2026-04-27,07:00,0.0013,0.0004
幸福村4社,54,2026-04-27,07:15,0.0015,0.0004
幸福村4社,54,2026-04-27,07:30,0.0016,0.0004
幸福村4社,54,2026-04-27,07:45,0.0024,0.0004
幸福村4社,54,2026-04-27,08:00,0.0022,0.0004
幸福村4社,54,2026-04-27,08:15,0.0013,0.0326
幸福村4社,54,2026-04-27,08:30,0.0015,0.0004
幸福村4社,54,2026-04-27,08:45,0.0018,0.0027
幸福村4社,54,2026-04-27,09:00,0.0017,0.0004
幸福村4社,54,2026-04-27,09:15,0.0005,0.0004
幸福村4社,54,2026-04-27,09:30,0.0007,0.0004
幸福村4社,54,2026-04-27,09:45,0.0003,0.0004
幸福村4社,54,2026-04-27,10:00,0.001,0.0004
幸福村4社,54,2026-04-27,10:15,0.0021,0.0004
幸福村4社,54,2026-04-27,10:30,0.0006,0.0004
幸福村4社,54,2026-04-27,10:45,0.0016,0.0004
幸福村4社,54,2026-04-27,11:00,0.0012,0.0004
幸福村4社,54,2026-04-27,11:15,0.001,0.0004
幸福村4社,54,2026-04-27,11:30,0.0013,0.0004
幸福村4社,54,2026-04-27,11:45,0.0013,0.0004
幸福村4社,54,2026-04-27,12:00,0.0015,0.0004
幸福村4社,54,2026-04-27,12:15,0.0007,0.0004
幸福村4社,54,2026-04-27,12:30,0.0012,0.0004
幸福村4社,54,2026-04-27,12:45,0.0008,0.0004
幸福村4社,54,2026-04-27,13:00,0.0009,0.0004
幸福村4社,54,2026-04-27,13:15,0.0007,0.0004
幸福村4社,54,2026-04-27,13:30,0.0011,0.0004
幸福村4社,54,2026-04-27,13:45,0.0012,0.0541
幸福村4社,54,2026-04-27,14:00,0.0012,0.0006
幸福村4社,54,2026-04-27,14:15,0.0009,0.0004
幸福村4社,54,2026-04-27,14:30,0.0008,0.0004
幸福村4社,54,2026-04-27,14:45,0.0006,0.0004
幸福村4社,54,2026-04-27,15:00,0.0005,0.0004
幸福村4社,54,2026-04-27,15:15,0.0006,0.0004
幸福村4社,54,2026-04-27,15:30,0.0009,0.0004
幸福村4社,54,2026-04-27,15:45,0.0007,0.0007
幸福村4社,54,2026-04-27,16:00,0.0005,0.0007
幸福村4社,54,2026-04-27,16:15,0.0006,0.001
幸福村4社,54,2026-04-27,16:30,0.002,0.001
幸福村4社,54,2026-04-27,16:45,0.0006,0.001
幸福村4社,54,2026-04-27,17:00,0.0007,0.0371
幸福村4社,54,2026-04-27,17:15,0.0007,0.0362
幸福村4社,54,2026-04-27,17:30,0.0009,0.0311
幸福村4社,54,2026-04-27,17:45,0.001,0.0247
幸福村4社,54,2026-04-27,18:00,-0.0001,0.0248
幸福村4社,54,2026-04-27,18:15,0.0,0.0007
幸福村4社,54,2026-04-27,18:30,0.0003,0.0007
幸福村4社,54,2026-04-27,18:45,0.0006,0.0009
幸福村4社,54,2026-04-27,19:00,0.001,0.0009
幸福村4社,54,2026-04-27,19:15,0.0021,0.0004
幸福村4社,54,2026-04-27,19:30,0.0017,0.0004
幸福村4社,54,2026-04-27,19:45,0.0022,0.0004
幸福村4社,54,2026-04-27,20:00,0.0026,0.001
幸福村4社,54,2026-04-27,20:15,0.001,0.0012
幸福村4社,54,2026-04-27,20:30,0.0008,0.0016
幸福村4社,54,2026-04-27,20:45,0.0013,0.0016
幸福村4社,54,2026-04-27,21:00,0.0018,0.0015
幸福村4社,54,2026-04-27,21:15,0.0012,0.0015
幸福村4社,54,2026-04-27,21:30,0.001,0.0013
幸福村4社,54,2026-04-27,21:45,0.0015,0.0013
幸福村4社,54,2026-04-27,22:00,0.0014,0.0014
幸福村4社,54,2026-04-27,22:15,0.002,0.0016
幸福村4社,54,2026-04-27,22:30,0.0011,0.0012
幸福村4社,54,2026-04-27,22:45,0.0006,0.0012
幸福村4社,54,2026-04-27,23:00,0.0007,0.0012
幸福村4社,54,2026-04-27,23:15,0.0013,0.0007
幸福村4社,54,2026-04-27,23:30,0.0008,0.0007
幸福村4社,54,2026-04-27,23:45,0.0007,0.0007
幸福村4社,54,2026-04-28,00:00,0.001,0.0007
幸福村4社,54,2026-04-28,00:15,0.0006,0.0006
幸福村4社,54,2026-04-28,00:30,0.0008,0.0004
幸福村4社,54,2026-04-28,00:45,0.0004,0.0004
幸福村4社,54,2026-04-28,01:00,0.0006,0.0004
幸福村4社,54,2026-04-28,01:15,0.0006,0.0004
幸福村4社,54,2026-04-28,01:30,0.0012,0.0004
幸福村4社,54,2026-04-28,01:45,0.0008,0.0004
幸福村4社,54,2026-04-28,02:00,0.0,0.0004
幸福村4社,54,2026-04-28,02:15,0.0006,0.0004
幸福村4社,54,2026-04-28,02:30,0.0005,0.0004
幸福村4社,54,2026-04-28,02:45,0.0005,0.0004
幸福村4社,54,2026-04-28,03:00,0.0008,0.0004
幸福村4社,54,2026-04-28,03:15,0.0003,0.0004
幸福村4社,54,2026-04-28,03:30,0.0011,0.0004
幸福村4社,54,2026-04-28,03:45,0.0003,0.0004
幸福村4社,54,2026-04-28,04:00,0.0008,0.0004
幸福村4社,54,2026-04-28,04:15,0.0005,0.0004
幸福村4社,54,2026-04-28,04:30,0.0004,0.0004
幸福村4社,54,2026-04-28,04:45,0.0012,0.0004
幸福村4社,54,2026-04-28,05:00,0.0008,0.0004
幸福村4社,54,2026-04-28,05:15,0.0005,0.0004
幸福村4社,54,2026-04-28,05:30,0.0004,0.0004
幸福村4社,54,2026-04-28,05:45,0.0008,0.0004
幸福村4社,54,2026-04-28,06:00,0.0007,0.0004
幸福村4社,54,2026-04-28,06:15,0.0003,0.0004
幸福村4社,54,2026-04-28,06:30,0.0008,0.0241
幸福村4社,54,2026-04-28,06:45,0.0007,0.0009
幸福村4社,54,2026-04-28,07:00,0.0007,0.0004
幸福村4社,54,2026-04-28,07:15,0.0007,0.0007
幸福村4社,54,2026-04-28,07:30,0.0007,0.0007
幸福村4社,54,2026-04-28,07:45,0.0023,0.0006
幸福村4社,54,2026-04-28,08:00,0.0016,0.0005
幸福村4社,54,2026-04-28,08:15,0.0015,0.0005
幸福村4社,54,2026-04-28,08:30,0.0026,0.0006
幸福村4社,54,2026-04-28,08:45,0.0008,0.0008
幸福村4社,54,2026-04-28,09:00,0.0011,0.001
幸福村4社,54,2026-04-28,09:15,0.0014,0.0144
幸福村4社,54,2026-04-28,09:30,0.0011,0.0143
幸福村4社,54,2026-04-28,09:45,0.0006,0.001
幸福村4社,54,2026-04-28,10:00,0.0009,0.0007
幸福村4社,54,2026-04-28,10:15,0.0015,0.0015
幸福村4社,54,2026-04-28,10:30,0.0011,0.0015
幸福村4社,54,2026-04-28,10:45,0.0012,0.0014
幸福村4社,54,2026-04-28,11:00,0.0015,0.0014
幸福村4社,54,2026-04-28,11:15,0.001,0.0015
幸福村4社,54,2026-04-28,11:30,0.002,0.0004
幸福村4社,54,2026-04-28,11:45,0.0019,0.0004
幸福村4社,54,2026-04-28,12:00,0.0007,0.0004
幸福村4社,54,2026-04-28,12:15,0.0006,0.0004
幸福村4社,54,2026-04-28,12:30,0.0007,0.0004
幸福村4社,54,2026-04-28,12:45,0.001,0.0004
幸福村4社,54,2026-04-28,13:00,0.0005,0.0004
幸福村4社,54,2026-04-28,13:15,0.0004,0.0004
幸福村4社,54,2026-04-28,13:30,0.0008,0.0004
幸福村4社,54,2026-04-28,13:45,0.001,0.0004
幸福村4社,54,2026-04-28,14:00,0.0011,0.0004
幸福村4社,54,2026-04-28,14:15,0.0007,0.0008
幸福村4社,54,2026-04-28,14:30,0.0004,0.0006
幸福村4社,54,2026-04-28,14:45,0.0004,0.001
幸福村4社,54,2026-04-28,15:00,0.0006,0.001
幸福村4社,54,2026-04-28,15:15,0.0006,0.001
幸福村4社,54,2026-04-28,15:30,0.001,0.0013
幸福村4社,54,2026-04-28,15:45,0.0002,0.0013
幸福村4社,54,2026-04-28,16:00,0.0015,0.0012
幸福村4社,54,2026-04-28,16:15,0.0015,0.0015
幸福村4社,54,2026-04-28,16:30,0.0006,0.0014
幸福村4社,54,2026-04-28,16:45,0.0012,0.026
幸福村4社,54,2026-04-28,17:00,0.0004,0.026
幸福村4社,54,2026-04-28,17:15,0.0006,0.0007
幸福村4社,54,2026-04-28,17:30,0.001,0.0007
幸福村4社,54,2026-04-28,17:45,0.0007,0.0007
幸福村4社,54,2026-04-28,18:00,0.0001,0.0007
幸福村4社,54,2026-04-28,18:15,0.0008,0.0007
幸福村4社,54,2026-04-28,18:30,0.001,0.0007
幸福村4社,54,2026-04-28,18:45,0.0005,0.0009
幸福村4社,54,2026-04-28,19:00,0.0017,0.001
幸福村4社,54,2026-04-28,19:15,0.0016,0.001
幸福村4社,54,2026-04-28,19:30,0.0019,0.0012
幸福村4社,54,2026-04-28,19:45,0.0023,0.0017
幸福村4社,54,2026-04-28,20:00,0.0016,0.002
幸福村4社,54,2026-04-28,20:15,0.0019,0.0018
幸福村4社,54,2026-04-28,20:30,0.0013,0.0018
幸福村4社,54,2026-04-28,20:45,0.0016,0.0018
幸福村4社,54,2026-04-28,21:00,0.0015,0.0015
幸福村4社,54,2026-04-28,21:15,0.0015,0.0012
幸福村4社,54,2026-04-28,21:30,0.001,0.0012
幸福村4社,54,2026-04-28,21:45,0.0015,0.0007
幸福村4社,54,2026-04-28,22:00,0.0015,0.0007
幸福村4社,54,2026-04-28,22:15,0.0014,0.0007
幸福村4社,54,2026-04-28,22:30,0.0011,0.0005
幸福村4社,54,2026-04-28,22:45,0.0003,0.0005
幸福村4社,54,2026-04-28,23:00,0.0011,0.0005
幸福村4社,54,2026-04-28,23:15,0.0007,0.0005
幸福村4社,54,2026-04-28,23:30,0.0012,0.0005
幸福村4社,54,2026-04-28,23:45,0.0016,0.0005
幸福村4社,54,2026-04-29,00:00,0.001,0.0005
幸福村4社,54,2026-04-29,00:15,0.0009,0.0004
幸福村4社,54,2026-04-29,00:30,0.0007,0.0004
幸福村4社,54,2026-04-29,00:45,0.0005,0.0004
幸福村4社,54,2026-04-29,01:00,0.0002,0.0004
幸福村4社,54,2026-04-29,01:15,0.0003,0.0004
幸福村4社,54,2026-04-29,01:30,0.001,0.0004
幸福村4社,54,2026-04-29,01:45,0.0008,0.0004
幸福村4社,54,2026-04-29,02:00,0.0006,0.0004
幸福村4社,54,2026-04-29,02:15,0.0001,0.0004
幸福村4社,54,2026-04-29,02:30,0.0006,0.0004
幸福村4社,54,2026-04-29,02:45,0.0007,0.0004
幸福村4社,54,2026-04-29,03:00,0.0003,0.0004
幸福村4社,54,2026-04-29,03:15,0.0004,0.0004
幸福村4社,54,2026-04-29,03:30,0.001,0.0004
幸福村4社,54,2026-04-29,03:45,0.0005,0.0004
幸福村4社,54,2026-04-29,04:00,0.0006,0.0004
幸福村4社,54,2026-04-29,04:15,0.0008,0.0004
幸福村4社,54,2026-04-29,04:30,-0.0002,0.0004
幸福村4社,54,2026-04-29,04:45,0.0011,0.0004
幸福村4社,54,2026-04-29,05:00,0.0009,0.0004
幸福村4社,54,2026-04-29,05:15,0.0009,0.0004
幸福村4社,54,2026-04-29,05:30,0.001,0.0004
幸福村4社,54,2026-04-29,05:45,0.0004,0.0004
幸福村4社,54,2026-04-29,06:00,0.0006,0.0004
幸福村4社,54,2026-04-29,06:15,0.0002,0.0004
幸福村4社,54,2026-04-29,06:30,0.0009,0.0004
幸福村4社,54,2026-04-29,06:45,0.0001,0.0004
幸福村4社,54,2026-04-29,07:00,0.0009,0.0004
幸福村4社,54,2026-04-29,07:15,0.0006,0.0004
幸福村4社,54,2026-04-29,07:30,0.0016,0.0004
幸福村4社,54,2026-04-29,07:45,0.002,0.0336
幸福村4社,54,2026-04-29,08:00,0.002,0.0004
幸福村4社,54,2026-04-29,08:15,0.0002,0.0141
幸福村4社,54,2026-04-29,08:30,0.0025,0.014
幸福村4社,54,2026-04-29,08:45,0.0026,0.0008
幸福村4社,54,2026-04-29,09:00,0.0012,0.0008
幸福村4社,54,2026-04-29,09:15,0.0015,0.0007
幸福村4社,54,2026-04-29,09:30,0.0004,0.0007
幸福村4社,54,2026-04-29,09:45,0.0011,0.0004
幸福村4社,54,2026-04-29,10:00,0.0017,0.0004
幸福村4社,54,2026-04-29,10:15,0.0016,0.0004
幸福村4社,54,2026-04-29,10:30,0.0011,0.0004
幸福村4社,54,2026-04-29,10:45,0.0016,0.0004
幸福村4社,54,2026-04-29,11:00,0.0023,0.0004
幸福村4社,54,2026-04-29,11:15,0.0016,0.0004
幸福村4社,54,2026-04-29,11:30,0.0015,0.0004
幸福村4社,54,2026-04-29,11:45,0.0026,0.0004
幸福村4社,54,2026-04-29,12:00,0.0008,0.0004
幸福村4社,54,2026-04-29,12:15,0.0015,0.0004
幸福村4社,54,2026-04-29,12:30,0.0007,0.0004
幸福村4社,54,2026-04-29,12:45,0.0009,0.0004
幸福村4社,54,2026-04-29,13:00,0.0012,0.0004
幸福村4社,54,2026-04-29,13:15,0.0012,0.0004
幸福村4社,54,2026-04-29,13:30,0.0017,0.0004
幸福村4社,54,2026-04-29,13:45,0.0005,0.0004
幸福村4社,54,2026-04-29,14:00,0.0011,0.0004
幸福村4社,54,2026-04-29,14:15,0.0002,0.0004
幸福村4社,54,2026-04-29,14:30,0.0005,0.0004
幸福村4社,54,2026-04-29,14:45,0.0004,0.0004
幸福村4社,54,2026-04-29,15:00,0.0005,0.0004
幸福村4社,54,2026-04-29,15:15,0.0011,0.0004
幸福村4社,54,2026-04-29,15:30,0.0013,0.0004
幸福村4社,54,2026-04-29,15:45,0.001,0.0004
幸福村4社,54,2026-04-29,16:00,0.0006,0.0004
幸福村4社,54,2026-04-29,16:15,0.0012,0.0004
幸福村4社,54,2026-04-29,16:30,0.001,0.0004
幸福村4社,54,2026-04-29,16:45,0.0009,0.0137
幸福村4社,54,2026-04-29,17:00,0.0004,0.0137
幸福村4社,54,2026-04-29,17:15,0.0007,0.0004
幸福村4社,54,2026-04-29,17:30,0.0012,0.0004
幸福村4社,54,2026-04-29,17:45,0.001,0.0006
幸福村4社,54,2026-04-29,18:00,0.0002,0.0009
幸福村4社,54,2026-04-29,18:15,0.0003,0.0014
幸福村4社,54,2026-04-29,18:30,0.0012,0.0014
幸福村4社,54,2026-04-29,18:45,0.001,0.0014
幸福村4社,54,2026-04-29,19:00,0.0012,0.0011
幸福村4社,54,2026-04-29,19:15,0.0015,0.0015
幸福村4社,54,2026-04-29,19:30,0.0014,0.0015
幸福村4社,54,2026-04-29,19:45,0.002,0.0012
幸福村4社,54,2026-04-29,20:00,0.0025,0.0014
幸福村4社,54,2026-04-29,20:15,0.0012,0.0016
幸福村4社,54,2026-04-29,20:30,0.0022,0.0016
幸福村4社,54,2026-04-29,20:45,0.0023,0.0012
幸福村4社,54,2026-04-29,21:00,0.0021,0.0014
幸福村4社,54,2026-04-29,21:15,0.0009,0.0015
幸福村4社,54,2026-04-29,21:30,0.0006,0.0015
幸福村4社,54,2026-04-29,21:45,0.0017,0.0014
幸福村4社,54,2026-04-29,22:00,0.0014,0.0009
幸福村4社,54,2026-04-29,22:15,0.0013,0.001
幸福村4社,54,2026-04-29,22:30,0.001,0.0009
幸福村4社,54,2026-04-29,22:45,0.0008,0.0009
幸福村4社,54,2026-04-29,23:00,0.0014,0.0009
幸福村4社,54,2026-04-29,23:15,0.0009,0.0008
幸福村4社,54,2026-04-29,23:30,0.0009,0.0006
幸福村4社,54,2026-04-29,23:45,0.0012,0.0005
幸福村4社,55,2026-02-24,00:00,0.0004,0.0005
幸福村4社,55,2026-02-24,00:15,0.0003,0.0005
幸福村4社,55,2026-02-24,00:30,0.001,0.0005
幸福村4社,55,2026-02-24,00:45,0.0004,0.0005
幸福村4社,55,2026-02-24,01:00,0.001,0.0005
幸福村4社,55,2026-02-24,01:15,0.0005,0.0005
幸福村4社,55,2026-02-24,01:30,0.0003,0.0005
幸福村4社,55,2026-02-24,01:45,0.0004,0.0005
幸福村4社,55,2026-02-24,02:00,0.0001,0.0005
幸福村4社,55,2026-02-24,02:15,0.0,0.0006
幸福村4社,55,2026-02-24,02:30,0.0004,0.0005
幸福村4社,55,2026-02-24,02:45,-0.0001,0.0006
幸福村4社,55,2026-02-24,03:00,0.0005,0.0005
幸福村4社,55,2026-02-24,03:15,0.0002,0.0005
幸福村4社,55,2026-02-24,03:30,0.0012,0.0005
幸福村4社,55,2026-02-24,03:45,0.0005,0.0005
幸福村4社,55,2026-02-24,04:00,0.0005,0.0005
幸福村4社,55,2026-02-24,04:15,0.0007,0.0005
幸福村4社,55,2026-02-24,04:30,0.0011,0.0005
幸福村4社,55,2026-02-24,04:45,0.0007,0.0005
幸福村4社,55,2026-02-24,05:00,0.0004,0.0005
幸福村4社,55,2026-02-24,05:15,0.0001,0.0005
幸福村4社,55,2026-02-24,05:30,0.0009,0.0005
幸福村4社,55,2026-02-24,05:45,0.0003,0.0004
幸福村4社,55,2026-02-24,06:00,0.0008,0.0004
幸福村4社,55,2026-02-24,06:15,0.0004,0.0004
幸福村4社,55,2026-02-24,06:30,0.0013,0.0004
幸福村4社,55,2026-02-24,06:45,0.0004,0.0004
幸福村4社,55,2026-02-24,07:00,0.0012,0.0004
幸福村4社,55,2026-02-24,07:15,0.001,0.0004
幸福村4社,55,2026-02-24,07:30,0.0015,0.0004
幸福村4社,55,2026-02-24,07:45,0.0018,0.0005
幸福村4社,55,2026-02-24,08:00,0.0014,0.0004
幸福村4社,55,2026-02-24,08:15,0.0009,0.0004
幸福村4社,55,2026-02-24,08:30,0.0014,0.0004
幸福村4社,55,2026-02-24,08:45,0.0016,0.0004
幸福村4社,55,2026-02-24,09:00,0.002,0.0004
幸福村4社,55,2026-02-24,09:15,0.0007,0.0004
幸福村4社,55,2026-02-24,09:30,0.0016,0.0004
幸福村4社,55,2026-02-24,09:45,0.0003,0.0005
幸福村4社,55,2026-02-24,10:00,0.002,0.0006
幸福村4社,55,2026-02-24,10:15,0.002,0.0006
幸福村4社,55,2026-02-24,10:30,0.0019,0.0172
幸福村4社,55,2026-02-24,10:45,0.0032,0.0171
幸福村4社,55,2026-02-24,11:00,0.0025,0.0174
幸福村4社,55,2026-02-24,11:15,0.0024,0.0012
幸福村4社,55,2026-02-24,11:30,0.0022,0.001
幸福村4社,55,2026-02-24,11:45,0.0018,0.0004
幸福村4社,55,2026-02-24,12:00,0.0022,0.0004
幸福村4社,55,2026-02-24,12:15,0.001,0.0004
幸福村4社,55,2026-02-24,12:30,0.0012,0.0004
幸福村4社,55,2026-02-24,12:45,0.0011,0.0004
幸福村4社,55,2026-02-24,13:00,0.001,0.0004
幸福村4社,55,2026-02-24,13:15,0.0004,0.0004
幸福村4社,55,2026-02-24,13:30,0.0015,0.0004
幸福村4社,55,2026-02-24,13:45,0.0015,0.0004
幸福村4社,55,2026-02-24,14:00,0.001,0.0004
幸福村4社,55,2026-02-24,14:15,0.0004,0.0004
幸福村4社,55,2026-02-24,14:30,0.0007,0.0004
幸福村4社,55,2026-02-24,14:45,0.0009,0.0004
幸福村4社,55,2026-02-24,15:00,0.001,0.0004
幸福村4社,55,2026-02-24,15:15,0.0001,0.0004
幸福村4社,55,2026-02-24,15:30,0.0008,0.0004
幸福村4社,55,2026-02-24,15:45,0.0009,0.0004
幸福村4社,55,2026-02-24,16:00,0.001,0.0004
幸福村4社,55,2026-02-24,16:15,0.0005,0.0004
幸福村4社,55,2026-02-24,16:30,0.0021,0.0005
幸福村4社,55,2026-02-24,16:45,0.0009,0.0008
幸福村4社,55,2026-02-24,17:00,0.002,0.0008
幸福村4社,55,2026-02-24,17:15,0.0011,0.0008
幸福村4社,55,2026-02-24,17:30,0.0014,0.0009
幸福村4社,55,2026-02-24,17:45,0.0019,0.0009
幸福村4社,55,2026-02-24,18:00,0.0006,0.0007
幸福村4社,55,2026-02-24,18:15,0.0007,0.0008
幸福村4社,55,2026-02-24,18:30,0.0007,0.0005
幸福村4社,55,2026-02-24,18:45,0.0002,0.0005
幸福村4社,55,2026-02-24,19:00,0.0013,0.0008
幸福村4社,55,2026-02-24,19:15,0.0008,0.0008
幸福村4社,55,2026-02-24,19:30,0.0011,0.0014
幸福村4社,55,2026-02-24,19:45,0.0019,0.0021
幸福村4社,55,2026-02-24,20:00,0.0029,0.0021
幸福村4社,55,2026-02-24,20:15,0.0007,0.0021
幸福村4社,55,2026-02-24,20:30,0.0009,0.0019
幸福村4社,55,2026-02-24,20:45,0.0009,0.0019
幸福村4社,55,2026-02-24,21:00,0.0016,0.0021
幸福村4社,55,2026-02-24,21:15,0.001,0.0016
幸福村4社,55,2026-02-24,21:30,0.0008,0.0017
幸福村4社,55,2026-02-24,21:45,0.0014,0.0017
幸福村4社,55,2026-02-24,22:00,0.0015,0.0017
幸福村4社,55,2026-02-24,22:15,0.0022,0.001
幸福村4社,55,2026-02-24,22:30,0.0013,0.001
幸福村4社,55,2026-02-24,22:45,0.0007,0.001
幸福村4社,55,2026-02-24,23:00,0.0009,0.001
幸福村4社,55,2026-02-24,23:15,0.0008,0.001
幸福村4社,55,2026-02-24,23:30,0.0005,0.0009
幸福村4社,55,2026-02-24,23:45,0.0008,0.0009
幸福村4社,55,2026-02-25,00:00,0.0012,0.0009
幸福村4社,55,2026-02-25,00:15,0.0004,0.0009
幸福村4社,55,2026-02-25,00:30,0.0005,0.0009
幸福村4社,55,2026-02-25,00:45,0.0004,0.0009
幸福村4社,55,2026-02-25,01:00,0.0004,0.0009
幸福村4社,55,2026-02-25,01:15,0.0007,0.0009
幸福村4社,55,2026-02-25,01:30,0.0009,0.0009
幸福村4社,55,2026-02-25,01:45,0.0009,0.0009
幸福村4社,55,2026-02-25,02:00,0.0006,0.0009
幸福村4社,55,2026-02-25,02:15,0.0007,0.0009
幸福村4社,55,2026-02-25,02:30,0.0006,0.0009
幸福村4社,55,2026-02-25,02:45,-0.0001,0.0009
幸福村4社,55,2026-02-25,03:00,0.0006,0.0009
幸福村4社,55,2026-02-25,03:15,0.0002,0.0009
幸福村4社,55,2026-02-25,03:30,0.0005,0.0009
幸福村4社,55,2026-02-25,03:45,0.0009,0.0009
幸福村4社,55,2026-02-25,04:00,0.0012,0.0009
幸福村4社,55,2026-02-25,04:15,0.0005,0.0009
幸福村4社,55,2026-02-25,04:30,0.0001,0.0009
幸福村4社,55,2026-02-25,04:45,0.0007,0.0009
幸福村4社,55,2026-02-25,05:00,0.0005,0.0009
幸福村4社,55,2026-02-25,05:15,0.0011,0.0009
幸福村4社,55,2026-02-25,05:30,0.0007,0.0009
幸福村4社,55,2026-02-25,05:45,0.0005,0.0009
幸福村4社,55,2026-02-25,06:00,0.0002,0.0009
幸福村4社,55,2026-02-25,06:15,0.0004,0.0009
幸福村4社,55,2026-02-25,06:30,0.0007,0.0009
幸福村4社,55,2026-02-25,06:45,0.0001,0.0009
幸福村4社,55,2026-02-25,07:00,0.0002,0.0009
幸福村4社,55,2026-02-25,07:15,0.0001,0.0004
幸福村4社,55,2026-02-25,07:30,0.0007,0.0004
幸福村4社,55,2026-02-25,07:45,0.002,0.0004
幸福村4社,55,2026-02-25,08:00,0.001,0.0004
幸福村4社,55,2026-02-25,08:15,0.0011,0.0004
幸福村4社,55,2026-02-25,08:30,0.0019,0.0143
幸福村4社,55,2026-02-25,08:45,0.0009,0.0143
幸福村4社,55,2026-02-25,09:00,0.001,0.0004
幸福村4社,55,2026-02-25,09:15,0.0025,0.0004
幸福村4社,55,2026-02-25,09:30,0.0018,0.0004
幸福村4社,55,2026-02-25,09:45,0.0012,0.0004
幸福村4社,55,2026-02-25,10:00,0.0014,0.0004
幸福村4社,55,2026-02-25,10:15,0.0018,0.0004
幸福村4社,55,2026-02-25,10:30,0.0012,0.0004
幸福村4社,55,2026-02-25,10:45,0.0021,0.0004
幸福村4社,55,2026-02-25,11:00,0.0025,0.0005
幸福村4社,55,2026-02-25,11:15,0.0019,0.0005
幸福村4社,55,2026-02-25,11:30,0.0026,0.0007
幸福村4社,55,2026-02-25,11:45,0.0021,0.0009
幸福村4社,55,2026-02-25,12:00,0.0012,0.0009
幸福村4社,55,2026-02-25,12:15,0.0012,0.0009
幸福村4社,55,2026-02-25,12:30,0.0016,0.0004
幸福村4社,55,2026-02-25,12:45,0.0017,0.0004
幸福村4社,55,2026-02-25,13:00,-0.0005,0.0004
幸福村4社,55,2026-02-25,13:15,0.0009,0.0004
幸福村4社,55,2026-02-25,13:30,0.0013,0.0004
幸福村4社,55,2026-02-25,13:45,0.0009,0.0004
幸福村4社,55,2026-02-25,14:00,0.0008,0.0004
幸福村4社,55,2026-02-25,14:15,0.0006,0.0004
幸福村4社,55,2026-02-25,14:30,0.0002,0.0004
幸福村4社,55,2026-02-25,14:45,0.0004,0.0004
幸福村4社,55,2026-02-25,15:00,0.0007,0.0004
幸福村4社,55,2026-02-25,15:15,0.0007,0.0004
幸福村4社,55,2026-02-25,15:30,0.0005,0.0004
幸福村4社,55,2026-02-25,15:45,0.0002,0.0005
幸福村4社,55,2026-02-25,16:00,0.0013,0.0005
幸福村4社,55,2026-02-25,16:15,0.0017,0.0005
幸福村4社,55,2026-02-25,16:30,0.0005,0.0005
幸福村4社,55,2026-02-25,16:45,0.0016,0.0005
幸福村4社,55,2026-02-25,17:00,0.0013,0.0005
幸福村4社,55,2026-02-25,17:15,0.0011,0.0006
幸福村4社,55,2026-02-25,17:30,0.0016,0.0005
幸福村4社,55,2026-02-25,17:45,0.0009,0.0005
幸福村4社,55,2026-02-25,18:00,0.0008,0.0005
幸福村4社,55,2026-02-25,18:15,0.0003,0.0008
幸福村4社,55,2026-02-25,18:30,0.0006,0.0008
幸福村4社,55,2026-02-25,18:45,0.0004,0.0006
幸福村4社,55,2026-02-25,19:00,0.001,0.0006
幸福村4社,55,2026-02-25,19:15,0.0017,0.0008
幸福村4社,55,2026-02-25,19:30,0.0024,0.0008
幸福村4社,55,2026-02-25,19:45,0.0023,0.0017
幸福村4社,55,2026-02-25,20:00,0.002,0.0022
幸福村4社,55,2026-02-25,20:15,0.002,0.002
幸福村4社,55,2026-02-25,20:30,0.0018,0.0019
幸福村4社,55,2026-02-25,20:45,0.0018,0.0019
幸福村4社,55,2026-02-25,21:00,0.0011,0.0019
幸福村4社,55,2026-02-25,21:15,0.0018,0.0021
幸福村4社,55,2026-02-25,21:30,0.0008,0.0021
幸福村4社,55,2026-02-25,21:45,0.0022,0.0016
幸福村4社,55,2026-02-25,22:00,0.0012,0.0016
幸福村4社,55,2026-02-25,22:15,0.0013,0.0016
幸福村4社,55,2026-02-25,22:30,0.0011,0.001
幸福村4社,55,2026-02-25,22:45,0.0007,0.0011
幸福村4社,55,2026-02-25,23:00,0.0011,0.0011
幸福村4社,55,2026-02-25,23:15,0.0009,0.0011
幸福村4社,55,2026-02-25,23:30,0.0011,0.0011
幸福村4社,55,2026-02-25,23:45,0.0016,0.0011
幸福村4社,55,2026-02-26,00:00,0.0007,0.001
幸福村4社,55,2026-02-26,00:15,0.0006,0.001
幸福村4社,55,2026-02-26,00:30,0.001,0.001
幸福村4社,55,2026-02-26,00:45,0.0009,0.001
幸福村4社,55,2026-02-26,01:00,0.0,0.0009
幸福村4社,55,2026-02-26,01:15,0.0,0.0009
幸福村4社,55,2026-02-26,01:30,0.0008,0.0009
幸福村4社,55,2026-02-26,01:45,0.0011,0.0009
幸福村4社,55,2026-02-26,02:00,0.0005,0.0009
幸福村4社,55,2026-02-26,02:15,0.0005,0.0009
幸福村4社,55,2026-02-26,02:30,0.0011,0.0009
幸福村4社,55,2026-02-26,02:45,0.001,0.0009
幸福村4社,55,2026-02-26,03:00,0.0006,0.0009
幸福村4社,55,2026-02-26,03:15,0.0005,0.0009
幸福村4社,55,2026-02-26,03:30,0.0007,0.0009
幸福村4社,55,2026-02-26,03:45,0.0007,0.0009
幸福村4社,55,2026-02-26,04:00,0.001,0.0009
幸福村4社,55,2026-02-26,04:15,0.0006,0.0009
幸福村4社,55,2026-02-26,04:30,-0.0002,0.0009
幸福村4社,55,2026-02-26,04:45,0.0009,0.0009
幸福村4社,55,2026-02-26,05:00,0.0009,0.0009
幸福村4社,55,2026-02-26,05:15,0.0007,0.0009
幸福村4社,55,2026-02-26,05:30,0.0008,0.0009
幸福村4社,55,2026-02-26,05:45,0.0006,0.0009
幸福村4社,55,2026-02-26,06:00,0.0009,0.0009
幸福村4社,55,2026-02-26,06:15,-0.0001,0.0009
幸福村4社,55,2026-02-26,06:30,0.0002,0.0009
幸福村4社,55,2026-02-26,06:45,0.0003,0.0009
幸福村4社,55,2026-02-26,07:00,0.0002,0.0009
幸福村4社,55,2026-02-26,07:15,0.0001,0.0009
幸福村4社,55,2026-02-26,07:30,0.0007,0.0009
幸福村4社,55,2026-02-26,07:45,0.0013,0.0009
幸福村4社,55,2026-02-26,08:00,0.0014,0.0009
幸福村4社,55,2026-02-26,08:15,-0.0003,0.0004
幸福村4社,55,2026-02-26,08:30,0.0022,0.0004
幸福村4社,55,2026-02-26,08:45,0.0025,0.0004
幸福村4社,55,2026-02-26,09:00,0.0016,0.0004
幸福村4社,55,2026-02-26,09:15,0.0021,0.0004
幸福村4社,55,2026-02-26,09:30,0.0023,0.0004
幸福村4社,55,2026-02-26,09:45,0.002,0.0004
幸福村4社,55,2026-02-26,10:00,0.0026,0.0004
幸福村4社,55,2026-02-26,10:15,0.0025,0.0004
幸福村4社,55,2026-02-26,10:30,0.002,0.0004
幸福村4社,55,2026-02-26,10:45,0.0023,0.0006
幸福村4社,55,2026-02-26,11:00,0.0033,0.0005
幸福村4社,55,2026-02-26,11:15,0.0029,0.0005
幸福村4社,55,2026-02-26,11:30,0.003,0.0004
幸福村4社,55,2026-02-26,11:45,0.0037,0.0004
幸福村4社,55,2026-02-26,12:00,0.0014,0.0011
幸福村4社,55,2026-02-26,12:15,0.002,0.0009
幸福村4社,55,2026-02-26,12:30,0.0016,0.0009
幸福村4社,55,2026-02-26,12:45,0.0014,0.0004
幸福村4社,55,2026-02-26,13:00,0.0011,0.0004
幸福村4社,55,2026-02-26,13:15,0.0011,0.0004
幸福村4社,55,2026-02-26,13:30,0.0017,0.0004
幸福村4社,55,2026-02-26,13:45,0.0006,0.0004
幸福村4社,55,2026-02-26,14:00,0.001,0.0004
幸福村4社,55,2026-02-26,14:15,0.0004,0.0006
幸福村4社,55,2026-02-26,14:30,0.0003,0.0006
幸福村4社,55,2026-02-26,14:45,0.0002,0.0006
幸福村4社,55,2026-02-26,15:00,0.0006,0.0005
幸福村4社,55,2026-02-26,15:15,0.0017,0.0006
幸福村4社,55,2026-02-26,15:30,0.0016,0.0005
幸福村4社,55,2026-02-26,15:45,0.0015,0.0005
幸福村4社,55,2026-02-26,16:00,0.0008,0.0005
幸福村4社,55,2026-02-26,16:15,0.0016,0.0005
幸福村4社,55,2026-02-26,16:30,0.0011,0.0004
幸福村4社,55,2026-02-26,16:45,0.0008,0.0004
幸福村4社,55,2026-02-26,17:00,0.0013,0.0004
幸福村4社,55,2026-02-26,17:15,0.0014,0.0004
幸福村4社,55,2026-02-26,17:30,0.0013,0.0004
幸福村4社,55,2026-02-26,17:45,0.0019,0.0004
幸福村4社,55,2026-02-26,18:00,0.0014,0.0004
幸福村4社,55,2026-02-26,18:15,0.0009,0.0006
幸福村4社,55,2026-02-26,18:30,0.0015,0.0006
幸福村4社,55,2026-02-26,18:45,0.0016,0.0004
幸福村4社,55,2026-02-26,19:00,0.0015,0.0004
幸福村4社,55,2026-02-26,19:15,0.0017,0.0007
幸福村4社,55,2026-02-26,19:30,0.0013,0.0007
幸福村4社,55,2026-02-26,19:45,0.0018,0.001
幸福村4社,55,2026-02-26,20:00,0.0018,0.0019
幸福村4社,55,2026-02-26,20:15,0.0014,0.0019
幸福村4社,55,2026-02-26,20:30,0.0027,0.0019
幸福村4社,55,2026-02-26,20:45,0.0025,0.0021
幸福村4社,55,2026-02-26,21:00,0.0019,0.0021
幸福村4社,55,2026-02-26,21:15,0.0011,0.0021
幸福村4社,55,2026-02-26,21:30,0.001,0.0021
幸福村4社,55,2026-02-26,21:45,0.0015,0.002
幸福村4社,55,2026-02-26,22:00,0.0014,0.0021
幸福村4社,55,2026-02-26,22:15,0.0016,0.0019
幸福村4社,55,2026-02-26,22:30,0.0003,0.0015
幸福村4社,55,2026-02-26,22:45,0.0003,0.0009
幸福村4社,55,2026-02-26,23:00,0.0013,0.0009
幸福村4社,55,2026-02-26,23:15,0.0004,0.0009
幸福村4社,55,2026-02-26,23:30,0.0007,0.0009
幸福村4社,55,2026-02-26,23:45,0.0013,0.0008
幸福村4社,56,2026-04-05,00:00,0.0014,0.001
幸福村4社,56,2026-04-05,00:15,0.0006,0.001
幸福村4社,56,2026-04-05,00:30,0.0006,0.001
幸福村4社,56,2026-04-05,00:45,0.001,0.001
幸福村4社,56,2026-04-05,01:00,0.0012,0.001
幸福村4社,56,2026-04-05,01:15,0.0005,0.0009
幸福村4社,56,2026-04-05,01:30,0.0005,0.0009
幸福村4社,56,2026-04-05,01:45,-0.0003,0.0009
幸福村4社,56,2026-04-05,02:00,0.0004,0.0009
幸福村4社,56,2026-04-05,02:15,0.0004,0.0009
幸福村4社,56,2026-04-05,02:30,0.0011,0.0009
幸福村4社,56,2026-04-05,02:45,0.0003,0.0009
幸福村4社,56,2026-04-05,03:00,0.0005,0.0009
幸福村4社,56,2026-04-05,03:15,0.0005,0.0009
幸福村4社,56,2026-04-05,03:30,0.0005,0.0009
幸福村4社,56,2026-04-05,03:45,0.001,0.0009
幸福村4社,56,2026-04-05,04:00,0.0007,0.0009
幸福村4社,56,2026-04-05,04:15,0.0002,0.001
幸福村4社,56,2026-04-05,04:30,0.0007,0.0009
幸福村4社,56,2026-04-05,04:45,0.001,0.0009
幸福村4社,56,2026-04-05,05:00,0.0001,0.0009
幸福村4社,56,2026-04-05,05:15,0.001,0.0004
幸福村4社,56,2026-04-05,05:30,0.001,0.0004
幸福村4社,56,2026-04-05,05:45,0.0006,0.0004
幸福村4社,56,2026-04-05,06:00,0.0005,0.0004
幸福村4社,56,2026-04-05,06:15,0.0013,0.0004
幸福村4社,56,2026-04-05,06:30,0.0012,0.0004
幸福村4社,56,2026-04-05,06:45,0.0008,0.0004
幸福村4社,56,2026-04-05,07:00,0.0014,0.0004
幸福村4社,56,2026-04-05,07:15,0.0011,0.0004
幸福村4社,56,2026-04-05,07:30,0.0014,0.0304
幸福村4社,56,2026-04-05,07:45,0.0023,0.0008
幸福村4社,56,2026-04-05,08:00,0.0026,0.0004
幸福村4社,56,2026-04-05,08:15,0.0014,0.0012
幸福村4社,56,2026-04-05,08:30,0.0015,0.0149
幸福村4社,56,2026-04-05,08:45,0.0015,0.0148
幸福村4社,56,2026-04-05,09:00,0.0021,0.001
幸福村4社,56,2026-04-05,09:15,0.0012,0.001
幸福村4社,56,2026-04-05,09:30,0.0013,0.001
幸福村4社,56,2026-04-05,09:45,0.0008,0.0004
幸福村4社,56,2026-04-05,10:00,0.0016,0.0004
幸福村4社,56,2026-04-05,10:15,0.002,0.0004
幸福村4社,56,2026-04-05,10:30,0.0005,0.0009
幸福村4社,56,2026-04-05,10:45,0.0019,0.0009
幸福村4社,56,2026-04-05,11:00,0.0012,0.0009
幸福村4社,56,2026-04-05,11:15,0.0007,0.0009
幸福村4社,56,2026-04-05,11:30,0.0006,0.0009
幸福村4社,56,2026-04-05,11:45,0.001,0.0009
幸福村4社,56,2026-04-05,12:00,0.0013,0.0009
幸福村4社,56,2026-04-05,12:15,0.0002,0.0009
幸福村4社,56,2026-04-05,12:30,0.0007,0.0004
幸福村4社,56,2026-04-05,12:45,0.0002,0.0004
幸福村4社,56,2026-04-05,13:00,0.0008,0.0004
幸福村4社,56,2026-04-05,13:15,0.0004,0.0004
幸福村4社,56,2026-04-05,13:30,0.001,0.0004
幸福村4社,56,2026-04-05,13:45,0.0007,0.0004
幸福村4社,56,2026-04-05,14:00,0.0009,0.0004
幸福村4社,56,2026-04-05,14:15,0.0005,0.0004
幸福村4社,56,2026-04-05,14:30,0.0005,0.0007
幸福村4社,56,2026-04-05,14:45,0.0004,0.0006
幸福村4社,56,2026-04-05,15:00,0.0006,0.0006
幸福村4社,56,2026-04-05,15:15,0.0013,0.0004
幸福村4社,56,2026-04-05,15:30,0.0012,0.0004
幸福村4社,56,2026-04-05,15:45,0.0006,0.0004
幸福村4社,56,2026-04-05,16:00,0.0007,0.0005
幸福村4社,56,2026-04-05,16:15,0.0009,0.0009
幸福村4社,56,2026-04-05,16:30,0.0021,0.0009
幸福村4社,56,2026-04-05,16:45,0.0008,0.0009
幸福村4社,56,2026-04-05,17:00,0.0009,0.0009
幸福村4社,56,2026-04-05,17:15,0.0007,0.0009
幸福村4社,56,2026-04-05,17:30,0.0014,0.0009
幸福村4社,56,2026-04-05,17:45,0.0014,0.0013
幸福村4社,56,2026-04-05,18:00,0.0003,0.0009
幸福村4社,56,2026-04-05,18:15,0.0,0.0004
幸福村4社,56,2026-04-05,18:30,0.0008,0.0009
幸福村4社,56,2026-04-05,18:45,0.0004,0.0006
幸福村4社,56,2026-04-05,19:00,0.001,0.0004
幸福村4社,56,2026-04-05,19:15,0.0027,0.0006
幸福村4社,56,2026-04-05,19:30,0.0019,0.0008
幸福村4社,56,2026-04-05,19:45,0.0021,0.0009
幸福村4社,56,2026-04-05,20:00,0.0028,0.0013
幸福村4社,56,2026-04-05,20:15,0.0015,0.0013
幸福村4社,56,2026-04-05,20:30,0.001,0.0013
幸福村4社,56,2026-04-05,20:45,0.0014,0.0015
幸福村4社,56,2026-04-05,21:00,0.0021,0.0015
幸福村4社,56,2026-04-05,21:15,0.0012,0.0012
幸福村4社,56,2026-04-05,21:30,0.0014,0.0011
幸福村4社,56,2026-04-05,21:45,0.0014,0.0011
幸福村4社,56,2026-04-05,22:00,0.0015,0.0011
幸福村4社,56,2026-04-05,22:15,0.0021,0.0011
幸福村4社,56,2026-04-05,22:30,0.0016,0.0011
幸福村4社,56,2026-04-05,22:45,0.0006,0.0011
幸福村4社,56,2026-04-05,23:00,0.0008,0.0011
幸福村4社,56,2026-04-05,23:15,0.0014,0.0012
幸福村4社,56,2026-04-05,23:30,0.001,0.0012
幸福村4社,56,2026-04-05,23:45,0.0007,0.0011
幸福村4社,56,2026-04-06,00:00,0.001,0.0012
幸福村4社,56,2026-04-06,00:15,0.0008,0.0011
幸福村4社,56,2026-04-06,00:30,0.0009,0.0011
幸福村4社,56,2026-04-06,00:45,0.0002,0.0006
幸福村4社,56,2026-04-06,01:00,0.0009,0.0006
幸福村4社,56,2026-04-06,01:15,0.0006,0.0004
幸福村4社,56,2026-04-06,01:30,0.0011,0.0004
幸福村4社,56,2026-04-06,01:45,0.0007,0.0004
幸福村4社,56,2026-04-06,02:00,0.0001,0.0004
幸福村4社,56,2026-04-06,02:15,0.0009,0.0004
幸福村4社,56,2026-04-06,02:30,0.0008,0.0004
幸福村4社,56,2026-04-06,02:45,0.0005,0.0004
幸福村4社,56,2026-04-06,03:00,0.0008,0.0004
幸福村4社,56,2026-04-06,03:15,0.0001,0.0004
幸福村4社,56,2026-04-06,03:30,0.0012,0.0004
幸福村4社,56,2026-04-06,03:45,0.0007,0.0004
幸福村4社,56,2026-04-06,04:00,0.0009,0.0004
幸福村4社,56,2026-04-06,04:15,0.0004,0.0004
幸福村4社,56,2026-04-06,04:30,0.0006,0.0004
幸福村4社,56,2026-04-06,04:45,0.0014,0.0004
幸福村4社,56,2026-04-06,05:00,0.0005,0.0004
幸福村4社,56,2026-04-06,05:15,0.0006,0.0004
幸福村4社,56,2026-04-06,05:30,0.0005,0.0004
幸福村4社,56,2026-04-06,05:45,0.0008,0.0005
幸福村4社,56,2026-04-06,06:00,0.0005,0.0005
幸福村4社,56,2026-04-06,06:15,0.0003,0.0005
幸福村4社,56,2026-04-06,06:30,0.0005,0.0005
幸福村4社,56,2026-04-06,06:45,0.001,0.0006
幸福村4社,56,2026-04-06,07:00,0.0007,0.0004
幸福村4社,56,2026-04-06,07:15,0.0011,0.0004
幸福村4社,56,2026-04-06,07:30,0.001,0.0009
幸福村4社,56,2026-04-06,07:45,0.0023,0.0009
幸福村4社,56,2026-04-06,08:00,0.0013,0.0009
幸福村4社,56,2026-04-06,08:15,0.0013,0.0009
幸福村4社,56,2026-04-06,08:30,0.0026,0.0009
幸福村4社,56,2026-04-06,08:45,0.0011,0.0009
幸福村4社,56,2026-04-06,09:00,0.0013,0.0013
幸福村4社,56,2026-04-06,09:15,0.002,0.0009
幸福村4社,56,2026-04-06,09:30,0.0017,0.0009
幸福村4社,56,2026-04-06,09:45,0.001,0.0004
幸福村4社,56,2026-04-06,10:00,0.0011,0.0004
幸福村4社,56,2026-04-06,10:15,0.0015,0.0004
幸福村4社,56,2026-04-06,10:30,0.0013,0.0004
幸福村4社,56,2026-04-06,10:45,0.001,0.0009
幸福村4社,56,2026-04-06,11:00,0.0013,0.0009
幸福村4社,56,2026-04-06,11:15,0.0005,0.0009
幸福村4社,56,2026-04-06,11:30,0.0017,0.0009
幸福村4社,56,2026-04-06,11:45,0.0016,0.0009
幸福村4社,56,2026-04-06,12:00,0.0011,0.0009
幸福村4社,56,2026-04-06,12:15,0.0008,0.0009
幸福村4社,56,2026-04-06,12:30,0.0003,0.0004
幸福村4社,56,2026-04-06,12:45,0.0011,0.0004
幸福村4社,56,2026-04-06,13:00,0.0003,0.0004
幸福村4社,56,2026-04-06,13:15,0.0007,0.0004
幸福村4社,56,2026-04-06,13:30,0.0007,0.0004
幸福村4社,56,2026-04-06,13:45,0.0009,0.0004
幸福村4社,56,2026-04-06,14:00,0.0011,0.0004
幸福村4社,56,2026-04-06,14:15,0.0009,0.0009
幸福村4社,56,2026-04-06,14:30,0.0,0.0009
幸福村4社,56,2026-04-06,14:45,0.0004,0.0009
幸福村4社,56,2026-04-06,15:00,0.0003,0.0009
幸福村4社,56,2026-04-06,15:15,0.0005,0.0009
幸福村4社,56,2026-04-06,15:30,0.0012,0.0009
幸福村4社,56,2026-04-06,15:45,0.0,0.0009
幸福村4社,56,2026-04-06,16:00,0.0014,0.0009
幸福村4社,56,2026-04-06,16:15,0.0015,0.0009
幸福村4社,56,2026-04-06,16:30,0.0009,0.0011
幸福村4社,56,2026-04-06,16:45,0.0011,0.0009
幸福村4社,56,2026-04-06,17:00,0.0004,0.0009
幸福村4社,56,2026-04-06,17:15,0.0003,0.0011
幸福村4社,56,2026-04-06,17:30,0.0007,0.0011
幸福村4社,56,2026-04-06,17:45,0.001,0.0011
幸福村4社,56,2026-04-06,18:00,-0.0,0.0011
幸福村4社,56,2026-04-06,18:15,0.0006,0.0005
幸福村4社,56,2026-04-06,18:30,0.0009,0.0005
幸福村4社,56,2026-04-06,18:45,0.0008,0.0004
幸福村4社,56,2026-04-06,19:00,0.0019,0.0004
幸福村4社,56,2026-04-06,19:15,0.002,0.0004
幸福村4社,56,2026-04-06,19:30,0.0023,0.0004
幸福村4社,56,2026-04-06,19:45,0.0021,0.0004
幸福村4社,56,2026-04-06,20:00,0.0021,0.0009
幸福村4社,56,2026-04-06,20:15,0.0017,0.0009
幸福村4社,56,2026-04-06,20:30,0.0016,0.0015
幸福村4社,56,2026-04-06,20:45,0.0019,0.0015
幸福村4社,56,2026-04-06,21:00,0.0021,0.0012
幸福村4社,56,2026-04-06,21:15,0.0017,0.0013
幸福村4社,56,2026-04-06,21:30,0.001,0.0013
幸福村4社,56,2026-04-06,21:45,0.0018,0.0012
幸福村4社,56,2026-04-06,22:00,0.0015,0.0011
幸福村4社,56,2026-04-06,22:15,0.0012,0.0011
幸福村4社,56,2026-04-06,22:30,0.0007,0.0011
幸福村4社,56,2026-04-06,22:45,0.0003,0.001
幸福村4社,56,2026-04-06,23:00,0.0012,0.001
幸福村4社,56,2026-04-06,23:15,0.0008,0.001
幸福村4社,56,2026-04-06,23:30,0.001,0.001
幸福村4社,56,2026-04-06,23:45,0.0015,0.0005
幸福村4社,56,2026-04-07,00:00,0.0014,0.0005
幸福村4社,56,2026-04-07,00:15,0.0009,0.0005
幸福村4社,56,2026-04-07,00:30,0.001,0.0005
幸福村4社,56,2026-04-07,00:45,0.0005,0.0005
幸福村4社,56,2026-04-07,01:00,0.0003,0.0006
幸福村4社,56,2026-04-07,01:15,0.0003,0.0006
幸福村4社,56,2026-04-07,01:30,0.0007,0.0006
幸福村4社,56,2026-04-07,01:45,0.0008,0.0006
幸福村4社,56,2026-04-07,02:00,0.0009,0.0006
幸福村4社,56,2026-04-07,02:15,0.0001,0.0006
幸福村4社,56,2026-04-07,02:30,0.0006,0.0004
幸福村4社,56,2026-04-07,02:45,0.0006,0.0004
幸福村4社,56,2026-04-07,03:00,0.0004,0.0004
幸福村4社,56,2026-04-07,03:15,0.0006,0.0004
幸福村4社,56,2026-04-07,03:30,0.0007,0.0004
幸福村4社,56,2026-04-07,03:45,0.0005,0.0004
幸福村4社,56,2026-04-07,04:00,0.0004,0.0004
幸福村4社,56,2026-04-07,04:15,0.0009,0.0004
幸福村4社,56,2026-04-07,04:30,0.0003,0.0004
幸福村4社,56,2026-04-07,04:45,0.0012,0.0004
幸福村4社,56,2026-04-07,05:00,0.0007,0.0004
幸福村4社,56,2026-04-07,05:15,0.0014,0.0004
幸福村4社,56,2026-04-07,05:30,0.0008,0.0004
幸福村4社,56,2026-04-07,05:45,0.0007,0.0006
幸福村4社,56,2026-04-07,06:00,0.0007,0.0005
幸福村4社,56,2026-04-07,06:15,0.0007,0.0005
幸福村4社,56,2026-04-07,06:30,0.0009,0.0005
幸福村4社,56,2026-04-07,06:45,0.0005,0.0008
幸福村4社,56,2026-04-07,07:00,0.0007,0.0008
幸福村4社,56,2026-04-07,07:15,0.0006,0.0008
幸福村4社,56,2026-04-07,07:30,0.0021,0.0144
幸福村4社,56,2026-04-07,07:45,0.0023,0.0143
幸福村4社,56,2026-04-07,08:00,0.002,0.001
幸福村4社,56,2026-04-07,08:15,0.0007,0.0009
幸福村4社,56,2026-04-07,08:30,0.0028,0.0009
幸福村4社,56,2026-04-07,08:45,0.0025,0.0009
幸福村4社,56,2026-04-07,09:00,0.0013,0.0009
幸福村4社,56,2026-04-07,09:15,0.0024,0.0009
幸福村4社,56,2026-04-07,09:30,0.0008,0.0004
幸福村4社,56,2026-04-07,09:45,0.001,0.0004
幸福村4社,56,2026-04-07,10:00,0.0015,0.0344
幸福村4社,56,2026-04-07,10:15,0.0013,0.0004
幸福村4社,56,2026-04-07,10:30,0.001,0.0009
幸福村4社,56,2026-04-07,10:45,0.0012,0.0009
幸福村4社,56,2026-04-07,11:00,0.0024,0.0009
幸福村4社,56,2026-04-07,11:15,0.0009,0.0009
幸福村4社,56,2026-04-07,11:30,0.0009,0.0004
幸福村4社,56,2026-04-07,11:45,0.0017,0.0004
幸福村4社,56,2026-04-07,12:00,0.0005,0.0004
幸福村4社,56,2026-04-07,12:15,0.0014,0.0004
幸福村4社,56,2026-04-07,12:30,0.001,0.0004
幸福村4社,56,2026-04-07,12:45,0.0011,0.0009
幸福村4社,56,2026-04-07,13:00,0.0016,0.0009
幸福村4社,56,2026-04-07,13:15,0.0011,0.0009
幸福村4社,56,2026-04-07,13:30,0.0017,0.0009
幸福村4社,56,2026-04-07,13:45,0.0006,0.0009
幸福村4社,56,2026-04-07,14:00,0.0012,0.0009
幸福村4社,56,2026-04-07,14:15,0.0005,0.0004
幸福村4社,56,2026-04-07,14:30,0.0001,0.0004
幸福村4社,56,2026-04-07,14:45,0.0003,0.0006
幸福村4社,56,2026-04-07,15:00,0.0006,0.0005
幸福村4社,56,2026-04-07,15:15,0.0011,0.0006
幸福村4社,56,2026-04-07,15:30,0.0017,0.0011
幸福村4社,56,2026-04-07,15:45,0.0011,0.0009
幸福村4社,56,2026-04-07,16:00,0.0011,0.0009
幸福村4社,56,2026-04-07,16:15,0.0014,0.0009
幸福村4社,56,2026-04-07,16:30,0.0014,0.0009
幸福村4社,56,2026-04-07,16:45,0.0014,0.0009
幸福村4社,56,2026-04-07,17:00,0.0011,0.0011
幸福村4社,56,2026-04-07,17:15,0.0014,0.0011
幸福村4社,56,2026-04-07,17:30,0.0015,0.0011
幸福村4社,56,2026-04-07,17:45,0.0012,0.0341
幸福村4社,56,2026-04-07,18:00,0.0003,0.0004
幸福村4社,56,2026-04-07,18:15,0.0004,0.0004
幸福村4社,56,2026-04-07,18:30,0.0013,0.0004
幸福村4社,56,2026-04-07,18:45,0.0013,0.0004
幸福村4社,56,2026-04-07,19:00,0.0014,0.0009
幸福村4社,56,2026-04-07,19:15,0.0015,0.0009
幸福村4社,56,2026-04-07,19:30,0.0016,0.0012
幸福村4社,56,2026-04-07,19:45,0.0021,0.0011
幸福村4社,56,2026-04-07,20:00,0.0026,0.001
幸福村4社,56,2026-04-07,20:15,0.0011,0.0013
幸福村4社,56,2026-04-07,20:30,0.0024,0.0009
幸福村4社,56,2026-04-07,20:45,0.0023,0.0009
幸福村4社,56,2026-04-07,21:00,0.0023,0.0009
幸福村4社,56,2026-04-07,21:15,0.0015,0.0009
幸福村4社,56,2026-04-07,21:30,0.0008,0.001
幸福村4社,56,2026-04-07,21:45,0.0016,0.001
幸福村4社,56,2026-04-07,22:00,0.0013,0.001
幸福村4社,56,2026-04-07,22:15,0.0012,0.001
幸福村4社,56,2026-04-07,22:30,0.0009,0.001
幸福村4社,56,2026-04-07,22:45,0.0012,0.001
幸福村4社,56,2026-04-07,23:00,0.0013,0.001
幸福村4社,56,2026-04-07,23:15,0.001,0.0016
幸福村4社,56,2026-04-07,23:30,0.0012,0.0016
幸福村4社,56,2026-04-07,23:45,0.001,0.0014
幸福村4社,57,2026-02-18,00:00,0.0004,0.0005
幸福村4社,57,2026-02-18,00:15,0.0005,0.0005
幸福村4社,57,2026-02-18,00:30,0.001,0.0005
幸福村4社,57,2026-02-18,00:45,0.0005,0.0005
幸福村4社,57,2026-02-18,01:00,0.0013,0.0004
幸福村4社,57,2026-02-18,01:15,0.0003,0.0004
幸福村4社,57,2026-02-18,01:30,0.0004,0.0004
幸福村4社,57,2026-02-18,01:45,0.0001,0.0004
幸福村4社,57,2026-02-18,02:00,0.0007,0.0004
幸福村4社,57,2026-02-18,02:15,0.0008,0.0004
幸福村4社,57,2026-02-18,02:30,0.0008,0.0004
幸福村4社,57,2026-02-18,02:45,0.0001,0.0004
幸福村4社,57,2026-02-18,03:00,0.0004,0.0004
幸福村4社,57,2026-02-18,03:15,0.0004,0.0004
幸福村4社,57,2026-02-18,03:30,0.0012,0.0004
幸福村4社,57,2026-02-18,03:45,0.0008,0.0004
幸福村4社,57,2026-02-18,04:00,0.0004,0.0004
幸福村4社,57,2026-02-18,04:15,0.0005,0.0004
幸福村4社,57,2026-02-18,04:30,0.001,0.0004
幸福村4社,57,2026-02-18,04:45,0.0005,0.0004
幸福村4社,57,2026-02-18,05:00,0.0,0.0004
幸福村4社,57,2026-02-18,05:15,0.0013,0.0004
幸福村4社,57,2026-02-18,05:30,0.0009,0.0004
幸福村4社,57,2026-02-18,05:45,0.0004,0.0004
幸福村4社,57,2026-02-18,06:00,0.0005,0.0004
幸福村4社,57,2026-02-18,06:15,0.001,0.0004
幸福村4社,57,2026-02-18,06:30,0.0013,0.0004
幸福村4社,57,2026-02-18,06:45,0.0006,0.0004
幸福村4社,57,2026-02-18,07:00,0.001,0.0004
幸福村4社,57,2026-02-18,07:15,0.0016,0.0004
幸福村4社,57,2026-02-18,07:30,0.0007,0.0004
幸福村4社,57,2026-02-18,07:45,0.0017,0.0004
幸福村4社,57,2026-02-18,08:00,0.0016,0.0008
幸福村4社,57,2026-02-18,08:15,0.0012,0.0004
幸福村4社,57,2026-02-18,08:30,0.0014,0.0004
幸福村4社,57,2026-02-18,08:45,0.0015,0.0142
幸福村4社,57,2026-02-18,09:00,0.0016,0.0009
幸福村4社,57,2026-02-18,09:15,0.001,0.0009
幸福村4社,57,2026-02-18,09:30,0.0007,0.0009
幸福村4社,57,2026-02-18,09:45,0.0009,0.0008
幸福村4社,57,2026-02-18,10:00,0.0014,0.0003
幸福村4社,57,2026-02-18,10:15,0.002,0.0003
幸福村4社,57,2026-02-18,10:30,0.0008,0.0004
幸福村4社,57,2026-02-18,10:45,0.0017,0.0004
幸福村4社,57,2026-02-18,11:00,0.0017,0.0004
幸福村4社,57,2026-02-18,11:15,0.0012,0.0003
幸福村4社,57,2026-02-18,11:30,0.0019,0.0003
幸福村4社,57,2026-02-18,11:45,0.0019,0.0003
幸福村4社,57,2026-02-18,12:00,0.0016,0.0003
幸福村4社,57,2026-02-18,12:15,0.0008,0.0009
幸福村4社,57,2026-02-18,12:30,0.0011,0.0009
幸福村4社,57,2026-02-18,12:45,0.0009,0.0009
幸福村4社,57,2026-02-18,13:00,0.0007,0.0009
幸福村4社,57,2026-02-18,13:15,0.0009,0.0009
幸福村4社,57,2026-02-18,13:30,0.001,0.0009
幸福村4社,57,2026-02-18,13:45,0.0011,0.0009
幸福村4社,57,2026-02-18,14:00,0.0016,0.0009
幸福村4社,57,2026-02-18,14:15,0.0009,0.0009
幸福村4社,57,2026-02-18,14:30,0.0007,0.0009
幸福村4社,57,2026-02-18,14:45,0.0007,0.0008
幸福村4社,57,2026-02-18,15:00,0.0004,0.0148
幸福村4社,57,2026-02-18,15:15,0.0006,0.0235
幸福村4社,57,2026-02-18,15:30,0.0007,0.0004
幸福村4社,57,2026-02-18,15:45,0.0007,0.0004
幸福村4社,57,2026-02-18,16:00,0.0009,0.0011
幸福村4社,57,2026-02-18,16:15,0.001,0.001
幸福村4社,57,2026-02-18,16:30,0.0015,0.0006
幸福村4社,57,2026-02-18,16:45,0.0005,0.0006
幸福村4社,57,2026-02-18,17:00,0.0016,0.0006
幸福村4社,57,2026-02-18,17:15,0.0017,0.0006
幸福村4社,57,2026-02-18,17:30,0.0007,0.0006
幸福村4社,57,2026-02-18,17:45,0.001,0.0145
幸福村4社,57,2026-02-18,18:00,0.0003,0.0145
幸福村4社,57,2026-02-18,18:15,0.001,0.001
幸福村4社,57,2026-02-18,18:30,0.0013,0.0011
幸福村4社,57,2026-02-18,18:45,0.0009,0.0011
幸福村4社,57,2026-02-18,19:00,0.0008,0.0011
幸福村4社,57,2026-02-18,19:15,0.0022,0.0011
幸福村4社,57,2026-02-18,19:30,0.0016,0.0263
幸福村4社,57,2026-02-18,19:45,0.0021,0.0021
幸福村4社,57,2026-02-18,20:00,0.003,0.0022
幸福村4社,57,2026-02-18,20:15,0.0014,0.0021
幸福村4社,57,2026-02-18,20:30,0.0006,0.0021
幸福村4社,57,2026-02-18,20:45,0.0012,0.002
幸福村4社,57,2026-02-18,21:00,0.0025,0.002
幸福村4社,57,2026-02-18,21:15,0.0012,0.0019
幸福村4社,57,2026-02-18,21:30,0.0018,0.0015
幸福村4社,57,2026-02-18,21:45,0.002,0.0015
幸福村4社,57,2026-02-18,22:00,0.0011,0.0023
幸福村4社,57,2026-02-18,22:15,0.0019,0.0021
幸福村4社,57,2026-02-18,22:30,0.001,0.002
幸福村4社,57,2026-02-18,22:45,0.0009,0.0019
幸福村4社,57,2026-02-18,23:00,0.0011,0.0019
幸福村4社,57,2026-02-18,23:15,0.0014,0.0014
幸福村4社,57,2026-02-18,23:30,0.001,0.0013
幸福村4社,57,2026-02-18,23:45,0.0007,0.0012
幸福村4社,57,2026-02-19,00:00,0.001,0.0012
幸福村4社,57,2026-02-19,00:15,0.0008,0.0005
幸福村4社,57,2026-02-19,00:30,0.0009,0.0005
幸福村4社,57,2026-02-19,00:45,0.0005,0.0004
幸福村4社,57,2026-02-19,01:00,0.0007,0.0004
幸福村4社,57,2026-02-19,01:15,0.001,0.0004
幸福村4社,57,2026-02-19,01:30,0.0007,0.0004
幸福村4社,57,2026-02-19,01:45,0.0005,0.0004
幸福村4社,57,2026-02-19,02:00,0.0006,0.0004
幸福村4社,57,2026-02-19,02:15,0.0006,0.0004
幸福村4社,57,2026-02-19,02:30,0.0006,0.0004
幸福村4社,57,2026-02-19,02:45,0.0001,0.0004
幸福村4社,57,2026-02-19,03:00,0.0006,0.0004
幸福村4社,57,2026-02-19,03:15,0.0004,0.0004
幸福村4社,57,2026-02-19,03:30,0.0011,0.0004
幸福村4社,57,2026-02-19,03:45,0.001,0.0004
幸福村4社,57,2026-02-19,04:00,0.0008,0.0004
幸福村4社,57,2026-02-19,04:15,0.0003,0.0004
幸福村4社,57,2026-02-19,04:30,0.0006,0.0004
幸福村4社,57,2026-02-19,04:45,0.0009,0.0004
幸福村4社,57,2026-02-19,05:00,0.0008,0.0004
幸福村4社,57,2026-02-19,05:15,0.0008,0.0004
幸福村4社,57,2026-02-19,05:30,0.0001,0.0004
幸福村4社,57,2026-02-19,05:45,0.0006,0.0004
幸福村4社,57,2026-02-19,06:00,0.0006,0.0004
幸福村4社,57,2026-02-19,06:15,0.0007,0.0004
幸福村4社,57,2026-02-19,06:30,0.0007,0.0004
幸福村4社,57,2026-02-19,06:45,0.0006,0.0004
幸福村4社,57,2026-02-19,07:00,0.0003,0.0004
幸福村4社,57,2026-02-19,07:15,0.0002,0.0004
幸福村4社,57,2026-02-19,07:30,0.0007,0.0004
幸福村4社,57,2026-02-19,07:45,0.0019,0.0004
幸福村4社,57,2026-02-19,08:00,0.0014,0.0004
幸福村4社,57,2026-02-19,08:15,0.0008,0.0004
幸福村4社,57,2026-02-19,08:30,0.0027,0.0004
幸福村4社,57,2026-02-19,08:45,0.0012,0.0143
幸福村4社,57,2026-02-19,09:00,0.0006,0.0143
幸福村4社,57,2026-02-19,09:15,0.0018,0.0142
幸福村4社,57,2026-02-19,09:30,0.0017,0.0004
幸福村4社,57,2026-02-19,09:45,0.0017,0.0004
幸福村4社,57,2026-02-19,10:00,0.0022,0.0004
幸福村4社,57,2026-02-19,10:15,0.0023,0.0004
幸福村4社,57,2026-02-19,10:30,0.0025,0.0004
幸福村4社,57,2026-02-19,10:45,0.0021,0.0006
幸福村4社,57,2026-02-19,11:00,0.0023,0.0006
幸福村4社,57,2026-02-19,11:15,0.0019,0.0005
幸福村4社,57,2026-02-19,11:30,0.0022,0.0004
幸福村4社,57,2026-02-19,11:45,0.0026,0.0004
幸福村4社,57,2026-02-19,12:00,0.0008,0.0004
幸福村4社,57,2026-02-19,12:15,0.001,0.0004
幸福村4社,57,2026-02-19,12:30,0.0012,0.0009
幸福村4社,57,2026-02-19,12:45,0.0009,0.0009
幸福村4社,57,2026-02-19,13:00,-0.0002,0.0009
幸福村4社,57,2026-02-19,13:15,0.0003,0.0009
幸福村4社,57,2026-02-19,13:30,0.001,0.0004
幸福村4社,57,2026-02-19,13:45,0.0014,0.0004
幸福村4社,57,2026-02-19,14:00,0.0015,0.0004
幸福村4社,57,2026-02-19,14:15,0.0009,0.0004
幸福村4社,57,2026-02-19,14:30,0.0012,0.0004
幸福村4社,57,2026-02-19,14:45,0.0007,0.0004
幸福村4社,57,2026-02-19,15:00,0.0011,0.0009
幸福村4社,57,2026-02-19,15:15,0.0008,0.0009
幸福村4社,57,2026-02-19,15:30,0.0007,0.0009
幸福村4社,57,2026-02-19,15:45,0.0008,0.0004
幸福村4社,57,2026-02-19,16:00,0.0012,0.0004
幸福村4社,57,2026-02-19,16:15,0.0013,0.0004
幸福村4社,57,2026-02-19,16:30,0.0007,0.0005
幸福村4社,57,2026-02-19,16:45,0.0012,0.0145
幸福村4社,57,2026-02-19,17:00,0.0007,0.0143
幸福村4社,57,2026-02-19,17:15,0.0009,0.0143
幸福村4社,57,2026-02-19,17:30,0.0019,0.0004
幸福村4社,57,2026-02-19,17:45,0.0018,0.0005
幸福村4社,57,2026-02-19,18:00,0.0009,0.0005
幸福村4社,57,2026-02-19,18:15,0.0008,0.0006
幸福村4社,57,2026-02-19,18:30,0.0019,0.0005
幸福村4社,57,2026-02-19,18:45,0.0006,0.0005
幸福村4社,57,2026-02-19,19:00,0.0015,0.0005
幸福村4社,57,2026-02-19,19:15,0.0022,0.0005
幸福村4社,57,2026-02-19,19:30,0.0021,0.0015
幸福村4社,57,2026-02-19,19:45,0.0018,0.0018
幸福村4社,57,2026-02-19,20:00,0.0015,0.0021
幸福村4社,57,2026-02-19,20:15,0.0019,0.0023
幸福村4社,57,2026-02-19,20:30,0.0012,0.0019
幸福村4社,57,2026-02-19,20:45,0.0018,0.0019
幸福村4社,57,2026-02-19,21:00,0.0015,0.0019
幸福村4社,57,2026-02-19,21:15,0.0018,0.0019
幸福村4社,57,2026-02-19,21:30,0.0013,0.0021
幸福村4社,57,2026-02-19,21:45,0.0014,0.002
幸福村4社,57,2026-02-19,22:00,0.0015,0.0021
幸福村4社,57,2026-02-19,22:15,0.0019,0.0021
幸福村4社,57,2026-02-19,22:30,0.0013,0.0021
幸福村4社,57,2026-02-19,22:45,0.0007,0.0021
幸福村4社,57,2026-02-19,23:00,0.0012,0.002
幸福村4社,57,2026-02-19,23:15,0.0006,0.0014
幸福村4社,57,2026-02-19,23:30,0.001,0.0014
幸福村4社,57,2026-02-19,23:45,0.0015,0.0011
幸福村4社,57,2026-02-20,00:00,0.0011,0.0006
幸福村4社,57,2026-02-20,00:15,0.0009,0.0006
幸福村4社,57,2026-02-20,00:30,0.0009,0.0005
幸福村4社,57,2026-02-20,00:45,0.0008,0.0005
幸福村4社,57,2026-02-20,01:00,0.0007,0.0005
幸福村4社,57,2026-02-20,01:15,0.0007,0.0005
幸福村4社,57,2026-02-20,01:30,0.0006,0.0005
幸福村4社,57,2026-02-20,01:45,0.0009,0.0004
幸福村4社,57,2026-02-20,02:00,0.0005,0.0004
幸福村4社,57,2026-02-20,02:15,0.0001,0.0004
幸福村4社,57,2026-02-20,02:30,0.0005,0.0004
幸福村4社,57,2026-02-20,02:45,0.0002,0.0004
幸福村4社,57,2026-02-20,03:00,0.0004,0.0004
幸福村4社,57,2026-02-20,03:15,0.0007,0.0004
幸福村4社,57,2026-02-20,03:30,0.001,0.0004
幸福村4社,57,2026-02-20,03:45,0.0007,0.0004
幸福村4社,57,2026-02-20,04:00,0.0008,0.0005
幸福村4社,57,2026-02-20,04:15,0.0003,0.0004
幸福村4社,57,2026-02-20,04:30,0.0005,0.0004
幸福村4社,57,2026-02-20,04:45,0.0009,0.0004
幸福村4社,57,2026-02-20,05:00,0.0005,0.0004
幸福村4社,57,2026-02-20,05:15,0.0009,0.0005
幸福村4社,57,2026-02-20,05:30,0.0007,0.0004
幸福村4社,57,2026-02-20,05:45,0.001,0.0004
幸福村4社,57,2026-02-20,06:00,0.001,0.0004
幸福村4社,57,2026-02-20,06:15,0.0002,0.0004
幸福村4社,57,2026-02-20,06:30,0.0006,0.0004
幸福村4社,57,2026-02-20,06:45,0.0003,0.0004
幸福村4社,57,2026-02-20,07:00,0.0009,0.0004
幸福村4社,57,2026-02-20,07:15,0.0006,0.0004
幸福村4社,57,2026-02-20,07:30,0.0018,0.0004
幸福村4社,57,2026-02-20,07:45,0.0019,0.0008
幸福村4社,57,2026-02-20,08:00,0.0012,0.0008
幸福村4社,57,2026-02-20,08:15,0.0007,0.0008
幸福村4社,57,2026-02-20,08:30,0.0018,0.0008
幸福村4社,57,2026-02-20,08:45,0.0022,0.0008
幸福村4社,57,2026-02-20,09:00,0.0012,0.0004
幸福村4社,57,2026-02-20,09:15,0.002,0.0006
幸福村4社,57,2026-02-20,09:30,0.0013,0.0004
幸福村4社,57,2026-02-20,09:45,0.0011,0.0004
幸福村4社,57,2026-02-20,10:00,0.0025,0.0004
幸福村4社,57,2026-02-20,10:15,0.0023,0.0004
幸福村4社,57,2026-02-20,10:30,0.0021,0.0006
幸福村4社,57,2026-02-20,10:45,0.0021,0.0005
幸福村4社,57,2026-02-20,11:00,0.0025,0.0006
幸福村4社,57,2026-02-20,11:15,0.0017,0.0005
幸福村4社,57,2026-02-20,11:30,0.0015,0.0005
幸福村4社,57,2026-02-20,11:45,0.0025,0.0004
幸福村4社,57,2026-02-20,12:00,0.0007,0.0004
幸福村4社,57,2026-02-20,12:15,0.0012,0.0004
幸福村4社,57,2026-02-20,12:30,0.001,0.0004
幸福村4社,57,2026-02-20,12:45,0.0007,0.0004
幸福村4社,57,2026-02-20,13:00,0.0014,0.0004
幸福村4社,57,2026-02-20,13:15,0.0012,0.0004
幸福村4社,57,2026-02-20,13:30,0.001,0.0004
幸福村4社,57,2026-02-20,13:45,0.0008,0.0004
幸福村4社,57,2026-02-20,14:00,0.0013,0.0004
幸福村4社,57,2026-02-20,14:15,0.0011,0.0004
幸福村4社,57,2026-02-20,14:30,0.0008,0.0004
幸福村4社,57,2026-02-20,14:45,0.0009,0.0004
幸福村4社,57,2026-02-20,15:00,0.0006,0.0004
幸福村4社,57,2026-02-20,15:15,0.0011,0.0004
幸福村4社,57,2026-02-20,15:30,0.0014,0.0004
幸福村4社,57,2026-02-20,15:45,0.0011,0.0004
幸福村4社,57,2026-02-20,16:00,0.0004,0.0004
幸福村4社,57,2026-02-20,16:15,0.0018,0.0006
幸福村4社,57,2026-02-20,16:30,0.0007,0.0005
幸福村4社,57,2026-02-20,16:45,0.0008,0.0006
幸福村4社,57,2026-02-20,17:00,0.0007,0.0004
幸福村4社,57,2026-02-20,17:15,0.0012,0.0004
幸福村4社,57,2026-02-20,17:30,0.0015,0.0147
幸福村4社,57,2026-02-20,17:45,0.0015,0.0145
幸福村4社,57,2026-02-20,18:00,0.0009,0.0035
幸福村4社,57,2026-02-20,18:15,0.0004,0.001
幸福村4社,57,2026-02-20,18:30,0.0011,0.0009
幸福村4社,57,2026-02-20,18:45,0.0006,0.0009
幸福村4社,57,2026-02-20,19:00,0.0015,0.001
幸福村4社,57,2026-02-20,19:15,0.0015,0.0011
幸福村4社,57,2026-02-20,19:30,0.0013,0.0013
幸福村4社,57,2026-02-20,19:45,0.0017,0.002
幸福村4社,57,2026-02-20,20:00,0.003,0.0022
幸福村4社,57,2026-02-20,20:15,0.001,0.0025
幸福村4社,57,2026-02-20,20:30,0.0017,0.0019
幸福村4社,57,2026-02-20,20:45,0.0023,0.0021
幸福村4社,57,2026-02-20,21:00,0.0018,0.0021
幸福村4社,57,2026-02-20,21:15,0.0013,0.002
幸福村4社,57,2026-02-20,21:30,0.0012,0.002
幸福村4社,57,2026-02-20,21:45,0.0018,0.002
幸福村4社,57,2026-02-20,22:00,0.0013,0.002
幸福村4社,57,2026-02-20,22:15,0.0012,0.0019
幸福村4社,57,2026-02-20,22:30,0.0007,0.0021
幸福村4社,57,2026-02-20,22:45,0.0007,0.0021
幸福村4社,57,2026-02-20,23:00,0.0014,0.0014
幸福村4社,57,2026-02-20,23:15,0.0015,0.0013
幸福村4社,57,2026-02-20,23:30,0.001,0.0009
幸福村4社,57,2026-02-20,23:45,0.0012,0.0004
幸福村1社,58,2026-03-11,00:00,0.0186,0.0208
幸福村1社,58,2026-03-11,00:15,0.016,0.0119
幸福村1社,58,2026-03-11,00:30,0.015,0.0131
幸福村1社,58,2026-03-11,00:45,0.0141,0.0151
幸福村1社,58,2026-03-11,01:00,0.0138,0.0155
幸福村1社,58,2026-03-11,01:15,0.0168,0.0154
幸福村1社,58,2026-03-11,01:30,0.0175,0.0278
幸福村1社,58,2026-03-11,01:45,0.0167,0.0124
幸福村1社,58,2026-03-11,02:00,0.018,0.025
幸福村1社,58,2026-03-11,02:15,0.0168,0.0137
幸福村1社,58,2026-03-11,02:30,0.0147,0.0163
幸福村1社,58,2026-03-11,02:45,0.0144,0.02
幸福村1社,58,2026-03-11,03:00,0.0167,0.0139
幸福村1社,58,2026-03-11,03:15,0.0152,0.0158
幸福村1社,58,2026-03-11,03:30,0.0167,0.0171
幸福村1社,58,2026-03-11,03:45,0.0153,0.0179
幸福村1社,58,2026-03-11,04:00,0.0137,0.0158
幸福村1社,58,2026-03-11,04:15,0.0152,0.0157
幸福村1社,58,2026-03-11,04:30,0.0175,0.0181
幸福村1社,58,2026-03-11,04:45,0.0168,0.0155
幸福村1社,58,2026-03-11,05:00,0.0172,0.027
幸福村1社,58,2026-03-11,05:15,0.0188,0.0141
幸福村1社,58,2026-03-11,05:30,0.015,0.0161
幸福村1社,58,2026-03-11,05:45,0.0166,0.0165
幸福村1社,58,2026-03-11,06:00,0.0163,0.0132
幸福村1社,58,2026-03-11,06:15,0.0167,0.0136
幸福村1社,58,2026-03-11,06:30,0.0211,0.0165
幸福村1社,58,2026-03-11,06:45,0.0208,0.0207
幸福村1社,58,2026-03-11,07:00,0.0214,0.045
幸福村1社,58,2026-03-11,07:15,0.0251,0.023
幸福村1社,58,2026-03-11,07:30,0.0282,0.0392
幸福村1社,58,2026-03-11,07:45,0.0369,0.0204
幸福村1社,58,2026-03-11,08:00,0.0367,0.0141
幸福村1社,58,2026-03-11,08:15,0.0437,0.0543
幸福村1社,58,2026-03-11,08:30,0.0488,0.0352
幸福村1社,58,2026-03-11,08:45,0.0492,0.0355
幸福村1社,58,2026-03-11,09:00,0.0517,0.0325
幸福村1社,58,2026-03-11,09:15,0.0548,0.0538
幸福村1社,58,2026-03-11,09:30,0.0478,0.0335
幸福村1社,58,2026-03-11,09:45,0.0488,0.0741
幸福村1社,58,2026-03-11,10:00,0.0413,0.0376
幸福村1社,58,2026-03-11,10:15,0.0336,0.0154
幸福村1社,58,2026-03-11,10:30,0.0366,0.0126
幸福村1社,58,2026-03-11,10:45,0.0333,0.0625
幸福村1社,58,2026-03-11,11:00,0.0303,0.0138
幸福村1社,58,2026-03-11,11:15,0.03,0.0096
幸福村1社,58,2026-03-11,11:30,0.0274,0.0174
幸福村1社,58,2026-03-11,11:45,0.0334,0.0111
幸福村1社,58,2026-03-11,12:00,0.025,0.0144
幸福村1社,58,2026-03-11,12:15,0.0221,0.0167
幸福村1社,58,2026-03-11,12:30,0.0298,0.0177
幸福村1社,58,2026-03-11,12:45,0.0214,0.009
幸福村1社,58,2026-03-11,13:00,0.0226,0.0146
幸福村1社,58,2026-03-11,13:15,0.0248,0.041
幸福村1社,58,2026-03-11,13:30,0.0238,0.0175
幸福村1社,58,2026-03-11,13:45,0.0236,0.0094
幸福村1社,58,2026-03-11,14:00,0.0293,0.0082
幸福村1社,58,2026-03-11,14:15,0.0238,0.0194
幸福村1社,58,2026-03-11,14:30,0.0239,0.0106
幸福村1社,58,2026-03-11,14:45,0.0233,0.0158
幸福村1社,58,2026-03-11,15:00,0.0233,0.0279
幸福村1社,58,2026-03-11,15:15,0.0256,0.0214
幸福村1社,58,2026-03-11,15:30,0.0249,0.0133
幸福村1社,58,2026-03-11,15:45,0.0247,0.0144
幸福村1社,58,2026-03-11,16:00,0.0252,0.015
幸福村1社,58,2026-03-11,16:15,0.0302,0.0137
幸福村1社,58,2026-03-11,16:30,0.0392,0.0171
幸福村1社,58,2026-03-11,16:45,0.0388,0.015
幸福村1社,58,2026-03-11,17:00,0.0422,0.0161
幸福村1社,58,2026-03-11,17:15,0.0461,0.0461
幸福村1社,58,2026-03-11,17:30,0.0434,0.0389
幸福村1社,58,2026-03-11,17:45,0.0437,0.0086
幸福村1社,58,2026-03-11,18:00,0.0417,0.0332
幸福村1社,58,2026-03-11,18:15,0.0477,0.0181
幸福村1社,58,2026-03-11,18:30,0.0455,0.0116
幸福村1社,58,2026-03-11,18:45,0.0462,0.0196
幸福村1社,58,2026-03-11,19:00,0.0425,0.0115
幸福村1社,58,2026-03-11,19:15,0.0402,0.0289
幸福村1社,58,2026-03-11,19:30,0.0425,0.0163
幸福村1社,58,2026-03-11,19:45,0.0422,0.0218
幸福村1社,58,2026-03-11,20:00,0.0366,0.0164
幸福村1社,58,2026-03-11,20:15,0.0343,0.0176
幸福村1社,58,2026-03-11,20:30,0.0252,0.0203
幸福村1社,58,2026-03-11,20:45,0.0296,0.0123
幸福村1社,58,2026-03-11,21:00,0.0271,0.024
幸福村1社,58,2026-03-11,21:15,0.0262,0.0484
幸福村1社,58,2026-03-11,21:30,0.0264,0.0538
幸福村1社,58,2026-03-11,21:45,0.021,0.0207
幸福村1社,58,2026-03-11,22:00,0.0232,0.0501
幸福村1社,58,2026-03-11,22:15,0.0185,0.0485
幸福村1社,58,2026-03-11,22:30,0.0217,0.0295
幸福村1社,58,2026-03-11,22:45,0.0223,0.0222
幸福村1社,58,2026-03-11,23:00,0.0183,0.0164
幸福村1社,58,2026-03-11,23:15,0.0186,0.0458
幸福村1社,58,2026-03-11,23:30,0.0196,0.0466
幸福村1社,58,2026-03-11,23:45,0.0159,0.0192
幸福村1社,58,2026-03-12,00:00,0.0165,0.0166
幸福村1社,58,2026-03-12,00:15,0.0183,0.0203
幸福村1社,58,2026-03-12,00:30,0.0153,0.0188
幸福村1社,58,2026-03-12,00:45,0.018,0.0138
幸福村1社,58,2026-03-12,01:00,0.0161,0.023
幸福村1社,58,2026-03-12,01:15,0.0183,0.0157
幸福村1社,58,2026-03-12,01:30,0.0197,0.0126
幸福村1社,58,2026-03-12,01:45,0.0176,0.0161
幸福村1社,58,2026-03-12,02:00,0.0181,0.0178
幸福村1社,58,2026-03-12,02:15,0.0162,0.0169
幸福村1社,58,2026-03-12,02:30,0.0176,0.011
幸福村1社,58,2026-03-12,02:45,0.0169,0.0217
幸福村1社,58,2026-03-12,03:00,0.0145,0.0144
幸福村1社,58,2026-03-12,03:15,0.0152,0.0152
幸福村1社,58,2026-03-12,03:30,0.0169,0.0197
幸福村1社,58,2026-03-12,03:45,0.0165,0.0111
幸福村1社,58,2026-03-12,04:00,0.0157,0.0209
幸福村1社,58,2026-03-12,04:15,0.0128,0.0149
幸福村1社,58,2026-03-12,04:30,0.0146,0.0258
幸福村1社,58,2026-03-12,04:45,0.0158,0.0111
幸福村1社,58,2026-03-12,05:00,0.0134,0.0155
幸福村1社,58,2026-03-12,05:15,0.0169,0.0152
幸福村1社,58,2026-03-12,05:30,0.0149,0.0162
幸福村1社,58,2026-03-12,05:45,0.0168,0.0259
幸福村1社,58,2026-03-12,06:00,0.0165,0.0156
幸福村1社,58,2026-03-12,06:15,0.0149,0.0215
幸福村1社,58,2026-03-12,06:30,0.0207,0.0175
幸福村1社,58,2026-03-12,06:45,0.0198,0.0197
幸福村1社,58,2026-03-12,07:00,0.0223,0.0166
幸福村1社,58,2026-03-12,07:15,0.0227,0.0218
幸福村1社,58,2026-03-12,07:30,0.0286,0.026
幸福村1社,58,2026-03-12,07:45,0.0365,0.0142
幸福村1社,58,2026-03-12,08:00,0.0409,0.0248
幸福村1社,58,2026-03-12,08:15,0.0461,0.0113
幸福村1社,58,2026-03-12,08:30,0.0538,0.0644
幸福村1社,58,2026-03-12,08:45,0.0528,0.0127
幸福村1社,58,2026-03-12,09:00,0.0494,0.0645
幸福村1社,58,2026-03-12,09:15,0.0551,0.0524
幸福村1社,58,2026-03-12,09:30,0.0461,0.0142
幸福村1社,58,2026-03-12,09:45,0.05,0.0081
幸福村1社,58,2026-03-12,10:00,0.0439,0.0154
幸福村1社,58,2026-03-12,10:15,0.0318,0.011
幸福村1社,58,2026-03-12,10:30,0.0333,0.0117
幸福村1社,58,2026-03-12,10:45,0.0309,0.0143
幸福村1社,58,2026-03-12,11:00,0.0225,0.0132
幸福村1社,58,2026-03-12,11:15,0.0246,0.0098
幸福村1社,58,2026-03-12,11:30,0.0263,0.0131
幸福村1社,58,2026-03-12,11:45,0.0237,0.0111
幸福村1社,58,2026-03-12,12:00,0.0223,0.0353
幸福村1社,58,2026-03-12,12:15,0.0194,0.0117
幸福村1社,58,2026-03-12,12:30,0.0259,0.0112
幸福村1社,58,2026-03-12,12:45,0.0223,0.0145
幸福村1社,58,2026-03-12,13:00,0.0234,0.0157
幸福村1社,58,2026-03-12,13:15,0.0196,0.0101
幸福村1社,58,2026-03-12,13:30,0.0203,0.0196
幸福村1社,58,2026-03-12,13:45,0.0275,0.0134
幸福村1社,58,2026-03-12,14:00,0.0292,0.0139
幸福村1社,58,2026-03-12,14:15,0.0224,0.0139
幸福村1社,58,2026-03-12,14:30,0.0262,0.0102
幸福村1社,58,2026-03-12,14:45,0.0209,0.0158
幸福村1社,58,2026-03-12,15:00,0.0245,0.013
幸福村1社,58,2026-03-12,15:15,0.0248,0.0556
幸福村1社,58,2026-03-12,15:30,0.0238,0.0132
幸福村1社,58,2026-03-12,15:45,0.0288,0.0173
幸福村1社,58,2026-03-12,16:00,0.0233,0.0074
幸福村1社,58,2026-03-12,16:15,0.0268,0.0168
幸福村1社,58,2026-03-12,16:30,0.033,0.0387
幸福村1社,58,2026-03-12,16:45,0.0396,0.0334
幸福村1社,58,2026-03-12,17:00,0.0381,0.0462
幸福村1社,58,2026-03-12,17:15,0.0399,0.0446
幸福村1社,58,2026-03-12,17:30,0.041,0.0462
幸福村1社,58,2026-03-12,17:45,0.0424,0.072
幸福村1社,58,2026-03-12,18:00,0.0454,0.0194
幸福村1社,58,2026-03-12,18:15,0.0487,0.0185
幸福村1社,58,2026-03-12,18:30,0.0515,0.0365
幸福村1社,58,2026-03-12,18:45,0.0426,0.0879
幸福村1社,58,2026-03-12,19:00,0.0393,0.0756
幸福村1社,58,2026-03-12,19:15,0.0396,0.117
幸福村1社,58,2026-03-12,19:30,0.0407,0.1099
幸福村1社,58,2026-03-12,19:45,0.0347,0.0991
幸福村1社,58,2026-03-12,20:00,0.0329,0.0481
幸福村1社,58,2026-03-12,20:15,0.0344,0.049
幸福村1社,58,2026-03-12,20:30,0.027,0.0259
幸福村1社,58,2026-03-12,20:45,0.0282,0.0232
幸福村1社,58,2026-03-12,21:00,0.0291,0.027
幸福村1社,58,2026-03-12,21:15,0.0236,0.0154
幸福村1社,58,2026-03-12,21:30,0.0232,0.0223
幸福村1社,58,2026-03-12,21:45,0.0196,0.0226
幸福村1社,58,2026-03-12,22:00,0.0216,0.0162
幸福村1社,58,2026-03-12,22:15,0.0237,0.0169
幸福村1社,58,2026-03-12,22:30,0.0215,0.0207
幸福村1社,58,2026-03-12,22:45,0.017,0.0164
幸福村1社,58,2026-03-12,23:00,0.0202,0.0161
幸福村1社,58,2026-03-12,23:15,0.0184,0.021
幸福村1社,58,2026-03-12,23:30,0.0225,0.0114
幸福村1社,58,2026-03-12,23:45,0.0163,0.0168
幸福村1社,58,2026-03-13,00:00,0.0187,0.0212
幸福村1社,58,2026-03-13,00:15,0.017,0.0138
幸福村1社,58,2026-03-13,00:30,0.017,0.0201
幸福村1社,58,2026-03-13,00:45,0.0158,0.0153
幸福村1社,58,2026-03-13,01:00,0.0167,0.0219
幸福村1社,58,2026-03-13,01:15,0.0174,0.0177
幸福村1社,58,2026-03-13,01:30,0.018,0.0205
幸福村1社,58,2026-03-13,01:45,0.0175,0.018
幸福村1社,58,2026-03-13,02:00,0.0163,0.0189
幸福村1社,58,2026-03-13,02:15,0.0165,0.0237
幸福村1社,58,2026-03-13,02:30,0.0154,0.0166
幸福村1社,58,2026-03-13,02:45,0.0164,0.0226
幸福村1社,58,2026-03-13,03:00,0.0171,0.0274
幸福村1社,58,2026-03-13,03:15,0.0183,0.0138
幸福村1社,58,2026-03-13,03:30,0.016,0.0236
幸福村1社,58,2026-03-13,03:45,0.0164,0.0194
幸福村1社,58,2026-03-13,04:00,0.015,0.0195
幸福村1社,58,2026-03-13,04:15,0.0165,0.0111
幸福村1社,58,2026-03-13,04:30,0.0152,0.0229
幸福村1社,58,2026-03-13,04:45,0.0127,0.0127
幸福村1社,58,2026-03-13,05:00,0.0143,0.0149
幸福村1社,58,2026-03-13,05:15,0.0156,0.0168
幸福村1社,58,2026-03-13,05:30,0.0139,0.0168
幸福村1社,58,2026-03-13,05:45,0.0158,0.0156
幸福村1社,58,2026-03-13,06:00,0.0124,0.0205
幸福村1社,58,2026-03-13,06:15,0.0165,0.0161
幸福村1社,58,2026-03-13,06:30,0.0202,0.0155
幸福村1社,58,2026-03-13,06:45,0.0184,0.0345
幸福村1社,58,2026-03-13,07:00,0.0227,0.0318
幸福村1社,58,2026-03-13,07:15,0.0242,0.0124
幸福村1社,58,2026-03-13,07:30,0.0297,0.05
幸福村1社,58,2026-03-13,07:45,0.0378,0.0153
幸福村1社,58,2026-03-13,08:00,0.0405,0.0143
幸福村1社,58,2026-03-13,08:15,0.0422,0.0189
幸福村1社,58,2026-03-13,08:30,0.0452,0.0526
幸福村1社,58,2026-03-13,08:45,0.048,0.0993
幸福村1社,58,2026-03-13,09:00,0.0504,0.04
幸福村1社,58,2026-03-13,09:15,0.0581,0.0346
幸福村1社,58,2026-03-13,09:30,0.0531,0.0693
幸福村1社,58,2026-03-13,09:45,0.0531,0.0773
幸福村1社,58,2026-03-13,10:00,0.0466,0.0146
幸福村1社,58,2026-03-13,10:15,0.0346,0.0293
幸福村1社,58,2026-03-13,10:30,0.0323,0.0522
幸福村1社,58,2026-03-13,10:45,0.0358,0.0124
幸福村1社,58,2026-03-13,11:00,0.0314,0.0103
幸福村1社,58,2026-03-13,11:15,0.0285,0.0133
幸福村1社,58,2026-03-13,11:30,0.0291,0.0169
幸福村1社,58,2026-03-13,11:45,0.0253,0.0109
幸福村1社,58,2026-03-13,12:00,0.0255,0.0163
幸福村1社,58,2026-03-13,12:15,0.0196,0.0123
幸福村1社,58,2026-03-13,12:30,0.0211,0.0125
幸福村1社,58,2026-03-13,12:45,0.0237,0.0188
幸福村1社,58,2026-03-13,13:00,0.0248,0.0085
幸福村1社,58,2026-03-13,13:15,0.0229,0.0184
幸福村1社,58,2026-03-13,13:30,0.0212,0.0135
幸福村1社,58,2026-03-13,13:45,0.0237,0.0153
幸福村1社,58,2026-03-13,14:00,0.0253,0.0088
幸福村1社,58,2026-03-13,14:15,0.0198,0.0106
幸福村1社,58,2026-03-13,14:30,0.0231,0.0136
幸福村1社,58,2026-03-13,14:45,0.0246,0.0091
幸福村1社,58,2026-03-13,15:00,0.0243,0.0152
幸福村1社,58,2026-03-13,15:15,0.0266,0.0193
幸福村1社,58,2026-03-13,15:30,0.0249,0.0161
幸福村1社,58,2026-03-13,15:45,0.0253,0.0327
幸福村1社,58,2026-03-13,16:00,0.0261,0.0157
幸福村1社,58,2026-03-13,16:15,0.0274,0.0139
幸福村1社,58,2026-03-13,16:30,0.0386,0.0223
幸福村1社,58,2026-03-13,16:45,0.0373,0.0112
幸福村1社,58,2026-03-13,17:00,0.0417,0.0192
幸福村1社,58,2026-03-13,17:15,0.043,0.0533
幸福村1社,58,2026-03-13,17:30,0.0392,0.0461
幸福村1社,58,2026-03-13,17:45,0.0416,0.0111
幸福村1社,58,2026-03-13,18:00,0.0485,0.0424
幸福村1社,58,2026-03-13,18:15,0.0451,0.038
幸福村1社,58,2026-03-13,18:30,0.0438,0.0818
幸福村1社,58,2026-03-13,18:45,0.0402,0.032
幸福村1社,58,2026-03-13,19:00,0.0377,0.0273
幸福村1社,58,2026-03-13,19:15,0.036,0.0134
幸福村1社,58,2026-03-13,19:30,0.0401,0.0472
幸福村1社,58,2026-03-13,19:45,0.04,0.0146
幸福村1社,58,2026-03-13,20:00,0.0384,0.0186
幸福村1社,58,2026-03-13,20:15,0.0342,0.0164
幸福村1社,58,2026-03-13,20:30,0.0283,0.019
幸福村1社,58,2026-03-13,20:45,0.0274,0.0184
幸福村1社,58,2026-03-13,21:00,0.0265,0.0181
幸福村1社,58,2026-03-13,21:15,0.0234,0.0189
幸福村1社,58,2026-03-13,21:30,0.0234,0.0224
幸福村1社,58,2026-03-13,21:45,0.0237,0.0201
幸福村1社,58,2026-03-13,22:00,0.0201,0.0213
幸福村1社,58,2026-03-13,22:15,0.0224,0.0193
幸福村1社,58,2026-03-13,22:30,0.0237,0.0151
幸福村1社,58,2026-03-13,22:45,0.0186,0.0181
幸福村1社,58,2026-03-13,23:00,0.0179,0.0239
幸福村1社,58,2026-03-13,23:15,0.0213,0.0204
幸福村1社,58,2026-03-13,23:30,0.0181,0.0172
幸福村1社,58,2026-03-13,23:45,0.0217,0.0199
幸福村1社,59,2026-03-08,00:00,0.018,0.0125
幸福村1社,59,2026-03-08,00:15,0.0137,0.0152
幸福村1社,59,2026-03-08,00:30,0.0141,0.0111
幸福村1社,59,2026-03-08,00:45,0.0138,0.0125
幸福村1社,59,2026-03-08,01:00,0.0125,0.0201
幸福村1社,59,2026-03-08,01:15,0.0189,0.0113
幸福村1社,59,2026-03-08,01:30,0.0172,0.0189
幸福村1社,59,2026-03-08,01:45,0.0166,0.0166
幸福村1社,59,2026-03-08,02:00,0.0159,0.0179
幸福村1社,59,2026-03-08,02:15,0.0149,0.0111
幸福村1社,59,2026-03-08,02:30,0.016,0.0176
幸福村1社,59,2026-03-08,02:45,0.0136,0.013
幸福村1社,59,2026-03-08,03:00,0.0141,0.0113
幸福村1社,59,2026-03-08,03:15,0.0167,0.0162
幸福村1社,59,2026-03-08,03:30,0.0159,0.0144
幸福村1社,59,2026-03-08,03:45,0.0164,0.0159
幸福村1社,59,2026-03-08,04:00,0.0145,0.0084
幸福村1社,59,2026-03-08,04:15,0.0139,0.0183
幸福村1社,59,2026-03-08,04:30,0.0177,0.0102
幸福村1社,59,2026-03-08,04:45,0.0184,0.0102
幸福村1社,59,2026-03-08,05:00,0.0197,0.0119
幸福村1社,59,2026-03-08,05:15,0.0185,0.0132
幸福村1社,59,2026-03-08,05:30,0.0168,0.0142
幸福村1社,59,2026-03-08,05:45,0.0201,0.014
幸福村1社,59,2026-03-08,06:00,0.0162,0.0138
幸福村1社,59,2026-03-08,06:15,0.0189,0.0178
幸福村1社,59,2026-03-08,06:30,0.0218,0.0179
幸福村1社,59,2026-03-08,06:45,0.0237,0.0149
幸福村1社,59,2026-03-08,07:00,0.0229,0.0176
幸福村1社,59,2026-03-08,07:15,0.0264,0.0381
幸福村1社,59,2026-03-08,07:30,0.0282,0.0177
幸福村1社,59,2026-03-08,07:45,0.0423,0.0134
幸福村1社,59,2026-03-08,08:00,0.0397,0.0408
幸福村1社,59,2026-03-08,08:15,0.0459,0.0681
幸福村1社,59,2026-03-08,08:30,0.0465,0.0706
幸福村1社,59,2026-03-08,08:45,0.0473,0.0339
幸福村1社,59,2026-03-08,09:00,0.0477,0.0236
幸福村1社,59,2026-03-08,09:15,0.0497,0.0995
幸福村1社,59,2026-03-08,09:30,0.0417,0.0344
幸福村1社,59,2026-03-08,09:45,0.0421,0.0372
幸福村1社,59,2026-03-08,10:00,0.0377,0.0447
幸福村1社,59,2026-03-08,10:15,0.0311,0.0254
幸福村1社,59,2026-03-08,10:30,0.0294,0.0112
幸福村1社,59,2026-03-08,10:45,0.0313,0.0352
幸福村1社,59,2026-03-08,11:00,0.0251,0.0478
幸福村1社,59,2026-03-08,11:15,0.0244,0.0309
幸福村1社,59,2026-03-08,11:30,0.0218,0.0586
幸福村1社,59,2026-03-08,11:45,0.0289,0.0779
幸福村1社,59,2026-03-08,12:00,0.0195,0.0186
幸福村1社,59,2026-03-08,12:15,0.0202,0.0238
幸福村1社,59,2026-03-08,12:30,0.0273,0.015
幸福村1社,59,2026-03-08,12:45,0.0192,0.0249
幸福村1社,59,2026-03-08,13:00,0.0225,0.0187
幸福村1社,59,2026-03-08,13:15,0.0228,0.0207
幸福村1社,59,2026-03-08,13:30,0.0228,0.0166
幸福村1社,59,2026-03-08,13:45,0.0237,0.0265
幸福村1社,59,2026-03-08,14:00,0.0237,0.0195
幸福村1社,59,2026-03-08,14:15,0.0226,0.0233
幸福村1社,59,2026-03-08,14:30,0.0254,0.0593
幸福村1社,59,2026-03-08,14:45,0.0238,0.0388
幸福村1社,59,2026-03-08,15:00,0.0221,0.0185
幸福村1社,59,2026-03-08,15:15,0.027,0.0165
幸福村1社,59,2026-03-08,15:30,0.0265,0.0166
幸福村1社,59,2026-03-08,15:45,0.0213,0.0155
幸福村1社,59,2026-03-08,16:00,0.0231,0.0083
幸福村1社,59,2026-03-08,16:15,0.0281,0.0214
幸福村1社,59,2026-03-08,16:30,0.0394,0.033
幸福村1社,59,2026-03-08,16:45,0.0364,0.018
幸福村1社,59,2026-03-08,17:00,0.0356,0.019
幸福村1社,59,2026-03-08,17:15,0.0409,0.0145
幸福村1社,59,2026-03-08,17:30,0.0408,0.0143
幸福村1社,59,2026-03-08,17:45,0.0419,0.0136
幸福村1社,59,2026-03-08,18:00,0.039,0.0135
幸福村1社,59,2026-03-08,18:15,0.045,0.0474
幸福村1社,59,2026-03-08,18:30,0.0411,0.0398
幸福村1社,59,2026-03-08,18:45,0.0439,0.0462
幸福村1社,59,2026-03-08,19:00,0.04,0.0191
幸福村1社,59,2026-03-08,19:15,0.0419,0.0139
幸福村1社,59,2026-03-08,19:30,0.0414,0.0218
幸福村1社,59,2026-03-08,19:45,0.0374,0.0213
幸福村1社,59,2026-03-08,20:00,0.0351,0.0262
幸福村1社,59,2026-03-08,20:15,0.0341,0.0252
幸福村1社,59,2026-03-08,20:30,0.0224,0.0151
幸福村1社,59,2026-03-08,20:45,0.0303,0.0209
幸福村1社,59,2026-03-08,21:00,0.023,0.0184
幸福村1社,59,2026-03-08,21:15,0.0257,0.021
幸福村1社,59,2026-03-08,21:30,0.025,0.0195
幸福村1社,59,2026-03-08,21:45,0.02,0.0229
幸福村1社,59,2026-03-08,22:00,0.0212,0.015
幸福村1社,59,2026-03-08,22:15,0.0182,0.0185
幸福村1社,59,2026-03-08,22:30,0.0212,0.022
幸福村1社,59,2026-03-08,22:45,0.0237,0.0184
幸福村1社,59,2026-03-08,23:00,0.0208,0.0122
幸福村1社,59,2026-03-08,23:15,0.0188,0.0204
幸福村1社,59,2026-03-08,23:30,0.0205,0.0192
幸福村1社,59,2026-03-08,23:45,0.0143,0.0143
幸福村1社,59,2026-03-09,00:00,0.0142,0.0247
幸福村1社,59,2026-03-09,00:15,0.0171,0.0194
幸福村1社,59,2026-03-09,00:30,0.0171,0.0188
幸福村1社,59,2026-03-09,00:45,0.0172,0.0189
幸福村1社,59,2026-03-09,01:00,0.0145,0.0208
幸福村1社,59,2026-03-09,01:15,0.016,0.0198
幸福村1社,59,2026-03-09,01:30,0.0193,0.0126
幸福村1社,59,2026-03-09,01:45,0.017,0.0146
幸福村1社,59,2026-03-09,02:00,0.0142,0.0153
幸福村1社,59,2026-03-09,02:15,0.0149,0.0206
幸福村1社,59,2026-03-09,02:30,0.0173,0.0106
幸福村1社,59,2026-03-09,02:45,0.019,0.0107
幸福村1社,59,2026-03-09,03:00,0.0134,0.0178
幸福村1社,59,2026-03-09,03:15,0.0111,0.0222
幸福村1社,59,2026-03-09,03:30,0.0155,0.0165
幸福村1社,59,2026-03-09,03:45,0.0156,0.0136
幸福村1社,59,2026-03-09,04:00,0.0149,0.0245
幸福村1社,59,2026-03-09,04:15,0.0129,0.013
幸福村1社,59,2026-03-09,04:30,0.0154,0.0108
幸福村1社,59,2026-03-09,04:45,0.0178,0.0146
幸福村1社,59,2026-03-09,05:00,0.0137,0.0184
幸福村1社,59,2026-03-09,05:15,0.0163,0.0211
幸福村1社,59,2026-03-09,05:30,0.014,0.0176
幸福村1社,59,2026-03-09,05:45,0.0179,0.0185
幸福村1社,59,2026-03-09,06:00,0.018,0.0147
幸福村1社,59,2026-03-09,06:15,0.0137,0.0175
幸福村1社,59,2026-03-09,06:30,0.0207,0.0183
幸福村1社,59,2026-03-09,06:45,0.0208,0.0143
幸福村1社,59,2026-03-09,07:00,0.0252,0.0243
幸福村1社,59,2026-03-09,07:15,0.0281,0.0435
幸福村1社,59,2026-03-09,07:30,0.0329,0.0178
幸福村1社,59,2026-03-09,07:45,0.0414,0.0138
幸福村1社,59,2026-03-09,08:00,0.0418,0.0432
幸福村1社,59,2026-03-09,08:15,0.0519,0.0524
幸福村1社,59,2026-03-09,08:30,0.0594,0.0432
幸福村1社,59,2026-03-09,08:45,0.0513,0.0268
幸福村1社,59,2026-03-09,09:00,0.0463,0.0308
幸福村1社,59,2026-03-09,09:15,0.0471,0.1153
幸福村1社,59,2026-03-09,09:30,0.0403,0.0253
幸福村1社,59,2026-03-09,09:45,0.0441,0.028
幸福村1社,59,2026-03-09,10:00,0.0375,0.0471
幸福村1社,59,2026-03-09,10:15,0.0243,0.0426
幸福村1社,59,2026-03-09,10:30,0.0274,0.0155
幸福村1社,59,2026-03-09,10:45,0.0269,0.0601
幸福村1社,59,2026-03-09,11:00,0.018,0.0694
幸福村1社,59,2026-03-09,11:15,0.0215,0.0143
幸福村1社,59,2026-03-09,11:30,0.0256,0.0097
幸福村1社,59,2026-03-09,11:45,0.0211,0.0096
幸福村1社,59,2026-03-09,12:00,0.0208,0.0101
幸福村1社,59,2026-03-09,12:15,0.021,0.014
幸福村1社,59,2026-03-09,12:30,0.0262,0.0106
幸福村1社,59,2026-03-09,12:45,0.0239,0.0083
幸福村1社,59,2026-03-09,13:00,0.028,0.0669
幸福村1社,59,2026-03-09,13:15,0.0197,0.047
幸福村1社,59,2026-03-09,13:30,0.0176,0.0498
幸福村1社,59,2026-03-09,13:45,0.0249,0.018
幸福村1社,59,2026-03-09,14:00,0.0262,0.0131
幸福村1社,59,2026-03-09,14:15,0.0216,0.0177
幸福村1社,59,2026-03-09,14:30,0.0229,0.0167
幸福村1社,59,2026-03-09,14:45,0.0226,0.0149
幸福村1社,59,2026-03-09,15:00,0.0211,0.0135
幸福村1社,59,2026-03-09,15:15,0.0241,0.0244
幸福村1社,59,2026-03-09,15:30,0.0274,0.0142
幸福村1社,59,2026-03-09,15:45,0.0244,0.046
幸福村1社,59,2026-03-09,16:00,0.0247,0.0193
幸福村1社,59,2026-03-09,16:15,0.0242,0.0215
幸福村1社,59,2026-03-09,16:30,0.0296,0.0342
幸福村1社,59,2026-03-09,16:45,0.0371,0.0388
幸福村1社,59,2026-03-09,17:00,0.035,0.0176
幸福村1社,59,2026-03-09,17:15,0.0335,0.0185
幸福村1社,59,2026-03-09,17:30,0.0344,0.0187
幸福村1社,59,2026-03-09,17:45,0.0376,0.028
幸福村1社,59,2026-03-09,18:00,0.0361,0.0171
幸福村1社,59,2026-03-09,18:15,0.045,0.0401
幸福村1社,59,2026-03-09,18:30,0.0449,0.0277
幸福村1社,59,2026-03-09,18:45,0.0431,0.0154
幸福村1社,59,2026-03-09,19:00,0.0376,0.0353
幸福村1社,59,2026-03-09,19:15,0.0398,0.0148
幸福村1社,59,2026-03-09,19:30,0.0365,0.0537
幸福村1社,59,2026-03-09,19:45,0.0345,0.0811
幸福村1社,59,2026-03-09,20:00,0.031,0.0524
幸福村1社,59,2026-03-09,20:15,0.0317,0.0164
幸福村1社,59,2026-03-09,20:30,0.0247,0.0151
幸福村1社,59,2026-03-09,20:45,0.0245,0.0121
幸福村1社,59,2026-03-09,21:00,0.0306,0.0169
幸福村1社,59,2026-03-09,21:15,0.0216,0.0142
幸福村1社,59,2026-03-09,21:30,0.0223,0.0136
幸福村1社,59,2026-03-09,21:45,0.0163,0.0162
幸福村1社,59,2026-03-09,22:00,0.0221,0.0087
幸福村1社,59,2026-03-09,22:15,0.0248,0.012
幸福村1社,59,2026-03-09,22:30,0.0208,0.0129
幸福村1社,59,2026-03-09,22:45,0.0172,0.017
幸福村1社,59,2026-03-09,23:00,0.0179,0.0166
幸福村1社,59,2026-03-09,23:15,0.017,0.0129
幸福村1社,59,2026-03-09,23:30,0.0228,0.0111
幸福村1社,59,2026-03-09,23:45,0.0178,0.0107
幸福村1社,59,2026-03-10,00:00,0.0182,0.0099
幸福村1社,59,2026-03-10,00:15,0.0171,0.0154
幸福村1社,59,2026-03-10,00:30,0.0173,0.0154
幸福村1社,59,2026-03-10,00:45,0.015,0.0124
幸福村1社,59,2026-03-10,01:00,0.018,0.0131
幸福村1社,59,2026-03-10,01:15,0.0145,0.0106
幸福村1社,59,2026-03-10,01:30,0.0191,0.0199
幸福村1社,59,2026-03-10,01:45,0.0141,0.0199
幸福村1社,59,2026-03-10,02:00,0.0169,0.0131
幸福村1社,59,2026-03-10,02:15,0.016,0.0216
幸福村1社,59,2026-03-10,02:30,0.0157,0.0137
幸福村1社,59,2026-03-10,02:45,0.0186,0.0154
幸福村1社,59,2026-03-10,03:00,0.0183,0.0136
幸福村1社,59,2026-03-10,03:15,0.0169,0.0136
幸福村1社,59,2026-03-10,03:30,0.0109,0.0169
幸福村1社,59,2026-03-10,03:45,0.0139,0.0082
幸福村1社,59,2026-03-10,04:00,0.0149,0.0168
幸福村1社,59,2026-03-10,04:15,0.0177,0.0143
幸福村1社,59,2026-03-10,04:30,0.0151,0.0082
幸福村1社,59,2026-03-10,04:45,0.0136,0.0138
幸福村1社,59,2026-03-10,05:00,0.017,0.0071
幸福村1社,59,2026-03-10,05:15,0.0134,0.0168
幸福村1社,59,2026-03-10,05:30,0.0139,0.0161
幸福村1社,59,2026-03-10,05:45,0.0155,0.0134
幸福村1社,59,2026-03-10,06:00,0.0105,0.0176
幸福村1社,59,2026-03-10,06:15,0.0198,0.0096
幸福村1社,59,2026-03-10,06:30,0.0235,0.0176
幸福村1社,59,2026-03-10,06:45,0.0211,0.0106
幸福村1社,59,2026-03-10,07:00,0.0252,0.0167
幸福村1社,59,2026-03-10,07:15,0.0287,0.0146
幸福村1社,59,2026-03-10,07:30,0.0325,0.012
幸福村1社,59,2026-03-10,07:45,0.0442,0.0092
幸福村1社,59,2026-03-10,08:00,0.0444,0.0366
幸福村1社,59,2026-03-10,08:15,0.0452,0.0834
幸福村1社,59,2026-03-10,08:30,0.0491,0.0183
幸福村1社,59,2026-03-10,08:45,0.0483,0.0634
幸福村1社,59,2026-03-10,09:00,0.0447,0.1099
幸福村1社,59,2026-03-10,09:15,0.0547,0.0475
幸福村1社,59,2026-03-10,09:30,0.0442,0.0351
幸福村1社,59,2026-03-10,09:45,0.0475,0.033
幸福村1社,59,2026-03-10,10:00,0.0413,0.0221
幸福村1社,59,2026-03-10,10:15,0.0296,0.0107
幸福村1社,59,2026-03-10,10:30,0.0259,0.0404
幸福村1社,59,2026-03-10,10:45,0.0301,0.0092
幸福村1社,59,2026-03-10,11:00,0.0306,0.0119
幸福村1社,59,2026-03-10,11:15,0.0219,0.0128
幸福村1社,59,2026-03-10,11:30,0.0234,0.0135
幸福村1社,59,2026-03-10,11:45,0.0226,0.0102
幸福村1社,59,2026-03-10,12:00,0.0212,0.0121
幸福村1社,59,2026-03-10,12:15,0.0179,0.0145
幸福村1社,59,2026-03-10,12:30,0.0181,0.0154
幸福村1社,59,2026-03-10,12:45,0.0232,0.0102
幸福村1社,59,2026-03-10,13:00,0.0225,0.0386
幸福村1社,59,2026-03-10,13:15,0.0228,0.0518
幸福村1社,59,2026-03-10,13:30,0.0237,0.0413
幸福村1社,59,2026-03-10,13:45,0.0206,0.0147
幸福村1社,59,2026-03-10,14:00,0.0233,0.0098
幸福村1社,59,2026-03-10,14:15,0.0191,0.0171
幸福村1社,59,2026-03-10,14:30,0.0231,0.0125
幸福村1社,59,2026-03-10,14:45,0.0231,0.015
幸福村1社,59,2026-03-10,15:00,0.0247,0.0254
幸福村1社,59,2026-03-10,15:15,0.024,0.0243
幸福村1社,59,2026-03-10,15:30,0.0236,0.0588
幸福村1社,59,2026-03-10,15:45,0.0226,0.0468
幸福村1社,59,2026-03-10,16:00,0.0273,0.0188
幸福村1社,59,2026-03-10,16:15,0.0248,0.0229
幸福村1社,59,2026-03-10,16:30,0.038,0.0188
幸福村1社,59,2026-03-10,16:45,0.0368,0.0185
幸福村1社,59,2026-03-10,17:00,0.0344,0.0126
幸福村1社,59,2026-03-10,17:15,0.0431,0.0159
幸福村1社,59,2026-03-10,17:30,0.0344,0.0566
幸福村1社,59,2026-03-10,17:45,0.0365,0.0274
幸福村1社,59,2026-03-10,18:00,0.0402,0.0125
幸福村1社,59,2026-03-10,18:15,0.0414,0.0995
幸福村1社,59,2026-03-10,18:30,0.0425,0.0171
幸福村1社,59,2026-03-10,18:45,0.0379,0.1033
幸福村1社,59,2026-03-10,19:00,0.0356,0.1337
幸福村1社,59,2026-03-10,19:15,0.0335,0.1061
幸福村1社,59,2026-03-10,19:30,0.0381,0.0419
幸福村1社,59,2026-03-10,19:45,0.0407,0.037
幸福村1社,59,2026-03-10,20:00,0.0382,0.0149
幸福村1社,59,2026-03-10,20:15,0.032,0.0753
幸福村1社,59,2026-03-10,20:30,0.0264,0.0171
幸福村1社,59,2026-03-10,20:45,0.0232,0.023
幸福村1社,59,2026-03-10,21:00,0.0256,0.0157
幸福村1社,59,2026-03-10,21:15,0.023,0.0158
幸福村1社,59,2026-03-10,21:30,0.0233,0.0205
幸福村1社,59,2026-03-10,21:45,0.0218,0.0173
幸福村1社,59,2026-03-10,22:00,0.0203,0.0147
幸福村1社,59,2026-03-10,22:15,0.0213,0.0141
幸福村1社,59,2026-03-10,22:30,0.0255,0.0111
幸福村1社,59,2026-03-10,22:45,0.0163,0.0195
幸福村1社,59,2026-03-10,23:00,0.0204,0.0088
幸福村1社,59,2026-03-10,23:15,0.019,0.0121
幸福村1社,59,2026-03-10,23:30,0.017,0.013
幸福村1社,59,2026-03-10,23:45,0.0195,0.0127
马鞍村1社,60,2026-02-13,00:00,0.0399,0.028
马鞍村1社,60,2026-02-13,00:15,0.0361,0.0343
马鞍村1社,60,2026-02-13,00:30,0.0396,0.026
马鞍村1社,60,2026-02-13,00:45,0.0329,0.0243
马鞍村1社,60,2026-02-13,01:00,0.0362,0.0325
马鞍村1社,60,2026-02-13,01:15,0.0278,0.0333
马鞍村1社,60,2026-02-13,01:30,0.0317,0.0351
马鞍村1社,60,2026-02-13,01:45,0.0413,0.0281
马鞍村1社,60,2026-02-13,02:00,0.0307,0.028
马鞍村1社,60,2026-02-13,02:15,0.0323,0.0153
马鞍村1社,60,2026-02-13,02:30,0.0329,0.0411
马鞍村1社,60,2026-02-13,02:45,0.0349,0.0286
马鞍村1社,60,2026-02-13,03:00,0.0346,0.0267
马鞍村1社,60,2026-02-13,03:15,0.0269,0.0252
马鞍村1社,60,2026-02-13,03:30,0.0272,0.0231
马鞍村1社,60,2026-02-13,03:45,0.0274,0.027
马鞍村1社,60,2026-02-13,04:00,0.0387,0.0259
马鞍村1社,60,2026-02-13,04:15,0.029,0.0389
马鞍村1社,60,2026-02-13,04:30,0.0276,0.0307
马鞍村1社,60,2026-02-13,04:45,0.0269,0.0337
马鞍村1社,60,2026-02-13,05:00,0.0236,0.0317
马鞍村1社,60,2026-02-13,05:15,0.0282,0.0309
马鞍村1社,60,2026-02-13,05:30,0.028,0.035
马鞍村1社,60,2026-02-13,05:45,0.0217,0.0228
马鞍村1社,60,2026-02-13,06:00,0.026,0.0349
马鞍村1社,60,2026-02-13,06:15,0.0234,0.0263
马鞍村1社,60,2026-02-13,06:30,0.0215,0.039
马鞍村1社,60,2026-02-13,06:45,0.0266,0.0273
马鞍村1社,60,2026-02-13,07:00,0.043,0.0312
马鞍村1社,60,2026-02-13,07:15,0.0398,0.0252
马鞍村1社,60,2026-02-13,07:30,0.0429,0.0274
马鞍村1社,60,2026-02-13,07:45,0.0629,0.0679
马鞍村1社,60,2026-02-13,08:00,0.0802,0.0427
马鞍村1社,60,2026-02-13,08:15,0.1004,0.086
马鞍村1社,60,2026-02-13,08:30,0.1173,0.1168
马鞍村1社,60,2026-02-13,08:45,0.1328,0.094
马鞍村1社,60,2026-02-13,09:00,0.1378,0.161
马鞍村1社,60,2026-02-13,09:15,0.1232,0.0976
马鞍村1社,60,2026-02-13,09:30,0.1159,0.0935
马鞍村1社,60,2026-02-13,09:45,0.1094,0.072
马鞍村1社,60,2026-02-13,10:00,0.0928,0.0602
马鞍村1社,60,2026-02-13,10:15,0.0813,0.0753
马鞍村1社,60,2026-02-13,10:30,0.0848,0.0701
马鞍村1社,60,2026-02-13,10:45,0.0783,0.0426
马鞍村1社,60,2026-02-13,11:00,0.0604,0.0589
马鞍村1社,60,2026-02-13,11:15,0.0642,0.0495
马鞍村1社,60,2026-02-13,11:30,0.0586,0.0338
马鞍村1社,60,2026-02-13,11:45,0.0479,0.0491
马鞍村1社,60,2026-02-13,12:00,0.0586,0.0564
马鞍村1社,60,2026-02-13,12:15,0.0646,0.031
马鞍村1社,60,2026-02-13,12:30,0.073,0.1007
马鞍村1社,60,2026-02-13,12:45,0.0646,0.042
马鞍村1社,60,2026-02-13,13:00,0.0602,0.0291
马鞍村1社,60,2026-02-13,13:15,0.0555,0.0474
马鞍村1社,60,2026-02-13,13:30,0.0654,0.0835
马鞍村1社,60,2026-02-13,13:45,0.0546,0.0558
马鞍村1社,60,2026-02-13,14:00,0.0569,0.0441
马鞍村1社,60,2026-02-13,14:15,0.0575,0.067
马鞍村1社,60,2026-02-13,14:30,0.0484,0.0658
马鞍村1社,60,2026-02-13,14:45,0.0551,0.0277
马鞍村1社,60,2026-02-13,15:00,0.0611,0.0584
马鞍村1社,60,2026-02-13,15:15,0.0721,0.0335
马鞍村1社,60,2026-02-13,15:30,0.0736,0.05
马鞍村1社,60,2026-02-13,15:45,0.08,0.0283
马鞍村1社,60,2026-02-13,16:00,0.0844,0.0473
马鞍村1社,60,2026-02-13,16:15,0.1002,0.0507
马鞍村1社,60,2026-02-13,16:30,0.1002,0.0737
马鞍村1社,60,2026-02-13,16:45,0.1022,0.1493
马鞍村1社,60,2026-02-13,17:00,0.1088,0.133
马鞍村1社,60,2026-02-13,17:15,0.1063,0.0931
马鞍村1社,60,2026-02-13,17:30,0.1107,0.1476
马鞍村1社,60,2026-02-13,17:45,0.1142,0.0759
马鞍村1社,60,2026-02-13,18:00,0.1279,0.1026
马鞍村1社,60,2026-02-13,18:15,0.1058,0.0962
马鞍村1社,60,2026-02-13,18:30,0.0939,0.1417
马鞍村1社,60,2026-02-13,18:45,0.0861,0.0817
马鞍村1社,60,2026-02-13,19:00,0.0813,0.0899
马鞍村1社,60,2026-02-13,19:15,0.0707,0.0678
马鞍村1社,60,2026-02-13,19:30,0.0692,0.0825
马鞍村1社,60,2026-02-13,19:45,0.0717,0.0816
马鞍村1社,60,2026-02-13,20:00,0.0645,0.0629
马鞍村1社,60,2026-02-13,20:15,0.0757,0.0672
马鞍村1社,60,2026-02-13,20:30,0.0639,0.0455
马鞍村1社,60,2026-02-13,20:45,0.0554,0.0509
马鞍村1社,60,2026-02-13,21:00,0.0594,0.0627
马鞍村1社,60,2026-02-13,21:15,0.0583,0.0625
马鞍村1社,60,2026-02-13,21:30,0.0622,0.0508
马鞍村1社,60,2026-02-13,21:45,0.053,0.0604
马鞍村1社,60,2026-02-13,22:00,0.0579,0.0495
马鞍村1社,60,2026-02-13,22:15,0.0545,0.0573
马鞍村1社,60,2026-02-13,22:30,0.0518,0.0445
马鞍村1社,60,2026-02-13,22:45,0.0408,0.0268
马鞍村1社,60,2026-02-13,23:00,0.038,0.039
马鞍村1社,60,2026-02-13,23:15,0.0434,0.0233
马鞍村1社,60,2026-02-13,23:30,0.0415,0.0333
马鞍村1社,60,2026-02-13,23:45,0.0351,0.0284
马鞍村1社,60,2026-02-14,00:00,0.0363,0.0251
马鞍村1社,60,2026-02-14,00:15,0.0336,0.0394
马鞍村1社,60,2026-02-14,00:30,0.0354,0.0184
马鞍村1社,60,2026-02-14,00:45,0.033,0.032
马鞍村1社,60,2026-02-14,01:00,0.0336,0.0271
马鞍村1社,60,2026-02-14,01:15,0.0367,0.0264
马鞍村1社,60,2026-02-14,01:30,0.0351,0.031
马鞍村1社,60,2026-02-14,01:45,0.0288,0.0323
马鞍村1社,60,2026-02-14,02:00,0.0284,0.0317
马鞍村1社,60,2026-02-14,02:15,0.0339,0.0315
马鞍村1社,60,2026-02-14,02:30,0.0288,0.0205
马鞍村1社,60,2026-02-14,02:45,0.0288,0.0186
马鞍村1社,60,2026-02-14,03:00,0.0317,0.0241
马鞍村1社,60,2026-02-14,03:15,0.0378,0.0338
马鞍村1社,60,2026-02-14,03:30,0.0326,0.0341
马鞍村1社,60,2026-02-14,03:45,0.0304,0.0286
马鞍村1社,60,2026-02-14,04:00,0.0298,0.0253
马鞍村1社,60,2026-02-14,04:15,0.0298,0.0192
马鞍村1社,60,2026-02-14,04:30,0.0295,0.0334
马鞍村1社,60,2026-02-14,04:45,0.0291,0.0256
马鞍村1社,60,2026-02-14,05:00,0.0273,0.0258
马鞍村1社,60,2026-02-14,05:15,0.025,0.0285
马鞍村1社,60,2026-02-14,05:30,0.0243,0.0241
马鞍村1社,60,2026-02-14,05:45,0.0278,0.0328
马鞍村1社,60,2026-02-14,06:00,0.0254,0.0211
马鞍村1社,60,2026-02-14,06:15,0.0325,0.0218
马鞍村1社,60,2026-02-14,06:30,0.0373,0.0153
马鞍村1社,60,2026-02-14,06:45,0.0313,0.022
马鞍村1社,60,2026-02-14,07:00,0.0367,0.0384
马鞍村1社,60,2026-02-14,07:15,0.0405,0.0166
马鞍村1社,60,2026-02-14,07:30,0.0542,0.0406
马鞍村1社,60,2026-02-14,07:45,0.0615,0.0154
马鞍村1社,60,2026-02-14,08:00,0.0709,0.0889
马鞍村1社,60,2026-02-14,08:15,0.1007,0.1045
马鞍村1社,60,2026-02-14,08:30,0.1108,0.0695
马鞍村1社,60,2026-02-14,08:45,0.1211,0.07
马鞍村1社,60,2026-02-14,09:00,0.1223,0.0646
马鞍村1社,60,2026-02-14,09:15,0.1229,0.1429
马鞍村1社,60,2026-02-14,09:30,0.1181,0.0648
马鞍村1社,60,2026-02-14,09:45,0.1054,0.0283
马鞍村1社,60,2026-02-14,10:00,0.0957,0.0712
马鞍村1社,60,2026-02-14,10:15,0.0861,0.0465
马鞍村1社,60,2026-02-14,10:30,0.0665,0.0778
马鞍村1社,60,2026-02-14,10:45,0.0635,0.1403
马鞍村1社,60,2026-02-14,11:00,0.0592,0.0614
马鞍村1社,60,2026-02-14,11:15,0.0598,0.0496
马鞍村1社,60,2026-02-14,11:30,0.0524,0.0296
马鞍村1社,60,2026-02-14,11:45,0.0533,0.066
马鞍村1社,60,2026-02-14,12:00,0.0655,0.1489
马鞍村1社,60,2026-02-14,12:15,0.0586,0.0574
马鞍村1社,60,2026-02-14,12:30,0.0649,0.0482
马鞍村1社,60,2026-02-14,12:45,0.0523,0.0567
马鞍村1社,60,2026-02-14,13:00,0.0556,0.0572
马鞍村1社,60,2026-02-14,13:15,0.0565,0.0885
马鞍村1社,60,2026-02-14,13:30,0.065,0.0277
马鞍村1社,60,2026-02-14,13:45,0.0557,0.028
马鞍村1社,60,2026-02-14,14:00,0.0666,0.0324
马鞍村1社,60,2026-02-14,14:15,0.0572,0.0651
马鞍村1社,60,2026-02-14,14:30,0.0488,0.0307
马鞍村1社,60,2026-02-14,14:45,0.073,0.0297
马鞍村1社,60,2026-02-14,15:00,0.0645,0.0467
马鞍村1社,60,2026-02-14,15:15,0.072,0.0582
马鞍村1社,60,2026-02-14,15:30,0.0612,0.0558
马鞍村1社,60,2026-02-14,15:45,0.0817,0.0621
马鞍村1社,60,2026-02-14,16:00,0.0845,0.0586
马鞍村1社,60,2026-02-14,16:15,0.0958,0.1098
马鞍村1社,60,2026-02-14,16:30,0.1005,0.1202
马鞍村1社,60,2026-02-14,16:45,0.0988,0.0844
马鞍村1社,60,2026-02-14,17:00,0.1129,0.1201
马鞍村1社,60,2026-02-14,17:15,0.115,0.0603
马鞍村1社,60,2026-02-14,17:30,0.1297,0.0692
马鞍村1社,60,2026-02-14,17:45,0.1101,0.0738
马鞍村1社,60,2026-02-14,18:00,0.1355,0.1295
马鞍村1社,60,2026-02-14,18:15,0.0994,0.0785
马鞍村1社,60,2026-02-14,18:30,0.0898,0.0995
马鞍村1社,60,2026-02-14,18:45,0.0776,0.1153
马鞍村1社,60,2026-02-14,19:00,0.083,0.0629
马鞍村1社,60,2026-02-14,19:15,0.0742,0.088
马鞍村1社,60,2026-02-14,19:30,0.076,0.0857
马鞍村1社,60,2026-02-14,19:45,0.0677,0.1128
马鞍村1社,60,2026-02-14,20:00,0.0728,0.0766
马鞍村1社,60,2026-02-14,20:15,0.0833,0.0423
马鞍村1社,60,2026-02-14,20:30,0.0701,0.0448
马鞍村1社,60,2026-02-14,20:45,0.0645,0.1092
马鞍村1社,60,2026-02-14,21:00,0.0564,0.0704
马鞍村1社,60,2026-02-14,21:15,0.0554,0.0864
马鞍村1社,60,2026-02-14,21:30,0.0614,0.0766
马鞍村1社,60,2026-02-14,21:45,0.0598,0.1322
马鞍村1社,60,2026-02-14,22:00,0.0511,0.0857
马鞍村1社,60,2026-02-14,22:15,0.0484,0.0572
马鞍村1社,60,2026-02-14,22:30,0.0479,0.0575
马鞍村1社,60,2026-02-14,22:45,0.0473,0.0531
马鞍村1社,60,2026-02-14,23:00,0.0473,0.068
马鞍村1社,60,2026-02-14,23:15,0.0356,0.0508
马鞍村1社,60,2026-02-14,23:30,0.0272,0.0571
马鞍村1社,60,2026-02-14,23:45,0.0383,0.0455
马鞍村1社,60,2026-02-15,00:00,0.0341,0.051
马鞍村1社,60,2026-02-15,00:15,0.0353,0.0493
马鞍村1社,60,2026-02-15,00:30,0.033,0.0506
马鞍村1社,60,2026-02-15,00:45,0.0338,0.0514
马鞍村1社,60,2026-02-15,01:00,0.0322,0.0309
马鞍村1社,60,2026-02-15,01:15,0.035,0.0333
马鞍村1社,60,2026-02-15,01:30,0.025,0.0504
马鞍村1社,60,2026-02-15,01:45,0.0381,0.0283
马鞍村1社,60,2026-02-15,02:00,0.033,0.0382
马鞍村1社,60,2026-02-15,02:15,0.0333,0.0338
马鞍村1社,60,2026-02-15,02:30,0.0326,0.0423
马鞍村1社,60,2026-02-15,02:45,0.0266,0.0274
马鞍村1社,60,2026-02-15,03:00,0.0277,0.035
马鞍村1社,60,2026-02-15,03:15,0.0315,0.0275
马鞍村1社,60,2026-02-15,03:30,0.0344,0.0393
马鞍村1社,60,2026-02-15,03:45,0.0326,0.034
马鞍村1社,60,2026-02-15,04:00,0.0349,0.0315
马鞍村1社,60,2026-02-15,04:15,0.031,0.0299
马鞍村1社,60,2026-02-15,04:30,0.0346,0.0277
马鞍村1社,60,2026-02-15,04:45,0.03,0.0299
马鞍村1社,60,2026-02-15,05:00,0.0278,0.0294
马鞍村1社,60,2026-02-15,05:15,0.0357,0.0253
马鞍村1社,60,2026-02-15,05:30,0.0267,0.0195
马鞍村1社,60,2026-02-15,05:45,0.0222,0.034
马鞍村1社,60,2026-02-15,06:00,0.0352,0.0257
马鞍村1社,60,2026-02-15,06:15,0.0351,0.0332
马鞍村1社,60,2026-02-15,06:30,0.0296,0.0272
马鞍村1社,60,2026-02-15,06:45,0.0365,0.0314
马鞍村1社,60,2026-02-15,07:00,0.0349,0.0329
马鞍村1社,60,2026-02-15,07:15,0.0384,0.0306
马鞍村1社,60,2026-02-15,07:30,0.0504,0.0322
马鞍村1社,60,2026-02-15,07:45,0.0631,0.023
马鞍村1社,60,2026-02-15,08:00,0.0754,0.0631
马鞍村1社,60,2026-02-15,08:15,0.1016,0.0951
马鞍村1社,60,2026-02-15,08:30,0.1195,0.0764
马鞍村1社,60,2026-02-15,08:45,0.1249,0.056
马鞍村1社,60,2026-02-15,09:00,0.1396,0.0754
马鞍村1社,60,2026-02-15,09:15,0.1323,0.0764
马鞍村1社,60,2026-02-15,09:30,0.1188,0.1395
马鞍村1社,60,2026-02-15,09:45,0.1172,0.0962
马鞍村1社,60,2026-02-15,10:00,0.0827,0.0954
马鞍村1社,60,2026-02-15,10:15,0.0804,0.1134
马鞍村1社,60,2026-02-15,10:30,0.0809,0.0693
马鞍村1社,60,2026-02-15,10:45,0.0719,0.0235
马鞍村1社,60,2026-02-15,11:00,0.0626,0.0453
马鞍村1社,60,2026-02-15,11:15,0.0638,0.0378
马鞍村1社,60,2026-02-15,11:30,0.0573,0.0471
马鞍村1社,60,2026-02-15,11:45,0.0542,0.0277
马鞍村1社,60,2026-02-15,12:00,0.063,0.0468
马鞍村1社,60,2026-02-15,12:15,0.0583,0.0411
马鞍村1社,60,2026-02-15,12:30,0.065,0.064
马鞍村1社,60,2026-02-15,12:45,0.0524,0.0828
马鞍村1社,60,2026-02-15,13:00,0.0665,0.0572
马鞍村1社,60,2026-02-15,13:15,0.0531,0.087
马鞍村1社,60,2026-02-15,13:30,0.0526,0.0338
马鞍村1社,60,2026-02-15,13:45,0.0604,0.0396
马鞍村1社,60,2026-02-15,14:00,0.0537,0.0388
马鞍村1社,60,2026-02-15,14:15,0.061,0.0425
马鞍村1社,60,2026-02-15,14:30,0.0551,0.0443
马鞍村1社,60,2026-02-15,14:45,0.0681,0.043
马鞍村1社,60,2026-02-15,15:00,0.061,0.0753
马鞍村1社,60,2026-02-15,15:15,0.0598,0.0443
马鞍村1社,60,2026-02-15,15:30,0.0759,0.0874
马鞍村1社,60,2026-02-15,15:45,0.0744,0.0687
马鞍村1社,60,2026-02-15,16:00,0.0772,0.0531
马鞍村1社,60,2026-02-15,16:15,0.105,0.0794
马鞍村1社,60,2026-02-15,16:30,0.1132,0.063
马鞍村1社,60,2026-02-15,16:45,0.1104,0.1146
马鞍村1社,60,2026-02-15,17:00,0.1203,0.1371
马鞍村1社,60,2026-02-15,17:15,0.1161,0.1479
马鞍村1社,60,2026-02-15,17:30,0.1222,0.2224
马鞍村1社,60,2026-02-15,17:45,0.1228,0.1451
马鞍村1社,60,2026-02-15,18:00,0.1294,0.08
马鞍村1社,60,2026-02-15,18:15,0.1091,0.0607
马鞍村1社,60,2026-02-15,18:30,0.1021,0.0733
马鞍村1社,60,2026-02-15,18:45,0.0946,0.0494
马鞍村1社,60,2026-02-15,19:00,0.0828,0.1268
马鞍村1社,60,2026-02-15,19:15,0.0694,0.095
马鞍村1社,60,2026-02-15,19:30,0.0707,0.0621
马鞍村1社,60,2026-02-15,19:45,0.0694,0.1408
马鞍村1社,60,2026-02-15,20:00,0.0648,0.0791
马鞍村1社,60,2026-02-15,20:15,0.0723,0.0836
马鞍村1社,60,2026-02-15,20:30,0.065,0.0691
马鞍村1社,60,2026-02-15,20:45,0.0694,0.0656
马鞍村1社,60,2026-02-15,21:00,0.0599,0.0583
马鞍村1社,60,2026-02-15,21:15,0.0698,0.1188
马鞍村1社,60,2026-02-15,21:30,0.0623,0.055
马鞍村1社,60,2026-02-15,21:45,0.0571,0.0586
马鞍村1社,60,2026-02-15,22:00,0.0549,0.044
马鞍村1社,60,2026-02-15,22:15,0.0444,0.0442
马鞍村1社,60,2026-02-15,22:30,0.0439,0.0434
马鞍村1社,60,2026-02-15,22:45,0.0503,0.0406
马鞍村1社,60,2026-02-15,23:00,0.0443,0.0576
马鞍村1社,60,2026-02-15,23:15,0.0399,0.0307
马鞍村1社,60,2026-02-15,23:30,0.0338,0.0344
马鞍村1社,60,2026-02-15,23:45,0.0336,0.03
甘伍村3社,61,2026-01-17,00:00,0.0017,0.0005
甘伍村3社,61,2026-01-17,00:15,0.0014,0.0005
甘伍村3社,61,2026-01-17,00:30,0.0007,0.0005
甘伍村3社,61,2026-01-17,00:45,0.0007,0.0005
甘伍村3社,61,2026-01-17,01:00,-0.0006,0.0005
甘伍村3社,61,2026-01-17,01:15,0.0003,0.0005
甘伍村3社,61,2026-01-17,01:30,0.0006,0.0005
甘伍村3社,61,2026-01-17,01:45,0.0009,0.0005
甘伍村3社,61,2026-01-17,02:00,0.0004,0.0005
甘伍村3社,61,2026-01-17,02:15,0.0006,0.0005
甘伍村3社,61,2026-01-17,02:30,0.0001,0.0005
甘伍村3社,61,2026-01-17,02:45,0.0013,0.0005
甘伍村3社,61,2026-01-17,03:00,0.0009,0.0005
甘伍村3社,61,2026-01-17,03:15,0.0005,0.0005
甘伍村3社,61,2026-01-17,03:30,0.0006,0.0005
甘伍村3社,61,2026-01-17,03:45,-0.0001,0.0005
甘伍村3社,61,2026-01-17,04:00,0.0003,0.0005
甘伍村3社,61,2026-01-17,04:15,0.0002,0.0005
甘伍村3社,61,2026-01-17,04:30,0.0002,0.0005
甘伍村3社,61,2026-01-17,04:45,0.0002,0.0005
甘伍村3社,61,2026-01-17,05:00,0.0009,0.0005
甘伍村3社,61,2026-01-17,05:15,0.0004,0.0005
甘伍村3社,61,2026-01-17,05:30,0.0005,0.0005
甘伍村3社,61,2026-01-17,05:45,-0.0003,0.0005
甘伍村3社,61,2026-01-17,06:00,0.001,0.0005
甘伍村3社,61,2026-01-17,06:15,-0.0001,0.0005
甘伍村3社,61,2026-01-17,06:30,-0.0006,0.0005
甘伍村3社,61,2026-01-17,06:45,0.0005,0.0005
甘伍村3社,61,2026-01-17,07:00,-0.0004,0.0005
甘伍村3社,61,2026-01-17,07:15,-0.0009,0.0005
甘伍村3社,61,2026-01-17,07:30,0.0011,0.0005
甘伍村3社,61,2026-01-17,07:45,0.0011,0.0005
甘伍村3社,61,2026-01-17,08:00,0.0003,0.0005
甘伍村3社,61,2026-01-17,08:15,0.0014,0.0005
甘伍村3社,61,2026-01-17,08:30,0.0021,0.0005
甘伍村3社,61,2026-01-17,08:45,0.0012,0.0005
甘伍村3社,61,2026-01-17,09:00,0.0031,0.0005
甘伍村3社,61,2026-01-17,09:15,0.0035,0.0005
甘伍村3社,61,2026-01-17,09:30,0.0039,0.0005
甘伍村3社,61,2026-01-17,09:45,0.0037,0.0005
甘伍村3社,61,2026-01-17,10:00,0.0075,0.0005
甘伍村3社,61,2026-01-17,10:15,0.0079,0.0005
甘伍村3社,61,2026-01-17,10:30,0.0107,0.0005
甘伍村3社,61,2026-01-17,10:45,0.0115,0.0005
甘伍村3社,61,2026-01-17,11:00,0.01,0.0005
甘伍村3社,61,2026-01-17,11:15,0.0125,0.0005
甘伍村3社,61,2026-01-17,11:30,0.0122,0.0005
甘伍村3社,61,2026-01-17,11:45,0.0119,0.021
甘伍村3社,61,2026-01-17,12:00,0.0084,0.0006
甘伍村3社,61,2026-01-17,12:15,0.0076,0.0006
甘伍村3社,61,2026-01-17,12:30,0.0083,0.0152
甘伍村3社,61,2026-01-17,12:45,0.0071,0.0249
甘伍村3社,61,2026-01-17,13:00,0.0026,0.0005
甘伍村3社,61,2026-01-17,13:15,0.0032,0.0005
甘伍村3社,61,2026-01-17,13:30,0.0047,0.0169
甘伍村3社,61,2026-01-17,13:45,0.0029,0.016
甘伍村3社,61,2026-01-17,14:00,0.0024,0.0006
甘伍村3社,61,2026-01-17,14:15,0.0035,0.0006
甘伍村3社,61,2026-01-17,14:30,0.0024,0.0006
甘伍村3社,61,2026-01-17,14:45,0.0016,0.0005
甘伍村3社,61,2026-01-17,15:00,0.0015,0.0006
甘伍村3社,61,2026-01-17,15:15,0.0019,0.0005
甘伍村3社,61,2026-01-17,15:30,0.0005,0.0005
甘伍村3社,61,2026-01-17,15:45,0.0019,0.0005
甘伍村3社,61,2026-01-17,16:00,0.002,0.0005
甘伍村3社,61,2026-01-17,16:15,0.0009,0.0005
甘伍村3社,61,2026-01-17,16:30,-0.0011,0.0005
甘伍村3社,61,2026-01-17,16:45,0.0017,0.0005
甘伍村3社,61,2026-01-17,17:00,0.0031,0.0005
甘伍村3社,61,2026-01-17,17:15,0.0007,0.0005
甘伍村3社,61,2026-01-17,17:30,0.0017,0.0005
甘伍村3社,61,2026-01-17,17:45,0.0024,0.0005
甘伍村3社,61,2026-01-17,18:00,0.0021,0.0005
甘伍村3社,61,2026-01-17,18:15,0.0009,0.0005
甘伍村3社,61,2026-01-17,18:30,0.001,0.0005
甘伍村3社,61,2026-01-17,18:45,0.0005,0.0005
甘伍村3社,61,2026-01-17,19:00,0.0005,0.0005
甘伍村3社,61,2026-01-17,19:15,0.0006,0.0005
甘伍村3社,61,2026-01-17,19:30,-0.0009,0.0005
甘伍村3社,61,2026-01-17,19:45,0.0,0.0006
甘伍村3社,61,2026-01-17,20:00,-0.0004,0.0005
甘伍村3社,61,2026-01-17,20:15,0.001,0.0005
甘伍村3社,61,2026-01-17,20:30,0.0007,0.0005
甘伍村3社,61,2026-01-17,20:45,0.0015,0.0005
甘伍村3社,61,2026-01-17,21:00,-0.0002,0.0006
甘伍村3社,61,2026-01-17,21:15,0.0004,0.0005
甘伍村3社,61,2026-01-17,21:30,0.0004,0.0005
甘伍村3社,61,2026-01-17,21:45,0.0004,0.0005
甘伍村3社,61,2026-01-17,22:00,0.0007,0.0006
甘伍村3社,61,2026-01-17,22:15,-0.0005,0.0005
甘伍村3社,61,2026-01-17,22:30,0.0015,0.0005
甘伍村3社,61,2026-01-17,22:45,0.0009,0.0005
甘伍村3社,61,2026-01-17,23:00,0.0,0.0005
甘伍村3社,61,2026-01-17,23:15,0.0004,0.0005
甘伍村3社,61,2026-01-17,23:30,0.0006,0.0005
甘伍村3社,61,2026-01-17,23:45,0.0003,0.0005
甘伍村3社,61,2026-01-18,00:00,0.0008,0.0005
甘伍村3社,61,2026-01-18,00:15,0.0005,0.0005
甘伍村3社,61,2026-01-18,00:30,0.0001,0.0005
甘伍村3社,61,2026-01-18,00:45,0.0006,0.0005
甘伍村3社,61,2026-01-18,01:00,-0.0002,0.0005
甘伍村3社,61,2026-01-18,01:15,0.0012,0.0005
甘伍村3社,61,2026-01-18,01:30,-0.0001,0.0005
甘伍村3社,61,2026-01-18,01:45,0.0005,0.0005
甘伍村3社,61,2026-01-18,02:00,0.0003,0.0005
甘伍村3社,61,2026-01-18,02:15,0.001,0.0005
甘伍村3社,61,2026-01-18,02:30,0.0003,0.0005
甘伍村3社,61,2026-01-18,02:45,0.0006,0.0005
甘伍村3社,61,2026-01-18,03:00,0.0004,0.0005
甘伍村3社,61,2026-01-18,03:15,0.0013,0.0005
甘伍村3社,61,2026-01-18,03:30,0.0001,0.0005
甘伍村3社,61,2026-01-18,03:45,0.001,0.0005
甘伍村3社,61,2026-01-18,04:00,0.0011,0.0005
甘伍村3社,61,2026-01-18,04:15,-0.0001,0.0005
甘伍村3社,61,2026-01-18,04:30,-0.0002,0.0005
甘伍村3社,61,2026-01-18,04:45,0.0004,0.0005
甘伍村3社,61,2026-01-18,05:00,0.0004,0.0005
甘伍村3社,61,2026-01-18,05:15,0.0006,0.0005
甘伍村3社,61,2026-01-18,05:30,0.0011,0.0005
甘伍村3社,61,2026-01-18,05:45,0.0005,0.0005
甘伍村3社,61,2026-01-18,06:00,0.0001,0.0005
甘伍村3社,61,2026-01-18,06:15,0.0007,0.0006
甘伍村3社,61,2026-01-18,06:30,-0.0002,0.0005
甘伍村3社,61,2026-01-18,06:45,0.0006,0.0005
甘伍村3社,61,2026-01-18,07:00,0.0001,0.0005
甘伍村3社,61,2026-01-18,07:15,0.0003,0.0005
甘伍村3社,61,2026-01-18,07:30,0.0015,0.0005
甘伍村3社,61,2026-01-18,07:45,-0.0003,0.0005
甘伍村3社,61,2026-01-18,08:00,0.0005,0.0005
甘伍村3社,61,2026-01-18,08:15,0.0001,0.0005
甘伍村3社,61,2026-01-18,08:30,0.0002,0.0005
甘伍村3社,61,2026-01-18,08:45,0.0017,0.0006
甘伍村3社,61,2026-01-18,09:00,0.0038,0.0005
甘伍村3社,61,2026-01-18,09:15,0.0036,0.0005
甘伍村3社,61,2026-01-18,09:30,0.0031,0.0005
甘伍村3社,61,2026-01-18,09:45,0.003,0.0005
甘伍村3社,61,2026-01-18,10:00,0.0068,0.0005
甘伍村3社,61,2026-01-18,10:15,0.0087,0.0005
甘伍村3社,61,2026-01-18,10:30,0.0095,0.0005
甘伍村3社,61,2026-01-18,10:45,0.0114,0.0005
甘伍村3社,61,2026-01-18,11:00,0.0102,0.0005
甘伍村3社,61,2026-01-18,11:15,0.0143,0.0005
甘伍村3社,61,2026-01-18,11:30,0.0119,0.0005
甘伍村3社,61,2026-01-18,11:45,0.0109,0.0005
甘伍村3社,61,2026-01-18,12:00,0.009,0.0005
甘伍村3社,61,2026-01-18,12:15,0.0078,0.0005
甘伍村3社,61,2026-01-18,12:30,0.0069,0.0005
甘伍村3社,61,2026-01-18,12:45,0.0073,0.0005
甘伍村3社,61,2026-01-18,13:00,0.0023,0.0005
甘伍村3社,61,2026-01-18,13:15,0.0042,0.0005
甘伍村3社,61,2026-01-18,13:30,0.0039,0.0005
甘伍村3社,61,2026-01-18,13:45,0.004,0.0005
甘伍村3社,61,2026-01-18,14:00,0.0044,0.0005
甘伍村3社,61,2026-01-18,14:15,0.0041,0.0005
甘伍村3社,61,2026-01-18,14:30,0.0033,0.0005
甘伍村3社,61,2026-01-18,14:45,0.0023,0.0005
甘伍村3社,61,2026-01-18,15:00,0.0007,0.0005
甘伍村3社,61,2026-01-18,15:15,0.0025,0.0005
甘伍村3社,61,2026-01-18,15:30,0.0003,0.0005
甘伍村3社,61,2026-01-18,15:45,0.0023,0.0005
甘伍村3社,61,2026-01-18,16:00,0.0007,0.0005
甘伍村3社,61,2026-01-18,16:15,0.0014,0.0005
甘伍村3社,61,2026-01-18,16:30,0.0015,0.0005
甘伍村3社,61,2026-01-18,16:45,0.0017,0.0005
甘伍村3社,61,2026-01-18,17:00,0.0031,0.0005
甘伍村3社,61,2026-01-18,17:15,0.0011,0.0005
甘伍村3社,61,2026-01-18,17:30,0.0014,0.0005
甘伍村3社,61,2026-01-18,17:45,0.0016,0.0005
甘伍村3社,61,2026-01-18,18:00,0.0021,0.0005
甘伍村3社,61,2026-01-18,18:15,0.0012,0.0005
甘伍村3社,61,2026-01-18,18:30,0.0003,0.0005
甘伍村3社,61,2026-01-18,18:45,-0.0007,0.0005
甘伍村3社,61,2026-01-18,19:00,-0.0005,0.0005
甘伍村3社,61,2026-01-18,19:15,0.0005,0.0005
甘伍村3社,61,2026-01-18,19:30,0.0008,0.0005
甘伍村3社,61,2026-01-18,19:45,0.0002,0.0005
甘伍村3社,61,2026-01-18,20:00,0.0025,0.0005
甘伍村3社,61,2026-01-18,20:15,0.001,0.0005
甘伍村3社,61,2026-01-18,20:30,0.0007,0.0005
甘伍村3社,61,2026-01-18,20:45,0.001,0.0005
甘伍村3社,61,2026-01-18,21:00,0.001,0.0005
甘伍村3社,61,2026-01-18,21:15,-0.0003,0.0005
甘伍村3社,61,2026-01-18,21:30,0.0004,0.0005
甘伍村3社,61,2026-01-18,21:45,0.0013,0.0005
甘伍村3社,61,2026-01-18,22:00,-0.0003,0.0005
甘伍村3社,61,2026-01-18,22:15,-0.0003,0.0005
甘伍村3社,61,2026-01-18,22:30,0.0006,0.0005
甘伍村3社,61,2026-01-18,22:45,0.0013,0.0005
甘伍村3社,61,2026-01-18,23:00,0.001,0.0005
甘伍村3社,61,2026-01-18,23:15,0.0009,0.0005
甘伍村3社,61,2026-01-18,23:30,0.0011,0.0005
甘伍村3社,61,2026-01-18,23:45,-0.0003,0.0005
甘伍村3社,61,2026-01-19,00:00,0.0011,0.0005
甘伍村3社,61,2026-01-19,00:15,0.0,0.0005
甘伍村3社,61,2026-01-19,00:30,0.0008,0.0005
甘伍村3社,61,2026-01-19,00:45,0.0003,0.0005
甘伍村3社,61,2026-01-19,01:00,0.0009,0.0005
甘伍村3社,61,2026-01-19,01:15,0.0,0.0005
甘伍村3社,61,2026-01-19,01:30,-0.0007,0.0005
甘伍村3社,61,2026-01-19,01:45,0.0005,0.0005
甘伍村3社,61,2026-01-19,02:00,0.0007,0.0005
甘伍村3社,61,2026-01-19,02:15,0.0021,0.0005
甘伍村3社,61,2026-01-19,02:30,0.0008,0.0005
甘伍村3社,61,2026-01-19,02:45,0.001,0.0005
甘伍村3社,61,2026-01-19,03:00,0.0008,0.0005
甘伍村3社,61,2026-01-19,03:15,0.0011,0.0005
甘伍村3社,61,2026-01-19,03:30,0.0002,0.0005
甘伍村3社,61,2026-01-19,03:45,0.0007,0.0005
甘伍村3社,61,2026-01-19,04:00,0.0002,0.0005
甘伍村3社,61,2026-01-19,04:15,0.0008,0.0005
甘伍村3社,61,2026-01-19,04:30,0.0013,0.0005
甘伍村3社,61,2026-01-19,04:45,0.0001,0.0005
甘伍村3社,61,2026-01-19,05:00,0.0007,0.0005
甘伍村3社,61,2026-01-19,05:15,0.0008,0.0005
甘伍村3社,61,2026-01-19,05:30,0.0004,0.0005
甘伍村3社,61,2026-01-19,05:45,-0.0001,0.0005
甘伍村3社,61,2026-01-19,06:00,0.0001,0.0005
甘伍村3社,61,2026-01-19,06:15,0.0014,0.0005
甘伍村3社,61,2026-01-19,06:30,-0.0003,0.0005
甘伍村3社,61,2026-01-19,06:45,0.0009,0.0005
甘伍村3社,61,2026-01-19,07:00,-0.0012,0.0005
甘伍村3社,61,2026-01-19,07:15,0.0006,0.0005
甘伍村3社,61,2026-01-19,07:30,0.001,0.0005
甘伍村3社,61,2026-01-19,07:45,0.0006,0.0005
甘伍村3社,61,2026-01-19,08:00,0.0002,0.0005
甘伍村3社,61,2026-01-19,08:15,0.0003,0.0005
甘伍村3社,61,2026-01-19,08:30,0.0018,0.0005
甘伍村3社,61,2026-01-19,08:45,0.0005,0.0005
甘伍村3社,61,2026-01-19,09:00,0.0043,0.0005
甘伍村3社,61,2026-01-19,09:15,0.0047,0.0005
甘伍村3社,61,2026-01-19,09:30,0.0039,0.0005
甘伍村3社,61,2026-01-19,09:45,0.0044,0.0005
甘伍村3社,61,2026-01-19,10:00,0.0054,0.0005
甘伍村3社,61,2026-01-19,10:15,0.0082,0.0005
甘伍村3社,61,2026-01-19,10:30,0.0102,0.0005
甘伍村3社,61,2026-01-19,10:45,0.0116,0.0005
甘伍村3社,61,2026-01-19,11:00,0.0112,0.0005
甘伍村3社,61,2026-01-19,11:15,0.0136,0.0005
甘伍村3社,61,2026-01-19,11:30,0.014,0.0005
甘伍村3社,61,2026-01-19,11:45,0.012,0.0005
甘伍村3社,61,2026-01-19,12:00,0.0088,0.0005
甘伍村3社,61,2026-01-19,12:15,0.0068,0.0005
甘伍村3社,61,2026-01-19,12:30,0.0076,0.0005
甘伍村3社,61,2026-01-19,12:45,0.0074,0.0005
甘伍村3社,61,2026-01-19,13:00,0.0035,0.0005
甘伍村3社,61,2026-01-19,13:15,0.0038,0.0005
甘伍村3社,61,2026-01-19,13:30,0.0035,0.0005
甘伍村3社,61,2026-01-19,13:45,0.0045,0.0005
甘伍村3社,61,2026-01-19,14:00,0.003,0.0005
甘伍村3社,61,2026-01-19,14:15,0.0031,0.0005
甘伍村3社,61,2026-01-19,14:30,0.0016,0.0005
甘伍村3社,61,2026-01-19,14:45,0.0019,0.0005
甘伍村3社,61,2026-01-19,15:00,0.0014,0.0005
甘伍村3社,61,2026-01-19,15:15,0.0022,0.0005
甘伍村3社,61,2026-01-19,15:30,0.001,0.0005
甘伍村3社,61,2026-01-19,15:45,0.0011,0.0005
甘伍村3社,61,2026-01-19,16:00,0.0018,0.0005
甘伍村3社,61,2026-01-19,16:15,0.0007,0.0005
甘伍村3社,61,2026-01-19,16:30,0.0024,0.0005
甘伍村3社,61,2026-01-19,16:45,0.0013,0.0005
甘伍村3社,61,2026-01-19,17:00,0.0033,0.0005
甘伍村3社,61,2026-01-19,17:15,0.0026,0.0005
甘伍村3社,61,2026-01-19,17:30,0.0017,0.0005
甘伍村3社,61,2026-01-19,17:45,0.002,0.0005
甘伍村3社,61,2026-01-19,18:00,0.0027,0.0005
甘伍村3社,61,2026-01-19,18:15,0.0026,0.0005
甘伍村3社,61,2026-01-19,18:30,0.001,0.0005
甘伍村3社,61,2026-01-19,18:45,0.0017,0.0005
甘伍村3社,61,2026-01-19,19:00,0.0005,0.0005
甘伍村3社,61,2026-01-19,19:15,0.0007,0.0005
甘伍村3社,61,2026-01-19,19:30,0.0011,0.0005
甘伍村3社,61,2026-01-19,19:45,0.0008,0.0005
甘伍村3社,61,2026-01-19,20:00,0.0003,0.0005
甘伍村3社,61,2026-01-19,20:15,0.0018,0.0005
甘伍村3社,61,2026-01-19,20:30,0.0005,0.0005
甘伍村3社,61,2026-01-19,20:45,0.0003,0.0005
甘伍村3社,61,2026-01-19,21:00,0.0005,0.0005
甘伍村3社,61,2026-01-19,21:15,0.0012,0.0005
甘伍村3社,61,2026-01-19,21:30,0.0006,0.0005
甘伍村3社,61,2026-01-19,21:45,0.0007,0.0005
甘伍村3社,61,2026-01-19,22:00,0.0003,0.0005
甘伍村3社,61,2026-01-19,22:15,0.0005,0.0005
甘伍村3社,61,2026-01-19,22:30,0.0006,0.0005
甘伍村3社,61,2026-01-19,22:45,0.0015,0.0005
甘伍村3社,61,2026-01-19,23:00,0.0001,0.0005
甘伍村3社,61,2026-01-19,23:15,0.0008,0.0005
甘伍村3社,61,2026-01-19,23:30,-0.0002,0.0005
甘伍村3社,61,2026-01-19,23:45,0.0006,0.0005
甘伍村3社,62,2026-03-27,00:00,0.0023,0.0005
甘伍村3社,62,2026-03-27,00:15,0.0012,0.0005
甘伍村3社,62,2026-03-27,00:30,0.0006,0.0005
甘伍村3社,62,2026-03-27,00:45,0.0002,0.0005
甘伍村3社,62,2026-03-27,01:00,-0.0014,0.0005
甘伍村3社,62,2026-03-27,01:15,0.0,0.0005
甘伍村3社,62,2026-03-27,01:30,0.0002,0.0005
甘伍村3社,62,2026-03-27,01:45,0.0019,0.0005
甘伍村3社,62,2026-03-27,02:00,-0.0,0.0005
甘伍村3社,62,2026-03-27,02:15,0.0004,0.0005
甘伍村3社,62,2026-03-27,02:30,0.0004,0.0005
甘伍村3社,62,2026-03-27,02:45,0.001,0.0005
甘伍村3社,62,2026-03-27,03:00,0.0014,0.0005
甘伍村3社,62,2026-03-27,03:15,0.0006,0.0005
甘伍村3社,62,2026-03-27,03:30,0.0002,0.0005
甘伍村3社,62,2026-03-27,03:45,0.0004,0.0005
甘伍村3社,62,2026-03-27,04:00,0.0014,0.0005
甘伍村3社,62,2026-03-27,04:15,0.0005,0.0005
甘伍村3社,62,2026-03-27,04:30,0.0003,0.0005
甘伍村3社,62,2026-03-27,04:45,-0.0003,0.0005
甘伍村3社,62,2026-03-27,05:00,0.0016,0.0005
甘伍村3社,62,2026-03-27,05:15,0.0008,0.0005
甘伍村3社,62,2026-03-27,05:30,-0.0002,0.0005
甘伍村3社,62,2026-03-27,05:45,-0.0003,0.0005
甘伍村3社,62,2026-03-27,06:00,0.0003,0.0005
甘伍村3社,62,2026-03-27,06:15,0.0002,0.0005
甘伍村3社,62,2026-03-27,06:30,0.0001,0.0005
甘伍村3社,62,2026-03-27,06:45,0.0008,0.0005
甘伍村3社,62,2026-03-27,07:00,-0.0002,0.0005
甘伍村3社,62,2026-03-27,07:15,-0.0009,0.0005
甘伍村3社,62,2026-03-27,07:30,0.001,0.0005
甘伍村3社,62,2026-03-27,07:45,0.002,0.0005
甘伍村3社,62,2026-03-27,08:00,0.0018,0.0005
甘伍村3社,62,2026-03-27,08:15,0.0022,0.0121
甘伍村3社,62,2026-03-27,08:30,0.0022,0.012
甘伍村3社,62,2026-03-27,08:45,0.0018,0.0015
甘伍村3社,62,2026-03-27,09:00,0.002,0.0015
甘伍村3社,62,2026-03-27,09:15,0.0039,0.0015
甘伍村3社,62,2026-03-27,09:30,0.0023,0.0015
甘伍村3社,62,2026-03-27,09:45,0.0023,0.0015
甘伍村3社,62,2026-03-27,10:00,0.006,0.0831
甘伍村3社,62,2026-03-27,10:15,0.008,0.0816
甘伍村3社,62,2026-03-27,10:30,0.0098,0.0817
甘伍村3社,62,2026-03-27,10:45,0.0102,0.0812
甘伍村3社,62,2026-03-27,11:00,0.0082,0.0815
甘伍村3社,62,2026-03-27,11:15,0.0106,0.078
甘伍村3社,62,2026-03-27,11:30,0.0106,0.0814
甘伍村3社,62,2026-03-27,11:45,0.0105,0.0808
甘伍村3社,62,2026-03-27,12:00,0.0063,0.078
甘伍村3社,62,2026-03-27,12:15,0.0068,0.0006
甘伍村3社,62,2026-03-27,12:30,0.0074,0.0005
甘伍村3社,62,2026-03-27,12:45,0.0061,0.0005
甘伍村3社,62,2026-03-27,13:00,0.0024,0.0005
甘伍村3社,62,2026-03-27,13:15,0.0027,0.0005
甘伍村3社,62,2026-03-27,13:30,0.0044,0.0005
甘伍村3社,62,2026-03-27,13:45,0.0027,0.0005
甘伍村3社,62,2026-03-27,14:00,0.0024,0.0005
甘伍村3社,62,2026-03-27,14:15,0.0041,0.0005
甘伍村3社,62,2026-03-27,14:30,0.0023,0.0005
甘伍村3社,62,2026-03-27,14:45,0.002,0.0005
甘伍村3社,62,2026-03-27,15:00,0.0015,0.0008
甘伍村3社,62,2026-03-27,15:15,0.0025,0.0007
甘伍村3社,62,2026-03-27,15:30,0.0006,0.0006
甘伍村3社,62,2026-03-27,15:45,0.0016,0.0006
甘伍村3社,62,2026-03-27,16:00,0.0018,0.0005
甘伍村3社,62,2026-03-27,16:15,0.0005,0.0005
甘伍村3社,62,2026-03-27,16:30,-0.0013,0.0005
甘伍村3社,62,2026-03-27,16:45,0.0019,0.0005
甘伍村3社,62,2026-03-27,17:00,0.0017,0.0005
甘伍村3社,62,2026-03-27,17:15,0.0002,0.0005
甘伍村3社,62,2026-03-27,17:30,0.0012,0.0005
甘伍村3社,62,2026-03-27,17:45,0.0013,0.0005
甘伍村3社,62,2026-03-27,18:00,0.0009,0.0005
甘伍村3社,62,2026-03-27,18:15,0.0004,0.0005
甘伍村3社,62,2026-03-27,18:30,-0.0005,0.0005
甘伍村3社,62,2026-03-27,18:45,0.0002,0.0005
甘伍村3社,62,2026-03-27,19:00,0.0001,0.0005
甘伍村3社,62,2026-03-27,19:15,0.002,0.0005
甘伍村3社,62,2026-03-27,19:30,-0.0003,0.0005
甘伍村3社,62,2026-03-27,19:45,0.0003,0.001
甘伍村3社,62,2026-03-27,20:00,-0.0008,0.0005
甘伍村3社,62,2026-03-27,20:15,0.0018,0.0005
甘伍村3社,62,2026-03-27,20:30,0.0009,0.0005
甘伍村3社,62,2026-03-27,20:45,0.0008,0.0005
甘伍村3社,62,2026-03-27,21:00,-0.0004,0.0005
甘伍村3社,62,2026-03-27,21:15,0.0003,0.0005
甘伍村3社,62,2026-03-27,21:30,0.0006,0.0005
甘伍村3社,62,2026-03-27,21:45,-0.0001,0.0005
甘伍村3社,62,2026-03-27,22:00,0.001,0.0005
甘伍村3社,62,2026-03-27,22:15,-0.0005,0.0005
甘伍村3社,62,2026-03-27,22:30,0.0017,0.0005
甘伍村3社,62,2026-03-27,22:45,0.0015,0.0005
甘伍村3社,62,2026-03-27,23:00,-0.0002,0.0005
甘伍村3社,62,2026-03-27,23:15,0.0011,0.0005
甘伍村3社,62,2026-03-27,23:30,0.0007,0.0005
甘伍村3社,62,2026-03-27,23:45,0.0007,0.0005
甘伍村3社,62,2026-03-28,00:00,0.0006,0.0005
甘伍村3社,62,2026-03-28,00:15,0.0007,0.0005
甘伍村3社,62,2026-03-28,00:30,0.0003,0.0005
甘伍村3社,62,2026-03-28,00:45,0.0012,0.0005
甘伍村3社,62,2026-03-28,01:00,0.0005,0.0005
甘伍村3社,62,2026-03-28,01:15,0.0009,0.0005
甘伍村3社,62,2026-03-28,01:30,0.0009,0.0005
甘伍村3社,62,2026-03-28,01:45,0.0002,0.0005
甘伍村3社,62,2026-03-28,02:00,0.0005,0.0005
甘伍村3社,62,2026-03-28,02:15,0.0012,0.0005
甘伍村3社,62,2026-03-28,02:30,0.0006,0.0008
甘伍村3社,62,2026-03-28,02:45,0.0016,0.0006
甘伍村3社,62,2026-03-28,03:00,0.0007,0.0006
甘伍村3社,62,2026-03-28,03:15,0.001,0.0005
甘伍村3社,62,2026-03-28,03:30,0.0009,0.0005
甘伍村3社,62,2026-03-28,03:45,0.0007,0.0005
甘伍村3社,62,2026-03-28,04:00,0.0003,0.0005
甘伍村3社,62,2026-03-28,04:15,0.0009,0.0005
甘伍村3社,62,2026-03-28,04:30,-0.0,0.0005
甘伍村3社,62,2026-03-28,04:45,0.0004,0.0005
甘伍村3社,62,2026-03-28,05:00,0.0003,0.0005
甘伍村3社,62,2026-03-28,05:15,-0.0004,0.0005
甘伍村3社,62,2026-03-28,05:30,0.0003,0.0005
甘伍村3社,62,2026-03-28,05:45,0.0006,0.0005
甘伍村3社,62,2026-03-28,06:00,0.0008,0.0005
甘伍村3社,62,2026-03-28,06:15,0.0009,0.0005
甘伍村3社,62,2026-03-28,06:30,0.0003,0.0005
甘伍村3社,62,2026-03-28,06:45,0.0004,0.0005
甘伍村3社,62,2026-03-28,07:00,0.0011,0.0005
甘伍村3社,62,2026-03-28,07:15,0.0012,0.0005
甘伍村3社,62,2026-03-28,07:30,0.0029,0.0005
甘伍村3社,62,2026-03-28,07:45,0.0002,0.0005
甘伍村3社,62,2026-03-28,08:00,0.001,0.0005
甘伍村3社,62,2026-03-28,08:15,0.0012,0.0005
甘伍村3社,62,2026-03-28,08:30,0.0006,0.0005
甘伍村3社,62,2026-03-28,08:45,0.0013,0.0005
甘伍村3社,62,2026-03-28,09:00,0.0035,0.0005
甘伍村3社,62,2026-03-28,09:15,0.0022,0.0005
甘伍村3社,62,2026-03-28,09:30,0.0017,0.0005
甘伍村3社,62,2026-03-28,09:45,0.0024,0.0005
甘伍村3社,62,2026-03-28,10:00,0.0068,0.0005
甘伍村3社,62,2026-03-28,10:15,0.0076,0.0005
甘伍村3社,62,2026-03-28,10:30,0.0081,0.0005
甘伍村3社,62,2026-03-28,10:45,0.0099,0.0005
甘伍村3社,62,2026-03-28,11:00,0.0087,0.0005
甘伍村3社,62,2026-03-28,11:15,0.0124,0.0005
甘伍村3社,62,2026-03-28,11:30,0.011,0.0005
甘伍村3社,62,2026-03-28,11:45,0.0101,0.0005
甘伍村3社,62,2026-03-28,12:00,0.0079,0.0005
甘伍村3社,62,2026-03-28,12:15,0.0065,0.0005
甘伍村3社,62,2026-03-28,12:30,0.0061,0.0005
甘伍村3社,62,2026-03-28,12:45,0.006,0.0005
甘伍村3社,62,2026-03-28,13:00,0.0027,0.0005
甘伍村3社,62,2026-03-28,13:15,0.0035,0.0005
甘伍村3社,62,2026-03-28,13:30,0.0029,0.0005
甘伍村3社,62,2026-03-28,13:45,0.0043,0.0005
甘伍村3社,62,2026-03-28,14:00,0.0047,0.0005
甘伍村3社,62,2026-03-28,14:15,0.0033,0.0005
甘伍村3社,62,2026-03-28,14:30,0.0022,0.0005
甘伍村3社,62,2026-03-28,14:45,0.0019,0.0005
甘伍村3社,62,2026-03-28,15:00,0.0009,0.0005
甘伍村3社,62,2026-03-28,15:15,0.0026,0.0005
甘伍村3社,62,2026-03-28,15:30,0.0002,0.0005
甘伍村3社,62,2026-03-28,15:45,0.0024,0.0005
甘伍村3社,62,2026-03-28,16:00,0.0015,0.0005
甘伍村3社,62,2026-03-28,16:15,0.0011,0.0005
甘伍村3社,62,2026-03-28,16:30,0.0012,0.0005
甘伍村3社,62,2026-03-28,16:45,0.0012,0.0005
甘伍村3社,62,2026-03-28,17:00,0.0022,0.0005
甘伍村3社,62,2026-03-28,17:15,-0.0,0.0005
甘伍村3社,62,2026-03-28,17:30,0.0001,0.0005
甘伍村3社,62,2026-03-28,17:45,0.0002,0.0005
甘伍村3社,62,2026-03-28,18:00,0.0015,0.0005
甘伍村3社,62,2026-03-28,18:15,-0.0001,0.0005
甘伍村3社,62,2026-03-28,18:30,-0.0003,0.0005
甘伍村3社,62,2026-03-28,18:45,-0.0007,0.0005
甘伍村3社,62,2026-03-28,19:00,-0.0002,0.0005
甘伍村3社,62,2026-03-28,19:15,0.0009,0.0005
甘伍村3社,62,2026-03-28,19:30,-0.0,0.0008
甘伍村3社,62,2026-03-28,19:45,-0.0003,0.0005
甘伍村3社,62,2026-03-28,20:00,0.002,0.001
甘伍村3社,62,2026-03-28,20:15,0.0003,0.001
甘伍村3社,62,2026-03-28,20:30,0.0001,0.001
甘伍村3社,62,2026-03-28,20:45,0.0006,0.0005
甘伍村3社,62,2026-03-28,21:00,0.001,0.0005
甘伍村3社,62,2026-03-28,21:15,-0.0009,0.0005
甘伍村3社,62,2026-03-28,21:30,0.0004,0.0005
甘伍村3社,62,2026-03-28,21:45,0.0004,0.0005
甘伍村3社,62,2026-03-28,22:00,0.0006,0.0005
甘伍村3社,62,2026-03-28,22:15,0.0005,0.0005
甘伍村3社,62,2026-03-28,22:30,0.0007,0.0005
甘伍村3社,62,2026-03-28,22:45,0.0016,0.0005
甘伍村3社,62,2026-03-28,23:00,0.0011,0.0005
甘伍村3社,62,2026-03-28,23:15,0.0007,0.0005
甘伍村3社,62,2026-03-28,23:30,0.0007,0.0005
甘伍村3社,62,2026-03-28,23:45,-0.0003,0.0005
甘伍村3社,62,2026-03-29,00:00,0.0008,0.0005
甘伍村3社,62,2026-03-29,00:15,0.0011,0.0005
甘伍村3社,62,2026-03-29,00:30,0.0013,0.0005
甘伍村3社,62,2026-03-29,00:45,0.0004,0.0005
甘伍村3社,62,2026-03-29,01:00,0.0006,0.0005
甘伍村3社,62,2026-03-29,01:15,0.0009,0.0005
甘伍村3社,62,2026-03-29,01:30,0.0,0.0005
甘伍村3社,62,2026-03-29,01:45,0.0002,0.0005
甘伍村3社,62,2026-03-29,02:00,0.0006,0.0005
甘伍村3社,62,2026-03-29,02:15,0.0021,0.0005
甘伍村3社,62,2026-03-29,02:30,0.0007,0.0005
甘伍村3社,62,2026-03-29,02:45,0.0007,0.0005
甘伍村3社,62,2026-03-29,03:00,0.0012,0.0005
甘伍村3社,62,2026-03-29,03:15,0.0007,0.0005
甘伍村3社,62,2026-03-29,03:30,-0.0002,0.0005
甘伍村3社,62,2026-03-29,03:45,0.0015,0.0005
甘伍村3社,62,2026-03-29,04:00,0.0006,0.0005
甘伍村3社,62,2026-03-29,04:15,0.002,0.0005
甘伍村3社,62,2026-03-29,04:30,0.0017,0.0005
甘伍村3社,62,2026-03-29,04:45,-0.0004,0.0005
甘伍村3社,62,2026-03-29,05:00,0.0008,0.0005
甘伍村3社,62,2026-03-29,05:15,0.0013,0.0005
甘伍村3社,62,2026-03-29,05:30,0.0,0.0005
甘伍村3社,62,2026-03-29,05:45,-0.0004,0.0005
甘伍村3社,62,2026-03-29,06:00,-0.0,0.0005
甘伍村3社,62,2026-03-29,06:15,0.0019,0.0005
甘伍村3社,62,2026-03-29,06:30,-0.0001,0.0005
甘伍村3社,62,2026-03-29,06:45,0.0013,0.0005
甘伍村3社,62,2026-03-29,07:00,0.0002,0.0008
甘伍村3社,62,2026-03-29,07:15,0.0009,0.0008
甘伍村3社,62,2026-03-29,07:30,0.0024,0.0008
甘伍村3社,62,2026-03-29,07:45,0.0022,0.0006
甘伍村3社,62,2026-03-29,08:00,0.0017,0.0006
甘伍村3社,62,2026-03-29,08:15,0.0015,0.0006
甘伍村3社,62,2026-03-29,08:30,0.0024,0.0006
甘伍村3社,62,2026-03-29,08:45,0.0006,0.0005
甘伍村3社,62,2026-03-29,09:00,0.0042,0.076
甘伍村3社,62,2026-03-29,09:15,0.0044,0.0699
甘伍村3社,62,2026-03-29,09:30,0.0025,0.0702
甘伍村3社,62,2026-03-29,09:45,0.0041,0.0698
甘伍村3社,62,2026-03-29,10:00,0.0047,0.0464
甘伍村3社,62,2026-03-29,10:15,0.0074,0.0703
甘伍村3社,62,2026-03-29,10:30,0.0091,0.0705
甘伍村3社,62,2026-03-29,10:45,0.0107,0.071
甘伍村3社,62,2026-03-29,11:00,0.0099,0.0005
甘伍村3社,62,2026-03-29,11:15,0.0114,0.0005
甘伍村3社,62,2026-03-29,11:30,0.0119,0.0005
甘伍村3社,62,2026-03-29,11:45,0.0101,0.0005
甘伍村3社,62,2026-03-29,12:00,0.0083,0.0005
甘伍村3社,62,2026-03-29,12:15,0.0054,0.0006
甘伍村3社,62,2026-03-29,12:30,0.006,0.0006
甘伍村3社,62,2026-03-29,12:45,0.0065,0.0006
甘伍村3社,62,2026-03-29,13:00,0.0038,0.0006
甘伍村3社,62,2026-03-29,13:15,0.0034,0.0006
甘伍村3社,62,2026-03-29,13:30,0.0034,0.0006
甘伍村3社,62,2026-03-29,13:45,0.0042,0.0006
甘伍村3社,62,2026-03-29,14:00,0.0026,0.0006
甘伍村3社,62,2026-03-29,14:15,0.0033,0.0006
甘伍村3社,62,2026-03-29,14:30,0.0026,0.0005
甘伍村3社,62,2026-03-29,14:45,0.0019,0.0005
甘伍村3社,62,2026-03-29,15:00,0.0014,0.0005
甘伍村3社,62,2026-03-29,15:15,0.0011,0.0005
甘伍村3社,62,2026-03-29,15:30,0.0014,0.0005
甘伍村3社,62,2026-03-29,15:45,0.0005,0.0005
甘伍村3社,62,2026-03-29,16:00,0.0022,0.0005
甘伍村3社,62,2026-03-29,16:15,0.0005,0.0005
甘伍村3社,62,2026-03-29,16:30,0.0025,0.0005
甘伍村3社,62,2026-03-29,16:45,0.0016,0.0005
甘伍村3社,62,2026-03-29,17:00,0.0024,0.0005
甘伍村3社,62,2026-03-29,17:15,0.0016,0.0005
甘伍村3社,62,2026-03-29,17:30,0.0009,0.0005
甘伍村3社,62,2026-03-29,17:45,0.0007,0.0008
甘伍村3社,62,2026-03-29,18:00,0.0022,0.0008
甘伍村3社,62,2026-03-29,18:15,0.0016,0.0007
甘伍村3社,62,2026-03-29,18:30,0.0001,0.0006
甘伍村3社,62,2026-03-29,18:45,0.0014,0.0006
甘伍村3社,62,2026-03-29,19:00,0.0002,0.0006
甘伍村3社,62,2026-03-29,19:15,-0.0001,0.0005
甘伍村3社,62,2026-03-29,19:30,0.0027,0.0005
甘伍村3社,62,2026-03-29,19:45,0.0013,0.0005
甘伍村3社,62,2026-03-29,20:00,0.001,0.0005
甘伍村3社,62,2026-03-29,20:15,0.0021,0.0005
甘伍村3社,62,2026-03-29,20:30,-0.0002,0.0005
甘伍村3社,62,2026-03-29,20:45,-0.0002,0.0005
甘伍村3社,62,2026-03-29,21:00,0.0003,0.0005
甘伍村3社,62,2026-03-29,21:15,0.0023,0.0005
甘伍村3社,62,2026-03-29,21:30,0.0007,0.0005
甘伍村3社,62,2026-03-29,21:45,0.0007,0.0005
甘伍村3社,62,2026-03-29,22:00,-0.0,0.0005
甘伍村3社,62,2026-03-29,22:15,-0.0003,0.0005
甘伍村3社,62,2026-03-29,22:30,0.0015,0.0005
甘伍村3社,62,2026-03-29,22:45,0.0014,0.0005
甘伍村3社,62,2026-03-29,23:00,0.0001,0.0005
甘伍村3社,62,2026-03-29,23:15,0.0011,0.0005
甘伍村3社,62,2026-03-29,23:30,0.0003,0.0005
甘伍村3社,62,2026-03-29,23:45,0.0004,0.0005
幸福村1社,63,2026-03-25,00:00,0.0182,0.019
幸福村1社,63,2026-03-25,00:15,0.0147,0.0137
幸福村1社,63,2026-03-25,00:30,0.0138,0.0203
幸福村1社,63,2026-03-25,00:45,0.0126,0.0111
幸福村1社,63,2026-03-25,01:00,0.0122,0.0124
幸福村1社,63,2026-03-25,01:15,0.0181,0.007
幸福村1社,63,2026-03-25,01:30,0.0174,0.0132
幸福村1社,63,2026-03-25,01:45,0.0171,0.0236
幸福村1社,63,2026-03-25,02:00,0.017,0.0184
幸福村1社,63,2026-03-25,02:15,0.0158,0.0115
幸福村1社,63,2026-03-25,02:30,0.0139,0.0093
幸福村1社,63,2026-03-25,02:45,0.0131,0.0166
幸福村1社,63,2026-03-25,03:00,0.0167,0.0199
幸福村1社,63,2026-03-25,03:15,0.0157,0.0158
幸福村1社,63,2026-03-25,03:30,0.0162,0.0147
幸福村1社,63,2026-03-25,03:45,0.0156,0.0145
幸福村1社,63,2026-03-25,04:00,0.0138,0.0216
幸福村1社,63,2026-03-25,04:15,0.0148,0.0152
幸福村1社,63,2026-03-25,04:30,0.018,0.0205
幸福村1社,63,2026-03-25,04:45,0.0174,0.0149
幸福村1社,63,2026-03-25,05:00,0.0184,0.0184
幸福村1社,63,2026-03-25,05:15,0.0179,0.0174
幸福村1社,63,2026-03-25,05:30,0.0157,0.0087
幸福村1社,63,2026-03-25,05:45,0.0185,0.0088
幸福村1社,63,2026-03-25,06:00,0.0164,0.0105
幸福村1社,63,2026-03-25,06:15,0.0172,0.0203
幸福村1社,63,2026-03-25,06:30,0.0212,0.0086
幸福村1社,63,2026-03-25,06:45,0.0227,0.016
幸福村1社,63,2026-03-25,07:00,0.0226,0.0416
幸福村1社,63,2026-03-25,07:15,0.0259,0.0742
幸福村1社,63,2026-03-25,07:30,0.0285,0.0166
幸福村1社,63,2026-03-25,07:45,0.0401,0.0646
幸福村1社,63,2026-03-25,08:00,0.0389,0.0118
幸福村1社,63,2026-03-25,08:15,0.0455,0.0102
幸福村1社,63,2026-03-25,08:30,0.0483,0.0438
幸福村1社,63,2026-03-25,08:45,0.0481,0.1177
幸福村1社,63,2026-03-25,09:00,0.048,0.0612
幸福村1社,63,2026-03-25,09:15,0.0512,0.0821
幸福村1社,63,2026-03-25,09:30,0.0418,0.0168
幸福村1社,63,2026-03-25,09:45,0.0439,0.019
幸福村1社,63,2026-03-25,10:00,0.0384,0.0198
幸福村1社,63,2026-03-25,10:15,0.0308,0.0162
幸福村1社,63,2026-03-25,10:30,0.0323,0.0599
幸福村1社,63,2026-03-25,10:45,0.0311,0.0137
幸福村1社,63,2026-03-25,11:00,0.0276,0.0164
幸福村1社,63,2026-03-25,11:15,0.0267,0.0185
幸福村1社,63,2026-03-25,11:30,0.0245,0.0166
幸福村1社,63,2026-03-25,11:45,0.0318,0.0134
幸福村1社,63,2026-03-25,12:00,0.0225,0.0182
幸福村1社,63,2026-03-25,12:15,0.0206,0.0177
幸福村1社,63,2026-03-25,12:30,0.029,0.0109
幸福村1社,63,2026-03-25,12:45,0.0203,0.0186
幸福村1社,63,2026-03-25,13:00,0.0216,0.0165
幸福村1社,63,2026-03-25,13:15,0.0247,0.0329
幸福村1社,63,2026-03-25,13:30,0.0223,0.0195
幸福村1社,63,2026-03-25,13:45,0.0226,0.0162
幸福村1社,63,2026-03-25,14:00,0.0273,0.0114
幸福村1社,63,2026-03-25,14:15,0.0232,0.0155
幸福村1社,63,2026-03-25,14:30,0.0242,0.0168
幸福村1社,63,2026-03-25,14:45,0.0229,0.0202
幸福村1社,63,2026-03-25,15:00,0.024,0.0211
幸福村1社,63,2026-03-25,15:15,0.0243,0.0165
幸福村1社,63,2026-03-25,15:30,0.0255,0.025
幸福村1社,63,2026-03-25,15:45,0.0226,0.018
幸福村1社,63,2026-03-25,16:00,0.0233,0.0549
幸福村1社,63,2026-03-25,16:15,0.0291,0.0136
幸福村1社,63,2026-03-25,16:30,0.038,0.0127
幸福村1社,63,2026-03-25,16:45,0.0374,0.0396
幸福村1社,63,2026-03-25,17:00,0.0376,0.042
幸福村1社,63,2026-03-25,17:15,0.0429,0.0972
幸福村1社,63,2026-03-25,17:30,0.0413,0.0297
幸福村1社,63,2026-03-25,17:45,0.0415,0.0625
幸福村1社,63,2026-03-25,18:00,0.0382,0.0702
幸福村1社,63,2026-03-25,18:15,0.0461,0.0444
幸福村1社,63,2026-03-25,18:30,0.0417,0.031
幸福村1社,63,2026-03-25,18:45,0.0446,0.011
幸福村1社,63,2026-03-25,19:00,0.0411,0.0361
幸福村1社,63,2026-03-25,19:15,0.0395,0.0156
幸福村1社,63,2026-03-25,19:30,0.0409,0.0213
幸福村1社,63,2026-03-25,19:45,0.0398,0.0174
幸福村1社,63,2026-03-25,20:00,0.0355,0.0313
幸福村1社,63,2026-03-25,20:15,0.0345,0.0171
幸福村1社,63,2026-03-25,20:30,0.0237,0.0211
幸福村1社,63,2026-03-25,20:45,0.029,0.0235
幸福村1社,63,2026-03-25,21:00,0.0254,0.0192
幸福村1社,63,2026-03-25,21:15,0.0255,0.0211
幸福村1社,63,2026-03-25,21:30,0.026,0.016
幸福村1社,63,2026-03-25,21:45,0.0204,0.0205
幸福村1社,63,2026-03-25,22:00,0.0226,0.0139
幸福村1社,63,2026-03-25,22:15,0.0176,0.0158
幸福村1社,63,2026-03-25,22:30,0.0215,0.0244
幸福村1社,63,2026-03-25,22:45,0.0228,0.0177
幸福村1社,63,2026-03-25,23:00,0.0185,0.0167
幸福村1社,63,2026-03-25,23:15,0.0176,0.0192
幸福村1社,63,2026-03-25,23:30,0.0201,0.0161
幸福村1社,63,2026-03-25,23:45,0.0144,0.0163
幸福村1社,63,2026-03-26,00:00,0.0157,0.0164
幸福村1社,63,2026-03-26,00:15,0.0172,0.0233
幸福村1社,63,2026-03-26,00:30,0.0158,0.013
幸福村1社,63,2026-03-26,00:45,0.0182,0.0249
幸福村1社,63,2026-03-26,01:00,0.0158,0.0207
幸福村1社,63,2026-03-26,01:15,0.0175,0.0156
幸福村1社,63,2026-03-26,01:30,0.0201,0.0243
幸福村1社,63,2026-03-26,01:45,0.0174,0.0173
幸福村1社,63,2026-03-26,02:00,0.0178,0.0204
幸福村1社,63,2026-03-26,02:15,0.0166,0.0194
幸福村1社,63,2026-03-26,02:30,0.0176,0.0257
幸福村1社,63,2026-03-26,02:45,0.0175,0.0129
幸福村1社,63,2026-03-26,03:00,0.0135,0.0145
幸福村1社,63,2026-03-26,03:15,0.0133,0.0143
幸福村1社,63,2026-03-26,03:30,0.016,0.0174
幸福村1社,63,2026-03-26,03:45,0.016,0.0278
幸福村1社,63,2026-03-26,04:00,0.015,0.0142
幸福村1社,63,2026-03-26,04:15,0.0124,0.0173
幸福村1社,63,2026-03-26,04:30,0.015,0.0143
幸福村1社,63,2026-03-26,04:45,0.0163,0.015
幸福村1社,63,2026-03-26,05:00,0.0128,0.0146
幸福村1社,63,2026-03-26,05:15,0.0156,0.017
幸福村1社,63,2026-03-26,05:30,0.0146,0.0182
幸福村1社,63,2026-03-26,05:45,0.0176,0.0153
幸福村1社,63,2026-03-26,06:00,0.017,0.0217
幸福村1社,63,2026-03-26,06:15,0.0146,0.0172
幸福村1社,63,2026-03-26,06:30,0.0212,0.0132
幸福村1社,63,2026-03-26,06:45,0.0204,0.024
幸福村1社,63,2026-03-26,07:00,0.0241,0.0323
幸福村1社,63,2026-03-26,07:15,0.0241,0.0362
幸福村1社,63,2026-03-26,07:30,0.0308,0.0353
幸福村1社,63,2026-03-26,07:45,0.0395,0.0156
幸福村1社,63,2026-03-26,08:00,0.0425,0.0193
幸福村1社,63,2026-03-26,08:15,0.0488,0.0177
幸福村1社,63,2026-03-26,08:30,0.0552,0.0372
幸福村1社,63,2026-03-26,08:45,0.052,0.0135
幸福村1社,63,2026-03-26,09:00,0.0478,0.0684
幸福村1社,63,2026-03-26,09:15,0.0495,0.0161
幸福村1社,63,2026-03-26,09:30,0.041,0.0718
幸福村1社,63,2026-03-26,09:45,0.0456,0.0534
幸福村1社,63,2026-03-26,10:00,0.0397,0.0148
幸福村1社,63,2026-03-26,10:15,0.0272,0.071
幸福村1社,63,2026-03-26,10:30,0.0292,0.0171
幸福村1社,63,2026-03-26,10:45,0.0287,0.0371
幸福村1社,63,2026-03-26,11:00,0.0202,0.0352
幸福村1社,63,2026-03-26,11:15,0.0216,0.0243
幸福村1社,63,2026-03-26,11:30,0.0261,0.0461
幸福村1社,63,2026-03-26,11:45,0.0221,0.0347
幸福村1社,63,2026-03-26,12:00,0.02,0.0136
幸福村1社,63,2026-03-26,12:15,0.0183,0.0212
幸福村1社,63,2026-03-26,12:30,0.0255,0.0206
幸福村1社,63,2026-03-26,12:45,0.0226,0.0119
幸福村1社,63,2026-03-26,13:00,0.0249,0.0213
幸福村1社,63,2026-03-26,13:15,0.0185,0.0194
幸福村1社,63,2026-03-26,13:30,0.019,0.0499
幸福村1社,63,2026-03-26,13:45,0.0256,0.019
幸福村1社,63,2026-03-26,14:00,0.0273,0.0192
幸福村1社,63,2026-03-26,14:15,0.0212,0.0184
幸福村1社,63,2026-03-26,14:30,0.0247,0.0159
幸福村1社,63,2026-03-26,14:45,0.0207,0.0506
幸福村1社,63,2026-03-26,15:00,0.0224,0.0139
幸福村1社,63,2026-03-26,15:15,0.0236,0.0141
幸福村1社,63,2026-03-26,15:30,0.0249,0.0166
幸福村1社,63,2026-03-26,15:45,0.0267,0.0091
幸福村1社,63,2026-03-26,16:00,0.0237,0.0167
幸福村1社,63,2026-03-26,16:15,0.0249,0.0626
幸福村1社,63,2026-03-26,16:30,0.0305,0.0269
幸福村1社,63,2026-03-26,16:45,0.0382,0.0195
幸福村1社,63,2026-03-26,17:00,0.0353,0.0439
幸福村1社,63,2026-03-26,17:15,0.0361,0.0386
幸福村1社,63,2026-03-26,17:30,0.0373,0.0167
幸福村1社,63,2026-03-26,17:45,0.0376,0.0173
幸福村1社,63,2026-03-26,18:00,0.0407,0.0344
幸福村1社,63,2026-03-26,18:15,0.0465,0.0385
幸福村1社,63,2026-03-26,18:30,0.0482,0.0551
幸福村1社,63,2026-03-26,18:45,0.0423,0.0196
幸福村1社,63,2026-03-26,19:00,0.0381,0.021
幸福村1社,63,2026-03-26,19:15,0.0389,0.0683
幸福村1社,63,2026-03-26,19:30,0.0382,0.0202
幸福村1社,63,2026-03-26,19:45,0.0341,0.0151
幸福村1社,63,2026-03-26,20:00,0.0315,0.0159
幸福村1社,63,2026-03-26,20:15,0.0338,0.018
幸福村1社,63,2026-03-26,20:30,0.025,0.0165
幸福村1社,63,2026-03-26,20:45,0.0267,0.0223
幸福村1社,63,2026-03-26,21:00,0.0284,0.0188
幸福村1社,63,2026-03-26,21:15,0.0222,0.0222
幸福村1社,63,2026-03-26,21:30,0.0216,0.0161
幸福村1社,63,2026-03-26,21:45,0.0177,0.0169
幸福村1社,63,2026-03-26,22:00,0.0218,0.0221
幸福村1社,63,2026-03-26,22:15,0.0237,0.0132
幸福村1社,63,2026-03-26,22:30,0.0213,0.0248
幸福村1社,63,2026-03-26,22:45,0.0173,0.0191
幸福村1社,63,2026-03-26,23:00,0.019,0.0152
幸福村1社,63,2026-03-26,23:15,0.0175,0.0247
幸福村1社,63,2026-03-26,23:30,0.0229,0.0159
幸福村1社,63,2026-03-26,23:45,0.0159,0.0286
幸福村1社,63,2026-03-27,00:00,0.0179,0.0178
幸福村1社,63,2026-03-27,00:15,0.0162,0.018
幸福村1社,63,2026-03-27,00:30,0.0175,0.0116
幸福村1社,63,2026-03-27,00:45,0.0154,0.0136
幸福村1社,63,2026-03-27,01:00,0.0169,0.0198
幸福村1社,63,2026-03-27,01:15,0.0172,0.0133
幸福村1社,63,2026-03-27,01:30,0.0187,0.024
幸福村1社,63,2026-03-27,01:45,0.0165,0.0136
幸福村1社,63,2026-03-27,02:00,0.0164,0.0195
幸福村1社,63,2026-03-27,02:15,0.0166,0.0152
幸福村1社,63,2026-03-27,02:30,0.0147,0.0168
幸福村1社,63,2026-03-27,02:45,0.0172,0.017
幸福村1社,63,2026-03-27,03:00,0.0179,0.0132
幸福村1社,63,2026-03-27,03:15,0.0185,0.0139
幸福村1社,63,2026-03-27,03:30,0.0149,0.011
幸福村1社,63,2026-03-27,03:45,0.016,0.0169
幸福村1社,63,2026-03-27,04:00,0.0149,0.0169
幸福村1社,63,2026-03-27,04:15,0.0178,0.0229
幸福村1社,63,2026-03-27,04:30,0.015,0.0199
幸福村1社,63,2026-03-27,04:45,0.012,0.0204
幸福村1社,63,2026-03-27,05:00,0.0151,0.0157
幸福村1社,63,2026-03-27,05:15,0.0152,0.0261
幸福村1社,63,2026-03-27,05:30,0.0139,0.016
幸福村1社,63,2026-03-27,05:45,0.0153,0.0243
幸福村1社,63,2026-03-27,06:00,0.0113,0.0175
幸福村1社,63,2026-03-27,06:15,0.0173,0.022
幸福村1社,63,2026-03-27,06:30,0.0209,0.0138
幸福村1社,63,2026-03-27,06:45,0.0194,0.0168
幸福村1社,63,2026-03-27,07:00,0.0243,0.02
幸福村1社,63,2026-03-27,07:15,0.0261,0.0193
幸福村1社,63,2026-03-27,07:30,0.0315,0.024
幸福村1社,63,2026-03-27,07:45,0.0407,0.017
幸福村1社,63,2026-03-27,08:00,0.0435,0.0208
幸福村1社,63,2026-03-27,08:15,0.0443,0.0168
幸福村1社,63,2026-03-27,08:30,0.0462,0.0144
幸福村1社,63,2026-03-27,08:45,0.049,0.0671
幸福村1社,63,2026-03-27,09:00,0.0476,0.0323
幸福村1社,63,2026-03-27,09:15,0.0554,0.0161
幸福村1社,63,2026-03-27,09:30,0.0478,0.0133
幸福村1社,63,2026-03-27,09:45,0.0503,0.0529
幸福村1社,63,2026-03-27,10:00,0.0434,0.0119
幸福村1社,63,2026-03-27,10:15,0.0323,0.009
幸福村1社,63,2026-03-27,10:30,0.0285,0.0209
幸福村1社,63,2026-03-27,10:45,0.033,0.0597
幸福村1社,63,2026-03-27,11:00,0.0303,0.0366
幸福村1社,63,2026-03-27,11:15,0.0253,0.037
幸福村1社,63,2026-03-27,11:30,0.0271,0.0162
幸福村1社,63,2026-03-27,11:45,0.0244,0.0696
幸福村1社,63,2026-03-27,12:00,0.0241,0.0194
幸福村1社,63,2026-03-27,12:15,0.0183,0.0222
幸福村1社,63,2026-03-27,12:30,0.0174,0.0422
幸福村1社,63,2026-03-27,12:45,0.0234,0.0478
幸福村1社,63,2026-03-27,13:00,0.0222,0.0181
幸福村1社,63,2026-03-27,13:15,0.0227,0.014
幸福村1社,63,2026-03-27,13:30,0.0213,0.0294
幸福村1社,63,2026-03-27,13:45,0.0225,0.046
幸福村1社,63,2026-03-27,14:00,0.0238,0.0443
幸福村1社,63,2026-03-27,14:15,0.0189,0.0167
幸福村1社,63,2026-03-27,14:30,0.0228,0.0561
幸福村1社,63,2026-03-27,14:45,0.024,0.0085
幸福村1社,63,2026-03-27,15:00,0.024,0.0523
幸福村1社,63,2026-03-27,15:15,0.0249,0.0161
幸福村1社,63,2026-03-27,15:30,0.0243,0.0141
幸福村1社,63,2026-03-27,15:45,0.0244,0.0686
幸福村1社,63,2026-03-27,16:00,0.0269,0.098
幸福村1社,63,2026-03-27,16:15,0.026,0.0773
幸福村1社,63,2026-03-27,16:30,0.0372,0.021
幸福村1社,63,2026-03-27,16:45,0.0355,0.0157
幸福村1社,63,2026-03-27,17:00,0.0375,0.0226
幸福村1社,63,2026-03-27,17:15,0.0414,0.0192
幸福村1社,63,2026-03-27,17:30,0.0362,0.0411
幸福村1社,63,2026-03-27,17:45,0.0389,0.0339
幸福村1社,63,2026-03-27,18:00,0.0446,0.0179
幸福村1社,63,2026-03-27,18:15,0.043,0.0472
幸福村1社,63,2026-03-27,18:30,0.0418,0.0343
幸福村1社,63,2026-03-27,18:45,0.0387,0.119
幸福村1社,63,2026-03-27,19:00,0.0352,0.0359
幸福村1社,63,2026-03-27,19:15,0.0351,0.0361
幸福村1社,63,2026-03-27,19:30,0.0394,0.0555
幸福村1社,63,2026-03-27,19:45,0.0399,0.0404
幸福村1社,63,2026-03-27,20:00,0.0374,0.0468
幸福村1社,63,2026-03-27,20:15,0.0341,0.0287
幸福村1社,63,2026-03-27,20:30,0.027,0.0259
幸福村1社,63,2026-03-27,20:45,0.0248,0.0216
幸福村1社,63,2026-03-27,21:00,0.0255,0.0236
幸福村1社,63,2026-03-27,21:15,0.0235,0.02
幸福村1社,63,2026-03-27,21:30,0.0228,0.0213
幸福村1社,63,2026-03-27,21:45,0.023,0.0233
幸福村1社,63,2026-03-27,22:00,0.019,0.021
幸福村1社,63,2026-03-27,22:15,0.0222,0.0274
幸福村1社,63,2026-03-27,22:30,0.0247,0.0267
幸福村1社,63,2026-03-27,22:45,0.0169,0.018
幸福村1社,63,2026-03-27,23:00,0.0176,0.0236
幸福村1社,63,2026-03-27,23:15,0.0202,0.0156
幸福村1社,63,2026-03-27,23:30,0.0178,0.0232
幸福村1社,63,2026-03-27,23:45,0.0222,0.0155
幸福村1社,64,2026-02-02,00:00,0.0181,0.0196
幸福村1社,64,2026-02-02,00:15,0.017,0.0161
幸福村1社,64,2026-02-02,00:30,0.0156,0.0237
幸福村1社,64,2026-02-02,00:45,0.0224,0.0185
幸福村1社,64,2026-02-02,01:00,0.0199,0.017
幸福村1社,64,2026-02-02,01:15,0.0153,0.0168
幸福村1社,64,2026-02-02,01:30,0.0174,0.017
幸福村1社,64,2026-02-02,01:45,0.0164,0.0157
幸福村1社,64,2026-02-02,02:00,0.0167,0.0172
幸福村1社,64,2026-02-02,02:15,0.0155,0.0111
幸福村1社,64,2026-02-02,02:30,0.0179,0.0129
幸福村1社,64,2026-02-02,02:45,0.0185,0.013
幸福村1社,64,2026-02-02,03:00,0.0164,0.0171
幸福村1社,64,2026-02-02,03:15,0.0125,0.0119
幸福村1社,64,2026-02-02,03:30,0.0189,0.0142
幸福村1社,64,2026-02-02,03:45,0.0164,0.0182
幸福村1社,64,2026-02-02,04:00,0.0174,0.0161
幸福村1社,64,2026-02-02,04:15,0.0139,0.02
幸福村1社,64,2026-02-02,04:30,0.0157,0.0149
幸福村1社,64,2026-02-02,04:45,0.0148,0.0169
幸福村1社,64,2026-02-02,05:00,0.0136,0.0184
幸福村1社,64,2026-02-02,05:15,0.0168,0.0197
幸福村1社,64,2026-02-02,05:30,0.0171,0.0112
幸福村1社,64,2026-02-02,05:45,0.0118,0.022
幸福村1社,64,2026-02-02,06:00,0.0162,0.0157
幸福村1社,64,2026-02-02,06:15,0.0196,0.0265
幸福村1社,64,2026-02-02,06:30,0.0174,0.0139
幸福村1社,64,2026-02-02,06:45,0.0161,0.0231
幸福村1社,64,2026-02-02,07:00,0.0157,0.014
幸福村1社,64,2026-02-02,07:15,0.0159,0.0145
幸福村1社,64,2026-02-02,07:30,0.0217,0.0209
幸福村1社,64,2026-02-02,07:45,0.0234,0.0169
幸福村1社,64,2026-02-02,08:00,0.0282,0.0382
幸福村1社,64,2026-02-02,08:15,0.034,0.0664
幸福村1社,64,2026-02-02,08:30,0.0578,0.0666
幸福村1社,64,2026-02-02,08:45,0.053,0.0825
幸福村1社,64,2026-02-02,09:00,0.0734,0.0818
幸福村1社,64,2026-02-02,09:15,0.0764,0.1015
幸福村1社,64,2026-02-02,09:30,0.0877,0.0327
幸福村1社,64,2026-02-02,09:45,0.0748,0.0375
幸福村1社,64,2026-02-02,10:00,0.0589,0.0489
幸福村1社,64,2026-02-02,10:15,0.0491,0.0946
幸福村1社,64,2026-02-02,10:30,0.0588,0.0356
幸福村1社,64,2026-02-02,10:45,0.0492,0.0508
幸福村1社,64,2026-02-02,11:00,0.0484,0.0228
幸福村1社,64,2026-02-02,11:15,0.0448,0.075
幸福村1社,64,2026-02-02,11:30,0.0365,0.053
幸福村1社,64,2026-02-02,11:45,0.03,0.0224
幸福村1社,64,2026-02-02,12:00,0.0302,0.0471
幸福村1社,64,2026-02-02,12:15,0.0271,0.042
幸福村1社,64,2026-02-02,12:30,0.0364,0.0176
幸福村1社,64,2026-02-02,12:45,0.0268,0.1127
幸福村1社,64,2026-02-02,13:00,0.0276,0.0165
幸福村1社,64,2026-02-02,13:15,0.0221,0.0197
幸福村1社,64,2026-02-02,13:30,0.0345,0.0256
幸福村1社,64,2026-02-02,13:45,0.0332,0.0213
幸福村1社,64,2026-02-02,14:00,0.0323,0.0255
幸福村1社,64,2026-02-02,14:15,0.0317,0.0295
幸福村1社,64,2026-02-02,14:30,0.0236,0.0613
幸福村1社,64,2026-02-02,14:45,0.0245,0.0194
幸福村1社,64,2026-02-02,15:00,0.0196,0.0179
幸福村1社,64,2026-02-02,15:15,0.0348,0.0153
幸福村1社,64,2026-02-02,15:30,0.0243,0.0162
幸福村1社,64,2026-02-02,15:45,0.0324,0.0179
幸福村1社,64,2026-02-02,16:00,0.035,0.0148
幸福村1社,64,2026-02-02,16:15,0.0348,0.0113
幸福村1社,64,2026-02-02,16:30,0.0545,0.0454
幸福村1社,64,2026-02-02,16:45,0.0489,0.0957
幸福村1社,64,2026-02-02,17:00,0.0594,0.0823
幸福村1社,64,2026-02-02,17:15,0.0559,0.0913
幸福村1社,64,2026-02-02,17:30,0.0621,0.0491
幸福村1社,64,2026-02-02,17:45,0.0581,0.0725
幸福村1社,64,2026-02-02,18:00,0.0672,0.0608
幸福村1社,64,2026-02-02,18:15,0.0538,0.0974
幸福村1社,64,2026-02-02,18:30,0.0661,0.1041
幸福村1社,64,2026-02-02,18:45,0.0513,0.0643
幸福村1社,64,2026-02-02,19:00,0.0543,0.0403
幸福村1社,64,2026-02-02,19:15,0.0404,0.0866
幸福村1社,64,2026-02-02,19:30,0.0538,0.0963
幸福村1社,64,2026-02-02,19:45,0.0482,0.0779
幸福村1社,64,2026-02-02,20:00,0.0437,0.0704
幸福村1社,64,2026-02-02,20:15,0.036,0.0342
幸福村1社,64,2026-02-02,20:30,0.034,0.0339
幸福村1社,64,2026-02-02,20:45,0.0335,0.0347
幸福村1社,64,2026-02-02,21:00,0.0309,0.0683
幸福村1社,64,2026-02-02,21:15,0.0285,0.0265
幸福村1社,64,2026-02-02,21:30,0.0265,0.0215
幸福村1社,64,2026-02-02,21:45,0.0275,0.0206
幸福村1社,64,2026-02-02,22:00,0.0267,0.0171
幸福村1社,64,2026-02-02,22:15,0.0285,0.0203
幸福村1社,64,2026-02-02,22:30,0.024,0.0161
幸福村1社,64,2026-02-02,22:45,0.0209,0.0126
幸福村1社,64,2026-02-02,23:00,0.0221,0.0237
幸福村1社,64,2026-02-02,23:15,0.0198,0.0122
幸福村1社,64,2026-02-02,23:30,0.0185,0.0176
幸福村1社,64,2026-02-02,23:45,0.0216,0.0145
幸福村1社,64,2026-02-03,00:00,0.0213,0.0157
幸福村1社,64,2026-02-03,00:15,0.0172,0.0152
幸福村1社,64,2026-02-03,00:30,0.0188,0.012
幸福村1社,64,2026-02-03,00:45,0.0171,0.007
幸福村1社,64,2026-02-03,01:00,0.0147,0.0117
幸福村1社,64,2026-02-03,01:15,0.0161,0.0084
幸福村1社,64,2026-02-03,01:30,0.0174,0.0088
幸福村1社,64,2026-02-03,01:45,0.0192,0.0138
幸福村1社,64,2026-02-03,02:00,0.0145,0.0081
幸福村1社,64,2026-02-03,02:15,0.0174,0.0089
幸福村1社,64,2026-02-03,02:30,0.018,0.0144
幸福村1社,64,2026-02-03,02:45,0.0167,0.0215
幸福村1社,64,2026-02-03,03:00,0.022,0.0166
幸福村1社,64,2026-02-03,03:15,0.0191,0.0175
幸福村1社,64,2026-02-03,03:30,0.0183,0.0153
幸福村1社,64,2026-02-03,03:45,0.0156,0.0215
幸福村1社,64,2026-02-03,04:00,0.0189,0.0111
幸福村1社,64,2026-02-03,04:15,0.0181,0.0174
幸福村1社,64,2026-02-03,04:30,0.0147,0.0153
幸福村1社,64,2026-02-03,04:45,0.0162,0.0137
幸福村1社,64,2026-02-03,05:00,0.0182,0.0191
幸福村1社,64,2026-02-03,05:15,0.0166,0.0168
幸福村1社,64,2026-02-03,05:30,0.0146,0.0243
幸福村1社,64,2026-02-03,05:45,0.0166,0.0163
幸福村1社,64,2026-02-03,06:00,0.0137,0.0149
幸福村1社,64,2026-02-03,06:15,0.0189,0.0108
幸福村1社,64,2026-02-03,06:30,0.0216,0.0125
幸福村1社,64,2026-02-03,06:45,0.0158,0.0138
幸福村1社,64,2026-02-03,07:00,0.0144,0.0188
幸福村1社,64,2026-02-03,07:15,0.0158,0.0124
幸福村1社,64,2026-02-03,07:30,0.0198,0.0156
幸福村1社,64,2026-02-03,07:45,0.0217,0.0278
幸福村1社,64,2026-02-03,08:00,0.0285,0.018
幸福村1社,64,2026-02-03,08:15,0.0385,0.0105
幸福村1社,64,2026-02-03,08:30,0.0559,0.0343
幸福村1社,64,2026-02-03,08:45,0.0554,0.0877
幸福村1社,64,2026-02-03,09:00,0.0624,0.0892
幸福村1社,64,2026-02-03,09:15,0.0813,0.0636
幸福村1社,64,2026-02-03,09:30,0.0732,0.0897
幸福村1社,64,2026-02-03,09:45,0.0688,0.0386
幸福村1社,64,2026-02-03,10:00,0.0619,0.0157
幸福村1社,64,2026-02-03,10:15,0.0487,0.0505
幸福村1社,64,2026-02-03,10:30,0.0499,0.0572
幸福村1社,64,2026-02-03,10:45,0.0398,0.0381
幸福村1社,64,2026-02-03,11:00,0.0377,0.0444
幸福村1社,64,2026-02-03,11:15,0.0359,0.0482
幸福村1社,64,2026-02-03,11:30,0.0288,0.0168
幸福村1社,64,2026-02-03,11:45,0.0284,0.0109
幸福村1社,64,2026-02-03,12:00,0.0289,0.0687
幸福村1社,64,2026-02-03,12:15,0.0256,0.0217
幸福村1社,64,2026-02-03,12:30,0.0324,0.0175
幸福村1社,64,2026-02-03,12:45,0.0257,0.079
幸福村1社,64,2026-02-03,13:00,0.0262,0.0787
幸福村1社,64,2026-02-03,13:15,0.0254,0.074
幸福村1社,64,2026-02-03,13:30,0.0307,0.0232
幸福村1社,64,2026-02-03,13:45,0.0326,0.0442
幸福村1社,64,2026-02-03,14:00,0.0371,0.0449
幸福村1社,64,2026-02-03,14:15,0.0327,0.0206
幸福村1社,64,2026-02-03,14:30,0.0273,0.0182
幸福村1社,64,2026-02-03,14:45,0.0291,0.0153
幸福村1社,64,2026-02-03,15:00,0.0229,0.0194
幸福村1社,64,2026-02-03,15:15,0.0285,0.0159
幸福村1社,64,2026-02-03,15:30,0.0257,0.036
幸福村1社,64,2026-02-03,15:45,0.0323,0.0594
幸福村1社,64,2026-02-03,16:00,0.0303,0.0252
幸福村1社,64,2026-02-03,16:15,0.0352,0.0335
幸福村1社,64,2026-02-03,16:30,0.0437,0.0523
幸福村1社,64,2026-02-03,16:45,0.046,0.0761
幸福村1社,64,2026-02-03,17:00,0.0593,0.0618
幸福村1社,64,2026-02-03,17:15,0.0525,0.0549
幸福村1社,64,2026-02-03,17:30,0.0569,0.051
幸福村1社,64,2026-02-03,17:45,0.0604,0.0215
幸福村1社,64,2026-02-03,18:00,0.0648,0.0428
幸福村1社,64,2026-02-03,18:15,0.0549,0.0334
幸福村1社,64,2026-02-03,18:30,0.0605,0.0435
幸福村1社,64,2026-02-03,18:45,0.0513,0.0877
幸福村1社,64,2026-02-03,19:00,0.0535,0.0409
幸福村1社,64,2026-02-03,19:15,0.0451,0.0726
幸福村1社,64,2026-02-03,19:30,0.0589,0.037
幸福村1社,64,2026-02-03,19:45,0.0438,0.0333
幸福村1社,64,2026-02-03,20:00,0.0424,0.0618
幸福村1社,64,2026-02-03,20:15,0.0385,0.0847
幸福村1社,64,2026-02-03,20:30,0.0398,0.0309
幸福村1社,64,2026-02-03,20:45,0.0344,0.0308
幸福村1社,64,2026-02-03,21:00,0.0334,0.0397
幸福村1社,64,2026-02-03,21:15,0.031,0.0318
幸福村1社,64,2026-02-03,21:30,0.0278,0.0629
幸福村1社,64,2026-02-03,21:45,0.032,0.0306
幸福村1社,64,2026-02-03,22:00,0.0254,0.0572
幸福村1社,64,2026-02-03,22:15,0.0231,0.0237
幸福村1社,64,2026-02-03,22:30,0.0215,0.0235
幸福村1社,64,2026-02-03,22:45,0.0215,0.0248
幸福村1社,64,2026-02-03,23:00,0.023,0.017
幸福村1社,64,2026-02-03,23:15,0.0171,0.0138
幸福村1社,64,2026-02-03,23:30,0.018,0.0174
幸福村1社,64,2026-02-03,23:45,0.0198,0.0193
幸福村1社,64,2026-02-04,00:00,0.0198,0.0185
幸福村1社,64,2026-02-04,00:15,0.0163,0.0201
幸福村1社,64,2026-02-04,00:30,0.0151,0.0164
幸福村1社,64,2026-02-04,00:45,0.0201,0.0211
幸福村1社,64,2026-02-04,01:00,0.0147,0.0215
幸福村1社,64,2026-02-04,01:15,0.015,0.0236
幸福村1社,64,2026-02-04,01:30,0.0146,0.0198
幸福村1社,64,2026-02-04,01:45,0.0173,0.018
幸福村1社,64,2026-02-04,02:00,0.018,0.0199
幸福村1社,64,2026-02-04,02:15,0.0191,0.0185
幸福村1社,64,2026-02-04,02:30,0.0206,0.0167
幸福村1社,64,2026-02-04,02:45,0.0157,0.0165
幸福村1社,64,2026-02-04,03:00,0.0164,0.0193
幸福村1社,64,2026-02-04,03:15,0.0124,0.0148
幸福村1社,64,2026-02-04,03:30,0.0191,0.0213
幸福村1社,64,2026-02-04,03:45,0.0158,0.0165
幸福村1社,64,2026-02-04,04:00,0.0161,0.0175
幸福村1社,64,2026-02-04,04:15,0.0152,0.0177
幸福村1社,64,2026-02-04,04:30,0.0143,0.0198
幸福村1社,64,2026-02-04,04:45,0.0175,0.0197
幸福村1社,64,2026-02-04,05:00,0.017,0.0178
幸福村1社,64,2026-02-04,05:15,0.0158,0.0216
幸福村1社,64,2026-02-04,05:30,0.0174,0.0196
幸福村1社,64,2026-02-04,05:45,0.0171,0.0169
幸福村1社,64,2026-02-04,06:00,0.0162,0.0213
幸福村1社,64,2026-02-04,06:15,0.0163,0.019
幸福村1社,64,2026-02-04,06:30,0.0177,0.0206
幸福村1社,64,2026-02-04,06:45,0.0154,0.0159
幸福村1社,64,2026-02-04,07:00,0.0172,0.0225
幸福村1社,64,2026-02-04,07:15,0.0146,0.0169
幸福村1社,64,2026-02-04,07:30,0.0267,0.0415
幸福村1社,64,2026-02-04,07:45,0.0244,0.0451
幸福村1社,64,2026-02-04,08:00,0.0272,0.0161
幸福村1社,64,2026-02-04,08:15,0.0354,0.0365
幸福村1社,64,2026-02-04,08:30,0.0483,0.092
幸福村1社,64,2026-02-04,08:45,0.0442,0.0385
幸福村1社,64,2026-02-04,09:00,0.0676,0.1105
幸福村1社,64,2026-02-04,09:15,0.0797,0.1262
幸福村1社,64,2026-02-04,09:30,0.0751,0.0878
幸福村1社,64,2026-02-04,09:45,0.0734,0.0892
幸福村1社,64,2026-02-04,10:00,0.0528,0.0713
幸福村1社,64,2026-02-04,10:15,0.0471,0.0191
幸福村1社,64,2026-02-04,10:30,0.051,0.0476
幸福村1社,64,2026-02-04,10:45,0.0457,0.0344
幸福村1社,64,2026-02-04,11:00,0.0397,0.0467
幸福村1社,64,2026-02-04,11:15,0.0429,0.0416
幸福村1社,64,2026-02-04,11:30,0.0358,0.0572
幸福村1社,64,2026-02-04,11:45,0.0284,0.0157
幸福村1社,64,2026-02-04,12:00,0.0321,0.0288
幸福村1社,64,2026-02-04,12:15,0.031,0.0604
幸福村1社,64,2026-02-04,12:30,0.0383,0.0653
幸福村1社,64,2026-02-04,12:45,0.0251,0.0565
幸福村1社,64,2026-02-04,13:00,0.0308,0.0276
幸福村1社,64,2026-02-04,13:15,0.0239,0.0387
幸福村1社,64,2026-02-04,13:30,0.0261,0.0449
幸福村1社,64,2026-02-04,13:45,0.0297,0.0641
幸福村1社,64,2026-02-04,14:00,0.0294,0.0214
幸福村1社,64,2026-02-04,14:15,0.0296,0.077
幸福村1社,64,2026-02-04,14:30,0.028,0.0209
幸福村1社,64,2026-02-04,14:45,0.0281,0.0229
幸福村1社,64,2026-02-04,15:00,0.0242,0.04
幸福村1社,64,2026-02-04,15:15,0.0332,0.0529
幸福村1社,64,2026-02-04,15:30,0.0305,0.0155
幸福村1社,64,2026-02-04,15:45,0.031,0.0509
幸福村1社,64,2026-02-04,16:00,0.0233,0.0546
幸福村1社,64,2026-02-04,16:15,0.0361,0.0292
幸福村1社,64,2026-02-04,16:30,0.0542,0.0278
幸福村1社,64,2026-02-04,16:45,0.0476,0.0448
幸福村1社,64,2026-02-04,17:00,0.0635,0.1163
幸福村1社,64,2026-02-04,17:15,0.0544,0.083
幸福村1社,64,2026-02-04,17:30,0.0531,0.0875
幸福村1社,64,2026-02-04,17:45,0.0573,0.0916
幸福村1社,64,2026-02-04,18:00,0.0661,0.1469
幸福村1社,64,2026-02-04,18:15,0.0585,0.1306
幸福村1社,64,2026-02-04,18:30,0.0643,0.135
幸福村1社,64,2026-02-04,18:45,0.0551,0.0908
幸福村1社,64,2026-02-04,19:00,0.0534,0.0617
幸福村1社,64,2026-02-04,19:15,0.0437,0.0392
幸福村1社,64,2026-02-04,19:30,0.0474,0.0705
幸福村1社,64,2026-02-04,19:45,0.0457,0.0522
幸福村1社,64,2026-02-04,20:00,0.0404,0.0306
幸福村1社,64,2026-02-04,20:15,0.0386,0.0937
幸福村1社,64,2026-02-04,20:30,0.0399,0.0313
幸福村1社,64,2026-02-04,20:45,0.0342,0.0364
幸福村1社,64,2026-02-04,21:00,0.0344,0.0451
幸福村1社,64,2026-02-04,21:15,0.0314,0.0453
幸福村1社,64,2026-02-04,21:30,0.0295,0.0399
幸福村1社,64,2026-02-04,21:45,0.0259,0.0393
幸福村1社,64,2026-02-04,22:00,0.0337,0.0382
幸福村1社,64,2026-02-04,22:15,0.0257,0.0259
幸福村1社,64,2026-02-04,22:30,0.0223,0.0218
幸福村1社,64,2026-02-04,22:45,0.0271,0.0191
幸福村1社,64,2026-02-04,23:00,0.0239,0.017
幸福村1社,64,2026-02-04,23:15,0.0201,0.0211
幸福村1社,64,2026-02-04,23:30,0.0191,0.0208
幸福村1社,64,2026-02-04,23:45,0.0139,0.0191
甘伍村3社,65,2026-01-16,00:00,0.0022,0.0005
甘伍村3社,65,2026-01-16,00:15,0.0014,0.0005
甘伍村3社,65,2026-01-16,00:30,0.0008,0.0005
甘伍村3社,65,2026-01-16,00:45,0.0002,0.0005
甘伍村3社,65,2026-01-16,01:00,-0.0014,0.0005
甘伍村3社,65,2026-01-16,01:15,0.0,0.0005
甘伍村3社,65,2026-01-16,01:30,0.0003,0.0005
甘伍村3社,65,2026-01-16,01:45,0.0019,0.0005
甘伍村3社,65,2026-01-16,02:00,-0.0,0.0005
甘伍村3社,65,2026-01-16,02:15,0.0003,0.0005
甘伍村3社,65,2026-01-16,02:30,0.0004,0.0005
甘伍村3社,65,2026-01-16,02:45,0.0009,0.0005
甘伍村3社,65,2026-01-16,03:00,0.0013,0.0005
甘伍村3社,65,2026-01-16,03:15,0.0005,0.0005
甘伍村3社,65,2026-01-16,03:30,0.0003,0.0005
甘伍村3社,65,2026-01-16,03:45,0.0002,0.0005
甘伍村3社,65,2026-01-16,04:00,0.0015,0.0005
甘伍村3社,65,2026-01-16,04:15,0.0004,0.0005
甘伍村3社,65,2026-01-16,04:30,0.0002,0.0005
甘伍村3社,65,2026-01-16,04:45,-0.0003,0.0005
甘伍村3社,65,2026-01-16,05:00,0.0012,0.0005
甘伍村3社,65,2026-01-16,05:15,0.0006,0.0005
甘伍村3社,65,2026-01-16,05:30,-0.0001,0.0005
甘伍村3社,65,2026-01-16,05:45,-0.0005,0.0005
甘伍村3社,65,2026-01-16,06:00,0.0004,0.0005
甘伍村3社,65,2026-01-16,06:15,-0.0001,0.0005
甘伍村3社,65,2026-01-16,06:30,-0.0001,0.0005
甘伍村3社,65,2026-01-16,06:45,0.0006,0.0005
甘伍村3社,65,2026-01-16,07:00,-0.0002,0.0005
甘伍村3社,65,2026-01-16,07:15,-0.0012,0.0005
甘伍村3社,65,2026-01-16,07:30,0.0009,0.0005
甘伍村3社,65,2026-01-16,07:45,0.0015,0.0005
甘伍村3社,65,2026-01-16,08:00,0.0016,0.0005
甘伍村3社,65,2026-01-16,08:15,0.0019,0.0005
甘伍村3社,65,2026-01-16,08:30,0.0023,0.0005
甘伍村3社,65,2026-01-16,08:45,0.0019,0.0005
甘伍村3社,65,2026-01-16,09:00,0.0023,0.0005
甘伍村3社,65,2026-01-16,09:15,0.0042,0.0005
甘伍村3社,65,2026-01-16,09:30,0.0029,0.0005
甘伍村3社,65,2026-01-16,09:45,0.0028,0.0729
甘伍村3社,65,2026-01-16,10:00,0.0065,0.0715
甘伍村3社,65,2026-01-16,10:15,0.0079,0.0575
甘伍村3社,65,2026-01-16,10:30,0.0102,0.0733
甘伍村3社,65,2026-01-16,10:45,0.0108,0.0753
甘伍村3社,65,2026-01-16,11:00,0.0087,0.076
甘伍村3社,65,2026-01-16,11:15,0.011,0.0758
甘伍村3社,65,2026-01-16,11:30,0.0108,0.0005
甘伍村3社,65,2026-01-16,11:45,0.0106,0.0006
甘伍村3社,65,2026-01-16,12:00,0.0067,0.0005
甘伍村3社,65,2026-01-16,12:15,0.0069,0.0006
甘伍村3社,65,2026-01-16,12:30,0.0074,0.0005
甘伍村3社,65,2026-01-16,12:45,0.0064,0.0005
甘伍村3社,65,2026-01-16,13:00,0.0023,0.0005
甘伍村3社,65,2026-01-16,13:15,0.0026,0.0005
甘伍村3社,65,2026-01-16,13:30,0.0044,0.0005
甘伍村3社,65,2026-01-16,13:45,0.0028,0.0005
甘伍村3社,65,2026-01-16,14:00,0.0024,0.0005
甘伍村3社,65,2026-01-16,14:15,0.0041,0.0005
甘伍村3社,65,2026-01-16,14:30,0.0023,0.0005
甘伍村3社,65,2026-01-16,14:45,0.002,0.0005
甘伍村3社,65,2026-01-16,15:00,0.0016,0.0005
甘伍村3社,65,2026-01-16,15:15,0.0023,0.0005
甘伍村3社,65,2026-01-16,15:30,0.0005,0.0005
甘伍村3社,65,2026-01-16,15:45,0.0019,0.0005
甘伍村3社,65,2026-01-16,16:00,0.0021,0.0005
甘伍村3社,65,2026-01-16,16:15,0.0006,0.0005
甘伍村3社,65,2026-01-16,16:30,-0.0012,0.0005
甘伍村3社,65,2026-01-16,16:45,0.002,0.0005
甘伍村3社,65,2026-01-16,17:00,0.0022,0.0005
甘伍村3社,65,2026-01-16,17:15,0.0005,0.0005
甘伍村3社,65,2026-01-16,17:30,0.0015,0.0005
甘伍村3社,65,2026-01-16,17:45,0.0016,0.0005
甘伍村3社,65,2026-01-16,18:00,0.0011,0.0005
甘伍村3社,65,2026-01-16,18:15,0.0007,0.0005
甘伍村3社,65,2026-01-16,18:30,-0.0,0.0005
甘伍村3社,65,2026-01-16,18:45,0.0002,0.0005
甘伍村3社,65,2026-01-16,19:00,0.0003,0.0005
甘伍村3社,65,2026-01-16,19:15,0.0017,0.0005
甘伍村3社,65,2026-01-16,19:30,-0.0004,0.0005
甘伍村3社,65,2026-01-16,19:45,0.0003,0.0005
甘伍村3社,65,2026-01-16,20:00,-0.0006,0.0005
甘伍村3社,65,2026-01-16,20:15,0.0017,0.0005
甘伍村3社,65,2026-01-16,20:30,0.001,0.0005
甘伍村3社,65,2026-01-16,20:45,0.0008,0.0005
甘伍村3社,65,2026-01-16,21:00,-0.0002,0.0005
甘伍村3社,65,2026-01-16,21:15,0.0002,0.0005
甘伍村3社,65,2026-01-16,21:30,0.0007,0.0005
甘伍村3社,65,2026-01-16,21:45,-0.0,0.0005
甘伍村3社,65,2026-01-16,22:00,0.001,0.0005
甘伍村3社,65,2026-01-16,22:15,-0.0003,0.0005
甘伍村3社,65,2026-01-16,22:30,0.0018,0.0005
甘伍村3社,65,2026-01-16,22:45,0.0014,0.0005
甘伍村3社,65,2026-01-16,23:00,-0.0002,0.0005
甘伍村3社,65,2026-01-16,23:15,0.0011,0.0005
甘伍村3社,65,2026-01-16,23:30,0.0005,0.0005
甘伍村3社,65,2026-01-16,23:45,0.0006,0.0005
甘伍村3社,65,2026-01-17,00:00,0.0008,0.0005
甘伍村3社,65,2026-01-17,00:15,0.0008,0.0005
甘伍村3社,65,2026-01-17,00:30,0.0003,0.0005
甘伍村3社,65,2026-01-17,00:45,0.0012,0.0005
甘伍村3社,65,2026-01-17,01:00,0.0006,0.0005
甘伍村3社,65,2026-01-17,01:15,0.001,0.0005
甘伍村3社,65,2026-01-17,01:30,0.0005,0.0005
甘伍村3社,65,2026-01-17,01:45,0.0004,0.0005
甘伍村3社,65,2026-01-17,02:00,0.0005,0.0005
甘伍村3社,65,2026-01-17,02:15,0.0013,0.0005
甘伍村3社,65,2026-01-17,02:30,0.0008,0.0005
甘伍村3社,65,2026-01-17,02:45,0.0014,0.0005
甘伍村3社,65,2026-01-17,03:00,0.0007,0.0005
甘伍村3社,65,2026-01-17,03:15,0.0012,0.0005
甘伍村3社,65,2026-01-17,03:30,0.0008,0.0005
甘伍村3社,65,2026-01-17,03:45,0.0009,0.0005
甘伍村3社,65,2026-01-17,04:00,0.0005,0.0005
甘伍村3社,65,2026-01-17,04:15,0.0008,0.0005
甘伍村3社,65,2026-01-17,04:30,-0.0002,0.0005
甘伍村3社,65,2026-01-17,04:45,0.0003,0.0005
甘伍村3社,65,2026-01-17,05:00,0.0001,0.0005
甘伍村3社,65,2026-01-17,05:15,-0.0,0.0005
甘伍村3社,65,2026-01-17,05:30,0.0004,0.0005
甘伍村3社,65,2026-01-17,05:45,0.0005,0.0005
甘伍村3社,65,2026-01-17,06:00,0.0005,0.0005
甘伍村3社,65,2026-01-17,06:15,0.001,0.0005
甘伍村3社,65,2026-01-17,06:30,0.0002,0.0005
甘伍村3社,65,2026-01-17,06:45,0.0003,0.0005
甘伍村3社,65,2026-01-17,07:00,0.0007,0.0005
甘伍村3社,65,2026-01-17,07:15,0.0007,0.0005
甘伍村3社,65,2026-01-17,07:30,0.0027,0.0005
甘伍村3社,65,2026-01-17,07:45,0.0,0.0005
甘伍村3社,65,2026-01-17,08:00,0.0008,0.0005
甘伍村3社,65,2026-01-17,08:15,0.0006,0.0005
甘伍村3社,65,2026-01-17,08:30,0.0004,0.0005
甘伍村3社,65,2026-01-17,08:45,0.0015,0.0005
甘伍村3社,65,2026-01-17,09:00,0.0036,0.0005
甘伍村3社,65,2026-01-17,09:15,0.003,0.0005
甘伍村3社,65,2026-01-17,09:30,0.0024,0.0005
甘伍村3社,65,2026-01-17,09:45,0.0029,0.0005
甘伍村3社,65,2026-01-17,10:00,0.0072,0.0005
甘伍村3社,65,2026-01-17,10:15,0.0081,0.0005
甘伍村3社,65,2026-01-17,10:30,0.0085,0.0005
甘伍村3社,65,2026-01-17,10:45,0.0104,0.0005
甘伍村3社,65,2026-01-17,11:00,0.009,0.0005
甘伍村3社,65,2026-01-17,11:15,0.0127,0.0005
甘伍村3社,65,2026-01-17,11:30,0.0109,0.0005
甘伍村3社,65,2026-01-17,11:45,0.0101,0.021
甘伍村3社,65,2026-01-17,12:00,0.008,0.0006
甘伍村3社,65,2026-01-17,12:15,0.0065,0.0006
甘伍村3社,65,2026-01-17,12:30,0.0064,0.0152
甘伍村3社,65,2026-01-17,12:45,0.0061,0.0249
甘伍村3社,65,2026-01-17,13:00,0.0023,0.0005
甘伍村3社,65,2026-01-17,13:15,0.0036,0.0005
甘伍村3社,65,2026-01-17,13:30,0.003,0.0169
甘伍村3社,65,2026-01-17,13:45,0.0041,0.016
甘伍村3社,65,2026-01-17,14:00,0.0046,0.0006
甘伍村3社,65,2026-01-17,14:15,0.0034,0.0006
甘伍村3社,65,2026-01-17,14:30,0.0024,0.0006
甘伍村3社,65,2026-01-17,14:45,0.002,0.0005
甘伍村3社,65,2026-01-17,15:00,0.0009,0.0006
甘伍村3社,65,2026-01-17,15:15,0.0027,0.0005
甘伍村3社,65,2026-01-17,15:30,0.0,0.0005
甘伍村3社,65,2026-01-17,15:45,0.0026,0.0005
甘伍村3社,65,2026-01-17,16:00,0.0014,0.0005
甘伍村3社,65,2026-01-17,16:15,0.0014,0.0005
甘伍村3社,65,2026-01-17,16:30,0.0014,0.0005
甘伍村3社,65,2026-01-17,16:45,0.0013,0.0005
甘伍村3社,65,2026-01-17,17:00,0.0027,0.0005
甘伍村3社,65,2026-01-17,17:15,0.0005,0.0005
甘伍村3社,65,2026-01-17,17:30,0.0005,0.0005
甘伍村3社,65,2026-01-17,17:45,0.0007,0.0005
甘伍村3社,65,2026-01-17,18:00,0.0021,0.0005
甘伍村3社,65,2026-01-17,18:15,0.0001,0.0005
甘伍村3社,65,2026-01-17,18:30,-0.0001,0.0005
甘伍村3社,65,2026-01-17,18:45,-0.0007,0.0005
甘伍村3社,65,2026-01-17,19:00,-0.0002,0.0005
甘伍村3社,65,2026-01-17,19:15,0.001,0.0005
甘伍村3社,65,2026-01-17,19:30,0.0002,0.0005
甘伍村3社,65,2026-01-17,19:45,-0.0002,0.0006
甘伍村3社,65,2026-01-17,20:00,0.0024,0.0005
甘伍村3社,65,2026-01-17,20:15,0.0005,0.0005
甘伍村3社,65,2026-01-17,20:30,0.0004,0.0005
甘伍村3社,65,2026-01-17,20:45,0.001,0.0005
甘伍村3社,65,2026-01-17,21:00,0.0011,0.0006
甘伍村3社,65,2026-01-17,21:15,-0.001,0.0005
甘伍村3社,65,2026-01-17,21:30,0.0007,0.0005
甘伍村3社,65,2026-01-17,21:45,0.001,0.0005
甘伍村3社,65,2026-01-17,22:00,0.0005,0.0006
甘伍村3社,65,2026-01-17,22:15,0.0005,0.0005
甘伍村3社,65,2026-01-17,22:30,0.0008,0.0005
甘伍村3社,65,2026-01-17,22:45,0.0018,0.0005
甘伍村3社,65,2026-01-17,23:00,0.0013,0.0005
甘伍村3社,65,2026-01-17,23:15,0.0006,0.0005
甘伍村3社,65,2026-01-17,23:30,0.0008,0.0005
甘伍村3社,65,2026-01-17,23:45,-0.0003,0.0005
甘伍村3社,65,2026-01-18,00:00,0.0008,0.0005
甘伍村3社,65,2026-01-18,00:15,0.001,0.0005
甘伍村3社,65,2026-01-18,00:30,0.0013,0.0005
甘伍村3社,65,2026-01-18,00:45,0.0005,0.0005
甘伍村3社,65,2026-01-18,01:00,0.0006,0.0005
甘伍村3社,65,2026-01-18,01:15,0.0008,0.0005
甘伍村3社,65,2026-01-18,01:30,-0.0002,0.0005
甘伍村3社,65,2026-01-18,01:45,0.0003,0.0005
甘伍村3社,65,2026-01-18,02:00,0.0006,0.0005
甘伍村3社,65,2026-01-18,02:15,0.0022,0.0005
甘伍村3社,65,2026-01-18,02:30,0.0009,0.0005
甘伍村3社,65,2026-01-18,02:45,0.0006,0.0005
甘伍村3社,65,2026-01-18,03:00,0.0013,0.0005
甘伍村3社,65,2026-01-18,03:15,0.0006,0.0005
甘伍村3社,65,2026-01-18,03:30,0.0001,0.0005
甘伍村3社,65,2026-01-18,03:45,0.0015,0.0005
甘伍村3社,65,2026-01-18,04:00,0.0007,0.0005
甘伍村3社,65,2026-01-18,04:15,0.0019,0.0005
甘伍村3社,65,2026-01-18,04:30,0.002,0.0005
甘伍村3社,65,2026-01-18,04:45,-0.0005,0.0005
甘伍村3社,65,2026-01-18,05:00,0.0006,0.0005
甘伍村3社,65,2026-01-18,05:15,0.0016,0.0005
甘伍村3社,65,2026-01-18,05:30,0.0001,0.0005
甘伍村3社,65,2026-01-18,05:45,-0.0004,0.0005
甘伍村3社,65,2026-01-18,06:00,0.0002,0.0005
甘伍村3社,65,2026-01-18,06:15,0.0021,0.0006
甘伍村3社,65,2026-01-18,06:30,-0.0005,0.0005
甘伍村3社,65,2026-01-18,06:45,0.0012,0.0005
甘伍村3社,65,2026-01-18,07:00,-0.0001,0.0005
甘伍村3社,65,2026-01-18,07:15,0.0005,0.0005
甘伍村3社,65,2026-01-18,07:30,0.0021,0.0005
甘伍村3社,65,2026-01-18,07:45,0.0014,0.0005
甘伍村3社,65,2026-01-18,08:00,0.0013,0.0005
甘伍村3社,65,2026-01-18,08:15,0.0011,0.0005
甘伍村3社,65,2026-01-18,08:30,0.0023,0.0005
甘伍村3社,65,2026-01-18,08:45,0.0005,0.0006
甘伍村3社,65,2026-01-18,09:00,0.0044,0.0005
甘伍村3社,65,2026-01-18,09:15,0.0049,0.0005
甘伍村3社,65,2026-01-18,09:30,0.0033,0.0005
甘伍村3社,65,2026-01-18,09:45,0.0045,0.0005
甘伍村3社,65,2026-01-18,10:00,0.005,0.0005
甘伍村3社,65,2026-01-18,10:15,0.0077,0.0005
甘伍村3社,65,2026-01-18,10:30,0.0097,0.0005
甘伍村3社,65,2026-01-18,10:45,0.0109,0.0005
甘伍村3社,65,2026-01-18,11:00,0.0101,0.0005
甘伍村3社,65,2026-01-18,11:15,0.0116,0.0005
甘伍村3社,65,2026-01-18,11:30,0.0121,0.0005
甘伍村3社,65,2026-01-18,11:45,0.0101,0.0005
甘伍村3社,65,2026-01-18,12:00,0.0084,0.0005
甘伍村3社,65,2026-01-18,12:15,0.0057,0.0005
甘伍村3社,65,2026-01-18,12:30,0.0064,0.0005
甘伍村3社,65,2026-01-18,12:45,0.0067,0.0005
甘伍村3社,65,2026-01-18,13:00,0.0039,0.0005
甘伍村3社,65,2026-01-18,13:15,0.0032,0.0005
甘伍村3社,65,2026-01-18,13:30,0.003,0.0005
甘伍村3社,65,2026-01-18,13:45,0.0041,0.0005
甘伍村3社,65,2026-01-18,14:00,0.0025,0.0005
甘伍村3社,65,2026-01-18,14:15,0.0034,0.0005
甘伍村3社,65,2026-01-18,14:30,0.0025,0.0005
甘伍村3社,65,2026-01-18,14:45,0.0018,0.0005
甘伍村3社,65,2026-01-18,15:00,0.0014,0.0005
甘伍村3社,65,2026-01-18,15:15,0.0013,0.0005
甘伍村3社,65,2026-01-18,15:30,0.0015,0.0005
甘伍村3社,65,2026-01-18,15:45,0.0007,0.0005
甘伍村3社,65,2026-01-18,16:00,0.002,0.0005
甘伍村3社,65,2026-01-18,16:15,0.0008,0.0005
甘伍村3社,65,2026-01-18,16:30,0.0026,0.0005
甘伍村3社,65,2026-01-18,16:45,0.0017,0.0005
甘伍村3社,65,2026-01-18,17:00,0.003,0.0005
甘伍村3社,65,2026-01-18,17:15,0.002,0.0005
甘伍村3社,65,2026-01-18,17:30,0.0013,0.0005
甘伍村3社,65,2026-01-18,17:45,0.0012,0.0005
甘伍村3社,65,2026-01-18,18:00,0.003,0.0005
甘伍村3社,65,2026-01-18,18:15,0.0018,0.0005
甘伍村3社,65,2026-01-18,18:30,0.0004,0.0005
甘伍村3社,65,2026-01-18,18:45,0.0018,0.0005
甘伍村3社,65,2026-01-18,19:00,0.0004,0.0005
甘伍村3社,65,2026-01-18,19:15,0.0002,0.0005
甘伍村3社,65,2026-01-18,19:30,0.0026,0.0005
甘伍村3社,65,2026-01-18,19:45,0.0012,0.0005
甘伍村3社,65,2026-01-18,20:00,0.0009,0.0005
甘伍村3社,65,2026-01-18,20:15,0.0021,0.0005
甘伍村3社,65,2026-01-18,20:30,0.0001,0.0005
甘伍村3社,65,2026-01-18,20:45,-0.0001,0.0005
甘伍村3社,65,2026-01-18,21:00,0.0003,0.0005
甘伍村3社,65,2026-01-18,21:15,0.0023,0.0005
甘伍村3社,65,2026-01-18,21:30,0.0008,0.0005
甘伍村3社,65,2026-01-18,21:45,0.0009,0.0005
甘伍村3社,65,2026-01-18,22:00,0.0002,0.0005
甘伍村3社,65,2026-01-18,22:15,-0.0001,0.0005
甘伍村3社,65,2026-01-18,22:30,0.0013,0.0005
甘伍村3社,65,2026-01-18,22:45,0.0015,0.0005
甘伍村3社,65,2026-01-18,23:00,0.0,0.0005
甘伍村3社,65,2026-01-18,23:15,0.0013,0.0005
甘伍村3社,65,2026-01-18,23:30,0.0001,0.0005
甘伍村3社,65,2026-01-18,23:45,0.0004,0.0005
