district,sample_idx,date,time_point,predicted_pf,true_pf
幸福村1社,0,2026-01-16,00:00,0.7967,0.721
幸福村1社,0,2026-01-16,00:15,0.7843,0.649
幸福村1社,0,2026-01-16,00:30,0.7967,0.685
幸福村1社,0,2026-01-16,00:45,0.763,0.678
幸福村1社,0,2026-01-16,01:00,0.7743,0.629
幸福村1社,0,2026-01-16,01:15,0.7628,0.626
幸福村1社,0,2026-01-16,01:30,0.7591,0.627
幸福村1社,0,2026-01-16,01:45,0.7336,0.648
幸福村1社,0,2026-01-16,02:00,0.752,0.702
幸福村1社,0,2026-01-16,02:15,0.7438,0.702
幸福村1社,0,2026-01-16,02:30,0.7417,0.666
幸福村1社,0,2026-01-16,02:45,0.7384,0.699
幸福村1社,0,2026-01-16,03:00,0.728,0.673
幸福村1社,0,2026-01-16,03:15,0.7473,0.644
幸福村1社,0,2026-01-16,03:30,0.7306,0.634
幸福村1社,0,2026-01-16,03:45,0.7458,0.657
幸福村1社,0,2026-01-16,04:00,0.7225,0.65
幸福村1社,0,2026-01-16,04:15,0.7375,0.649
幸福村1社,0,2026-01-16,04:30,0.7288,0.65
幸福村1社,0,2026-01-16,04:45,0.7179,0.626
幸福村1社,0,2026-01-16,05:00,0.7371,0.625
幸福村1社,0,2026-01-16,05:15,0.7286,0.607
幸福村1社,0,2026-01-16,05:30,0.7133,0.621
幸福村1社,0,2026-01-16,05:45,0.7181,0.617
幸福村1社,0,2026-01-16,06:00,0.728,0.592
幸福村1社,0,2026-01-16,06:15,0.7415,0.567
幸福村1社,0,2026-01-16,06:30,0.7507,0.656
幸福村1社,0,2026-01-16,06:45,0.7527,0.701
幸福村1社,0,2026-01-16,07:00,0.7786,0.603
幸福村1社,0,2026-01-16,07:15,0.7927,0.657
幸福村1社,0,2026-01-16,07:30,0.8449,0.65
幸福村1社,0,2026-01-16,07:45,0.8598,0.98
幸福村1社,0,2026-01-16,08:00,0.8511,0.983
幸福村1社,0,2026-01-16,08:15,0.8998,0.927
幸福村1社,0,2026-01-16,08:30,0.9556,0.874
幸福村1社,0,2026-01-16,08:45,0.9567,0.995
幸福村1社,0,2026-01-16,09:00,0.9598,0.997
幸福村1社,0,2026-01-16,09:15,0.9734,0.999
幸福村1社,0,2026-01-16,09:30,0.965,0.999
幸福村1社,0,2026-01-16,09:45,0.9563,0.999
幸福村1社,0,2026-01-16,10:00,0.9529,0.999
幸福村1社,0,2026-01-16,10:15,0.9173,0.988
幸福村1社,0,2026-01-16,10:30,0.9117,0.999
幸福村1社,0,2026-01-16,10:45,0.908,0.995
幸福村1社,0,2026-01-16,11:00,0.8518,0.682
幸福村1社,0,2026-01-16,11:15,0.8679,0.972
幸福村1社,0,2026-01-16,11:30,0.8646,0.954
幸福村1社,0,2026-01-16,11:45,0.8581,0.67
幸福村1社,0,2026-01-16,12:00,0.834,0.646
幸福村1社,0,2026-01-16,12:15,0.8384,0.592
幸福村1社,0,2026-01-16,12:30,0.8305,0.618
幸福村1社,0,2026-01-16,12:45,0.8213,0.643
幸福村1社,0,2026-01-16,13:00,0.8301,0.594
幸福村1社,0,2026-01-16,13:15,0.8219,0.614
幸福村1社,0,2026-01-16,13:30,0.8262,0.667
幸福村1社,0,2026-01-16,13:45,0.852,0.637
幸福村1社,0,2026-01-16,14:00,0.8425,0.573
幸福村1社,0,2026-01-16,14:15,0.8592,0.961
幸福村1社,0,2026-01-16,14:30,0.8544,0.588
幸福村1社,0,2026-01-16,14:45,0.8371,0.961
幸福村1社,0,2026-01-16,15:00,0.8274,0.988
幸福村1社,0,2026-01-16,15:15,0.8618,0.696
幸福村1社,0,2026-01-16,15:30,0.8402,0.556
幸福村1社,0,2026-01-16,15:45,0.8382,0.53
幸福村1社,0,2026-01-16,16:00,0.8582,0.58
幸福村1社,0,2026-01-16,16:15,0.8682,0.709
幸福村1社,0,2026-01-16,16:30,0.895,0.644
幸福村1社,0,2026-01-16,16:45,0.9217,0.961
幸福村1社,0,2026-01-16,17:00,0.9112,0.973
幸福村1社,0,2026-01-16,17:15,0.9385,0.941
幸福村1社,0,2026-01-16,17:30,0.9357,0.99
幸福村1社,0,2026-01-16,17:45,0.9493,0.64
幸福村1社,0,2026-01-16,18:00,0.932,0.997
幸福村1社,0,2026-01-16,18:15,0.9365,0.981
幸福村1社,0,2026-01-16,18:30,0.9399,0.992
幸福村1社,0,2026-01-16,18:45,0.9351,0.996
幸福村1社,0,2026-01-16,19:00,0.9354,0.999
幸福村1社,0,2026-01-16,19:15,0.9391,0.997
幸福村1社,0,2026-01-16,19:30,0.9413,0.999
幸福村1社,0,2026-01-16,19:45,0.9474,0.996
幸福村1社,0,2026-01-16,20:00,0.9412,0.907
幸福村1社,0,2026-01-16,20:15,0.9351,0.925
幸福村1社,0,2026-01-16,20:30,0.9192,0.982
幸福村1社,0,2026-01-16,20:45,0.9258,0.928
幸福村1社,0,2026-01-16,21:00,0.9317,0.823
幸福村1社,0,2026-01-16,21:15,0.9129,0.927
幸福村1社,0,2026-01-16,21:30,0.9153,0.904
幸福村1社,0,2026-01-16,21:45,0.911,0.916
幸福村1社,0,2026-01-16,22:00,0.8816,0.928
幸福村1社,0,2026-01-16,22:15,0.8723,0.926
幸福村1社,0,2026-01-16,22:30,0.8622,0.962
幸福村1社,0,2026-01-16,22:45,0.8564,0.817
幸福村1社,0,2026-01-16,23:00,0.8495,0.843
幸福村1社,0,2026-01-16,23:15,0.8228,0.725
幸福村1社,0,2026-01-16,23:30,0.8325,0.767
幸福村1社,0,2026-01-16,23:45,0.8105,0.734
幸福村1社,0,2026-01-17,00:00,0.7963,0.817
幸福村1社,0,2026-01-17,00:15,0.7781,0.747
幸福村1社,0,2026-01-17,00:30,0.7915,0.724
幸福村1社,0,2026-01-17,00:45,0.7589,0.636
幸福村1社,0,2026-01-17,01:00,0.7619,0.664
幸福村1社,0,2026-01-17,01:15,0.7653,0.705
幸福村1社,0,2026-01-17,01:30,0.7416,0.702
幸福村1社,0,2026-01-17,01:45,0.7391,0.731
幸福村1社,0,2026-01-17,02:00,0.7364,0.628
幸福村1社,0,2026-01-17,02:15,0.759,0.67
幸福村1社,0,2026-01-17,02:30,0.7352,0.605
幸福村1社,0,2026-01-17,02:45,0.749,0.66
幸福村1社,0,2026-01-17,03:00,0.7333,0.604
幸福村1社,0,2026-01-17,03:15,0.7463,0.619
幸福村1社,0,2026-01-17,03:30,0.7252,0.581
幸福村1社,0,2026-01-17,03:45,0.7384,0.628
幸福村1社,0,2026-01-17,04:00,0.7247,0.631
幸福村1社,0,2026-01-17,04:15,0.7293,0.581
幸福村1社,0,2026-01-17,04:30,0.7281,0.698
幸福村1社,0,2026-01-17,04:45,0.718,0.622
幸福村1社,0,2026-01-17,05:00,0.7189,0.636
幸福村1社,0,2026-01-17,05:15,0.7155,0.638
幸福村1社,0,2026-01-17,05:30,0.7156,0.583
幸福村1社,0,2026-01-17,05:45,0.72,0.699
幸福村1社,0,2026-01-17,06:00,0.7074,0.678
幸福村1社,0,2026-01-17,06:15,0.7341,0.679
幸福村1社,0,2026-01-17,06:30,0.7543,0.68
幸福村1社,0,2026-01-17,06:45,0.7606,0.721
幸福村1社,0,2026-01-17,07:00,0.7661,0.684
幸福村1社,0,2026-01-17,07:15,0.7814,0.746
幸福村1社,0,2026-01-17,07:30,0.8362,0.988
幸福村1社,0,2026-01-17,07:45,0.8628,0.929
幸福村1社,0,2026-01-17,08:00,0.8688,0.963
幸福村1社,0,2026-01-17,08:15,0.9108,0.998
幸福村1社,0,2026-01-17,08:30,0.9479,1.0
幸福村1社,0,2026-01-17,08:45,0.9589,0.999
幸福村1社,0,2026-01-17,09:00,0.9596,0.999
幸福村1社,0,2026-01-17,09:15,0.9733,0.999
幸福村1社,0,2026-01-17,09:30,0.9487,0.999
幸福村1社,0,2026-01-17,09:45,0.9657,0.991
幸福村1社,0,2026-01-17,10:00,0.9635,0.993
幸福村1社,0,2026-01-17,10:15,0.9181,0.999
幸福村1社,0,2026-01-17,10:30,0.9096,0.994
幸福村1社,0,2026-01-17,10:45,0.901,0.996
幸福村1社,0,2026-01-17,11:00,0.8347,0.988
幸福村1社,0,2026-01-17,11:15,0.8544,0.859
幸福村1社,0,2026-01-17,11:30,0.8503,0.701
幸福村1社,0,2026-01-17,11:45,0.8238,0.899
幸福村1社,0,2026-01-17,12:00,0.8165,0.761
幸福村1社,0,2026-01-17,12:15,0.8239,0.881
幸福村1社,0,2026-01-17,12:30,0.813,0.967
幸福村1社,0,2026-01-17,12:45,0.7941,0.909
幸福村1社,0,2026-01-17,13:00,0.8034,0.804
幸福村1社,0,2026-01-17,13:15,0.7977,0.674
幸福村1社,0,2026-01-17,13:30,0.8022,0.666
幸福村1社,0,2026-01-17,13:45,0.8247,0.966
幸福村1社,0,2026-01-17,14:00,0.8217,0.699
幸福村1社,0,2026-01-17,14:15,0.8437,0.753
幸福村1社,0,2026-01-17,14:30,0.8429,0.763
幸福村1社,0,2026-01-17,14:45,0.8386,0.699
幸福村1社,0,2026-01-17,15:00,0.8247,0.629
幸福村1社,0,2026-01-17,15:15,0.841,0.655
幸福村1社,0,2026-01-17,15:30,0.8239,0.742
幸福村1社,0,2026-01-17,15:45,0.8306,0.984
幸福村1社,0,2026-01-17,16:00,0.8248,0.99
幸福村1社,0,2026-01-17,16:15,0.8494,0.98
幸福村1社,0,2026-01-17,16:30,0.8567,0.781
幸福村1社,0,2026-01-17,16:45,0.9088,0.994
幸福村1社,0,2026-01-17,17:00,0.9074,0.999
幸福村1社,0,2026-01-17,17:15,0.9216,0.996
幸福村1社,0,2026-01-17,17:30,0.928,0.999
幸福村1社,0,2026-01-17,17:45,0.9349,0.996
幸福村1社,0,2026-01-17,18:00,0.9402,0.999
幸福村1社,0,2026-01-17,18:15,0.9458,0.999
幸福村1社,0,2026-01-17,18:30,0.946,0.994
幸福村1社,0,2026-01-17,18:45,0.9344,0.997
幸福村1社,0,2026-01-17,19:00,0.9152,0.843
幸福村1社,0,2026-01-17,19:15,0.9355,0.989
幸福村1社,0,2026-01-17,19:30,0.9455,0.999
幸福村1社,0,2026-01-17,19:45,0.9242,0.988
幸福村1社,0,2026-01-17,20:00,0.9336,0.991
幸福村1社,0,2026-01-17,20:15,0.9384,0.95
幸福村1社,0,2026-01-17,20:30,0.9248,0.983
幸福村1社,0,2026-01-17,20:45,0.9184,0.893
幸福村1社,0,2026-01-17,21:00,0.9236,0.894
幸福村1社,0,2026-01-17,21:15,0.9047,0.853
幸福村1社,0,2026-01-17,21:30,0.9087,0.963
幸福村1社,0,2026-01-17,21:45,0.8917,0.924
幸福村1社,0,2026-01-17,22:00,0.8836,0.941
幸福村1社,0,2026-01-17,22:15,0.8825,0.948
幸福村1社,0,2026-01-17,22:30,0.867,0.921
幸福村1社,0,2026-01-17,22:45,0.8425,0.793
幸福村1社,0,2026-01-17,23:00,0.8304,0.963
幸福村1社,0,2026-01-17,23:15,0.8203,0.843
幸福村1社,0,2026-01-17,23:30,0.8114,0.897
幸福村1社,0,2026-01-17,23:45,0.7966,0.869
幸福村1社,0,2026-01-18,00:00,0.7848,0.831
幸福村1社,0,2026-01-18,00:15,0.7768,0.892
幸福村1社,0,2026-01-18,00:30,0.7839,0.883
幸福村1社,0,2026-01-18,00:45,0.7501,0.869
幸福村1社,0,2026-01-18,01:00,0.7528,0.934
幸福村1社,0,2026-01-18,01:15,0.7531,0.891
幸福村1社,0,2026-01-18,01:30,0.7488,0.83
幸福村1社,0,2026-01-18,01:45,0.7314,0.924
幸福村1社,0,2026-01-18,02:00,0.7483,0.898
幸福村1社,0,2026-01-18,02:15,0.7397,0.931
幸福村1社,0,2026-01-18,02:30,0.7178,0.902
幸福村1社,0,2026-01-18,02:45,0.7465,0.88
幸福村1社,0,2026-01-18,03:00,0.7286,0.855
幸福村1社,0,2026-01-18,03:15,0.7218,0.867
幸福村1社,0,2026-01-18,03:30,0.7274,0.875
幸福村1社,0,2026-01-18,03:45,0.7352,0.847
幸福村1社,0,2026-01-18,04:00,0.7127,0.845
幸福村1社,0,2026-01-18,04:15,0.7213,0.593
幸福村1社,0,2026-01-18,04:30,0.7233,0.593
幸福村1社,0,2026-01-18,04:45,0.7064,0.566
幸福村1社,0,2026-01-18,05:00,0.7154,0.956
幸福村1社,0,2026-01-18,05:15,0.7062,0.959
幸福村1社,0,2026-01-18,05:30,0.7036,0.643
幸福村1社,0,2026-01-18,05:45,0.709,0.642
幸福村1社,0,2026-01-18,06:00,0.7135,0.588
幸福村1社,0,2026-01-18,06:15,0.7348,0.61
幸福村1社,0,2026-01-18,06:30,0.7366,0.679
幸福村1社,0,2026-01-18,06:45,0.7487,0.613
幸福村1社,0,2026-01-18,07:00,0.7701,0.575
幸福村1社,0,2026-01-18,07:15,0.7822,0.957
幸福村1社,0,2026-01-18,07:30,0.8423,0.631
幸福村1社,0,2026-01-18,07:45,0.852,0.967
幸福村1社,0,2026-01-18,08:00,0.8476,0.685
幸福村1社,0,2026-01-18,08:15,0.9163,0.755
幸福村1社,0,2026-01-18,08:30,0.9393,0.817
幸福村1社,0,2026-01-18,08:45,0.9433,0.967
幸福村1社,0,2026-01-18,09:00,0.9585,0.996
幸福村1社,0,2026-01-18,09:15,0.9697,0.961
幸福村1社,0,2026-01-18,09:30,0.9469,0.964
幸福村1社,0,2026-01-18,09:45,0.9638,0.988
幸福村1社,0,2026-01-18,10:00,0.9517,0.967
幸福村1社,0,2026-01-18,10:15,0.9246,0.97
幸福村1社,0,2026-01-18,10:30,0.8927,0.724
幸福村1社,0,2026-01-18,10:45,0.8971,0.742
幸福村1社,0,2026-01-18,11:00,0.8416,0.969
幸福村1社,0,2026-01-18,11:15,0.8434,0.647
幸福村1社,0,2026-01-18,11:30,0.8308,0.702
幸福村1社,0,2026-01-18,11:45,0.8315,0.695
幸福村1社,0,2026-01-18,12:00,0.8157,0.581
幸福村1社,0,2026-01-18,12:15,0.8033,0.558
幸福村1社,0,2026-01-18,12:30,0.8222,0.572
幸福村1社,0,2026-01-18,12:45,0.801,0.543
幸福村1社,0,2026-01-18,13:00,0.816,0.55
幸福村1社,0,2026-01-18,13:15,0.8252,0.522
幸福村1社,0,2026-01-18,13:30,0.8039,0.605
幸福村1社,0,2026-01-18,13:45,0.8397,0.597
幸福村1社,0,2026-01-18,14:00,0.8337,0.584
幸福村1社,0,2026-01-18,14:15,0.8152,0.609
幸福村1社,0,2026-01-18,14:30,0.8582,0.654
幸福村1社,0,2026-01-18,14:45,0.827,0.629
幸福村1社,0,2026-01-18,15:00,0.8125,0.946
幸福村1社,0,2026-01-18,15:15,0.8586,0.997
幸福村1社,0,2026-01-18,15:30,0.8438,0.895
幸福村1社,0,2026-01-18,15:45,0.8369,0.743
幸福村1社,0,2026-01-18,16:00,0.8438,0.783
幸福村1社,0,2026-01-18,16:15,0.8566,0.974
幸福村1社,0,2026-01-18,16:30,0.8649,0.995
幸福村1社,0,2026-01-18,16:45,0.9114,0.999
幸福村1社,0,2026-01-18,17:00,0.9056,0.987
幸福村1社,0,2026-01-18,17:15,0.9157,0.999
幸福村1社,0,2026-01-18,17:30,0.9325,0.978
幸福村1社,0,2026-01-18,17:45,0.9316,0.998
幸福村1社,0,2026-01-18,18:00,0.9447,0.978
幸福村1社,0,2026-01-18,18:15,0.948,0.768
幸福村1社,0,2026-01-18,18:30,0.9559,0.996
幸福村1社,0,2026-01-18,18:45,0.9436,0.813
幸福村1社,0,2026-01-18,19:00,0.9254,0.809
幸福村1社,0,2026-01-18,19:15,0.9374,0.884
幸福村1社,0,2026-01-18,19:30,0.928,0.863
幸福村1社,0,2026-01-18,19:45,0.9414,0.874
幸福村1社,0,2026-01-18,20:00,0.9375,0.893
幸福村1社,0,2026-01-18,20:15,0.9338,0.926
幸福村1社,0,2026-01-18,20:30,0.9287,0.989
幸福村1社,0,2026-01-18,20:45,0.9242,0.956
幸福村1社,0,2026-01-18,21:00,0.9196,0.981
幸福村1社,0,2026-01-18,21:15,0.9007,0.969
幸福村1社,0,2026-01-18,21:30,0.9019,0.999
幸福村1社,0,2026-01-18,21:45,0.8942,0.997
幸福村1社,0,2026-01-18,22:00,0.8849,0.919
幸福村1社,0,2026-01-18,22:15,0.8846,0.962
幸福村1社,0,2026-01-18,22:30,0.8607,0.99
幸福村1社,0,2026-01-18,22:45,0.8588,0.943
幸福村1社,0,2026-01-18,23:00,0.8394,0.942
幸福村1社,0,2026-01-18,23:15,0.8091,0.977
幸福村1社,0,2026-01-18,23:30,0.82,0.97
幸福村1社,0,2026-01-18,23:45,0.7949,0.861
幸福村1社,1,2026-03-24,00:00,0.7148,0.66
幸福村1社,1,2026-03-24,00:15,0.6935,0.66
幸福村1社,1,2026-03-24,00:30,0.7152,0.611
幸福村1社,1,2026-03-24,00:45,0.6785,0.649
幸福村1社,1,2026-03-24,01:00,0.6794,0.634
幸福村1社,1,2026-03-24,01:15,0.6887,0.624
幸福村1社,1,2026-03-24,01:30,0.6697,0.663
幸福村1社,1,2026-03-24,01:45,0.6732,0.607
幸福村1社,1,2026-03-24,02:00,0.6728,0.596
幸福村1社,1,2026-03-24,02:15,0.6723,0.695
幸福村1社,1,2026-03-24,02:30,0.6623,0.692
幸福村1社,1,2026-03-24,02:45,0.6878,0.641
幸福村1社,1,2026-03-24,03:00,0.6664,0.635
幸福村1社,1,2026-03-24,03:15,0.671,0.661
幸福村1社,1,2026-03-24,03:30,0.662,0.629
幸福村1社,1,2026-03-24,03:45,0.6723,0.609
幸福村1社,1,2026-03-24,04:00,0.6579,0.659
幸福村1社,1,2026-03-24,04:15,0.6629,0.621
幸福村1社,1,2026-03-24,04:30,0.6673,0.621
幸福村1社,1,2026-03-24,04:45,0.6503,0.627
幸福村1社,1,2026-03-24,05:00,0.6577,0.642
幸福村1社,1,2026-03-24,05:15,0.6491,0.644
幸福村1社,1,2026-03-24,05:30,0.6548,0.59
幸福村1社,1,2026-03-24,05:45,0.6428,0.667
幸福村1社,1,2026-03-24,06:00,0.6535,0.656
幸福村1社,1,2026-03-24,06:15,0.6704,0.629
幸福村1社,1,2026-03-24,06:30,0.7163,0.667
幸福村1社,1,2026-03-24,06:45,0.727,0.983
幸福村1社,1,2026-03-24,07:00,0.7616,0.659
幸福村1社,1,2026-03-24,07:15,0.7835,0.966
幸福村1社,1,2026-03-24,07:30,0.8088,0.706
幸福村1社,1,2026-03-24,07:45,0.8387,0.923
幸福村1社,1,2026-03-24,08:00,0.8413,0.988
幸福村1社,1,2026-03-24,08:15,0.8821,0.99
幸福村1社,1,2026-03-24,08:30,0.9329,0.98
幸福村1社,1,2026-03-24,08:45,0.9484,0.981
幸福村1社,1,2026-03-24,09:00,0.9444,0.795
幸福村1社,1,2026-03-24,09:15,0.938,0.723
幸福村1社,1,2026-03-24,09:30,0.9109,0.764
幸福村1社,1,2026-03-24,09:45,0.9026,0.997
幸福村1社,1,2026-03-24,10:00,0.8912,0.997
幸福村1社,1,2026-03-24,10:15,0.8714,0.973
幸福村1社,1,2026-03-24,10:30,0.8523,0.997
幸福村1社,1,2026-03-24,10:45,0.8642,0.721
幸福村1社,1,2026-03-24,11:00,0.8143,0.789
幸福村1社,1,2026-03-24,11:15,0.8107,0.925
幸福村1社,1,2026-03-24,11:30,0.8091,0.945
幸福村1社,1,2026-03-24,11:45,0.8019,0.651
幸福村1社,1,2026-03-24,12:00,0.787,0.762
幸福村1社,1,2026-03-24,12:15,0.7779,0.724
幸福村1社,1,2026-03-24,12:30,0.7999,0.637
幸福村1社,1,2026-03-24,12:45,0.7788,0.617
幸福村1社,1,2026-03-24,13:00,0.7866,0.846
幸福村1社,1,2026-03-24,13:15,0.7972,0.72
幸福村1社,1,2026-03-24,13:30,0.796,0.669
幸福村1社,1,2026-03-24,13:45,0.7988,0.831
幸福村1社,1,2026-03-24,14:00,0.7896,0.722
幸福村1社,1,2026-03-24,14:15,0.7872,0.82
幸福村1社,1,2026-03-24,14:30,0.8087,0.67
幸福村1社,1,2026-03-24,14:45,0.7934,0.71
幸福村1社,1,2026-03-24,15:00,0.7846,0.878
幸福村1社,1,2026-03-24,15:15,0.7991,0.861
幸福村1社,1,2026-03-24,15:30,0.7909,0.9
幸福村1社,1,2026-03-24,15:45,0.7788,0.762
幸福村1社,1,2026-03-24,16:00,0.7992,0.791
幸福村1社,1,2026-03-24,16:15,0.8138,0.963
幸福村1社,1,2026-03-24,16:30,0.8496,0.763
幸福村1社,1,2026-03-24,16:45,0.8842,0.955
幸福村1社,1,2026-03-24,17:00,0.8578,0.975
幸福村1社,1,2026-03-24,17:15,0.8807,0.85
幸福村1社,1,2026-03-24,17:30,0.879,0.668
幸福村1社,1,2026-03-24,17:45,0.8925,0.729
幸福村1社,1,2026-03-24,18:00,0.8953,0.74
幸福村1社,1,2026-03-24,18:15,0.9075,0.912
幸福村1社,1,2026-03-24,18:30,0.889,0.998
幸福村1社,1,2026-03-24,18:45,0.8812,0.862
幸福村1社,1,2026-03-24,19:00,0.8786,0.939
幸福村1社,1,2026-03-24,19:15,0.9057,0.979
幸福村1社,1,2026-03-24,19:30,0.9035,0.95
幸福村1社,1,2026-03-24,19:45,0.9104,0.877
幸福村1社,1,2026-03-24,20:00,0.8995,0.957
幸福村1社,1,2026-03-24,20:15,0.9042,0.987
幸福村1社,1,2026-03-24,20:30,0.884,0.945
幸福村1社,1,2026-03-24,20:45,0.8716,0.988
幸福村1社,1,2026-03-24,21:00,0.8685,0.996
幸福村1社,1,2026-03-24,21:15,0.858,0.829
幸福村1社,1,2026-03-24,21:30,0.8548,0.764
幸福村1社,1,2026-03-24,21:45,0.8308,0.887
幸福村1社,1,2026-03-24,22:00,0.8143,0.789
幸福村1社,1,2026-03-24,22:15,0.8114,0.833
幸福村1社,1,2026-03-24,22:30,0.7911,0.851
幸福村1社,1,2026-03-24,22:45,0.7751,0.734
幸福村1社,1,2026-03-24,23:00,0.7647,0.757
幸福村1社,1,2026-03-24,23:15,0.751,0.79
幸福村1社,1,2026-03-24,23:30,0.7501,0.865
幸福村1社,1,2026-03-24,23:45,0.736,0.809
幸福村1社,1,2026-03-25,00:00,0.7268,0.75
幸福村1社,1,2026-03-25,00:15,0.7158,0.808
幸福村1社,1,2026-03-25,00:30,0.7177,0.699
幸福村1社,1,2026-03-25,00:45,0.7061,0.81
幸福村1社,1,2026-03-25,01:00,0.7033,0.759
幸福村1社,1,2026-03-25,01:15,0.6972,0.931
幸福村1社,1,2026-03-25,01:30,0.6806,0.758
幸福村1社,1,2026-03-25,01:45,0.6688,0.666
幸福村1社,1,2026-03-25,02:00,0.6709,0.688
幸福村1社,1,2026-03-25,02:15,0.6861,0.777
幸福村1社,1,2026-03-25,02:30,0.6772,0.842
幸福村1社,1,2026-03-25,02:45,0.6828,0.673
幸福村1社,1,2026-03-25,03:00,0.6819,0.711
幸福村1社,1,2026-03-25,03:15,0.6789,0.73
幸福村1社,1,2026-03-25,03:30,0.6692,0.756
幸福村1社,1,2026-03-25,03:45,0.6777,0.749
幸福村1社,1,2026-03-25,04:00,0.6672,0.684
幸福村1社,1,2026-03-25,04:15,0.677,0.702
幸福村1社,1,2026-03-25,04:30,0.6623,0.686
幸福村1社,1,2026-03-25,04:45,0.6598,0.764
幸福村1社,1,2026-03-25,05:00,0.6654,0.685
幸福村1社,1,2026-03-25,05:15,0.6456,0.655
幸福村1社,1,2026-03-25,05:30,0.6598,0.791
幸福村1社,1,2026-03-25,05:45,0.662,0.792
幸福村1社,1,2026-03-25,06:00,0.6672,0.751
幸福村1社,1,2026-03-25,06:15,0.6585,0.624
幸福村1社,1,2026-03-25,06:30,0.7197,0.811
幸福村1社,1,2026-03-25,06:45,0.7444,0.716
幸福村1社,1,2026-03-25,07:00,0.755,0.961
幸福村1社,1,2026-03-25,07:15,0.7701,0.99
幸福村1社,1,2026-03-25,07:30,0.8177,0.76
幸福村1社,1,2026-03-25,07:45,0.8632,0.997
幸福村1社,1,2026-03-25,08:00,0.8423,0.891
幸福村1社,1,2026-03-25,08:15,0.9046,0.942
幸福村1社,1,2026-03-25,08:30,0.947,0.983
幸福村1社,1,2026-03-25,08:45,0.9469,0.998
幸福村1社,1,2026-03-25,09:00,0.9459,0.996
幸福村1社,1,2026-03-25,09:15,0.9319,0.991
幸福村1社,1,2026-03-25,09:30,0.9174,0.762
幸福村1社,1,2026-03-25,09:45,0.9208,0.695
幸福村1社,1,2026-03-25,10:00,0.8988,0.767
幸福村1社,1,2026-03-25,10:15,0.8454,0.828
幸福村1社,1,2026-03-25,10:30,0.8319,0.978
幸福村1社,1,2026-03-25,10:45,0.8589,0.704
幸福村1社,1,2026-03-25,11:00,0.7686,0.679
幸福村1社,1,2026-03-25,11:15,0.792,0.599
幸福村1社,1,2026-03-25,11:30,0.7918,0.611
幸福村1社,1,2026-03-25,11:45,0.7745,0.63
幸福村1社,1,2026-03-25,12:00,0.7835,0.586
幸福村1社,1,2026-03-25,12:15,0.7684,0.613
幸福村1社,1,2026-03-25,12:30,0.7746,0.641
幸福村1社,1,2026-03-25,12:45,0.7779,0.587
幸福村1社,1,2026-03-25,13:00,0.7521,0.622
幸福村1社,1,2026-03-25,13:15,0.7479,0.871
幸福村1社,1,2026-03-25,13:30,0.7526,0.568
幸福村1社,1,2026-03-25,13:45,0.7782,0.575
幸福村1社,1,2026-03-25,14:00,0.7647,0.7
幸福村1社,1,2026-03-25,14:15,0.7757,0.711
幸福村1社,1,2026-03-25,14:30,0.8045,0.759
幸福村1社,1,2026-03-25,14:45,0.7993,0.681
幸福村1社,1,2026-03-25,15:00,0.7828,0.639
幸福村1社,1,2026-03-25,15:15,0.7853,0.768
幸福村1社,1,2026-03-25,15:30,0.7689,0.688
幸福村1社,1,2026-03-25,15:45,0.7733,0.711
幸福村1社,1,2026-03-25,16:00,0.7685,0.986
幸福村1社,1,2026-03-25,16:15,0.7908,0.779
幸福村1社,1,2026-03-25,16:30,0.8251,0.736
幸福村1社,1,2026-03-25,16:45,0.8416,0.991
幸福村1社,1,2026-03-25,17:00,0.86,0.999
幸福村1社,1,2026-03-25,17:15,0.8747,0.995
幸福村1社,1,2026-03-25,17:30,0.9003,0.997
幸福村1社,1,2026-03-25,17:45,0.8895,0.995
幸福村1社,1,2026-03-25,18:00,0.886,0.999
幸福村1社,1,2026-03-25,18:15,0.8981,0.953
幸福村1社,1,2026-03-25,18:30,0.8823,0.992
幸福村1社,1,2026-03-25,18:45,0.8804,0.934
幸福村1社,1,2026-03-25,19:00,0.8608,0.952
幸福村1社,1,2026-03-25,19:15,0.9057,0.769
幸福村1社,1,2026-03-25,19:30,0.9091,0.772
幸福村1社,1,2026-03-25,19:45,0.8834,0.832
幸福村1社,1,2026-03-25,20:00,0.888,0.755
幸福村1社,1,2026-03-25,20:15,0.9008,0.865
幸福村1社,1,2026-03-25,20:30,0.8772,0.807
幸福村1社,1,2026-03-25,20:45,0.8653,0.765
幸福村1社,1,2026-03-25,21:00,0.8682,0.781
幸福村1社,1,2026-03-25,21:15,0.8603,0.745
幸福村1社,1,2026-03-25,21:30,0.8427,0.772
幸福村1社,1,2026-03-25,21:45,0.8393,0.741
幸福村1社,1,2026-03-25,22:00,0.8178,0.85
幸福村1社,1,2026-03-25,22:15,0.7964,0.804
幸福村1社,1,2026-03-25,22:30,0.7928,0.666
幸福村1社,1,2026-03-25,22:45,0.7766,0.684
幸福村1社,1,2026-03-25,23:00,0.7658,0.63
幸福村1社,1,2026-03-25,23:15,0.7599,0.614
幸福村1社,1,2026-03-25,23:30,0.748,0.635
幸福村1社,1,2026-03-25,23:45,0.7273,0.64
幸福村1社,1,2026-03-26,00:00,0.7265,0.615
幸福村1社,1,2026-03-26,00:15,0.7179,0.58
幸福村1社,1,2026-03-26,00:30,0.7195,0.648
幸福村1社,1,2026-03-26,00:45,0.7038,0.62
幸福村1社,1,2026-03-26,01:00,0.7015,0.649
幸福村1社,1,2026-03-26,01:15,0.7018,0.66
幸福村1社,1,2026-03-26,01:30,0.682,0.605
幸福村1社,1,2026-03-26,01:45,0.6765,0.629
幸福村1社,1,2026-03-26,02:00,0.6795,0.619
幸福村1社,1,2026-03-26,02:15,0.6783,0.627
幸福村1社,1,2026-03-26,02:30,0.6665,0.588
幸福村1社,1,2026-03-26,02:45,0.6819,0.64
幸福村1社,1,2026-03-26,03:00,0.6711,0.609
幸福村1社,1,2026-03-26,03:15,0.6642,0.606
幸福村1社,1,2026-03-26,03:30,0.674,0.629
幸福村1社,1,2026-03-26,03:45,0.6784,0.582
幸福村1社,1,2026-03-26,04:00,0.667,0.605
幸福村1社,1,2026-03-26,04:15,0.6725,0.604
幸福村1社,1,2026-03-26,04:30,0.6737,0.608
幸福村1社,1,2026-03-26,04:45,0.6639,0.624
幸福村1社,1,2026-03-26,05:00,0.6584,0.619
幸福村1社,1,2026-03-26,05:15,0.6651,0.603
幸福村1社,1,2026-03-26,05:30,0.6622,0.613
幸福村1社,1,2026-03-26,05:45,0.6666,0.621
幸福村1社,1,2026-03-26,06:00,0.6729,0.595
幸福村1社,1,2026-03-26,06:15,0.6808,0.631
幸福村1社,1,2026-03-26,06:30,0.7207,0.941
幸福村1社,1,2026-03-26,06:45,0.7308,0.625
幸福村1社,1,2026-03-26,07:00,0.7684,0.939
幸福村1社,1,2026-03-26,07:15,0.7888,0.909
幸福村1社,1,2026-03-26,07:30,0.8421,0.935
幸福村1社,1,2026-03-26,07:45,0.8495,0.72
幸福村1社,1,2026-03-26,08:00,0.8509,0.691
幸福村1社,1,2026-03-26,08:15,0.913,0.668
幸福村1社,1,2026-03-26,08:30,0.9318,0.92
幸福村1社,1,2026-03-26,08:45,0.9414,0.908
幸福村1社,1,2026-03-26,09:00,0.9436,0.993
幸福村1社,1,2026-03-26,09:15,0.9378,0.956
幸福村1社,1,2026-03-26,09:30,0.9366,0.951
幸福村1社,1,2026-03-26,09:45,0.9326,0.919
幸福村1社,1,2026-03-26,10:00,0.9027,0.859
幸福村1社,1,2026-03-26,10:15,0.8641,0.995
幸福村1社,1,2026-03-26,10:30,0.8381,0.885
幸福村1社,1,2026-03-26,10:45,0.8577,0.792
幸福村1社,1,2026-03-26,11:00,0.7979,0.958
幸福村1社,1,2026-03-26,11:15,0.8018,0.959
幸福村1社,1,2026-03-26,11:30,0.7726,0.922
幸福村1社,1,2026-03-26,11:45,0.7852,0.704
幸福村1社,1,2026-03-26,12:00,0.7811,0.708
幸福村1社,1,2026-03-26,12:15,0.7606,0.682
幸福村1社,1,2026-03-26,12:30,0.7813,0.744
幸福村1社,1,2026-03-26,12:45,0.7862,0.834
幸福村1社,1,2026-03-26,13:00,0.7703,0.728
幸福村1社,1,2026-03-26,13:15,0.77,0.865
幸福村1社,1,2026-03-26,13:30,0.765,0.961
幸福村1社,1,2026-03-26,13:45,0.7704,0.637
幸福村1社,1,2026-03-26,14:00,0.7613,0.859
幸福村1社,1,2026-03-26,14:15,0.7603,0.72
幸福村1社,1,2026-03-26,14:30,0.8031,0.774
幸福村1社,1,2026-03-26,14:45,0.7741,0.926
幸福村1社,1,2026-03-26,15:00,0.7762,0.745
幸福村1社,1,2026-03-26,15:15,0.7796,0.707
幸福村1社,1,2026-03-26,15:30,0.8006,0.788
幸福村1社,1,2026-03-26,15:45,0.7758,0.857
幸福村1社,1,2026-03-26,16:00,0.8045,0.697
幸福村1社,1,2026-03-26,16:15,0.7981,0.994
幸福村1社,1,2026-03-26,16:30,0.8512,0.756
幸福村1社,1,2026-03-26,16:45,0.8774,0.99
幸福村1社,1,2026-03-26,17:00,0.8679,0.976
幸福村1社,1,2026-03-26,17:15,0.8691,0.996
幸福村1社,1,2026-03-26,17:30,0.8908,0.693
幸福村1社,1,2026-03-26,17:45,0.8943,0.662
幸福村1社,1,2026-03-26,18:00,0.9006,0.911
幸福村1社,1,2026-03-26,18:15,0.9017,0.882
幸福村1社,1,2026-03-26,18:30,0.9045,0.946
幸福村1社,1,2026-03-26,18:45,0.8818,0.69
幸福村1社,1,2026-03-26,19:00,0.8742,0.654
幸福村1社,1,2026-03-26,19:15,0.8969,0.993
幸福村1社,1,2026-03-26,19:30,0.8876,0.776
幸福村1社,1,2026-03-26,19:45,0.894,0.846
幸福村1社,1,2026-03-26,20:00,0.8997,0.929
幸福村1社,1,2026-03-26,20:15,0.8883,0.88
幸福村1社,1,2026-03-26,20:30,0.8963,0.917
幸福村1社,1,2026-03-26,20:45,0.8778,0.858
幸福村1社,1,2026-03-26,21:00,0.8624,0.905
幸福村1社,1,2026-03-26,21:15,0.8561,0.841
幸福村1社,1,2026-03-26,21:30,0.8537,0.952
幸福村1社,1,2026-03-26,21:45,0.8359,0.956
幸福村1社,1,2026-03-26,22:00,0.8253,0.85
幸福村1社,1,2026-03-26,22:15,0.8123,0.893
幸福村1社,1,2026-03-26,22:30,0.7935,0.725
幸福村1社,1,2026-03-26,22:45,0.7734,0.728
幸福村1社,1,2026-03-26,23:00,0.7604,0.756
幸福村1社,1,2026-03-26,23:15,0.7478,0.677
幸福村1社,1,2026-03-26,23:30,0.7442,0.741
幸福村1社,1,2026-03-26,23:45,0.7383,0.63
甘伍村3社,2,2026-04-20,00:00,1.0057,1.0
甘伍村3社,2,2026-04-20,00:15,1.0044,1.0
甘伍村3社,2,2026-04-20,00:30,1.0035,1.0
甘伍村3社,2,2026-04-20,00:45,1.0026,1.0
甘伍村3社,2,2026-04-20,01:00,1.0026,1.0
甘伍村3社,2,2026-04-20,01:15,1.005,1.0
甘伍村3社,2,2026-04-20,01:30,0.9995,1.0
甘伍村3社,2,2026-04-20,01:45,1.0006,1.0
甘伍村3社,2,2026-04-20,02:00,1.0013,1.0
甘伍村3社,2,2026-04-20,02:15,1.003,1.0
甘伍村3社,2,2026-04-20,02:30,0.9985,1.0
甘伍村3社,2,2026-04-20,02:45,1.005,1.0
甘伍村3社,2,2026-04-20,03:00,1.0054,1.0
甘伍村3社,2,2026-04-20,03:15,1.0018,1.0
甘伍村3社,2,2026-04-20,03:30,0.9919,1.0
甘伍村3社,2,2026-04-20,03:45,1.0035,1.0
甘伍村3社,2,2026-04-20,04:00,0.9979,1.0
甘伍村3社,2,2026-04-20,04:15,0.9997,1.0
甘伍村3社,2,2026-04-20,04:30,0.9938,1.0
甘伍村3社,2,2026-04-20,04:45,0.996,1.0
甘伍村3社,2,2026-04-20,05:00,0.9952,1.0
甘伍村3社,2,2026-04-20,05:15,0.999,1.0
甘伍村3社,2,2026-04-20,05:30,0.9958,1.0
甘伍村3社,2,2026-04-20,05:45,0.9981,1.0
甘伍村3社,2,2026-04-20,06:00,0.9967,1.0
甘伍村3社,2,2026-04-20,06:15,0.9898,1.0
甘伍村3社,2,2026-04-20,06:30,0.994,1.0
甘伍村3社,2,2026-04-20,06:45,0.9946,1.0
甘伍村3社,2,2026-04-20,07:00,0.9973,1.0
甘伍村3社,2,2026-04-20,07:15,0.9961,1.0
甘伍村3社,2,2026-04-20,07:30,0.9952,1.0
甘伍村3社,2,2026-04-20,07:45,0.9986,1.0
甘伍村3社,2,2026-04-20,08:00,0.9979,1.0
甘伍村3社,2,2026-04-20,08:15,0.9962,1.0
甘伍村3社,2,2026-04-20,08:30,1.0015,1.0
甘伍村3社,2,2026-04-20,08:45,0.9928,1.0
甘伍村3社,2,2026-04-20,09:00,1.0001,1.0
甘伍村3社,2,2026-04-20,09:15,1.0029,1.0
甘伍村3社,2,2026-04-20,09:30,1.0061,1.0
甘伍村3社,2,2026-04-20,09:45,1.0005,1.0
甘伍村3社,2,2026-04-20,10:00,1.0078,1.0
甘伍村3社,2,2026-04-20,10:15,1.0055,1.0
甘伍村3社,2,2026-04-20,10:30,1.0055,1.0
甘伍村3社,2,2026-04-20,10:45,1.0055,1.0
甘伍村3社,2,2026-04-20,11:00,1.0096,1.0
甘伍村3社,2,2026-04-20,11:15,1.0032,1.0
甘伍村3社,2,2026-04-20,11:30,1.0049,1.0
甘伍村3社,2,2026-04-20,11:45,1.0047,1.0
甘伍村3社,2,2026-04-20,12:00,0.9977,1.0
甘伍村3社,2,2026-04-20,12:15,0.9986,1.0
甘伍村3社,2,2026-04-20,12:30,1.0002,1.0
甘伍村3社,2,2026-04-20,12:45,0.9976,1.0
甘伍村3社,2,2026-04-20,13:00,0.9998,1.0
甘伍村3社,2,2026-04-20,13:15,0.9989,1.0
甘伍村3社,2,2026-04-20,13:30,0.999,1.0
甘伍村3社,2,2026-04-20,13:45,1.0064,1.0
甘伍村3社,2,2026-04-20,14:00,0.9975,1.0
甘伍村3社,2,2026-04-20,14:15,1.0012,1.0
甘伍村3社,2,2026-04-20,14:30,0.9962,1.0
甘伍村3社,2,2026-04-20,14:45,1.0032,1.0
甘伍村3社,2,2026-04-20,15:00,1.0031,1.0
甘伍村3社,2,2026-04-20,15:15,1.0031,1.0
甘伍村3社,2,2026-04-20,15:30,1.005,1.0
甘伍村3社,2,2026-04-20,15:45,0.9964,1.0
甘伍村3社,2,2026-04-20,16:00,1.0048,1.0
甘伍村3社,2,2026-04-20,16:15,0.9999,1.0
甘伍村3社,2,2026-04-20,16:30,0.9984,1.0
甘伍村3社,2,2026-04-20,16:45,0.9971,1.0
甘伍村3社,2,2026-04-20,17:00,1.0043,1.0
甘伍村3社,2,2026-04-20,17:15,0.9951,1.0
甘伍村3社,2,2026-04-20,17:30,1.0013,1.0
甘伍村3社,2,2026-04-20,17:45,0.997,1.0
甘伍村3社,2,2026-04-20,18:00,0.9909,1.0
甘伍村3社,2,2026-04-20,18:15,1.0001,1.0
甘伍村3社,2,2026-04-20,18:30,0.9972,1.0
甘伍村3社,2,2026-04-20,18:45,1.0013,1.0
甘伍村3社,2,2026-04-20,19:00,1.002,1.0
甘伍村3社,2,2026-04-20,19:15,1.0012,1.0
甘伍村3社,2,2026-04-20,19:30,0.9937,1.0
甘伍村3社,2,2026-04-20,19:45,0.9922,1.0
甘伍村3社,2,2026-04-20,20:00,0.9844,0.868
甘伍村3社,2,2026-04-20,20:15,0.9923,1.0
甘伍村3社,2,2026-04-20,20:30,0.9944,1.0
甘伍村3社,2,2026-04-20,20:45,0.9975,1.0
甘伍村3社,2,2026-04-20,21:00,1.0015,1.0
甘伍村3社,2,2026-04-20,21:15,0.9986,1.0
甘伍村3社,2,2026-04-20,21:30,0.9995,0.91
甘伍村3社,2,2026-04-20,21:45,0.9976,0.92
甘伍村3社,2,2026-04-20,22:00,0.9966,1.0
甘伍村3社,2,2026-04-20,22:15,1.0008,0.919
甘伍村3社,2,2026-04-20,22:30,1.0016,1.0
甘伍村3社,2,2026-04-20,22:45,0.9978,1.0
甘伍村3社,2,2026-04-20,23:00,1.0008,1.0
甘伍村3社,2,2026-04-20,23:15,0.9988,1.0
甘伍村3社,2,2026-04-20,23:30,1.0025,1.0
甘伍村3社,2,2026-04-20,23:45,1.0017,1.0
甘伍村3社,2,2026-04-21,00:00,0.9997,1.0
甘伍村3社,2,2026-04-21,00:15,1.0009,1.0
甘伍村3社,2,2026-04-21,00:30,1.0018,1.0
甘伍村3社,2,2026-04-21,00:45,0.9986,1.0
甘伍村3社,2,2026-04-21,01:00,0.9963,1.0
甘伍村3社,2,2026-04-21,01:15,1.003,1.0
甘伍村3社,2,2026-04-21,01:30,1.0043,1.0
甘伍村3社,2,2026-04-21,01:45,1.0034,1.0
甘伍村3社,2,2026-04-21,02:00,1.0007,1.0
甘伍村3社,2,2026-04-21,02:15,1.0001,1.0
甘伍村3社,2,2026-04-21,02:30,1.0008,1.0
甘伍村3社,2,2026-04-21,02:45,1.0016,1.0
甘伍村3社,2,2026-04-21,03:00,1.0005,1.0
甘伍村3社,2,2026-04-21,03:15,1.0011,1.0
甘伍村3社,2,2026-04-21,03:30,1.0037,1.0
甘伍村3社,2,2026-04-21,03:45,1.0059,1.0
甘伍村3社,2,2026-04-21,04:00,0.9983,1.0
甘伍村3社,2,2026-04-21,04:15,0.9948,1.0
甘伍村3社,2,2026-04-21,04:30,0.9996,1.0
甘伍村3社,2,2026-04-21,04:45,0.9967,1.0
甘伍村3社,2,2026-04-21,05:00,0.9989,1.0
甘伍村3社,2,2026-04-21,05:15,0.9926,1.0
甘伍村3社,2,2026-04-21,05:30,1.0003,1.0
甘伍村3社,2,2026-04-21,05:45,0.9946,1.0
甘伍村3社,2,2026-04-21,06:00,0.9944,1.0
甘伍村3社,2,2026-04-21,06:15,0.993,1.0
甘伍村3社,2,2026-04-21,06:30,0.9898,1.0
甘伍村3社,2,2026-04-21,06:45,0.9897,1.0
甘伍村3社,2,2026-04-21,07:00,0.9905,1.0
甘伍村3社,2,2026-04-21,07:15,0.9954,1.0
甘伍村3社,2,2026-04-21,07:30,0.9946,1.0
甘伍村3社,2,2026-04-21,07:45,0.9994,1.0
甘伍村3社,2,2026-04-21,08:00,0.9929,1.0
甘伍村3社,2,2026-04-21,08:15,0.9952,1.0
甘伍村3社,2,2026-04-21,08:30,1.001,1.0
甘伍村3社,2,2026-04-21,08:45,0.9971,1.0
甘伍村3社,2,2026-04-21,09:00,1.0021,1.0
甘伍村3社,2,2026-04-21,09:15,1.0008,1.0
甘伍村3社,2,2026-04-21,09:30,1.0033,1.0
甘伍村3社,2,2026-04-21,09:45,0.9986,1.0
甘伍村3社,2,2026-04-21,10:00,1.003,1.0
甘伍村3社,2,2026-04-21,10:15,1.0047,1.0
甘伍村3社,2,2026-04-21,10:30,1.0012,1.0
甘伍村3社,2,2026-04-21,10:45,1.0006,1.0
甘伍村3社,2,2026-04-21,11:00,1.0015,1.0
甘伍村3社,2,2026-04-21,11:15,0.9987,1.0
甘伍村3社,2,2026-04-21,11:30,1.0025,1.0
甘伍村3社,2,2026-04-21,11:45,1.0011,1.0
甘伍村3社,2,2026-04-21,12:00,0.9994,1.0
甘伍村3社,2,2026-04-21,12:15,1.0039,1.0
甘伍村3社,2,2026-04-21,12:30,1.0011,1.0
甘伍村3社,2,2026-04-21,12:45,1.0004,1.0
甘伍村3社,2,2026-04-21,13:00,0.9938,1.0
甘伍村3社,2,2026-04-21,13:15,1.0038,1.0
甘伍村3社,2,2026-04-21,13:30,0.9988,1.0
甘伍村3社,2,2026-04-21,13:45,0.9989,1.0
甘伍村3社,2,2026-04-21,14:00,1.0003,1.0
甘伍村3社,2,2026-04-21,14:15,1.0016,1.0
甘伍村3社,2,2026-04-21,14:30,0.9919,1.0
甘伍村3社,2,2026-04-21,14:45,1.0062,1.0
甘伍村3社,2,2026-04-21,15:00,1.0041,1.0
甘伍村3社,2,2026-04-21,15:15,1.0038,1.0
甘伍村3社,2,2026-04-21,15:30,1.0031,1.0
甘伍村3社,2,2026-04-21,15:45,1.0015,1.0
甘伍村3社,2,2026-04-21,16:00,0.9994,1.0
甘伍村3社,2,2026-04-21,16:15,1.0028,1.0
甘伍村3社,2,2026-04-21,16:30,0.9982,1.0
甘伍村3社,2,2026-04-21,16:45,0.9917,1.0
甘伍村3社,2,2026-04-21,17:00,0.9978,1.0
甘伍村3社,2,2026-04-21,17:15,0.9923,1.0
甘伍村3社,2,2026-04-21,17:30,1.0037,1.0
甘伍村3社,2,2026-04-21,17:45,0.9963,1.0
甘伍村3社,2,2026-04-21,18:00,0.9929,0.896
甘伍村3社,2,2026-04-21,18:15,0.9976,0.91
甘伍村3社,2,2026-04-21,18:30,0.9958,0.901
甘伍村3社,2,2026-04-21,18:45,1.001,1.0
甘伍村3社,2,2026-04-21,19:00,0.9991,1.0
甘伍村3社,2,2026-04-21,19:15,0.996,1.0
甘伍村3社,2,2026-04-21,19:30,1.0028,1.0
甘伍村3社,2,2026-04-21,19:45,0.9903,1.0
甘伍村3社,2,2026-04-21,20:00,0.9827,1.0
甘伍村3社,2,2026-04-21,20:15,0.9932,1.0
甘伍村3社,2,2026-04-21,20:30,0.995,1.0
甘伍村3社,2,2026-04-21,20:45,0.9977,1.0
甘伍村3社,2,2026-04-21,21:00,0.9992,1.0
甘伍村3社,2,2026-04-21,21:15,0.9996,1.0
甘伍村3社,2,2026-04-21,21:30,0.9959,1.0
甘伍村3社,2,2026-04-21,21:45,0.9952,1.0
甘伍村3社,2,2026-04-21,22:00,0.9968,1.0
甘伍村3社,2,2026-04-21,22:15,0.9976,1.0
甘伍村3社,2,2026-04-21,22:30,1.0025,1.0
甘伍村3社,2,2026-04-21,22:45,0.9997,1.0
甘伍村3社,2,2026-04-21,23:00,1.0027,1.0
甘伍村3社,2,2026-04-21,23:15,1.0,1.0
甘伍村3社,2,2026-04-21,23:30,1.0004,1.0
甘伍村3社,2,2026-04-21,23:45,0.9974,1.0
甘伍村3社,2,2026-04-22,00:00,0.999,1.0
甘伍村3社,2,2026-04-22,00:15,0.9995,1.0
甘伍村3社,2,2026-04-22,00:30,0.9993,1.0
甘伍村3社,2,2026-04-22,00:45,1.0002,1.0
甘伍村3社,2,2026-04-22,01:00,1.0041,1.0
甘伍村3社,2,2026-04-22,01:15,0.9952,1.0
甘伍村3社,2,2026-04-22,01:30,0.9976,1.0
甘伍村3社,2,2026-04-22,01:45,0.9926,1.0
甘伍村3社,2,2026-04-22,02:00,1.0026,1.0
甘伍村3社,2,2026-04-22,02:15,0.9942,1.0
甘伍村3社,2,2026-04-22,02:30,0.9997,1.0
甘伍村3社,2,2026-04-22,02:45,1.0001,1.0
甘伍村3社,2,2026-04-22,03:00,1.0006,1.0
甘伍村3社,2,2026-04-22,03:15,1.0018,1.0
甘伍村3社,2,2026-04-22,03:30,1.0033,1.0
甘伍村3社,2,2026-04-22,03:45,1.0023,1.0
甘伍村3社,2,2026-04-22,04:00,0.9957,1.0
甘伍村3社,2,2026-04-22,04:15,0.9924,1.0
甘伍村3社,2,2026-04-22,04:30,0.9976,1.0
甘伍村3社,2,2026-04-22,04:45,0.9959,1.0
甘伍村3社,2,2026-04-22,05:00,0.9957,1.0
甘伍村3社,2,2026-04-22,05:15,0.999,1.0
甘伍村3社,2,2026-04-22,05:30,0.9974,1.0
甘伍村3社,2,2026-04-22,05:45,0.9954,1.0
甘伍村3社,2,2026-04-22,06:00,0.9958,1.0
甘伍村3社,2,2026-04-22,06:15,0.9924,1.0
甘伍村3社,2,2026-04-22,06:30,0.9912,1.0
甘伍村3社,2,2026-04-22,06:45,0.9877,1.0
甘伍村3社,2,2026-04-22,07:00,0.9905,1.0
甘伍村3社,2,2026-04-22,07:15,0.9963,1.0
甘伍村3社,2,2026-04-22,07:30,0.996,1.0
甘伍村3社,2,2026-04-22,07:45,0.9969,1.0
甘伍村3社,2,2026-04-22,08:00,0.9963,1.0
甘伍村3社,2,2026-04-22,08:15,0.997,1.0
甘伍村3社,2,2026-04-22,08:30,0.9969,1.0
甘伍村3社,2,2026-04-22,08:45,0.9963,1.0
甘伍村3社,2,2026-04-22,09:00,1.0004,1.0
甘伍村3社,2,2026-04-22,09:15,0.9994,1.0
甘伍村3社,2,2026-04-22,09:30,0.9982,1.0
甘伍村3社,2,2026-04-22,09:45,0.9976,0.887
甘伍村3社,2,2026-04-22,10:00,0.9993,1.0
甘伍村3社,2,2026-04-22,10:15,1.0027,1.0
甘伍村3社,2,2026-04-22,10:30,1.003,1.0
甘伍村3社,2,2026-04-22,10:45,0.997,1.0
甘伍村3社,2,2026-04-22,11:00,1.0072,1.0
甘伍村3社,2,2026-04-22,11:15,1.0007,1.0
甘伍村3社,2,2026-04-22,11:30,0.9963,1.0
甘伍村3社,2,2026-04-22,11:45,0.9976,1.0
甘伍村3社,2,2026-04-22,12:00,0.9996,1.0
甘伍村3社,2,2026-04-22,12:15,1.0032,1.0
甘伍村3社,2,2026-04-22,12:30,0.9979,1.0
甘伍村3社,2,2026-04-22,12:45,1.0006,1.0
甘伍村3社,2,2026-04-22,13:00,0.9989,1.0
甘伍村3社,2,2026-04-22,13:15,1.0024,1.0
甘伍村3社,2,2026-04-22,13:30,1.0003,1.0
甘伍村3社,2,2026-04-22,13:45,1.0025,1.0
甘伍村3社,2,2026-04-22,14:00,0.9988,1.0
甘伍村3社,2,2026-04-22,14:15,1.0008,1.0
甘伍村3社,2,2026-04-22,14:30,0.9944,1.0
甘伍村3社,2,2026-04-22,14:45,0.9994,1.0
甘伍村3社,2,2026-04-22,15:00,1.0058,1.0
甘伍村3社,2,2026-04-22,15:15,0.9982,1.0
甘伍村3社,2,2026-04-22,15:30,1.0016,1.0
甘伍村3社,2,2026-04-22,15:45,1.0027,1.0
甘伍村3社,2,2026-04-22,16:00,0.9988,1.0
甘伍村3社,2,2026-04-22,16:15,1.0026,1.0
甘伍村3社,2,2026-04-22,16:30,0.9966,1.0
甘伍村3社,2,2026-04-22,16:45,0.9937,1.0
甘伍村3社,2,2026-04-22,17:00,1.0004,1.0
甘伍村3社,2,2026-04-22,17:15,0.9981,1.0
甘伍村3社,2,2026-04-22,17:30,1.0031,1.0
甘伍村3社,2,2026-04-22,17:45,0.9978,1.0
甘伍村3社,2,2026-04-22,18:00,0.9998,1.0
甘伍村3社,2,2026-04-22,18:15,0.9988,1.0
甘伍村3社,2,2026-04-22,18:30,0.9937,1.0
甘伍村3社,2,2026-04-22,18:45,0.9971,1.0
甘伍村3社,2,2026-04-22,19:00,1.0041,1.0
甘伍村3社,2,2026-04-22,19:15,0.9968,1.0
甘伍村3社,2,2026-04-22,19:30,0.9931,1.0
甘伍村3社,2,2026-04-22,19:45,0.9889,1.0
甘伍村3社,2,2026-04-22,20:00,0.9843,1.0
甘伍村3社,2,2026-04-22,20:15,0.9892,1.0
甘伍村3社,2,2026-04-22,20:30,0.9922,1.0
甘伍村3社,2,2026-04-22,20:45,1.0003,1.0
甘伍村3社,2,2026-04-22,21:00,1.0001,1.0
甘伍村3社,2,2026-04-22,21:15,1.0001,1.0
甘伍村3社,2,2026-04-22,21:30,1.0017,1.0
甘伍村3社,2,2026-04-22,21:45,0.9971,1.0
甘伍村3社,2,2026-04-22,22:00,1.0014,1.0
甘伍村3社,2,2026-04-22,22:15,1.0018,1.0
甘伍村3社,2,2026-04-22,22:30,1.0007,1.0
甘伍村3社,2,2026-04-22,22:45,0.9975,1.0
甘伍村3社,2,2026-04-22,23:00,1.0021,1.0
甘伍村3社,2,2026-04-22,23:15,1.0007,1.0
甘伍村3社,2,2026-04-22,23:30,0.9995,1.0
甘伍村3社,2,2026-04-22,23:45,0.997,1.0
马鞍村1社,3,2026-03-09,00:00,0.7853,0.731
马鞍村1社,3,2026-03-09,00:15,0.7906,0.79
马鞍村1社,3,2026-03-09,00:30,0.7667,0.778
马鞍村1社,3,2026-03-09,00:45,0.7734,0.753
马鞍村1社,3,2026-03-09,01:00,0.7665,0.767
马鞍村1社,3,2026-03-09,01:15,0.7633,0.763
马鞍村1社,3,2026-03-09,01:30,0.7524,0.716
马鞍村1社,3,2026-03-09,01:45,0.7511,0.787
马鞍村1社,3,2026-03-09,02:00,0.7452,0.721
马鞍村1社,3,2026-03-09,02:15,0.7386,0.767
马鞍村1社,3,2026-03-09,02:30,0.7432,0.745
马鞍村1社,3,2026-03-09,02:45,0.7442,0.717
马鞍村1社,3,2026-03-09,03:00,0.7351,0.676
马鞍村1社,3,2026-03-09,03:15,0.7288,0.644
马鞍村1社,3,2026-03-09,03:30,0.7324,0.724
马鞍村1社,3,2026-03-09,03:45,0.7373,0.719
马鞍村1社,3,2026-03-09,04:00,0.7314,0.769
马鞍村1社,3,2026-03-09,04:15,0.742,0.731
马鞍村1社,3,2026-03-09,04:30,0.7348,0.727
马鞍村1社,3,2026-03-09,04:45,0.7315,0.688
马鞍村1社,3,2026-03-09,05:00,0.7397,0.739
马鞍村1社,3,2026-03-09,05:15,0.7373,0.668
马鞍村1社,3,2026-03-09,05:30,0.7333,0.813
马鞍村1社,3,2026-03-09,05:45,0.7407,0.698
马鞍村1社,3,2026-03-09,06:00,0.7618,0.68
马鞍村1社,3,2026-03-09,06:15,0.7507,0.897
马鞍村1社,3,2026-03-09,06:30,0.7999,0.816
马鞍村1社,3,2026-03-09,06:45,0.8147,0.812
马鞍村1社,3,2026-03-09,07:00,0.8506,0.837
马鞍村1社,3,2026-03-09,07:15,0.8904,0.83
马鞍村1社,3,2026-03-09,07:30,0.9096,0.976
马鞍村1社,3,2026-03-09,07:45,0.9307,0.99
马鞍村1社,3,2026-03-09,08:00,0.9685,0.988
马鞍村1社,3,2026-03-09,08:15,0.9713,0.995
马鞍村1社,3,2026-03-09,08:30,0.9792,0.994
马鞍村1社,3,2026-03-09,08:45,0.9824,0.997
马鞍村1社,3,2026-03-09,09:00,0.9789,0.993
马鞍村1社,3,2026-03-09,09:15,0.9447,0.997
马鞍村1社,3,2026-03-09,09:30,0.9342,1.0
马鞍村1社,3,2026-03-09,09:45,0.9117,0.981
马鞍村1社,3,2026-03-09,10:00,0.9097,0.985
马鞍村1社,3,2026-03-09,10:15,0.889,0.979
马鞍村1社,3,2026-03-09,10:30,0.8825,0.976
马鞍村1社,3,2026-03-09,10:45,0.8733,0.991
马鞍村1社,3,2026-03-09,11:00,0.8646,0.984
马鞍村1社,3,2026-03-09,11:15,0.8576,0.992
马鞍村1社,3,2026-03-09,11:30,0.8606,0.796
马鞍村1社,3,2026-03-09,11:45,0.8676,0.903
马鞍村1社,3,2026-03-09,12:00,0.8785,0.756
马鞍村1社,3,2026-03-09,12:15,0.8769,0.705
马鞍村1社,3,2026-03-09,12:30,0.8807,0.773
马鞍村1社,3,2026-03-09,12:45,0.8614,0.789
马鞍村1社,3,2026-03-09,13:00,0.8563,0.915
马鞍村1社,3,2026-03-09,13:15,0.8654,0.698
马鞍村1社,3,2026-03-09,13:30,0.9006,0.706
马鞍村1社,3,2026-03-09,13:45,0.855,0.916
马鞍村1社,3,2026-03-09,14:00,0.8706,0.842
马鞍村1社,3,2026-03-09,14:15,0.8498,0.881
马鞍村1社,3,2026-03-09,14:30,0.8481,0.949
马鞍村1社,3,2026-03-09,14:45,0.885,0.862
马鞍村1社,3,2026-03-09,15:00,0.8838,0.819
马鞍村1社,3,2026-03-09,15:15,0.888,0.822
马鞍村1社,3,2026-03-09,15:30,0.9082,0.911
马鞍村1社,3,2026-03-09,15:45,0.913,0.922
马鞍村1社,3,2026-03-09,16:00,0.9182,0.98
马鞍村1社,3,2026-03-09,16:15,0.9182,0.948
马鞍村1社,3,2026-03-09,16:30,0.9382,0.99
马鞍村1社,3,2026-03-09,16:45,0.9377,0.985
马鞍村1社,3,2026-03-09,17:00,0.9386,0.926
马鞍村1社,3,2026-03-09,17:15,0.9293,0.997
马鞍村1社,3,2026-03-09,17:30,0.9401,0.993
马鞍村1社,3,2026-03-09,17:45,0.9546,0.99
马鞍村1社,3,2026-03-09,18:00,0.9269,0.973
马鞍村1社,3,2026-03-09,18:15,0.9373,0.997
马鞍村1社,3,2026-03-09,18:30,0.9215,0.991
马鞍村1社,3,2026-03-09,18:45,0.9161,0.922
马鞍村1社,3,2026-03-09,19:00,0.9009,0.903
马鞍村1社,3,2026-03-09,19:15,0.9093,0.92
马鞍村1社,3,2026-03-09,19:30,0.9087,0.933
马鞍村1社,3,2026-03-09,19:45,0.9125,0.908
马鞍村1社,3,2026-03-09,20:00,0.9024,0.949
马鞍村1社,3,2026-03-09,20:15,0.9234,0.911
马鞍村1社,3,2026-03-09,20:30,0.9223,0.981
马鞍村1社,3,2026-03-09,20:45,0.9082,0.913
马鞍村1社,3,2026-03-09,21:00,0.902,0.969
马鞍村1社,3,2026-03-09,21:15,0.9,0.948
马鞍村1社,3,2026-03-09,21:30,0.9006,0.896
马鞍村1社,3,2026-03-09,21:45,0.8808,0.985
马鞍村1社,3,2026-03-09,22:00,0.8717,0.938
马鞍村1社,3,2026-03-09,22:15,0.8566,0.967
马鞍村1社,3,2026-03-09,22:30,0.8537,0.87
马鞍村1社,3,2026-03-09,22:45,0.8409,0.817
马鞍村1社,3,2026-03-09,23:00,0.8293,0.873
马鞍村1社,3,2026-03-09,23:15,0.8062,0.775
马鞍村1社,3,2026-03-09,23:30,0.7924,0.87
马鞍村1社,3,2026-03-09,23:45,0.7896,0.776
马鞍村1社,3,2026-03-10,00:00,0.7904,0.862
马鞍村1社,3,2026-03-10,00:15,0.7931,0.769
马鞍村1社,3,2026-03-10,00:30,0.7664,0.815
马鞍村1社,3,2026-03-10,00:45,0.7824,0.779
马鞍村1社,3,2026-03-10,01:00,0.7822,0.732
马鞍村1社,3,2026-03-10,01:15,0.7705,0.744
马鞍村1社,3,2026-03-10,01:30,0.7546,0.957
马鞍村1社,3,2026-03-10,01:45,0.7633,0.706
马鞍村1社,3,2026-03-10,02:00,0.7651,0.714
马鞍村1社,3,2026-03-10,02:15,0.7481,0.705
马鞍村1社,3,2026-03-10,02:30,0.7486,0.665
马鞍村1社,3,2026-03-10,02:45,0.7465,0.692
马鞍村1社,3,2026-03-10,03:00,0.7502,0.681
马鞍村1社,3,2026-03-10,03:15,0.7272,0.707
马鞍村1社,3,2026-03-10,03:30,0.7448,0.67
马鞍村1社,3,2026-03-10,03:45,0.7358,0.744
马鞍村1社,3,2026-03-10,04:00,0.7355,0.685
马鞍村1社,3,2026-03-10,04:15,0.7379,0.68
马鞍村1社,3,2026-03-10,04:30,0.7504,0.707
马鞍村1社,3,2026-03-10,04:45,0.7309,0.635
马鞍村1社,3,2026-03-10,05:00,0.7456,0.745
马鞍村1社,3,2026-03-10,05:15,0.7338,0.711
马鞍村1社,3,2026-03-10,05:30,0.7453,0.653
马鞍村1社,3,2026-03-10,05:45,0.7494,0.736
马鞍村1社,3,2026-03-10,06:00,0.7705,0.675
马鞍村1社,3,2026-03-10,06:15,0.7536,0.666
马鞍村1社,3,2026-03-10,06:30,0.7929,0.677
马鞍村1社,3,2026-03-10,06:45,0.8123,0.74
马鞍村1社,3,2026-03-10,07:00,0.8526,0.666
马鞍村1社,3,2026-03-10,07:15,0.8886,0.894
马鞍村1社,3,2026-03-10,07:30,0.9024,0.982
马鞍村1社,3,2026-03-10,07:45,0.9446,0.678
马鞍村1社,3,2026-03-10,08:00,0.9588,0.745
马鞍村1社,3,2026-03-10,08:15,0.9771,0.978
马鞍村1社,3,2026-03-10,08:30,0.9854,0.969
马鞍村1社,3,2026-03-10,08:45,0.9675,0.998
马鞍村1社,3,2026-03-10,09:00,0.9744,0.973
马鞍村1社,3,2026-03-10,09:15,0.9392,0.733
马鞍村1社,3,2026-03-10,09:30,0.926,0.983
马鞍村1社,3,2026-03-10,09:45,0.9096,0.992
马鞍村1社,3,2026-03-10,10:00,0.8969,0.956
马鞍村1社,3,2026-03-10,10:15,0.8693,0.956
马鞍村1社,3,2026-03-10,10:30,0.8642,0.908
马鞍村1社,3,2026-03-10,10:45,0.8762,0.91
马鞍村1社,3,2026-03-10,11:00,0.8515,0.981
马鞍村1社,3,2026-03-10,11:15,0.8487,0.912
马鞍村1社,3,2026-03-10,11:30,0.8538,0.94
马鞍村1社,3,2026-03-10,11:45,0.84,0.97
马鞍村1社,3,2026-03-10,12:00,0.8788,0.905
马鞍村1社,3,2026-03-10,12:15,0.8763,0.946
马鞍村1社,3,2026-03-10,12:30,0.9066,0.717
马鞍村1社,3,2026-03-10,12:45,0.8886,0.741
马鞍村1社,3,2026-03-10,13:00,0.8538,0.788
马鞍村1社,3,2026-03-10,13:15,0.862,0.831
马鞍村1社,3,2026-03-10,13:30,0.8963,0.713
马鞍村1社,3,2026-03-10,13:45,0.865,0.789
马鞍村1社,3,2026-03-10,14:00,0.8705,0.927
马鞍村1社,3,2026-03-10,14:15,0.8656,0.924
马鞍村1社,3,2026-03-10,14:30,0.854,0.93
马鞍村1社,3,2026-03-10,14:45,0.8855,0.73
马鞍村1社,3,2026-03-10,15:00,0.8777,0.759
马鞍村1社,3,2026-03-10,15:15,0.9039,0.812
马鞍村1社,3,2026-03-10,15:30,0.911,0.767
马鞍村1社,3,2026-03-10,15:45,0.8951,0.783
马鞍村1社,3,2026-03-10,16:00,0.9119,0.958
马鞍村1社,3,2026-03-10,16:15,0.9159,0.887
马鞍村1社,3,2026-03-10,16:30,0.9328,0.87
马鞍村1社,3,2026-03-10,16:45,0.9149,0.985
马鞍村1社,3,2026-03-10,17:00,0.9349,0.988
马鞍村1社,3,2026-03-10,17:15,0.9415,0.981
马鞍村1社,3,2026-03-10,17:30,0.9627,0.977
马鞍村1社,3,2026-03-10,17:45,0.9487,0.934
马鞍村1社,3,2026-03-10,18:00,0.9302,0.975
马鞍村1社,3,2026-03-10,18:15,0.9214,0.984
马鞍村1社,3,2026-03-10,18:30,0.9245,0.988
马鞍村1社,3,2026-03-10,18:45,0.904,0.937
马鞍村1社,3,2026-03-10,19:00,0.8991,0.98
马鞍村1社,3,2026-03-10,19:15,0.9059,0.829
马鞍村1社,3,2026-03-10,19:30,0.9054,0.853
马鞍村1社,3,2026-03-10,19:45,0.9138,0.8
马鞍村1社,3,2026-03-10,20:00,0.9184,0.832
马鞍村1社,3,2026-03-10,20:15,0.9236,0.907
马鞍村1社,3,2026-03-10,20:30,0.9287,0.837
马鞍村1社,3,2026-03-10,20:45,0.9088,0.867
马鞍村1社,3,2026-03-10,21:00,0.914,0.846
马鞍村1社,3,2026-03-10,21:15,0.9127,0.881
马鞍村1社,3,2026-03-10,21:30,0.8991,0.821
马鞍村1社,3,2026-03-10,21:45,0.8993,0.87
马鞍村1社,3,2026-03-10,22:00,0.8671,0.897
马鞍村1社,3,2026-03-10,22:15,0.8749,0.894
马鞍村1社,3,2026-03-10,22:30,0.8523,0.915
马鞍村1社,3,2026-03-10,22:45,0.8501,0.87
马鞍村1社,3,2026-03-10,23:00,0.8299,0.96
马鞍村1社,3,2026-03-10,23:15,0.8078,0.771
马鞍村1社,3,2026-03-10,23:30,0.7992,0.785
马鞍村1社,3,2026-03-10,23:45,0.7935,0.742
马鞍村1社,3,2026-03-11,00:00,0.8039,0.724
马鞍村1社,3,2026-03-11,00:15,0.7841,0.782
马鞍村1社,3,2026-03-11,00:30,0.7688,0.749
马鞍村1社,3,2026-03-11,00:45,0.7896,0.785
马鞍村1社,3,2026-03-11,01:00,0.7836,0.888
马鞍村1社,3,2026-03-11,01:15,0.7695,0.707
马鞍村1社,3,2026-03-11,01:30,0.7617,0.745
马鞍村1社,3,2026-03-11,01:45,0.7687,0.801
马鞍村1社,3,2026-03-11,02:00,0.7586,0.817
马鞍村1社,3,2026-03-11,02:15,0.7396,0.771
马鞍村1社,3,2026-03-11,02:30,0.7611,0.707
马鞍村1社,3,2026-03-11,02:45,0.752,0.758
马鞍村1社,3,2026-03-11,03:00,0.751,0.796
马鞍村1社,3,2026-03-11,03:15,0.7336,0.697
马鞍村1社,3,2026-03-11,03:30,0.7434,0.699
马鞍村1社,3,2026-03-11,03:45,0.7505,0.77
马鞍村1社,3,2026-03-11,04:00,0.7506,0.73
马鞍村1社,3,2026-03-11,04:15,0.7421,0.789
马鞍村1社,3,2026-03-11,04:30,0.7367,0.733
马鞍村1社,3,2026-03-11,04:45,0.7323,0.72
马鞍村1社,3,2026-03-11,05:00,0.7473,0.787
马鞍村1社,3,2026-03-11,05:15,0.7448,0.766
马鞍村1社,3,2026-03-11,05:30,0.7551,0.755
马鞍村1社,3,2026-03-11,05:45,0.7568,0.676
马鞍村1社,3,2026-03-11,06:00,0.7615,0.785
马鞍村1社,3,2026-03-11,06:15,0.7659,0.812
马鞍村1社,3,2026-03-11,06:30,0.8039,0.755
马鞍村1社,3,2026-03-11,06:45,0.8207,0.723
马鞍村1社,3,2026-03-11,07:00,0.8602,0.723
马鞍村1社,3,2026-03-11,07:15,0.9096,0.764
马鞍村1社,3,2026-03-11,07:30,0.9218,0.717
马鞍村1社,3,2026-03-11,07:45,0.9591,0.71
马鞍村1社,3,2026-03-11,08:00,0.9698,0.883
马鞍村1社,3,2026-03-11,08:15,0.9848,0.913
马鞍村1社,3,2026-03-11,08:30,0.99,0.988
马鞍村1社,3,2026-03-11,08:45,0.9868,1.0
马鞍村1社,3,2026-03-11,09:00,0.9828,0.993
马鞍村1社,3,2026-03-11,09:15,0.9393,0.982
马鞍村1社,3,2026-03-11,09:30,0.943,0.768
马鞍村1社,3,2026-03-11,09:45,0.9174,0.958
马鞍村1社,3,2026-03-11,10:00,0.9102,0.979
马鞍村1社,3,2026-03-11,10:15,0.8702,0.943
马鞍村1社,3,2026-03-11,10:30,0.884,0.903
马鞍村1社,3,2026-03-11,10:45,0.8719,0.718
马鞍村1社,3,2026-03-11,11:00,0.846,0.933
马鞍村1社,3,2026-03-11,11:15,0.8633,0.993
马鞍村1社,3,2026-03-11,11:30,0.8374,0.952
马鞍村1社,3,2026-03-11,11:45,0.8537,0.979
马鞍村1社,3,2026-03-11,12:00,0.8826,0.92
马鞍村1社,3,2026-03-11,12:15,0.8942,0.759
马鞍村1社,3,2026-03-11,12:30,0.8802,0.937
马鞍村1社,3,2026-03-11,12:45,0.8674,0.705
马鞍村1社,3,2026-03-11,13:00,0.8505,0.781
马鞍村1社,3,2026-03-11,13:15,0.8627,0.746
马鞍村1社,3,2026-03-11,13:30,0.8925,0.906
马鞍村1社,3,2026-03-11,13:45,0.8597,0.784
马鞍村1社,3,2026-03-11,14:00,0.8552,0.951
马鞍村1社,3,2026-03-11,14:15,0.8602,0.965
马鞍村1社,3,2026-03-11,14:30,0.8373,0.945
马鞍村1社,3,2026-03-11,14:45,0.884,0.945
马鞍村1社,3,2026-03-11,15:00,0.8991,0.956
马鞍村1社,3,2026-03-11,15:15,0.8787,0.983
马鞍村1社,3,2026-03-11,15:30,0.9008,0.972
马鞍村1社,3,2026-03-11,15:45,0.905,0.709
马鞍村1社,3,2026-03-11,16:00,0.9157,0.788
马鞍村1社,3,2026-03-11,16:15,0.9101,0.86
马鞍村1社,3,2026-03-11,16:30,0.9348,0.923
马鞍村1社,3,2026-03-11,16:45,0.936,0.926
马鞍村1社,3,2026-03-11,17:00,0.9473,0.937
马鞍村1社,3,2026-03-11,17:15,0.9416,0.86
马鞍村1社,3,2026-03-11,17:30,0.9552,0.894
马鞍村1社,3,2026-03-11,17:45,0.9571,0.958
马鞍村1社,3,2026-03-11,18:00,0.9422,0.949
马鞍村1社,3,2026-03-11,18:15,0.94,0.946
马鞍村1社,3,2026-03-11,18:30,0.9329,0.95
马鞍村1社,3,2026-03-11,18:45,0.9026,0.951
马鞍村1社,3,2026-03-11,19:00,0.8947,0.994
马鞍村1社,3,2026-03-11,19:15,0.9076,0.967
马鞍村1社,3,2026-03-11,19:30,0.9006,0.911
马鞍村1社,3,2026-03-11,19:45,0.911,0.844
马鞍村1社,3,2026-03-11,20:00,0.9101,0.882
马鞍村1社,3,2026-03-11,20:15,0.9185,0.971
马鞍村1社,3,2026-03-11,20:30,0.9162,0.95
马鞍村1社,3,2026-03-11,20:45,0.9157,0.908
马鞍村1社,3,2026-03-11,21:00,0.908,0.967
马鞍村1社,3,2026-03-11,21:15,0.9059,0.878
马鞍村1社,3,2026-03-11,21:30,0.8911,0.932
马鞍村1社,3,2026-03-11,21:45,0.8978,0.912
马鞍村1社,3,2026-03-11,22:00,0.8705,0.909
马鞍村1社,3,2026-03-11,22:15,0.8637,0.879
马鞍村1社,3,2026-03-11,22:30,0.8532,0.849
马鞍村1社,3,2026-03-11,22:45,0.8466,0.858
马鞍村1社,3,2026-03-11,23:00,0.8355,0.856
马鞍村1社,3,2026-03-11,23:15,0.8153,0.79
马鞍村1社,3,2026-03-11,23:30,0.8019,0.782
马鞍村1社,3,2026-03-11,23:45,0.8007,0.832
幸福村1社,4,2026-02-21,00:00,0.8229,0.878
幸福村1社,4,2026-02-21,00:15,0.8185,0.771
幸福村1社,4,2026-02-21,00:30,0.8251,0.914
幸福村1社,4,2026-02-21,00:45,0.7908,0.861
幸福村1社,4,2026-02-21,01:00,0.8051,0.795
幸福村1社,4,2026-02-21,01:15,0.787,0.817
幸福村1社,4,2026-02-21,01:30,0.7892,0.784
幸福村1社,4,2026-02-21,01:45,0.7523,0.816
幸福村1社,4,2026-02-21,02:00,0.7797,0.78
幸福村1社,4,2026-02-21,02:15,0.7673,0.784
幸福村1社,4,2026-02-21,02:30,0.7657,0.794
幸福村1社,4,2026-02-21,02:45,0.7582,0.843
幸福村1社,4,2026-02-21,03:00,0.7522,0.752
幸福村1社,4,2026-02-21,03:15,0.773,0.793
幸福村1社,4,2026-02-21,03:30,0.7518,0.72
幸福村1社,4,2026-02-21,03:45,0.7699,0.795
幸福村1社,4,2026-02-21,04:00,0.7436,0.72
幸福村1社,4,2026-02-21,04:15,0.7599,0.788
幸福村1社,4,2026-02-21,04:30,0.7501,0.835
幸福村1社,4,2026-02-21,04:45,0.7415,0.783
幸福村1社,4,2026-02-21,05:00,0.7664,0.766
幸福村1社,4,2026-02-21,05:15,0.7541,0.859
幸福村1社,4,2026-02-21,05:30,0.7348,0.904
幸福村1社,4,2026-02-21,05:45,0.746,0.782
幸福村1社,4,2026-02-21,06:00,0.7531,0.759
幸福村1社,4,2026-02-21,06:15,0.766,0.757
幸福村1社,4,2026-02-21,06:30,0.7702,0.923
幸福村1社,4,2026-02-21,06:45,0.7656,0.795
幸福村1社,4,2026-02-21,07:00,0.79,0.836
幸福村1社,4,2026-02-21,07:15,0.8055,0.999
幸福村1社,4,2026-02-21,07:30,0.8625,0.999
幸福村1社,4,2026-02-21,07:45,0.8669,0.986
幸福村1社,4,2026-02-21,08:00,0.8567,0.989
幸福村1社,4,2026-02-21,08:15,0.9077,0.999
幸福村1社,4,2026-02-21,08:30,0.9595,0.98
幸福村1社,4,2026-02-21,08:45,0.9605,0.996
幸福村1社,4,2026-02-21,09:00,0.9646,0.996
幸福村1社,4,2026-02-21,09:15,0.9879,0.999
幸福村1社,4,2026-02-21,09:30,0.9839,0.974
幸福村1社,4,2026-02-21,09:45,0.9735,0.989
幸福村1社,4,2026-02-21,10:00,0.9728,0.963
幸福村1社,4,2026-02-21,10:15,0.931,0.978
幸福村1社,4,2026-02-21,10:30,0.9305,0.737
幸福村1社,4,2026-02-21,10:45,0.9205,0.982
幸福村1社,4,2026-02-21,11:00,0.869,0.725
幸福村1社,4,2026-02-21,11:15,0.8848,0.99
幸福村1社,4,2026-02-21,11:30,0.8837,0.769
幸福村1社,4,2026-02-21,11:45,0.8769,0.857
幸福村1社,4,2026-02-21,12:00,0.855,0.783
幸福村1社,4,2026-02-21,12:15,0.8503,0.776
幸福村1社,4,2026-02-21,12:30,0.8389,0.838
幸福村1社,4,2026-02-21,12:45,0.8355,0.888
幸福村1社,4,2026-02-21,13:00,0.8453,0.823
幸福村1社,4,2026-02-21,13:15,0.8311,0.99
幸福村1社,4,2026-02-21,13:30,0.8395,0.781
幸福村1社,4,2026-02-21,13:45,0.8676,0.997
幸福村1社,4,2026-02-21,14:00,0.8618,0.986
幸福村1社,4,2026-02-21,14:15,0.8787,0.992
幸福村1社,4,2026-02-21,14:30,0.8683,0.81
幸福村1社,4,2026-02-21,14:45,0.8559,0.953
幸福村1社,4,2026-02-21,15:00,0.8447,0.947
幸福村1社,4,2026-02-21,15:15,0.8795,0.979
幸福村1社,4,2026-02-21,15:30,0.8585,0.95
幸福村1社,4,2026-02-21,15:45,0.8568,0.93
幸福村1社,4,2026-02-21,16:00,0.8746,0.898
幸福村1社,4,2026-02-21,16:15,0.8826,0.991
幸福村1社,4,2026-02-21,16:30,0.9065,0.993
幸福村1社,4,2026-02-21,16:45,0.9307,0.987
幸福村1社,4,2026-02-21,17:00,0.925,0.995
幸福村1社,4,2026-02-21,17:15,0.9545,0.908
幸福村1社,4,2026-02-21,17:30,0.9489,0.773
幸福村1社,4,2026-02-21,17:45,0.9632,0.993
幸福村1社,4,2026-02-21,18:00,0.9413,0.877
幸福村1社,4,2026-02-21,18:15,0.9486,0.993
幸福村1社,4,2026-02-21,18:30,0.9583,0.955
幸福村1社,4,2026-02-21,18:45,0.9448,0.986
幸福村1社,4,2026-02-21,19:00,0.9479,0.846
幸福村1社,4,2026-02-21,19:15,0.9441,0.999
幸福村1社,4,2026-02-21,19:30,0.948,0.998
幸福村1社,4,2026-02-21,19:45,0.959,0.918
幸福村1社,4,2026-02-21,20:00,0.9493,0.892
幸福村1社,4,2026-02-21,20:15,0.9459,0.973
幸福村1社,4,2026-02-21,20:30,0.9324,0.99
幸福村1社,4,2026-02-21,20:45,0.9369,0.999
幸福村1社,4,2026-02-21,21:00,0.9465,0.934
幸福村1社,4,2026-02-21,21:15,0.9325,0.865
幸福村1社,4,2026-02-21,21:30,0.935,0.858
幸福村1社,4,2026-02-21,21:45,0.9344,0.894
幸福村1社,4,2026-02-21,22:00,0.9089,0.801
幸福村1社,4,2026-02-21,22:15,0.892,0.869
幸福村1社,4,2026-02-21,22:30,0.8878,0.857
幸福村1社,4,2026-02-21,22:45,0.8794,0.83
幸福村1社,4,2026-02-21,23:00,0.8753,0.812
幸福村1社,4,2026-02-21,23:15,0.8486,0.907
幸福村1社,4,2026-02-21,23:30,0.8607,0.772
幸福村1社,4,2026-02-21,23:45,0.8303,0.848
幸福村1社,4,2026-02-22,00:00,0.8168,0.89
幸福村1社,4,2026-02-22,00:15,0.7998,0.711
幸福村1社,4,2026-02-22,00:30,0.8173,0.81
幸福村1社,4,2026-02-22,00:45,0.7815,0.717
幸福村1社,4,2026-02-22,01:00,0.7874,0.742
幸福村1社,4,2026-02-22,01:15,0.7843,0.838
幸福村1社,4,2026-02-22,01:30,0.7632,0.81
幸福村1社,4,2026-02-22,01:45,0.7634,0.678
幸福村1社,4,2026-02-22,02:00,0.7687,0.771
幸福村1社,4,2026-02-22,02:15,0.7804,0.729
幸福村1社,4,2026-02-22,02:30,0.7576,0.689
幸福村1社,4,2026-02-22,02:45,0.7704,0.694
幸福村1社,4,2026-02-22,03:00,0.7529,0.674
幸福村1社,4,2026-02-22,03:15,0.7694,0.741
幸福村1社,4,2026-02-22,03:30,0.7467,0.713
幸福村1社,4,2026-02-22,03:45,0.7585,0.636
幸福村1社,4,2026-02-22,04:00,0.7456,0.709
幸福村1社,4,2026-02-22,04:15,0.7436,0.718
幸福村1社,4,2026-02-22,04:30,0.7554,0.713
幸福村1社,4,2026-02-22,04:45,0.7393,0.661
幸福村1社,4,2026-02-22,05:00,0.7395,0.679
幸福村1社,4,2026-02-22,05:15,0.7406,0.711
幸福村1社,4,2026-02-22,05:30,0.7397,0.672
幸福村1社,4,2026-02-22,05:45,0.7395,0.647
幸福村1社,4,2026-02-22,06:00,0.7289,0.736
幸福村1社,4,2026-02-22,06:15,0.7584,0.705
幸福村1社,4,2026-02-22,06:30,0.7695,0.621
幸福村1社,4,2026-02-22,06:45,0.7721,0.731
幸福村1社,4,2026-02-22,07:00,0.7779,0.708
幸福村1社,4,2026-02-22,07:15,0.7871,0.743
幸福村1社,4,2026-02-22,07:30,0.8455,0.963
幸福村1社,4,2026-02-22,07:45,0.8671,0.706
幸福村1社,4,2026-02-22,08:00,0.8789,0.812
幸福村1社,4,2026-02-22,08:15,0.9183,0.689
幸福村1社,4,2026-02-22,08:30,0.954,0.648
幸福村1社,4,2026-02-22,08:45,0.9643,0.82
幸福村1社,4,2026-02-22,09:00,0.9603,0.988
幸福村1社,4,2026-02-22,09:15,0.984,0.976
幸福村1社,4,2026-02-22,09:30,0.96,0.992
幸福村1社,4,2026-02-22,09:45,0.9777,0.98
幸福村1社,4,2026-02-22,10:00,0.9774,0.901
幸福村1社,4,2026-02-22,10:15,0.9407,0.975
幸福村1社,4,2026-02-22,10:30,0.9344,0.701
幸福村1社,4,2026-02-22,10:45,0.9149,0.926
幸福村1社,4,2026-02-22,11:00,0.8573,0.989
幸福村1社,4,2026-02-22,11:15,0.871,0.999
幸福村1社,4,2026-02-22,11:30,0.8694,0.999
幸福村1社,4,2026-02-22,11:45,0.8416,0.885
幸福村1社,4,2026-02-22,12:00,0.8279,0.898
幸福村1社,4,2026-02-22,12:15,0.8425,0.799
幸福村1社,4,2026-02-22,12:30,0.8292,0.712
幸福村1社,4,2026-02-22,12:45,0.8083,0.728
幸福村1社,4,2026-02-22,13:00,0.8226,0.976
幸福村1社,4,2026-02-22,13:15,0.8204,0.713
幸福村1社,4,2026-02-22,13:30,0.8282,0.903
幸福村1社,4,2026-02-22,13:45,0.8403,0.879
幸福村1社,4,2026-02-22,14:00,0.8464,0.812
幸福村1社,4,2026-02-22,14:15,0.8674,0.999
幸福村1社,4,2026-02-22,14:30,0.8531,0.806
幸福村1社,4,2026-02-22,14:45,0.8494,0.979
幸福村1社,4,2026-02-22,15:00,0.8347,0.857
幸福村1社,4,2026-02-22,15:15,0.8656,0.993
幸福村1社,4,2026-02-22,15:30,0.8455,0.993
幸福村1社,4,2026-02-22,15:45,0.8443,0.881
幸福村1社,4,2026-02-22,16:00,0.8467,1.0
幸福村1社,4,2026-02-22,16:15,0.8683,0.992
幸福村1社,4,2026-02-22,16:30,0.8699,0.958
幸福村1社,4,2026-02-22,16:45,0.925,0.987
幸福村1社,4,2026-02-22,17:00,0.9228,0.988
幸福村1社,4,2026-02-22,17:15,0.9357,0.991
幸福村1社,4,2026-02-22,17:30,0.9366,0.953
幸福村1社,4,2026-02-22,17:45,0.9469,0.96
幸福村1社,4,2026-02-22,18:00,0.9534,0.975
幸福村1社,4,2026-02-22,18:15,0.9564,0.991
幸福村1社,4,2026-02-22,18:30,0.9623,0.927
幸福村1社,4,2026-02-22,18:45,0.9502,0.976
幸福村1社,4,2026-02-22,19:00,0.9353,0.996
幸福村1社,4,2026-02-22,19:15,0.9438,0.981
幸福村1社,4,2026-02-22,19:30,0.9554,0.993
幸福村1社,4,2026-02-22,19:45,0.9442,0.954
幸福村1社,4,2026-02-22,20:00,0.9446,0.985
幸福村1社,4,2026-02-22,20:15,0.952,0.985
幸福村1社,4,2026-02-22,20:30,0.9395,0.972
幸福村1社,4,2026-02-22,20:45,0.9355,0.999
幸福村1社,4,2026-02-22,21:00,0.9432,0.904
幸福村1社,4,2026-02-22,21:15,0.9227,0.917
幸福村1社,4,2026-02-22,21:30,0.9248,0.903
幸福村1社,4,2026-02-22,21:45,0.9126,0.921
幸福村1社,4,2026-02-22,22:00,0.905,0.875
幸福村1社,4,2026-02-22,22:15,0.9067,0.893
幸福村1社,4,2026-02-22,22:30,0.8887,0.881
幸福村1社,4,2026-02-22,22:45,0.8651,0.923
幸福村1社,4,2026-02-22,23:00,0.8548,0.847
幸福村1社,4,2026-02-22,23:15,0.8369,0.841
幸福村1社,4,2026-02-22,23:30,0.8349,0.863
幸福村1社,4,2026-02-22,23:45,0.8207,0.827
幸福村1社,4,2026-02-23,00:00,0.8001,0.803
幸福村1社,4,2026-02-23,00:15,0.8003,0.74
幸福村1社,4,2026-02-23,00:30,0.8048,0.777
幸福村1社,4,2026-02-23,00:45,0.7688,0.773
幸福村1社,4,2026-02-23,01:00,0.7735,0.723
幸福村1社,4,2026-02-23,01:15,0.7734,0.753
幸福村1社,4,2026-02-23,01:30,0.7707,0.692
幸福村1社,4,2026-02-23,01:45,0.7501,0.783
幸福村1社,4,2026-02-23,02:00,0.7643,0.728
幸福村1社,4,2026-02-23,02:15,0.7623,0.676
幸福村1社,4,2026-02-23,02:30,0.7406,0.689
幸福村1社,4,2026-02-23,02:45,0.7593,0.8
幸福村1社,4,2026-02-23,03:00,0.7492,0.703
幸福村1社,4,2026-02-23,03:15,0.745,0.734
幸福村1社,4,2026-02-23,03:30,0.7465,0.691
幸福村1社,4,2026-02-23,03:45,0.7587,0.738
幸福村1社,4,2026-02-23,04:00,0.7304,0.74
幸福村1社,4,2026-02-23,04:15,0.7381,0.72
幸福村1社,4,2026-02-23,04:30,0.7446,0.746
幸福村1社,4,2026-02-23,04:45,0.725,0.773
幸福村1社,4,2026-02-23,05:00,0.7371,0.767
幸福村1社,4,2026-02-23,05:15,0.7225,0.659
幸福村1社,4,2026-02-23,05:30,0.7175,0.681
幸福村1社,4,2026-02-23,05:45,0.7248,0.691
幸福村1社,4,2026-02-23,06:00,0.7261,0.752
幸福村1社,4,2026-02-23,06:15,0.7515,0.649
幸福村1社,4,2026-02-23,06:30,0.751,0.72
幸福村1社,4,2026-02-23,06:45,0.7551,0.679
幸福村1社,4,2026-02-23,07:00,0.774,0.714
幸福村1社,4,2026-02-23,07:15,0.7796,0.731
幸福村1社,4,2026-02-23,07:30,0.8465,0.999
幸福村1社,4,2026-02-23,07:45,0.8523,0.732
幸福村1社,4,2026-02-23,08:00,0.8544,0.961
幸福村1社,4,2026-02-23,08:15,0.9208,0.968
幸福村1社,4,2026-02-23,08:30,0.9447,0.996
幸福村1社,4,2026-02-23,08:45,0.9474,0.936
幸福村1社,4,2026-02-23,09:00,0.9651,0.81
幸福村1社,4,2026-02-23,09:15,0.9774,0.987
幸福村1社,4,2026-02-23,09:30,0.9513,0.98
幸福村1社,4,2026-02-23,09:45,0.9706,0.998
幸福村1社,4,2026-02-23,10:00,0.9607,0.998
幸福村1社,4,2026-02-23,10:15,0.9366,0.984
幸福村1社,4,2026-02-23,10:30,0.9122,0.995
幸福村1社,4,2026-02-23,10:45,0.8989,0.983
幸福村1社,4,2026-02-23,11:00,0.857,0.798
幸福村1社,4,2026-02-23,11:15,0.8602,0.841
幸福村1社,4,2026-02-23,11:30,0.8543,0.752
幸福村1社,4,2026-02-23,11:45,0.8435,0.815
幸福村1社,4,2026-02-23,12:00,0.8313,0.694
幸福村1社,4,2026-02-23,12:15,0.8209,0.827
幸福村1社,4,2026-02-23,12:30,0.8344,0.698
幸福村1社,4,2026-02-23,12:45,0.8115,0.748
幸福村1社,4,2026-02-23,13:00,0.8338,0.65
幸福村1社,4,2026-02-23,13:15,0.8407,0.704
幸福村1社,4,2026-02-23,13:30,0.8234,0.697
幸福村1社,4,2026-02-23,13:45,0.8608,0.998
幸福村1社,4,2026-02-23,14:00,0.8569,0.96
幸福村1社,4,2026-02-23,14:15,0.8334,0.995
幸福村1社,4,2026-02-23,14:30,0.8696,0.975
幸福村1社,4,2026-02-23,14:45,0.8449,0.918
幸福村1社,4,2026-02-23,15:00,0.8318,0.967
幸福村1社,4,2026-02-23,15:15,0.8868,0.796
幸福村1社,4,2026-02-23,15:30,0.8601,0.964
幸福村1社,4,2026-02-23,15:45,0.8606,0.996
幸福村1社,4,2026-02-23,16:00,0.8611,0.792
幸福村1社,4,2026-02-23,16:15,0.8772,0.957
幸福村1社,4,2026-02-23,16:30,0.8706,0.744
幸福村1社,4,2026-02-23,16:45,0.9229,0.985
幸福村1社,4,2026-02-23,17:00,0.9232,0.967
幸福村1社,4,2026-02-23,17:15,0.934,0.987
幸福村1社,4,2026-02-23,17:30,0.9428,0.98
幸福村1社,4,2026-02-23,17:45,0.944,0.999
幸福村1社,4,2026-02-23,18:00,0.9537,0.967
幸福村1社,4,2026-02-23,18:15,0.9612,0.939
幸福村1社,4,2026-02-23,18:30,0.9699,0.935
幸福村1社,4,2026-02-23,18:45,0.9555,0.897
幸福村1社,4,2026-02-23,19:00,0.941,0.985
幸福村1社,4,2026-02-23,19:15,0.9511,0.995
幸福村1社,4,2026-02-23,19:30,0.9377,0.988
幸福村1社,4,2026-02-23,19:45,0.9543,0.916
幸福村1社,4,2026-02-23,20:00,0.9476,0.903
幸福村1社,4,2026-02-23,20:15,0.9405,0.97
幸福村1社,4,2026-02-23,20:30,0.9321,0.938
幸福村1社,4,2026-02-23,20:45,0.9387,0.986
幸福村1社,4,2026-02-23,21:00,0.9389,0.899
幸福村1社,4,2026-02-23,21:15,0.9117,0.985
幸福村1社,4,2026-02-23,21:30,0.9174,0.985
幸福村1社,4,2026-02-23,21:45,0.9178,0.993
幸福村1社,4,2026-02-23,22:00,0.904,0.849
幸福村1社,4,2026-02-23,22:15,0.9025,0.878
幸福村1社,4,2026-02-23,22:30,0.8861,0.912
幸福村1社,4,2026-02-23,22:45,0.8823,0.924
幸福村1社,4,2026-02-23,23:00,0.8648,0.815
幸福村1社,4,2026-02-23,23:15,0.8312,0.931
幸福村1社,4,2026-02-23,23:30,0.8468,0.92
幸福村1社,4,2026-02-23,23:45,0.8178,0.869
甘伍村3社,5,2026-04-11,00:00,1.0061,1.0
甘伍村3社,5,2026-04-11,00:15,1.0029,1.0
甘伍村3社,5,2026-04-11,00:30,1.0039,1.0
甘伍村3社,5,2026-04-11,00:45,1.0035,1.0
甘伍村3社,5,2026-04-11,01:00,1.0015,1.0
甘伍村3社,5,2026-04-11,01:15,1.0036,1.0
甘伍村3社,5,2026-04-11,01:30,1.0001,1.0
甘伍村3社,5,2026-04-11,01:45,0.9999,1.0
甘伍村3社,5,2026-04-11,02:00,1.0015,1.0
甘伍村3社,5,2026-04-11,02:15,1.0031,1.0
甘伍村3社,5,2026-04-11,02:30,0.9974,1.0
甘伍村3社,5,2026-04-11,02:45,1.0054,1.0
甘伍村3社,5,2026-04-11,03:00,1.0029,1.0
甘伍村3社,5,2026-04-11,03:15,1.0007,1.0
甘伍村3社,5,2026-04-11,03:30,0.9906,1.0
甘伍村3社,5,2026-04-11,03:45,1.002,1.0
甘伍村3社,5,2026-04-11,04:00,0.997,1.0
甘伍村3社,5,2026-04-11,04:15,0.9993,1.0
甘伍村3社,5,2026-04-11,04:30,0.9939,1.0
甘伍村3社,5,2026-04-11,04:45,0.9961,1.0
甘伍村3社,5,2026-04-11,05:00,0.9935,1.0
甘伍村3社,5,2026-04-11,05:15,0.9974,1.0
甘伍村3社,5,2026-04-11,05:30,0.9957,1.0
甘伍村3社,5,2026-04-11,05:45,0.9989,1.0
甘伍村3社,5,2026-04-11,06:00,0.9966,1.0
甘伍村3社,5,2026-04-11,06:15,0.9886,1.0
甘伍村3社,5,2026-04-11,06:30,0.9931,1.0
甘伍村3社,5,2026-04-11,06:45,0.9929,1.0
甘伍村3社,5,2026-04-11,07:00,0.9959,1.0
甘伍村3社,5,2026-04-11,07:15,0.9944,1.0
甘伍村3社,5,2026-04-11,07:30,0.9948,1.0
甘伍村3社,5,2026-04-11,07:45,0.9976,1.0
甘伍村3社,5,2026-04-11,08:00,0.9987,1.0
甘伍村3社,5,2026-04-11,08:15,0.9958,1.0
甘伍村3社,5,2026-04-11,08:30,1.0027,0.923
甘伍村3社,5,2026-04-11,08:45,0.993,0.921
甘伍村3社,5,2026-04-11,09:00,0.9992,1.0
甘伍村3社,5,2026-04-11,09:15,1.0025,1.0
甘伍村3社,5,2026-04-11,09:30,1.0056,1.0
甘伍村3社,5,2026-04-11,09:45,1.0005,1.0
甘伍村3社,5,2026-04-11,10:00,1.006,1.0
甘伍村3社,5,2026-04-11,10:15,1.005,1.0
甘伍村3社,5,2026-04-11,10:30,1.0043,1.0
甘伍村3社,5,2026-04-11,10:45,1.0054,1.0
甘伍村3社,5,2026-04-11,11:00,1.0077,1.0
甘伍村3社,5,2026-04-11,11:15,1.0032,1.0
甘伍村3社,5,2026-04-11,11:30,1.0043,1.0
甘伍村3社,5,2026-04-11,11:45,1.0036,1.0
甘伍村3社,5,2026-04-11,12:00,0.9982,1.0
甘伍村3社,5,2026-04-11,12:15,0.9976,1.0
甘伍村3社,5,2026-04-11,12:30,1.0016,1.0
甘伍村3社,5,2026-04-11,12:45,0.998,1.0
甘伍村3社,5,2026-04-11,13:00,0.9984,1.0
甘伍村3社,5,2026-04-11,13:15,0.9979,1.0
甘伍村3社,5,2026-04-11,13:30,0.9987,1.0
甘伍村3社,5,2026-04-11,13:45,1.0085,1.0
甘伍村3社,5,2026-04-11,14:00,0.9961,1.0
甘伍村3社,5,2026-04-11,14:15,1.0004,1.0
甘伍村3社,5,2026-04-11,14:30,0.9957,1.0
甘伍村3社,5,2026-04-11,14:45,1.0012,1.0
甘伍村3社,5,2026-04-11,15:00,1.0009,1.0
甘伍村3社,5,2026-04-11,15:15,1.0026,1.0
甘伍村3社,5,2026-04-11,15:30,1.0039,1.0
甘伍村3社,5,2026-04-11,15:45,0.9972,1.0
甘伍村3社,5,2026-04-11,16:00,1.0054,1.0
甘伍村3社,5,2026-04-11,16:15,0.9994,1.0
甘伍村3社,5,2026-04-11,16:30,0.9991,1.0
甘伍村3社,5,2026-04-11,16:45,0.9985,1.0
甘伍村3社,5,2026-04-11,17:00,1.0049,1.0
甘伍村3社,5,2026-04-11,17:15,0.9957,1.0
甘伍村3社,5,2026-04-11,17:30,1.0011,1.0
甘伍村3社,5,2026-04-11,17:45,0.9982,1.0
甘伍村3社,5,2026-04-11,18:00,0.9901,1.0
甘伍村3社,5,2026-04-11,18:15,0.9997,1.0
甘伍村3社,5,2026-04-11,18:30,0.9969,1.0
甘伍村3社,5,2026-04-11,18:45,1.0017,1.0
甘伍村3社,5,2026-04-11,19:00,1.002,0.909
甘伍村3社,5,2026-04-11,19:15,1.0008,0.918
甘伍村3社,5,2026-04-11,19:30,0.9942,1.0
甘伍村3社,5,2026-04-11,19:45,0.9916,1.0
甘伍村3社,5,2026-04-11,20:00,0.9837,1.0
甘伍村3社,5,2026-04-11,20:15,0.9915,1.0
甘伍村3社,5,2026-04-11,20:30,0.992,1.0
甘伍村3社,5,2026-04-11,20:45,0.9983,1.0
甘伍村3社,5,2026-04-11,21:00,1.0003,1.0
甘伍村3社,5,2026-04-11,21:15,0.9985,1.0
甘伍村3社,5,2026-04-11,21:30,0.9985,1.0
甘伍村3社,5,2026-04-11,21:45,0.9976,1.0
甘伍村3社,5,2026-04-11,22:00,0.9956,1.0
甘伍村3社,5,2026-04-11,22:15,0.9999,1.0
甘伍村3社,5,2026-04-11,22:30,0.9999,1.0
甘伍村3社,5,2026-04-11,22:45,0.999,1.0
甘伍村3社,5,2026-04-11,23:00,1.0012,1.0
甘伍村3社,5,2026-04-11,23:15,0.9989,1.0
甘伍村3社,5,2026-04-11,23:30,1.0037,1.0
甘伍村3社,5,2026-04-11,23:45,1.0013,1.0
甘伍村3社,5,2026-04-12,00:00,1.0003,1.0
甘伍村3社,5,2026-04-12,00:15,1.0012,1.0
甘伍村3社,5,2026-04-12,00:30,1.0008,1.0
甘伍村3社,5,2026-04-12,00:45,0.9979,1.0
甘伍村3社,5,2026-04-12,01:00,0.9964,1.0
甘伍村3社,5,2026-04-12,01:15,1.003,1.0
甘伍村3社,5,2026-04-12,01:30,1.0033,1.0
甘伍村3社,5,2026-04-12,01:45,1.0039,1.0
甘伍村3社,5,2026-04-12,02:00,0.999,1.0
甘伍村3社,5,2026-04-12,02:15,0.9999,1.0
甘伍村3社,5,2026-04-12,02:30,1.0,1.0
甘伍村3社,5,2026-04-12,02:45,1.0013,1.0
甘伍村3社,5,2026-04-12,03:00,0.9989,1.0
甘伍村3社,5,2026-04-12,03:15,0.9996,1.0
甘伍村3社,5,2026-04-12,03:30,1.0028,1.0
甘伍村3社,5,2026-04-12,03:45,1.0056,1.0
甘伍村3社,5,2026-04-12,04:00,0.9984,1.0
甘伍村3社,5,2026-04-12,04:15,0.9942,1.0
甘伍村3社,5,2026-04-12,04:30,0.9977,1.0
甘伍村3社,5,2026-04-12,04:45,0.9954,1.0
甘伍村3社,5,2026-04-12,05:00,0.9976,1.0
甘伍村3社,5,2026-04-12,05:15,0.9907,1.0
甘伍村3社,5,2026-04-12,05:30,0.9993,1.0
甘伍村3社,5,2026-04-12,05:45,0.9937,1.0
甘伍村3社,5,2026-04-12,06:00,0.991,1.0
甘伍村3社,5,2026-04-12,06:15,0.9922,1.0
甘伍村3社,5,2026-04-12,06:30,0.9883,1.0
甘伍村3社,5,2026-04-12,06:45,0.9886,1.0
甘伍村3社,5,2026-04-12,07:00,0.9882,1.0
甘伍村3社,5,2026-04-12,07:15,0.9946,1.0
甘伍村3社,5,2026-04-12,07:30,0.9938,1.0
甘伍村3社,5,2026-04-12,07:45,0.9986,1.0
甘伍村3社,5,2026-04-12,08:00,0.993,1.0
甘伍村3社,5,2026-04-12,08:15,0.9937,1.0
甘伍村3社,5,2026-04-12,08:30,0.9999,1.0
甘伍村3社,5,2026-04-12,08:45,0.998,1.0
甘伍村3社,5,2026-04-12,09:00,1.0015,1.0
甘伍村3社,5,2026-04-12,09:15,1.0006,1.0
甘伍村3社,5,2026-04-12,09:30,1.0038,1.0
甘伍村3社,5,2026-04-12,09:45,0.998,1.0
甘伍村3社,5,2026-04-12,10:00,1.0023,1.0
甘伍村3社,5,2026-04-12,10:15,1.0056,1.0
甘伍村3社,5,2026-04-12,10:30,1.0006,1.0
甘伍村3社,5,2026-04-12,10:45,0.999,1.0
甘伍村3社,5,2026-04-12,11:00,1.0024,1.0
甘伍村3社,5,2026-04-12,11:15,0.9983,1.0
甘伍村3社,5,2026-04-12,11:30,1.0031,1.0
甘伍村3社,5,2026-04-12,11:45,1.0018,1.0
甘伍村3社,5,2026-04-12,12:00,0.9976,1.0
甘伍村3社,5,2026-04-12,12:15,1.005,1.0
甘伍村3社,5,2026-04-12,12:30,1.0003,1.0
甘伍村3社,5,2026-04-12,12:45,0.998,1.0
甘伍村3社,5,2026-04-12,13:00,0.994,1.0
甘伍村3社,5,2026-04-12,13:15,1.0021,1.0
甘伍村3社,5,2026-04-12,13:30,0.9969,1.0
甘伍村3社,5,2026-04-12,13:45,0.9986,1.0
甘伍村3社,5,2026-04-12,14:00,0.9987,1.0
甘伍村3社,5,2026-04-12,14:15,1.0003,1.0
甘伍村3社,5,2026-04-12,14:30,0.9926,1.0
甘伍村3社,5,2026-04-12,14:45,1.0041,0.908
甘伍村3社,5,2026-04-12,15:00,1.0037,0.908
甘伍村3社,5,2026-04-12,15:15,1.0023,0.908
甘伍村3社,5,2026-04-12,15:30,1.0035,1.0
甘伍村3社,5,2026-04-12,15:45,1.0006,1.0
甘伍村3社,5,2026-04-12,16:00,0.999,1.0
甘伍村3社,5,2026-04-12,16:15,1.0045,1.0
甘伍村3社,5,2026-04-12,16:30,0.9959,1.0
甘伍村3社,5,2026-04-12,16:45,0.9923,1.0
甘伍村3社,5,2026-04-12,17:00,0.9961,1.0
甘伍村3社,5,2026-04-12,17:15,0.9913,1.0
甘伍村3社,5,2026-04-12,17:30,1.0047,1.0
甘伍村3社,5,2026-04-12,17:45,0.9966,1.0
甘伍村3社,5,2026-04-12,18:00,0.9947,1.0
甘伍村3社,5,2026-04-12,18:15,0.9977,1.0
甘伍村3社,5,2026-04-12,18:30,0.9956,1.0
甘伍村3社,5,2026-04-12,18:45,1.0007,1.0
甘伍村3社,5,2026-04-12,19:00,0.9974,1.0
甘伍村3社,5,2026-04-12,19:15,0.9938,1.0
甘伍村3社,5,2026-04-12,19:30,1.0013,1.0
甘伍村3社,5,2026-04-12,19:45,0.9884,1.0
甘伍村3社,5,2026-04-12,20:00,0.9838,1.0
甘伍村3社,5,2026-04-12,20:15,0.9925,1.0
甘伍村3社,5,2026-04-12,20:30,0.9956,1.0
甘伍村3社,5,2026-04-12,20:45,0.9957,1.0
甘伍村3社,5,2026-04-12,21:00,0.9988,1.0
甘伍村3社,5,2026-04-12,21:15,0.9991,1.0
甘伍村3社,5,2026-04-12,21:30,0.9964,1.0
甘伍村3社,5,2026-04-12,21:45,0.9944,1.0
甘伍村3社,5,2026-04-12,22:00,0.9974,1.0
甘伍村3社,5,2026-04-12,22:15,0.9981,1.0
甘伍村3社,5,2026-04-12,22:30,1.0016,1.0
甘伍村3社,5,2026-04-12,22:45,0.9976,1.0
甘伍村3社,5,2026-04-12,23:00,1.0016,1.0
甘伍村3社,5,2026-04-12,23:15,0.9987,1.0
甘伍村3社,5,2026-04-12,23:30,1.0,1.0
甘伍村3社,5,2026-04-12,23:45,0.9975,1.0
甘伍村3社,5,2026-04-13,00:00,0.9976,1.0
甘伍村3社,5,2026-04-13,00:15,0.9984,1.0
甘伍村3社,5,2026-04-13,00:30,0.9979,1.0
甘伍村3社,5,2026-04-13,00:45,1.0005,1.0
甘伍村3社,5,2026-04-13,01:00,1.0027,1.0
甘伍村3社,5,2026-04-13,01:15,0.9928,1.0
甘伍村3社,5,2026-04-13,01:30,0.9979,1.0
甘伍村3社,5,2026-04-13,01:45,0.9938,1.0
甘伍村3社,5,2026-04-13,02:00,1.003,1.0
甘伍村3社,5,2026-04-13,02:15,0.9939,1.0
甘伍村3社,5,2026-04-13,02:30,0.9969,1.0
甘伍村3社,5,2026-04-13,02:45,1.0007,1.0
甘伍村3社,5,2026-04-13,03:00,0.9997,1.0
甘伍村3社,5,2026-04-13,03:15,1.0002,1.0
甘伍村3社,5,2026-04-13,03:30,1.0033,1.0
甘伍村3社,5,2026-04-13,03:45,1.0006,1.0
甘伍村3社,5,2026-04-13,04:00,0.9943,1.0
甘伍村3社,5,2026-04-13,04:15,0.9916,1.0
甘伍村3社,5,2026-04-13,04:30,0.9973,1.0
甘伍村3社,5,2026-04-13,04:45,0.9948,1.0
甘伍村3社,5,2026-04-13,05:00,0.9947,1.0
甘伍村3社,5,2026-04-13,05:15,0.9977,0.91
甘伍村3社,5,2026-04-13,05:30,0.9974,0.907
甘伍村3社,5,2026-04-13,05:45,0.9941,1.0
甘伍村3社,5,2026-04-13,06:00,0.9954,1.0
甘伍村3社,5,2026-04-13,06:15,0.9935,1.0
甘伍村3社,5,2026-04-13,06:30,0.989,1.0
甘伍村3社,5,2026-04-13,06:45,0.9875,1.0
甘伍村3社,5,2026-04-13,07:00,0.9906,1.0
甘伍村3社,5,2026-04-13,07:15,0.9946,1.0
甘伍村3社,5,2026-04-13,07:30,0.9956,1.0
甘伍村3社,5,2026-04-13,07:45,0.9964,1.0
甘伍村3社,5,2026-04-13,08:00,0.9939,1.0
甘伍村3社,5,2026-04-13,08:15,0.9958,1.0
甘伍村3社,5,2026-04-13,08:30,0.9973,1.0
甘伍村3社,5,2026-04-13,08:45,0.9955,1.0
甘伍村3社,5,2026-04-13,09:00,1.0007,1.0
甘伍村3社,5,2026-04-13,09:15,1.0005,1.0
甘伍村3社,5,2026-04-13,09:30,0.9969,1.0
甘伍村3社,5,2026-04-13,09:45,1.0,1.0
甘伍村3社,5,2026-04-13,10:00,0.9991,1.0
甘伍村3社,5,2026-04-13,10:15,1.0028,1.0
甘伍村3社,5,2026-04-13,10:30,1.002,1.0
甘伍村3社,5,2026-04-13,10:45,0.9976,1.0
甘伍村3社,5,2026-04-13,11:00,1.0071,1.0
甘伍村3社,5,2026-04-13,11:15,1.0015,1.0
甘伍村3社,5,2026-04-13,11:30,0.9959,1.0
甘伍村3社,5,2026-04-13,11:45,0.9978,1.0
甘伍村3社,5,2026-04-13,12:00,0.999,1.0
甘伍村3社,5,2026-04-13,12:15,1.0032,1.0
甘伍村3社,5,2026-04-13,12:30,0.997,1.0
甘伍村3社,5,2026-04-13,12:45,0.9994,1.0
甘伍村3社,5,2026-04-13,13:00,0.9983,1.0
甘伍村3社,5,2026-04-13,13:15,1.0024,1.0
甘伍村3社,5,2026-04-13,13:30,0.9998,1.0
甘伍村3社,5,2026-04-13,13:45,1.0037,1.0
甘伍村3社,5,2026-04-13,14:00,0.9983,1.0
甘伍村3社,5,2026-04-13,14:15,1.0003,1.0
甘伍村3社,5,2026-04-13,14:30,0.9968,1.0
甘伍村3社,5,2026-04-13,14:45,1.0014,1.0
甘伍村3社,5,2026-04-13,15:00,1.0055,1.0
甘伍村3社,5,2026-04-13,15:15,0.9974,1.0
甘伍村3社,5,2026-04-13,15:30,1.0018,1.0
甘伍村3社,5,2026-04-13,15:45,1.0036,1.0
甘伍村3社,5,2026-04-13,16:00,0.9969,1.0
甘伍村3社,5,2026-04-13,16:15,1.0017,1.0
甘伍村3社,5,2026-04-13,16:30,0.9965,1.0
甘伍村3社,5,2026-04-13,16:45,0.9934,1.0
甘伍村3社,5,2026-04-13,17:00,0.9995,1.0
甘伍村3社,5,2026-04-13,17:15,0.9981,1.0
甘伍村3社,5,2026-04-13,17:30,1.003,1.0
甘伍村3社,5,2026-04-13,17:45,0.9973,1.0
甘伍村3社,5,2026-04-13,18:00,0.9994,1.0
甘伍村3社,5,2026-04-13,18:15,0.9994,1.0
甘伍村3社,5,2026-04-13,18:30,0.9948,1.0
甘伍村3社,5,2026-04-13,18:45,0.9974,1.0
甘伍村3社,5,2026-04-13,19:00,1.0046,1.0
甘伍村3社,5,2026-04-13,19:15,0.9958,1.0
甘伍村3社,5,2026-04-13,19:30,0.9932,1.0
甘伍村3社,5,2026-04-13,19:45,0.9888,1.0
甘伍村3社,5,2026-04-13,20:00,0.9842,1.0
甘伍村3社,5,2026-04-13,20:15,0.9906,1.0
甘伍村3社,5,2026-04-13,20:30,0.9918,1.0
甘伍村3社,5,2026-04-13,20:45,1.0001,1.0
甘伍村3社,5,2026-04-13,21:00,1.0011,1.0
甘伍村3社,5,2026-04-13,21:15,0.999,1.0
甘伍村3社,5,2026-04-13,21:30,0.9999,1.0
甘伍村3社,5,2026-04-13,21:45,0.9954,1.0
甘伍村3社,5,2026-04-13,22:00,1.0007,1.0
甘伍村3社,5,2026-04-13,22:15,1.0018,1.0
甘伍村3社,5,2026-04-13,22:30,0.9998,1.0
甘伍村3社,5,2026-04-13,22:45,0.9967,1.0
甘伍村3社,5,2026-04-13,23:00,1.0019,1.0
甘伍村3社,5,2026-04-13,23:15,0.9996,1.0
甘伍村3社,5,2026-04-13,23:30,0.9986,1.0
甘伍村3社,5,2026-04-13,23:45,0.9977,1.0
马鞍村1社,6,2026-02-02,00:00,0.8679,0.83
马鞍村1社,6,2026-02-02,00:15,0.8616,0.876
马鞍村1社,6,2026-02-02,00:30,0.8359,0.834
马鞍村1社,6,2026-02-02,00:45,0.8483,0.883
马鞍村1社,6,2026-02-02,01:00,0.8485,0.863
马鞍村1社,6,2026-02-02,01:15,0.839,0.889
马鞍村1社,6,2026-02-02,01:30,0.8501,0.864
马鞍村1社,6,2026-02-02,01:45,0.8109,0.862
马鞍村1社,6,2026-02-02,02:00,0.8194,0.848
马鞍村1社,6,2026-02-02,02:15,0.7942,0.8
马鞍村1社,6,2026-02-02,02:30,0.8175,0.823
马鞍村1社,6,2026-02-02,02:45,0.8049,0.794
马鞍村1社,6,2026-02-02,03:00,0.8075,0.808
马鞍村1社,6,2026-02-02,03:15,0.789,0.763
马鞍村1社,6,2026-02-02,03:30,0.8013,0.931
马鞍村1社,6,2026-02-02,03:45,0.8182,0.762
马鞍村1社,6,2026-02-02,04:00,0.8049,0.798
马鞍村1社,6,2026-02-02,04:15,0.7937,0.869
马鞍村1社,6,2026-02-02,04:30,0.7977,0.852
马鞍村1社,6,2026-02-02,04:45,0.7976,0.826
马鞍村1社,6,2026-02-02,05:00,0.8019,0.846
马鞍村1社,6,2026-02-02,05:15,0.8055,0.949
马鞍村1社,6,2026-02-02,05:30,0.8001,0.882
马鞍村1社,6,2026-02-02,05:45,0.806,0.815
马鞍村1社,6,2026-02-02,06:00,0.8081,0.713
马鞍村1社,6,2026-02-02,06:15,0.8195,0.796
马鞍村1社,6,2026-02-02,06:30,0.832,0.864
马鞍村1社,6,2026-02-02,06:45,0.8266,0.723
马鞍村1社,6,2026-02-02,07:00,0.8487,0.863
马鞍村1社,6,2026-02-02,07:15,0.8709,0.836
马鞍村1社,6,2026-02-02,07:30,0.9096,0.79
马鞍村1社,6,2026-02-02,07:45,0.9189,0.976
马鞍村1社,6,2026-02-02,08:00,0.9539,0.979
马鞍村1社,6,2026-02-02,08:15,0.9749,0.979
马鞍村1社,6,2026-02-02,08:30,0.9836,0.997
马鞍村1社,6,2026-02-02,08:45,0.9874,0.991
马鞍村1社,6,2026-02-02,09:00,0.9864,1.0
马鞍村1社,6,2026-02-02,09:15,0.9824,0.997
马鞍村1社,6,2026-02-02,09:30,0.9836,0.989
马鞍村1社,6,2026-02-02,09:45,0.9779,0.991
马鞍村1社,6,2026-02-02,10:00,0.9708,0.997
马鞍村1社,6,2026-02-02,10:15,0.9426,0.992
马鞍村1社,6,2026-02-02,10:30,0.9485,0.994
马鞍村1社,6,2026-02-02,10:45,0.9086,0.935
马鞍村1社,6,2026-02-02,11:00,0.9069,0.967
马鞍村1社,6,2026-02-02,11:15,0.9168,0.826
马鞍村1社,6,2026-02-02,11:30,0.9156,0.939
马鞍村1社,6,2026-02-02,11:45,0.9063,0.988
马鞍村1社,6,2026-02-02,12:00,0.9124,0.954
马鞍村1社,6,2026-02-02,12:15,0.9163,0.954
马鞍村1社,6,2026-02-02,12:30,0.9168,0.981
马鞍村1社,6,2026-02-02,12:45,0.8886,0.99
马鞍村1社,6,2026-02-02,13:00,0.889,0.953
马鞍村1社,6,2026-02-02,13:15,0.8985,0.944
马鞍村1社,6,2026-02-02,13:30,0.905,0.99
马鞍村1社,6,2026-02-02,13:45,0.8983,0.968
马鞍村1社,6,2026-02-02,14:00,0.9172,0.848
马鞍村1社,6,2026-02-02,14:15,0.9181,0.948
马鞍村1社,6,2026-02-02,14:30,0.8931,0.845
马鞍村1社,6,2026-02-02,14:45,0.9088,0.945
马鞍村1社,6,2026-02-02,15:00,0.9153,0.938
马鞍村1社,6,2026-02-02,15:15,0.9349,0.966
马鞍村1社,6,2026-02-02,15:30,0.9568,0.974
马鞍村1社,6,2026-02-02,15:45,0.9428,0.99
马鞍村1社,6,2026-02-02,16:00,0.9403,0.989
马鞍村1社,6,2026-02-02,16:15,0.9643,0.954
马鞍村1社,6,2026-02-02,16:30,0.9696,0.981
马鞍村1社,6,2026-02-02,16:45,0.96,0.988
马鞍村1社,6,2026-02-02,17:00,0.9753,0.818
马鞍村1社,6,2026-02-02,17:15,0.9839,0.996
马鞍村1社,6,2026-02-02,17:30,0.9838,0.99
马鞍村1社,6,2026-02-02,17:45,0.9656,0.99
马鞍村1社,6,2026-02-02,18:00,0.9824,0.993
马鞍村1社,6,2026-02-02,18:15,0.9783,0.901
马鞍村1社,6,2026-02-02,18:30,0.9725,0.975
马鞍村1社,6,2026-02-02,18:45,0.9582,0.985
马鞍村1社,6,2026-02-02,19:00,0.9638,0.99
马鞍村1社,6,2026-02-02,19:15,0.9502,0.976
马鞍村1社,6,2026-02-02,19:30,0.9436,0.965
马鞍村1社,6,2026-02-02,19:45,0.9559,0.987
马鞍村1社,6,2026-02-02,20:00,0.9655,0.981
马鞍村1社,6,2026-02-02,20:15,0.9532,0.968
马鞍村1社,6,2026-02-02,20:30,0.9485,0.995
马鞍村1社,6,2026-02-02,20:45,0.9506,0.965
马鞍村1社,6,2026-02-02,21:00,0.9589,0.988
马鞍村1社,6,2026-02-02,21:15,0.9582,0.977
马鞍村1社,6,2026-02-02,21:30,0.9563,0.972
马鞍村1社,6,2026-02-02,21:45,0.9638,0.966
马鞍村1社,6,2026-02-02,22:00,0.9416,0.945
马鞍村1社,6,2026-02-02,22:15,0.942,0.948
马鞍村1社,6,2026-02-02,22:30,0.9393,0.969
马鞍村1社,6,2026-02-02,22:45,0.911,0.775
马鞍村1社,6,2026-02-02,23:00,0.9067,0.79
马鞍村1社,6,2026-02-02,23:15,0.8821,0.792
马鞍村1社,6,2026-02-02,23:30,0.8703,0.855
马鞍村1社,6,2026-02-02,23:45,0.8563,0.797
马鞍村1社,6,2026-02-03,00:00,0.8613,0.868
马鞍村1社,6,2026-02-03,00:15,0.8496,0.801
马鞍村1社,6,2026-02-03,00:30,0.8443,0.84
马鞍村1社,6,2026-02-03,00:45,0.8282,0.796
马鞍村1社,6,2026-02-03,01:00,0.827,0.781
马鞍村1社,6,2026-02-03,01:15,0.8406,0.711
马鞍村1社,6,2026-02-03,01:30,0.839,0.826
马鞍村1社,6,2026-02-03,01:45,0.807,0.747
马鞍村1社,6,2026-02-03,02:00,0.8123,0.816
马鞍村1社,6,2026-02-03,02:15,0.8082,0.75
马鞍村1社,6,2026-02-03,02:30,0.8059,0.784
马鞍村1社,6,2026-02-03,02:45,0.79,0.733
马鞍村1社,6,2026-02-03,03:00,0.7971,0.761
马鞍村1社,6,2026-02-03,03:15,0.7926,0.734
马鞍村1社,6,2026-02-03,03:30,0.7961,0.792
马鞍村1社,6,2026-02-03,03:45,0.8036,0.782
马鞍村1社,6,2026-02-03,04:00,0.7859,0.734
马鞍村1社,6,2026-02-03,04:15,0.7788,0.729
马鞍村1社,6,2026-02-03,04:30,0.782,0.817
马鞍村1社,6,2026-02-03,04:45,0.7851,0.776
马鞍村1社,6,2026-02-03,05:00,0.7858,0.831
马鞍村1社,6,2026-02-03,05:15,0.7963,0.822
马鞍村1社,6,2026-02-03,05:30,0.7947,0.712
马鞍村1社,6,2026-02-03,05:45,0.7996,0.768
马鞍村1社,6,2026-02-03,06:00,0.8034,0.919
马鞍村1社,6,2026-02-03,06:15,0.8206,0.812
马鞍村1社,6,2026-02-03,06:30,0.8259,0.814
马鞍村1社,6,2026-02-03,06:45,0.8158,0.808
马鞍村1社,6,2026-02-03,07:00,0.8625,0.759
马鞍村1社,6,2026-02-03,07:15,0.8707,0.93
马鞍村1社,6,2026-02-03,07:30,0.908,0.805
马鞍村1社,6,2026-02-03,07:45,0.9333,0.855
马鞍村1社,6,2026-02-03,08:00,0.9626,0.978
马鞍村1社,6,2026-02-03,08:15,0.9756,0.985
马鞍村1社,6,2026-02-03,08:30,0.9859,0.977
马鞍村1社,6,2026-02-03,08:45,0.9998,0.999
马鞍村1社,6,2026-02-03,09:00,0.9873,1.0
马鞍村1社,6,2026-02-03,09:15,0.9763,0.996
马鞍村1社,6,2026-02-03,09:30,0.9759,0.96
马鞍村1社,6,2026-02-03,09:45,0.9714,0.997
马鞍村1社,6,2026-02-03,10:00,0.9723,0.977
马鞍村1社,6,2026-02-03,10:15,0.9708,0.982
马鞍村1社,6,2026-02-03,10:30,0.9503,0.975
马鞍村1社,6,2026-02-03,10:45,0.9097,0.987
马鞍村1社,6,2026-02-03,11:00,0.9204,0.97
马鞍村1社,6,2026-02-03,11:15,0.9097,0.937
马鞍村1社,6,2026-02-03,11:30,0.9086,0.774
马鞍村1社,6,2026-02-03,11:45,0.8943,0.958
马鞍村1社,6,2026-02-03,12:00,0.9126,0.709
马鞍村1社,6,2026-02-03,12:15,0.9113,0.976
马鞍村1社,6,2026-02-03,12:30,0.9076,0.967
马鞍村1社,6,2026-02-03,12:45,0.8954,0.929
马鞍村1社,6,2026-02-03,13:00,0.9023,0.696
马鞍村1社,6,2026-02-03,13:15,0.9203,0.8
马鞍村1社,6,2026-02-03,13:30,0.9346,0.955
马鞍村1社,6,2026-02-03,13:45,0.905,0.919
马鞍村1社,6,2026-02-03,14:00,0.9256,0.975
马鞍村1社,6,2026-02-03,14:15,0.9153,0.975
马鞍村1社,6,2026-02-03,14:30,0.9008,0.982
马鞍村1社,6,2026-02-03,14:45,0.9215,0.95
马鞍村1社,6,2026-02-03,15:00,0.9242,0.911
马鞍村1社,6,2026-02-03,15:15,0.9375,0.988
马鞍村1社,6,2026-02-03,15:30,0.9422,0.977
马鞍村1社,6,2026-02-03,15:45,0.9249,0.839
马鞍村1社,6,2026-02-03,16:00,0.9527,0.901
马鞍村1社,6,2026-02-03,16:15,0.9547,0.978
马鞍村1社,6,2026-02-03,16:30,0.9712,0.996
马鞍村1社,6,2026-02-03,16:45,0.9749,0.943
马鞍村1社,6,2026-02-03,17:00,0.9727,0.974
马鞍村1社,6,2026-02-03,17:15,0.9716,0.993
马鞍村1社,6,2026-02-03,17:30,0.9845,0.999
马鞍村1社,6,2026-02-03,17:45,0.9799,0.997
马鞍村1社,6,2026-02-03,18:00,0.9912,0.992
马鞍村1社,6,2026-02-03,18:15,0.9759,0.972
马鞍村1社,6,2026-02-03,18:30,0.9812,0.977
马鞍村1社,6,2026-02-03,18:45,0.9733,0.973
马鞍村1社,6,2026-02-03,19:00,0.9601,0.975
马鞍村1社,6,2026-02-03,19:15,0.9574,0.858
马鞍村1社,6,2026-02-03,19:30,0.9454,0.945
马鞍村1社,6,2026-02-03,19:45,0.9652,0.89
马鞍村1社,6,2026-02-03,20:00,0.9576,0.975
马鞍村1社,6,2026-02-03,20:15,0.9707,0.99
马鞍村1社,6,2026-02-03,20:30,0.9548,0.947
马鞍村1社,6,2026-02-03,20:45,0.9664,0.968
马鞍村1社,6,2026-02-03,21:00,0.9743,0.977
马鞍村1社,6,2026-02-03,21:15,0.9631,0.987
马鞍村1社,6,2026-02-03,21:30,0.9618,0.965
马鞍村1社,6,2026-02-03,21:45,0.9649,0.913
马鞍村1社,6,2026-02-03,22:00,0.9458,0.973
马鞍村1社,6,2026-02-03,22:15,0.9287,0.987
马鞍村1社,6,2026-02-03,22:30,0.9253,0.948
马鞍村1社,6,2026-02-03,22:45,0.9018,0.976
马鞍村1社,6,2026-02-03,23:00,0.9037,0.968
马鞍村1社,6,2026-02-03,23:15,0.8712,0.907
马鞍村1社,6,2026-02-03,23:30,0.863,0.908
马鞍村1社,6,2026-02-03,23:45,0.8589,0.865
马鞍村1社,6,2026-02-04,00:00,0.8502,0.922
马鞍村1社,6,2026-02-04,00:15,0.8507,0.851
马鞍村1社,6,2026-02-04,00:30,0.8375,0.907
马鞍村1社,6,2026-02-04,00:45,0.8161,0.958
马鞍村1社,6,2026-02-04,01:00,0.827,0.831
马鞍村1社,6,2026-02-04,01:15,0.8329,0.925
马鞍村1社,6,2026-02-04,01:30,0.8297,0.92
马鞍村1社,6,2026-02-04,01:45,0.784,0.897
马鞍村1社,6,2026-02-04,02:00,0.8182,0.89
马鞍村1社,6,2026-02-04,02:15,0.7994,0.9
马鞍村1社,6,2026-02-04,02:30,0.795,0.855
马鞍村1社,6,2026-02-04,02:45,0.7947,0.923
马鞍村1社,6,2026-02-04,03:00,0.7811,0.907
马鞍村1社,6,2026-02-04,03:15,0.7891,0.905
马鞍村1社,6,2026-02-04,03:30,0.789,0.902
马鞍村1社,6,2026-02-04,03:45,0.805,0.849
马鞍村1社,6,2026-02-04,04:00,0.7882,0.806
马鞍村1社,6,2026-02-04,04:15,0.7891,0.851
马鞍村1社,6,2026-02-04,04:30,0.7824,0.77
马鞍村1社,6,2026-02-04,04:45,0.7872,0.808
马鞍村1社,6,2026-02-04,05:00,0.7889,0.913
马鞍村1社,6,2026-02-04,05:15,0.7966,0.882
马鞍村1社,6,2026-02-04,05:30,0.7749,0.769
马鞍村1社,6,2026-02-04,05:45,0.7977,0.821
马鞍村1社,6,2026-02-04,06:00,0.7977,0.794
马鞍村1社,6,2026-02-04,06:15,0.7869,0.898
马鞍村1社,6,2026-02-04,06:30,0.8229,0.756
马鞍村1社,6,2026-02-04,06:45,0.8178,0.804
马鞍村1社,6,2026-02-04,07:00,0.8268,0.819
马鞍村1社,6,2026-02-04,07:15,0.8624,0.761
马鞍村1社,6,2026-02-04,07:30,0.8989,0.959
马鞍村1社,6,2026-02-04,07:45,0.9233,0.983
马鞍村1社,6,2026-02-04,08:00,0.9641,0.977
马鞍村1社,6,2026-02-04,08:15,0.9761,0.992
马鞍村1社,6,2026-02-04,08:30,0.9789,0.988
马鞍村1社,6,2026-02-04,08:45,0.9906,0.997
马鞍村1社,6,2026-02-04,09:00,0.989,0.992
马鞍村1社,6,2026-02-04,09:15,0.9783,0.994
马鞍村1社,6,2026-02-04,09:30,0.9713,0.981
马鞍村1社,6,2026-02-04,09:45,0.9694,0.988
马鞍村1社,6,2026-02-04,10:00,0.9612,0.992
马鞍村1社,6,2026-02-04,10:15,0.9407,0.997
马鞍村1社,6,2026-02-04,10:30,0.9427,0.976
马鞍村1社,6,2026-02-04,10:45,0.8904,0.972
马鞍村1社,6,2026-02-04,11:00,0.8973,0.988
马鞍村1社,6,2026-02-04,11:15,0.9011,0.994
马鞍村1社,6,2026-02-04,11:30,0.8893,0.985
马鞍村1社,6,2026-02-04,11:45,0.9102,0.98
马鞍村1社,6,2026-02-04,12:00,0.9008,0.994
马鞍村1社,6,2026-02-04,12:15,0.9048,0.957
马鞍村1社,6,2026-02-04,12:30,0.9152,0.956
马鞍村1社,6,2026-02-04,12:45,0.886,0.874
马鞍村1社,6,2026-02-04,13:00,0.9055,0.962
马鞍村1社,6,2026-02-04,13:15,0.9203,0.877
马鞍村1社,6,2026-02-04,13:30,0.9092,0.959
马鞍村1社,6,2026-02-04,13:45,0.9217,0.982
马鞍村1社,6,2026-02-04,14:00,0.9206,0.927
马鞍村1社,6,2026-02-04,14:15,0.897,0.908
马鞍村1社,6,2026-02-04,14:30,0.892,0.961
马鞍村1社,6,2026-02-04,14:45,0.925,0.946
马鞍村1社,6,2026-02-04,15:00,0.9177,0.975
马鞍村1社,6,2026-02-04,15:15,0.9573,0.971
马鞍村1社,6,2026-02-04,15:30,0.9521,0.9
马鞍村1社,6,2026-02-04,15:45,0.9546,0.856
马鞍村1社,6,2026-02-04,16:00,0.9554,0.965
马鞍村1社,6,2026-02-04,16:15,0.9735,0.955
马鞍村1社,6,2026-02-04,16:30,0.9628,0.991
马鞍村1社,6,2026-02-04,16:45,0.9616,0.98
马鞍村1社,6,2026-02-04,17:00,0.9717,0.981
马鞍村1社,6,2026-02-04,17:15,0.9732,0.984
马鞍村1社,6,2026-02-04,17:30,0.9778,0.998
马鞍村1社,6,2026-02-04,17:45,0.9884,0.944
马鞍村1社,6,2026-02-04,18:00,0.9726,0.994
马鞍村1社,6,2026-02-04,18:15,0.9659,0.998
马鞍村1社,6,2026-02-04,18:30,0.9869,0.993
马鞍村1社,6,2026-02-04,18:45,0.9689,0.992
马鞍村1社,6,2026-02-04,19:00,0.9475,0.988
马鞍村1社,6,2026-02-04,19:15,0.9424,0.987
马鞍村1社,6,2026-02-04,19:30,0.9386,0.996
马鞍村1社,6,2026-02-04,19:45,0.9584,0.981
马鞍村1社,6,2026-02-04,20:00,0.9542,0.922
马鞍村1社,6,2026-02-04,20:15,0.9672,0.912
马鞍村1社,6,2026-02-04,20:30,0.9591,0.965
马鞍村1社,6,2026-02-04,20:45,0.9564,0.924
马鞍村1社,6,2026-02-04,21:00,0.9658,0.994
马鞍村1社,6,2026-02-04,21:15,0.9483,0.959
马鞍村1社,6,2026-02-04,21:30,0.9541,0.971
马鞍村1社,6,2026-02-04,21:45,0.9542,0.964
马鞍村1社,6,2026-02-04,22:00,0.9277,0.961
马鞍村1社,6,2026-02-04,22:15,0.9258,0.957
马鞍村1社,6,2026-02-04,22:30,0.9306,0.966
马鞍村1社,6,2026-02-04,22:45,0.914,0.959
马鞍村1社,6,2026-02-04,23:00,0.8969,0.912
马鞍村1社,6,2026-02-04,23:15,0.8717,0.85
马鞍村1社,6,2026-02-04,23:30,0.8639,0.86
马鞍村1社,6,2026-02-04,23:45,0.8442,0.919
马鞍村1社,7,2026-03-19,00:00,0.7824,0.776
马鞍村1社,7,2026-03-19,00:15,0.7825,0.752
马鞍村1社,7,2026-03-19,00:30,0.7607,0.697
马鞍村1社,7,2026-03-19,00:45,0.7693,0.755
马鞍村1社,7,2026-03-19,01:00,0.7585,0.701
马鞍村1社,7,2026-03-19,01:15,0.7595,0.732
马鞍村1社,7,2026-03-19,01:30,0.7477,0.731
马鞍村1社,7,2026-03-19,01:45,0.7473,0.731
马鞍村1社,7,2026-03-19,02:00,0.7422,0.713
马鞍村1社,7,2026-03-19,02:15,0.7321,0.746
马鞍村1社,7,2026-03-19,02:30,0.7406,0.685
马鞍村1社,7,2026-03-19,02:45,0.7361,0.763
马鞍村1社,7,2026-03-19,03:00,0.7297,0.67
马鞍村1社,7,2026-03-19,03:15,0.727,0.801
马鞍村1社,7,2026-03-19,03:30,0.7252,0.753
马鞍村1社,7,2026-03-19,03:45,0.7288,0.773
马鞍村1社,7,2026-03-19,04:00,0.7254,0.677
马鞍村1社,7,2026-03-19,04:15,0.7371,0.704
马鞍村1社,7,2026-03-19,04:30,0.7343,0.725
马鞍村1社,7,2026-03-19,04:45,0.7279,0.682
马鞍村1社,7,2026-03-19,05:00,0.7417,0.786
马鞍村1社,7,2026-03-19,05:15,0.7288,0.715
马鞍村1社,7,2026-03-19,05:30,0.7285,0.82
马鞍村1社,7,2026-03-19,05:45,0.7363,0.778
马鞍村1社,7,2026-03-19,06:00,0.7586,0.69
马鞍村1社,7,2026-03-19,06:15,0.7486,0.769
马鞍村1社,7,2026-03-19,06:30,0.7972,0.839
马鞍村1社,7,2026-03-19,06:45,0.8111,0.707
马鞍村1社,7,2026-03-19,07:00,0.8509,0.766
马鞍村1社,7,2026-03-19,07:15,0.8876,0.961
马鞍村1社,7,2026-03-19,07:30,0.9053,0.911
马鞍村1社,7,2026-03-19,07:45,0.9301,0.928
马鞍村1社,7,2026-03-19,08:00,0.9696,0.979
马鞍村1社,7,2026-03-19,08:15,0.9689,0.98
马鞍村1社,7,2026-03-19,08:30,0.9813,0.993
马鞍村1社,7,2026-03-19,08:45,0.9854,0.999
马鞍村1社,7,2026-03-19,09:00,0.9809,0.993
马鞍村1社,7,2026-03-19,09:15,0.9452,0.996
马鞍村1社,7,2026-03-19,09:30,0.9294,0.997
马鞍村1社,7,2026-03-19,09:45,0.9092,0.996
马鞍村1社,7,2026-03-19,10:00,0.9015,0.952
马鞍村1社,7,2026-03-19,10:15,0.8853,0.992
马鞍村1社,7,2026-03-19,10:30,0.8754,0.886
马鞍村1社,7,2026-03-19,10:45,0.8653,0.907
马鞍村1社,7,2026-03-19,11:00,0.8615,0.786
马鞍村1社,7,2026-03-19,11:15,0.8527,0.881
马鞍村1社,7,2026-03-19,11:30,0.8538,0.879
马鞍村1社,7,2026-03-19,11:45,0.8643,0.74
马鞍村1社,7,2026-03-19,12:00,0.8754,0.736
马鞍村1社,7,2026-03-19,12:15,0.8757,0.96
马鞍村1社,7,2026-03-19,12:30,0.8812,0.975
马鞍村1社,7,2026-03-19,12:45,0.8608,0.83
马鞍村1社,7,2026-03-19,13:00,0.8552,0.726
马鞍村1社,7,2026-03-19,13:15,0.8579,0.943
马鞍村1社,7,2026-03-19,13:30,0.8954,0.975
马鞍村1社,7,2026-03-19,13:45,0.852,0.779
马鞍村1社,7,2026-03-19,14:00,0.8626,0.754
马鞍村1社,7,2026-03-19,14:15,0.8426,0.817
马鞍村1社,7,2026-03-19,14:30,0.8458,0.815
马鞍村1社,7,2026-03-19,14:45,0.8755,0.909
马鞍村1社,7,2026-03-19,15:00,0.8758,0.901
马鞍村1社,7,2026-03-19,15:15,0.8889,0.956
马鞍村1社,7,2026-03-19,15:30,0.9048,0.991
马鞍村1社,7,2026-03-19,15:45,0.9103,0.978
马鞍村1社,7,2026-03-19,16:00,0.9146,0.963
马鞍村1社,7,2026-03-19,16:15,0.9213,0.989
马鞍村1社,7,2026-03-19,16:30,0.9317,0.992
马鞍村1社,7,2026-03-19,16:45,0.9375,0.996
马鞍村1社,7,2026-03-19,17:00,0.9329,0.981
马鞍村1社,7,2026-03-19,17:15,0.9273,0.993
马鞍村1社,7,2026-03-19,17:30,0.9447,0.966
马鞍村1社,7,2026-03-19,17:45,0.9573,0.965
马鞍村1社,7,2026-03-19,18:00,0.9256,0.977
马鞍村1社,7,2026-03-19,18:15,0.9342,0.794
马鞍村1社,7,2026-03-19,18:30,0.9213,0.965
马鞍村1社,7,2026-03-19,18:45,0.9153,0.988
马鞍村1社,7,2026-03-19,19:00,0.9039,0.963
马鞍村1社,7,2026-03-19,19:15,0.9138,0.875
马鞍村1社,7,2026-03-19,19:30,0.9069,0.967
马鞍村1社,7,2026-03-19,19:45,0.9082,0.966
马鞍村1社,7,2026-03-19,20:00,0.9008,0.96
马鞍村1社,7,2026-03-19,20:15,0.9202,0.956
马鞍村1社,7,2026-03-19,20:30,0.9174,0.904
马鞍村1社,7,2026-03-19,20:45,0.9054,0.958
马鞍村1社,7,2026-03-19,21:00,0.9004,0.974
马鞍村1社,7,2026-03-19,21:15,0.898,0.888
马鞍村1社,7,2026-03-19,21:30,0.8912,0.919
马鞍村1社,7,2026-03-19,21:45,0.8798,0.946
马鞍村1社,7,2026-03-19,22:00,0.8687,0.855
马鞍村1社,7,2026-03-19,22:15,0.8525,0.882
马鞍村1社,7,2026-03-19,22:30,0.8456,0.892
马鞍村1社,7,2026-03-19,22:45,0.8355,0.851
马鞍村1社,7,2026-03-19,23:00,0.8249,0.788
马鞍村1社,7,2026-03-19,23:15,0.7981,0.848
马鞍村1社,7,2026-03-19,23:30,0.7851,0.791
马鞍村1社,7,2026-03-19,23:45,0.7873,0.746
马鞍村1社,7,2026-03-20,00:00,0.7876,0.806
马鞍村1社,7,2026-03-20,00:15,0.7894,0.814
马鞍村1社,7,2026-03-20,00:30,0.7635,0.756
马鞍村1社,7,2026-03-20,00:45,0.7762,0.85
马鞍村1社,7,2026-03-20,01:00,0.7781,0.77
马鞍村1社,7,2026-03-20,01:15,0.7686,0.678
马鞍村1社,7,2026-03-20,01:30,0.75,0.724
马鞍村1社,7,2026-03-20,01:45,0.7589,0.74
马鞍村1社,7,2026-03-20,02:00,0.7577,0.773
马鞍村1社,7,2026-03-20,02:15,0.7447,0.718
马鞍村1社,7,2026-03-20,02:30,0.7425,0.73
马鞍村1社,7,2026-03-20,02:45,0.7431,0.741
马鞍村1社,7,2026-03-20,03:00,0.7418,0.714
马鞍村1社,7,2026-03-20,03:15,0.7208,0.728
马鞍村1社,7,2026-03-20,03:30,0.7392,0.675
马鞍村1社,7,2026-03-20,03:45,0.7343,0.732
马鞍村1社,7,2026-03-20,04:00,0.7281,0.75
马鞍村1社,7,2026-03-20,04:15,0.7373,0.753
马鞍村1社,7,2026-03-20,04:30,0.7404,0.765
马鞍村1社,7,2026-03-20,04:45,0.7275,0.676
马鞍村1社,7,2026-03-20,05:00,0.7377,0.762
马鞍村1社,7,2026-03-20,05:15,0.7274,0.72
马鞍村1社,7,2026-03-20,05:30,0.7402,0.715
马鞍村1社,7,2026-03-20,05:45,0.7435,0.702
马鞍村1社,7,2026-03-20,06:00,0.7636,0.784
马鞍村1社,7,2026-03-20,06:15,0.7495,0.702
马鞍村1社,7,2026-03-20,06:30,0.7879,0.865
马鞍村1社,7,2026-03-20,06:45,0.8104,0.819
马鞍村1社,7,2026-03-20,07:00,0.8445,0.706
马鞍村1社,7,2026-03-20,07:15,0.8906,0.895
马鞍村1社,7,2026-03-20,07:30,0.8991,0.961
马鞍村1社,7,2026-03-20,07:45,0.9412,0.971
马鞍村1社,7,2026-03-20,08:00,0.9577,0.977
马鞍村1社,7,2026-03-20,08:15,0.9757,0.964
马鞍村1社,7,2026-03-20,08:30,0.9869,0.954
马鞍村1社,7,2026-03-20,08:45,0.9735,0.989
马鞍村1社,7,2026-03-20,09:00,0.9733,0.993
马鞍村1社,7,2026-03-20,09:15,0.9406,0.954
马鞍村1社,7,2026-03-20,09:30,0.9259,0.912
马鞍村1社,7,2026-03-20,09:45,0.9084,0.9345
马鞍村1社,7,2026-03-20,10:00,0.897,0.9
马鞍村1社,7,2026-03-20,10:15,0.8621,0.9695
马鞍村1社,7,2026-03-20,10:30,0.8644,0.864
马鞍村1社,7,2026-03-20,10:45,0.8696,0.889
马鞍村1社,7,2026-03-20,11:00,0.8477,0.8395
马鞍村1社,7,2026-03-20,11:15,0.843,0.8925
马鞍村1社,7,2026-03-20,11:30,0.8537,0.809
马鞍村1社,7,2026-03-20,11:45,0.8393,0.7525
马鞍村1社,7,2026-03-20,12:00,0.8721,0.7385
马鞍村1社,7,2026-03-20,12:15,0.8744,0.8765
马鞍村1社,7,2026-03-20,12:30,0.8997,0.938
马鞍村1社,7,2026-03-20,12:45,0.8819,0.778
马鞍村1社,7,2026-03-20,13:00,0.8516,0.8145
马鞍村1社,7,2026-03-20,13:15,0.8523,0.925
马鞍村1社,7,2026-03-20,13:30,0.8867,0.904
马鞍村1社,7,2026-03-20,13:45,0.8568,0.84
马鞍村1社,7,2026-03-20,14:00,0.8617,0.7675
马鞍村1社,7,2026-03-20,14:15,0.8613,0.7675
马鞍村1社,7,2026-03-20,14:30,0.8551,0.7645
马鞍村1社,7,2026-03-20,14:45,0.8845,0.922
马鞍村1社,7,2026-03-20,15:00,0.8759,0.9065
马鞍村1社,7,2026-03-20,15:15,0.8957,0.9425
马鞍村1社,7,2026-03-20,15:30,0.9121,0.9915
马鞍村1社,7,2026-03-20,15:45,0.8972,0.965
马鞍村1社,7,2026-03-20,16:00,0.9103,0.9725
马鞍村1社,7,2026-03-20,16:15,0.9178,0.97
马鞍村1社,7,2026-03-20,16:30,0.9288,0.976
马鞍村1社,7,2026-03-20,16:45,0.9186,0.9805
马鞍村1社,7,2026-03-20,17:00,0.9341,0.9765
马鞍村1社,7,2026-03-20,17:15,0.9372,0.9715
马鞍村1社,7,2026-03-20,17:30,0.9633,0.9555
马鞍村1社,7,2026-03-20,17:45,0.9562,0.9055
马鞍村1社,7,2026-03-20,18:00,0.9318,0.8595
马鞍村1社,7,2026-03-20,18:15,0.922,0.8085
马鞍村1社,7,2026-03-20,18:30,0.9195,0.975
马鞍村1社,7,2026-03-20,18:45,0.9044,0.9625
马鞍村1社,7,2026-03-20,19:00,0.8939,0.9595
马鞍村1社,7,2026-03-20,19:15,0.9048,0.833
马鞍村1社,7,2026-03-20,19:30,0.9063,0.89
马鞍村1社,7,2026-03-20,19:45,0.9077,0.8775
马鞍村1社,7,2026-03-20,20:00,0.9173,0.959
马鞍村1社,7,2026-03-20,20:15,0.9173,0.9245
马鞍村1社,7,2026-03-20,20:30,0.9274,0.9265
马鞍村1社,7,2026-03-20,20:45,0.9004,0.9015
马鞍村1社,7,2026-03-20,21:00,0.9056,0.9505
马鞍村1社,7,2026-03-20,21:15,0.9087,0.9255
马鞍村1社,7,2026-03-20,21:30,0.897,0.884
马鞍村1社,7,2026-03-20,21:45,0.8931,0.8855
马鞍村1社,7,2026-03-20,22:00,0.8636,0.8375
马鞍村1社,7,2026-03-20,22:15,0.8705,0.8125
马鞍村1社,7,2026-03-20,22:30,0.8479,0.8235
马鞍村1社,7,2026-03-20,22:45,0.8457,0.8635
马鞍村1社,7,2026-03-20,23:00,0.8246,0.7825
马鞍村1社,7,2026-03-20,23:15,0.8056,0.771
马鞍村1社,7,2026-03-20,23:30,0.7917,0.7515
马鞍村1社,7,2026-03-20,23:45,0.7872,0.7415
马鞍村1社,7,2026-03-31,00:00,0.7998,0.815
马鞍村1社,7,2026-03-31,00:15,0.7809,0.742
马鞍村1社,7,2026-03-31,00:30,0.7662,0.758
马鞍村1社,7,2026-03-31,00:45,0.7863,0.734
马鞍村1社,7,2026-03-31,01:00,0.7775,0.783
马鞍村1社,7,2026-03-31,01:15,0.7627,0.742
马鞍村1社,7,2026-03-31,01:30,0.7583,0.756
马鞍村1社,7,2026-03-31,01:45,0.7673,0.705
马鞍村1社,7,2026-03-31,02:00,0.7536,0.705
马鞍村1社,7,2026-03-31,02:15,0.7375,0.899
马鞍村1社,7,2026-03-31,02:30,0.7548,0.731
马鞍村1社,7,2026-03-31,02:45,0.7511,0.698
马鞍村1社,7,2026-03-31,03:00,0.7468,0.75
马鞍村1社,7,2026-03-31,03:15,0.7313,0.714
马鞍村1社,7,2026-03-31,03:30,0.7398,0.727
马鞍村1社,7,2026-03-31,03:45,0.7436,0.702
马鞍村1社,7,2026-03-31,04:00,0.7469,0.713
马鞍村1社,7,2026-03-31,04:15,0.7399,0.735
马鞍村1社,7,2026-03-31,04:30,0.7321,0.75
马鞍村1社,7,2026-03-31,04:45,0.7273,0.695
马鞍村1社,7,2026-03-31,05:00,0.7422,0.778
马鞍村1社,7,2026-03-31,05:15,0.7359,0.744
马鞍村1社,7,2026-03-31,05:30,0.7497,0.747
马鞍村1社,7,2026-03-31,05:45,0.7558,0.695
马鞍村1社,7,2026-03-31,06:00,0.7557,0.693
马鞍村1社,7,2026-03-31,06:15,0.767,0.727
马鞍村1社,7,2026-03-31,06:30,0.7947,0.764
马鞍村1社,7,2026-03-31,06:45,0.8184,0.724
马鞍村1社,7,2026-03-31,07:00,0.8594,0.841
马鞍村1社,7,2026-03-31,07:15,0.9052,0.972
马鞍村1社,7,2026-03-31,07:30,0.9234,0.987
马鞍村1社,7,2026-03-31,07:45,0.9576,0.932
马鞍村1社,7,2026-03-31,08:00,0.9662,0.994
马鞍村1社,7,2026-03-31,08:15,0.9826,0.994
马鞍村1社,7,2026-03-31,08:30,0.9913,0.982
马鞍村1社,7,2026-03-31,08:45,0.9839,0.98
马鞍村1社,7,2026-03-31,09:00,0.9778,0.99
马鞍村1社,7,2026-03-31,09:15,0.9435,0.915
马鞍村1社,7,2026-03-31,09:30,0.9401,0.827
马鞍村1社,7,2026-03-31,09:45,0.9217,0.873
马鞍村1社,7,2026-03-31,10:00,0.9151,0.848
马鞍村1社,7,2026-03-31,10:15,0.8702,0.947
马鞍村1社,7,2026-03-31,10:30,0.8822,0.842
马鞍村1社,7,2026-03-31,10:45,0.8721,0.871
马鞍村1社,7,2026-03-31,11:00,0.8443,0.893
马鞍村1社,7,2026-03-31,11:15,0.8629,0.904
马鞍村1社,7,2026-03-31,11:30,0.8321,0.739
马鞍村1社,7,2026-03-31,11:45,0.848,0.765
马鞍村1社,7,2026-03-31,12:00,0.8786,0.741
马鞍村1社,7,2026-03-31,12:15,0.8915,0.793
马鞍村1社,7,2026-03-31,12:30,0.8813,0.901
马鞍村1社,7,2026-03-31,12:45,0.8684,0.726
马鞍村1社,7,2026-03-31,13:00,0.846,0.903
马鞍村1社,7,2026-03-31,13:15,0.8597,0.907
马鞍村1社,7,2026-03-31,13:30,0.8856,0.833
马鞍村1社,7,2026-03-31,13:45,0.8586,0.901
马鞍村1社,7,2026-03-31,14:00,0.8541,0.781
马鞍村1社,7,2026-03-31,14:15,0.8534,0.718
马鞍村1社,7,2026-03-31,14:30,0.8394,0.714
马鞍村1社,7,2026-03-31,14:45,0.8785,0.935
马鞍村1社,7,2026-03-31,15:00,0.8955,0.912
马鞍村1社,7,2026-03-31,15:15,0.8706,0.929
马鞍村1社,7,2026-03-31,15:30,0.8981,0.992
马鞍村1社,7,2026-03-31,15:45,0.902,0.952
马鞍村1社,7,2026-03-31,16:00,0.9157,0.982
马鞍村1社,7,2026-03-31,16:15,0.9093,0.951
马鞍村1社,7,2026-03-31,16:30,0.9273,0.96
马鞍村1社,7,2026-03-31,16:45,0.9322,0.965
马鞍村1社,7,2026-03-31,17:00,0.9422,0.972
马鞍村1社,7,2026-03-31,17:15,0.9398,0.95
马鞍村1社,7,2026-03-31,17:30,0.9488,0.945
马鞍村1社,7,2026-03-31,17:45,0.9509,0.846
马鞍村1社,7,2026-03-31,18:00,0.9416,0.742
马鞍村1社,7,2026-03-31,18:15,0.9404,0.823
马鞍村1社,7,2026-03-31,18:30,0.9307,0.985
马鞍村1社,7,2026-03-31,18:45,0.9038,0.937
马鞍村1社,7,2026-03-31,19:00,0.895,0.956
马鞍村1社,7,2026-03-31,19:15,0.9049,0.791
马鞍村1社,7,2026-03-31,19:30,0.9012,0.813
马鞍村1社,7,2026-03-31,19:45,0.9082,0.789
马鞍村1社,7,2026-03-31,20:00,0.9078,0.958
马鞍村1社,7,2026-03-31,20:15,0.9195,0.893
马鞍村1社,7,2026-03-31,20:30,0.9115,0.949
马鞍村1社,7,2026-03-31,20:45,0.9152,0.845
马鞍村1社,7,2026-03-31,21:00,0.9091,0.927
马鞍村1社,7,2026-03-31,21:15,0.9042,0.963
马鞍村1社,7,2026-03-31,21:30,0.8891,0.849
马鞍村1社,7,2026-03-31,21:45,0.8941,0.825
马鞍村1社,7,2026-03-31,22:00,0.8686,0.82
马鞍村1社,7,2026-03-31,22:15,0.8595,0.743
马鞍村1社,7,2026-03-31,22:30,0.8462,0.755
马鞍村1社,7,2026-03-31,22:45,0.8492,0.876
马鞍村1社,7,2026-03-31,23:00,0.8272,0.777
马鞍村1社,7,2026-03-31,23:15,0.811,0.694
马鞍村1社,7,2026-03-31,23:30,0.7955,0.712
马鞍村1社,7,2026-03-31,23:45,0.7981,0.737
马鞍村1社,8,2026-03-03,00:00,0.7918,0.768
马鞍村1社,8,2026-03-03,00:15,0.7898,0.726
马鞍村1社,8,2026-03-03,00:30,0.7695,0.784
马鞍村1社,8,2026-03-03,00:45,0.7761,0.778
马鞍村1社,8,2026-03-03,01:00,0.7689,0.723
马鞍村1社,8,2026-03-03,01:15,0.7678,0.848
马鞍村1社,8,2026-03-03,01:30,0.759,0.708
马鞍村1社,8,2026-03-03,01:45,0.7552,0.79
马鞍村1社,8,2026-03-03,02:00,0.7523,0.939
马鞍村1社,8,2026-03-03,02:15,0.7402,0.696
马鞍村1社,8,2026-03-03,02:30,0.751,0.8
马鞍村1社,8,2026-03-03,02:45,0.7457,0.727
马鞍村1社,8,2026-03-03,03:00,0.7399,0.716
马鞍村1社,8,2026-03-03,03:15,0.7336,0.751
马鞍村1社,8,2026-03-03,03:30,0.7354,0.843
马鞍村1社,8,2026-03-03,03:45,0.7404,0.707
马鞍村1社,8,2026-03-03,04:00,0.7356,0.718
马鞍村1社,8,2026-03-03,04:15,0.7448,0.883
马鞍村1社,8,2026-03-03,04:30,0.7426,0.678
马鞍村1社,8,2026-03-03,04:45,0.7366,0.723
马鞍村1社,8,2026-03-03,05:00,0.747,0.703
马鞍村1社,8,2026-03-03,05:15,0.7421,0.789
马鞍村1社,8,2026-03-03,05:30,0.7392,0.85
马鞍村1社,8,2026-03-03,05:45,0.7467,0.708
马鞍村1社,8,2026-03-03,06:00,0.7651,0.826
马鞍村1社,8,2026-03-03,06:15,0.754,0.817
马鞍村1社,8,2026-03-03,06:30,0.7983,0.731
马鞍村1社,8,2026-03-03,06:45,0.8112,0.697
马鞍村1社,8,2026-03-03,07:00,0.8476,0.898
马鞍村1社,8,2026-03-03,07:15,0.8885,0.95
马鞍村1社,8,2026-03-03,07:30,0.9075,0.922
马鞍村1社,8,2026-03-03,07:45,0.9275,0.9
马鞍村1社,8,2026-03-03,08:00,0.9658,0.991
马鞍村1社,8,2026-03-03,08:15,0.9724,0.998
马鞍村1社,8,2026-03-03,08:30,0.9804,0.969
马鞍村1社,8,2026-03-03,08:45,0.9848,0.993
马鞍村1社,8,2026-03-03,09:00,0.9826,0.986
马鞍村1社,8,2026-03-03,09:15,0.9461,0.993
马鞍村1社,8,2026-03-03,09:30,0.9362,0.992
马鞍村1社,8,2026-03-03,09:45,0.9164,0.933
马鞍村1社,8,2026-03-03,10:00,0.9109,0.755
马鞍村1社,8,2026-03-03,10:15,0.8933,0.972
马鞍村1社,8,2026-03-03,10:30,0.8827,0.9
马鞍村1社,8,2026-03-03,10:45,0.8743,0.747
马鞍村1社,8,2026-03-03,11:00,0.8659,0.827
马鞍村1社,8,2026-03-03,11:15,0.8617,0.812
马鞍村1社,8,2026-03-03,11:30,0.8619,0.975
马鞍村1社,8,2026-03-03,11:45,0.8688,0.746
马鞍村1社,8,2026-03-03,12:00,0.8808,0.734
马鞍村1社,8,2026-03-03,12:15,0.8814,0.853
马鞍村1社,8,2026-03-03,12:30,0.8859,0.878
马鞍村1社,8,2026-03-03,12:45,0.866,0.896
马鞍村1社,8,2026-03-03,13:00,0.8575,0.859
马鞍村1社,8,2026-03-03,13:15,0.8655,0.857
马鞍村1社,8,2026-03-03,13:30,0.8993,0.985
马鞍村1社,8,2026-03-03,13:45,0.8589,0.847
马鞍村1社,8,2026-03-03,14:00,0.8701,0.958
马鞍村1社,8,2026-03-03,14:15,0.8542,0.993
马鞍村1社,8,2026-03-03,14:30,0.8533,0.997
马鞍村1社,8,2026-03-03,14:45,0.8798,0.996
马鞍村1社,8,2026-03-03,15:00,0.8814,0.979
马鞍村1社,8,2026-03-03,15:15,0.8939,0.99
马鞍村1社,8,2026-03-03,15:30,0.9088,0.995
马鞍村1社,8,2026-03-03,15:45,0.9132,0.973
马鞍村1社,8,2026-03-03,16:00,0.9176,0.964
马鞍村1社,8,2026-03-03,16:15,0.9235,0.974
马鞍村1社,8,2026-03-03,16:30,0.9384,0.986
马鞍村1社,8,2026-03-03,16:45,0.9434,0.961
马鞍村1社,8,2026-03-03,17:00,0.9422,0.977
马鞍村1社,8,2026-03-03,17:15,0.9343,0.995
马鞍村1社,8,2026-03-03,17:30,0.9498,0.989
马鞍村1社,8,2026-03-03,17:45,0.9574,0.98
马鞍村1社,8,2026-03-03,18:00,0.9306,0.99
马鞍村1社,8,2026-03-03,18:15,0.9385,0.833
马鞍村1社,8,2026-03-03,18:30,0.9284,0.972
马鞍村1社,8,2026-03-03,18:45,0.9228,0.827
马鞍村1社,8,2026-03-03,19:00,0.9131,0.965
马鞍村1社,8,2026-03-03,19:15,0.9168,0.839
马鞍村1社,8,2026-03-03,19:30,0.9136,0.888
马鞍村1社,8,2026-03-03,19:45,0.9155,0.911
马鞍村1社,8,2026-03-03,20:00,0.9084,0.845
马鞍村1社,8,2026-03-03,20:15,0.9242,0.937
马鞍村1社,8,2026-03-03,20:30,0.9205,0.943
马鞍村1社,8,2026-03-03,20:45,0.9114,0.913
马鞍村1社,8,2026-03-03,21:00,0.9089,0.954
马鞍村1社,8,2026-03-03,21:15,0.9048,0.921
马鞍村1社,8,2026-03-03,21:30,0.9025,0.904
马鞍村1社,8,2026-03-03,21:45,0.8886,0.885
马鞍村1社,8,2026-03-03,22:00,0.8764,0.906
马鞍村1社,8,2026-03-03,22:15,0.8665,0.877
马鞍村1社,8,2026-03-03,22:30,0.8558,0.871
马鞍村1社,8,2026-03-03,22:45,0.8452,0.808
马鞍村1社,8,2026-03-03,23:00,0.8368,0.849
马鞍村1社,8,2026-03-03,23:15,0.8071,0.794
马鞍村1社,8,2026-03-03,23:30,0.7971,0.773
马鞍村1社,8,2026-03-03,23:45,0.7955,0.81
马鞍村1社,8,2026-03-04,00:00,0.7952,0.79
马鞍村1社,8,2026-03-04,00:15,0.798,0.74
马鞍村1社,8,2026-03-04,00:30,0.7723,0.749
马鞍村1社,8,2026-03-04,00:45,0.7832,0.739
马鞍村1社,8,2026-03-04,01:00,0.781,0.822
马鞍村1社,8,2026-03-04,01:15,0.7774,0.781
马鞍村1社,8,2026-03-04,01:30,0.7608,0.724
马鞍村1社,8,2026-03-04,01:45,0.7662,0.736
马鞍村1社,8,2026-03-04,02:00,0.764,0.766
马鞍村1社,8,2026-03-04,02:15,0.752,0.796
马鞍村1社,8,2026-03-04,02:30,0.7522,0.811
马鞍村1社,8,2026-03-04,02:45,0.7501,0.747
马鞍村1社,8,2026-03-04,03:00,0.7533,0.822
马鞍村1社,8,2026-03-04,03:15,0.7319,0.737
马鞍村1社,8,2026-03-04,03:30,0.7456,0.773
马鞍村1社,8,2026-03-04,03:45,0.7414,0.785
马鞍村1社,8,2026-03-04,04:00,0.7359,0.673
马鞍村1社,8,2026-03-04,04:15,0.7428,0.764
马鞍村1社,8,2026-03-04,04:30,0.7462,0.7
马鞍村1社,8,2026-03-04,04:45,0.7318,0.702
马鞍村1社,8,2026-03-04,05:00,0.744,0.766
马鞍村1社,8,2026-03-04,05:15,0.7361,0.697
马鞍村1社,8,2026-03-04,05:30,0.7466,0.691
马鞍村1社,8,2026-03-04,05:45,0.7494,0.691
马鞍村1社,8,2026-03-04,06:00,0.77,0.72
马鞍村1社,8,2026-03-04,06:15,0.7568,0.717
马鞍村1社,8,2026-03-04,06:30,0.7922,0.69
马鞍村1社,8,2026-03-04,06:45,0.8095,0.784
马鞍村1社,8,2026-03-04,07:00,0.8457,0.688
马鞍村1社,8,2026-03-04,07:15,0.8852,0.818
马鞍村1社,8,2026-03-04,07:30,0.9003,0.956
马鞍村1社,8,2026-03-04,07:45,0.9394,0.951
马鞍村1社,8,2026-03-04,08:00,0.9587,0.952
马鞍村1社,8,2026-03-04,08:15,0.975,0.99
马鞍村1社,8,2026-03-04,08:30,0.985,0.993
马鞍村1社,8,2026-03-04,08:45,0.9729,0.989
马鞍村1社,8,2026-03-04,09:00,0.9747,0.995
马鞍村1社,8,2026-03-04,09:15,0.9433,0.989
马鞍村1社,8,2026-03-04,09:30,0.9285,0.992
马鞍村1社,8,2026-03-04,09:45,0.9147,0.934
马鞍村1社,8,2026-03-04,10:00,0.9059,0.959
马鞍村1社,8,2026-03-04,10:15,0.8757,0.95
马鞍村1社,8,2026-03-04,10:30,0.8719,0.934
马鞍村1社,8,2026-03-04,10:45,0.8775,0.66
马鞍村1社,8,2026-03-04,11:00,0.8579,0.667
马鞍村1社,8,2026-03-04,11:15,0.855,0.621
马鞍村1社,8,2026-03-04,11:30,0.8573,0.625
马鞍村1社,8,2026-03-04,11:45,0.8453,0.916
马鞍村1社,8,2026-03-04,12:00,0.8795,0.767
马鞍村1社,8,2026-03-04,12:15,0.8809,0.956
马鞍村1社,8,2026-03-04,12:30,0.9018,0.955
马鞍村1社,8,2026-03-04,12:45,0.8828,0.973
马鞍村1社,8,2026-03-04,13:00,0.8571,0.821
马鞍村1社,8,2026-03-04,13:15,0.8613,0.853
马鞍村1社,8,2026-03-04,13:30,0.8953,0.803
马鞍村1社,8,2026-03-04,13:45,0.8645,0.763
马鞍村1社,8,2026-03-04,14:00,0.8733,0.906
马鞍村1社,8,2026-03-04,14:15,0.8691,0.796
马鞍村1社,8,2026-03-04,14:30,0.8599,0.907
马鞍村1社,8,2026-03-04,14:45,0.8895,0.809
马鞍村1社,8,2026-03-04,15:00,0.8826,0.709
马鞍村1社,8,2026-03-04,15:15,0.9028,0.727
马鞍村1社,8,2026-03-04,15:30,0.9141,0.779
马鞍村1社,8,2026-03-04,15:45,0.9006,0.945
马鞍村1社,8,2026-03-04,16:00,0.9129,0.928
马鞍村1社,8,2026-03-04,16:15,0.9217,0.928
马鞍村1社,8,2026-03-04,16:30,0.9358,0.961
马鞍村1社,8,2026-03-04,16:45,0.9244,0.965
马鞍村1社,8,2026-03-04,17:00,0.9377,0.987
马鞍村1社,8,2026-03-04,17:15,0.9403,0.989
马鞍村1社,8,2026-03-04,17:30,0.9656,0.984
马鞍村1社,8,2026-03-04,17:45,0.9559,0.91
马鞍村1社,8,2026-03-04,18:00,0.9414,0.946
马鞍村1社,8,2026-03-04,18:15,0.9285,0.948
马鞍村1社,8,2026-03-04,18:30,0.9275,0.992
马鞍村1社,8,2026-03-04,18:45,0.914,0.988
马鞍村1社,8,2026-03-04,19:00,0.9026,0.963
马鞍村1社,8,2026-03-04,19:15,0.9133,0.969
马鞍村1社,8,2026-03-04,19:30,0.9086,0.774
马鞍村1社,8,2026-03-04,19:45,0.918,0.925
马鞍村1社,8,2026-03-04,20:00,0.9197,0.89
马鞍村1社,8,2026-03-04,20:15,0.924,0.956
马鞍村1社,8,2026-03-04,20:30,0.9305,0.977
马鞍村1社,8,2026-03-04,20:45,0.9102,0.949
马鞍村1社,8,2026-03-04,21:00,0.9149,0.923
马鞍村1社,8,2026-03-04,21:15,0.9151,0.853
马鞍村1社,8,2026-03-04,21:30,0.9038,0.804
马鞍村1社,8,2026-03-04,21:45,0.9019,0.807
马鞍村1社,8,2026-03-04,22:00,0.8735,0.903
马鞍村1社,8,2026-03-04,22:15,0.8761,0.773
马鞍村1社,8,2026-03-04,22:30,0.8578,0.763
马鞍村1社,8,2026-03-04,22:45,0.8521,0.83
马鞍村1社,8,2026-03-04,23:00,0.8328,0.717
马鞍村1社,8,2026-03-04,23:15,0.8124,0.784
马鞍村1社,8,2026-03-04,23:30,0.7999,0.685
马鞍村1社,8,2026-03-04,23:45,0.796,0.652
马鞍村1社,8,2026-03-05,00:00,0.8078,0.724
马鞍村1社,8,2026-03-05,00:15,0.7899,0.741
马鞍村1社,8,2026-03-05,00:30,0.7743,0.629
马鞍村1社,8,2026-03-05,00:45,0.7885,0.742
马鞍村1社,8,2026-03-05,01:00,0.7831,0.69
马鞍村1社,8,2026-03-05,01:15,0.7704,0.691
马鞍村1社,8,2026-03-05,01:30,0.767,0.649
马鞍村1社,8,2026-03-05,01:45,0.7711,0.76
马鞍村1社,8,2026-03-05,02:00,0.763,0.801
马鞍村1社,8,2026-03-05,02:15,0.7432,0.624
马鞍村1社,8,2026-03-05,02:30,0.7611,0.71
马鞍村1社,8,2026-03-05,02:45,0.7548,0.657
马鞍村1社,8,2026-03-05,03:00,0.7482,0.63
马鞍村1社,8,2026-03-05,03:15,0.736,0.708
马鞍村1社,8,2026-03-05,03:30,0.7469,0.633
马鞍村1社,8,2026-03-05,03:45,0.7528,0.66
马鞍村1社,8,2026-03-05,04:00,0.7522,0.689
马鞍村1社,8,2026-03-05,04:15,0.7442,0.676
马鞍村1社,8,2026-03-05,04:30,0.7383,0.79
马鞍村1社,8,2026-03-05,04:45,0.7321,0.629
马鞍村1社,8,2026-03-05,05:00,0.747,0.755
马鞍村1社,8,2026-03-05,05:15,0.7461,0.67
马鞍村1社,8,2026-03-05,05:30,0.7542,0.63
马鞍村1社,8,2026-03-05,05:45,0.7587,0.687
马鞍村1社,8,2026-03-05,06:00,0.7629,0.639
马鞍村1社,8,2026-03-05,06:15,0.7708,0.672
马鞍村1社,8,2026-03-05,06:30,0.7971,0.73
马鞍村1社,8,2026-03-05,06:45,0.819,0.786
马鞍村1社,8,2026-03-05,07:00,0.8548,0.676
马鞍村1社,8,2026-03-05,07:15,0.9047,0.814
马鞍村1社,8,2026-03-05,07:30,0.9206,0.77
马鞍村1社,8,2026-03-05,07:45,0.9527,0.82
马鞍村1社,8,2026-03-05,08:00,0.9662,0.963
马鞍村1社,8,2026-03-05,08:15,0.9831,0.998
马鞍村1社,8,2026-03-05,08:30,0.9888,0.985
马鞍村1社,8,2026-03-05,08:45,0.9845,0.977
马鞍村1社,8,2026-03-05,09:00,0.9817,0.981
马鞍村1社,8,2026-03-05,09:15,0.9458,0.997
马鞍村1社,8,2026-03-05,09:30,0.9431,0.963
马鞍村1社,8,2026-03-05,09:45,0.9268,0.837
马鞍村1社,8,2026-03-05,10:00,0.9187,0.996
马鞍村1社,8,2026-03-05,10:15,0.8821,0.997
马鞍村1社,8,2026-03-05,10:30,0.8895,0.897
马鞍村1社,8,2026-03-05,10:45,0.8767,0.924
马鞍村1社,8,2026-03-05,11:00,0.8498,0.97
马鞍村1社,8,2026-03-05,11:15,0.8662,0.652
马鞍村1社,8,2026-03-05,11:30,0.8376,0.927
马鞍村1社,8,2026-03-05,11:45,0.8543,0.896
马鞍村1社,8,2026-03-05,12:00,0.8801,0.866
马鞍村1社,8,2026-03-05,12:15,0.8924,0.966
马鞍村1社,8,2026-03-05,12:30,0.882,0.89
马鞍村1社,8,2026-03-05,12:45,0.8677,0.72
马鞍村1社,8,2026-03-05,13:00,0.8527,0.915
马鞍村1社,8,2026-03-05,13:15,0.8678,0.95
马鞍村1社,8,2026-03-05,13:30,0.8878,0.812
马鞍村1社,8,2026-03-05,13:45,0.8646,0.854
马鞍村1社,8,2026-03-05,14:00,0.8582,0.843
马鞍村1社,8,2026-03-05,14:15,0.8583,0.878
马鞍村1社,8,2026-03-05,14:30,0.8455,0.811
马鞍村1社,8,2026-03-05,14:45,0.8811,0.782
马鞍村1社,8,2026-03-05,15:00,0.8978,0.775
马鞍村1社,8,2026-03-05,15:15,0.8822,0.761
马鞍村1社,8,2026-03-05,15:30,0.9034,0.899
马鞍村1社,8,2026-03-05,15:45,0.9075,0.969
马鞍村1社,8,2026-03-05,16:00,0.9187,0.954
马鞍村1社,8,2026-03-05,16:15,0.9143,0.988
马鞍村1社,8,2026-03-05,16:30,0.9329,0.992
马鞍村1社,8,2026-03-05,16:45,0.9379,0.979
马鞍村1社,8,2026-03-05,17:00,0.9459,0.982
马鞍村1社,8,2026-03-05,17:15,0.9429,0.972
马鞍村1社,8,2026-03-05,17:30,0.9564,0.915
马鞍村1社,8,2026-03-05,17:45,0.9577,0.952
马鞍村1社,8,2026-03-05,18:00,0.9438,0.967
马鞍村1社,8,2026-03-05,18:15,0.9446,0.932
马鞍村1社,8,2026-03-05,18:30,0.9375,0.971
马鞍村1社,8,2026-03-05,18:45,0.9131,0.905
马鞍村1社,8,2026-03-05,19:00,0.9024,0.981
马鞍村1社,8,2026-03-05,19:15,0.9121,0.96
马鞍村1社,8,2026-03-05,19:30,0.9063,0.961
马鞍村1社,8,2026-03-05,19:45,0.9151,0.979
马鞍村1社,8,2026-03-05,20:00,0.9152,0.868
马鞍村1社,8,2026-03-05,20:15,0.9264,0.902
马鞍村1社,8,2026-03-05,20:30,0.9221,0.891
马鞍村1社,8,2026-03-05,20:45,0.9223,0.79
马鞍村1社,8,2026-03-05,21:00,0.9153,0.831
马鞍村1社,8,2026-03-05,21:15,0.9104,0.905
马鞍村1社,8,2026-03-05,21:30,0.8972,0.936
马鞍村1社,8,2026-03-05,21:45,0.8978,0.904
马鞍村1社,8,2026-03-05,22:00,0.8737,0.913
马鞍村1社,8,2026-03-05,22:15,0.8678,0.964
马鞍村1社,8,2026-03-05,22:30,0.8575,0.913
马鞍村1社,8,2026-03-05,22:45,0.8543,0.852
马鞍村1社,8,2026-03-05,23:00,0.8375,0.902
马鞍村1社,8,2026-03-05,23:15,0.817,0.843
马鞍村1社,8,2026-03-05,23:30,0.8057,0.87
马鞍村1社,8,2026-03-05,23:45,0.8047,0.738
甘伍村3社,9,2026-03-07,00:00,1.0072,1.0
甘伍村3社,9,2026-03-07,00:15,1.0052,1.0
甘伍村3社,9,2026-03-07,00:30,1.0052,1.0
甘伍村3社,9,2026-03-07,00:45,1.0052,1.0
甘伍村3社,9,2026-03-07,01:00,1.0037,1.0
甘伍村3社,9,2026-03-07,01:15,1.0057,1.0
甘伍村3社,9,2026-03-07,01:30,1.0016,1.0
甘伍村3社,9,2026-03-07,01:45,1.0017,1.0
甘伍村3社,9,2026-03-07,02:00,1.003,1.0
甘伍村3社,9,2026-03-07,02:15,1.0044,1.0
甘伍村3社,9,2026-03-07,02:30,0.9992,1.0
甘伍村3社,9,2026-03-07,02:45,1.0063,1.0
甘伍村3社,9,2026-03-07,03:00,1.0059,1.0
甘伍村3社,9,2026-03-07,03:15,1.0025,1.0
甘伍村3社,9,2026-03-07,03:30,0.9929,1.0
甘伍村3社,9,2026-03-07,03:45,1.0036,1.0
甘伍村3社,9,2026-03-07,04:00,0.9984,1.0
甘伍村3社,9,2026-03-07,04:15,1.0004,1.0
甘伍村3社,9,2026-03-07,04:30,0.9952,1.0
甘伍村3社,9,2026-03-07,04:45,0.9975,1.0
甘伍村3社,9,2026-03-07,05:00,0.9959,1.0
甘伍村3社,9,2026-03-07,05:15,0.9991,1.0
甘伍村3社,9,2026-03-07,05:30,0.9967,1.0
甘伍村3社,9,2026-03-07,05:45,1.0004,1.0
甘伍村3社,9,2026-03-07,06:00,0.998,1.0
甘伍村3社,9,2026-03-07,06:15,0.9903,1.0
甘伍村3社,9,2026-03-07,06:30,0.995,1.0
甘伍村3社,9,2026-03-07,06:45,0.9944,1.0
甘伍村3社,9,2026-03-07,07:00,0.9973,1.0
甘伍村3社,9,2026-03-07,07:15,0.9962,1.0
甘伍村3社,9,2026-03-07,07:30,0.9958,1.0
甘伍村3社,9,2026-03-07,07:45,0.999,1.0
甘伍村3社,9,2026-03-07,08:00,0.9991,1.0
甘伍村3社,9,2026-03-07,08:15,0.9961,1.0
甘伍村3社,9,2026-03-07,08:30,1.0028,1.0
甘伍村3社,9,2026-03-07,08:45,0.9937,1.0
甘伍村3社,9,2026-03-07,09:00,1.0001,1.0
甘伍村3社,9,2026-03-07,09:15,1.0033,1.0
甘伍村3社,9,2026-03-07,09:30,1.0068,1.0
甘伍村3社,9,2026-03-07,09:45,1.0011,1.0
甘伍村3社,9,2026-03-07,10:00,1.0076,1.0
甘伍村3社,9,2026-03-07,10:15,1.0059,1.0
甘伍村3社,9,2026-03-07,10:30,1.0055,1.0
甘伍村3社,9,2026-03-07,10:45,1.006,1.0
甘伍村3社,9,2026-03-07,11:00,1.0095,1.0
甘伍村3社,9,2026-03-07,11:15,1.004,1.0
甘伍村3社,9,2026-03-07,11:30,1.0056,0.867
甘伍村3社,9,2026-03-07,11:45,1.0043,1.0
甘伍村3社,9,2026-03-07,12:00,0.9996,1.0
甘伍村3社,9,2026-03-07,12:15,0.9985,1.0
甘伍村3社,9,2026-03-07,12:30,1.0016,1.0
甘伍村3社,9,2026-03-07,12:45,0.9987,1.0
甘伍村3社,9,2026-03-07,13:00,0.9999,1.0
甘伍村3社,9,2026-03-07,13:15,0.9981,1.0
甘伍村3社,9,2026-03-07,13:30,0.9994,1.0
甘伍村3社,9,2026-03-07,13:45,1.008,1.0
甘伍村3社,9,2026-03-07,14:00,0.9976,1.0
甘伍村3社,9,2026-03-07,14:15,1.0017,1.0
甘伍村3社,9,2026-03-07,14:30,0.9966,1.0
甘伍村3社,9,2026-03-07,14:45,1.0031,1.0
甘伍村3社,9,2026-03-07,15:00,1.0025,1.0
甘伍村3社,9,2026-03-07,15:15,1.004,1.0
甘伍村3社,9,2026-03-07,15:30,1.0052,1.0
甘伍村3社,9,2026-03-07,15:45,0.9981,1.0
甘伍村3社,9,2026-03-07,16:00,1.0059,1.0
甘伍村3社,9,2026-03-07,16:15,1.0004,1.0
甘伍村3社,9,2026-03-07,16:30,0.9998,1.0
甘伍村3社,9,2026-03-07,16:45,0.9987,1.0
甘伍村3社,9,2026-03-07,17:00,1.0053,1.0
甘伍村3社,9,2026-03-07,17:15,0.9965,1.0
甘伍村3社,9,2026-03-07,17:30,1.0018,1.0
甘伍村3社,9,2026-03-07,17:45,0.9979,1.0
甘伍村3社,9,2026-03-07,18:00,0.9917,1.0
甘伍村3社,9,2026-03-07,18:15,1.0007,1.0
甘伍村3社,9,2026-03-07,18:30,0.9981,1.0
甘伍村3社,9,2026-03-07,18:45,1.0022,1.0
甘伍村3社,9,2026-03-07,19:00,1.003,1.0
甘伍村3社,9,2026-03-07,19:15,1.0013,1.0
甘伍村3社,9,2026-03-07,19:30,0.9941,1.0
甘伍村3社,9,2026-03-07,19:45,0.9923,1.0
甘伍村3社,9,2026-03-07,20:00,0.9849,1.0
甘伍村3社,9,2026-03-07,20:15,0.9924,1.0
甘伍村3社,9,2026-03-07,20:30,0.9931,1.0
甘伍村3社,9,2026-03-07,20:45,0.9988,1.0
甘伍村3社,9,2026-03-07,21:00,1.002,1.0
甘伍村3社,9,2026-03-07,21:15,0.9999,1.0
甘伍村3社,9,2026-03-07,21:30,0.9995,1.0
甘伍村3社,9,2026-03-07,21:45,0.9988,1.0
甘伍村3社,9,2026-03-07,22:00,0.9973,1.0
甘伍村3社,9,2026-03-07,22:15,1.0017,1.0
甘伍村3社,9,2026-03-07,22:30,1.0015,1.0
甘伍村3社,9,2026-03-07,22:45,0.9997,1.0
甘伍村3社,9,2026-03-07,23:00,1.0026,1.0
甘伍村3社,9,2026-03-07,23:15,1.0002,1.0
甘伍村3社,9,2026-03-07,23:30,1.0048,1.0
甘伍村3社,9,2026-03-07,23:45,1.0024,1.0
甘伍村3社,9,2026-03-08,00:00,1.0007,1.0
甘伍村3社,9,2026-03-08,00:15,1.0025,1.0
甘伍村3社,9,2026-03-08,00:30,1.0029,1.0
甘伍村3社,9,2026-03-08,00:45,0.9989,1.0
甘伍村3社,9,2026-03-08,01:00,0.9978,1.0
甘伍村3社,9,2026-03-08,01:15,1.0047,1.0
甘伍村3社,9,2026-03-08,01:30,1.0046,1.0
甘伍村3社,9,2026-03-08,01:45,1.0055,1.0
甘伍村3社,9,2026-03-08,02:00,1.001,1.0
甘伍村3社,9,2026-03-08,02:15,1.0009,1.0
甘伍村3社,9,2026-03-08,02:30,1.0016,1.0
甘伍村3社,9,2026-03-08,02:45,1.0031,1.0
甘伍村3社,9,2026-03-08,03:00,1.001,1.0
甘伍村3社,9,2026-03-08,03:15,1.0019,1.0
甘伍村3社,9,2026-03-08,03:30,1.0043,1.0
甘伍村3社,9,2026-03-08,03:45,1.0068,1.0
甘伍村3社,9,2026-03-08,04:00,0.9993,1.0
甘伍村3社,9,2026-03-08,04:15,0.9955,1.0
甘伍村3社,9,2026-03-08,04:30,1.0,1.0
甘伍村3社,9,2026-03-08,04:45,0.9967,1.0
甘伍村3社,9,2026-03-08,05:00,0.9986,1.0
甘伍村3社,9,2026-03-08,05:15,0.9923,1.0
甘伍村3社,9,2026-03-08,05:30,1.0013,1.0
甘伍村3社,9,2026-03-08,05:45,0.995,1.0
甘伍村3社,9,2026-03-08,06:00,0.9934,1.0
甘伍村3社,9,2026-03-08,06:15,0.9935,1.0
甘伍村3社,9,2026-03-08,06:30,0.9895,1.0
甘伍村3社,9,2026-03-08,06:45,0.9903,1.0
甘伍村3社,9,2026-03-08,07:00,0.9905,1.0
甘伍村3社,9,2026-03-08,07:15,0.9954,1.0
甘伍村3社,9,2026-03-08,07:30,0.9951,1.0
甘伍村3社,9,2026-03-08,07:45,0.9995,1.0
甘伍村3社,9,2026-03-08,08:00,0.9939,1.0
甘伍村3社,9,2026-03-08,08:15,0.9953,1.0
甘伍村3社,9,2026-03-08,08:30,1.0005,1.0
甘伍村3社,9,2026-03-08,08:45,0.9982,1.0
甘伍村3社,9,2026-03-08,09:00,1.0014,1.0
甘伍村3社,9,2026-03-08,09:15,1.0014,1.0
甘伍村3社,9,2026-03-08,09:30,1.0046,1.0
甘伍村3社,9,2026-03-08,09:45,0.9997,1.0
甘伍村3社,9,2026-03-08,10:00,1.0028,1.0
甘伍村3社,9,2026-03-08,10:15,1.0061,1.0
甘伍村3社,9,2026-03-08,10:30,1.0017,1.0
甘伍村3社,9,2026-03-08,10:45,1.0005,1.0
甘伍村3社,9,2026-03-08,11:00,1.0034,1.0
甘伍村3社,9,2026-03-08,11:15,0.9992,1.0
甘伍村3社,9,2026-03-08,11:30,1.0032,1.0
甘伍村3社,9,2026-03-08,11:45,1.003,1.0
甘伍村3社,9,2026-03-08,12:00,0.9991,1.0
甘伍村3社,9,2026-03-08,12:15,1.0055,1.0
甘伍村3社,9,2026-03-08,12:30,1.0016,1.0
甘伍村3社,9,2026-03-08,12:45,0.9995,1.0
甘伍村3社,9,2026-03-08,13:00,0.9953,1.0
甘伍村3社,9,2026-03-08,13:15,1.0045,1.0
甘伍村3社,9,2026-03-08,13:30,0.9991,1.0
甘伍村3社,9,2026-03-08,13:45,0.9997,1.0
甘伍村3社,9,2026-03-08,14:00,1.0006,1.0
甘伍村3社,9,2026-03-08,14:15,1.0016,1.0
甘伍村3社,9,2026-03-08,14:30,0.9935,1.0
甘伍村3社,9,2026-03-08,14:45,1.0052,1.0
甘伍村3社,9,2026-03-08,15:00,1.0048,1.0
甘伍村3社,9,2026-03-08,15:15,1.0042,1.0
甘伍村3社,9,2026-03-08,15:30,1.0046,1.0
甘伍村3社,9,2026-03-08,15:45,1.0014,1.0
甘伍村3社,9,2026-03-08,16:00,1.0003,1.0
甘伍村3社,9,2026-03-08,16:15,1.0056,1.0
甘伍村3社,9,2026-03-08,16:30,0.997,1.0
甘伍村3社,9,2026-03-08,16:45,0.9935,1.0
甘伍村3社,9,2026-03-08,17:00,0.9975,1.0
甘伍村3社,9,2026-03-08,17:15,0.9924,1.0
甘伍村3社,9,2026-03-08,17:30,1.0047,1.0
甘伍村3社,9,2026-03-08,17:45,0.9973,1.0
甘伍村3社,9,2026-03-08,18:00,0.9951,1.0
甘伍村3社,9,2026-03-08,18:15,0.9984,1.0
甘伍村3社,9,2026-03-08,18:30,0.9965,1.0
甘伍村3社,9,2026-03-08,18:45,1.0013,1.0
甘伍村3社,9,2026-03-08,19:00,0.9985,1.0
甘伍村3社,9,2026-03-08,19:15,0.9949,1.0
甘伍村3社,9,2026-03-08,19:30,1.0029,1.0
甘伍村3社,9,2026-03-08,19:45,0.9898,1.0
甘伍村3社,9,2026-03-08,20:00,0.9837,1.0
甘伍村3社,9,2026-03-08,20:15,0.9933,1.0
甘伍村3社,9,2026-03-08,20:30,0.9961,1.0
甘伍村3社,9,2026-03-08,20:45,0.9972,1.0
甘伍村3社,9,2026-03-08,21:00,0.9997,1.0
甘伍村3社,9,2026-03-08,21:15,1.0006,1.0
甘伍村3社,9,2026-03-08,21:30,0.9971,1.0
甘伍村3社,9,2026-03-08,21:45,0.9958,1.0
甘伍村3社,9,2026-03-08,22:00,0.9986,1.0
甘伍村3社,9,2026-03-08,22:15,0.9992,1.0
甘伍村3社,9,2026-03-08,22:30,1.003,1.0
甘伍村3社,9,2026-03-08,22:45,0.9998,1.0
甘伍村3社,9,2026-03-08,23:00,1.0037,1.0
甘伍村3社,9,2026-03-08,23:15,0.9999,1.0
甘伍村3社,9,2026-03-08,23:30,1.0016,1.0
甘伍村3社,9,2026-03-08,23:45,0.9993,1.0
甘伍村3社,9,2026-03-09,00:00,0.9988,1.0
甘伍村3社,9,2026-03-09,00:15,0.9999,1.0
甘伍村3社,9,2026-03-09,00:30,0.9996,1.0
甘伍村3社,9,2026-03-09,00:45,1.0015,1.0
甘伍村3社,9,2026-03-09,01:00,1.0046,1.0
甘伍村3社,9,2026-03-09,01:15,0.9949,1.0
甘伍村3社,9,2026-03-09,01:30,0.9991,1.0
甘伍村3社,9,2026-03-09,01:45,0.9945,1.0
甘伍村3社,9,2026-03-09,02:00,1.0036,1.0
甘伍村3社,9,2026-03-09,02:15,0.9953,1.0
甘伍村3社,9,2026-03-09,02:30,0.9991,1.0
甘伍村3社,9,2026-03-09,02:45,1.0014,1.0
甘伍村3社,9,2026-03-09,03:00,1.0013,1.0
甘伍村3社,9,2026-03-09,03:15,1.0023,1.0
甘伍村3社,9,2026-03-09,03:30,1.0039,1.0
甘伍村3社,9,2026-03-09,03:45,1.0025,1.0
甘伍村3社,9,2026-03-09,04:00,0.9963,1.0
甘伍村3社,9,2026-03-09,04:15,0.9931,1.0
甘伍村3社,9,2026-03-09,04:30,0.9985,1.0
甘伍村3社,9,2026-03-09,04:45,0.996,1.0
甘伍村3社,9,2026-03-09,05:00,0.9965,1.0
甘伍村3社,9,2026-03-09,05:15,0.999,1.0
甘伍村3社,9,2026-03-09,05:30,0.9986,1.0
甘伍村3社,9,2026-03-09,05:45,0.9959,1.0
甘伍村3社,9,2026-03-09,06:00,0.9962,1.0
甘伍村3社,9,2026-03-09,06:15,0.9938,1.0
甘伍村3社,9,2026-03-09,06:30,0.9903,1.0
甘伍村3社,9,2026-03-09,06:45,0.9883,1.0
甘伍村3社,9,2026-03-09,07:00,0.9916,1.0
甘伍村3社,9,2026-03-09,07:15,0.9948,1.0
甘伍村3社,9,2026-03-09,07:30,0.9963,1.0
甘伍村3社,9,2026-03-09,07:45,0.9972,1.0
甘伍村3社,9,2026-03-09,08:00,0.9954,0.932
甘伍村3社,9,2026-03-09,08:15,0.9969,1.0
甘伍村3社,9,2026-03-09,08:30,0.9977,1.0
甘伍村3社,9,2026-03-09,08:45,0.9957,1.0
甘伍村3社,9,2026-03-09,09:00,1.001,1.0
甘伍村3社,9,2026-03-09,09:15,1.0005,1.0
甘伍村3社,9,2026-03-09,09:30,0.9977,1.0
甘伍村3社,9,2026-03-09,09:45,1.0003,1.0
甘伍村3社,9,2026-03-09,10:00,1.0,1.0
甘伍村3社,9,2026-03-09,10:15,1.0036,1.0
甘伍村3社,9,2026-03-09,10:30,1.0033,1.0
甘伍村3社,9,2026-03-09,10:45,0.9978,1.0
甘伍村3社,9,2026-03-09,11:00,1.0077,1.0
甘伍村3社,9,2026-03-09,11:15,1.002,1.0
甘伍村3社,9,2026-03-09,11:30,0.9966,1.0
甘伍村3社,9,2026-03-09,11:45,0.9986,1.0
甘伍村3社,9,2026-03-09,12:00,1.0,1.0
甘伍村3社,9,2026-03-09,12:15,1.0042,1.0
甘伍村3社,9,2026-03-09,12:30,0.9978,1.0
甘伍村3社,9,2026-03-09,12:45,1.0008,1.0
甘伍村3社,9,2026-03-09,13:00,0.999,1.0
甘伍村3社,9,2026-03-09,13:15,1.0033,1.0
甘伍村3社,9,2026-03-09,13:30,1.001,1.0
甘伍村3社,9,2026-03-09,13:45,1.0043,1.0
甘伍村3社,9,2026-03-09,14:00,1.0001,1.0
甘伍村3社,9,2026-03-09,14:15,1.0014,1.0
甘伍村3社,9,2026-03-09,14:30,0.997,1.0
甘伍村3社,9,2026-03-09,14:45,1.0018,1.0
甘伍村3社,9,2026-03-09,15:00,1.0064,1.0
甘伍村3社,9,2026-03-09,15:15,0.9995,1.0
甘伍村3社,9,2026-03-09,15:30,1.0025,1.0
甘伍村3社,9,2026-03-09,15:45,1.0041,1.0
甘伍村3社,9,2026-03-09,16:00,0.9986,1.0
甘伍村3社,9,2026-03-09,16:15,1.003,1.0
甘伍村3社,9,2026-03-09,16:30,0.9968,1.0
甘伍村3社,9,2026-03-09,16:45,0.994,1.0
甘伍村3社,9,2026-03-09,17:00,1.0001,1.0
甘伍村3社,9,2026-03-09,17:15,0.9991,1.0
甘伍村3社,9,2026-03-09,17:30,1.0035,1.0
甘伍村3社,9,2026-03-09,17:45,0.9984,1.0
甘伍村3社,9,2026-03-09,18:00,1.0,1.0
甘伍村3社,9,2026-03-09,18:15,0.9997,1.0
甘伍村3社,9,2026-03-09,18:30,0.995,1.0
甘伍村3社,9,2026-03-09,18:45,0.9979,1.0
甘伍村3社,9,2026-03-09,19:00,1.0056,1.0
甘伍村3社,9,2026-03-09,19:15,0.9967,1.0
甘伍村3社,9,2026-03-09,19:30,0.9941,0.894
甘伍村3社,9,2026-03-09,19:45,0.9893,1.0
甘伍村3社,9,2026-03-09,20:00,0.9847,1.0
甘伍村3社,9,2026-03-09,20:15,0.9903,1.0
甘伍村3社,9,2026-03-09,20:30,0.9927,1.0
甘伍村3社,9,2026-03-09,20:45,1.0012,1.0
甘伍村3社,9,2026-03-09,21:00,1.0016,1.0
甘伍村3社,9,2026-03-09,21:15,1.0003,1.0
甘伍村3社,9,2026-03-09,21:30,1.0017,1.0
甘伍村3社,9,2026-03-09,21:45,0.9972,1.0
甘伍村3社,9,2026-03-09,22:00,1.0016,1.0
甘伍村3社,9,2026-03-09,22:15,1.0029,1.0
甘伍村3社,9,2026-03-09,22:30,1.0013,1.0
甘伍村3社,9,2026-03-09,22:45,0.9978,1.0
甘伍村3社,9,2026-03-09,23:00,1.0032,1.0
甘伍村3社,9,2026-03-09,23:15,1.0012,1.0
甘伍村3社,9,2026-03-09,23:30,1.0001,1.0
甘伍村3社,9,2026-03-09,23:45,0.9983,1.0
幸福村4社,10,2026-01-22,00:00,0.9919,0.985
幸福村4社,10,2026-01-22,00:15,0.9936,0.99
幸福村4社,10,2026-01-22,00:30,0.9933,0.99
幸福村4社,10,2026-01-22,00:45,0.9944,0.99
幸福村4社,10,2026-01-22,01:00,0.9941,0.99
幸福村4社,10,2026-01-22,01:15,0.9926,0.99
幸福村4社,10,2026-01-22,01:30,0.9946,0.991
幸福村4社,10,2026-01-22,01:45,0.9947,0.99
幸福村4社,10,2026-01-22,02:00,0.9946,0.99
幸福村4社,10,2026-01-22,02:15,0.9941,0.99
幸福村4社,10,2026-01-22,02:30,0.9957,0.99
幸福村4社,10,2026-01-22,02:45,0.9938,0.989
幸福村4社,10,2026-01-22,03:00,0.9933,0.99
幸福村4社,10,2026-01-22,03:15,0.9954,0.99
幸福村4社,10,2026-01-22,03:30,0.9974,0.989
幸福村4社,10,2026-01-22,03:45,0.9938,0.989
幸福村4社,10,2026-01-22,04:00,0.9959,0.99
幸福村4社,10,2026-01-22,04:15,0.9938,0.989
幸福村4社,10,2026-01-22,04:30,0.9971,0.989
幸福村4社,10,2026-01-22,04:45,0.9954,0.99
幸福村4社,10,2026-01-22,05:00,0.9947,0.989
幸福村4社,10,2026-01-22,05:15,0.9932,0.989
幸福村4社,10,2026-01-22,05:30,0.9949,0.989
幸福村4社,10,2026-01-22,05:45,0.9948,0.989
幸福村4社,10,2026-01-22,06:00,0.9946,0.99
幸福村4社,10,2026-01-22,06:15,0.9962,0.99
幸福村4社,10,2026-01-22,06:30,0.9945,0.989
幸福村4社,10,2026-01-22,06:45,0.9948,0.989
幸福村4社,10,2026-01-22,07:00,0.9948,0.989
幸福村4社,10,2026-01-22,07:15,0.9952,0.99
幸福村4社,10,2026-01-22,07:30,0.9965,0.99
幸福村4社,10,2026-01-22,07:45,0.9944,0.993
幸福村4社,10,2026-01-22,08:00,0.9962,1.0
幸福村4社,10,2026-01-22,08:15,0.9999,1.0
幸福村4社,10,2026-01-22,08:30,0.9971,1.0
幸福村4社,10,2026-01-22,08:45,1.0005,0.999
幸福村4社,10,2026-01-22,09:00,0.9983,0.999
幸福村4社,10,2026-01-22,09:15,0.998,1.0
幸福村4社,10,2026-01-22,09:30,0.9968,1.0
幸福村4社,10,2026-01-22,09:45,0.998,1.0
幸福村4社,10,2026-01-22,10:00,0.9958,1.0
幸福村4社,10,2026-01-22,10:15,0.9966,1.0
幸福村4社,10,2026-01-22,10:30,0.9977,1.0
幸福村4社,10,2026-01-22,10:45,0.9977,1.0
幸福村4社,10,2026-01-22,11:00,0.9945,1.0
幸福村4社,10,2026-01-22,11:15,0.9994,1.0
幸福村4社,10,2026-01-22,11:30,0.9982,1.0
幸福村4社,10,2026-01-22,11:45,0.9962,1.0
幸福村4社,10,2026-01-22,12:00,0.998,1.0
幸福村4社,10,2026-01-22,12:15,0.9989,1.0
幸福村4社,10,2026-01-22,12:30,0.9987,1.0
幸福村4社,10,2026-01-22,12:45,0.9986,1.0
幸福村4社,10,2026-01-22,13:00,0.9965,1.0
幸福村4社,10,2026-01-22,13:15,0.9979,1.0
幸福村4社,10,2026-01-22,13:30,1.0007,1.0
幸福村4社,10,2026-01-22,13:45,0.9962,1.0
幸福村4社,10,2026-01-22,14:00,0.9964,1.0
幸福村4社,10,2026-01-22,14:15,0.9953,0.999
幸福村4社,10,2026-01-22,14:30,0.9978,0.999
幸福村4社,10,2026-01-22,14:45,0.9962,1.0
幸福村4社,10,2026-01-22,15:00,0.9959,0.999
幸福村4社,10,2026-01-22,15:15,0.9984,1.0
幸福村4社,10,2026-01-22,15:30,0.9987,0.999
幸福村4社,10,2026-01-22,15:45,1.0009,1.0
幸福村4社,10,2026-01-22,16:00,0.9977,1.0
幸福村4社,10,2026-01-22,16:15,1.0001,1.0
幸福村4社,10,2026-01-22,16:30,0.9982,1.0
幸福村4社,10,2026-01-22,16:45,0.9968,1.0
幸福村4社,10,2026-01-22,17:00,0.9958,0.999
幸福村4社,10,2026-01-22,17:15,0.9978,1.0
幸福村4社,10,2026-01-22,17:30,0.9964,1.0
幸福村4社,10,2026-01-22,17:45,0.9971,1.0
幸福村4社,10,2026-01-22,18:00,1.0004,0.998
幸福村4社,10,2026-01-22,18:15,0.9965,0.998
幸福村4社,10,2026-01-22,18:30,0.9948,0.999
幸福村4社,10,2026-01-22,18:45,0.9954,1.0
幸福村4社,10,2026-01-22,19:00,0.9962,1.0
幸福村4社,10,2026-01-22,19:15,0.9942,0.99
幸福村4社,10,2026-01-22,19:30,0.9955,0.988
幸福村4社,10,2026-01-22,19:45,0.9916,0.988
幸福村4社,10,2026-01-22,20:00,0.9915,0.991
幸福村4社,10,2026-01-22,20:15,0.9923,0.988
幸福村4社,10,2026-01-22,20:30,0.9913,0.989
幸福村4社,10,2026-01-22,20:45,0.992,0.989
幸福村4社,10,2026-01-22,21:00,0.9918,0.99
幸福村4社,10,2026-01-22,21:15,0.9927,0.989
幸福村4社,10,2026-01-22,21:30,0.9916,0.987
幸福村4社,10,2026-01-22,21:45,0.9914,0.991
幸福村4社,10,2026-01-22,22:00,0.9917,0.989
幸福村4社,10,2026-01-22,22:15,0.9909,0.993
幸福村4社,10,2026-01-22,22:30,0.9918,0.992
幸福村4社,10,2026-01-22,22:45,0.994,0.991
幸福村4社,10,2026-01-22,23:00,0.9922,0.991
幸福村4社,10,2026-01-22,23:15,0.9941,0.992
幸福村4社,10,2026-01-22,23:30,0.9913,1.0
幸福村4社,10,2026-01-22,23:45,0.9936,1.0
幸福村4社,10,2026-01-23,00:00,0.9953,1.0
幸福村4社,10,2026-01-23,00:15,0.9943,1.0
幸福村4社,10,2026-01-23,00:30,0.9951,1.0
幸福村4社,10,2026-01-23,00:45,0.9965,1.0
幸福村4社,10,2026-01-23,01:00,0.9958,0.999
幸福村4社,10,2026-01-23,01:15,0.9953,1.0
幸福村4社,10,2026-01-23,01:30,0.9932,1.0
幸福村4社,10,2026-01-23,01:45,0.994,1.0
幸福村4社,10,2026-01-23,02:00,0.9939,1.0
幸福村4社,10,2026-01-23,02:15,0.9955,1.0
幸福村4社,10,2026-01-23,02:30,0.995,1.0
幸福村4社,10,2026-01-23,02:45,0.9937,1.0
幸福村4社,10,2026-01-23,03:00,0.9947,1.0
幸福村4社,10,2026-01-23,03:15,0.9934,1.0
幸福村4社,10,2026-01-23,03:30,0.9935,1.0
幸福村4社,10,2026-01-23,03:45,0.9918,0.999
幸福村4社,10,2026-01-23,04:00,0.9947,1.0
幸福村4社,10,2026-01-23,04:15,0.9951,1.0
幸福村4社,10,2026-01-23,04:30,0.9942,1.0
幸福村4社,10,2026-01-23,04:45,0.9947,1.0
幸福村4社,10,2026-01-23,05:00,0.9939,1.0
幸福村4社,10,2026-01-23,05:15,0.9955,1.0
幸福村4社,10,2026-01-23,05:30,0.9924,1.0
幸福村4社,10,2026-01-23,05:45,0.9951,1.0
幸福村4社,10,2026-01-23,06:00,0.9949,0.999
幸福村4社,10,2026-01-23,06:15,0.994,1.0
幸福村4社,10,2026-01-23,06:30,0.9938,1.0
幸福村4社,10,2026-01-23,06:45,0.9944,1.0
幸福村4社,10,2026-01-23,07:00,0.9936,1.0
幸福村4社,10,2026-01-23,07:15,0.9947,0.999
幸福村4社,10,2026-01-23,07:30,0.9959,1.0
幸福村4社,10,2026-01-23,07:45,0.9947,1.0
幸福村4社,10,2026-01-23,08:00,0.9981,1.0
幸福村4社,10,2026-01-23,08:15,1.0001,1.0
幸福村4社,10,2026-01-23,08:30,0.9981,1.0
幸福村4社,10,2026-01-23,08:45,0.9978,0.996
幸福村4社,10,2026-01-23,09:00,0.9975,1.0
幸福村4社,10,2026-01-23,09:15,0.9984,0.999
幸福村4社,10,2026-01-23,09:30,0.9993,0.999
幸福村4社,10,2026-01-23,09:45,0.9998,0.999
幸福村4社,10,2026-01-23,10:00,0.9969,0.999
幸福村4社,10,2026-01-23,10:15,0.9963,1.0
幸福村4社,10,2026-01-23,10:30,0.9974,1.0
幸福村4社,10,2026-01-23,10:45,0.999,1.0
幸福村4社,10,2026-01-23,11:00,0.9983,0.999
幸福村4社,10,2026-01-23,11:15,0.9989,1.0
幸福村4社,10,2026-01-23,11:30,0.9977,1.0
幸福村4社,10,2026-01-23,11:45,0.9976,1.0
幸福村4社,10,2026-01-23,12:00,0.9975,1.0
幸福村4社,10,2026-01-23,12:15,0.9976,1.0
幸福村4社,10,2026-01-23,12:30,0.9977,1.0
幸福村4社,10,2026-01-23,12:45,0.9973,1.0
幸福村4社,10,2026-01-23,13:00,0.9977,1.0
幸福村4社,10,2026-01-23,13:15,0.9955,0.999
幸福村4社,10,2026-01-23,13:30,0.9965,1.0
幸福村4社,10,2026-01-23,13:45,0.9982,1.0
幸福村4社,10,2026-01-23,14:00,0.9949,1.0
幸福村4社,10,2026-01-23,14:15,0.9953,1.0
幸福村4社,10,2026-01-23,14:30,1.0003,1.0
幸福村4社,10,2026-01-23,14:45,0.9962,1.0
幸福村4社,10,2026-01-23,15:00,0.9963,1.0
幸福村4社,10,2026-01-23,15:15,0.9951,1.0
幸福村4社,10,2026-01-23,15:30,0.9976,1.0
幸福村4社,10,2026-01-23,15:45,0.9991,1.0
幸福村4社,10,2026-01-23,16:00,0.9994,1.0
幸福村4社,10,2026-01-23,16:15,0.9984,1.0
幸福村4社,10,2026-01-23,16:30,0.9971,1.0
幸福村4社,10,2026-01-23,16:45,0.9979,1.0
幸福村4社,10,2026-01-23,17:00,0.9984,0.999
幸福村4社,10,2026-01-23,17:15,0.9985,1.0
幸福村4社,10,2026-01-23,17:30,0.9969,0.999
幸福村4社,10,2026-01-23,17:45,0.9977,1.0
幸福村4社,10,2026-01-23,18:00,1.0002,0.999
幸福村4社,10,2026-01-23,18:15,0.9991,1.0
幸福村4社,10,2026-01-23,18:30,0.9976,0.998
幸福村4社,10,2026-01-23,18:45,0.9967,0.995
幸福村4社,10,2026-01-23,19:00,0.995,0.991
幸福村4社,10,2026-01-23,19:15,0.9945,0.992
幸福村4社,10,2026-01-23,19:30,0.992,0.983
幸福村4社,10,2026-01-23,19:45,0.9919,0.983
幸福村4社,10,2026-01-23,20:00,0.9936,0.986
幸福村4社,10,2026-01-23,20:15,0.9924,0.993
幸福村4社,10,2026-01-23,20:30,0.9918,0.994
幸福村4社,10,2026-01-23,20:45,0.9919,0.993
幸福村4社,10,2026-01-23,21:00,0.9915,0.991
幸福村4社,10,2026-01-23,21:15,0.9927,0.989
幸福村4社,10,2026-01-23,21:30,0.9932,0.989
幸福村4社,10,2026-01-23,21:45,0.9929,0.99
幸福村4社,10,2026-01-23,22:00,0.9904,0.99
幸福村4社,10,2026-01-23,22:15,0.991,0.992
幸福村4社,10,2026-01-23,22:30,0.9895,0.992
幸福村4社,10,2026-01-23,22:45,0.9913,0.992
幸福村4社,10,2026-01-23,23:00,0.9911,0.992
幸福村4社,10,2026-01-23,23:15,0.9933,0.992
幸福村4社,10,2026-01-23,23:30,0.9924,0.992
幸福村4社,10,2026-01-23,23:45,0.9944,0.992
幸福村4社,10,2026-01-24,00:00,0.9935,0.993
幸福村4社,10,2026-01-24,00:15,0.9937,0.994
幸福村4社,10,2026-01-24,00:30,0.9938,1.0
幸福村4社,10,2026-01-24,00:45,0.9921,1.0
幸福村4社,10,2026-01-24,01:00,0.9912,1.0
幸福村4社,10,2026-01-24,01:15,0.9956,1.0
幸福村4社,10,2026-01-24,01:30,0.9951,1.0
幸福村4社,10,2026-01-24,01:45,0.998,1.0
幸福村4社,10,2026-01-24,02:00,0.9942,1.0
幸福村4社,10,2026-01-24,02:15,0.9976,1.0
幸福村4社,10,2026-01-24,02:30,0.995,1.0
幸福村4社,10,2026-01-24,02:45,0.9945,1.0
幸福村4社,10,2026-01-24,03:00,0.9953,1.0
幸福村4社,10,2026-01-24,03:15,0.9944,1.0
幸福村4社,10,2026-01-24,03:30,0.9934,1.0
幸福村4社,10,2026-01-24,03:45,0.9923,1.0
幸福村4社,10,2026-01-24,04:00,0.9959,1.0
幸福村4社,10,2026-01-24,04:15,0.9946,1.0
幸福村4社,10,2026-01-24,04:30,0.994,1.0
幸福村4社,10,2026-01-24,04:45,0.9946,1.0
幸福村4社,10,2026-01-24,05:00,0.9928,1.0
幸福村4社,10,2026-01-24,05:15,0.9949,1.0
幸福村4社,10,2026-01-24,05:30,0.9937,1.0
幸福村4社,10,2026-01-24,05:45,0.9956,1.0
幸福村4社,10,2026-01-24,06:00,0.9948,1.0
幸福村4社,10,2026-01-24,06:15,0.9946,0.978
幸福村4社,10,2026-01-24,06:30,0.9942,0.985
幸福村4社,10,2026-01-24,06:45,0.9975,0.986
幸福村4社,10,2026-01-24,07:00,0.9958,0.985
幸福村4社,10,2026-01-24,07:15,0.9962,0.984
幸福村4社,10,2026-01-24,07:30,0.997,0.984
幸福村4社,10,2026-01-24,07:45,0.9971,0.992
幸福村4社,10,2026-01-24,08:00,0.9971,0.992
幸福村4社,10,2026-01-24,08:15,0.9977,0.99
幸福村4社,10,2026-01-24,08:30,0.9971,0.99
幸福村4社,10,2026-01-24,08:45,0.9977,0.991
幸福村4社,10,2026-01-24,09:00,0.9958,0.993
幸福村4社,10,2026-01-24,09:15,0.9972,1.0
幸福村4社,10,2026-01-24,09:30,0.9991,1.0
幸福村4社,10,2026-01-24,09:45,0.9989,1.0
幸福村4社,10,2026-01-24,10:00,0.9991,1.0
幸福村4社,10,2026-01-24,10:15,0.997,1.0
幸福村4社,10,2026-01-24,10:30,0.9953,1.0
幸福村4社,10,2026-01-24,10:45,1.0,1.0
幸福村4社,10,2026-01-24,11:00,0.995,1.0
幸福村4社,10,2026-01-24,11:15,0.9988,1.0
幸福村4社,10,2026-01-24,11:30,0.9989,1.0
幸福村4社,10,2026-01-24,11:45,0.9984,1.0
幸福村4社,10,2026-01-24,12:00,0.997,1.0
幸福村4社,10,2026-01-24,12:15,0.9958,1.0
幸福村4社,10,2026-01-24,12:30,0.9984,1.0
幸福村4社,10,2026-01-24,12:45,0.9977,1.0
幸福村4社,10,2026-01-24,13:00,0.9963,1.0
幸福村4社,10,2026-01-24,13:15,0.9974,1.0
幸福村4社,10,2026-01-24,13:30,0.9977,1.0
幸福村4社,10,2026-01-24,13:45,0.9968,1.0
幸福村4社,10,2026-01-24,14:00,0.9942,1.0
幸福村4社,10,2026-01-24,14:15,0.994,1.0
幸福村4社,10,2026-01-24,14:30,0.9971,1.0
幸福村4社,10,2026-01-24,14:45,0.995,1.0
幸福村4社,10,2026-01-24,15:00,0.9942,1.0
幸福村4社,10,2026-01-24,15:15,0.9991,1.0
幸福村4社,10,2026-01-24,15:30,0.9991,1.0
幸福村4社,10,2026-01-24,15:45,0.9973,1.0
幸福村4社,10,2026-01-24,16:00,0.9995,1.0
幸福村4社,10,2026-01-24,16:15,0.9964,1.0
幸福村4社,10,2026-01-24,16:30,0.9971,1.0
幸福村4社,10,2026-01-24,16:45,0.9981,1.0
幸福村4社,10,2026-01-24,17:00,0.9963,1.0
幸福村4社,10,2026-01-24,17:15,0.9968,1.0
幸福村4社,10,2026-01-24,17:30,0.9954,1.0
幸福村4社,10,2026-01-24,17:45,0.9971,1.0
幸福村4社,10,2026-01-24,18:00,0.9972,1.0
幸福村4社,10,2026-01-24,18:15,0.9963,1.0
幸福村4社,10,2026-01-24,18:30,0.9978,1.0
幸福村4社,10,2026-01-24,18:45,0.9975,1.0
幸福村4社,10,2026-01-24,19:00,0.9936,0.993
幸福村4社,10,2026-01-24,19:15,0.9949,0.992
幸福村4社,10,2026-01-24,19:30,0.9934,0.989
幸福村4社,10,2026-01-24,19:45,0.9898,0.972
幸福村4社,10,2026-01-24,20:00,0.9898,0.987
幸福村4社,10,2026-01-24,20:15,0.9947,0.99
幸福村4社,10,2026-01-24,20:30,0.9933,0.99
幸福村4社,10,2026-01-24,20:45,0.9919,0.99
幸福村4社,10,2026-01-24,21:00,0.9923,0.991
幸福村4社,10,2026-01-24,21:15,0.993,0.994
幸福村4社,10,2026-01-24,21:30,0.9912,0.998
幸福村4社,10,2026-01-24,21:45,0.9918,0.997
幸福村4社,10,2026-01-24,22:00,0.9909,0.997
幸福村4社,10,2026-01-24,22:15,0.9894,0.996
幸福村4社,10,2026-01-24,22:30,0.9905,0.997
幸福村4社,10,2026-01-24,22:45,0.9933,0.997
幸福村4社,10,2026-01-24,23:00,0.9927,0.997
幸福村4社,10,2026-01-24,23:15,0.9933,0.997
幸福村4社,10,2026-01-24,23:30,0.9939,0.997
幸福村4社,10,2026-01-24,23:45,0.9953,0.997
马鞍村1社,11,2026-04-23,00:00,0.8051,0.793
马鞍村1社,11,2026-04-23,00:15,0.7997,0.942
马鞍村1社,11,2026-04-23,00:30,0.7817,0.8
马鞍村1社,11,2026-04-23,00:45,0.79,0.705
马鞍村1社,11,2026-04-23,01:00,0.7827,0.747
马鞍村1社,11,2026-04-23,01:15,0.7823,0.9
马鞍村1社,11,2026-04-23,01:30,0.7758,0.762
马鞍村1社,11,2026-04-23,01:45,0.7663,0.719
马鞍村1社,11,2026-04-23,02:00,0.7652,0.732
马鞍村1社,11,2026-04-23,02:15,0.75,0.71
马鞍村1社,11,2026-04-23,02:30,0.7624,0.711
马鞍村1社,11,2026-04-23,02:45,0.7537,0.751
马鞍村1社,11,2026-04-23,03:00,0.752,0.729
马鞍村1社,11,2026-04-23,03:15,0.7435,0.75
马鞍村1社,11,2026-04-23,03:30,0.748,0.703
马鞍村1社,11,2026-04-23,03:45,0.751,0.716
马鞍村1社,11,2026-04-23,04:00,0.7477,0.678
马鞍村1社,11,2026-04-23,04:15,0.7528,0.707
马鞍村1社,11,2026-04-23,04:30,0.7552,0.724
马鞍村1社,11,2026-04-23,04:45,0.7453,0.675
马鞍村1社,11,2026-04-23,05:00,0.759,0.679
马鞍村1社,11,2026-04-23,05:15,0.7534,0.761
马鞍村1社,11,2026-04-23,05:30,0.7514,0.706
马鞍村1社,11,2026-04-23,05:45,0.7581,0.759
马鞍村1社,11,2026-04-23,06:00,0.7735,0.73
马鞍村1社,11,2026-04-23,06:15,0.7644,0.742
马鞍村1社,11,2026-04-23,06:30,0.802,0.955
马鞍村1社,11,2026-04-23,06:45,0.8126,0.957
马鞍村1社,11,2026-04-23,07:00,0.8483,0.972
马鞍村1社,11,2026-04-23,07:15,0.8863,0.969
马鞍村1社,11,2026-04-23,07:30,0.9104,0.983
马鞍村1社,11,2026-04-23,07:45,0.9253,0.969
马鞍村1社,11,2026-04-23,08:00,0.96,0.954
马鞍村1社,11,2026-04-23,08:15,0.9726,0.988
马鞍村1社,11,2026-04-23,08:30,0.9816,0.989
马鞍村1社,11,2026-04-23,08:45,0.9855,0.994
马鞍村1社,11,2026-04-23,09:00,0.9835,0.997
马鞍村1社,11,2026-04-23,09:15,0.9509,0.949
马鞍村1社,11,2026-04-23,09:30,0.9421,0.99
马鞍村1社,11,2026-04-23,09:45,0.9278,0.741
马鞍村1社,11,2026-04-23,10:00,0.9172,0.962
马鞍村1社,11,2026-04-23,10:15,0.9029,0.92
马鞍村1社,11,2026-04-23,10:30,0.8949,0.889
马鞍村1社,11,2026-04-23,10:45,0.8796,0.838
马鞍村1社,11,2026-04-23,11:00,0.8711,0.922
马鞍村1社,11,2026-04-23,11:15,0.871,0.695
马鞍村1社,11,2026-04-23,11:30,0.8698,0.696
马鞍村1社,11,2026-04-23,11:45,0.8749,0.713
马鞍村1社,11,2026-04-23,12:00,0.8869,0.948
马鞍村1社,11,2026-04-23,12:15,0.8892,0.705
马鞍村1社,11,2026-04-23,12:30,0.8935,0.899
马鞍村1社,11,2026-04-23,12:45,0.8703,0.952
马鞍村1社,11,2026-04-23,13:00,0.8615,0.689
马鞍村1社,11,2026-04-23,13:15,0.8694,0.946
马鞍村1社,11,2026-04-23,13:30,0.9003,0.925
马鞍村1社,11,2026-04-23,13:45,0.8671,0.707
马鞍村1社,11,2026-04-23,14:00,0.8751,0.973
马鞍村1社,11,2026-04-23,14:15,0.865,0.945
马鞍村1社,11,2026-04-23,14:30,0.8612,0.938
马鞍村1社,11,2026-04-23,14:45,0.8805,0.989
马鞍村1社,11,2026-04-23,15:00,0.8845,0.98
马鞍村1社,11,2026-04-23,15:15,0.9025,0.912
马鞍村1社,11,2026-04-23,15:30,0.9169,0.987
马鞍村1社,11,2026-04-23,15:45,0.9147,0.989
马鞍村1社,11,2026-04-23,16:00,0.9227,0.962
马鞍村1社,11,2026-04-23,16:15,0.9309,0.907
马鞍村1社,11,2026-04-23,16:30,0.9401,0.913
马鞍村1社,11,2026-04-23,16:45,0.9479,0.972
马鞍村1社,11,2026-04-23,17:00,0.9479,0.762
马鞍村1社,11,2026-04-23,17:15,0.9442,0.917
马鞍村1社,11,2026-04-23,17:30,0.9573,0.972
马鞍村1社,11,2026-04-23,17:45,0.9601,0.944
马鞍村1社,11,2026-04-23,18:00,0.9419,0.983
马鞍村1社,11,2026-04-23,18:15,0.9445,0.936
马鞍村1社,11,2026-04-23,18:30,0.939,0.95
马鞍村1社,11,2026-04-23,18:45,0.9321,0.983
马鞍村1社,11,2026-04-23,19:00,0.9251,0.936
马鞍村1社,11,2026-04-23,19:15,0.9257,0.863
马鞍村1社,11,2026-04-23,19:30,0.9225,0.939
马鞍村1社,11,2026-04-23,19:45,0.9213,0.84
马鞍村1社,11,2026-04-23,20:00,0.9198,0.938
马鞍村1社,11,2026-04-23,20:15,0.9305,0.924
马鞍村1社,11,2026-04-23,20:30,0.924,0.95
马鞍村1社,11,2026-04-23,20:45,0.9194,0.942
马鞍村1社,11,2026-04-23,21:00,0.9188,0.947
马鞍村1社,11,2026-04-23,21:15,0.9164,0.978
马鞍村1社,11,2026-04-23,21:30,0.9122,0.953
马鞍村1社,11,2026-04-23,21:45,0.9007,0.934
马鞍村1社,11,2026-04-23,22:00,0.887,0.918
马鞍村1社,11,2026-04-23,22:15,0.8814,0.915
马鞍村1社,11,2026-04-23,22:30,0.8661,0.958
马鞍村1社,11,2026-04-23,22:45,0.8587,0.929
马鞍村1社,11,2026-04-23,23:00,0.8494,0.738
马鞍村1社,11,2026-04-23,23:15,0.8186,0.77
马鞍村1社,11,2026-04-23,23:30,0.8062,0.699
马鞍村1社,11,2026-04-23,23:45,0.8056,0.772
马鞍村1社,11,2026-04-25,00:00,0.8064,0.9145
马鞍村1社,11,2026-04-25,00:15,0.8064,0.864
马鞍村1社,11,2026-04-25,00:30,0.7851,0.8955
马鞍村1社,11,2026-04-25,00:45,0.7881,0.878
马鞍村1社,11,2026-04-25,01:00,0.7838,0.784
马鞍村1社,11,2026-04-25,01:15,0.791,0.795
马鞍村1社,11,2026-04-25,01:30,0.7704,0.7565
马鞍村1社,11,2026-04-25,01:45,0.7744,0.7445
马鞍村1社,11,2026-04-25,02:00,0.7688,0.718
马鞍村1社,11,2026-04-25,02:15,0.7609,0.719
马鞍村1社,11,2026-04-25,02:30,0.7607,0.748
马鞍村1社,11,2026-04-25,02:45,0.7591,0.7385
马鞍村1社,11,2026-04-25,03:00,0.7601,0.709
马鞍村1社,11,2026-04-25,03:15,0.7424,0.7195
马鞍村1社,11,2026-04-25,03:30,0.7537,0.733
马鞍村1社,11,2026-04-25,03:45,0.7548,0.736
马鞍村1社,11,2026-04-25,04:00,0.7444,0.7525
马鞍村1社,11,2026-04-25,04:15,0.75,0.7365
马鞍村1社,11,2026-04-25,04:30,0.748,0.7095
马鞍村1社,11,2026-04-25,04:45,0.7394,0.7105
马鞍村1社,11,2026-04-25,05:00,0.7468,0.791
马鞍村1社,11,2026-04-25,05:15,0.7451,0.7805
马鞍村1社,11,2026-04-25,05:30,0.7507,0.779
马鞍村1社,11,2026-04-25,05:45,0.7562,0.8345
马鞍村1社,11,2026-04-25,06:00,0.7731,0.8195
马鞍村1社,11,2026-04-25,06:15,0.7676,0.8035
马鞍村1社,11,2026-04-25,06:30,0.7998,0.7915
马鞍村1社,11,2026-04-25,06:45,0.8095,0.9
马鞍村1社,11,2026-04-25,07:00,0.8455,0.9815
马鞍村1社,11,2026-04-25,07:15,0.8823,0.983
马鞍村1社,11,2026-04-25,07:30,0.9007,0.976
马鞍村1社,11,2026-04-25,07:45,0.9369,0.993
马鞍村1社,11,2026-04-25,08:00,0.9618,0.98
马鞍村1社,11,2026-04-25,08:15,0.9753,0.9865
马鞍村1社,11,2026-04-25,08:30,0.9823,0.9745
马鞍村1社,11,2026-04-25,08:45,0.9774,0.9795
马鞍村1社,11,2026-04-25,09:00,0.9766,0.9245
马鞍村1社,11,2026-04-25,09:15,0.9493,0.8315
马鞍村1社,11,2026-04-25,09:30,0.9379,0.8505
马鞍村1社,11,2026-04-25,09:45,0.9261,0.9365
马鞍村1社,11,2026-04-25,10:00,0.9164,0.884
马鞍村1社,11,2026-04-25,10:15,0.892,0.6835
马鞍村1社,11,2026-04-25,10:30,0.886,0.7865
马鞍村1社,11,2026-04-25,10:45,0.8827,0.8885
马鞍村1社,11,2026-04-25,11:00,0.8716,0.822
马鞍村1社,11,2026-04-25,11:15,0.8655,0.775
马鞍村1社,11,2026-04-25,11:30,0.8645,0.801
马鞍村1社,11,2026-04-25,11:45,0.857,0.8095
马鞍村1社,11,2026-04-25,12:00,0.884,0.8245
马鞍村1社,11,2026-04-25,12:15,0.8858,0.809
马鞍村1社,11,2026-04-25,12:30,0.9032,0.8945
马鞍村1社,11,2026-04-25,12:45,0.8805,0.806
马鞍村1社,11,2026-04-25,13:00,0.8652,0.875
马鞍村1社,11,2026-04-25,13:15,0.87,0.928
马鞍村1社,11,2026-04-25,13:30,0.9011,0.9025
马鞍村1社,11,2026-04-25,13:45,0.8691,0.949
马鞍村1社,11,2026-04-25,14:00,0.8808,0.947
马鞍村1社,11,2026-04-25,14:15,0.877,0.9545
马鞍村1社,11,2026-04-25,14:30,0.8675,0.9365
马鞍村1社,11,2026-04-25,14:45,0.8944,0.9485
马鞍村1社,11,2026-04-25,15:00,0.8894,0.8925
马鞍村1社,11,2026-04-25,15:15,0.9074,0.9195
马鞍村1社,11,2026-04-25,15:30,0.9195,0.902
马鞍村1社,11,2026-04-25,15:45,0.9047,0.8085
马鞍村1社,11,2026-04-25,16:00,0.9182,0.931
马鞍村1社,11,2026-04-25,16:15,0.9313,0.8315
马鞍村1社,11,2026-04-25,16:30,0.9405,0.86
马鞍村1社,11,2026-04-25,16:45,0.9377,0.881
马鞍村1社,11,2026-04-25,17:00,0.9453,0.9345
马鞍村1社,11,2026-04-25,17:15,0.9429,0.904
马鞍村1社,11,2026-04-25,17:30,0.9673,0.989
马鞍村1社,11,2026-04-25,17:45,0.9648,0.9785
马鞍村1社,11,2026-04-25,18:00,0.9527,0.9345
马鞍村1社,11,2026-04-25,18:15,0.9355,0.942
马鞍村1社,11,2026-04-25,18:30,0.9375,0.872
马鞍村1社,11,2026-04-25,18:45,0.925,0.8625
马鞍村1社,11,2026-04-25,19:00,0.9111,0.8535
马鞍村1社,11,2026-04-25,19:15,0.921,0.9155
马鞍村1社,11,2026-04-25,19:30,0.9146,0.8455
马鞍村1社,11,2026-04-25,19:45,0.9264,0.8245
马鞍村1社,11,2026-04-25,20:00,0.9254,0.8515
马鞍村1社,11,2026-04-25,20:15,0.9326,0.95
马鞍村1社,11,2026-04-25,20:30,0.936,0.949
马鞍村1社,11,2026-04-25,20:45,0.9214,0.9805
马鞍村1社,11,2026-04-25,21:00,0.9231,0.9295
马鞍村1社,11,2026-04-25,21:15,0.9221,0.867
马鞍村1社,11,2026-04-25,21:30,0.9122,0.969
马鞍村1社,11,2026-04-25,21:45,0.9131,0.8885
马鞍村1社,11,2026-04-25,22:00,0.8862,0.808
马鞍村1社,11,2026-04-25,22:15,0.8847,0.8785
马鞍村1社,11,2026-04-25,22:30,0.8711,0.8455
马鞍村1社,11,2026-04-25,22:45,0.8591,0.908
马鞍村1社,11,2026-04-25,23:00,0.8433,0.974
马鞍村1社,11,2026-04-25,23:15,0.8221,0.836
马鞍村1社,11,2026-04-25,23:30,0.8055,0.833
马鞍村1社,11,2026-04-25,23:45,0.8055,0.822
马鞍村1社,11,2026-04-26,00:00,0.8148,0.849
马鞍村1社,11,2026-04-26,00:15,0.7988,0.862
马鞍村1社,11,2026-04-26,00:30,0.7865,0.8
马鞍村1社,11,2026-04-26,00:45,0.7895,0.705
马鞍村1社,11,2026-04-26,01:00,0.7879,0.747
马鞍村1社,11,2026-04-26,01:15,0.7792,0.9
马鞍村1社,11,2026-04-26,01:30,0.7788,0.762
马鞍村1社,11,2026-04-26,01:45,0.7773,0.719
马鞍村1社,11,2026-04-26,02:00,0.7735,0.725
马鞍村1社,11,2026-04-26,02:15,0.7515,0.727
马鞍村1社,11,2026-04-26,02:30,0.7647,0.721
马鞍村1社,11,2026-04-26,02:45,0.7596,0.788
马鞍村1社,11,2026-04-26,03:00,0.7511,0.807
马鞍村1社,11,2026-04-26,03:15,0.743,0.762
马鞍村1社,11,2026-04-26,03:30,0.7537,0.758
马鞍村1社,11,2026-04-26,03:45,0.764,0.743
马鞍村1社,11,2026-04-26,04:00,0.7584,0.726
马鞍村1社,11,2026-04-26,04:15,0.7509,0.759
马鞍村1社,11,2026-04-26,04:30,0.7453,0.758
马鞍村1社,11,2026-04-26,04:45,0.7383,0.737
马鞍村1社,11,2026-04-26,05:00,0.7545,0.702
马鞍村1社,11,2026-04-26,05:15,0.7518,0.761
马鞍村1社,11,2026-04-26,05:30,0.7562,0.756
马鞍村1社,11,2026-04-26,05:45,0.764,0.737
马鞍村1社,11,2026-04-26,06:00,0.77,0.759
马鞍村1社,11,2026-04-26,06:15,0.7754,0.748
马鞍村1社,11,2026-04-26,06:30,0.7972,0.955
马鞍村1社,11,2026-04-26,06:45,0.8186,0.957
马鞍村1社,11,2026-04-26,07:00,0.8501,0.974
马鞍村1社,11,2026-04-26,07:15,0.8971,0.992
马鞍村1社,11,2026-04-26,07:30,0.9164,0.931
马鞍村1社,11,2026-04-26,07:45,0.9482,0.984
马鞍村1社,11,2026-04-26,08:00,0.9664,0.986
马鞍村1社,11,2026-04-26,08:15,0.9809,0.9905
马鞍村1社,11,2026-04-26,08:30,0.9872,0.9885
马鞍村1社,11,2026-04-26,08:45,0.9812,0.994
马鞍村1社,11,2026-04-26,09:00,0.9828,0.997
马鞍村1社,11,2026-04-26,09:15,0.9546,0.949
马鞍村1社,11,2026-04-26,09:30,0.9465,0.99
马鞍村1社,11,2026-04-26,09:45,0.9397,0.741
马鞍村1社,11,2026-04-26,10:00,0.9259,0.962
马鞍村1社,11,2026-04-26,10:15,0.8991,0.92
马鞍村1社,11,2026-04-26,10:30,0.8973,0.8695
马鞍村1社,11,2026-04-26,10:45,0.8823,0.811
马鞍村1社,11,2026-04-26,11:00,0.857,0.859
马鞍村1社,11,2026-04-26,11:15,0.8734,0.7455
马鞍村1社,11,2026-04-26,11:30,0.8415,0.7465
马鞍村1社,11,2026-04-26,11:45,0.8637,0.7835
马鞍村1社,11,2026-04-26,12:00,0.8825,0.9065
马鞍村1社,11,2026-04-26,12:15,0.895,0.766
马鞍村1社,11,2026-04-26,12:30,0.8862,0.855
马鞍村1社,11,2026-04-26,12:45,0.8707,0.952
马鞍村1社,11,2026-04-26,13:00,0.8622,0.736
马鞍村1社,11,2026-04-26,13:15,0.8785,0.889
马鞍村1社,11,2026-04-26,13:30,0.8882,0.85
马鞍村1社,11,2026-04-26,13:45,0.8728,0.808
马鞍村1社,11,2026-04-26,14:00,0.8671,0.973
马鞍村1社,11,2026-04-26,14:15,0.8633,0.945
马鞍村1社,11,2026-04-26,14:30,0.8564,0.938
马鞍村1社,11,2026-04-26,14:45,0.8859,0.989
马鞍村1社,11,2026-04-26,15:00,0.8991,0.704
马鞍村1社,11,2026-04-26,15:15,0.8944,0.904
马鞍村1社,11,2026-04-26,15:30,0.9112,0.908
马鞍村1社,11,2026-04-26,15:45,0.9148,0.966
马鞍村1社,11,2026-04-26,16:00,0.9242,0.979
马鞍村1社,11,2026-04-26,16:15,0.923,0.907
马鞍村1社,11,2026-04-26,16:30,0.9382,0.952
马鞍村1社,11,2026-04-26,16:45,0.9435,0.982
马鞍村1社,11,2026-04-26,17:00,0.9475,0.867
马鞍村1社,11,2026-04-26,17:15,0.9477,0.9325
马鞍村1社,11,2026-04-26,17:30,0.9602,0.951
马鞍村1社,11,2026-04-26,17:45,0.9616,0.9625
马鞍村1社,11,2026-04-26,18:00,0.9485,0.966
马鞍村1社,11,2026-04-26,18:15,0.947,0.925
马鞍村1社,11,2026-04-26,18:30,0.9472,0.8705
马鞍村1社,11,2026-04-26,18:45,0.9266,0.978
马鞍村1社,11,2026-04-26,19:00,0.9128,0.943
马鞍村1社,11,2026-04-26,19:15,0.9162,0.924
马鞍村1社,11,2026-04-26,19:30,0.9138,0.888
马鞍村1社,11,2026-04-26,19:45,0.9232,0.815
马鞍村1社,11,2026-04-26,20:00,0.9266,0.918
马鞍村1社,11,2026-04-26,20:15,0.9372,0.877
马鞍村1社,11,2026-04-26,20:30,0.9296,0.91
马鞍村1社,11,2026-04-26,20:45,0.9314,0.9005
马鞍村1社,11,2026-04-26,21:00,0.9238,0.8955
马鞍村1社,11,2026-04-26,21:15,0.9194,0.9075
马鞍村1社,11,2026-04-26,21:30,0.9092,0.915
马鞍村1社,11,2026-04-26,21:45,0.9039,0.888
马鞍村1社,11,2026-04-26,22:00,0.8802,0.855
马鞍村1社,11,2026-04-26,22:15,0.8798,0.9215
马鞍村1社,11,2026-04-26,22:30,0.8677,0.951
马鞍村1社,11,2026-04-26,22:45,0.8672,0.9255
马鞍村1社,11,2026-04-26,23:00,0.8457,0.8185
马鞍村1社,11,2026-04-26,23:15,0.8249,0.861
马鞍村1社,11,2026-04-26,23:30,0.8152,0.7885
马鞍村1社,11,2026-04-26,23:45,0.8121,0.843
幸福村1社,12,2026-03-10,00:00,0.7057,0.843
幸福村1社,12,2026-03-10,00:15,0.6858,0.693
幸福村1社,12,2026-03-10,00:30,0.7077,0.691
幸福村1社,12,2026-03-10,00:45,0.6737,0.745
幸福村1社,12,2026-03-10,01:00,0.6696,0.873
幸福村1社,12,2026-03-10,01:15,0.683,0.743
幸福村1社,12,2026-03-10,01:30,0.6618,0.626
幸福村1社,12,2026-03-10,01:45,0.6664,0.616
幸福村1社,12,2026-03-10,02:00,0.6655,0.678
幸福村1社,12,2026-03-10,02:15,0.665,0.597
幸福村1社,12,2026-03-10,02:30,0.6541,0.681
幸福村1社,12,2026-03-10,02:45,0.6817,0.637
幸福村1社,12,2026-03-10,03:00,0.6613,0.616
幸福村1社,12,2026-03-10,03:15,0.6641,0.63
幸福村1社,12,2026-03-10,03:30,0.6561,0.644
幸福村1社,12,2026-03-10,03:45,0.664,0.762
幸福村1社,12,2026-03-10,04:00,0.6518,0.617
幸福村1社,12,2026-03-10,04:15,0.6549,0.612
幸福村1社,12,2026-03-10,04:30,0.6609,0.758
幸福村1社,12,2026-03-10,04:45,0.6421,0.624
幸福村1社,12,2026-03-10,05:00,0.6494,0.75
幸福村1社,12,2026-03-10,05:15,0.6399,0.598
幸福村1社,12,2026-03-10,05:30,0.6496,0.582
幸福村1社,12,2026-03-10,05:45,0.6378,0.639
幸福村1社,12,2026-03-10,06:00,0.6463,0.576
幸福村1社,12,2026-03-10,06:15,0.6651,0.66
幸福村1社,12,2026-03-10,06:30,0.718,0.601
幸福村1社,12,2026-03-10,06:45,0.7258,0.659
幸福村1社,12,2026-03-10,07:00,0.7618,0.611
幸福村1社,12,2026-03-10,07:15,0.7869,0.622
幸福村1社,12,2026-03-10,07:30,0.8077,0.705
幸福村1社,12,2026-03-10,07:45,0.8376,0.742
幸福村1社,12,2026-03-10,08:00,0.8403,0.814
幸福村1社,12,2026-03-10,08:15,0.8805,0.99
幸福村1社,12,2026-03-10,08:30,0.9313,0.686
幸福村1社,12,2026-03-10,08:45,0.9482,0.991
幸福村1社,12,2026-03-10,09:00,0.9437,0.998
幸福村1社,12,2026-03-10,09:15,0.9354,0.999
幸福村1社,12,2026-03-10,09:30,0.9049,0.986
幸福村1社,12,2026-03-10,09:45,0.8985,0.996
幸福村1社,12,2026-03-10,10:00,0.8843,0.868
幸福村1社,12,2026-03-10,10:15,0.8658,0.997
幸福村1社,12,2026-03-10,10:30,0.8475,0.997
幸福村1社,12,2026-03-10,10:45,0.857,0.992
幸福村1社,12,2026-03-10,11:00,0.8115,0.923
幸福村1社,12,2026-03-10,11:15,0.8042,0.801
幸福村1社,12,2026-03-10,11:30,0.8028,0.7585
幸福村1社,12,2026-03-10,11:45,0.7977,0.8065
幸福村1社,12,2026-03-10,12:00,0.7831,0.763
幸福村1社,12,2026-03-10,12:15,0.7692,0.725
幸福村1社,12,2026-03-10,12:30,0.7965,0.688
幸福村1社,12,2026-03-10,12:45,0.7739,0.7325
幸福村1社,12,2026-03-10,13:00,0.783,0.706
幸福村1社,12,2026-03-10,13:15,0.792,0.8015
幸福村1社,12,2026-03-10,13:30,0.7953,0.6775
幸福村1社,12,2026-03-10,13:45,0.7914,0.7505
幸福村1社,12,2026-03-10,14:00,0.7845,0.801
幸福村1社,12,2026-03-10,14:15,0.7796,0.7195
幸福村1社,12,2026-03-10,14:30,0.8038,0.7935
幸福村1社,12,2026-03-10,14:45,0.7917,0.703
幸福村1社,12,2026-03-10,15:00,0.7793,0.6905
幸福村1社,12,2026-03-10,15:15,0.7945,0.649
幸福村1社,12,2026-03-10,15:30,0.7877,0.881
幸福村1社,12,2026-03-10,15:45,0.7732,0.76
幸福村1社,12,2026-03-10,16:00,0.7935,0.911
幸福村1社,12,2026-03-10,16:15,0.8083,0.58
幸福村1社,12,2026-03-10,16:30,0.8457,0.602
幸福村1社,12,2026-03-10,16:45,0.8794,0.607
幸福村1社,12,2026-03-10,17:00,0.849,0.683
幸福村1社,12,2026-03-10,17:15,0.8761,0.685
幸福村1社,12,2026-03-10,17:30,0.8737,0.989
幸福村1社,12,2026-03-10,17:45,0.8853,0.889
幸福村1社,12,2026-03-10,18:00,0.8933,0.936
幸福村1社,12,2026-03-10,18:15,0.9065,0.9
幸福村1社,12,2026-03-10,18:30,0.8861,0.855
幸福村1社,12,2026-03-10,18:45,0.8735,0.998
幸福村1社,12,2026-03-10,19:00,0.8707,0.999
幸福村1社,12,2026-03-10,19:15,0.9026,0.999
幸福村1社,12,2026-03-10,19:30,0.8973,0.993
幸福村1社,12,2026-03-10,19:45,0.906,0.927
幸福村1社,12,2026-03-10,20:00,0.8953,0.966
幸福村1社,12,2026-03-10,20:15,0.9007,0.951
幸福村1社,12,2026-03-10,20:30,0.8791,0.925
幸福村1社,12,2026-03-10,20:45,0.8667,0.835
幸福村1社,12,2026-03-10,21:00,0.861,0.902
幸福村1社,12,2026-03-10,21:15,0.8531,0.874
幸福村1社,12,2026-03-10,21:30,0.8466,0.792
幸福村1社,12,2026-03-10,21:45,0.8224,0.827
幸福村1社,12,2026-03-10,22:00,0.8094,0.856
幸福村1社,12,2026-03-10,22:15,0.8057,0.855
幸福村1社,12,2026-03-10,22:30,0.7861,0.936
幸福村1社,12,2026-03-10,22:45,0.7661,0.735
幸福村1社,12,2026-03-10,23:00,0.7575,0.953
幸福村1社,12,2026-03-10,23:15,0.745,0.865
幸福村1社,12,2026-03-10,23:30,0.7398,0.79
幸福村1社,12,2026-03-10,23:45,0.7257,0.818
幸福村1社,12,2026-03-11,00:00,0.7186,0.711
幸福村1社,12,2026-03-11,00:15,0.7095,0.838
幸福村1社,12,2026-03-11,00:30,0.7125,0.797
幸福村1社,12,2026-03-11,00:45,0.6995,0.746
幸福村1社,12,2026-03-11,01:00,0.6993,0.745
幸福村1社,12,2026-03-11,01:15,0.6909,0.75
幸福村1社,12,2026-03-11,01:30,0.6723,0.652
幸福村1社,12,2026-03-11,01:45,0.6622,0.821
幸福村1社,12,2026-03-11,02:00,0.6673,0.649
幸福村1社,12,2026-03-11,02:15,0.6781,0.732
幸福村1社,12,2026-03-11,02:30,0.6694,0.701
幸福村1社,12,2026-03-11,02:45,0.6762,0.633
幸福村1社,12,2026-03-11,03:00,0.6779,0.764
幸福村1社,12,2026-03-11,03:15,0.6715,0.693
幸福村1社,12,2026-03-11,03:30,0.6655,0.682
幸福村1社,12,2026-03-11,03:45,0.6732,0.703
幸福村1社,12,2026-03-11,04:00,0.6613,0.712
幸福村1社,12,2026-03-11,04:15,0.6709,0.703
幸福村1社,12,2026-03-11,04:30,0.6573,0.675
幸福村1社,12,2026-03-11,04:45,0.6562,0.726
幸福村1社,12,2026-03-11,05:00,0.6581,0.614
幸福村1社,12,2026-03-11,05:15,0.6388,0.734
幸福村1社,12,2026-03-11,05:30,0.6565,0.712
幸福村1社,12,2026-03-11,05:45,0.6575,0.666
幸福村1社,12,2026-03-11,06:00,0.6667,0.761
幸福村1社,12,2026-03-11,06:15,0.6515,0.79
幸福村1社,12,2026-03-11,06:30,0.717,0.745
幸福村1社,12,2026-03-11,06:45,0.7468,0.678
幸福村1社,12,2026-03-11,07:00,0.7568,0.956
幸福村1社,12,2026-03-11,07:15,0.769,0.722
幸福村1社,12,2026-03-11,07:30,0.8162,0.971
幸福村1社,12,2026-03-11,07:45,0.8637,0.763
幸福村1社,12,2026-03-11,08:00,0.843,0.789
幸福村1社,12,2026-03-11,08:15,0.9084,0.971
幸福村1社,12,2026-03-11,08:30,0.9472,0.969
幸福村1社,12,2026-03-11,08:45,0.9457,0.92
幸福村1社,12,2026-03-11,09:00,0.943,0.937
幸福村1社,12,2026-03-11,09:15,0.9281,0.995
幸福村1社,12,2026-03-11,09:30,0.9178,0.975
幸福村1社,12,2026-03-11,09:45,0.9181,0.999
幸福村1社,12,2026-03-11,10:00,0.8889,0.955
幸福村1社,12,2026-03-11,10:15,0.8368,0.871
幸福村1社,12,2026-03-11,10:30,0.8239,0.883
幸福村1社,12,2026-03-11,10:45,0.8544,0.994
幸福村1社,12,2026-03-11,11:00,0.7634,0.862
幸福村1社,12,2026-03-11,11:15,0.7826,0.911
幸福村1社,12,2026-03-11,11:30,0.7852,0.655
幸福村1社,12,2026-03-11,11:45,0.7732,0.704
幸福村1社,12,2026-03-11,12:00,0.7808,0.652
幸福村1社,12,2026-03-11,12:15,0.7619,0.629
幸福村1社,12,2026-03-11,12:30,0.7733,0.652
幸福村1社,12,2026-03-11,12:45,0.778,0.772
幸福村1社,12,2026-03-11,13:00,0.749,0.678
幸福村1社,12,2026-03-11,13:15,0.746,0.991
幸福村1社,12,2026-03-11,13:30,0.7501,0.838
幸福村1社,12,2026-03-11,13:45,0.7727,0.778
幸福村1社,12,2026-03-11,14:00,0.7586,0.755
幸福村1社,12,2026-03-11,14:15,0.7687,0.621
幸福村1社,12,2026-03-11,14:30,0.8007,0.712
幸福村1社,12,2026-03-11,14:45,0.794,0.619
幸福村1社,12,2026-03-11,15:00,0.7773,0.891
幸福村1社,12,2026-03-11,15:15,0.7806,0.738
幸福村1社,12,2026-03-11,15:30,0.7668,0.819
幸福村1社,12,2026-03-11,15:45,0.7674,0.835
幸福村1社,12,2026-03-11,16:00,0.7646,0.793
幸福村1社,12,2026-03-11,16:15,0.7871,0.823
幸福村1社,12,2026-03-11,16:30,0.8218,0.789
幸福村1社,12,2026-03-11,16:45,0.8356,0.796
幸福村1社,12,2026-03-11,17:00,0.8572,0.786
幸福村1社,12,2026-03-11,17:15,0.87,0.966
幸福村1社,12,2026-03-11,17:30,0.8973,0.935
幸福村1社,12,2026-03-11,17:45,0.8855,0.972
幸福村1社,12,2026-03-11,18:00,0.8792,0.975
幸福村1社,12,2026-03-11,18:15,0.8914,0.762
幸福村1社,12,2026-03-11,18:30,0.8763,0.939
幸福村1社,12,2026-03-11,18:45,0.8732,0.795
幸福村1社,12,2026-03-11,19:00,0.8552,0.962
幸福村1社,12,2026-03-11,19:15,0.9011,0.986
幸福村1社,12,2026-03-11,19:30,0.9057,0.867
幸福村1社,12,2026-03-11,19:45,0.8808,0.885
幸福村1社,12,2026-03-11,20:00,0.8837,0.991
幸福村1社,12,2026-03-11,20:15,0.8986,0.891
幸福村1社,12,2026-03-11,20:30,0.8731,0.846
幸福村1社,12,2026-03-11,20:45,0.8598,0.948
幸福村1社,12,2026-03-11,21:00,0.8639,0.811
幸福村1社,12,2026-03-11,21:15,0.8562,0.991
幸福村1社,12,2026-03-11,21:30,0.8341,0.989
幸福村1社,12,2026-03-11,21:45,0.8348,0.953
幸福村1社,12,2026-03-11,22:00,0.8111,0.997
幸福村1社,12,2026-03-11,22:15,0.7889,0.996
幸福村1社,12,2026-03-11,22:30,0.7854,0.794
幸福村1社,12,2026-03-11,22:45,0.7701,0.704
幸福村1社,12,2026-03-11,23:00,0.7607,0.94
幸福村1社,12,2026-03-11,23:15,0.7529,0.725
幸福村1社,12,2026-03-11,23:30,0.74,0.939
幸福村1社,12,2026-03-11,23:45,0.7214,0.745
幸福村1社,12,2026-03-12,00:00,0.7188,0.755
幸福村1社,12,2026-03-12,00:15,0.7121,0.648
幸福村1社,12,2026-03-12,00:30,0.7143,0.569
幸福村1社,12,2026-03-12,00:45,0.6994,0.644
幸福村1社,12,2026-03-12,01:00,0.696,0.562
幸福村1社,12,2026-03-12,01:15,0.697,0.598
幸福村1社,12,2026-03-12,01:30,0.6764,0.632
幸福村1社,12,2026-03-12,01:45,0.6721,0.633
幸福村1社,12,2026-03-12,02:00,0.6701,0.58
幸福村1社,12,2026-03-12,02:15,0.6721,0.592
幸福村1社,12,2026-03-12,02:30,0.6612,0.649
幸福村1社,12,2026-03-12,02:45,0.6735,0.561
幸福村1社,12,2026-03-12,03:00,0.6656,0.637
幸福村1社,12,2026-03-12,03:15,0.6599,0.613
幸福村1社,12,2026-03-12,03:30,0.668,0.578
幸福村1社,12,2026-03-12,03:45,0.6731,0.651
幸福村1社,12,2026-03-12,04:00,0.6661,0.581
幸福村1社,12,2026-03-12,04:15,0.6661,0.595
幸福村1社,12,2026-03-12,04:30,0.6683,0.577
幸福村1社,12,2026-03-12,04:45,0.6606,0.648
幸福村1社,12,2026-03-12,05:00,0.6537,0.595
幸福村1社,12,2026-03-12,05:15,0.6611,0.663
幸福村1社,12,2026-03-12,05:30,0.6564,0.68
幸福村1社,12,2026-03-12,05:45,0.6626,0.58
幸福村1社,12,2026-03-12,06:00,0.6686,0.671
幸福村1社,12,2026-03-12,06:15,0.674,0.624
幸福村1社,12,2026-03-12,06:30,0.7215,0.628
幸福村1社,12,2026-03-12,06:45,0.7286,0.658
幸福村1社,12,2026-03-12,07:00,0.7691,0.653
幸福村1社,12,2026-03-12,07:15,0.7873,0.667
幸福村1社,12,2026-03-12,07:30,0.8422,0.789
幸福村1社,12,2026-03-12,07:45,0.8507,0.738
幸福村1社,12,2026-03-12,08:00,0.8535,0.629
幸福村1社,12,2026-03-12,08:15,0.9132,0.692
幸福村1社,12,2026-03-12,08:30,0.9332,0.965
幸福村1社,12,2026-03-12,08:45,0.942,0.934
幸福村1社,12,2026-03-12,09:00,0.9434,0.976
幸福村1社,12,2026-03-12,09:15,0.9359,0.965
幸福村1社,12,2026-03-12,09:30,0.9363,0.601
幸福村1社,12,2026-03-12,09:45,0.929,0.633
幸福村1社,12,2026-03-12,10:00,0.8977,0.68
幸福村1社,12,2026-03-12,10:15,0.8574,0.732
幸福村1社,12,2026-03-12,10:30,0.8335,0.756
幸福村1社,12,2026-03-12,10:45,0.8519,0.689
幸福村1社,12,2026-03-12,11:00,0.7936,0.673
幸福村1社,12,2026-03-12,11:15,0.7993,0.781
幸福村1社,12,2026-03-12,11:30,0.767,0.679
幸福村1社,12,2026-03-12,11:45,0.7802,0.872
幸福村1社,12,2026-03-12,12:00,0.7802,0.951
幸福村1社,12,2026-03-12,12:15,0.7571,0.771
幸福村1社,12,2026-03-12,12:30,0.7779,0.753
幸福村1社,12,2026-03-12,12:45,0.7862,0.707
幸福村1社,12,2026-03-12,13:00,0.7664,0.723
幸福村1社,12,2026-03-12,13:15,0.763,0.819
幸福村1社,12,2026-03-12,13:30,0.7624,0.689
幸福村1社,12,2026-03-12,13:45,0.764,0.77
幸福村1社,12,2026-03-12,14:00,0.7556,0.757
幸福村1社,12,2026-03-12,14:15,0.7529,0.75
幸福村1社,12,2026-03-12,14:30,0.797,0.818
幸福村1社,12,2026-03-12,14:45,0.7705,0.71
幸福村1社,12,2026-03-12,15:00,0.774,0.809
幸福村1社,12,2026-03-12,15:15,0.7734,0.728
幸福村1社,12,2026-03-12,15:30,0.7975,0.915
幸福村1社,12,2026-03-12,15:45,0.7702,0.653
幸福村1社,12,2026-03-12,16:00,0.8042,0.861
幸福村1社,12,2026-03-12,16:15,0.7928,0.668
幸福村1社,12,2026-03-12,16:30,0.8506,0.964
幸福村1社,12,2026-03-12,16:45,0.8748,0.801
幸福村1社,12,2026-03-12,17:00,0.8636,0.962
幸福村1社,12,2026-03-12,17:15,0.8672,0.977
幸福村1社,12,2026-03-12,17:30,0.8865,0.969
幸福村1社,12,2026-03-12,17:45,0.8918,0.99
幸福村1社,12,2026-03-12,18:00,0.8945,0.71
幸福村1社,12,2026-03-12,18:15,0.8972,0.747
幸福村1社,12,2026-03-12,18:30,0.8987,0.974
幸福村1社,12,2026-03-12,18:45,0.8743,0.95
幸福村1社,12,2026-03-12,19:00,0.8705,0.993
幸福村1社,12,2026-03-12,19:15,0.8922,0.996
幸福村1社,12,2026-03-12,19:30,0.8841,0.994
幸福村1社,12,2026-03-12,19:45,0.8892,0.961
幸福村1社,12,2026-03-12,20:00,0.8959,0.983
幸福村1社,12,2026-03-12,20:15,0.8821,0.979
幸福村1社,12,2026-03-12,20:30,0.8903,0.821
幸福村1社,12,2026-03-12,20:45,0.8748,0.838
幸福村1社,12,2026-03-12,21:00,0.8555,0.787
幸福村1社,12,2026-03-12,21:15,0.851,0.869
幸福村1社,12,2026-03-12,21:30,0.8514,0.791
幸福村1社,12,2026-03-12,21:45,0.8316,0.775
幸福村1社,12,2026-03-12,22:00,0.8208,0.717
幸福村1社,12,2026-03-12,22:15,0.8045,0.689
幸福村1社,12,2026-03-12,22:30,0.7862,0.642
幸福村1社,12,2026-03-12,22:45,0.7643,0.72
幸福村1社,12,2026-03-12,23:00,0.7513,0.71
幸福村1社,12,2026-03-12,23:15,0.7427,0.629
幸福村1社,12,2026-03-12,23:30,0.7386,0.741
幸福村1社,12,2026-03-12,23:45,0.7333,0.686
马鞍村1社,13,2026-04-29,00:00,0.7948,0.942
马鞍村1社,13,2026-04-29,00:15,0.794,0.899
马鞍村1社,13,2026-04-29,00:30,0.7751,0.902
马鞍村1社,13,2026-04-29,00:45,0.78,0.89
马鞍村1社,13,2026-04-29,01:00,0.7725,0.757
马鞍村1社,13,2026-04-29,01:15,0.7732,0.711
马鞍村1社,13,2026-04-29,01:30,0.7632,0.721
马鞍村1社,13,2026-04-29,01:45,0.7581,0.759
马鞍村1社,13,2026-04-29,02:00,0.755,0.695
马鞍村1社,13,2026-04-29,02:15,0.742,0.681
马鞍村1社,13,2026-04-29,02:30,0.7525,0.747
马鞍村1社,13,2026-04-29,02:45,0.7477,0.7
马鞍村1社,13,2026-04-29,03:00,0.7438,0.676
马鞍村1社,13,2026-04-29,03:15,0.7359,0.751
马鞍村1社,13,2026-04-29,03:30,0.7391,0.728
马鞍村1社,13,2026-04-29,03:45,0.7441,0.695
马鞍村1社,13,2026-04-29,04:00,0.7383,0.802
马鞍村1社,13,2026-04-29,04:15,0.7461,0.712
马鞍村1社,13,2026-04-29,04:30,0.7463,0.723
马鞍村1社,13,2026-04-29,04:45,0.7372,0.737
马鞍村1社,13,2026-04-29,05:00,0.7513,0.722
马鞍村1社,13,2026-04-29,05:15,0.744,0.716
马鞍村1社,13,2026-04-29,05:30,0.7408,0.77
马鞍村1社,13,2026-04-29,05:45,0.7505,0.744
马鞍村1社,13,2026-04-29,06:00,0.7675,0.689
马鞍村1社,13,2026-04-29,06:15,0.7587,0.716
马鞍村1社,13,2026-04-29,06:30,0.8054,0.801
马鞍村1社,13,2026-04-29,06:45,0.8149,0.856
马鞍村1社,13,2026-04-29,07:00,0.8522,0.989
马鞍村1社,13,2026-04-29,07:15,0.8933,0.988
马鞍村1社,13,2026-04-29,07:30,0.9108,0.954
马鞍村1社,13,2026-04-29,07:45,0.9301,0.991
马鞍村1社,13,2026-04-29,08:00,0.967,0.987
马鞍村1社,13,2026-04-29,08:15,0.9719,0.998
马鞍村1社,13,2026-04-29,08:30,0.9821,0.999
马鞍村1社,13,2026-04-29,08:45,0.9876,0.998
马鞍村1社,13,2026-04-29,09:00,0.9838,0.972
马鞍村1社,13,2026-04-29,09:15,0.9491,0.71
马鞍村1社,13,2026-04-29,09:30,0.9364,0.788
马鞍村1社,13,2026-04-29,09:45,0.9191,0.902
马鞍村1社,13,2026-04-29,10:00,0.9105,0.936
马鞍村1社,13,2026-04-29,10:15,0.896,0.678
马鞍村1社,13,2026-04-29,10:30,0.8892,0.867
马鞍村1社,13,2026-04-29,10:45,0.875,0.96
马鞍村1社,13,2026-04-29,11:00,0.8665,0.737
马鞍村1社,13,2026-04-29,11:15,0.864,0.703
马鞍村1社,13,2026-04-29,11:30,0.8619,0.677
马鞍村1社,13,2026-04-29,11:45,0.8706,0.733
马鞍村1社,13,2026-04-29,12:00,0.8833,0.67
马鞍村1社,13,2026-04-29,12:15,0.8825,0.88
马鞍村1社,13,2026-04-29,12:30,0.8863,0.945
马鞍村1社,13,2026-04-29,12:45,0.8656,0.704
马鞍村1社,13,2026-04-29,13:00,0.858,0.851
马鞍村1社,13,2026-04-29,13:15,0.8658,0.942
马鞍村1社,13,2026-04-29,13:30,0.903,0.934
马鞍村1社,13,2026-04-29,13:45,0.8595,0.942
马鞍村1社,13,2026-04-29,14:00,0.8715,0.943
马鞍村1社,13,2026-04-29,14:15,0.8563,0.962
马鞍村1社,13,2026-04-29,14:30,0.8546,0.963
马鞍村1社,13,2026-04-29,14:45,0.882,0.971
马鞍村1社,13,2026-04-29,15:00,0.8821,0.907
马鞍村1社,13,2026-04-29,15:15,0.8952,0.943
马鞍村1社,13,2026-04-29,15:30,0.9103,0.938
马鞍村1社,13,2026-04-29,15:45,0.9134,0.726
马鞍村1社,13,2026-04-29,16:00,0.9203,0.911
马鞍村1社,13,2026-04-29,16:15,0.9253,0.72
马鞍村1社,13,2026-04-29,16:30,0.9412,0.752
马鞍村1社,13,2026-04-29,16:45,0.9451,0.815
马鞍村1社,13,2026-04-29,17:00,0.9396,0.938
马鞍村1社,13,2026-04-29,17:15,0.937,0.833
马鞍村1社,13,2026-04-29,17:30,0.9501,0.991
马鞍村1社,13,2026-04-29,17:45,0.9592,0.996
马鞍村1社,13,2026-04-29,18:00,0.9356,0.997
马鞍村1社,13,2026-04-29,18:15,0.9417,0.968
马鞍村1社,13,2026-04-29,18:30,0.932,0.995
马鞍村1社,13,2026-04-29,18:45,0.9246,0.988
马鞍村1社,13,2026-04-29,19:00,0.9131,0.853
马鞍村1社,13,2026-04-29,19:15,0.918,0.946
马鞍村1社,13,2026-04-29,19:30,0.9144,0.923
马鞍村1社,13,2026-04-29,19:45,0.9165,0.843
马鞍村1社,13,2026-04-29,20:00,0.9116,0.878
马鞍村1社,13,2026-04-29,20:15,0.9269,0.998
马鞍村1社,13,2026-04-29,20:30,0.9212,0.954
马鞍村1社,13,2026-04-29,20:45,0.915,0.987
马鞍村1社,13,2026-04-29,21:00,0.9092,0.972
马鞍村1社,13,2026-04-29,21:15,0.9089,0.903
马鞍村1社,13,2026-04-29,21:30,0.9031,0.945
马鞍村1社,13,2026-04-29,21:45,0.8903,0.964
马鞍村1社,13,2026-04-29,22:00,0.8798,0.905
马鞍村1社,13,2026-04-29,22:15,0.8697,0.932
马鞍村1社,13,2026-04-29,22:30,0.8593,0.86
马鞍村1社,13,2026-04-29,22:45,0.8486,0.88
马鞍村1社,13,2026-04-29,23:00,0.8379,0.896
马鞍村1社,13,2026-04-29,23:15,0.8104,0.859
马鞍村1社,13,2026-04-29,23:30,0.7971,0.873
马鞍村1社,13,2026-04-29,23:45,0.7964,0.802
马鞍村1社,13,2026-04-30,00:00,0.7965,0.819
马鞍村1社,13,2026-04-30,00:15,0.798,0.795
马鞍村1社,13,2026-04-30,00:30,0.7756,0.76
马鞍村1社,13,2026-04-30,00:45,0.7812,0.727
马鞍村1社,13,2026-04-30,01:00,0.7847,0.743
马鞍村1社,13,2026-04-30,01:15,0.781,0.764
马鞍村1社,13,2026-04-30,01:30,0.7615,0.734
马鞍村1社,13,2026-04-30,01:45,0.7681,0.679
马鞍村1社,13,2026-04-30,02:00,0.768,0.744
马鞍村1社,13,2026-04-30,02:15,0.7547,0.681
马鞍村1社,13,2026-04-30,02:30,0.7527,0.71
马鞍村1社,13,2026-04-30,02:45,0.7509,0.753
马鞍村1社,13,2026-04-30,03:00,0.7541,0.677
马鞍村1社,13,2026-04-30,03:15,0.7352,0.735
马鞍村1社,13,2026-04-30,03:30,0.7497,0.703
马鞍村1社,13,2026-04-30,03:45,0.7468,0.784
马鞍村1社,13,2026-04-30,04:00,0.7379,0.741
马鞍村1社,13,2026-04-30,04:15,0.7455,0.749
马鞍村1社,13,2026-04-30,04:30,0.7482,0.749
马鞍村1社,13,2026-04-30,04:45,0.7346,0.735
马鞍村1社,13,2026-04-30,05:00,0.7417,0.743
马鞍村1社,13,2026-04-30,05:15,0.7379,0.752
马鞍村1社,13,2026-04-30,05:30,0.7467,0.73
马鞍村1社,13,2026-04-30,05:45,0.7512,0.703
马鞍村1社,13,2026-04-30,06:00,0.7715,0.737
马鞍村1社,13,2026-04-30,06:15,0.7596,0.902
马鞍村1社,13,2026-04-30,06:30,0.796,0.924
马鞍村1社,13,2026-04-30,06:45,0.8138,0.949
马鞍村1社,13,2026-04-30,07:00,0.8505,0.905
马鞍村1社,13,2026-04-30,07:15,0.8849,0.986
马鞍村1社,13,2026-04-30,07:30,0.9014,0.989
马鞍村1社,13,2026-04-30,07:45,0.9415,0.923
马鞍村1社,13,2026-04-30,08:00,0.9616,0.982
马鞍村1社,13,2026-04-30,08:15,0.9789,0.99
马鞍村1社,13,2026-04-30,08:30,0.985,0.987
马鞍村1社,13,2026-04-30,08:45,0.9735,0.904
马鞍村1社,13,2026-04-30,09:00,0.9742,0.975
马鞍村1社,13,2026-04-30,09:15,0.946,0.981
马鞍村1社,13,2026-04-30,09:30,0.9333,0.966
马鞍村1社,13,2026-04-30,09:45,0.9178,0.981
马鞍村1社,13,2026-04-30,10:00,0.9042,0.813
马鞍村1社,13,2026-04-30,10:15,0.8781,0.968
马鞍村1社,13,2026-04-30,10:30,0.8732,0.919
马鞍村1社,13,2026-04-30,10:45,0.8785,0.901
马鞍村1社,13,2026-04-30,11:00,0.8631,0.949
马鞍村1社,13,2026-04-30,11:15,0.8544,0.898
马鞍村1社,13,2026-04-30,11:30,0.8575,0.719
马鞍村1社,13,2026-04-30,11:45,0.85,0.729
马鞍村1社,13,2026-04-30,12:00,0.881,0.723
马鞍村1社,13,2026-04-30,12:15,0.8817,0.765
马鞍村1社,13,2026-04-30,12:30,0.9055,0.73
马鞍村1社,13,2026-04-30,12:45,0.885,0.737
马鞍村1社,13,2026-04-30,13:00,0.8594,0.704
马鞍村1社,13,2026-04-30,13:15,0.8652,0.959
马鞍村1社,13,2026-04-30,13:30,0.8989,0.801
马鞍村1社,13,2026-04-30,13:45,0.8656,0.792
马鞍村1社,13,2026-04-30,14:00,0.8741,0.979
马鞍村1社,13,2026-04-30,14:15,0.8687,0.742
马鞍村1社,13,2026-04-30,14:30,0.8625,0.779
马鞍村1社,13,2026-04-30,14:45,0.8884,0.985
马鞍村1社,13,2026-04-30,15:00,0.8825,0.969
马鞍村1社,13,2026-04-30,15:15,0.9056,0.98
马鞍村1社,13,2026-04-30,15:30,0.9173,0.877
马鞍村1社,13,2026-04-30,15:45,0.9005,0.981
马鞍村1社,13,2026-04-30,16:00,0.9147,0.994
马鞍村1社,13,2026-04-30,16:15,0.9265,0.987
马鞍村1社,13,2026-04-30,16:30,0.9379,0.943
马鞍村1社,13,2026-04-30,16:45,0.9295,0.832
马鞍村1社,13,2026-04-30,17:00,0.9412,0.938
马鞍村1社,13,2026-04-30,17:15,0.9407,0.974
马鞍村1社,13,2026-04-30,17:30,0.965,0.975
马鞍村1社,13,2026-04-30,17:45,0.958,0.993
马鞍村1社,13,2026-04-30,18:00,0.9427,0.997
马鞍村1社,13,2026-04-30,18:15,0.9295,0.982
马鞍村1社,13,2026-04-30,18:30,0.9292,0.889
马鞍村1社,13,2026-04-30,18:45,0.9145,0.866
马鞍村1社,13,2026-04-30,19:00,0.903,0.891
马鞍村1社,13,2026-04-30,19:15,0.9117,0.902
马鞍村1社,13,2026-04-30,19:30,0.913,0.9
马鞍村1社,13,2026-04-30,19:45,0.9199,0.964
马鞍村1社,13,2026-04-30,20:00,0.9211,0.964
马鞍村1社,13,2026-04-30,20:15,0.9267,0.958
马鞍村1社,13,2026-04-30,20:30,0.9343,0.877
马鞍村1社,13,2026-04-30,20:45,0.9133,0.982
马鞍村1社,13,2026-04-30,21:00,0.9168,0.955
马鞍村1社,13,2026-04-30,21:15,0.9173,0.907
马鞍村1社,13,2026-04-30,21:30,0.9039,0.927
马鞍村1社,13,2026-04-30,21:45,0.9077,0.928
马鞍村1社,13,2026-04-30,22:00,0.8744,0.843
马鞍村1社,13,2026-04-30,22:15,0.8789,0.905
马鞍村1社,13,2026-04-30,22:30,0.8602,0.886
马鞍村1社,13,2026-04-30,22:45,0.8551,0.847
马鞍村1社,13,2026-04-30,23:00,0.8366,0.861
马鞍村1社,13,2026-04-30,23:15,0.8142,0.922
马鞍村1社,13,2026-04-30,23:30,0.7999,0.805
马鞍村1社,13,2026-04-30,23:45,0.7985,0.829
马鞍村1社,13,2026-05-01,00:00,0.8067,0.887
马鞍村1社,13,2026-05-01,00:15,0.7902,0.829
马鞍村1社,13,2026-05-01,00:30,0.7786,0.889
马鞍村1社,13,2026-05-01,00:45,0.7886,0.866
马鞍村1社,13,2026-05-01,01:00,0.7836,0.811
马鞍村1社,13,2026-05-01,01:15,0.7738,0.879
马鞍村1社,13,2026-05-01,01:30,0.7698,0.792
马鞍村1社,13,2026-05-01,01:45,0.7738,0.73
马鞍村1社,13,2026-05-01,02:00,0.7644,0.741
马鞍村1社,13,2026-05-01,02:15,0.7446,0.757
马鞍村1社,13,2026-05-01,02:30,0.7615,0.749
马鞍村1社,13,2026-05-01,02:45,0.7532,0.777
马鞍村1社,13,2026-05-01,03:00,0.7494,0.742
马鞍村1社,13,2026-05-01,03:15,0.739,0.688
马鞍村1社,13,2026-05-01,03:30,0.7479,0.738
马鞍村1社,13,2026-05-01,03:45,0.7582,0.777
马鞍村1社,13,2026-05-01,04:00,0.7565,0.703
马鞍村1社,13,2026-05-01,04:15,0.7442,0.761
马鞍村1社,13,2026-05-01,04:30,0.7407,0.696
马鞍村1社,13,2026-05-01,04:45,0.7337,0.684
马鞍村1社,13,2026-05-01,05:00,0.7488,0.86
马鞍村1社,13,2026-05-01,05:15,0.7471,0.845
马鞍村1社,13,2026-05-01,05:30,0.7549,0.788
马鞍村1社,13,2026-05-01,05:45,0.762,0.925
马鞍村1社,13,2026-05-01,06:00,0.7645,0.95
马鞍村1社,13,2026-05-01,06:15,0.7714,0.891
马鞍村1社,13,2026-05-01,06:30,0.7991,0.782
马鞍村1社,13,2026-05-01,06:45,0.82,0.944
马鞍村1社,13,2026-05-01,07:00,0.8567,0.974
马鞍村1社,13,2026-05-01,07:15,0.9032,0.978
马鞍村1社,13,2026-05-01,07:30,0.9227,0.998
马鞍村1社,13,2026-05-01,07:45,0.9544,0.995
马鞍村1社,13,2026-05-01,08:00,0.9685,0.973
马鞍村1社,13,2026-05-01,08:15,0.9816,0.975
马鞍村1社,13,2026-05-01,08:30,0.9913,0.95
马鞍村1社,13,2026-05-01,08:45,0.9845,0.961
马鞍村1社,13,2026-05-01,09:00,0.9829,0.877
马鞍村1社,13,2026-05-01,09:15,0.9498,0.953
马鞍村1社,13,2026-05-01,09:30,0.9436,0.913
马鞍村1社,13,2026-05-01,09:45,0.9302,0.971
马鞍村1社,13,2026-05-01,10:00,0.9186,0.832
马鞍村1社,13,2026-05-01,10:15,0.8841,0.689
马鞍村1社,13,2026-05-01,10:30,0.8907,0.706
马鞍村1社,13,2026-05-01,10:45,0.8748,0.817
马鞍村1社,13,2026-05-01,11:00,0.8521,0.907
马鞍村1社,13,2026-05-01,11:15,0.8666,0.847
马鞍村1社,13,2026-05-01,11:30,0.8382,0.925
马鞍村1社,13,2026-05-01,11:45,0.8543,0.886
马鞍村1社,13,2026-05-01,12:00,0.8826,0.979
马鞍村1社,13,2026-05-01,12:15,0.8957,0.738
马鞍村1社,13,2026-05-01,12:30,0.8826,0.844
马鞍村1社,13,2026-05-01,12:45,0.8702,0.908
马鞍村1社,13,2026-05-01,13:00,0.856,0.899
马鞍村1社,13,2026-05-01,13:15,0.8691,0.914
马鞍村1社,13,2026-05-01,13:30,0.8906,0.871
马鞍村1社,13,2026-05-01,13:45,0.8668,0.956
马鞍村1社,13,2026-05-01,14:00,0.8604,0.951
马鞍村1社,13,2026-05-01,14:15,0.8581,0.947
马鞍村1社,13,2026-05-01,14:30,0.8459,0.91
马鞍村1社,13,2026-05-01,14:45,0.8831,0.926
马鞍村1社,13,2026-05-01,15:00,0.9001,0.878
马鞍村1社,13,2026-05-01,15:15,0.8873,0.896
马鞍村1社,13,2026-05-01,15:30,0.9073,0.866
马鞍村1社,13,2026-05-01,15:45,0.9093,0.891
马鞍村1社,13,2026-05-01,16:00,0.9223,0.951
马鞍村1社,13,2026-05-01,16:15,0.9157,0.943
马鞍村1社,13,2026-05-01,16:30,0.9334,0.968
马鞍村1社,13,2026-05-01,16:45,0.9419,0.947
马鞍村1社,13,2026-05-01,17:00,0.9463,0.931
马鞍村1社,13,2026-05-01,17:15,0.9456,0.975
马鞍村1社,13,2026-05-01,17:30,0.9578,0.987
马鞍村1社,13,2026-05-01,17:45,0.9591,0.961
马鞍村1社,13,2026-05-01,18:00,0.9437,0.872
马鞍村1社,13,2026-05-01,18:15,0.9441,0.916
马鞍村1社,13,2026-05-01,18:30,0.9395,0.749
马鞍村1社,13,2026-05-01,18:45,0.9135,0.737
马鞍村1社,13,2026-05-01,19:00,0.9059,0.854
马鞍村1社,13,2026-05-01,19:15,0.9122,0.885
马鞍村1社,13,2026-05-01,19:30,0.9082,0.768
马鞍村1社,13,2026-05-01,19:45,0.9156,0.806
马鞍村1社,13,2026-05-01,20:00,0.9178,0.825
马鞍村1社,13,2026-05-01,20:15,0.9273,0.902
马鞍村1社,13,2026-05-01,20:30,0.9219,0.944
马鞍村1社,13,2026-05-01,20:45,0.9254,0.974
马鞍村1社,13,2026-05-01,21:00,0.9169,0.887
马鞍村1社,13,2026-05-01,21:15,0.9145,0.831
马鞍村1社,13,2026-05-01,21:30,0.9009,0.993
马鞍村1社,13,2026-05-01,21:45,0.9015,0.813
马鞍村1社,13,2026-05-01,22:00,0.8743,0.711
马鞍村1社,13,2026-05-01,22:15,0.8704,0.825
马鞍村1社,13,2026-05-01,22:30,0.8582,0.831
马鞍村1社,13,2026-05-01,22:45,0.8564,0.744
马鞍村1社,13,2026-05-01,23:00,0.8379,0.765
马鞍村1社,13,2026-05-01,23:15,0.8212,0.943
马鞍村1社,13,2026-05-01,23:30,0.8082,0.797
马鞍村1社,13,2026-05-01,23:45,0.8072,0.842
幸福村4社,14,2026-03-27,00:00,0.9921,0.985
幸福村4社,14,2026-03-27,00:15,0.9937,0.986
幸福村4社,14,2026-03-27,00:30,0.994,0.985
幸福村4社,14,2026-03-27,00:45,0.9955,0.988
幸福村4社,14,2026-03-27,01:00,0.9947,0.991
幸福村4社,14,2026-03-27,01:15,0.9932,0.992
幸福村4社,14,2026-03-27,01:30,0.995,0.992
幸福村4社,14,2026-03-27,01:45,0.9954,0.994
幸福村4社,14,2026-03-27,02:00,0.9954,0.995
幸福村4社,14,2026-03-27,02:15,0.994,0.994
幸福村4社,14,2026-03-27,02:30,0.996,0.992
幸福村4社,14,2026-03-27,02:45,0.9944,0.991
幸福村4社,14,2026-03-27,03:00,0.9946,0.991
幸福村4社,14,2026-03-27,03:15,0.9959,0.99
幸福村4社,14,2026-03-27,03:30,0.9983,0.989
幸福村4社,14,2026-03-27,03:45,0.9945,0.989
幸福村4社,14,2026-03-27,04:00,0.9961,0.989
幸福村4社,14,2026-03-27,04:15,0.994,0.989
幸福村4社,14,2026-03-27,04:30,0.9977,0.99
幸福村4社,14,2026-03-27,04:45,0.9956,0.988
幸福村4社,14,2026-03-27,05:00,0.9955,0.989
幸福村4社,14,2026-03-27,05:15,0.9937,0.989
幸福村4社,14,2026-03-27,05:30,0.995,0.99
幸福村4社,14,2026-03-27,05:45,0.9955,0.987
幸福村4社,14,2026-03-27,06:00,0.9952,0.988
幸福村4社,14,2026-03-27,06:15,0.9965,0.988
幸福村4社,14,2026-03-27,06:30,0.9952,0.989
幸福村4社,14,2026-03-27,06:45,0.9951,0.989
幸福村4社,14,2026-03-27,07:00,0.9955,0.988
幸福村4社,14,2026-03-27,07:15,0.9955,0.989
幸福村4社,14,2026-03-27,07:30,0.9969,0.989
幸福村4社,14,2026-03-27,07:45,0.995,0.99
幸福村4社,14,2026-03-27,08:00,0.9965,0.988
幸福村4社,14,2026-03-27,08:15,1.0,0.989
幸福村4社,14,2026-03-27,08:30,0.9971,0.988
幸福村4社,14,2026-03-27,08:45,1.0008,0.988
幸福村4社,14,2026-03-27,09:00,0.9983,0.987
幸福村4社,14,2026-03-27,09:15,0.9982,0.989
幸福村4社,14,2026-03-27,09:30,0.9977,0.989
幸福村4社,14,2026-03-27,09:45,0.9981,0.989
幸福村4社,14,2026-03-27,10:00,0.9959,0.99
幸福村4社,14,2026-03-27,10:15,0.9972,0.99
幸福村4社,14,2026-03-27,10:30,0.9979,0.99
幸福村4社,14,2026-03-27,10:45,0.9979,0.99
幸福村4社,14,2026-03-27,11:00,0.9953,1.0
幸福村4社,14,2026-03-27,11:15,0.9992,1.0
幸福村4社,14,2026-03-27,11:30,0.9986,1.0
幸福村4社,14,2026-03-27,11:45,0.9961,1.0
幸福村4社,14,2026-03-27,12:00,0.9984,1.0
幸福村4社,14,2026-03-27,12:15,0.9984,1.0
幸福村4社,14,2026-03-27,12:30,0.9984,1.0
幸福村4社,14,2026-03-27,12:45,0.9989,1.0
幸福村4社,14,2026-03-27,13:00,0.9969,1.0
幸福村4社,14,2026-03-27,13:15,0.9977,1.0
幸福村4社,14,2026-03-27,13:30,1.0006,1.0
幸福村4社,14,2026-03-27,13:45,0.9961,1.0
幸福村4社,14,2026-03-27,14:00,0.9969,1.0
幸福村4社,14,2026-03-27,14:15,0.9958,1.0
幸福村4社,14,2026-03-27,14:30,0.998,1.0
幸福村4社,14,2026-03-27,14:45,0.9965,1.0
幸福村4社,14,2026-03-27,15:00,0.996,1.0
幸福村4社,14,2026-03-27,15:15,0.9989,1.0
幸福村4社,14,2026-03-27,15:30,0.9989,1.0
幸福村4社,14,2026-03-27,15:45,1.0015,1.0
幸福村4社,14,2026-03-27,16:00,0.9976,1.0
幸福村4社,14,2026-03-27,16:15,1.0007,1.0
幸福村4社,14,2026-03-27,16:30,0.9984,1.0
幸福村4社,14,2026-03-27,16:45,0.9968,1.0
幸福村4社,14,2026-03-27,17:00,0.9961,1.0
幸福村4社,14,2026-03-27,17:15,0.9982,1.0
幸福村4社,14,2026-03-27,17:30,0.9965,1.0
幸福村4社,14,2026-03-27,17:45,0.9974,1.0
幸福村4社,14,2026-03-27,18:00,1.0009,1.0
幸福村4社,14,2026-03-27,18:15,0.9966,1.0
幸福村4社,14,2026-03-27,18:30,0.9953,1.0
幸福村4社,14,2026-03-27,18:45,0.9956,1.0
幸福村4社,14,2026-03-27,19:00,0.9962,1.0
幸福村4社,14,2026-03-27,19:15,0.994,1.0
幸福村4社,14,2026-03-27,19:30,0.9956,1.0
幸福村4社,14,2026-03-27,19:45,0.9917,0.993
幸福村4社,14,2026-03-27,20:00,0.9917,0.993
幸福村4社,14,2026-03-27,20:15,0.9928,0.992
幸福村4社,14,2026-03-27,20:30,0.9916,0.993
幸福村4社,14,2026-03-27,20:45,0.9924,0.993
幸福村4社,14,2026-03-27,21:00,0.9922,0.993
幸福村4社,14,2026-03-27,21:15,0.9936,0.993
幸福村4社,14,2026-03-27,21:30,0.9917,0.992
幸福村4社,14,2026-03-27,21:45,0.9915,0.992
幸福村4社,14,2026-03-27,22:00,0.9928,0.986
幸福村4社,14,2026-03-27,22:15,0.9912,0.985
幸福村4社,14,2026-03-27,22:30,0.9921,0.983
幸福村4社,14,2026-03-27,22:45,0.9943,0.983
幸福村4社,14,2026-03-27,23:00,0.9925,0.984
幸福村4社,14,2026-03-27,23:15,0.9947,0.982
幸福村4社,14,2026-03-27,23:30,0.9921,0.984
幸福村4社,14,2026-03-27,23:45,0.9939,0.983
幸福村4社,14,2026-03-28,00:00,0.9951,0.984
幸福村4社,14,2026-03-28,00:15,0.9947,0.984
幸福村4社,14,2026-03-28,00:30,0.9952,0.984
幸福村4社,14,2026-03-28,00:45,0.9972,0.99
幸福村4社,14,2026-03-28,01:00,0.9958,0.99
幸福村4社,14,2026-03-28,01:15,0.9959,0.994
幸福村4社,14,2026-03-28,01:30,0.9936,0.994
幸福村4社,14,2026-03-28,01:45,0.9952,0.994
幸福村4社,14,2026-03-28,02:00,0.9945,0.994
幸福村4社,14,2026-03-28,02:15,0.9956,0.994
幸福村4社,14,2026-03-28,02:30,0.9958,0.994
幸福村4社,14,2026-03-28,02:45,0.9942,0.994
幸福村4社,14,2026-03-28,03:00,0.9952,0.994
幸福村4社,14,2026-03-28,03:15,0.9939,0.993
幸福村4社,14,2026-03-28,03:30,0.9939,0.992
幸福村4社,14,2026-03-28,03:45,0.9923,0.991
幸福村4社,14,2026-03-28,04:00,0.995,0.991
幸福村4社,14,2026-03-28,04:15,0.9953,0.989
幸福村4社,14,2026-03-28,04:30,0.9952,0.989
幸福村4社,14,2026-03-28,04:45,0.9949,0.99
幸福村4社,14,2026-03-28,05:00,0.9943,0.99
幸福村4社,14,2026-03-28,05:15,0.996,0.989
幸福村4社,14,2026-03-28,05:30,0.9934,0.989
幸福村4社,14,2026-03-28,05:45,0.9953,0.989
幸福村4社,14,2026-03-28,06:00,0.9956,0.988
幸福村4社,14,2026-03-28,06:15,0.9943,0.986
幸福村4社,14,2026-03-28,06:30,0.9939,0.985
幸福村4社,14,2026-03-28,06:45,0.995,0.986
幸福村4社,14,2026-03-28,07:00,0.9949,0.989
幸福村4社,14,2026-03-28,07:15,0.995,0.988
幸福村4社,14,2026-03-28,07:30,0.9962,0.987
幸福村4社,14,2026-03-28,07:45,0.9953,0.987
幸福村4社,14,2026-03-28,08:00,0.9984,0.988
幸福村4社,14,2026-03-28,08:15,1.001,0.989
幸福村4社,14,2026-03-28,08:30,0.9983,0.988
幸福村4社,14,2026-03-28,08:45,0.9983,0.989
幸福村4社,14,2026-03-28,09:00,0.9973,0.989
幸福村4社,14,2026-03-28,09:15,0.9984,0.989
幸福村4社,14,2026-03-28,09:30,0.9998,0.989
幸福村4社,14,2026-03-28,09:45,1.0003,0.989
幸福村4社,14,2026-03-28,10:00,0.997,0.991
幸福村4社,14,2026-03-28,10:15,0.9964,0.99
幸福村4社,14,2026-03-28,10:30,0.9976,0.99
幸福村4社,14,2026-03-28,10:45,0.9995,0.99
幸福村4社,14,2026-03-28,11:00,0.9986,0.99
幸福村4社,14,2026-03-28,11:15,0.9991,0.991
幸福村4社,14,2026-03-28,11:30,0.9977,1.0
幸福村4社,14,2026-03-28,11:45,0.9982,1.0
幸福村4社,14,2026-03-28,12:00,0.9976,1.0
幸福村4社,14,2026-03-28,12:15,0.9979,1.0
幸福村4社,14,2026-03-28,12:30,0.998,1.0
幸福村4社,14,2026-03-28,12:45,0.998,1.0
幸福村4社,14,2026-03-28,13:00,0.9981,1.0
幸福村4社,14,2026-03-28,13:15,0.9964,1.0
幸福村4社,14,2026-03-28,13:30,0.9972,1.0
幸福村4社,14,2026-03-28,13:45,0.9986,1.0
幸福村4社,14,2026-03-28,14:00,0.9953,1.0
幸福村4社,14,2026-03-28,14:15,0.9956,1.0
幸福村4社,14,2026-03-28,14:30,1.0005,1.0
幸福村4社,14,2026-03-28,14:45,0.9964,1.0
幸福村4社,14,2026-03-28,15:00,0.9966,1.0
幸福村4社,14,2026-03-28,15:15,0.9957,1.0
幸福村4社,14,2026-03-28,15:30,0.9982,1.0
幸福村4社,14,2026-03-28,15:45,0.999,1.0
幸福村4社,14,2026-03-28,16:00,0.9997,1.0
幸福村4社,14,2026-03-28,16:15,0.9994,1.0
幸福村4社,14,2026-03-28,16:30,0.9972,1.0
幸福村4社,14,2026-03-28,16:45,0.9984,1.0
幸福村4社,14,2026-03-28,17:00,0.9985,1.0
幸福村4社,14,2026-03-28,17:15,0.9986,1.0
幸福村4社,14,2026-03-28,17:30,0.9972,1.0
幸福村4社,14,2026-03-28,17:45,0.9982,1.0
幸福村4社,14,2026-03-28,18:00,1.0006,1.0
幸福村4社,14,2026-03-28,18:15,0.9994,1.0
幸福村4社,14,2026-03-28,18:30,0.9982,1.0
幸福村4社,14,2026-03-28,18:45,0.9968,1.0
幸福村4社,14,2026-03-28,19:00,0.9951,0.992
幸福村4社,14,2026-03-28,19:15,0.9945,0.992
幸福村4社,14,2026-03-28,19:30,0.993,0.995
幸福村4社,14,2026-03-28,19:45,0.9919,1.0
幸福村4社,14,2026-03-28,20:00,0.9934,0.991
幸福村4社,14,2026-03-28,20:15,0.993,0.992
幸福村4社,14,2026-03-28,20:30,0.9921,0.991
幸福村4社,14,2026-03-28,20:45,0.9922,0.986
幸福村4社,14,2026-03-28,21:00,0.992,0.984
幸福村4社,14,2026-03-28,21:15,0.9932,0.985
幸福村4社,14,2026-03-28,21:30,0.993,0.985
幸福村4社,14,2026-03-28,21:45,0.9935,0.987
幸福村4社,14,2026-03-28,22:00,0.991,0.985
幸福村4社,14,2026-03-28,22:15,0.9916,0.987
幸福村4社,14,2026-03-28,22:30,0.9903,0.989
幸福村4社,14,2026-03-28,22:45,0.9919,0.989
幸福村4社,14,2026-03-28,23:00,0.9919,0.994
幸福村4社,14,2026-03-28,23:15,0.9941,0.989
幸福村4社,14,2026-03-28,23:30,0.9933,0.996
幸福村4社,14,2026-03-28,23:45,0.995,0.996
幸福村4社,14,2026-03-29,00:00,0.9936,1.0
幸福村4社,14,2026-03-29,00:15,0.9943,1.0
幸福村4社,14,2026-03-29,00:30,0.9941,1.0
幸福村4社,14,2026-03-29,00:45,0.9927,0.999
幸福村4社,14,2026-03-29,01:00,0.9922,1.0
幸福村4社,14,2026-03-29,01:15,0.9964,1.0
幸福村4社,14,2026-03-29,01:30,0.9957,1.0
幸福村4社,14,2026-03-29,01:45,0.9979,1.0
幸福村4社,14,2026-03-29,02:00,0.9943,1.0
幸福村4社,14,2026-03-29,02:15,0.998,1.0
幸福村4社,14,2026-03-29,02:30,0.9954,1.0
幸福村4社,14,2026-03-29,02:45,0.9945,1.0
幸福村4社,14,2026-03-29,03:00,0.9957,1.0
幸福村4社,14,2026-03-29,03:15,0.9947,1.0
幸福村4社,14,2026-03-29,03:30,0.9934,1.0
幸福村4社,14,2026-03-29,03:45,0.9929,1.0
幸福村4社,14,2026-03-29,04:00,0.9962,1.0
幸福村4社,14,2026-03-29,04:15,0.9951,1.0
幸福村4社,14,2026-03-29,04:30,0.9947,1.0
幸福村4社,14,2026-03-29,04:45,0.9949,1.0
幸福村4社,14,2026-03-29,05:00,0.9935,1.0
幸福村4社,14,2026-03-29,05:15,0.9948,1.0
幸福村4社,14,2026-03-29,05:30,0.9941,1.0
幸福村4社,14,2026-03-29,05:45,0.9962,1.0
幸福村4社,14,2026-03-29,06:00,0.9952,1.0
幸福村4社,14,2026-03-29,06:15,0.9951,1.0
幸福村4社,14,2026-03-29,06:30,0.9946,1.0
幸福村4社,14,2026-03-29,06:45,0.9976,1.0
幸福村4社,14,2026-03-29,07:00,0.9962,1.0
幸福村4社,14,2026-03-29,07:15,0.9962,1.0
幸福村4社,14,2026-03-29,07:30,0.9966,1.0
幸福村4社,14,2026-03-29,07:45,0.9973,1.0
幸福村4社,14,2026-03-29,08:00,0.9975,1.0
幸福村4社,14,2026-03-29,08:15,0.9985,0.999
幸福村4社,14,2026-03-29,08:30,0.9977,0.999
幸福村4社,14,2026-03-29,08:45,0.9982,1.0
幸福村4社,14,2026-03-29,09:00,0.9961,1.0
幸福村4社,14,2026-03-29,09:15,0.9974,1.0
幸福村4社,14,2026-03-29,09:30,0.9994,1.0
幸福村4社,14,2026-03-29,09:45,0.9993,1.0
幸福村4社,14,2026-03-29,10:00,0.9994,1.0
幸福村4社,14,2026-03-29,10:15,0.9972,0.999
幸福村4社,14,2026-03-29,10:30,0.9958,0.999
幸福村4社,14,2026-03-29,10:45,1.0003,1.0
幸福村4社,14,2026-03-29,11:00,0.995,1.0
幸福村4社,14,2026-03-29,11:15,0.9994,1.0
幸福村4社,14,2026-03-29,11:30,0.9991,1.0
幸福村4社,14,2026-03-29,11:45,0.9987,1.0
幸福村4社,14,2026-03-29,12:00,0.9972,1.0
幸福村4社,14,2026-03-29,12:15,0.9962,0.999
幸福村4社,14,2026-03-29,12:30,0.9984,1.0
幸福村4社,14,2026-03-29,12:45,0.9983,0.999
幸福村4社,14,2026-03-29,13:00,0.9963,0.999
幸福村4社,14,2026-03-29,13:15,0.9979,1.0
幸福村4社,14,2026-03-29,13:30,0.998,1.0
幸福村4社,14,2026-03-29,13:45,0.9972,1.0
幸福村4社,14,2026-03-29,14:00,0.995,0.999
幸福村4社,14,2026-03-29,14:15,0.9948,0.999
幸福村4社,14,2026-03-29,14:30,0.9974,1.0
幸福村4社,14,2026-03-29,14:45,0.9958,1.0
幸福村4社,14,2026-03-29,15:00,0.9949,1.0
幸福村4社,14,2026-03-29,15:15,0.9999,0.999
幸福村4社,14,2026-03-29,15:30,0.9993,1.0
幸福村4社,14,2026-03-29,15:45,0.9973,1.0
幸福村4社,14,2026-03-29,16:00,1.0001,1.0
幸福村4社,14,2026-03-29,16:15,0.9969,0.999
幸福村4社,14,2026-03-29,16:30,0.9969,0.999
幸福村4社,14,2026-03-29,16:45,0.998,0.999
幸福村4社,14,2026-03-29,17:00,0.9967,1.0
幸福村4社,14,2026-03-29,17:15,0.9974,0.999
幸福村4社,14,2026-03-29,17:30,0.9953,0.997
幸福村4社,14,2026-03-29,17:45,0.9975,1.0
幸福村4社,14,2026-03-29,18:00,0.9966,1.0
幸福村4社,14,2026-03-29,18:15,0.9963,1.0
幸福村4社,14,2026-03-29,18:30,0.9976,0.999
幸福村4社,14,2026-03-29,18:45,0.9975,1.0
幸福村4社,14,2026-03-29,19:00,0.994,1.0
幸福村4社,14,2026-03-29,19:15,0.9949,1.0
幸福村4社,14,2026-03-29,19:30,0.9933,1.0
幸福村4社,14,2026-03-29,19:45,0.9897,0.998
幸福村4社,14,2026-03-29,20:00,0.9902,0.992
幸福村4社,14,2026-03-29,20:15,0.9946,0.986
幸福村4社,14,2026-03-29,20:30,0.9937,0.986
幸福村4社,14,2026-03-29,20:45,0.9921,0.984
幸福村4社,14,2026-03-29,21:00,0.9926,0.983
幸福村4社,14,2026-03-29,21:15,0.9933,0.984
幸福村4社,14,2026-03-29,21:30,0.9915,0.983
幸福村4社,14,2026-03-29,21:45,0.9924,0.987
幸福村4社,14,2026-03-29,22:00,0.9909,0.986
幸福村4社,14,2026-03-29,22:15,0.9899,0.986
幸福村4社,14,2026-03-29,22:30,0.9908,0.986
幸福村4社,14,2026-03-29,22:45,0.9938,0.994
幸福村4社,14,2026-03-29,23:00,0.9931,0.999
幸福村4社,14,2026-03-29,23:15,0.9938,0.998
幸福村4社,14,2026-03-29,23:30,0.9947,0.998
幸福村4社,14,2026-03-29,23:45,0.9957,0.999
马鞍村1社,15,2026-03-16,00:00,0.805,0.858
马鞍村1社,15,2026-03-16,00:15,0.802,0.689
马鞍村1社,15,2026-03-16,00:30,0.7814,0.872
马鞍村1社,15,2026-03-16,00:45,0.7902,0.723
马鞍村1社,15,2026-03-16,01:00,0.7844,0.765
马鞍村1社,15,2026-03-16,01:15,0.7807,0.742
马鞍村1社,15,2026-03-16,01:30,0.7756,0.823
马鞍村1社,15,2026-03-16,01:45,0.7658,0.768
马鞍村1社,15,2026-03-16,02:00,0.7633,0.83
马鞍村1社,15,2026-03-16,02:15,0.7524,0.726
马鞍村1社,15,2026-03-16,02:30,0.7627,0.744
马鞍村1社,15,2026-03-16,02:45,0.7572,0.932
马鞍村1社,15,2026-03-16,03:00,0.7513,0.793
马鞍村1社,15,2026-03-16,03:15,0.7435,0.863
马鞍村1社,15,2026-03-16,03:30,0.7481,0.754
马鞍村1社,15,2026-03-16,03:45,0.7545,0.76
马鞍村1社,15,2026-03-16,04:00,0.7491,0.812
马鞍村1社,15,2026-03-16,04:15,0.7554,0.948
马鞍村1社,15,2026-03-16,04:30,0.75,0.763
马鞍村1社,15,2026-03-16,04:45,0.7457,0.803
马鞍村1社,15,2026-03-16,05:00,0.7538,0.818
马鞍村1社,15,2026-03-16,05:15,0.755,0.791
马鞍村1社,15,2026-03-16,05:30,0.7504,0.819
马鞍村1社,15,2026-03-16,05:45,0.7567,0.8
马鞍村1社,15,2026-03-16,06:00,0.7726,0.735
马鞍村1社,15,2026-03-16,06:15,0.7639,0.755
马鞍村1社,15,2026-03-16,06:30,0.7983,0.836
马鞍村1社,15,2026-03-16,06:45,0.8133,0.742
马鞍村1社,15,2026-03-16,07:00,0.8447,0.813
马鞍村1社,15,2026-03-16,07:15,0.8837,0.865
马鞍村1社,15,2026-03-16,07:30,0.9107,0.846
马鞍村1社,15,2026-03-16,07:45,0.9239,0.977
马鞍村1社,15,2026-03-16,08:00,0.9588,0.964
马鞍村1社,15,2026-03-16,08:15,0.974,1.0
马鞍村1社,15,2026-03-16,08:30,0.9783,0.991
马鞍村1社,15,2026-03-16,08:45,0.9822,0.982
马鞍村1社,15,2026-03-16,09:00,0.9809,0.991
马鞍村1社,15,2026-03-16,09:15,0.949,0.997
马鞍村1社,15,2026-03-16,09:30,0.9469,0.979
马鞍村1社,15,2026-03-16,09:45,0.9274,0.999
马鞍村1社,15,2026-03-16,10:00,0.9248,0.986
马鞍村1社,15,2026-03-16,10:15,0.9026,0.895
马鞍村1社,15,2026-03-16,10:30,0.8952,0.918
马鞍村1社,15,2026-03-16,10:45,0.8843,0.706
马鞍村1社,15,2026-03-16,11:00,0.8742,0.666
马鞍村1社,15,2026-03-16,11:15,0.8718,0.86
马鞍村1社,15,2026-03-16,11:30,0.8742,0.819
马鞍村1社,15,2026-03-16,11:45,0.8758,0.979
马鞍村1社,15,2026-03-16,12:00,0.8861,0.961
马鞍村1社,15,2026-03-16,12:15,0.8879,0.943
马鞍村1社,15,2026-03-16,12:30,0.8913,0.871
马鞍村1社,15,2026-03-16,12:45,0.8696,0.876
马鞍村1社,15,2026-03-16,13:00,0.8634,0.858
马鞍村1社,15,2026-03-16,13:15,0.8755,0.977
马鞍村1社,15,2026-03-16,13:30,0.8986,0.798
马鞍村1社,15,2026-03-16,13:45,0.8685,0.915
马鞍村1社,15,2026-03-16,14:00,0.8797,0.77
马鞍村1社,15,2026-03-16,14:15,0.8687,0.775
马鞍村1社,15,2026-03-16,14:30,0.8623,0.95
马鞍村1社,15,2026-03-16,14:45,0.8859,0.951
马鞍村1社,15,2026-03-16,15:00,0.8903,0.766
马鞍村1社,15,2026-03-16,15:15,0.9015,0.738
马鞍村1社,15,2026-03-16,15:30,0.9182,0.982
马鞍村1社,15,2026-03-16,15:45,0.9177,0.944
马鞍村1社,15,2026-03-16,16:00,0.922,0.961
马鞍村1社,15,2026-03-16,16:15,0.9285,0.944
马鞍村1社,15,2026-03-16,16:30,0.9422,0.994
马鞍村1社,15,2026-03-16,16:45,0.9453,0.962
马鞍村1社,15,2026-03-16,17:00,0.9527,0.776
马鞍村1社,15,2026-03-16,17:15,0.9439,0.946
马鞍村1社,15,2026-03-16,17:30,0.9537,0.983
马鞍村1社,15,2026-03-16,17:45,0.9565,0.987
马鞍村1社,15,2026-03-16,18:00,0.9384,0.996
马鞍村1社,15,2026-03-16,18:15,0.9445,0.989
马鞍村1社,15,2026-03-16,18:30,0.9361,0.946
马鞍村1社,15,2026-03-16,18:45,0.9307,0.935
马鞍村1社,15,2026-03-16,19:00,0.9215,0.957
马鞍村1社,15,2026-03-16,19:15,0.9204,0.834
马鞍村1社,15,2026-03-16,19:30,0.9227,0.923
马鞍村1社,15,2026-03-16,19:45,0.9253,0.97
马鞍村1社,15,2026-03-16,20:00,0.9179,0.988
马鞍村1社,15,2026-03-16,20:15,0.9305,0.872
马鞍村1社,15,2026-03-16,20:30,0.9278,0.93
马鞍村1社,15,2026-03-16,20:45,0.9189,0.899
马鞍村1社,15,2026-03-16,21:00,0.9182,0.937
马鞍村1社,15,2026-03-16,21:15,0.9143,0.912
马鞍村1社,15,2026-03-16,21:30,0.9167,0.911
马鞍村1社,15,2026-03-16,21:45,0.9004,0.925
马鞍村1社,15,2026-03-16,22:00,0.8854,0.878
马鞍村1社,15,2026-03-16,22:15,0.8789,0.882
马鞍村1社,15,2026-03-16,22:30,0.8703,0.905
马鞍村1社,15,2026-03-16,22:45,0.8601,0.917
马鞍村1社,15,2026-03-16,23:00,0.8492,0.844
马鞍村1社,15,2026-03-16,23:15,0.8215,0.794
马鞍村1社,15,2026-03-16,23:30,0.8109,0.803
马鞍村1社,15,2026-03-16,23:45,0.8065,0.789
马鞍村1社,15,2026-03-17,00:00,0.8083,0.816
马鞍村1社,15,2026-03-17,00:15,0.8074,0.822
马鞍村1社,15,2026-03-17,00:30,0.7836,0.7
马鞍村1社,15,2026-03-17,00:45,0.7951,0.68
马鞍村1社,15,2026-03-17,01:00,0.7838,0.71
马鞍村1社,15,2026-03-17,01:15,0.7881,0.705
马鞍村1社,15,2026-03-17,01:30,0.7745,0.688
马鞍村1社,15,2026-03-17,01:45,0.7754,0.723
马鞍村1社,15,2026-03-17,02:00,0.7707,0.711
马鞍村1社,15,2026-03-17,02:15,0.7601,0.656
马鞍村1社,15,2026-03-17,02:30,0.7645,0.72
马鞍村1社,15,2026-03-17,02:45,0.7589,0.663
马鞍村1社,15,2026-03-17,03:00,0.7651,0.732
马鞍村1社,15,2026-03-17,03:15,0.7424,0.729
马鞍村1社,15,2026-03-17,03:30,0.7539,0.697
马鞍村1社,15,2026-03-17,03:45,0.7508,0.694
马鞍村1社,15,2026-03-17,04:00,0.747,0.702
马鞍村1社,15,2026-03-17,04:15,0.7492,0.774
马鞍村1社,15,2026-03-17,04:30,0.753,0.653
马鞍村1社,15,2026-03-17,04:45,0.74,0.793
马鞍村1社,15,2026-03-17,05:00,0.7547,0.657
马鞍村1社,15,2026-03-17,05:15,0.749,0.689
马鞍村1社,15,2026-03-17,05:30,0.7546,0.814
马鞍村1社,15,2026-03-17,05:45,0.759,0.661
马鞍村1社,15,2026-03-17,06:00,0.7776,0.748
马鞍村1社,15,2026-03-17,06:15,0.7687,0.722
马鞍村1社,15,2026-03-17,06:30,0.8008,0.693
马鞍村1社,15,2026-03-17,06:45,0.8077,0.653
马鞍村1社,15,2026-03-17,07:00,0.8483,0.724
马鞍村1社,15,2026-03-17,07:15,0.8824,0.978
马鞍村1社,15,2026-03-17,07:30,0.9022,0.949
马鞍村1社,15,2026-03-17,07:45,0.939,0.973
马鞍村1社,15,2026-03-17,08:00,0.9589,0.989
马鞍村1社,15,2026-03-17,08:15,0.9731,0.98
马鞍村1社,15,2026-03-17,08:30,0.9816,0.921
马鞍村1社,15,2026-03-17,08:45,0.9737,0.99
马鞍村1社,15,2026-03-17,09:00,0.9787,0.996
马鞍村1社,15,2026-03-17,09:15,0.9458,0.939
马鞍村1社,15,2026-03-17,09:30,0.9348,0.982
马鞍村1社,15,2026-03-17,09:45,0.924,0.691
马鞍村1社,15,2026-03-17,10:00,0.9179,0.756
马鞍村1社,15,2026-03-17,10:15,0.8953,0.678
马鞍村1社,15,2026-03-17,10:30,0.8851,0.757
马鞍村1社,15,2026-03-17,10:45,0.8867,0.959
马鞍村1社,15,2026-03-17,11:00,0.868,0.961
马鞍村1社,15,2026-03-17,11:15,0.8681,0.96
马鞍村1社,15,2026-03-17,11:30,0.866,0.956
马鞍村1社,15,2026-03-17,11:45,0.8538,0.668
马鞍村1社,15,2026-03-17,12:00,0.8876,0.961
马鞍村1社,15,2026-03-17,12:15,0.8847,0.991
马鞍村1社,15,2026-03-17,12:30,0.9045,0.982
马鞍村1社,15,2026-03-17,12:45,0.8863,0.95
马鞍村1社,15,2026-03-17,13:00,0.8653,0.915
马鞍村1社,15,2026-03-17,13:15,0.8747,0.856
马鞍村1社,15,2026-03-17,13:30,0.9045,0.935
马鞍村1社,15,2026-03-17,13:45,0.8752,0.703
马鞍村1社,15,2026-03-17,14:00,0.8861,0.943
马鞍村1社,15,2026-03-17,14:15,0.8795,0.789
马鞍村1社,15,2026-03-17,14:30,0.8648,0.965
马鞍村1社,15,2026-03-17,14:45,0.8974,0.811
马鞍村1社,15,2026-03-17,15:00,0.89,0.774
马鞍村1社,15,2026-03-17,15:15,0.9107,0.802
马鞍村1社,15,2026-03-17,15:30,0.9168,0.924
马鞍村1社,15,2026-03-17,15:45,0.9043,0.966
马鞍村1社,15,2026-03-17,16:00,0.919,0.97
马鞍村1社,15,2026-03-17,16:15,0.926,0.955
马鞍村1社,15,2026-03-17,16:30,0.9409,0.971
马鞍村1社,15,2026-03-17,16:45,0.93,0.97
马鞍村1社,15,2026-03-17,17:00,0.9435,0.948
马鞍村1社,15,2026-03-17,17:15,0.9466,0.972
马鞍村1社,15,2026-03-17,17:30,0.9682,0.914
马鞍村1社,15,2026-03-17,17:45,0.956,0.995
马鞍村1社,15,2026-03-17,18:00,0.9495,0.793
马鞍村1社,15,2026-03-17,18:15,0.9345,0.936
马鞍村1社,15,2026-03-17,18:30,0.9392,0.79
马鞍村1社,15,2026-03-17,18:45,0.9253,0.986
马鞍村1社,15,2026-03-17,19:00,0.9132,0.994
马鞍村1社,15,2026-03-17,19:15,0.9229,1.0
马鞍村1社,15,2026-03-17,19:30,0.9124,0.966
马鞍村1社,15,2026-03-17,19:45,0.9284,0.993
马鞍村1社,15,2026-03-17,20:00,0.9263,0.954
马鞍村1社,15,2026-03-17,20:15,0.9357,0.938
马鞍村1社,15,2026-03-17,20:30,0.9342,0.971
马鞍村1社,15,2026-03-17,20:45,0.9238,0.986
马鞍村1社,15,2026-03-17,21:00,0.9282,0.981
马鞍村1社,15,2026-03-17,21:15,0.9238,0.977
马鞍村1社,15,2026-03-17,21:30,0.9135,0.93
马鞍村1社,15,2026-03-17,21:45,0.9142,0.988
马鞍村1社,15,2026-03-17,22:00,0.887,0.957
马鞍村1社,15,2026-03-17,22:15,0.8856,0.999
马鞍村1社,15,2026-03-17,22:30,0.871,0.967
马鞍村1社,15,2026-03-17,22:45,0.8596,0.905
马鞍村1社,15,2026-03-17,23:00,0.843,0.948
马鞍村1社,15,2026-03-17,23:15,0.8242,0.835
马鞍村1社,15,2026-03-17,23:30,0.8114,0.882
马鞍村1社,15,2026-03-17,23:45,0.8088,0.946
马鞍村1社,15,2026-03-18,00:00,0.8172,0.815
马鞍村1社,15,2026-03-18,00:15,0.8012,0.831
马鞍村1社,15,2026-03-18,00:30,0.7837,0.796
马鞍村1社,15,2026-03-18,00:45,0.7924,0.827
马鞍村1社,15,2026-03-18,01:00,0.7928,0.784
马鞍村1社,15,2026-03-18,01:15,0.7822,0.923
马鞍村1社,15,2026-03-18,01:30,0.7787,0.785
马鞍村1社,15,2026-03-18,01:45,0.7738,0.731
马鞍村1社,15,2026-03-18,02:00,0.7738,0.741
马鞍村1社,15,2026-03-18,02:15,0.7523,0.919
马鞍村1社,15,2026-03-18,02:30,0.7692,0.958
马鞍村1社,15,2026-03-18,02:45,0.7611,0.775
马鞍村1社,15,2026-03-18,03:00,0.7541,0.98
马鞍村1社,15,2026-03-18,03:15,0.7421,0.724
马鞍村1社,15,2026-03-18,03:30,0.7547,0.732
马鞍村1社,15,2026-03-18,03:45,0.764,0.816
马鞍村1社,15,2026-03-18,04:00,0.7579,0.852
马鞍村1社,15,2026-03-18,04:15,0.7527,0.814
马鞍村1社,15,2026-03-18,04:30,0.7472,0.817
马鞍村1社,15,2026-03-18,04:45,0.742,0.781
马鞍村1社,15,2026-03-18,05:00,0.7575,0.783
马鞍村1社,15,2026-03-18,05:15,0.7564,0.727
马鞍村1社,15,2026-03-18,05:30,0.7585,0.816
马鞍村1社,15,2026-03-18,05:45,0.763,0.813
马鞍村1社,15,2026-03-18,06:00,0.7733,0.774
马鞍村1社,15,2026-03-18,06:15,0.7735,0.826
马鞍村1社,15,2026-03-18,06:30,0.8035,0.84
马鞍村1社,15,2026-03-18,06:45,0.8184,0.978
马鞍村1社,15,2026-03-18,07:00,0.8475,0.992
马鞍村1社,15,2026-03-18,07:15,0.8999,0.97
马鞍村1社,15,2026-03-18,07:30,0.9132,0.989
马鞍村1社,15,2026-03-18,07:45,0.9476,0.992
马鞍村1社,15,2026-03-18,08:00,0.9662,0.866
马鞍村1社,15,2026-03-18,08:15,0.984,0.961
马鞍村1社,15,2026-03-18,08:30,0.9843,0.988
马鞍村1社,15,2026-03-18,08:45,0.9853,0.892
马鞍村1社,15,2026-03-18,09:00,0.9842,0.842
马鞍村1社,15,2026-03-18,09:15,0.9476,0.981
马鞍村1社,15,2026-03-18,09:30,0.9493,0.999
马鞍村1社,15,2026-03-18,09:45,0.9332,0.96
马鞍村1社,15,2026-03-18,10:00,0.9242,0.94
马鞍村1社,15,2026-03-18,10:15,0.8951,0.985
马鞍村1社,15,2026-03-18,10:30,0.8958,0.948
马鞍村1社,15,2026-03-18,10:45,0.8832,0.963
马鞍村1社,15,2026-03-18,11:00,0.8562,0.763
马鞍村1社,15,2026-03-18,11:15,0.8725,0.775
马鞍村1社,15,2026-03-18,11:30,0.8464,0.863
马鞍村1社,15,2026-03-18,11:45,0.8683,0.974
马鞍村1社,15,2026-03-18,12:00,0.8846,0.943
马鞍村1社,15,2026-03-18,12:15,0.8966,0.975
马鞍村1社,15,2026-03-18,12:30,0.886,0.846
马鞍村1社,15,2026-03-18,12:45,0.8703,0.947
马鞍村1社,15,2026-03-18,13:00,0.8638,0.784
马鞍村1社,15,2026-03-18,13:15,0.8796,0.766
马鞍村1社,15,2026-03-18,13:30,0.8908,0.941
马鞍村1社,15,2026-03-18,13:45,0.8718,0.715
马鞍村1社,15,2026-03-18,14:00,0.8677,0.964
马鞍村1社,15,2026-03-18,14:15,0.869,0.959
马鞍村1社,15,2026-03-18,14:30,0.8539,0.983
马鞍村1社,15,2026-03-18,14:45,0.8888,0.938
马鞍村1社,15,2026-03-18,15:00,0.8998,0.972
马鞍村1社,15,2026-03-18,15:15,0.8947,0.913
马鞍村1社,15,2026-03-18,15:30,0.9104,0.991
马鞍村1社,15,2026-03-18,15:45,0.9163,0.963
马鞍村1社,15,2026-03-18,16:00,0.9241,0.94
马鞍村1社,15,2026-03-18,16:15,0.924,0.967
马鞍村1社,15,2026-03-18,16:30,0.9424,0.99
马鞍村1社,15,2026-03-18,16:45,0.9413,0.976
马鞍村1社,15,2026-03-18,17:00,0.9526,0.988
马鞍村1社,15,2026-03-18,17:15,0.9485,0.918
马鞍村1社,15,2026-03-18,17:30,0.9621,0.9
马鞍村1社,15,2026-03-18,17:45,0.9654,0.834
马鞍村1社,15,2026-03-18,18:00,0.9479,0.997
马鞍村1社,15,2026-03-18,18:15,0.9466,0.992
马鞍村1社,15,2026-03-18,18:30,0.9468,0.881
马鞍村1社,15,2026-03-18,18:45,0.9238,0.94
马鞍村1社,15,2026-03-18,19:00,0.9084,0.844
马鞍村1社,15,2026-03-18,19:15,0.9162,0.913
马鞍村1社,15,2026-03-18,19:30,0.91,0.941
马鞍村1社,15,2026-03-18,19:45,0.9244,0.974
马鞍村1社,15,2026-03-18,20:00,0.9253,0.877
马鞍村1社,15,2026-03-18,20:15,0.9338,0.885
马鞍村1社,15,2026-03-18,20:30,0.9321,0.849
马鞍村1社,15,2026-03-18,20:45,0.9263,0.855
马鞍村1社,15,2026-03-18,21:00,0.9229,0.91
马鞍村1社,15,2026-03-18,21:15,0.9161,0.974
马鞍村1社,15,2026-03-18,21:30,0.9052,0.858
马鞍村1社,15,2026-03-18,21:45,0.9072,0.951
马鞍村1社,15,2026-03-18,22:00,0.8818,0.947
马鞍村1社,15,2026-03-18,22:15,0.881,0.889
马鞍村1社,15,2026-03-18,22:30,0.872,0.733
马鞍村1社,15,2026-03-18,22:45,0.8644,0.803
马鞍村1社,15,2026-03-18,23:00,0.8522,0.811
马鞍村1社,15,2026-03-18,23:15,0.8254,0.768
马鞍村1社,15,2026-03-18,23:30,0.8167,0.737
马鞍村1社,15,2026-03-18,23:45,0.8119,0.739
幸福村4社,16,2026-02-17,00:00,0.9927,0.989
幸福村4社,16,2026-02-17,00:15,0.9951,0.991
幸福村4社,16,2026-02-17,00:30,0.9945,0.99
幸福村4社,16,2026-02-17,00:45,0.9944,0.99
幸福村4社,16,2026-02-17,01:00,0.9945,0.994
幸福村4社,16,2026-02-17,01:15,0.9936,0.994
幸福村4社,16,2026-02-17,01:30,0.9958,0.995
幸福村4社,16,2026-02-17,01:45,0.9953,1.0
幸福村4社,16,2026-02-17,02:00,0.9954,1.0
幸福村4社,16,2026-02-17,02:15,0.9946,1.0
幸福村4社,16,2026-02-17,02:30,0.9964,1.0
幸福村4社,16,2026-02-17,02:45,0.9944,1.0
幸福村4社,16,2026-02-17,03:00,0.9947,1.0
幸福村4社,16,2026-02-17,03:15,0.996,1.0
幸福村4社,16,2026-02-17,03:30,0.9982,1.0
幸福村4社,16,2026-02-17,03:45,0.9944,1.0
幸福村4社,16,2026-02-17,04:00,0.9967,1.0
幸福村4社,16,2026-02-17,04:15,0.9948,1.0
幸福村4社,16,2026-02-17,04:30,0.9982,1.0
幸福村4社,16,2026-02-17,04:45,0.9964,1.0
幸福村4社,16,2026-02-17,05:00,0.996,1.0
幸福村4社,16,2026-02-17,05:15,0.994,1.0
幸福村4社,16,2026-02-17,05:30,0.9952,1.0
幸福村4社,16,2026-02-17,05:45,0.996,1.0
幸福村4社,16,2026-02-17,06:00,0.9958,1.0
幸福村4社,16,2026-02-17,06:15,0.9971,1.0
幸福村4社,16,2026-02-17,06:30,0.9952,1.0
幸福村4社,16,2026-02-17,06:45,0.9954,1.0
幸福村4社,16,2026-02-17,07:00,0.9958,1.0
幸福村4社,16,2026-02-17,07:15,0.996,1.0
幸福村4社,16,2026-02-17,07:30,0.9973,0.999
幸福村4社,16,2026-02-17,07:45,0.9947,0.999
幸福村4社,16,2026-02-17,08:00,0.9969,0.999
幸福村4社,16,2026-02-17,08:15,0.9999,0.999
幸福村4社,16,2026-02-17,08:30,0.997,0.999
幸福村4社,16,2026-02-17,08:45,1.0008,0.999
幸福村4社,16,2026-02-17,09:00,0.9986,1.0
幸福村4社,16,2026-02-17,09:15,0.998,0.999
幸福村4社,16,2026-02-17,09:30,0.9973,0.999
幸福村4社,16,2026-02-17,09:45,0.9983,0.999
幸福村4社,16,2026-02-17,10:00,0.9959,0.999
幸福村4社,16,2026-02-17,10:15,0.9967,0.999
幸福村4社,16,2026-02-17,10:30,0.9988,0.999
幸福村4社,16,2026-02-17,10:45,0.9984,0.999
幸福村4社,16,2026-02-17,11:00,0.9955,0.999
幸福村4社,16,2026-02-17,11:15,1.0001,0.999
幸福村4社,16,2026-02-17,11:30,0.9989,0.998
幸福村4社,16,2026-02-17,11:45,0.9967,0.998
幸福村4社,16,2026-02-17,12:00,0.9986,0.998
幸福村4社,16,2026-02-17,12:15,0.9993,0.998
幸福村4社,16,2026-02-17,12:30,0.9987,1.0
幸福村4社,16,2026-02-17,12:45,0.9985,1.0
幸福村4社,16,2026-02-17,13:00,0.9972,1.0
幸福村4社,16,2026-02-17,13:15,0.9989,1.0
幸福村4社,16,2026-02-17,13:30,1.0006,0.999
幸福村4社,16,2026-02-17,13:45,0.9967,1.0
幸福村4社,16,2026-02-17,14:00,0.9971,1.0
幸福村4社,16,2026-02-17,14:15,0.996,0.999
幸福村4社,16,2026-02-17,14:30,0.9984,0.999
幸福村4社,16,2026-02-17,14:45,0.9966,0.999
幸福村4社,16,2026-02-17,15:00,0.9968,0.999
幸福村4社,16,2026-02-17,15:15,0.9984,0.999
幸福村4社,16,2026-02-17,15:30,0.999,0.999
幸福村4社,16,2026-02-17,15:45,1.0012,1.0
幸福村4社,16,2026-02-17,16:00,0.9986,1.0
幸福村4社,16,2026-02-17,16:15,1.0003,1.0
幸福村4社,16,2026-02-17,16:30,0.9985,1.0
幸福村4社,16,2026-02-17,16:45,0.997,1.0
幸福村4社,16,2026-02-17,17:00,0.9962,1.0
幸福村4社,16,2026-02-17,17:15,0.998,1.0
幸福村4社,16,2026-02-17,17:30,0.9967,0.999
幸福村4社,16,2026-02-17,17:45,0.9973,0.999
幸福村4社,16,2026-02-17,18:00,1.0003,1.0
幸福村4社,16,2026-02-17,18:15,0.997,1.0
幸福村4社,16,2026-02-17,18:30,0.9952,0.999
幸福村4社,16,2026-02-17,18:45,0.9959,0.999
幸福村4社,16,2026-02-17,19:00,0.9967,1.0
幸福村4社,16,2026-02-17,19:15,0.9944,0.993
幸福村4社,16,2026-02-17,19:30,0.9955,0.993
幸福村4社,16,2026-02-17,19:45,0.9916,0.993
幸福村4社,16,2026-02-17,20:00,0.9918,0.994
幸福村4社,16,2026-02-17,20:15,0.9925,0.994
幸福村4社,16,2026-02-17,20:30,0.9918,0.993
幸福村4社,16,2026-02-17,20:45,0.9922,0.996
幸福村4社,16,2026-02-17,21:00,0.9926,0.996
幸福村4社,16,2026-02-17,21:15,0.9932,0.995
幸福村4社,16,2026-02-17,21:30,0.9921,0.997
幸福村4社,16,2026-02-17,21:45,0.9926,0.996
幸福村4社,16,2026-02-17,22:00,0.9928,0.995
幸福村4社,16,2026-02-17,22:15,0.9918,0.996
幸福村4社,16,2026-02-17,22:30,0.9925,1.0
幸福村4社,16,2026-02-17,22:45,0.9947,1.0
幸福村4社,16,2026-02-17,23:00,0.9924,0.994
幸福村4社,16,2026-02-17,23:15,0.9947,1.0
幸福村4社,16,2026-02-17,23:30,0.9926,1.0
幸福村4社,16,2026-02-17,23:45,0.994,1.0
幸福村4社,16,2026-02-18,00:00,0.996,1.0
幸福村4社,16,2026-02-18,00:15,0.9951,1.0
幸福村4社,16,2026-02-18,00:30,0.9963,1.0
幸福村4社,16,2026-02-18,00:45,0.9974,1.0
幸福村4社,16,2026-02-18,01:00,0.9963,1.0
幸福村4社,16,2026-02-18,01:15,0.996,1.0
幸福村4社,16,2026-02-18,01:30,0.9943,1.0
幸福村4社,16,2026-02-18,01:45,0.9953,1.0
幸福村4社,16,2026-02-18,02:00,0.9952,1.0
幸福村4社,16,2026-02-18,02:15,0.9963,1.0
幸福村4社,16,2026-02-18,02:30,0.9959,1.0
幸福村4社,16,2026-02-18,02:45,0.9945,0.999
幸福村4社,16,2026-02-18,03:00,0.9962,1.0
幸福村4社,16,2026-02-18,03:15,0.9948,1.0
幸福村4社,16,2026-02-18,03:30,0.9944,1.0
幸福村4社,16,2026-02-18,03:45,0.9924,1.0
幸福村4社,16,2026-02-18,04:00,0.9952,1.0
幸福村4社,16,2026-02-18,04:15,0.9958,1.0
幸福村4社,16,2026-02-18,04:30,0.9951,1.0
幸福村4社,16,2026-02-18,04:45,0.9958,1.0
幸福村4社,16,2026-02-18,05:00,0.9944,1.0
幸福村4社,16,2026-02-18,05:15,0.9963,1.0
幸福村4社,16,2026-02-18,05:30,0.9941,1.0
幸福村4社,16,2026-02-18,05:45,0.9965,1.0
幸福村4社,16,2026-02-18,06:00,0.9962,1.0
幸福村4社,16,2026-02-18,06:15,0.9954,1.0
幸福村4社,16,2026-02-18,06:30,0.9945,1.0
幸福村4社,16,2026-02-18,06:45,0.9949,1.0
幸福村4社,16,2026-02-18,07:00,0.994,1.0
幸福村4社,16,2026-02-18,07:15,0.9953,1.0
幸福村4社,16,2026-02-18,07:30,0.9961,1.0
幸福村4社,16,2026-02-18,07:45,0.9954,1.0
幸福村4社,16,2026-02-18,08:00,0.9984,0.988
幸福村4社,16,2026-02-18,08:15,1.0002,1.0
幸福村4社,16,2026-02-18,08:30,0.9984,1.0
幸福村4社,16,2026-02-18,08:45,0.998,0.999
幸福村4社,16,2026-02-18,09:00,0.9973,0.999
幸福村4社,16,2026-02-18,09:15,0.9983,1.0
幸福村4社,16,2026-02-18,09:30,0.9995,1.0
幸福村4社,16,2026-02-18,09:45,1.0002,1.0
幸福村4社,16,2026-02-18,10:00,0.9973,0.999
幸福村4社,16,2026-02-18,10:15,0.9967,0.999
幸福村4社,16,2026-02-18,10:30,0.9978,1.0
幸福村4社,16,2026-02-18,10:45,0.9992,1.0
幸福村4社,16,2026-02-18,11:00,0.999,1.0
幸福村4社,16,2026-02-18,11:15,0.9996,0.999
幸福村4社,16,2026-02-18,11:30,0.998,0.999
幸福村4社,16,2026-02-18,11:45,0.9986,0.999
幸福村4社,16,2026-02-18,12:00,0.9985,0.999
幸福村4社,16,2026-02-18,12:15,0.9986,1.0
幸福村4社,16,2026-02-18,12:30,0.9983,1.0
幸福村4社,16,2026-02-18,12:45,0.9983,1.0
幸福村4社,16,2026-02-18,13:00,0.9986,1.0
幸福村4社,16,2026-02-18,13:15,0.9963,1.0
幸福村4社,16,2026-02-18,13:30,0.9972,1.0
幸福村4社,16,2026-02-18,13:45,0.9987,1.0
幸福村4社,16,2026-02-18,14:00,0.9957,1.0
幸福村4社,16,2026-02-18,14:15,0.996,1.0
幸福村4社,16,2026-02-18,14:30,1.0005,1.0
幸福村4社,16,2026-02-18,14:45,0.9969,0.999
幸福村4社,16,2026-02-18,15:00,0.9966,1.0
幸福村4社,16,2026-02-18,15:15,0.996,1.0
幸福村4社,16,2026-02-18,15:30,0.9988,0.999
幸福村4社,16,2026-02-18,15:45,0.9994,0.999
幸福村4社,16,2026-02-18,16:00,1.0001,1.0
幸福村4社,16,2026-02-18,16:15,0.9989,1.0
幸福村4社,16,2026-02-18,16:30,0.9975,0.999
幸福村4社,16,2026-02-18,16:45,0.9981,0.999
幸福村4社,16,2026-02-18,17:00,0.9984,0.999
幸福村4社,16,2026-02-18,17:15,0.9988,1.0
幸福村4社,16,2026-02-18,17:30,0.9971,1.0
幸福村4社,16,2026-02-18,17:45,0.9981,0.999
幸福村4社,16,2026-02-18,18:00,1.0007,0.999
幸福村4社,16,2026-02-18,18:15,0.999,1.0
幸福村4社,16,2026-02-18,18:30,0.998,0.998
幸福村4社,16,2026-02-18,18:45,0.9976,0.998
幸福村4社,16,2026-02-18,19:00,0.996,0.998
幸福村4社,16,2026-02-18,19:15,0.995,0.998
幸福村4社,16,2026-02-18,19:30,0.9921,0.999
幸福村4社,16,2026-02-18,19:45,0.9927,0.992
幸福村4社,16,2026-02-18,20:00,0.9936,0.991
幸福村4社,16,2026-02-18,20:15,0.9925,0.991
幸福村4社,16,2026-02-18,20:30,0.992,0.991
幸福村4社,16,2026-02-18,20:45,0.9923,0.993
幸福村4社,16,2026-02-18,21:00,0.9924,0.992
幸福村4社,16,2026-02-18,21:15,0.9937,0.992
幸福村4社,16,2026-02-18,21:30,0.9938,0.988
幸福村4社,16,2026-02-18,21:45,0.9936,0.988
幸福村4社,16,2026-02-18,22:00,0.9914,0.994
幸福村4社,16,2026-02-18,22:15,0.9911,0.996
幸福村4社,16,2026-02-18,22:30,0.9903,0.996
幸福村4社,16,2026-02-18,22:45,0.9928,0.996
幸福村4社,16,2026-02-18,23:00,0.992,0.995
幸福村4社,16,2026-02-18,23:15,0.9943,0.994
幸福村4社,16,2026-02-18,23:30,0.9935,0.995
幸福村4社,16,2026-02-18,23:45,0.9949,0.995
幸福村4社,16,2026-02-19,00:00,0.994,1.0
幸福村4社,16,2026-02-19,00:15,0.9952,1.0
幸福村4社,16,2026-02-19,00:30,0.994,1.0
幸福村4社,16,2026-02-19,00:45,0.9931,1.0
幸福村4社,16,2026-02-19,01:00,0.9927,1.0
幸福村4社,16,2026-02-19,01:15,0.9965,1.0
幸福村4社,16,2026-02-19,01:30,0.9959,1.0
幸福村4社,16,2026-02-19,01:45,0.9987,1.0
幸福村4社,16,2026-02-19,02:00,0.9951,1.0
幸福村4社,16,2026-02-19,02:15,0.9978,1.0
幸福村4社,16,2026-02-19,02:30,0.9963,1.0
幸福村4社,16,2026-02-19,02:45,0.995,1.0
幸福村4社,16,2026-02-19,03:00,0.9958,1.0
幸福村4社,16,2026-02-19,03:15,0.9952,1.0
幸福村4社,16,2026-02-19,03:30,0.994,1.0
幸福村4社,16,2026-02-19,03:45,0.9935,1.0
幸福村4社,16,2026-02-19,04:00,0.9965,1.0
幸福村4社,16,2026-02-19,04:15,0.9959,1.0
幸福村4社,16,2026-02-19,04:30,0.9948,1.0
幸福村4社,16,2026-02-19,04:45,0.9954,1.0
幸福村4社,16,2026-02-19,05:00,0.9935,1.0
幸福村4社,16,2026-02-19,05:15,0.996,1.0
幸福村4社,16,2026-02-19,05:30,0.9946,1.0
幸福村4社,16,2026-02-19,05:45,0.9967,1.0
幸福村4社,16,2026-02-19,06:00,0.9956,1.0
幸福村4社,16,2026-02-19,06:15,0.9951,1.0
幸福村4社,16,2026-02-19,06:30,0.9952,1.0
幸福村4社,16,2026-02-19,06:45,0.9979,1.0
幸福村4社,16,2026-02-19,07:00,0.9959,1.0
幸福村4社,16,2026-02-19,07:15,0.9964,1.0
幸福村4社,16,2026-02-19,07:30,0.9973,1.0
幸福村4社,16,2026-02-19,07:45,0.997,1.0
幸福村4社,16,2026-02-19,08:00,0.9974,1.0
幸福村4社,16,2026-02-19,08:15,0.9978,1.0
幸福村4社,16,2026-02-19,08:30,0.997,1.0
幸福村4社,16,2026-02-19,08:45,0.9979,0.999
幸福村4社,16,2026-02-19,09:00,0.9964,0.999
幸福村4社,16,2026-02-19,09:15,0.9971,0.999
幸福村4社,16,2026-02-19,09:30,0.9991,1.0
幸福村4社,16,2026-02-19,09:45,0.9989,1.0
幸福村4社,16,2026-02-19,10:00,0.9992,1.0
幸福村4社,16,2026-02-19,10:15,0.9975,1.0
幸福村4社,16,2026-02-19,10:30,0.996,1.0
幸福村4社,16,2026-02-19,10:45,0.9999,1.0
幸福村4社,16,2026-02-19,11:00,0.9955,1.0
幸福村4社,16,2026-02-19,11:15,0.9989,1.0
幸福村4社,16,2026-02-19,11:30,0.9996,1.0
幸福村4社,16,2026-02-19,11:45,0.999,1.0
幸福村4社,16,2026-02-19,12:00,0.9972,1.0
幸福村4社,16,2026-02-19,12:15,0.9968,1.0
幸福村4社,16,2026-02-19,12:30,0.9987,0.999
幸福村4社,16,2026-02-19,12:45,0.998,1.0
幸福村4社,16,2026-02-19,13:00,0.9973,1.0
幸福村4社,16,2026-02-19,13:15,0.9979,1.0
幸福村4社,16,2026-02-19,13:30,0.9985,1.0
幸福村4社,16,2026-02-19,13:45,0.9977,1.0
幸福村4社,16,2026-02-19,14:00,0.9945,0.999
幸福村4社,16,2026-02-19,14:15,0.9946,1.0
幸福村4社,16,2026-02-19,14:30,0.9975,0.999
幸福村4社,16,2026-02-19,14:45,0.9953,0.999
幸福村4社,16,2026-02-19,15:00,0.9949,1.0
幸福村4社,16,2026-02-19,15:15,1.0003,1.0
幸福村4社,16,2026-02-19,15:30,1.0001,1.0
幸福村4社,16,2026-02-19,15:45,0.9981,0.999
幸福村4社,16,2026-02-19,16:00,0.9996,0.999
幸福村4社,16,2026-02-19,16:15,0.9969,1.0
幸福村4社,16,2026-02-19,16:30,0.998,1.0
幸福村4社,16,2026-02-19,16:45,0.9986,0.999
幸福村4社,16,2026-02-19,17:00,0.9971,0.999
幸福村4社,16,2026-02-19,17:15,0.9976,0.999
幸福村4社,16,2026-02-19,17:30,0.9954,1.0
幸福村4社,16,2026-02-19,17:45,0.9977,1.0
幸福村4社,16,2026-02-19,18:00,0.9971,1.0
幸福村4社,16,2026-02-19,18:15,0.9962,1.0
幸福村4社,16,2026-02-19,18:30,0.9982,1.0
幸福村4社,16,2026-02-19,18:45,0.9975,0.997
幸福村4社,16,2026-02-19,19:00,0.9943,0.997
幸福村4社,16,2026-02-19,19:15,0.9948,0.997
幸福村4社,16,2026-02-19,19:30,0.9933,0.991
幸福村4社,16,2026-02-19,19:45,0.99,0.984
幸福村4社,16,2026-02-19,20:00,0.99,0.991
幸福村4社,16,2026-02-19,20:15,0.9948,0.99
幸福村4社,16,2026-02-19,20:30,0.994,0.992
幸福村4社,16,2026-02-19,20:45,0.9921,0.992
幸福村4社,16,2026-02-19,21:00,0.993,0.993
幸福村4社,16,2026-02-19,21:15,0.9934,0.993
幸福村4社,16,2026-02-19,21:30,0.9915,0.992
幸福村4社,16,2026-02-19,21:45,0.9928,0.992
幸福村4社,16,2026-02-19,22:00,0.9914,0.991
幸福村4社,16,2026-02-19,22:15,0.9896,0.991
幸福村4社,16,2026-02-19,22:30,0.9912,0.992
幸福村4社,16,2026-02-19,22:45,0.9941,0.991
幸福村4社,16,2026-02-19,23:00,0.9939,0.993
幸福村4社,16,2026-02-19,23:15,0.9941,0.993
幸福村4社,16,2026-02-19,23:30,0.9952,0.993
幸福村4社,16,2026-02-19,23:45,0.9963,0.999
马鞍村1社,17,2026-01-22,00:00,0.8488,0.854
马鞍村1社,17,2026-01-22,00:15,0.843,0.918
马鞍村1社,17,2026-01-22,00:30,0.8203,0.96
马鞍村1社,17,2026-01-22,00:45,0.8305,0.9
马鞍村1社,17,2026-01-22,01:00,0.8292,0.894
马鞍村1社,17,2026-01-22,01:15,0.8204,0.932
马鞍村1社,17,2026-01-22,01:30,0.8274,0.949
马鞍村1社,17,2026-01-22,01:45,0.7978,0.864
马鞍村1社,17,2026-01-22,02:00,0.8035,0.918
马鞍村1社,17,2026-01-22,02:15,0.7806,0.881
马鞍村1社,17,2026-01-22,02:30,0.7991,0.801
马鞍村1社,17,2026-01-22,02:45,0.7873,0.864
马鞍村1社,17,2026-01-22,03:00,0.7901,0.906
马鞍村1社,17,2026-01-22,03:15,0.7736,0.869
马鞍村1社,17,2026-01-22,03:30,0.7874,0.835
马鞍村1社,17,2026-01-22,03:45,0.7966,0.844
马鞍村1社,17,2026-01-22,04:00,0.7863,0.92
马鞍村1社,17,2026-01-22,04:15,0.7823,0.762
马鞍村1社,17,2026-01-22,04:30,0.7862,0.785
马鞍村1社,17,2026-01-22,04:45,0.7799,0.843
马鞍村1社,17,2026-01-22,05:00,0.7886,0.717
马鞍村1社,17,2026-01-22,05:15,0.7901,0.824
马鞍村1社,17,2026-01-22,05:30,0.785,0.81
马鞍村1社,17,2026-01-22,05:45,0.7919,0.889
马鞍村1社,17,2026-01-22,06:00,0.7966,0.773
马鞍村1社,17,2026-01-22,06:15,0.8022,0.761
马鞍村1社,17,2026-01-22,06:30,0.8208,0.814
马鞍村1社,17,2026-01-22,06:45,0.8221,0.99
马鞍村1社,17,2026-01-22,07:00,0.8473,0.766
马鞍村1社,17,2026-01-22,07:15,0.8797,0.934
马鞍村1社,17,2026-01-22,07:30,0.9109,0.766
马鞍村1社,17,2026-01-22,07:45,0.9237,0.973
马鞍村1社,17,2026-01-22,08:00,0.9528,0.914
马鞍村1社,17,2026-01-22,08:15,0.9731,0.979
马鞍村1社,17,2026-01-22,08:30,0.9846,0.916
马鞍村1社,17,2026-01-22,08:45,0.986,0.984
马鞍村1社,17,2026-01-22,09:00,0.9872,0.992
马鞍村1社,17,2026-01-22,09:15,0.9709,0.999
马鞍村1社,17,2026-01-22,09:30,0.9704,0.999
马鞍村1社,17,2026-01-22,09:45,0.9618,0.991
马鞍村1社,17,2026-01-22,10:00,0.9546,0.993
马鞍村1社,17,2026-01-22,10:15,0.9332,0.991
马鞍村1社,17,2026-01-22,10:30,0.9312,0.973
马鞍村1社,17,2026-01-22,10:45,0.9,0.937
马鞍村1社,17,2026-01-22,11:00,0.8932,0.973
马鞍村1社,17,2026-01-22,11:15,0.903,0.918
马鞍村1社,17,2026-01-22,11:30,0.9006,0.97
马鞍村1社,17,2026-01-22,11:45,0.8942,0.992
马鞍村1社,17,2026-01-22,12:00,0.9045,0.909
马鞍村1社,17,2026-01-22,12:15,0.9085,0.99
马鞍村1社,17,2026-01-22,12:30,0.9099,0.849
马鞍村1社,17,2026-01-22,12:45,0.8827,0.967
马鞍村1社,17,2026-01-22,13:00,0.8777,0.917
马鞍村1社,17,2026-01-22,13:15,0.8895,0.998
马鞍村1社,17,2026-01-22,13:30,0.9053,0.938
马鞍村1社,17,2026-01-22,13:45,0.8879,0.955
马鞍村1社,17,2026-01-22,14:00,0.9026,0.984
马鞍村1社,17,2026-01-22,14:15,0.9019,0.935
马鞍村1社,17,2026-01-22,14:30,0.8827,0.82
马鞍村1社,17,2026-01-22,14:45,0.8993,0.895
马鞍村1社,17,2026-01-22,15:00,0.9034,0.819
马鞍村1社,17,2026-01-22,15:15,0.9249,0.936
马鞍村1社,17,2026-01-22,15:30,0.9422,0.775
马鞍村1社,17,2026-01-22,15:45,0.9331,0.991
马鞍村1社,17,2026-01-22,16:00,0.9358,0.983
马鞍村1社,17,2026-01-22,16:15,0.954,0.987
马鞍村1社,17,2026-01-22,16:30,0.9619,0.993
马鞍村1社,17,2026-01-22,16:45,0.9582,0.998
马鞍村1社,17,2026-01-22,17:00,0.9667,0.996
马鞍村1社,17,2026-01-22,17:15,0.9726,1.0
马鞍村1社,17,2026-01-22,17:30,0.976,0.999
马鞍村1社,17,2026-01-22,17:45,0.9663,0.998
马鞍村1社,17,2026-01-22,18:00,0.9718,0.99
马鞍村1社,17,2026-01-22,18:15,0.966,0.987
马鞍村1社,17,2026-01-22,18:30,0.9619,0.985
马鞍村1社,17,2026-01-22,18:45,0.9518,0.976
马鞍村1社,17,2026-01-22,19:00,0.9543,0.997
马鞍村1社,17,2026-01-22,19:15,0.9435,0.99
马鞍村1社,17,2026-01-22,19:30,0.9383,0.965
马鞍村1社,17,2026-01-22,19:45,0.9439,0.987
马鞍村1社,17,2026-01-22,20:00,0.9529,0.927
马鞍村1社,17,2026-01-22,20:15,0.9467,0.961
马鞍村1社,17,2026-01-22,20:30,0.94,0.996
马鞍村1社,17,2026-01-22,20:45,0.9416,0.988
马鞍村1社,17,2026-01-22,21:00,0.9451,0.995
马鞍村1社,17,2026-01-22,21:15,0.9458,0.999
马鞍村1社,17,2026-01-22,21:30,0.9431,0.996
马鞍村1社,17,2026-01-22,21:45,0.9426,0.976
马鞍村1社,17,2026-01-22,22:00,0.9239,0.939
马鞍村1社,17,2026-01-22,22:15,0.9252,0.9
马鞍村1社,17,2026-01-22,22:30,0.9128,0.949
马鞍村1社,17,2026-01-22,22:45,0.8963,0.856
马鞍村1社,17,2026-01-22,23:00,0.8901,0.94
马鞍村1社,17,2026-01-22,23:15,0.8609,0.848
马鞍村1社,17,2026-01-22,23:30,0.848,0.821
马鞍村1社,17,2026-01-22,23:45,0.8417,0.821
马鞍村1社,17,2026-01-23,00:00,0.8432,0.796
马鞍村1社,17,2026-01-23,00:15,0.8342,0.995
马鞍村1社,17,2026-01-23,00:30,0.8256,0.809
马鞍村1社,17,2026-01-23,00:45,0.8116,0.871
马鞍村1社,17,2026-01-23,01:00,0.8128,0.933
马鞍村1社,17,2026-01-23,01:15,0.8265,0.781
马鞍村1社,17,2026-01-23,01:30,0.8161,0.982
马鞍村1社,17,2026-01-23,01:45,0.7975,0.728
马鞍村1社,17,2026-01-23,02:00,0.7969,0.904
马鞍村1社,17,2026-01-23,02:15,0.7923,0.774
马鞍村1社,17,2026-01-23,02:30,0.7912,0.97
马鞍村1社,17,2026-01-23,02:45,0.7804,0.809
马鞍村1社,17,2026-01-23,03:00,0.786,0.772
马鞍村1社,17,2026-01-23,03:15,0.7764,0.863
马鞍村1社,17,2026-01-23,03:30,0.7831,0.918
马鞍村1社,17,2026-01-23,03:45,0.7894,0.81
马鞍村1社,17,2026-01-23,04:00,0.771,0.846
马鞍村1社,17,2026-01-23,04:15,0.7697,0.836
马鞍村1社,17,2026-01-23,04:30,0.7705,0.809
马鞍村1社,17,2026-01-23,04:45,0.7672,0.857
马鞍村1社,17,2026-01-23,05:00,0.7701,0.868
马鞍村1社,17,2026-01-23,05:15,0.7814,0.844
马鞍村1社,17,2026-01-23,05:30,0.7783,0.829
马鞍村1社,17,2026-01-23,05:45,0.7826,0.993
马鞍村1社,17,2026-01-23,06:00,0.7916,0.958
马鞍村1社,17,2026-01-23,06:15,0.8021,0.873
马鞍村1社,17,2026-01-23,06:30,0.8174,0.924
马鞍村1社,17,2026-01-23,06:45,0.8147,0.855
马鞍村1社,17,2026-01-23,07:00,0.8567,0.756
马鞍村1社,17,2026-01-23,07:15,0.8711,0.788
马鞍村1社,17,2026-01-23,07:30,0.9064,0.905
马鞍村1社,17,2026-01-23,07:45,0.9321,0.872
马鞍村1社,17,2026-01-23,08:00,0.9646,0.942
马鞍村1社,17,2026-01-23,08:15,0.9766,0.944
马鞍村1社,17,2026-01-23,08:30,0.984,0.978
马鞍村1社,17,2026-01-23,08:45,0.9919,0.999
马鞍村1社,17,2026-01-23,09:00,0.984,0.99
马鞍村1社,17,2026-01-23,09:15,0.968,0.997
马鞍村1社,17,2026-01-23,09:30,0.9643,0.994
马鞍村1社,17,2026-01-23,09:45,0.959,0.99
马鞍村1社,17,2026-01-23,10:00,0.953,0.955
马鞍村1社,17,2026-01-23,10:15,0.9462,0.97
马鞍村1社,17,2026-01-23,10:30,0.9281,0.999
马鞍村1社,17,2026-01-23,10:45,0.9024,0.865
马鞍村1社,17,2026-01-23,11:00,0.9077,0.918
马鞍村1社,17,2026-01-23,11:15,0.8981,0.825
马鞍村1社,17,2026-01-23,11:30,0.8912,0.816
马鞍村1社,17,2026-01-23,11:45,0.8842,0.898
马鞍村1社,17,2026-01-23,12:00,0.903,0.847
马鞍村1社,17,2026-01-23,12:15,0.9047,0.927
马鞍村1社,17,2026-01-23,12:30,0.9089,0.981
马鞍村1社,17,2026-01-23,12:45,0.8899,0.966
马鞍村1社,17,2026-01-23,13:00,0.8892,0.897
马鞍村1社,17,2026-01-23,13:15,0.9036,0.89
马鞍村1社,17,2026-01-23,13:30,0.9244,0.977
马鞍村1社,17,2026-01-23,13:45,0.8932,0.971
马鞍村1社,17,2026-01-23,14:00,0.9105,0.981
马鞍村1社,17,2026-01-23,14:15,0.9014,0.884
马鞍村1社,17,2026-01-23,14:30,0.8918,0.856
马鞍村1社,17,2026-01-23,14:45,0.9115,0.945
马鞍村1社,17,2026-01-23,15:00,0.9136,0.973
马鞍村1社,17,2026-01-23,15:15,0.9276,0.99
马鞍村1社,17,2026-01-23,15:30,0.9352,0.972
马鞍村1社,17,2026-01-23,15:45,0.9176,0.979
马鞍村1社,17,2026-01-23,16:00,0.9412,0.965
马鞍村1社,17,2026-01-23,16:15,0.9491,0.99
马鞍村1社,17,2026-01-23,16:30,0.9619,0.992
马鞍村1社,17,2026-01-23,16:45,0.9676,0.996
马鞍村1社,17,2026-01-23,17:00,0.9676,1.0
马鞍村1社,17,2026-01-23,17:15,0.962,0.951
马鞍村1社,17,2026-01-23,17:30,0.9762,0.992
马鞍村1社,17,2026-01-23,17:45,0.976,0.954
马鞍村1社,17,2026-01-23,18:00,0.9823,0.989
马鞍村1社,17,2026-01-23,18:15,0.9648,0.979
马鞍村1社,17,2026-01-23,18:30,0.9679,0.977
马鞍村1社,17,2026-01-23,18:45,0.957,0.961
马鞍村1社,17,2026-01-23,19:00,0.9419,0.993
马鞍村1社,17,2026-01-23,19:15,0.9469,1.0
马鞍村1社,17,2026-01-23,19:30,0.9383,0.966
马鞍村1社,17,2026-01-23,19:45,0.9527,1.0
马鞍村1社,17,2026-01-23,20:00,0.9472,1.0
马鞍村1社,17,2026-01-23,20:15,0.9587,1.0
马鞍村1社,17,2026-01-23,20:30,0.9479,0.988
马鞍村1社,17,2026-01-23,20:45,0.9518,0.995
马鞍村1社,17,2026-01-23,21:00,0.9574,0.996
马鞍村1社,17,2026-01-23,21:15,0.9467,0.999
马鞍村1社,17,2026-01-23,21:30,0.944,0.984
马鞍村1社,17,2026-01-23,21:45,0.949,0.995
马鞍村1社,17,2026-01-23,22:00,0.9257,0.996
马鞍村1社,17,2026-01-23,22:15,0.915,0.998
马鞍村1社,17,2026-01-23,22:30,0.9087,0.981
马鞍村1社,17,2026-01-23,22:45,0.8872,1.0
马鞍村1社,17,2026-01-23,23:00,0.8863,0.999
马鞍村1社,17,2026-01-23,23:15,0.8548,0.984
马鞍村1社,17,2026-01-23,23:30,0.8432,0.924
马鞍村1社,17,2026-01-23,23:45,0.8422,0.953
马鞍村1社,17,2026-01-24,00:00,0.8401,0.979
马鞍村1社,17,2026-01-24,00:15,0.8351,0.962
马鞍村1社,17,2026-01-24,00:30,0.8234,0.902
马鞍村1社,17,2026-01-24,00:45,0.8041,0.898
马鞍村1社,17,2026-01-24,01:00,0.8114,0.946
马鞍村1社,17,2026-01-24,01:15,0.8147,0.835
马鞍村1社,17,2026-01-24,01:30,0.8144,0.829
马鞍村1社,17,2026-01-24,01:45,0.7843,0.834
马鞍村1社,17,2026-01-24,02:00,0.8046,0.948
马鞍村1社,17,2026-01-24,02:15,0.7844,0.775
马鞍村1社,17,2026-01-24,02:30,0.7861,0.846
马鞍村1社,17,2026-01-24,02:45,0.7811,0.775
马鞍村1社,17,2026-01-24,03:00,0.7701,0.743
马鞍村1社,17,2026-01-24,03:15,0.7735,0.807
马鞍村1社,17,2026-01-24,03:30,0.7757,0.759
马鞍村1社,17,2026-01-24,03:45,0.793,0.799
马鞍村1社,17,2026-01-24,04:00,0.7809,0.802
马鞍村1社,17,2026-01-24,04:15,0.7756,0.796
马鞍村1社,17,2026-01-24,04:30,0.7698,0.795
马鞍村1社,17,2026-01-24,04:45,0.7691,0.775
马鞍村1社,17,2026-01-24,05:00,0.7776,0.868
马鞍村1社,17,2026-01-24,05:15,0.7816,0.846
马鞍村1社,17,2026-01-24,05:30,0.767,0.787
马鞍村1社,17,2026-01-24,05:45,0.7867,0.755
马鞍村1社,17,2026-01-24,06:00,0.7887,0.855
马鞍村1社,17,2026-01-24,06:15,0.785,0.837
马鞍村1社,17,2026-01-24,06:30,0.8135,0.785
马鞍村1社,17,2026-01-24,06:45,0.8188,0.889
马鞍村1社,17,2026-01-24,07:00,0.8343,0.97
马鞍村1社,17,2026-01-24,07:15,0.8746,0.838
马鞍村1社,17,2026-01-24,07:30,0.9075,0.923
马鞍村1社,17,2026-01-24,07:45,0.93,0.831
马鞍村1社,17,2026-01-24,08:00,0.9646,0.979
马鞍村1社,17,2026-01-24,08:15,0.9772,0.809
马鞍村1社,17,2026-01-24,08:30,0.9837,0.992
马鞍村1社,17,2026-01-24,08:45,0.9861,0.996
马鞍村1社,17,2026-01-24,09:00,0.9861,0.995
马鞍村1社,17,2026-01-24,09:15,0.9745,0.994
马鞍村1社,17,2026-01-24,09:30,0.9639,1.0
马鞍村1社,17,2026-01-24,09:45,0.9608,1.0
马鞍村1社,17,2026-01-24,10:00,0.9504,0.988
马鞍村1社,17,2026-01-24,10:15,0.9309,0.992
马鞍村1社,17,2026-01-24,10:30,0.9271,0.963
马鞍村1社,17,2026-01-24,10:45,0.8888,0.985
马鞍村1社,17,2026-01-24,11:00,0.8846,0.97
马鞍村1社,17,2026-01-24,11:15,0.8903,0.915
马鞍村1社,17,2026-01-24,11:30,0.8717,0.921
马鞍村1社,17,2026-01-24,11:45,0.8939,0.977
马鞍村1社,17,2026-01-24,12:00,0.8961,0.81
马鞍村1社,17,2026-01-24,12:15,0.9009,0.831
马鞍村1社,17,2026-01-24,12:30,0.9046,0.79
马鞍村1社,17,2026-01-24,12:45,0.88,0.925
马鞍村1社,17,2026-01-24,13:00,0.8916,0.893
马鞍村1社,17,2026-01-24,13:15,0.9064,0.782
马鞍村1社,17,2026-01-24,13:30,0.9001,0.818
马鞍村1社,17,2026-01-24,13:45,0.9044,0.988
马鞍村1社,17,2026-01-24,14:00,0.9015,0.713
马鞍村1社,17,2026-01-24,14:15,0.8837,0.835
马鞍村1社,17,2026-01-24,14:30,0.8813,0.992
马鞍村1社,17,2026-01-24,14:45,0.9086,0.96
马鞍村1社,17,2026-01-24,15:00,0.9118,0.954
马鞍村1社,17,2026-01-24,15:15,0.9387,0.983
马鞍村1社,17,2026-01-24,15:30,0.9392,0.952
马鞍村1社,17,2026-01-24,15:45,0.9405,0.969
马鞍村1社,17,2026-01-24,16:00,0.9474,0.998
马鞍村1社,17,2026-01-24,16:15,0.956,0.982
马鞍村1社,17,2026-01-24,16:30,0.9544,0.991
马鞍村1社,17,2026-01-24,16:45,0.958,0.974
马鞍村1社,17,2026-01-24,17:00,0.9631,0.991
马鞍村1社,17,2026-01-24,17:15,0.9646,0.997
马鞍村1社,17,2026-01-24,17:30,0.9739,0.992
马鞍村1社,17,2026-01-24,17:45,0.98,0.979
马鞍村1社,17,2026-01-24,18:00,0.9648,0.998
马鞍村1社,17,2026-01-24,18:15,0.9605,0.989
马鞍村1社,17,2026-01-24,18:30,0.9754,0.973
马鞍村1社,17,2026-01-24,18:45,0.9581,1.0
马鞍村1社,17,2026-01-24,19:00,0.9397,0.958
马鞍村1社,17,2026-01-24,19:15,0.9336,0.94
马鞍村1社,17,2026-01-24,19:30,0.9338,0.988
马鞍村1社,17,2026-01-24,19:45,0.9468,0.974
马鞍村1社,17,2026-01-24,20:00,0.9471,0.994
马鞍村1社,17,2026-01-24,20:15,0.9589,0.945
马鞍村1社,17,2026-01-24,20:30,0.9517,0.981
马鞍村1社,17,2026-01-24,20:45,0.9503,0.918
马鞍村1社,17,2026-01-24,21:00,0.9515,0.992
马鞍村1社,17,2026-01-24,21:15,0.9418,0.989
马鞍村1社,17,2026-01-24,21:30,0.9408,1.0
马鞍村1社,17,2026-01-24,21:45,0.9358,0.989
马鞍村1社,17,2026-01-24,22:00,0.91,0.988
马鞍村1社,17,2026-01-24,22:15,0.9117,0.928
马鞍村1社,17,2026-01-24,22:30,0.9107,0.973
马鞍村1社,17,2026-01-24,22:45,0.8985,0.973
马鞍村1社,17,2026-01-24,23:00,0.8786,0.928
马鞍村1社,17,2026-01-24,23:15,0.8559,0.943
马鞍村1社,17,2026-01-24,23:30,0.8471,0.975
马鞍村1社,17,2026-01-24,23:45,0.8332,0.946
幸福村1社,18,2026-02-15,00:00,0.8055,0.837
幸福村1社,18,2026-02-15,00:15,0.8015,0.856
幸福村1社,18,2026-02-15,00:30,0.8068,0.766
幸福村1社,18,2026-02-15,00:45,0.7684,0.85
幸福村1社,18,2026-02-15,01:00,0.785,0.84
幸福村1社,18,2026-02-15,01:15,0.7676,0.878
幸福村1社,18,2026-02-15,01:30,0.7693,0.806
幸福村1社,18,2026-02-15,01:45,0.74,0.731
幸福村1社,18,2026-02-15,02:00,0.7616,0.727
幸福村1社,18,2026-02-15,02:15,0.7511,0.784
幸福村1社,18,2026-02-15,02:30,0.7459,0.709
幸福村1社,18,2026-02-15,02:45,0.7456,0.864
幸福村1社,18,2026-02-15,03:00,0.7394,0.703
幸福村1社,18,2026-02-15,03:15,0.7516,0.703
幸福村1社,18,2026-02-15,03:30,0.7366,0.755
幸福村1社,18,2026-02-15,03:45,0.759,0.709
幸福村1社,18,2026-02-15,04:00,0.7303,0.754
幸福村1社,18,2026-02-15,04:15,0.741,0.753
幸福村1社,18,2026-02-15,04:30,0.7339,0.729
幸福村1社,18,2026-02-15,04:45,0.7203,0.747
幸福村1社,18,2026-02-15,05:00,0.7494,0.719
幸福村1社,18,2026-02-15,05:15,0.7378,0.829
幸福村1社,18,2026-02-15,05:30,0.7209,0.692
幸福村1社,18,2026-02-15,05:45,0.7238,0.778
幸福村1社,18,2026-02-15,06:00,0.7333,0.705
幸福村1社,18,2026-02-15,06:15,0.7491,0.697
幸福村1社,18,2026-02-15,06:30,0.7586,0.713
幸福村1社,18,2026-02-15,06:45,0.7631,0.7
幸福村1社,18,2026-02-15,07:00,0.7877,0.663
幸福村1社,18,2026-02-15,07:15,0.8066,0.863
幸福村1社,18,2026-02-15,07:30,0.8554,0.94
幸福村1社,18,2026-02-15,07:45,0.8641,0.939
幸福村1社,18,2026-02-15,08:00,0.8485,0.753
幸福村1社,18,2026-02-15,08:15,0.9026,0.755
幸福村1社,18,2026-02-15,08:30,0.9513,0.691
幸福村1社,18,2026-02-15,08:45,0.9588,0.812
幸福村1社,18,2026-02-15,09:00,0.9622,0.99
幸福村1社,18,2026-02-15,09:15,0.9771,0.996
幸福村1社,18,2026-02-15,09:30,0.9762,0.768
幸福村1社,18,2026-02-15,09:45,0.9599,0.983
幸福村1社,18,2026-02-15,10:00,0.9669,0.999
幸福村1社,18,2026-02-15,10:15,0.9255,0.984
幸福村1社,18,2026-02-15,10:30,0.9181,0.757
幸福村1社,18,2026-02-15,10:45,0.9143,0.958
幸福村1社,18,2026-02-15,11:00,0.8608,0.968
幸福村1社,18,2026-02-15,11:15,0.8721,0.688
幸福村1社,18,2026-02-15,11:30,0.873,0.772
幸福村1社,18,2026-02-15,11:45,0.8629,0.738
幸福村1社,18,2026-02-15,12:00,0.8457,0.886
幸福村1社,18,2026-02-15,12:15,0.8381,0.762
幸福村1社,18,2026-02-15,12:30,0.8286,0.999
幸福村1社,18,2026-02-15,12:45,0.824,0.852
幸福村1社,18,2026-02-15,13:00,0.8368,0.864
幸福村1社,18,2026-02-15,13:15,0.8259,0.915
幸福村1社,18,2026-02-15,13:30,0.8316,0.999
幸福村1社,18,2026-02-15,13:45,0.8516,0.769
幸福村1社,18,2026-02-15,14:00,0.8487,0.999
幸福村1社,18,2026-02-15,14:15,0.8659,0.885
幸福村1社,18,2026-02-15,14:30,0.8573,0.935
幸福村1社,18,2026-02-15,14:45,0.8484,0.831
幸福村1社,18,2026-02-15,15:00,0.8383,0.859
幸福村1社,18,2026-02-15,15:15,0.8624,0.973
幸福村1社,18,2026-02-15,15:30,0.8464,0.817
幸福村1社,18,2026-02-15,15:45,0.8403,0.863
幸福村1社,18,2026-02-15,16:00,0.858,0.932
幸福村1社,18,2026-02-15,16:15,0.8696,0.991
幸福村1社,18,2026-02-15,16:30,0.8995,0.958
幸福村1社,18,2026-02-15,16:45,0.9203,0.993
幸福村1社,18,2026-02-15,17:00,0.9139,0.996
幸福村1社,18,2026-02-15,17:15,0.9435,0.987
幸福村1社,18,2026-02-15,17:30,0.9316,0.873
幸福村1社,18,2026-02-15,17:45,0.9544,0.999
幸福村1社,18,2026-02-15,18:00,0.9344,0.993
幸福村1社,18,2026-02-15,18:15,0.9427,0.994
幸福村1社,18,2026-02-15,18:30,0.9447,0.991
幸福村1社,18,2026-02-15,18:45,0.9323,0.997
幸福村1社,18,2026-02-15,19:00,0.9344,0.856
幸福村1社,18,2026-02-15,19:15,0.9306,0.954
幸福村1社,18,2026-02-15,19:30,0.9397,0.993
幸福村1社,18,2026-02-15,19:45,0.9509,0.926
幸福村1社,18,2026-02-15,20:00,0.9393,0.984
幸福村1社,18,2026-02-15,20:15,0.9389,0.985
幸福村1社,18,2026-02-15,20:30,0.93,0.989
幸福村1社,18,2026-02-15,20:45,0.9251,0.997
幸福村1社,18,2026-02-15,21:00,0.9305,0.955
幸福村1社,18,2026-02-15,21:15,0.9219,0.999
幸福村1社,18,2026-02-15,21:30,0.924,0.952
幸福村1社,18,2026-02-15,21:45,0.9145,0.999
幸福村1社,18,2026-02-15,22:00,0.893,0.981
幸福村1社,18,2026-02-15,22:15,0.8768,0.934
幸福村1社,18,2026-02-15,22:30,0.8749,0.844
幸福村1社,18,2026-02-15,22:45,0.861,0.907
幸福村1社,18,2026-02-15,23:00,0.853,0.884
幸福村1社,18,2026-02-15,23:15,0.8311,0.905
幸福村1社,18,2026-02-15,23:30,0.8401,0.807
幸福村1社,18,2026-02-15,23:45,0.8131,0.908
幸福村1社,18,2026-02-16,00:00,0.7985,0.772
幸福村1社,18,2026-02-16,00:15,0.7817,0.871
幸福村1社,18,2026-02-16,00:30,0.7962,0.781
幸福村1社,18,2026-02-16,00:45,0.7701,0.928
幸福村1社,18,2026-02-16,01:00,0.7715,0.822
幸福村1社,18,2026-02-16,01:15,0.7671,0.949
幸福村1社,18,2026-02-16,01:30,0.7496,0.798
幸福村1社,18,2026-02-16,01:45,0.7451,0.788
幸福村1社,18,2026-02-16,02:00,0.7545,0.96
幸福村1社,18,2026-02-16,02:15,0.761,0.757
幸福村1社,18,2026-02-16,02:30,0.7465,0.866
幸福村1社,18,2026-02-16,02:45,0.7532,0.846
幸福村1社,18,2026-02-16,03:00,0.7424,0.922
幸福村1社,18,2026-02-16,03:15,0.754,0.804
幸福村1社,18,2026-02-16,03:30,0.7341,0.882
幸福村1社,18,2026-02-16,03:45,0.7475,0.862
幸福村1社,18,2026-02-16,04:00,0.7345,0.749
幸福村1社,18,2026-02-16,04:15,0.7296,0.802
幸福村1社,18,2026-02-16,04:30,0.7432,0.77
幸福村1社,18,2026-02-16,04:45,0.7252,0.873
幸福村1社,18,2026-02-16,05:00,0.7294,0.884
幸福村1社,18,2026-02-16,05:15,0.7305,0.879
幸福村1社,18,2026-02-16,05:30,0.7283,0.756
幸福村1社,18,2026-02-16,05:45,0.7182,0.744
幸福村1社,18,2026-02-16,06:00,0.7228,0.75
幸福村1社,18,2026-02-16,06:15,0.7392,0.771
幸福村1社,18,2026-02-16,06:30,0.7634,0.774
幸福村1社,18,2026-02-16,06:45,0.7699,0.847
幸福村1社,18,2026-02-16,07:00,0.7814,0.691
幸福村1社,18,2026-02-16,07:15,0.784,0.865
幸福村1社,18,2026-02-16,07:30,0.8428,0.727
幸福村1社,18,2026-02-16,07:45,0.8659,0.848
幸福村1社,18,2026-02-16,08:00,0.8715,0.744
幸福村1社,18,2026-02-16,08:15,0.9181,0.814
幸福村1社,18,2026-02-16,08:30,0.9548,0.99
幸福村1社,18,2026-02-16,08:45,0.9594,0.991
幸福村1社,18,2026-02-16,09:00,0.9582,0.899
幸福村1社,18,2026-02-16,09:15,0.9758,0.871
幸福村1社,18,2026-02-16,09:30,0.9535,0.998
幸福村1社,18,2026-02-16,09:45,0.9655,0.998
幸福村1社,18,2026-02-16,10:00,0.9602,0.999
幸福村1社,18,2026-02-16,10:15,0.9205,0.998
幸福村1社,18,2026-02-16,10:30,0.9179,0.93
幸福村1社,18,2026-02-16,10:45,0.909,0.93
幸福村1社,18,2026-02-16,11:00,0.8437,0.942
幸福村1社,18,2026-02-16,11:15,0.859,0.999
幸福村1社,18,2026-02-16,11:30,0.8544,0.988
幸福村1社,18,2026-02-16,11:45,0.8261,0.983
幸福村1社,18,2026-02-16,12:00,0.8197,0.779
幸福村1社,18,2026-02-16,12:15,0.8248,0.977
幸福村1社,18,2026-02-16,12:30,0.824,0.839
幸福村1社,18,2026-02-16,12:45,0.8149,0.821
幸福村1社,18,2026-02-16,13:00,0.8043,0.808
幸福村1社,18,2026-02-16,13:15,0.814,0.87
幸福村1社,18,2026-02-16,13:30,0.8205,0.869
幸福村1社,18,2026-02-16,13:45,0.8325,0.825
幸福村1社,18,2026-02-16,14:00,0.8352,0.862
幸福村1社,18,2026-02-16,14:15,0.8526,0.841
幸福村1社,18,2026-02-16,14:30,0.8407,0.89
幸福村1社,18,2026-02-16,14:45,0.8437,0.829
幸福村1社,18,2026-02-16,15:00,0.8225,0.805
幸福村1社,18,2026-02-16,15:15,0.8573,0.98
幸福村1社,18,2026-02-16,15:30,0.8304,0.818
幸福村1社,18,2026-02-16,15:45,0.8351,0.874
幸福村1社,18,2026-02-16,16:00,0.8347,0.809
幸福村1社,18,2026-02-16,16:15,0.8523,0.999
幸福村1社,18,2026-02-16,16:30,0.863,0.997
幸福村1社,18,2026-02-16,16:45,0.9108,0.998
幸福村1社,18,2026-02-16,17:00,0.9193,0.98
幸福村1社,18,2026-02-16,17:15,0.9267,0.995
幸福村1社,18,2026-02-16,17:30,0.9262,0.987
幸福村1社,18,2026-02-16,17:45,0.9309,0.967
幸福村1社,18,2026-02-16,18:00,0.9401,0.994
幸福村1社,18,2026-02-16,18:15,0.9463,0.997
幸福村1社,18,2026-02-16,18:30,0.9488,0.94
幸福村1社,18,2026-02-16,18:45,0.9385,0.991
幸福村1社,18,2026-02-16,19:00,0.9211,0.962
幸福村1社,18,2026-02-16,19:15,0.9394,0.861
幸福村1社,18,2026-02-16,19:30,0.9506,0.924
幸福村1社,18,2026-02-16,19:45,0.939,0.984
幸福村1社,18,2026-02-16,20:00,0.9343,0.943
幸福村1社,18,2026-02-16,20:15,0.9459,0.975
幸福村1社,18,2026-02-16,20:30,0.9273,0.974
幸福村1社,18,2026-02-16,20:45,0.9313,0.991
幸福村1社,18,2026-02-16,21:00,0.9345,0.977
幸福村1社,18,2026-02-16,21:15,0.9139,0.993
幸福村1社,18,2026-02-16,21:30,0.9032,0.955
幸福村1社,18,2026-02-16,21:45,0.9037,0.943
幸福村1社,18,2026-02-16,22:00,0.8852,0.95
幸福村1社,18,2026-02-16,22:15,0.8902,0.998
幸福村1社,18,2026-02-16,22:30,0.8765,0.988
幸福村1社,18,2026-02-16,22:45,0.8549,0.958
幸福村1社,18,2026-02-16,23:00,0.8439,0.957
幸福村1社,18,2026-02-16,23:15,0.8277,0.832
幸福村1社,18,2026-02-16,23:30,0.8243,0.974
幸福村1社,18,2026-02-16,23:45,0.8068,0.767
幸福村1社,18,2026-02-17,00:00,0.7904,0.942
幸福村1社,18,2026-02-17,00:15,0.7876,0.883
幸福村1社,18,2026-02-17,00:30,0.7915,0.913
幸福村1社,18,2026-02-17,00:45,0.7555,0.801
幸福村1社,18,2026-02-17,01:00,0.7649,0.83
幸福村1社,18,2026-02-17,01:15,0.7687,0.778
幸福村1社,18,2026-02-17,01:30,0.7542,0.734
幸福村1社,18,2026-02-17,01:45,0.7341,0.789
幸福村1社,18,2026-02-17,02:00,0.7455,0.84
幸福村1社,18,2026-02-17,02:15,0.7445,0.777
幸福村1社,18,2026-02-17,02:30,0.7329,0.847
幸福村1社,18,2026-02-17,02:45,0.7382,0.725
幸福村1社,18,2026-02-17,03:00,0.7362,0.828
幸福村1社,18,2026-02-17,03:15,0.7309,0.795
幸福村1社,18,2026-02-17,03:30,0.7322,0.731
幸福村1社,18,2026-02-17,03:45,0.7468,0.758
幸福村1社,18,2026-02-17,04:00,0.7208,0.773
幸福村1社,18,2026-02-17,04:15,0.7227,0.828
幸福村1社,18,2026-02-17,04:30,0.7321,0.703
幸福村1社,18,2026-02-17,04:45,0.7139,0.793
幸福村1社,18,2026-02-17,05:00,0.7275,0.764
幸福村1社,18,2026-02-17,05:15,0.714,0.754
幸福村1社,18,2026-02-17,05:30,0.7085,0.761
幸福村1社,18,2026-02-17,05:45,0.7154,0.809
幸福村1社,18,2026-02-17,06:00,0.7183,0.815
幸福村1社,18,2026-02-17,06:15,0.7387,0.865
幸福村1社,18,2026-02-17,06:30,0.7517,0.736
幸福村1社,18,2026-02-17,06:45,0.7493,0.783
幸福村1社,18,2026-02-17,07:00,0.7717,0.861
幸福村1社,18,2026-02-17,07:15,0.783,0.781
幸福村1社,18,2026-02-17,07:30,0.8425,0.837
幸福村1社,18,2026-02-17,07:45,0.8519,0.751
幸福村1社,18,2026-02-17,08:00,0.8572,0.798
幸福村1社,18,2026-02-17,08:15,0.9228,0.851
幸福村1社,18,2026-02-17,08:30,0.9439,0.993
幸福村1社,18,2026-02-17,08:45,0.9505,0.996
幸福村1社,18,2026-02-17,09:00,0.9612,0.999
幸福村1社,18,2026-02-17,09:15,0.968,1.0
幸福村1社,18,2026-02-17,09:30,0.9523,0.996
幸福村1社,18,2026-02-17,09:45,0.9608,0.999
幸福村1社,18,2026-02-17,10:00,0.95,0.982
幸福村1社,18,2026-02-17,10:15,0.9199,0.973
幸福村1社,18,2026-02-17,10:30,0.8986,0.998
幸福村1社,18,2026-02-17,10:45,0.8907,0.999
幸福村1社,18,2026-02-17,11:00,0.8433,0.998
幸福村1社,18,2026-02-17,11:15,0.8434,0.999
幸福村1社,18,2026-02-17,11:30,0.835,0.984
幸福村1社,18,2026-02-17,11:45,0.8352,0.923
幸福村1社,18,2026-02-17,12:00,0.8274,0.773
幸福村1社,18,2026-02-17,12:15,0.8113,0.936
幸福村1社,18,2026-02-17,12:30,0.8255,0.755
幸福村1社,18,2026-02-17,12:45,0.8075,0.852
幸福村1社,18,2026-02-17,13:00,0.8221,0.949
幸福村1社,18,2026-02-17,13:15,0.826,0.899
幸福村1社,18,2026-02-17,13:30,0.8185,0.825
幸福村1社,18,2026-02-17,13:45,0.8396,0.783
幸福村1社,18,2026-02-17,14:00,0.8412,0.993
幸福村1社,18,2026-02-17,14:15,0.8235,0.974
幸福村1社,18,2026-02-17,14:30,0.8515,0.769
幸福村1社,18,2026-02-17,14:45,0.8305,0.887
幸福村1社,18,2026-02-17,15:00,0.829,0.737
幸福村1社,18,2026-02-17,15:15,0.8734,0.853
幸福村1社,18,2026-02-17,15:30,0.8456,0.766
幸福村1社,18,2026-02-17,15:45,0.845,0.962
幸福村1社,18,2026-02-17,16:00,0.8554,0.81
幸福村1社,18,2026-02-17,16:15,0.8652,0.715
幸福村1社,18,2026-02-17,16:30,0.8637,0.918
幸福村1社,18,2026-02-17,16:45,0.9156,0.948
幸福村1社,18,2026-02-17,17:00,0.9141,0.999
幸福村1社,18,2026-02-17,17:15,0.9234,0.987
幸福村1社,18,2026-02-17,17:30,0.9353,0.949
幸福村1社,18,2026-02-17,17:45,0.9382,0.901
幸福村1社,18,2026-02-17,18:00,0.9428,0.791
幸福村1社,18,2026-02-17,18:15,0.9488,0.995
幸福村1社,18,2026-02-17,18:30,0.9567,0.943
幸福村1社,18,2026-02-17,18:45,0.9393,0.915
幸福村1社,18,2026-02-17,19:00,0.9308,0.935
幸福村1社,18,2026-02-17,19:15,0.9432,0.966
幸福村1社,18,2026-02-17,19:30,0.9259,0.993
幸福村1社,18,2026-02-17,19:45,0.9461,0.993
幸福村1社,18,2026-02-17,20:00,0.9405,0.997
幸福村1社,18,2026-02-17,20:15,0.9244,0.967
幸福村1社,18,2026-02-17,20:30,0.9249,0.944
幸福村1社,18,2026-02-17,20:45,0.9255,0.948
幸福村1社,18,2026-02-17,21:00,0.9221,0.952
幸福村1社,18,2026-02-17,21:15,0.9053,0.975
幸福村1社,18,2026-02-17,21:30,0.9069,0.965
幸福村1社,18,2026-02-17,21:45,0.9105,0.87
幸福村1社,18,2026-02-17,22:00,0.8877,0.924
幸福村1社,18,2026-02-17,22:15,0.887,0.887
幸福村1社,18,2026-02-17,22:30,0.8725,0.805
幸福村1社,18,2026-02-17,22:45,0.8627,0.819
幸福村1社,18,2026-02-17,23:00,0.8469,0.91
幸福村1社,18,2026-02-17,23:15,0.8235,0.771
幸福村1社,18,2026-02-17,23:30,0.8271,0.813
幸福村1社,18,2026-02-17,23:45,0.8043,0.775
幸福村1社,19,2026-03-23,00:00,0.7015,0.717
幸福村1社,19,2026-03-23,00:15,0.6893,0.672
幸福村1社,19,2026-03-23,00:30,0.7075,0.63
幸福村1社,19,2026-03-23,00:45,0.6718,0.691
幸福村1社,19,2026-03-23,01:00,0.6732,0.631
幸福村1社,19,2026-03-23,01:15,0.6822,0.671
幸福村1社,19,2026-03-23,01:30,0.6586,0.616
幸福村1社,19,2026-03-23,01:45,0.665,0.66
幸福村1社,19,2026-03-23,02:00,0.662,0.688
幸福村1社,19,2026-03-23,02:15,0.6652,0.645
幸福村1社,19,2026-03-23,02:30,0.6492,0.623
幸福村1社,19,2026-03-23,02:45,0.6838,0.597
幸福村1社,19,2026-03-23,03:00,0.6587,0.664
幸福村1社,19,2026-03-23,03:15,0.6608,0.627
幸福村1社,19,2026-03-23,03:30,0.6551,0.614
幸福村1社,19,2026-03-23,03:45,0.6659,0.651
幸福村1社,19,2026-03-23,04:00,0.6503,0.67
幸福村1社,19,2026-03-23,04:15,0.6559,0.642
幸福村1社,19,2026-03-23,04:30,0.6539,0.642
幸福村1社,19,2026-03-23,04:45,0.6381,0.643
幸福村1社,19,2026-03-23,05:00,0.6433,0.591
幸福村1社,19,2026-03-23,05:15,0.6416,0.641
幸福村1社,19,2026-03-23,05:30,0.6467,0.665
幸福村1社,19,2026-03-23,05:45,0.6334,0.627
幸福村1社,19,2026-03-23,06:00,0.6458,0.674
幸福村1社,19,2026-03-23,06:15,0.6632,0.64
幸福村1社,19,2026-03-23,06:30,0.7148,0.684
幸福村1社,19,2026-03-23,06:45,0.7294,0.702
幸福村1社,19,2026-03-23,07:00,0.7589,0.711
幸福村1社,19,2026-03-23,07:15,0.786,0.678
幸福村1社,19,2026-03-23,07:30,0.8102,0.986
幸福村1社,19,2026-03-23,07:45,0.8385,0.845
幸福村1社,19,2026-03-23,08:00,0.8392,0.994
幸福村1社,19,2026-03-23,08:15,0.8784,0.998
幸福村1社,19,2026-03-23,08:30,0.9282,0.999
幸福村1社,19,2026-03-23,08:45,0.9432,0.999
幸福村1社,19,2026-03-23,09:00,0.9398,0.869
幸福村1社,19,2026-03-23,09:15,0.9341,0.993
幸福村1社,19,2026-03-23,09:30,0.9048,0.984
幸福村1社,19,2026-03-23,09:45,0.8961,0.994
幸福村1社,19,2026-03-23,10:00,0.8884,0.792
幸福村1社,19,2026-03-23,10:15,0.8655,0.7
幸福村1社,19,2026-03-23,10:30,0.8502,0.989
幸福村1社,19,2026-03-23,10:45,0.8596,0.939
幸福村1社,19,2026-03-23,11:00,0.8133,0.618
幸福村1社,19,2026-03-23,11:15,0.8068,0.639
幸福村1社,19,2026-03-23,11:30,0.8053,0.589
幸福村1社,19,2026-03-23,11:45,0.7981,0.621
幸福村1社,19,2026-03-23,12:00,0.7817,0.598
幸福村1社,19,2026-03-23,12:15,0.7701,0.6
幸福村1社,19,2026-03-23,12:30,0.7922,0.627
幸福村1社,19,2026-03-23,12:45,0.7685,0.638
幸福村1社,19,2026-03-23,13:00,0.7798,0.639
幸福村1社,19,2026-03-23,13:15,0.7966,0.606
幸福村1社,19,2026-03-23,13:30,0.7951,0.627
幸福村1社,19,2026-03-23,13:45,0.7914,0.618
幸福村1社,19,2026-03-23,14:00,0.7895,0.611
幸福村1社,19,2026-03-23,14:15,0.7781,0.575
幸福村1社,19,2026-03-23,14:30,0.801,0.667
幸福村1社,19,2026-03-23,14:45,0.8,0.603
幸福村1社,19,2026-03-23,15:00,0.7872,0.594
幸福村1社,19,2026-03-23,15:15,0.7883,0.603
幸福村1社,19,2026-03-23,15:30,0.7878,0.623
幸福村1社,19,2026-03-23,15:45,0.7723,0.654
幸福村1社,19,2026-03-23,16:00,0.7923,0.881
幸福村1社,19,2026-03-23,16:15,0.8032,0.968
幸福村1社,19,2026-03-23,16:30,0.8441,0.923
幸福村1社,19,2026-03-23,16:45,0.876,0.979
幸福村1社,19,2026-03-23,17:00,0.8508,0.964
幸福村1社,19,2026-03-23,17:15,0.8759,0.99
幸福村1社,19,2026-03-23,17:30,0.8647,0.986
幸福村1社,19,2026-03-23,17:45,0.8806,0.998
幸福村1社,19,2026-03-23,18:00,0.89,0.997
幸福村1社,19,2026-03-23,18:15,0.9066,0.997
幸福村1社,19,2026-03-23,18:30,0.8786,0.993
幸福村1社,19,2026-03-23,18:45,0.8681,0.998
幸福村1社,19,2026-03-23,19:00,0.8637,0.997
幸福村1社,19,2026-03-23,19:15,0.8968,0.938
幸福村1社,19,2026-03-23,19:30,0.8951,0.929
幸福村1社,19,2026-03-23,19:45,0.903,0.815
幸福村1社,19,2026-03-23,20:00,0.8941,0.825
幸福村1社,19,2026-03-23,20:15,0.9029,0.858
幸福村1社,19,2026-03-23,20:30,0.8844,0.82
幸福村1社,19,2026-03-23,20:45,0.8653,0.986
幸福村1社,19,2026-03-23,21:00,0.8577,0.866
幸福村1社,19,2026-03-23,21:15,0.8488,0.813
幸福村1社,19,2026-03-23,21:30,0.852,0.864
幸福村1社,19,2026-03-23,21:45,0.8185,0.759
幸福村1社,19,2026-03-23,22:00,0.8091,0.73
幸福村1社,19,2026-03-23,22:15,0.8003,0.682
幸福村1社,19,2026-03-23,22:30,0.7888,0.713
幸福村1社,19,2026-03-23,22:45,0.7665,0.807
幸福村1社,19,2026-03-23,23:00,0.7565,0.74
幸福村1社,19,2026-03-23,23:15,0.7464,0.63
幸福村1社,19,2026-03-23,23:30,0.7413,0.633
幸福村1社,19,2026-03-23,23:45,0.725,0.711
幸福村1社,19,2026-03-24,00:00,0.7169,0.66
幸福村1社,19,2026-03-24,00:15,0.709,0.66
幸福村1社,19,2026-03-24,00:30,0.7063,0.611
幸福村1社,19,2026-03-24,00:45,0.7022,0.649
幸福村1社,19,2026-03-24,01:00,0.6998,0.634
幸福村1社,19,2026-03-24,01:15,0.6864,0.624
幸福村1社,19,2026-03-24,01:30,0.6716,0.663
幸福村1社,19,2026-03-24,01:45,0.6625,0.607
幸福村1社,19,2026-03-24,02:00,0.67,0.596
幸福村1社,19,2026-03-24,02:15,0.6761,0.695
幸福村1社,19,2026-03-24,02:30,0.6714,0.692
幸福村1社,19,2026-03-24,02:45,0.6751,0.641
幸福村1社,19,2026-03-24,03:00,0.6788,0.635
幸福村1社,19,2026-03-24,03:15,0.6667,0.661
幸福村1社,19,2026-03-24,03:30,0.6647,0.629
幸福村1社,19,2026-03-24,03:45,0.6692,0.609
幸福村1社,19,2026-03-24,04:00,0.6648,0.659
幸福村1社,19,2026-03-24,04:15,0.6688,0.621
幸福村1社,19,2026-03-24,04:30,0.6613,0.621
幸福村1社,19,2026-03-24,04:45,0.656,0.627
幸福村1社,19,2026-03-24,05:00,0.6656,0.642
幸福村1社,19,2026-03-24,05:15,0.6383,0.644
幸福村1社,19,2026-03-24,05:30,0.6568,0.59
幸福村1社,19,2026-03-24,05:45,0.6611,0.667
幸福村1社,19,2026-03-24,06:00,0.6679,0.656
幸福村1社,19,2026-03-24,06:15,0.6505,0.629
幸福村1社,19,2026-03-24,06:30,0.7196,0.667
幸福村1社,19,2026-03-24,06:45,0.7465,0.983
幸福村1社,19,2026-03-24,07:00,0.7602,0.659
幸福村1社,19,2026-03-24,07:15,0.7704,0.966
幸福村1社,19,2026-03-24,07:30,0.8193,0.706
幸福村1社,19,2026-03-24,07:45,0.8672,0.923
幸福村1社,19,2026-03-24,08:00,0.8405,0.988
幸福村1社,19,2026-03-24,08:15,0.9068,0.99
幸福村1社,19,2026-03-24,08:30,0.9464,0.98
幸福村1社,19,2026-03-24,08:45,0.9405,0.981
幸福村1社,19,2026-03-24,09:00,0.9439,0.795
幸福村1社,19,2026-03-24,09:15,0.9236,0.723
幸福村1社,19,2026-03-24,09:30,0.9165,0.764
幸福村1社,19,2026-03-24,09:45,0.9141,0.997
幸福村1社,19,2026-03-24,10:00,0.887,0.997
幸福村1社,19,2026-03-24,10:15,0.8378,0.973
幸福村1社,19,2026-03-24,10:30,0.8211,0.997
幸福村1社,19,2026-03-24,10:45,0.8571,0.721
幸福村1社,19,2026-03-24,11:00,0.7594,0.789
幸福村1社,19,2026-03-24,11:15,0.7818,0.925
幸福村1社,19,2026-03-24,11:30,0.7815,0.945
幸福村1社,19,2026-03-24,11:45,0.7673,0.651
幸福村1社,19,2026-03-24,12:00,0.7834,0.762
幸福村1社,19,2026-03-24,12:15,0.757,0.724
幸福村1社,19,2026-03-24,12:30,0.7789,0.637
幸福村1社,19,2026-03-24,12:45,0.7845,0.617
幸福村1社,19,2026-03-24,13:00,0.7454,0.846
幸福村1社,19,2026-03-24,13:15,0.7517,0.72
幸福村1社,19,2026-03-24,13:30,0.7526,0.669
幸福村1社,19,2026-03-24,13:45,0.7778,0.831
幸福村1社,19,2026-03-24,14:00,0.7614,0.722
幸福村1社,19,2026-03-24,14:15,0.7703,0.82
幸福村1社,19,2026-03-24,14:30,0.7936,0.67
幸福村1社,19,2026-03-24,14:45,0.792,0.71
幸福村1社,19,2026-03-24,15:00,0.7758,0.878
幸福村1社,19,2026-03-24,15:15,0.7826,0.861
幸福村1社,19,2026-03-24,15:30,0.7593,0.9
幸福村1社,19,2026-03-24,15:45,0.7605,0.762
幸福村1社,19,2026-03-24,16:00,0.7617,0.791
幸福村1社,19,2026-03-24,16:15,0.7775,0.963
幸福村1社,19,2026-03-24,16:30,0.8181,0.763
幸福村1社,19,2026-03-24,16:45,0.8267,0.955
幸福村1社,19,2026-03-24,17:00,0.8537,0.975
幸福村1社,19,2026-03-24,17:15,0.8722,0.85
幸福村1社,19,2026-03-24,17:30,0.8945,0.668
幸福村1社,19,2026-03-24,17:45,0.8795,0.729
幸福村1社,19,2026-03-24,18:00,0.8695,0.74
幸福村1社,19,2026-03-24,18:15,0.8817,0.912
幸福村1社,19,2026-03-24,18:30,0.8763,0.998
幸福村1社,19,2026-03-24,18:45,0.8681,0.862
幸福村1社,19,2026-03-24,19:00,0.8561,0.939
幸福村1社,19,2026-03-24,19:15,0.9007,0.979
幸福村1社,19,2026-03-24,19:30,0.8992,0.95
幸福村1社,19,2026-03-24,19:45,0.8808,0.877
幸福村1社,19,2026-03-24,20:00,0.8829,0.957
幸福村1社,19,2026-03-24,20:15,0.9015,0.987
幸福村1社,19,2026-03-24,20:30,0.872,0.945
幸福村1社,19,2026-03-24,20:45,0.8649,0.988
幸福村1社,19,2026-03-24,21:00,0.8661,0.996
幸福村1社,19,2026-03-24,21:15,0.8568,0.829
幸福村1社,19,2026-03-24,21:30,0.8333,0.764
幸福村1社,19,2026-03-24,21:45,0.8321,0.887
幸福村1社,19,2026-03-24,22:00,0.8111,0.789
幸福村1社,19,2026-03-24,22:15,0.7878,0.833
幸福村1社,19,2026-03-24,22:30,0.7853,0.851
幸福村1社,19,2026-03-24,22:45,0.7679,0.734
幸福村1社,19,2026-03-24,23:00,0.7636,0.757
幸福村1社,19,2026-03-24,23:15,0.7505,0.79
幸福村1社,19,2026-03-24,23:30,0.7427,0.865
幸福村1社,19,2026-03-24,23:45,0.7229,0.809
幸福村1社,19,2026-03-25,00:00,0.719,0.75
幸福村1社,19,2026-03-25,00:15,0.7104,0.808
幸福村1社,19,2026-03-25,00:30,0.7102,0.699
幸福村1社,19,2026-03-25,00:45,0.7,0.81
幸福村1社,19,2026-03-25,01:00,0.6985,0.759
幸福村1社,19,2026-03-25,01:15,0.6987,0.931
幸福村1社,19,2026-03-25,01:30,0.6723,0.758
幸福村1社,19,2026-03-25,01:45,0.6711,0.666
幸福村1社,19,2026-03-25,02:00,0.6705,0.688
幸福村1社,19,2026-03-25,02:15,0.6699,0.777
幸福村1社,19,2026-03-25,02:30,0.6652,0.842
幸福村1社,19,2026-03-25,02:45,0.6727,0.673
幸福村1社,19,2026-03-25,03:00,0.6666,0.711
幸福村1社,19,2026-03-25,03:15,0.6589,0.73
幸福村1社,19,2026-03-25,03:30,0.6684,0.756
幸福村1社,19,2026-03-25,03:45,0.6758,0.749
幸福村1社,19,2026-03-25,04:00,0.6616,0.684
幸福村1社,19,2026-03-25,04:15,0.6624,0.702
幸福村1社,19,2026-03-25,04:30,0.6712,0.686
幸福村1社,19,2026-03-25,04:45,0.6603,0.764
幸福村1社,19,2026-03-25,05:00,0.6572,0.685
幸福村1社,19,2026-03-25,05:15,0.6659,0.655
幸福村1社,19,2026-03-25,05:30,0.6585,0.791
幸福村1社,19,2026-03-25,05:45,0.6623,0.792
幸福村1社,19,2026-03-25,06:00,0.6722,0.751
幸福村1社,19,2026-03-25,06:15,0.6697,0.624
幸福村1社,19,2026-03-25,06:30,0.7303,0.811
幸福村1社,19,2026-03-25,06:45,0.7309,0.716
幸福村1社,19,2026-03-25,07:00,0.7707,0.961
幸福村1社,19,2026-03-25,07:15,0.7892,0.99
幸福村1社,19,2026-03-25,07:30,0.8414,0.76
幸福村1社,19,2026-03-25,07:45,0.8523,0.997
幸福村1社,19,2026-03-25,08:00,0.8552,0.891
幸福村1社,19,2026-03-25,08:15,0.9149,0.942
幸福村1社,19,2026-03-25,08:30,0.9293,0.983
幸福村1社,19,2026-03-25,08:45,0.9435,0.998
幸福村1社,19,2026-03-25,09:00,0.9472,0.996
幸福村1社,19,2026-03-25,09:15,0.9288,0.991
幸福村1社,19,2026-03-25,09:30,0.9396,0.762
幸福村1社,19,2026-03-25,09:45,0.9225,0.695
幸福村1社,19,2026-03-25,10:00,0.89,0.767
幸福村1社,19,2026-03-25,10:15,0.8505,0.828
幸福村1社,19,2026-03-25,10:30,0.8305,0.978
幸福村1社,19,2026-03-25,10:45,0.8527,0.704
幸福村1社,19,2026-03-25,11:00,0.7893,0.679
幸福村1社,19,2026-03-25,11:15,0.7978,0.599
幸福村1社,19,2026-03-25,11:30,0.7701,0.611
幸福村1社,19,2026-03-25,11:45,0.7853,0.63
幸福村1社,19,2026-03-25,12:00,0.7853,0.586
幸福村1社,19,2026-03-25,12:15,0.757,0.613
幸福村1社,19,2026-03-25,12:30,0.778,0.641
幸福村1社,19,2026-03-25,12:45,0.7853,0.587
幸福村1社,19,2026-03-25,13:00,0.767,0.622
幸福村1社,19,2026-03-25,13:15,0.7617,0.871
幸福村1社,19,2026-03-25,13:30,0.7644,0.568
幸福村1社,19,2026-03-25,13:45,0.7585,0.575
幸福村1社,19,2026-03-25,14:00,0.7517,0.7
幸福村1社,19,2026-03-25,14:15,0.7592,0.711
幸福村1社,19,2026-03-25,14:30,0.7917,0.759
幸福村1社,19,2026-03-25,14:45,0.7735,0.681
幸福村1社,19,2026-03-25,15:00,0.7746,0.639
幸福村1社,19,2026-03-25,15:15,0.7732,0.768
幸福村1社,19,2026-03-25,15:30,0.7941,0.688
幸福村1社,19,2026-03-25,15:45,0.7711,0.711
幸福村1社,19,2026-03-25,16:00,0.7996,0.986
幸福村1社,19,2026-03-25,16:15,0.7908,0.779
幸福村1社,19,2026-03-25,16:30,0.858,0.736
幸福村1社,19,2026-03-25,16:45,0.8735,0.991
幸福村1社,19,2026-03-25,17:00,0.8673,0.999
幸福村1社,19,2026-03-25,17:15,0.8669,0.995
幸福村1社,19,2026-03-25,17:30,0.8868,0.997
幸福村1社,19,2026-03-25,17:45,0.8944,0.995
幸福村1社,19,2026-03-25,18:00,0.8948,0.999
幸福村1社,19,2026-03-25,18:15,0.893,0.953
幸福村1社,19,2026-03-25,18:30,0.8941,0.992
幸福村1社,19,2026-03-25,18:45,0.8668,0.934
幸福村1社,19,2026-03-25,19:00,0.8638,0.952
幸福村1社,19,2026-03-25,19:15,0.8926,0.769
幸福村1社,19,2026-03-25,19:30,0.881,0.772
幸福村1社,19,2026-03-25,19:45,0.8867,0.832
幸福村1社,19,2026-03-25,20:00,0.8935,0.755
幸福村1社,19,2026-03-25,20:15,0.8771,0.865
幸福村1社,19,2026-03-25,20:30,0.8891,0.807
幸福村1社,19,2026-03-25,20:45,0.8682,0.765
幸福村1社,19,2026-03-25,21:00,0.8512,0.781
幸福村1社,19,2026-03-25,21:15,0.8497,0.745
幸福村1社,19,2026-03-25,21:30,0.8468,0.772
幸福村1社,19,2026-03-25,21:45,0.8345,0.741
幸福村1社,19,2026-03-25,22:00,0.8199,0.85
幸福村1社,19,2026-03-25,22:15,0.8049,0.804
幸福村1社,19,2026-03-25,22:30,0.7902,0.666
幸福村1社,19,2026-03-25,22:45,0.7604,0.684
幸福村1社,19,2026-03-25,23:00,0.7529,0.63
幸福村1社,19,2026-03-25,23:15,0.7407,0.614
幸福村1社,19,2026-03-25,23:30,0.7413,0.635
幸福村1社,19,2026-03-25,23:45,0.7292,0.64
幸福村4社,20,2026-01-19,00:00,0.9922,0.982
幸福村4社,20,2026-01-19,00:15,0.9938,0.983
幸福村4社,20,2026-01-19,00:30,0.9937,0.982
幸福村4社,20,2026-01-19,00:45,0.9942,0.982
幸福村4社,20,2026-01-19,01:00,0.9941,0.983
幸福村4社,20,2026-01-19,01:15,0.9932,0.988
幸福村4社,20,2026-01-19,01:30,0.9947,0.988
幸福村4社,20,2026-01-19,01:45,0.9948,0.989
幸福村4社,20,2026-01-19,02:00,0.9947,0.987
幸福村4社,20,2026-01-19,02:15,0.9937,0.989
幸福村4社,20,2026-01-19,02:30,0.9962,0.988
幸福村4社,20,2026-01-19,02:45,0.9947,0.987
幸福村4社,20,2026-01-19,03:00,0.9945,0.987
幸福村4社,20,2026-01-19,03:15,0.9961,0.988
幸福村4社,20,2026-01-19,03:30,0.9979,0.987
幸福村4社,20,2026-01-19,03:45,0.995,0.987
幸福村4社,20,2026-01-19,04:00,0.9962,0.988
幸福村4社,20,2026-01-19,04:15,0.9947,0.988
幸福村4社,20,2026-01-19,04:30,0.9974,0.988
幸福村4社,20,2026-01-19,04:45,0.9957,0.989
幸福村4社,20,2026-01-19,05:00,0.996,0.988
幸福村4社,20,2026-01-19,05:15,0.9942,0.987
幸福村4社,20,2026-01-19,05:30,0.9949,0.988
幸福村4社,20,2026-01-19,05:45,0.9953,0.988
幸福村4社,20,2026-01-19,06:00,0.9954,0.988
幸福村4社,20,2026-01-19,06:15,0.9966,0.988
幸福村4社,20,2026-01-19,06:30,0.9948,0.988
幸福村4社,20,2026-01-19,06:45,0.9957,0.988
幸福村4社,20,2026-01-19,07:00,0.9959,0.988
幸福村4社,20,2026-01-19,07:15,0.9952,0.989
幸福村4社,20,2026-01-19,07:30,0.997,0.989
幸福村4社,20,2026-01-19,07:45,0.9946,0.988
幸福村4社,20,2026-01-19,08:00,0.9966,0.988
幸福村4社,20,2026-01-19,08:15,0.9998,0.988
幸福村4社,20,2026-01-19,08:30,0.9962,1.0
幸福村4社,20,2026-01-19,08:45,1.0004,1.0
幸福村4社,20,2026-01-19,09:00,0.9984,1.0
幸福村4社,20,2026-01-19,09:15,0.9983,1.0
幸福村4社,20,2026-01-19,09:30,0.9979,1.0
幸福村4社,20,2026-01-19,09:45,0.998,0.999
幸福村4社,20,2026-01-19,10:00,0.9957,1.0
幸福村4社,20,2026-01-19,10:15,0.9971,1.0
幸福村4社,20,2026-01-19,10:30,0.9986,1.0
幸福村4社,20,2026-01-19,10:45,0.9985,1.0
幸福村4社,20,2026-01-19,11:00,0.9961,1.0
幸福村4社,20,2026-01-19,11:15,0.9994,1.0
幸福村4社,20,2026-01-19,11:30,0.9986,1.0
幸福村4社,20,2026-01-19,11:45,0.997,1.0
幸福村4社,20,2026-01-19,12:00,0.9979,1.0
幸福村4社,20,2026-01-19,12:15,0.9986,1.0
幸福村4社,20,2026-01-19,12:30,0.9976,0.999
幸福村4社,20,2026-01-19,12:45,0.9986,1.0
幸福村4社,20,2026-01-19,13:00,0.997,1.0
幸福村4社,20,2026-01-19,13:15,0.999,1.0
幸福村4社,20,2026-01-19,13:30,1.0002,1.0
幸福村4社,20,2026-01-19,13:45,0.9967,1.0
幸福村4社,20,2026-01-19,14:00,0.9971,0.999
幸福村4社,20,2026-01-19,14:15,0.9958,0.999
幸福村4社,20,2026-01-19,14:30,0.9983,1.0
幸福村4社,20,2026-01-19,14:45,0.9967,0.999
幸福村4社,20,2026-01-19,15:00,0.9971,0.999
幸福村4社,20,2026-01-19,15:15,0.9981,1.0
幸福村4社,20,2026-01-19,15:30,0.9992,1.0
幸福村4社,20,2026-01-19,15:45,1.0008,1.0
幸福村4社,20,2026-01-19,16:00,0.9976,1.0
幸福村4社,20,2026-01-19,16:15,1.0005,1.0
幸福村4社,20,2026-01-19,16:30,0.9984,1.0
幸福村4社,20,2026-01-19,16:45,0.9965,1.0
幸福村4社,20,2026-01-19,17:00,0.9963,1.0
幸福村4社,20,2026-01-19,17:15,0.9973,1.0
幸福村4社,20,2026-01-19,17:30,0.9964,1.0
幸福村4社,20,2026-01-19,17:45,0.9973,1.0
幸福村4社,20,2026-01-19,18:00,0.9998,1.0
幸福村4社,20,2026-01-19,18:15,0.9962,1.0
幸福村4社,20,2026-01-19,18:30,0.9949,1.0
幸福村4社,20,2026-01-19,18:45,0.9952,0.999
幸福村4社,20,2026-01-19,19:00,0.9958,0.999
幸福村4社,20,2026-01-19,19:15,0.994,0.985
幸福村4社,20,2026-01-19,19:30,0.9956,0.985
幸福村4社,20,2026-01-19,19:45,0.9915,0.985
幸福村4社,20,2026-01-19,20:00,0.9915,0.985
幸福村4社,20,2026-01-19,20:15,0.993,0.985
幸福村4社,20,2026-01-19,20:30,0.9925,0.99
幸福村4社,20,2026-01-19,20:45,0.9918,0.989
幸福村4社,20,2026-01-19,21:00,0.9922,0.989
幸福村4社,20,2026-01-19,21:15,0.9931,0.989
幸福村4社,20,2026-01-19,21:30,0.9921,0.99
幸福村4社,20,2026-01-19,21:45,0.9914,0.99
幸福村4社,20,2026-01-19,22:00,0.9929,0.989
幸福村4社,20,2026-01-19,22:15,0.9906,0.989
幸福村4社,20,2026-01-19,22:30,0.9929,0.983
幸福村4社,20,2026-01-19,22:45,0.9942,0.983
幸福村4社,20,2026-01-19,23:00,0.9919,0.983
幸福村4社,20,2026-01-19,23:15,0.9945,0.983
幸福村4社,20,2026-01-19,23:30,0.9918,0.982
幸福村4社,20,2026-01-19,23:45,0.9939,0.984
幸福村4社,20,2026-01-20,00:00,0.9954,0.983
幸福村4社,20,2026-01-20,00:15,0.9942,0.989
幸福村4社,20,2026-01-20,00:30,0.9952,0.99
幸福村4社,20,2026-01-20,00:45,0.998,0.989
幸福村4社,20,2026-01-20,01:00,0.9952,0.99
幸福村4社,20,2026-01-20,01:15,0.9953,0.989
幸福村4社,20,2026-01-20,01:30,0.9942,0.989
幸福村4社,20,2026-01-20,01:45,0.995,0.988
幸福村4社,20,2026-01-20,02:00,0.9954,0.989
幸福村4社,20,2026-01-20,02:15,0.9959,0.989
幸福村4社,20,2026-01-20,02:30,0.9963,0.989
幸福村4社,20,2026-01-20,02:45,0.9938,0.989
幸福村4社,20,2026-01-20,03:00,0.9956,0.989
幸福村4社,20,2026-01-20,03:15,0.994,0.989
幸福村4社,20,2026-01-20,03:30,0.994,0.989
幸福村4社,20,2026-01-20,03:45,0.9923,0.988
幸福村4社,20,2026-01-20,04:00,0.9951,0.989
幸福村4社,20,2026-01-20,04:15,0.9955,0.989
幸福村4社,20,2026-01-20,04:30,0.9954,0.989
幸福村4社,20,2026-01-20,04:45,0.9958,0.989
幸福村4社,20,2026-01-20,05:00,0.9957,0.989
幸福村4社,20,2026-01-20,05:15,0.9965,0.989
幸福村4社,20,2026-01-20,05:30,0.9941,0.989
幸福村4社,20,2026-01-20,05:45,0.996,0.989
幸福村4社,20,2026-01-20,06:00,0.9967,0.989
幸福村4社,20,2026-01-20,06:15,0.9949,0.989
幸福村4社,20,2026-01-20,06:30,0.9947,0.989
幸福村4社,20,2026-01-20,06:45,0.9947,0.988
幸福村4社,20,2026-01-20,07:00,0.9946,0.989
幸福村4社,20,2026-01-20,07:15,0.9952,0.989
幸福村4社,20,2026-01-20,07:30,0.9958,0.989
幸福村4社,20,2026-01-20,07:45,0.9957,0.989
幸福村4社,20,2026-01-20,08:00,0.9977,1.0
幸福村4社,20,2026-01-20,08:15,1.0006,1.0
幸福村4社,20,2026-01-20,08:30,0.9987,1.0
幸福村4社,20,2026-01-20,08:45,0.998,1.0
幸福村4社,20,2026-01-20,09:00,0.9975,1.0
幸福村4社,20,2026-01-20,09:15,0.9978,1.0
幸福村4社,20,2026-01-20,09:30,0.9991,1.0
幸福村4社,20,2026-01-20,09:45,0.9993,1.0
幸福村4社,20,2026-01-20,10:00,0.9979,1.0
幸福村4社,20,2026-01-20,10:15,0.9965,1.0
幸福村4社,20,2026-01-20,10:30,0.998,1.0
幸福村4社,20,2026-01-20,10:45,0.9997,1.0
幸福村4社,20,2026-01-20,11:00,0.9978,1.0
幸福村4社,20,2026-01-20,11:15,0.9992,1.0
幸福村4社,20,2026-01-20,11:30,0.9982,1.0
幸福村4社,20,2026-01-20,11:45,0.9977,0.999
幸福村4社,20,2026-01-20,12:00,0.9981,1.0
幸福村4社,20,2026-01-20,12:15,0.9975,1.0
幸福村4社,20,2026-01-20,12:30,0.9978,1.0
幸福村4社,20,2026-01-20,12:45,0.9988,1.0
幸福村4社,20,2026-01-20,13:00,0.9975,1.0
幸福村4社,20,2026-01-20,13:15,0.9965,0.999
幸福村4社,20,2026-01-20,13:30,0.9973,1.0
幸福村4社,20,2026-01-20,13:45,0.9991,1.0
幸福村4社,20,2026-01-20,14:00,0.9957,1.0
幸福村4社,20,2026-01-20,14:15,0.9961,1.0
幸福村4社,20,2026-01-20,14:30,0.9996,1.0
幸福村4社,20,2026-01-20,14:45,0.9975,1.0
幸福村4社,20,2026-01-20,15:00,0.9963,1.0
幸福村4社,20,2026-01-20,15:15,0.9959,1.0
幸福村4社,20,2026-01-20,15:30,0.9981,1.0
幸福村4社,20,2026-01-20,15:45,0.9993,1.0
幸福村4社,20,2026-01-20,16:00,0.9998,1.0
幸福村4社,20,2026-01-20,16:15,0.9983,1.0
幸福村4社,20,2026-01-20,16:30,0.9978,1.0
幸福村4社,20,2026-01-20,16:45,0.9974,1.0
幸福村4社,20,2026-01-20,17:00,0.9983,1.0
幸福村4社,20,2026-01-20,17:15,0.9987,1.0
幸福村4社,20,2026-01-20,17:30,0.997,1.0
幸福村4社,20,2026-01-20,17:45,0.9977,1.0
幸福村4社,20,2026-01-20,18:00,1.0,1.0
幸福村4社,20,2026-01-20,18:15,0.9986,1.0
幸福村4社,20,2026-01-20,18:30,0.998,1.0
幸福村4社,20,2026-01-20,18:45,0.9977,0.991
幸福村4社,20,2026-01-20,19:00,0.996,0.993
幸福村4社,20,2026-01-20,19:15,0.9952,0.979
幸福村4社,20,2026-01-20,19:30,0.9925,0.984
幸福村4社,20,2026-01-20,19:45,0.9924,0.985
幸福村4社,20,2026-01-20,20:00,0.9935,0.985
幸福村4社,20,2026-01-20,20:15,0.9932,0.985
幸福村4社,20,2026-01-20,20:30,0.9919,0.985
幸福村4社,20,2026-01-20,20:45,0.9926,0.985
幸福村4社,20,2026-01-20,21:00,0.9923,0.985
幸福村4社,20,2026-01-20,21:15,0.9936,0.989
幸福村4社,20,2026-01-20,21:30,0.9931,0.989
幸福村4社,20,2026-01-20,21:45,0.9935,0.99
幸福村4社,20,2026-01-20,22:00,0.9906,0.989
幸福村4社,20,2026-01-20,22:15,0.991,0.988
幸福村4社,20,2026-01-20,22:30,0.9905,0.983
幸福村4社,20,2026-01-20,22:45,0.9927,0.984
幸福村4社,20,2026-01-20,23:00,0.9916,0.984
幸福村4社,20,2026-01-20,23:15,0.9948,0.989
幸福村4社,20,2026-01-20,23:30,0.9937,0.99
幸福村4社,20,2026-01-20,23:45,0.9943,0.99
幸福村4社,20,2026-01-21,00:00,0.9938,0.989
幸福村4社,20,2026-01-21,00:15,0.9949,0.99
幸福村4社,20,2026-01-21,00:30,0.9937,0.989
幸福村4社,20,2026-01-21,00:45,0.9933,0.99
幸福村4社,20,2026-01-21,01:00,0.9928,0.99
幸福村4社,20,2026-01-21,01:15,0.997,0.99
幸福村4社,20,2026-01-21,01:30,0.9957,0.99
幸福村4社,20,2026-01-21,01:45,0.9976,0.99
幸福村4社,20,2026-01-21,02:00,0.9944,0.99
幸福村4社,20,2026-01-21,02:15,0.9977,0.989
幸福村4社,20,2026-01-21,02:30,0.9962,0.989
幸福村4社,20,2026-01-21,02:45,0.9947,0.989
幸福村4社,20,2026-01-21,03:00,0.9955,0.989
幸福村4社,20,2026-01-21,03:15,0.9948,0.989
幸福村4社,20,2026-01-21,03:30,0.9942,0.989
幸福村4社,20,2026-01-21,03:45,0.9931,0.99
幸福村4社,20,2026-01-21,04:00,0.9961,0.989
幸福村4社,20,2026-01-21,04:15,0.9953,0.989
幸福村4社,20,2026-01-21,04:30,0.9951,0.989
幸福村4社,20,2026-01-21,04:45,0.9953,0.989
幸福村4社,20,2026-01-21,05:00,0.9934,0.989
幸福村4社,20,2026-01-21,05:15,0.9958,0.989
幸福村4社,20,2026-01-21,05:30,0.9944,0.989
幸福村4社,20,2026-01-21,05:45,0.9966,0.99
幸福村4社,20,2026-01-21,06:00,0.9957,0.989
幸福村4社,20,2026-01-21,06:15,0.9948,0.989
幸福村4社,20,2026-01-21,06:30,0.9959,0.989
幸福村4社,20,2026-01-21,06:45,0.9976,0.99
幸福村4社,20,2026-01-21,07:00,0.9951,0.989
幸福村4社,20,2026-01-21,07:15,0.9968,0.988
幸福村4社,20,2026-01-21,07:30,0.9961,0.99
幸福村4社,20,2026-01-21,07:45,0.9968,0.989
幸福村4社,20,2026-01-21,08:00,0.9977,0.989
幸福村4社,20,2026-01-21,08:15,0.9988,1.0
幸福村4社,20,2026-01-21,08:30,0.9972,1.0
幸福村4社,20,2026-01-21,08:45,0.9987,1.0
幸福村4社,20,2026-01-21,09:00,0.9957,0.999
幸福村4社,20,2026-01-21,09:15,0.9965,1.0
幸福村4社,20,2026-01-21,09:30,0.9997,1.0
幸福村4社,20,2026-01-21,09:45,0.9981,1.0
幸福村4社,20,2026-01-21,10:00,0.999,1.0
幸福村4社,20,2026-01-21,10:15,0.9971,1.0
幸福村4社,20,2026-01-21,10:30,0.9959,1.0
幸福村4社,20,2026-01-21,10:45,1.0002,1.0
幸福村4社,20,2026-01-21,11:00,0.9949,1.0
幸福村4社,20,2026-01-21,11:15,0.999,1.0
幸福村4社,20,2026-01-21,11:30,1.0001,0.999
幸福村4社,20,2026-01-21,11:45,0.9991,1.0
幸福村4社,20,2026-01-21,12:00,0.9971,1.0
幸福村4社,20,2026-01-21,12:15,0.9964,1.0
幸福村4社,20,2026-01-21,12:30,0.9985,1.0
幸福村4社,20,2026-01-21,12:45,0.9987,1.0
幸福村4社,20,2026-01-21,13:00,0.9969,1.0
幸福村4社,20,2026-01-21,13:15,0.9978,1.0
幸福村4社,20,2026-01-21,13:30,0.998,1.0
幸福村4社,20,2026-01-21,13:45,0.9974,1.0
幸福村4社,20,2026-01-21,14:00,0.9947,1.0
幸福村4社,20,2026-01-21,14:15,0.9952,1.0
幸福村4社,20,2026-01-21,14:30,0.9965,1.0
幸福村4社,20,2026-01-21,14:45,0.9954,1.0
幸福村4社,20,2026-01-21,15:00,0.9956,1.0
幸福村4社,20,2026-01-21,15:15,0.9998,1.0
幸福村4社,20,2026-01-21,15:30,0.9994,1.0
幸福村4社,20,2026-01-21,15:45,0.9973,1.0
幸福村4社,20,2026-01-21,16:00,0.9998,1.0
幸福村4社,20,2026-01-21,16:15,0.9973,1.0
幸福村4社,20,2026-01-21,16:30,0.9973,1.0
幸福村4社,20,2026-01-21,16:45,0.9979,1.0
幸福村4社,20,2026-01-21,17:00,0.9976,1.0
幸福村4社,20,2026-01-21,17:15,0.9972,1.0
幸福村4社,20,2026-01-21,17:30,0.9953,1.0
幸福村4社,20,2026-01-21,17:45,0.9973,1.0
幸福村4社,20,2026-01-21,18:00,0.9964,1.0
幸福村4社,20,2026-01-21,18:15,0.9957,1.0
幸福村4社,20,2026-01-21,18:30,0.997,1.0
幸福村4社,20,2026-01-21,18:45,0.9969,0.994
幸福村4社,20,2026-01-21,19:00,0.9936,0.983
幸福村4社,20,2026-01-21,19:15,0.9953,0.982
幸福村4社,20,2026-01-21,19:30,0.9923,0.988
幸福村4社,20,2026-01-21,19:45,0.9898,0.989
幸福村4社,20,2026-01-21,20:00,0.9899,0.989
幸福村4社,20,2026-01-21,20:15,0.9941,0.989
幸福村4社,20,2026-01-21,20:30,0.9939,0.99
幸福村4社,20,2026-01-21,20:45,0.9918,0.989
幸福村4社,20,2026-01-21,21:00,0.9929,0.99
幸福村4社,20,2026-01-21,21:15,0.9932,0.99
幸福村4社,20,2026-01-21,21:30,0.9912,0.989
幸福村4社,20,2026-01-21,21:45,0.9931,0.989
幸福村4社,20,2026-01-21,22:00,0.9912,0.991
幸福村4社,20,2026-01-21,22:15,0.9895,0.992
幸福村4社,20,2026-01-21,22:30,0.9909,0.991
幸福村4社,20,2026-01-21,22:45,0.9942,0.99
幸福村4社,20,2026-01-21,23:00,0.9939,0.985
幸福村4社,20,2026-01-21,23:15,0.9939,0.984
幸福村4社,20,2026-01-21,23:30,0.9953,0.984
幸福村4社,20,2026-01-21,23:45,0.9958,0.984
甘伍村3社,21,2026-04-07,00:00,1.0052,1.0
甘伍村3社,21,2026-04-07,00:15,1.0042,1.0
甘伍村3社,21,2026-04-07,00:30,1.0033,1.0
甘伍村3社,21,2026-04-07,00:45,1.0008,1.0
甘伍村3社,21,2026-04-07,01:00,1.001,1.0
甘伍村3社,21,2026-04-07,01:15,1.0033,1.0
甘伍村3社,21,2026-04-07,01:30,0.9997,1.0
甘伍村3社,21,2026-04-07,01:45,0.9995,1.0
甘伍村3社,21,2026-04-07,02:00,1.0008,1.0
甘伍村3社,21,2026-04-07,02:15,1.0034,1.0
甘伍村3社,21,2026-04-07,02:30,0.9971,1.0
甘伍村3社,21,2026-04-07,02:45,1.0035,1.0
甘伍村3社,21,2026-04-07,03:00,1.0026,1.0
甘伍村3社,21,2026-04-07,03:15,0.9993,1.0
甘伍村3社,21,2026-04-07,03:30,0.9901,1.0
甘伍村3社,21,2026-04-07,03:45,1.0005,1.0
甘伍村3社,21,2026-04-07,04:00,0.9971,1.0
甘伍村3社,21,2026-04-07,04:15,0.9983,1.0
甘伍村3社,21,2026-04-07,04:30,0.9937,1.0
甘伍村3社,21,2026-04-07,04:45,0.9958,1.0
甘伍村3社,21,2026-04-07,05:00,0.9931,1.0
甘伍村3社,21,2026-04-07,05:15,0.997,1.0
甘伍村3社,21,2026-04-07,05:30,0.995,1.0
甘伍村3社,21,2026-04-07,05:45,0.9974,1.0
甘伍村3社,21,2026-04-07,06:00,0.9957,1.0
甘伍村3社,21,2026-04-07,06:15,0.989,1.0
甘伍村3社,21,2026-04-07,06:30,0.9928,1.0
甘伍村3社,21,2026-04-07,06:45,0.9933,0.909
甘伍村3社,21,2026-04-07,07:00,0.9959,0.908
甘伍村3社,21,2026-04-07,07:15,0.9957,0.908
甘伍村3社,21,2026-04-07,07:30,0.9953,0.908
甘伍村3社,21,2026-04-07,07:45,0.9971,1.0
甘伍村3社,21,2026-04-07,08:00,0.9977,1.0
甘伍村3社,21,2026-04-07,08:15,0.9955,1.0
甘伍村3社,21,2026-04-07,08:30,1.0023,1.0
甘伍村3社,21,2026-04-07,08:45,0.9924,1.0
甘伍村3社,21,2026-04-07,09:00,0.9993,1.0
甘伍村3社,21,2026-04-07,09:15,1.0014,1.0
甘伍村3社,21,2026-04-07,09:30,1.0039,1.0
甘伍村3社,21,2026-04-07,09:45,0.9997,1.0
甘伍村3社,21,2026-04-07,10:00,1.0069,1.0
甘伍村3社,21,2026-04-07,10:15,1.0043,1.0
甘伍村3社,21,2026-04-07,10:30,1.0043,1.0
甘伍村3社,21,2026-04-07,10:45,1.0047,1.0
甘伍村3社,21,2026-04-07,11:00,1.0069,1.0
甘伍村3社,21,2026-04-07,11:15,1.0035,1.0
甘伍村3社,21,2026-04-07,11:30,1.0034,1.0
甘伍村3社,21,2026-04-07,11:45,1.0033,1.0
甘伍村3社,21,2026-04-07,12:00,0.9975,1.0
甘伍村3社,21,2026-04-07,12:15,0.9991,1.0
甘伍村3社,21,2026-04-07,12:30,1.0016,1.0
甘伍村3社,21,2026-04-07,12:45,0.9969,1.0
甘伍村3社,21,2026-04-07,13:00,0.9986,1.0
甘伍村3社,21,2026-04-07,13:15,0.9985,1.0
甘伍村3社,21,2026-04-07,13:30,0.9987,1.0
甘伍村3社,21,2026-04-07,13:45,1.0067,1.0
甘伍村3社,21,2026-04-07,14:00,0.9955,1.0
甘伍村3社,21,2026-04-07,14:15,1.0001,1.0
甘伍村3社,21,2026-04-07,14:30,0.9952,1.0
甘伍村3社,21,2026-04-07,14:45,1.0011,1.0
甘伍村3社,21,2026-04-07,15:00,1.001,1.0
甘伍村3社,21,2026-04-07,15:15,1.0019,1.0
甘伍村3社,21,2026-04-07,15:30,1.0033,1.0
甘伍村3社,21,2026-04-07,15:45,0.9957,1.0
甘伍村3社,21,2026-04-07,16:00,1.0056,1.0
甘伍村3社,21,2026-04-07,16:15,0.9982,1.0
甘伍村3社,21,2026-04-07,16:30,0.9981,1.0
甘伍村3社,21,2026-04-07,16:45,0.9977,1.0
甘伍村3社,21,2026-04-07,17:00,1.0032,1.0
甘伍村3社,21,2026-04-07,17:15,0.9949,1.0
甘伍村3社,21,2026-04-07,17:30,1.0008,1.0
甘伍村3社,21,2026-04-07,17:45,0.9965,1.0
甘伍村3社,21,2026-04-07,18:00,0.9898,1.0
甘伍村3社,21,2026-04-07,18:15,1.0004,1.0
甘伍村3社,21,2026-04-07,18:30,0.9963,1.0
甘伍村3社,21,2026-04-07,18:45,1.0019,1.0
甘伍村3社,21,2026-04-07,19:00,1.0024,1.0
甘伍村3社,21,2026-04-07,19:15,1.0011,1.0
甘伍村3社,21,2026-04-07,19:30,0.9934,1.0
甘伍村3社,21,2026-04-07,19:45,0.9913,1.0
甘伍村3社,21,2026-04-07,20:00,0.9834,1.0
甘伍村3社,21,2026-04-07,20:15,0.9906,1.0
甘伍村3社,21,2026-04-07,20:30,0.9917,1.0
甘伍村3社,21,2026-04-07,20:45,0.9968,1.0
甘伍村3社,21,2026-04-07,21:00,1.0005,1.0
甘伍村3社,21,2026-04-07,21:15,0.9971,1.0
甘伍村3社,21,2026-04-07,21:30,0.998,1.0
甘伍村3社,21,2026-04-07,21:45,0.998,1.0
甘伍村3社,21,2026-04-07,22:00,0.9941,1.0
甘伍村3社,21,2026-04-07,22:15,1.0011,1.0
甘伍村3社,21,2026-04-07,22:30,0.9993,1.0
甘伍村3社,21,2026-04-07,22:45,0.9973,1.0
甘伍村3社,21,2026-04-07,23:00,1.0001,1.0
甘伍村3社,21,2026-04-07,23:15,0.9971,1.0
甘伍村3社,21,2026-04-07,23:30,1.0019,1.0
甘伍村3社,21,2026-04-07,23:45,1.0003,1.0
甘伍村3社,21,2026-04-08,00:00,1.0001,1.0
甘伍村3社,21,2026-04-08,00:15,1.0007,1.0
甘伍村3社,21,2026-04-08,00:30,1.0013,1.0
甘伍村3社,21,2026-04-08,00:45,0.9964,0.902
甘伍村3社,21,2026-04-08,01:00,0.9965,0.91
甘伍村3社,21,2026-04-08,01:15,1.0029,0.909
甘伍村3社,21,2026-04-08,01:30,1.0027,0.909
甘伍村3社,21,2026-04-08,01:45,1.002,0.905
甘伍村3社,21,2026-04-08,02:00,0.998,1.0
甘伍村3社,21,2026-04-08,02:15,0.9994,1.0
甘伍村3社,21,2026-04-08,02:30,0.9982,1.0
甘伍村3社,21,2026-04-08,02:45,1.001,1.0
甘伍村3社,21,2026-04-08,03:00,0.9996,1.0
甘伍村3社,21,2026-04-08,03:15,1.0005,1.0
甘伍村3社,21,2026-04-08,03:30,1.0025,1.0
甘伍村3社,21,2026-04-08,03:45,1.0047,1.0
甘伍村3社,21,2026-04-08,04:00,0.9972,1.0
甘伍村3社,21,2026-04-08,04:15,0.9937,1.0
甘伍村3社,21,2026-04-08,04:30,0.9969,1.0
甘伍村3社,21,2026-04-08,04:45,0.9952,1.0
甘伍村3社,21,2026-04-08,05:00,0.9955,1.0
甘伍村3社,21,2026-04-08,05:15,0.9903,1.0
甘伍村3社,21,2026-04-08,05:30,0.9986,1.0
甘伍村3社,21,2026-04-08,05:45,0.9931,1.0
甘伍村3社,21,2026-04-08,06:00,0.9914,1.0
甘伍村3社,21,2026-04-08,06:15,0.992,1.0
甘伍村3社,21,2026-04-08,06:30,0.9885,1.0
甘伍村3社,21,2026-04-08,06:45,0.9883,1.0
甘伍村3社,21,2026-04-08,07:00,0.9872,1.0
甘伍村3社,21,2026-04-08,07:15,0.9944,1.0
甘伍村3社,21,2026-04-08,07:30,0.9937,1.0
甘伍村3社,21,2026-04-08,07:45,0.998,1.0
甘伍村3社,21,2026-04-08,08:00,0.9927,1.0
甘伍村3社,21,2026-04-08,08:15,0.9924,1.0
甘伍村3社,21,2026-04-08,08:30,0.9997,1.0
甘伍村3社,21,2026-04-08,08:45,0.9964,1.0
甘伍村3社,21,2026-04-08,09:00,1.0014,1.0
甘伍村3社,21,2026-04-08,09:15,1.001,1.0
甘伍村3社,21,2026-04-08,09:30,1.0027,1.0
甘伍村3社,21,2026-04-08,09:45,0.9983,1.0
甘伍村3社,21,2026-04-08,10:00,1.0009,1.0
甘伍村3社,21,2026-04-08,10:15,1.0039,1.0
甘伍村3社,21,2026-04-08,10:30,0.9999,1.0
甘伍村3社,21,2026-04-08,10:45,0.9983,1.0
甘伍村3社,21,2026-04-08,11:00,1.0028,1.0
甘伍村3社,21,2026-04-08,11:15,0.9984,1.0
甘伍村3社,21,2026-04-08,11:30,1.0019,1.0
甘伍村3社,21,2026-04-08,11:45,1.0013,1.0
甘伍村3社,21,2026-04-08,12:00,0.9985,1.0
甘伍村3社,21,2026-04-08,12:15,1.0047,1.0
甘伍村3社,21,2026-04-08,12:30,1.0003,1.0
甘伍村3社,21,2026-04-08,12:45,0.9982,1.0
甘伍村3社,21,2026-04-08,13:00,0.994,1.0
甘伍村3社,21,2026-04-08,13:15,1.0015,1.0
甘伍村3社,21,2026-04-08,13:30,0.9971,1.0
甘伍村3社,21,2026-04-08,13:45,0.9971,1.0
甘伍村3社,21,2026-04-08,14:00,0.9988,1.0
甘伍村3社,21,2026-04-08,14:15,1.0001,1.0
甘伍村3社,21,2026-04-08,14:30,0.9922,1.0
甘伍村3社,21,2026-04-08,14:45,1.004,1.0
甘伍村3社,21,2026-04-08,15:00,1.004,1.0
甘伍村3社,21,2026-04-08,15:15,1.002,1.0
甘伍村3社,21,2026-04-08,15:30,1.0033,1.0
甘伍村3社,21,2026-04-08,15:45,1.0006,1.0
甘伍村3社,21,2026-04-08,16:00,0.9985,1.0
甘伍村3社,21,2026-04-08,16:15,1.003,1.0
甘伍村3社,21,2026-04-08,16:30,0.9964,1.0
甘伍村3社,21,2026-04-08,16:45,0.9917,1.0
甘伍村3社,21,2026-04-08,17:00,0.9969,1.0
甘伍村3社,21,2026-04-08,17:15,0.9909,1.0
甘伍村3社,21,2026-04-08,17:30,1.0035,1.0
甘伍村3社,21,2026-04-08,17:45,0.9959,1.0
甘伍村3社,21,2026-04-08,18:00,0.9935,1.0
甘伍村3社,21,2026-04-08,18:15,0.9974,1.0
甘伍村3社,21,2026-04-08,18:30,0.9948,1.0
甘伍村3社,21,2026-04-08,18:45,1.0003,1.0
甘伍村3社,21,2026-04-08,19:00,0.9978,1.0
甘伍村3社,21,2026-04-08,19:15,0.9947,1.0
甘伍村3社,21,2026-04-08,19:30,1.0002,1.0
甘伍村3社,21,2026-04-08,19:45,0.9895,0.871
甘伍村3社,21,2026-04-08,20:00,0.9832,0.872
甘伍村3社,21,2026-04-08,20:15,0.9915,1.0
甘伍村3社,21,2026-04-08,20:30,0.9943,1.0
甘伍村3社,21,2026-04-08,20:45,0.9956,1.0
甘伍村3社,21,2026-04-08,21:00,0.9978,1.0
甘伍村3社,21,2026-04-08,21:15,0.9982,1.0
甘伍村3社,21,2026-04-08,21:30,0.9961,1.0
甘伍村3社,21,2026-04-08,21:45,0.9936,1.0
甘伍村3社,21,2026-04-08,22:00,0.9964,1.0
甘伍村3社,21,2026-04-08,22:15,0.9961,1.0
甘伍村3社,21,2026-04-08,22:30,1.0002,1.0
甘伍村3社,21,2026-04-08,22:45,0.9973,1.0
甘伍村3社,21,2026-04-08,23:00,1.0013,1.0
甘伍村3社,21,2026-04-08,23:15,0.9978,1.0
甘伍村3社,21,2026-04-08,23:30,0.9983,1.0
甘伍村3社,21,2026-04-08,23:45,0.9962,1.0
甘伍村3社,21,2026-04-09,00:00,0.998,1.0
甘伍村3社,21,2026-04-09,00:15,0.998,1.0
甘伍村3社,21,2026-04-09,00:30,0.9982,1.0
甘伍村3社,21,2026-04-09,00:45,0.9987,1.0
甘伍村3社,21,2026-04-09,01:00,1.0017,1.0
甘伍村3社,21,2026-04-09,01:15,0.9925,1.0
甘伍村3社,21,2026-04-09,01:30,0.9971,1.0
甘伍村3社,21,2026-04-09,01:45,0.9937,1.0
甘伍村3社,21,2026-04-09,02:00,1.0027,1.0
甘伍村3社,21,2026-04-09,02:15,0.9928,1.0
甘伍村3社,21,2026-04-09,02:30,0.9978,1.0
甘伍村3社,21,2026-04-09,02:45,0.999,1.0
甘伍村3社,21,2026-04-09,03:00,0.9992,1.0
甘伍村3社,21,2026-04-09,03:15,1.0004,1.0
甘伍村3社,21,2026-04-09,03:30,1.0025,1.0
甘伍村3社,21,2026-04-09,03:45,1.0011,1.0
甘伍村3社,21,2026-04-09,04:00,0.9948,1.0
甘伍村3社,21,2026-04-09,04:15,0.9917,1.0
甘伍村3社,21,2026-04-09,04:30,0.9956,1.0
甘伍村3社,21,2026-04-09,04:45,0.9943,1.0
甘伍村3社,21,2026-04-09,05:00,0.9939,1.0
甘伍村3社,21,2026-04-09,05:15,0.9978,1.0
甘伍村3社,21,2026-04-09,05:30,0.9967,1.0
甘伍村3社,21,2026-04-09,05:45,0.994,1.0
甘伍村3社,21,2026-04-09,06:00,0.9943,1.0
甘伍村3社,21,2026-04-09,06:15,0.9924,1.0
甘伍村3社,21,2026-04-09,06:30,0.9885,0.91
甘伍村3社,21,2026-04-09,06:45,0.9878,0.92
甘伍村3社,21,2026-04-09,07:00,0.9904,0.91
甘伍村3社,21,2026-04-09,07:15,0.9951,1.0
甘伍村3社,21,2026-04-09,07:30,0.9975,1.0
甘伍村3社,21,2026-04-09,07:45,0.9958,1.0
甘伍村3社,21,2026-04-09,08:00,0.9944,1.0
甘伍村3社,21,2026-04-09,08:15,0.9943,1.0
甘伍村3社,21,2026-04-09,08:30,0.9959,1.0
甘伍村3社,21,2026-04-09,08:45,0.9943,1.0
甘伍村3社,21,2026-04-09,09:00,1.0004,1.0
甘伍村3社,21,2026-04-09,09:15,0.9999,1.0
甘伍村3社,21,2026-04-09,09:30,0.9969,1.0
甘伍村3社,21,2026-04-09,09:45,0.9983,1.0
甘伍村3社,21,2026-04-09,10:00,0.9986,1.0
甘伍村3社,21,2026-04-09,10:15,1.0025,1.0
甘伍村3社,21,2026-04-09,10:30,1.0017,1.0
甘伍村3社,21,2026-04-09,10:45,0.9962,1.0
甘伍村3社,21,2026-04-09,11:00,1.0072,1.0
甘伍村3社,21,2026-04-09,11:15,0.9994,1.0
甘伍村3社,21,2026-04-09,11:30,0.9945,1.0
甘伍村3社,21,2026-04-09,11:45,0.9968,1.0
甘伍村3社,21,2026-04-09,12:00,0.9986,1.0
甘伍村3社,21,2026-04-09,12:15,1.0022,1.0
甘伍村3社,21,2026-04-09,12:30,0.9968,1.0
甘伍村3社,21,2026-04-09,12:45,0.9983,1.0
甘伍村3社,21,2026-04-09,13:00,0.9983,1.0
甘伍村3社,21,2026-04-09,13:15,1.0012,1.0
甘伍村3社,21,2026-04-09,13:30,1.0,1.0
甘伍村3社,21,2026-04-09,13:45,1.0021,1.0
甘伍村3社,21,2026-04-09,14:00,0.996,1.0
甘伍村3社,21,2026-04-09,14:15,0.9983,1.0
甘伍村3社,21,2026-04-09,14:30,0.9954,1.0
甘伍村3社,21,2026-04-09,14:45,0.9988,1.0
甘伍村3社,21,2026-04-09,15:00,1.0037,1.0
甘伍村3社,21,2026-04-09,15:15,0.9972,1.0
甘伍村3社,21,2026-04-09,15:30,1.0015,1.0
甘伍村3社,21,2026-04-09,15:45,1.0036,1.0
甘伍村3社,21,2026-04-09,16:00,0.9966,1.0
甘伍村3社,21,2026-04-09,16:15,1.001,1.0
甘伍村3社,21,2026-04-09,16:30,0.9974,1.0
甘伍村3社,21,2026-04-09,16:45,0.994,1.0
甘伍村3社,21,2026-04-09,17:00,0.9984,1.0
甘伍村3社,21,2026-04-09,17:15,0.9973,1.0
甘伍村3社,21,2026-04-09,17:30,1.0026,1.0
甘伍村3社,21,2026-04-09,17:45,0.9973,1.0
甘伍村3社,21,2026-04-09,18:00,1.0007,1.0
甘伍村3社,21,2026-04-09,18:15,0.9987,1.0
甘伍村3社,21,2026-04-09,18:30,0.9954,1.0
甘伍村3社,21,2026-04-09,18:45,0.997,1.0
甘伍村3社,21,2026-04-09,19:00,1.0047,1.0
甘伍村3社,21,2026-04-09,19:15,0.9955,1.0
甘伍村3社,21,2026-04-09,19:30,0.9935,1.0
甘伍村3社,21,2026-04-09,19:45,0.9887,1.0
甘伍村3社,21,2026-04-09,20:00,0.9836,1.0
甘伍村3社,21,2026-04-09,20:15,0.9899,1.0
甘伍村3社,21,2026-04-09,20:30,0.9915,1.0
甘伍村3社,21,2026-04-09,20:45,0.9999,1.0
甘伍村3社,21,2026-04-09,21:00,0.9998,1.0
甘伍村3社,21,2026-04-09,21:15,0.999,1.0
甘伍村3社,21,2026-04-09,21:30,1.0006,1.0
甘伍村3社,21,2026-04-09,21:45,0.9946,1.0
甘伍村3社,21,2026-04-09,22:00,1.0003,1.0
甘伍村3社,21,2026-04-09,22:15,1.0008,1.0
甘伍村3社,21,2026-04-09,22:30,0.9991,1.0
甘伍村3社,21,2026-04-09,22:45,0.9959,1.0
甘伍村3社,21,2026-04-09,23:00,1.0007,1.0
甘伍村3社,21,2026-04-09,23:15,0.9996,0.919
甘伍村3社,21,2026-04-09,23:30,0.9976,1.0
甘伍村3社,21,2026-04-09,23:45,0.9972,1.0
马鞍村1社,22,2026-04-03,00:00,0.7712,0.815
马鞍村1社,22,2026-04-03,00:15,0.7746,0.75
马鞍村1社,22,2026-04-03,00:30,0.7521,0.751
马鞍村1社,22,2026-04-03,00:45,0.7618,0.761
马鞍村1社,22,2026-04-03,01:00,0.7471,0.836
马鞍村1社,22,2026-04-03,01:15,0.7465,0.745
马鞍村1社,22,2026-04-03,01:30,0.7332,0.739
马鞍村1社,22,2026-04-03,01:45,0.7375,0.703
马鞍村1社,22,2026-04-03,02:00,0.7283,0.754
马鞍村1社,22,2026-04-03,02:15,0.7249,0.693
马鞍村1社,22,2026-04-03,02:30,0.7261,0.749
马鞍村1社,22,2026-04-03,02:45,0.7237,0.692
马鞍村1社,22,2026-04-03,03:00,0.7167,0.749
马鞍村1社,22,2026-04-03,03:15,0.7184,0.711
马鞍村1社,22,2026-04-03,03:30,0.7117,0.685
马鞍村1社,22,2026-04-03,03:45,0.7165,0.73
马鞍村1社,22,2026-04-03,04:00,0.7138,0.741
马鞍村1社,22,2026-04-03,04:15,0.7271,0.677
马鞍村1社,22,2026-04-03,04:30,0.7214,0.692
马鞍村1社,22,2026-04-03,04:45,0.7184,0.699
马鞍村1社,22,2026-04-03,05:00,0.7333,0.688
马鞍村1社,22,2026-04-03,05:15,0.7134,0.722
马鞍村1社,22,2026-04-03,05:30,0.7142,0.697
马鞍村1社,22,2026-04-03,05:45,0.7257,0.692
马鞍村1社,22,2026-04-03,06:00,0.7478,0.701
马鞍村1社,22,2026-04-03,06:15,0.739,0.69
马鞍村1社,22,2026-04-03,06:30,0.7972,0.71
马鞍村1社,22,2026-04-03,06:45,0.8113,0.65
马鞍村1社,22,2026-04-03,07:00,0.8546,0.779
马鞍村1社,22,2026-04-03,07:15,0.8889,0.821
马鞍村1社,22,2026-04-03,07:30,0.903,0.99
马鞍村1社,22,2026-04-03,07:45,0.9355,0.957
马鞍村1社,22,2026-04-03,08:00,0.9757,0.971
马鞍村1社,22,2026-04-03,08:15,0.9652,0.984
马鞍村1社,22,2026-04-03,08:30,0.9829,0.982
马鞍村1社,22,2026-04-03,08:45,0.982,0.983
马鞍村1社,22,2026-04-03,09:00,0.9764,0.997
马鞍村1社,22,2026-04-03,09:15,0.9439,0.894
马鞍村1社,22,2026-04-03,09:30,0.9234,0.992
马鞍村1社,22,2026-04-03,09:45,0.8988,0.981
马鞍村1社,22,2026-04-03,10:00,0.8936,0.69
马鞍村1社,22,2026-04-03,10:15,0.8717,0.738
马鞍村1社,22,2026-04-03,10:30,0.8625,0.895
马鞍村1社,22,2026-04-03,10:45,0.857,0.783
马鞍村1社,22,2026-04-03,11:00,0.858,0.725
马鞍村1社,22,2026-04-03,11:15,0.8405,0.75
马鞍村1社,22,2026-04-03,11:30,0.8439,0.926
马鞍村1社,22,2026-04-03,11:45,0.8579,0.699
马鞍村1社,22,2026-04-03,12:00,0.8685,0.732
马鞍村1社,22,2026-04-03,12:15,0.8672,0.956
马鞍村1社,22,2026-04-03,12:30,0.8745,0.929
马鞍村1社,22,2026-04-03,12:45,0.8586,0.937
马鞍村1社,22,2026-04-03,13:00,0.855,0.849
马鞍村1社,22,2026-04-03,13:15,0.8501,0.733
马鞍村1社,22,2026-04-03,13:30,0.8907,0.76
马鞍村1社,22,2026-04-03,13:45,0.8442,0.765
马鞍村1社,22,2026-04-03,14:00,0.8542,0.749
马鞍村1社,22,2026-04-03,14:15,0.8309,0.967
马鞍村1社,22,2026-04-03,14:30,0.8358,0.929
马鞍村1社,22,2026-04-03,14:45,0.8717,0.91
马鞍村1社,22,2026-04-03,15:00,0.8697,0.921
马鞍村1社,22,2026-04-03,15:15,0.8831,0.719
马鞍村1社,22,2026-04-03,15:30,0.8985,0.96
马鞍村1社,22,2026-04-03,15:45,0.9101,0.919
马鞍村1社,22,2026-04-03,16:00,0.91,0.957
马鞍村1社,22,2026-04-03,16:15,0.9181,0.945
马鞍村1社,22,2026-04-03,16:30,0.9279,0.991
马鞍村1社,22,2026-04-03,16:45,0.929,0.992
马鞍村1社,22,2026-04-03,17:00,0.9237,0.922
马鞍村1社,22,2026-04-03,17:15,0.9174,0.96
马鞍村1社,22,2026-04-03,17:30,0.9373,0.998
马鞍村1社,22,2026-04-03,17:45,0.9526,0.982
马鞍村1社,22,2026-04-03,18:00,0.9163,0.807
马鞍村1社,22,2026-04-03,18:15,0.9281,0.971
马鞍村1社,22,2026-04-03,18:30,0.9083,0.973
马鞍村1社,22,2026-04-03,18:45,0.903,0.941
马鞍村1社,22,2026-04-03,19:00,0.8871,0.809
马鞍村1社,22,2026-04-03,19:15,0.9053,0.918
马鞍村1社,22,2026-04-03,19:30,0.8949,0.982
马鞍村1社,22,2026-04-03,19:45,0.9015,0.988
马鞍村1社,22,2026-04-03,20:00,0.8884,0.916
马鞍村1社,22,2026-04-03,20:15,0.9132,0.975
马鞍村1社,22,2026-04-03,20:30,0.9128,0.947
马鞍村1社,22,2026-04-03,20:45,0.8982,0.954
马鞍村1社,22,2026-04-03,21:00,0.8867,0.977
马鞍村1社,22,2026-04-03,21:15,0.8902,0.944
马鞍村1社,22,2026-04-03,21:30,0.8766,0.922
马鞍村1社,22,2026-04-03,21:45,0.8696,0.952
马鞍村1社,22,2026-04-03,22:00,0.8571,0.875
马鞍村1社,22,2026-04-03,22:15,0.8334,0.884
马鞍村1社,22,2026-04-03,22:30,0.8338,0.852
马鞍村1社,22,2026-04-03,22:45,0.8268,0.858
马鞍村1社,22,2026-04-03,23:00,0.812,0.872
马鞍村1社,22,2026-04-03,23:15,0.7868,0.869
马鞍村1社,22,2026-04-03,23:30,0.7751,0.853
马鞍村1社,22,2026-04-03,23:45,0.7765,0.847
马鞍村1社,22,2026-04-04,00:00,0.7794,0.841
马鞍村1社,22,2026-04-04,00:15,0.7798,0.869
马鞍村1社,22,2026-04-04,00:30,0.7501,0.788
马鞍村1社,22,2026-04-04,00:45,0.7695,0.852
马鞍村1社,22,2026-04-04,01:00,0.7771,0.819
马鞍村1社,22,2026-04-04,01:15,0.7593,0.775
马鞍村1社,22,2026-04-04,01:30,0.7382,0.781
马鞍村1社,22,2026-04-04,01:45,0.7509,0.717
马鞍村1社,22,2026-04-04,02:00,0.7521,0.734
马鞍村1社,22,2026-04-04,02:15,0.7336,0.769
马鞍村1社,22,2026-04-04,02:30,0.7289,0.746
马鞍村1社,22,2026-04-04,02:45,0.7342,0.729
马鞍村1社,22,2026-04-04,03:00,0.7288,0.728
马鞍村1社,22,2026-04-04,03:15,0.7052,0.73
马鞍村1社,22,2026-04-04,03:30,0.734,0.732
马鞍村1社,22,2026-04-04,03:45,0.723,0.773
马鞍村1社,22,2026-04-04,04:00,0.7163,0.755
马鞍村1社,22,2026-04-04,04:15,0.7287,0.72
马鞍村1社,22,2026-04-04,04:30,0.7368,0.704
马鞍村1社,22,2026-04-04,04:45,0.7208,0.76
马鞍村1社,22,2026-04-04,05:00,0.7315,0.712
马鞍村1社,22,2026-04-04,05:15,0.7161,0.81
马鞍村1社,22,2026-04-04,05:30,0.7326,0.692
马鞍村1社,22,2026-04-04,05:45,0.7352,0.829
马鞍村1社,22,2026-04-04,06:00,0.7577,0.739
马鞍村1社,22,2026-04-04,06:15,0.7403,0.81
马鞍村1社,22,2026-04-04,06:30,0.7808,0.747
马鞍村1社,22,2026-04-04,06:45,0.8153,0.867
马鞍村1社,22,2026-04-04,07:00,0.8429,0.956
马鞍村1社,22,2026-04-04,07:15,0.8963,0.916
马鞍村1社,22,2026-04-04,07:30,0.8976,0.984
马鞍村1社,22,2026-04-04,07:45,0.9426,0.946
马鞍村1社,22,2026-04-04,08:00,0.9524,0.921
马鞍村1社,22,2026-04-04,08:15,0.9774,0.907
马鞍村1社,22,2026-04-04,08:30,0.9876,0.973
马鞍村1社,22,2026-04-04,08:45,0.9712,0.997
马鞍村1社,22,2026-04-04,09:00,0.9741,0.998
马鞍村1社,22,2026-04-04,09:15,0.9359,0.982
马鞍村1社,22,2026-04-04,09:30,0.9203,0.987
马鞍村1社,22,2026-04-04,09:45,0.8984,0.99
马鞍村1社,22,2026-04-04,10:00,0.8848,0.994
马鞍村1社,22,2026-04-04,10:15,0.8458,0.986
马鞍村1社,22,2026-04-04,10:30,0.8499,0.994
马鞍村1社,22,2026-04-04,10:45,0.8608,0.976
马鞍村1社,22,2026-04-04,11:00,0.8348,0.93
马鞍村1社,22,2026-04-04,11:15,0.8284,0.946
马鞍村1社,22,2026-04-04,11:30,0.8489,0.934
马鞍村1社,22,2026-04-04,11:45,0.8318,0.899
马鞍村1社,22,2026-04-04,12:00,0.8627,0.918
马鞍村1社,22,2026-04-04,12:15,0.8667,0.9
马鞍村1社,22,2026-04-04,12:30,0.8959,0.913
马鞍村1社,22,2026-04-04,12:45,0.8805,0.951
马鞍村1社,22,2026-04-04,13:00,0.8435,0.93
马鞍村1社,22,2026-04-04,13:15,0.8415,0.809
马鞍村1社,22,2026-04-04,13:30,0.8783,0.897
马鞍村1社,22,2026-04-04,13:45,0.8484,0.986
马鞍村1社,22,2026-04-04,14:00,0.8502,0.889
马鞍村1社,22,2026-04-04,14:15,0.8524,0.813
马鞍村1社,22,2026-04-04,14:30,0.8506,0.837
马鞍村1社,22,2026-04-04,14:45,0.8803,0.778
马鞍村1社,22,2026-04-04,15:00,0.8705,0.93
马鞍村1社,22,2026-04-04,15:15,0.8872,0.839
马鞍村1社,22,2026-04-04,15:30,0.9098,0.946
马鞍村1社,22,2026-04-04,15:45,0.8903,0.768
马鞍村1社,22,2026-04-04,16:00,0.9092,0.867
马鞍村1社,22,2026-04-04,16:15,0.9137,0.978
马鞍村1社,22,2026-04-04,16:30,0.922,0.972
马鞍村1社,22,2026-04-04,16:45,0.909,0.768
马鞍村1社,22,2026-04-04,17:00,0.9298,0.888
马鞍村1社,22,2026-04-04,17:15,0.9357,0.915
马鞍村1社,22,2026-04-04,17:30,0.9584,0.854
马鞍村1社,22,2026-04-04,17:45,0.9497,0.914
马鞍村1社,22,2026-04-04,18:00,0.9199,0.953
马鞍村1社,22,2026-04-04,18:15,0.9168,0.989
马鞍村1社,22,2026-04-04,18:30,0.91,0.984
马鞍村1社,22,2026-04-04,18:45,0.8939,0.95
马鞍村1社,22,2026-04-04,19:00,0.8839,0.91
马鞍村1社,22,2026-04-04,19:15,0.8945,0.89
马鞍村1社,22,2026-04-04,19:30,0.9027,0.852
马鞍村1社,22,2026-04-04,19:45,0.8947,0.938
马鞍村1社,22,2026-04-04,20:00,0.9122,0.88
马鞍村1社,22,2026-04-04,20:15,0.9057,0.892
马鞍村1社,22,2026-04-04,20:30,0.9184,0.894
马鞍村1社,22,2026-04-04,20:45,0.8862,0.882
马鞍村1社,22,2026-04-04,21:00,0.8964,0.969
马鞍村1社,22,2026-04-04,21:15,0.8994,0.874
马鞍村1社,22,2026-04-04,21:30,0.8855,0.83
马鞍村1社,22,2026-04-04,21:45,0.8799,0.902
马鞍村1社,22,2026-04-04,22:00,0.8486,0.826
马鞍村1社,22,2026-04-04,22:15,0.8626,0.773
马鞍村1社,22,2026-04-04,22:30,0.8339,0.893
马鞍村1社,22,2026-04-04,22:45,0.8362,0.89
马鞍村1社,22,2026-04-04,23:00,0.8145,0.857
马鞍村1社,22,2026-04-04,23:15,0.7997,0.795
马鞍村1社,22,2026-04-04,23:30,0.7848,0.872
马鞍村1社,22,2026-04-04,23:45,0.7796,0.839
马鞍村1社,22,2026-04-05,00:00,0.7905,0.838
马鞍村1社,22,2026-04-05,00:15,0.772,0.874
马鞍村1社,22,2026-04-05,00:30,0.7556,0.834
马鞍村1社,22,2026-04-05,00:45,0.785,0.791
马鞍村1社,22,2026-04-05,01:00,0.7727,0.843
马鞍村1社,22,2026-04-05,01:15,0.756,0.802
马鞍村1社,22,2026-04-05,01:30,0.7487,0.787
马鞍村1社,22,2026-04-05,01:45,0.7603,0.77
马鞍村1社,22,2026-04-05,02:00,0.7407,0.72
马鞍村1社,22,2026-04-05,02:15,0.7348,0.742
马鞍村1社,22,2026-04-05,02:30,0.7493,0.794
马鞍村1社,22,2026-04-05,02:45,0.7451,0.696
马鞍村1社,22,2026-04-05,03:00,0.748,0.792
马鞍村1社,22,2026-04-05,03:15,0.7286,0.708
马鞍村1社,22,2026-04-05,03:30,0.7284,0.761
马鞍村1社,22,2026-04-05,03:45,0.7347,0.818
马鞍村1社,22,2026-04-05,04:00,0.7433,0.674
马鞍村1社,22,2026-04-05,04:15,0.7372,0.686
马鞍村1社,22,2026-04-05,04:30,0.7274,0.745
马鞍村1社,22,2026-04-05,04:45,0.725,0.716
马鞍村1社,22,2026-04-05,05:00,0.736,0.689
马鞍村1社,22,2026-04-05,05:15,0.725,0.667
马鞍村1社,22,2026-04-05,05:30,0.745,0.741
马鞍村1社,22,2026-04-05,05:45,0.7531,0.717
马鞍村1社,22,2026-04-05,06:00,0.7448,0.681
马鞍村1社,22,2026-04-05,06:15,0.7615,0.774
马鞍村1社,22,2026-04-05,06:30,0.7933,0.772
马鞍村1社,22,2026-04-05,06:45,0.8145,0.928
马鞍村1社,22,2026-04-05,07:00,0.8674,0.946
马鞍村1社,22,2026-04-05,07:15,0.9056,0.818
马鞍村1社,22,2026-04-05,07:30,0.9293,0.964
马鞍村1社,22,2026-04-05,07:45,0.9636,0.982
马鞍村1社,22,2026-04-05,08:00,0.9684,0.99
马鞍村1社,22,2026-04-05,08:15,0.983,0.988
马鞍村1社,22,2026-04-05,08:30,0.9922,0.992
马鞍村1社,22,2026-04-05,08:45,0.983,0.986
马鞍村1社,22,2026-04-05,09:00,0.9736,0.969
马鞍村1社,22,2026-04-05,09:15,0.9362,0.99
马鞍村1社,22,2026-04-05,09:30,0.9378,0.97
马鞍村1社,22,2026-04-05,09:45,0.9093,0.987
马鞍村1社,22,2026-04-05,10:00,0.9104,0.834
马鞍村1社,22,2026-04-05,10:15,0.8525,0.985
马鞍村1社,22,2026-04-05,10:30,0.8728,0.824
马鞍村1社,22,2026-04-05,10:45,0.8655,0.936
马鞍村1社,22,2026-04-05,11:00,0.838,0.944
马鞍村1社,22,2026-04-05,11:15,0.8566,0.927
马鞍村1社,22,2026-04-05,11:30,0.8282,0.887
马鞍村1社,22,2026-04-05,11:45,0.8394,0.825
马鞍村1社,22,2026-04-05,12:00,0.8756,0.941
马鞍村1社,22,2026-04-05,12:15,0.8896,0.89
马鞍村1社,22,2026-04-05,12:30,0.8806,0.942
马鞍村1社,22,2026-04-05,12:45,0.8703,0.894
马鞍村1社,22,2026-04-05,13:00,0.8342,0.968
马鞍村1社,22,2026-04-05,13:15,0.8501,0.921
马鞍村1社,22,2026-04-05,13:30,0.8837,0.923
马鞍村1社,22,2026-04-05,13:45,0.8511,0.737
马鞍村1社,22,2026-04-05,14:00,0.85,0.878
马鞍村1社,22,2026-04-05,14:15,0.8474,0.793
马鞍村1社,22,2026-04-05,14:30,0.8303,0.886
马鞍村1社,22,2026-04-05,14:45,0.8779,0.866
马鞍村1社,22,2026-04-05,15:00,0.897,0.798
马鞍村1社,22,2026-04-05,15:15,0.8597,0.854
马鞍村1社,22,2026-04-05,15:30,0.8925,0.947
马鞍村1社,22,2026-04-05,15:45,0.8975,0.901
马鞍村1社,22,2026-04-05,16:00,0.9102,0.983
马鞍村1社,22,2026-04-05,16:15,0.9042,0.989
马鞍村1社,22,2026-04-05,16:30,0.9166,0.989
马鞍村1社,22,2026-04-05,16:45,0.9232,0.966
马鞍村1社,22,2026-04-05,17:00,0.9409,0.981
马鞍村1社,22,2026-04-05,17:15,0.9352,0.981
马鞍村1社,22,2026-04-05,17:30,0.94,0.978
马鞍村1社,22,2026-04-05,17:45,0.9429,0.955
马鞍村1社,22,2026-04-05,18:00,0.9363,0.99
马鞍村1社,22,2026-04-05,18:15,0.9333,0.982
马鞍村1社,22,2026-04-05,18:30,0.9234,0.953
马鞍村1社,22,2026-04-05,18:45,0.8925,0.977
马鞍村1社,22,2026-04-05,19:00,0.8864,0.972
马鞍村1社,22,2026-04-05,19:15,0.8937,0.929
马鞍村1社,22,2026-04-05,19:30,0.8934,0.845
马鞍村1社,22,2026-04-05,19:45,0.8996,0.952
马鞍村1社,22,2026-04-05,20:00,0.8942,0.892
马鞍村1社,22,2026-04-05,20:15,0.9095,0.943
马鞍村1社,22,2026-04-05,20:30,0.8997,0.967
马鞍村1社,22,2026-04-05,20:45,0.9048,0.885
马鞍村1社,22,2026-04-05,21:00,0.8987,0.898
马鞍村1社,22,2026-04-05,21:15,0.8934,0.919
马鞍村1社,22,2026-04-05,21:30,0.8791,0.916
马鞍村1社,22,2026-04-05,21:45,0.8907,0.94
马鞍村1社,22,2026-04-05,22:00,0.8629,0.916
马鞍村1社,22,2026-04-05,22:15,0.8456,0.938
马鞍村1社,22,2026-04-05,22:30,0.8352,0.961
马鞍村1社,22,2026-04-05,22:45,0.8402,0.949
马鞍村1社,22,2026-04-05,23:00,0.8162,0.894
马鞍村1社,22,2026-04-05,23:15,0.8054,0.863
马鞍村1社,22,2026-04-05,23:30,0.7829,0.921
马鞍村1社,22,2026-04-05,23:45,0.7917,0.893
幸福村1社,23,2026-02-27,00:00,0.7258,0.727
幸福村1社,23,2026-02-27,00:15,0.6971,0.692
幸福村1社,23,2026-02-27,00:30,0.7237,0.69
幸福村1社,23,2026-02-27,00:45,0.6924,0.743
幸福村1社,23,2026-02-27,01:00,0.6916,0.675
幸福村1社,23,2026-02-27,01:15,0.6926,0.721
幸福村1社,23,2026-02-27,01:30,0.6804,0.656
幸福村1社,23,2026-02-27,01:45,0.6787,0.662
幸福村1社,23,2026-02-27,02:00,0.6812,0.629
幸福村1社,23,2026-02-27,02:15,0.6825,0.648
幸福村1社,23,2026-02-27,02:30,0.6705,0.638
幸福村1社,23,2026-02-27,02:45,0.6912,0.66
幸福村1社,23,2026-02-27,03:00,0.6704,0.621
幸福村1社,23,2026-02-27,03:15,0.6786,0.639
幸福村1社,23,2026-02-27,03:30,0.6693,0.634
幸福村1社,23,2026-02-27,03:45,0.6789,0.627
幸福村1社,23,2026-02-27,04:00,0.6611,0.717
幸福村1社,23,2026-02-27,04:15,0.6691,0.598
幸福村1社,23,2026-02-27,04:30,0.6739,0.64
幸福村1社,23,2026-02-27,04:45,0.6581,0.75
幸福村1社,23,2026-02-27,05:00,0.6693,0.605
幸福村1社,23,2026-02-27,05:15,0.6545,0.663
幸福村1社,23,2026-02-27,05:30,0.6583,0.729
幸福村1社,23,2026-02-27,05:45,0.646,0.742
幸福村1社,23,2026-02-27,06:00,0.6616,0.779
幸福村1社,23,2026-02-27,06:15,0.6773,0.671
幸福村1社,23,2026-02-27,06:30,0.7147,0.794
幸福村1社,23,2026-02-27,06:45,0.7238,0.645
幸福村1社,23,2026-02-27,07:00,0.7635,0.753
幸福村1社,23,2026-02-27,07:15,0.7734,0.812
幸福村1社,23,2026-02-27,07:30,0.8102,0.84
幸福村1社,23,2026-02-27,07:45,0.8367,0.789
幸福村1社,23,2026-02-27,08:00,0.836,0.676
幸福村1社,23,2026-02-27,08:15,0.8797,0.777
幸福村1社,23,2026-02-27,08:30,0.9357,0.687
幸福村1社,23,2026-02-27,08:45,0.9451,0.948
幸福村1社,23,2026-02-27,09:00,0.941,0.662
幸福村1社,23,2026-02-27,09:15,0.9409,0.674
幸福村1社,23,2026-02-27,09:30,0.9178,0.944
幸福村1社,23,2026-02-27,09:45,0.9065,0.93
幸福村1社,23,2026-02-27,10:00,0.8914,0.896
幸福村1社,23,2026-02-27,10:15,0.8741,0.972
幸福村1社,23,2026-02-27,10:30,0.8568,0.648
幸福村1社,23,2026-02-27,10:45,0.8663,0.601
幸福村1社,23,2026-02-27,11:00,0.8169,0.637
幸福村1社,23,2026-02-27,11:15,0.8157,0.669
幸福村1社,23,2026-02-27,11:30,0.8166,0.941
幸福村1社,23,2026-02-27,11:45,0.8073,0.77
幸福村1社,23,2026-02-27,12:00,0.7906,0.672
幸福村1社,23,2026-02-27,12:15,0.7824,0.695
幸福村1社,23,2026-02-27,12:30,0.8029,0.917
幸福村1社,23,2026-02-27,12:45,0.7858,0.841
幸福村1社,23,2026-02-27,13:00,0.7905,0.627
幸福村1社,23,2026-02-27,13:15,0.7966,0.587
幸福村1社,23,2026-02-27,13:30,0.7892,0.57
幸福村1社,23,2026-02-27,13:45,0.8094,0.58
幸福村1社,23,2026-02-27,14:00,0.7898,0.627
幸福村1社,23,2026-02-27,14:15,0.7904,0.559
幸福村1社,23,2026-02-27,14:30,0.8149,0.997
幸福村1社,23,2026-02-27,14:45,0.7878,0.606
幸福村1社,23,2026-02-27,15:00,0.7854,0.785
幸福村1社,23,2026-02-27,15:15,0.8045,0.816
幸福村1社,23,2026-02-27,15:30,0.7978,0.603
幸福村1社,23,2026-02-27,15:45,0.7858,0.559
幸福村1社,23,2026-02-27,16:00,0.8035,0.68
幸福村1社,23,2026-02-27,16:15,0.8214,0.641
幸福村1社,23,2026-02-27,16:30,0.8463,0.618
幸福村1社,23,2026-02-27,16:45,0.884,0.647
幸福村1社,23,2026-02-27,17:00,0.8655,0.965
幸福村1社,23,2026-02-27,17:15,0.8837,0.93
幸福村1社,23,2026-02-27,17:30,0.8832,0.991
幸福村1社,23,2026-02-27,17:45,0.8955,0.989
幸福村1社,23,2026-02-27,18:00,0.8996,0.949
幸福村1社,23,2026-02-27,18:15,0.9085,0.953
幸福村1社,23,2026-02-27,18:30,0.8898,0.999
幸福村1社,23,2026-02-27,18:45,0.8897,0.698
幸福村1社,23,2026-02-27,19:00,0.8837,0.779
幸福村1社,23,2026-02-27,19:15,0.9087,0.959
幸福村1社,23,2026-02-27,19:30,0.9079,0.728
幸福村1社,23,2026-02-27,19:45,0.912,0.809
幸福村1社,23,2026-02-27,20:00,0.9038,0.797
幸福村1社,23,2026-02-27,20:15,0.9027,0.781
幸福村1社,23,2026-02-27,20:30,0.8836,0.756
幸福村1社,23,2026-02-27,20:45,0.8763,0.942
幸福村1社,23,2026-02-27,21:00,0.8777,0.849
幸福村1社,23,2026-02-27,21:15,0.8643,0.836
幸福村1社,23,2026-02-27,21:30,0.8607,0.88
幸福村1社,23,2026-02-27,21:45,0.8405,0.855
幸福村1社,23,2026-02-27,22:00,0.8144,0.766
幸福村1社,23,2026-02-27,22:15,0.812,0.763
幸福村1社,23,2026-02-27,22:30,0.7961,0.757
幸福村1社,23,2026-02-27,22:45,0.787,0.704
幸福村1社,23,2026-02-27,23:00,0.7718,0.816
幸福村1社,23,2026-02-27,23:15,0.7579,0.712
幸福村1社,23,2026-02-27,23:30,0.7593,0.71
幸福村1社,23,2026-02-27,23:45,0.7468,0.728
幸福村1社,23,2026-02-28,00:00,0.7406,0.708
幸福村1社,23,2026-02-28,00:15,0.7243,0.627
幸福村1社,23,2026-02-28,00:30,0.7214,0.653
幸福村1社,23,2026-02-28,00:45,0.7107,0.652
幸福村1社,23,2026-02-28,01:00,0.7036,0.596
幸福村1社,23,2026-02-28,01:15,0.7064,0.65
幸福村1社,23,2026-02-28,01:30,0.6866,0.683
幸福村1社,23,2026-02-28,01:45,0.6732,0.621
幸福村1社,23,2026-02-28,02:00,0.668,0.661
幸福村1社,23,2026-02-28,02:15,0.6944,0.629
幸福村1社,23,2026-02-28,02:30,0.6819,0.676
幸福村1社,23,2026-02-28,02:45,0.6891,0.634
幸福村1社,23,2026-02-28,03:00,0.6803,0.647
幸福村1社,23,2026-02-28,03:15,0.6812,0.6
幸福村1社,23,2026-02-28,03:30,0.6729,0.644
幸福村1社,23,2026-02-28,03:45,0.684,0.604
幸福村1社,23,2026-02-28,04:00,0.6698,0.602
幸福村1社,23,2026-02-28,04:15,0.6817,0.626
幸福村1社,23,2026-02-28,04:30,0.6644,0.62
幸福村1社,23,2026-02-28,04:45,0.6618,0.614
幸福村1社,23,2026-02-28,05:00,0.6715,0.676
幸福村1社,23,2026-02-28,05:15,0.6516,0.642
幸福村1社,23,2026-02-28,05:30,0.6616,0.577
幸福村1社,23,2026-02-28,05:45,0.6663,0.645
幸福村1社,23,2026-02-28,06:00,0.6637,0.59
幸福村1社,23,2026-02-28,06:15,0.6662,0.695
幸福村1社,23,2026-02-28,06:30,0.7197,0.72
幸福村1社,23,2026-02-28,06:45,0.7417,0.581
幸福村1社,23,2026-02-28,07:00,0.7522,0.643
幸福村1社,23,2026-02-28,07:15,0.77,0.593
幸福村1社,23,2026-02-28,07:30,0.8169,0.654
幸福村1社,23,2026-02-28,07:45,0.8599,0.682
幸福村1社,23,2026-02-28,08:00,0.8401,0.624
幸福村1社,23,2026-02-28,08:15,0.8993,0.662
幸福村1社,23,2026-02-28,08:30,0.9438,0.673
幸福村1社,23,2026-02-28,08:45,0.9486,0.916
幸福村1社,23,2026-02-28,09:00,0.9514,0.988
幸福村1社,23,2026-02-28,09:15,0.9342,0.966
幸福村1社,23,2026-02-28,09:30,0.9178,0.992
幸福村1社,23,2026-02-28,09:45,0.9226,0.994
幸福村1社,23,2026-02-28,10:00,0.9111,0.994
幸福村1社,23,2026-02-28,10:15,0.8572,0.847
幸福村1社,23,2026-02-28,10:30,0.8422,0.77
幸福村1社,23,2026-02-28,10:45,0.8582,0.743
幸福村1社,23,2026-02-28,11:00,0.7752,0.671
幸福村1社,23,2026-02-28,11:15,0.8015,0.616
幸福村1社,23,2026-02-28,11:30,0.8006,0.6
幸福村1社,23,2026-02-28,11:45,0.7791,0.6
幸福村1社,23,2026-02-28,12:00,0.7829,0.586
幸福村1社,23,2026-02-28,12:15,0.7733,0.592
幸福村1社,23,2026-02-28,12:30,0.772,0.983
幸福村1社,23,2026-02-28,12:45,0.7725,0.565
幸福村1社,23,2026-02-28,13:00,0.757,0.641
幸福村1社,23,2026-02-28,13:15,0.7499,0.899
幸福村1社,23,2026-02-28,13:30,0.7511,0.918
幸福村1社,23,2026-02-28,13:45,0.7829,0.621
幸福村1社,23,2026-02-28,14:00,0.7673,0.613
幸福村1社,23,2026-02-28,14:15,0.7839,0.561
幸福村1社,23,2026-02-28,14:30,0.8074,0.583
幸福村1社,23,2026-02-28,14:45,0.8062,0.563
幸福村1社,23,2026-02-28,15:00,0.7882,0.6
幸福村1社,23,2026-02-28,15:15,0.787,0.93
幸福村1社,23,2026-02-28,15:30,0.7724,0.575
幸福村1社,23,2026-02-28,15:45,0.7778,0.608
幸福村1社,23,2026-02-28,16:00,0.776,0.587
幸福村1社,23,2026-02-28,16:15,0.7983,0.591
幸福村1社,23,2026-02-28,16:30,0.828,0.593
幸福村1社,23,2026-02-28,16:45,0.8504,0.673
幸福村1社,23,2026-02-28,17:00,0.8598,0.602
幸福村1社,23,2026-02-28,17:15,0.8785,0.696
幸福村1社,23,2026-02-28,17:30,0.9031,0.887
幸福村1社,23,2026-02-28,17:45,0.8999,0.674
幸福村1社,23,2026-02-28,18:00,0.8938,0.956
幸福村1社,23,2026-02-28,18:15,0.9059,0.983
幸福村1社,23,2026-02-28,18:30,0.887,0.955
幸福村1社,23,2026-02-28,18:45,0.888,0.996
幸福村1社,23,2026-02-28,19:00,0.8639,0.976
幸福村1社,23,2026-02-28,19:15,0.9055,0.74
幸福村1社,23,2026-02-28,19:30,0.9101,0.945
幸福村1社,23,2026-02-28,19:45,0.8823,0.963
幸福村1社,23,2026-02-28,20:00,0.8945,0.987
幸福村1社,23,2026-02-28,20:15,0.9032,0.849
幸福村1社,23,2026-02-28,20:30,0.8775,0.783
幸福村1社,23,2026-02-28,20:45,0.8703,0.913
幸福村1社,23,2026-02-28,21:00,0.8724,0.778
幸福村1社,23,2026-02-28,21:15,0.861,0.79
幸福村1社,23,2026-02-28,21:30,0.8547,0.749
幸福村1社,23,2026-02-28,21:45,0.8417,0.785
幸福村1社,23,2026-02-28,22:00,0.8256,0.669
幸福村1社,23,2026-02-28,22:15,0.8056,0.754
幸福村1社,23,2026-02-28,22:30,0.8,0.762
幸福村1社,23,2026-02-28,22:45,0.7795,0.735
幸福村1社,23,2026-02-28,23:00,0.7687,0.759
幸福村1社,23,2026-02-28,23:15,0.7712,0.708
幸福村1社,23,2026-02-28,23:30,0.7555,0.703
幸福村1社,23,2026-02-28,23:45,0.7354,0.737
幸福村1社,23,2026-03-01,00:00,0.7317,0.639
幸福村1社,23,2026-03-01,00:15,0.7243,0.642
幸福村1社,23,2026-03-01,00:30,0.7247,0.576
幸福村1社,23,2026-03-01,00:45,0.7092,0.629
幸福村1社,23,2026-03-01,01:00,0.7055,0.791
幸福村1社,23,2026-03-01,01:15,0.7043,0.562
幸福村1社,23,2026-03-01,01:30,0.6902,0.602
幸福村1社,23,2026-03-01,01:45,0.678,0.604
幸福村1社,23,2026-03-01,02:00,0.6892,0.586
幸福村1社,23,2026-03-01,02:15,0.6886,0.612
幸福村1社,23,2026-03-01,02:30,0.6689,0.611
幸福村1社,23,2026-03-01,02:45,0.6907,0.587
幸福村1社,23,2026-03-01,03:00,0.6781,0.634
幸福村1社,23,2026-03-01,03:15,0.6719,0.655
幸福村1社,23,2026-03-01,03:30,0.677,0.547
幸福村1社,23,2026-03-01,03:45,0.6816,0.604
幸福村1社,23,2026-03-01,04:00,0.6666,0.592
幸福村1社,23,2026-03-01,04:15,0.6855,0.573
幸福村1社,23,2026-03-01,04:30,0.6782,0.582
幸福村1社,23,2026-03-01,04:45,0.6707,0.604
幸福村1社,23,2026-03-01,05:00,0.6626,0.567
幸福村1社,23,2026-03-01,05:15,0.6642,0.6
幸福村1社,23,2026-03-01,05:30,0.6641,0.623
幸福村1社,23,2026-03-01,05:45,0.6726,0.538
幸福村1社,23,2026-03-01,06:00,0.6763,0.601
幸福村1社,23,2026-03-01,06:15,0.6878,0.584
幸福村1社,23,2026-03-01,06:30,0.718,0.568
幸福村1社,23,2026-03-01,06:45,0.7329,0.593
幸福村1社,23,2026-03-01,07:00,0.7678,0.633
幸福村1社,23,2026-03-01,07:15,0.7826,0.589
幸福村1社,23,2026-03-01,07:30,0.8379,0.696
幸福村1社,23,2026-03-01,07:45,0.8469,0.963
幸福村1社,23,2026-03-01,08:00,0.8478,0.644
幸福村1社,23,2026-03-01,08:15,0.9092,0.687
幸福村1社,23,2026-03-01,08:30,0.93,0.981
幸福村1社,23,2026-03-01,08:45,0.9387,0.986
幸福村1社,23,2026-03-01,09:00,0.9396,0.969
幸福村1社,23,2026-03-01,09:15,0.9417,0.962
幸福村1社,23,2026-03-01,09:30,0.9381,0.946
幸福村1社,23,2026-03-01,09:45,0.9375,0.778
幸福村1社,23,2026-03-01,10:00,0.9082,0.832
幸福村1社,23,2026-03-01,10:15,0.873,0.756
幸福村1社,23,2026-03-01,10:30,0.844,0.802
幸福村1社,23,2026-03-01,10:45,0.8665,0.667
幸福村1社,23,2026-03-01,11:00,0.8008,0.666
幸福村1社,23,2026-03-01,11:15,0.8092,0.67
幸福村1社,23,2026-03-01,11:30,0.7776,0.986
幸福村1社,23,2026-03-01,11:45,0.7968,0.978
幸福村1社,23,2026-03-01,12:00,0.7826,0.858
幸福村1社,23,2026-03-01,12:15,0.7613,0.849
幸福村1社,23,2026-03-01,12:30,0.7889,0.999
幸福村1社,23,2026-03-01,12:45,0.7873,0.907
幸福村1社,23,2026-03-01,13:00,0.7729,0.913
幸福村1社,23,2026-03-01,13:15,0.7764,0.745
幸福村1社,23,2026-03-01,13:30,0.7672,0.996
幸福村1社,23,2026-03-01,13:45,0.7807,0.86
幸福村1社,23,2026-03-01,14:00,0.7687,0.671
幸福村1社,23,2026-03-01,14:15,0.7704,0.894
幸福村1社,23,2026-03-01,14:30,0.8124,0.769
幸福村1社,23,2026-03-01,14:45,0.7852,0.997
幸福村1社,23,2026-03-01,15:00,0.7739,0.76
幸福村1社,23,2026-03-01,15:15,0.7844,0.748
幸福村1社,23,2026-03-01,15:30,0.8022,0.701
幸福村1社,23,2026-03-01,15:45,0.7818,0.783
幸福村1社,23,2026-03-01,16:00,0.8033,0.698
幸福村1社,23,2026-03-01,16:15,0.8056,0.738
幸福村1社,23,2026-03-01,16:30,0.8494,0.948
幸福村1社,23,2026-03-01,16:45,0.8749,0.949
幸福村1社,23,2026-03-01,17:00,0.8716,0.812
幸福村1社,23,2026-03-01,17:15,0.8706,0.936
幸福村1社,23,2026-03-01,17:30,0.8904,0.943
幸福村1社,23,2026-03-01,17:45,0.8918,0.893
幸福村1社,23,2026-03-01,18:00,0.9055,0.866
幸福村1社,23,2026-03-01,18:15,0.9048,0.865
幸福村1社,23,2026-03-01,18:30,0.9123,0.981
幸福村1社,23,2026-03-01,18:45,0.8896,0.791
幸福村1社,23,2026-03-01,19:00,0.8793,0.952
幸福村1社,23,2026-03-01,19:15,0.8982,0.994
幸福村1社,23,2026-03-01,19:30,0.8906,0.942
幸福村1社,23,2026-03-01,19:45,0.8977,0.995
幸福村1社,23,2026-03-01,20:00,0.9033,0.999
幸福村1社,23,2026-03-01,20:15,0.8947,0.87
幸福村1社,23,2026-03-01,20:30,0.9008,0.876
幸福村1社,23,2026-03-01,20:45,0.8816,0.935
幸福村1社,23,2026-03-01,21:00,0.8655,0.937
幸福村1社,23,2026-03-01,21:15,0.8567,0.798
幸福村1社,23,2026-03-01,21:30,0.8585,0.864
幸福村1社,23,2026-03-01,21:45,0.8413,0.797
幸福村1社,23,2026-03-01,22:00,0.8302,0.813
幸福村1社,23,2026-03-01,22:15,0.8204,0.807
幸福村1社,23,2026-03-01,22:30,0.7976,0.83
幸福村1社,23,2026-03-01,22:45,0.7857,0.898
幸福村1社,23,2026-03-01,23:00,0.7668,0.801
幸福村1社,23,2026-03-01,23:15,0.7494,0.865
幸福村1社,23,2026-03-01,23:30,0.7464,0.845
幸福村1社,23,2026-03-01,23:45,0.7438,0.816
甘伍村3社,24,2026-04-12,00:00,1.004,1.0
甘伍村3社,24,2026-04-12,00:15,1.0001,1.0
甘伍村3社,24,2026-04-12,00:30,1.0008,1.0
甘伍村3社,24,2026-04-12,00:45,1.0015,1.0
甘伍村3社,24,2026-04-12,01:00,1.0003,1.0
甘伍村3社,24,2026-04-12,01:15,1.0028,1.0
甘伍村3社,24,2026-04-12,01:30,0.9965,1.0
甘伍村3社,24,2026-04-12,01:45,0.9984,1.0
甘伍村3社,24,2026-04-12,02:00,0.9991,1.0
甘伍村3社,24,2026-04-12,02:15,1.0011,1.0
甘伍村3社,24,2026-04-12,02:30,0.9967,1.0
甘伍村3社,24,2026-04-12,02:45,1.0045,1.0
甘伍村3社,24,2026-04-12,03:00,1.0027,1.0
甘伍村3社,24,2026-04-12,03:15,1.001,1.0
甘伍村3社,24,2026-04-12,03:30,0.9897,1.0
甘伍村3社,24,2026-04-12,03:45,1.003,1.0
甘伍村3社,24,2026-04-12,04:00,0.9959,1.0
甘伍村3社,24,2026-04-12,04:15,0.9988,1.0
甘伍村3社,24,2026-04-12,04:30,0.9913,1.0
甘伍村3社,24,2026-04-12,04:45,0.9933,1.0
甘伍村3社,24,2026-04-12,05:00,0.9929,1.0
甘伍村3社,24,2026-04-12,05:15,0.9975,1.0
甘伍村3社,24,2026-04-12,05:30,0.9936,1.0
甘伍村3社,24,2026-04-12,05:45,0.9964,1.0
甘伍村3社,24,2026-04-12,06:00,0.9952,1.0
甘伍村3社,24,2026-04-12,06:15,0.9877,1.0
甘伍村3社,24,2026-04-12,06:30,0.9919,1.0
甘伍村3社,24,2026-04-12,06:45,0.9933,1.0
甘伍村3社,24,2026-04-12,07:00,0.9963,1.0
甘伍村3社,24,2026-04-12,07:15,0.9936,1.0
甘伍村3社,24,2026-04-12,07:30,0.9936,1.0
甘伍村3社,24,2026-04-12,07:45,0.9975,1.0
甘伍村3社,24,2026-04-12,08:00,0.9973,1.0
甘伍村3社,24,2026-04-12,08:15,0.9957,1.0
甘伍村3社,24,2026-04-12,08:30,1.0004,1.0
甘伍村3社,24,2026-04-12,08:45,0.9925,1.0
甘伍村3社,24,2026-04-12,09:00,0.9995,1.0
甘伍村3社,24,2026-04-12,09:15,1.0035,1.0
甘伍村3社,24,2026-04-12,09:30,1.0063,1.0
甘伍村3社,24,2026-04-12,09:45,1.0,1.0
甘伍村3社,24,2026-04-12,10:00,1.0059,1.0
甘伍村3社,24,2026-04-12,10:15,1.0054,1.0
甘伍村3社,24,2026-04-12,10:30,1.0044,1.0
甘伍村3社,24,2026-04-12,10:45,1.005,1.0
甘伍村3社,24,2026-04-12,11:00,1.0085,1.0
甘伍村3社,24,2026-04-12,11:15,1.0013,1.0
甘伍村3社,24,2026-04-12,11:30,1.0028,1.0
甘伍村3社,24,2026-04-12,11:45,1.0044,1.0
甘伍村3社,24,2026-04-12,12:00,0.9958,1.0
甘伍村3社,24,2026-04-12,12:15,0.9968,1.0
甘伍村3社,24,2026-04-12,12:30,0.9983,1.0
甘伍村3社,24,2026-04-12,12:45,0.9971,1.0
甘伍村3社,24,2026-04-12,13:00,0.9988,1.0
甘伍村3社,24,2026-04-12,13:15,0.9978,1.0
甘伍村3社,24,2026-04-12,13:30,0.9977,1.0
甘伍村3社,24,2026-04-12,13:45,1.0062,1.0
甘伍村3社,24,2026-04-12,14:00,0.9964,1.0
甘伍村3社,24,2026-04-12,14:15,0.9998,1.0
甘伍村3社,24,2026-04-12,14:30,0.9955,1.0
甘伍村3社,24,2026-04-12,14:45,1.0024,0.908
甘伍村3社,24,2026-04-12,15:00,1.0023,0.908
甘伍村3社,24,2026-04-12,15:15,1.0019,0.908
甘伍村3社,24,2026-04-12,15:30,1.0051,1.0
甘伍村3社,24,2026-04-12,15:45,0.9942,1.0
甘伍村3社,24,2026-04-12,16:00,1.0028,1.0
甘伍村3社,24,2026-04-12,16:15,0.9997,1.0
甘伍村3社,24,2026-04-12,16:30,0.9974,1.0
甘伍村3社,24,2026-04-12,16:45,0.9968,1.0
甘伍村3社,24,2026-04-12,17:00,1.0043,1.0
甘伍村3社,24,2026-04-12,17:15,0.9939,1.0
甘伍村3社,24,2026-04-12,17:30,0.9996,1.0
甘伍村3社,24,2026-04-12,17:45,0.9976,1.0
甘伍村3社,24,2026-04-12,18:00,0.9897,1.0
甘伍村3社,24,2026-04-12,18:15,0.9979,1.0
甘伍村3社,24,2026-04-12,18:30,0.9961,1.0
甘伍村3社,24,2026-04-12,18:45,0.9998,1.0
甘伍村3社,24,2026-04-12,19:00,1.0003,1.0
甘伍村3社,24,2026-04-12,19:15,1.0003,1.0
甘伍村3社,24,2026-04-12,19:30,0.994,1.0
甘伍村3社,24,2026-04-12,19:45,0.9919,1.0
甘伍村3社,24,2026-04-12,20:00,0.9839,1.0
甘伍村3社,24,2026-04-12,20:15,0.9925,1.0
甘伍村3社,24,2026-04-12,20:30,0.9944,1.0
甘伍村3社,24,2026-04-12,20:45,0.9971,1.0
甘伍村3社,24,2026-04-12,21:00,0.9995,1.0
甘伍村3社,24,2026-04-12,21:15,0.9974,1.0
甘伍村3社,24,2026-04-12,21:30,0.9991,1.0
甘伍村3社,24,2026-04-12,21:45,0.9946,1.0
甘伍村3社,24,2026-04-12,22:00,0.9956,1.0
甘伍村3社,24,2026-04-12,22:15,0.9978,1.0
甘伍村3社,24,2026-04-12,22:30,1.0007,1.0
甘伍村3社,24,2026-04-12,22:45,0.996,1.0
甘伍村3社,24,2026-04-12,23:00,0.999,1.0
甘伍村3社,24,2026-04-12,23:15,0.9981,1.0
甘伍村3社,24,2026-04-12,23:30,1.0004,1.0
甘伍村3社,24,2026-04-12,23:45,1.0007,1.0
甘伍村3社,24,2026-04-13,00:00,0.9983,1.0
甘伍村3社,24,2026-04-13,00:15,0.9987,1.0
甘伍村3社,24,2026-04-13,00:30,0.9979,1.0
甘伍村3社,24,2026-04-13,00:45,0.9977,1.0
甘伍村3社,24,2026-04-13,01:00,0.9938,1.0
甘伍村3社,24,2026-04-13,01:15,0.9995,1.0
甘伍村3社,24,2026-04-13,01:30,1.0025,1.0
甘伍村3社,24,2026-04-13,01:45,1.0015,1.0
甘伍村3社,24,2026-04-13,02:00,0.999,1.0
甘伍村3社,24,2026-04-13,02:15,0.9983,1.0
甘伍村3社,24,2026-04-13,02:30,0.9999,1.0
甘伍村3社,24,2026-04-13,02:45,0.9997,1.0
甘伍村3社,24,2026-04-13,03:00,0.9984,1.0
甘伍村3社,24,2026-04-13,03:15,0.9979,1.0
甘伍村3社,24,2026-04-13,03:30,1.0022,1.0
甘伍村3社,24,2026-04-13,03:45,1.005,1.0
甘伍村3社,24,2026-04-13,04:00,0.9974,1.0
甘伍村3社,24,2026-04-13,04:15,0.9932,1.0
甘伍村3社,24,2026-04-13,04:30,0.9985,1.0
甘伍村3社,24,2026-04-13,04:45,0.9959,1.0
甘伍村3社,24,2026-04-13,05:00,0.9994,1.0
甘伍村3社,24,2026-04-13,05:15,0.9915,0.91
甘伍村3社,24,2026-04-13,05:30,0.9985,0.907
甘伍村3社,24,2026-04-13,05:45,0.993,1.0
甘伍村3社,24,2026-04-13,06:00,0.993,1.0
甘伍村3社,24,2026-04-13,06:15,0.991,1.0
甘伍村3社,24,2026-04-13,06:30,0.9893,1.0
甘伍村3社,24,2026-04-13,06:45,0.9882,1.0
甘伍村3社,24,2026-04-13,07:00,0.9906,1.0
甘伍村3社,24,2026-04-13,07:15,0.9948,1.0
甘伍村3社,24,2026-04-13,07:30,0.9934,1.0
甘伍村3社,24,2026-04-13,07:45,0.9986,1.0
甘伍村3社,24,2026-04-13,08:00,0.9915,1.0
甘伍村3社,24,2026-04-13,08:15,0.9958,1.0
甘伍村3社,24,2026-04-13,08:30,1.0011,1.0
甘伍村3社,24,2026-04-13,08:45,0.998,1.0
甘伍村3社,24,2026-04-13,09:00,1.0021,1.0
甘伍村3社,24,2026-04-13,09:15,0.9994,1.0
甘伍村3社,24,2026-04-13,09:30,1.0027,1.0
甘伍村3社,24,2026-04-13,09:45,0.9967,1.0
甘伍村3社,24,2026-04-13,10:00,1.0036,1.0
甘伍村3社,24,2026-04-13,10:15,1.0039,1.0
甘伍村3社,24,2026-04-13,10:30,1.0006,1.0
甘伍村3社,24,2026-04-13,10:45,1.0008,1.0
甘伍村3社,24,2026-04-13,11:00,0.9984,1.0
甘伍村3社,24,2026-04-13,11:15,0.9972,1.0
甘伍村3社,24,2026-04-13,11:30,1.0028,1.0
甘伍村3社,24,2026-04-13,11:45,0.9987,1.0
甘伍村3社,24,2026-04-13,12:00,0.9977,1.0
甘伍村3社,24,2026-04-13,12:15,1.0016,1.0
甘伍村3社,24,2026-04-13,12:30,0.9996,1.0
甘伍村3社,24,2026-04-13,12:45,0.9998,1.0
甘伍村3社,24,2026-04-13,13:00,0.9912,1.0
甘伍村3社,24,2026-04-13,13:15,1.0025,1.0
甘伍村3社,24,2026-04-13,13:30,0.9977,1.0
甘伍村3社,24,2026-04-13,13:45,0.9989,1.0
甘伍村3社,24,2026-04-13,14:00,0.9988,1.0
甘伍村3社,24,2026-04-13,14:15,1.0008,1.0
甘伍村3社,24,2026-04-13,14:30,0.9904,1.0
甘伍村3社,24,2026-04-13,14:45,1.0064,1.0
甘伍村3社,24,2026-04-13,15:00,1.0023,1.0
甘伍村3社,24,2026-04-13,15:15,1.0021,1.0
甘伍村3社,24,2026-04-13,15:30,1.001,1.0
甘伍村3社,24,2026-04-13,15:45,1.0003,1.0
甘伍村3社,24,2026-04-13,16:00,0.9973,1.0
甘伍村3社,24,2026-04-13,16:15,1.0012,1.0
甘伍村3社,24,2026-04-13,16:30,0.9971,1.0
甘伍村3社,24,2026-04-13,16:45,0.9899,1.0
甘伍村3社,24,2026-04-13,17:00,0.9969,1.0
甘伍村3社,24,2026-04-13,17:15,0.9916,1.0
甘伍村3社,24,2026-04-13,17:30,1.0033,1.0
甘伍村3社,24,2026-04-13,17:45,0.9951,1.0
甘伍村3社,24,2026-04-13,18:00,0.9914,1.0
甘伍村3社,24,2026-04-13,18:15,0.9968,1.0
甘伍村3社,24,2026-04-13,18:30,0.9944,1.0
甘伍村3社,24,2026-04-13,18:45,1.0001,1.0
甘伍村3社,24,2026-04-13,19:00,0.9978,1.0
甘伍村3社,24,2026-04-13,19:15,0.9952,1.0
甘伍村3社,24,2026-04-13,19:30,1.0024,1.0
甘伍村3社,24,2026-04-13,19:45,0.9885,1.0
甘伍村3社,24,2026-04-13,20:00,0.9828,1.0
甘伍村3社,24,2026-04-13,20:15,0.9936,1.0
甘伍村3社,24,2026-04-13,20:30,0.9953,1.0
甘伍村3社,24,2026-04-13,20:45,0.9976,1.0
甘伍村3社,24,2026-04-13,21:00,0.9987,1.0
甘伍村3社,24,2026-04-13,21:15,0.998,1.0
甘伍村3社,24,2026-04-13,21:30,0.9941,1.0
甘伍村3社,24,2026-04-13,21:45,0.9938,1.0
甘伍村3社,24,2026-04-13,22:00,0.9951,1.0
甘伍村3社,24,2026-04-13,22:15,0.9971,1.0
甘伍村3社,24,2026-04-13,22:30,1.0019,1.0
甘伍村3社,24,2026-04-13,22:45,0.9987,1.0
甘伍村3社,24,2026-04-13,23:00,1.001,1.0
甘伍村3社,24,2026-04-13,23:15,1.0001,1.0
甘伍村3社,24,2026-04-13,23:30,0.9989,1.0
甘伍村3社,24,2026-04-13,23:45,0.995,1.0
甘伍村3社,24,2026-04-14,00:00,0.9978,1.0
甘伍村3社,24,2026-04-14,00:15,0.9979,1.0
甘伍村3社,24,2026-04-14,00:30,0.9978,1.0
甘伍村3社,24,2026-04-14,00:45,0.9998,1.0
甘伍村3社,24,2026-04-14,01:00,1.0026,1.0
甘伍村3社,24,2026-04-14,01:15,0.9944,1.0
甘伍村3社,24,2026-04-14,01:30,0.9958,1.0
甘伍村3社,24,2026-04-14,01:45,0.9902,1.0
甘伍村3社,24,2026-04-14,02:00,1.0004,1.0
甘伍村3社,24,2026-04-14,02:15,0.993,1.0
甘伍村3社,24,2026-04-14,02:30,0.9977,1.0
甘伍村3社,24,2026-04-14,02:45,0.9996,1.0
甘伍村3社,24,2026-04-14,03:00,0.9993,1.0
甘伍村3社,24,2026-04-14,03:15,0.9996,1.0
甘伍村3社,24,2026-04-14,03:30,1.0027,1.0
甘伍村3社,24,2026-04-14,03:45,1.0,1.0
甘伍村3社,24,2026-04-14,04:00,0.9935,1.0
甘伍村3社,24,2026-04-14,04:15,0.9897,1.0
甘伍村3社,24,2026-04-14,04:30,0.9974,1.0
甘伍村3社,24,2026-04-14,04:45,0.9946,1.0
甘伍村3社,24,2026-04-14,05:00,0.9947,1.0
甘伍村3社,24,2026-04-14,05:15,0.9977,0.91
甘伍村3社,24,2026-04-14,05:30,0.996,0.91
甘伍村3社,24,2026-04-14,05:45,0.9935,0.908
甘伍村3社,24,2026-04-14,06:00,0.995,1.0
甘伍村3社,24,2026-04-14,06:15,0.9915,1.0
甘伍村3社,24,2026-04-14,06:30,0.9911,1.0
甘伍村3社,24,2026-04-14,06:45,0.9869,1.0
甘伍村3社,24,2026-04-14,07:00,0.9893,1.0
甘伍村3社,24,2026-04-14,07:15,0.9967,1.0
甘伍村3社,24,2026-04-14,07:30,0.9935,1.0
甘伍村3社,24,2026-04-14,07:45,0.9971,1.0
甘伍村3社,24,2026-04-14,08:00,0.9961,1.0
甘伍村3社,24,2026-04-14,08:15,0.9981,1.0
甘伍村3社,24,2026-04-14,08:30,0.9974,1.0
甘伍村3社,24,2026-04-14,08:45,0.9969,1.0
甘伍村3社,24,2026-04-14,09:00,0.9994,1.0
甘伍村3社,24,2026-04-14,09:15,0.999,1.0
甘伍村3社,24,2026-04-14,09:30,0.9984,1.0
甘伍村3社,24,2026-04-14,09:45,0.9973,1.0
甘伍村3社,24,2026-04-14,10:00,0.9986,1.0
甘伍村3社,24,2026-04-14,10:15,1.0015,1.0
甘伍村3社,24,2026-04-14,10:30,1.0015,1.0
甘伍村3社,24,2026-04-14,10:45,0.9981,1.0
甘伍村3社,24,2026-04-14,11:00,1.0051,1.0
甘伍村3社,24,2026-04-14,11:15,1.0004,1.0
甘伍村3社,24,2026-04-14,11:30,0.9965,1.0
甘伍村3社,24,2026-04-14,11:45,0.9969,1.0
甘伍村3社,24,2026-04-14,12:00,0.9983,1.0
甘伍村3社,24,2026-04-14,12:15,1.002,1.0
甘伍村3社,24,2026-04-14,12:30,0.9972,1.0
甘伍村3社,24,2026-04-14,12:45,1.0007,1.0
甘伍村3社,24,2026-04-14,13:00,0.9978,1.0
甘伍村3社,24,2026-04-14,13:15,1.0021,1.0
甘伍村3社,24,2026-04-14,13:30,0.9984,1.0
甘伍村3社,24,2026-04-14,13:45,1.0013,1.0
甘伍村3社,24,2026-04-14,14:00,0.9981,1.0
甘伍村3社,24,2026-04-14,14:15,1.001,1.0
甘伍村3社,24,2026-04-14,14:30,0.9933,1.0
甘伍村3社,24,2026-04-14,14:45,0.9995,1.0
甘伍村3社,24,2026-04-14,15:00,1.0058,1.0
甘伍村3社,24,2026-04-14,15:15,0.9958,1.0
甘伍村3社,24,2026-04-14,15:30,0.9995,1.0
甘伍村3社,24,2026-04-14,15:45,1.0007,1.0
甘伍村3社,24,2026-04-14,16:00,0.998,1.0
甘伍村3社,24,2026-04-14,16:15,1.0023,1.0
甘伍村3社,24,2026-04-14,16:30,0.9949,1.0
甘伍村3社,24,2026-04-14,16:45,0.9923,1.0
甘伍村3社,24,2026-04-14,17:00,1.0006,1.0
甘伍村3社,24,2026-04-14,17:15,0.9968,1.0
甘伍村3社,24,2026-04-14,17:30,1.0027,1.0
甘伍村3社,24,2026-04-14,17:45,0.9965,1.0
甘伍村3社,24,2026-04-14,18:00,0.9984,1.0
甘伍村3社,24,2026-04-14,18:15,0.9983,1.0
甘伍村3社,24,2026-04-14,18:30,0.9914,1.0
甘伍村3社,24,2026-04-14,18:45,0.9958,1.0
甘伍村3社,24,2026-04-14,19:00,1.0022,1.0
甘伍村3社,24,2026-04-14,19:15,0.9972,1.0
甘伍村3社,24,2026-04-14,19:30,0.9911,1.0
甘伍村3社,24,2026-04-14,19:45,0.9883,1.0
甘伍村3社,24,2026-04-14,20:00,0.9841,1.0
甘伍村3社,24,2026-04-14,20:15,0.9884,1.0
甘伍村3社,24,2026-04-14,20:30,0.992,1.0
甘伍村3社,24,2026-04-14,20:45,0.999,1.0
甘伍村3社,24,2026-04-14,21:00,0.9988,1.0
甘伍村3社,24,2026-04-14,21:15,0.9989,1.0
甘伍村3社,24,2026-04-14,21:30,1.0002,1.0
甘伍村3社,24,2026-04-14,21:45,0.9968,1.0
甘伍村3社,24,2026-04-14,22:00,1.0004,1.0
甘伍村3社,24,2026-04-14,22:15,1.0008,1.0
甘伍村3社,24,2026-04-14,22:30,0.9995,1.0
甘伍村3社,24,2026-04-14,22:45,0.997,1.0
甘伍村3社,24,2026-04-14,23:00,1.0005,1.0
甘伍村3社,24,2026-04-14,23:15,0.9993,1.0
甘伍村3社,24,2026-04-14,23:30,0.9984,1.0
甘伍村3社,24,2026-04-14,23:45,0.9957,1.0
幸福村4社,25,2026-03-28,00:00,0.9939,0.984
幸福村4社,25,2026-03-28,00:15,0.9957,0.984
幸福村4社,25,2026-03-28,00:30,0.9953,0.984
幸福村4社,25,2026-03-28,00:45,0.9969,0.99
幸福村4社,25,2026-03-28,01:00,0.9959,0.99
幸福村4社,25,2026-03-28,01:15,0.9947,0.994
幸福村4社,25,2026-03-28,01:30,0.9971,0.994
幸福村4社,25,2026-03-28,01:45,0.9963,0.994
幸福村4社,25,2026-03-28,02:00,0.9966,0.994
幸福村4社,25,2026-03-28,02:15,0.9954,0.994
幸福村4社,25,2026-03-28,02:30,0.9975,0.994
幸福村4社,25,2026-03-28,02:45,0.9959,0.994
幸福村4社,25,2026-03-28,03:00,0.9959,0.994
幸福村4社,25,2026-03-28,03:15,0.9976,0.993
幸福村4社,25,2026-03-28,03:30,0.9994,0.992
幸福村4社,25,2026-03-28,03:45,0.9958,0.991
幸福村4社,25,2026-03-28,04:00,0.9974,0.991
幸福村4社,25,2026-03-28,04:15,0.9959,0.989
幸福村4社,25,2026-03-28,04:30,0.9991,0.989
幸福村4社,25,2026-03-28,04:45,0.9975,0.99
幸福村4社,25,2026-03-28,05:00,0.9974,0.99
幸福村4社,25,2026-03-28,05:15,0.9952,0.989
幸福村4社,25,2026-03-28,05:30,0.9961,0.989
幸福村4社,25,2026-03-28,05:45,0.9975,0.989
幸福村4社,25,2026-03-28,06:00,0.9972,0.988
幸福村4社,25,2026-03-28,06:15,0.9977,0.986
幸福村4社,25,2026-03-28,06:30,0.9964,0.985
幸福村4社,25,2026-03-28,06:45,0.9959,0.986
幸福村4社,25,2026-03-28,07:00,0.9964,0.989
幸福村4社,25,2026-03-28,07:15,0.9961,0.988
幸福村4社,25,2026-03-28,07:30,0.9975,0.987
幸福村4社,25,2026-03-28,07:45,0.9954,0.987
幸福村4社,25,2026-03-28,08:00,0.9976,0.988
幸福村4社,25,2026-03-28,08:15,1.0003,0.989
幸福村4社,25,2026-03-28,08:30,0.9971,0.988
幸福村4社,25,2026-03-28,08:45,1.0013,0.989
幸福村4社,25,2026-03-28,09:00,0.9988,0.989
幸福村4社,25,2026-03-28,09:15,0.9993,0.989
幸福村4社,25,2026-03-28,09:30,0.9986,0.989
幸福村4社,25,2026-03-28,09:45,0.9992,0.989
幸福村4社,25,2026-03-28,10:00,0.9959,0.991
幸福村4社,25,2026-03-28,10:15,0.9974,0.99
幸福村4社,25,2026-03-28,10:30,0.9995,0.99
幸福村4社,25,2026-03-28,10:45,0.9989,0.99
幸福村4社,25,2026-03-28,11:00,0.9968,0.99
幸福村4社,25,2026-03-28,11:15,1.0005,0.991
幸福村4社,25,2026-03-28,11:30,1.0002,1.0
幸福村4社,25,2026-03-28,11:45,0.9973,1.0
幸福村4社,25,2026-03-28,12:00,0.9998,1.0
幸福村4社,25,2026-03-28,12:15,0.9991,1.0
幸福村4社,25,2026-03-28,12:30,0.9989,1.0
幸福村4社,25,2026-03-28,12:45,0.9996,1.0
幸福村4社,25,2026-03-28,13:00,0.9979,1.0
幸福村4社,25,2026-03-28,13:15,0.9989,1.0
幸福村4社,25,2026-03-28,13:30,1.0009,1.0
幸福村4社,25,2026-03-28,13:45,0.9979,1.0
幸福村4社,25,2026-03-28,14:00,0.998,1.0
幸福村4社,25,2026-03-28,14:15,0.9966,1.0
幸福村4社,25,2026-03-28,14:30,0.9991,1.0
幸福村4社,25,2026-03-28,14:45,0.9976,1.0
幸福村4社,25,2026-03-28,15:00,0.9975,1.0
幸福村4社,25,2026-03-28,15:15,0.9994,1.0
幸福村4社,25,2026-03-28,15:30,1.0002,1.0
幸福村4社,25,2026-03-28,15:45,1.0027,1.0
幸福村4社,25,2026-03-28,16:00,0.9991,1.0
幸福村4社,25,2026-03-28,16:15,1.0015,1.0
幸福村4社,25,2026-03-28,16:30,0.9993,1.0
幸福村4社,25,2026-03-28,16:45,0.9976,1.0
幸福村4社,25,2026-03-28,17:00,0.9973,1.0
幸福村4社,25,2026-03-28,17:15,0.9986,1.0
幸福村4社,25,2026-03-28,17:30,0.9972,1.0
幸福村4社,25,2026-03-28,17:45,0.998,1.0
幸福村4社,25,2026-03-28,18:00,1.001,1.0
幸福村4社,25,2026-03-28,18:15,0.9972,1.0
幸福村4社,25,2026-03-28,18:30,0.996,1.0
幸福村4社,25,2026-03-28,18:45,0.996,1.0
幸福村4社,25,2026-03-28,19:00,0.9969,0.992
幸福村4社,25,2026-03-28,19:15,0.9944,0.992
幸福村4社,25,2026-03-28,19:30,0.9958,0.995
幸福村4社,25,2026-03-28,19:45,0.9921,1.0
幸福村4社,25,2026-03-28,20:00,0.9924,0.991
幸福村4社,25,2026-03-28,20:15,0.9934,0.992
幸福村4社,25,2026-03-28,20:30,0.9923,0.991
幸福村4社,25,2026-03-28,20:45,0.9932,0.986
幸福村4社,25,2026-03-28,21:00,0.9932,0.984
幸福村4社,25,2026-03-28,21:15,0.9944,0.985
幸福村4社,25,2026-03-28,21:30,0.9929,0.985
幸福村4社,25,2026-03-28,21:45,0.9932,0.987
幸福村4社,25,2026-03-28,22:00,0.9942,0.985
幸福村4社,25,2026-03-28,22:15,0.9919,0.987
幸福村4社,25,2026-03-28,22:30,0.9936,0.989
幸福村4社,25,2026-03-28,22:45,0.9962,0.989
幸福村4社,25,2026-03-28,23:00,0.9938,0.994
幸福村4社,25,2026-03-28,23:15,0.9966,0.989
幸福村4社,25,2026-03-28,23:30,0.9941,0.996
幸福村4社,25,2026-03-28,23:45,0.9951,0.996
幸福村4社,25,2026-03-29,00:00,0.9966,1.0
幸福村4社,25,2026-03-29,00:15,0.9961,1.0
幸福村4社,25,2026-03-29,00:30,0.9971,1.0
幸福村4社,25,2026-03-29,00:45,0.9989,0.999
幸福村4社,25,2026-03-29,01:00,0.9971,1.0
幸福村4社,25,2026-03-29,01:15,0.9967,1.0
幸福村4社,25,2026-03-29,01:30,0.9953,1.0
幸福村4社,25,2026-03-29,01:45,0.9968,1.0
幸福村4社,25,2026-03-29,02:00,0.9966,1.0
幸福村4社,25,2026-03-29,02:15,0.9972,1.0
幸福村4社,25,2026-03-29,02:30,0.9975,1.0
幸福村4社,25,2026-03-29,02:45,0.9955,1.0
幸福村4社,25,2026-03-29,03:00,0.9966,1.0
幸福村4社,25,2026-03-29,03:15,0.9953,1.0
幸福村4社,25,2026-03-29,03:30,0.9952,1.0
幸福村4社,25,2026-03-29,03:45,0.9934,1.0
幸福村4社,25,2026-03-29,04:00,0.9964,1.0
幸福村4社,25,2026-03-29,04:15,0.9964,1.0
幸福村4社,25,2026-03-29,04:30,0.9966,1.0
幸福村4社,25,2026-03-29,04:45,0.9967,1.0
幸福村4社,25,2026-03-29,05:00,0.996,1.0
幸福村4社,25,2026-03-29,05:15,0.9972,1.0
幸福村4社,25,2026-03-29,05:30,0.9952,1.0
幸福村4社,25,2026-03-29,05:45,0.9977,1.0
幸福村4社,25,2026-03-29,06:00,0.9972,1.0
幸福村4社,25,2026-03-29,06:15,0.9965,1.0
幸福村4社,25,2026-03-29,06:30,0.995,1.0
幸福村4社,25,2026-03-29,06:45,0.9957,1.0
幸福村4社,25,2026-03-29,07:00,0.9952,1.0
幸福村4社,25,2026-03-29,07:15,0.996,1.0
幸福村4社,25,2026-03-29,07:30,0.9969,1.0
幸福村4社,25,2026-03-29,07:45,0.9961,1.0
幸福村4社,25,2026-03-29,08:00,0.9991,1.0
幸福村4社,25,2026-03-29,08:15,1.0012,0.999
幸福村4社,25,2026-03-29,08:30,0.9986,0.999
幸福村4社,25,2026-03-29,08:45,0.9988,1.0
幸福村4社,25,2026-03-29,09:00,0.9974,1.0
幸福村4社,25,2026-03-29,09:15,0.9984,1.0
幸福村4社,25,2026-03-29,09:30,1.0004,1.0
幸福村4社,25,2026-03-29,09:45,1.0006,1.0
幸福村4社,25,2026-03-29,10:00,0.9984,1.0
幸福村4社,25,2026-03-29,10:15,0.998,0.999
幸福村4社,25,2026-03-29,10:30,0.9989,0.999
幸福村4社,25,2026-03-29,10:45,1.0,1.0
幸福村4社,25,2026-03-29,11:00,0.9994,1.0
幸福村4社,25,2026-03-29,11:15,1.0001,1.0
幸福村4社,25,2026-03-29,11:30,0.9991,1.0
幸福村4社,25,2026-03-29,11:45,0.9994,1.0
幸福村4社,25,2026-03-29,12:00,0.9987,1.0
幸福村4社,25,2026-03-29,12:15,0.9991,0.999
幸福村4社,25,2026-03-29,12:30,0.9989,1.0
幸福村4社,25,2026-03-29,12:45,0.9986,0.999
幸福村4社,25,2026-03-29,13:00,0.9995,0.999
幸福村4社,25,2026-03-29,13:15,0.9977,1.0
幸福村4社,25,2026-03-29,13:30,0.998,1.0
幸福村4社,25,2026-03-29,13:45,1.0,1.0
幸福村4社,25,2026-03-29,14:00,0.9966,0.999
幸福村4社,25,2026-03-29,14:15,0.997,0.999
幸福村4社,25,2026-03-29,14:30,1.0009,1.0
幸福村4社,25,2026-03-29,14:45,0.9975,1.0
幸福村4社,25,2026-03-29,15:00,0.9969,1.0
幸福村4社,25,2026-03-29,15:15,0.9971,0.999
幸福村4社,25,2026-03-29,15:30,0.9994,1.0
幸福村4社,25,2026-03-29,15:45,0.9997,1.0
幸福村4社,25,2026-03-29,16:00,1.0011,1.0
幸福村4社,25,2026-03-29,16:15,1.0002,0.999
幸福村4社,25,2026-03-29,16:30,0.9979,0.999
幸福村4社,25,2026-03-29,16:45,0.9989,0.999
幸福村4社,25,2026-03-29,17:00,0.9984,1.0
幸福村4社,25,2026-03-29,17:15,0.9995,0.999
幸福村4社,25,2026-03-29,17:30,0.9979,0.997
幸福村4社,25,2026-03-29,17:45,0.9989,1.0
幸福村4社,25,2026-03-29,18:00,1.0016,1.0
幸福村4社,25,2026-03-29,18:15,0.9996,1.0
幸福村4社,25,2026-03-29,18:30,0.9989,0.999
幸福村4社,25,2026-03-29,18:45,0.9982,1.0
幸福村4社,25,2026-03-29,19:00,0.9964,1.0
幸福村4社,25,2026-03-29,19:15,0.9949,1.0
幸福村4社,25,2026-03-29,19:30,0.9929,1.0
幸福村4社,25,2026-03-29,19:45,0.9929,0.998
幸福村4社,25,2026-03-29,20:00,0.9941,0.992
幸福村4社,25,2026-03-29,20:15,0.9932,0.986
幸福村4社,25,2026-03-29,20:30,0.9928,0.986
幸福村4社,25,2026-03-29,20:45,0.9931,0.984
幸福村4社,25,2026-03-29,21:00,0.9934,0.983
幸福村4社,25,2026-03-29,21:15,0.9948,0.984
幸福村4社,25,2026-03-29,21:30,0.9947,0.983
幸福村4社,25,2026-03-29,21:45,0.9945,0.987
幸福村4社,25,2026-03-29,22:00,0.9927,0.986
幸福村4社,25,2026-03-29,22:15,0.9927,0.986
幸福村4社,25,2026-03-29,22:30,0.9916,0.986
幸福村4社,25,2026-03-29,22:45,0.9938,0.994
幸福村4社,25,2026-03-29,23:00,0.9932,0.999
幸福村4社,25,2026-03-29,23:15,0.9954,0.998
幸福村4社,25,2026-03-29,23:30,0.9952,0.998
幸福村4社,25,2026-03-29,23:45,0.9964,0.999
幸福村4社,25,2026-03-30,00:00,0.9944,0.998
幸福村4社,25,2026-03-30,00:15,0.9961,0.998
幸福村4社,25,2026-03-30,00:30,0.9946,0.998
幸福村4社,25,2026-03-30,00:45,0.9946,0.998
幸福村4社,25,2026-03-30,01:00,0.994,0.998
幸福村4社,25,2026-03-30,01:15,0.9974,1.0
幸福村4社,25,2026-03-30,01:30,0.9969,1.0
幸福村4社,25,2026-03-30,01:45,0.9994,1.0
幸福村4社,25,2026-03-30,02:00,0.9957,1.0
幸福村4社,25,2026-03-30,02:15,0.9994,1.0
幸福村4社,25,2026-03-30,02:30,0.9969,1.0
幸福村4社,25,2026-03-30,02:45,0.9964,1.0
幸福村4社,25,2026-03-30,03:00,0.997,1.0
幸福村4社,25,2026-03-30,03:15,0.9961,1.0
幸福村4社,25,2026-03-30,03:30,0.9948,1.0
幸福村4社,25,2026-03-30,03:45,0.9941,1.0
幸福村4社,25,2026-03-30,04:00,0.997,1.0
幸福村4社,25,2026-03-30,04:15,0.9967,1.0
幸福村4社,25,2026-03-30,04:30,0.9964,1.0
幸福村4社,25,2026-03-30,04:45,0.9965,1.0
幸福村4社,25,2026-03-30,05:00,0.9947,1.0
幸福村4社,25,2026-03-30,05:15,0.9967,1.0
幸福村4社,25,2026-03-30,05:30,0.9955,1.0
幸福村4社,25,2026-03-30,05:45,0.9976,1.0
幸福村4社,25,2026-03-30,06:00,0.9965,1.0
幸福村4社,25,2026-03-30,06:15,0.9961,1.0
幸福村4社,25,2026-03-30,06:30,0.996,1.0
幸福村4社,25,2026-03-30,06:45,0.9982,1.0
幸福村4社,25,2026-03-30,07:00,0.9964,1.0
幸福村4社,25,2026-03-30,07:15,0.9962,1.0
幸福村4社,25,2026-03-30,07:30,0.9966,1.0
幸福村4社,25,2026-03-30,07:45,0.9977,1.0
幸福村4社,25,2026-03-30,08:00,0.9978,1.0
幸福村4社,25,2026-03-30,08:15,0.9988,1.0
幸福村4社,25,2026-03-30,08:30,0.9977,1.0
幸福村4社,25,2026-03-30,08:45,0.9985,1.0
幸福村4社,25,2026-03-30,09:00,0.9966,1.0
幸福村4社,25,2026-03-30,09:15,0.9975,1.0
幸福村4社,25,2026-03-30,09:30,0.9993,1.0
幸福村4社,25,2026-03-30,09:45,0.9998,1.0
幸福村4社,25,2026-03-30,10:00,0.9998,1.0
幸福村4社,25,2026-03-30,10:15,0.9978,1.0
幸福村4社,25,2026-03-30,10:30,0.9969,1.0
幸福村4社,25,2026-03-30,10:45,1.0006,1.0
幸福村4社,25,2026-03-30,11:00,0.9959,0.999
幸福村4社,25,2026-03-30,11:15,1.0006,1.0
幸福村4社,25,2026-03-30,11:30,1.001,1.0
幸福村4社,25,2026-03-30,11:45,1.0003,1.0
幸福村4社,25,2026-03-30,12:00,0.9981,1.0
幸福村4社,25,2026-03-30,12:15,0.9978,1.0
幸福村4社,25,2026-03-30,12:30,0.9992,1.0
幸福村4社,25,2026-03-30,12:45,0.999,1.0
幸福村4社,25,2026-03-30,13:00,0.9978,1.0
幸福村4社,25,2026-03-30,13:15,0.9991,1.0
幸福村4社,25,2026-03-30,13:30,0.9991,1.0
幸福村4社,25,2026-03-30,13:45,0.9991,1.0
幸福村4社,25,2026-03-30,14:00,0.9966,1.0
幸福村4社,25,2026-03-30,14:15,0.9963,1.0
幸福村4社,25,2026-03-30,14:30,0.9985,1.0
幸福村4社,25,2026-03-30,14:45,0.9971,1.0
幸福村4社,25,2026-03-30,15:00,0.9962,1.0
幸福村4社,25,2026-03-30,15:15,1.0012,1.0
幸福村4社,25,2026-03-30,15:30,1.0006,1.0
幸福村4社,25,2026-03-30,15:45,0.9986,1.0
幸福村4社,25,2026-03-30,16:00,1.0004,0.999
幸福村4社,25,2026-03-30,16:15,0.9981,1.0
幸福村4社,25,2026-03-30,16:30,0.9977,1.0
幸福村4社,25,2026-03-30,16:45,0.9985,1.0
幸福村4社,25,2026-03-30,17:00,0.9981,1.0
幸福村4社,25,2026-03-30,17:15,0.9985,1.0
幸福村4社,25,2026-03-30,17:30,0.9958,1.0
幸福村4社,25,2026-03-30,17:45,0.9979,0.999
幸福村4社,25,2026-03-30,18:00,0.9969,1.0
幸福村4社,25,2026-03-30,18:15,0.9967,1.0
幸福村4社,25,2026-03-30,18:30,0.9982,1.0
幸福村4社,25,2026-03-30,18:45,0.9979,1.0
幸福村4社,25,2026-03-30,19:00,0.9946,0.999
幸福村4社,25,2026-03-30,19:15,0.9954,0.999
幸福村4社,25,2026-03-30,19:30,0.9936,0.993
幸福村4社,25,2026-03-30,19:45,0.9902,0.994
幸福村4社,25,2026-03-30,20:00,0.9905,0.99
幸福村4社,25,2026-03-30,20:15,0.9951,0.992
幸福村4社,25,2026-03-30,20:30,0.9943,0.993
幸福村4社,25,2026-03-30,20:45,0.9927,0.992
幸福村4社,25,2026-03-30,21:00,0.9938,0.991
幸福村4社,25,2026-03-30,21:15,0.9939,0.991
幸福村4社,25,2026-03-30,21:30,0.9921,0.991
幸福村4社,25,2026-03-30,21:45,0.994,0.996
幸福村4社,25,2026-03-30,22:00,0.9922,0.996
幸福村4社,25,2026-03-30,22:15,0.9907,0.997
幸福村4社,25,2026-03-30,22:30,0.9922,0.997
幸福村4社,25,2026-03-30,22:45,0.9954,0.998
幸福村4社,25,2026-03-30,23:00,0.9951,0.999
幸福村4社,25,2026-03-30,23:15,0.9948,0.999
幸福村4社,25,2026-03-30,23:30,0.9964,1.0
幸福村4社,25,2026-03-30,23:45,0.9972,1.0
幸福村4社,26,2026-03-03,00:00,0.9916,0.988
幸福村4社,26,2026-03-03,00:15,0.9937,0.989
幸福村4社,26,2026-03-03,00:30,0.9936,0.988
幸福村4社,26,2026-03-03,00:45,0.993,0.988
幸福村4社,26,2026-03-03,01:00,0.9932,0.988
幸福村4社,26,2026-03-03,01:15,0.9925,0.988
幸福村4社,26,2026-03-03,01:30,0.9946,0.988
幸福村4社,26,2026-03-03,01:45,0.9942,0.988
幸福村4社,26,2026-03-03,02:00,0.9944,0.989
幸福村4社,26,2026-03-03,02:15,0.9935,0.989
幸福村4社,26,2026-03-03,02:30,0.9954,0.989
幸福村4社,26,2026-03-03,02:45,0.9936,0.989
幸福村4社,26,2026-03-03,03:00,0.9934,0.999
幸福村4社,26,2026-03-03,03:15,0.9948,1.0
幸福村4社,26,2026-03-03,03:30,0.997,1.0
幸福村4社,26,2026-03-03,03:45,0.9935,1.0
幸福村4社,26,2026-03-03,04:00,0.9958,1.0
幸福村4社,26,2026-03-03,04:15,0.9938,1.0
幸福村4社,26,2026-03-03,04:30,0.9973,1.0
幸福村4社,26,2026-03-03,04:45,0.9953,1.0
幸福村4社,26,2026-03-03,05:00,0.9946,1.0
幸福村4社,26,2026-03-03,05:15,0.9929,1.0
幸福村4社,26,2026-03-03,05:30,0.9942,1.0
幸福村4社,26,2026-03-03,05:45,0.9948,1.0
幸福村4社,26,2026-03-03,06:00,0.9946,0.999
幸福村4社,26,2026-03-03,06:15,0.9961,0.999
幸福村4社,26,2026-03-03,06:30,0.994,1.0
幸福村4社,26,2026-03-03,06:45,0.9947,0.999
幸福村4社,26,2026-03-03,07:00,0.9952,0.999
幸福村4社,26,2026-03-03,07:15,0.9953,0.999
幸福村4社,26,2026-03-03,07:30,0.9968,1.0
幸福村4社,26,2026-03-03,07:45,0.9942,1.0
幸福村4社,26,2026-03-03,08:00,0.9965,1.0
幸福村4社,26,2026-03-03,08:15,0.9996,1.0
幸福村4社,26,2026-03-03,08:30,0.9969,1.0
幸福村4社,26,2026-03-03,08:45,1.0006,1.0
幸福村4社,26,2026-03-03,09:00,0.9982,1.0
幸福村4社,26,2026-03-03,09:15,0.9973,1.0
幸福村4社,26,2026-03-03,09:30,0.9966,1.0
幸福村4社,26,2026-03-03,09:45,0.9976,1.0
幸福村4社,26,2026-03-03,10:00,0.9954,1.0
幸福村4社,26,2026-03-03,10:15,0.9964,1.0
幸福村4社,26,2026-03-03,10:30,0.9979,1.0
幸福村4社,26,2026-03-03,10:45,0.998,1.0
幸福村4社,26,2026-03-03,11:00,0.9945,1.0
幸福村4社,26,2026-03-03,11:15,0.9995,1.0
幸福村4社,26,2026-03-03,11:30,0.9979,0.999
幸福村4社,26,2026-03-03,11:45,0.996,0.999
幸福村4社,26,2026-03-03,12:00,0.9975,1.0
幸福村4社,26,2026-03-03,12:15,0.9987,1.0
幸福村4社,26,2026-03-03,12:30,0.9983,1.0
幸福村4社,26,2026-03-03,12:45,0.9979,1.0
幸福村4社,26,2026-03-03,13:00,0.9965,1.0
幸福村4社,26,2026-03-03,13:15,0.9985,1.0
幸福村4社,26,2026-03-03,13:30,1.0002,1.0
幸福村4社,26,2026-03-03,13:45,0.9962,1.0
幸福村4社,26,2026-03-03,14:00,0.9963,1.0
幸福村4社,26,2026-03-03,14:15,0.9953,1.0
幸福村4社,26,2026-03-03,14:30,0.9977,1.0
幸福村4社,26,2026-03-03,14:45,0.9957,1.0
幸福村4社,26,2026-03-03,15:00,0.996,1.0
幸福村4社,26,2026-03-03,15:15,0.9977,1.0
幸福村4社,26,2026-03-03,15:30,0.998,1.0
幸福村4社,26,2026-03-03,15:45,1.0003,1.0
幸福村4社,26,2026-03-03,16:00,0.998,1.0
幸福村4社,26,2026-03-03,16:15,0.9996,1.0
幸福村4社,26,2026-03-03,16:30,0.998,1.0
幸福村4社,26,2026-03-03,16:45,0.9966,1.0
幸福村4社,26,2026-03-03,17:00,0.9956,1.0
幸福村4社,26,2026-03-03,17:15,0.9975,1.0
幸福村4社,26,2026-03-03,17:30,0.9962,1.0
幸福村4社,26,2026-03-03,17:45,0.997,1.0
幸福村4社,26,2026-03-03,18:00,0.9996,1.0
幸福村4社,26,2026-03-03,18:15,0.9964,1.0
幸福村4社,26,2026-03-03,18:30,0.9946,1.0
幸福村4社,26,2026-03-03,18:45,0.9957,1.0
幸福村4社,26,2026-03-03,19:00,0.9963,1.0
幸福村4社,26,2026-03-03,19:15,0.9941,0.992
幸福村4社,26,2026-03-03,19:30,0.9955,0.992
幸福村4社,26,2026-03-03,19:45,0.9913,0.993
幸福村4社,26,2026-03-03,20:00,0.9912,0.992
幸福村4社,26,2026-03-03,20:15,0.9919,0.993
幸福村4社,26,2026-03-03,20:30,0.9913,0.993
幸福村4社,26,2026-03-03,20:45,0.9917,0.993
幸福村4社,26,2026-03-03,21:00,0.9919,0.99
幸福村4社,26,2026-03-03,21:15,0.9924,0.991
幸福村4社,26,2026-03-03,21:30,0.9914,0.998
幸福村4社,26,2026-03-03,21:45,0.9917,0.998
幸福村4社,26,2026-03-03,22:00,0.9918,0.998
幸福村4社,26,2026-03-03,22:15,0.991,0.998
幸福村4社,26,2026-03-03,22:30,0.9916,0.999
幸福村4社,26,2026-03-03,22:45,0.9937,0.998
幸福村4社,26,2026-03-03,23:00,0.9913,0.998
幸福村4社,26,2026-03-03,23:15,0.9934,0.998
幸福村4社,26,2026-03-03,23:30,0.9916,0.998
幸福村4社,26,2026-03-03,23:45,0.9931,0.999
幸福村4社,26,2026-03-04,00:00,0.9953,0.999
幸福村4社,26,2026-03-04,00:15,0.9941,0.999
幸福村4社,26,2026-03-04,00:30,0.9949,0.999
幸福村4社,26,2026-03-04,00:45,0.9963,0.999
幸福村4社,26,2026-03-04,01:00,0.9953,1.0
幸福村4社,26,2026-03-04,01:15,0.9952,0.999
幸福村4社,26,2026-03-04,01:30,0.9934,1.0
幸福村4社,26,2026-03-04,01:45,0.9943,0.999
幸福村4社,26,2026-03-04,02:00,0.9939,0.999
幸福村4社,26,2026-03-04,02:15,0.9953,0.999
幸福村4社,26,2026-03-04,02:30,0.9949,0.999
幸福村4社,26,2026-03-04,02:45,0.9935,0.999
幸福村4社,26,2026-03-04,03:00,0.9953,0.999
幸福村4社,26,2026-03-04,03:15,0.9938,0.999
幸福村4社,26,2026-03-04,03:30,0.9935,0.999
幸福村4社,26,2026-03-04,03:45,0.9916,0.999
幸福村4社,26,2026-03-04,04:00,0.9944,1.0
幸福村4社,26,2026-03-04,04:15,0.9952,0.999
幸福村4社,26,2026-03-04,04:30,0.9939,0.999
幸福村4社,26,2026-03-04,04:45,0.9948,0.999
幸福村4社,26,2026-03-04,05:00,0.9936,0.999
幸福村4社,26,2026-03-04,05:15,0.9954,0.999
幸福村4社,26,2026-03-04,05:30,0.9931,0.999
幸福村4社,26,2026-03-04,05:45,0.9952,0.999
幸福村4社,26,2026-03-04,06:00,0.995,1.0
幸福村4社,26,2026-03-04,06:15,0.9943,1.0
幸福村4社,26,2026-03-04,06:30,0.9938,1.0
幸福村4社,26,2026-03-04,06:45,0.994,1.0
幸福村4社,26,2026-03-04,07:00,0.9932,1.0
幸福村4社,26,2026-03-04,07:15,0.9947,1.0
幸福村4社,26,2026-03-04,07:30,0.9954,1.0
幸福村4社,26,2026-03-04,07:45,0.9949,1.0
幸福村4社,26,2026-03-04,08:00,0.9979,1.0
幸福村4社,26,2026-03-04,08:15,0.9996,1.0
幸福村4社,26,2026-03-04,08:30,0.9981,1.0
幸福村4社,26,2026-03-04,08:45,0.9979,1.0
幸福村4社,26,2026-03-04,09:00,0.9973,1.0
幸福村4社,26,2026-03-04,09:15,0.9981,1.0
幸福村4社,26,2026-03-04,09:30,0.9989,1.0
幸福村4社,26,2026-03-04,09:45,0.9995,1.0
幸福村4社,26,2026-03-04,10:00,0.9968,1.0
幸福村4社,26,2026-03-04,10:15,0.9959,1.0
幸福村4社,26,2026-03-04,10:30,0.997,1.0
幸福村4社,26,2026-03-04,10:45,0.9986,1.0
幸福村4社,26,2026-03-04,11:00,0.9982,1.0
幸福村4社,26,2026-03-04,11:15,0.999,1.0
幸福村4社,26,2026-03-04,11:30,0.9974,1.0
幸福村4社,26,2026-03-04,11:45,0.9977,1.0
幸福村4社,26,2026-03-04,12:00,0.9978,1.0
幸福村4社,26,2026-03-04,12:15,0.998,1.0
幸福村4社,26,2026-03-04,12:30,0.9976,1.0
幸福村4社,26,2026-03-04,12:45,0.9978,1.0
幸福村4社,26,2026-03-04,13:00,0.9976,0.989
幸福村4社,26,2026-03-04,13:15,0.9952,1.0
幸福村4社,26,2026-03-04,13:30,0.9963,1.0
幸福村4社,26,2026-03-04,13:45,0.998,1.0
幸福村4社,26,2026-03-04,14:00,0.9947,1.0
幸福村4社,26,2026-03-04,14:15,0.995,1.0
幸福村4社,26,2026-03-04,14:30,1.0,1.0
幸福村4社,26,2026-03-04,14:45,0.9962,1.0
幸福村4社,26,2026-03-04,15:00,0.9961,1.0
幸福村4社,26,2026-03-04,15:15,0.995,1.0
幸福村4社,26,2026-03-04,15:30,0.998,1.0
幸福村4社,26,2026-03-04,15:45,0.9988,1.0
幸福村4社,26,2026-03-04,16:00,0.999,1.0
幸福村4社,26,2026-03-04,16:15,0.9982,1.0
幸福村4社,26,2026-03-04,16:30,0.9969,1.0
幸福村4社,26,2026-03-04,16:45,0.9973,1.0
幸福村4社,26,2026-03-04,17:00,0.9979,1.0
幸福村4社,26,2026-03-04,17:15,0.9981,1.0
幸福村4社,26,2026-03-04,17:30,0.9969,1.0
幸福村4社,26,2026-03-04,17:45,0.9975,1.0
幸福村4社,26,2026-03-04,18:00,1.0002,1.0
幸福村4社,26,2026-03-04,18:15,0.9986,1.0
幸福村4社,26,2026-03-04,18:30,0.9973,1.0
幸福村4社,26,2026-03-04,18:45,0.997,0.996
幸福村4社,26,2026-03-04,19:00,0.9952,0.998
幸福村4社,26,2026-03-04,19:15,0.9948,0.995
幸福村4社,26,2026-03-04,19:30,0.9917,0.994
幸福村4社,26,2026-03-04,19:45,0.9919,0.98
幸福村4社,26,2026-03-04,20:00,0.9932,0.978
幸福村4社,26,2026-03-04,20:15,0.9923,0.992
幸福村4社,26,2026-03-04,20:30,0.9917,0.992
幸福村4社,26,2026-03-04,20:45,0.9915,0.992
幸福村4社,26,2026-03-04,21:00,0.9917,0.992
幸福村4社,26,2026-03-04,21:15,0.9928,0.997
幸福村4社,26,2026-03-04,21:30,0.9928,0.999
幸福村4社,26,2026-03-04,21:45,0.9928,0.999
幸福村4社,26,2026-03-04,22:00,0.9905,1.0
幸福村4社,26,2026-03-04,22:15,0.9901,1.0
幸福村4社,26,2026-03-04,22:30,0.9893,1.0
幸福村4社,26,2026-03-04,22:45,0.9917,1.0
幸福村4社,26,2026-03-04,23:00,0.9909,1.0
幸福村4社,26,2026-03-04,23:15,0.9936,1.0
幸福村4社,26,2026-03-04,23:30,0.9924,1.0
幸福村4社,26,2026-03-04,23:45,0.9938,1.0
幸福村4社,26,2026-03-05,00:00,0.9934,1.0
幸福村4社,26,2026-03-05,00:15,0.9942,1.0
幸福村4社,26,2026-03-05,00:30,0.9931,1.0
幸福村4社,26,2026-03-05,00:45,0.9922,1.0
幸福村4社,26,2026-03-05,01:00,0.9917,1.0
幸福村4社,26,2026-03-05,01:15,0.9955,1.0
幸福村4社,26,2026-03-05,01:30,0.995,1.0
幸福村4社,26,2026-03-05,01:45,0.998,1.0
幸福村4社,26,2026-03-05,02:00,0.9944,1.0
幸福村4社,26,2026-03-05,02:15,0.9967,1.0
幸福村4社,26,2026-03-05,02:30,0.9951,1.0
幸福村4社,26,2026-03-05,02:45,0.9941,1.0
幸福村4社,26,2026-03-05,03:00,0.9947,1.0
幸福村4社,26,2026-03-05,03:15,0.9941,1.0
幸福村4社,26,2026-03-05,03:30,0.9933,1.0
幸福村4社,26,2026-03-05,03:45,0.9926,1.0
幸福村4社,26,2026-03-05,04:00,0.9955,1.0
幸福村4社,26,2026-03-05,04:15,0.995,1.0
幸福村4社,26,2026-03-05,04:30,0.9939,1.0
幸福村4社,26,2026-03-05,04:45,0.9943,1.0
幸福村4社,26,2026-03-05,05:00,0.9924,0.999
幸福村4社,26,2026-03-05,05:15,0.9952,1.0
幸福村4社,26,2026-03-05,05:30,0.9939,1.0
幸福村4社,26,2026-03-05,05:45,0.9958,0.999
幸福村4社,26,2026-03-05,06:00,0.9949,1.0
幸福村4社,26,2026-03-05,06:15,0.9945,1.0
幸福村4社,26,2026-03-05,06:30,0.9945,1.0
幸福村4社,26,2026-03-05,06:45,0.9975,1.0
幸福村4社,26,2026-03-05,07:00,0.9955,1.0
幸福村4社,26,2026-03-05,07:15,0.9963,1.0
幸福村4社,26,2026-03-05,07:30,0.9971,1.0
幸福村4社,26,2026-03-05,07:45,0.9966,1.0
幸福村4社,26,2026-03-05,08:00,0.9969,1.0
幸福村4社,26,2026-03-05,08:15,0.9975,1.0
幸福村4社,26,2026-03-05,08:30,0.9969,1.0
幸福村4社,26,2026-03-05,08:45,0.9978,1.0
幸福村4社,26,2026-03-05,09:00,0.9962,1.0
幸福村4社,26,2026-03-05,09:15,0.9969,1.0
幸福村4社,26,2026-03-05,09:30,0.9989,1.0
幸福村4社,26,2026-03-05,09:45,0.9986,1.0
幸福村4社,26,2026-03-05,10:00,0.9988,1.0
幸福村4社,26,2026-03-05,10:15,0.997,1.0
幸福村4社,26,2026-03-05,10:30,0.9952,1.0
幸福村4社,26,2026-03-05,10:45,0.9998,1.0
幸福村4社,26,2026-03-05,11:00,0.9949,1.0
幸福村4社,26,2026-03-05,11:15,0.998,1.0
幸福村4社,26,2026-03-05,11:30,0.9987,1.0
幸福村4社,26,2026-03-05,11:45,0.9981,1.0
幸福村4社,26,2026-03-05,12:00,0.9965,1.0
幸福村4社,26,2026-03-05,12:15,0.996,1.0
幸福村4社,26,2026-03-05,12:30,0.9981,1.0
幸福村4社,26,2026-03-05,12:45,0.9974,1.0
幸福村4社,26,2026-03-05,13:00,0.9966,1.0
幸福村4社,26,2026-03-05,13:15,0.997,1.0
幸福村4社,26,2026-03-05,13:30,0.9976,0.999
幸福村4社,26,2026-03-05,13:45,0.9967,1.0
幸福村4社,26,2026-03-05,14:00,0.9932,1.0
幸福村4社,26,2026-03-05,14:15,0.9937,0.999
幸福村4社,26,2026-03-05,14:30,0.9969,0.999
幸福村4社,26,2026-03-05,14:45,0.9946,1.0
幸福村4社,26,2026-03-05,15:00,0.9942,1.0
幸福村4社,26,2026-03-05,15:15,0.9992,1.0
幸福村4社,26,2026-03-05,15:30,0.9995,1.0
幸福村4社,26,2026-03-05,15:45,0.9974,0.999
幸福村4社,26,2026-03-05,16:00,0.9989,0.999
幸福村4社,26,2026-03-05,16:15,0.9961,1.0
幸福村4社,26,2026-03-05,16:30,0.9977,0.999
幸福村4社,26,2026-03-05,16:45,0.9982,0.999
幸福村4社,26,2026-03-05,17:00,0.9966,1.0
幸福村4社,26,2026-03-05,17:15,0.9969,1.0
幸福村4社,26,2026-03-05,17:30,0.9951,1.0
幸福村4社,26,2026-03-05,17:45,0.9972,1.0
幸福村4社,26,2026-03-05,18:00,0.9967,1.0
幸福村4社,26,2026-03-05,18:15,0.9959,1.0
幸福村4社,26,2026-03-05,18:30,0.9979,0.996
幸福村4社,26,2026-03-05,18:45,0.9969,0.996
幸福村4社,26,2026-03-05,19:00,0.9939,0.994
幸福村4社,26,2026-03-05,19:15,0.9944,0.999
幸福村4社,26,2026-03-05,19:30,0.9928,0.993
幸福村4社,26,2026-03-05,19:45,0.9897,0.991
幸福村4社,26,2026-03-05,20:00,0.9897,0.993
幸福村4社,26,2026-03-05,20:15,0.9945,0.993
幸福村4社,26,2026-03-05,20:30,0.9936,0.993
幸福村4社,26,2026-03-05,20:45,0.9915,0.992
幸福村4社,26,2026-03-05,21:00,0.9926,0.992
幸福村4社,26,2026-03-05,21:15,0.9929,0.992
幸福村4社,26,2026-03-05,21:30,0.9906,0.997
幸福村4社,26,2026-03-05,21:45,0.9918,0.997
幸福村4社,26,2026-03-05,22:00,0.9905,1.0
幸福村4社,26,2026-03-05,22:15,0.9888,1.0
幸福村4社,26,2026-03-05,22:30,0.9902,0.995
幸福村4社,26,2026-03-05,22:45,0.9932,0.995
幸福村4社,26,2026-03-05,23:00,0.9929,0.995
幸福村4社,26,2026-03-05,23:15,0.9932,0.994
幸福村4社,26,2026-03-05,23:30,0.9942,0.994
幸福村4社,26,2026-03-05,23:45,0.9956,0.995
马鞍村1社,27,2026-02-04,00:00,0.8617,0.922
马鞍村1社,27,2026-02-04,00:15,0.8564,0.851
马鞍村1社,27,2026-02-04,00:30,0.8294,0.907
马鞍村1社,27,2026-02-04,00:45,0.842,0.958
马鞍村1社,27,2026-02-04,01:00,0.8423,0.831
马鞍村1社,27,2026-02-04,01:15,0.832,0.925
马鞍村1社,27,2026-02-04,01:30,0.8439,0.92
马鞍村1社,27,2026-02-04,01:45,0.8072,0.897
马鞍村1社,27,2026-02-04,02:00,0.8138,0.89
马鞍村1社,27,2026-02-04,02:15,0.7902,0.9
马鞍村1社,27,2026-02-04,02:30,0.812,0.855
马鞍村1社,27,2026-02-04,02:45,0.7985,0.923
马鞍村1社,27,2026-02-04,03:00,0.8012,0.907
马鞍村1社,27,2026-02-04,03:15,0.7831,0.905
马鞍村1社,27,2026-02-04,03:30,0.7966,0.902
马鞍村1社,27,2026-02-04,03:45,0.8096,0.849
马鞍村1社,27,2026-02-04,04:00,0.7986,0.806
马鞍村1社,27,2026-02-04,04:15,0.7908,0.851
马鞍村1社,27,2026-02-04,04:30,0.7944,0.77
马鞍村1社,27,2026-02-04,04:45,0.7922,0.808
马鞍村1社,27,2026-02-04,05:00,0.7975,0.913
马鞍村1社,27,2026-02-04,05:15,0.7997,0.882
马鞍村1社,27,2026-02-04,05:30,0.7953,0.769
马鞍村1社,27,2026-02-04,05:45,0.8015,0.821
马鞍村1社,27,2026-02-04,06:00,0.8039,0.794
马鞍村1社,27,2026-02-04,06:15,0.8138,0.898
马鞍村1社,27,2026-02-04,06:30,0.8259,0.756
马鞍村1社,27,2026-02-04,06:45,0.8233,0.804
马鞍村1社,27,2026-02-04,07:00,0.8474,0.819
马鞍村1社,27,2026-02-04,07:15,0.8728,0.761
马鞍村1社,27,2026-02-04,07:30,0.9099,0.959
马鞍村1社,27,2026-02-04,07:45,0.9196,0.983
马鞍村1社,27,2026-02-04,08:00,0.9517,0.977
马鞍村1社,27,2026-02-04,08:15,0.9737,0.992
马鞍村1社,27,2026-02-04,08:30,0.9844,0.988
马鞍村1社,27,2026-02-04,08:45,0.9859,0.997
马鞍村1社,27,2026-02-04,09:00,0.9867,0.992
马鞍村1社,27,2026-02-04,09:15,0.9773,0.994
马鞍村1社,27,2026-02-04,09:30,0.9784,0.981
马鞍村1社,27,2026-02-04,09:45,0.9725,0.988
马鞍村1社,27,2026-02-04,10:00,0.9662,0.992
马鞍村1社,27,2026-02-04,10:15,0.94,0.997
马鞍村1社,27,2026-02-04,10:30,0.9414,0.976
马鞍村1社,27,2026-02-04,10:45,0.9049,0.972
马鞍村1社,27,2026-02-04,11:00,0.9013,0.988
马鞍村1社,27,2026-02-04,11:15,0.9128,0.994
马鞍村1社,27,2026-02-04,11:30,0.9099,0.985
马鞍村1社,27,2026-02-04,11:45,0.9013,0.98
马鞍村1社,27,2026-02-04,12:00,0.9087,0.994
马鞍村1社,27,2026-02-04,12:15,0.9145,0.957
马鞍村1社,27,2026-02-04,12:30,0.9163,0.956
马鞍村1社,27,2026-02-04,12:45,0.8865,0.874
马鞍村1社,27,2026-02-04,13:00,0.8846,0.962
马鞍村1社,27,2026-02-04,13:15,0.8951,0.877
马鞍村1社,27,2026-02-04,13:30,0.9056,0.959
马鞍村1社,27,2026-02-04,13:45,0.8956,0.982
马鞍村1社,27,2026-02-04,14:00,0.9112,0.927
马鞍村1社,27,2026-02-04,14:15,0.9128,0.908
马鞍村1社,27,2026-02-04,14:30,0.8897,0.961
马鞍村1社,27,2026-02-04,14:45,0.9045,0.946
马鞍村1社,27,2026-02-04,15:00,0.9098,0.975
马鞍村1社,27,2026-02-04,15:15,0.9329,0.971
马鞍村1社,27,2026-02-04,15:30,0.9513,0.9
马鞍村1社,27,2026-02-04,15:45,0.939,0.856
马鞍村1社,27,2026-02-04,16:00,0.9382,0.965
马鞍村1社,27,2026-02-04,16:15,0.9612,0.955
马鞍村1社,27,2026-02-04,16:30,0.9664,0.991
马鞍村1社,27,2026-02-04,16:45,0.9598,0.98
马鞍村1社,27,2026-02-04,17:00,0.9733,0.981
马鞍村1社,27,2026-02-04,17:15,0.9812,0.984
马鞍村1社,27,2026-02-04,17:30,0.9826,0.998
马鞍村1社,27,2026-02-04,17:45,0.9656,0.944
马鞍村1社,27,2026-02-04,18:00,0.9792,0.994
马鞍村1社,27,2026-02-04,18:15,0.974,0.998
马鞍村1社,27,2026-02-04,18:30,0.9691,0.993
马鞍村1社,27,2026-02-04,18:45,0.9571,0.992
马鞍村1社,27,2026-02-04,19:00,0.9634,0.988
马鞍村1社,27,2026-02-04,19:15,0.9501,0.987
马鞍村1社,27,2026-02-04,19:30,0.9428,0.996
马鞍村1社,27,2026-02-04,19:45,0.9518,0.981
马鞍村1社,27,2026-02-04,20:00,0.9615,0.922
马鞍村1社,27,2026-02-04,20:15,0.9505,0.912
马鞍村1社,27,2026-02-04,20:30,0.9449,0.965
马鞍村1社,27,2026-02-04,20:45,0.9472,0.924
马鞍村1社,27,2026-02-04,21:00,0.955,0.994
马鞍村1社,27,2026-02-04,21:15,0.9534,0.959
马鞍村1社,27,2026-02-04,21:30,0.9518,0.971
马鞍村1社,27,2026-02-04,21:45,0.9573,0.964
马鞍村1社,27,2026-02-04,22:00,0.9354,0.961
马鞍村1社,27,2026-02-04,22:15,0.9382,0.957
马鞍村1社,27,2026-02-04,22:30,0.9292,0.966
马鞍村1社,27,2026-02-04,22:45,0.9064,0.959
马鞍村1社,27,2026-02-04,23:00,0.9028,0.912
马鞍村1社,27,2026-02-04,23:15,0.8742,0.85
马鞍村1社,27,2026-02-04,23:30,0.862,0.86
马鞍村1社,27,2026-02-04,23:45,0.8526,0.919
马鞍村1社,27,2026-02-05,00:00,0.8566,0.873
马鞍村1社,27,2026-02-05,00:15,0.8448,0.884
马鞍村1社,27,2026-02-05,00:30,0.8387,0.865
马鞍村1社,27,2026-02-05,00:45,0.8211,0.951
马鞍村1社,27,2026-02-05,01:00,0.8213,0.873
马鞍村1社,27,2026-02-05,01:15,0.8371,0.833
马鞍村1社,27,2026-02-05,01:30,0.8316,0.785
马鞍村1社,27,2026-02-05,01:45,0.8036,0.754
马鞍村1社,27,2026-02-05,02:00,0.8061,0.78
马鞍村1社,27,2026-02-05,02:15,0.8032,0.768
马鞍村1社,27,2026-02-05,02:30,0.8005,0.79
马鞍村1社,27,2026-02-05,02:45,0.7884,0.701
马鞍村1社,27,2026-02-05,03:00,0.7934,0.864
马鞍村1社,27,2026-02-05,03:15,0.7876,0.779
马鞍村1社,27,2026-02-05,03:30,0.7909,0.81
马鞍村1社,27,2026-02-05,03:45,0.7987,0.757
马鞍村1社,27,2026-02-05,04:00,0.78,0.793
马鞍村1社,27,2026-02-05,04:15,0.7756,0.846
马鞍村1社,27,2026-02-05,04:30,0.7765,0.734
马鞍村1社,27,2026-02-05,04:45,0.7773,0.76
马鞍村1社,27,2026-02-05,05:00,0.7796,0.921
马鞍村1社,27,2026-02-05,05:15,0.7904,0.686
马鞍村1社,27,2026-02-05,05:30,0.7882,0.783
马鞍村1社,27,2026-02-05,05:45,0.7931,0.896
马鞍村1社,27,2026-02-05,06:00,0.7967,0.799
马鞍村1社,27,2026-02-05,06:15,0.8131,0.695
马鞍村1社,27,2026-02-05,06:30,0.8227,0.794
马鞍村1社,27,2026-02-05,06:45,0.8136,0.796
马鞍村1社,27,2026-02-05,07:00,0.8572,0.798
马鞍村1社,27,2026-02-05,07:15,0.8688,0.762
马鞍村1社,27,2026-02-05,07:30,0.9059,0.939
马鞍村1社,27,2026-02-05,07:45,0.9306,0.803
马鞍村1社,27,2026-02-05,08:00,0.963,0.968
马鞍村1社,27,2026-02-05,08:15,0.9738,0.993
马鞍村1社,27,2026-02-05,08:30,0.9843,0.993
马鞍村1社,27,2026-02-05,08:45,0.9973,0.998
马鞍村1社,27,2026-02-05,09:00,0.9867,0.996
马鞍村1社,27,2026-02-05,09:15,0.9744,0.99
马鞍村1社,27,2026-02-05,09:30,0.9716,0.999
马鞍村1社,27,2026-02-05,09:45,0.969,0.999
马鞍村1社,27,2026-02-05,10:00,0.967,0.992
马鞍村1社,27,2026-02-05,10:15,0.9634,0.979
马鞍村1社,27,2026-02-05,10:30,0.9438,0.87
马鞍村1社,27,2026-02-05,10:45,0.9069,0.895
马鞍村1社,27,2026-02-05,11:00,0.9166,0.976
马鞍村1社,27,2026-02-05,11:15,0.9066,0.89
马鞍村1社,27,2026-02-05,11:30,0.9029,0.961
马鞍村1社,27,2026-02-05,11:45,0.8907,0.866
马鞍村1社,27,2026-02-05,12:00,0.9086,0.968
马鞍村1社,27,2026-02-05,12:15,0.9095,0.944
马鞍村1社,27,2026-02-05,12:30,0.9061,0.884
马鞍村1社,27,2026-02-05,12:45,0.8907,0.989
马鞍村1社,27,2026-02-05,13:00,0.8986,0.977
马鞍村1社,27,2026-02-05,13:15,0.9135,0.83
马鞍村1社,27,2026-02-05,13:30,0.9303,0.925
马鞍村1社,27,2026-02-05,13:45,0.9,0.948
马鞍村1社,27,2026-02-05,14:00,0.9197,0.988
马鞍村1社,27,2026-02-05,14:15,0.9107,0.971
马鞍村1社,27,2026-02-05,14:30,0.8994,0.918
马鞍村1社,27,2026-02-05,14:45,0.9184,0.871
马鞍村1社,27,2026-02-05,15:00,0.9217,0.885
马鞍村1社,27,2026-02-05,15:15,0.9311,0.938
马鞍村1社,27,2026-02-05,15:30,0.9397,0.872
马鞍村1社,27,2026-02-05,15:45,0.9227,0.977
马鞍村1社,27,2026-02-05,16:00,0.9489,0.979
马鞍村1社,27,2026-02-05,16:15,0.953,0.993
马鞍村1社,27,2026-02-05,16:30,0.9676,0.98
马鞍村1社,27,2026-02-05,16:45,0.9745,0.983
马鞍村1社,27,2026-02-05,17:00,0.972,0.981
马鞍村1社,27,2026-02-05,17:15,0.9683,0.985
马鞍村1社,27,2026-02-05,17:30,0.9817,0.986
马鞍村1社,27,2026-02-05,17:45,0.9803,0.991
马鞍村1社,27,2026-02-05,18:00,0.9892,0.997
马鞍村1社,27,2026-02-05,18:15,0.9728,0.983
马鞍村1社,27,2026-02-05,18:30,0.9761,0.998
马鞍村1社,27,2026-02-05,18:45,0.9679,0.977
马鞍村1社,27,2026-02-05,19:00,0.9538,0.983
马鞍村1社,27,2026-02-05,19:15,0.9556,0.996
马鞍村1社,27,2026-02-05,19:30,0.9422,0.984
马鞍村1社,27,2026-02-05,19:45,0.9611,0.945
马鞍村1社,27,2026-02-05,20:00,0.9537,0.924
马鞍村1社,27,2026-02-05,20:15,0.9661,0.985
马鞍村1社,27,2026-02-05,20:30,0.9522,0.994
马鞍村1社,27,2026-02-05,20:45,0.9598,0.917
马鞍村1社,27,2026-02-05,21:00,0.9674,0.985
马鞍村1社,27,2026-02-05,21:15,0.9561,0.993
马鞍村1社,27,2026-02-05,21:30,0.957,0.934
马鞍村1社,27,2026-02-05,21:45,0.959,0.896
马鞍村1社,27,2026-02-05,22:00,0.9397,0.954
马鞍村1社,27,2026-02-05,22:15,0.9237,0.953
马鞍村1社,27,2026-02-05,22:30,0.9197,0.966
马鞍村1社,27,2026-02-05,22:45,0.8958,0.917
马鞍村1社,27,2026-02-05,23:00,0.8977,0.958
马鞍村1社,27,2026-02-05,23:15,0.8654,0.81
马鞍村1社,27,2026-02-05,23:30,0.8555,0.836
马鞍村1社,27,2026-02-05,23:45,0.8524,0.932
马鞍村1社,27,2026-02-06,00:00,0.8473,0.884
马鞍村1社,27,2026-02-06,00:15,0.846,0.823
马鞍村1社,27,2026-02-06,00:30,0.8333,0.862
马鞍村1社,27,2026-02-06,00:45,0.8096,0.839
马鞍村1社,27,2026-02-06,01:00,0.8194,0.927
马鞍村1社,27,2026-02-06,01:15,0.8252,0.852
马鞍村1社,27,2026-02-06,01:30,0.8255,0.868
马鞍村1社,27,2026-02-06,01:45,0.7847,0.838
马鞍村1社,27,2026-02-06,02:00,0.8149,0.737
马鞍村1社,27,2026-02-06,02:15,0.7949,0.763
马鞍村1社,27,2026-02-06,02:30,0.7912,0.727
马鞍村1社,27,2026-02-06,02:45,0.7907,0.721
马鞍村1社,27,2026-02-06,03:00,0.7772,0.708
马鞍村1社,27,2026-02-06,03:15,0.7841,0.715
马鞍村1社,27,2026-02-06,03:30,0.785,0.694
马鞍村1社,27,2026-02-06,03:45,0.8,0.92
马鞍村1社,27,2026-02-06,04:00,0.7853,0.652
马鞍村1社,27,2026-02-06,04:15,0.7849,0.714
马鞍村1社,27,2026-02-06,04:30,0.777,0.81
马鞍村1社,27,2026-02-06,04:45,0.7805,0.719
马鞍村1社,27,2026-02-06,05:00,0.784,0.766
马鞍村1社,27,2026-02-06,05:15,0.7916,0.769
马鞍村1社,27,2026-02-06,05:30,0.7716,0.745
马鞍村1社,27,2026-02-06,05:45,0.7929,0.8
马鞍村1社,27,2026-02-06,06:00,0.794,0.763
马鞍村1社,27,2026-02-06,06:15,0.7862,0.784
马鞍村1社,27,2026-02-06,06:30,0.8183,0.955
马鞍村1社,27,2026-02-06,06:45,0.8182,0.716
马鞍村1社,27,2026-02-06,07:00,0.8275,0.881
马鞍村1社,27,2026-02-06,07:15,0.8652,0.795
马鞍村1社,27,2026-02-06,07:30,0.9025,0.97
马鞍村1社,27,2026-02-06,07:45,0.9232,0.787
马鞍村1社,27,2026-02-06,08:00,0.9626,0.946
马鞍村1社,27,2026-02-06,08:15,0.9746,0.983
马鞍村1社,27,2026-02-06,08:30,0.9805,0.985
马鞍村1社,27,2026-02-06,08:45,0.9877,0.99
马鞍村1社,27,2026-02-06,09:00,0.9869,0.974
马鞍村1社,27,2026-02-06,09:15,0.9781,0.994
马鞍村1社,27,2026-02-06,09:30,0.9687,0.995
马鞍村1社,27,2026-02-06,09:45,0.9674,0.997
马鞍村1社,27,2026-02-06,10:00,0.9592,0.998
马鞍村1社,27,2026-02-06,10:15,0.9392,0.989
马鞍村1社,27,2026-02-06,10:30,0.9384,0.993
马鞍村1社,27,2026-02-06,10:45,0.891,0.971
马鞍村1社,27,2026-02-06,11:00,0.894,0.975
马鞍村1社,27,2026-02-06,11:15,0.8966,0.972
马鞍村1社,27,2026-02-06,11:30,0.8823,0.964
马鞍村1社,27,2026-02-06,11:45,0.904,0.768
马鞍村1社,27,2026-02-06,12:00,0.8979,0.967
马鞍村1社,27,2026-02-06,12:15,0.9017,0.96
马鞍村1社,27,2026-02-06,12:30,0.912,0.979
马鞍村1社,27,2026-02-06,12:45,0.8833,0.945
马鞍村1社,27,2026-02-06,13:00,0.9015,0.953
马鞍村1社,27,2026-02-06,13:15,0.9147,0.761
马鞍村1社,27,2026-02-06,13:30,0.9045,0.884
马鞍村1社,27,2026-02-06,13:45,0.9156,0.729
马鞍村1社,27,2026-02-06,14:00,0.9129,0.952
马鞍村1社,27,2026-02-06,14:15,0.8909,0.929
马鞍村1社,27,2026-02-06,14:30,0.8899,0.803
马鞍村1社,27,2026-02-06,14:45,0.9188,0.811
马鞍村1社,27,2026-02-06,15:00,0.9137,0.838
马鞍村1社,27,2026-02-06,15:15,0.9503,0.792
马鞍村1社,27,2026-02-06,15:30,0.9472,0.898
马鞍村1社,27,2026-02-06,15:45,0.9496,0.967
马鞍村1社,27,2026-02-06,16:00,0.9515,0.93
马鞍村1社,27,2026-02-06,16:15,0.968,0.995
马鞍村1社,27,2026-02-06,16:30,0.9608,0.992
马鞍村1社,27,2026-02-06,16:45,0.9596,0.981
马鞍村1社,27,2026-02-06,17:00,0.9673,0.983
马鞍村1社,27,2026-02-06,17:15,0.9701,0.975
马鞍村1社,27,2026-02-06,17:30,0.976,0.975
马鞍村1社,27,2026-02-06,17:45,0.9853,0.993
马鞍村1社,27,2026-02-06,18:00,0.9721,0.996
马鞍村1社,27,2026-02-06,18:15,0.9652,0.981
马鞍村1社,27,2026-02-06,18:30,0.9846,0.995
马鞍村1社,27,2026-02-06,18:45,0.9675,0.985
马鞍村1社,27,2026-02-06,19:00,0.9464,0.983
马鞍村1社,27,2026-02-06,19:15,0.9407,0.975
马鞍村1社,27,2026-02-06,19:30,0.9376,0.984
马鞍村1社,27,2026-02-06,19:45,0.9549,0.97
马鞍村1社,27,2026-02-06,20:00,0.9513,0.971
马鞍村1社,27,2026-02-06,20:15,0.9656,0.99
马鞍村1社,27,2026-02-06,20:30,0.9579,0.974
马鞍村1社,27,2026-02-06,20:45,0.9553,0.992
马鞍村1社,27,2026-02-06,21:00,0.9622,0.973
马鞍村1社,27,2026-02-06,21:15,0.9469,0.943
马鞍村1社,27,2026-02-06,21:30,0.9505,0.988
马鞍村1社,27,2026-02-06,21:45,0.9462,0.965
马鞍村1社,27,2026-02-06,22:00,0.9215,0.968
马鞍村1社,27,2026-02-06,22:15,0.9216,0.943
马鞍村1社,27,2026-02-06,22:30,0.9243,0.95
马鞍村1社,27,2026-02-06,22:45,0.9094,0.864
马鞍村1社,27,2026-02-06,23:00,0.8898,0.925
马鞍村1社,27,2026-02-06,23:15,0.8647,0.906
马鞍村1社,27,2026-02-06,23:30,0.8573,0.876
马鞍村1社,27,2026-02-06,23:45,0.8397,0.809
幸福村4社,28,2026-02-06,00:00,0.9926,0.988
幸福村4社,28,2026-02-06,00:15,0.9943,0.989
幸福村4社,28,2026-02-06,00:30,0.9944,0.991
幸福村4社,28,2026-02-06,00:45,0.9961,0.991
幸福村4社,28,2026-02-06,01:00,0.9953,0.991
幸福村4社,28,2026-02-06,01:15,0.9938,0.99
幸福村4社,28,2026-02-06,01:30,0.9957,0.99
幸福村4社,28,2026-02-06,01:45,0.9959,0.989
幸福村4社,28,2026-02-06,02:00,0.9959,0.99
幸福村4社,28,2026-02-06,02:15,0.9945,0.99
幸福村4社,28,2026-02-06,02:30,0.9965,0.991
幸福村4社,28,2026-02-06,02:45,0.9947,0.99
幸福村4社,28,2026-02-06,03:00,0.9953,0.991
幸福村4社,28,2026-02-06,03:15,0.9964,0.991
幸福村4社,28,2026-02-06,03:30,0.999,0.99
幸福村4社,28,2026-02-06,03:45,0.995,0.991
幸福村4社,28,2026-02-06,04:00,0.9966,0.991
幸福村4社,28,2026-02-06,04:15,0.9946,0.991
幸福村4社,28,2026-02-06,04:30,0.9982,0.991
幸福村4社,28,2026-02-06,04:45,0.9961,0.991
幸福村4社,28,2026-02-06,05:00,0.9962,0.991
幸福村4社,28,2026-02-06,05:15,0.9942,0.99
幸福村4社,28,2026-02-06,05:30,0.9955,0.991
幸福村4社,28,2026-02-06,05:45,0.9961,0.99
幸福村4社,28,2026-02-06,06:00,0.9959,0.99
幸福村4社,28,2026-02-06,06:15,0.9971,0.99
幸福村4社,28,2026-02-06,06:30,0.9957,0.991
幸福村4社,28,2026-02-06,06:45,0.9955,0.99
幸福村4社,28,2026-02-06,07:00,0.9958,0.99
幸福村4社,28,2026-02-06,07:15,0.9959,0.991
幸福村4社,28,2026-02-06,07:30,0.9972,0.991
幸福村4社,28,2026-02-06,07:45,0.9953,1.0
幸福村4社,28,2026-02-06,08:00,0.9967,1.0
幸福村4社,28,2026-02-06,08:15,1.0001,1.0
幸福村4社,28,2026-02-06,08:30,0.9971,0.999
幸福村4社,28,2026-02-06,08:45,1.001,0.999
幸福村4社,28,2026-02-06,09:00,0.9984,0.999
幸福村4社,28,2026-02-06,09:15,0.9985,0.999
幸福村4社,28,2026-02-06,09:30,0.9981,0.999
幸福村4社,28,2026-02-06,09:45,0.9984,0.999
幸福村4社,28,2026-02-06,10:00,0.9962,0.999
幸福村4社,28,2026-02-06,10:15,0.9973,1.0
幸福村4社,28,2026-02-06,10:30,0.9983,1.0
幸福村4社,28,2026-02-06,10:45,0.9981,1.0
幸福村4社,28,2026-02-06,11:00,0.9957,1.0
幸福村4社,28,2026-02-06,11:15,0.9996,0.999
幸福村4社,28,2026-02-06,11:30,0.9991,0.999
幸福村4社,28,2026-02-06,11:45,0.9964,0.999
幸福村4社,28,2026-02-06,12:00,0.9989,0.999
幸福村4社,28,2026-02-06,12:15,0.9986,0.999
幸福村4社,28,2026-02-06,12:30,0.9987,0.999
幸福村4社,28,2026-02-06,12:45,0.9991,0.999
幸福村4社,28,2026-02-06,13:00,0.9972,0.999
幸福村4社,28,2026-02-06,13:15,0.9979,0.999
幸福村4社,28,2026-02-06,13:30,1.0008,0.999
幸福村4社,28,2026-02-06,13:45,0.9963,0.999
幸福村4社,28,2026-02-06,14:00,0.9973,0.999
幸福村4社,28,2026-02-06,14:15,0.9961,0.999
幸福村4社,28,2026-02-06,14:30,0.9983,0.999
幸福村4社,28,2026-02-06,14:45,0.9969,0.999
幸福村4社,28,2026-02-06,15:00,0.9965,0.999
幸福村4社,28,2026-02-06,15:15,0.9993,0.999
幸福村4社,28,2026-02-06,15:30,0.9994,1.0
幸福村4社,28,2026-02-06,15:45,1.0018,1.0
幸福村4社,28,2026-02-06,16:00,0.998,0.999
幸福村4社,28,2026-02-06,16:15,1.001,0.999
幸福村4社,28,2026-02-06,16:30,0.9986,0.999
幸福村4社,28,2026-02-06,16:45,0.997,0.999
幸福村4社,28,2026-02-06,17:00,0.9963,1.0
幸福村4社,28,2026-02-06,17:15,0.9984,1.0
幸福村4社,28,2026-02-06,17:30,0.9967,0.999
幸福村4社,28,2026-02-06,17:45,0.9975,0.999
幸福村4社,28,2026-02-06,18:00,1.0012,1.0
幸福村4社,28,2026-02-06,18:15,0.9969,1.0
幸福村4社,28,2026-02-06,18:30,0.9956,1.0
幸福村4社,28,2026-02-06,18:45,0.9958,0.987
幸福村4社,28,2026-02-06,19:00,0.9964,0.988
幸福村4社,28,2026-02-06,19:15,0.9942,0.983
幸福村4社,28,2026-02-06,19:30,0.9956,0.982
幸福村4社,28,2026-02-06,19:45,0.9918,0.987
幸福村4社,28,2026-02-06,20:00,0.992,0.988
幸福村4社,28,2026-02-06,20:15,0.993,0.991
幸福村4社,28,2026-02-06,20:30,0.9919,0.994
幸福村4社,28,2026-02-06,20:45,0.9926,0.994
幸福村4社,28,2026-02-06,21:00,0.9925,0.994
幸福村4社,28,2026-02-06,21:15,0.994,0.994
幸福村4社,28,2026-02-06,21:30,0.9921,0.991
幸福村4社,28,2026-02-06,21:45,0.992,0.991
幸福村4社,28,2026-02-06,22:00,0.9933,0.991
幸福村4社,28,2026-02-06,22:15,0.9916,0.99
幸福村4社,28,2026-02-06,22:30,0.9926,0.989
幸福村4社,28,2026-02-06,22:45,0.9947,0.989
幸福村4社,28,2026-02-06,23:00,0.9931,0.99
幸福村4社,28,2026-02-06,23:15,0.9952,0.99
幸福村4社,28,2026-02-06,23:30,0.9925,0.99
幸福村4社,28,2026-02-06,23:45,0.9943,0.989
幸福村4社,28,2026-02-07,00:00,0.9954,0.99
幸福村4社,28,2026-02-07,00:15,0.9952,0.99
幸福村4社,28,2026-02-07,00:30,0.9958,0.991
幸福村4社,28,2026-02-07,00:45,0.9977,0.991
幸福村4社,28,2026-02-07,01:00,0.9964,0.991
幸福村4社,28,2026-02-07,01:15,0.9964,0.99
幸福村4社,28,2026-02-07,01:30,0.994,0.99
幸福村4社,28,2026-02-07,01:45,0.9957,0.991
幸福村4社,28,2026-02-07,02:00,0.9951,0.99
幸福村4社,28,2026-02-07,02:15,0.9961,0.99
幸福村4社,28,2026-02-07,02:30,0.9964,0.99
幸福村4社,28,2026-02-07,02:45,0.9947,0.989
幸福村4社,28,2026-02-07,03:00,0.9957,0.99
幸福村4社,28,2026-02-07,03:15,0.9945,0.99
幸福村4社,28,2026-02-07,03:30,0.9944,0.99
幸福村4社,28,2026-02-07,03:45,0.9927,0.99
幸福村4社,28,2026-02-07,04:00,0.9955,0.991
幸福村4社,28,2026-02-07,04:15,0.9956,0.99
幸福村4社,28,2026-02-07,04:30,0.9959,0.991
幸福村4社,28,2026-02-07,04:45,0.9954,0.991
幸福村4社,28,2026-02-07,05:00,0.9946,0.99
幸福村4社,28,2026-02-07,05:15,0.9965,0.99
幸福村4社,28,2026-02-07,05:30,0.994,0.991
幸福村4社,28,2026-02-07,05:45,0.9959,0.99
幸福村4社,28,2026-02-07,06:00,0.9962,0.99
幸福村4社,28,2026-02-07,06:15,0.9949,0.99
幸福村4社,28,2026-02-07,06:30,0.9942,0.99
幸福村4社,28,2026-02-07,06:45,0.9953,0.99
幸福村4社,28,2026-02-07,07:00,0.9953,0.99
幸福村4社,28,2026-02-07,07:15,0.9953,0.989
幸福村4社,28,2026-02-07,07:30,0.9966,0.99
幸福村4社,28,2026-02-07,07:45,0.9955,0.991
幸福村4社,28,2026-02-07,08:00,0.9987,0.991
幸福村4社,28,2026-02-07,08:15,1.0012,1.0
幸福村4社,28,2026-02-07,08:30,0.9984,1.0
幸福村4社,28,2026-02-07,08:45,0.9984,1.0
幸福村4社,28,2026-02-07,09:00,0.9973,1.0
幸福村4社,28,2026-02-07,09:15,0.9985,0.999
幸福村4社,28,2026-02-07,09:30,1.0001,0.999
幸福村4社,28,2026-02-07,09:45,1.0007,0.999
幸福村4社,28,2026-02-07,10:00,0.9972,0.996
幸福村4社,28,2026-02-07,10:15,0.9967,1.0
幸福村4社,28,2026-02-07,10:30,0.9979,1.0
幸福村4社,28,2026-02-07,10:45,0.9997,1.0
幸福村4社,28,2026-02-07,11:00,0.999,1.0
幸福村4社,28,2026-02-07,11:15,0.9994,1.0
幸福村4社,28,2026-02-07,11:30,0.9979,0.999
幸福村4社,28,2026-02-07,11:45,0.9985,0.999
幸福村4社,28,2026-02-07,12:00,0.998,0.999
幸福村4社,28,2026-02-07,12:15,0.9982,0.999
幸福村4社,28,2026-02-07,12:30,0.9983,0.999
幸福村4社,28,2026-02-07,12:45,0.9983,0.999
幸福村4社,28,2026-02-07,13:00,0.9985,0.999
幸福村4社,28,2026-02-07,13:15,0.9969,0.999
幸福村4社,28,2026-02-07,13:30,0.9976,0.999
幸福村4社,28,2026-02-07,13:45,0.999,0.999
幸福村4社,28,2026-02-07,14:00,0.9958,0.999
幸福村4社,28,2026-02-07,14:15,0.996,0.999
幸福村4社,28,2026-02-07,14:30,1.0008,0.999
幸福村4社,28,2026-02-07,14:45,0.9968,0.999
幸福村4社,28,2026-02-07,15:00,0.9968,1.0
幸福村4社,28,2026-02-07,15:15,0.9962,1.0
幸福村4社,28,2026-02-07,15:30,0.9986,1.0
幸福村4社,28,2026-02-07,15:45,0.9992,1.0
幸福村4社,28,2026-02-07,16:00,1.0002,1.0
幸福村4社,28,2026-02-07,16:15,0.9997,1.0
幸福村4社,28,2026-02-07,16:30,0.9975,1.0
幸福村4社,28,2026-02-07,16:45,0.9988,0.999
幸福村4社,28,2026-02-07,17:00,0.9987,0.999
幸福村4社,28,2026-02-07,17:15,0.9989,0.999
幸福村4社,28,2026-02-07,17:30,0.9973,0.999
幸福村4社,28,2026-02-07,17:45,0.9985,0.999
幸福村4社,28,2026-02-07,18:00,1.0008,0.999
幸福村4社,28,2026-02-07,18:15,0.9996,0.99
幸福村4社,28,2026-02-07,18:30,0.9986,0.99
幸福村4社,28,2026-02-07,18:45,0.9971,0.99
幸福村4社,28,2026-02-07,19:00,0.9954,0.984
幸福村4社,28,2026-02-07,19:15,0.9947,1.0
幸福村4社,28,2026-02-07,19:30,0.9932,0.999
幸福村4社,28,2026-02-07,19:45,0.9923,0.989
幸福村4社,28,2026-02-07,20:00,0.9935,0.989
幸福村4社,28,2026-02-07,20:15,0.9932,0.99
幸福村4社,28,2026-02-07,20:30,0.9922,0.985
幸福村4社,28,2026-02-07,20:45,0.9926,0.985
幸福村4社,28,2026-02-07,21:00,0.9923,0.993
幸福村4社,28,2026-02-07,21:15,0.9936,0.996
幸福村4社,28,2026-02-07,21:30,0.9934,0.998
幸福村4社,28,2026-02-07,21:45,0.9939,0.997
幸福村4社,28,2026-02-07,22:00,0.9915,0.997
幸福村4社,28,2026-02-07,22:15,0.992,0.99
幸福村4社,28,2026-02-07,22:30,0.9908,0.99
幸福村4社,28,2026-02-07,22:45,0.9925,0.99
幸福村4社,28,2026-02-07,23:00,0.9925,0.989
幸福村4社,28,2026-02-07,23:15,0.9945,0.989
幸福村4社,28,2026-02-07,23:30,0.9939,0.988
幸福村4社,28,2026-02-07,23:45,0.9955,0.988
幸福村4社,28,2026-02-08,00:00,0.9939,0.985
幸福村4社,28,2026-02-08,00:15,0.9949,0.989
幸福村4社,28,2026-02-08,00:30,0.9946,0.99
幸福村4社,28,2026-02-08,00:45,0.9931,0.988
幸福村4社,28,2026-02-08,01:00,0.9927,0.989
幸福村4社,28,2026-02-08,01:15,0.9969,0.989
幸福村4社,28,2026-02-08,01:30,0.9962,0.99
幸福村4社,28,2026-02-08,01:45,0.9983,0.989
幸福村4社,28,2026-02-08,02:00,0.9946,0.99
幸福村4社,28,2026-02-08,02:15,0.9985,0.99
幸福村4社,28,2026-02-08,02:30,0.996,0.989
幸福村4社,28,2026-02-08,02:45,0.9949,0.989
幸福村4社,28,2026-02-08,03:00,0.9963,0.989
幸福村4社,28,2026-02-08,03:15,0.9953,0.989
幸福村4社,28,2026-02-08,03:30,0.9937,0.989
幸福村4社,28,2026-02-08,03:45,0.9934,0.989
幸福村4社,28,2026-02-08,04:00,0.9967,0.989
幸福村4社,28,2026-02-08,04:15,0.9956,0.989
幸福村4社,28,2026-02-08,04:30,0.9951,0.989
幸福村4社,28,2026-02-08,04:45,0.9954,0.989
幸福村4社,28,2026-02-08,05:00,0.994,0.989
幸福村4社,28,2026-02-08,05:15,0.9953,0.989
幸福村4社,28,2026-02-08,05:30,0.9945,0.989
幸福村4社,28,2026-02-08,05:45,0.9968,0.989
幸福村4社,28,2026-02-08,06:00,0.9955,0.989
幸福村4社,28,2026-02-08,06:15,0.9954,0.989
幸福村4社,28,2026-02-08,06:30,0.995,0.989
幸福村4社,28,2026-02-08,06:45,0.9978,0.989
幸福村4社,28,2026-02-08,07:00,0.9964,0.988
幸福村4社,28,2026-02-08,07:15,0.9962,0.989
幸福村4社,28,2026-02-08,07:30,0.9967,0.989
幸福村4社,28,2026-02-08,07:45,0.9976,0.991
幸福村4社,28,2026-02-08,08:00,0.9977,0.998
幸福村4社,28,2026-02-08,08:15,0.9986,1.0
幸福村4社,28,2026-02-08,08:30,0.9978,1.0
幸福村4社,28,2026-02-08,08:45,0.9982,1.0
幸福村4社,28,2026-02-08,09:00,0.9962,1.0
幸福村4社,28,2026-02-08,09:15,0.9974,1.0
幸福村4社,28,2026-02-08,09:30,0.9995,1.0
幸福村4社,28,2026-02-08,09:45,0.9994,1.0
幸福村4社,28,2026-02-08,10:00,0.9996,1.0
幸福村4社,28,2026-02-08,10:15,0.9976,1.0
幸福村4社,28,2026-02-08,10:30,0.9961,1.0
幸福村4社,28,2026-02-08,10:45,1.0004,1.0
幸福村4社,28,2026-02-08,11:00,0.9952,1.0
幸福村4社,28,2026-02-08,11:15,0.9997,1.0
幸福村4社,28,2026-02-08,11:30,0.9995,1.0
幸福村4社,28,2026-02-08,11:45,0.9991,1.0
幸福村4社,28,2026-02-08,12:00,0.9975,1.0
幸福村4社,28,2026-02-08,12:15,0.9966,1.0
幸福村4社,28,2026-02-08,12:30,0.9986,1.0
幸福村4社,28,2026-02-08,12:45,0.9986,1.0
幸福村4社,28,2026-02-08,13:00,0.9966,1.0
幸福村4社,28,2026-02-08,13:15,0.9983,1.0
幸福村4社,28,2026-02-08,13:30,0.9984,1.0
幸福村4社,28,2026-02-08,13:45,0.9976,1.0
幸福村4社,28,2026-02-08,14:00,0.9956,1.0
幸福村4社,28,2026-02-08,14:15,0.9953,1.0
幸福村4社,28,2026-02-08,14:30,0.9976,1.0
幸福村4社,28,2026-02-08,14:45,0.996,0.999
幸福村4社,28,2026-02-08,15:00,0.9953,1.0
幸福村4社,28,2026-02-08,15:15,1.0004,1.0
幸福村4社,28,2026-02-08,15:30,0.9995,1.0
幸福村4社,28,2026-02-08,15:45,0.9976,1.0
幸福村4社,28,2026-02-08,16:00,1.0004,1.0
幸福村4社,28,2026-02-08,16:15,0.9973,1.0
幸福村4社,28,2026-02-08,16:30,0.9972,1.0
幸福村4社,28,2026-02-08,16:45,0.9982,1.0
幸福村4社,28,2026-02-08,17:00,0.997,1.0
幸福村4社,28,2026-02-08,17:15,0.9977,1.0
幸福村4社,28,2026-02-08,17:30,0.9955,1.0
幸福村4社,28,2026-02-08,17:45,0.9977,1.0
幸福村4社,28,2026-02-08,18:00,0.9968,1.0
幸福村4社,28,2026-02-08,18:15,0.9964,1.0
幸福村4社,28,2026-02-08,18:30,0.9978,1.0
幸福村4社,28,2026-02-08,18:45,0.9977,1.0
幸福村4社,28,2026-02-08,19:00,0.9943,0.999
幸福村4社,28,2026-02-08,19:15,0.9951,1.0
幸福村4社,28,2026-02-08,19:30,0.9935,1.0
幸福村4社,28,2026-02-08,19:45,0.9899,1.0
幸福村4社,28,2026-02-08,20:00,0.9904,1.0
幸福村4社,28,2026-02-08,20:15,0.9948,1.0
幸福村4社,28,2026-02-08,20:30,0.9939,1.0
幸福村4社,28,2026-02-08,20:45,0.9924,0.995
幸福村4社,28,2026-02-08,21:00,0.9928,0.995
幸福村4社,28,2026-02-08,21:15,0.9936,1.0
幸福村4社,28,2026-02-08,21:30,0.9919,1.0
幸福村4社,28,2026-02-08,21:45,0.9929,1.0
幸福村4社,28,2026-02-08,22:00,0.9913,1.0
幸福村4社,28,2026-02-08,22:15,0.9903,1.0
幸福村4社,28,2026-02-08,22:30,0.9914,1.0
幸福村4社,28,2026-02-08,22:45,0.9942,1.0
幸福村4社,28,2026-02-08,23:00,0.9937,1.0
幸福村4社,28,2026-02-08,23:15,0.9942,1.0
幸福村4社,28,2026-02-08,23:30,0.9952,1.0
幸福村4社,28,2026-02-08,23:45,0.996,1.0
幸福村4社,29,2026-02-11,00:00,0.9927,0.989
幸福村4社,29,2026-02-11,00:15,0.9949,0.989
幸福村4社,29,2026-02-11,00:30,0.9942,0.988
幸福村4社,29,2026-02-11,00:45,0.9949,0.989
幸福村4社,29,2026-02-11,01:00,0.9948,0.989
幸福村4社,29,2026-02-11,01:15,0.9936,0.989
幸福村4社,29,2026-02-11,01:30,0.9957,0.988
幸福村4社,29,2026-02-11,01:45,0.9954,0.989
幸福村4社,29,2026-02-11,02:00,0.9954,0.993
幸福村4社,29,2026-02-11,02:15,0.9948,0.999
幸福村4社,29,2026-02-11,02:30,0.9965,0.999
幸福村4社,29,2026-02-11,02:45,0.9944,1.0
幸福村4社,29,2026-02-11,03:00,0.9945,1.0
幸福村4社,29,2026-02-11,03:15,0.9961,1.0
幸福村4社,29,2026-02-11,03:30,0.9982,1.0
幸福村4社,29,2026-02-11,03:45,0.9945,1.0
幸福村4社,29,2026-02-11,04:00,0.9967,1.0
幸福村4社,29,2026-02-11,04:15,0.9947,1.0
幸福村4社,29,2026-02-11,04:30,0.998,1.0
幸福村4社,29,2026-02-11,04:45,0.9963,1.0
幸福村4社,29,2026-02-11,05:00,0.9959,0.999
幸福村4社,29,2026-02-11,05:15,0.994,0.999
幸福村4社,29,2026-02-11,05:30,0.9954,1.0
幸福村4社,29,2026-02-11,05:45,0.9959,0.999
幸福村4社,29,2026-02-11,06:00,0.9957,0.999
幸福村4社,29,2026-02-11,06:15,0.997,1.0
幸福村4社,29,2026-02-11,06:30,0.9952,1.0
幸福村4社,29,2026-02-11,06:45,0.9954,1.0
幸福村4社,29,2026-02-11,07:00,0.9956,1.0
幸福村4社,29,2026-02-11,07:15,0.9959,1.0
幸福村4社,29,2026-02-11,07:30,0.9971,0.982
幸福村4社,29,2026-02-11,07:45,0.9948,0.997
幸福村4社,29,2026-02-11,08:00,0.9968,0.997
幸福村4社,29,2026-02-11,08:15,1.0,0.997
幸福村4社,29,2026-02-11,08:30,0.9972,0.996
幸福村4社,29,2026-02-11,08:45,1.0008,1.0
幸福村4社,29,2026-02-11,09:00,0.9987,1.0
幸福村4社,29,2026-02-11,09:15,0.9983,1.0
幸福村4社,29,2026-02-11,09:30,0.9973,1.0
幸福村4社,29,2026-02-11,09:45,0.9985,1.0
幸福村4社,29,2026-02-11,10:00,0.996,1.0
幸福村4社,29,2026-02-11,10:15,0.9968,1.0
幸福村4社,29,2026-02-11,10:30,0.9987,1.0
幸福村4社,29,2026-02-11,10:45,0.9982,1.0
幸福村4社,29,2026-02-11,11:00,0.9954,1.0
幸福村4社,29,2026-02-11,11:15,1.0,1.0
幸福村4社,29,2026-02-11,11:30,0.9991,1.0
幸福村4社,29,2026-02-11,11:45,0.9967,1.0
幸福村4社,29,2026-02-11,12:00,0.9986,1.0
幸福村4社,29,2026-02-11,12:15,0.9993,1.0
幸福村4社,29,2026-02-11,12:30,0.999,1.0
幸福村4社,29,2026-02-11,12:45,0.9988,1.0
幸福村4社,29,2026-02-11,13:00,0.9972,1.0
幸福村4社,29,2026-02-11,13:15,0.9986,1.0
幸福村4社,29,2026-02-11,13:30,1.0008,1.0
幸福村4社,29,2026-02-11,13:45,0.9967,1.0
幸福村4社,29,2026-02-11,14:00,0.9971,1.0
幸福村4社,29,2026-02-11,14:15,0.9959,1.0
幸福村4社,29,2026-02-11,14:30,0.9984,1.0
幸福村4社,29,2026-02-11,14:45,0.9967,1.0
幸福村4社,29,2026-02-11,15:00,0.9967,1.0
幸福村4社,29,2026-02-11,15:15,0.9988,1.0
幸福村4社,29,2026-02-11,15:30,0.9993,1.0
幸福村4社,29,2026-02-11,15:45,1.0015,1.0
幸福村4社,29,2026-02-11,16:00,0.9985,1.0
幸福村4社,29,2026-02-11,16:15,1.0005,1.0
幸福村4社,29,2026-02-11,16:30,0.9986,1.0
幸福村4社,29,2026-02-11,16:45,0.9971,1.0
幸福村4社,29,2026-02-11,17:00,0.9963,1.0
幸福村4社,29,2026-02-11,17:15,0.9981,1.0
幸福村4社,29,2026-02-11,17:30,0.9968,1.0
幸福村4社,29,2026-02-11,17:45,0.9973,1.0
幸福村4社,29,2026-02-11,18:00,1.0007,1.0
幸福村4社,29,2026-02-11,18:15,0.9971,1.0
幸福村4社,29,2026-02-11,18:30,0.9953,1.0
幸福村4社,29,2026-02-11,18:45,0.9959,0.986
幸福村4社,29,2026-02-11,19:00,0.9968,0.988
幸福村4社,29,2026-02-11,19:15,0.9946,0.984
幸福村4社,29,2026-02-11,19:30,0.9955,0.987
幸福村4社,29,2026-02-11,19:45,0.9919,0.983
幸福村4社,29,2026-02-11,20:00,0.9919,0.989
幸福村4社,29,2026-02-11,20:15,0.9926,0.99
幸福村4社,29,2026-02-11,20:30,0.9917,0.993
幸福村4社,29,2026-02-11,20:45,0.9923,0.993
幸福村4社,29,2026-02-11,21:00,0.9927,0.991
幸福村4社,29,2026-02-11,21:15,0.9932,0.991
幸福村4社,29,2026-02-11,21:30,0.9921,0.991
幸福村4社,29,2026-02-11,21:45,0.9924,0.992
幸福村4社,29,2026-02-11,22:00,0.9927,0.987
幸福村4社,29,2026-02-11,22:15,0.9917,0.988
幸福村4社,29,2026-02-11,22:30,0.9926,0.989
幸福村4社,29,2026-02-11,22:45,0.9947,0.99
幸福村4社,29,2026-02-11,23:00,0.9928,0.989
幸福村4社,29,2026-02-11,23:15,0.9949,0.989
幸福村4社,29,2026-02-11,23:30,0.9923,0.989
幸福村4社,29,2026-02-11,23:45,0.9942,0.988
幸福村4社,29,2026-02-12,00:00,0.996,0.989
幸福村4社,29,2026-02-12,00:15,0.9952,0.989
幸福村4社,29,2026-02-12,00:30,0.9963,0.989
幸福村4社,29,2026-02-12,00:45,0.9973,0.989
幸福村4社,29,2026-02-12,01:00,0.9965,1.0
幸福村4社,29,2026-02-12,01:15,0.996,1.0
幸福村4社,29,2026-02-12,01:30,0.994,1.0
幸福村4社,29,2026-02-12,01:45,0.995,1.0
幸福村4社,29,2026-02-12,02:00,0.9951,1.0
幸福村4社,29,2026-02-12,02:15,0.9964,1.0
幸福村4社,29,2026-02-12,02:30,0.9958,1.0
幸福村4社,29,2026-02-12,02:45,0.9946,1.0
幸福村4社,29,2026-02-12,03:00,0.9958,1.0
幸福村4社,29,2026-02-12,03:15,0.9946,1.0
幸福村4社,29,2026-02-12,03:30,0.9943,1.0
幸福村4社,29,2026-02-12,03:45,0.9924,1.0
幸福村4社,29,2026-02-12,04:00,0.9953,1.0
幸福村4社,29,2026-02-12,04:15,0.9958,1.0
幸福村4社,29,2026-02-12,04:30,0.9951,1.0
幸福村4社,29,2026-02-12,04:45,0.9957,1.0
幸福村4社,29,2026-02-12,05:00,0.9944,1.0
幸福村4社,29,2026-02-12,05:15,0.9962,1.0
幸福村4社,29,2026-02-12,05:30,0.9936,1.0
幸福村4社,29,2026-02-12,05:45,0.9963,1.0
幸福村4社,29,2026-02-12,06:00,0.996,1.0
幸福村4社,29,2026-02-12,06:15,0.9952,1.0
幸福村4社,29,2026-02-12,06:30,0.9944,1.0
幸福村4社,29,2026-02-12,06:45,0.9949,1.0
幸福村4社,29,2026-02-12,07:00,0.9941,1.0
幸福村4社,29,2026-02-12,07:15,0.9953,1.0
幸福村4社,29,2026-02-12,07:30,0.9963,1.0
幸福村4社,29,2026-02-12,07:45,0.9953,1.0
幸福村4社,29,2026-02-12,08:00,0.9986,1.0
幸福村4社,29,2026-02-12,08:15,1.0003,1.0
幸福村4社,29,2026-02-12,08:30,0.9984,1.0
幸福村4社,29,2026-02-12,08:45,0.998,1.0
幸福村4社,29,2026-02-12,09:00,0.9974,1.0
幸福村4社,29,2026-02-12,09:15,0.9986,1.0
幸福村4社,29,2026-02-12,09:30,0.9997,1.0
幸福村4社,29,2026-02-12,09:45,1.0003,1.0
幸福村4社,29,2026-02-12,10:00,0.9974,1.0
幸福村4社,29,2026-02-12,10:15,0.9968,1.0
幸福村4社,29,2026-02-12,10:30,0.998,1.0
幸福村4社,29,2026-02-12,10:45,0.9994,1.0
幸福村4社,29,2026-02-12,11:00,0.999,1.0
幸福村4社,29,2026-02-12,11:15,0.9995,1.0
幸福村4社,29,2026-02-12,11:30,0.9981,0.999
幸福村4社,29,2026-02-12,11:45,0.9984,1.0
幸福村4社,29,2026-02-12,12:00,0.9983,1.0
幸福村4社,29,2026-02-12,12:15,0.9983,1.0
幸福村4社,29,2026-02-12,12:30,0.9983,1.0
幸福村4社,29,2026-02-12,12:45,0.998,1.0
幸福村4社,29,2026-02-12,13:00,0.9986,1.0
幸福村4社,29,2026-02-12,13:15,0.9963,1.0
幸福村4社,29,2026-02-12,13:30,0.9973,1.0
幸福村4社,29,2026-02-12,13:45,0.9988,1.0
幸福村4社,29,2026-02-12,14:00,0.9957,1.0
幸福村4社,29,2026-02-12,14:15,0.9961,1.0
幸福村4社,29,2026-02-12,14:30,1.0006,1.0
幸福村4社,29,2026-02-12,14:45,0.9968,1.0
幸福村4社,29,2026-02-12,15:00,0.9967,1.0
幸福村4社,29,2026-02-12,15:15,0.996,0.999
幸福村4社,29,2026-02-12,15:30,0.9986,0.999
幸福村4社,29,2026-02-12,15:45,0.9995,0.999
幸福村4社,29,2026-02-12,16:00,1.0002,0.999
幸福村4社,29,2026-02-12,16:15,0.999,0.999
幸福村4社,29,2026-02-12,16:30,0.9976,1.0
幸福村4社,29,2026-02-12,16:45,0.9984,1.0
幸福村4社,29,2026-02-12,17:00,0.9986,1.0
幸福村4社,29,2026-02-12,17:15,0.9989,0.999
幸福村4社,29,2026-02-12,17:30,0.9972,1.0
幸福村4社,29,2026-02-12,17:45,0.9982,1.0
幸福村4社,29,2026-02-12,18:00,1.0006,1.0
幸福村4社,29,2026-02-12,18:15,0.9993,1.0
幸福村4社,29,2026-02-12,18:30,0.998,1.0
幸福村4社,29,2026-02-12,18:45,0.9975,1.0
幸福村4社,29,2026-02-12,19:00,0.9957,1.0
幸福村4社,29,2026-02-12,19:15,0.9949,1.0
幸福村4社,29,2026-02-12,19:30,0.9923,1.0
幸福村4社,29,2026-02-12,19:45,0.9927,0.999
幸福村4社,29,2026-02-12,20:00,0.9937,0.999
幸福村4社,29,2026-02-12,20:15,0.9926,0.988
幸福村4社,29,2026-02-12,20:30,0.9922,0.992
幸福村4社,29,2026-02-12,20:45,0.9924,0.993
幸福村4社,29,2026-02-12,21:00,0.9922,0.993
幸福村4社,29,2026-02-12,21:15,0.9936,0.993
幸福村4社,29,2026-02-12,21:30,0.994,0.992
幸福村4社,29,2026-02-12,21:45,0.9936,0.992
幸福村4社,29,2026-02-12,22:00,0.9913,0.995
幸福村4社,29,2026-02-12,22:15,0.9913,1.0
幸福村4社,29,2026-02-12,22:30,0.9903,1.0
幸福村4社,29,2026-02-12,22:45,0.9926,1.0
幸福村4社,29,2026-02-12,23:00,0.992,1.0
幸福村4社,29,2026-02-12,23:15,0.9941,1.0
幸福村4社,29,2026-02-12,23:30,0.9933,1.0
幸福村4社,29,2026-02-12,23:45,0.995,1.0
幸福村4社,29,2026-02-13,00:00,0.994,1.0
幸福村4社,29,2026-02-13,00:15,0.9948,1.0
幸福村4社,29,2026-02-13,00:30,0.9944,1.0
幸福村4社,29,2026-02-13,00:45,0.9929,1.0
幸福村4社,29,2026-02-13,01:00,0.9923,1.0
幸福村4社,29,2026-02-13,01:15,0.9964,1.0
幸福村4社,29,2026-02-13,01:30,0.9959,1.0
幸福村4社,29,2026-02-13,01:45,0.9986,0.999
幸福村4社,29,2026-02-13,02:00,0.995,0.999
幸福村4社,29,2026-02-13,02:15,0.9981,0.999
幸福村4社,29,2026-02-13,02:30,0.9961,1.0
幸福村4社,29,2026-02-13,02:45,0.9951,0.999
幸福村4社,29,2026-02-13,03:00,0.996,1.0
幸福村4社,29,2026-02-13,03:15,0.9953,1.0
幸福村4社,29,2026-02-13,03:30,0.994,0.999
幸福村4社,29,2026-02-13,03:45,0.9933,0.999
幸福村4社,29,2026-02-13,04:00,0.9965,0.999
幸福村4社,29,2026-02-13,04:15,0.9956,1.0
幸福村4社,29,2026-02-13,04:30,0.9947,0.999
幸福村4社,29,2026-02-13,04:45,0.9954,0.999
幸福村4社,29,2026-02-13,05:00,0.9935,0.999
幸福村4社,29,2026-02-13,05:15,0.9959,0.999
幸福村4社,29,2026-02-13,05:30,0.9946,0.999
幸福村4社,29,2026-02-13,05:45,0.9966,0.999
幸福村4社,29,2026-02-13,06:00,0.9954,1.0
幸福村4社,29,2026-02-13,06:15,0.9952,0.999
幸福村4社,29,2026-02-13,06:30,0.9949,0.999
幸福村4社,29,2026-02-13,06:45,0.9979,0.999
幸福村4社,29,2026-02-13,07:00,0.996,0.999
幸福村4社,29,2026-02-13,07:15,0.9962,0.999
幸福村4社,29,2026-02-13,07:30,0.9973,1.0
幸福村4社,29,2026-02-13,07:45,0.9973,1.0
幸福村4社,29,2026-02-13,08:00,0.9974,1.0
幸福村4社,29,2026-02-13,08:15,0.9978,1.0
幸福村4社,29,2026-02-13,08:30,0.9971,1.0
幸福村4社,29,2026-02-13,08:45,0.9979,1.0
幸福村4社,29,2026-02-13,09:00,0.9961,1.0
幸福村4社,29,2026-02-13,09:15,0.9972,1.0
幸福村4社,29,2026-02-13,09:30,0.9991,1.0
幸福村4社,29,2026-02-13,09:45,0.9991,1.0
幸福村4社,29,2026-02-13,10:00,0.9995,0.999
幸福村4社,29,2026-02-13,10:15,0.9974,0.999
幸福村4社,29,2026-02-13,10:30,0.996,0.999
幸福村4社,29,2026-02-13,10:45,1.0001,0.999
幸福村4社,29,2026-02-13,11:00,0.9956,1.0
幸福村4社,29,2026-02-13,11:15,0.9991,1.0
幸福村4社,29,2026-02-13,11:30,0.9996,0.999
幸福村4社,29,2026-02-13,11:45,0.999,0.999
幸福村4社,29,2026-02-13,12:00,0.9974,1.0
幸福村4社,29,2026-02-13,12:15,0.9967,0.997
幸福村4社,29,2026-02-13,12:30,0.9988,0.999
幸福村4社,29,2026-02-13,12:45,0.9981,0.999
幸福村4社,29,2026-02-13,13:00,0.9972,0.999
幸福村4社,29,2026-02-13,13:15,0.9979,0.999
幸福村4社,29,2026-02-13,13:30,0.9984,1.0
幸福村4社,29,2026-02-13,13:45,0.9976,1.0
幸福村4社,29,2026-02-13,14:00,0.9949,1.0
幸福村4社,29,2026-02-13,14:15,0.9946,1.0
幸福村4社,29,2026-02-13,14:30,0.9975,1.0
幸福村4社,29,2026-02-13,14:45,0.9956,1.0
幸福村4社,29,2026-02-13,15:00,0.9947,1.0
幸福村4社,29,2026-02-13,15:15,1.0001,1.0
幸福村4社,29,2026-02-13,15:30,0.9998,1.0
幸福村4社,29,2026-02-13,15:45,0.9979,0.999
幸福村4社,29,2026-02-13,16:00,0.9999,0.999
幸福村4社,29,2026-02-13,16:15,0.9971,1.0
幸福村4社,29,2026-02-13,16:30,0.9977,1.0
幸福村4社,29,2026-02-13,16:45,0.9985,1.0
幸福村4社,29,2026-02-13,17:00,0.9969,1.0
幸福村4社,29,2026-02-13,17:15,0.9975,1.0
幸福村4社,29,2026-02-13,17:30,0.9957,1.0
幸福村4社,29,2026-02-13,17:45,0.9976,1.0
幸福村4社,29,2026-02-13,18:00,0.9974,1.0
幸福村4社,29,2026-02-13,18:15,0.9964,1.0
幸福村4社,29,2026-02-13,18:30,0.9982,1.0
幸福村4社,29,2026-02-13,18:45,0.9977,0.996
幸福村4社,29,2026-02-13,19:00,0.9942,0.993
幸福村4社,29,2026-02-13,19:15,0.9951,0.993
幸福村4社,29,2026-02-13,19:30,0.9936,0.994
幸福村4社,29,2026-02-13,19:45,0.99,0.987
幸福村4社,29,2026-02-13,20:00,0.99,0.987
幸福村4社,29,2026-02-13,20:15,0.9948,0.988
幸福村4社,29,2026-02-13,20:30,0.9938,0.986
幸福村4社,29,2026-02-13,20:45,0.9923,0.985
幸福村4社,29,2026-02-13,21:00,0.9928,0.989
幸福村4社,29,2026-02-13,21:15,0.9935,0.991
幸福村4社,29,2026-02-13,21:30,0.9918,0.992
幸福村4社,29,2026-02-13,21:45,0.9927,0.99
幸福村4社,29,2026-02-13,22:00,0.9915,0.992
幸福村4社,29,2026-02-13,22:15,0.9899,0.993
幸福村4社,29,2026-02-13,22:30,0.9912,0.989
幸福村4社,29,2026-02-13,22:45,0.9941,0.989
幸福村4社,29,2026-02-13,23:00,0.9937,0.989
幸福村4社,29,2026-02-13,23:15,0.994,0.987
幸福村4社,29,2026-02-13,23:30,0.9948,0.994
幸福村4社,29,2026-02-13,23:45,0.9961,0.995
幸福村1社,30,2026-03-30,00:00,0.6978,0.656
幸福村1社,30,2026-03-30,00:15,0.6875,0.605
幸福村1社,30,2026-03-30,00:30,0.7049,0.623
幸福村1社,30,2026-03-30,00:45,0.6701,0.658
幸福村1社,30,2026-03-30,01:00,0.6709,0.654
幸福村1社,30,2026-03-30,01:15,0.6802,0.662
幸福村1社,30,2026-03-30,01:30,0.6553,0.636
幸福村1社,30,2026-03-30,01:45,0.6626,0.622
幸福村1社,30,2026-03-30,02:00,0.6593,0.648
幸福村1社,30,2026-03-30,02:15,0.6629,0.675
幸福村1社,30,2026-03-30,02:30,0.6463,0.68
幸福村1社,30,2026-03-30,02:45,0.682,0.695
幸福村1社,30,2026-03-30,03:00,0.6564,0.695
幸福村1社,30,2026-03-30,03:15,0.6582,0.646
幸福村1社,30,2026-03-30,03:30,0.6528,0.703
幸福村1社,30,2026-03-30,03:45,0.6635,0.701
幸福村1社,30,2026-03-30,04:00,0.6479,0.652
幸福村1社,30,2026-03-30,04:15,0.6531,0.639
幸福村1社,30,2026-03-30,04:30,0.6507,0.661
幸福村1社,30,2026-03-30,04:45,0.6351,0.74
幸福村1社,30,2026-03-30,05:00,0.6406,0.667
幸福村1社,30,2026-03-30,05:15,0.6385,0.699
幸福村1社,30,2026-03-30,05:30,0.6448,0.673
幸福村1社,30,2026-03-30,05:45,0.6309,0.615
幸福村1社,30,2026-03-30,06:00,0.6436,0.731
幸福村1社,30,2026-03-30,06:15,0.661,0.692
幸福村1社,30,2026-03-30,06:30,0.7147,0.941
幸福村1社,30,2026-03-30,06:45,0.7292,0.963
幸福村1社,30,2026-03-30,07:00,0.7581,0.963
幸福村1社,30,2026-03-30,07:15,0.7864,0.702
幸福村1社,30,2026-03-30,07:30,0.8093,0.973
幸福村1社,30,2026-03-30,07:45,0.8386,0.959
幸福村1社,30,2026-03-30,08:00,0.8388,0.993
幸福村1社,30,2026-03-30,08:15,0.8786,0.964
幸福村1社,30,2026-03-30,08:30,0.9273,0.998
幸福村1社,30,2026-03-30,08:45,0.9425,0.954
幸福村1社,30,2026-03-30,09:00,0.9396,0.998
幸福村1社,30,2026-03-30,09:15,0.933,0.986
幸福村1社,30,2026-03-30,09:30,0.9033,0.64
幸福村1社,30,2026-03-30,09:45,0.8948,0.953
幸福村1社,30,2026-03-30,10:00,0.8872,0.907
幸福村1社,30,2026-03-30,10:15,0.8635,0.715
幸福村1社,30,2026-03-30,10:30,0.8488,0.868
幸福村1社,30,2026-03-30,10:45,0.8579,0.995
幸福村1社,30,2026-03-30,11:00,0.8133,0.865
幸福村1社,30,2026-03-30,11:15,0.805,0.663
幸福村1社,30,2026-03-30,11:30,0.8038,0.743
幸福村1社,30,2026-03-30,11:45,0.7965,0.623
幸福村1社,30,2026-03-30,12:00,0.7796,0.621
幸福村1社,30,2026-03-30,12:15,0.7681,0.954
幸福村1社,30,2026-03-30,12:30,0.7908,0.691
幸福村1社,30,2026-03-30,12:45,0.7665,0.698
幸福村1社,30,2026-03-30,13:00,0.7789,0.646
幸福村1社,30,2026-03-30,13:15,0.7959,0.635
幸福村1社,30,2026-03-30,13:30,0.7946,0.622
幸福村1社,30,2026-03-30,13:45,0.7891,0.665
幸福村1社,30,2026-03-30,14:00,0.7885,0.612
幸福村1社,30,2026-03-30,14:15,0.7758,0.685
幸福村1社,30,2026-03-30,14:30,0.7994,0.724
幸福村1社,30,2026-03-30,14:45,0.8006,0.668
幸福村1社,30,2026-03-30,15:00,0.7866,0.96
幸福村1社,30,2026-03-30,15:15,0.7866,0.676
幸福村1社,30,2026-03-30,15:30,0.7869,0.897
幸福村1社,30,2026-03-30,15:45,0.7706,0.962
幸福村1社,30,2026-03-30,16:00,0.7903,0.76
幸福村1社,30,2026-03-30,16:15,0.8013,0.759
幸福村1社,30,2026-03-30,16:30,0.8426,0.912
幸福村1社,30,2026-03-30,16:45,0.8746,0.647
幸福村1社,30,2026-03-30,17:00,0.8482,0.947
幸福村1社,30,2026-03-30,17:15,0.875,0.983
幸福村1社,30,2026-03-30,17:30,0.8625,0.992
幸福村1社,30,2026-03-30,17:45,0.8782,0.952
幸福村1社,30,2026-03-30,18:00,0.8898,0.988
幸福村1社,30,2026-03-30,18:15,0.9061,0.979
幸福村1社,30,2026-03-30,18:30,0.877,0.993
幸福村1社,30,2026-03-30,18:45,0.8649,0.994
幸福村1社,30,2026-03-30,19:00,0.8604,0.986
幸福村1社,30,2026-03-30,19:15,0.8956,0.991
幸福村1社,30,2026-03-30,19:30,0.8931,0.943
幸福村1社,30,2026-03-30,19:45,0.901,0.82
幸福村1社,30,2026-03-30,20:00,0.8934,0.86
幸福村1社,30,2026-03-30,20:15,0.9017,0.911
幸福村1社,30,2026-03-30,20:30,0.8831,0.867
幸福村1社,30,2026-03-30,20:45,0.8637,0.788
幸福村1社,30,2026-03-30,21:00,0.8555,0.887
幸福村1社,30,2026-03-30,21:15,0.8462,0.858
幸福村1社,30,2026-03-30,21:30,0.8499,0.979
幸福村1社,30,2026-03-30,21:45,0.8158,0.795
幸福村1社,30,2026-03-30,22:00,0.8077,0.855
幸福村1社,30,2026-03-30,22:15,0.7982,0.848
幸福村1社,30,2026-03-30,22:30,0.7871,0.75
幸福村1社,30,2026-03-30,22:45,0.7636,0.834
幸福村1社,30,2026-03-30,23:00,0.754,0.858
幸福村1社,30,2026-03-30,23:15,0.7446,0.916
幸福村1社,30,2026-03-30,23:30,0.7383,0.757
幸福村1社,30,2026-03-30,23:45,0.7221,0.691
幸福村1社,30,2026-03-31,00:00,0.714,0.82
幸福村1社,30,2026-03-31,00:15,0.7071,0.742
幸福村1社,30,2026-03-31,00:30,0.7036,0.759
幸福村1社,30,2026-03-31,00:45,0.7002,0.728
幸福村1社,30,2026-03-31,01:00,0.6988,0.725
幸福村1社,30,2026-03-31,01:15,0.6835,0.716
幸福村1社,30,2026-03-31,01:30,0.6689,0.676
幸福村1社,30,2026-03-31,01:45,0.6605,0.735
幸福村1社,30,2026-03-31,02:00,0.6686,0.766
幸福村1社,30,2026-03-31,02:15,0.6732,0.702
幸福村1社,30,2026-03-31,02:30,0.669,0.742
幸福村1社,30,2026-03-31,02:45,0.6734,0.762
幸福村1社,30,2026-03-31,03:00,0.6771,0.791
幸福村1社,30,2026-03-31,03:15,0.6638,0.729
幸福村1社,30,2026-03-31,03:30,0.663,0.786
幸福村1社,30,2026-03-31,03:45,0.6668,0.809
幸福村1社,30,2026-03-31,04:00,0.6628,0.685
幸福村1社,30,2026-03-31,04:15,0.6672,0.795
幸福村1社,30,2026-03-31,04:30,0.6603,0.784
幸福村1社,30,2026-03-31,04:45,0.6543,0.738
幸福村1社,30,2026-03-31,05:00,0.6643,0.879
幸福村1社,30,2026-03-31,05:15,0.6357,0.721
幸福村1社,30,2026-03-31,05:30,0.6552,0.749
幸福村1社,30,2026-03-31,05:45,0.6608,0.795
幸福村1社,30,2026-03-31,06:00,0.6674,0.889
幸福村1社,30,2026-03-31,06:15,0.6479,0.721
幸福村1社,30,2026-03-31,06:30,0.7184,0.712
幸福村1社,30,2026-03-31,06:45,0.7471,0.976
幸福村1社,30,2026-03-31,07:00,0.7605,0.784
幸福村1社,30,2026-03-31,07:15,0.7701,0.995
幸福村1社,30,2026-03-31,07:30,0.8186,0.821
幸福村1社,30,2026-03-31,07:45,0.8676,0.969
幸福村1社,30,2026-03-31,08:00,0.84,0.986
幸福村1社,30,2026-03-31,08:15,0.9077,0.994
幸福村1社,30,2026-03-31,08:30,0.9466,0.993
幸福村1社,30,2026-03-31,08:45,0.9401,0.994
幸福村1社,30,2026-03-31,09:00,0.9437,0.988
幸福村1社,30,2026-03-31,09:15,0.9222,0.978
幸福村1社,30,2026-03-31,09:30,0.9165,0.991
幸福村1社,30,2026-03-31,09:45,0.9128,0.958
幸福村1社,30,2026-03-31,10:00,0.8848,0.998
幸福村1社,30,2026-03-31,10:15,0.836,0.798
幸福村1社,30,2026-03-31,10:30,0.8182,0.967
幸福村1社,30,2026-03-31,10:45,0.8558,0.987
幸福村1社,30,2026-03-31,11:00,0.7568,0.842
幸福村1社,30,2026-03-31,11:15,0.7788,0.73
幸福村1社,30,2026-03-31,11:30,0.7795,0.76
幸福村1社,30,2026-03-31,11:45,0.7657,0.707
幸福村1社,30,2026-03-31,12:00,0.7825,0.673
幸福村1社,30,2026-03-31,12:15,0.7539,0.696
幸福村1社,30,2026-03-31,12:30,0.7785,0.739
幸福村1社,30,2026-03-31,12:45,0.7849,0.758
幸福村1社,30,2026-03-31,13:00,0.7438,0.701
幸福村1社,30,2026-03-31,13:15,0.7512,0.959
幸福村1社,30,2026-03-31,13:30,0.7518,0.884
幸福村1社,30,2026-03-31,13:45,0.7763,0.827
幸福村1社,30,2026-03-31,14:00,0.7597,0.751
幸福村1社,30,2026-03-31,14:15,0.7679,0.725
幸福村1社,30,2026-03-31,14:30,0.7924,0.997
幸福村1社,30,2026-03-31,14:45,0.7902,0.716
幸福村1社,30,2026-03-31,15:00,0.7743,0.792
幸福村1社,30,2026-03-31,15:15,0.7805,0.686
幸福村1社,30,2026-03-31,15:30,0.7571,0.683
幸福村1社,30,2026-03-31,15:45,0.7578,0.88
幸福村1社,30,2026-03-31,16:00,0.7604,0.93
幸福村1社,30,2026-03-31,16:15,0.7747,0.943
幸福村1社,30,2026-03-31,16:30,0.8166,0.95
幸福村1社,30,2026-03-31,16:45,0.8246,0.985
幸福村1社,30,2026-03-31,17:00,0.8524,0.81
幸福村1社,30,2026-03-31,17:15,0.8716,0.916
幸福村1社,30,2026-03-31,17:30,0.8931,0.979
幸福村1社,30,2026-03-31,17:45,0.8778,0.865
幸福村1社,30,2026-03-31,18:00,0.8666,0.999
幸福村1社,30,2026-03-31,18:15,0.8789,0.994
幸福村1社,30,2026-03-31,18:30,0.8749,0.999
幸福村1社,30,2026-03-31,18:45,0.8652,0.997
幸福村1社,30,2026-03-31,19:00,0.8542,0.795
幸福村1社,30,2026-03-31,19:15,0.8996,0.787
幸福村1社,30,2026-03-31,19:30,0.8976,0.781
幸福村1社,30,2026-03-31,19:45,0.8796,0.835
幸福村1社,30,2026-03-31,20:00,0.8812,0.904
幸福村1社,30,2026-03-31,20:15,0.9002,0.923
幸福村1社,30,2026-03-31,20:30,0.8708,0.9
幸福村1社,30,2026-03-31,20:45,0.8634,0.797
幸福村1社,30,2026-03-31,21:00,0.865,0.911
幸福村1社,30,2026-03-31,21:15,0.8562,0.82
幸福村1社,30,2026-03-31,21:30,0.8312,0.921
幸福村1社,30,2026-03-31,21:45,0.8302,0.979
幸福村1社,30,2026-03-31,22:00,0.8093,0.937
幸福村1社,30,2026-03-31,22:15,0.7848,0.96
幸福村1社,30,2026-03-31,22:30,0.7825,0.875
幸福村1社,30,2026-03-31,22:45,0.7663,0.947
幸福村1社,30,2026-03-31,23:00,0.762,0.967
幸福村1社,30,2026-03-31,23:15,0.7479,0.95
幸福村1社,30,2026-03-31,23:30,0.7404,0.953
幸福村1社,30,2026-03-31,23:45,0.7211,0.907
幸福村1社,30,2026-04-01,00:00,0.717,0.939
幸福村1社,30,2026-04-01,00:15,0.7085,0.915
幸福村1社,30,2026-04-01,00:30,0.7082,0.95
幸福村1社,30,2026-04-01,00:45,0.6987,0.93
幸福村1社,30,2026-04-01,01:00,0.6975,0.667
幸福村1社,30,2026-04-01,01:15,0.6977,0.812
幸福村1社,30,2026-04-01,01:30,0.6699,0.907
幸福村1社,30,2026-04-01,01:45,0.669,0.829
幸福村1社,30,2026-04-01,02:00,0.6674,0.871
幸福村1社,30,2026-04-01,02:15,0.6681,0.82
幸福村1社,30,2026-04-01,02:30,0.6639,0.926
幸福村1社,30,2026-04-01,02:45,0.6703,0.78
幸福村1社,30,2026-04-01,03:00,0.665,0.923
幸福村1社,30,2026-04-01,03:15,0.6574,0.864
幸福村1社,30,2026-04-01,03:30,0.666,0.893
幸福村1社,30,2026-04-01,03:45,0.6745,0.83
幸福村1社,30,2026-04-01,04:00,0.6609,0.691
幸福村1社,30,2026-04-01,04:15,0.6601,0.725
幸福村1社,30,2026-04-01,04:30,0.6699,0.696
幸福村1社,30,2026-04-01,04:45,0.6592,0.642
幸福村1社,30,2026-04-01,05:00,0.6565,0.764
幸福村1社,30,2026-04-01,05:15,0.6649,0.631
幸福村1社,30,2026-04-01,05:30,0.657,0.719
幸福村1社,30,2026-04-01,05:45,0.6607,0.672
幸福村1社,30,2026-04-01,06:00,0.6709,0.684
幸福村1社,30,2026-04-01,06:15,0.6668,0.756
幸福村1社,30,2026-04-01,06:30,0.7312,0.676
幸福村1社,30,2026-04-01,06:45,0.73,0.947
幸福村1社,30,2026-04-01,07:00,0.771,0.733
幸福村1社,30,2026-04-01,07:15,0.7883,0.788
幸福村1社,30,2026-04-01,07:30,0.8413,0.715
幸福村1社,30,2026-04-01,07:45,0.8523,0.783
幸福村1社,30,2026-04-01,08:00,0.8555,0.835
幸福村1社,30,2026-04-01,08:15,0.9158,0.991
幸福村1社,30,2026-04-01,08:30,0.9296,0.998
幸福村1社,30,2026-04-01,08:45,0.9439,0.983
幸福村1社,30,2026-04-01,09:00,0.9473,0.994
幸福村1社,30,2026-04-01,09:15,0.9273,0.992
幸福村1社,30,2026-04-01,09:30,0.9395,0.998
幸福村1社,30,2026-04-01,09:45,0.921,0.996
幸福村1社,30,2026-04-01,10:00,0.8879,0.878
幸福村1社,30,2026-04-01,10:15,0.8474,0.969
幸福村1社,30,2026-04-01,10:30,0.8286,0.847
幸福村1社,30,2026-04-01,10:45,0.8513,0.852
幸福村1社,30,2026-04-01,11:00,0.7876,0.904
幸福村1社,30,2026-04-01,11:15,0.7968,0.877
幸福村1社,30,2026-04-01,11:30,0.7684,0.986
幸福村1社,30,2026-04-01,11:45,0.7844,0.906
幸福村1社,30,2026-04-01,12:00,0.7854,0.669
幸福村1社,30,2026-04-01,12:15,0.7557,0.653
幸福村1社,30,2026-04-01,12:30,0.7775,0.772
幸福村1社,30,2026-04-01,12:45,0.7853,0.674
幸福村1社,30,2026-04-01,13:00,0.7653,0.763
幸福村1社,30,2026-04-01,13:15,0.7597,0.843
幸福村1社,30,2026-04-01,13:30,0.763,0.966
幸福村1社,30,2026-04-01,13:45,0.7564,0.999
幸福村1社,30,2026-04-01,14:00,0.75,0.774
幸福村1社,30,2026-04-01,14:15,0.7572,0.981
幸福村1社,30,2026-04-01,14:30,0.7897,0.757
幸福村1社,30,2026-04-01,14:45,0.773,0.861
幸福村1社,30,2026-04-01,15:00,0.7734,0.934
幸福村1社,30,2026-04-01,15:15,0.7715,0.998
幸福村1社,30,2026-04-01,15:30,0.7929,0.742
幸福村1社,30,2026-04-01,15:45,0.7691,0.697
幸福村1社,30,2026-04-01,16:00,0.799,0.595
幸福村1社,30,2026-04-01,16:15,0.7889,0.99
幸福村1社,30,2026-04-01,16:30,0.8582,0.875
幸福村1社,30,2026-04-01,16:45,0.8727,0.968
幸福村1社,30,2026-04-01,17:00,0.8665,0.935
幸福村1社,30,2026-04-01,17:15,0.8658,0.728
幸福村1社,30,2026-04-01,17:30,0.8851,0.973
幸福村1社,30,2026-04-01,17:45,0.8945,0.76
幸福村1社,30,2026-04-01,18:00,0.8933,0.65
幸福村1社,30,2026-04-01,18:15,0.8915,0.863
幸福村1社,30,2026-04-01,18:30,0.8918,0.685
幸福村1社,30,2026-04-01,18:45,0.864,0.655
幸福村1社,30,2026-04-01,19:00,0.8618,0.692
幸福村1社,30,2026-04-01,19:15,0.8912,0.862
幸福村1社,30,2026-04-01,19:30,0.8796,0.954
幸福村1社,30,2026-04-01,19:45,0.8849,0.978
幸福村1社,30,2026-04-01,20:00,0.8914,0.821
幸福村1社,30,2026-04-01,20:15,0.8753,0.983
幸福村1社,30,2026-04-01,20:30,0.8872,0.795
幸福村1社,30,2026-04-01,20:45,0.8662,0.869
幸福村1社,30,2026-04-01,21:00,0.8492,0.805
幸福村1社,30,2026-04-01,21:15,0.8476,0.913
幸福村1社,30,2026-04-01,21:30,0.8449,0.869
幸福村1社,30,2026-04-01,21:45,0.8333,0.867
幸福村1社,30,2026-04-01,22:00,0.8188,0.805
幸福村1社,30,2026-04-01,22:15,0.8029,0.764
幸福村1社,30,2026-04-01,22:30,0.7887,0.871
幸福村1社,30,2026-04-01,22:45,0.7575,0.72
幸福村1社,30,2026-04-01,23:00,0.7502,0.726
幸福村1社,30,2026-04-01,23:15,0.7385,0.755
幸福村1社,30,2026-04-01,23:30,0.7397,0.84
幸福村1社,30,2026-04-01,23:45,0.7266,0.824
幸福村1社,31,2026-04-14,00:00,0.7194,0.679
幸福村1社,31,2026-04-14,00:15,0.7001,0.711
幸福村1社,31,2026-04-14,00:30,0.7208,0.682
幸福村1社,31,2026-04-14,00:45,0.682,0.685
幸福村1社,31,2026-04-14,01:00,0.6832,0.701
幸福村1社,31,2026-04-14,01:15,0.6949,0.694
幸福村1社,31,2026-04-14,01:30,0.6766,0.723
幸福村1社,31,2026-04-14,01:45,0.6773,0.687
幸福村1社,31,2026-04-14,02:00,0.6784,0.676
幸福村1社,31,2026-04-14,02:15,0.6769,0.687
幸福村1社,31,2026-04-14,02:30,0.6663,0.629
幸福村1社,31,2026-04-14,02:45,0.6907,0.659
幸福村1社,31,2026-04-14,03:00,0.6724,0.682
幸福村1社,31,2026-04-14,03:15,0.6743,0.665
幸福村1社,31,2026-04-14,03:30,0.6676,0.656
幸福村1社,31,2026-04-14,03:45,0.6766,0.643
幸福村1社,31,2026-04-14,04:00,0.6632,0.67
幸福村1社,31,2026-04-14,04:15,0.6673,0.669
幸福村1社,31,2026-04-14,04:30,0.6728,0.689
幸福村1社,31,2026-04-14,04:45,0.654,0.646
幸福村1社,31,2026-04-14,05:00,0.6628,0.701
幸福村1社,31,2026-04-14,05:15,0.6545,0.702
幸福村1社,31,2026-04-14,05:30,0.6594,0.601
幸福村1社,31,2026-04-14,05:45,0.6492,0.701
幸福村1社,31,2026-04-14,06:00,0.6589,0.732
幸福村1社,31,2026-04-14,06:15,0.6756,0.668
幸福村1社,31,2026-04-14,06:30,0.7219,0.722
幸福村1社,31,2026-04-14,06:45,0.7303,0.67
幸福村1社,31,2026-04-14,07:00,0.7665,0.741
幸福村1社,31,2026-04-14,07:15,0.7888,0.915
幸福村1社,31,2026-04-14,07:30,0.814,0.903
幸福村1社,31,2026-04-14,07:45,0.8402,0.683
幸福村1社,31,2026-04-14,08:00,0.8444,0.972
幸福村1社,31,2026-04-14,08:15,0.8827,0.951
幸福村1社,31,2026-04-14,08:30,0.936,0.948
幸福村1社,31,2026-04-14,08:45,0.9506,0.999
幸福村1社,31,2026-04-14,09:00,0.9465,0.997
幸福村1社,31,2026-04-14,09:15,0.9389,0.735
幸福村1社,31,2026-04-14,09:30,0.9129,0.999
幸福村1社,31,2026-04-14,09:45,0.9049,0.945
幸福村1社,31,2026-04-14,10:00,0.8939,0.963
幸福村1社,31,2026-04-14,10:15,0.8745,0.959
幸福村1社,31,2026-04-14,10:30,0.8561,0.625
幸福村1社,31,2026-04-14,10:45,0.867,0.692
幸福村1社,31,2026-04-14,11:00,0.8143,0.655
幸福村1社,31,2026-04-14,11:15,0.8137,0.646
幸福村1社,31,2026-04-14,11:30,0.8113,0.662
幸福村1社,31,2026-04-14,11:45,0.8042,0.999
幸福村1社,31,2026-04-14,12:00,0.7912,0.717
幸福村1社,31,2026-04-14,12:15,0.7809,0.918
幸福村1社,31,2026-04-14,12:30,0.8022,0.736
幸福村1社,31,2026-04-14,12:45,0.7812,0.616
幸福村1社,31,2026-04-14,13:00,0.7889,0.994
幸福村1社,31,2026-04-14,13:15,0.7982,0.912
幸福村1社,31,2026-04-14,13:30,0.8014,0.844
幸福村1社,31,2026-04-14,13:45,0.8,0.901
幸福村1社,31,2026-04-14,14:00,0.7924,0.813
幸福村1社,31,2026-04-14,14:15,0.7919,0.94
幸福村1社,31,2026-04-14,14:30,0.8113,0.84
幸福村1社,31,2026-04-14,14:45,0.7963,0.771
幸福村1社,31,2026-04-14,15:00,0.7865,0.846
幸福村1社,31,2026-04-14,15:15,0.8027,0.871
幸福村1社,31,2026-04-14,15:30,0.7932,0.796
幸福村1社,31,2026-04-14,15:45,0.7813,0.771
幸福村1社,31,2026-04-14,16:00,0.803,0.973
幸福村1社,31,2026-04-14,16:15,0.8158,0.835
幸福村1社,31,2026-04-14,16:30,0.8546,0.969
幸福村1社,31,2026-04-14,16:45,0.8877,0.98
幸福村1社,31,2026-04-14,17:00,0.8593,0.965
幸福村1社,31,2026-04-14,17:15,0.8843,0.801
幸福村1社,31,2026-04-14,17:30,0.8817,0.841
幸福村1社,31,2026-04-14,17:45,0.897,0.874
幸福村1社,31,2026-04-14,18:00,0.8984,0.982
幸福村1社,31,2026-04-14,18:15,0.9112,0.72
幸福村1社,31,2026-04-14,18:30,0.8935,0.996
幸福村1社,31,2026-04-14,18:45,0.885,0.95
幸福村1社,31,2026-04-14,19:00,0.882,0.749
幸福村1社,31,2026-04-14,19:15,0.9076,0.995
幸福村1社,31,2026-04-14,19:30,0.9056,0.777
幸福村1社,31,2026-04-14,19:45,0.9131,0.722
幸福村1社,31,2026-04-14,20:00,0.9006,0.749
幸福村1社,31,2026-04-14,20:15,0.9068,0.839
幸福村1社,31,2026-04-14,20:30,0.8856,0.881
幸福村1社,31,2026-04-14,20:45,0.8744,0.83
幸福村1社,31,2026-04-14,21:00,0.8709,0.87
幸福村1社,31,2026-04-14,21:15,0.863,0.777
幸福村1社,31,2026-04-14,21:30,0.8568,0.797
幸福村1社,31,2026-04-14,21:45,0.8349,0.999
幸福村1社,31,2026-04-14,22:00,0.8188,0.789
幸福村1社,31,2026-04-14,22:15,0.8168,0.891
幸福村1社,31,2026-04-14,22:30,0.7959,0.842
幸福村1社,31,2026-04-14,22:45,0.78,0.702
幸福村1社,31,2026-04-14,23:00,0.7694,0.714
幸福村1社,31,2026-04-14,23:15,0.7547,0.666
幸福村1社,31,2026-04-14,23:30,0.7534,0.69
幸福村1社,31,2026-04-14,23:45,0.7381,0.689
幸福村1社,31,2026-04-15,00:00,0.73,0.708
幸福村1社,31,2026-04-15,00:15,0.7187,0.681
幸福村1社,31,2026-04-15,00:30,0.724,0.695
幸福村1社,31,2026-04-15,00:45,0.707,0.696
幸福村1社,31,2026-04-15,01:00,0.7083,0.646
幸福村1社,31,2026-04-15,01:15,0.703,0.754
幸福村1社,31,2026-04-15,01:30,0.6822,0.706
幸福村1社,31,2026-04-15,01:45,0.6734,0.692
幸福村1社,31,2026-04-15,02:00,0.6768,0.744
幸福村1社,31,2026-04-15,02:15,0.6904,0.629
幸福村1社,31,2026-04-15,02:30,0.6794,0.645
幸福村1社,31,2026-04-15,02:45,0.6865,0.742
幸福村1社,31,2026-04-15,03:00,0.6874,0.673
幸福村1社,31,2026-04-15,03:15,0.6853,0.632
幸福村1社,31,2026-04-15,03:30,0.6756,0.635
幸福村1社,31,2026-04-15,03:45,0.6826,0.652
幸福村1社,31,2026-04-15,04:00,0.6721,0.597
幸福村1社,31,2026-04-15,04:15,0.6793,0.68
幸福村1社,31,2026-04-15,04:30,0.667,0.632
幸福村1社,31,2026-04-15,04:45,0.6641,0.652
幸福村1社,31,2026-04-15,05:00,0.6657,0.663
幸福村1社,31,2026-04-15,05:15,0.6507,0.642
幸福村1社,31,2026-04-15,05:30,0.6647,0.691
幸福村1社,31,2026-04-15,05:45,0.6645,0.677
幸福村1社,31,2026-04-15,06:00,0.6721,0.623
幸福村1社,31,2026-04-15,06:15,0.6636,0.704
幸福村1社,31,2026-04-15,06:30,0.7231,0.93
幸福村1社,31,2026-04-15,06:45,0.7479,0.651
幸福村1社,31,2026-04-15,07:00,0.7584,0.765
幸福村1社,31,2026-04-15,07:15,0.7713,0.937
幸福村1社,31,2026-04-15,07:30,0.8194,0.695
幸福村1社,31,2026-04-15,07:45,0.8641,0.997
幸福村1社,31,2026-04-15,08:00,0.8473,0.995
幸福村1社,31,2026-04-15,08:15,0.9079,0.987
幸福村1社,31,2026-04-15,08:30,0.9472,0.998
幸福村1社,31,2026-04-15,08:45,0.9465,0.99
幸福村1社,31,2026-04-15,09:00,0.9438,0.971
幸福村1社,31,2026-04-15,09:15,0.9355,0.937
幸福村1社,31,2026-04-15,09:30,0.921,0.923
幸福村1社,31,2026-04-15,09:45,0.9249,0.686
幸福村1社,31,2026-04-15,10:00,0.8978,0.653
幸福村1社,31,2026-04-15,10:15,0.8464,0.974
幸福村1社,31,2026-04-15,10:30,0.8358,0.951
幸福村1社,31,2026-04-15,10:45,0.862,0.694
幸福村1社,31,2026-04-15,11:00,0.7758,0.989
幸福村1社,31,2026-04-15,11:15,0.794,0.761
幸福村1社,31,2026-04-15,11:30,0.7935,0.971
幸福村1社,31,2026-04-15,11:45,0.7797,0.95
幸福村1社,31,2026-04-15,12:00,0.7859,0.736
幸福村1社,31,2026-04-15,12:15,0.7728,0.712
幸福村1社,31,2026-04-15,12:30,0.7798,0.718
幸福村1社,31,2026-04-15,12:45,0.7809,0.999
幸福村1社,31,2026-04-15,13:00,0.7557,0.901
幸福村1社,31,2026-04-15,13:15,0.753,0.891
幸福村1社,31,2026-04-15,13:30,0.7589,0.871
幸福村1社,31,2026-04-15,13:45,0.7795,0.826
幸福村1社,31,2026-04-15,14:00,0.7685,0.996
幸福村1社,31,2026-04-15,14:15,0.7784,0.909
幸福村1社,31,2026-04-15,14:30,0.8077,0.983
幸福村1社,31,2026-04-15,14:45,0.7995,0.912
幸福村1社,31,2026-04-15,15:00,0.784,0.96
幸福村1社,31,2026-04-15,15:15,0.79,0.953
幸福村1社,31,2026-04-15,15:30,0.7743,0.802
幸福村1社,31,2026-04-15,15:45,0.7773,0.91
幸福村1社,31,2026-04-15,16:00,0.7719,0.869
幸福村1社,31,2026-04-15,16:15,0.7956,0.856
幸福村1社,31,2026-04-15,16:30,0.8278,0.867
幸福村1社,31,2026-04-15,16:45,0.8454,0.999
幸福村1社,31,2026-04-15,17:00,0.8644,0.811
幸福村1社,31,2026-04-15,17:15,0.8756,0.873
幸福村1社,31,2026-04-15,17:30,0.9012,0.707
幸福村1社,31,2026-04-15,17:45,0.8919,0.777
幸福村1社,31,2026-04-15,18:00,0.8894,0.996
幸福村1社,31,2026-04-15,18:15,0.9017,0.952
幸福村1社,31,2026-04-15,18:30,0.8852,0.971
幸福村1社,31,2026-04-15,18:45,0.8823,0.945
幸福村1社,31,2026-04-15,19:00,0.8646,0.968
幸福村1社,31,2026-04-15,19:15,0.9067,0.959
幸福村1社,31,2026-04-15,19:30,0.9118,0.999
幸福村1社,31,2026-04-15,19:45,0.8881,0.994
幸福村1社,31,2026-04-15,20:00,0.8901,0.989
幸福村1社,31,2026-04-15,20:15,0.9034,0.98
幸福村1社,31,2026-04-15,20:30,0.8806,0.936
幸福村1社,31,2026-04-15,20:45,0.8686,0.865
幸福村1社,31,2026-04-15,21:00,0.871,0.99
幸福村1社,31,2026-04-15,21:15,0.8629,0.943
幸福村1社,31,2026-04-15,21:30,0.8434,0.84
幸福村1社,31,2026-04-15,21:45,0.8433,0.82
幸福村1社,31,2026-04-15,22:00,0.8204,0.793
幸福村1社,31,2026-04-15,22:15,0.8023,0.725
幸福村1社,31,2026-04-15,22:30,0.7973,0.806
幸福村1社,31,2026-04-15,22:45,0.7812,0.71
幸福村1社,31,2026-04-15,23:00,0.7706,0.747
幸福村1社,31,2026-04-15,23:15,0.7626,0.86
幸福村1社,31,2026-04-15,23:30,0.7502,0.777
幸福村1社,31,2026-04-15,23:45,0.7302,0.719
幸福村1社,31,2026-04-16,00:00,0.729,0.694
幸福村1社,31,2026-04-16,00:15,0.7208,0.707
幸福村1社,31,2026-04-16,00:30,0.7252,0.72
幸福村1社,31,2026-04-16,00:45,0.7052,0.725
幸福村1社,31,2026-04-16,01:00,0.7042,0.664
幸福村1社,31,2026-04-16,01:15,0.7051,0.692
幸福村1社,31,2026-04-16,01:30,0.686,0.706
幸福村1社,31,2026-04-16,01:45,0.6831,0.631
幸福村1社,31,2026-04-16,02:00,0.6833,0.703
幸福村1社,31,2026-04-16,02:15,0.6804,0.827
幸福村1社,31,2026-04-16,02:30,0.6699,0.691
幸福村1社,31,2026-04-16,02:45,0.6826,0.891
幸福村1社,31,2026-04-16,03:00,0.6748,0.893
幸福村1社,31,2026-04-16,03:15,0.6667,0.771
幸福村1社,31,2026-04-16,03:30,0.6778,0.798
幸福村1社,31,2026-04-16,03:45,0.683,0.666
幸福村1社,31,2026-04-16,04:00,0.6723,0.893
幸福村1社,31,2026-04-16,04:15,0.6745,0.707
幸福村1社,31,2026-04-16,04:30,0.6757,0.778
幸福村1社,31,2026-04-16,04:45,0.6662,0.776
幸福村1社,31,2026-04-16,05:00,0.6623,0.715
幸福村1社,31,2026-04-16,05:15,0.668,0.762
幸福村1社,31,2026-04-16,05:30,0.665,0.712
幸福村1社,31,2026-04-16,05:45,0.6699,0.849
幸福村1社,31,2026-04-16,06:00,0.6759,0.751
幸福村1社,31,2026-04-16,06:15,0.6849,0.726
幸福村1社,31,2026-04-16,06:30,0.723,0.764
幸福村1社,31,2026-04-16,06:45,0.733,0.968
幸福村1社,31,2026-04-16,07:00,0.7701,0.936
幸福村1社,31,2026-04-16,07:15,0.7902,0.982
幸福村1社,31,2026-04-16,07:30,0.8444,0.994
幸福村1社,31,2026-04-16,07:45,0.8522,0.997
幸福村1社,31,2026-04-16,08:00,0.8545,0.975
幸福村1社,31,2026-04-16,08:15,0.9118,0.868
幸福村1社,31,2026-04-16,08:30,0.9336,0.998
幸福村1社,31,2026-04-16,08:45,0.9413,0.931
幸福村1社,31,2026-04-16,09:00,0.9459,0.989
幸福村1社,31,2026-04-16,09:15,0.9407,0.772
幸福村1社,31,2026-04-16,09:30,0.9351,0.931
幸福村1社,31,2026-04-16,09:45,0.9344,0.982
幸福村1社,31,2026-04-16,10:00,0.9051,0.984
幸福村1社,31,2026-04-16,10:15,0.8674,0.757
幸福村1社,31,2026-04-16,10:30,0.8418,0.986
幸福村1社,31,2026-04-16,10:45,0.8577,0.955
幸福村1社,31,2026-04-16,11:00,0.7998,0.665
幸福村1社,31,2026-04-16,11:15,0.8027,0.631
幸福村1社,31,2026-04-16,11:30,0.7741,0.658
幸福村1社,31,2026-04-16,11:45,0.7856,0.657
幸福村1社,31,2026-04-16,12:00,0.7836,0.659
幸福村1社,31,2026-04-16,12:15,0.7642,0.888
幸福村1社,31,2026-04-16,12:30,0.7821,0.992
幸福村1社,31,2026-04-16,12:45,0.7867,0.76
幸福村1社,31,2026-04-16,13:00,0.7739,0.967
幸福村1社,31,2026-04-16,13:15,0.7711,0.956
幸福村1社,31,2026-04-16,13:30,0.7699,0.747
幸福村1社,31,2026-04-16,13:45,0.7731,0.985
幸福村1社,31,2026-04-16,14:00,0.764,0.98
幸福村1社,31,2026-04-16,14:15,0.7623,0.827
幸福村1社,31,2026-04-16,14:30,0.8047,0.753
幸福村1社,31,2026-04-16,14:45,0.7756,0.96
幸福村1社,31,2026-04-16,15:00,0.7802,0.973
幸福村1社,31,2026-04-16,15:15,0.7868,0.925
幸福村1社,31,2026-04-16,15:30,0.8052,0.69
幸福村1社,31,2026-04-16,15:45,0.7796,0.688
幸福村1社,31,2026-04-16,16:00,0.8075,0.703
幸福村1社,31,2026-04-16,16:15,0.8004,0.75
幸福村1社,31,2026-04-16,16:30,0.8523,0.703
幸福村1社,31,2026-04-16,16:45,0.8817,0.778
幸福村1社,31,2026-04-16,17:00,0.8685,0.977
幸福村1社,31,2026-04-16,17:15,0.873,0.97
幸福村1社,31,2026-04-16,17:30,0.8946,0.936
幸福村1社,31,2026-04-16,17:45,0.8972,0.957
幸福村1社,31,2026-04-16,18:00,0.9032,0.799
幸福村1社,31,2026-04-16,18:15,0.9043,0.993
幸福村1社,31,2026-04-16,18:30,0.9077,0.981
幸福村1社,31,2026-04-16,18:45,0.8841,0.994
幸福村1社,31,2026-04-16,19:00,0.8798,0.996
幸福村1社,31,2026-04-16,19:15,0.8989,0.978
幸福村1社,31,2026-04-16,19:30,0.8896,0.989
幸福村1社,31,2026-04-16,19:45,0.8978,0.885
幸福村1社,31,2026-04-16,20:00,0.9024,0.82
幸福村1社,31,2026-04-16,20:15,0.8905,0.978
幸福村1社,31,2026-04-16,20:30,0.8974,0.81
幸福村1社,31,2026-04-16,20:45,0.8833,0.817
幸福村1社,31,2026-04-16,21:00,0.8651,0.89
幸福村1社,31,2026-04-16,21:15,0.8609,0.952
幸福村1社,31,2026-04-16,21:30,0.8592,0.795
幸福村1社,31,2026-04-16,21:45,0.8383,0.879
幸福村1社,31,2026-04-16,22:00,0.8273,0.876
幸福村1社,31,2026-04-16,22:15,0.8158,0.739
幸福村1社,31,2026-04-16,22:30,0.7961,0.877
幸福村1社,31,2026-04-16,22:45,0.7754,0.864
幸福村1社,31,2026-04-16,23:00,0.7639,0.817
幸福村1社,31,2026-04-16,23:15,0.7543,0.84
幸福村1社,31,2026-04-16,23:30,0.749,0.839
幸福村1社,31,2026-04-16,23:45,0.7439,0.894
幸福村4社,32,2026-03-17,00:00,0.9935,0.998
幸福村4社,32,2026-03-17,00:15,0.9961,0.999
幸福村4社,32,2026-03-17,00:30,0.9951,0.999
幸福村4社,32,2026-03-17,00:45,0.9955,0.999
幸福村4社,32,2026-03-17,01:00,0.9956,0.999
幸福村4社,32,2026-03-17,01:15,0.9945,0.999
幸福村4社,32,2026-03-17,01:30,0.9967,1.0
幸福村4社,32,2026-03-17,01:45,0.9961,0.999
幸福村4社,32,2026-03-17,02:00,0.9961,0.999
幸福村4社,32,2026-03-17,02:15,0.9953,1.0
幸福村4社,32,2026-03-17,02:30,0.9973,1.0
幸福村4社,32,2026-03-17,02:45,0.995,0.999
幸福村4社,32,2026-03-17,03:00,0.9958,1.0
幸福村4社,32,2026-03-17,03:15,0.9969,1.0
幸福村4社,32,2026-03-17,03:30,0.9991,0.999
幸福村4社,32,2026-03-17,03:45,0.9952,0.999
幸福村4社,32,2026-03-17,04:00,0.9975,0.999
幸福村4社,32,2026-03-17,04:15,0.9954,0.999
幸福村4社,32,2026-03-17,04:30,0.9989,0.999
幸福村4社,32,2026-03-17,04:45,0.9972,0.999
幸福村4社,32,2026-03-17,05:00,0.9971,0.999
幸福村4社,32,2026-03-17,05:15,0.9949,0.999
幸福村4社,32,2026-03-17,05:30,0.9958,0.999
幸福村4社,32,2026-03-17,05:45,0.9969,0.999
幸福村4社,32,2026-03-17,06:00,0.9967,1.0
幸福村4社,32,2026-03-17,06:15,0.9979,1.0
幸福村4社,32,2026-03-17,06:30,0.9961,1.0
幸福村4社,32,2026-03-17,06:45,0.996,1.0
幸福村4社,32,2026-03-17,07:00,0.9964,1.0
幸福村4社,32,2026-03-17,07:15,0.9967,1.0
幸福村4社,32,2026-03-17,07:30,0.9976,1.0
幸福村4社,32,2026-03-17,07:45,0.9952,1.0
幸福村4社,32,2026-03-17,08:00,0.9972,1.0
幸福村4社,32,2026-03-17,08:15,1.0002,1.0
幸福村4社,32,2026-03-17,08:30,0.9971,0.996
幸福村4社,32,2026-03-17,08:45,1.001,0.997
幸福村4社,32,2026-03-17,09:00,0.9989,0.997
幸福村4社,32,2026-03-17,09:15,0.9986,0.997
幸福村4社,32,2026-03-17,09:30,0.9979,1.0
幸福村4社,32,2026-03-17,09:45,0.9988,1.0
幸福村4社,32,2026-03-17,10:00,0.9964,1.0
幸福村4社,32,2026-03-17,10:15,0.997,1.0
幸福村4社,32,2026-03-17,10:30,0.9994,1.0
幸福村4社,32,2026-03-17,10:45,0.9986,1.0
幸福村4社,32,2026-03-17,11:00,0.9963,1.0
幸福村4社,32,2026-03-17,11:15,1.0006,1.0
幸福村4社,32,2026-03-17,11:30,0.9997,1.0
幸福村4社,32,2026-03-17,11:45,0.9971,1.0
幸福村4社,32,2026-03-17,12:00,0.9993,1.0
幸福村4社,32,2026-03-17,12:15,0.9997,1.0
幸福村4社,32,2026-03-17,12:30,0.999,1.0
幸福村4社,32,2026-03-17,12:45,0.999,1.0
幸福村4社,32,2026-03-17,13:00,0.9979,1.0
幸福村4社,32,2026-03-17,13:15,0.9992,1.0
幸福村4社,32,2026-03-17,13:30,1.0009,1.0
幸福村4社,32,2026-03-17,13:45,0.997,1.0
幸福村4社,32,2026-03-17,14:00,0.9978,1.0
幸福村4社,32,2026-03-17,14:15,0.9965,1.0
幸福村4社,32,2026-03-17,14:30,0.9989,1.0
幸福村4社,32,2026-03-17,14:45,0.9974,1.0
幸福村4社,32,2026-03-17,15:00,0.9975,1.0
幸福村4社,32,2026-03-17,15:15,0.9991,1.0
幸福村4社,32,2026-03-17,15:30,0.9997,1.0
幸福村4社,32,2026-03-17,15:45,1.0019,1.0
幸福村4社,32,2026-03-17,16:00,0.9991,1.0
幸福村4社,32,2026-03-17,16:15,1.0009,1.0
幸福村4社,32,2026-03-17,16:30,0.9989,1.0
幸福村4社,32,2026-03-17,16:45,0.9973,1.0
幸福村4社,32,2026-03-17,17:00,0.9965,1.0
幸福村4社,32,2026-03-17,17:15,0.9983,1.0
幸福村4社,32,2026-03-17,17:30,0.9972,1.0
幸福村4社,32,2026-03-17,17:45,0.9974,1.0
幸福村4社,32,2026-03-17,18:00,1.0009,1.0
幸福村4社,32,2026-03-17,18:15,0.9975,1.0
幸福村4社,32,2026-03-17,18:30,0.9957,1.0
幸福村4社,32,2026-03-17,18:45,0.9962,1.0
幸福村4社,32,2026-03-17,19:00,0.9971,1.0
幸福村4社,32,2026-03-17,19:15,0.9945,1.0
幸福村4社,32,2026-03-17,19:30,0.9955,1.0
幸福村4社,32,2026-03-17,19:45,0.9919,0.994
幸福村4社,32,2026-03-17,20:00,0.9923,0.993
幸福村4社,32,2026-03-17,20:15,0.9929,0.994
幸福村4社,32,2026-03-17,20:30,0.9922,0.994
幸福村4社,32,2026-03-17,20:45,0.9926,0.993
幸福村4社,32,2026-03-17,21:00,0.9933,0.992
幸福村4社,32,2026-03-17,21:15,0.9939,0.992
幸福村4社,32,2026-03-17,21:30,0.9926,0.995
幸福村4社,32,2026-03-17,21:45,0.9933,0.995
幸福村4社,32,2026-03-17,22:00,0.9936,0.995
幸福村4社,32,2026-03-17,22:15,0.9924,0.995
幸福村4社,32,2026-03-17,22:30,0.9933,0.993
幸福村4社,32,2026-03-17,22:45,0.9954,0.992
幸福村4社,32,2026-03-17,23:00,0.9933,0.993
幸福村4社,32,2026-03-17,23:15,0.9956,0.992
幸福村4社,32,2026-03-17,23:30,0.9933,0.991
幸福村4社,32,2026-03-17,23:45,0.9946,0.992
幸福村4社,32,2026-03-18,00:00,0.9965,0.992
幸福村4社,32,2026-03-18,00:15,0.9958,0.993
幸福村4社,32,2026-03-18,00:30,0.9973,0.999
幸福村4社,32,2026-03-18,00:45,0.9982,1.0
幸福村4社,32,2026-03-18,01:00,0.997,1.0
幸福村4社,32,2026-03-18,01:15,0.9967,1.0
幸福村4社,32,2026-03-18,01:30,0.995,1.0
幸福村4社,32,2026-03-18,01:45,0.9961,1.0
幸福村4社,32,2026-03-18,02:00,0.9961,1.0
幸福村4社,32,2026-03-18,02:15,0.997,0.999
幸福村4社,32,2026-03-18,02:30,0.9967,0.999
幸福村4社,32,2026-03-18,02:45,0.9953,0.999
幸福村4社,32,2026-03-18,03:00,0.9969,0.999
幸福村4社,32,2026-03-18,03:15,0.9957,0.999
幸福村4社,32,2026-03-18,03:30,0.9951,0.999
幸福村4社,32,2026-03-18,03:45,0.9931,0.999
幸福村4社,32,2026-03-18,04:00,0.9958,0.999
幸福村4社,32,2026-03-18,04:15,0.9962,0.999
幸福村4社,32,2026-03-18,04:30,0.9962,0.999
幸福村4社,32,2026-03-18,04:45,0.9965,0.999
幸福村4社,32,2026-03-18,05:00,0.9951,0.999
幸福村4社,32,2026-03-18,05:15,0.9971,0.999
幸福村4社,32,2026-03-18,05:30,0.9949,0.999
幸福村4社,32,2026-03-18,05:45,0.9974,0.999
幸福村4社,32,2026-03-18,06:00,0.9972,1.0
幸福村4社,32,2026-03-18,06:15,0.9963,1.0
幸福村4社,32,2026-03-18,06:30,0.995,1.0
幸福村4社,32,2026-03-18,06:45,0.9956,1.0
幸福村4社,32,2026-03-18,07:00,0.9947,1.0
幸福村4社,32,2026-03-18,07:15,0.9958,1.0
幸福村4社,32,2026-03-18,07:30,0.9968,1.0
幸福村4社,32,2026-03-18,07:45,0.9958,1.0
幸福村4社,32,2026-03-18,08:00,0.9988,0.986
幸福村4社,32,2026-03-18,08:15,1.0007,1.0
幸福村4社,32,2026-03-18,08:30,0.9986,1.0
幸福村4社,32,2026-03-18,08:45,0.9981,1.0
幸福村4社,32,2026-03-18,09:00,0.9973,1.0
幸福村4社,32,2026-03-18,09:15,0.9986,1.0
幸福村4社,32,2026-03-18,09:30,1.0,1.0
幸福村4社,32,2026-03-18,09:45,1.0008,1.0
幸福村4社,32,2026-03-18,10:00,0.9977,1.0
幸福村4社,32,2026-03-18,10:15,0.9972,1.0
幸福村4社,32,2026-03-18,10:30,0.9985,1.0
幸福村4社,32,2026-03-18,10:45,0.9996,1.0
幸福村4社,32,2026-03-18,11:00,0.9996,1.0
幸福村4社,32,2026-03-18,11:15,1.0001,1.0
幸福村4社,32,2026-03-18,11:30,0.9984,1.0
幸福村4社,32,2026-03-18,11:45,0.9992,1.0
幸福村4社,32,2026-03-18,12:00,0.9991,1.0
幸福村4社,32,2026-03-18,12:15,0.999,1.0
幸福村4社,32,2026-03-18,12:30,0.9989,1.0
幸福村4社,32,2026-03-18,12:45,0.9988,1.0
幸福村4社,32,2026-03-18,13:00,0.9994,1.0
幸福村4社,32,2026-03-18,13:15,0.9973,1.0
幸福村4社,32,2026-03-18,13:30,0.998,1.0
幸福村4社,32,2026-03-18,13:45,0.9992,1.0
幸福村4社,32,2026-03-18,14:00,0.9965,1.0
幸福村4社,32,2026-03-18,14:15,0.9967,1.0
幸福村4社,32,2026-03-18,14:30,1.0008,1.0
幸福村4社,32,2026-03-18,14:45,0.9974,1.0
幸福村4社,32,2026-03-18,15:00,0.997,1.0
幸福村4社,32,2026-03-18,15:15,0.9968,1.0
幸福村4社,32,2026-03-18,15:30,0.9994,1.0
幸福村4社,32,2026-03-18,15:45,0.9998,1.0
幸福村4社,32,2026-03-18,16:00,1.0008,1.0
幸福村4社,32,2026-03-18,16:15,0.9994,1.0
幸福村4社,32,2026-03-18,16:30,0.9981,1.0
幸福村4社,32,2026-03-18,16:45,0.9987,1.0
幸福村4社,32,2026-03-18,17:00,0.9988,1.0
幸福村4社,32,2026-03-18,17:15,0.9993,1.0
幸福村4社,32,2026-03-18,17:30,0.9973,1.0
幸福村4社,32,2026-03-18,17:45,0.9986,0.999
幸福村4社,32,2026-03-18,18:00,1.001,0.999
幸福村4社,32,2026-03-18,18:15,0.9994,1.0
幸福村4社,32,2026-03-18,18:30,0.9985,0.999
幸福村4社,32,2026-03-18,18:45,0.9979,1.0
幸福村4社,32,2026-03-18,19:00,0.9965,1.0
幸福村4社,32,2026-03-18,19:15,0.9953,1.0
幸福村4社,32,2026-03-18,19:30,0.9926,0.999
幸福村4社,32,2026-03-18,19:45,0.9934,0.993
幸福村4社,32,2026-03-18,20:00,0.9938,0.998
幸福村4社,32,2026-03-18,20:15,0.9928,0.998
幸福村4社,32,2026-03-18,20:30,0.9923,1.0
幸福村4社,32,2026-03-18,20:45,0.9929,1.0
幸福村4社,32,2026-03-18,21:00,0.9929,1.0
幸福村4社,32,2026-03-18,21:15,0.9944,1.0
幸福村4社,32,2026-03-18,21:30,0.9945,1.0
幸福村4社,32,2026-03-18,21:45,0.9942,1.0
幸福村4社,32,2026-03-18,22:00,0.9921,1.0
幸福村4社,32,2026-03-18,22:15,0.9918,1.0
幸福村4社,32,2026-03-18,22:30,0.991,1.0
幸福村4社,32,2026-03-18,22:45,0.9936,1.0
幸福村4社,32,2026-03-18,23:00,0.9929,1.0
幸福村4社,32,2026-03-18,23:15,0.9949,1.0
幸福村4社,32,2026-03-18,23:30,0.9944,1.0
幸福村4社,32,2026-03-18,23:45,0.9958,1.0
幸福村4社,32,2026-03-19,00:00,0.9945,1.0
幸福村4社,32,2026-03-19,00:15,0.9959,1.0
幸福村4社,32,2026-03-19,00:30,0.9947,1.0
幸福村4社,32,2026-03-19,00:45,0.9937,1.0
幸福村4社,32,2026-03-19,01:00,0.9935,1.0
幸福村4社,32,2026-03-19,01:15,0.9972,1.0
幸福村4社,32,2026-03-19,01:30,0.9966,1.0
幸福村4社,32,2026-03-19,01:45,0.9992,1.0
幸福村4社,32,2026-03-19,02:00,0.9956,1.0
幸福村4社,32,2026-03-19,02:15,0.9987,1.0
幸福村4社,32,2026-03-19,02:30,0.9972,1.0
幸福村4社,32,2026-03-19,02:45,0.9955,1.0
幸福村4社,32,2026-03-19,03:00,0.9966,1.0
幸福村4社,32,2026-03-19,03:15,0.9961,1.0
幸福村4社,32,2026-03-19,03:30,0.9944,1.0
幸福村4社,32,2026-03-19,03:45,0.9943,1.0
幸福村4社,32,2026-03-19,04:00,0.9972,1.0
幸福村4社,32,2026-03-19,04:15,0.9967,1.0
幸福村4社,32,2026-03-19,04:30,0.9955,1.0
幸福村4社,32,2026-03-19,04:45,0.9962,1.0
幸福村4社,32,2026-03-19,05:00,0.9943,1.0
幸福村4社,32,2026-03-19,05:15,0.9967,1.0
幸福村4社,32,2026-03-19,05:30,0.9951,1.0
幸福村4社,32,2026-03-19,05:45,0.9975,1.0
幸福村4社,32,2026-03-19,06:00,0.996,1.0
幸福村4社,32,2026-03-19,06:15,0.9955,1.0
幸福村4社,32,2026-03-19,06:30,0.9958,1.0
幸福村4社,32,2026-03-19,06:45,0.9983,1.0
幸福村4社,32,2026-03-19,07:00,0.9962,1.0
幸福村4社,32,2026-03-19,07:15,0.9964,1.0
幸福村4社,32,2026-03-19,07:30,0.9975,1.0
幸福村4社,32,2026-03-19,07:45,0.9974,1.0
幸福村4社,32,2026-03-19,08:00,0.998,1.0
幸福村4社,32,2026-03-19,08:15,0.9982,1.0
幸福村4社,32,2026-03-19,08:30,0.9972,1.0
幸福村4社,32,2026-03-19,08:45,0.998,1.0
幸福村4社,32,2026-03-19,09:00,0.9965,1.0
幸福村4社,32,2026-03-19,09:15,0.9973,1.0
幸福村4社,32,2026-03-19,09:30,0.9993,1.0
幸福村4社,32,2026-03-19,09:45,0.999,1.0
幸福村4社,32,2026-03-19,10:00,0.9996,1.0
幸福村4社,32,2026-03-19,10:15,0.9978,1.0
幸福村4社,32,2026-03-19,10:30,0.9966,1.0
幸福村4社,32,2026-03-19,10:45,1.0,1.0
幸福村4社,32,2026-03-19,11:00,0.9959,1.0
幸福村4社,32,2026-03-19,11:15,0.9995,1.0
幸福村4社,32,2026-03-19,11:30,1.0003,1.0
幸福村4社,32,2026-03-19,11:45,0.9996,1.0
幸福村4社,32,2026-03-19,12:00,0.9978,1.0
幸福村4社,32,2026-03-19,12:15,0.9973,1.0
幸福村4社,32,2026-03-19,12:30,0.9991,1.0
幸福村4社,32,2026-03-19,12:45,0.9985,1.0
幸福村4社,32,2026-03-19,13:00,0.9978,1.0
幸福村4社,32,2026-03-19,13:15,0.9985,1.0
幸福村4社,32,2026-03-19,13:30,0.9991,1.0
幸福村4社,32,2026-03-19,13:45,0.9983,1.0
幸福村4社,32,2026-03-19,14:00,0.9955,1.0
幸福村4社,32,2026-03-19,14:15,0.9952,1.0
幸福村4社,32,2026-03-19,14:30,0.9979,1.0
幸福村4社,32,2026-03-19,14:45,0.9959,1.0
幸福村4社,32,2026-03-19,15:00,0.9955,1.0
幸福村4社,32,2026-03-19,15:15,1.0011,1.0
幸福村4社,32,2026-03-19,15:30,1.0005,1.0
幸福村4社,32,2026-03-19,15:45,0.9986,1.0
幸福村4社,32,2026-03-19,16:00,1.0003,1.0
幸福村4社,32,2026-03-19,16:15,0.9976,1.0
幸福村4社,32,2026-03-19,16:30,0.9981,1.0
幸福村4社,32,2026-03-19,16:45,0.9988,1.0
幸福村4社,32,2026-03-19,17:00,0.9975,1.0
幸福村4社,32,2026-03-19,17:15,0.9982,1.0
幸福村4社,32,2026-03-19,17:30,0.9957,1.0
幸福村4社,32,2026-03-19,17:45,0.998,1.0
幸福村4社,32,2026-03-19,18:00,0.9974,1.0
幸福村4社,32,2026-03-19,18:15,0.9964,1.0
幸福村4社,32,2026-03-19,18:30,0.9985,1.0
幸福村4社,32,2026-03-19,18:45,0.9979,1.0
幸福村4社,32,2026-03-19,19:00,0.9946,1.0
幸福村4社,32,2026-03-19,19:15,0.9952,0.999
幸福村4社,32,2026-03-19,19:30,0.9937,1.0
幸福村4社,32,2026-03-19,19:45,0.9902,0.993
幸福村4社,32,2026-03-19,20:00,0.9902,0.992
幸福村4社,32,2026-03-19,20:15,0.9949,0.992
幸福村4社,32,2026-03-19,20:30,0.9942,0.999
幸福村4社,32,2026-03-19,20:45,0.9926,0.999
幸福村4社,32,2026-03-19,21:00,0.9933,0.999
幸福村4社,32,2026-03-19,21:15,0.9939,0.998
幸福村4社,32,2026-03-19,21:30,0.9923,0.999
幸福村4社,32,2026-03-19,21:45,0.9936,0.999
幸福村4社,32,2026-03-19,22:00,0.9919,0.999
幸福村4社,32,2026-03-19,22:15,0.9901,0.998
幸福村4社,32,2026-03-19,22:30,0.992,1.0
幸福村4社,32,2026-03-19,22:45,0.9948,1.0
幸福村4社,32,2026-03-19,23:00,0.9946,1.0
幸福村4社,32,2026-03-19,23:15,0.9948,1.0
幸福村4社,32,2026-03-19,23:30,0.9959,1.0
幸福村4社,32,2026-03-19,23:45,0.9969,1.0
幸福村1社,33,2026-04-23,00:00,0.8089,0.8
幸福村1社,33,2026-04-23,00:15,0.8037,0.893
幸福村1社,33,2026-04-23,00:30,0.8098,0.731
幸福村1社,33,2026-04-23,00:45,0.7734,0.861
幸福村1社,33,2026-04-23,01:00,0.7894,0.922
幸福村1社,33,2026-04-23,01:15,0.7743,0.818
幸福村1社,33,2026-04-23,01:30,0.774,0.785
幸福村1社,33,2026-04-23,01:45,0.7429,0.691
幸福村1社,33,2026-04-23,02:00,0.7647,0.833
幸福村1社,33,2026-04-23,02:15,0.7554,0.762
幸福村1社,33,2026-04-23,02:30,0.7524,0.764
幸福村1社,33,2026-04-23,02:45,0.7472,0.773
幸福村1社,33,2026-04-23,03:00,0.7395,0.672
幸福村1社,33,2026-04-23,03:15,0.7581,0.794
幸福村1社,33,2026-04-23,03:30,0.7402,0.696
幸福村1社,33,2026-04-23,03:45,0.7577,0.795
幸福村1社,33,2026-04-23,04:00,0.7334,0.841
幸福村1社,33,2026-04-23,04:15,0.7478,0.745
幸福村1社,33,2026-04-23,04:30,0.7389,0.854
幸福村1社,33,2026-04-23,04:45,0.7285,0.685
幸福村1社,33,2026-04-23,05:00,0.7519,0.777
幸福村1社,33,2026-04-23,05:15,0.7402,0.722
幸福村1社,33,2026-04-23,05:30,0.7259,0.726
幸福村1社,33,2026-04-23,05:45,0.7307,0.855
幸福村1社,33,2026-04-23,06:00,0.7383,0.731
幸福村1社,33,2026-04-23,06:15,0.7526,0.811
幸福村1社,33,2026-04-23,06:30,0.7601,0.952
幸福村1社,33,2026-04-23,06:45,0.76,0.79
幸福村1社,33,2026-04-23,07:00,0.7839,0.967
幸福村1社,33,2026-04-23,07:15,0.8018,0.895
幸福村1社,33,2026-04-23,07:30,0.8529,0.961
幸福村1社,33,2026-04-23,07:45,0.864,0.995
幸福村1社,33,2026-04-23,08:00,0.8529,0.991
幸福村1社,33,2026-04-23,08:15,0.905,0.997
幸福村1社,33,2026-04-23,08:30,0.9595,0.998
幸福村1社,33,2026-04-23,08:45,0.9585,0.999
幸福村1社,33,2026-04-23,09:00,0.9641,0.997
幸福村1社,33,2026-04-23,09:15,0.9791,0.955
幸福村1社,33,2026-04-23,09:30,0.9741,0.919
幸福村1社,33,2026-04-23,09:45,0.9645,0.969
幸福村1社,33,2026-04-23,10:00,0.9662,0.65
幸福村1社,33,2026-04-23,10:15,0.9253,0.676
幸福村1社,33,2026-04-23,10:30,0.9198,0.629
幸福村1社,33,2026-04-23,10:45,0.9134,0.723
幸福村1社,33,2026-04-23,11:00,0.858,0.705
幸福村1社,33,2026-04-23,11:15,0.8755,0.643
幸福村1社,33,2026-04-23,11:30,0.8729,0.686
幸福村1社,33,2026-04-23,11:45,0.8662,0.938
幸福村1社,33,2026-04-23,12:00,0.8442,0.945
幸福村1社,33,2026-04-23,12:15,0.8464,0.821
幸福村1社,33,2026-04-23,12:30,0.8364,0.673
幸福村1社,33,2026-04-23,12:45,0.8279,0.824
幸福村1社,33,2026-04-23,13:00,0.8371,0.832
幸福村1社,33,2026-04-23,13:15,0.8258,0.697
幸福村1社,33,2026-04-23,13:30,0.8365,0.723
幸福村1社,33,2026-04-23,13:45,0.856,0.922
幸福村1社,33,2026-04-23,14:00,0.8509,0.775
幸福村1社,33,2026-04-23,14:15,0.869,0.922
幸福村1社,33,2026-04-23,14:30,0.8611,0.912
幸福村1社,33,2026-04-23,14:45,0.8473,0.874
幸福村1社,33,2026-04-23,15:00,0.8371,0.816
幸福村1社,33,2026-04-23,15:15,0.8709,0.862
幸福村1社,33,2026-04-23,15:30,0.8469,0.786
幸福村1社,33,2026-04-23,15:45,0.8454,0.826
幸福村1社,33,2026-04-23,16:00,0.867,0.822
幸福村1社,33,2026-04-23,16:15,0.8742,0.773
幸福村1社,33,2026-04-23,16:30,0.9017,0.961
幸福村1社,33,2026-04-23,16:45,0.927,0.897
幸福村1社,33,2026-04-23,17:00,0.9158,0.711
幸福村1社,33,2026-04-23,17:15,0.9475,0.865
幸福村1社,33,2026-04-23,17:30,0.9431,0.979
幸福村1社,33,2026-04-23,17:45,0.9577,0.986
幸福村1社,33,2026-04-23,18:00,0.9379,0.962
幸福村1社,33,2026-04-23,18:15,0.9435,0.987
幸福村1社,33,2026-04-23,18:30,0.9493,0.978
幸福村1社,33,2026-04-23,18:45,0.9403,0.953
幸福村1社,33,2026-04-23,19:00,0.9421,0.97
幸福村1社,33,2026-04-23,19:15,0.9422,0.964
幸福村1社,33,2026-04-23,19:30,0.9448,0.994
幸福村1社,33,2026-04-23,19:45,0.9531,0.996
幸福村1社,33,2026-04-23,20:00,0.9451,0.982
幸福村1社,33,2026-04-23,20:15,0.9406,0.977
幸福村1社,33,2026-04-23,20:30,0.9271,0.984
幸福村1社,33,2026-04-23,20:45,0.9306,0.783
幸福村1社,33,2026-04-23,21:00,0.9381,0.864
幸福村1社,33,2026-04-23,21:15,0.9216,0.775
幸福村1社,33,2026-04-23,21:30,0.926,0.788
幸福村1社,33,2026-04-23,21:45,0.9212,0.879
幸福村1社,33,2026-04-23,22:00,0.8954,0.798
幸福村1社,33,2026-04-23,22:15,0.885,0.802
幸福村1社,33,2026-04-23,22:30,0.8738,0.983
幸福村1社,33,2026-04-23,22:45,0.8655,0.868
幸福村1社,33,2026-04-23,23:00,0.8624,0.668
幸福村1社,33,2026-04-23,23:15,0.8348,0.658
幸福村1社,33,2026-04-23,23:30,0.843,0.698
幸福村1社,33,2026-04-23,23:45,0.8197,0.68
幸福村1社,33,2026-04-24,00:00,0.8048,0.665
幸福村1社,33,2026-04-24,00:15,0.7866,0.692
幸福村1社,33,2026-04-24,00:30,0.8062,0.617
幸福村1社,33,2026-04-24,00:45,0.7677,0.716
幸福村1社,33,2026-04-24,01:00,0.7759,0.683
幸福村1社,33,2026-04-24,01:15,0.7744,0.634
幸福村1社,33,2026-04-24,01:30,0.7508,0.693
幸福村1社,33,2026-04-24,01:45,0.7488,0.616
幸福村1社,33,2026-04-24,02:00,0.752,0.694
幸福村1社,33,2026-04-24,02:15,0.7691,0.658
幸福村1社,33,2026-04-24,02:30,0.7446,0.677
幸福村1社,33,2026-04-24,02:45,0.7579,0.691
幸福村1社,33,2026-04-24,03:00,0.7429,0.662
幸福村1社,33,2026-04-24,03:15,0.7591,0.659
幸福村1社,33,2026-04-24,03:30,0.7357,0.666
幸福村1社,33,2026-04-24,03:45,0.7475,0.69
幸福村1社,33,2026-04-24,04:00,0.7346,0.661
幸福村1社,33,2026-04-24,04:15,0.7352,0.691
幸福村1社,33,2026-04-24,04:30,0.7417,0.62
幸福村1社,33,2026-04-24,04:45,0.7282,0.639
幸福村1社,33,2026-04-24,05:00,0.7259,0.67
幸福村1社,33,2026-04-24,05:15,0.7286,0.589
幸福村1社,33,2026-04-24,05:30,0.7253,0.656
幸福村1社,33,2026-04-24,05:45,0.7262,0.59
幸福村1社,33,2026-04-24,06:00,0.7185,0.662
幸福村1社,33,2026-04-24,06:15,0.7445,0.65
幸福村1社,33,2026-04-24,06:30,0.762,0.999
幸福村1社,33,2026-04-24,06:45,0.7675,0.984
幸福村1社,33,2026-04-24,07:00,0.7718,0.969
幸福村1社,33,2026-04-24,07:15,0.7818,0.991
幸福村1社,33,2026-04-24,07:30,0.8397,0.996
幸福村1社,33,2026-04-24,07:45,0.8633,0.991
幸福村1社,33,2026-04-24,08:00,0.8744,0.997
幸福村1社,33,2026-04-24,08:15,0.9155,0.996
幸福村1社,33,2026-04-24,08:30,0.9508,0.99
幸福村1社,33,2026-04-24,08:45,0.9594,0.993
幸福村1社,33,2026-04-24,09:00,0.9589,0.986
幸福村1社,33,2026-04-24,09:15,0.9816,0.998
幸福村1社,33,2026-04-24,09:30,0.9547,0.992
幸福村1社,33,2026-04-24,09:45,0.9737,0.999
幸福村1社,33,2026-04-24,10:00,0.9686,0.95
幸福村1社,33,2026-04-24,10:15,0.9265,0.776
幸福村1社,33,2026-04-24,10:30,0.9224,0.809
幸福村1社,33,2026-04-24,10:45,0.9082,0.878
幸福村1社,33,2026-04-24,11:00,0.8469,0.683
幸福村1社,33,2026-04-24,11:15,0.8616,0.825
幸福村1社,33,2026-04-24,11:30,0.8586,0.839
幸福村1社,33,2026-04-24,11:45,0.8311,0.887
幸福村1社,33,2026-04-24,12:00,0.8211,0.994
幸福村1社,33,2026-04-24,12:15,0.8314,0.782
幸福村1社,33,2026-04-24,12:30,0.8221,0.886
幸福村1社,33,2026-04-24,12:45,0.8023,0.862
幸福村1社,33,2026-04-24,13:00,0.8113,0.878
幸福村1社,33,2026-04-24,13:15,0.8075,0.878
幸福村1社,33,2026-04-24,13:30,0.8175,0.778
幸福村1社,33,2026-04-24,13:45,0.8298,0.716
幸福村1社,33,2026-04-24,14:00,0.8338,0.924
幸福村1社,33,2026-04-24,14:15,0.8541,0.811
幸福村1社,33,2026-04-24,14:30,0.8484,0.751
幸福村1社,33,2026-04-24,14:45,0.8432,0.856
幸福村1社,33,2026-04-24,15:00,0.8294,0.704
幸福村1社,33,2026-04-24,15:15,0.8519,0.815
幸福村1社,33,2026-04-24,15:30,0.8334,0.988
幸福村1社,33,2026-04-24,15:45,0.8393,0.959
幸福村1社,33,2026-04-24,16:00,0.8345,0.996
幸福村1社,33,2026-04-24,16:15,0.857,0.999
幸福村1社,33,2026-04-24,16:30,0.8647,0.967
幸福村1社,33,2026-04-24,16:45,0.9186,0.977
幸福村1社,33,2026-04-24,17:00,0.9192,0.982
幸福村1社,33,2026-04-24,17:15,0.9292,0.767
幸福村1社,33,2026-04-24,17:30,0.9308,0.997
幸福村1社,33,2026-04-24,17:45,0.9392,0.798
幸福村1社,33,2026-04-24,18:00,0.9457,0.999
幸福村1社,33,2026-04-24,18:15,0.9517,0.968
幸福村1社,33,2026-04-24,18:30,0.9539,0.992
幸福村1社,33,2026-04-24,18:45,0.9406,0.965
幸福村1社,33,2026-04-24,19:00,0.9236,0.843
幸福村1社,33,2026-04-24,19:15,0.9402,0.984
幸福村1社,33,2026-04-24,19:30,0.951,0.987
幸福村1社,33,2026-04-24,19:45,0.9359,0.949
幸福村1社,33,2026-04-24,20:00,0.9387,0.995
幸福村1社,33,2026-04-24,20:15,0.9445,0.972
幸福村1社,33,2026-04-24,20:30,0.9319,0.993
幸福村1社,33,2026-04-24,20:45,0.9263,0.97
幸福村1社,33,2026-04-24,21:00,0.9324,0.927
幸福村1社,33,2026-04-24,21:15,0.9129,0.934
幸福村1社,33,2026-04-24,21:30,0.9136,0.904
幸福村1社,33,2026-04-24,21:45,0.9034,0.901
幸福村1社,33,2026-04-24,22:00,0.8923,0.905
幸福村1社,33,2026-04-24,22:15,0.8943,0.903
幸福村1社,33,2026-04-24,22:30,0.8775,0.872
幸福村1社,33,2026-04-24,22:45,0.8537,0.848
幸福村1社,33,2026-04-24,23:00,0.8426,0.778
幸福村1社,33,2026-04-24,23:15,0.8249,0.771
幸福村1社,33,2026-04-24,23:30,0.8204,0.844
幸福村1社,33,2026-04-24,23:45,0.8071,0.798
幸福村1社,33,2026-04-25,00:00,0.7932,0.924
幸福村1社,33,2026-04-25,00:15,0.7877,0.876
幸福村1社,33,2026-04-25,00:30,0.7956,0.927
幸福村1社,33,2026-04-25,00:45,0.7542,0.884
幸福村1社,33,2026-04-25,01:00,0.7604,0.954
幸福村1社,33,2026-04-25,01:15,0.7639,0.847
幸福村1社,33,2026-04-25,01:30,0.7583,0.895
幸福村1社,33,2026-04-25,01:45,0.7415,0.849
幸福村1社,33,2026-04-25,02:00,0.7545,0.878
幸福村1社,33,2026-04-25,02:15,0.7489,0.966
幸福村1社,33,2026-04-25,02:30,0.729,0.816
幸福村1社,33,2026-04-25,02:45,0.7497,0.921
幸福村1社,33,2026-04-25,03:00,0.7375,0.908
幸福村1社,33,2026-04-25,03:15,0.7329,0.893
幸福村1社,33,2026-04-25,03:30,0.7362,0.74
幸福村1社,33,2026-04-25,03:45,0.7472,0.697
幸福村1社,33,2026-04-25,04:00,0.7238,0.695
幸福村1社,33,2026-04-25,04:15,0.7266,0.702
幸福村1社,33,2026-04-25,04:30,0.7306,0.691
幸福村1社,33,2026-04-25,04:45,0.7139,0.684
幸福村1社,33,2026-04-25,05:00,0.7252,0.862
幸福村1社,33,2026-04-25,05:15,0.7144,0.749
幸福村1社,33,2026-04-25,05:30,0.7098,0.722
幸福村1社,33,2026-04-25,05:45,0.7135,0.755
幸福村1社,33,2026-04-25,06:00,0.718,0.997
幸福村1社,33,2026-04-25,06:15,0.7413,0.985
幸福村1社,33,2026-04-25,06:30,0.7423,0.811
幸福村1社,33,2026-04-25,06:45,0.7503,0.956
幸福村1社,33,2026-04-25,07:00,0.7712,1.0
幸福村1社,33,2026-04-25,07:15,0.7826,0.988
幸福村1社,33,2026-04-25,07:30,0.847,0.998
幸福村1社,33,2026-04-25,07:45,0.851,0.995
幸福村1社,33,2026-04-25,08:00,0.8515,0.999
幸福村1社,33,2026-04-25,08:15,0.9174,0.998
幸福村1社,33,2026-04-25,08:30,0.943,0.999
幸福村1社,33,2026-04-25,08:45,0.9442,0.999
幸福村1社,33,2026-04-25,09:00,0.9611,0.999
幸福村1社,33,2026-04-25,09:15,0.9745,0.997
幸福村1社,33,2026-04-25,09:30,0.9484,0.913
幸福村1社,33,2026-04-25,09:45,0.9662,0.997
幸福村1社,33,2026-04-25,10:00,0.9567,0.755
幸福村1社,33,2026-04-25,10:15,0.9313,0.882
幸福村1社,33,2026-04-25,10:30,0.9019,0.987
幸福村1社,33,2026-04-25,10:45,0.8946,0.943
幸福村1社,33,2026-04-25,11:00,0.8501,0.802
幸福村1社,33,2026-04-25,11:15,0.8474,0.748
幸福村1社,33,2026-04-25,11:30,0.838,0.989
幸福村1社,33,2026-04-25,11:45,0.8327,0.931
幸福村1社,33,2026-04-25,12:00,0.8236,0.937
幸福村1社,33,2026-04-25,12:15,0.8104,0.999
幸福村1社,33,2026-04-25,12:30,0.8283,0.994
幸福村1社,33,2026-04-25,12:45,0.805,0.999
幸福村1社,33,2026-04-25,13:00,0.8237,1.0
幸福村1社,33,2026-04-25,13:15,0.8301,0.976
幸福村1社,33,2026-04-25,13:30,0.8124,0.968
幸福村1社,33,2026-04-25,13:45,0.8469,0.998
幸福村1社,33,2026-04-25,14:00,0.844,0.964
幸福村1社,33,2026-04-25,14:15,0.82,0.999
幸福村1社,33,2026-04-25,14:30,0.86,0.998
幸福村1社,33,2026-04-25,14:45,0.8304,0.951
幸福村1社,33,2026-04-25,15:00,0.8226,0.993
幸福村1社,33,2026-04-25,15:15,0.8728,0.965
幸福村1社,33,2026-04-25,15:30,0.852,0.979
幸福村1社,33,2026-04-25,15:45,0.8477,0.965
幸福村1社,33,2026-04-25,16:00,0.854,0.837
幸福村1社,33,2026-04-25,16:15,0.8651,0.769
幸福村1社,33,2026-04-25,16:30,0.8666,0.798
幸福村1社,33,2026-04-25,16:45,0.9187,0.793
幸福村1社,33,2026-04-25,17:00,0.912,0.946
幸福村1社,33,2026-04-25,17:15,0.9242,0.994
幸福村1社,33,2026-04-25,17:30,0.9388,0.755
幸福村1社,33,2026-04-25,17:45,0.939,0.996
幸福村1社,33,2026-04-25,18:00,0.9513,0.961
幸福村1社,33,2026-04-25,18:15,0.9546,0.82
幸福村1社,33,2026-04-25,18:30,0.9628,0.853
幸福村1社,33,2026-04-25,18:45,0.9511,0.9
幸福村1社,33,2026-04-25,19:00,0.934,0.99
幸福村1社,33,2026-04-25,19:15,0.9446,0.997
幸福村1社,33,2026-04-25,19:30,0.9334,0.988
幸福村1社,33,2026-04-25,19:45,0.9494,0.997
幸福村1社,33,2026-04-25,20:00,0.9429,0.99
幸福村1社,33,2026-04-25,20:15,0.9363,0.981
幸福村1社,33,2026-04-25,20:30,0.9304,0.796
幸福村1社,33,2026-04-25,20:45,0.9332,0.867
幸福村1社,33,2026-04-25,21:00,0.9287,0.924
幸福村1社,33,2026-04-25,21:15,0.9078,0.957
幸福村1社,33,2026-04-25,21:30,0.9102,0.938
幸福村1社,33,2026-04-25,21:45,0.9044,0.988
幸福村1社,33,2026-04-25,22:00,0.8941,0.883
幸福村1社,33,2026-04-25,22:15,0.8922,0.944
幸福村1社,33,2026-04-25,22:30,0.8738,0.983
幸福村1社,33,2026-04-25,22:45,0.8683,0.942
幸福村1社,33,2026-04-25,23:00,0.8492,0.991
幸福村1社,33,2026-04-25,23:15,0.8216,0.946
幸福村1社,33,2026-04-25,23:30,0.8305,0.876
幸福村1社,33,2026-04-25,23:45,0.8058,0.887
马鞍村1社,34,2026-02-21,00:00,0.8593,0.925
马鞍村1社,34,2026-02-21,00:15,0.8524,0.915
马鞍村1社,34,2026-02-21,00:30,0.8298,0.912
马鞍村1社,34,2026-02-21,00:45,0.8417,0.843
马鞍村1社,34,2026-02-21,01:00,0.8401,0.96
马鞍村1社,34,2026-02-21,01:15,0.8306,0.838
马鞍村1社,34,2026-02-21,01:30,0.8407,0.947
马鞍村1社,34,2026-02-21,01:45,0.8047,0.884
马鞍村1社,34,2026-02-21,02:00,0.8127,0.88
马鞍村1社,34,2026-02-21,02:15,0.7892,0.887
马鞍村1社,34,2026-02-21,02:30,0.8096,0.795
马鞍村1社,34,2026-02-21,02:45,0.7966,0.779
马鞍村1社,34,2026-02-21,03:00,0.8006,0.842
马鞍村1社,34,2026-02-21,03:15,0.7828,0.84
马鞍村1社,34,2026-02-21,03:30,0.7963,0.753
马鞍村1社,34,2026-02-21,03:45,0.8082,0.821
马鞍村1社,34,2026-02-21,04:00,0.7962,0.766
马鞍村1社,34,2026-02-21,04:15,0.7882,0.817
马鞍村1社,34,2026-02-21,04:30,0.7935,0.774
马鞍村1社,34,2026-02-21,04:45,0.7903,0.731
马鞍村1社,34,2026-02-21,05:00,0.796,0.917
马鞍村1社,34,2026-02-21,05:15,0.7993,0.749
马鞍村1社,34,2026-02-21,05:30,0.7932,0.721
马鞍村1社,34,2026-02-21,05:45,0.8009,0.803
马鞍村1社,34,2026-02-21,06:00,0.8034,0.782
马鞍村1社,34,2026-02-21,06:15,0.8119,0.692
马鞍村1社,34,2026-02-21,06:30,0.8265,0.785
马鞍村1社,34,2026-02-21,06:45,0.8235,0.739
马鞍村1社,34,2026-02-21,07:00,0.8479,0.752
马鞍村1社,34,2026-02-21,07:15,0.8737,0.757
马鞍村1社,34,2026-02-21,07:30,0.9107,0.867
马鞍村1社,34,2026-02-21,07:45,0.9206,0.965
马鞍村1社,34,2026-02-21,08:00,0.9525,0.971
马鞍村1社,34,2026-02-21,08:15,0.9739,0.992
马鞍村1社,34,2026-02-21,08:30,0.9839,0.992
马鞍村1社,34,2026-02-21,08:45,0.9865,0.996
马鞍村1社,34,2026-02-21,09:00,0.9857,0.982
马鞍村1社,34,2026-02-21,09:15,0.9776,0.989
马鞍村1社,34,2026-02-21,09:30,0.9782,0.988
马鞍村1社,34,2026-02-21,09:45,0.9713,0.989
马鞍村1社,34,2026-02-21,10:00,0.9625,0.985
马鞍村1社,34,2026-02-21,10:15,0.939,0.938
马鞍村1社,34,2026-02-21,10:30,0.9403,0.995
马鞍村1社,34,2026-02-21,10:45,0.905,0.749
马鞍村1社,34,2026-02-21,11:00,0.9009,0.922
马鞍村1社,34,2026-02-21,11:15,0.911,0.719
马鞍村1社,34,2026-02-21,11:30,0.9095,0.716
马鞍村1社,34,2026-02-21,11:45,0.9007,0.743
马鞍村1社,34,2026-02-21,12:00,0.9096,0.785
马鞍村1社,34,2026-02-21,12:15,0.9122,0.69
马鞍村1社,34,2026-02-21,12:30,0.9137,0.906
马鞍村1社,34,2026-02-21,12:45,0.887,0.772
马鞍村1社,34,2026-02-21,13:00,0.8838,0.975
马鞍村1社,34,2026-02-21,13:15,0.894,0.95
马鞍村1社,34,2026-02-21,13:30,0.9034,0.927
马鞍村1社,34,2026-02-21,13:45,0.8943,0.878
马鞍村1社,34,2026-02-21,14:00,0.9103,0.822
马鞍村1社,34,2026-02-21,14:15,0.9111,0.786
马鞍村1社,34,2026-02-21,14:30,0.8882,0.917
马鞍村1社,34,2026-02-21,14:45,0.9036,0.993
马鞍村1社,34,2026-02-21,15:00,0.9094,0.892
马鞍村1社,34,2026-02-21,15:15,0.9305,0.869
马鞍村1社,34,2026-02-21,15:30,0.9509,0.925
马鞍村1社,34,2026-02-21,15:45,0.9386,0.951
马鞍村1社,34,2026-02-21,16:00,0.9392,0.924
马鞍村1社,34,2026-02-21,16:15,0.96,0.996
马鞍村1社,34,2026-02-21,16:30,0.9651,0.959
马鞍村1社,34,2026-02-21,16:45,0.9579,0.911
马鞍村1社,34,2026-02-21,17:00,0.9721,0.922
马鞍村1社,34,2026-02-21,17:15,0.9787,0.982
马鞍村1社,34,2026-02-21,17:30,0.98,0.947
马鞍村1社,34,2026-02-21,17:45,0.9661,0.992
马鞍村1社,34,2026-02-21,18:00,0.9781,0.993
马鞍村1社,34,2026-02-21,18:15,0.9721,0.987
马鞍村1社,34,2026-02-21,18:30,0.9682,0.955
马鞍村1社,34,2026-02-21,18:45,0.9558,0.934
马鞍村1社,34,2026-02-21,19:00,0.9608,0.859
马鞍村1社,34,2026-02-21,19:15,0.9466,0.78
马鞍村1社,34,2026-02-21,19:30,0.941,0.975
马鞍村1社,34,2026-02-21,19:45,0.9504,0.945
马鞍村1社,34,2026-02-21,20:00,0.9596,0.989
马鞍村1社,34,2026-02-21,20:15,0.95,0.986
马鞍村1社,34,2026-02-21,20:30,0.9443,0.965
马鞍村1社,34,2026-02-21,20:45,0.9465,0.958
马鞍村1社,34,2026-02-21,21:00,0.9539,0.892
马鞍村1社,34,2026-02-21,21:15,0.9544,0.952
马鞍村1社,34,2026-02-21,21:30,0.9502,0.856
马鞍村1社,34,2026-02-21,21:45,0.9552,0.928
马鞍村1社,34,2026-02-21,22:00,0.9335,0.833
马鞍村1社,34,2026-02-21,22:15,0.9339,0.855
马鞍村1社,34,2026-02-21,22:30,0.9279,0.822
马鞍村1社,34,2026-02-21,22:45,0.905,0.986
马鞍村1社,34,2026-02-21,23:00,0.8998,0.72
马鞍村1社,34,2026-02-21,23:15,0.8732,0.718
马鞍村1社,34,2026-02-21,23:30,0.8615,0.88
马鞍村1社,34,2026-02-21,23:45,0.8495,0.758
马鞍村1社,34,2026-02-22,00:00,0.8539,0.704
马鞍村1社,34,2026-02-22,00:15,0.8443,0.752
马鞍村1社,34,2026-02-22,00:30,0.836,0.743
马鞍村1社,34,2026-02-22,00:45,0.8215,0.677
马鞍村1社,34,2026-02-22,01:00,0.8203,0.69
马鞍村1社,34,2026-02-22,01:15,0.8357,0.696
马鞍村1社,34,2026-02-22,01:30,0.8288,0.631
马鞍村1社,34,2026-02-22,01:45,0.8047,0.715
马鞍村1社,34,2026-02-22,02:00,0.8051,0.703
马鞍村1社,34,2026-02-22,02:15,0.8014,0.685
马鞍村1社,34,2026-02-22,02:30,0.7995,0.71
马鞍村1社,34,2026-02-22,02:45,0.7866,0.83
马鞍村1社,34,2026-02-22,03:00,0.7917,0.794
马鞍村1社,34,2026-02-22,03:15,0.7847,0.773
马鞍村1社,34,2026-02-22,03:30,0.7905,0.749
马鞍村1社,34,2026-02-22,03:45,0.7982,0.809
马鞍村1社,34,2026-02-22,04:00,0.7792,0.84
马鞍村1社,34,2026-02-22,04:15,0.7734,0.926
马鞍村1社,34,2026-02-22,04:30,0.777,0.815
马鞍村1社,34,2026-02-22,04:45,0.7767,0.824
马鞍村1社,34,2026-02-22,05:00,0.7799,0.851
马鞍村1社,34,2026-02-22,05:15,0.7897,0.753
马鞍村1社,34,2026-02-22,05:30,0.7886,0.724
马鞍村1社,34,2026-02-22,05:45,0.792,0.698
马鞍村1社,34,2026-02-22,06:00,0.7971,0.76
马鞍村1社,34,2026-02-22,06:15,0.8128,0.679
马鞍村1社,34,2026-02-22,06:30,0.8213,0.696
马鞍村1社,34,2026-02-22,06:45,0.8149,0.687
马鞍村1社,34,2026-02-22,07:00,0.8594,0.763
马鞍村1社,34,2026-02-22,07:15,0.8711,0.811
马鞍村1社,34,2026-02-22,07:30,0.9071,0.983
马鞍村1社,34,2026-02-22,07:45,0.9328,0.964
马鞍村1社,34,2026-02-22,08:00,0.9637,0.958
马鞍村1社,34,2026-02-22,08:15,0.9761,0.995
马鞍村1社,34,2026-02-22,08:30,0.9851,0.988
马鞍村1社,34,2026-02-22,08:45,0.9974,0.968
马鞍村1社,34,2026-02-22,09:00,0.9864,0.997
马鞍村1社,34,2026-02-22,09:15,0.9719,0.985
马鞍村1社,34,2026-02-22,09:30,0.9701,0.996
马鞍村1社,34,2026-02-22,09:45,0.9652,0.998
马鞍村1社,34,2026-02-22,10:00,0.9638,0.991
马鞍村1社,34,2026-02-22,10:15,0.9615,0.993
马鞍村1社,34,2026-02-22,10:30,0.9406,0.996
马鞍村1社,34,2026-02-22,10:45,0.9067,0.99
马鞍村1社,34,2026-02-22,11:00,0.9157,0.961
马鞍村1社,34,2026-02-22,11:15,0.9055,0.955
马鞍村1社,34,2026-02-22,11:30,0.9006,0.953
马鞍村1社,34,2026-02-22,11:45,0.8899,0.987
马鞍村1社,34,2026-02-22,12:00,0.9077,0.975
马鞍村1社,34,2026-02-22,12:15,0.9093,0.804
马鞍村1社,34,2026-02-22,12:30,0.9075,0.902
马鞍村1社,34,2026-02-22,12:45,0.8914,0.74
马鞍村1社,34,2026-02-22,13:00,0.8978,0.935
马鞍村1社,34,2026-02-22,13:15,0.913,0.926
马鞍村1社,34,2026-02-22,13:30,0.9284,0.936
马鞍村1社,34,2026-02-22,13:45,0.9008,0.838
马鞍村1社,34,2026-02-22,14:00,0.9187,0.945
马鞍村1社,34,2026-02-22,14:15,0.9094,0.971
马鞍村1社,34,2026-02-22,14:30,0.8972,0.927
马鞍村1社,34,2026-02-22,14:45,0.917,0.969
马鞍村1社,34,2026-02-22,15:00,0.9197,0.948
马鞍村1社,34,2026-02-22,15:15,0.9325,0.992
马鞍村1社,34,2026-02-22,15:30,0.9403,0.998
马鞍村1社,34,2026-02-22,15:45,0.9203,0.971
马鞍村1社,34,2026-02-22,16:00,0.9486,0.93
马鞍村1社,34,2026-02-22,16:15,0.9533,0.95
马鞍村1社,34,2026-02-22,16:30,0.9662,0.858
马鞍村1社,34,2026-02-22,16:45,0.9719,0.975
马鞍村1社,34,2026-02-22,17:00,0.9696,0.95
马鞍村1社,34,2026-02-22,17:15,0.9676,0.989
马鞍村1社,34,2026-02-22,17:30,0.9814,0.978
马鞍村1社,34,2026-02-22,17:45,0.9796,0.887
马鞍村1社,34,2026-02-22,18:00,0.9884,0.96
马鞍村1社,34,2026-02-22,18:15,0.9714,0.93
马鞍村1社,34,2026-02-22,18:30,0.9756,0.947
马鞍村1社,34,2026-02-22,18:45,0.967,0.913
马鞍村1社,34,2026-02-22,19:00,0.9522,0.963
马鞍村1社,34,2026-02-22,19:15,0.9528,0.972
马鞍村1社,34,2026-02-22,19:30,0.9417,0.941
马鞍村1社,34,2026-02-22,19:45,0.9597,0.831
马鞍村1社,34,2026-02-22,20:00,0.9533,0.999
马鞍村1社,34,2026-02-22,20:15,0.9661,0.896
马鞍村1社,34,2026-02-22,20:30,0.9521,0.884
马鞍村1社,34,2026-02-22,20:45,0.9602,0.893
马鞍村1社,34,2026-02-22,21:00,0.9675,0.967
马鞍村1社,34,2026-02-22,21:15,0.9562,0.874
马鞍村1社,34,2026-02-22,21:30,0.9534,0.903
马鞍村1社,34,2026-02-22,21:45,0.9573,0.942
马鞍村1社,34,2026-02-22,22:00,0.9378,0.871
马鞍村1社,34,2026-02-22,22:15,0.9236,0.939
马鞍村1社,34,2026-02-22,22:30,0.9185,0.888
马鞍村1社,34,2026-02-22,22:45,0.8951,0.898
马鞍村1社,34,2026-02-22,23:00,0.896,0.903
马鞍村1社,34,2026-02-22,23:15,0.8645,0.861
马鞍村1社,34,2026-02-22,23:30,0.855,0.917
马鞍村1社,34,2026-02-22,23:45,0.852,0.863
马鞍村1社,34,2026-02-23,00:00,0.8458,0.897
马鞍村1社,34,2026-02-23,00:15,0.8449,0.871
马鞍村1社,34,2026-02-23,00:30,0.8315,0.822
马鞍村1社,34,2026-02-23,00:45,0.8128,0.848
马鞍村1社,34,2026-02-23,01:00,0.8204,0.919
马鞍村1社,34,2026-02-23,01:15,0.8237,0.827
马鞍村1社,34,2026-02-23,01:30,0.8243,0.821
马鞍村1社,34,2026-02-23,01:45,0.7847,0.827
马鞍村1社,34,2026-02-23,02:00,0.8129,0.79
马鞍村1社,34,2026-02-23,02:15,0.7939,0.789
马鞍村1社,34,2026-02-23,02:30,0.7899,0.751
马鞍村1社,34,2026-02-23,02:45,0.7898,0.822
马鞍村1社,34,2026-02-23,03:00,0.7771,0.782
马鞍村1社,34,2026-02-23,03:15,0.7819,0.843
马鞍村1社,34,2026-02-23,03:30,0.7827,0.711
马鞍村1社,34,2026-02-23,03:45,0.7992,0.747
马鞍村1社,34,2026-02-23,04:00,0.7836,0.745
马鞍村1社,34,2026-02-23,04:15,0.785,0.801
马鞍村1社,34,2026-02-23,04:30,0.7777,0.792
马鞍村1社,34,2026-02-23,04:45,0.7795,0.734
马鞍村1社,34,2026-02-23,05:00,0.7844,0.756
马鞍村1社,34,2026-02-23,05:15,0.7891,0.745
马鞍村1社,34,2026-02-23,05:30,0.7715,0.761
马鞍村1社,34,2026-02-23,05:45,0.7931,0.833
马鞍村1社,34,2026-02-23,06:00,0.7936,0.941
马鞍村1社,34,2026-02-23,06:15,0.7871,0.932
马鞍村1社,34,2026-02-23,06:30,0.8179,0.758
马鞍村1社,34,2026-02-23,06:45,0.8181,0.766
马鞍村1社,34,2026-02-23,07:00,0.8302,0.937
马鞍村1社,34,2026-02-23,07:15,0.8674,0.745
马鞍村1社,34,2026-02-23,07:30,0.9015,0.918
马鞍村1社,34,2026-02-23,07:45,0.9265,0.907
马鞍村1社,34,2026-02-23,08:00,0.9647,0.975
马鞍村1社,34,2026-02-23,08:15,0.9766,0.979
马鞍村1社,34,2026-02-23,08:30,0.9814,0.983
马鞍村1社,34,2026-02-23,08:45,0.9882,0.986
马鞍村1社,34,2026-02-23,09:00,0.9882,0.987
马鞍村1社,34,2026-02-23,09:15,0.9763,0.995
马鞍村1社,34,2026-02-23,09:30,0.9681,0.978
马鞍村1社,34,2026-02-23,09:45,0.967,0.989
马鞍村1社,34,2026-02-23,10:00,0.9559,0.995
马鞍村1社,34,2026-02-23,10:15,0.9365,0.977
马鞍村1社,34,2026-02-23,10:30,0.9356,0.985
马鞍村1社,34,2026-02-23,10:45,0.8916,0.763
马鞍村1社,34,2026-02-23,11:00,0.891,0.864
马鞍村1社,34,2026-02-23,11:15,0.8978,0.899
马鞍村1社,34,2026-02-23,11:30,0.8817,0.965
马鞍村1社,34,2026-02-23,11:45,0.9042,0.788
马鞍村1社,34,2026-02-23,12:00,0.8983,0.877
马鞍村1社,34,2026-02-23,12:15,0.9031,0.788
马鞍村1社,34,2026-02-23,12:30,0.9105,0.947
马鞍村1社,34,2026-02-23,12:45,0.883,0.931
马鞍村1社,34,2026-02-23,13:00,0.8995,0.885
马鞍村1社,34,2026-02-23,13:15,0.9149,0.969
马鞍村1社,34,2026-02-23,13:30,0.9058,0.885
马鞍村1社,34,2026-02-23,13:45,0.9152,0.783
马鞍村1社,34,2026-02-23,14:00,0.9133,0.773
马鞍村1社,34,2026-02-23,14:15,0.8921,0.991
马鞍村1社,34,2026-02-23,14:30,0.8892,0.963
马鞍村1社,34,2026-02-23,14:45,0.9197,0.932
马鞍村1社,34,2026-02-23,15:00,0.9159,0.8
马鞍村1社,34,2026-02-23,15:15,0.9497,0.989
马鞍村1社,34,2026-02-23,15:30,0.9459,0.953
马鞍村1社,34,2026-02-23,15:45,0.9494,0.913
马鞍村1社,34,2026-02-23,16:00,0.9511,0.911
马鞍村1社,34,2026-02-23,16:15,0.966,0.965
马鞍村1社,34,2026-02-23,16:30,0.9589,0.95
马鞍村1社,34,2026-02-23,16:45,0.9591,0.767
马鞍村1社,34,2026-02-23,17:00,0.9681,0.797
马鞍村1社,34,2026-02-23,17:15,0.9697,0.989
马鞍村1社,34,2026-02-23,17:30,0.9756,0.99
马鞍村1社,34,2026-02-23,17:45,0.9843,0.972
马鞍村1社,34,2026-02-23,18:00,0.9681,0.958
马鞍村1社,34,2026-02-23,18:15,0.963,0.993
马鞍村1社,34,2026-02-23,18:30,0.9824,0.892
马鞍村1社,34,2026-02-23,18:45,0.9643,0.923
马鞍村1社,34,2026-02-23,19:00,0.945,0.928
马鞍村1社,34,2026-02-23,19:15,0.9379,0.939
马鞍村1社,34,2026-02-23,19:30,0.9371,0.927
马鞍村1社,34,2026-02-23,19:45,0.9531,0.97
马鞍村1社,34,2026-02-23,20:00,0.951,0.92
马鞍村1社,34,2026-02-23,20:15,0.9638,0.984
马鞍村1社,34,2026-02-23,20:30,0.9553,0.986
马鞍村1社,34,2026-02-23,20:45,0.9545,0.989
马鞍村1社,34,2026-02-23,21:00,0.9593,0.872
马鞍村1社,34,2026-02-23,21:15,0.9449,0.958
马鞍村1社,34,2026-02-23,21:30,0.9484,0.867
马鞍村1社,34,2026-02-23,21:45,0.9453,0.919
马鞍村1社,34,2026-02-23,22:00,0.9188,0.894
马鞍村1社,34,2026-02-23,22:15,0.9199,0.886
马鞍村1社,34,2026-02-23,22:30,0.9209,0.831
马鞍村1社,34,2026-02-23,22:45,0.9068,0.856
马鞍村1社,34,2026-02-23,23:00,0.8892,0.86
马鞍村1社,34,2026-02-23,23:15,0.8639,0.862
马鞍村1社,34,2026-02-23,23:30,0.8571,0.794
马鞍村1社,34,2026-02-23,23:45,0.8399,0.826
甘伍村3社,35,2026-02-04,00:00,1.0028,1.0
甘伍村3社,35,2026-02-04,00:15,1.0011,1.0
甘伍村3社,35,2026-02-04,00:30,1.0013,1.0
甘伍村3社,35,2026-02-04,00:45,0.9992,1.0
甘伍村3社,35,2026-02-04,01:00,0.9993,1.0
甘伍村3社,35,2026-02-04,01:15,1.0014,1.0
甘伍村3社,35,2026-02-04,01:30,0.9972,1.0
甘伍村3社,35,2026-02-04,01:45,0.9981,1.0
甘伍村3社,35,2026-02-04,02:00,0.9998,1.0
甘伍村3社,35,2026-02-04,02:15,1.002,1.0
甘伍村3社,35,2026-02-04,02:30,0.9951,1.0
甘伍村3社,35,2026-02-04,02:45,1.0015,1.0
甘伍村3社,35,2026-02-04,03:00,1.0011,1.0
甘伍村3社,35,2026-02-04,03:15,0.9972,1.0
甘伍村3社,35,2026-02-04,03:30,0.9889,1.0
甘伍村3社,35,2026-02-04,03:45,0.999,1.0
甘伍村3社,35,2026-02-04,04:00,0.9952,1.0
甘伍村3社,35,2026-02-04,04:15,0.9964,1.0
甘伍村3社,35,2026-02-04,04:30,0.9918,1.0
甘伍村3社,35,2026-02-04,04:45,0.993,1.0
甘伍村3社,35,2026-02-04,05:00,0.9906,1.0
甘伍村3社,35,2026-02-04,05:15,0.9951,1.0
甘伍村3社,35,2026-02-04,05:30,0.9932,1.0
甘伍村3社,35,2026-02-04,05:45,0.9952,1.0
甘伍村3社,35,2026-02-04,06:00,0.9934,1.0
甘伍村3社,35,2026-02-04,06:15,0.9874,1.0
甘伍村3社,35,2026-02-04,06:30,0.9907,1.0
甘伍村3社,35,2026-02-04,06:45,0.9918,1.0
甘伍村3社,35,2026-02-04,07:00,0.9949,1.0
甘伍村3社,35,2026-02-04,07:15,0.9952,1.0
甘伍村3社,35,2026-02-04,07:30,0.9941,1.0
甘伍村3社,35,2026-02-04,07:45,0.9965,1.0
甘伍村3社,35,2026-02-04,08:00,0.9962,1.0
甘伍村3社,35,2026-02-04,08:15,0.995,1.0
甘伍村3社,35,2026-02-04,08:30,1.002,1.0
甘伍村3社,35,2026-02-04,08:45,0.9921,1.0
甘伍村3社,35,2026-02-04,09:00,0.9987,1.0
甘伍村3社,35,2026-02-04,09:15,1.0004,1.0
甘伍村3社,35,2026-02-04,09:30,1.003,1.0
甘伍村3社,35,2026-02-04,09:45,0.9985,1.0
甘伍村3社,35,2026-02-04,10:00,1.0065,1.0
甘伍村3社,35,2026-02-04,10:15,1.0044,1.0
甘伍村3社,35,2026-02-04,10:30,1.0021,1.0
甘伍村3社,35,2026-02-04,10:45,1.0035,1.0
甘伍村3社,35,2026-02-04,11:00,1.0046,1.0
甘伍村3社,35,2026-02-04,11:15,1.0018,1.0
甘伍村3社,35,2026-02-04,11:30,1.0013,1.0
甘伍村3社,35,2026-02-04,11:45,1.0015,1.0
甘伍村3社,35,2026-02-04,12:00,0.9958,1.0
甘伍村3社,35,2026-02-04,12:15,0.9979,1.0
甘伍村3社,35,2026-02-04,12:30,1.0008,1.0
甘伍村3社,35,2026-02-04,12:45,0.9961,1.0
甘伍村3社,35,2026-02-04,13:00,0.9974,1.0
甘伍村3社,35,2026-02-04,13:15,0.9967,0.952
甘伍村3社,35,2026-02-04,13:30,0.9983,0.873
甘伍村3社,35,2026-02-04,13:45,1.0044,0.861
甘伍村3社,35,2026-02-04,14:00,0.9941,0.747
甘伍村3社,35,2026-02-04,14:15,0.999,1.0
甘伍村3社,35,2026-02-04,14:30,0.9939,1.0
甘伍村3社,35,2026-02-04,14:45,0.9999,1.0
甘伍村3社,35,2026-02-04,15:00,0.999,1.0
甘伍村3社,35,2026-02-04,15:15,1.0015,1.0
甘伍村3社,35,2026-02-04,15:30,1.0024,1.0
甘伍村3社,35,2026-02-04,15:45,0.9941,1.0
甘伍村3社,35,2026-02-04,16:00,1.004,1.0
甘伍村3社,35,2026-02-04,16:15,0.9974,1.0
甘伍村3社,35,2026-02-04,16:30,0.9968,1.0
甘伍村3社,35,2026-02-04,16:45,0.9971,1.0
甘伍村3社,35,2026-02-04,17:00,1.0018,1.0
甘伍村3社,35,2026-02-04,17:15,0.9947,1.0
甘伍村3社,35,2026-02-04,17:30,0.9993,1.0
甘伍村3社,35,2026-02-04,17:45,0.9963,1.0
甘伍村3社,35,2026-02-04,18:00,0.9901,1.0
甘伍村3社,35,2026-02-04,18:15,0.9997,1.0
甘伍村3社,35,2026-02-04,18:30,0.9956,1.0
甘伍村3社,35,2026-02-04,18:45,1.0017,1.0
甘伍村3社,35,2026-02-04,19:00,1.0018,1.0
甘伍村3社,35,2026-02-04,19:15,1.0006,1.0
甘伍村3社,35,2026-02-04,19:30,0.9933,1.0
甘伍村3社,35,2026-02-04,19:45,0.9913,1.0
甘伍村3社,35,2026-02-04,20:00,0.9826,1.0
甘伍村3社,35,2026-02-04,20:15,0.9903,1.0
甘伍村3社,35,2026-02-04,20:30,0.9913,1.0
甘伍村3社,35,2026-02-04,20:45,0.9961,1.0
甘伍村3社,35,2026-02-04,21:00,0.9991,1.0
甘伍村3社,35,2026-02-04,21:15,0.9964,1.0
甘伍村3社,35,2026-02-04,21:30,0.9973,1.0
甘伍村3社,35,2026-02-04,21:45,0.9954,1.0
甘伍村3社,35,2026-02-04,22:00,0.9929,1.0
甘伍村3社,35,2026-02-04,22:15,0.9998,1.0
甘伍村3社,35,2026-02-04,22:30,0.9971,1.0
甘伍村3社,35,2026-02-04,22:45,0.9947,1.0
甘伍村3社,35,2026-02-04,23:00,0.9985,1.0
甘伍村3社,35,2026-02-04,23:15,0.9947,1.0
甘伍村3社,35,2026-02-04,23:30,0.9993,1.0
甘伍村3社,35,2026-02-04,23:45,0.9994,1.0
甘伍村3社,35,2026-02-05,00:00,0.9984,1.0
甘伍村3社,35,2026-02-05,00:15,0.999,1.0
甘伍村3社,35,2026-02-05,00:30,0.998,1.0
甘伍村3社,35,2026-02-05,00:45,0.9939,1.0
甘伍村3社,35,2026-02-05,01:00,0.9953,1.0
甘伍村3社,35,2026-02-05,01:15,1.0011,1.0
甘伍村3社,35,2026-02-05,01:30,1.0001,1.0
甘伍村3社,35,2026-02-05,01:45,1.0001,1.0
甘伍村3社,35,2026-02-05,02:00,0.9953,1.0
甘伍村3社,35,2026-02-05,02:15,0.9975,1.0
甘伍村3社,35,2026-02-05,02:30,0.9966,1.0
甘伍村3社,35,2026-02-05,02:45,0.9997,1.0
甘伍村3社,35,2026-02-05,03:00,0.9982,1.0
甘伍村3社,35,2026-02-05,03:15,0.9985,1.0
甘伍村3社,35,2026-02-05,03:30,1.0006,1.0
甘伍村3社,35,2026-02-05,03:45,1.0034,1.0
甘伍村3社,35,2026-02-05,04:00,0.9956,1.0
甘伍村3社,35,2026-02-05,04:15,0.992,1.0
甘伍村3社,35,2026-02-05,04:30,0.9953,1.0
甘伍村3社,35,2026-02-05,04:45,0.9929,1.0
甘伍村3社,35,2026-02-05,05:00,0.9931,1.0
甘伍村3社,35,2026-02-05,05:15,0.9888,1.0
甘伍村3社,35,2026-02-05,05:30,0.9964,1.0
甘伍村3社,35,2026-02-05,05:45,0.9902,1.0
甘伍村3社,35,2026-02-05,06:00,0.989,1.0
甘伍村3社,35,2026-02-05,06:15,0.9892,1.0
甘伍村3社,35,2026-02-05,06:30,0.9872,1.0
甘伍村3社,35,2026-02-05,06:45,0.9871,1.0
甘伍村3社,35,2026-02-05,07:00,0.987,1.0
甘伍村3社,35,2026-02-05,07:15,0.9931,1.0
甘伍村3社,35,2026-02-05,07:30,0.9933,1.0
甘伍村3社,35,2026-02-05,07:45,0.9969,1.0
甘伍村3社,35,2026-02-05,08:00,0.9925,1.0
甘伍村3社,35,2026-02-05,08:15,0.9927,1.0
甘伍村3社,35,2026-02-05,08:30,0.9993,1.0
甘伍村3社,35,2026-02-05,08:45,0.9966,1.0
甘伍村3社,35,2026-02-05,09:00,1.0009,1.0
甘伍村3社,35,2026-02-05,09:15,1.001,1.0
甘伍村3社,35,2026-02-05,09:30,1.0022,1.0
甘伍村3社,35,2026-02-05,09:45,0.9981,1.0
甘伍村3社,35,2026-02-05,10:00,0.999,1.0
甘伍村3社,35,2026-02-05,10:15,1.002,1.0
甘伍村3社,35,2026-02-05,10:30,0.9982,1.0
甘伍村3社,35,2026-02-05,10:45,0.998,1.0
甘伍村3社,35,2026-02-05,11:00,1.0019,1.0
甘伍村3社,35,2026-02-05,11:15,0.9971,1.0
甘伍村3社,35,2026-02-05,11:30,0.9998,1.0
甘伍村3社,35,2026-02-05,11:45,0.9992,1.0
甘伍村3社,35,2026-02-05,12:00,0.9971,1.0
甘伍村3社,35,2026-02-05,12:15,1.0032,1.0
甘伍村3社,35,2026-02-05,12:30,0.9994,1.0
甘伍村3社,35,2026-02-05,12:45,0.9972,1.0
甘伍村3社,35,2026-02-05,13:00,0.992,1.0
甘伍村3社,35,2026-02-05,13:15,0.9998,1.0
甘伍村3社,35,2026-02-05,13:30,0.9959,1.0
甘伍村3社,35,2026-02-05,13:45,0.996,1.0
甘伍村3社,35,2026-02-05,14:00,0.9968,1.0
甘伍村3社,35,2026-02-05,14:15,0.9986,1.0
甘伍村3社,35,2026-02-05,14:30,0.9919,1.0
甘伍村3社,35,2026-02-05,14:45,1.0028,1.0
甘伍村3社,35,2026-02-05,15:00,1.0033,1.0
甘伍村3社,35,2026-02-05,15:15,1.0005,1.0
甘伍村3社,35,2026-02-05,15:30,1.0019,1.0
甘伍村3社,35,2026-02-05,15:45,0.9993,1.0
甘伍村3社,35,2026-02-05,16:00,0.9964,1.0
甘伍村3社,35,2026-02-05,16:15,1.0018,1.0
甘伍村3社,35,2026-02-05,16:30,0.9953,1.0
甘伍村3社,35,2026-02-05,16:45,0.9907,1.0
甘伍村3社,35,2026-02-05,17:00,0.9971,1.0
甘伍村3社,35,2026-02-05,17:15,0.9897,1.0
甘伍村3社,35,2026-02-05,17:30,1.003,1.0
甘伍村3社,35,2026-02-05,17:45,0.9953,1.0
甘伍村3社,35,2026-02-05,18:00,0.9924,1.0
甘伍村3社,35,2026-02-05,18:15,0.9977,1.0
甘伍村3社,35,2026-02-05,18:30,0.9934,1.0
甘伍村3社,35,2026-02-05,18:45,0.9982,1.0
甘伍村3社,35,2026-02-05,19:00,0.9958,1.0
甘伍村3社,35,2026-02-05,19:15,0.9943,1.0
甘伍村3社,35,2026-02-05,19:30,1.0002,1.0
甘伍村3社,35,2026-02-05,19:45,0.9882,1.0
甘伍村3社,35,2026-02-05,20:00,0.9821,1.0
甘伍村3社,35,2026-02-05,20:15,0.9918,1.0
甘伍村3社,35,2026-02-05,20:30,0.9941,1.0
甘伍村3社,35,2026-02-05,20:45,0.9946,1.0
甘伍村3社,35,2026-02-05,21:00,0.9957,1.0
甘伍村3社,35,2026-02-05,21:15,0.9959,1.0
甘伍村3社,35,2026-02-05,21:30,0.9935,1.0
甘伍村3社,35,2026-02-05,21:45,0.9923,1.0
甘伍村3社,35,2026-02-05,22:00,0.9945,1.0
甘伍村3社,35,2026-02-05,22:15,0.9947,1.0
甘伍村3社,35,2026-02-05,22:30,0.9988,1.0
甘伍村3社,35,2026-02-05,22:45,0.9952,1.0
甘伍村3社,35,2026-02-05,23:00,1.0004,1.0
甘伍村3社,35,2026-02-05,23:15,0.9966,1.0
甘伍村3社,35,2026-02-05,23:30,0.9961,1.0
甘伍村3社,35,2026-02-05,23:45,0.9942,1.0
甘伍村3社,35,2026-02-06,00:00,0.9969,1.0
甘伍村3社,35,2026-02-06,00:15,0.9961,1.0
甘伍村3社,35,2026-02-06,00:30,0.9977,1.0
甘伍村3社,35,2026-02-06,00:45,0.9964,1.0
甘伍村3社,35,2026-02-06,01:00,0.9991,1.0
甘伍村3社,35,2026-02-06,01:15,0.991,1.0
甘伍村3社,35,2026-02-06,01:30,0.9953,1.0
甘伍村3社,35,2026-02-06,01:45,0.9921,1.0
甘伍村3社,35,2026-02-06,02:00,1.0007,1.0
甘伍村3社,35,2026-02-06,02:15,0.991,1.0
甘伍村3社,35,2026-02-06,02:30,0.9956,1.0
甘伍村3社,35,2026-02-06,02:45,0.9968,1.0
甘伍村3社,35,2026-02-06,03:00,0.9977,1.0
甘伍村3社,35,2026-02-06,03:15,0.9983,1.0
甘伍村3社,35,2026-02-06,03:30,1.0008,1.0
甘伍村3社,35,2026-02-06,03:45,0.9996,1.0
甘伍村3社,35,2026-02-06,04:00,0.9932,1.0
甘伍村3社,35,2026-02-06,04:15,0.9894,1.0
甘伍村3社,35,2026-02-06,04:30,0.9937,1.0
甘伍村3社,35,2026-02-06,04:45,0.9921,1.0
甘伍村3社,35,2026-02-06,05:00,0.9924,1.0
甘伍村3社,35,2026-02-06,05:15,0.9956,1.0
甘伍村3社,35,2026-02-06,05:30,0.995,1.0
甘伍村3社,35,2026-02-06,05:45,0.992,1.0
甘伍村3社,35,2026-02-06,06:00,0.9925,1.0
甘伍村3社,35,2026-02-06,06:15,0.9915,1.0
甘伍村3社,35,2026-02-06,06:30,0.9867,1.0
甘伍村3社,35,2026-02-06,06:45,0.9874,1.0
甘伍村3社,35,2026-02-06,07:00,0.9904,1.0
甘伍村3社,35,2026-02-06,07:15,0.9955,1.0
甘伍村3社,35,2026-02-06,07:30,0.9972,1.0
甘伍村3社,35,2026-02-06,07:45,0.9964,1.0
甘伍村3社,35,2026-02-06,08:00,0.9941,1.0
甘伍村3社,35,2026-02-06,08:15,0.9944,1.0
甘伍村3社,35,2026-02-06,08:30,0.9965,1.0
甘伍村3社,35,2026-02-06,08:45,0.9938,1.0
甘伍村3社,35,2026-02-06,09:00,0.9999,1.0
甘伍村3社,35,2026-02-06,09:15,0.9999,1.0
甘伍村3社,35,2026-02-06,09:30,0.9967,1.0
甘伍村3社,35,2026-02-06,09:45,0.9983,1.0
甘伍村3社,35,2026-02-06,10:00,0.9983,1.0
甘伍村3社,35,2026-02-06,10:15,1.0018,1.0
甘伍村3社,35,2026-02-06,10:30,1.0002,1.0
甘伍村3社,35,2026-02-06,10:45,0.996,1.0
甘伍村3社,35,2026-02-06,11:00,1.0053,1.0
甘伍村3社,35,2026-02-06,11:15,0.9979,1.0
甘伍村3社,35,2026-02-06,11:30,0.992,1.0
甘伍村3社,35,2026-02-06,11:45,0.9944,1.0
甘伍村3社,35,2026-02-06,12:00,0.9975,1.0
甘伍村3社,35,2026-02-06,12:15,1.0004,1.0
甘伍村3社,35,2026-02-06,12:30,0.9956,1.0
甘伍村3社,35,2026-02-06,12:45,0.9974,1.0
甘伍村3社,35,2026-02-06,13:00,0.9965,1.0
甘伍村3社,35,2026-02-06,13:15,0.9999,1.0
甘伍村3社,35,2026-02-06,13:30,0.9985,1.0
甘伍村3社,35,2026-02-06,13:45,0.9995,1.0
甘伍村3社,35,2026-02-06,14:00,0.9944,1.0
甘伍村3社,35,2026-02-06,14:15,0.9969,1.0
甘伍村3社,35,2026-02-06,14:30,0.994,1.0
甘伍村3社,35,2026-02-06,14:45,0.9973,1.0
甘伍村3社,35,2026-02-06,15:00,1.0026,1.0
甘伍村3社,35,2026-02-06,15:15,0.9953,1.0
甘伍村3社,35,2026-02-06,15:30,0.9995,1.0
甘伍村3社,35,2026-02-06,15:45,1.0017,1.0
甘伍村3社,35,2026-02-06,16:00,0.9961,1.0
甘伍村3社,35,2026-02-06,16:15,0.9998,1.0
甘伍村3社,35,2026-02-06,16:30,0.9959,1.0
甘伍村3社,35,2026-02-06,16:45,0.9934,1.0
甘伍村3社,35,2026-02-06,17:00,0.9967,1.0
甘伍村3社,35,2026-02-06,17:15,0.9955,1.0
甘伍村3社,35,2026-02-06,17:30,1.0022,1.0
甘伍村3社,35,2026-02-06,17:45,0.9964,1.0
甘伍村3社,35,2026-02-06,18:00,0.9999,1.0
甘伍村3社,35,2026-02-06,18:15,0.9984,1.0
甘伍村3社,35,2026-02-06,18:30,0.9944,1.0
甘伍村3社,35,2026-02-06,18:45,0.9959,1.0
甘伍村3社,35,2026-02-06,19:00,1.0038,1.0
甘伍村3社,35,2026-02-06,19:15,0.9952,1.0
甘伍村3社,35,2026-02-06,19:30,0.9933,1.0
甘伍村3社,35,2026-02-06,19:45,0.9881,1.0
甘伍村3社,35,2026-02-06,20:00,0.9836,1.0
甘伍村3社,35,2026-02-06,20:15,0.9891,1.0
甘伍村3社,35,2026-02-06,20:30,0.991,1.0
甘伍村3社,35,2026-02-06,20:45,0.9991,1.0
甘伍村3社,35,2026-02-06,21:00,0.9983,1.0
甘伍村3社,35,2026-02-06,21:15,0.9982,1.0
甘伍村3社,35,2026-02-06,21:30,0.9997,1.0
甘伍村3社,35,2026-02-06,21:45,0.9932,1.0
甘伍村3社,35,2026-02-06,22:00,0.9987,1.0
甘伍村3社,35,2026-02-06,22:15,0.9999,1.0
甘伍村3社,35,2026-02-06,22:30,0.998,1.0
甘伍村3社,35,2026-02-06,22:45,0.9941,1.0
甘伍村3社,35,2026-02-06,23:00,0.9979,1.0
甘伍村3社,35,2026-02-06,23:15,0.9982,1.0
甘伍村3社,35,2026-02-06,23:30,0.9952,1.0
甘伍村3社,35,2026-02-06,23:45,0.9952,1.0
甘伍村3社,36,2026-03-08,00:00,1.0045,1.0
甘伍村3社,36,2026-03-08,00:15,1.0007,1.0
甘伍村3社,36,2026-03-08,00:30,1.0012,1.0
甘伍村3社,36,2026-03-08,00:45,1.0021,1.0
甘伍村3社,36,2026-03-08,01:00,1.0008,1.0
甘伍村3社,36,2026-03-08,01:15,1.0033,1.0
甘伍村3社,36,2026-03-08,01:30,0.9972,1.0
甘伍村3社,36,2026-03-08,01:45,0.9988,1.0
甘伍村3社,36,2026-03-08,02:00,0.9995,1.0
甘伍村3社,36,2026-03-08,02:15,1.0017,1.0
甘伍村3社,36,2026-03-08,02:30,0.9972,1.0
甘伍村3社,36,2026-03-08,02:45,1.0049,1.0
甘伍村3社,36,2026-03-08,03:00,1.0032,1.0
甘伍村3社,36,2026-03-08,03:15,1.0016,1.0
甘伍村3社,36,2026-03-08,03:30,0.9901,1.0
甘伍村3社,36,2026-03-08,03:45,1.0035,1.0
甘伍村3社,36,2026-03-08,04:00,0.9964,1.0
甘伍村3社,36,2026-03-08,04:15,0.9994,1.0
甘伍村3社,36,2026-03-08,04:30,0.9919,1.0
甘伍村3社,36,2026-03-08,04:45,0.9939,1.0
甘伍村3社,36,2026-03-08,05:00,0.9937,1.0
甘伍村3社,36,2026-03-08,05:15,0.998,1.0
甘伍村3社,36,2026-03-08,05:30,0.994,1.0
甘伍村3社,36,2026-03-08,05:45,0.9971,1.0
甘伍村3社,36,2026-03-08,06:00,0.9959,1.0
甘伍村3社,36,2026-03-08,06:15,0.9882,1.0
甘伍村3社,36,2026-03-08,06:30,0.9925,1.0
甘伍村3社,36,2026-03-08,06:45,0.9936,1.0
甘伍村3社,36,2026-03-08,07:00,0.9966,1.0
甘伍村3社,36,2026-03-08,07:15,0.9937,1.0
甘伍村3社,36,2026-03-08,07:30,0.9937,1.0
甘伍村3社,36,2026-03-08,07:45,0.9977,1.0
甘伍村3社,36,2026-03-08,08:00,0.9975,1.0
甘伍村3社,36,2026-03-08,08:15,0.9959,1.0
甘伍村3社,36,2026-03-08,08:30,1.0006,1.0
甘伍村3社,36,2026-03-08,08:45,0.9926,1.0
甘伍村3社,36,2026-03-08,09:00,0.9996,1.0
甘伍村3社,36,2026-03-08,09:15,1.0038,1.0
甘伍村3社,36,2026-03-08,09:30,1.0065,1.0
甘伍村3社,36,2026-03-08,09:45,1.0004,1.0
甘伍村3社,36,2026-03-08,10:00,1.0059,1.0
甘伍村3社,36,2026-03-08,10:15,1.0054,1.0
甘伍村3社,36,2026-03-08,10:30,1.005,1.0
甘伍村3社,36,2026-03-08,10:45,1.0052,1.0
甘伍村3社,36,2026-03-08,11:00,1.0088,1.0
甘伍村3社,36,2026-03-08,11:15,1.0016,1.0
甘伍村3社,36,2026-03-08,11:30,1.0033,1.0
甘伍村3社,36,2026-03-08,11:45,1.0047,1.0
甘伍村3社,36,2026-03-08,12:00,0.9963,1.0
甘伍村3社,36,2026-03-08,12:15,0.9971,1.0
甘伍村3社,36,2026-03-08,12:30,0.9986,1.0
甘伍村3社,36,2026-03-08,12:45,0.9973,1.0
甘伍村3社,36,2026-03-08,13:00,0.999,1.0
甘伍村3社,36,2026-03-08,13:15,0.9981,1.0
甘伍村3社,36,2026-03-08,13:30,0.9978,1.0
甘伍村3社,36,2026-03-08,13:45,1.0065,1.0
甘伍村3社,36,2026-03-08,14:00,0.9968,1.0
甘伍村3社,36,2026-03-08,14:15,1.0001,1.0
甘伍村3社,36,2026-03-08,14:30,0.9958,1.0
甘伍村3社,36,2026-03-08,14:45,1.0027,1.0
甘伍村3社,36,2026-03-08,15:00,1.0027,1.0
甘伍村3社,36,2026-03-08,15:15,1.0022,1.0
甘伍村3社,36,2026-03-08,15:30,1.0056,1.0
甘伍村3社,36,2026-03-08,15:45,0.9947,1.0
甘伍村3社,36,2026-03-08,16:00,1.0033,1.0
甘伍村3社,36,2026-03-08,16:15,0.9999,1.0
甘伍村3社,36,2026-03-08,16:30,0.9976,1.0
甘伍村3社,36,2026-03-08,16:45,0.997,1.0
甘伍村3社,36,2026-03-08,17:00,1.0046,1.0
甘伍村3社,36,2026-03-08,17:15,0.9941,1.0
甘伍村3社,36,2026-03-08,17:30,0.9998,1.0
甘伍村3社,36,2026-03-08,17:45,0.9978,1.0
甘伍村3社,36,2026-03-08,18:00,0.99,1.0
甘伍村3社,36,2026-03-08,18:15,0.9982,1.0
甘伍村3社,36,2026-03-08,18:30,0.9963,1.0
甘伍村3社,36,2026-03-08,18:45,1.0,1.0
甘伍村3社,36,2026-03-08,19:00,1.0005,1.0
甘伍村3社,36,2026-03-08,19:15,1.0005,1.0
甘伍村3社,36,2026-03-08,19:30,0.994,1.0
甘伍村3社,36,2026-03-08,19:45,0.9919,1.0
甘伍村3社,36,2026-03-08,20:00,0.9842,1.0
甘伍村3社,36,2026-03-08,20:15,0.9927,1.0
甘伍村3社,36,2026-03-08,20:30,0.9946,1.0
甘伍村3社,36,2026-03-08,20:45,0.9973,1.0
甘伍村3社,36,2026-03-08,21:00,0.9998,1.0
甘伍村3社,36,2026-03-08,21:15,0.9978,1.0
甘伍村3社,36,2026-03-08,21:30,0.9995,1.0
甘伍村3社,36,2026-03-08,21:45,0.995,1.0
甘伍村3社,36,2026-03-08,22:00,0.996,1.0
甘伍村3社,36,2026-03-08,22:15,0.9981,1.0
甘伍村3社,36,2026-03-08,22:30,1.0011,1.0
甘伍村3社,36,2026-03-08,22:45,0.9966,1.0
甘伍村3社,36,2026-03-08,23:00,0.9995,1.0
甘伍村3社,36,2026-03-08,23:15,0.9987,1.0
甘伍村3社,36,2026-03-08,23:30,1.0009,1.0
甘伍村3社,36,2026-03-08,23:45,1.0011,1.0
甘伍村3社,36,2026-03-09,00:00,0.9988,1.0
甘伍村3社,36,2026-03-09,00:15,0.9992,1.0
甘伍村3社,36,2026-03-09,00:30,0.9986,1.0
甘伍村3社,36,2026-03-09,00:45,0.9982,1.0
甘伍村3社,36,2026-03-09,01:00,0.9943,1.0
甘伍村3社,36,2026-03-09,01:15,0.9998,1.0
甘伍村3社,36,2026-03-09,01:30,1.0028,1.0
甘伍村3社,36,2026-03-09,01:45,1.002,1.0
甘伍村3社,36,2026-03-09,02:00,0.9995,1.0
甘伍村3社,36,2026-03-09,02:15,0.9989,1.0
甘伍村3社,36,2026-03-09,02:30,1.0003,1.0
甘伍村3社,36,2026-03-09,02:45,1.0002,1.0
甘伍村3社,36,2026-03-09,03:00,0.9987,1.0
甘伍村3社,36,2026-03-09,03:15,0.9984,1.0
甘伍村3社,36,2026-03-09,03:30,1.0026,1.0
甘伍村3社,36,2026-03-09,03:45,1.0054,1.0
甘伍村3社,36,2026-03-09,04:00,0.9979,1.0
甘伍村3社,36,2026-03-09,04:15,0.9934,1.0
甘伍村3社,36,2026-03-09,04:30,0.999,1.0
甘伍村3社,36,2026-03-09,04:45,0.9965,1.0
甘伍村3社,36,2026-03-09,05:00,0.9998,1.0
甘伍村3社,36,2026-03-09,05:15,0.9919,1.0
甘伍村3社,36,2026-03-09,05:30,0.999,1.0
甘伍村3社,36,2026-03-09,05:45,0.9938,1.0
甘伍村3社,36,2026-03-09,06:00,0.9935,1.0
甘伍村3社,36,2026-03-09,06:15,0.9917,1.0
甘伍村3社,36,2026-03-09,06:30,0.9896,1.0
甘伍村3社,36,2026-03-09,06:45,0.9886,1.0
甘伍村3社,36,2026-03-09,07:00,0.9907,1.0
甘伍村3社,36,2026-03-09,07:15,0.995,1.0
甘伍村3社,36,2026-03-09,07:30,0.9936,1.0
甘伍村3社,36,2026-03-09,07:45,0.9988,1.0
甘伍村3社,36,2026-03-09,08:00,0.9917,0.932
甘伍村3社,36,2026-03-09,08:15,0.9959,1.0
甘伍村3社,36,2026-03-09,08:30,1.001,1.0
甘伍村3社,36,2026-03-09,08:45,0.998,1.0
甘伍村3社,36,2026-03-09,09:00,1.0021,1.0
甘伍村3社,36,2026-03-09,09:15,0.9994,1.0
甘伍村3社,36,2026-03-09,09:30,1.003,1.0
甘伍村3社,36,2026-03-09,09:45,0.997,1.0
甘伍村3社,36,2026-03-09,10:00,1.004,1.0
甘伍村3社,36,2026-03-09,10:15,1.0045,1.0
甘伍村3社,36,2026-03-09,10:30,1.001,1.0
甘伍村3社,36,2026-03-09,10:45,1.0008,1.0
甘伍村3社,36,2026-03-09,11:00,0.9988,1.0
甘伍村3社,36,2026-03-09,11:15,0.9975,1.0
甘伍村3社,36,2026-03-09,11:30,1.0032,1.0
甘伍村3社,36,2026-03-09,11:45,0.9991,1.0
甘伍村3社,36,2026-03-09,12:00,0.998,1.0
甘伍村3社,36,2026-03-09,12:15,1.0019,1.0
甘伍村3社,36,2026-03-09,12:30,0.9998,1.0
甘伍村3社,36,2026-03-09,12:45,0.9999,1.0
甘伍村3社,36,2026-03-09,13:00,0.9916,1.0
甘伍村3社,36,2026-03-09,13:15,1.003,1.0
甘伍村3社,36,2026-03-09,13:30,0.9981,1.0
甘伍村3社,36,2026-03-09,13:45,0.9992,1.0
甘伍村3社,36,2026-03-09,14:00,0.9992,1.0
甘伍村3社,36,2026-03-09,14:15,1.0013,1.0
甘伍村3社,36,2026-03-09,14:30,0.9905,1.0
甘伍村3社,36,2026-03-09,14:45,1.0067,1.0
甘伍村3社,36,2026-03-09,15:00,1.0025,1.0
甘伍村3社,36,2026-03-09,15:15,1.0025,1.0
甘伍村3社,36,2026-03-09,15:30,1.0014,1.0
甘伍村3社,36,2026-03-09,15:45,1.0005,1.0
甘伍村3社,36,2026-03-09,16:00,0.9977,1.0
甘伍村3社,36,2026-03-09,16:15,1.0015,1.0
甘伍村3社,36,2026-03-09,16:30,0.9974,1.0
甘伍村3社,36,2026-03-09,16:45,0.9903,1.0
甘伍村3社,36,2026-03-09,17:00,0.997,1.0
甘伍村3社,36,2026-03-09,17:15,0.9919,1.0
甘伍村3社,36,2026-03-09,17:30,1.0035,1.0
甘伍村3社,36,2026-03-09,17:45,0.9954,1.0
甘伍村3社,36,2026-03-09,18:00,0.9917,1.0
甘伍村3社,36,2026-03-09,18:15,0.9969,1.0
甘伍村3社,36,2026-03-09,18:30,0.9947,1.0
甘伍村3社,36,2026-03-09,18:45,1.0003,1.0
甘伍村3社,36,2026-03-09,19:00,0.9982,1.0
甘伍村3社,36,2026-03-09,19:15,0.9953,1.0
甘伍村3社,36,2026-03-09,19:30,1.0024,0.894
甘伍村3社,36,2026-03-09,19:45,0.9888,1.0
甘伍村3社,36,2026-03-09,20:00,0.9832,1.0
甘伍村3社,36,2026-03-09,20:15,0.9936,1.0
甘伍村3社,36,2026-03-09,20:30,0.9955,1.0
甘伍村3社,36,2026-03-09,20:45,0.998,1.0
甘伍村3社,36,2026-03-09,21:00,0.9991,1.0
甘伍村3社,36,2026-03-09,21:15,0.9985,1.0
甘伍村3社,36,2026-03-09,21:30,0.9947,1.0
甘伍村3社,36,2026-03-09,21:45,0.994,1.0
甘伍村3社,36,2026-03-09,22:00,0.9957,1.0
甘伍村3社,36,2026-03-09,22:15,0.9974,1.0
甘伍村3社,36,2026-03-09,22:30,1.0023,1.0
甘伍村3社,36,2026-03-09,22:45,0.9992,1.0
甘伍村3社,36,2026-03-09,23:00,1.0015,1.0
甘伍村3社,36,2026-03-09,23:15,1.0003,1.0
甘伍村3社,36,2026-03-09,23:30,0.9994,1.0
甘伍村3社,36,2026-03-09,23:45,0.9955,1.0
甘伍村3社,36,2026-03-10,00:00,0.998,1.0
甘伍村3社,36,2026-03-10,00:15,0.9983,1.0
甘伍村3社,36,2026-03-10,00:30,0.9981,1.0
甘伍村3社,36,2026-03-10,00:45,1.0003,1.0
甘伍村3社,36,2026-03-10,01:00,1.0031,1.0
甘伍村3社,36,2026-03-10,01:15,0.9947,1.0
甘伍村3社,36,2026-03-10,01:30,0.9962,1.0
甘伍村3社,36,2026-03-10,01:45,0.9907,1.0
甘伍村3社,36,2026-03-10,02:00,1.0007,1.0
甘伍村3社,36,2026-03-10,02:15,0.9935,1.0
甘伍村3社,36,2026-03-10,02:30,0.9981,1.0
甘伍村3社,36,2026-03-10,02:45,1.0001,1.0
甘伍村3社,36,2026-03-10,03:00,0.9998,1.0
甘伍村3社,36,2026-03-10,03:15,1.0002,1.0
甘伍村3社,36,2026-03-10,03:30,1.0031,1.0
甘伍村3社,36,2026-03-10,03:45,1.0004,1.0
甘伍村3社,36,2026-03-10,04:00,0.9939,1.0
甘伍村3社,36,2026-03-10,04:15,0.9901,1.0
甘伍村3社,36,2026-03-10,04:30,0.9979,1.0
甘伍村3社,36,2026-03-10,04:45,0.9951,1.0
甘伍村3社,36,2026-03-10,05:00,0.9951,1.0
甘伍村3社,36,2026-03-10,05:15,0.9982,1.0
甘伍村3社,36,2026-03-10,05:30,0.9964,1.0
甘伍村3社,36,2026-03-10,05:45,0.9939,1.0
甘伍村3社,36,2026-03-10,06:00,0.9952,1.0
甘伍村3社,36,2026-03-10,06:15,0.9917,1.0
甘伍村3社,36,2026-03-10,06:30,0.9914,1.0
甘伍村3社,36,2026-03-10,06:45,0.9871,1.0
甘伍村3社,36,2026-03-10,07:00,0.9895,1.0
甘伍村3社,36,2026-03-10,07:15,0.9966,1.0
甘伍村3社,36,2026-03-10,07:30,0.9937,1.0
甘伍村3社,36,2026-03-10,07:45,0.9972,0.939
甘伍村3社,36,2026-03-10,08:00,0.9962,0.939
甘伍村3社,36,2026-03-10,08:15,0.9981,1.0
甘伍村3社,36,2026-03-10,08:30,0.9974,1.0
甘伍村3社,36,2026-03-10,08:45,0.9968,1.0
甘伍村3社,36,2026-03-10,09:00,0.9996,1.0
甘伍村3社,36,2026-03-10,09:15,0.9991,1.0
甘伍村3社,36,2026-03-10,09:30,0.9983,1.0
甘伍村3社,36,2026-03-10,09:45,0.9974,1.0
甘伍村3社,36,2026-03-10,10:00,0.9987,1.0
甘伍村3社,36,2026-03-10,10:15,1.0019,1.0
甘伍村3社,36,2026-03-10,10:30,1.0018,1.0
甘伍村3社,36,2026-03-10,10:45,0.9982,1.0
甘伍村3社,36,2026-03-10,11:00,1.0054,1.0
甘伍村3社,36,2026-03-10,11:15,1.0008,1.0
甘伍村3社,36,2026-03-10,11:30,0.997,1.0
甘伍村3社,36,2026-03-10,11:45,0.9974,1.0
甘伍村3社,36,2026-03-10,12:00,0.9986,1.0
甘伍村3社,36,2026-03-10,12:15,1.0022,1.0
甘伍村3社,36,2026-03-10,12:30,0.9975,1.0
甘伍村3社,36,2026-03-10,12:45,1.0008,1.0
甘伍村3社,36,2026-03-10,13:00,0.9982,1.0
甘伍村3社,36,2026-03-10,13:15,1.0025,1.0
甘伍村3社,36,2026-03-10,13:30,0.9988,1.0
甘伍村3社,36,2026-03-10,13:45,1.0018,1.0
甘伍村3社,36,2026-03-10,14:00,0.9987,1.0
甘伍村3社,36,2026-03-10,14:15,1.0013,1.0
甘伍村3社,36,2026-03-10,14:30,0.9936,1.0
甘伍村3社,36,2026-03-10,14:45,0.9999,1.0
甘伍村3社,36,2026-03-10,15:00,1.0061,1.0
甘伍村3社,36,2026-03-10,15:15,0.9963,1.0
甘伍村3社,36,2026-03-10,15:30,0.9999,1.0
甘伍村3社,36,2026-03-10,15:45,1.001,1.0
甘伍村3社,36,2026-03-10,16:00,0.9981,1.0
甘伍村3社,36,2026-03-10,16:15,1.0028,1.0
甘伍村3社,36,2026-03-10,16:30,0.9951,1.0
甘伍村3社,36,2026-03-10,16:45,0.9926,1.0
甘伍村3社,36,2026-03-10,17:00,1.0008,1.0
甘伍村3社,36,2026-03-10,17:15,0.9971,1.0
甘伍村3社,36,2026-03-10,17:30,1.0028,1.0
甘伍村3社,36,2026-03-10,17:45,0.9965,1.0
甘伍村3社,36,2026-03-10,18:00,0.9986,1.0
甘伍村3社,36,2026-03-10,18:15,0.9984,1.0
甘伍村3社,36,2026-03-10,18:30,0.9916,1.0
甘伍村3社,36,2026-03-10,18:45,0.9961,1.0
甘伍村3社,36,2026-03-10,19:00,1.0024,1.0
甘伍村3社,36,2026-03-10,19:15,0.9973,1.0
甘伍村3社,36,2026-03-10,19:30,0.9914,1.0
甘伍村3社,36,2026-03-10,19:45,0.9884,0.892
甘伍村3社,36,2026-03-10,20:00,0.9842,0.892
甘伍村3社,36,2026-03-10,20:15,0.9887,0.892
甘伍村3社,36,2026-03-10,20:30,0.9922,0.891
甘伍村3社,36,2026-03-10,20:45,0.9992,1.0
甘伍村3社,36,2026-03-10,21:00,0.9991,1.0
甘伍村3社,36,2026-03-10,21:15,0.9991,1.0
甘伍村3社,36,2026-03-10,21:30,1.0006,1.0
甘伍村3社,36,2026-03-10,21:45,0.9972,1.0
甘伍村3社,36,2026-03-10,22:00,1.0008,1.0
甘伍村3社,36,2026-03-10,22:15,1.0011,1.0
甘伍村3社,36,2026-03-10,22:30,0.9999,1.0
甘伍村3社,36,2026-03-10,22:45,0.9975,1.0
甘伍村3社,36,2026-03-10,23:00,1.001,1.0
甘伍村3社,36,2026-03-10,23:15,0.9997,1.0
甘伍村3社,36,2026-03-10,23:30,0.9988,1.0
甘伍村3社,36,2026-03-10,23:45,0.9961,1.0
甘伍村3社,37,2026-01-29,00:00,1.0053,1.0
甘伍村3社,37,2026-01-29,00:15,1.0034,1.0
甘伍村3社,37,2026-01-29,00:30,1.0026,1.0
甘伍村3社,37,2026-01-29,00:45,1.0027,1.0
甘伍村3社,37,2026-01-29,01:00,1.0022,1.0
甘伍村3社,37,2026-01-29,01:15,1.0032,1.0
甘伍村3社,37,2026-01-29,01:30,0.9993,1.0
甘伍村3社,37,2026-01-29,01:45,1.0002,1.0
甘伍村3社,37,2026-01-29,02:00,1.0009,1.0
甘伍村3社,37,2026-01-29,02:15,1.0041,1.0
甘伍村3社,37,2026-01-29,02:30,0.9973,1.0
甘伍村3社,37,2026-01-29,02:45,1.0036,1.0
甘伍村3社,37,2026-01-29,03:00,1.0023,1.0
甘伍村3社,37,2026-01-29,03:15,1.0002,1.0
甘伍村3社,37,2026-01-29,03:30,0.9906,1.0
甘伍村3社,37,2026-01-29,03:45,1.0008,1.0
甘伍村3社,37,2026-01-29,04:00,0.9972,1.0
甘伍村3社,37,2026-01-29,04:15,0.9981,1.0
甘伍村3社,37,2026-01-29,04:30,0.9931,1.0
甘伍村3社,37,2026-01-29,04:45,0.9955,1.0
甘伍村3社,37,2026-01-29,05:00,0.9927,1.0
甘伍村3社,37,2026-01-29,05:15,0.9968,1.0
甘伍村3社,37,2026-01-29,05:30,0.9959,1.0
甘伍村3社,37,2026-01-29,05:45,0.9971,1.0
甘伍村3社,37,2026-01-29,06:00,0.9955,1.0
甘伍村3社,37,2026-01-29,06:15,0.9889,1.0
甘伍村3社,37,2026-01-29,06:30,0.9931,1.0
甘伍村3社,37,2026-01-29,06:45,0.9931,1.0
甘伍村3社,37,2026-01-29,07:00,0.9951,1.0
甘伍村3社,37,2026-01-29,07:15,0.9954,1.0
甘伍村3社,37,2026-01-29,07:30,0.9947,1.0
甘伍村3社,37,2026-01-29,07:45,0.9977,1.0
甘伍村3社,37,2026-01-29,08:00,0.9974,1.0
甘伍村3社,37,2026-01-29,08:15,0.9961,1.0
甘伍村3社,37,2026-01-29,08:30,1.0029,1.0
甘伍村3社,37,2026-01-29,08:45,0.9925,1.0
甘伍村3社,37,2026-01-29,09:00,0.9993,1.0
甘伍村3社,37,2026-01-29,09:15,1.0022,1.0
甘伍村3社,37,2026-01-29,09:30,1.0045,1.0
甘伍村3社,37,2026-01-29,09:45,1.0001,1.0
甘伍村3社,37,2026-01-29,10:00,1.0076,1.0
甘伍村3社,37,2026-01-29,10:15,1.0047,1.0
甘伍村3社,37,2026-01-29,10:30,1.0036,1.0
甘伍村3社,37,2026-01-29,10:45,1.0042,1.0
甘伍村3社,37,2026-01-29,11:00,1.0065,1.0
甘伍村3社,37,2026-01-29,11:15,1.0032,1.0
甘伍村3社,37,2026-01-29,11:30,1.0037,1.0
甘伍村3社,37,2026-01-29,11:45,1.0031,1.0
甘伍村3社,37,2026-01-29,12:00,0.9979,1.0
甘伍村3社,37,2026-01-29,12:15,0.9992,1.0
甘伍村3社,37,2026-01-29,12:30,1.0026,1.0
甘伍村3社,37,2026-01-29,12:45,0.9978,1.0
甘伍村3社,37,2026-01-29,13:00,0.9984,1.0
甘伍村3社,37,2026-01-29,13:15,0.997,1.0
甘伍村3社,37,2026-01-29,13:30,0.9995,1.0
甘伍村3社,37,2026-01-29,13:45,1.0063,1.0
甘伍村3社,37,2026-01-29,14:00,0.9959,1.0
甘伍村3社,37,2026-01-29,14:15,1.0002,1.0
甘伍村3社,37,2026-01-29,14:30,0.9953,1.0
甘伍村3社,37,2026-01-29,14:45,1.0014,1.0
甘伍村3社,37,2026-01-29,15:00,1.0008,1.0
甘伍村3社,37,2026-01-29,15:15,1.0034,1.0
甘伍村3社,37,2026-01-29,15:30,1.0041,1.0
甘伍村3社,37,2026-01-29,15:45,0.9962,1.0
甘伍村3社,37,2026-01-29,16:00,1.0047,1.0
甘伍村3社,37,2026-01-29,16:15,0.9989,1.0
甘伍村3社,37,2026-01-29,16:30,0.9983,1.0
甘伍村3社,37,2026-01-29,16:45,0.9979,1.0
甘伍村3社,37,2026-01-29,17:00,1.0035,1.0
甘伍村3社,37,2026-01-29,17:15,0.9957,1.0
甘伍村3社,37,2026-01-29,17:30,1.001,1.0
甘伍村3社,37,2026-01-29,17:45,0.9971,1.0
甘伍村3社,37,2026-01-29,18:00,0.9912,1.0
甘伍村3社,37,2026-01-29,18:15,1.0002,1.0
甘伍村3社,37,2026-01-29,18:30,0.9965,1.0
甘伍村3社,37,2026-01-29,18:45,1.0015,1.0
甘伍村3社,37,2026-01-29,19:00,1.0021,1.0
甘伍村3社,37,2026-01-29,19:15,1.0012,1.0
甘伍村3社,37,2026-01-29,19:30,0.9935,1.0
甘伍村3社,37,2026-01-29,19:45,0.992,1.0
甘伍村3社,37,2026-01-29,20:00,0.9837,1.0
甘伍村3社,37,2026-01-29,20:15,0.9909,1.0
甘伍村3社,37,2026-01-29,20:30,0.9915,1.0
甘伍村3社,37,2026-01-29,20:45,0.9974,1.0
甘伍村3社,37,2026-01-29,21:00,1.0003,1.0
甘伍村3社,37,2026-01-29,21:15,0.9976,1.0
甘伍村3社,37,2026-01-29,21:30,0.998,1.0
甘伍村3社,37,2026-01-29,21:45,0.9971,1.0
甘伍村3社,37,2026-01-29,22:00,0.9938,1.0
甘伍村3社,37,2026-01-29,22:15,1.0007,1.0
甘伍村3社,37,2026-01-29,22:30,0.9992,1.0
甘伍村3社,37,2026-01-29,22:45,0.9974,1.0
甘伍村3社,37,2026-01-29,23:00,1.0014,1.0
甘伍村3社,37,2026-01-29,23:15,0.998,1.0
甘伍村3社,37,2026-01-29,23:30,1.0012,1.0
甘伍村3社,37,2026-01-29,23:45,1.0009,1.0
甘伍村3社,37,2026-01-30,00:00,0.9997,1.0
甘伍村3社,37,2026-01-30,00:15,1.0007,1.0
甘伍村3社,37,2026-01-30,00:30,1.001,1.0
甘伍村3社,37,2026-01-30,00:45,0.9964,1.0
甘伍村3社,37,2026-01-30,01:00,0.9971,1.0
甘伍村3社,37,2026-01-30,01:15,1.003,1.0
甘伍村3社,37,2026-01-30,01:30,1.002,1.0
甘伍村3社,37,2026-01-30,01:45,1.0015,1.0
甘伍村3社,37,2026-01-30,02:00,0.9976,1.0
甘伍村3社,37,2026-01-30,02:15,0.9995,1.0
甘伍村3社,37,2026-01-30,02:30,0.9984,1.0
甘伍村3社,37,2026-01-30,02:45,1.0012,1.0
甘伍村3社,37,2026-01-30,03:00,0.9984,1.0
甘伍村3社,37,2026-01-30,03:15,0.9996,1.0
甘伍村3社,37,2026-01-30,03:30,1.0022,1.0
甘伍村3社,37,2026-01-30,03:45,1.0049,1.0
甘伍村3社,37,2026-01-30,04:00,0.9976,1.0
甘伍村3社,37,2026-01-30,04:15,0.9936,1.0
甘伍村3社,37,2026-01-30,04:30,0.9975,1.0
甘伍村3社,37,2026-01-30,04:45,0.9945,1.0
甘伍村3社,37,2026-01-30,05:00,0.9957,1.0
甘伍村3社,37,2026-01-30,05:15,0.9901,1.0
甘伍村3社,37,2026-01-30,05:30,0.9972,1.0
甘伍村3社,37,2026-01-30,05:45,0.9924,1.0
甘伍村3社,37,2026-01-30,06:00,0.9905,1.0
甘伍村3社,37,2026-01-30,06:15,0.9911,1.0
甘伍村3社,37,2026-01-30,06:30,0.9882,1.0
甘伍村3社,37,2026-01-30,06:45,0.9885,1.0
甘伍村3社,37,2026-01-30,07:00,0.9878,1.0
甘伍村3社,37,2026-01-30,07:15,0.9942,1.0
甘伍村3社,37,2026-01-30,07:30,0.9944,1.0
甘伍村3社,37,2026-01-30,07:45,0.9974,1.0
甘伍村3社,37,2026-01-30,08:00,0.9928,1.0
甘伍村3社,37,2026-01-30,08:15,0.993,1.0
甘伍村3社,37,2026-01-30,08:30,0.9996,1.0
甘伍村3社,37,2026-01-30,08:45,0.9963,1.0
甘伍村3社,37,2026-01-30,09:00,1.0016,1.0
甘伍村3社,37,2026-01-30,09:15,1.0015,1.0
甘伍村3社,37,2026-01-30,09:30,1.0034,1.0
甘伍村3社,37,2026-01-30,09:45,0.9988,1.0
甘伍村3社,37,2026-01-30,10:00,1.0007,1.0
甘伍村3社,37,2026-01-30,10:15,1.0043,1.0
甘伍村3社,37,2026-01-30,10:30,1.0003,1.0
甘伍村3社,37,2026-01-30,10:45,0.9988,1.0
甘伍村3社,37,2026-01-30,11:00,1.0029,1.0
甘伍村3社,37,2026-01-30,11:15,0.9981,1.0
甘伍村3社,37,2026-01-30,11:30,1.0021,1.0
甘伍村3社,37,2026-01-30,11:45,1.0007,1.0
甘伍村3社,37,2026-01-30,12:00,0.9981,1.0
甘伍村3社,37,2026-01-30,12:15,1.0038,1.0
甘伍村3社,37,2026-01-30,12:30,1.0005,1.0
甘伍村3社,37,2026-01-30,12:45,0.9974,1.0
甘伍村3社,37,2026-01-30,13:00,0.9939,1.0
甘伍村3社,37,2026-01-30,13:15,1.0018,1.0
甘伍村3社,37,2026-01-30,13:30,0.9971,1.0
甘伍村3社,37,2026-01-30,13:45,0.9971,1.0
甘伍村3社,37,2026-01-30,14:00,0.9988,1.0
甘伍村3社,37,2026-01-30,14:15,1.0,1.0
甘伍村3社,37,2026-01-30,14:30,0.993,1.0
甘伍村3社,37,2026-01-30,14:45,1.0037,1.0
甘伍村3社,37,2026-01-30,15:00,1.0039,1.0
甘伍村3社,37,2026-01-30,15:15,1.0019,1.0
甘伍村3社,37,2026-01-30,15:30,1.0026,1.0
甘伍村3社,37,2026-01-30,15:45,1.0012,1.0
甘伍村3社,37,2026-01-30,16:00,0.9986,1.0
甘伍村3社,37,2026-01-30,16:15,1.0034,1.0
甘伍村3社,37,2026-01-30,16:30,0.9965,1.0
甘伍村3社,37,2026-01-30,16:45,0.993,1.0
甘伍村3社,37,2026-01-30,17:00,0.9977,1.0
甘伍村3社,37,2026-01-30,17:15,0.9915,1.0
甘伍村3社,37,2026-01-30,17:30,1.0035,1.0
甘伍村3社,37,2026-01-30,17:45,0.9958,1.0
甘伍村3社,37,2026-01-30,18:00,0.9933,1.0
甘伍村3社,37,2026-01-30,18:15,0.9981,1.0
甘伍村3社,37,2026-01-30,18:30,0.9953,1.0
甘伍村3社,37,2026-01-30,18:45,0.9992,1.0
甘伍村3社,37,2026-01-30,19:00,0.997,1.0
甘伍村3社,37,2026-01-30,19:15,0.9943,1.0
甘伍村3社,37,2026-01-30,19:30,1.0009,1.0
甘伍村3社,37,2026-01-30,19:45,0.9892,1.0
甘伍村3社,37,2026-01-30,20:00,0.9837,1.0
甘伍村3社,37,2026-01-30,20:15,0.9919,1.0
甘伍村3社,37,2026-01-30,20:30,0.9946,1.0
甘伍村3社,37,2026-01-30,20:45,0.9958,1.0
甘伍村3社,37,2026-01-30,21:00,0.9972,1.0
甘伍村3社,37,2026-01-30,21:15,0.9978,1.0
甘伍村3社,37,2026-01-30,21:30,0.9965,1.0
甘伍村3社,37,2026-01-30,21:45,0.9937,1.0
甘伍村3社,37,2026-01-30,22:00,0.9958,1.0
甘伍村3社,37,2026-01-30,22:15,0.9975,1.0
甘伍村3社,37,2026-01-30,22:30,1.0005,1.0
甘伍村3社,37,2026-01-30,22:45,0.9967,1.0
甘伍村3社,37,2026-01-30,23:00,1.0013,1.0
甘伍村3社,37,2026-01-30,23:15,0.9968,1.0
甘伍村3社,37,2026-01-30,23:30,0.9977,1.0
甘伍村3社,37,2026-01-30,23:45,0.9972,1.0
甘伍村3社,37,2026-01-31,00:00,0.9979,1.0
甘伍村3社,37,2026-01-31,00:15,0.9969,1.0
甘伍村3社,37,2026-01-31,00:30,0.9992,1.0
甘伍村3社,37,2026-01-31,00:45,0.9982,1.0
甘伍村3社,37,2026-01-31,01:00,1.0003,1.0
甘伍村3社,37,2026-01-31,01:15,0.9926,1.0
甘伍村3社,37,2026-01-31,01:30,0.9971,1.0
甘伍村3社,37,2026-01-31,01:45,0.9936,1.0
甘伍村3社,37,2026-01-31,02:00,1.0023,1.0
甘伍村3社,37,2026-01-31,02:15,0.9939,1.0
甘伍村3社,37,2026-01-31,02:30,0.9971,1.0
甘伍村3社,37,2026-01-31,02:45,0.9992,1.0
甘伍村3社,37,2026-01-31,03:00,1.0,1.0
甘伍村3社,37,2026-01-31,03:15,1.0006,1.0
甘伍村3社,37,2026-01-31,03:30,1.0022,1.0
甘伍村3社,37,2026-01-31,03:45,1.0004,1.0
甘伍村3社,37,2026-01-31,04:00,0.9952,1.0
甘伍村3社,37,2026-01-31,04:15,0.9906,1.0
甘伍村3社,37,2026-01-31,04:30,0.9957,1.0
甘伍村3社,37,2026-01-31,04:45,0.9942,1.0
甘伍村3社,37,2026-01-31,05:00,0.9945,1.0
甘伍村3社,37,2026-01-31,05:15,0.9967,1.0
甘伍村3社,37,2026-01-31,05:30,0.9961,1.0
甘伍村3社,37,2026-01-31,05:45,0.9936,1.0
甘伍村3社,37,2026-01-31,06:00,0.9938,1.0
甘伍村3社,37,2026-01-31,06:15,0.9922,1.0
甘伍村3社,37,2026-01-31,06:30,0.9877,1.0
甘伍村3社,37,2026-01-31,06:45,0.9878,1.0
甘伍村3社,37,2026-01-31,07:00,0.991,1.0
甘伍村3社,37,2026-01-31,07:15,0.9947,1.0
甘伍村3社,37,2026-01-31,07:30,0.9975,1.0
甘伍村3社,37,2026-01-31,07:45,0.9967,1.0
甘伍村3社,37,2026-01-31,08:00,0.9944,1.0
甘伍村3社,37,2026-01-31,08:15,0.9946,1.0
甘伍村3社,37,2026-01-31,08:30,0.9967,1.0
甘伍村3社,37,2026-01-31,08:45,0.9942,1.0
甘伍村3社,37,2026-01-31,09:00,0.9999,1.0
甘伍村3社,37,2026-01-31,09:15,1.0003,1.0
甘伍村3社,37,2026-01-31,09:30,0.9973,1.0
甘伍村3社,37,2026-01-31,09:45,0.9991,1.0
甘伍村3社,37,2026-01-31,10:00,0.9991,1.0
甘伍村3社,37,2026-01-31,10:15,1.0028,1.0
甘伍村3社,37,2026-01-31,10:30,1.0013,1.0
甘伍村3社,37,2026-01-31,10:45,0.9968,1.0
甘伍村3社,37,2026-01-31,11:00,1.0071,1.0
甘伍村3社,37,2026-01-31,11:15,1.0004,1.0
甘伍村3社,37,2026-01-31,11:30,0.9945,1.0
甘伍村3社,37,2026-01-31,11:45,0.9967,1.0
甘伍村3社,37,2026-01-31,12:00,0.9993,1.0
甘伍村3社,37,2026-01-31,12:15,1.0019,1.0
甘伍村3社,37,2026-01-31,12:30,0.997,1.0
甘伍村3社,37,2026-01-31,12:45,0.9986,1.0
甘伍村3社,37,2026-01-31,13:00,0.9975,1.0
甘伍村3社,37,2026-01-31,13:15,1.0016,1.0
甘伍村3社,37,2026-01-31,13:30,1.0,1.0
甘伍村3社,37,2026-01-31,13:45,1.0017,1.0
甘伍村3社,37,2026-01-31,14:00,0.9974,1.0
甘伍村3社,37,2026-01-31,14:15,0.9986,1.0
甘伍村3社,37,2026-01-31,14:30,0.9956,1.0
甘伍村3社,37,2026-01-31,14:45,0.9995,1.0
甘伍村3社,37,2026-01-31,15:00,1.0034,1.0
甘伍村3社,37,2026-01-31,15:15,0.9965,1.0
甘伍村3社,37,2026-01-31,15:30,1.0003,1.0
甘伍村3社,37,2026-01-31,15:45,1.0031,1.0
甘伍村3社,37,2026-01-31,16:00,0.9974,1.0
甘伍村3社,37,2026-01-31,16:15,1.0013,1.0
甘伍村3社,37,2026-01-31,16:30,0.9963,1.0
甘伍村3社,37,2026-01-31,16:45,0.9937,1.0
甘伍村3社,37,2026-01-31,17:00,0.9977,1.0
甘伍村3社,37,2026-01-31,17:15,0.9974,1.0
甘伍村3社,37,2026-01-31,17:30,1.003,1.0
甘伍村3社,37,2026-01-31,17:45,0.9975,1.0
甘伍村3社,37,2026-01-31,18:00,1.0015,1.0
甘伍村3社,37,2026-01-31,18:15,0.9995,1.0
甘伍村3社,37,2026-01-31,18:30,0.9954,1.0
甘伍村3社,37,2026-01-31,18:45,0.9977,1.0
甘伍村3社,37,2026-01-31,19:00,1.0041,1.0
甘伍村3社,37,2026-01-31,19:15,0.9962,1.0
甘伍村3社,37,2026-01-31,19:30,0.9944,1.0
甘伍村3社,37,2026-01-31,19:45,0.9888,1.0
甘伍村3社,37,2026-01-31,20:00,0.9839,1.0
甘伍村3社,37,2026-01-31,20:15,0.9903,1.0
甘伍村3社,37,2026-01-31,20:30,0.9911,1.0
甘伍村3社,37,2026-01-31,20:45,1.0004,1.0
甘伍村3社,37,2026-01-31,21:00,0.9995,1.0
甘伍村3社,37,2026-01-31,21:15,0.9992,1.0
甘伍村3社,37,2026-01-31,21:30,1.0012,1.0
甘伍村3社,37,2026-01-31,21:45,0.9945,1.0
甘伍村3社,37,2026-01-31,22:00,1.0006,1.0
甘伍村3社,37,2026-01-31,22:15,1.0016,1.0
甘伍村3社,37,2026-01-31,22:30,0.9995,1.0
甘伍村3社,37,2026-01-31,22:45,0.9958,1.0
甘伍村3社,37,2026-01-31,23:00,1.0002,1.0
甘伍村3社,37,2026-01-31,23:15,0.9997,1.0
甘伍村3社,37,2026-01-31,23:30,0.997,1.0
甘伍村3社,37,2026-01-31,23:45,0.9965,1.0
幸福村4社,38,2026-04-25,00:00,0.9929,0.985
幸福村4社,38,2026-04-25,00:15,0.9944,0.986
幸福村4社,38,2026-04-25,00:30,0.9945,0.985
幸福村4社,38,2026-04-25,00:45,0.9958,0.985
幸福村4社,38,2026-04-25,01:00,0.9947,0.984
幸福村4社,38,2026-04-25,01:15,0.9936,0.985
幸福村4社,38,2026-04-25,01:30,0.996,0.985
幸福村4社,38,2026-04-25,01:45,0.9953,0.985
幸福村4社,38,2026-04-25,02:00,0.9957,0.984
幸福村4社,38,2026-04-25,02:15,0.9945,0.985
幸福村4社,38,2026-04-25,02:30,0.9965,0.985
幸福村4社,38,2026-04-25,02:45,0.9952,0.985
幸福村4社,38,2026-04-25,03:00,0.9946,0.985
幸福村4社,38,2026-04-25,03:15,0.9965,0.985
幸福村4社,38,2026-04-25,03:30,0.9982,0.985
幸福村4社,38,2026-04-25,03:45,0.9949,0.984
幸福村4社,38,2026-04-25,04:00,0.9965,0.985
幸福村4社,38,2026-04-25,04:15,0.9949,0.985
幸福村4社,38,2026-04-25,04:30,0.9982,0.984
幸福村4社,38,2026-04-25,04:45,0.9964,0.984
幸福村4社,38,2026-04-25,05:00,0.9961,0.985
幸福村4社,38,2026-04-25,05:15,0.9942,0.984
幸福村4社,38,2026-04-25,05:30,0.9952,0.985
幸福村4社,38,2026-04-25,05:45,0.9963,0.984
幸福村4社,38,2026-04-25,06:00,0.996,0.984
幸福村4社,38,2026-04-25,06:15,0.9968,0.984
幸福村4社,38,2026-04-25,06:30,0.9954,1.0
幸福村4社,38,2026-04-25,06:45,0.9952,1.0
幸福村4社,38,2026-04-25,07:00,0.9958,1.0
幸福村4社,38,2026-04-25,07:15,0.9953,1.0
幸福村4社,38,2026-04-25,07:30,0.9971,1.0
幸福村4社,38,2026-04-25,07:45,0.9948,1.0
幸福村4社,38,2026-04-25,08:00,0.9972,1.0
幸福村4社,38,2026-04-25,08:15,1.0,1.0
幸福村4社,38,2026-04-25,08:30,0.997,0.999
幸福村4社,38,2026-04-25,08:45,1.001,1.0
幸福村4社,38,2026-04-25,09:00,0.9984,0.985
幸福村4社,38,2026-04-25,09:15,0.9987,0.985
幸福村4社,38,2026-04-25,09:30,0.9979,0.985
幸福村4社,38,2026-04-25,09:45,0.9986,0.985
幸福村4社,38,2026-04-25,10:00,0.9953,0.986
幸福村4社,38,2026-04-25,10:15,0.997,0.985
幸福村4社,38,2026-04-25,10:30,0.9987,0.985
幸福村4社,38,2026-04-25,10:45,0.9985,0.985
幸福村4社,38,2026-04-25,11:00,0.9959,0.985
幸福村4社,38,2026-04-25,11:15,0.9999,0.984
幸福村4社,38,2026-04-25,11:30,0.9992,0.985
幸福村4社,38,2026-04-25,11:45,0.9968,0.984
幸福村4社,38,2026-04-25,12:00,0.9988,0.986
幸福村4社,38,2026-04-25,12:15,0.9986,0.985
幸福村4社,38,2026-04-25,12:30,0.9985,0.987
幸福村4社,38,2026-04-25,12:45,0.9991,0.987
幸福村4社,38,2026-04-25,13:00,0.9972,0.987
幸福村4社,38,2026-04-25,13:15,0.9985,0.988
幸福村4社,38,2026-04-25,13:30,1.0004,0.987
幸福村4社,38,2026-04-25,13:45,0.9975,0.987
幸福村4社,38,2026-04-25,14:00,0.9972,0.987
幸福村4社,38,2026-04-25,14:15,0.9959,0.987
幸福村4社,38,2026-04-25,14:30,0.9984,1.0
幸福村4社,38,2026-04-25,14:45,0.9968,1.0
幸福村4社,38,2026-04-25,15:00,0.9966,1.0
幸福村4社,38,2026-04-25,15:15,0.9986,1.0
幸福村4社,38,2026-04-25,15:30,0.9993,1.0
幸福村4社,38,2026-04-25,15:45,1.0019,1.0
幸福村4社,38,2026-04-25,16:00,0.9985,1.0
幸福村4社,38,2026-04-25,16:15,1.0008,1.0
幸福村4社,38,2026-04-25,16:30,0.9988,1.0
幸福村4社,38,2026-04-25,16:45,0.9973,1.0
幸福村4社,38,2026-04-25,17:00,0.9968,1.0
幸福村4社,38,2026-04-25,17:15,0.9981,1.0
幸福村4社,38,2026-04-25,17:30,0.9967,1.0
幸福村4社,38,2026-04-25,17:45,0.9978,1.0
幸福村4社,38,2026-04-25,18:00,1.0003,1.0
幸福村4社,38,2026-04-25,18:15,0.9966,1.0
幸福村4社,38,2026-04-25,18:30,0.9954,1.0
幸福村4社,38,2026-04-25,18:45,0.9957,0.993
幸福村4社,38,2026-04-25,19:00,0.9965,0.993
幸福村4社,38,2026-04-25,19:15,0.994,1.0
幸福村4社,38,2026-04-25,19:30,0.9957,0.987
幸福村4社,38,2026-04-25,19:45,0.9917,0.983
幸福村4社,38,2026-04-25,20:00,0.9918,0.982
幸福村4社,38,2026-04-25,20:15,0.9929,0.979
幸福村4社,38,2026-04-25,20:30,0.9918,0.978
幸福村4社,38,2026-04-25,20:45,0.9927,0.987
幸福村4社,38,2026-04-25,21:00,0.9925,0.987
幸福村4社,38,2026-04-25,21:15,0.9937,0.987
幸福村4社,38,2026-04-25,21:30,0.9922,0.989
幸福村4社,38,2026-04-25,21:45,0.9923,0.99
幸福村4社,38,2026-04-25,22:00,0.9933,0.99
幸福村4社,38,2026-04-25,22:15,0.991,0.989
幸福村4社,38,2026-04-25,22:30,0.9927,0.989
幸福村4社,38,2026-04-25,22:45,0.9953,0.99
幸福村4社,38,2026-04-25,23:00,0.9927,0.983
幸福村4社,38,2026-04-25,23:15,0.9955,0.983
幸福村4社,38,2026-04-25,23:30,0.9932,0.983
幸福村4社,38,2026-04-25,23:45,0.9942,0.977
幸福村4社,38,2026-04-26,00:00,0.996,0.982
幸福村4社,38,2026-04-26,00:15,0.9953,0.983
幸福村4社,38,2026-04-26,00:30,0.9958,0.983
幸福村4社,38,2026-04-26,00:45,0.998,0.983
幸福村4社,38,2026-04-26,01:00,0.9961,0.983
幸福村4社,38,2026-04-26,01:15,0.9958,0.983
幸福村4社,38,2026-04-26,01:30,0.9944,0.986
幸福村4社,38,2026-04-26,01:45,0.9959,0.986
幸福村4社,38,2026-04-26,02:00,0.9954,0.986
幸福村4社,38,2026-04-26,02:15,0.9963,0.986
幸福村4社,38,2026-04-26,02:30,0.9965,0.985
幸福村4社,38,2026-04-26,02:45,0.9945,0.985
幸福村4社,38,2026-04-26,03:00,0.9957,0.985
幸福村4社,38,2026-04-26,03:15,0.9942,0.985
幸福村4社,38,2026-04-26,03:30,0.9944,0.984
幸福村4社,38,2026-04-26,03:45,0.9927,0.985
幸福村4社,38,2026-04-26,04:00,0.9956,0.985
幸福村4社,38,2026-04-26,04:15,0.9958,0.985
幸福村4社,38,2026-04-26,04:30,0.9954,0.984
幸福村4社,38,2026-04-26,04:45,0.9957,0.985
幸福村4社,38,2026-04-26,05:00,0.9953,0.985
幸福村4社,38,2026-04-26,05:15,0.9963,0.985
幸福村4社,38,2026-04-26,05:30,0.9942,0.984
幸福村4社,38,2026-04-26,05:45,0.9965,0.985
幸福村4社,38,2026-04-26,06:00,0.996,0.985
幸福村4社,38,2026-04-26,06:15,0.9954,0.985
幸福村4社,38,2026-04-26,06:30,0.9943,0.981
幸福村4社,38,2026-04-26,06:45,0.9949,0.984
幸福村4社,38,2026-04-26,07:00,0.9945,1.0
幸福村4社,38,2026-04-26,07:15,0.9954,1.0
幸福村4社,38,2026-04-26,07:30,0.9962,0.999
幸福村4社,38,2026-04-26,07:45,0.9956,1.0
幸福村4社,38,2026-04-26,08:00,0.9986,1.0
幸福村4社,38,2026-04-26,08:15,1.0007,1.0
幸福村4社,38,2026-04-26,08:30,0.9984,1.0
幸福村4社,38,2026-04-26,08:45,0.9987,1.0
幸福村4社,38,2026-04-26,09:00,0.9974,1.0
幸福村4社,38,2026-04-26,09:15,0.998,1.0
幸福村4社,38,2026-04-26,09:30,0.9999,1.0
幸福村4社,38,2026-04-26,09:45,0.9999,1.0
幸福村4社,38,2026-04-26,10:00,0.9979,1.0
幸福村4社,38,2026-04-26,10:15,0.9973,1.0
幸福村4社,38,2026-04-26,10:30,0.9981,1.0
幸福村4社,38,2026-04-26,10:45,0.9994,1.0
幸福村4社,38,2026-04-26,11:00,0.9987,1.0
幸福村4社,38,2026-04-26,11:15,0.9995,1.0
幸福村4社,38,2026-04-26,11:30,0.9986,1.0
幸福村4社,38,2026-04-26,11:45,0.9987,1.0
幸福村4社,38,2026-04-26,12:00,0.9979,1.0
幸福村4社,38,2026-04-26,12:15,0.9986,0.999
幸福村4社,38,2026-04-26,12:30,0.9982,0.999
幸福村4社,38,2026-04-26,12:45,0.998,1.0
幸福村4社,38,2026-04-26,13:00,0.9986,0.999
幸福村4社,38,2026-04-26,13:15,0.9966,0.999
幸福村4社,38,2026-04-26,13:30,0.9971,1.0
幸福村4社,38,2026-04-26,13:45,0.9993,1.0
幸福村4社,38,2026-04-26,14:00,0.9957,1.0
幸福村4社,38,2026-04-26,14:15,0.9962,1.0
幸福村4社,38,2026-04-26,14:30,1.0004,1.0
幸福村4社,38,2026-04-26,14:45,0.9969,1.0
幸福村4社,38,2026-04-26,15:00,0.9964,1.0
幸福村4社,38,2026-04-26,15:15,0.9961,1.0
幸福村4社,38,2026-04-26,15:30,0.9987,1.0
幸福村4社,38,2026-04-26,15:45,0.9991,1.0
幸福村4社,38,2026-04-26,16:00,1.0002,1.0
幸福村4社,38,2026-04-26,16:15,0.9995,1.0
幸福村4社,38,2026-04-26,16:30,0.9972,1.0
幸福村4社,38,2026-04-26,16:45,0.9982,1.0
幸福村4社,38,2026-04-26,17:00,0.9979,0.999
幸福村4社,38,2026-04-26,17:15,0.9988,1.0
幸福村4社,38,2026-04-26,17:30,0.9976,1.0
幸福村4社,38,2026-04-26,17:45,0.9983,1.0
幸福村4社,38,2026-04-26,18:00,1.0012,1.0
幸福村4社,38,2026-04-26,18:15,0.9992,1.0
幸福村4社,38,2026-04-26,18:30,0.9983,1.0
幸福村4社,38,2026-04-26,18:45,0.9977,1.0
幸福村4社,38,2026-04-26,19:00,0.9957,1.0
幸福村4社,38,2026-04-26,19:15,0.9945,1.0
幸福村4社,38,2026-04-26,19:30,0.9924,1.0
幸福村4社,38,2026-04-26,19:45,0.9921,0.978
幸福村4社,38,2026-04-26,20:00,0.9938,0.978
幸福村4社,38,2026-04-26,20:15,0.9929,0.984
幸福村4社,38,2026-04-26,20:30,0.9925,0.992
幸福村4社,38,2026-04-26,20:45,0.9924,0.992
幸福村4社,38,2026-04-26,21:00,0.9928,0.991
幸福村4社,38,2026-04-26,21:15,0.9939,0.991
幸福村4社,38,2026-04-26,21:30,0.9939,0.99
幸福村4社,38,2026-04-26,21:45,0.9937,0.989
幸福村4社,38,2026-04-26,22:00,0.9918,0.99
幸福村4社,38,2026-04-26,22:15,0.9919,0.989
幸福村4社,38,2026-04-26,22:30,0.9907,0.989
幸福村4社,38,2026-04-26,22:45,0.9927,0.98
幸福村4社,38,2026-04-26,23:00,0.9921,0.98
幸福村4社,38,2026-04-26,23:15,0.9948,0.989
幸福村4社,38,2026-04-26,23:30,0.9942,0.991
幸福村4社,38,2026-04-26,23:45,0.9953,0.99
幸福村4社,38,2026-04-27,00:00,0.9938,0.993
幸福村4社,38,2026-04-27,00:15,0.9951,0.993
幸福村4社,38,2026-04-27,00:30,0.9938,0.993
幸福村4社,38,2026-04-27,00:45,0.9939,0.993
幸福村4社,38,2026-04-27,01:00,0.993,0.993
幸福村4社,38,2026-04-27,01:15,0.9964,0.99
幸福村4社,38,2026-04-27,01:30,0.9961,0.99
幸福村4社,38,2026-04-27,01:45,0.9987,0.988
幸福村4社,38,2026-04-27,02:00,0.995,0.988
幸福村4社,38,2026-04-27,02:15,0.9985,0.987
幸福村4社,38,2026-04-27,02:30,0.9958,0.984
幸福村4社,38,2026-04-27,02:45,0.9955,0.985
幸福村4社,38,2026-04-27,03:00,0.9959,0.985
幸福村4社,38,2026-04-27,03:15,0.995,0.986
幸福村4社,38,2026-04-27,03:30,0.9942,0.984
幸福村4社,38,2026-04-27,03:45,0.9932,0.983
幸福村4社,38,2026-04-27,04:00,0.9961,0.983
幸福村4社,38,2026-04-27,04:15,0.9958,0.983
幸福村4社,38,2026-04-27,04:30,0.9956,0.983
幸福村4社,38,2026-04-27,04:45,0.9956,0.985
幸福村4社,38,2026-04-27,05:00,0.9937,0.984
幸福村4社,38,2026-04-27,05:15,0.9958,0.984
幸福村4社,38,2026-04-27,05:30,0.9948,0.983
幸福村4社,38,2026-04-27,05:45,0.9967,0.984
幸福村4社,38,2026-04-27,06:00,0.996,0.984
幸福村4社,38,2026-04-27,06:15,0.9957,0.985
幸福村4社,38,2026-04-27,06:30,0.9953,0.981
幸福村4社,38,2026-04-27,06:45,0.9978,0.983
幸福村4社,38,2026-04-27,07:00,0.996,1.0
幸福村4社,38,2026-04-27,07:15,0.9962,1.0
幸福村4社,38,2026-04-27,07:30,0.9963,1.0
幸福村4社,38,2026-04-27,07:45,0.9973,1.0
幸福村4社,38,2026-04-27,08:00,0.9974,1.0
幸福村4社,38,2026-04-27,08:15,0.9985,0.999
幸福村4社,38,2026-04-27,08:30,0.9976,1.0
幸福村4社,38,2026-04-27,08:45,0.9984,1.0
幸福村4社,38,2026-04-27,09:00,0.9963,0.997
幸福村4社,38,2026-04-27,09:15,0.9974,1.0
幸福村4社,38,2026-04-27,09:30,0.9991,1.0
幸福村4社,38,2026-04-27,09:45,0.9995,1.0
幸福村4社,38,2026-04-27,10:00,0.9993,1.0
幸福村4社,38,2026-04-27,10:15,0.9972,1.0
幸福村4社,38,2026-04-27,10:30,0.9962,1.0
幸福村4社,38,2026-04-27,10:45,1.0004,1.0
幸福村4社,38,2026-04-27,11:00,0.9953,1.0
幸福村4社,38,2026-04-27,11:15,0.9999,1.0
幸福村4社,38,2026-04-27,11:30,1.0003,1.0
幸福村4社,38,2026-04-27,11:45,0.9996,1.0
幸福村4社,38,2026-04-27,12:00,0.9974,1.0
幸福村4社,38,2026-04-27,12:15,0.997,1.0
幸福村4社,38,2026-04-27,12:30,0.9987,1.0
幸福村4社,38,2026-04-27,12:45,0.9983,1.0
幸福村4社,38,2026-04-27,13:00,0.9972,1.0
幸福村4社,38,2026-04-27,13:15,0.9984,1.0
幸福村4社,38,2026-04-27,13:30,0.9984,0.998
幸福村4社,38,2026-04-27,13:45,0.9984,0.999
幸福村4社,38,2026-04-27,14:00,0.9954,1.0
幸福村4社,38,2026-04-27,14:15,0.9955,1.0
幸福村4社,38,2026-04-27,14:30,0.9981,1.0
幸福村4社,38,2026-04-27,14:45,0.9965,1.0
幸福村4社,38,2026-04-27,15:00,0.9955,1.0
幸福村4社,38,2026-04-27,15:15,1.0002,1.0
幸福村4社,38,2026-04-27,15:30,1.0,1.0
幸福村4社,38,2026-04-27,15:45,0.9981,0.983
幸福村4社,38,2026-04-27,16:00,0.9997,0.985
幸福村4社,38,2026-04-27,16:15,0.9974,0.986
幸福村4社,38,2026-04-27,16:30,0.9974,0.987
幸福村4社,38,2026-04-27,16:45,0.9982,0.986
幸福村4社,38,2026-04-27,17:00,0.9976,0.999
幸福村4社,38,2026-04-27,17:15,0.9978,0.999
幸福村4社,38,2026-04-27,17:30,0.9955,0.999
幸福村4社,38,2026-04-27,17:45,0.9974,0.999
幸福村4社,38,2026-04-27,18:00,0.9965,0.999
幸福村4社,38,2026-04-27,18:15,0.9964,0.985
幸福村4社,38,2026-04-27,18:30,0.9979,0.986
幸福村4社,38,2026-04-27,18:45,0.9974,0.983
幸福村4社,38,2026-04-27,19:00,0.9942,0.982
幸福村4社,38,2026-04-27,19:15,0.995,1.0
幸福村4社,38,2026-04-27,19:30,0.9932,1.0
幸福村4社,38,2026-04-27,19:45,0.9899,1.0
幸福村4社,38,2026-04-27,20:00,0.9901,0.975
幸福村4社,38,2026-04-27,20:15,0.9949,0.973
幸福村4社,38,2026-04-27,20:30,0.9939,0.986
幸福村4社,38,2026-04-27,20:45,0.9921,0.994
幸福村4社,38,2026-04-27,21:00,0.9933,0.993
幸福村4社,38,2026-04-27,21:15,0.9933,0.987
幸福村4社,38,2026-04-27,21:30,0.9912,0.989
幸福村4社,38,2026-04-27,21:45,0.993,0.988
幸福村4社,38,2026-04-27,22:00,0.9915,0.989
幸福村4社,38,2026-04-27,22:15,0.99,0.986
幸福村4社,38,2026-04-27,22:30,0.9913,0.992
幸福村4社,38,2026-04-27,22:45,0.9946,0.993
幸福村4社,38,2026-04-27,23:00,0.9942,0.993
幸福村4社,38,2026-04-27,23:15,0.994,1.0
幸福村4社,38,2026-04-27,23:30,0.9955,1.0
幸福村4社,38,2026-04-27,23:45,0.9966,1.0
幸福村1社,39,2026-02-07,00:00,0.8298,0.705
幸福村1社,39,2026-02-07,00:15,0.826,0.731
幸福村1社,39,2026-02-07,00:30,0.8311,0.719
幸福村1社,39,2026-02-07,00:45,0.7982,0.708
幸福村1社,39,2026-02-07,01:00,0.8127,0.757
幸福村1社,39,2026-02-07,01:15,0.794,0.733
幸福村1社,39,2026-02-07,01:30,0.7961,0.724
幸福村1社,39,2026-02-07,01:45,0.7571,0.702
幸福村1社,39,2026-02-07,02:00,0.7854,0.688
幸福村1社,39,2026-02-07,02:15,0.7722,0.687
幸福村1社,39,2026-02-07,02:30,0.7725,0.7
幸福村1社,39,2026-02-07,02:45,0.7625,0.73
幸福村1社,39,2026-02-07,03:00,0.7575,0.727
幸福村1社,39,2026-02-07,03:15,0.7803,0.8
幸福村1社,39,2026-02-07,03:30,0.7568,0.673
幸福村1社,39,2026-02-07,03:45,0.775,0.698
幸福村1社,39,2026-02-07,04:00,0.7489,0.637
幸福村1社,39,2026-02-07,04:15,0.7661,0.728
幸福村1社,39,2026-02-07,04:30,0.7549,0.668
幸福村1社,39,2026-02-07,04:45,0.7481,0.725
幸福村1社,39,2026-02-07,05:00,0.773,0.637
幸福村1社,39,2026-02-07,05:15,0.7603,0.729
幸福村1社,39,2026-02-07,05:30,0.7405,0.645
幸福村1社,39,2026-02-07,05:45,0.7531,0.756
幸福村1社,39,2026-02-07,06:00,0.7599,0.657
幸福村1社,39,2026-02-07,06:15,0.7723,0.721
幸福村1社,39,2026-02-07,06:30,0.774,0.636
幸福村1社,39,2026-02-07,06:45,0.7686,0.653
幸福村1社,39,2026-02-07,07:00,0.7906,0.68
幸福村1社,39,2026-02-07,07:15,0.8067,0.709
幸福村1社,39,2026-02-07,07:30,0.8665,0.688
幸福村1社,39,2026-02-07,07:45,0.8679,0.826
幸福村1社,39,2026-02-07,08:00,0.8593,0.724
幸福村1社,39,2026-02-07,08:15,0.91,0.939
幸福村1社,39,2026-02-07,08:30,0.9607,0.976
幸福村1社,39,2026-02-07,08:45,0.9616,0.988
幸福村1社,39,2026-02-07,09:00,0.9664,0.918
幸福村1社,39,2026-02-07,09:15,0.9915,0.998
幸福村1社,39,2026-02-07,09:30,0.9882,0.995
幸福村1社,39,2026-02-07,09:45,0.9784,0.995
幸福村1社,39,2026-02-07,10:00,0.9777,0.931
幸福村1社,39,2026-02-07,10:15,0.9331,0.969
幸福村1社,39,2026-02-07,10:30,0.935,0.924
幸福村1社,39,2026-02-07,10:45,0.9236,0.794
幸福村1社,39,2026-02-07,11:00,0.8732,0.966
幸福村1社,39,2026-02-07,11:15,0.8888,0.983
幸福村1社,39,2026-02-07,11:30,0.8894,0.772
幸福村1社,39,2026-02-07,11:45,0.8825,0.793
幸福村1社,39,2026-02-07,12:00,0.8598,0.697
幸福村1社,39,2026-02-07,12:15,0.8537,0.992
幸福村1社,39,2026-02-07,12:30,0.8424,0.953
幸福村1社,39,2026-02-07,12:45,0.8381,0.73
幸福村1社,39,2026-02-07,13:00,0.8487,0.687
幸福村1社,39,2026-02-07,13:15,0.8337,0.759
幸福村1社,39,2026-02-07,13:30,0.8423,0.912
幸福村1社,39,2026-02-07,13:45,0.8725,0.849
幸福村1社,39,2026-02-07,14:00,0.8667,0.972
幸福村1社,39,2026-02-07,14:15,0.8836,0.974
幸福村1社,39,2026-02-07,14:30,0.8722,0.995
幸福村1社,39,2026-02-07,14:45,0.8593,0.999
幸福村1社,39,2026-02-07,15:00,0.8494,0.989
幸福村1社,39,2026-02-07,15:15,0.8852,0.993
幸福村1社,39,2026-02-07,15:30,0.8641,0.989
幸福村1社,39,2026-02-07,15:45,0.8617,0.977
幸福村1社,39,2026-02-07,16:00,0.8792,0.993
幸福村1社,39,2026-02-07,16:15,0.8868,0.852
幸福村1社,39,2026-02-07,16:30,0.909,0.97
幸福村1社,39,2026-02-07,16:45,0.9332,0.968
幸福村1社,39,2026-02-07,17:00,0.9298,0.999
幸福村1社,39,2026-02-07,17:15,0.9585,0.999
幸福村1社,39,2026-02-07,17:30,0.9539,0.926
幸福村1社,39,2026-02-07,17:45,0.966,0.993
幸福村1社,39,2026-02-07,18:00,0.9438,0.981
幸福村1社,39,2026-02-07,18:15,0.9514,0.997
幸福村1社,39,2026-02-07,18:30,0.9624,0.949
幸福村1社,39,2026-02-07,18:45,0.9474,0.965
幸福村1社,39,2026-02-07,19:00,0.9514,0.997
幸福村1社,39,2026-02-07,19:15,0.9476,0.791
幸福村1社,39,2026-02-07,19:30,0.9506,0.908
幸福村1社,39,2026-02-07,19:45,0.9626,0.981
幸福村1社,39,2026-02-07,20:00,0.9521,0.964
幸福村1社,39,2026-02-07,20:15,0.9481,0.972
幸福村1社,39,2026-02-07,20:30,0.9348,0.861
幸福村1社,39,2026-02-07,20:45,0.9407,0.911
幸福村1社,39,2026-02-07,21:00,0.9514,0.987
幸福村1社,39,2026-02-07,21:15,0.9368,0.971
幸福村1社,39,2026-02-07,21:30,0.939,0.857
幸福村1社,39,2026-02-07,21:45,0.9402,0.818
幸福村1社,39,2026-02-07,22:00,0.9145,0.873
幸福村1社,39,2026-02-07,22:15,0.897,0.894
幸福村1社,39,2026-02-07,22:30,0.8934,0.816
幸福村1社,39,2026-02-07,22:45,0.8856,0.97
幸福村1社,39,2026-02-07,23:00,0.8825,0.738
幸福村1社,39,2026-02-07,23:15,0.8557,0.766
幸福村1社,39,2026-02-07,23:30,0.8677,0.712
幸福村1社,39,2026-02-07,23:45,0.8366,0.83
幸福村1社,39,2026-02-08,00:00,0.8226,0.759
幸福村1社,39,2026-02-08,00:15,0.8063,0.705
幸福村1社,39,2026-02-08,00:30,0.8256,0.712
幸福村1社,39,2026-02-08,00:45,0.788,0.641
幸福村1社,39,2026-02-08,01:00,0.7937,0.68
幸福村1社,39,2026-02-08,01:15,0.7891,0.664
幸福村1社,39,2026-02-08,01:30,0.7687,0.697
幸福村1社,39,2026-02-08,01:45,0.7695,0.707
幸福村1社,39,2026-02-08,02:00,0.7762,0.715
幸福村1社,39,2026-02-08,02:15,0.7868,0.722
幸福村1社,39,2026-02-08,02:30,0.7629,0.69
幸福村1社,39,2026-02-08,02:45,0.7764,0.68
幸福村1社,39,2026-02-08,03:00,0.7571,0.629
幸福村1社,39,2026-02-08,03:15,0.7745,0.703
幸福村1社,39,2026-02-08,03:30,0.7513,0.623
幸福村1社,39,2026-02-08,03:45,0.7631,0.719
幸福村1社,39,2026-02-08,04:00,0.7508,0.613
幸福村1社,39,2026-02-08,04:15,0.7488,0.682
幸福村1社,39,2026-02-08,04:30,0.7613,0.685
幸福村1社,39,2026-02-08,04:45,0.7459,0.728
幸福村1社,39,2026-02-08,05:00,0.7441,0.677
幸福村1社,39,2026-02-08,05:15,0.7463,0.624
幸福村1社,39,2026-02-08,05:30,0.7448,0.665
幸福村1社,39,2026-02-08,05:45,0.7465,0.616
幸福村1社,39,2026-02-08,06:00,0.7331,0.644
幸福村1社,39,2026-02-08,06:15,0.7654,0.624
幸福村1社,39,2026-02-08,06:30,0.7728,0.631
幸福村1社,39,2026-02-08,06:45,0.7737,0.603
幸福村1社,39,2026-02-08,07:00,0.7793,0.712
幸福村1社,39,2026-02-08,07:15,0.7901,0.676
幸福村1社,39,2026-02-08,07:30,0.8479,0.963
幸福村1社,39,2026-02-08,07:45,0.8686,0.726
幸福村1社,39,2026-02-08,08:00,0.8808,0.696
幸福村1社,39,2026-02-08,08:15,0.9195,0.911
幸福村1社,39,2026-02-08,08:30,0.9549,0.932
幸福村1社,39,2026-02-08,08:45,0.966,0.722
幸福村1社,39,2026-02-08,09:00,0.9614,0.998
幸福村1社,39,2026-02-08,09:15,0.9875,0.995
幸福村1社,39,2026-02-08,09:30,0.9628,0.997
幸福村1社,39,2026-02-08,09:45,0.9816,0.999
幸福村1社,39,2026-02-08,10:00,0.9824,0.936
幸福村1社,39,2026-02-08,10:15,0.9472,0.958
幸福村1社,39,2026-02-08,10:30,0.9407,0.987
幸福村1社,39,2026-02-08,10:45,0.9179,0.961
幸福村1社,39,2026-02-08,11:00,0.8615,0.749
幸福村1社,39,2026-02-08,11:15,0.8752,0.963
幸福村1社,39,2026-02-08,11:30,0.8745,0.99
幸福村1社,39,2026-02-08,11:45,0.8462,0.997
幸福村1社,39,2026-02-08,12:00,0.8306,0.986
幸福村1社,39,2026-02-08,12:15,0.8474,0.783
幸福村1社,39,2026-02-08,12:30,0.8323,0.999
幸福村1社,39,2026-02-08,12:45,0.8102,0.995
幸福村1社,39,2026-02-08,13:00,0.8284,0.995
幸福村1社,39,2026-02-08,13:15,0.8248,0.996
幸福村1社,39,2026-02-08,13:30,0.8329,0.822
幸福村1社,39,2026-02-08,13:45,0.844,0.989
幸福村1社,39,2026-02-08,14:00,0.8517,0.847
幸福村1社,39,2026-02-08,14:15,0.8731,0.903
幸福村1社,39,2026-02-08,14:30,0.8568,0.991
幸福村1社,39,2026-02-08,14:45,0.8522,0.879
幸福村1社,39,2026-02-08,15:00,0.8377,0.99
幸福村1社,39,2026-02-08,15:15,0.8712,0.998
幸福村1社,39,2026-02-08,15:30,0.8508,0.953
幸福村1社,39,2026-02-08,15:45,0.8482,0.748
幸福村1社,39,2026-02-08,16:00,0.8526,0.923
幸福村1社,39,2026-02-08,16:15,0.8731,0.839
幸福村1社,39,2026-02-08,16:30,0.8733,0.999
幸福村1社,39,2026-02-08,16:45,0.9294,0.999
幸福村1社,39,2026-02-08,17:00,0.9253,0.997
幸福村1社,39,2026-02-08,17:15,0.9398,0.999
幸福村1社,39,2026-02-08,17:30,0.9403,0.998
幸福村1社,39,2026-02-08,17:45,0.9515,0.998
幸福村1社,39,2026-02-08,18:00,0.9569,0.914
幸福村1社,39,2026-02-08,18:15,0.959,0.97
幸福村1社,39,2026-02-08,18:30,0.967,0.993
幸福村1社,39,2026-02-08,18:45,0.9546,0.998
幸福村1社,39,2026-02-08,19:00,0.9402,0.997
幸福村1社,39,2026-02-08,19:15,0.9464,0.99
幸福村1社,39,2026-02-08,19:30,0.9571,0.9
幸福村1社,39,2026-02-08,19:45,0.9486,0.904
幸福村1社,39,2026-02-08,20:00,0.9479,0.935
幸福村1社,39,2026-02-08,20:15,0.955,0.938
幸福村1社,39,2026-02-08,20:30,0.9435,0.972
幸福村1社,39,2026-02-08,20:45,0.9391,0.959
幸福村1社,39,2026-02-08,21:00,0.9476,0.997
幸福村1社,39,2026-02-08,21:15,0.9277,0.941
幸福村1社,39,2026-02-08,21:30,0.9316,0.966
幸福村1社,39,2026-02-08,21:45,0.9174,0.914
幸福村1社,39,2026-02-08,22:00,0.9108,0.965
幸福村1社,39,2026-02-08,22:15,0.9127,0.934
幸福村1社,39,2026-02-08,22:30,0.8937,0.959
幸福村1社,39,2026-02-08,22:45,0.8705,0.987
幸福村1社,39,2026-02-08,23:00,0.8596,0.795
幸福村1社,39,2026-02-08,23:15,0.8401,0.92
幸福村1社,39,2026-02-08,23:30,0.8401,0.772
幸福村1社,39,2026-02-08,23:45,0.8269,0.89
幸福村1社,39,2026-02-09,00:00,0.8035,0.796
幸福村1社,39,2026-02-09,00:15,0.8064,0.846
幸福村1社,39,2026-02-09,00:30,0.8098,0.789
幸福村1社,39,2026-02-09,00:45,0.7739,0.74
幸福村1社,39,2026-02-09,01:00,0.7784,0.837
幸福村1社,39,2026-02-09,01:15,0.7778,0.764
幸福村1社,39,2026-02-09,01:30,0.7761,0.785
幸福村1社,39,2026-02-09,01:45,0.7539,0.75
幸福村1社,39,2026-02-09,02:00,0.7697,0.772
幸福村1社,39,2026-02-09,02:15,0.7685,0.869
幸福村1社,39,2026-02-09,02:30,0.7456,0.754
幸福村1社,39,2026-02-09,02:45,0.7654,0.794
幸福村1社,39,2026-02-09,03:00,0.7545,0.71
幸福村1社,39,2026-02-09,03:15,0.751,0.916
幸福村1社,39,2026-02-09,03:30,0.7512,0.679
幸福村1社,39,2026-02-09,03:45,0.7639,0.871
幸福村1社,39,2026-02-09,04:00,0.7343,0.772
幸福村1社,39,2026-02-09,04:15,0.7426,0.8
幸福村1社,39,2026-02-09,04:30,0.7496,0.802
幸福村1社,39,2026-02-09,04:45,0.7304,0.858
幸福村1社,39,2026-02-09,05:00,0.742,0.854
幸福村1社,39,2026-02-09,05:15,0.7272,0.79
幸福村1社,39,2026-02-09,05:30,0.7213,0.81
幸福村1社,39,2026-02-09,05:45,0.7288,0.821
幸福村1社,39,2026-02-09,06:00,0.7289,0.789
幸福村1社,39,2026-02-09,06:15,0.7553,0.728
幸福村1社,39,2026-02-09,06:30,0.7542,0.754
幸福村1社,39,2026-02-09,06:45,0.7563,0.747
幸福村1社,39,2026-02-09,07:00,0.7751,0.817
幸福村1社,39,2026-02-09,07:15,0.7775,0.766
幸福村1社,39,2026-02-09,07:30,0.8474,0.962
幸福村1社,39,2026-02-09,07:45,0.8529,0.794
幸福村1社,39,2026-02-09,08:00,0.8543,0.817
幸福村1社,39,2026-02-09,08:15,0.9217,0.924
幸福村1社,39,2026-02-09,08:30,0.9451,0.999
幸福村1社,39,2026-02-09,08:45,0.9479,0.999
幸福村1社,39,2026-02-09,09:00,0.9669,0.999
幸福村1社,39,2026-02-09,09:15,0.9788,0.996
幸福村1社,39,2026-02-09,09:30,0.9525,0.999
幸福村1社,39,2026-02-09,09:45,0.9736,0.998
幸福村1社,39,2026-02-09,10:00,0.9644,0.996
幸福村1社,39,2026-02-09,10:15,0.9408,0.992
幸福村1社,39,2026-02-09,10:30,0.9166,0.914
幸福村1社,39,2026-02-09,10:45,0.901,0.985
幸福村1社,39,2026-02-09,11:00,0.8619,0.985
幸福村1社,39,2026-02-09,11:15,0.8658,0.964
幸福村1社,39,2026-02-09,11:30,0.8611,0.917
幸福村1社,39,2026-02-09,11:45,0.8468,0.911
幸福村1社,39,2026-02-09,12:00,0.8349,0.936
幸福村1社,39,2026-02-09,12:15,0.8256,0.879
幸福村1社,39,2026-02-09,12:30,0.8382,0.9
幸福村1社,39,2026-02-09,12:45,0.8147,0.766
幸福村1社,39,2026-02-09,13:00,0.8389,0.998
幸福村1社,39,2026-02-09,13:15,0.8453,0.772
幸福村1社,39,2026-02-09,13:30,0.8268,0.863
幸福村1社,39,2026-02-09,13:45,0.8666,0.773
幸福村1社,39,2026-02-09,14:00,0.8634,0.796
幸福村1社,39,2026-02-09,14:15,0.8382,0.714
幸福村1社,39,2026-02-09,14:30,0.8739,0.722
幸福村1社,39,2026-02-09,14:45,0.8495,0.795
幸福村1社,39,2026-02-09,15:00,0.8345,0.928
幸福村1社,39,2026-02-09,15:15,0.8928,0.967
幸福村1社,39,2026-02-09,15:30,0.8645,0.961
幸福村1社,39,2026-02-09,15:45,0.8661,0.874
幸福村1社,39,2026-02-09,16:00,0.8654,0.836
幸福村1社,39,2026-02-09,16:15,0.882,0.879
幸福村1社,39,2026-02-09,16:30,0.8732,0.995
幸福村1社,39,2026-02-09,16:45,0.9256,0.99
幸福村1社,39,2026-02-09,17:00,0.9269,0.882
幸福村1社,39,2026-02-09,17:15,0.939,0.974
幸福村1社,39,2026-02-09,17:30,0.9454,0.946
幸福村1社,39,2026-02-09,17:45,0.9468,0.971
幸福村1社,39,2026-02-09,18:00,0.9572,0.789
幸福村1社,39,2026-02-09,18:15,0.9654,0.955
幸福村1社,39,2026-02-09,18:30,0.9734,0.976
幸福村1社,39,2026-02-09,18:45,0.9596,0.996
幸福村1社,39,2026-02-09,19:00,0.9437,0.874
幸福村1社,39,2026-02-09,19:15,0.9545,0.981
幸福村1社,39,2026-02-09,19:30,0.9412,0.981
幸福村1社,39,2026-02-09,19:45,0.9573,0.999
幸福村1社,39,2026-02-09,20:00,0.9494,0.99
幸福村1社,39,2026-02-09,20:15,0.944,0.975
幸福村1社,39,2026-02-09,20:30,0.933,0.991
幸福村1社,39,2026-02-09,20:45,0.9423,0.882
幸福村1社,39,2026-02-09,21:00,0.9441,0.999
幸福村1社,39,2026-02-09,21:15,0.9148,0.931
幸福村1社,39,2026-02-09,21:30,0.9214,0.977
幸福村1社,39,2026-02-09,21:45,0.9233,0.987
幸福村1社,39,2026-02-09,22:00,0.9102,0.975
幸福村1社,39,2026-02-09,22:15,0.9075,0.851
幸福村1社,39,2026-02-09,22:30,0.8926,0.902
幸福村1社,39,2026-02-09,22:45,0.8883,0.899
幸福村1社,39,2026-02-09,23:00,0.8718,0.937
幸福村1社,39,2026-02-09,23:15,0.8355,0.802
幸福村1社,39,2026-02-09,23:30,0.8542,0.865
幸福村1社,39,2026-02-09,23:45,0.8227,0.738
甘伍村3社,40,2026-04-17,00:00,1.0054,1.0
甘伍村3社,40,2026-04-17,00:15,1.0032,1.0
甘伍村3社,40,2026-04-17,00:30,1.0035,1.0
甘伍村3社,40,2026-04-17,00:45,1.0045,1.0
甘伍村3社,40,2026-04-17,01:00,1.003,1.0
甘伍村3社,40,2026-04-17,01:15,1.0042,1.0
甘伍村3社,40,2026-04-17,01:30,0.9995,1.0
甘伍村3社,40,2026-04-17,01:45,1.0013,1.0
甘伍村3社,40,2026-04-17,02:00,1.0017,1.0
甘伍村3社,40,2026-04-17,02:15,1.0032,1.0
甘伍村3社,40,2026-04-17,02:30,0.9975,1.0
甘伍村3社,40,2026-04-17,02:45,1.0046,1.0
甘伍村3社,40,2026-04-17,03:00,1.0044,1.0
甘伍村3社,40,2026-04-17,03:15,1.0008,1.0
甘伍村3社,40,2026-04-17,03:30,0.992,1.0
甘伍村3社,40,2026-04-17,03:45,1.002,1.0
甘伍村3社,40,2026-04-17,04:00,0.9973,1.0
甘伍村3社,40,2026-04-17,04:15,0.9985,1.0
甘伍村3社,40,2026-04-17,04:30,0.9937,1.0
甘伍村3社,40,2026-04-17,04:45,0.9956,1.0
甘伍村3社,40,2026-04-17,05:00,0.9936,1.0
甘伍村3社,40,2026-04-17,05:15,0.9975,1.0
甘伍村3社,40,2026-04-17,05:30,0.9963,1.0
甘伍村3社,40,2026-04-17,05:45,0.9982,1.0
甘伍村3社,40,2026-04-17,06:00,0.9959,1.0
甘伍村3社,40,2026-04-17,06:15,0.9892,1.0
甘伍村3社,40,2026-04-17,06:30,0.9939,0.915
甘伍村3社,40,2026-04-17,06:45,0.9936,0.916
甘伍村3社,40,2026-04-17,07:00,0.9958,0.91
甘伍村3社,40,2026-04-17,07:15,0.9955,0.9
甘伍村3社,40,2026-04-17,07:30,0.9951,1.0
甘伍村3社,40,2026-04-17,07:45,0.9988,1.0
甘伍村3社,40,2026-04-17,08:00,0.998,1.0
甘伍村3社,40,2026-04-17,08:15,0.9963,1.0
甘伍村3社,40,2026-04-17,08:30,1.0029,1.0
甘伍村3社,40,2026-04-17,08:45,0.9932,1.0
甘伍村3社,40,2026-04-17,09:00,0.9994,1.0
甘伍村3社,40,2026-04-17,09:15,1.0021,1.0
甘伍村3社,40,2026-04-17,09:30,1.0061,1.0
甘伍村3社,40,2026-04-17,09:45,1.0001,1.0
甘伍村3社,40,2026-04-17,10:00,1.008,1.0
甘伍村3社,40,2026-04-17,10:15,1.0056,1.0
甘伍村3社,40,2026-04-17,10:30,1.0035,1.0
甘伍村3社,40,2026-04-17,10:45,1.0046,1.0
甘伍村3社,40,2026-04-17,11:00,1.0076,1.0
甘伍村3社,40,2026-04-17,11:15,1.0026,1.0
甘伍村3社,40,2026-04-17,11:30,1.004,1.0
甘伍村3社,40,2026-04-17,11:45,1.0027,1.0
甘伍村3社,40,2026-04-17,12:00,0.9984,1.0
甘伍村3社,40,2026-04-17,12:15,0.9979,1.0
甘伍村3社,40,2026-04-17,12:30,1.0019,1.0
甘伍村3社,40,2026-04-17,12:45,0.9981,1.0
甘伍村3社,40,2026-04-17,13:00,0.9986,1.0
甘伍村3社,40,2026-04-17,13:15,0.9964,1.0
甘伍村3社,40,2026-04-17,13:30,0.9995,1.0
甘伍村3社,40,2026-04-17,13:45,1.006,1.0
甘伍村3社,40,2026-04-17,14:00,0.9964,1.0
甘伍村3社,40,2026-04-17,14:15,1.0012,1.0
甘伍村3社,40,2026-04-17,14:30,0.9954,1.0
甘伍村3社,40,2026-04-17,14:45,1.0019,1.0
甘伍村3社,40,2026-04-17,15:00,1.0008,1.0
甘伍村3社,40,2026-04-17,15:15,1.0043,1.0
甘伍村3社,40,2026-04-17,15:30,1.004,1.0
甘伍村3社,40,2026-04-17,15:45,0.997,1.0
甘伍村3社,40,2026-04-17,16:00,1.0043,1.0
甘伍村3社,40,2026-04-17,16:15,0.9998,1.0
甘伍村3社,40,2026-04-17,16:30,0.9988,1.0
甘伍村3社,40,2026-04-17,16:45,0.9979,1.0
甘伍村3社,40,2026-04-17,17:00,1.0043,0.91
甘伍村3社,40,2026-04-17,17:15,0.9964,0.91
甘伍村3社,40,2026-04-17,17:30,1.0016,0.92
甘伍村3社,40,2026-04-17,17:45,0.9973,1.0
甘伍村3社,40,2026-04-17,18:00,0.9916,1.0
甘伍村3社,40,2026-04-17,18:15,1.0001,1.0
甘伍村3社,40,2026-04-17,18:30,0.9972,1.0
甘伍村3社,40,2026-04-17,18:45,1.0017,1.0
甘伍村3社,40,2026-04-17,19:00,1.002,1.0
甘伍村3社,40,2026-04-17,19:15,1.0011,1.0
甘伍村3社,40,2026-04-17,19:30,0.994,1.0
甘伍村3社,40,2026-04-17,19:45,0.992,1.0
甘伍村3社,40,2026-04-17,20:00,0.9841,1.0
甘伍村3社,40,2026-04-17,20:15,0.9917,1.0
甘伍村3社,40,2026-04-17,20:30,0.9921,1.0
甘伍村3社,40,2026-04-17,20:45,0.9981,1.0
甘伍村3社,40,2026-04-17,21:00,1.0008,1.0
甘伍村3社,40,2026-04-17,21:15,0.9991,1.0
甘伍村3社,40,2026-04-17,21:30,0.9979,1.0
甘伍村3社,40,2026-04-17,21:45,0.997,1.0
甘伍村3社,40,2026-04-17,22:00,0.9954,1.0
甘伍村3社,40,2026-04-17,22:15,1.0013,1.0
甘伍村3社,40,2026-04-17,22:30,0.9999,1.0
甘伍村3社,40,2026-04-17,22:45,0.9975,1.0
甘伍村3社,40,2026-04-17,23:00,1.0019,1.0
甘伍村3社,40,2026-04-17,23:15,0.9987,1.0
甘伍村3社,40,2026-04-17,23:30,1.0025,1.0
甘伍村3社,40,2026-04-17,23:45,1.0015,1.0
甘伍村3社,40,2026-04-18,00:00,0.9991,1.0
甘伍村3社,40,2026-04-18,00:15,1.0012,1.0
甘伍村3社,40,2026-04-18,00:30,1.0012,1.0
甘伍村3社,40,2026-04-18,00:45,0.9975,1.0
甘伍村3社,40,2026-04-18,01:00,0.9969,1.0
甘伍村3社,40,2026-04-18,01:15,1.0042,1.0
甘伍村3社,40,2026-04-18,01:30,1.0028,1.0
甘伍村3社,40,2026-04-18,01:45,1.0036,1.0
甘伍村3社,40,2026-04-18,02:00,0.9986,1.0
甘伍村3社,40,2026-04-18,02:15,0.9995,1.0
甘伍村3社,40,2026-04-18,02:30,0.9996,1.0
甘伍村3社,40,2026-04-18,02:45,1.0018,1.0
甘伍村3社,40,2026-04-18,03:00,0.9991,1.0
甘伍村3社,40,2026-04-18,03:15,1.0002,1.0
甘伍村3社,40,2026-04-18,03:30,1.0029,1.0
甘伍村3社,40,2026-04-18,03:45,1.0055,1.0
甘伍村3社,40,2026-04-18,04:00,0.9981,1.0
甘伍村3社,40,2026-04-18,04:15,0.9942,1.0
甘伍村3社,40,2026-04-18,04:30,0.9988,1.0
甘伍村3社,40,2026-04-18,04:45,0.9946,1.0
甘伍村3社,40,2026-04-18,05:00,0.9963,1.0
甘伍村3社,40,2026-04-18,05:15,0.9908,1.0
甘伍村3社,40,2026-04-18,05:30,0.9987,1.0
甘伍村3社,40,2026-04-18,05:45,0.9922,1.0
甘伍村3社,40,2026-04-18,06:00,0.9914,1.0
甘伍村3社,40,2026-04-18,06:15,0.9914,1.0
甘伍村3社,40,2026-04-18,06:30,0.9882,1.0
甘伍村3社,40,2026-04-18,06:45,0.9893,1.0
甘伍村3社,40,2026-04-18,07:00,0.99,1.0
甘伍村3社,40,2026-04-18,07:15,0.9945,1.0
甘伍村3社,40,2026-04-18,07:30,0.9945,1.0
甘伍村3社,40,2026-04-18,07:45,0.9984,1.0
甘伍村3社,40,2026-04-18,08:00,0.9931,1.0
甘伍村3社,40,2026-04-18,08:15,0.9945,1.0
甘伍村3社,40,2026-04-18,08:30,1.0,1.0
甘伍村3社,40,2026-04-18,08:45,0.9971,1.0
甘伍村3社,40,2026-04-18,09:00,1.0013,1.0
甘伍村3社,40,2026-04-18,09:15,1.0017,1.0
甘伍村3社,40,2026-04-18,09:30,1.0041,1.0
甘伍村3社,40,2026-04-18,09:45,0.9997,1.0
甘伍村3社,40,2026-04-18,10:00,1.001,1.0
甘伍村3社,40,2026-04-18,10:15,1.0041,1.0
甘伍村3社,40,2026-04-18,10:30,1.0003,1.0
甘伍村3社,40,2026-04-18,10:45,0.9996,1.0
甘伍村3社,40,2026-04-18,11:00,1.0028,1.0
甘伍村3社,40,2026-04-18,11:15,0.9982,1.0
甘伍村3社,40,2026-04-18,11:30,1.0018,1.0
甘伍村3社,40,2026-04-18,11:45,1.0016,1.0
甘伍村3社,40,2026-04-18,12:00,0.9978,1.0
甘伍村3社,40,2026-04-18,12:15,1.004,1.0
甘伍村3社,40,2026-04-18,12:30,1.0005,1.0
甘伍村3社,40,2026-04-18,12:45,0.9985,1.0
甘伍村3社,40,2026-04-18,13:00,0.9944,1.0
甘伍村3社,40,2026-04-18,13:15,1.0029,1.0
甘伍村3社,40,2026-04-18,13:30,0.9981,1.0
甘伍村3社,40,2026-04-18,13:45,0.9977,1.0
甘伍村3社,40,2026-04-18,14:00,0.9993,1.0
甘伍村3社,40,2026-04-18,14:15,1.0003,1.0
甘伍村3社,40,2026-04-18,14:30,0.9936,1.0
甘伍村3社,40,2026-04-18,14:45,1.0043,1.0
甘伍村3社,40,2026-04-18,15:00,1.0044,1.0
甘伍村3社,40,2026-04-18,15:15,1.0024,1.0
甘伍村3社,40,2026-04-18,15:30,1.0032,1.0
甘伍村3社,40,2026-04-18,15:45,1.0012,1.0
甘伍村3社,40,2026-04-18,16:00,0.999,1.0
甘伍村3社,40,2026-04-18,16:15,1.0052,1.0
甘伍村3社,40,2026-04-18,16:30,0.9965,1.0
甘伍村3社,40,2026-04-18,16:45,0.9937,1.0
甘伍村3社,40,2026-04-18,17:00,0.9977,1.0
甘伍村3社,40,2026-04-18,17:15,0.9917,0.9
甘伍村3社,40,2026-04-18,17:30,1.0041,0.9
甘伍村3社,40,2026-04-18,17:45,0.9967,1.0
甘伍村3社,40,2026-04-18,18:00,0.9939,1.0
甘伍村3社,40,2026-04-18,18:15,0.9985,1.0
甘伍村3社,40,2026-04-18,18:30,0.9962,1.0
甘伍村3社,40,2026-04-18,18:45,0.9994,1.0
甘伍村3社,40,2026-04-18,19:00,0.9968,1.0
甘伍村3社,40,2026-04-18,19:15,0.9943,1.0
甘伍村3社,40,2026-04-18,19:30,1.003,1.0
甘伍村3社,40,2026-04-18,19:45,0.9888,1.0
甘伍村3社,40,2026-04-18,20:00,0.9831,0.868
甘伍村3社,40,2026-04-18,20:15,0.9932,1.0
甘伍村3社,40,2026-04-18,20:30,0.995,1.0
甘伍村3社,40,2026-04-18,20:45,0.9962,1.0
甘伍村3社,40,2026-04-18,21:00,0.9979,1.0
甘伍村3社,40,2026-04-18,21:15,0.9987,1.0
甘伍村3社,40,2026-04-18,21:30,0.9959,1.0
甘伍村3社,40,2026-04-18,21:45,0.9949,1.0
甘伍村3社,40,2026-04-18,22:00,0.9964,1.0
甘伍村3社,40,2026-04-18,22:15,0.9983,1.0
甘伍村3社,40,2026-04-18,22:30,1.0016,1.0
甘伍村3社,40,2026-04-18,22:45,0.9973,0.911
甘伍村3社,40,2026-04-18,23:00,1.0024,0.914
甘伍村3社,40,2026-04-18,23:15,0.9981,0.912
甘伍村3社,40,2026-04-18,23:30,0.9993,0.918
甘伍村3社,40,2026-04-18,23:45,0.9984,0.908
甘伍村3社,40,2026-04-19,00:00,0.9979,1.0
甘伍村3社,40,2026-04-19,00:15,0.9977,1.0
甘伍村3社,40,2026-04-19,00:30,0.9996,1.0
甘伍村3社,40,2026-04-19,00:45,0.999,1.0
甘伍村3社,40,2026-04-19,01:00,1.0021,1.0
甘伍村3社,40,2026-04-19,01:15,0.994,1.0
甘伍村3社,40,2026-04-19,01:30,0.9979,1.0
甘伍村3社,40,2026-04-19,01:45,0.9929,1.0
甘伍村3社,40,2026-04-19,02:00,1.0022,1.0
甘伍村3社,40,2026-04-19,02:15,0.9943,1.0
甘伍村3社,40,2026-04-19,02:30,0.9974,1.0
甘伍村3社,40,2026-04-19,02:45,0.9995,1.0
甘伍村3社,40,2026-04-19,03:00,1.0003,1.0
甘伍村3社,40,2026-04-19,03:15,1.001,1.0
甘伍村3社,40,2026-04-19,03:30,1.0023,1.0
甘伍村3社,40,2026-04-19,03:45,1.001,1.0
甘伍村3社,40,2026-04-19,04:00,0.9959,1.0
甘伍村3社,40,2026-04-19,04:15,0.9913,1.0
甘伍村3社,40,2026-04-19,04:30,0.9965,1.0
甘伍村3社,40,2026-04-19,04:45,0.9947,1.0
甘伍村3社,40,2026-04-19,05:00,0.9953,1.0
甘伍村3社,40,2026-04-19,05:15,0.9966,1.0
甘伍村3社,40,2026-04-19,05:30,0.9967,1.0
甘伍村3社,40,2026-04-19,05:45,0.9943,1.0
甘伍村3社,40,2026-04-19,06:00,0.9945,1.0
甘伍村3社,40,2026-04-19,06:15,0.9927,1.0
甘伍村3社,40,2026-04-19,06:30,0.9883,1.0
甘伍村3社,40,2026-04-19,06:45,0.9875,1.0
甘伍村3社,40,2026-04-19,07:00,0.9914,1.0
甘伍村3社,40,2026-04-19,07:15,0.9945,1.0
甘伍村3社,40,2026-04-19,07:30,0.9965,1.0
甘伍村3社,40,2026-04-19,07:45,0.9967,1.0
甘伍村3社,40,2026-04-19,08:00,0.9948,1.0
甘伍村3社,40,2026-04-19,08:15,0.9961,1.0
甘伍村3社,40,2026-04-19,08:30,0.9975,1.0
甘伍村3社,40,2026-04-19,08:45,0.9952,1.0
甘伍村3社,40,2026-04-19,09:00,1.0004,1.0
甘伍村3社,40,2026-04-19,09:15,1.0004,1.0
甘伍村3社,40,2026-04-19,09:30,0.9978,1.0
甘伍村3社,40,2026-04-19,09:45,0.9998,1.0
甘伍村3社,40,2026-04-19,10:00,0.9997,1.0
甘伍村3社,40,2026-04-19,10:15,1.0032,1.0
甘伍村3社,40,2026-04-19,10:30,1.0021,1.0
甘伍村3社,40,2026-04-19,10:45,0.9976,1.0
甘伍村3社,40,2026-04-19,11:00,1.0073,1.0
甘伍村3社,40,2026-04-19,11:15,1.0009,1.0
甘伍村3社,40,2026-04-19,11:30,0.9947,1.0
甘伍村3社,40,2026-04-19,11:45,0.9968,1.0
甘伍村3社,40,2026-04-19,12:00,0.9994,1.0
甘伍村3社,40,2026-04-19,12:15,1.0024,1.0
甘伍村3社,40,2026-04-19,12:30,0.9969,1.0
甘伍村3社,40,2026-04-19,12:45,0.9999,1.0
甘伍村3社,40,2026-04-19,13:00,0.9971,1.0
甘伍村3社,40,2026-04-19,13:15,1.002,1.0
甘伍村3社,40,2026-04-19,13:30,0.9997,1.0
甘伍村3社,40,2026-04-19,13:45,1.0022,1.0
甘伍村3社,40,2026-04-19,14:00,0.9988,1.0
甘伍村3社,40,2026-04-19,14:15,0.9998,1.0
甘伍村3社,40,2026-04-19,14:30,0.9959,1.0
甘伍村3社,40,2026-04-19,14:45,1.0005,1.0
甘伍村3社,40,2026-04-19,15:00,1.0043,1.0
甘伍村3社,40,2026-04-19,15:15,0.9977,1.0
甘伍村3社,40,2026-04-19,15:30,1.0006,1.0
甘伍村3社,40,2026-04-19,15:45,1.0026,1.0
甘伍村3社,40,2026-04-19,16:00,0.9987,1.0
甘伍村3社,40,2026-04-19,16:15,1.002,1.0
甘伍村3社,40,2026-04-19,16:30,0.9961,1.0
甘伍村3社,40,2026-04-19,16:45,0.9933,1.0
甘伍村3社,40,2026-04-19,17:00,0.9983,1.0
甘伍村3社,40,2026-04-19,17:15,0.9983,1.0
甘伍村3社,40,2026-04-19,17:30,1.0031,0.899
甘伍村3社,40,2026-04-19,17:45,0.9983,0.909
甘伍村3社,40,2026-04-19,18:00,1.0002,0.909
甘伍村3社,40,2026-04-19,18:15,0.9996,1.0
甘伍村3社,40,2026-04-19,18:30,0.9948,1.0
甘伍村3社,40,2026-04-19,18:45,0.9979,1.0
甘伍村3社,40,2026-04-19,19:00,1.0048,1.0
甘伍村3社,40,2026-04-19,19:15,0.9965,1.0
甘伍村3社,40,2026-04-19,19:30,0.9941,1.0
甘伍村3社,40,2026-04-19,19:45,0.9889,1.0
甘伍村3社,40,2026-04-19,20:00,0.9847,1.0
甘伍村3社,40,2026-04-19,20:15,0.9902,1.0
甘伍村3社,40,2026-04-19,20:30,0.992,1.0
甘伍村3社,40,2026-04-19,20:45,1.0007,1.0
甘伍村3社,40,2026-04-19,21:00,1.0002,1.0
甘伍村3社,40,2026-04-19,21:15,0.9999,1.0
甘伍村3社,40,2026-04-19,21:30,1.0016,1.0
甘伍村3社,40,2026-04-19,21:45,0.9953,1.0
甘伍村3社,40,2026-04-19,22:00,1.0006,1.0
甘伍村3社,40,2026-04-19,22:15,1.0026,1.0
甘伍村3社,40,2026-04-19,22:30,0.9999,1.0
甘伍村3社,40,2026-04-19,22:45,0.9962,1.0
甘伍村3社,40,2026-04-19,23:00,1.001,1.0
甘伍村3社,40,2026-04-19,23:15,1.0001,1.0
甘伍村3社,40,2026-04-19,23:30,0.9983,1.0
甘伍村3社,40,2026-04-19,23:45,0.9967,1.0
幸福村4社,41,2026-01-26,00:00,0.9948,1.0
幸福村4社,41,2026-01-26,00:15,0.9974,1.0
幸福村4社,41,2026-01-26,00:30,0.9959,1.0
幸福村4社,41,2026-01-26,00:45,0.9975,0.999
幸福村4社,41,2026-01-26,01:00,0.9974,0.999
幸福村4社,41,2026-01-26,01:15,0.9961,0.999
幸福村4社,41,2026-01-26,01:30,0.9978,0.999
幸福村4社,41,2026-01-26,01:45,0.9974,0.999
幸福村4社,41,2026-01-26,02:00,0.9971,0.999
幸福村4社,41,2026-01-26,02:15,0.9961,0.999
幸福村4社,41,2026-01-26,02:30,0.9988,0.999
幸福村4社,41,2026-01-26,02:45,0.9964,0.999
幸福村4社,41,2026-01-26,03:00,0.998,0.999
幸福村4社,41,2026-01-26,03:15,0.999,0.999
幸福村4社,41,2026-01-26,03:30,1.0009,0.999
幸福村4社,41,2026-01-26,03:45,0.9973,0.999
幸福村4社,41,2026-01-26,04:00,0.9986,0.999
幸福村4社,41,2026-01-26,04:15,0.9969,0.999
幸福村4社,41,2026-01-26,04:30,0.9998,0.999
幸福村4社,41,2026-01-26,04:45,0.9984,0.999
幸福村4社,41,2026-01-26,05:00,0.9993,1.0
幸福村4社,41,2026-01-26,05:15,0.9967,0.999
幸福村4社,41,2026-01-26,05:30,0.997,0.999
幸福村4社,41,2026-01-26,05:45,0.9983,0.999
幸福村4社,41,2026-01-26,06:00,0.9982,0.999
幸福村4社,41,2026-01-26,06:15,0.9991,0.999
幸福村4社,41,2026-01-26,06:30,0.9977,0.999
幸福村4社,41,2026-01-26,06:45,0.9973,0.999
幸福村4社,41,2026-01-26,07:00,0.9975,0.999
幸福村4社,41,2026-01-26,07:15,0.9973,1.0
幸福村4社,41,2026-01-26,07:30,0.9981,0.999
幸福村4社,41,2026-01-26,07:45,0.9963,1.0
幸福村4社,41,2026-01-26,08:00,0.9977,1.0
幸福村4社,41,2026-01-26,08:15,1.0006,1.0
幸福村4社,41,2026-01-26,08:30,0.9969,1.0
幸福村4社,41,2026-01-26,08:45,1.0014,1.0
幸福村4社,41,2026-01-26,09:00,0.9995,1.0
幸福村4社,41,2026-01-26,09:15,1.0,1.0
幸福村4社,41,2026-01-26,09:30,0.9994,1.0
幸福村4社,41,2026-01-26,09:45,0.9997,1.0
幸福村4社,41,2026-01-26,10:00,0.9971,1.0
幸福村4社,41,2026-01-26,10:15,0.9977,0.999
幸福村4社,41,2026-01-26,10:30,1.0007,1.0
幸福村4社,41,2026-01-26,10:45,0.9994,1.0
幸福村4社,41,2026-01-26,11:00,0.9983,1.0
幸福村4社,41,2026-01-26,11:15,1.0011,1.0
幸福村4社,41,2026-01-26,11:30,1.0012,1.0
幸福村4社,41,2026-01-26,11:45,0.9984,0.999
幸福村4社,41,2026-01-26,12:00,1.0004,0.999
幸福村4社,41,2026-01-26,12:15,1.0,0.999
幸福村4社,41,2026-01-26,12:30,0.9988,0.999
幸福村4社,41,2026-01-26,12:45,0.9999,1.0
幸福村4社,41,2026-01-26,13:00,0.999,1.0
幸福村4社,41,2026-01-26,13:15,0.9997,0.999
幸福村4社,41,2026-01-26,13:30,1.0013,1.0
幸福村4社,41,2026-01-26,13:45,0.9975,0.999
幸福村4社,41,2026-01-26,14:00,0.9993,1.0
幸福村4社,41,2026-01-26,14:15,0.9974,0.999
幸福村4社,41,2026-01-26,14:30,0.9999,0.999
幸福村4社,41,2026-01-26,14:45,0.999,0.999
幸福村4社,41,2026-01-26,15:00,0.9992,0.999
幸福村4社,41,2026-01-26,15:15,1.0001,1.0
幸福村4社,41,2026-01-26,15:30,1.0013,0.999
幸福村4社,41,2026-01-26,15:45,1.003,1.0
幸福村4社,41,2026-01-26,16:00,0.9993,1.0
幸福村4社,41,2026-01-26,16:15,1.0022,1.0
幸福村4社,41,2026-01-26,16:30,0.9995,1.0
幸福村4社,41,2026-01-26,16:45,0.9974,1.0
幸福村4社,41,2026-01-26,17:00,0.9975,1.0
幸福村4社,41,2026-01-26,17:15,0.9987,1.0
幸福村4社,41,2026-01-26,17:30,0.9978,1.0
幸福村4社,41,2026-01-26,17:45,0.9978,0.999
幸福村4社,41,2026-01-26,18:00,1.0019,0.999
幸福村4社,41,2026-01-26,18:15,0.9979,1.0
幸福村4社,41,2026-01-26,18:30,0.9966,1.0
幸福村4社,41,2026-01-26,18:45,0.9962,1.0
幸福村4社,41,2026-01-26,19:00,0.9973,0.98
幸福村4社,41,2026-01-26,19:15,0.9949,0.979
幸福村4社,41,2026-01-26,19:30,0.9957,0.981
幸福村4社,41,2026-01-26,19:45,0.9926,0.981
幸福村4社,41,2026-01-26,20:00,0.9932,0.981
幸福村4社,41,2026-01-26,20:15,0.994,0.982
幸福村4社,41,2026-01-26,20:30,0.9936,0.993
幸福村4社,41,2026-01-26,20:45,0.9933,0.993
幸福村4社,41,2026-01-26,21:00,0.9943,0.994
幸福村4社,41,2026-01-26,21:15,0.9951,0.993
幸福村4社,41,2026-01-26,21:30,0.9938,0.993
幸福村4社,41,2026-01-26,21:45,0.9938,0.994
幸福村4社,41,2026-01-26,22:00,0.9954,0.993
幸福村4社,41,2026-01-26,22:15,0.9929,0.988
幸福村4社,41,2026-01-26,22:30,0.9951,0.988
幸福村4社,41,2026-01-26,22:45,0.9967,0.988
幸福村4社,41,2026-01-26,23:00,0.9946,0.988
幸福村4社,41,2026-01-26,23:15,0.9975,0.988
幸福村4社,41,2026-01-26,23:30,0.9944,0.988
幸福村4社,41,2026-01-26,23:45,0.9959,0.988
幸福村4社,41,2026-01-27,00:00,0.997,0.988
幸福村4社,41,2026-01-27,00:15,0.9967,0.988
幸福村4社,41,2026-01-27,00:30,0.9988,0.988
幸福村4社,41,2026-01-27,00:45,1.0001,0.988
幸福村4社,41,2026-01-27,01:00,0.9978,0.986
幸福村4社,41,2026-01-27,01:15,0.9975,0.988
幸福村4社,41,2026-01-27,01:30,0.9965,0.989
幸福村4社,41,2026-01-27,01:45,0.9975,0.987
幸福村4社,41,2026-01-27,02:00,0.9983,0.989
幸福村4社,41,2026-01-27,02:15,0.9982,0.989
幸福村4社,41,2026-01-27,02:30,0.9986,0.989
幸福村4社,41,2026-01-27,02:45,0.9964,0.988
幸福村4社,41,2026-01-27,03:00,0.9979,0.988
幸福村4社,41,2026-01-27,03:15,0.9968,0.988
幸福村4社,41,2026-01-27,03:30,0.9963,0.989
幸福村4社,41,2026-01-27,03:45,0.9943,0.988
幸福村4社,41,2026-01-27,04:00,0.997,0.989
幸福村4社,41,2026-01-27,04:15,0.9973,0.989
幸福村4社,41,2026-01-27,04:30,0.9984,0.989
幸福村4社,41,2026-01-27,04:45,0.9981,0.989
幸福村4社,41,2026-01-27,05:00,0.9974,0.988
幸福村4社,41,2026-01-27,05:15,0.9988,0.988
幸福村4社,41,2026-01-27,05:30,0.9965,0.988
幸福村4社,41,2026-01-27,05:45,0.999,0.989
幸福村4社,41,2026-01-27,06:00,0.9994,0.988
幸福村4社,41,2026-01-27,06:15,0.9977,0.989
幸福村4社,41,2026-01-27,06:30,0.9961,0.989
幸福村4社,41,2026-01-27,06:45,0.9969,0.988
幸福村4社,41,2026-01-27,07:00,0.9966,0.989
幸福村4社,41,2026-01-27,07:15,0.9967,0.989
幸福村4社,41,2026-01-27,07:30,0.9977,0.989
幸福村4社,41,2026-01-27,07:45,0.9969,0.989
幸福村4社,41,2026-01-27,08:00,0.9993,0.989
幸福村4社,41,2026-01-27,08:15,1.0021,0.989
幸福村4社,41,2026-01-27,08:30,0.9992,1.0
幸福村4社,41,2026-01-27,08:45,0.9985,1.0
幸福村4社,41,2026-01-27,09:00,0.9977,1.0
幸福村4社,41,2026-01-27,09:15,0.9987,1.0
幸福村4社,41,2026-01-27,09:30,1.0007,1.0
幸福村4社,41,2026-01-27,09:45,1.0014,1.0
幸福村4社,41,2026-01-27,10:00,0.9991,0.999
幸福村4社,41,2026-01-27,10:15,0.9984,0.999
幸福村4社,41,2026-01-27,10:30,0.9999,1.0
幸福村4社,41,2026-01-27,10:45,1.001,1.0
幸福村4社,41,2026-01-27,11:00,0.9997,1.0
幸福村4社,41,2026-01-27,11:15,1.0008,1.0
幸福村4社,41,2026-01-27,11:30,0.9994,0.999
幸福村4社,41,2026-01-27,11:45,0.9999,0.999
幸福村4社,41,2026-01-27,12:00,1.0001,0.999
幸福村4社,41,2026-01-27,12:15,0.9991,1.0
幸福村4社,41,2026-01-27,12:30,0.9997,0.999
幸福村4社,41,2026-01-27,12:45,1.0001,1.0
幸福村4社,41,2026-01-27,13:00,1.0001,1.0
幸福村4社,41,2026-01-27,13:15,0.9994,1.0
幸福村4社,41,2026-01-27,13:30,0.9995,1.0
幸福村4社,41,2026-01-27,13:45,1.0007,0.999
幸福村4社,41,2026-01-27,14:00,0.9981,0.999
幸福村4社,41,2026-01-27,14:15,0.9981,1.0
幸福村4社,41,2026-01-27,14:30,1.001,1.0
幸福村4社,41,2026-01-27,14:45,0.9988,1.0
幸福村4社,41,2026-01-27,15:00,0.9975,1.0
幸福村4社,41,2026-01-27,15:15,0.9985,1.0
幸福村4社,41,2026-01-27,15:30,1.0,1.0
幸福村4社,41,2026-01-27,15:45,1.0006,1.0
幸福村4社,41,2026-01-27,16:00,1.0021,0.999
幸福村4社,41,2026-01-27,16:15,1.0,1.0
幸福村4社,41,2026-01-27,16:30,0.9993,1.0
幸福村4社,41,2026-01-27,16:45,0.9994,1.0
幸福村4社,41,2026-01-27,17:00,0.9995,0.998
幸福村4社,41,2026-01-27,17:15,1.0006,0.998
幸福村4社,41,2026-01-27,17:30,0.9976,1.0
幸福村4社,41,2026-01-27,17:45,0.9992,1.0
幸福村4社,41,2026-01-27,18:00,1.0013,1.0
幸福村4社,41,2026-01-27,18:15,0.9998,1.0
幸福村4社,41,2026-01-27,18:30,0.9996,1.0
幸福村4社,41,2026-01-27,18:45,0.9988,0.998
幸福村4社,41,2026-01-27,19:00,0.9977,0.998
幸福村4社,41,2026-01-27,19:15,0.9961,0.989
幸福村4社,41,2026-01-27,19:30,0.9939,0.992
幸福村4社,41,2026-01-27,19:45,0.9943,0.992
幸福村4社,41,2026-01-27,20:00,0.9941,0.993
幸福村4社,41,2026-01-27,20:15,0.9937,0.994
幸福村4社,41,2026-01-27,20:30,0.9929,0.994
幸福村4社,41,2026-01-27,20:45,0.9945,0.99
幸福村4社,41,2026-01-27,21:00,0.9941,0.99
幸福村4社,41,2026-01-27,21:15,0.9958,0.991
幸福村4社,41,2026-01-27,21:30,0.9953,0.99
幸福村4社,41,2026-01-27,21:45,0.9954,0.991
幸福村4社,41,2026-01-27,22:00,0.9931,0.99
幸福村4社,41,2026-01-27,22:15,0.9932,0.99
幸福村4社,41,2026-01-27,22:30,0.9928,0.988
幸福村4社,41,2026-01-27,22:45,0.9956,0.988
幸福村4社,41,2026-01-27,23:00,0.9944,0.989
幸福村4社,41,2026-01-27,23:15,0.9964,0.988
幸福村4社,41,2026-01-27,23:30,0.9963,0.988
幸福村4社,41,2026-01-27,23:45,0.9973,0.988
幸福村4社,41,2026-01-28,00:00,0.9953,0.989
幸福村4社,41,2026-01-28,00:15,0.9973,0.989
幸福村4社,41,2026-01-28,00:30,0.9958,0.99
幸福村4社,41,2026-01-28,00:45,0.9952,0.989
幸福村4社,41,2026-01-28,01:00,0.9954,0.987
幸福村4社,41,2026-01-28,01:15,0.9992,0.989
幸福村4社,41,2026-01-28,01:30,0.9976,0.989
幸福村4社,41,2026-01-28,01:45,0.9996,0.989
幸福村4社,41,2026-01-28,02:00,0.9962,0.988
幸福村4社,41,2026-01-28,02:15,1.0003,0.989
幸福村4社,41,2026-01-28,02:30,0.9989,0.989
幸福村4社,41,2026-01-28,02:45,0.9968,0.989
幸福村4社,41,2026-01-28,03:00,0.9981,0.989
幸福村4社,41,2026-01-28,03:15,0.9977,0.99
幸福村4社,41,2026-01-28,03:30,0.9954,0.989
幸福村4社,41,2026-01-28,03:45,0.9956,0.988
幸福村4社,41,2026-01-28,04:00,0.9985,0.989
幸福村4社,41,2026-01-28,04:15,0.9977,0.989
幸福村4社,41,2026-01-28,04:30,0.9972,0.988
幸福村4社,41,2026-01-28,04:45,0.9978,0.988
幸福村4社,41,2026-01-28,05:00,0.996,0.988
幸福村4社,41,2026-01-28,05:15,0.998,0.989
幸福村4社,41,2026-01-28,05:30,0.9961,0.989
幸福村4社,41,2026-01-28,05:45,0.999,0.989
幸福村4社,41,2026-01-28,06:00,0.9972,0.988
幸福村4社,41,2026-01-28,06:15,0.996,0.989
幸福村4社,41,2026-01-28,06:30,0.9975,0.989
幸福村4社,41,2026-01-28,06:45,0.9986,0.989
幸福村4社,41,2026-01-28,07:00,0.9966,0.989
幸福村4社,41,2026-01-28,07:15,0.9967,0.989
幸福村4社,41,2026-01-28,07:30,0.997,0.99
幸福村4社,41,2026-01-28,07:45,0.9981,0.989
幸福村4社,41,2026-01-28,08:00,0.9992,0.989
幸福村4社,41,2026-01-28,08:15,0.9995,0.987
幸福村4社,41,2026-01-28,08:30,0.9977,0.988
幸福村4社,41,2026-01-28,08:45,0.9989,0.988
幸福村4社,41,2026-01-28,09:00,0.9966,0.988
幸福村4社,41,2026-01-28,09:15,0.9972,1.0
幸福村4社,41,2026-01-28,09:30,1.0,1.0
幸福村4社,41,2026-01-28,09:45,0.999,1.0
幸福村4社,41,2026-01-28,10:00,1.0002,1.0
幸福村4社,41,2026-01-28,10:15,0.9983,1.0
幸福村4社,41,2026-01-28,10:30,0.9978,1.0
幸福村4社,41,2026-01-28,10:45,1.0005,1.0
幸福村4社,41,2026-01-28,11:00,0.9964,1.0
幸福村4社,41,2026-01-28,11:15,1.0009,1.0
幸福村4社,41,2026-01-28,11:30,1.002,1.0
幸福村4社,41,2026-01-28,11:45,1.0009,1.0
幸福村4社,41,2026-01-28,12:00,0.9988,1.0
幸福村4社,41,2026-01-28,12:15,0.9983,1.0
幸福村4社,41,2026-01-28,12:30,1.0001,1.0
幸福村4社,41,2026-01-28,12:45,1.0,1.0
幸福村4社,41,2026-01-28,13:00,0.9987,1.0
幸福村4社,41,2026-01-28,13:15,0.9997,1.0
幸福村4社,41,2026-01-28,13:30,1.0,1.0
幸福村4社,41,2026-01-28,13:45,0.9993,1.0
幸福村4社,41,2026-01-28,14:00,0.9977,1.0
幸福村4社,41,2026-01-28,14:15,0.997,1.0
幸福村4社,41,2026-01-28,14:30,0.998,1.0
幸福村4社,41,2026-01-28,14:45,0.9969,1.0
幸福村4社,41,2026-01-28,15:00,0.997,1.0
幸福村4社,41,2026-01-28,15:15,1.0025,1.0
幸福村4社,41,2026-01-28,15:30,1.0011,1.0
幸福村4社,41,2026-01-28,15:45,0.9988,1.0
幸福村4社,41,2026-01-28,16:00,1.0017,1.0
幸福村4社,41,2026-01-28,16:15,0.9991,1.0
幸福村4社,41,2026-01-28,16:30,0.9981,1.0
幸福村4社,41,2026-01-28,16:45,0.999,1.0
幸福村4社,41,2026-01-28,17:00,0.9989,1.0
幸福村4社,41,2026-01-28,17:15,0.9991,1.0
幸福村4社,41,2026-01-28,17:30,0.9962,1.0
幸福村4社,41,2026-01-28,17:45,0.9985,1.0
幸福村4社,41,2026-01-28,18:00,0.9975,1.0
幸福村4社,41,2026-01-28,18:15,0.9967,1.0
幸福村4社,41,2026-01-28,18:30,0.9981,1.0
幸福村4社,41,2026-01-28,18:45,0.9983,1.0
幸福村4社,41,2026-01-28,19:00,0.9948,1.0
幸福村4社,41,2026-01-28,19:15,0.9962,1.0
幸福村4社,41,2026-01-28,19:30,0.9939,0.995
幸福村4社,41,2026-01-28,19:45,0.9905,0.994
幸福村4社,41,2026-01-28,20:00,0.9907,0.994
幸福村4社,41,2026-01-28,20:15,0.9948,0.995
幸福村4社,41,2026-01-28,20:30,0.9948,0.993
幸福村4社,41,2026-01-28,20:45,0.9933,0.994
幸福村4社,41,2026-01-28,21:00,0.9939,0.995
幸福村4社,41,2026-01-28,21:15,0.9947,0.994
幸福村4社,41,2026-01-28,21:30,0.9935,0.995
幸福村4社,41,2026-01-28,21:45,0.9954,1.0
幸福村4社,41,2026-01-28,22:00,0.9931,1.0
幸福村4社,41,2026-01-28,22:15,0.9912,0.994
幸福村4社,41,2026-01-28,22:30,0.9934,1.0
幸福村4社,41,2026-01-28,22:45,0.9963,1.0
幸福村4社,41,2026-01-28,23:00,0.9962,1.0
幸福村4社,41,2026-01-28,23:15,0.996,1.0
幸福村4社,41,2026-01-28,23:30,0.9975,1.0
幸福村4社,41,2026-01-28,23:45,0.9975,1.0
甘伍村3社,42,2026-04-27,00:00,1.0011,1.0
甘伍村3社,42,2026-04-27,00:15,0.9977,1.0
甘伍村3社,42,2026-04-27,00:30,0.9991,1.0
甘伍村3社,42,2026-04-27,00:45,0.9969,1.0
甘伍村3社,42,2026-04-27,01:00,0.9966,1.0
甘伍村3社,42,2026-04-27,01:15,0.9998,1.0
甘伍村3社,42,2026-04-27,01:30,0.9942,1.0
甘伍村3社,42,2026-04-27,01:45,0.996,1.0
甘伍村3社,42,2026-04-27,02:00,0.9968,1.0
甘伍村3社,42,2026-04-27,02:15,0.9989,1.0
甘伍村3社,42,2026-04-27,02:30,0.9936,1.0
甘伍村3社,42,2026-04-27,02:45,1.0023,1.0
甘伍村3社,42,2026-04-27,03:00,0.9987,1.0
甘伍村3社,42,2026-04-27,03:15,0.997,1.0
甘伍村3社,42,2026-04-27,03:30,0.986,1.0
甘伍村3社,42,2026-04-27,03:45,0.9991,0.873
甘伍村3社,42,2026-04-27,04:00,0.994,1.0
甘伍村3社,42,2026-04-27,04:15,0.9957,1.0
甘伍村3社,42,2026-04-27,04:30,0.9892,1.0
甘伍村3社,42,2026-04-27,04:45,0.9916,1.0
甘伍村3社,42,2026-04-27,05:00,0.989,1.0
甘伍村3社,42,2026-04-27,05:15,0.9946,1.0
甘伍村3社,42,2026-04-27,05:30,0.992,1.0
甘伍村3社,42,2026-04-27,05:45,0.9928,1.0
甘伍村3社,42,2026-04-27,06:00,0.9921,1.0
甘伍村3社,42,2026-04-27,06:15,0.9851,1.0
甘伍村3社,42,2026-04-27,06:30,0.9891,1.0
甘伍村3社,42,2026-04-27,06:45,0.9914,1.0
甘伍村3社,42,2026-04-27,07:00,0.9943,1.0
甘伍村3社,42,2026-04-27,07:15,0.9924,1.0
甘伍村3社,42,2026-04-27,07:30,0.9929,1.0
甘伍村3社,42,2026-04-27,07:45,0.9953,1.0
甘伍村3社,42,2026-04-27,08:00,0.9964,1.0
甘伍村3社,42,2026-04-27,08:15,0.9952,1.0
甘伍村3社,42,2026-04-27,08:30,1.0001,1.0
甘伍村3社,42,2026-04-27,08:45,0.9911,1.0
甘伍村3社,42,2026-04-27,09:00,0.9981,1.0
甘伍村3社,42,2026-04-27,09:15,1.0005,1.0
甘伍村3社,42,2026-04-27,09:30,1.0035,1.0
甘伍村3社,42,2026-04-27,09:45,0.9978,1.0
甘伍村3社,42,2026-04-27,10:00,1.0049,1.0
甘伍村3社,42,2026-04-27,10:15,1.0042,1.0
甘伍村3社,42,2026-04-27,10:30,1.002,1.0
甘伍村3社,42,2026-04-27,10:45,1.0035,1.0
甘伍村3社,42,2026-04-27,11:00,1.0058,1.0
甘伍村3社,42,2026-04-27,11:15,1.0005,1.0
甘伍村3社,42,2026-04-27,11:30,1.0005,1.0
甘伍村3社,42,2026-04-27,11:45,1.0023,1.0
甘伍村3社,42,2026-04-27,12:00,0.9937,1.0
甘伍村3社,42,2026-04-27,12:15,0.996,1.0
甘伍村3社,42,2026-04-27,12:30,0.9982,1.0
甘伍村3社,42,2026-04-27,12:45,0.9955,1.0
甘伍村3社,42,2026-04-27,13:00,0.9964,1.0
甘伍村3社,42,2026-04-27,13:15,0.9977,1.0
甘伍村3社,42,2026-04-27,13:30,0.9972,1.0
甘伍村3社,42,2026-04-27,13:45,1.0051,1.0
甘伍村3社,42,2026-04-27,14:00,0.9936,1.0
甘伍村3社,42,2026-04-27,14:15,0.9984,1.0
甘伍村3社,42,2026-04-27,14:30,0.9937,1.0
甘伍村3社,42,2026-04-27,14:45,0.9993,1.0
甘伍村3社,42,2026-04-27,15:00,0.9995,1.0
甘伍村3社,42,2026-04-27,15:15,0.9995,1.0
甘伍村3社,42,2026-04-27,15:30,1.0012,1.0
甘伍村3社,42,2026-04-27,15:45,0.9927,1.0
甘伍村3社,42,2026-04-27,16:00,1.0021,1.0
甘伍村3社,42,2026-04-27,16:15,0.9971,1.0
甘伍村3社,42,2026-04-27,16:30,0.9965,1.0
甘伍村3社,42,2026-04-27,16:45,0.996,1.0
甘伍村3社,42,2026-04-27,17:00,1.0026,1.0
甘伍村3社,42,2026-04-27,17:15,0.9926,1.0
甘伍村3社,42,2026-04-27,17:30,0.9986,0.883
甘伍村3社,42,2026-04-27,17:45,0.9962,0.883
甘伍村3社,42,2026-04-27,18:00,0.987,0.872
甘伍村3社,42,2026-04-27,18:15,0.997,1.0
甘伍村3社,42,2026-04-27,18:30,0.9942,1.0
甘伍村3社,42,2026-04-27,18:45,0.9992,1.0
甘伍村3社,42,2026-04-27,19:00,0.9988,1.0
甘伍村3社,42,2026-04-27,19:15,0.9992,1.0
甘伍村3社,42,2026-04-27,19:30,0.9936,1.0
甘伍村3社,42,2026-04-27,19:45,0.9904,1.0
甘伍村3社,42,2026-04-27,20:00,0.9812,1.0
甘伍村3社,42,2026-04-27,20:15,0.9907,1.0
甘伍村3社,42,2026-04-27,20:30,0.9923,1.0
甘伍村3社,42,2026-04-27,20:45,0.995,1.0
甘伍村3社,42,2026-04-27,21:00,0.9976,1.0
甘伍村3社,42,2026-04-27,21:15,0.9946,1.0
甘伍村3社,42,2026-04-27,21:30,0.9966,1.0
甘伍村3社,42,2026-04-27,21:45,0.9935,1.0
甘伍村3社,42,2026-04-27,22:00,0.992,1.0
甘伍村3社,42,2026-04-27,22:15,0.9966,1.0
甘伍村3社,42,2026-04-27,22:30,0.9979,1.0
甘伍村3社,42,2026-04-27,22:45,0.9934,1.0
甘伍村3社,42,2026-04-27,23:00,0.9958,1.0
甘伍村3社,42,2026-04-27,23:15,0.9941,1.0
甘伍村3社,42,2026-04-27,23:30,0.9979,1.0
甘伍村3社,42,2026-04-27,23:45,0.9979,1.0
甘伍村3社,42,2026-04-28,00:00,0.9969,1.0
甘伍村3社,42,2026-04-28,00:15,0.9962,1.0
甘伍村3社,42,2026-04-28,00:30,0.9953,1.0
甘伍村3社,42,2026-04-28,00:45,0.9953,1.0
甘伍村3社,42,2026-04-28,01:00,0.9916,1.0
甘伍村3社,42,2026-04-28,01:15,0.9987,1.0
甘伍村3社,42,2026-04-28,01:30,1.0006,1.0
甘伍村3社,42,2026-04-28,01:45,0.9988,1.0
甘伍村3社,42,2026-04-28,02:00,0.9954,1.0
甘伍村3社,42,2026-04-28,02:15,0.9961,1.0
甘伍村3社,42,2026-04-28,02:30,0.9966,1.0
甘伍村3社,42,2026-04-28,02:45,0.9966,1.0
甘伍村3社,42,2026-04-28,03:00,0.9962,1.0
甘伍村3社,42,2026-04-28,03:15,0.9954,1.0
甘伍村3社,42,2026-04-28,03:30,0.9996,1.0
甘伍村3社,42,2026-04-28,03:45,1.0023,1.0
甘伍村3社,42,2026-04-28,04:00,0.9949,1.0
甘伍村3社,42,2026-04-28,04:15,0.9911,1.0
甘伍村3社,42,2026-04-28,04:30,0.9944,1.0
甘伍村3社,42,2026-04-28,04:45,0.9926,1.0
甘伍村3社,42,2026-04-28,05:00,0.9958,1.0
甘伍村3社,42,2026-04-28,05:15,0.9881,1.0
甘伍村3社,42,2026-04-28,05:30,0.9955,1.0
甘伍村3社,42,2026-04-28,05:45,0.9896,1.0
甘伍村3社,42,2026-04-28,06:00,0.9896,1.0
甘伍村3社,42,2026-04-28,06:15,0.9883,1.0
甘伍村3社,42,2026-04-28,06:30,0.9872,1.0
甘伍村3社,42,2026-04-28,06:45,0.9854,1.0
甘伍村3社,42,2026-04-28,07:00,0.9869,1.0
甘伍村3社,42,2026-04-28,07:15,0.9932,1.0
甘伍村3社,42,2026-04-28,07:30,0.9914,1.0
甘伍村3社,42,2026-04-28,07:45,0.9972,1.0
甘伍村3社,42,2026-04-28,08:00,0.99,1.0
甘伍村3社,42,2026-04-28,08:15,0.9928,1.0
甘伍村3社,42,2026-04-28,08:30,1.0001,1.0
甘伍村3社,42,2026-04-28,08:45,0.9962,1.0
甘伍村3社,42,2026-04-28,09:00,1.0014,1.0
甘伍村3社,42,2026-04-28,09:15,0.9988,1.0
甘伍村3社,42,2026-04-28,09:30,1.0008,1.0
甘伍村3社,42,2026-04-28,09:45,0.9947,1.0
甘伍村3社,42,2026-04-28,10:00,1.001,1.0
甘伍村3社,42,2026-04-28,10:15,1.0012,1.0
甘伍村3社,42,2026-04-28,10:30,0.9976,1.0
甘伍村3社,42,2026-04-28,10:45,0.9981,1.0
甘伍村3社,42,2026-04-28,11:00,0.9982,1.0
甘伍村3社,42,2026-04-28,11:15,0.9958,1.0
甘伍村3社,42,2026-04-28,11:30,1.0011,1.0
甘伍村3社,42,2026-04-28,11:45,0.9971,1.0
甘伍村3社,42,2026-04-28,12:00,0.9961,1.0
甘伍村3社,42,2026-04-28,12:15,1.0012,1.0
甘伍村3社,42,2026-04-28,12:30,0.9975,1.0
甘伍村3社,42,2026-04-28,12:45,0.9981,1.0
甘伍村3社,42,2026-04-28,13:00,0.9897,1.0
甘伍村3社,42,2026-04-28,13:15,0.9988,1.0
甘伍村3社,42,2026-04-28,13:30,0.9949,1.0
甘伍村3社,42,2026-04-28,13:45,0.996,1.0
甘伍村3社,42,2026-04-28,14:00,0.996,1.0
甘伍村3社,42,2026-04-28,14:15,0.9981,1.0
甘伍村3社,42,2026-04-28,14:30,0.9893,1.0
甘伍村3社,42,2026-04-28,14:45,1.004,1.0
甘伍村3社,42,2026-04-28,15:00,1.0016,1.0
甘伍村3社,42,2026-04-28,15:15,0.999,1.0
甘伍村3社,42,2026-04-28,15:30,0.9994,1.0
甘伍村3社,42,2026-04-28,15:45,0.9995,1.0
甘伍村3社,42,2026-04-28,16:00,0.9952,1.0
甘伍村3社,42,2026-04-28,16:15,0.9995,1.0
甘伍村3社,42,2026-04-28,16:30,0.9955,1.0
甘伍村3社,42,2026-04-28,16:45,0.9878,1.0
甘伍村3社,42,2026-04-28,17:00,0.9954,1.0
甘伍村3社,42,2026-04-28,17:15,0.9888,1.0
甘伍村3社,42,2026-04-28,17:30,1.0027,0.904
甘伍村3社,42,2026-04-28,17:45,0.9933,0.912
甘伍村3社,42,2026-04-28,18:00,0.9905,0.916
甘伍村3社,42,2026-04-28,18:15,0.9956,0.909
甘伍村3社,42,2026-04-28,18:30,0.993,0.902
甘伍村3社,42,2026-04-28,18:45,0.999,0.902
甘伍村3社,42,2026-04-28,19:00,0.9961,1.0
甘伍村3社,42,2026-04-28,19:15,0.994,1.0
甘伍村3社,42,2026-04-28,19:30,1.0,1.0
甘伍村3社,42,2026-04-28,19:45,0.9869,1.0
甘伍村3社,42,2026-04-28,20:00,0.9818,1.0
甘伍村3社,42,2026-04-28,20:15,0.9919,1.0
甘伍村3社,42,2026-04-28,20:30,0.9934,1.0
甘伍村3社,42,2026-04-28,20:45,0.9946,1.0
甘伍村3社,42,2026-04-28,21:00,0.996,1.0
甘伍村3社,42,2026-04-28,21:15,0.9956,1.0
甘伍村3社,42,2026-04-28,21:30,0.9922,1.0
甘伍村3社,42,2026-04-28,21:45,0.9919,1.0
甘伍村3社,42,2026-04-28,22:00,0.9926,1.0
甘伍村3社,42,2026-04-28,22:15,0.994,1.0
甘伍村3社,42,2026-04-28,22:30,0.9984,1.0
甘伍村3社,42,2026-04-28,22:45,0.9946,1.0
甘伍村3社,42,2026-04-28,23:00,0.9976,1.0
甘伍村3社,42,2026-04-28,23:15,0.9973,1.0
甘伍村3社,42,2026-04-28,23:30,0.9955,1.0
甘伍村3社,42,2026-04-28,23:45,0.9921,1.0
甘伍村3社,42,2026-04-29,00:00,0.9961,1.0
甘伍村3社,42,2026-04-29,00:15,0.9953,1.0
甘伍村3社,42,2026-04-29,00:30,0.9954,1.0
甘伍村3社,42,2026-04-29,00:45,0.9968,1.0
甘伍村3社,42,2026-04-29,01:00,0.9997,1.0
甘伍村3社,42,2026-04-29,01:15,0.991,1.0
甘伍村3社,42,2026-04-29,01:30,0.9939,1.0
甘伍村3社,42,2026-04-29,01:45,0.989,1.0
甘伍村3社,42,2026-04-29,02:00,0.9993,1.0
甘伍村3社,42,2026-04-29,02:15,0.9894,1.0
甘伍村3社,42,2026-04-29,02:30,0.9949,1.0
甘伍村3社,42,2026-04-29,02:45,0.9963,1.0
甘伍村3社,42,2026-04-29,03:00,0.996,1.0
甘伍村3社,42,2026-04-29,03:15,0.9964,1.0
甘伍村3社,42,2026-04-29,03:30,1.0012,1.0
甘伍村3社,42,2026-04-29,03:45,0.9975,1.0
甘伍村3社,42,2026-04-29,04:00,0.9913,1.0
甘伍村3社,42,2026-04-29,04:15,0.9879,1.0
甘伍村3社,42,2026-04-29,04:30,0.9941,1.0
甘伍村3社,42,2026-04-29,04:45,0.9918,1.0
甘伍村3社,42,2026-04-29,05:00,0.9913,1.0
甘伍村3社,42,2026-04-29,05:15,0.995,1.0
甘伍村3社,42,2026-04-29,05:30,0.9939,1.0
甘伍村3社,42,2026-04-29,05:45,0.9909,1.0
甘伍村3社,42,2026-04-29,06:00,0.9932,1.0
甘伍村3社,42,2026-04-29,06:15,0.9902,1.0
甘伍村3社,42,2026-04-29,06:30,0.9884,1.0
甘伍村3社,42,2026-04-29,06:45,0.986,1.0
甘伍村3社,42,2026-04-29,07:00,0.9877,1.0
甘伍村3社,42,2026-04-29,07:15,0.9964,1.0
甘伍村3社,42,2026-04-29,07:30,0.994,1.0
甘伍村3社,42,2026-04-29,07:45,0.9949,0.888
甘伍村3社,42,2026-04-29,08:00,0.9937,0.881
甘伍村3社,42,2026-04-29,08:15,0.9954,1.0
甘伍村3社,42,2026-04-29,08:30,0.9959,1.0
甘伍村3社,42,2026-04-29,08:45,0.9962,1.0
甘伍村3社,42,2026-04-29,09:00,0.9989,1.0
甘伍村3社,42,2026-04-29,09:15,0.9985,1.0
甘伍村3社,42,2026-04-29,09:30,0.9973,1.0
甘伍村3社,42,2026-04-29,09:45,0.9959,1.0
甘伍村3社,42,2026-04-29,10:00,0.9971,1.0
甘伍村3社,42,2026-04-29,10:15,1.0004,1.0
甘伍村3社,42,2026-04-29,10:30,0.9996,1.0
甘伍村3社,42,2026-04-29,10:45,0.9963,1.0
甘伍村3社,42,2026-04-29,11:00,1.0043,1.0
甘伍村3社,42,2026-04-29,11:15,0.9976,1.0
甘伍村3社,42,2026-04-29,11:30,0.9929,1.0
甘伍村3社,42,2026-04-29,11:45,0.9948,1.0
甘伍村3社,42,2026-04-29,12:00,0.9964,1.0
甘伍村3社,42,2026-04-29,12:15,1.0,1.0
甘伍村3社,42,2026-04-29,12:30,0.9951,1.0
甘伍村3社,42,2026-04-29,12:45,0.9982,1.0
甘伍村3社,42,2026-04-29,13:00,0.9957,1.0
甘伍村3社,42,2026-04-29,13:15,0.9995,1.0
甘伍村3社,42,2026-04-29,13:30,0.997,1.0
甘伍村3社,42,2026-04-29,13:45,0.9993,1.0
甘伍村3社,42,2026-04-29,14:00,0.9934,1.0
甘伍村3社,42,2026-04-29,14:15,0.9977,1.0
甘伍村3社,42,2026-04-29,14:30,0.9919,1.0
甘伍村3社,42,2026-04-29,14:45,0.9971,1.0
甘伍村3社,42,2026-04-29,15:00,1.0033,1.0
甘伍村3社,42,2026-04-29,15:15,0.9931,1.0
甘伍村3社,42,2026-04-29,15:30,0.9985,1.0
甘伍村3社,42,2026-04-29,15:45,1.0001,1.0
甘伍村3社,42,2026-04-29,16:00,0.9952,1.0
甘伍村3社,42,2026-04-29,16:15,0.9997,1.0
甘伍村3社,42,2026-04-29,16:30,0.9948,1.0
甘伍村3社,42,2026-04-29,16:45,0.9914,1.0
甘伍村3社,42,2026-04-29,17:00,0.9984,1.0
甘伍村3社,42,2026-04-29,17:15,0.9949,1.0
甘伍村3社,42,2026-04-29,17:30,1.0013,1.0
甘伍村3社,42,2026-04-29,17:45,0.9958,1.0
甘伍村3社,42,2026-04-29,18:00,0.9977,1.0
甘伍村3社,42,2026-04-29,18:15,0.9973,1.0
甘伍村3社,42,2026-04-29,18:30,0.9916,1.0
甘伍村3社,42,2026-04-29,18:45,0.9946,1.0
甘伍村3社,42,2026-04-29,19:00,1.0017,1.0
甘伍村3社,42,2026-04-29,19:15,0.9953,1.0
甘伍村3社,42,2026-04-29,19:30,0.9897,1.0
甘伍村3社,42,2026-04-29,19:45,0.9876,1.0
甘伍村3社,42,2026-04-29,20:00,0.983,1.0
甘伍村3社,42,2026-04-29,20:15,0.9883,1.0
甘伍村3社,42,2026-04-29,20:30,0.9906,1.0
甘伍村3社,42,2026-04-29,20:45,0.9976,1.0
甘伍村3社,42,2026-04-29,21:00,0.9983,1.0
甘伍村3社,42,2026-04-29,21:15,0.9976,1.0
甘伍村3社,42,2026-04-29,21:30,0.9974,1.0
甘伍村3社,42,2026-04-29,21:45,0.9933,1.0
甘伍村3社,42,2026-04-29,22:00,0.9981,1.0
甘伍村3社,42,2026-04-29,22:15,0.9987,1.0
甘伍村3社,42,2026-04-29,22:30,0.9963,1.0
甘伍村3社,42,2026-04-29,22:45,0.9941,1.0
甘伍村3社,42,2026-04-29,23:00,0.9977,1.0
甘伍村3社,42,2026-04-29,23:15,0.9968,1.0
甘伍村3社,42,2026-04-29,23:30,0.9956,1.0
甘伍村3社,42,2026-04-29,23:45,0.9941,1.0
马鞍村1社,43,2026-03-06,00:00,0.8003,0.748
马鞍村1社,43,2026-03-06,00:15,0.7962,0.775
马鞍村1社,43,2026-03-06,00:30,0.7793,0.684
马鞍村1社,43,2026-03-06,00:45,0.7882,0.809
马鞍村1社,43,2026-03-06,01:00,0.778,0.812
马鞍村1社,43,2026-03-06,01:15,0.7778,0.922
马鞍村1社,43,2026-03-06,01:30,0.7695,0.688
马鞍村1社,43,2026-03-06,01:45,0.761,0.696
马鞍村1社,43,2026-03-06,02:00,0.7599,0.647
马鞍村1社,43,2026-03-06,02:15,0.7468,0.705
马鞍村1社,43,2026-03-06,02:30,0.7561,0.732
马鞍村1社,43,2026-03-06,02:45,0.7494,0.69
马鞍村1社,43,2026-03-06,03:00,0.7474,0.657
马鞍村1社,43,2026-03-06,03:15,0.7399,0.689
马鞍村1社,43,2026-03-06,03:30,0.745,0.702
马鞍村1社,43,2026-03-06,03:45,0.7461,0.67
马鞍村1社,43,2026-03-06,04:00,0.742,0.652
马鞍村1社,43,2026-03-06,04:15,0.7477,0.687
马鞍村1社,43,2026-03-06,04:30,0.7503,0.66
马鞍村1社,43,2026-03-06,04:45,0.7414,0.699
马鞍村1社,43,2026-03-06,05:00,0.756,0.72
马鞍村1社,43,2026-03-06,05:15,0.7475,0.645
马鞍村1社,43,2026-03-06,05:30,0.7463,0.755
马鞍村1社,43,2026-03-06,05:45,0.7539,0.661
马鞍村1社,43,2026-03-06,06:00,0.7702,0.705
马鞍村1社,43,2026-03-06,06:15,0.7615,0.786
马鞍村1社,43,2026-03-06,06:30,0.8031,0.706
马鞍村1社,43,2026-03-06,06:45,0.8125,0.637
马鞍村1社,43,2026-03-06,07:00,0.8522,0.654
马鞍村1社,43,2026-03-06,07:15,0.8878,0.794
马鞍村1社,43,2026-03-06,07:30,0.9121,0.693
马鞍村1社,43,2026-03-06,07:45,0.9278,0.905
马鞍村1社,43,2026-03-06,08:00,0.9632,0.982
马鞍村1社,43,2026-03-06,08:15,0.97,0.947
马鞍村1社,43,2026-03-06,08:30,0.9824,0.924
马鞍村1社,43,2026-03-06,08:45,0.9852,0.903
马鞍村1社,43,2026-03-06,09:00,0.9805,0.972
马鞍村1社,43,2026-03-06,09:15,0.9501,0.996
马鞍村1社,43,2026-03-06,09:30,0.9393,0.985
马鞍村1社,43,2026-03-06,09:45,0.9224,0.989
马鞍村1社,43,2026-03-06,10:00,0.911,0.973
马鞍村1社,43,2026-03-06,10:15,0.8973,0.927
马鞍村1社,43,2026-03-06,10:30,0.8913,0.767
马鞍村1社,43,2026-03-06,10:45,0.8766,0.705
马鞍村1社,43,2026-03-06,11:00,0.8697,0.852
马鞍村1社,43,2026-03-06,11:15,0.8658,0.742
马鞍村1社,43,2026-03-06,11:30,0.8663,0.781
马鞍村1社,43,2026-03-06,11:45,0.8733,0.794
马鞍村1社,43,2026-03-06,12:00,0.8857,0.937
马鞍村1社,43,2026-03-06,12:15,0.8845,0.689
马鞍村1社,43,2026-03-06,12:30,0.8901,0.995
马鞍村1社,43,2026-03-06,12:45,0.8693,0.889
马鞍村1社,43,2026-03-06,13:00,0.8599,0.856
马鞍村1社,43,2026-03-06,13:15,0.8654,0.946
马鞍村1社,43,2026-03-06,13:30,0.8988,0.911
马鞍村1社,43,2026-03-06,13:45,0.8637,0.948
马鞍村1社,43,2026-03-06,14:00,0.8718,0.803
马鞍村1社,43,2026-03-06,14:15,0.8591,0.815
马鞍村1社,43,2026-03-06,14:30,0.8564,0.843
马鞍村1社,43,2026-03-06,14:45,0.879,0.803
马鞍村1社,43,2026-03-06,15:00,0.8816,0.704
马鞍村1社,43,2026-03-06,15:15,0.8983,0.891
马鞍村1社,43,2026-03-06,15:30,0.9145,0.955
马鞍村1社,43,2026-03-06,15:45,0.9143,0.782
马鞍村1社,43,2026-03-06,16:00,0.9215,0.899
马鞍村1社,43,2026-03-06,16:15,0.9282,0.975
马鞍村1社,43,2026-03-06,16:30,0.9385,0.908
马鞍村1社,43,2026-03-06,16:45,0.9441,0.847
马鞍村1社,43,2026-03-06,17:00,0.9439,0.964
马鞍村1社,43,2026-03-06,17:15,0.9388,0.96
马鞍村1社,43,2026-03-06,17:30,0.9518,0.967
马鞍村1社,43,2026-03-06,17:45,0.9572,0.984
马鞍村1社,43,2026-03-06,18:00,0.938,0.988
马鞍村1社,43,2026-03-06,18:15,0.9419,0.997
马鞍村1社,43,2026-03-06,18:30,0.9339,0.984
马鞍村1社,43,2026-03-06,18:45,0.9273,0.898
马鞍村1社,43,2026-03-06,19:00,0.9175,0.957
马鞍村1社,43,2026-03-06,19:15,0.9209,0.982
马鞍村1社,43,2026-03-06,19:30,0.9178,0.947
马鞍村1社,43,2026-03-06,19:45,0.9175,0.972
马鞍村1社,43,2026-03-06,20:00,0.9133,0.953
马鞍村1社,43,2026-03-06,20:15,0.9278,0.961
马鞍村1社,43,2026-03-06,20:30,0.9218,0.914
马鞍村1社,43,2026-03-06,20:45,0.9159,0.916
马鞍村1社,43,2026-03-06,21:00,0.9143,0.963
马鞍村1社,43,2026-03-06,21:15,0.9138,0.936
马鞍村1社,43,2026-03-06,21:30,0.9069,0.976
马鞍村1社,43,2026-03-06,21:45,0.8949,0.889
马鞍村1社,43,2026-03-06,22:00,0.8812,0.907
马鞍村1社,43,2026-03-06,22:15,0.8728,0.897
马鞍村1社,43,2026-03-06,22:30,0.8622,0.877
马鞍村1社,43,2026-03-06,22:45,0.8546,0.877
马鞍村1社,43,2026-03-06,23:00,0.8423,0.862
马鞍村1社,43,2026-03-06,23:15,0.8146,0.866
马鞍村1社,43,2026-03-06,23:30,0.8018,0.849
马鞍村1社,43,2026-03-06,23:45,0.8003,0.852
马鞍村1社,43,2026-03-07,00:00,0.803,0.814
马鞍村1社,43,2026-03-07,00:15,0.8036,0.763
马鞍村1社,43,2026-03-07,00:30,0.7803,0.798
马鞍村1社,43,2026-03-07,00:45,0.7846,0.797
马鞍村1社,43,2026-03-07,01:00,0.7835,0.768
马鞍村1社,43,2026-03-07,01:15,0.7882,0.811
马鞍村1社,43,2026-03-07,01:30,0.7645,0.791
马鞍村1社,43,2026-03-07,01:45,0.7721,0.738
马鞍村1社,43,2026-03-07,02:00,0.766,0.766
马鞍村1社,43,2026-03-07,02:15,0.7571,0.681
马鞍村1社,43,2026-03-07,02:30,0.7551,0.695
马鞍村1社,43,2026-03-07,02:45,0.7551,0.788
马鞍村1社,43,2026-03-07,03:00,0.7549,0.688
马鞍村1社,43,2026-03-07,03:15,0.7365,0.73
马鞍村1社,43,2026-03-07,03:30,0.7517,0.697
马鞍村1社,43,2026-03-07,03:45,0.7512,0.674
马鞍村1社,43,2026-03-07,04:00,0.7408,0.697
马鞍村1社,43,2026-03-07,04:15,0.7462,0.69
马鞍村1社,43,2026-03-07,04:30,0.7477,0.687
马鞍村1社,43,2026-03-07,04:45,0.7366,0.772
马鞍村1社,43,2026-03-07,05:00,0.7458,0.672
马鞍村1社,43,2026-03-07,05:15,0.7404,0.674
马鞍村1社,43,2026-03-07,05:30,0.7484,0.726
马鞍村1社,43,2026-03-07,05:45,0.7534,0.729
马鞍村1社,43,2026-03-07,06:00,0.7706,0.672
马鞍村1社,43,2026-03-07,06:15,0.764,0.719
马鞍村1社,43,2026-03-07,06:30,0.7974,0.69
马鞍村1社,43,2026-03-07,06:45,0.8126,0.744
马鞍村1社,43,2026-03-07,07:00,0.8482,0.749
马鞍村1社,43,2026-03-07,07:15,0.8851,0.721
马鞍村1社,43,2026-03-07,07:30,0.9012,0.921
马鞍村1社,43,2026-03-07,07:45,0.9386,0.958
马鞍村1社,43,2026-03-07,08:00,0.9608,0.977
马鞍村1社,43,2026-03-07,08:15,0.976,0.98
马鞍村1社,43,2026-03-07,08:30,0.9822,0.989
马鞍村1社,43,2026-03-07,08:45,0.9753,0.998
马鞍村1社,43,2026-03-07,09:00,0.9754,0.996
马鞍村1社,43,2026-03-07,09:15,0.9468,0.998
马鞍村1社,43,2026-03-07,09:30,0.9353,0.976
马鞍村1社,43,2026-03-07,09:45,0.9201,0.977
马鞍村1社,43,2026-03-07,10:00,0.9092,0.991
马鞍村1社,43,2026-03-07,10:15,0.8847,0.844
马鞍村1社,43,2026-03-07,10:30,0.88,0.908
马鞍村1社,43,2026-03-07,10:45,0.8791,0.68
马鞍村1社,43,2026-03-07,11:00,0.8681,0.717
马鞍村1社,43,2026-03-07,11:15,0.8595,0.807
马鞍村1社,43,2026-03-07,11:30,0.8608,0.699
马鞍村1社,43,2026-03-07,11:45,0.8541,0.945
马鞍村1社,43,2026-03-07,12:00,0.8812,0.7
马鞍村1社,43,2026-03-07,12:15,0.8839,0.875
马鞍村1社,43,2026-03-07,12:30,0.9044,0.942
马鞍村1社,43,2026-03-07,12:45,0.8799,0.742
马鞍村1社,43,2026-03-07,13:00,0.8618,0.703
马鞍村1社,43,2026-03-07,13:15,0.8669,0.962
马鞍村1社,43,2026-03-07,13:30,0.8989,0.872
马鞍村1社,43,2026-03-07,13:45,0.8666,0.858
马鞍村1社,43,2026-03-07,14:00,0.8757,0.741
马鞍村1社,43,2026-03-07,14:15,0.8738,0.938
马鞍村1社,43,2026-03-07,14:30,0.8635,0.91
马鞍村1社,43,2026-03-07,14:45,0.8915,0.953
马鞍村1社,43,2026-03-07,15:00,0.8852,0.821
马鞍村1社,43,2026-03-07,15:15,0.9078,0.692
马鞍村1社,43,2026-03-07,15:30,0.9202,0.906
马鞍村1社,43,2026-03-07,15:45,0.9009,0.961
马鞍村1社,43,2026-03-07,16:00,0.9177,0.875
马鞍村1社,43,2026-03-07,16:15,0.9303,0.749
马鞍村1社,43,2026-03-07,16:30,0.9376,0.904
马鞍村1社,43,2026-03-07,16:45,0.9329,0.9
马鞍村1社,43,2026-03-07,17:00,0.9411,0.927
马鞍村1社,43,2026-03-07,17:15,0.9407,0.858
马鞍村1社,43,2026-03-07,17:30,0.965,0.975
马鞍村1社,43,2026-03-07,17:45,0.9632,0.976
马鞍村1社,43,2026-03-07,18:00,0.9467,0.991
马鞍村1社,43,2026-03-07,18:15,0.9309,0.978
马鞍村1社,43,2026-03-07,18:30,0.9326,0.963
马鞍村1社,43,2026-03-07,18:45,0.9192,0.887
马鞍村1社,43,2026-03-07,19:00,0.9069,0.91
马鞍村1社,43,2026-03-07,19:15,0.9131,0.927
马鞍村1社,43,2026-03-07,19:30,0.9121,0.959
马鞍村1社,43,2026-03-07,19:45,0.9215,0.931
马鞍村1社,43,2026-03-07,20:00,0.9238,0.946
马鞍村1社,43,2026-03-07,20:15,0.9299,0.994
马鞍村1社,43,2026-03-07,20:30,0.9337,0.913
马鞍村1社,43,2026-03-07,20:45,0.917,0.951
马鞍村1社,43,2026-03-07,21:00,0.92,0.934
马鞍村1社,43,2026-03-07,21:15,0.9194,0.961
马鞍村1社,43,2026-03-07,21:30,0.9068,0.946
马鞍村1社,43,2026-03-07,21:45,0.9081,0.918
马鞍村1社,43,2026-03-07,22:00,0.8799,0.908
马鞍村1社,43,2026-03-07,22:15,0.8831,0.819
马鞍村1社,43,2026-03-07,22:30,0.8656,0.984
马鞍村1社,43,2026-03-07,22:45,0.8544,0.915
马鞍村1社,43,2026-03-07,23:00,0.8401,0.914
马鞍村1社,43,2026-03-07,23:15,0.8185,0.916
马鞍村1社,43,2026-03-07,23:30,0.8035,0.93
马鞍村1社,43,2026-03-07,23:45,0.8032,0.824
马鞍村1社,43,2026-03-08,00:00,0.8095,0.862
马鞍村1社,43,2026-03-08,00:15,0.7933,0.886
马鞍村1社,43,2026-03-08,00:30,0.7813,0.854
马鞍村1社,43,2026-03-08,00:45,0.791,0.83
马鞍村1社,43,2026-03-08,01:00,0.7863,0.851
马鞍村1社,43,2026-03-08,01:15,0.7752,0.818
马鞍村1社,43,2026-03-08,01:30,0.7741,0.795
马鞍村1社,43,2026-03-08,01:45,0.777,0.851
马鞍村1社,43,2026-03-08,02:00,0.7691,0.795
马鞍村1社,43,2026-03-08,02:15,0.7502,0.836
马鞍村1社,43,2026-03-08,02:30,0.7626,0.783
马鞍村1社,43,2026-03-08,02:45,0.7569,0.8
马鞍村1社,43,2026-03-08,03:00,0.7522,0.836
马鞍村1社,43,2026-03-08,03:15,0.7413,0.862
马鞍村1社,43,2026-03-08,03:30,0.7497,0.837
马鞍村1社,43,2026-03-08,03:45,0.7603,0.836
马鞍村1社,43,2026-03-08,04:00,0.7565,0.798
马鞍村1社,43,2026-03-08,04:15,0.7514,0.795
马鞍村1社,43,2026-03-08,04:30,0.7441,0.78
马鞍村1社,43,2026-03-08,04:45,0.7368,0.716
马鞍村1社,43,2026-03-08,05:00,0.7517,0.78
马鞍村1社,43,2026-03-08,05:15,0.7468,0.732
马鞍村1社,43,2026-03-08,05:30,0.7555,0.74
马鞍村1社,43,2026-03-08,05:45,0.7642,0.746
马鞍村1社,43,2026-03-08,06:00,0.768,0.939
马鞍村1社,43,2026-03-08,06:15,0.774,0.868
马鞍村1社,43,2026-03-08,06:30,0.7978,0.891
马鞍村1社,43,2026-03-08,06:45,0.82,0.751
马鞍村1社,43,2026-03-08,07:00,0.8549,0.765
马鞍村1社,43,2026-03-08,07:15,0.898,0.995
马鞍村1社,43,2026-03-08,07:30,0.9184,0.985
马鞍村1社,43,2026-03-08,07:45,0.9534,0.921
马鞍村1社,43,2026-03-08,08:00,0.9688,0.926
马鞍村1社,43,2026-03-08,08:15,0.9792,0.809
马鞍村1社,43,2026-03-08,08:30,0.9882,0.896
马鞍村1社,43,2026-03-08,08:45,0.981,0.935
马鞍村1社,43,2026-03-08,09:00,0.9815,0.989
马鞍村1社,43,2026-03-08,09:15,0.9515,0.976
马鞍村1社,43,2026-03-08,09:30,0.9453,0.992
马鞍村1社,43,2026-03-08,09:45,0.934,0.976
马鞍村1社,43,2026-03-08,10:00,0.9214,0.989
马鞍村1社,43,2026-03-08,10:15,0.8891,0.955
马鞍村1社,43,2026-03-08,10:30,0.8938,0.959
马鞍村1社,43,2026-03-08,10:45,0.8791,0.992
马鞍村1社,43,2026-03-08,11:00,0.8529,0.989
马鞍村1社,43,2026-03-08,11:15,0.8728,0.851
马鞍村1社,43,2026-03-08,11:30,0.8399,0.912
马鞍村1社,43,2026-03-08,11:45,0.8628,0.96
马鞍村1社,43,2026-03-08,12:00,0.8833,0.863
马鞍村1社,43,2026-03-08,12:15,0.8945,0.934
马鞍村1社,43,2026-03-08,12:30,0.8845,0.942
马鞍村1社,43,2026-03-08,12:45,0.8708,0.976
马鞍村1社,43,2026-03-08,13:00,0.8575,0.89
马鞍村1社,43,2026-03-08,13:15,0.8748,0.892
马鞍村1社,43,2026-03-08,13:30,0.8914,0.857
马鞍村1社,43,2026-03-08,13:45,0.8712,0.829
马鞍村1社,43,2026-03-08,14:00,0.8644,0.865
马鞍村1社,43,2026-03-08,14:15,0.8638,0.826
马鞍村1社,43,2026-03-08,14:30,0.8528,0.746
马鞍村1社,43,2026-03-08,14:45,0.8877,0.746
马鞍村1社,43,2026-03-08,15:00,0.8996,0.711
马鞍村1社,43,2026-03-08,15:15,0.8893,0.985
马鞍村1社,43,2026-03-08,15:30,0.9088,0.919
马鞍村1社,43,2026-03-08,15:45,0.9128,0.694
马鞍村1社,43,2026-03-08,16:00,0.9214,0.675
马鞍村1社,43,2026-03-08,16:15,0.9187,0.86
马鞍村1社,43,2026-03-08,16:30,0.9349,0.797
马鞍村1社,43,2026-03-08,16:45,0.9414,0.79
马鞍村1社,43,2026-03-08,17:00,0.9472,0.905
马鞍村1社,43,2026-03-08,17:15,0.9458,0.97
马鞍村1社,43,2026-03-08,17:30,0.9562,0.954
马鞍村1社,43,2026-03-08,17:45,0.9573,0.967
马鞍村1社,43,2026-03-08,18:00,0.9453,0.951
马鞍村1社,43,2026-03-08,18:15,0.9434,0.96
马鞍村1社,43,2026-03-08,18:30,0.9441,0.955
马鞍村1社,43,2026-03-08,18:45,0.919,0.837
马鞍村1社,43,2026-03-08,19:00,0.9088,0.893
马鞍村1社,43,2026-03-08,19:15,0.9119,0.95
马鞍村1社,43,2026-03-08,19:30,0.9105,0.876
马鞍村1社,43,2026-03-08,19:45,0.9189,0.839
马鞍村1社,43,2026-03-08,20:00,0.9224,0.868
马鞍村1社,43,2026-03-08,20:15,0.9308,0.956
马鞍村1社,43,2026-03-08,20:30,0.9231,0.877
马鞍村1社,43,2026-03-08,20:45,0.9271,0.886
马鞍村1社,43,2026-03-08,21:00,0.9175,0.984
马鞍村1社,43,2026-03-08,21:15,0.9154,0.897
马鞍村1社,43,2026-03-08,21:30,0.906,0.788
马鞍村1社,43,2026-03-08,21:45,0.9021,0.788
马鞍村1社,43,2026-03-08,22:00,0.8764,0.928
马鞍村1社,43,2026-03-08,22:15,0.8738,0.826
马鞍村1社,43,2026-03-08,22:30,0.8612,0.78
马鞍村1社,43,2026-03-08,22:45,0.8618,0.871
马鞍村1社,43,2026-03-08,23:00,0.8417,0.982
马鞍村1社,43,2026-03-08,23:15,0.8215,0.791
马鞍村1社,43,2026-03-08,23:30,0.8099,0.768
马鞍村1社,43,2026-03-08,23:45,0.8103,0.786
幸福村4社,44,2026-02-16,00:00,0.9938,0.989
幸福村4社,44,2026-02-16,00:15,0.9961,0.986
幸福村4社,44,2026-02-16,00:30,0.9951,0.985
幸福村4社,44,2026-02-16,00:45,0.9963,0.986
幸福村4社,44,2026-02-16,01:00,0.9962,0.986
幸福村4社,44,2026-02-16,01:15,0.9951,0.985
幸福村4社,44,2026-02-16,01:30,0.9967,0.986
幸福村4社,44,2026-02-16,01:45,0.9965,0.99
幸福村4社,44,2026-02-16,02:00,0.9963,0.989
幸福村4社,44,2026-02-16,02:15,0.9952,0.989
幸福村4社,44,2026-02-16,02:30,0.9979,0.989
幸福村4社,44,2026-02-16,02:45,0.9958,0.989
幸福村4社,44,2026-02-16,03:00,0.9967,0.988
幸福村4社,44,2026-02-16,03:15,0.998,0.989
幸福村4社,44,2026-02-16,03:30,0.9998,0.989
幸福村4社,44,2026-02-16,03:45,0.9965,0.989
幸福村4社,44,2026-02-16,04:00,0.9977,0.989
幸福村4社,44,2026-02-16,04:15,0.9962,0.989
幸福村4社,44,2026-02-16,04:30,0.999,0.989
幸福村4社,44,2026-02-16,04:45,0.9974,0.989
幸福村4社,44,2026-02-16,05:00,0.9981,0.989
幸福村4社,44,2026-02-16,05:15,0.9958,0.988
幸福村4社,44,2026-02-16,05:30,0.9963,0.989
幸福村4社,44,2026-02-16,05:45,0.9972,0.989
幸福村4社,44,2026-02-16,06:00,0.9973,0.989
幸福村4社,44,2026-02-16,06:15,0.9982,0.989
幸福村4社,44,2026-02-16,06:30,0.9967,0.988
幸福村4社,44,2026-02-16,06:45,0.9968,0.989
幸福村4社,44,2026-02-16,07:00,0.9969,0.987
幸福村4社,44,2026-02-16,07:15,0.9965,0.986
幸福村4社,44,2026-02-16,07:30,0.9977,0.988
幸福村4社,44,2026-02-16,07:45,0.9956,0.989
幸福村4社,44,2026-02-16,08:00,0.9973,1.0
幸福村4社,44,2026-02-16,08:15,1.0004,1.0
幸福村4社,44,2026-02-16,08:30,0.9967,1.0
幸福村4社,44,2026-02-16,08:45,1.001,1.0
幸福村4社,44,2026-02-16,09:00,0.9991,1.0
幸福村4社,44,2026-02-16,09:15,0.9994,0.999
幸福村4社,44,2026-02-16,09:30,0.9989,0.999
幸福村4社,44,2026-02-16,09:45,0.9991,1.0
幸福村4社,44,2026-02-16,10:00,0.9965,1.0
幸福村4社,44,2026-02-16,10:15,0.9975,1.0
幸福村4社,44,2026-02-16,10:30,1.0,1.0
幸福村4社,44,2026-02-16,10:45,0.9991,1.0
幸福村4社,44,2026-02-16,11:00,0.9975,1.0
幸福村4社,44,2026-02-16,11:15,1.0004,1.0
幸福村4社,44,2026-02-16,11:30,1.0003,1.0
幸福村4社,44,2026-02-16,11:45,0.9979,1.0
幸福村4社,44,2026-02-16,12:00,0.9995,0.999
幸福村4社,44,2026-02-16,12:15,0.9995,1.0
幸福村4社,44,2026-02-16,12:30,0.9984,1.0
幸福村4社,44,2026-02-16,12:45,0.9994,1.0
幸福村4社,44,2026-02-16,13:00,0.9983,1.0
幸福村4社,44,2026-02-16,13:15,0.9994,1.0
幸福村4社,44,2026-02-16,13:30,1.0009,1.0
幸福村4社,44,2026-02-16,13:45,0.9972,1.0
幸福村4社,44,2026-02-16,14:00,0.9985,1.0
幸福村4社,44,2026-02-16,14:15,0.9968,1.0
幸福村4社,44,2026-02-16,14:30,0.9993,1.0
幸福村4社,44,2026-02-16,14:45,0.9982,1.0
幸福村4社,44,2026-02-16,15:00,0.9985,1.0
幸福村4社,44,2026-02-16,15:15,0.9994,1.0
幸福村4社,44,2026-02-16,15:30,1.0006,1.0
幸福村4社,44,2026-02-16,15:45,1.0022,1.0
幸福村4社,44,2026-02-16,16:00,0.9987,1.0
幸福村4社,44,2026-02-16,16:15,1.0016,1.0
幸福村4社,44,2026-02-16,16:30,0.9991,1.0
幸福村4社,44,2026-02-16,16:45,0.9971,1.0
幸福村4社,44,2026-02-16,17:00,0.997,1.0
幸福村4社,44,2026-02-16,17:15,0.9982,1.0
幸福村4社,44,2026-02-16,17:30,0.9973,1.0
幸福村4社,44,2026-02-16,17:45,0.9976,1.0
幸福村4社,44,2026-02-16,18:00,1.0011,1.0
幸福村4社,44,2026-02-16,18:15,0.9973,1.0
幸福村4社,44,2026-02-16,18:30,0.996,1.0
幸福村4社,44,2026-02-16,18:45,0.9958,1.0
幸福村4社,44,2026-02-16,19:00,0.9967,1.0
幸福村4社,44,2026-02-16,19:15,0.9946,0.997
幸福村4社,44,2026-02-16,19:30,0.9957,0.993
幸福村4社,44,2026-02-16,19:45,0.9922,0.99
幸福村4社,44,2026-02-16,20:00,0.9926,0.984
幸福村4社,44,2026-02-16,20:15,0.9937,0.99
幸福村4社,44,2026-02-16,20:30,0.9932,0.995
幸福村4社,44,2026-02-16,20:45,0.9927,0.994
幸福村4社,44,2026-02-16,21:00,0.9935,0.994
幸福村4社,44,2026-02-16,21:15,0.9943,0.995
幸福村4社,44,2026-02-16,21:30,0.9932,0.995
幸福村4社,44,2026-02-16,21:45,0.993,0.994
幸福村4社,44,2026-02-16,22:00,0.9945,0.993
幸福村4社,44,2026-02-16,22:15,0.9921,0.994
幸福村4社,44,2026-02-16,22:30,0.9943,0.991
幸福村4社,44,2026-02-16,22:45,0.9958,0.989
幸福村4社,44,2026-02-16,23:00,0.9937,0.989
幸福村4社,44,2026-02-16,23:15,0.9964,0.988
幸福村4社,44,2026-02-16,23:30,0.9935,0.987
幸福村4社,44,2026-02-16,23:45,0.9952,0.987
幸福村4社,44,2026-02-17,00:00,0.9964,0.989
幸福村4社,44,2026-02-17,00:15,0.9958,0.991
幸福村4社,44,2026-02-17,00:30,0.9975,0.99
幸福村4社,44,2026-02-17,00:45,0.9994,0.99
幸福村4社,44,2026-02-17,01:00,0.9969,0.994
幸福村4社,44,2026-02-17,01:15,0.9968,0.994
幸福村4社,44,2026-02-17,01:30,0.9957,0.995
幸福村4社,44,2026-02-17,01:45,0.9966,1.0
幸福村4社,44,2026-02-17,02:00,0.9973,1.0
幸福村4社,44,2026-02-17,02:15,0.9974,1.0
幸福村4社,44,2026-02-17,02:30,0.9978,1.0
幸福村4社,44,2026-02-17,02:45,0.9955,1.0
幸福村4社,44,2026-02-17,03:00,0.9971,1.0
幸福村4社,44,2026-02-17,03:15,0.9958,1.0
幸福村4社,44,2026-02-17,03:30,0.9955,1.0
幸福村4社,44,2026-02-17,03:45,0.9936,1.0
幸福村4社,44,2026-02-17,04:00,0.9963,1.0
幸福村4社,44,2026-02-17,04:15,0.9966,1.0
幸福村4社,44,2026-02-17,04:30,0.9973,1.0
幸福村4社,44,2026-02-17,04:45,0.9973,1.0
幸福村4社,44,2026-02-17,05:00,0.9968,1.0
幸福村4社,44,2026-02-17,05:15,0.998,1.0
幸福村4社,44,2026-02-17,05:30,0.9957,1.0
幸福村4社,44,2026-02-17,05:45,0.998,1.0
幸福村4社,44,2026-02-17,06:00,0.9985,1.0
幸福村4社,44,2026-02-17,06:15,0.9967,1.0
幸福村4社,44,2026-02-17,06:30,0.9956,1.0
幸福村4社,44,2026-02-17,06:45,0.9961,1.0
幸福村4社,44,2026-02-17,07:00,0.9959,1.0
幸福村4社,44,2026-02-17,07:15,0.9962,1.0
幸福村4社,44,2026-02-17,07:30,0.997,0.999
幸福村4社,44,2026-02-17,07:45,0.9964,0.999
幸福村4社,44,2026-02-17,08:00,0.9987,0.999
幸福村4社,44,2026-02-17,08:15,1.0016,0.999
幸福村4社,44,2026-02-17,08:30,0.999,0.999
幸福村4社,44,2026-02-17,08:45,0.9984,0.999
幸福村4社,44,2026-02-17,09:00,0.9976,1.0
幸福村4社,44,2026-02-17,09:15,0.9983,0.999
幸福村4社,44,2026-02-17,09:30,1.0001,0.999
幸福村4社,44,2026-02-17,09:45,1.0006,0.999
幸福村4社,44,2026-02-17,10:00,0.9987,0.999
幸福村4社,44,2026-02-17,10:15,0.9978,0.999
幸福村4社,44,2026-02-17,10:30,0.9992,0.999
幸福村4社,44,2026-02-17,10:45,1.0005,0.999
幸福村4社,44,2026-02-17,11:00,0.999,0.999
幸福村4社,44,2026-02-17,11:15,1.0003,0.999
幸福村4社,44,2026-02-17,11:30,0.999,0.998
幸福村4社,44,2026-02-17,11:45,0.9991,0.998
幸福村4社,44,2026-02-17,12:00,0.9994,0.998
幸福村4社,44,2026-02-17,12:15,0.9985,0.998
幸福村4社,44,2026-02-17,12:30,0.999,1.0
幸福村4社,44,2026-02-17,12:45,0.9996,1.0
幸福村4社,44,2026-02-17,13:00,0.9991,1.0
幸福村4社,44,2026-02-17,13:15,0.9983,1.0
幸福村4社,44,2026-02-17,13:30,0.9987,0.999
幸福村4社,44,2026-02-17,13:45,1.0001,1.0
幸福村4社,44,2026-02-17,14:00,0.9973,1.0
幸福村4社,44,2026-02-17,14:15,0.9974,0.999
幸福村4社,44,2026-02-17,14:30,1.0005,0.999
幸福村4社,44,2026-02-17,14:45,0.9983,0.999
幸福村4社,44,2026-02-17,15:00,0.9971,0.999
幸福村4社,44,2026-02-17,15:15,0.9975,0.999
幸福村4社,44,2026-02-17,15:30,0.9993,0.999
幸福村4社,44,2026-02-17,15:45,1.0001,1.0
幸福村4社,44,2026-02-17,16:00,1.0013,1.0
幸福村4社,44,2026-02-17,16:15,0.9994,1.0
幸福村4社,44,2026-02-17,16:30,0.9988,1.0
幸福村4社,44,2026-02-17,16:45,0.9987,1.0
幸福村4社,44,2026-02-17,17:00,0.999,1.0
幸福村4社,44,2026-02-17,17:15,0.9999,1.0
幸福村4社,44,2026-02-17,17:30,0.9974,0.999
幸福村4社,44,2026-02-17,17:45,0.9987,0.999
幸福村4社,44,2026-02-17,18:00,1.0009,1.0
幸福村4社,44,2026-02-17,18:15,0.9994,1.0
幸福村4社,44,2026-02-17,18:30,0.999,0.999
幸福村4社,44,2026-02-17,18:45,0.9985,0.999
幸福村4社,44,2026-02-17,19:00,0.9971,1.0
幸福村4社,44,2026-02-17,19:15,0.9958,0.993
幸福村4社,44,2026-02-17,19:30,0.9934,0.993
幸福村4社,44,2026-02-17,19:45,0.9937,0.993
幸福村4社,44,2026-02-17,20:00,0.9939,0.994
幸福村4社,44,2026-02-17,20:15,0.9935,0.994
幸福村4社,44,2026-02-17,20:30,0.9925,0.993
幸福村4社,44,2026-02-17,20:45,0.9938,0.996
幸福村4社,44,2026-02-17,21:00,0.9935,0.996
幸福村4社,44,2026-02-17,21:15,0.995,0.995
幸福村4社,44,2026-02-17,21:30,0.9946,0.997
幸福村4社,44,2026-02-17,21:45,0.9948,0.996
幸福村4社,44,2026-02-17,22:00,0.9922,0.995
幸福村4社,44,2026-02-17,22:15,0.9924,0.996
幸福村4社,44,2026-02-17,22:30,0.992,1.0
幸福村4社,44,2026-02-17,22:45,0.9946,1.0
幸福村4社,44,2026-02-17,23:00,0.9934,0.994
幸福村4社,44,2026-02-17,23:15,0.9958,1.0
幸福村4社,44,2026-02-17,23:30,0.9953,1.0
幸福村4社,44,2026-02-17,23:45,0.9962,1.0
幸福村4社,44,2026-02-18,00:00,0.9948,1.0
幸福村4社,44,2026-02-18,00:15,0.9964,1.0
幸福村4社,44,2026-02-18,00:30,0.9951,1.0
幸福村4社,44,2026-02-18,00:45,0.9946,1.0
幸福村4社,44,2026-02-18,01:00,0.9945,1.0
幸福村4社,44,2026-02-18,01:15,0.9984,1.0
幸福村4社,44,2026-02-18,01:30,0.9969,1.0
幸福村4社,44,2026-02-18,01:45,0.9989,1.0
幸福村4社,44,2026-02-18,02:00,0.9956,1.0
幸福村4社,44,2026-02-18,02:15,0.9994,1.0
幸福村4社,44,2026-02-18,02:30,0.998,1.0
幸福村4社,44,2026-02-18,02:45,0.9961,0.999
幸福村4社,44,2026-02-18,03:00,0.9972,1.0
幸福村4社,44,2026-02-18,03:15,0.9967,1.0
幸福村4社,44,2026-02-18,03:30,0.995,1.0
幸福村4社,44,2026-02-18,03:45,0.9947,1.0
幸福村4社,44,2026-02-18,04:00,0.9976,1.0
幸福村4社,44,2026-02-18,04:15,0.9968,1.0
幸福村4社,44,2026-02-18,04:30,0.9965,1.0
幸福村4社,44,2026-02-18,04:45,0.9969,1.0
幸福村4社,44,2026-02-18,05:00,0.9951,1.0
幸福村4社,44,2026-02-18,05:15,0.9972,1.0
幸福村4社,44,2026-02-18,05:30,0.9955,1.0
幸福村4社,44,2026-02-18,05:45,0.9981,1.0
幸福村4社,44,2026-02-18,06:00,0.9967,1.0
幸福村4社,44,2026-02-18,06:15,0.9956,1.0
幸福村4社,44,2026-02-18,06:30,0.997,1.0
幸福村4社,44,2026-02-18,06:45,0.9983,1.0
幸福村4社,44,2026-02-18,07:00,0.996,1.0
幸福村4社,44,2026-02-18,07:15,0.9968,1.0
幸福村4社,44,2026-02-18,07:30,0.9967,1.0
幸福村4社,44,2026-02-18,07:45,0.9976,1.0
幸福村4社,44,2026-02-18,08:00,0.9986,0.988
幸福村4社,44,2026-02-18,08:15,0.9992,1.0
幸福村4社,44,2026-02-18,08:30,0.9975,1.0
幸福村4社,44,2026-02-18,08:45,0.9989,0.999
幸福村4社,44,2026-02-18,09:00,0.9963,0.999
幸福村4社,44,2026-02-18,09:15,0.997,1.0
幸福村4社,44,2026-02-18,09:30,0.9999,1.0
幸福村4社,44,2026-02-18,09:45,0.9987,1.0
幸福村4社,44,2026-02-18,10:00,0.9998,0.999
幸福村4社,44,2026-02-18,10:15,0.9979,0.999
幸福村4社,44,2026-02-18,10:30,0.9971,1.0
幸福村4社,44,2026-02-18,10:45,1.0004,1.0
幸福村4社,44,2026-02-18,11:00,0.9959,1.0
幸福村4社,44,2026-02-18,11:15,1.0002,0.999
幸福村4社,44,2026-02-18,11:30,1.0013,0.999
幸福村4社,44,2026-02-18,11:45,1.0003,0.999
幸福村4社,44,2026-02-18,12:00,0.9982,0.999
幸福村4社,44,2026-02-18,12:15,0.9977,1.0
幸福村4社,44,2026-02-18,12:30,0.9995,1.0
幸福村4社,44,2026-02-18,12:45,0.9996,1.0
幸福村4社,44,2026-02-18,13:00,0.9981,1.0
幸福村4社,44,2026-02-18,13:15,0.999,1.0
幸福村4社,44,2026-02-18,13:30,0.9993,1.0
幸福村4社,44,2026-02-18,13:45,0.9987,1.0
幸福村4社,44,2026-02-18,14:00,0.9966,1.0
幸福村4社,44,2026-02-18,14:15,0.9964,1.0
幸福村4社,44,2026-02-18,14:30,0.9975,1.0
幸福村4社,44,2026-02-18,14:45,0.9964,0.999
幸福村4社,44,2026-02-18,15:00,0.9965,1.0
幸福村4社,44,2026-02-18,15:15,1.0015,1.0
幸福村4社,44,2026-02-18,15:30,1.0005,0.999
幸福村4社,44,2026-02-18,15:45,0.9983,0.999
幸福村4社,44,2026-02-18,16:00,1.001,1.0
幸福村4社,44,2026-02-18,16:15,0.9984,1.0
幸福村4社,44,2026-02-18,16:30,0.9978,0.999
幸福村4社,44,2026-02-18,16:45,0.9986,0.999
幸福村4社,44,2026-02-18,17:00,0.9985,0.999
幸福村4社,44,2026-02-18,17:15,0.9984,1.0
幸福村4社,44,2026-02-18,17:30,0.9959,1.0
幸福村4社,44,2026-02-18,17:45,0.9981,0.999
幸福村4社,44,2026-02-18,18:00,0.9971,0.999
幸福村4社,44,2026-02-18,18:15,0.9964,1.0
幸福村4社,44,2026-02-18,18:30,0.9977,0.998
幸福村4社,44,2026-02-18,18:45,0.9978,0.998
幸福村4社,44,2026-02-18,19:00,0.9944,0.998
幸福村4社,44,2026-02-18,19:15,0.9959,0.998
幸福村4社,44,2026-02-18,19:30,0.9933,0.999
幸福村4社,44,2026-02-18,19:45,0.9903,0.992
幸福村4社,44,2026-02-18,20:00,0.9904,0.991
幸福村4社,44,2026-02-18,20:15,0.9946,0.991
幸福村4社,44,2026-02-18,20:30,0.9944,0.991
幸福村4社,44,2026-02-18,20:45,0.9928,0.993
幸福村4社,44,2026-02-18,21:00,0.9936,0.992
幸福村4社,44,2026-02-18,21:15,0.9942,0.992
幸福村4社,44,2026-02-18,21:30,0.9927,0.988
幸福村4社,44,2026-02-18,21:45,0.9946,0.988
幸福村4社,44,2026-02-18,22:00,0.9924,0.994
幸福村4社,44,2026-02-18,22:15,0.9906,0.996
幸福村4社,44,2026-02-18,22:30,0.9925,0.996
幸福村4社,44,2026-02-18,22:45,0.9956,0.996
幸福村4社,44,2026-02-18,23:00,0.9954,0.995
幸福村4社,44,2026-02-18,23:15,0.9952,0.994
幸福村4社,44,2026-02-18,23:30,0.9967,0.995
幸福村4社,44,2026-02-18,23:45,0.9969,0.995
甘伍村3社,45,2026-02-07,00:00,1.0072,1.0
甘伍村3社,45,2026-02-07,00:15,1.0052,1.0
甘伍村3社,45,2026-02-07,00:30,1.0052,1.0
甘伍村3社,45,2026-02-07,00:45,1.0052,1.0
甘伍村3社,45,2026-02-07,01:00,1.0036,1.0
甘伍村3社,45,2026-02-07,01:15,1.0056,1.0
甘伍村3社,45,2026-02-07,01:30,1.0015,1.0
甘伍村3社,45,2026-02-07,01:45,1.0017,1.0
甘伍村3社,45,2026-02-07,02:00,1.003,1.0
甘伍村3社,45,2026-02-07,02:15,1.0044,1.0
甘伍村3社,45,2026-02-07,02:30,0.9992,1.0
甘伍村3社,45,2026-02-07,02:45,1.0063,1.0
甘伍村3社,45,2026-02-07,03:00,1.0059,1.0
甘伍村3社,45,2026-02-07,03:15,1.0025,1.0
甘伍村3社,45,2026-02-07,03:30,0.9929,1.0
甘伍村3社,45,2026-02-07,03:45,1.0036,1.0
甘伍村3社,45,2026-02-07,04:00,0.9983,1.0
甘伍村3社,45,2026-02-07,04:15,1.0004,1.0
甘伍村3社,45,2026-02-07,04:30,0.9951,1.0
甘伍村3社,45,2026-02-07,04:45,0.9974,1.0
甘伍村3社,45,2026-02-07,05:00,0.9958,1.0
甘伍村3社,45,2026-02-07,05:15,0.9991,1.0
甘伍村3社,45,2026-02-07,05:30,0.9967,1.0
甘伍村3社,45,2026-02-07,05:45,1.0004,1.0
甘伍村3社,45,2026-02-07,06:00,0.998,1.0
甘伍村3社,45,2026-02-07,06:15,0.9903,1.0
甘伍村3社,45,2026-02-07,06:30,0.995,1.0
甘伍村3社,45,2026-02-07,06:45,0.9944,1.0
甘伍村3社,45,2026-02-07,07:00,0.9973,1.0
甘伍村3社,45,2026-02-07,07:15,0.9962,1.0
甘伍村3社,45,2026-02-07,07:30,0.9958,1.0
甘伍村3社,45,2026-02-07,07:45,0.999,1.0
甘伍村3社,45,2026-02-07,08:00,0.9991,1.0
甘伍村3社,45,2026-02-07,08:15,0.9961,1.0
甘伍村3社,45,2026-02-07,08:30,1.0028,1.0
甘伍村3社,45,2026-02-07,08:45,0.9937,1.0
甘伍村3社,45,2026-02-07,09:00,1.0,1.0
甘伍村3社,45,2026-02-07,09:15,1.0033,1.0
甘伍村3社,45,2026-02-07,09:30,1.0068,1.0
甘伍村3社,45,2026-02-07,09:45,1.0011,1.0
甘伍村3社,45,2026-02-07,10:00,1.0076,1.0
甘伍村3社,45,2026-02-07,10:15,1.0059,1.0
甘伍村3社,45,2026-02-07,10:30,1.0055,1.0
甘伍村3社,45,2026-02-07,10:45,1.006,1.0
甘伍村3社,45,2026-02-07,11:00,1.0095,1.0
甘伍村3社,45,2026-02-07,11:15,1.0039,1.0
甘伍村3社,45,2026-02-07,11:30,1.0056,1.0
甘伍村3社,45,2026-02-07,11:45,1.0043,1.0
甘伍村3社,45,2026-02-07,12:00,0.9996,1.0
甘伍村3社,45,2026-02-07,12:15,0.9985,1.0
甘伍村3社,45,2026-02-07,12:30,1.0016,1.0
甘伍村3社,45,2026-02-07,12:45,0.9987,1.0
甘伍村3社,45,2026-02-07,13:00,0.9999,1.0
甘伍村3社,45,2026-02-07,13:15,0.9981,1.0
甘伍村3社,45,2026-02-07,13:30,0.9994,1.0
甘伍村3社,45,2026-02-07,13:45,1.008,1.0
甘伍村3社,45,2026-02-07,14:00,0.9976,1.0
甘伍村3社,45,2026-02-07,14:15,1.0017,1.0
甘伍村3社,45,2026-02-07,14:30,0.9966,1.0
甘伍村3社,45,2026-02-07,14:45,1.0031,1.0
甘伍村3社,45,2026-02-07,15:00,1.0025,1.0
甘伍村3社,45,2026-02-07,15:15,1.004,1.0
甘伍村3社,45,2026-02-07,15:30,1.0052,1.0
甘伍村3社,45,2026-02-07,15:45,0.9981,1.0
甘伍村3社,45,2026-02-07,16:00,1.0058,1.0
甘伍村3社,45,2026-02-07,16:15,1.0004,1.0
甘伍村3社,45,2026-02-07,16:30,0.9998,1.0
甘伍村3社,45,2026-02-07,16:45,0.9987,1.0
甘伍村3社,45,2026-02-07,17:00,1.0053,1.0
甘伍村3社,45,2026-02-07,17:15,0.9965,1.0
甘伍村3社,45,2026-02-07,17:30,1.0018,1.0
甘伍村3社,45,2026-02-07,17:45,0.9979,1.0
甘伍村3社,45,2026-02-07,18:00,0.9917,1.0
甘伍村3社,45,2026-02-07,18:15,1.0007,1.0
甘伍村3社,45,2026-02-07,18:30,0.9981,1.0
甘伍村3社,45,2026-02-07,18:45,1.0022,1.0
甘伍村3社,45,2026-02-07,19:00,1.003,1.0
甘伍村3社,45,2026-02-07,19:15,1.0013,1.0
甘伍村3社,45,2026-02-07,19:30,0.9941,1.0
甘伍村3社,45,2026-02-07,19:45,0.9923,1.0
甘伍村3社,45,2026-02-07,20:00,0.9849,1.0
甘伍村3社,45,2026-02-07,20:15,0.9924,1.0
甘伍村3社,45,2026-02-07,20:30,0.9931,1.0
甘伍村3社,45,2026-02-07,20:45,0.9988,1.0
甘伍村3社,45,2026-02-07,21:00,1.0019,1.0
甘伍村3社,45,2026-02-07,21:15,0.9999,1.0
甘伍村3社,45,2026-02-07,21:30,0.9995,1.0
甘伍村3社,45,2026-02-07,21:45,0.9988,1.0
甘伍村3社,45,2026-02-07,22:00,0.9973,1.0
甘伍村3社,45,2026-02-07,22:15,1.0017,1.0
甘伍村3社,45,2026-02-07,22:30,1.0014,1.0
甘伍村3社,45,2026-02-07,22:45,0.9997,1.0
甘伍村3社,45,2026-02-07,23:00,1.0026,1.0
甘伍村3社,45,2026-02-07,23:15,1.0001,1.0
甘伍村3社,45,2026-02-07,23:30,1.0048,1.0
甘伍村3社,45,2026-02-07,23:45,1.0024,1.0
甘伍村3社,45,2026-02-08,00:00,1.0007,1.0
甘伍村3社,45,2026-02-08,00:15,1.0024,1.0
甘伍村3社,45,2026-02-08,00:30,1.0029,1.0
甘伍村3社,45,2026-02-08,00:45,0.9989,1.0
甘伍村3社,45,2026-02-08,01:00,0.9978,1.0
甘伍村3社,45,2026-02-08,01:15,1.0046,1.0
甘伍村3社,45,2026-02-08,01:30,1.0046,1.0
甘伍村3社,45,2026-02-08,01:45,1.0055,1.0
甘伍村3社,45,2026-02-08,02:00,1.0009,1.0
甘伍村3社,45,2026-02-08,02:15,1.0009,1.0
甘伍村3社,45,2026-02-08,02:30,1.0016,1.0
甘伍村3社,45,2026-02-08,02:45,1.0031,1.0
甘伍村3社,45,2026-02-08,03:00,1.001,1.0
甘伍村3社,45,2026-02-08,03:15,1.0019,1.0
甘伍村3社,45,2026-02-08,03:30,1.0043,1.0
甘伍村3社,45,2026-02-08,03:45,1.0068,1.0
甘伍村3社,45,2026-02-08,04:00,0.9993,1.0
甘伍村3社,45,2026-02-08,04:15,0.9955,1.0
甘伍村3社,45,2026-02-08,04:30,1.0,1.0
甘伍村3社,45,2026-02-08,04:45,0.9967,1.0
甘伍村3社,45,2026-02-08,05:00,0.9986,1.0
甘伍村3社,45,2026-02-08,05:15,0.9923,1.0
甘伍村3社,45,2026-02-08,05:30,1.0013,1.0
甘伍村3社,45,2026-02-08,05:45,0.9949,1.0
甘伍村3社,45,2026-02-08,06:00,0.9934,1.0
甘伍村3社,45,2026-02-08,06:15,0.9935,1.0
甘伍村3社,45,2026-02-08,06:30,0.9895,1.0
甘伍村3社,45,2026-02-08,06:45,0.9903,1.0
甘伍村3社,45,2026-02-08,07:00,0.9905,1.0
甘伍村3社,45,2026-02-08,07:15,0.9954,1.0
甘伍村3社,45,2026-02-08,07:30,0.9951,1.0
甘伍村3社,45,2026-02-08,07:45,0.9995,1.0
甘伍村3社,45,2026-02-08,08:00,0.9939,0.887
甘伍村3社,45,2026-02-08,08:15,0.9953,1.0
甘伍村3社,45,2026-02-08,08:30,1.0005,1.0
甘伍村3社,45,2026-02-08,08:45,0.9982,1.0
甘伍村3社,45,2026-02-08,09:00,1.0014,1.0
甘伍村3社,45,2026-02-08,09:15,1.0014,1.0
甘伍村3社,45,2026-02-08,09:30,1.0046,1.0
甘伍村3社,45,2026-02-08,09:45,0.9997,1.0
甘伍村3社,45,2026-02-08,10:00,1.0027,1.0
甘伍村3社,45,2026-02-08,10:15,1.006,1.0
甘伍村3社,45,2026-02-08,10:30,1.0017,1.0
甘伍村3社,45,2026-02-08,10:45,1.0005,1.0
甘伍村3社,45,2026-02-08,11:00,1.0034,1.0
甘伍村3社,45,2026-02-08,11:15,0.9992,1.0
甘伍村3社,45,2026-02-08,11:30,1.0032,1.0
甘伍村3社,45,2026-02-08,11:45,1.003,0.929
甘伍村3社,45,2026-02-08,12:00,0.9991,0.927
甘伍村3社,45,2026-02-08,12:15,1.0055,1.0
甘伍村3社,45,2026-02-08,12:30,1.0016,1.0
甘伍村3社,45,2026-02-08,12:45,0.9995,1.0
甘伍村3社,45,2026-02-08,13:00,0.9953,1.0
甘伍村3社,45,2026-02-08,13:15,1.0045,1.0
甘伍村3社,45,2026-02-08,13:30,0.999,1.0
甘伍村3社,45,2026-02-08,13:45,0.9997,1.0
甘伍村3社,45,2026-02-08,14:00,1.0006,0.92
甘伍村3社,45,2026-02-08,14:15,1.0016,1.0
甘伍村3社,45,2026-02-08,14:30,0.9935,1.0
甘伍村3社,45,2026-02-08,14:45,1.0052,1.0
甘伍村3社,45,2026-02-08,15:00,1.0048,1.0
甘伍村3社,45,2026-02-08,15:15,1.0042,1.0
甘伍村3社,45,2026-02-08,15:30,1.0046,1.0
甘伍村3社,45,2026-02-08,15:45,1.0014,1.0
甘伍村3社,45,2026-02-08,16:00,1.0003,1.0
甘伍村3社,45,2026-02-08,16:15,1.0056,1.0
甘伍村3社,45,2026-02-08,16:30,0.997,1.0
甘伍村3社,45,2026-02-08,16:45,0.9935,1.0
甘伍村3社,45,2026-02-08,17:00,0.9975,1.0
甘伍村3社,45,2026-02-08,17:15,0.9924,1.0
甘伍村3社,45,2026-02-08,17:30,1.0047,1.0
甘伍村3社,45,2026-02-08,17:45,0.9973,1.0
甘伍村3社,45,2026-02-08,18:00,0.995,1.0
甘伍村3社,45,2026-02-08,18:15,0.9984,1.0
甘伍村3社,45,2026-02-08,18:30,0.9965,1.0
甘伍村3社,45,2026-02-08,18:45,1.0013,1.0
甘伍村3社,45,2026-02-08,19:00,0.9985,1.0
甘伍村3社,45,2026-02-08,19:15,0.9949,1.0
甘伍村3社,45,2026-02-08,19:30,1.0029,1.0
甘伍村3社,45,2026-02-08,19:45,0.9898,1.0
甘伍村3社,45,2026-02-08,20:00,0.9837,1.0
甘伍村3社,45,2026-02-08,20:15,0.9933,1.0
甘伍村3社,45,2026-02-08,20:30,0.9961,1.0
甘伍村3社,45,2026-02-08,20:45,0.9972,1.0
甘伍村3社,45,2026-02-08,21:00,0.9997,1.0
甘伍村3社,45,2026-02-08,21:15,1.0006,1.0
甘伍村3社,45,2026-02-08,21:30,0.9971,1.0
甘伍村3社,45,2026-02-08,21:45,0.9958,1.0
甘伍村3社,45,2026-02-08,22:00,0.9986,1.0
甘伍村3社,45,2026-02-08,22:15,0.9991,1.0
甘伍村3社,45,2026-02-08,22:30,1.003,1.0
甘伍村3社,45,2026-02-08,22:45,0.9998,1.0
甘伍村3社,45,2026-02-08,23:00,1.0037,1.0
甘伍村3社,45,2026-02-08,23:15,0.9999,1.0
甘伍村3社,45,2026-02-08,23:30,1.0016,1.0
甘伍村3社,45,2026-02-08,23:45,0.9992,1.0
甘伍村3社,45,2026-02-09,00:00,0.9988,1.0
甘伍村3社,45,2026-02-09,00:15,0.9999,1.0
甘伍村3社,45,2026-02-09,00:30,0.9996,1.0
甘伍村3社,45,2026-02-09,00:45,1.0014,1.0
甘伍村3社,45,2026-02-09,01:00,1.0046,1.0
甘伍村3社,45,2026-02-09,01:15,0.9949,1.0
甘伍村3社,45,2026-02-09,01:30,0.9991,1.0
甘伍村3社,45,2026-02-09,01:45,0.9944,1.0
甘伍村3社,45,2026-02-09,02:00,1.0036,1.0
甘伍村3社,45,2026-02-09,02:15,0.9953,1.0
甘伍村3社,45,2026-02-09,02:30,0.9991,1.0
甘伍村3社,45,2026-02-09,02:45,1.0014,1.0
甘伍村3社,45,2026-02-09,03:00,1.0012,1.0
甘伍村3社,45,2026-02-09,03:15,1.0022,1.0
甘伍村3社,45,2026-02-09,03:30,1.0039,1.0
甘伍村3社,45,2026-02-09,03:45,1.0025,1.0
甘伍村3社,45,2026-02-09,04:00,0.9963,1.0
甘伍村3社,45,2026-02-09,04:15,0.993,1.0
甘伍村3社,45,2026-02-09,04:30,0.9985,1.0
甘伍村3社,45,2026-02-09,04:45,0.996,1.0
甘伍村3社,45,2026-02-09,05:00,0.9965,1.0
甘伍村3社,45,2026-02-09,05:15,0.999,1.0
甘伍村3社,45,2026-02-09,05:30,0.9986,1.0
甘伍村3社,45,2026-02-09,05:45,0.9959,1.0
甘伍村3社,45,2026-02-09,06:00,0.9962,1.0
甘伍村3社,45,2026-02-09,06:15,0.9938,1.0
甘伍村3社,45,2026-02-09,06:30,0.9903,1.0
甘伍村3社,45,2026-02-09,06:45,0.9883,1.0
甘伍村3社,45,2026-02-09,07:00,0.9916,1.0
甘伍村3社,45,2026-02-09,07:15,0.9948,1.0
甘伍村3社,45,2026-02-09,07:30,0.9963,1.0
甘伍村3社,45,2026-02-09,07:45,0.9972,1.0
甘伍村3社,45,2026-02-09,08:00,0.9954,1.0
甘伍村3社,45,2026-02-09,08:15,0.9969,1.0
甘伍村3社,45,2026-02-09,08:30,0.9977,1.0
甘伍村3社,45,2026-02-09,08:45,0.9957,1.0
甘伍村3社,45,2026-02-09,09:00,1.001,1.0
甘伍村3社,45,2026-02-09,09:15,1.0005,1.0
甘伍村3社,45,2026-02-09,09:30,0.9977,1.0
甘伍村3社,45,2026-02-09,09:45,1.0003,1.0
甘伍村3社,45,2026-02-09,10:00,1.0,1.0
甘伍村3社,45,2026-02-09,10:15,1.0036,1.0
甘伍村3社,45,2026-02-09,10:30,1.0033,1.0
甘伍村3社,45,2026-02-09,10:45,0.9978,1.0
甘伍村3社,45,2026-02-09,11:00,1.0077,1.0
甘伍村3社,45,2026-02-09,11:15,1.002,1.0
甘伍村3社,45,2026-02-09,11:30,0.9966,1.0
甘伍村3社,45,2026-02-09,11:45,0.9985,1.0
甘伍村3社,45,2026-02-09,12:00,1.0,1.0
甘伍村3社,45,2026-02-09,12:15,1.0042,1.0
甘伍村3社,45,2026-02-09,12:30,0.9977,1.0
甘伍村3社,45,2026-02-09,12:45,1.0008,1.0
甘伍村3社,45,2026-02-09,13:00,0.999,1.0
甘伍村3社,45,2026-02-09,13:15,1.0033,1.0
甘伍村3社,45,2026-02-09,13:30,1.0009,0.919
甘伍村3社,45,2026-02-09,13:45,1.0043,0.919
甘伍村3社,45,2026-02-09,14:00,1.0001,0.912
甘伍村3社,45,2026-02-09,14:15,1.0014,0.919
甘伍村3社,45,2026-02-09,14:30,0.997,1.0
甘伍村3社,45,2026-02-09,14:45,1.0018,1.0
甘伍村3社,45,2026-02-09,15:00,1.0064,1.0
甘伍村3社,45,2026-02-09,15:15,0.9995,1.0
甘伍村3社,45,2026-02-09,15:30,1.0025,1.0
甘伍村3社,45,2026-02-09,15:45,1.0041,1.0
甘伍村3社,45,2026-02-09,16:00,0.9986,1.0
甘伍村3社,45,2026-02-09,16:15,1.003,1.0
甘伍村3社,45,2026-02-09,16:30,0.9968,1.0
甘伍村3社,45,2026-02-09,16:45,0.994,1.0
甘伍村3社,45,2026-02-09,17:00,1.0001,1.0
甘伍村3社,45,2026-02-09,17:15,0.9991,1.0
甘伍村3社,45,2026-02-09,17:30,1.0035,1.0
甘伍村3社,45,2026-02-09,17:45,0.9984,1.0
甘伍村3社,45,2026-02-09,18:00,1.0,1.0
甘伍村3社,45,2026-02-09,18:15,0.9997,1.0
甘伍村3社,45,2026-02-09,18:30,0.995,1.0
甘伍村3社,45,2026-02-09,18:45,0.9979,1.0
甘伍村3社,45,2026-02-09,19:00,1.0055,1.0
甘伍村3社,45,2026-02-09,19:15,0.9967,1.0
甘伍村3社,45,2026-02-09,19:30,0.9941,1.0
甘伍村3社,45,2026-02-09,19:45,0.9893,1.0
甘伍村3社,45,2026-02-09,20:00,0.9847,1.0
甘伍村3社,45,2026-02-09,20:15,0.9903,1.0
甘伍村3社,45,2026-02-09,20:30,0.9927,1.0
甘伍村3社,45,2026-02-09,20:45,1.0012,1.0
甘伍村3社,45,2026-02-09,21:00,1.0016,1.0
甘伍村3社,45,2026-02-09,21:15,1.0003,1.0
甘伍村3社,45,2026-02-09,21:30,1.0017,1.0
甘伍村3社,45,2026-02-09,21:45,0.9972,1.0
甘伍村3社,45,2026-02-09,22:00,1.0016,1.0
甘伍村3社,45,2026-02-09,22:15,1.0029,1.0
甘伍村3社,45,2026-02-09,22:30,1.0013,1.0
甘伍村3社,45,2026-02-09,22:45,0.9978,1.0
甘伍村3社,45,2026-02-09,23:00,1.0031,1.0
甘伍村3社,45,2026-02-09,23:15,1.0012,1.0
甘伍村3社,45,2026-02-09,23:30,1.0001,1.0
甘伍村3社,45,2026-02-09,23:45,0.9983,1.0
幸福村1社,46,2026-04-24,00:00,0.7318,0.665
幸福村1社,46,2026-04-24,00:15,0.7047,0.692
幸福村1社,46,2026-04-24,00:30,0.7294,0.617
幸福村1社,46,2026-04-24,00:45,0.6977,0.716
幸福村1社,46,2026-04-24,01:00,0.6978,0.683
幸福村1社,46,2026-04-24,01:15,0.6996,0.634
幸福村1社,46,2026-04-24,01:30,0.6873,0.693
幸福村1社,46,2026-04-24,01:45,0.6841,0.616
幸福村1社,46,2026-04-24,02:00,0.6875,0.694
幸福村1社,46,2026-04-24,02:15,0.6879,0.658
幸福村1社,46,2026-04-24,02:30,0.6765,0.677
幸福村1社,46,2026-04-24,02:45,0.6954,0.691
幸福村1社,46,2026-04-24,03:00,0.6765,0.662
幸福村1社,46,2026-04-24,03:15,0.6838,0.659
幸福村1社,46,2026-04-24,03:30,0.6756,0.666
幸福村1社,46,2026-04-24,03:45,0.6843,0.69
幸福村1社,46,2026-04-24,04:00,0.6669,0.661
幸福村1社,46,2026-04-24,04:15,0.6747,0.691
幸福村1社,46,2026-04-24,04:30,0.6796,0.62
幸福村1社,46,2026-04-24,04:45,0.6631,0.639
幸福村1社,46,2026-04-24,05:00,0.6757,0.67
幸福村1社,46,2026-04-24,05:15,0.662,0.589
幸福村1社,46,2026-04-24,05:30,0.6631,0.656
幸福村1社,46,2026-04-24,05:45,0.6534,0.59
幸福村1社,46,2026-04-24,06:00,0.6681,0.662
幸福村1社,46,2026-04-24,06:15,0.6829,0.65
幸福村1社,46,2026-04-24,06:30,0.7189,0.999
幸福村1社,46,2026-04-24,06:45,0.7269,0.984
幸福村1社,46,2026-04-24,07:00,0.767,0.969
幸福村1社,46,2026-04-24,07:15,0.7771,0.991
幸福村1社,46,2026-04-24,07:30,0.8143,0.996
幸福村1社,46,2026-04-24,07:45,0.8396,0.991
幸福村1社,46,2026-04-24,08:00,0.838,0.997
幸福村1社,46,2026-04-24,08:15,0.8808,0.996
幸福村1社,46,2026-04-24,08:30,0.9387,0.99
幸福村1社,46,2026-04-24,08:45,0.947,0.993
幸福村1社,46,2026-04-24,09:00,0.9431,0.986
幸福村1社,46,2026-04-24,09:15,0.9435,0.998
幸福村1社,46,2026-04-24,09:30,0.9208,0.992
幸福村1社,46,2026-04-24,09:45,0.9105,0.999
幸福村1社,46,2026-04-24,10:00,0.8964,0.95
幸福村1社,46,2026-04-24,10:15,0.8782,0.776
幸福村1社,46,2026-04-24,10:30,0.862,0.809
幸福村1社,46,2026-04-24,10:45,0.8702,0.878
幸福村1社,46,2026-04-24,11:00,0.8193,0.683
幸福村1社,46,2026-04-24,11:15,0.8198,0.825
幸福村1社,46,2026-04-24,11:30,0.8197,0.839
幸福村1社,46,2026-04-24,11:45,0.8109,0.887
幸福村1社,46,2026-04-24,12:00,0.7949,0.994
幸福村1社,46,2026-04-24,12:15,0.7875,0.782
幸福村1社,46,2026-04-24,12:30,0.8053,0.886
幸福村1社,46,2026-04-24,12:45,0.7895,0.862
幸福村1社,46,2026-04-24,13:00,0.7936,0.878
幸福村1社,46,2026-04-24,13:15,0.7984,0.878
幸福村1社,46,2026-04-24,13:30,0.7942,0.778
幸福村1社,46,2026-04-24,13:45,0.8121,0.716
幸福村1社,46,2026-04-24,14:00,0.7941,0.924
幸福村1社,46,2026-04-24,14:15,0.7959,0.811
幸福村1社,46,2026-04-24,14:30,0.8176,0.751
幸福村1社,46,2026-04-24,14:45,0.7922,0.856
幸福村1社,46,2026-04-24,15:00,0.7885,0.704
幸福村1社,46,2026-04-24,15:15,0.809,0.815
幸福村1社,46,2026-04-24,15:30,0.801,0.988
幸福村1社,46,2026-04-24,15:45,0.7893,0.959
幸福村1社,46,2026-04-24,16:00,0.8083,0.996
幸福村1社,46,2026-04-24,16:15,0.8246,0.999
幸福村1社,46,2026-04-24,16:30,0.8521,0.967
幸福村1社,46,2026-04-24,16:45,0.8885,0.977
幸福村1社,46,2026-04-24,17:00,0.8688,0.982
幸福村1社,46,2026-04-24,17:15,0.8879,0.767
幸福村1社,46,2026-04-24,17:30,0.8873,0.997
幸福村1社,46,2026-04-24,17:45,0.9009,0.798
幸福村1社,46,2026-04-24,18:00,0.9033,0.999
幸福村1社,46,2026-04-24,18:15,0.9121,0.968
幸福村1社,46,2026-04-24,18:30,0.8946,0.992
幸福村1社,46,2026-04-24,18:45,0.8943,0.965
幸福村1社,46,2026-04-24,19:00,0.8887,0.843
幸福村1社,46,2026-04-24,19:15,0.9108,0.984
幸福村1社,46,2026-04-24,19:30,0.9105,0.987
幸福村1社,46,2026-04-24,19:45,0.9151,0.949
幸福村1社,46,2026-04-24,20:00,0.9063,0.995
幸福村1社,46,2026-04-24,20:15,0.9062,0.972
幸福村1社,46,2026-04-24,20:30,0.887,0.993
幸福村1社,46,2026-04-24,20:45,0.8804,0.97
幸福村1社,46,2026-04-24,21:00,0.8816,0.927
幸福村1社,46,2026-04-24,21:15,0.8697,0.934
幸福村1社,46,2026-04-24,21:30,0.8644,0.904
幸福村1社,46,2026-04-24,21:45,0.8453,0.901
幸福村1社,46,2026-04-24,22:00,0.8205,0.905
幸福村1社,46,2026-04-24,22:15,0.818,0.903
幸福村1社,46,2026-04-24,22:30,0.8013,0.872
幸福村1社,46,2026-04-24,22:45,0.7936,0.848
幸福村1社,46,2026-04-24,23:00,0.7783,0.778
幸福村1社,46,2026-04-24,23:15,0.7633,0.771
幸福村1社,46,2026-04-24,23:30,0.7647,0.844
幸福村1社,46,2026-04-24,23:45,0.7516,0.798
幸福村1社,46,2026-04-25,00:00,0.7447,0.924
幸福村1社,46,2026-04-25,00:15,0.7282,0.876
幸福村1社,46,2026-04-25,00:30,0.7277,0.927
幸福村1社,46,2026-04-25,00:45,0.7127,0.884
幸福村1社,46,2026-04-25,01:00,0.7094,0.954
幸福村1社,46,2026-04-25,01:15,0.7122,0.847
幸福村1社,46,2026-04-25,01:30,0.69,0.895
幸福村1社,46,2026-04-25,01:45,0.6784,0.849
幸福村1社,46,2026-04-25,02:00,0.6749,0.878
幸福村1社,46,2026-04-25,02:15,0.6996,0.966
幸福村1社,46,2026-04-25,02:30,0.6861,0.816
幸福村1社,46,2026-04-25,02:45,0.6946,0.921
幸福村1社,46,2026-04-25,03:00,0.6861,0.908
幸福村1社,46,2026-04-25,03:15,0.6879,0.893
幸福村1社,46,2026-04-25,03:30,0.6784,0.74
幸福村1社,46,2026-04-25,03:45,0.6891,0.697
幸福村1社,46,2026-04-25,04:00,0.6754,0.695
幸福村1社,46,2026-04-25,04:15,0.6849,0.702
幸福村1社,46,2026-04-25,04:30,0.6702,0.691
幸福村1社,46,2026-04-25,04:45,0.6666,0.684
幸福村1社,46,2026-04-25,05:00,0.6745,0.862
幸福村1社,46,2026-04-25,05:15,0.6571,0.749
幸福村1社,46,2026-04-25,05:30,0.6666,0.722
幸福村1社,46,2026-04-25,05:45,0.67,0.755
幸福村1社,46,2026-04-25,06:00,0.6683,0.997
幸福村1社,46,2026-04-25,06:15,0.6722,0.985
幸福村1社,46,2026-04-25,06:30,0.7238,0.811
幸福村1社,46,2026-04-25,06:45,0.7448,0.956
幸福村1社,46,2026-04-25,07:00,0.7549,1.0
幸福村1社,46,2026-04-25,07:15,0.7714,0.988
幸福村1社,46,2026-04-25,07:30,0.8192,0.998
幸福村1社,46,2026-04-25,07:45,0.8608,0.995
幸福村1社,46,2026-04-25,08:00,0.8438,0.999
幸福村1社,46,2026-04-25,08:15,0.9013,0.998
幸福村1社,46,2026-04-25,08:30,0.944,0.999
幸福村1社,46,2026-04-25,08:45,0.9487,0.999
幸福村1社,46,2026-04-25,09:00,0.9505,0.999
幸福村1社,46,2026-04-25,09:15,0.9388,0.997
幸福村1社,46,2026-04-25,09:30,0.9207,0.913
幸福村1社,46,2026-04-25,09:45,0.9263,0.997
幸福村1社,46,2026-04-25,10:00,0.9129,0.755
幸福村1社,46,2026-04-25,10:15,0.8613,0.882
幸福村1社,46,2026-04-25,10:30,0.8479,0.987
幸福村1社,46,2026-04-25,10:45,0.8627,0.943
幸福村1社,46,2026-04-25,11:00,0.7823,0.802
幸福村1社,46,2026-04-25,11:15,0.8052,0.748
幸福村1社,46,2026-04-25,11:30,0.8032,0.989
幸福村1社,46,2026-04-25,11:45,0.7837,0.931
幸福村1社,46,2026-04-25,12:00,0.7862,0.937
幸福村1社,46,2026-04-25,12:15,0.7776,0.999
幸福村1社,46,2026-04-25,12:30,0.7776,0.994
幸福村1社,46,2026-04-25,12:45,0.7746,0.999
幸福村1社,46,2026-04-25,13:00,0.7604,1.0
幸福村1社,46,2026-04-25,13:15,0.7542,0.976
幸福村1社,46,2026-04-25,13:30,0.7565,0.968
幸福村1社,46,2026-04-25,13:45,0.7859,0.998
幸福村1社,46,2026-04-25,14:00,0.7727,0.964
幸福村1社,46,2026-04-25,14:15,0.7885,0.999
幸福村1社,46,2026-04-25,14:30,0.81,0.998
幸福村1社,46,2026-04-25,14:45,0.8078,0.951
幸福村1社,46,2026-04-25,15:00,0.7904,0.993
幸福村1社,46,2026-04-25,15:15,0.7927,0.965
幸福村1社,46,2026-04-25,15:30,0.7774,0.979
幸福村1社,46,2026-04-25,15:45,0.7824,0.965
幸福村1社,46,2026-04-25,16:00,0.7798,0.837
幸福村1社,46,2026-04-25,16:15,0.8036,0.769
幸福村1社,46,2026-04-25,16:30,0.8303,0.798
幸福村1社,46,2026-04-25,16:45,0.8552,0.793
幸福村1社,46,2026-04-25,17:00,0.8646,0.946
幸福村1社,46,2026-04-25,17:15,0.8811,0.994
幸福村1社,46,2026-04-25,17:30,0.9041,0.755
幸福村1社,46,2026-04-25,17:45,0.9024,0.996
幸福村1社,46,2026-04-25,18:00,0.8978,0.961
幸福村1社,46,2026-04-25,18:15,0.9096,0.82
幸福村1社,46,2026-04-25,18:30,0.8914,0.853
幸福村1社,46,2026-04-25,18:45,0.8909,0.9
幸福村1社,46,2026-04-25,19:00,0.8692,0.99
幸福村1社,46,2026-04-25,19:15,0.9078,0.997
幸福村1社,46,2026-04-25,19:30,0.913,0.988
幸福村1社,46,2026-04-25,19:45,0.8867,0.997
幸福村1社,46,2026-04-25,20:00,0.8974,0.99
幸福村1社,46,2026-04-25,20:15,0.9061,0.981
幸福村1社,46,2026-04-25,20:30,0.882,0.796
幸福村1社,46,2026-04-25,20:45,0.875,0.867
幸福村1社,46,2026-04-25,21:00,0.8758,0.924
幸福村1社,46,2026-04-25,21:15,0.8646,0.957
幸福村1社,46,2026-04-25,21:30,0.8577,0.938
幸福村1社,46,2026-04-25,21:45,0.8456,0.988
幸福村1社,46,2026-04-25,22:00,0.8292,0.883
幸福村1社,46,2026-04-25,22:15,0.8121,0.944
幸福村1社,46,2026-04-25,22:30,0.8058,0.983
幸福村1社,46,2026-04-25,22:45,0.7854,0.942
幸福村1社,46,2026-04-25,23:00,0.7747,0.991
幸福村1社,46,2026-04-25,23:15,0.7746,0.946
幸福村1社,46,2026-04-25,23:30,0.7595,0.876
幸福村1社,46,2026-04-25,23:45,0.7399,0.887
幸福村1社,46,2026-04-26,00:00,0.7363,0.824
幸福村1社,46,2026-04-26,00:15,0.7277,0.835
幸福村1社,46,2026-04-26,00:30,0.7308,0.852
幸福村1社,46,2026-04-26,00:45,0.7122,0.91
幸福村1社,46,2026-04-26,01:00,0.709,0.865
幸福村1社,46,2026-04-26,01:15,0.7088,0.838
幸福村1社,46,2026-04-26,01:30,0.6952,0.888
幸福村1社,46,2026-04-26,01:45,0.6848,0.746
幸福村1社,46,2026-04-26,02:00,0.6942,0.919
幸福村1社,46,2026-04-26,02:15,0.6923,0.9
幸福村1社,46,2026-04-26,02:30,0.6736,0.877
幸福村1社,46,2026-04-26,02:45,0.6949,0.79
幸福村1社,46,2026-04-26,03:00,0.683,0.746
幸福村1社,46,2026-04-26,03:15,0.6754,0.727
幸福村1社,46,2026-04-26,03:30,0.6822,0.67
幸福村1社,46,2026-04-26,03:45,0.6872,0.713
幸福村1社,46,2026-04-26,04:00,0.6711,0.819
幸福村1社,46,2026-04-26,04:15,0.6875,0.719
幸福村1社,46,2026-04-26,04:30,0.6819,0.73
幸福村1社,46,2026-04-26,04:45,0.6735,0.723
幸福村1社,46,2026-04-26,05:00,0.6667,0.713
幸福村1社,46,2026-04-26,05:15,0.6677,0.735
幸福村1社,46,2026-04-26,05:30,0.6678,0.679
幸福村1社,46,2026-04-26,05:45,0.6761,0.716
幸福村1社,46,2026-04-26,06:00,0.68,0.683
幸福村1社,46,2026-04-26,06:15,0.6922,0.73
幸福村1社,46,2026-04-26,06:30,0.7196,0.681
幸福村1社,46,2026-04-26,06:45,0.7348,0.811
幸福村1社,46,2026-04-26,07:00,0.7689,0.744
幸福村1社,46,2026-04-26,07:15,0.7846,0.968
幸福村1社,46,2026-04-26,07:30,0.8392,0.99
幸福村1社,46,2026-04-26,07:45,0.8495,0.97
幸福村1社,46,2026-04-26,08:00,0.8499,0.996
幸福村1社,46,2026-04-26,08:15,0.9084,0.995
幸福村1社,46,2026-04-26,08:30,0.9312,0.977
幸福村1社,46,2026-04-26,08:45,0.9378,0.994
幸福村1社,46,2026-04-26,09:00,0.9414,0.997
幸福村1社,46,2026-04-26,09:15,0.9449,0.993
幸福村1社,46,2026-04-26,09:30,0.9377,0.956
幸福村1社,46,2026-04-26,09:45,0.9398,0.991
幸福村1社,46,2026-04-26,10:00,0.9109,0.982
幸福村1社,46,2026-04-26,10:15,0.8766,0.834
幸福村1社,46,2026-04-26,10:30,0.8482,0.737
幸福村1社,46,2026-04-26,10:45,0.8684,0.994
幸福村1社,46,2026-04-26,11:00,0.8035,0.967
幸福村1社,46,2026-04-26,11:15,0.8116,0.804
幸福村1社,46,2026-04-26,11:30,0.7807,0.874
幸福村1社,46,2026-04-26,11:45,0.7987,0.791
幸福村1社,46,2026-04-26,12:00,0.7855,0.843
幸福村1社,46,2026-04-26,12:15,0.7653,0.956
幸福村1社,46,2026-04-26,12:30,0.7902,0.773
幸福村1社,46,2026-04-26,12:45,0.7881,0.801
幸福村1社,46,2026-04-26,13:00,0.7766,0.985
幸福村1社,46,2026-04-26,13:15,0.7796,0.81
幸福村1社,46,2026-04-26,13:30,0.7717,0.776
幸福村1社,46,2026-04-26,13:45,0.7843,0.775
幸福村1社,46,2026-04-26,14:00,0.773,0.708
幸福村1社,46,2026-04-26,14:15,0.7742,0.817
幸福村1社,46,2026-04-26,14:30,0.8153,0.75
幸福村1社,46,2026-04-26,14:45,0.7882,0.767
幸福村1社,46,2026-04-26,15:00,0.7785,0.686
幸福村1社,46,2026-04-26,15:15,0.7914,0.648
幸福村1社,46,2026-04-26,15:30,0.8065,0.617
幸福村1社,46,2026-04-26,15:45,0.7864,0.649
幸福村1社,46,2026-04-26,16:00,0.806,0.931
幸福村1社,46,2026-04-26,16:15,0.8083,0.949
幸福村1社,46,2026-04-26,16:30,0.85,0.996
幸福村1社,46,2026-04-26,16:45,0.8787,0.792
幸福村1社,46,2026-04-26,17:00,0.8732,0.692
幸福村1社,46,2026-04-26,17:15,0.874,0.694
幸福村1社,46,2026-04-26,17:30,0.895,0.961
幸福村1社,46,2026-04-26,17:45,0.8942,0.978
幸福村1社,46,2026-04-26,18:00,0.9096,0.985
幸福村1社,46,2026-04-26,18:15,0.9074,0.893
幸福村1社,46,2026-04-26,18:30,0.9163,0.893
幸福村1社,46,2026-04-26,18:45,0.8937,0.864
幸福村1社,46,2026-04-26,19:00,0.8839,0.648
幸福村1社,46,2026-04-26,19:15,0.9017,0.636
幸福村1社,46,2026-04-26,19:30,0.8939,0.905
幸福村1社,46,2026-04-26,19:45,0.9022,0.791
幸福村1社,46,2026-04-26,20:00,0.9068,0.937
幸福村1社,46,2026-04-26,20:15,0.8976,0.857
幸福村1社,46,2026-04-26,20:30,0.9021,0.818
幸福村1社,46,2026-04-26,20:45,0.8873,0.851
幸福村1社,46,2026-04-26,21:00,0.869,0.999
幸福村1社,46,2026-04-26,21:15,0.862,0.947
幸福村1社,46,2026-04-26,21:30,0.8638,0.875
幸福村1社,46,2026-04-26,21:45,0.8451,0.9
幸福村1社,46,2026-04-26,22:00,0.8332,0.921
幸福村1社,46,2026-04-26,22:15,0.8256,0.978
幸福村1社,46,2026-04-26,22:30,0.802,0.873
幸福村1社,46,2026-04-26,22:45,0.7907,0.883
幸福村1社,46,2026-04-26,23:00,0.7723,0.79
幸福村1社,46,2026-04-26,23:15,0.7566,0.784
幸福村1社,46,2026-04-26,23:30,0.7523,0.814
幸福村1社,46,2026-04-26,23:45,0.7496,0.778
马鞍村1社,47,2026-02-10,00:00,0.8666,0.795
马鞍村1社,47,2026-02-10,00:15,0.8613,0.924
马鞍村1社,47,2026-02-10,00:30,0.8338,0.818
马鞍村1社,47,2026-02-10,00:45,0.8462,0.789
马鞍村1社,47,2026-02-10,01:00,0.8468,0.842
马鞍村1社,47,2026-02-10,01:15,0.8369,0.807
马鞍村1社,47,2026-02-10,01:30,0.8496,0.862
马鞍村1社,47,2026-02-10,01:45,0.8102,0.793
马鞍村1社,47,2026-02-10,02:00,0.8182,0.859
马鞍村1社,47,2026-02-10,02:15,0.7939,0.869
马鞍村1社,47,2026-02-10,02:30,0.8162,0.726
马鞍村1社,47,2026-02-10,02:45,0.8028,0.79
马鞍村1社,47,2026-02-10,03:00,0.8065,0.703
马鞍村1社,47,2026-02-10,03:15,0.7864,0.745
马鞍村1社,47,2026-02-10,03:30,0.8005,0.682
马鞍村1社,47,2026-02-10,03:45,0.8147,0.742
马鞍村1社,47,2026-02-10,04:00,0.8031,0.728
马鞍村1社,47,2026-02-10,04:15,0.7927,0.713
马鞍村1社,47,2026-02-10,04:30,0.7976,0.749
马鞍村1社,47,2026-02-10,04:45,0.7968,0.762
马鞍村1社,47,2026-02-10,05:00,0.8007,0.704
马鞍村1社,47,2026-02-10,05:15,0.8036,0.715
马鞍村1社,47,2026-02-10,05:30,0.7987,0.683
马鞍村1社,47,2026-02-10,05:45,0.8059,0.682
马鞍村1社,47,2026-02-10,06:00,0.8072,0.966
马鞍村1社,47,2026-02-10,06:15,0.8183,0.931
马鞍村1社,47,2026-02-10,06:30,0.8303,0.935
马鞍村1社,47,2026-02-10,06:45,0.8245,0.803
马鞍村1社,47,2026-02-10,07:00,0.8487,0.756
马鞍村1社,47,2026-02-10,07:15,0.8718,0.776
马鞍村1社,47,2026-02-10,07:30,0.91,0.757
马鞍村1社,47,2026-02-10,07:45,0.9179,0.997
马鞍村1社,47,2026-02-10,08:00,0.9529,0.989
马鞍村1社,47,2026-02-10,08:15,0.9743,0.998
马鞍村1社,47,2026-02-10,08:30,0.9847,1.0
马鞍村1社,47,2026-02-10,08:45,0.9868,0.999
马鞍村1社,47,2026-02-10,09:00,0.9859,1.0
马鞍村1社,47,2026-02-10,09:15,0.9803,0.997
马鞍村1社,47,2026-02-10,09:30,0.9814,0.999
马鞍村1社,47,2026-02-10,09:45,0.9757,0.994
马鞍村1社,47,2026-02-10,10:00,0.9694,0.987
马鞍村1社,47,2026-02-10,10:15,0.9412,0.952
马鞍村1社,47,2026-02-10,10:30,0.9457,0.945
马鞍村1社,47,2026-02-10,10:45,0.9071,0.95
马鞍村1社,47,2026-02-10,11:00,0.9048,0.966
马鞍村1社,47,2026-02-10,11:15,0.9165,0.974
马鞍村1社,47,2026-02-10,11:30,0.9136,0.951
马鞍村1社,47,2026-02-10,11:45,0.9046,0.952
马鞍村1社,47,2026-02-10,12:00,0.911,0.978
马鞍村1社,47,2026-02-10,12:15,0.9162,0.883
马鞍村1社,47,2026-02-10,12:30,0.9175,0.859
马鞍村1社,47,2026-02-10,12:45,0.888,0.904
马鞍村1社,47,2026-02-10,13:00,0.8878,0.957
马鞍村1社,47,2026-02-10,13:15,0.8972,0.956
马鞍村1社,47,2026-02-10,13:30,0.9053,0.872
马鞍村1社,47,2026-02-10,13:45,0.8976,0.945
马鞍村1社,47,2026-02-10,14:00,0.9152,0.957
马鞍村1社,47,2026-02-10,14:15,0.9165,0.952
马鞍村1社,47,2026-02-10,14:30,0.892,0.879
马鞍村1社,47,2026-02-10,14:45,0.9071,0.96
马鞍村1社,47,2026-02-10,15:00,0.9125,0.854
马鞍村1社,47,2026-02-10,15:15,0.9352,0.921
马鞍村1社,47,2026-02-10,15:30,0.9553,0.975
马鞍村1社,47,2026-02-10,15:45,0.9413,0.985
马鞍村1社,47,2026-02-10,16:00,0.9398,0.977
马鞍村1社,47,2026-02-10,16:15,0.9627,0.991
马鞍村1社,47,2026-02-10,16:30,0.9687,0.981
马鞍村1社,47,2026-02-10,16:45,0.9599,0.987
马鞍村1社,47,2026-02-10,17:00,0.9747,0.998
马鞍村1社,47,2026-02-10,17:15,0.9833,0.992
马鞍村1社,47,2026-02-10,17:30,0.9837,0.988
马鞍村1社,47,2026-02-10,17:45,0.9647,0.995
马鞍村1社,47,2026-02-10,18:00,0.9817,0.974
马鞍村1社,47,2026-02-10,18:15,0.9772,0.98
马鞍村1社,47,2026-02-10,18:30,0.9717,0.971
马鞍村1社,47,2026-02-10,18:45,0.9582,0.862
马鞍村1社,47,2026-02-10,19:00,0.965,0.801
马鞍村1社,47,2026-02-10,19:15,0.9507,0.775
马鞍村1社,47,2026-02-10,19:30,0.9435,0.951
马鞍村1社,47,2026-02-10,19:45,0.9547,0.971
马鞍村1社,47,2026-02-10,20:00,0.9639,0.989
马鞍村1社,47,2026-02-10,20:15,0.9516,0.957
马鞍村1社,47,2026-02-10,20:30,0.9461,0.992
马鞍村1社,47,2026-02-10,20:45,0.9496,0.984
马鞍村1社,47,2026-02-10,21:00,0.9582,0.948
马鞍村1社,47,2026-02-10,21:15,0.9568,0.936
马鞍村1社,47,2026-02-10,21:30,0.9549,0.94
马鞍村1社,47,2026-02-10,21:45,0.9629,0.973
马鞍村1社,47,2026-02-10,22:00,0.9394,0.926
马鞍村1社,47,2026-02-10,22:15,0.9421,0.943
马鞍村1社,47,2026-02-10,22:30,0.9355,0.975
马鞍村1社,47,2026-02-10,22:45,0.9102,0.937
马鞍村1社,47,2026-02-10,23:00,0.9068,0.967
马鞍村1社,47,2026-02-10,23:15,0.8796,0.821
马鞍村1社,47,2026-02-10,23:30,0.8681,0.909
马鞍村1社,47,2026-02-10,23:45,0.8554,0.809
马鞍村1社,47,2026-02-11,00:00,0.8603,0.882
马鞍村1社,47,2026-02-11,00:15,0.8491,0.85
马鞍村1社,47,2026-02-11,00:30,0.8436,0.831
马鞍村1社,47,2026-02-11,00:45,0.8249,0.839
马鞍村1社,47,2026-02-11,01:00,0.8251,0.937
马鞍村1社,47,2026-02-11,01:15,0.8407,0.77
马鞍村1社,47,2026-02-11,01:30,0.8367,0.865
马鞍村1社,47,2026-02-11,01:45,0.8058,0.871
马鞍村1社,47,2026-02-11,02:00,0.8103,0.831
马鞍村1社,47,2026-02-11,02:15,0.8071,0.896
马鞍村1社,47,2026-02-11,02:30,0.8036,0.833
马鞍村1社,47,2026-02-11,02:45,0.7905,0.857
马鞍村1社,47,2026-02-11,03:00,0.7964,0.847
马鞍村1社,47,2026-02-11,03:15,0.7927,0.817
马鞍村1社,47,2026-02-11,03:30,0.7951,0.858
马鞍村1社,47,2026-02-11,03:45,0.8019,0.778
马鞍村1社,47,2026-02-11,04:00,0.7834,0.802
马鞍村1社,47,2026-02-11,04:15,0.7778,0.769
马鞍村1社,47,2026-02-11,04:30,0.7803,0.679
马鞍村1社,47,2026-02-11,04:45,0.7817,0.74
马鞍村1社,47,2026-02-11,05:00,0.7832,0.735
马鞍村1社,47,2026-02-11,05:15,0.7936,0.757
马鞍村1社,47,2026-02-11,05:30,0.7931,0.71
马鞍村1社,47,2026-02-11,05:45,0.7978,0.796
马鞍村1社,47,2026-02-11,06:00,0.8005,0.776
马鞍村1社,47,2026-02-11,06:15,0.8179,0.673
马鞍村1社,47,2026-02-11,06:30,0.8241,0.783
马鞍村1社,47,2026-02-11,06:45,0.8146,0.727
马鞍村1社,47,2026-02-11,07:00,0.8593,0.86
马鞍村1社,47,2026-02-11,07:15,0.8691,0.727
马鞍村1社,47,2026-02-11,07:30,0.9068,0.756
马鞍村1社,47,2026-02-11,07:45,0.9309,0.878
马鞍村1社,47,2026-02-11,08:00,0.9624,0.934
马鞍村1社,47,2026-02-11,08:15,0.9739,0.975
马鞍村1社,47,2026-02-11,08:30,0.9847,0.989
马鞍村1社,47,2026-02-11,08:45,0.9987,0.997
马鞍村1社,47,2026-02-11,09:00,0.9869,0.997
马鞍村1社,47,2026-02-11,09:15,0.9764,0.996
马鞍村1社,47,2026-02-11,09:30,0.9739,0.995
马鞍村1社,47,2026-02-11,09:45,0.9717,0.995
马鞍村1社,47,2026-02-11,10:00,0.9704,0.936
马鞍村1社,47,2026-02-11,10:15,0.9686,0.994
马鞍村1社,47,2026-02-11,10:30,0.9481,0.883
马鞍村1社,47,2026-02-11,10:45,0.9082,0.801
马鞍村1社,47,2026-02-11,11:00,0.9204,0.698
马鞍村1社,47,2026-02-11,11:15,0.9088,0.762
马鞍村1社,47,2026-02-11,11:30,0.9062,0.769
马鞍村1社,47,2026-02-11,11:45,0.8934,0.974
马鞍村1社,47,2026-02-11,12:00,0.9118,0.986
马鞍村1社,47,2026-02-11,12:15,0.9115,0.986
马鞍村1社,47,2026-02-11,12:30,0.9062,0.796
马鞍村1社,47,2026-02-11,12:45,0.892,0.877
马鞍村1社,47,2026-02-11,13:00,0.9025,0.957
马鞍村1社,47,2026-02-11,13:15,0.9179,0.785
马鞍村1社,47,2026-02-11,13:30,0.9329,0.716
马鞍村1社,47,2026-02-11,13:45,0.9027,0.833
马鞍村1社,47,2026-02-11,14:00,0.9241,0.786
马鞍村1社,47,2026-02-11,14:15,0.9138,0.776
马鞍村1社,47,2026-02-11,14:30,0.9014,0.801
马鞍村1社,47,2026-02-11,14:45,0.9202,0.952
马鞍村1社,47,2026-02-11,15:00,0.9245,0.922
马鞍村1社,47,2026-02-11,15:15,0.9346,0.944
马鞍村1社,47,2026-02-11,15:30,0.9417,0.925
马鞍村1社,47,2026-02-11,15:45,0.9237,0.919
马鞍村1社,47,2026-02-11,16:00,0.9518,0.944
马鞍村1社,47,2026-02-11,16:15,0.9545,0.988
马鞍村1社,47,2026-02-11,16:30,0.9698,0.983
马鞍村1社,47,2026-02-11,16:45,0.9756,0.97
马鞍村1社,47,2026-02-11,17:00,0.9724,0.987
马鞍村1社,47,2026-02-11,17:15,0.9706,0.91
马鞍村1社,47,2026-02-11,17:30,0.9832,0.88
马鞍村1社,47,2026-02-11,17:45,0.9802,0.951
马鞍村1社,47,2026-02-11,18:00,0.991,0.788
马鞍村1社,47,2026-02-11,18:15,0.9752,0.923
马鞍村1社,47,2026-02-11,18:30,0.979,0.976
马鞍村1社,47,2026-02-11,18:45,0.9718,0.993
马鞍村1社,47,2026-02-11,19:00,0.9588,0.956
马鞍村1社,47,2026-02-11,19:15,0.9573,0.993
马鞍村1社,47,2026-02-11,19:30,0.9436,0.983
马鞍村1社,47,2026-02-11,19:45,0.9646,0.985
马鞍村1社,47,2026-02-11,20:00,0.9558,0.99
马鞍村1社,47,2026-02-11,20:15,0.9679,0.942
马鞍村1社,47,2026-02-11,20:30,0.9535,0.964
马鞍村1社,47,2026-02-11,20:45,0.9636,0.987
马鞍村1社,47,2026-02-11,21:00,0.9714,0.857
马鞍村1社,47,2026-02-11,21:15,0.9601,0.881
马鞍村1社,47,2026-02-11,21:30,0.9611,0.837
马鞍村1社,47,2026-02-11,21:45,0.963,0.896
马鞍村1社,47,2026-02-11,22:00,0.9449,0.779
马鞍村1社,47,2026-02-11,22:15,0.9268,0.884
马鞍村1社,47,2026-02-11,22:30,0.9235,0.823
马鞍村1社,47,2026-02-11,22:45,0.8993,0.893
马鞍村1社,47,2026-02-11,23:00,0.9022,0.866
马鞍村1社,47,2026-02-11,23:15,0.8692,0.873
马鞍村1社,47,2026-02-11,23:30,0.8606,0.928
马鞍村1社,47,2026-02-11,23:45,0.8568,0.793
马鞍村1社,47,2026-02-12,00:00,0.8493,0.82
马鞍村1社,47,2026-02-12,00:15,0.8497,0.917
马鞍村1社,47,2026-02-12,00:30,0.8365,0.877
马鞍村1社,47,2026-02-12,00:45,0.8126,0.839
马鞍村1社,47,2026-02-12,01:00,0.824,0.867
马鞍村1社,47,2026-02-12,01:15,0.8296,0.873
马鞍村1社,47,2026-02-12,01:30,0.8288,0.833
马鞍村1社,47,2026-02-12,01:45,0.7849,0.826
马鞍村1社,47,2026-02-12,02:00,0.8179,0.854
马鞍村1社,47,2026-02-12,02:15,0.7986,0.948
马鞍村1社,47,2026-02-12,02:30,0.7942,0.846
马鞍村1社,47,2026-02-12,02:45,0.7934,0.829
马鞍村1社,47,2026-02-12,03:00,0.7801,0.854
马鞍村1社,47,2026-02-12,03:15,0.788,0.808
马鞍村1社,47,2026-02-12,03:30,0.7883,0.803
马鞍村1社,47,2026-02-12,03:45,0.803,0.828
马鞍村1社,47,2026-02-12,04:00,0.7873,0.89
马鞍村1社,47,2026-02-12,04:15,0.7887,0.846
马鞍村1社,47,2026-02-12,04:30,0.7809,0.843
马鞍村1社,47,2026-02-12,04:45,0.7848,0.841
马鞍村1社,47,2026-02-12,05:00,0.7867,0.884
马鞍村1社,47,2026-02-12,05:15,0.7953,0.891
马鞍村1社,47,2026-02-12,05:30,0.774,0.833
马鞍村1社,47,2026-02-12,05:45,0.7959,0.816
马鞍村1社,47,2026-02-12,06:00,0.7963,0.813
马鞍村1社,47,2026-02-12,06:15,0.7865,0.848
马鞍村1社,47,2026-02-12,06:30,0.8207,0.819
马鞍村1社,47,2026-02-12,06:45,0.8178,0.885
马鞍村1社,47,2026-02-12,07:00,0.8268,0.845
马鞍村1社,47,2026-02-12,07:15,0.8624,0.822
马鞍村1社,47,2026-02-12,07:30,0.9009,0.87
马鞍村1社,47,2026-02-12,07:45,0.9227,0.977
马鞍村1社,47,2026-02-12,08:00,0.9631,0.905
马鞍村1社,47,2026-02-12,08:15,0.974,0.901
马鞍村1社,47,2026-02-12,08:30,0.979,0.978
马鞍村1社,47,2026-02-12,08:45,0.988,0.994
马鞍村1社,47,2026-02-12,09:00,0.9887,0.994
马鞍村1社,47,2026-02-12,09:15,0.9786,0.928
马鞍村1社,47,2026-02-12,09:30,0.9698,0.993
马鞍村1社,47,2026-02-12,09:45,0.9687,0.99
马鞍村1社,47,2026-02-12,10:00,0.9606,0.991
马鞍村1社,47,2026-02-12,10:15,0.9407,0.998
马鞍村1社,47,2026-02-12,10:30,0.9425,0.996
马鞍村1社,47,2026-02-12,10:45,0.8906,0.985
马鞍村1社,47,2026-02-12,11:00,0.8966,0.837
马鞍村1社,47,2026-02-12,11:15,0.8995,0.806
马鞍村1社,47,2026-02-12,11:30,0.8865,0.975
马鞍村1社,47,2026-02-12,11:45,0.9082,0.943
马鞍村1社,47,2026-02-12,12:00,0.8985,0.888
马鞍村1社,47,2026-02-12,12:15,0.9029,0.747
马鞍村1社,47,2026-02-12,12:30,0.9141,0.935
马鞍村1社,47,2026-02-12,12:45,0.8843,0.845
马鞍村1社,47,2026-02-12,13:00,0.9046,0.908
马鞍村1社,47,2026-02-12,13:15,0.9177,0.853
马鞍村1社,47,2026-02-12,13:30,0.908,0.958
马鞍村1社,47,2026-02-12,13:45,0.9202,0.757
马鞍村1社,47,2026-02-12,14:00,0.9173,0.721
马鞍村1社,47,2026-02-12,14:15,0.8943,0.759
马鞍村1社,47,2026-02-12,14:30,0.8917,0.754
马鞍村1社,47,2026-02-12,14:45,0.9228,0.922
马鞍村1社,47,2026-02-12,15:00,0.9159,0.824
马鞍村1社,47,2026-02-12,15:15,0.9555,0.961
马鞍村1社,47,2026-02-12,15:30,0.9505,0.995
马鞍村1社,47,2026-02-12,15:45,0.9531,0.959
马鞍村1社,47,2026-02-12,16:00,0.9526,0.875
马鞍村1社,47,2026-02-12,16:15,0.9715,0.98
马鞍村1社,47,2026-02-12,16:30,0.9632,0.947
马鞍村1社,47,2026-02-12,16:45,0.9606,0.992
马鞍村1社,47,2026-02-12,17:00,0.9696,0.969
马鞍村1社,47,2026-02-12,17:15,0.9717,0.94
马鞍村1社,47,2026-02-12,17:30,0.9765,0.998
马鞍村1社,47,2026-02-12,17:45,0.987,0.995
马鞍村1社,47,2026-02-12,18:00,0.9733,0.983
马鞍村1社,47,2026-02-12,18:15,0.9661,0.998
马鞍村1社,47,2026-02-12,18:30,0.9871,0.986
马鞍村1社,47,2026-02-12,18:45,0.9693,0.963
马鞍村1社,47,2026-02-12,19:00,0.9489,0.89
马鞍村1社,47,2026-02-12,19:15,0.9425,0.943
马鞍村1社,47,2026-02-12,19:30,0.9383,0.987
马鞍村1社,47,2026-02-12,19:45,0.9575,0.92
马鞍村1社,47,2026-02-12,20:00,0.9529,0.982
马鞍村1社,47,2026-02-12,20:15,0.9673,0.907
马鞍村1社,47,2026-02-12,20:30,0.9592,0.982
马鞍村1社,47,2026-02-12,20:45,0.9569,0.965
马鞍村1社,47,2026-02-12,21:00,0.9648,0.88
马鞍村1社,47,2026-02-12,21:15,0.948,0.967
马鞍村1社,47,2026-02-12,21:30,0.954,0.997
马鞍村1社,47,2026-02-12,21:45,0.9505,0.898
马鞍村1社,47,2026-02-12,22:00,0.9254,0.98
马鞍村1社,47,2026-02-12,22:15,0.9248,0.962
马鞍村1社,47,2026-02-12,22:30,0.9289,0.958
马鞍村1社,47,2026-02-12,22:45,0.9123,0.905
马鞍村1社,47,2026-02-12,23:00,0.8943,0.921
马鞍村1社,47,2026-02-12,23:15,0.8689,0.801
马鞍村1社,47,2026-02-12,23:30,0.8617,0.786
马鞍村1社,47,2026-02-12,23:45,0.8431,0.805
甘伍村3社,48,2026-03-16,00:00,1.0059,1.0
甘伍村3社,48,2026-03-16,00:15,1.0045,1.0
甘伍村3社,48,2026-03-16,00:30,1.0036,1.0
甘伍村3社,48,2026-03-16,00:45,1.0027,1.0
甘伍村3社,48,2026-03-16,01:00,1.0027,1.0
甘伍村3社,48,2026-03-16,01:15,1.0051,1.0
甘伍村3社,48,2026-03-16,01:30,0.9997,1.0
甘伍村3社,48,2026-03-16,01:45,1.0007,1.0
甘伍村3社,48,2026-03-16,02:00,1.0014,1.0
甘伍村3社,48,2026-03-16,02:15,1.0031,1.0
甘伍村3社,48,2026-03-16,02:30,0.9986,1.0
甘伍村3社,48,2026-03-16,02:45,1.0051,1.0
甘伍村3社,48,2026-03-16,03:00,1.0055,1.0
甘伍村3社,48,2026-03-16,03:15,1.0019,1.0
甘伍村3社,48,2026-03-16,03:30,0.992,1.0
甘伍村3社,48,2026-03-16,03:45,1.0036,1.0
甘伍村3社,48,2026-03-16,04:00,0.998,1.0
甘伍村3社,48,2026-03-16,04:15,0.9998,1.0
甘伍村3社,48,2026-03-16,04:30,0.9939,1.0
甘伍村3社,48,2026-03-16,04:45,0.9961,1.0
甘伍村3社,48,2026-03-16,05:00,0.9953,1.0
甘伍村3社,48,2026-03-16,05:15,0.9991,1.0
甘伍村3社,48,2026-03-16,05:30,0.9959,1.0
甘伍村3社,48,2026-03-16,05:45,0.9982,1.0
甘伍村3社,48,2026-03-16,06:00,0.9968,1.0
甘伍村3社,48,2026-03-16,06:15,0.9899,1.0
甘伍村3社,48,2026-03-16,06:30,0.9941,1.0
甘伍村3社,48,2026-03-16,06:45,0.9947,1.0
甘伍村3社,48,2026-03-16,07:00,0.9974,1.0
甘伍村3社,48,2026-03-16,07:15,0.9961,1.0
甘伍村3社,48,2026-03-16,07:30,0.9952,1.0
甘伍村3社,48,2026-03-16,07:45,0.9986,1.0
甘伍村3社,48,2026-03-16,08:00,0.998,1.0
甘伍村3社,48,2026-03-16,08:15,0.9962,1.0
甘伍村3社,48,2026-03-16,08:30,1.0015,1.0
甘伍村3社,48,2026-03-16,08:45,0.9929,1.0
甘伍村3社,48,2026-03-16,09:00,1.0001,1.0
甘伍村3社,48,2026-03-16,09:15,1.003,1.0
甘伍村3社,48,2026-03-16,09:30,1.0062,1.0
甘伍村3社,48,2026-03-16,09:45,1.0005,1.0
甘伍村3社,48,2026-03-16,10:00,1.0078,1.0
甘伍村3社,48,2026-03-16,10:15,1.0055,1.0
甘伍村3社,48,2026-03-16,10:30,1.0056,1.0
甘伍村3社,48,2026-03-16,10:45,1.0056,1.0
甘伍村3社,48,2026-03-16,11:00,1.0097,1.0
甘伍村3社,48,2026-03-16,11:15,1.0033,1.0
甘伍村3社,48,2026-03-16,11:30,1.005,1.0
甘伍村3社,48,2026-03-16,11:45,1.0048,1.0
甘伍村3社,48,2026-03-16,12:00,0.9978,1.0
甘伍村3社,48,2026-03-16,12:15,0.9986,1.0
甘伍村3社,48,2026-03-16,12:30,1.0002,1.0
甘伍村3社,48,2026-03-16,12:45,0.9976,1.0
甘伍村3社,48,2026-03-16,13:00,0.9999,1.0
甘伍村3社,48,2026-03-16,13:15,0.9989,1.0
甘伍村3社,48,2026-03-16,13:30,0.9991,1.0
甘伍村3社,48,2026-03-16,13:45,1.0065,1.0
甘伍村3社,48,2026-03-16,14:00,0.9975,1.0
甘伍村3社,48,2026-03-16,14:15,1.0013,1.0
甘伍村3社,48,2026-03-16,14:30,0.9963,1.0
甘伍村3社,48,2026-03-16,14:45,1.0033,1.0
甘伍村3社,48,2026-03-16,15:00,1.0032,1.0
甘伍村3社,48,2026-03-16,15:15,1.0031,1.0
甘伍村3社,48,2026-03-16,15:30,1.0051,1.0
甘伍村3社,48,2026-03-16,15:45,0.9965,1.0
甘伍村3社,48,2026-03-16,16:00,1.0049,1.0
甘伍村3社,48,2026-03-16,16:15,1.0,1.0
甘伍村3社,48,2026-03-16,16:30,0.9985,1.0
甘伍村3社,48,2026-03-16,16:45,0.9972,1.0
甘伍村3社,48,2026-03-16,17:00,1.0044,1.0
甘伍村3社,48,2026-03-16,17:15,0.9952,1.0
甘伍村3社,48,2026-03-16,17:30,1.0013,1.0
甘伍村3社,48,2026-03-16,17:45,0.997,1.0
甘伍村3社,48,2026-03-16,18:00,0.9909,1.0
甘伍村3社,48,2026-03-16,18:15,1.0002,1.0
甘伍村3社,48,2026-03-16,18:30,0.9973,1.0
甘伍村3社,48,2026-03-16,18:45,1.0013,1.0
甘伍村3社,48,2026-03-16,19:00,1.002,1.0
甘伍村3社,48,2026-03-16,19:15,1.0013,1.0
甘伍村3社,48,2026-03-16,19:30,0.9937,1.0
甘伍村3社,48,2026-03-16,19:45,0.9922,1.0
甘伍村3社,48,2026-03-16,20:00,0.9845,1.0
甘伍村3社,48,2026-03-16,20:15,0.9924,1.0
甘伍村3社,48,2026-03-16,20:30,0.9944,1.0
甘伍村3社,48,2026-03-16,20:45,0.9975,1.0
甘伍村3社,48,2026-03-16,21:00,1.0015,1.0
甘伍村3社,48,2026-03-16,21:15,0.9987,1.0
甘伍村3社,48,2026-03-16,21:30,0.9996,1.0
甘伍村3社,48,2026-03-16,21:45,0.9977,1.0
甘伍村3社,48,2026-03-16,22:00,0.9966,1.0
甘伍村3社,48,2026-03-16,22:15,1.0009,1.0
甘伍村3社,48,2026-03-16,22:30,1.0017,1.0
甘伍村3社,48,2026-03-16,22:45,0.9979,1.0
甘伍村3社,48,2026-03-16,23:00,1.001,1.0
甘伍村3社,48,2026-03-16,23:15,0.999,1.0
甘伍村3社,48,2026-03-16,23:30,1.0026,1.0
甘伍村3社,48,2026-03-16,23:45,1.0018,1.0
甘伍村3社,48,2026-03-17,00:00,0.9998,1.0
甘伍村3社,48,2026-03-17,00:15,1.001,1.0
甘伍村3社,48,2026-03-17,00:30,1.002,1.0
甘伍村3社,48,2026-03-17,00:45,0.9987,1.0
甘伍村3社,48,2026-03-17,01:00,0.9964,1.0
甘伍村3社,48,2026-03-17,01:15,1.0031,1.0
甘伍村3社,48,2026-03-17,01:30,1.0044,1.0
甘伍村3社,48,2026-03-17,01:45,1.0035,1.0
甘伍村3社,48,2026-03-17,02:00,1.0008,1.0
甘伍村3社,48,2026-03-17,02:15,1.0002,1.0
甘伍村3社,48,2026-03-17,02:30,1.0009,1.0
甘伍村3社,48,2026-03-17,02:45,1.0017,1.0
甘伍村3社,48,2026-03-17,03:00,1.0005,1.0
甘伍村3社,48,2026-03-17,03:15,1.0011,1.0
甘伍村3社,48,2026-03-17,03:30,1.0038,1.0
甘伍村3社,48,2026-03-17,03:45,1.006,1.0
甘伍村3社,48,2026-03-17,04:00,0.9984,1.0
甘伍村3社,48,2026-03-17,04:15,0.9949,1.0
甘伍村3社,48,2026-03-17,04:30,0.9997,1.0
甘伍村3社,48,2026-03-17,04:45,0.9969,1.0
甘伍村3社,48,2026-03-17,05:00,0.999,1.0
甘伍村3社,48,2026-03-17,05:15,0.9927,1.0
甘伍村3社,48,2026-03-17,05:30,1.0004,1.0
甘伍村3社,48,2026-03-17,05:45,0.9947,1.0
甘伍村3社,48,2026-03-17,06:00,0.9945,1.0
甘伍村3社,48,2026-03-17,06:15,0.9931,1.0
甘伍村3社,48,2026-03-17,06:30,0.9899,1.0
甘伍村3社,48,2026-03-17,06:45,0.9897,1.0
甘伍村3社,48,2026-03-17,07:00,0.9905,1.0
甘伍村3社,48,2026-03-17,07:15,0.9955,1.0
甘伍村3社,48,2026-03-17,07:30,0.9946,1.0
甘伍村3社,48,2026-03-17,07:45,0.9995,1.0
甘伍村3社,48,2026-03-17,08:00,0.993,1.0
甘伍村3社,48,2026-03-17,08:15,0.9952,1.0
甘伍村3社,48,2026-03-17,08:30,1.001,1.0
甘伍村3社,48,2026-03-17,08:45,0.9971,1.0
甘伍村3社,48,2026-03-17,09:00,1.0021,1.0
甘伍村3社,48,2026-03-17,09:15,1.0008,1.0
甘伍村3社,48,2026-03-17,09:30,1.0034,1.0
甘伍村3社,48,2026-03-17,09:45,0.9987,1.0
甘伍村3社,48,2026-03-17,10:00,1.0031,1.0
甘伍村3社,48,2026-03-17,10:15,1.0048,1.0
甘伍村3社,48,2026-03-17,10:30,1.0013,1.0
甘伍村3社,48,2026-03-17,10:45,1.0007,1.0
甘伍村3社,48,2026-03-17,11:00,1.0016,1.0
甘伍村3社,48,2026-03-17,11:15,0.9987,1.0
甘伍村3社,48,2026-03-17,11:30,1.0026,1.0
甘伍村3社,48,2026-03-17,11:45,1.0012,1.0
甘伍村3社,48,2026-03-17,12:00,0.9995,1.0
甘伍村3社,48,2026-03-17,12:15,1.004,1.0
甘伍村3社,48,2026-03-17,12:30,1.0011,1.0
甘伍村3社,48,2026-03-17,12:45,1.0005,1.0
甘伍村3社,48,2026-03-17,13:00,0.9939,1.0
甘伍村3社,48,2026-03-17,13:15,1.0039,1.0
甘伍村3社,48,2026-03-17,13:30,0.9989,1.0
甘伍村3社,48,2026-03-17,13:45,0.999,1.0
甘伍村3社,48,2026-03-17,14:00,1.0004,1.0
甘伍村3社,48,2026-03-17,14:15,1.0017,1.0
甘伍村3社,48,2026-03-17,14:30,0.9919,1.0
甘伍村3社,48,2026-03-17,14:45,1.0062,1.0
甘伍村3社,48,2026-03-17,15:00,1.0042,1.0
甘伍村3社,48,2026-03-17,15:15,1.0038,1.0
甘伍村3社,48,2026-03-17,15:30,1.0032,1.0
甘伍村3社,48,2026-03-17,15:45,1.0015,1.0
甘伍村3社,48,2026-03-17,16:00,0.9995,1.0
甘伍村3社,48,2026-03-17,16:15,1.0029,1.0
甘伍村3社,48,2026-03-17,16:30,0.9982,1.0
甘伍村3社,48,2026-03-17,16:45,0.9918,1.0
甘伍村3社,48,2026-03-17,17:00,0.9978,1.0
甘伍村3社,48,2026-03-17,17:15,0.9924,1.0
甘伍村3社,48,2026-03-17,17:30,1.0037,1.0
甘伍村3社,48,2026-03-17,17:45,0.9963,1.0
甘伍村3社,48,2026-03-17,18:00,0.993,1.0
甘伍村3社,48,2026-03-17,18:15,0.9977,1.0
甘伍村3社,48,2026-03-17,18:30,0.9958,1.0
甘伍村3社,48,2026-03-17,18:45,1.0011,1.0
甘伍村3社,48,2026-03-17,19:00,0.9991,1.0
甘伍村3社,48,2026-03-17,19:15,0.996,1.0
甘伍村3社,48,2026-03-17,19:30,1.0028,1.0
甘伍村3社,48,2026-03-17,19:45,0.9904,1.0
甘伍村3社,48,2026-03-17,20:00,0.9828,1.0
甘伍村3社,48,2026-03-17,20:15,0.9932,1.0
甘伍村3社,48,2026-03-17,20:30,0.995,1.0
甘伍村3社,48,2026-03-17,20:45,0.9978,1.0
甘伍村3社,48,2026-03-17,21:00,0.9993,1.0
甘伍村3社,48,2026-03-17,21:15,0.9997,1.0
甘伍村3社,48,2026-03-17,21:30,0.9961,1.0
甘伍村3社,48,2026-03-17,21:45,0.9952,1.0
甘伍村3社,48,2026-03-17,22:00,0.9969,1.0
甘伍村3社,48,2026-03-17,22:15,0.9977,1.0
甘伍村3社,48,2026-03-17,22:30,1.0026,1.0
甘伍村3社,48,2026-03-17,22:45,0.9998,1.0
甘伍村3社,48,2026-03-17,23:00,1.0027,1.0
甘伍村3社,48,2026-03-17,23:15,1.0001,1.0
甘伍村3社,48,2026-03-17,23:30,1.0005,1.0
甘伍村3社,48,2026-03-17,23:45,0.9975,1.0
甘伍村3社,48,2026-03-18,00:00,0.999,1.0
甘伍村3社,48,2026-03-18,00:15,0.9996,1.0
甘伍村3社,48,2026-03-18,00:30,0.9994,1.0
甘伍村3社,48,2026-03-18,00:45,1.0003,1.0
甘伍村3社,48,2026-03-18,01:00,1.0042,1.0
甘伍村3社,48,2026-03-18,01:15,0.9953,1.0
甘伍村3社,48,2026-03-18,01:30,0.9977,1.0
甘伍村3社,48,2026-03-18,01:45,0.9927,1.0
甘伍村3社,48,2026-03-18,02:00,1.0027,1.0
甘伍村3社,48,2026-03-18,02:15,0.9943,1.0
甘伍村3社,48,2026-03-18,02:30,0.9998,1.0
甘伍村3社,48,2026-03-18,02:45,1.0003,1.0
甘伍村3社,48,2026-03-18,03:00,1.0007,1.0
甘伍村3社,48,2026-03-18,03:15,1.0019,1.0
甘伍村3社,48,2026-03-18,03:30,1.0034,1.0
甘伍村3社,48,2026-03-18,03:45,1.0024,1.0
甘伍村3社,48,2026-03-18,04:00,0.9958,1.0
甘伍村3社,48,2026-03-18,04:15,0.9924,1.0
甘伍村3社,48,2026-03-18,04:30,0.9977,1.0
甘伍村3社,48,2026-03-18,04:45,0.996,1.0
甘伍村3社,48,2026-03-18,05:00,0.9958,1.0
甘伍村3社,48,2026-03-18,05:15,0.9991,1.0
甘伍村3社,48,2026-03-18,05:30,0.9975,1.0
甘伍村3社,48,2026-03-18,05:45,0.9955,1.0
甘伍村3社,48,2026-03-18,06:00,0.9959,1.0
甘伍村3社,48,2026-03-18,06:15,0.9924,1.0
甘伍村3社,48,2026-03-18,06:30,0.9913,1.0
甘伍村3社,48,2026-03-18,06:45,0.9878,1.0
甘伍村3社,48,2026-03-18,07:00,0.9905,1.0
甘伍村3社,48,2026-03-18,07:15,0.9963,1.0
甘伍村3社,48,2026-03-18,07:30,0.996,1.0
甘伍村3社,48,2026-03-18,07:45,0.9969,1.0
甘伍村3社,48,2026-03-18,08:00,0.9963,1.0
甘伍村3社,48,2026-03-18,08:15,0.997,1.0
甘伍村3社,48,2026-03-18,08:30,0.9969,1.0
甘伍村3社,48,2026-03-18,08:45,0.9962,1.0
甘伍村3社,48,2026-03-18,09:00,1.0004,1.0
甘伍村3社,48,2026-03-18,09:15,0.9994,1.0
甘伍村3社,48,2026-03-18,09:30,0.9982,1.0
甘伍村3社,48,2026-03-18,09:45,0.9977,1.0
甘伍村3社,48,2026-03-18,10:00,0.9993,1.0
甘伍村3社,48,2026-03-18,10:15,1.0027,1.0
甘伍村3社,48,2026-03-18,10:30,1.003,1.0
甘伍村3社,48,2026-03-18,10:45,0.997,1.0
甘伍村3社,48,2026-03-18,11:00,1.0072,1.0
甘伍村3社,48,2026-03-18,11:15,1.0008,1.0
甘伍村3社,48,2026-03-18,11:30,0.9964,1.0
甘伍村3社,48,2026-03-18,11:45,0.9978,1.0
甘伍村3社,48,2026-03-18,12:00,0.9996,1.0
甘伍村3社,48,2026-03-18,12:15,1.0033,1.0
甘伍村3社,48,2026-03-18,12:30,0.998,0.924
甘伍村3社,48,2026-03-18,12:45,1.0006,0.921
甘伍村3社,48,2026-03-18,13:00,0.999,1.0
甘伍村3社,48,2026-03-18,13:15,1.0025,1.0
甘伍村3社,48,2026-03-18,13:30,1.0004,1.0
甘伍村3社,48,2026-03-18,13:45,1.0026,1.0
甘伍村3社,48,2026-03-18,14:00,0.999,1.0
甘伍村3社,48,2026-03-18,14:15,1.0009,1.0
甘伍村3社,48,2026-03-18,14:30,0.9945,1.0
甘伍村3社,48,2026-03-18,14:45,0.9995,1.0
甘伍村3社,48,2026-03-18,15:00,1.0059,1.0
甘伍村3社,48,2026-03-18,15:15,0.9983,1.0
甘伍村3社,48,2026-03-18,15:30,1.0016,1.0
甘伍村3社,48,2026-03-18,15:45,1.0028,1.0
甘伍村3社,48,2026-03-18,16:00,0.9988,1.0
甘伍村3社,48,2026-03-18,16:15,1.0027,1.0
甘伍村3社,48,2026-03-18,16:30,0.9966,1.0
甘伍村3社,48,2026-03-18,16:45,0.9937,1.0
甘伍村3社,48,2026-03-18,17:00,1.0005,1.0
甘伍村3社,48,2026-03-18,17:15,0.9981,1.0
甘伍村3社,48,2026-03-18,17:30,1.0031,1.0
甘伍村3社,48,2026-03-18,17:45,0.9978,1.0
甘伍村3社,48,2026-03-18,18:00,0.9999,1.0
甘伍村3社,48,2026-03-18,18:15,0.9988,1.0
甘伍村3社,48,2026-03-18,18:30,0.9937,1.0
甘伍村3社,48,2026-03-18,18:45,0.9971,1.0
甘伍村3社,48,2026-03-18,19:00,1.0042,1.0
甘伍村3社,48,2026-03-18,19:15,0.9969,1.0
甘伍村3社,48,2026-03-18,19:30,0.9931,1.0
甘伍村3社,48,2026-03-18,19:45,0.9889,1.0
甘伍村3社,48,2026-03-18,20:00,0.9843,1.0
甘伍村3社,48,2026-03-18,20:15,0.9892,1.0
甘伍村3社,48,2026-03-18,20:30,0.9922,1.0
甘伍村3社,48,2026-03-18,20:45,1.0004,1.0
甘伍村3社,48,2026-03-18,21:00,1.0001,1.0
甘伍村3社,48,2026-03-18,21:15,1.0001,1.0
甘伍村3社,48,2026-03-18,21:30,1.0018,1.0
甘伍村3社,48,2026-03-18,21:45,0.9972,1.0
甘伍村3社,48,2026-03-18,22:00,1.0014,1.0
甘伍村3社,48,2026-03-18,22:15,1.0019,1.0
甘伍村3社,48,2026-03-18,22:30,1.0008,1.0
甘伍村3社,48,2026-03-18,22:45,0.9976,1.0
甘伍村3社,48,2026-03-18,23:00,1.0022,1.0
甘伍村3社,48,2026-03-18,23:15,1.0008,1.0
甘伍村3社,48,2026-03-18,23:30,0.9996,1.0
甘伍村3社,48,2026-03-18,23:45,0.9971,1.0
甘伍村3社,49,2026-02-05,00:00,1.005,1.0
甘伍村3社,49,2026-02-05,00:15,1.003,1.0
甘伍村3社,49,2026-02-05,00:30,1.0024,1.0
甘伍村3社,49,2026-02-05,00:45,1.0024,1.0
甘伍村3社,49,2026-02-05,01:00,1.0019,1.0
甘伍村3社,49,2026-02-05,01:15,1.003,1.0
甘伍村3社,49,2026-02-05,01:30,0.999,1.0
甘伍村3社,49,2026-02-05,01:45,0.9999,1.0
甘伍村3社,49,2026-02-05,02:00,1.0008,1.0
甘伍村3社,49,2026-02-05,02:15,1.0038,1.0
甘伍村3社,49,2026-02-05,02:30,0.997,1.0
甘伍村3社,49,2026-02-05,02:45,1.0034,1.0
甘伍村3社,49,2026-02-05,03:00,1.002,1.0
甘伍村3社,49,2026-02-05,03:15,0.9998,1.0
甘伍村3社,49,2026-02-05,03:30,0.9903,1.0
甘伍村3社,49,2026-02-05,03:45,1.0006,1.0
甘伍村3社,49,2026-02-05,04:00,0.9969,1.0
甘伍村3社,49,2026-02-05,04:15,0.9978,1.0
甘伍村3社,49,2026-02-05,04:30,0.9928,1.0
甘伍村3社,49,2026-02-05,04:45,0.9951,1.0
甘伍村3社,49,2026-02-05,05:00,0.9923,1.0
甘伍村3社,49,2026-02-05,05:15,0.9966,1.0
甘伍村3社,49,2026-02-05,05:30,0.9957,1.0
甘伍村3社,49,2026-02-05,05:45,0.9968,1.0
甘伍村3社,49,2026-02-05,06:00,0.9951,1.0
甘伍村3社,49,2026-02-05,06:15,0.9887,1.0
甘伍村3社,49,2026-02-05,06:30,0.9927,1.0
甘伍村3社,49,2026-02-05,06:45,0.9929,1.0
甘伍村3社,49,2026-02-05,07:00,0.9949,1.0
甘伍村3社,49,2026-02-05,07:15,0.9953,1.0
甘伍村3社,49,2026-02-05,07:30,0.9946,1.0
甘伍村3社,49,2026-02-05,07:45,0.9976,1.0
甘伍村3社,49,2026-02-05,08:00,0.9973,1.0
甘伍村3社,49,2026-02-05,08:15,0.996,1.0
甘伍村3社,49,2026-02-05,08:30,1.0028,1.0
甘伍村3社,49,2026-02-05,08:45,0.9924,1.0
甘伍村3社,49,2026-02-05,09:00,0.9992,1.0
甘伍村3社,49,2026-02-05,09:15,1.002,1.0
甘伍村3社,49,2026-02-05,09:30,1.0044,1.0
甘伍村3社,49,2026-02-05,09:45,0.9999,1.0
甘伍村3社,49,2026-02-05,10:00,1.0075,1.0
甘伍村3社,49,2026-02-05,10:15,1.0047,1.0
甘伍村3社,49,2026-02-05,10:30,1.0033,1.0
甘伍村3社,49,2026-02-05,10:45,1.0041,1.0
甘伍村3社,49,2026-02-05,11:00,1.0061,1.0
甘伍村3社,49,2026-02-05,11:15,1.003,1.0
甘伍村3社,49,2026-02-05,11:30,1.0034,1.0
甘伍村3社,49,2026-02-05,11:45,1.0028,1.0
甘伍村3社,49,2026-02-05,12:00,0.9976,1.0
甘伍村3社,49,2026-02-05,12:15,0.999,1.0
甘伍村3社,49,2026-02-05,12:30,1.0024,1.0
甘伍村3社,49,2026-02-05,12:45,0.9976,1.0
甘伍村3社,49,2026-02-05,13:00,0.9982,1.0
甘伍村3社,49,2026-02-05,13:15,0.9968,1.0
甘伍村3社,49,2026-02-05,13:30,0.9994,1.0
甘伍村3社,49,2026-02-05,13:45,1.006,1.0
甘伍村3社,49,2026-02-05,14:00,0.9956,1.0
甘伍村3社,49,2026-02-05,14:15,1.0001,1.0
甘伍村3社,49,2026-02-05,14:30,0.9951,1.0
甘伍村3社,49,2026-02-05,14:45,1.0012,1.0
甘伍村3社,49,2026-02-05,15:00,1.0005,1.0
甘伍村3社,49,2026-02-05,15:15,1.0032,1.0
甘伍村3社,49,2026-02-05,15:30,1.0039,1.0
甘伍村3社,49,2026-02-05,15:45,0.9959,1.0
甘伍村3社,49,2026-02-05,16:00,1.0046,1.0
甘伍村3社,49,2026-02-05,16:15,0.9988,1.0
甘伍村3社,49,2026-02-05,16:30,0.9981,1.0
甘伍村3社,49,2026-02-05,16:45,0.9978,1.0
甘伍村3社,49,2026-02-05,17:00,1.0033,1.0
甘伍村3社,49,2026-02-05,17:15,0.9956,1.0
甘伍村3社,49,2026-02-05,17:30,1.0008,1.0
甘伍村3社,49,2026-02-05,17:45,0.997,1.0
甘伍村3社,49,2026-02-05,18:00,0.9911,1.0
甘伍村3社,49,2026-02-05,18:15,1.0001,1.0
甘伍村3社,49,2026-02-05,18:30,0.9963,1.0
甘伍村3社,49,2026-02-05,18:45,1.0015,1.0
甘伍村3社,49,2026-02-05,19:00,1.002,1.0
甘伍村3社,49,2026-02-05,19:15,1.0011,1.0
甘伍村3社,49,2026-02-05,19:30,0.9935,1.0
甘伍村3社,49,2026-02-05,19:45,0.9919,1.0
甘伍村3社,49,2026-02-05,20:00,0.9835,1.0
甘伍村3社,49,2026-02-05,20:15,0.9909,1.0
甘伍村3社,49,2026-02-05,20:30,0.9915,1.0
甘伍村3社,49,2026-02-05,20:45,0.9972,1.0
甘伍村3社,49,2026-02-05,21:00,1.0,1.0
甘伍村3社,49,2026-02-05,21:15,0.9974,1.0
甘伍村3社,49,2026-02-05,21:30,0.9979,1.0
甘伍村3社,49,2026-02-05,21:45,0.9967,1.0
甘伍村3社,49,2026-02-05,22:00,0.9936,1.0
甘伍村3社,49,2026-02-05,22:15,1.0005,1.0
甘伍村3社,49,2026-02-05,22:30,0.9989,1.0
甘伍村3社,49,2026-02-05,22:45,0.997,1.0
甘伍村3社,49,2026-02-05,23:00,1.0011,1.0
甘伍村3社,49,2026-02-05,23:15,0.9976,1.0
甘伍村3社,49,2026-02-05,23:30,1.001,1.0
甘伍村3社,49,2026-02-05,23:45,1.0008,1.0
甘伍村3社,49,2026-02-06,00:00,0.9994,1.0
甘伍村3社,49,2026-02-06,00:15,1.0004,1.0
甘伍村3社,49,2026-02-06,00:30,1.0005,1.0
甘伍村3社,49,2026-02-06,00:45,0.9961,1.0
甘伍村3社,49,2026-02-06,01:00,0.9968,1.0
甘伍村3社,49,2026-02-06,01:15,1.0027,1.0
甘伍村3社,49,2026-02-06,01:30,1.0017,1.0
甘伍村3社,49,2026-02-06,01:45,1.0013,1.0
甘伍村3社,49,2026-02-06,02:00,0.9972,1.0
甘伍村3社,49,2026-02-06,02:15,0.9992,1.0
甘伍村3社,49,2026-02-06,02:30,0.9981,1.0
甘伍村3社,49,2026-02-06,02:45,1.001,1.0
甘伍村3社,49,2026-02-06,03:00,0.9982,1.0
甘伍村3社,49,2026-02-06,03:15,0.9994,1.0
甘伍村3社,49,2026-02-06,03:30,1.0019,1.0
甘伍村3社,49,2026-02-06,03:45,1.0047,1.0
甘伍村3社,49,2026-02-06,04:00,0.9973,1.0
甘伍村3社,49,2026-02-06,04:15,0.9934,1.0
甘伍村3社,49,2026-02-06,04:30,0.9972,1.0
甘伍村3社,49,2026-02-06,04:45,0.9942,1.0
甘伍村3社,49,2026-02-06,05:00,0.9954,1.0
甘伍村3社,49,2026-02-06,05:15,0.9899,1.0
甘伍村3社,49,2026-02-06,05:30,0.9969,1.0
甘伍村3社,49,2026-02-06,05:45,0.992,1.0
甘伍村3社,49,2026-02-06,06:00,0.9902,1.0
甘伍村3社,49,2026-02-06,06:15,0.9908,1.0
甘伍村3社,49,2026-02-06,06:30,0.9881,1.0
甘伍村3社,49,2026-02-06,06:45,0.9883,1.0
甘伍村3社,49,2026-02-06,07:00,0.9877,1.0
甘伍村3社,49,2026-02-06,07:15,0.994,1.0
甘伍村3社,49,2026-02-06,07:30,0.9943,1.0
甘伍村3社,49,2026-02-06,07:45,0.9973,1.0
甘伍村3社,49,2026-02-06,08:00,0.9927,1.0
甘伍村3社,49,2026-02-06,08:15,0.9931,1.0
甘伍村3社,49,2026-02-06,08:30,0.9995,1.0
甘伍村3社,49,2026-02-06,08:45,0.9964,1.0
甘伍村3社,49,2026-02-06,09:00,1.0015,1.0
甘伍村3社,49,2026-02-06,09:15,1.0015,1.0
甘伍村3社,49,2026-02-06,09:30,1.0033,1.0
甘伍村3社,49,2026-02-06,09:45,0.9988,1.0
甘伍村3社,49,2026-02-06,10:00,1.0004,1.0
甘伍村3社,49,2026-02-06,10:15,1.0039,1.0
甘伍村3社,49,2026-02-06,10:30,1.0,1.0
甘伍村3社,49,2026-02-06,10:45,0.9987,1.0
甘伍村3社,49,2026-02-06,11:00,1.0027,1.0
甘伍村3社,49,2026-02-06,11:15,0.998,1.0
甘伍村3社,49,2026-02-06,11:30,1.0017,1.0
甘伍村3社,49,2026-02-06,11:45,1.0004,1.0
甘伍村3社,49,2026-02-06,12:00,0.9979,1.0
甘伍村3社,49,2026-02-06,12:15,1.0037,1.0
甘伍村3社,49,2026-02-06,12:30,1.0003,1.0
甘伍村3社,49,2026-02-06,12:45,0.9973,1.0
甘伍村3社,49,2026-02-06,13:00,0.9936,1.0
甘伍村3社,49,2026-02-06,13:15,1.0015,1.0
甘伍村3社,49,2026-02-06,13:30,0.9969,1.0
甘伍村3社,49,2026-02-06,13:45,0.997,1.0
甘伍村3社,49,2026-02-06,14:00,0.9985,1.0
甘伍村3社,49,2026-02-06,14:15,0.9997,1.0
甘伍村3社,49,2026-02-06,14:30,0.9929,1.0
甘伍村3社,49,2026-02-06,14:45,1.0035,1.0
甘伍村3社,49,2026-02-06,15:00,1.0038,1.0
甘伍村3社,49,2026-02-06,15:15,1.0016,1.0
甘伍村3社,49,2026-02-06,15:30,1.0023,1.0
甘伍村3社,49,2026-02-06,15:45,1.001,1.0
甘伍村3社,49,2026-02-06,16:00,0.9983,1.0
甘伍村3社,49,2026-02-06,16:15,1.0032,1.0
甘伍村3社,49,2026-02-06,16:30,0.9963,1.0
甘伍村3社,49,2026-02-06,16:45,0.9927,1.0
甘伍村3社,49,2026-02-06,17:00,0.9977,1.0
甘伍村3社,49,2026-02-06,17:15,0.9913,1.0
甘伍村3社,49,2026-02-06,17:30,1.0034,1.0
甘伍村3社,49,2026-02-06,17:45,0.9957,1.0
甘伍村3社,49,2026-02-06,18:00,0.9932,1.0
甘伍村3社,49,2026-02-06,18:15,0.9981,1.0
甘伍村3社,49,2026-02-06,18:30,0.9951,1.0
甘伍村3社,49,2026-02-06,18:45,0.999,1.0
甘伍村3社,49,2026-02-06,19:00,0.9968,1.0
甘伍村3社,49,2026-02-06,19:15,0.9942,1.0
甘伍村3社,49,2026-02-06,19:30,1.0009,1.0
甘伍村3社,49,2026-02-06,19:45,0.989,1.0
甘伍村3社,49,2026-02-06,20:00,0.9835,1.0
甘伍村3社,49,2026-02-06,20:15,0.9919,1.0
甘伍村3社,49,2026-02-06,20:30,0.9945,1.0
甘伍村3社,49,2026-02-06,20:45,0.9956,1.0
甘伍村3社,49,2026-02-06,21:00,0.997,1.0
甘伍村3社,49,2026-02-06,21:15,0.9974,1.0
甘伍村3社,49,2026-02-06,21:30,0.9961,1.0
甘伍村3社,49,2026-02-06,21:45,0.9935,1.0
甘伍村3社,49,2026-02-06,22:00,0.9955,1.0
甘伍村3社,49,2026-02-06,22:15,0.9972,1.0
甘伍村3社,49,2026-02-06,22:30,1.0002,1.0
甘伍村3社,49,2026-02-06,22:45,0.9964,1.0
甘伍村3社,49,2026-02-06,23:00,1.0012,1.0
甘伍村3社,49,2026-02-06,23:15,0.9967,1.0
甘伍村3社,49,2026-02-06,23:30,0.9974,1.0
甘伍村3社,49,2026-02-06,23:45,0.9969,1.0
甘伍村3社,49,2026-02-07,00:00,0.9977,1.0
甘伍村3社,49,2026-02-07,00:15,0.9967,1.0
甘伍村3社,49,2026-02-07,00:30,0.999,1.0
甘伍村3社,49,2026-02-07,00:45,0.9979,1.0
甘伍村3社,49,2026-02-07,01:00,1.0,1.0
甘伍村3社,49,2026-02-07,01:15,0.9923,1.0
甘伍村3社,49,2026-02-07,01:30,0.9968,1.0
甘伍村3社,49,2026-02-07,01:45,0.9933,1.0
甘伍村3社,49,2026-02-07,02:00,1.002,1.0
甘伍村3社,49,2026-02-07,02:15,0.9936,1.0
甘伍村3社,49,2026-02-07,02:30,0.9969,1.0
甘伍村3社,49,2026-02-07,02:45,0.9989,1.0
甘伍村3社,49,2026-02-07,03:00,0.9997,1.0
甘伍村3社,49,2026-02-07,03:15,1.0003,1.0
甘伍村3社,49,2026-02-07,03:30,1.002,1.0
甘伍村3社,49,2026-02-07,03:45,1.0002,1.0
甘伍村3社,49,2026-02-07,04:00,0.9949,1.0
甘伍村3社,49,2026-02-07,04:15,0.9903,1.0
甘伍村3社,49,2026-02-07,04:30,0.9954,1.0
甘伍村3社,49,2026-02-07,04:45,0.9939,1.0
甘伍村3社,49,2026-02-07,05:00,0.9943,1.0
甘伍村3社,49,2026-02-07,05:15,0.9965,1.0
甘伍村3社,49,2026-02-07,05:30,0.9959,1.0
甘伍村3社,49,2026-02-07,05:45,0.9933,1.0
甘伍村3社,49,2026-02-07,06:00,0.9936,1.0
甘伍村3社,49,2026-02-07,06:15,0.992,1.0
甘伍村3社,49,2026-02-07,06:30,0.9875,1.0
甘伍村3社,49,2026-02-07,06:45,0.9877,1.0
甘伍村3社,49,2026-02-07,07:00,0.9909,1.0
甘伍村3社,49,2026-02-07,07:15,0.9948,1.0
甘伍村3社,49,2026-02-07,07:30,0.9974,1.0
甘伍村3社,49,2026-02-07,07:45,0.9967,1.0
甘伍村3社,49,2026-02-07,08:00,0.9943,1.0
甘伍村3社,49,2026-02-07,08:15,0.9946,1.0
甘伍村3社,49,2026-02-07,08:30,0.9967,1.0
甘伍村3社,49,2026-02-07,08:45,0.9941,1.0
甘伍村3社,49,2026-02-07,09:00,0.9998,1.0
甘伍村3社,49,2026-02-07,09:15,1.0002,1.0
甘伍村3社,49,2026-02-07,09:30,0.9972,1.0
甘伍村3社,49,2026-02-07,09:45,0.999,1.0
甘伍村3社,49,2026-02-07,10:00,0.9989,1.0
甘伍村3社,49,2026-02-07,10:15,1.0027,1.0
甘伍村3社,49,2026-02-07,10:30,1.0011,1.0
甘伍村3社,49,2026-02-07,10:45,0.9968,1.0
甘伍村3社,49,2026-02-07,11:00,1.0068,1.0
甘伍村3社,49,2026-02-07,11:15,1.0001,1.0
甘伍村3社,49,2026-02-07,11:30,0.9942,1.0
甘伍村3社,49,2026-02-07,11:45,0.9964,1.0
甘伍村3社,49,2026-02-07,12:00,0.9991,1.0
甘伍村3社,49,2026-02-07,12:15,1.0016,1.0
甘伍村3社,49,2026-02-07,12:30,0.9969,1.0
甘伍村3社,49,2026-02-07,12:45,0.9985,1.0
甘伍村3社,49,2026-02-07,13:00,0.9972,1.0
甘伍村3社,49,2026-02-07,13:15,1.0014,1.0
甘伍村3社,49,2026-02-07,13:30,0.9997,1.0
甘伍村3社,49,2026-02-07,13:45,1.0013,1.0
甘伍村3社,49,2026-02-07,14:00,0.9971,1.0
甘伍村3社,49,2026-02-07,14:15,0.9984,1.0
甘伍村3社,49,2026-02-07,14:30,0.9953,1.0
甘伍村3社,49,2026-02-07,14:45,0.9992,1.0
甘伍村3社,49,2026-02-07,15:00,1.0033,1.0
甘伍村3社,49,2026-02-07,15:15,0.9963,1.0
甘伍村3社,49,2026-02-07,15:30,1.0,1.0
甘伍村3社,49,2026-02-07,15:45,1.0028,1.0
甘伍村3社,49,2026-02-07,16:00,0.9973,1.0
甘伍村3社,49,2026-02-07,16:15,1.0011,1.0
甘伍村3社,49,2026-02-07,16:30,0.9962,1.0
甘伍村3社,49,2026-02-07,16:45,0.9936,1.0
甘伍村3社,49,2026-02-07,17:00,0.9975,1.0
甘伍村3社,49,2026-02-07,17:15,0.9972,1.0
甘伍村3社,49,2026-02-07,17:30,1.0029,1.0
甘伍村3社,49,2026-02-07,17:45,0.9974,1.0
甘伍村3社,49,2026-02-07,18:00,1.0013,1.0
甘伍村3社,49,2026-02-07,18:15,0.9994,1.0
甘伍村3社,49,2026-02-07,18:30,0.9952,1.0
甘伍村3社,49,2026-02-07,18:45,0.9975,1.0
甘伍村3社,49,2026-02-07,19:00,1.004,1.0
甘伍村3社,49,2026-02-07,19:15,0.9961,1.0
甘伍村3社,49,2026-02-07,19:30,0.9943,1.0
甘伍村3社,49,2026-02-07,19:45,0.9887,1.0
甘伍村3社,49,2026-02-07,20:00,0.9839,1.0
甘伍村3社,49,2026-02-07,20:15,0.9902,1.0
甘伍村3社,49,2026-02-07,20:30,0.9911,1.0
甘伍村3社,49,2026-02-07,20:45,1.0002,1.0
甘伍村3社,49,2026-02-07,21:00,0.9993,1.0
甘伍村3社,49,2026-02-07,21:15,0.9991,1.0
甘伍村3社,49,2026-02-07,21:30,1.001,1.0
甘伍村3社,49,2026-02-07,21:45,0.9942,1.0
甘伍村3社,49,2026-02-07,22:00,1.0003,1.0
甘伍村3社,49,2026-02-07,22:15,1.0014,1.0
甘伍村3社,49,2026-02-07,22:30,0.9993,1.0
甘伍村3社,49,2026-02-07,22:45,0.9955,1.0
甘伍村3社,49,2026-02-07,23:00,0.9999,1.0
甘伍村3社,49,2026-02-07,23:15,0.9994,1.0
甘伍村3社,49,2026-02-07,23:30,0.9967,1.0
甘伍村3社,49,2026-02-07,23:45,0.9962,1.0
马鞍村1社,50,2026-02-11,00:00,0.8521,0.882
马鞍村1社,50,2026-02-11,00:15,0.846,0.85
马鞍村1社,50,2026-02-11,00:30,0.8206,0.831
马鞍村1社,50,2026-02-11,00:45,0.8318,0.839
马鞍村1社,50,2026-02-11,01:00,0.8315,0.937
马鞍村1社,50,2026-02-11,01:15,0.8228,0.77
马鞍村1社,50,2026-02-11,01:30,0.8321,0.865
马鞍村1社,50,2026-02-11,01:45,0.8,0.871
马鞍村1社,50,2026-02-11,02:00,0.8047,0.831
马鞍村1社,50,2026-02-11,02:15,0.7828,0.896
马鞍村1社,50,2026-02-11,02:30,0.8041,0.833
马鞍村1社,50,2026-02-11,02:45,0.7903,0.857
马鞍村1社,50,2026-02-11,03:00,0.7919,0.847
马鞍村1社,50,2026-02-11,03:15,0.7763,0.817
马鞍村1社,50,2026-02-11,03:30,0.7882,0.858
马鞍村1社,50,2026-02-11,03:45,0.7993,0.778
马鞍村1社,50,2026-02-11,04:00,0.79,0.802
马鞍村1社,50,2026-02-11,04:15,0.7855,0.769
马鞍村1社,50,2026-02-11,04:30,0.7879,0.679
马鞍村1社,50,2026-02-11,04:45,0.784,0.74
马鞍村1社,50,2026-02-11,05:00,0.7898,0.735
马鞍村1社,50,2026-02-11,05:15,0.7923,0.757
马鞍村1社,50,2026-02-11,05:30,0.7877,0.71
马鞍村1社,50,2026-02-11,05:45,0.7945,0.796
马鞍村1社,50,2026-02-11,06:00,0.7983,0.776
马鞍村1社,50,2026-02-11,06:15,0.8045,0.673
马鞍村1社,50,2026-02-11,06:30,0.8187,0.783
马鞍村1社,50,2026-02-11,06:45,0.8203,0.727
马鞍村1社,50,2026-02-11,07:00,0.8455,0.86
马鞍村1社,50,2026-02-11,07:15,0.8746,0.727
马鞍村1社,50,2026-02-11,07:30,0.9094,0.756
马鞍村1社,50,2026-02-11,07:45,0.9198,0.878
马鞍村1社,50,2026-02-11,08:00,0.9515,0.934
马鞍村1社,50,2026-02-11,08:15,0.9737,0.975
马鞍村1社,50,2026-02-11,08:30,0.9842,0.989
马鞍村1社,50,2026-02-11,08:45,0.9851,0.997
马鞍村1社,50,2026-02-11,09:00,0.9878,0.997
马鞍村1社,50,2026-02-11,09:15,0.971,0.996
马鞍村1社,50,2026-02-11,09:30,0.9721,0.995
马鞍村1社,50,2026-02-11,09:45,0.9647,0.995
马鞍村1社,50,2026-02-11,10:00,0.9588,0.936
马鞍村1社,50,2026-02-11,10:15,0.9347,0.994
马鞍村1社,50,2026-02-11,10:30,0.9325,0.883
马鞍村1社,50,2026-02-11,10:45,0.9009,0.801
马鞍村1社,50,2026-02-11,11:00,0.8947,0.698
马鞍村1社,50,2026-02-11,11:15,0.9063,0.762
马鞍村1社,50,2026-02-11,11:30,0.903,0.769
马鞍村1社,50,2026-02-11,11:45,0.8963,0.974
马鞍村1社,50,2026-02-11,12:00,0.9039,0.986
马鞍村1社,50,2026-02-11,12:15,0.9106,0.986
马鞍村1社,50,2026-02-11,12:30,0.9126,0.796
马鞍村1社,50,2026-02-11,12:45,0.8834,0.877
马鞍村1社,50,2026-02-11,13:00,0.8794,0.957
马鞍村1社,50,2026-02-11,13:15,0.8917,0.785
马鞍村1社,50,2026-02-11,13:30,0.9048,0.716
马鞍村1社,50,2026-02-11,13:45,0.8913,0.833
马鞍村1社,50,2026-02-11,14:00,0.9047,0.786
马鞍村1社,50,2026-02-11,14:15,0.9057,0.776
马鞍村1社,50,2026-02-11,14:30,0.8862,0.801
马鞍村1社,50,2026-02-11,14:45,0.8995,0.952
马鞍村1社,50,2026-02-11,15:00,0.9054,0.922
马鞍村1社,50,2026-02-11,15:15,0.9277,0.944
马鞍村1社,50,2026-02-11,15:30,0.9442,0.925
马鞍村1社,50,2026-02-11,15:45,0.9346,0.919
马鞍村1社,50,2026-02-11,16:00,0.9354,0.944
马鞍村1社,50,2026-02-11,16:15,0.9561,0.988
马鞍村1社,50,2026-02-11,16:30,0.962,0.983
马鞍村1社,50,2026-02-11,16:45,0.9584,0.97
马鞍村1社,50,2026-02-11,17:00,0.9705,0.987
马鞍村1社,50,2026-02-11,17:15,0.9754,0.91
马鞍村1社,50,2026-02-11,17:30,0.9796,0.88
马鞍村1社,50,2026-02-11,17:45,0.9655,0.951
马鞍村1社,50,2026-02-11,18:00,0.9725,0.788
马鞍村1社,50,2026-02-11,18:15,0.9681,0.923
马鞍村1社,50,2026-02-11,18:30,0.9642,0.976
马鞍村1社,50,2026-02-11,18:45,0.9548,0.993
马鞍村1社,50,2026-02-11,19:00,0.9587,0.956
马鞍村1社,50,2026-02-11,19:15,0.9469,0.993
马鞍村1社,50,2026-02-11,19:30,0.9411,0.983
马鞍村1社,50,2026-02-11,19:45,0.9469,0.985
马鞍村1社,50,2026-02-11,20:00,0.9551,0.99
马鞍村1社,50,2026-02-11,20:15,0.9465,0.942
马鞍村1社,50,2026-02-11,20:30,0.941,0.964
马鞍村1社,50,2026-02-11,20:45,0.9428,0.987
马鞍村1社,50,2026-02-11,21:00,0.9497,0.857
马鞍村1社,50,2026-02-11,21:15,0.9463,0.881
马鞍村1社,50,2026-02-11,21:30,0.946,0.837
马鞍村1社,50,2026-02-11,21:45,0.9478,0.896
马鞍村1社,50,2026-02-11,22:00,0.9269,0.779
马鞍村1社,50,2026-02-11,22:15,0.9295,0.884
马鞍村1社,50,2026-02-11,22:30,0.9179,0.823
马鞍村1社,50,2026-02-11,22:45,0.898,0.893
马鞍村1社,50,2026-02-11,23:00,0.8949,0.866
马鞍村1社,50,2026-02-11,23:15,0.8638,0.873
马鞍村1社,50,2026-02-11,23:30,0.8519,0.928
马鞍村1社,50,2026-02-11,23:45,0.8455,0.793
马鞍村1社,50,2026-02-12,00:00,0.8481,0.82
马鞍村1社,50,2026-02-12,00:15,0.8382,0.917
马鞍村1社,50,2026-02-12,00:30,0.8288,0.877
马鞍村1社,50,2026-02-12,00:45,0.8148,0.839
马鞍村1社,50,2026-02-12,01:00,0.813,0.867
马鞍村1社,50,2026-02-12,01:15,0.8289,0.873
马鞍村1社,50,2026-02-12,01:30,0.8216,0.833
马鞍村1社,50,2026-02-12,01:45,0.7988,0.826
马鞍村1社,50,2026-02-12,02:00,0.7989,0.854
马鞍村1社,50,2026-02-12,02:15,0.7956,0.948
马鞍村1社,50,2026-02-12,02:30,0.7939,0.846
马鞍村1社,50,2026-02-12,02:45,0.7835,0.829
马鞍村1社,50,2026-02-12,03:00,0.7885,0.854
马鞍村1社,50,2026-02-12,03:15,0.7799,0.808
马鞍村1社,50,2026-02-12,03:30,0.784,0.803
马鞍村1社,50,2026-02-12,03:45,0.7905,0.828
马鞍村1社,50,2026-02-12,04:00,0.7739,0.89
马鞍村1社,50,2026-02-12,04:15,0.7717,0.846
马鞍村1社,50,2026-02-12,04:30,0.7704,0.843
马鞍村1社,50,2026-02-12,04:45,0.7696,0.841
马鞍村1社,50,2026-02-12,05:00,0.7737,0.884
马鞍村1社,50,2026-02-12,05:15,0.7832,0.891
马鞍村1社,50,2026-02-12,05:30,0.7812,0.833
马鞍村1社,50,2026-02-12,05:45,0.7861,0.816
马鞍村1社,50,2026-02-12,06:00,0.7916,0.813
马鞍村1社,50,2026-02-12,06:15,0.8048,0.848
马鞍村1社,50,2026-02-12,06:30,0.8187,0.819
马鞍村1社,50,2026-02-12,06:45,0.8111,0.885
马鞍村1社,50,2026-02-12,07:00,0.8525,0.845
马鞍村1社,50,2026-02-12,07:15,0.8695,0.822
马鞍村1社,50,2026-02-12,07:30,0.9048,0.87
马鞍村1社,50,2026-02-12,07:45,0.931,0.977
马鞍村1社,50,2026-02-12,08:00,0.9631,0.905
马鞍村1社,50,2026-02-12,08:15,0.9731,0.901
马鞍村1社,50,2026-02-12,08:30,0.9839,0.978
马鞍村1社,50,2026-02-12,08:45,0.9937,0.994
马鞍村1社,50,2026-02-12,09:00,0.9859,0.994
马鞍村1社,50,2026-02-12,09:15,0.9698,0.928
马鞍村1社,50,2026-02-12,09:30,0.9646,0.993
马鞍村1社,50,2026-02-12,09:45,0.9624,0.99
马鞍村1社,50,2026-02-12,10:00,0.9593,0.991
马鞍村1社,50,2026-02-12,10:15,0.9518,0.998
马鞍村1社,50,2026-02-12,10:30,0.9344,0.996
马鞍村1社,50,2026-02-12,10:45,0.9036,0.985
马鞍村1社,50,2026-02-12,11:00,0.9089,0.837
马鞍村1社,50,2026-02-12,11:15,0.9014,0.806
马鞍村1社,50,2026-02-12,11:30,0.8958,0.975
马鞍村1社,50,2026-02-12,11:45,0.8846,0.943
马鞍村1社,50,2026-02-12,12:00,0.9042,0.888
马鞍村1社,50,2026-02-12,12:15,0.9059,0.747
马鞍村1社,50,2026-02-12,12:30,0.9053,0.935
马鞍村1社,50,2026-02-12,12:45,0.8887,0.845
马鞍村1社,50,2026-02-12,13:00,0.8924,0.908
马鞍村1社,50,2026-02-12,13:15,0.905,0.853
马鞍村1社,50,2026-02-12,13:30,0.9244,0.958
马鞍村1社,50,2026-02-12,13:45,0.8954,0.757
马鞍村1社,50,2026-02-12,14:00,0.9132,0.721
马鞍村1社,50,2026-02-12,14:15,0.9048,0.759
马鞍村1社,50,2026-02-12,14:30,0.8945,0.754
马鞍村1社,50,2026-02-12,14:45,0.9148,0.922
马鞍村1社,50,2026-02-12,15:00,0.9171,0.824
马鞍村1社,50,2026-02-12,15:15,0.926,0.961
马鞍村1社,50,2026-02-12,15:30,0.9356,0.995
马鞍村1社,50,2026-02-12,15:45,0.9205,0.959
马鞍村1社,50,2026-02-12,16:00,0.9427,0.875
马鞍村1社,50,2026-02-12,16:15,0.9485,0.98
马鞍村1社,50,2026-02-12,16:30,0.9632,0.947
马鞍村1社,50,2026-02-12,16:45,0.9686,0.992
马鞍村1社,50,2026-02-12,17:00,0.968,0.969
马鞍村1社,50,2026-02-12,17:15,0.9641,0.94
马鞍村1社,50,2026-02-12,17:30,0.9796,0.998
马鞍村1社,50,2026-02-12,17:45,0.9776,0.995
马鞍村1社,50,2026-02-12,18:00,0.9844,0.983
马鞍村1社,50,2026-02-12,18:15,0.9668,0.998
马鞍村1社,50,2026-02-12,18:30,0.9699,0.986
马鞍村1社,50,2026-02-12,18:45,0.9618,0.963
马鞍村1社,50,2026-02-12,19:00,0.946,0.89
马鞍村1社,50,2026-02-12,19:15,0.9518,0.943
马鞍村1社,50,2026-02-12,19:30,0.9375,0.987
马鞍村1社,50,2026-02-12,19:45,0.9554,0.92
马鞍村1社,50,2026-02-12,20:00,0.9488,0.982
马鞍村1社,50,2026-02-12,20:15,0.961,0.907
马鞍村1社,50,2026-02-12,20:30,0.949,0.982
马鞍村1社,50,2026-02-12,20:45,0.9534,0.965
马鞍村1社,50,2026-02-12,21:00,0.96,0.88
马鞍村1社,50,2026-02-12,21:15,0.9489,0.967
马鞍村1社,50,2026-02-12,21:30,0.9494,0.997
马鞍村1社,50,2026-02-12,21:45,0.9508,0.898
马鞍村1社,50,2026-02-12,22:00,0.9307,0.98
马鞍村1社,50,2026-02-12,22:15,0.9163,0.962
马鞍村1社,50,2026-02-12,22:30,0.9116,0.958
马鞍村1社,50,2026-02-12,22:45,0.8892,0.905
马鞍村1社,50,2026-02-12,23:00,0.8872,0.921
马鞍村1社,50,2026-02-12,23:15,0.858,0.801
马鞍村1社,50,2026-02-12,23:30,0.8462,0.786
马鞍村1社,50,2026-02-12,23:45,0.844,0.805
马鞍村1社,50,2026-02-13,00:00,0.8431,0.722
马鞍村1社,50,2026-02-13,00:15,0.8384,0.735
马鞍村1社,50,2026-02-13,00:30,0.8252,0.78
马鞍村1社,50,2026-02-13,00:45,0.8044,0.745
马鞍村1社,50,2026-02-13,01:00,0.8131,0.769
马鞍村1社,50,2026-02-13,01:15,0.8162,0.704
马鞍村1社,50,2026-02-13,01:30,0.8175,0.699
马鞍村1社,50,2026-02-13,01:45,0.7834,0.717
马鞍村1社,50,2026-02-13,02:00,0.8083,0.75
马鞍村1社,50,2026-02-13,02:15,0.7865,0.834
马鞍村1社,50,2026-02-13,02:30,0.7866,0.687
马鞍村1社,50,2026-02-13,02:45,0.7858,0.735
马鞍村1社,50,2026-02-13,03:00,0.7711,0.763
马鞍村1社,50,2026-02-13,03:15,0.7758,0.7
马鞍村1社,50,2026-02-13,03:30,0.7796,0.719
马鞍村1社,50,2026-02-13,03:45,0.7933,0.732
马鞍村1社,50,2026-02-13,04:00,0.7797,0.716
马鞍村1社,50,2026-02-13,04:15,0.7785,0.714
马鞍村1社,50,2026-02-13,04:30,0.7704,0.729
马鞍村1社,50,2026-02-13,04:45,0.7718,0.704
马鞍村1社,50,2026-02-13,05:00,0.7785,0.76
马鞍村1社,50,2026-02-13,05:15,0.7853,0.684
马鞍村1社,50,2026-02-13,05:30,0.7683,0.672
马鞍村1社,50,2026-02-13,05:45,0.7868,0.77
马鞍村1社,50,2026-02-13,06:00,0.7903,0.667
马鞍村1社,50,2026-02-13,06:15,0.7849,0.764
马鞍村1社,50,2026-02-13,06:30,0.814,0.675
马鞍村1社,50,2026-02-13,06:45,0.8179,0.752
马鞍村1社,50,2026-02-13,07:00,0.8298,0.715
马鞍村1社,50,2026-02-13,07:15,0.8717,0.779
马鞍村1社,50,2026-02-13,07:30,0.9048,0.803
马鞍村1社,50,2026-02-13,07:45,0.9255,0.962
马鞍村1社,50,2026-02-13,08:00,0.9623,0.937
马鞍村1社,50,2026-02-13,08:15,0.9763,0.958
马鞍村1社,50,2026-02-13,08:30,0.9818,0.988
马鞍村1社,50,2026-02-13,08:45,0.9866,0.982
马鞍村1社,50,2026-02-13,09:00,0.9864,0.993
马鞍村1社,50,2026-02-13,09:15,0.9745,0.996
马鞍村1社,50,2026-02-13,09:30,0.9649,0.985
马鞍村1社,50,2026-02-13,09:45,0.9634,0.918
马鞍村1社,50,2026-02-13,10:00,0.9549,0.977
马鞍村1社,50,2026-02-13,10:15,0.935,0.992
马鞍村1社,50,2026-02-13,10:30,0.9309,0.983
马鞍村1社,50,2026-02-13,10:45,0.8914,0.862
马鞍村1社,50,2026-02-13,11:00,0.8876,0.914
马鞍村1社,50,2026-02-13,11:15,0.8914,0.911
马鞍村1社,50,2026-02-13,11:30,0.8746,0.834
马鞍村1社,50,2026-02-13,11:45,0.8961,0.759
马鞍村1社,50,2026-02-13,12:00,0.8941,0.922
马鞍村1社,50,2026-02-13,12:15,0.9001,0.722
马鞍村1社,50,2026-02-13,12:30,0.9075,0.965
马鞍村1社,50,2026-02-13,12:45,0.8803,0.773
马鞍村1社,50,2026-02-13,13:00,0.8951,0.799
马鞍村1社,50,2026-02-13,13:15,0.9081,0.751
马鞍村1社,50,2026-02-13,13:30,0.8993,0.918
马鞍村1社,50,2026-02-13,13:45,0.9074,0.896
马鞍村1社,50,2026-02-13,14:00,0.904,0.965
马鞍村1社,50,2026-02-13,14:15,0.8851,0.937
马鞍村1社,50,2026-02-13,14:30,0.8849,0.947
马鞍村1社,50,2026-02-13,14:45,0.9112,0.741
马鞍村1社,50,2026-02-13,15:00,0.9099,0.889
马鞍村1社,50,2026-02-13,15:15,0.9405,0.808
马鞍村1社,50,2026-02-13,15:30,0.9402,0.899
马鞍村1社,50,2026-02-13,15:45,0.9434,0.794
马鞍村1社,50,2026-02-13,16:00,0.947,0.869
马鞍村1社,50,2026-02-13,16:15,0.96,0.941
马鞍村1社,50,2026-02-13,16:30,0.9573,0.974
马鞍村1社,50,2026-02-13,16:45,0.9569,0.991
马鞍村1社,50,2026-02-13,17:00,0.9638,0.989
马鞍村1社,50,2026-02-13,17:15,0.9661,0.955
马鞍村1社,50,2026-02-13,17:30,0.9745,0.998
马鞍村1社,50,2026-02-13,17:45,0.9823,0.927
马鞍村1社,50,2026-02-13,18:00,0.9683,0.987
马鞍村1社,50,2026-02-13,18:15,0.9632,0.991
马鞍村1社,50,2026-02-13,18:30,0.9782,0.993
马鞍村1社,50,2026-02-13,18:45,0.9624,0.977
马鞍村1社,50,2026-02-13,19:00,0.9414,0.976
马鞍村1社,50,2026-02-13,19:15,0.9372,0.979
马鞍村1社,50,2026-02-13,19:30,0.9345,0.951
马鞍村1社,50,2026-02-13,19:45,0.9498,0.974
马鞍村1社,50,2026-02-13,20:00,0.9481,0.975
马鞍村1社,50,2026-02-13,20:15,0.9619,0.899
马鞍村1社,50,2026-02-13,20:30,0.9548,0.967
马鞍村1社,50,2026-02-13,20:45,0.9518,0.93
马鞍村1社,50,2026-02-13,21:00,0.9566,0.921
马鞍村1社,50,2026-02-13,21:15,0.9431,0.919
马鞍村1社,50,2026-02-13,21:30,0.9427,0.956
马鞍村1社,50,2026-02-13,21:45,0.9379,0.977
马鞍村1社,50,2026-02-13,22:00,0.9136,0.942
马鞍村1社,50,2026-02-13,22:15,0.9149,0.95
马鞍村1社,50,2026-02-13,22:30,0.9154,0.726
马鞍村1社,50,2026-02-13,22:45,0.902,0.803
马鞍村1社,50,2026-02-13,23:00,0.8823,0.69
马鞍村1社,50,2026-02-13,23:15,0.8569,0.795
马鞍村1社,50,2026-02-13,23:30,0.8502,0.759
马鞍村1社,50,2026-02-13,23:45,0.8344,0.728
幸福村4社,51,2026-01-21,00:00,0.9912,0.989
幸福村4社,51,2026-01-21,00:15,0.993,0.99
幸福村4社,51,2026-01-21,00:30,0.9929,0.989
幸福村4社,51,2026-01-21,00:45,0.993,0.99
幸福村4社,51,2026-01-21,01:00,0.993,0.99
幸福村4社,51,2026-01-21,01:15,0.992,0.99
幸福村4社,51,2026-01-21,01:30,0.9939,0.99
幸福村4社,51,2026-01-21,01:45,0.9939,0.99
幸福村4社,51,2026-01-21,02:00,0.9941,0.99
幸福村4社,51,2026-01-21,02:15,0.9932,0.989
幸福村4社,51,2026-01-21,02:30,0.9951,0.989
幸福村4社,51,2026-01-21,02:45,0.9932,0.989
幸福村4社,51,2026-01-21,03:00,0.9927,0.989
幸福村4社,51,2026-01-21,03:15,0.9944,0.989
幸福村4社,51,2026-01-21,03:30,0.9966,0.989
幸福村4社,51,2026-01-21,03:45,0.9932,0.99
幸福村4社,51,2026-01-21,04:00,0.9953,0.989
幸福村4社,51,2026-01-21,04:15,0.9933,0.989
幸福村4社,51,2026-01-21,04:30,0.9967,0.989
幸福村4社,51,2026-01-21,04:45,0.9946,0.989
幸福村4社,51,2026-01-21,05:00,0.994,0.989
幸福村4社,51,2026-01-21,05:15,0.9924,0.989
幸福村4社,51,2026-01-21,05:30,0.994,0.989
幸福村4社,51,2026-01-21,05:45,0.9942,0.99
幸福村4社,51,2026-01-21,06:00,0.9939,0.989
幸福村4社,51,2026-01-21,06:15,0.9956,0.989
幸福村4社,51,2026-01-21,06:30,0.9936,0.989
幸福村4社,51,2026-01-21,06:45,0.9944,0.99
幸福村4社,51,2026-01-21,07:00,0.9948,0.989
幸福村4社,51,2026-01-21,07:15,0.995,0.988
幸福村4社,51,2026-01-21,07:30,0.9964,0.99
幸福村4社,51,2026-01-21,07:45,0.9941,0.989
幸福村4社,51,2026-01-21,08:00,0.9961,0.989
幸福村4社,51,2026-01-21,08:15,0.9996,1.0
幸福村4社,51,2026-01-21,08:30,0.997,1.0
幸福村4社,51,2026-01-21,08:45,1.0004,1.0
幸福村4社,51,2026-01-21,09:00,0.9982,0.999
幸福村4社,51,2026-01-21,09:15,0.9972,1.0
幸福村4社,51,2026-01-21,09:30,0.9963,1.0
幸福村4社,51,2026-01-21,09:45,0.9976,1.0
幸福村4社,51,2026-01-21,10:00,0.9954,1.0
幸福村4社,51,2026-01-21,10:15,0.9964,1.0
幸福村4社,51,2026-01-21,10:30,0.9974,1.0
幸福村4社,51,2026-01-21,10:45,0.9977,1.0
幸福村4社,51,2026-01-21,11:00,0.9939,1.0
幸福村4社,51,2026-01-21,11:15,0.999,1.0
幸福村4社,51,2026-01-21,11:30,0.9975,0.999
幸福村4社,51,2026-01-21,11:45,0.9958,1.0
幸福村4社,51,2026-01-21,12:00,0.9971,1.0
幸福村4社,51,2026-01-21,12:15,0.9986,1.0
幸福村4社,51,2026-01-21,12:30,0.9983,1.0
幸福村4社,51,2026-01-21,12:45,0.9979,1.0
幸福村4社,51,2026-01-21,13:00,0.9961,1.0
幸福村4社,51,2026-01-21,13:15,0.998,1.0
幸福村4社,51,2026-01-21,13:30,1.0003,1.0
幸福村4社,51,2026-01-21,13:45,0.9959,1.0
幸福村4社,51,2026-01-21,14:00,0.9959,1.0
幸福村4社,51,2026-01-21,14:15,0.9949,1.0
幸福村4社,51,2026-01-21,14:30,0.9974,1.0
幸福村4社,51,2026-01-21,14:45,0.9955,1.0
幸福村4社,51,2026-01-21,15:00,0.9954,1.0
幸福村4社,51,2026-01-21,15:15,0.9977,1.0
幸福村4社,51,2026-01-21,15:30,0.9979,1.0
幸福村4社,51,2026-01-21,15:45,1.0002,1.0
幸福村4社,51,2026-01-21,16:00,0.9975,1.0
幸福村4社,51,2026-01-21,16:15,0.9996,1.0
幸福村4社,51,2026-01-21,16:30,0.9979,1.0
幸福村4社,51,2026-01-21,16:45,0.9965,1.0
幸福村4社,51,2026-01-21,17:00,0.9954,1.0
幸福村4社,51,2026-01-21,17:15,0.9975,1.0
幸福村4社,51,2026-01-21,17:30,0.996,1.0
幸福村4社,51,2026-01-21,17:45,0.9969,1.0
幸福村4社,51,2026-01-21,18:00,0.9998,1.0
幸福村4社,51,2026-01-21,18:15,0.9962,1.0
幸福村4社,51,2026-01-21,18:30,0.9945,1.0
幸福村4社,51,2026-01-21,18:45,0.9955,0.994
幸福村4社,51,2026-01-21,19:00,0.9962,0.983
幸福村4社,51,2026-01-21,19:15,0.9942,0.982
幸福村4社,51,2026-01-21,19:30,0.9955,0.988
幸福村4社,51,2026-01-21,19:45,0.9914,0.989
幸福村4社,51,2026-01-21,20:00,0.9911,0.989
幸福村4社,51,2026-01-21,20:15,0.9919,0.989
幸福村4社,51,2026-01-21,20:30,0.9911,0.99
幸福村4社,51,2026-01-21,20:45,0.9916,0.989
幸福村4社,51,2026-01-21,21:00,0.9917,0.99
幸福村4社,51,2026-01-21,21:15,0.9922,0.99
幸福村4社,51,2026-01-21,21:30,0.9911,0.989
幸福村4社,51,2026-01-21,21:45,0.9911,0.989
幸福村4社,51,2026-01-21,22:00,0.9914,0.991
幸福村4社,51,2026-01-21,22:15,0.9906,0.992
幸福村4社,51,2026-01-21,22:30,0.9913,0.991
幸福村4社,51,2026-01-21,22:45,0.9932,0.99
幸福村4社,51,2026-01-21,23:00,0.9912,0.985
幸福村4社,51,2026-01-21,23:15,0.993,0.984
幸福村4社,51,2026-01-21,23:30,0.9909,0.984
幸福村4社,51,2026-01-21,23:45,0.993,0.984
幸福村4社,51,2026-01-22,00:00,0.9951,0.985
幸福村4社,51,2026-01-22,00:15,0.9938,0.99
幸福村4社,51,2026-01-22,00:30,0.9943,0.99
幸福村4社,51,2026-01-22,00:45,0.9956,0.99
幸福村4社,51,2026-01-22,01:00,0.9951,0.99
幸福村4社,51,2026-01-22,01:15,0.9948,0.99
幸福村4社,51,2026-01-22,01:30,0.9927,0.991
幸福村4社,51,2026-01-22,01:45,0.9936,0.99
幸福村4社,51,2026-01-22,02:00,0.9934,0.99
幸福村4社,51,2026-01-22,02:15,0.9949,0.99
幸福村4社,51,2026-01-22,02:30,0.9943,0.99
幸福村4社,51,2026-01-22,02:45,0.9932,0.989
幸福村4社,51,2026-01-22,03:00,0.9946,0.99
幸福村4社,51,2026-01-22,03:15,0.9931,0.99
幸福村4社,51,2026-01-22,03:30,0.993,0.989
幸福村4社,51,2026-01-22,03:45,0.9912,0.989
幸福村4社,51,2026-01-22,04:00,0.9942,0.99
幸福村4社,51,2026-01-22,04:15,0.9949,0.989
幸福村4社,51,2026-01-22,04:30,0.9933,0.989
幸福村4社,51,2026-01-22,04:45,0.9943,0.99
幸福村4社,51,2026-01-22,05:00,0.9932,0.989
幸福村4社,51,2026-01-22,05:15,0.995,0.989
幸福村4社,51,2026-01-22,05:30,0.9922,0.989
幸福村4社,51,2026-01-22,05:45,0.9945,0.989
幸福村4社,51,2026-01-22,06:00,0.9943,0.99
幸福村4社,51,2026-01-22,06:15,0.9935,0.99
幸福村4社,51,2026-01-22,06:30,0.9934,0.989
幸福村4社,51,2026-01-22,06:45,0.9938,0.989
幸福村4社,51,2026-01-22,07:00,0.993,0.989
幸福村4社,51,2026-01-22,07:15,0.9943,0.99
幸福村4社,51,2026-01-22,07:30,0.9954,0.99
幸福村4社,51,2026-01-22,07:45,0.9946,0.993
幸福村4社,51,2026-01-22,08:00,0.9979,1.0
幸福村4社,51,2026-01-22,08:15,0.9996,1.0
幸福村4社,51,2026-01-22,08:30,0.9981,1.0
幸福村4社,51,2026-01-22,08:45,0.9979,0.999
幸福村4社,51,2026-01-22,09:00,0.9974,0.999
幸福村4社,51,2026-01-22,09:15,0.9983,1.0
幸福村4社,51,2026-01-22,09:30,0.9989,1.0
幸福村4社,51,2026-01-22,09:45,0.9994,1.0
幸福村4社,51,2026-01-22,10:00,0.9966,1.0
幸福村4社,51,2026-01-22,10:15,0.9956,1.0
幸福村4社,51,2026-01-22,10:30,0.9968,1.0
幸福村4社,51,2026-01-22,10:45,0.9987,1.0
幸福村4社,51,2026-01-22,11:00,0.9979,1.0
幸福村4社,51,2026-01-22,11:15,0.9986,1.0
幸福村4社,51,2026-01-22,11:30,0.9972,1.0
幸福村4社,51,2026-01-22,11:45,0.9972,1.0
幸福村4社,51,2026-01-22,12:00,0.9972,1.0
幸福村4社,51,2026-01-22,12:15,0.9975,1.0
幸福村4社,51,2026-01-22,12:30,0.9974,1.0
幸福村4社,51,2026-01-22,12:45,0.9972,1.0
幸福村4社,51,2026-01-22,13:00,0.9971,1.0
幸福村4社,51,2026-01-22,13:15,0.9947,1.0
幸福村4社,51,2026-01-22,13:30,0.9959,1.0
幸福村4社,51,2026-01-22,13:45,0.9978,1.0
幸福村4社,51,2026-01-22,14:00,0.9943,1.0
幸福村4社,51,2026-01-22,14:15,0.9947,0.999
幸福村4社,51,2026-01-22,14:30,1.0,0.999
幸福村4社,51,2026-01-22,14:45,0.9959,1.0
幸福村4社,51,2026-01-22,15:00,0.996,0.999
幸福村4社,51,2026-01-22,15:15,0.9947,1.0
幸福村4社,51,2026-01-22,15:30,0.9975,0.999
幸福村4社,51,2026-01-22,15:45,0.9987,1.0
幸福村4社,51,2026-01-22,16:00,0.9987,1.0
幸福村4社,51,2026-01-22,16:15,0.998,1.0
幸福村4社,51,2026-01-22,16:30,0.9966,1.0
幸福村4社,51,2026-01-22,16:45,0.9973,1.0
幸福村4社,51,2026-01-22,17:00,0.9981,0.999
幸福村4社,51,2026-01-22,17:15,0.998,1.0
幸福村4社,51,2026-01-22,17:30,0.9968,1.0
幸福村4社,51,2026-01-22,17:45,0.9974,1.0
幸福村4社,51,2026-01-22,18:00,0.9999,0.998
幸福村4社,51,2026-01-22,18:15,0.9986,0.998
幸福村4社,51,2026-01-22,18:30,0.997,0.999
幸福村4社,51,2026-01-22,18:45,0.9967,1.0
幸福村4社,51,2026-01-22,19:00,0.9946,1.0
幸福村4社,51,2026-01-22,19:15,0.9946,0.99
幸福村4社,51,2026-01-22,19:30,0.9918,0.988
幸福村4社,51,2026-01-22,19:45,0.9915,0.988
幸福村4社,51,2026-01-22,20:00,0.9932,0.991
幸福村4社,51,2026-01-22,20:15,0.9923,0.988
幸福村4社,51,2026-01-22,20:30,0.9917,0.989
幸福村4社,51,2026-01-22,20:45,0.9913,0.989
幸福村4社,51,2026-01-22,21:00,0.9912,0.99
幸福村4社,51,2026-01-22,21:15,0.9923,0.989
幸福村4社,51,2026-01-22,21:30,0.9925,0.987
幸福村4社,51,2026-01-22,21:45,0.9925,0.991
幸福村4社,51,2026-01-22,22:00,0.9899,0.989
幸福村4社,51,2026-01-22,22:15,0.99,0.993
幸福村4社,51,2026-01-22,22:30,0.9889,0.992
幸福村4社,51,2026-01-22,22:45,0.9911,0.991
幸福村4社,51,2026-01-22,23:00,0.9905,0.991
幸福村4社,51,2026-01-22,23:15,0.9931,0.992
幸福村4社,51,2026-01-22,23:30,0.9918,1.0
幸福村4社,51,2026-01-22,23:45,0.9934,1.0
幸福村4社,51,2026-01-23,00:00,0.9932,1.0
幸福村4社,51,2026-01-23,00:15,0.9933,1.0
幸福村4社,51,2026-01-23,00:30,0.9932,1.0
幸福村4社,51,2026-01-23,00:45,0.9917,1.0
幸福村4社,51,2026-01-23,01:00,0.9909,0.999
幸福村4社,51,2026-01-23,01:15,0.9951,1.0
幸福村4社,51,2026-01-23,01:30,0.9946,1.0
幸福村4社,51,2026-01-23,01:45,0.9975,1.0
幸福村4社,51,2026-01-23,02:00,0.9939,1.0
幸福村4社,51,2026-01-23,02:15,0.9965,1.0
幸福村4社,51,2026-01-23,02:30,0.9945,1.0
幸福村4社,51,2026-01-23,02:45,0.9938,1.0
幸福村4社,51,2026-01-23,03:00,0.9945,1.0
幸福村4社,51,2026-01-23,03:15,0.9937,1.0
幸福村4社,51,2026-01-23,03:30,0.993,1.0
幸福村4社,51,2026-01-23,03:45,0.992,0.999
幸福村4社,51,2026-01-23,04:00,0.9952,1.0
幸福村4社,51,2026-01-23,04:15,0.9943,1.0
幸福村4社,51,2026-01-23,04:30,0.9933,1.0
幸福村4社,51,2026-01-23,04:45,0.9939,1.0
幸福村4社,51,2026-01-23,05:00,0.992,1.0
幸福村4社,51,2026-01-23,05:15,0.9946,1.0
幸福村4社,51,2026-01-23,05:30,0.9935,1.0
幸福村4社,51,2026-01-23,05:45,0.9952,1.0
幸福村4社,51,2026-01-23,06:00,0.9945,0.999
幸福村4社,51,2026-01-23,06:15,0.9943,1.0
幸福村4社,51,2026-01-23,06:30,0.9939,1.0
幸福村4社,51,2026-01-23,06:45,0.9972,1.0
幸福村4社,51,2026-01-23,07:00,0.9955,1.0
幸福村4社,51,2026-01-23,07:15,0.9962,0.999
幸福村4社,51,2026-01-23,07:30,0.997,1.0
幸福村4社,51,2026-01-23,07:45,0.9967,1.0
幸福村4社,51,2026-01-23,08:00,0.9968,1.0
幸福村4社,51,2026-01-23,08:15,0.9975,1.0
幸福村4社,51,2026-01-23,08:30,0.997,1.0
幸福村4社,51,2026-01-23,08:45,0.9978,0.996
幸福村4社,51,2026-01-23,09:00,0.9959,1.0
幸福村4社,51,2026-01-23,09:15,0.997,0.999
幸福村4社,51,2026-01-23,09:30,0.9989,0.999
幸福村4社,51,2026-01-23,09:45,0.9987,0.999
幸福村4社,51,2026-01-23,10:00,0.999,0.999
幸福村4社,51,2026-01-23,10:15,0.9968,1.0
幸福村4社,51,2026-01-23,10:30,0.9949,1.0
幸福村4社,51,2026-01-23,10:45,0.9998,1.0
幸福村4社,51,2026-01-23,11:00,0.9947,0.999
幸福村4社,51,2026-01-23,11:15,0.9979,1.0
幸福村4社,51,2026-01-23,11:30,0.9982,1.0
幸福村4社,51,2026-01-23,11:45,0.9977,1.0
幸福村4社,51,2026-01-23,12:00,0.9964,1.0
幸福村4社,51,2026-01-23,12:15,0.9955,1.0
幸福村4社,51,2026-01-23,12:30,0.998,1.0
幸福村4社,51,2026-01-23,12:45,0.9973,1.0
幸福村4社,51,2026-01-23,13:00,0.9961,1.0
幸福村4社,51,2026-01-23,13:15,0.9967,0.999
幸福村4社,51,2026-01-23,13:30,0.9972,1.0
幸福村4社,51,2026-01-23,13:45,0.9962,1.0
幸福村4社,51,2026-01-23,14:00,0.9932,1.0
幸福村4社,51,2026-01-23,14:15,0.9933,1.0
幸福村4社,51,2026-01-23,14:30,0.9967,1.0
幸福村4社,51,2026-01-23,14:45,0.9945,1.0
幸福村4社,51,2026-01-23,15:00,0.9938,1.0
幸福村4社,51,2026-01-23,15:15,0.9987,1.0
幸福村4社,51,2026-01-23,15:30,0.9989,1.0
幸福村4社,51,2026-01-23,15:45,0.997,1.0
幸福村4社,51,2026-01-23,16:00,0.999,1.0
幸福村4社,51,2026-01-23,16:15,0.9958,1.0
幸福村4社,51,2026-01-23,16:30,0.9972,1.0
幸福村4社,51,2026-01-23,16:45,0.998,1.0
幸福村4社,51,2026-01-23,17:00,0.9961,0.999
幸福村4社,51,2026-01-23,17:15,0.9964,1.0
幸福村4社,51,2026-01-23,17:30,0.9952,0.999
幸福村4社,51,2026-01-23,17:45,0.997,1.0
幸福村4社,51,2026-01-23,18:00,0.9968,0.999
幸福村4社,51,2026-01-23,18:15,0.996,1.0
幸福村4社,51,2026-01-23,18:30,0.9977,0.998
幸福村4社,51,2026-01-23,18:45,0.9969,0.995
幸福村4社,51,2026-01-23,19:00,0.9936,0.991
幸福村4社,51,2026-01-23,19:15,0.9946,0.992
幸福村4社,51,2026-01-23,19:30,0.993,0.983
幸福村4社,51,2026-01-23,19:45,0.9896,0.983
幸福村4社,51,2026-01-23,20:00,0.9896,0.986
幸福村4社,51,2026-01-23,20:15,0.9944,0.993
幸福村4社,51,2026-01-23,20:30,0.9933,0.994
幸福村4社,51,2026-01-23,20:45,0.9915,0.993
幸福村4社,51,2026-01-23,21:00,0.9922,0.991
幸福村4社,51,2026-01-23,21:15,0.9928,0.989
幸福村4社,51,2026-01-23,21:30,0.9906,0.989
幸福村4社,51,2026-01-23,21:45,0.9913,0.99
幸福村4社,51,2026-01-23,22:00,0.9904,0.99
幸福村4社,51,2026-01-23,22:15,0.9889,0.992
幸福村4社,51,2026-01-23,22:30,0.9898,0.992
幸福村4社,51,2026-01-23,22:45,0.9927,0.992
幸福村4社,51,2026-01-23,23:00,0.9922,0.992
幸福村4社,51,2026-01-23,23:15,0.9928,0.992
幸福村4社,51,2026-01-23,23:30,0.9934,0.992
幸福村4社,51,2026-01-23,23:45,0.995,0.992
幸福村1社,52,2026-01-31,00:00,0.838,0.915
幸福村1社,52,2026-01-31,00:15,0.8359,0.872
幸福村1社,52,2026-01-31,00:30,0.8376,0.77
幸福村1社,52,2026-01-31,00:45,0.8074,0.784
幸福村1社,52,2026-01-31,01:00,0.8221,0.973
幸福村1社,52,2026-01-31,01:15,0.803,0.928
幸福村1社,52,2026-01-31,01:30,0.8039,0.945
幸福村1社,52,2026-01-31,01:45,0.7629,0.919
幸福村1社,52,2026-01-31,02:00,0.7921,0.921
幸福村1社,52,2026-01-31,02:15,0.7775,0.764
幸福村1社,52,2026-01-31,02:30,0.7812,0.81
幸福村1社,52,2026-01-31,02:45,0.7683,0.682
幸福村1社,52,2026-01-31,03:00,0.7637,0.775
幸福村1社,52,2026-01-31,03:15,0.7893,0.729
幸福村1社,52,2026-01-31,03:30,0.762,0.726
幸福村1社,52,2026-01-31,03:45,0.7815,0.759
幸福村1社,52,2026-01-31,04:00,0.7549,0.684
幸福村1社,52,2026-01-31,04:15,0.7727,0.712
幸福村1社,52,2026-01-31,04:30,0.7599,0.708
幸福村1社,52,2026-01-31,04:45,0.7554,0.682
幸福村1社,52,2026-01-31,05:00,0.7808,0.669
幸福村1社,52,2026-01-31,05:15,0.7672,0.678
幸福村1社,52,2026-01-31,05:30,0.7474,0.747
幸福村1社,52,2026-01-31,05:45,0.7609,0.76
幸福村1社,52,2026-01-31,06:00,0.7667,0.657
幸福村1社,52,2026-01-31,06:15,0.7792,0.805
幸福村1社,52,2026-01-31,06:30,0.7793,0.687
幸福村1社,52,2026-01-31,06:45,0.7725,0.682
幸福村1社,52,2026-01-31,07:00,0.7921,0.744
幸福村1社,52,2026-01-31,07:15,0.8095,0.628
幸福村1社,52,2026-01-31,07:30,0.8707,0.979
幸福村1社,52,2026-01-31,07:45,0.8693,0.687
幸福村1社,52,2026-01-31,08:00,0.862,0.797
幸福村1社,52,2026-01-31,08:15,0.9125,0.857
幸福村1社,52,2026-01-31,08:30,0.9621,0.79
幸福村1社,52,2026-01-31,08:45,0.963,0.986
幸福村1社,52,2026-01-31,09:00,0.9688,0.997
幸福村1社,52,2026-01-31,09:15,0.996,0.999
幸福村1社,52,2026-01-31,09:30,0.9933,0.974
幸福村1社,52,2026-01-31,09:45,0.9842,0.999
幸福村1社,52,2026-01-31,10:00,0.9843,0.99
幸福村1社,52,2026-01-31,10:15,0.936,0.991
幸福村1社,52,2026-01-31,10:30,0.9402,0.702
幸福村1社,52,2026-01-31,10:45,0.9277,0.931
幸福村1社,52,2026-01-31,11:00,0.8795,0.956
幸福村1社,52,2026-01-31,11:15,0.8934,0.966
幸福村1社,52,2026-01-31,11:30,0.8957,0.708
幸福村1社,52,2026-01-31,11:45,0.8892,0.94
幸福村1社,52,2026-01-31,12:00,0.8656,0.858
幸福村1社,52,2026-01-31,12:15,0.8579,0.93
幸福村1社,52,2026-01-31,12:30,0.8462,0.941
幸福村1社,52,2026-01-31,12:45,0.8414,0.97
幸福村1社,52,2026-01-31,13:00,0.8538,0.941
幸福村1社,52,2026-01-31,13:15,0.8364,0.924
幸福村1社,52,2026-01-31,13:30,0.8458,0.936
幸福村1社,52,2026-01-31,13:45,0.8781,0.848
幸福村1社,52,2026-01-31,14:00,0.8725,0.963
幸福村1社,52,2026-01-31,14:15,0.889,0.692
幸福村1社,52,2026-01-31,14:30,0.8764,0.968
幸福村1社,52,2026-01-31,14:45,0.865,0.781
幸福村1社,52,2026-01-31,15:00,0.8549,0.777
幸福村1社,52,2026-01-31,15:15,0.8915,0.989
幸福村1社,52,2026-01-31,15:30,0.8703,0.982
幸福村1社,52,2026-01-31,15:45,0.8682,0.806
幸福村1社,52,2026-01-31,16:00,0.8835,0.817
幸福村1社,52,2026-01-31,16:15,0.8918,0.813
幸福村1社,52,2026-01-31,16:30,0.9137,0.734
幸福村1社,52,2026-01-31,16:45,0.9366,0.94
幸福村1社,52,2026-01-31,17:00,0.9351,0.949
幸福村1社,52,2026-01-31,17:15,0.9639,0.996
幸福村1社,52,2026-01-31,17:30,0.9592,0.977
幸福村1社,52,2026-01-31,17:45,0.968,0.961
幸福村1社,52,2026-01-31,18:00,0.9464,0.997
幸福村1社,52,2026-01-31,18:15,0.955,0.879
幸福村1社,52,2026-01-31,18:30,0.9679,0.932
幸福村1社,52,2026-01-31,18:45,0.9495,0.917
幸福村1社,52,2026-01-31,19:00,0.9555,0.886
幸福村1社,52,2026-01-31,19:15,0.9509,0.912
幸福村1社,52,2026-01-31,19:30,0.9532,0.986
幸福村1社,52,2026-01-31,19:45,0.9666,0.969
幸福村1社,52,2026-01-31,20:00,0.9559,0.964
幸福村1社,52,2026-01-31,20:15,0.951,0.99
幸福村1社,52,2026-01-31,20:30,0.9376,0.985
幸福村1社,52,2026-01-31,20:45,0.9452,0.951
幸福村1社,52,2026-01-31,21:00,0.9568,0.996
幸福村1社,52,2026-01-31,21:15,0.9417,0.904
幸福村1社,52,2026-01-31,21:30,0.9438,0.869
幸福村1社,52,2026-01-31,21:45,0.9472,0.862
幸福村1社,52,2026-01-31,22:00,0.9217,0.988
幸福村1社,52,2026-01-31,22:15,0.9039,0.778
幸福村1社,52,2026-01-31,22:30,0.9007,0.913
幸福村1社,52,2026-01-31,22:45,0.8922,0.959
幸福村1社,52,2026-01-31,23:00,0.8901,0.885
幸福村1社,52,2026-01-31,23:15,0.8636,0.944
幸福村1社,52,2026-01-31,23:30,0.8761,0.942
幸福村1社,52,2026-01-31,23:45,0.8441,0.91
幸福村1社,52,2026-02-01,00:00,0.8295,0.715
幸福村1社,52,2026-02-01,00:15,0.8136,0.666
幸福村1社,52,2026-02-01,00:30,0.8355,0.7
幸福村1社,52,2026-02-01,00:45,0.7953,0.708
幸福村1社,52,2026-02-01,01:00,0.8008,0.665
幸福村1社,52,2026-02-01,01:15,0.7947,0.666
幸福村1社,52,2026-02-01,01:30,0.7762,0.683
幸福村1社,52,2026-02-01,01:45,0.7769,0.663
幸福村1社,52,2026-02-01,02:00,0.7856,0.664
幸福村1社,52,2026-02-01,02:15,0.7933,0.611
幸福村1社,52,2026-02-01,02:30,0.769,0.625
幸福村1社,52,2026-02-01,02:45,0.7834,0.615
幸福村1社,52,2026-02-01,03:00,0.7631,0.699
幸福村1社,52,2026-02-01,03:15,0.7806,0.658
幸福村1社,52,2026-02-01,03:30,0.7567,0.629
幸福村1社,52,2026-02-01,03:45,0.768,0.694
幸福村1社,52,2026-02-01,04:00,0.7568,0.638
幸福村1社,52,2026-02-01,04:15,0.7552,0.685
幸福村1社,52,2026-02-01,04:30,0.7677,0.685
幸福村1社,52,2026-02-01,04:45,0.7534,0.647
幸福村1社,52,2026-02-01,05:00,0.7501,0.659
幸福村1社,52,2026-02-01,05:15,0.7526,0.667
幸福村1社,52,2026-02-01,05:30,0.7508,0.694
幸福村1社,52,2026-02-01,05:45,0.7543,0.626
幸福村1社,52,2026-02-01,06:00,0.7392,0.722
幸福村1社,52,2026-02-01,06:15,0.773,0.656
幸福村1社,52,2026-02-01,06:30,0.7772,0.675
幸福村1社,52,2026-02-01,06:45,0.7775,0.627
幸福村1社,52,2026-02-01,07:00,0.7816,0.736
幸福村1社,52,2026-02-01,07:15,0.7928,0.914
幸福村1社,52,2026-02-01,07:30,0.8515,0.847
幸福村1社,52,2026-02-01,07:45,0.8704,0.728
幸福村1社,52,2026-02-01,08:00,0.8833,0.812
幸福村1社,52,2026-02-01,08:15,0.9218,0.86
幸福村1社,52,2026-02-01,08:30,0.9566,0.992
幸福村1社,52,2026-02-01,08:45,0.9683,0.998
幸福村1社,52,2026-02-01,09:00,0.9624,0.996
幸福村1社,52,2026-02-01,09:15,0.9917,0.997
幸福村1社,52,2026-02-01,09:30,0.966,0.98
幸福村1社,52,2026-02-01,09:45,0.9863,0.999
幸福村1社,52,2026-02-01,10:00,0.9885,0.995
幸福村1社,52,2026-02-01,10:15,0.9547,0.991
幸福村1社,52,2026-02-01,10:30,0.9487,0.992
幸福村1社,52,2026-02-01,10:45,0.9224,0.987
幸福村1社,52,2026-02-01,11:00,0.8664,0.989
幸福村1社,52,2026-02-01,11:15,0.8801,0.981
幸福村1社,52,2026-02-01,11:30,0.8806,0.99
幸福村1社,52,2026-02-01,11:45,0.852,0.934
幸福村1社,52,2026-02-01,12:00,0.8342,0.976
幸福村1社,52,2026-02-01,12:15,0.852,0.963
幸福村1社,52,2026-02-01,12:30,0.8363,0.652
幸福村1社,52,2026-02-01,12:45,0.8132,0.659
幸福村1社,52,2026-02-01,13:00,0.8348,0.935
幸福村1社,52,2026-02-01,13:15,0.8304,0.832
幸福村1社,52,2026-02-01,13:30,0.8397,0.997
幸福村1社,52,2026-02-01,13:45,0.8484,0.999
幸福村1社,52,2026-02-01,14:00,0.8582,0.909
幸福村1社,52,2026-02-01,14:15,0.8797,0.944
幸福村1社,52,2026-02-01,14:30,0.8604,0.856
幸福村1社,52,2026-02-01,14:45,0.8557,0.852
幸福村1社,52,2026-02-01,15:00,0.8411,0.925
幸福村1社,52,2026-02-01,15:15,0.879,0.949
幸福村1社,52,2026-02-01,15:30,0.8571,0.997
幸福村1社,52,2026-02-01,15:45,0.8532,0.975
幸福村1社,52,2026-02-01,16:00,0.86,0.994
幸福村1社,52,2026-02-01,16:15,0.8783,0.995
幸福村1社,52,2026-02-01,16:30,0.8776,0.997
幸福村1社,52,2026-02-01,16:45,0.9345,0.965
幸福村1社,52,2026-02-01,17:00,0.9295,0.978
幸福村1社,52,2026-02-01,17:15,0.9451,0.998
幸福村1社,52,2026-02-01,17:30,0.9444,0.996
幸福村1社,52,2026-02-01,17:45,0.9557,0.997
幸福村1社,52,2026-02-01,18:00,0.9611,0.993
幸福村1社,52,2026-02-01,18:15,0.962,0.996
幸福村1社,52,2026-02-01,18:30,0.9718,0.987
幸福村1社,52,2026-02-01,18:45,0.9604,0.75
幸福村1社,52,2026-02-01,19:00,0.946,0.996
幸福村1社,52,2026-02-01,19:15,0.9496,0.991
幸福村1社,52,2026-02-01,19:30,0.9599,0.942
幸福村1社,52,2026-02-01,19:45,0.954,0.961
幸福村1社,52,2026-02-01,20:00,0.9513,0.959
幸福村1社,52,2026-02-01,20:15,0.9587,0.962
幸福村1社,52,2026-02-01,20:30,0.9482,0.992
幸福村1社,52,2026-02-01,20:45,0.9434,0.991
幸福村1社,52,2026-02-01,21:00,0.9534,0.968
幸福村1社,52,2026-02-01,21:15,0.9343,0.921
幸福村1社,52,2026-02-01,21:30,0.9387,0.977
幸福村1社,52,2026-02-01,21:45,0.9231,0.857
幸福村1社,52,2026-02-01,22:00,0.9172,0.824
幸福村1社,52,2026-02-01,22:15,0.92,0.768
幸福村1社,52,2026-02-01,22:30,0.8993,0.807
幸福村1社,52,2026-02-01,22:45,0.8772,0.74
幸福村1社,52,2026-02-01,23:00,0.8661,0.786
幸福村1社,52,2026-02-01,23:15,0.8444,0.888
幸福村1社,52,2026-02-01,23:30,0.8461,0.935
幸福村1社,52,2026-02-01,23:45,0.8346,0.924
幸福村1社,52,2026-02-02,00:00,0.8083,0.719
幸福村1社,52,2026-02-02,00:15,0.8125,0.703
幸福村1社,52,2026-02-02,00:30,0.8153,0.629
幸福村1社,52,2026-02-02,00:45,0.7801,0.66
幸福村1社,52,2026-02-02,01:00,0.7851,0.628
幸福村1社,52,2026-02-02,01:15,0.7836,0.65
幸福村1社,52,2026-02-02,01:30,0.7824,0.635
幸福村1社,52,2026-02-02,01:45,0.7582,0.649
幸福村1社,52,2026-02-02,02:00,0.7752,0.647
幸福村1社,52,2026-02-02,02:15,0.7761,0.706
幸福村1社,52,2026-02-02,02:30,0.7532,0.663
幸福村1社,52,2026-02-02,02:45,0.7725,0.676
幸福村1社,52,2026-02-02,03:00,0.7603,0.643
幸福村1社,52,2026-02-02,03:15,0.7579,0.92
幸福村1社,52,2026-02-02,03:30,0.7569,0.689
幸福村1社,52,2026-02-02,03:45,0.7702,0.619
幸福村1社,52,2026-02-02,04:00,0.7403,0.637
幸福村1社,52,2026-02-02,04:15,0.7473,0.609
幸福村1社,52,2026-02-02,04:30,0.7551,0.625
幸福村1社,52,2026-02-02,04:45,0.7366,0.598
幸福村1社,52,2026-02-02,05:00,0.7478,0.606
幸福村1社,52,2026-02-02,05:15,0.7336,0.584
幸福村1社,52,2026-02-02,05:30,0.7256,0.715
幸福村1社,52,2026-02-02,05:45,0.7336,0.588
幸福村1社,52,2026-02-02,06:00,0.732,0.681
幸福村1社,52,2026-02-02,06:15,0.7587,0.614
幸福村1社,52,2026-02-02,06:30,0.7587,0.711
幸福村1社,52,2026-02-02,06:45,0.7574,0.633
幸福村1社,52,2026-02-02,07:00,0.7765,0.724
幸福村1社,52,2026-02-02,07:15,0.7744,0.722
幸福村1社,52,2026-02-02,07:30,0.8484,0.669
幸福村1社,52,2026-02-02,07:45,0.8531,0.764
幸福村1社,52,2026-02-02,08:00,0.8547,0.962
幸福村1社,52,2026-02-02,08:15,0.9229,0.991
幸福村1社,52,2026-02-02,08:30,0.9461,0.976
幸福村1社,52,2026-02-02,08:45,0.949,0.998
幸福村1社,52,2026-02-02,09:00,0.9685,0.996
幸福村1社,52,2026-02-02,09:15,0.9804,0.989
幸福村1社,52,2026-02-02,09:30,0.9555,0.999
幸福村1社,52,2026-02-02,09:45,0.9767,0.981
幸福村1社,52,2026-02-02,10:00,0.9692,0.993
幸福村1社,52,2026-02-02,10:15,0.9443,0.981
幸福村1社,52,2026-02-02,10:30,0.9223,0.984
幸福村1社,52,2026-02-02,10:45,0.9031,0.903
幸福村1社,52,2026-02-02,11:00,0.8677,0.71
幸福村1社,52,2026-02-02,11:15,0.8721,0.985
幸福村1社,52,2026-02-02,11:30,0.869,0.994
幸福村1社,52,2026-02-02,11:45,0.851,0.68
幸福村1社,52,2026-02-02,12:00,0.8402,0.964
幸福村1社,52,2026-02-02,12:15,0.8313,0.986
幸福村1社,52,2026-02-02,12:30,0.8428,0.937
幸福村1社,52,2026-02-02,12:45,0.8188,0.999
幸福村1社,52,2026-02-02,13:00,0.8437,0.883
幸福村1社,52,2026-02-02,13:15,0.8507,0.945
幸福村1社,52,2026-02-02,13:30,0.8307,0.924
幸福村1社,52,2026-02-02,13:45,0.8737,0.965
幸福村1社,52,2026-02-02,14:00,0.8715,0.935
幸福村1社,52,2026-02-02,14:15,0.8434,0.925
幸福村1社,52,2026-02-02,14:30,0.8789,0.999
幸福村1社,52,2026-02-02,14:45,0.8551,0.9
幸福村1社,52,2026-02-02,15:00,0.8383,0.874
幸福村1社,52,2026-02-02,15:15,0.9005,0.905
幸福村1社,52,2026-02-02,15:30,0.87,0.886
幸福村1社,52,2026-02-02,15:45,0.8723,0.882
幸福村1社,52,2026-02-02,16:00,0.8716,0.897
幸福村1社,52,2026-02-02,16:15,0.8879,0.925
幸福村1社,52,2026-02-02,16:30,0.8757,0.99
幸福村1社,52,2026-02-02,16:45,0.9287,0.977
幸福村1社,52,2026-02-02,17:00,0.9313,0.994
幸福村1社,52,2026-02-02,17:15,0.9448,0.983
幸福村1社,52,2026-02-02,17:30,0.9483,0.981
幸福村1社,52,2026-02-02,17:45,0.9506,0.989
幸福村1社,52,2026-02-02,18:00,0.9615,0.996
幸福村1社,52,2026-02-02,18:15,0.9697,0.994
幸福村1社,52,2026-02-02,18:30,0.9777,0.999
幸福村1社,52,2026-02-02,18:45,0.9641,0.994
幸福村1社,52,2026-02-02,19:00,0.9466,0.927
幸福村1社,52,2026-02-02,19:15,0.9591,0.98
幸福村1社,52,2026-02-02,19:30,0.9451,0.987
幸福村1社,52,2026-02-02,19:45,0.961,0.999
幸福村1社,52,2026-02-02,20:00,0.9519,0.989
幸福村1社,52,2026-02-02,20:15,0.9473,0.984
幸福村1社,52,2026-02-02,20:30,0.9345,0.964
幸福村1社,52,2026-02-02,20:45,0.9465,0.95
幸福村1社,52,2026-02-02,21:00,0.9501,0.999
幸福村1社,52,2026-02-02,21:15,0.9189,0.893
幸福村1社,52,2026-02-02,21:30,0.9268,0.878
幸福村1社,52,2026-02-02,21:45,0.9304,0.879
幸福村1社,52,2026-02-02,22:00,0.9174,0.907
幸福村1社,52,2026-02-02,22:15,0.9131,0.797
幸福村1社,52,2026-02-02,22:30,0.9008,0.851
幸福村1社,52,2026-02-02,22:45,0.8954,0.882
幸福村1社,52,2026-02-02,23:00,0.8804,0.791
幸福村1社,52,2026-02-02,23:15,0.841,0.864
幸福村1社,52,2026-02-02,23:30,0.8624,0.78
幸福村1社,52,2026-02-02,23:45,0.8283,0.808
甘伍村3社,53,2026-03-30,00:00,1.0061,1.0
甘伍村3社,53,2026-03-30,00:15,1.0047,1.0
甘伍村3社,53,2026-03-30,00:30,1.0037,1.0
甘伍村3社,53,2026-03-30,00:45,1.0029,1.0
甘伍村3社,53,2026-03-30,01:00,1.0029,1.0
甘伍村3社,53,2026-03-30,01:15,1.0053,1.0
甘伍村3社,53,2026-03-30,01:30,0.9999,1.0
甘伍村3社,53,2026-03-30,01:45,1.0009,1.0
甘伍村3社,53,2026-03-30,02:00,1.0015,1.0
甘伍村3社,53,2026-03-30,02:15,1.0033,1.0
甘伍村3社,53,2026-03-30,02:30,0.9988,1.0
甘伍村3社,53,2026-03-30,02:45,1.0053,1.0
甘伍村3社,53,2026-03-30,03:00,1.0056,1.0
甘伍村3社,53,2026-03-30,03:15,1.0021,1.0
甘伍村3社,53,2026-03-30,03:30,0.9921,1.0
甘伍村3社,53,2026-03-30,03:45,1.0037,1.0
甘伍村3社,53,2026-03-30,04:00,0.9981,1.0
甘伍村3社,53,2026-03-30,04:15,1.0,1.0
甘伍村3社,53,2026-03-30,04:30,0.994,1.0
甘伍村3社,53,2026-03-30,04:45,0.9964,1.0
甘伍村3社,53,2026-03-30,05:00,0.9956,1.0
甘伍村3社,53,2026-03-30,05:15,0.9992,1.0
甘伍村3社,53,2026-03-30,05:30,0.9961,1.0
甘伍村3社,53,2026-03-30,05:45,0.9984,1.0
甘伍村3社,53,2026-03-30,06:00,0.997,1.0
甘伍村3社,53,2026-03-30,06:15,0.9901,1.0
甘伍村3社,53,2026-03-30,06:30,0.9943,1.0
甘伍村3社,53,2026-03-30,06:45,0.9948,1.0
甘伍村3社,53,2026-03-30,07:00,0.9974,1.0
甘伍村3社,53,2026-03-30,07:15,0.9962,1.0
甘伍村3社,53,2026-03-30,07:30,0.9953,1.0
甘伍村3社,53,2026-03-30,07:45,0.9987,1.0
甘伍村3社,53,2026-03-30,08:00,0.9981,1.0
甘伍村3社,53,2026-03-30,08:15,0.9963,1.0
甘伍村3社,53,2026-03-30,08:30,1.0015,1.0
甘伍村3社,53,2026-03-30,08:45,0.9929,0.969
甘伍村3社,53,2026-03-30,09:00,1.0002,0.969
甘伍村3社,53,2026-03-30,09:15,1.0032,1.0
甘伍村3社,53,2026-03-30,09:30,1.0063,1.0
甘伍村3社,53,2026-03-30,09:45,1.0006,1.0
甘伍村3社,53,2026-03-30,10:00,1.0078,1.0
甘伍村3社,53,2026-03-30,10:15,1.0055,1.0
甘伍村3社,53,2026-03-30,10:30,1.0058,1.0
甘伍村3社,53,2026-03-30,10:45,1.0056,1.0
甘伍村3社,53,2026-03-30,11:00,1.0098,1.0
甘伍村3社,53,2026-03-30,11:15,1.0034,1.0
甘伍村3社,53,2026-03-30,11:30,1.0052,1.0
甘伍村3社,53,2026-03-30,11:45,1.0049,1.0
甘伍村3社,53,2026-03-30,12:00,0.998,1.0
甘伍村3社,53,2026-03-30,12:15,0.9987,1.0
甘伍村3社,53,2026-03-30,12:30,1.0003,1.0
甘伍村3社,53,2026-03-30,12:45,0.9978,1.0
甘伍村3社,53,2026-03-30,13:00,1.0,1.0
甘伍村3社,53,2026-03-30,13:15,0.999,1.0
甘伍村3社,53,2026-03-30,13:30,0.9991,1.0
甘伍村3社,53,2026-03-30,13:45,1.0066,1.0
甘伍村3社,53,2026-03-30,14:00,0.9977,1.0
甘伍村3社,53,2026-03-30,14:15,1.0013,1.0
甘伍村3社,53,2026-03-30,14:30,0.9964,1.0
甘伍村3社,53,2026-03-30,14:45,1.0034,1.0
甘伍村3社,53,2026-03-30,15:00,1.0034,1.0
甘伍村3社,53,2026-03-30,15:15,1.0032,1.0
甘伍村3社,53,2026-03-30,15:30,1.0052,1.0
甘伍村3社,53,2026-03-30,15:45,0.9967,1.0
甘伍村3社,53,2026-03-30,16:00,1.005,1.0
甘伍村3社,53,2026-03-30,16:15,1.0001,1.0
甘伍村3社,53,2026-03-30,16:30,0.9986,1.0
甘伍村3社,53,2026-03-30,16:45,0.9973,1.0
甘伍村3社,53,2026-03-30,17:00,1.0045,1.0
甘伍村3社,53,2026-03-30,17:15,0.9952,1.0
甘伍村3社,53,2026-03-30,17:30,1.0014,1.0
甘伍村3社,53,2026-03-30,17:45,0.997,1.0
甘伍村3社,53,2026-03-30,18:00,0.991,1.0
甘伍村3社,53,2026-03-30,18:15,1.0003,1.0
甘伍村3社,53,2026-03-30,18:30,0.9973,1.0
甘伍村3社,53,2026-03-30,18:45,1.0013,1.0
甘伍村3社,53,2026-03-30,19:00,1.002,1.0
甘伍村3社,53,2026-03-30,19:15,1.0013,1.0
甘伍村3社,53,2026-03-30,19:30,0.9938,0.883
甘伍村3社,53,2026-03-30,19:45,0.9923,0.881
甘伍村3社,53,2026-03-30,20:00,0.9845,1.0
甘伍村3社,53,2026-03-30,20:15,0.9924,1.0
甘伍村3社,53,2026-03-30,20:30,0.9944,1.0
甘伍村3社,53,2026-03-30,20:45,0.9976,1.0
甘伍村3社,53,2026-03-30,21:00,1.0016,1.0
甘伍村3社,53,2026-03-30,21:15,0.9987,1.0
甘伍村3社,53,2026-03-30,21:30,0.9997,1.0
甘伍村3社,53,2026-03-30,21:45,0.9978,1.0
甘伍村3社,53,2026-03-30,22:00,0.9967,1.0
甘伍村3社,53,2026-03-30,22:15,1.001,1.0
甘伍村3社,53,2026-03-30,22:30,1.0018,1.0
甘伍村3社,53,2026-03-30,22:45,0.9981,1.0
甘伍村3社,53,2026-03-30,23:00,1.0011,1.0
甘伍村3社,53,2026-03-30,23:15,0.9992,1.0
甘伍村3社,53,2026-03-30,23:30,1.0028,1.0
甘伍村3社,53,2026-03-30,23:45,1.0019,1.0
甘伍村3社,53,2026-03-31,00:00,1.0,1.0
甘伍村3社,53,2026-03-31,00:15,1.0011,1.0
甘伍村3社,53,2026-03-31,00:30,1.0022,1.0
甘伍村3社,53,2026-03-31,00:45,0.9989,1.0
甘伍村3社,53,2026-03-31,01:00,0.9965,1.0
甘伍村3社,53,2026-03-31,01:15,1.0032,1.0
甘伍村3社,53,2026-03-31,01:30,1.0045,1.0
甘伍村3社,53,2026-03-31,01:45,1.0036,1.0
甘伍村3社,53,2026-03-31,02:00,1.001,1.0
甘伍村3社,53,2026-03-31,02:15,1.0004,1.0
甘伍村3社,53,2026-03-31,02:30,1.001,1.0
甘伍村3社,53,2026-03-31,02:45,1.0019,1.0
甘伍村3社,53,2026-03-31,03:00,1.0006,1.0
甘伍村3社,53,2026-03-31,03:15,1.0013,1.0
甘伍村3社,53,2026-03-31,03:30,1.0039,1.0
甘伍村3社,53,2026-03-31,03:45,1.0061,1.0
甘伍村3社,53,2026-03-31,04:00,0.9985,1.0
甘伍村3社,53,2026-03-31,04:15,0.995,1.0
甘伍村3社,53,2026-03-31,04:30,0.9999,1.0
甘伍村3社,53,2026-03-31,04:45,0.997,1.0
甘伍村3社,53,2026-03-31,05:00,0.9991,1.0
甘伍村3社,53,2026-03-31,05:15,0.9928,1.0
甘伍村3社,53,2026-03-31,05:30,1.0005,1.0
甘伍村3社,53,2026-03-31,05:45,0.995,1.0
甘伍村3社,53,2026-03-31,06:00,0.9946,1.0
甘伍村3社,53,2026-03-31,06:15,0.9933,1.0
甘伍村3社,53,2026-03-31,06:30,0.99,1.0
甘伍村3社,53,2026-03-31,06:45,0.9898,1.0
甘伍村3社,53,2026-03-31,07:00,0.9906,1.0
甘伍村3社,53,2026-03-31,07:15,0.9956,1.0
甘伍村3社,53,2026-03-31,07:30,0.9947,1.0
甘伍村3社,53,2026-03-31,07:45,0.9995,1.0
甘伍村3社,53,2026-03-31,08:00,0.993,1.0
甘伍村3社,53,2026-03-31,08:15,0.9952,1.0
甘伍村3社,53,2026-03-31,08:30,1.001,1.0
甘伍村3社,53,2026-03-31,08:45,0.9971,1.0
甘伍村3社,53,2026-03-31,09:00,1.0021,1.0
甘伍村3社,53,2026-03-31,09:15,1.0008,1.0
甘伍村3社,53,2026-03-31,09:30,1.0034,1.0
甘伍村3社,53,2026-03-31,09:45,0.9988,1.0
甘伍村3社,53,2026-03-31,10:00,1.0032,1.0
甘伍村3社,53,2026-03-31,10:15,1.005,1.0
甘伍村3社,53,2026-03-31,10:30,1.0014,1.0
甘伍村3社,53,2026-03-31,10:45,1.0007,1.0
甘伍村3社,53,2026-03-31,11:00,1.0017,1.0
甘伍村3社,53,2026-03-31,11:15,0.9988,1.0
甘伍村3社,53,2026-03-31,11:30,1.0028,1.0
甘伍村3社,53,2026-03-31,11:45,1.0013,1.0
甘伍村3社,53,2026-03-31,12:00,0.9996,1.0
甘伍村3社,53,2026-03-31,12:15,1.004,1.0
甘伍村3社,53,2026-03-31,12:30,1.0012,1.0
甘伍村3社,53,2026-03-31,12:45,1.0005,1.0
甘伍村3社,53,2026-03-31,13:00,0.994,1.0
甘伍村3社,53,2026-03-31,13:15,1.0041,1.0
甘伍村3社,53,2026-03-31,13:30,0.999,1.0
甘伍村3社,53,2026-03-31,13:45,0.9991,1.0
甘伍村3社,53,2026-03-31,14:00,1.0006,1.0
甘伍村3社,53,2026-03-31,14:15,1.0019,1.0
甘伍村3社,53,2026-03-31,14:30,0.992,1.0
甘伍村3社,53,2026-03-31,14:45,1.0063,1.0
甘伍村3社,53,2026-03-31,15:00,1.0042,1.0
甘伍村3社,53,2026-03-31,15:15,1.004,1.0
甘伍村3社,53,2026-03-31,15:30,1.0033,1.0
甘伍村3社,53,2026-03-31,15:45,1.0016,1.0
甘伍村3社,53,2026-03-31,16:00,0.9996,1.0
甘伍村3社,53,2026-03-31,16:15,1.003,1.0
甘伍村3社,53,2026-03-31,16:30,0.9983,1.0
甘伍村3社,53,2026-03-31,16:45,0.9919,1.0
甘伍村3社,53,2026-03-31,17:00,0.9978,1.0
甘伍村3社,53,2026-03-31,17:15,0.9925,1.0
甘伍村3社,53,2026-03-31,17:30,1.0038,1.0
甘伍村3社,53,2026-03-31,17:45,0.9964,1.0
甘伍村3社,53,2026-03-31,18:00,0.9931,1.0
甘伍村3社,53,2026-03-31,18:15,0.9977,1.0
甘伍村3社,53,2026-03-31,18:30,0.996,1.0
甘伍村3社,53,2026-03-31,18:45,1.0012,1.0
甘伍村3社,53,2026-03-31,19:00,0.9992,1.0
甘伍村3社,53,2026-03-31,19:15,0.996,1.0
甘伍村3社,53,2026-03-31,19:30,1.0028,1.0
甘伍村3社,53,2026-03-31,19:45,0.9904,1.0
甘伍村3社,53,2026-03-31,20:00,0.983,1.0
甘伍村3社,53,2026-03-31,20:15,0.9932,1.0
甘伍村3社,53,2026-03-31,20:30,0.9951,1.0
甘伍村3社,53,2026-03-31,20:45,0.9979,1.0
甘伍村3社,53,2026-03-31,21:00,0.9994,1.0
甘伍村3社,53,2026-03-31,21:15,0.9999,1.0
甘伍村3社,53,2026-03-31,21:30,0.9963,1.0
甘伍村3社,53,2026-03-31,21:45,0.9953,1.0
甘伍村3社,53,2026-03-31,22:00,0.997,1.0
甘伍村3社,53,2026-03-31,22:15,0.9978,1.0
甘伍村3社,53,2026-03-31,22:30,1.0027,1.0
甘伍村3社,53,2026-03-31,22:45,1.0,1.0
甘伍村3社,53,2026-03-31,23:00,1.0029,1.0
甘伍村3社,53,2026-03-31,23:15,1.0002,1.0
甘伍村3社,53,2026-03-31,23:30,1.0007,1.0
甘伍村3社,53,2026-03-31,23:45,0.9976,1.0
甘伍村3社,53,2026-04-01,00:00,0.9991,1.0
甘伍村3社,53,2026-04-01,00:15,0.9997,1.0
甘伍村3社,53,2026-04-01,00:30,0.9995,1.0
甘伍村3社,53,2026-04-01,00:45,1.0005,1.0
甘伍村3社,53,2026-04-01,01:00,1.0044,1.0
甘伍村3社,53,2026-04-01,01:15,0.9954,1.0
甘伍村3社,53,2026-04-01,01:30,0.9978,1.0
甘伍村3社,53,2026-04-01,01:45,0.9929,1.0
甘伍村3社,53,2026-04-01,02:00,1.0028,1.0
甘伍村3社,53,2026-04-01,02:15,0.9945,1.0
甘伍村3社,53,2026-04-01,02:30,1.0,1.0
甘伍村3社,53,2026-04-01,02:45,1.0004,1.0
甘伍村3社,53,2026-04-01,03:00,1.0008,1.0
甘伍村3社,53,2026-04-01,03:15,1.002,1.0
甘伍村3社,53,2026-04-01,03:30,1.0035,1.0
甘伍村3社,53,2026-04-01,03:45,1.0024,1.0
甘伍村3社,53,2026-04-01,04:00,0.996,1.0
甘伍村3社,53,2026-04-01,04:15,0.9926,1.0
甘伍村3社,53,2026-04-01,04:30,0.9979,1.0
甘伍村3社,53,2026-04-01,04:45,0.9962,1.0
甘伍村3社,53,2026-04-01,05:00,0.996,1.0
甘伍村3社,53,2026-04-01,05:15,0.9992,1.0
甘伍村3社,53,2026-04-01,05:30,0.9976,1.0
甘伍村3社,53,2026-04-01,05:45,0.9956,1.0
甘伍村3社,53,2026-04-01,06:00,0.9959,1.0
甘伍村3社,53,2026-04-01,06:15,0.9925,1.0
甘伍村3社,53,2026-04-01,06:30,0.9914,1.0
甘伍村3社,53,2026-04-01,06:45,0.9879,1.0
甘伍村3社,53,2026-04-01,07:00,0.9905,1.0
甘伍村3社,53,2026-04-01,07:15,0.9962,1.0
甘伍村3社,53,2026-04-01,07:30,0.996,1.0
甘伍村3社,53,2026-04-01,07:45,0.9969,1.0
甘伍村3社,53,2026-04-01,08:00,0.9963,1.0
甘伍村3社,53,2026-04-01,08:15,0.997,1.0
甘伍村3社,53,2026-04-01,08:30,0.9969,1.0
甘伍村3社,53,2026-04-01,08:45,0.9963,0.916
甘伍村3社,53,2026-04-01,09:00,1.0004,0.921
甘伍村3社,53,2026-04-01,09:15,0.9995,0.904
甘伍村3社,53,2026-04-01,09:30,0.9982,1.0
甘伍村3社,53,2026-04-01,09:45,0.9977,1.0
甘伍村3社,53,2026-04-01,10:00,0.9993,1.0
甘伍村3社,53,2026-04-01,10:15,1.0028,1.0
甘伍村3社,53,2026-04-01,10:30,1.0031,1.0
甘伍村3社,53,2026-04-01,10:45,0.997,1.0
甘伍村3社,53,2026-04-01,11:00,1.0074,1.0
甘伍村3社,53,2026-04-01,11:15,1.001,1.0
甘伍村3社,53,2026-04-01,11:30,0.9967,1.0
甘伍村3社,53,2026-04-01,11:45,0.998,1.0
甘伍村3社,53,2026-04-01,12:00,0.9997,1.0
甘伍村3社,53,2026-04-01,12:15,1.0034,1.0
甘伍村3社,53,2026-04-01,12:30,0.998,1.0
甘伍村3社,53,2026-04-01,12:45,1.0007,1.0
甘伍村3社,53,2026-04-01,13:00,0.9991,1.0
甘伍村3社,53,2026-04-01,13:15,1.0026,1.0
甘伍村3社,53,2026-04-01,13:30,1.0005,1.0
甘伍村3社,53,2026-04-01,13:45,1.0028,1.0
甘伍村3社,53,2026-04-01,14:00,0.9991,1.0
甘伍村3社,53,2026-04-01,14:15,1.001,1.0
甘伍村3社,53,2026-04-01,14:30,0.9946,1.0
甘伍村3社,53,2026-04-01,14:45,0.9997,1.0
甘伍村3社,53,2026-04-01,15:00,1.006,1.0
甘伍村3社,53,2026-04-01,15:15,0.9985,1.0
甘伍村3社,53,2026-04-01,15:30,1.0017,1.0
甘伍村3社,53,2026-04-01,15:45,1.0029,1.0
甘伍村3社,53,2026-04-01,16:00,0.9988,1.0
甘伍村3社,53,2026-04-01,16:15,1.0029,1.0
甘伍村3社,53,2026-04-01,16:30,0.9967,1.0
甘伍村3社,53,2026-04-01,16:45,0.9938,1.0
甘伍村3社,53,2026-04-01,17:00,1.0006,1.0
甘伍村3社,53,2026-04-01,17:15,0.9983,0.974
甘伍村3社,53,2026-04-01,17:30,1.0032,0.969
甘伍村3社,53,2026-04-01,17:45,0.9979,0.968
甘伍村3社,53,2026-04-01,18:00,1.0,1.0
甘伍村3社,53,2026-04-01,18:15,0.9989,1.0
甘伍村3社,53,2026-04-01,18:30,0.9938,1.0
甘伍村3社,53,2026-04-01,18:45,0.9972,1.0
甘伍村3社,53,2026-04-01,19:00,1.0042,1.0
甘伍村3社,53,2026-04-01,19:15,0.9969,1.0
甘伍村3社,53,2026-04-01,19:30,0.9932,1.0
甘伍村3社,53,2026-04-01,19:45,0.989,1.0
甘伍村3社,53,2026-04-01,20:00,0.9844,1.0
甘伍村3社,53,2026-04-01,20:15,0.9893,1.0
甘伍村3社,53,2026-04-01,20:30,0.9923,1.0
甘伍村3社,53,2026-04-01,20:45,1.0004,1.0
甘伍村3社,53,2026-04-01,21:00,1.0003,1.0
甘伍村3社,53,2026-04-01,21:15,1.0002,1.0
甘伍村3社,53,2026-04-01,21:30,1.0019,1.0
甘伍村3社,53,2026-04-01,21:45,0.9974,1.0
甘伍村3社,53,2026-04-01,22:00,1.0016,1.0
甘伍村3社,53,2026-04-01,22:15,1.002,1.0
甘伍村3社,53,2026-04-01,22:30,1.0009,1.0
甘伍村3社,53,2026-04-01,22:45,0.9977,1.0
甘伍村3社,53,2026-04-01,23:00,1.0023,1.0
甘伍村3社,53,2026-04-01,23:15,1.0009,1.0
甘伍村3社,53,2026-04-01,23:30,0.9997,1.0
甘伍村3社,53,2026-04-01,23:45,0.9973,1.0
幸福村4社,54,2026-04-27,00:00,0.9929,0.993
幸福村4社,54,2026-04-27,00:15,0.9948,0.993
幸福村4社,54,2026-04-27,00:30,0.9943,0.993
幸福村4社,54,2026-04-27,00:45,0.9952,0.993
幸福村4社,54,2026-04-27,01:00,0.9951,0.993
幸福村4社,54,2026-04-27,01:15,0.9941,0.99
幸福村4社,54,2026-04-27,01:30,0.9956,0.99
幸福村4社,54,2026-04-27,01:45,0.9956,0.988
幸福村4社,54,2026-04-27,02:00,0.9954,0.988
幸福村4社,54,2026-04-27,02:15,0.9944,0.987
幸福村4社,54,2026-04-27,02:30,0.997,0.984
幸福村4社,54,2026-04-27,02:45,0.9953,0.985
幸福村4社,54,2026-04-27,03:00,0.9955,0.985
幸福村4社,54,2026-04-27,03:15,0.997,0.986
幸福村4社,54,2026-04-27,03:30,0.9988,0.984
幸福村4社,54,2026-04-27,03:45,0.9957,0.983
幸福村4社,54,2026-04-27,04:00,0.9969,0.983
幸福村4社,54,2026-04-27,04:15,0.9954,0.983
幸福村4社,54,2026-04-27,04:30,0.9981,0.983
幸福村4社,54,2026-04-27,04:45,0.9965,0.985
幸福村4社,54,2026-04-27,05:00,0.997,0.984
幸福村4社,54,2026-04-27,05:15,0.995,0.984
幸福村4社,54,2026-04-27,05:30,0.9955,0.983
幸福村4社,54,2026-04-27,05:45,0.9962,0.984
幸福村4社,54,2026-04-27,06:00,0.9963,0.984
幸福村4社,54,2026-04-27,06:15,0.9974,0.985
幸福村4社,54,2026-04-27,06:30,0.9957,0.981
幸福村4社,54,2026-04-27,06:45,0.9962,0.983
幸福村4社,54,2026-04-27,07:00,0.9964,1.0
幸福村4社,54,2026-04-27,07:15,0.9958,1.0
幸福村4社,54,2026-04-27,07:30,0.9973,1.0
幸福村4社,54,2026-04-27,07:45,0.9951,1.0
幸福村4社,54,2026-04-27,08:00,0.9969,1.0
幸福村4社,54,2026-04-27,08:15,1.0001,0.999
幸福村4社,54,2026-04-27,08:30,0.9964,1.0
幸福村4社,54,2026-04-27,08:45,1.0007,1.0
幸福村4社,54,2026-04-27,09:00,0.9987,0.997
幸福村4社,54,2026-04-27,09:15,0.9988,1.0
幸福村4社,54,2026-04-27,09:30,0.9984,1.0
幸福村4社,54,2026-04-27,09:45,0.9985,1.0
幸福村4社,54,2026-04-27,10:00,0.9961,1.0
幸福村4社,54,2026-04-27,10:15,0.9973,1.0
幸福村4社,54,2026-04-27,10:30,0.9992,1.0
幸福村4社,54,2026-04-27,10:45,0.9987,1.0
幸福村4社,54,2026-04-27,11:00,0.9967,1.0
幸福村4社,54,2026-04-27,11:15,0.9999,1.0
幸福村4社,54,2026-04-27,11:30,0.9994,1.0
幸福村4社,54,2026-04-27,11:45,0.9975,1.0
幸福村4社,54,2026-04-27,12:00,0.9986,1.0
幸福村4社,54,2026-04-27,12:15,0.9991,1.0
幸福村4社,54,2026-04-27,12:30,0.998,1.0
幸福村4社,54,2026-04-27,12:45,0.999,1.0
幸福村4社,54,2026-04-27,13:00,0.9976,1.0
幸福村4社,54,2026-04-27,13:15,0.9992,1.0
幸福村4社,54,2026-04-27,13:30,1.0005,0.998
幸福村4社,54,2026-04-27,13:45,0.9969,0.999
幸福村4社,54,2026-04-27,14:00,0.9978,1.0
幸福村4社,54,2026-04-27,14:15,0.9962,1.0
幸福村4社,54,2026-04-27,14:30,0.9987,1.0
幸福村4社,54,2026-04-27,14:45,0.9974,1.0
幸福村4社,54,2026-04-27,15:00,0.9977,1.0
幸福村4社,54,2026-04-27,15:15,0.9987,1.0
幸福村4社,54,2026-04-27,15:30,0.9999,1.0
幸福村4社,54,2026-04-27,15:45,1.0015,0.983
幸福村4社,54,2026-04-27,16:00,0.9981,0.985
幸福村4社,54,2026-04-27,16:15,1.001,0.986
幸福村4社,54,2026-04-27,16:30,0.9987,0.987
幸福村4社,54,2026-04-27,16:45,0.9968,0.986
幸福村4社,54,2026-04-27,17:00,0.9966,0.999
幸福村4社,54,2026-04-27,17:15,0.9977,0.999
幸福村4社,54,2026-04-27,17:30,0.9968,0.999
幸福村4社,54,2026-04-27,17:45,0.9974,0.999
幸福村4社,54,2026-04-27,18:00,1.0004,0.999
幸福村4社,54,2026-04-27,18:15,0.9967,0.985
幸福村4社,54,2026-04-27,18:30,0.9954,0.986
幸福村4社,54,2026-04-27,18:45,0.9955,0.983
幸福村4社,54,2026-04-27,19:00,0.9962,0.982
幸福村4社,54,2026-04-27,19:15,0.9943,1.0
幸福村4社,54,2026-04-27,19:30,0.9957,1.0
幸福村4社,54,2026-04-27,19:45,0.9918,1.0
幸福村4社,54,2026-04-27,20:00,0.992,0.975
幸福村4社,54,2026-04-27,20:15,0.9933,0.973
幸福村4社,54,2026-04-27,20:30,0.9928,0.986
幸福村4社,54,2026-04-27,20:45,0.9922,0.994
幸福村4社,54,2026-04-27,21:00,0.9928,0.993
幸福村4社,54,2026-04-27,21:15,0.9936,0.987
幸福村4社,54,2026-04-27,21:30,0.9926,0.989
幸福村4社,54,2026-04-27,21:45,0.9921,0.988
幸福村4社,54,2026-04-27,22:00,0.9936,0.989
幸福村4社,54,2026-04-27,22:15,0.9913,0.986
幸福村4社,54,2026-04-27,22:30,0.9936,0.992
幸福村4社,54,2026-04-27,22:45,0.9949,0.993
幸福村4社,54,2026-04-27,23:00,0.9927,0.993
幸福村4社,54,2026-04-27,23:15,0.9954,1.0
幸福村4社,54,2026-04-27,23:30,0.9926,1.0
幸福村4社,54,2026-04-27,23:45,0.9945,1.0
幸福村4社,54,2026-04-28,00:00,0.9958,1.0
幸福村4社,54,2026-04-28,00:15,0.9949,1.0
幸福村4社,54,2026-04-28,00:30,0.9962,1.0
幸福村4社,54,2026-04-28,00:45,0.9986,1.0
幸福村4社,54,2026-04-28,01:00,0.996,1.0
幸福村4社,54,2026-04-28,01:15,0.996,1.0
幸福村4社,54,2026-04-28,01:30,0.9949,1.0
幸福村4社,54,2026-04-28,01:45,0.9958,1.0
幸福村4社,54,2026-04-28,02:00,0.9963,1.0
幸福村4社,54,2026-04-28,02:15,0.9966,1.0
幸福村4社,54,2026-04-28,02:30,0.997,1.0
幸福村4社,54,2026-04-28,02:45,0.9946,1.0
幸福村4社,54,2026-04-28,03:00,0.9963,1.0
幸福村4社,54,2026-04-28,03:15,0.9948,1.0
幸福村4社,54,2026-04-28,03:30,0.9947,1.0
幸福村4社,54,2026-04-28,03:45,0.9929,1.0
幸福村4社,54,2026-04-28,04:00,0.9957,1.0
幸福村4社,54,2026-04-28,04:15,0.996,1.0
幸福村4社,54,2026-04-28,04:30,0.9963,1.0
幸福村4社,54,2026-04-28,04:45,0.9965,1.0
幸福村4社,54,2026-04-28,05:00,0.9962,1.0
幸福村4社,54,2026-04-28,05:15,0.9972,1.0
幸福村4社,54,2026-04-28,05:30,0.9948,1.0
幸福村4社,54,2026-04-28,05:45,0.9969,1.0
幸福村4社,54,2026-04-28,06:00,0.9975,1.0
幸福村4社,54,2026-04-28,06:15,0.9958,1.0
幸福村4社,54,2026-04-28,06:30,0.9951,1.0
幸福村4社,54,2026-04-28,06:45,0.9953,0.976
幸福村4社,54,2026-04-28,07:00,0.9952,1.0
幸福村4社,54,2026-04-28,07:15,0.9957,0.999
幸福村4社,54,2026-04-28,07:30,0.9963,1.0
幸福村4社,54,2026-04-28,07:45,0.996,1.0
幸福村4社,54,2026-04-28,08:00,0.9981,1.0
幸福村4社,54,2026-04-28,08:15,1.0011,1.0
幸福村4社,54,2026-04-28,08:30,0.9989,0.981
幸福村4社,54,2026-04-28,08:45,0.9982,0.986
幸福村4社,54,2026-04-28,09:00,0.9976,0.991
幸福村4社,54,2026-04-28,09:15,0.998,1.0
幸福村4社,54,2026-04-28,09:30,0.9996,1.0
幸福村4社,54,2026-04-28,09:45,0.9999,0.991
幸福村4社,54,2026-04-28,10:00,0.9983,1.0
幸福村4社,54,2026-04-28,10:15,0.9971,0.993
幸福村4社,54,2026-04-28,10:30,0.9986,0.993
幸福村4社,54,2026-04-28,10:45,1.0001,0.992
幸福村4社,54,2026-04-28,11:00,0.9983,0.991
幸福村4社,54,2026-04-28,11:15,0.9997,0.994
幸福村4社,54,2026-04-28,11:30,0.9986,1.0
幸福村4社,54,2026-04-28,11:45,0.9984,1.0
幸福村4社,54,2026-04-28,12:00,0.9987,1.0
幸福村4社,54,2026-04-28,12:15,0.998,1.0
幸福村4社,54,2026-04-28,12:30,0.9984,1.0
幸福村4社,54,2026-04-28,12:45,0.9992,1.0
幸福村4社,54,2026-04-28,13:00,0.9983,1.0
幸福村4社,54,2026-04-28,13:15,0.9974,1.0
幸福村4社,54,2026-04-28,13:30,0.9979,1.0
幸福村4社,54,2026-04-28,13:45,0.9996,1.0
幸福村4社,54,2026-04-28,14:00,0.9964,1.0
幸福村4社,54,2026-04-28,14:15,0.9967,0.981
幸福村4社,54,2026-04-28,14:30,1.0,0.979
幸福村4社,54,2026-04-28,14:45,0.9979,0.991
幸福村4社,54,2026-04-28,15:00,0.9967,0.991
幸福村4社,54,2026-04-28,15:15,0.9966,0.992
幸福村4社,54,2026-04-28,15:30,0.9986,0.988
幸福村4社,54,2026-04-28,15:45,0.9997,0.989
幸福村4社,54,2026-04-28,16:00,1.0005,0.99
幸福村4社,54,2026-04-28,16:15,0.9988,0.985
幸福村4社,54,2026-04-28,16:30,0.9982,0.981
幸福村4社,54,2026-04-28,16:45,0.998,0.999
幸福村4社,54,2026-04-28,17:00,0.9986,0.999
幸福村4社,54,2026-04-28,17:15,0.9992,0.979
幸福村4社,54,2026-04-28,17:30,0.9972,0.98
幸福村4社,54,2026-04-28,17:45,0.9982,0.988
幸福村4社,54,2026-04-28,18:00,1.0004,0.988
幸福村4社,54,2026-04-28,18:15,0.999,0.988
幸福村4社,54,2026-04-28,18:30,0.9985,0.988
幸福村4社,54,2026-04-28,18:45,0.9981,0.981
幸福村4社,54,2026-04-28,19:00,0.9965,0.978
幸福村4社,54,2026-04-28,19:15,0.9955,0.977
幸福村4社,54,2026-04-28,19:30,0.9929,0.975
幸福村4社,54,2026-04-28,19:45,0.993,0.982
幸福村4社,54,2026-04-28,20:00,0.9937,0.988
幸福村4社,54,2026-04-28,20:15,0.9934,0.99
幸福村4社,54,2026-04-28,20:30,0.9922,0.99
幸福村4社,54,2026-04-28,20:45,0.9932,0.991
幸福村4社,54,2026-04-28,21:00,0.9929,0.996
幸福村4社,54,2026-04-28,21:15,0.9942,0.994
幸福村4社,54,2026-04-28,21:30,0.9938,0.993
幸福村4社,54,2026-04-28,21:45,0.9941,1.0
幸福村4社,54,2026-04-28,22:00,0.9914,1.0
幸福村4社,54,2026-04-28,22:15,0.9917,1.0
幸福村4社,54,2026-04-28,22:30,0.9912,1.0
幸福村4社,54,2026-04-28,22:45,0.9935,1.0
幸福村4社,54,2026-04-28,23:00,0.9924,1.0
幸福村4社,54,2026-04-28,23:15,0.9953,1.0
幸福村4社,54,2026-04-28,23:30,0.9944,1.0
幸福村4社,54,2026-04-28,23:45,0.9952,1.0
幸福村4社,54,2026-04-29,00:00,0.9943,1.0
幸福村4社,54,2026-04-29,00:15,0.9956,1.0
幸福村4社,54,2026-04-29,00:30,0.9944,1.0
幸福村4社,54,2026-04-29,00:45,0.9939,1.0
幸福村4社,54,2026-04-29,01:00,0.9936,1.0
幸福村4社,54,2026-04-29,01:15,0.9977,1.0
幸福村4社,54,2026-04-29,01:30,0.9963,1.0
幸福村4社,54,2026-04-29,01:45,0.9982,1.0
幸福村4社,54,2026-04-29,02:00,0.9949,1.0
幸福村4社,54,2026-04-29,02:15,0.9985,1.0
幸福村4社,54,2026-04-29,02:30,0.9971,1.0
幸福村4社,54,2026-04-29,02:45,0.9954,1.0
幸福村4社,54,2026-04-29,03:00,0.9963,1.0
幸福村4社,54,2026-04-29,03:15,0.9957,1.0
幸福村4社,54,2026-04-29,03:30,0.9946,1.0
幸福村4社,54,2026-04-29,03:45,0.9938,1.0
幸福村4社,54,2026-04-29,04:00,0.9968,1.0
幸福村4社,54,2026-04-29,04:15,0.996,1.0
幸福村4社,54,2026-04-29,04:30,0.9957,1.0
幸福村4社,54,2026-04-29,04:45,0.9961,1.0
幸福村4社,54,2026-04-29,05:00,0.9942,1.0
幸福村4社,54,2026-04-29,05:15,0.9964,1.0
幸福村4社,54,2026-04-29,05:30,0.9949,1.0
幸福村4社,54,2026-04-29,05:45,0.9973,1.0
幸福村4社,54,2026-04-29,06:00,0.9962,1.0
幸福村4社,54,2026-04-29,06:15,0.9952,1.0
幸福村4社,54,2026-04-29,06:30,0.9964,1.0
幸福村4社,54,2026-04-29,06:45,0.9979,1.0
幸福村4社,54,2026-04-29,07:00,0.9956,1.0
幸福村4社,54,2026-04-29,07:15,0.9968,1.0
幸福村4社,54,2026-04-29,07:30,0.9964,1.0
幸福村4社,54,2026-04-29,07:45,0.9972,0.999
幸福村4社,54,2026-04-29,08:00,0.9981,1.0
幸福村4社,54,2026-04-29,08:15,0.999,0.999
幸福村4社,54,2026-04-29,08:30,0.9973,0.999
幸福村4社,54,2026-04-29,08:45,0.9988,1.0
幸福村4社,54,2026-04-29,09:00,0.996,1.0
幸福村4社,54,2026-04-29,09:15,0.9968,1.0
幸福村4社,54,2026-04-29,09:30,0.9998,1.0
幸福村4社,54,2026-04-29,09:45,0.9983,1.0
幸福村4社,54,2026-04-29,10:00,0.9993,1.0
幸福村4社,54,2026-04-29,10:15,0.9974,1.0
幸福村4社,54,2026-04-29,10:30,0.9964,1.0
幸福村4社,54,2026-04-29,10:45,1.0003,1.0
幸福村4社,54,2026-04-29,11:00,0.9954,1.0
幸福村4社,54,2026-04-29,11:15,0.9996,1.0
幸福村4社,54,2026-04-29,11:30,1.0007,1.0
幸福村4社,54,2026-04-29,11:45,0.9997,1.0
幸福村4社,54,2026-04-29,12:00,0.9976,1.0
幸福村4社,54,2026-04-29,12:15,0.997,1.0
幸福村4社,54,2026-04-29,12:30,0.999,1.0
幸福村4社,54,2026-04-29,12:45,0.9992,1.0
幸福村4社,54,2026-04-29,13:00,0.9974,1.0
幸福村4社,54,2026-04-29,13:15,0.9984,1.0
幸福村4社,54,2026-04-29,13:30,0.9986,1.0
幸福村4社,54,2026-04-29,13:45,0.998,1.0
幸福村4社,54,2026-04-29,14:00,0.9956,1.0
幸福村4社,54,2026-04-29,14:15,0.9958,1.0
幸福村4社,54,2026-04-29,14:30,0.9969,1.0
幸福村4社,54,2026-04-29,14:45,0.9959,1.0
幸福村4社,54,2026-04-29,15:00,0.996,1.0
幸福村4社,54,2026-04-29,15:15,1.0006,1.0
幸福村4社,54,2026-04-29,15:30,0.9999,1.0
幸福村4社,54,2026-04-29,15:45,0.9977,1.0
幸福村4社,54,2026-04-29,16:00,1.0004,1.0
幸福村4社,54,2026-04-29,16:15,0.9978,1.0
幸福村4社,54,2026-04-29,16:30,0.9975,1.0
幸福村4社,54,2026-04-29,16:45,0.9982,0.999
幸福村4社,54,2026-04-29,17:00,0.998,0.999
幸福村4社,54,2026-04-29,17:15,0.9978,1.0
幸福村4社,54,2026-04-29,17:30,0.9955,1.0
幸福村4社,54,2026-04-29,17:45,0.9977,1.0
幸福村4社,54,2026-04-29,18:00,0.9967,0.991
幸福村4社,54,2026-04-29,18:15,0.996,0.993
幸福村4社,54,2026-04-29,18:30,0.9973,0.994
幸福村4社,54,2026-04-29,18:45,0.9973,0.995
幸福村4社,54,2026-04-29,19:00,0.994,0.999
幸福村4社,54,2026-04-29,19:15,0.9956,0.996
幸福村4社,54,2026-04-29,19:30,0.9927,0.995
幸福村4社,54,2026-04-29,19:45,0.99,0.992
幸福村4社,54,2026-04-29,20:00,0.9901,0.984
幸福村4社,54,2026-04-29,20:15,0.9943,0.994
幸福村4社,54,2026-04-29,20:30,0.9941,0.994
幸福村4社,54,2026-04-29,20:45,0.9923,0.998
幸福村4社,54,2026-04-29,21:00,0.9932,0.996
幸福村4社,54,2026-04-29,21:15,0.9937,0.997
幸福村4社,54,2026-04-29,21:30,0.9919,0.996
幸福村4社,54,2026-04-29,21:45,0.9938,0.996
幸福村4社,54,2026-04-29,22:00,0.9918,1.0
幸福村4社,54,2026-04-29,22:15,0.99,1.0
幸福村4社,54,2026-04-29,22:30,0.9916,1.0
幸福村4社,54,2026-04-29,22:45,0.9949,1.0
幸福村4社,54,2026-04-29,23:00,0.9945,1.0
幸福村4社,54,2026-04-29,23:15,0.9945,1.0
幸福村4社,54,2026-04-29,23:30,0.9959,1.0
幸福村4社,54,2026-04-29,23:45,0.9963,1.0
幸福村4社,55,2026-02-24,00:00,0.9947,1.0
幸福村4社,55,2026-02-24,00:15,0.9977,1.0
幸福村4社,55,2026-02-24,00:30,0.9961,1.0
幸福村4社,55,2026-02-24,00:45,0.997,1.0
幸福村4社,55,2026-02-24,01:00,0.9971,1.0
幸福村4社,55,2026-02-24,01:15,0.9958,1.0
幸福村4社,55,2026-02-24,01:30,0.9981,1.0
幸福村4社,55,2026-02-24,01:45,0.9973,1.0
幸福村4社,55,2026-02-24,02:00,0.9973,1.0
幸福村4社,55,2026-02-24,02:15,0.9964,1.0
幸福村4社,55,2026-02-24,02:30,0.9985,1.0
幸福村4社,55,2026-02-24,02:45,0.9959,1.0
幸福村4社,55,2026-02-24,03:00,0.9975,1.0
幸福村4社,55,2026-02-24,03:15,0.9982,1.0
幸福村4社,55,2026-02-24,03:30,1.0006,1.0
幸福村4社,55,2026-02-24,03:45,0.9963,1.0
幸福村4社,55,2026-02-24,04:00,0.9985,1.0
幸福村4社,55,2026-02-24,04:15,0.9965,1.0
幸福村4社,55,2026-02-24,04:30,1.0,1.0
幸福村4社,55,2026-02-24,04:45,0.9985,1.0
幸福村4社,55,2026-02-24,05:00,0.9987,1.0
幸福村4社,55,2026-02-24,05:15,0.9961,1.0
幸福村4社,55,2026-02-24,05:30,0.9969,1.0
幸福村4社,55,2026-02-24,05:45,0.9983,1.0
幸福村4社,55,2026-02-24,06:00,0.998,1.0
幸福村4社,55,2026-02-24,06:15,0.999,1.0
幸福村4社,55,2026-02-24,06:30,0.9974,1.0
幸福村4社,55,2026-02-24,06:45,0.9969,1.0
幸福村4社,55,2026-02-24,07:00,0.9971,1.0
幸福村4社,55,2026-02-24,07:15,0.9976,1.0
幸福村4社,55,2026-02-24,07:30,0.9983,1.0
幸福村4社,55,2026-02-24,07:45,0.996,1.0
幸福村4社,55,2026-02-24,08:00,0.9977,1.0
幸福村4社,55,2026-02-24,08:15,1.0005,1.0
幸福村4社,55,2026-02-24,08:30,0.9973,1.0
幸福村4社,55,2026-02-24,08:45,1.0014,1.0
幸福村4社,55,2026-02-24,09:00,0.9994,1.0
幸福村4社,55,2026-02-24,09:15,0.9995,1.0
幸福村4社,55,2026-02-24,09:30,0.9987,1.0
幸福村4社,55,2026-02-24,09:45,0.9995,1.0
幸福村4社,55,2026-02-24,10:00,0.997,1.0
幸福村4社,55,2026-02-24,10:15,0.9974,1.0
幸福村4社,55,2026-02-24,10:30,1.0004,1.0
幸福村4社,55,2026-02-24,10:45,0.9991,1.0
幸福村4社,55,2026-02-24,11:00,0.9975,1.0
幸福村4社,55,2026-02-24,11:15,1.0013,1.0
幸福村4社,55,2026-02-24,11:30,1.0009,1.0
幸福村4社,55,2026-02-24,11:45,0.9978,1.0
幸福村4社,55,2026-02-24,12:00,1.0005,1.0
幸福村4社,55,2026-02-24,12:15,1.0003,1.0
幸福村4社,55,2026-02-24,12:30,0.9994,1.0
幸福村4社,55,2026-02-24,12:45,0.9996,1.0
幸福村4社,55,2026-02-24,13:00,0.9988,1.0
幸福村4社,55,2026-02-24,13:15,0.9996,1.0
幸福村4社,55,2026-02-24,13:30,1.0014,1.0
幸福村4社,55,2026-02-24,13:45,0.9975,1.0
幸福村4社,55,2026-02-24,14:00,0.9988,1.0
幸福村4社,55,2026-02-24,14:15,0.9972,1.0
幸福村4社,55,2026-02-24,14:30,0.9997,1.0
幸福村4社,55,2026-02-24,14:45,0.9985,1.0
幸福村4社,55,2026-02-24,15:00,0.9985,1.0
幸福村4社,55,2026-02-24,15:15,1.0,1.0
幸福村4社,55,2026-02-24,15:30,1.0008,1.0
幸福村4社,55,2026-02-24,15:45,1.003,1.0
幸福村4社,55,2026-02-24,16:00,0.9997,1.0
幸福村4社,55,2026-02-24,16:15,1.0017,1.0
幸福村4社,55,2026-02-24,16:30,0.9995,1.0
幸福村4社,55,2026-02-24,16:45,0.9977,1.0
幸福村4社,55,2026-02-24,17:00,0.9972,1.0
幸福村4社,55,2026-02-24,17:15,0.9989,1.0
幸福村4社,55,2026-02-24,17:30,0.9978,1.0
幸福村4社,55,2026-02-24,17:45,0.9976,1.0
幸福村4社,55,2026-02-24,18:00,1.0017,1.0
幸福村4社,55,2026-02-24,18:15,0.9982,1.0
幸福村4社,55,2026-02-24,18:30,0.9965,1.0
幸福村4社,55,2026-02-24,18:45,0.9965,1.0
幸福村4社,55,2026-02-24,19:00,0.9977,0.996
幸福村4社,55,2026-02-24,19:15,0.9948,0.995
幸福村4社,55,2026-02-24,19:30,0.9956,0.994
幸福村4社,55,2026-02-24,19:45,0.9924,0.993
幸福村4社,55,2026-02-24,20:00,0.993,0.993
幸福村4社,55,2026-02-24,20:15,0.9935,0.993
幸福村4社,55,2026-02-24,20:30,0.9928,0.993
幸福村4社,55,2026-02-24,20:45,0.9933,0.994
幸福村4社,55,2026-02-24,21:00,0.9942,0.992
幸福村4社,55,2026-02-24,21:15,0.9948,0.989
幸福村4社,55,2026-02-24,21:30,0.9934,0.997
幸福村4社,55,2026-02-24,21:45,0.9943,0.997
幸福村4社,55,2026-02-24,22:00,0.9948,0.997
幸福村4社,55,2026-02-24,22:15,0.9933,0.999
幸福村4社,55,2026-02-24,22:30,0.9944,0.999
幸福村4社,55,2026-02-24,22:45,0.9966,0.999
幸福村4社,55,2026-02-24,23:00,0.9946,0.999
幸福村4社,55,2026-02-24,23:15,0.9971,0.999
幸福村4社,55,2026-02-24,23:30,0.9945,0.999
幸福村4社,55,2026-02-24,23:45,0.9956,1.0
幸福村4社,55,2026-02-25,00:00,0.9972,1.0
幸福村4社,55,2026-02-25,00:15,0.997,1.0
幸福村4社,55,2026-02-25,00:30,0.9989,1.0
幸福村4社,55,2026-02-25,00:45,0.9994,1.0
幸福村4社,55,2026-02-25,01:00,0.9982,1.0
幸福村4社,55,2026-02-25,01:15,0.9977,1.0
幸福村4社,55,2026-02-25,01:30,0.9961,1.0
幸福村4社,55,2026-02-25,01:45,0.9972,1.0
幸福村4社,55,2026-02-25,02:00,0.9975,1.0
幸福村4社,55,2026-02-25,02:15,0.9981,1.0
幸福村4社,55,2026-02-25,02:30,0.9979,1.0
幸福村4社,55,2026-02-25,02:45,0.9964,1.0
幸福村4社,55,2026-02-25,03:00,0.998,1.0
幸福村4社,55,2026-02-25,03:15,0.997,1.0
幸福村4社,55,2026-02-25,03:30,0.9961,0.999
幸福村4社,55,2026-02-25,03:45,0.994,1.0
幸福村4社,55,2026-02-25,04:00,0.9967,1.0
幸福村4社,55,2026-02-25,04:15,0.997,1.0
幸福村4社,55,2026-02-25,04:30,0.9977,1.0
幸福村4社,55,2026-02-25,04:45,0.9976,0.999
幸福村4社,55,2026-02-25,05:00,0.9961,1.0
幸福村4社,55,2026-02-25,05:15,0.9982,1.0
幸福村4社,55,2026-02-25,05:30,0.9962,1.0
幸福村4社,55,2026-02-25,05:45,0.9988,1.0
幸福村4社,55,2026-02-25,06:00,0.9986,1.0
幸福村4社,55,2026-02-25,06:15,0.9975,1.0
幸福村4社,55,2026-02-25,06:30,0.9956,1.0
幸福村4社,55,2026-02-25,06:45,0.9966,1.0
幸福村4社,55,2026-02-25,07:00,0.9958,1.0
幸福村4社,55,2026-02-25,07:15,0.9965,1.0
幸福村4社,55,2026-02-25,07:30,0.9977,1.0
幸福村4社,55,2026-02-25,07:45,0.9964,1.0
幸福村4社,55,2026-02-25,08:00,0.9995,1.0
幸福村4社,55,2026-02-25,08:15,1.0013,1.0
幸福村4社,55,2026-02-25,08:30,0.9989,0.999
幸福村4社,55,2026-02-25,08:45,0.9983,0.999
幸福村4社,55,2026-02-25,09:00,0.9974,1.0
幸福村4社,55,2026-02-25,09:15,0.9988,1.0
幸福村4社,55,2026-02-25,09:30,1.0007,1.0
幸福村4社,55,2026-02-25,09:45,1.0016,1.0
幸福村4社,55,2026-02-25,10:00,0.9984,1.0
幸福村4社,55,2026-02-25,10:15,0.9981,1.0
幸福村4社,55,2026-02-25,10:30,0.9994,1.0
幸福村4社,55,2026-02-25,10:45,1.0003,1.0
幸福村4社,55,2026-02-25,11:00,1.0004,1.0
幸福村4社,55,2026-02-25,11:15,1.0007,1.0
幸福村4社,55,2026-02-25,11:30,0.999,0.998
幸福村4社,55,2026-02-25,11:45,1.0002,1.0
幸福村4社,55,2026-02-25,12:00,1.0,1.0
幸福村4社,55,2026-02-25,12:15,0.9996,1.0
幸福村4社,55,2026-02-25,12:30,0.9997,1.0
幸福村4社,55,2026-02-25,12:45,0.9995,1.0
幸福村4社,55,2026-02-25,13:00,1.0005,1.0
幸福村4社,55,2026-02-25,13:15,0.9988,1.0
幸福村4社,55,2026-02-25,13:30,0.9992,1.0
幸福村4社,55,2026-02-25,13:45,1.0001,1.0
幸福村4社,55,2026-02-25,14:00,0.9977,1.0
幸福村4社,55,2026-02-25,14:15,0.9978,1.0
幸福村4社,55,2026-02-25,14:30,1.0014,1.0
幸福村4社,55,2026-02-25,14:45,0.9981,1.0
幸福村4社,55,2026-02-25,15:00,0.9975,1.0
幸福村4社,55,2026-02-25,15:15,0.9982,1.0
幸福村4社,55,2026-02-25,15:30,1.0002,1.0
幸福村4社,55,2026-02-25,15:45,1.0004,1.0
幸福村4社,55,2026-02-25,16:00,1.002,1.0
幸福村4社,55,2026-02-25,16:15,1.0002,1.0
幸福村4社,55,2026-02-25,16:30,0.9988,1.0
幸福村4社,55,2026-02-25,16:45,0.9996,1.0
幸福村4社,55,2026-02-25,17:00,0.9994,1.0
幸福村4社,55,2026-02-25,17:15,1.0002,1.0
幸福村4社,55,2026-02-25,17:30,0.9975,1.0
幸福村4社,55,2026-02-25,17:45,0.9992,1.0
幸福村4社,55,2026-02-25,18:00,1.0016,1.0
幸福村4社,55,2026-02-25,18:15,0.9999,1.0
幸福村4社,55,2026-02-25,18:30,0.9993,1.0
幸福村4社,55,2026-02-25,18:45,0.9985,1.0
幸福村4社,55,2026-02-25,19:00,0.9973,1.0
幸福村4社,55,2026-02-25,19:15,0.9956,0.999
幸福村4社,55,2026-02-25,19:30,0.9932,0.997
幸福村4社,55,2026-02-25,19:45,0.9943,0.993
幸福村4社,55,2026-02-25,20:00,0.9941,0.993
幸福村4社,55,2026-02-25,20:15,0.9931,0.994
幸福村4社,55,2026-02-25,20:30,0.9927,0.994
幸福村4社,55,2026-02-25,20:45,0.9939,0.994
幸福村4社,55,2026-02-25,21:00,0.9937,0.994
幸福村4社,55,2026-02-25,21:15,0.9954,0.994
幸福村4社,55,2026-02-25,21:30,0.9955,0.994
幸福村4社,55,2026-02-25,21:45,0.9952,0.998
幸福村4社,55,2026-02-25,22:00,0.9932,0.998
幸福村4社,55,2026-02-25,22:15,0.9929,0.997
幸福村4社,55,2026-02-25,22:30,0.9922,0.999
幸福村4社,55,2026-02-25,22:45,0.995,0.998
幸福村4社,55,2026-02-25,23:00,0.9942,0.998
幸福村4社,55,2026-02-25,23:15,0.9958,0.998
幸福村4社,55,2026-02-25,23:30,0.9957,0.999
幸福村4社,55,2026-02-25,23:45,0.9972,0.999
幸福村4社,55,2026-02-26,00:00,0.9952,0.999
幸福村4社,55,2026-02-26,00:15,0.9971,0.999
幸福村4社,55,2026-02-26,00:30,0.9957,0.999
幸福村4社,55,2026-02-26,00:45,0.9946,0.999
幸福村4社,55,2026-02-26,01:00,0.9948,1.0
幸福村4社,55,2026-02-26,01:15,0.9984,1.0
幸福村4社,55,2026-02-26,01:30,0.9976,1.0
幸福村4社,55,2026-02-26,01:45,1.0,1.0
幸福村4社,55,2026-02-26,02:00,0.9965,1.0
幸福村4社,55,2026-02-26,02:15,1.0,1.0
幸福村4社,55,2026-02-26,02:30,0.9985,1.0
幸福村4社,55,2026-02-26,02:45,0.9965,1.0
幸福村4社,55,2026-02-26,03:00,0.9978,1.0
幸福村4社,55,2026-02-26,03:15,0.9975,1.0
幸福村4社,55,2026-02-26,03:30,0.995,1.0
幸福村4社,55,2026-02-26,03:45,0.9954,1.0
幸福村4社,55,2026-02-26,04:00,0.9984,0.999
幸福村4社,55,2026-02-26,04:15,0.9977,1.0
幸福村4社,55,2026-02-26,04:30,0.9966,0.999
幸福村4社,55,2026-02-26,04:45,0.9973,0.999
幸福村4社,55,2026-02-26,05:00,0.9956,0.999
幸福村4社,55,2026-02-26,05:15,0.9977,0.999
幸福村4社,55,2026-02-26,05:30,0.996,1.0
幸福村4社,55,2026-02-26,05:45,0.9987,1.0
幸福村4社,55,2026-02-26,06:00,0.9968,0.999
幸福村4社,55,2026-02-26,06:15,0.9962,1.0
幸福村4社,55,2026-02-26,06:30,0.9966,1.0
幸福村4社,55,2026-02-26,06:45,0.9988,1.0
幸福村4社,55,2026-02-26,07:00,0.9968,1.0
幸福村4社,55,2026-02-26,07:15,0.9963,1.0
幸福村4社,55,2026-02-26,07:30,0.9978,1.0
幸福村4社,55,2026-02-26,07:45,0.998,1.0
幸福村4社,55,2026-02-26,08:00,0.9987,1.0
幸福村4社,55,2026-02-26,08:15,0.9987,1.0
幸福村4社,55,2026-02-26,08:30,0.9974,1.0
幸福村4社,55,2026-02-26,08:45,0.9982,1.0
幸福村4社,55,2026-02-26,09:00,0.9968,1.0
幸福村4社,55,2026-02-26,09:15,0.9974,1.0
幸福村4社,55,2026-02-26,09:30,0.9996,1.0
幸福村4社,55,2026-02-26,09:45,0.9994,1.0
幸福村4社,55,2026-02-26,10:00,1.0002,1.0
幸福村4社,55,2026-02-26,10:15,0.9983,1.0
幸福村4社,55,2026-02-26,10:30,0.9976,1.0
幸福村4社,55,2026-02-26,10:45,1.0003,1.0
幸福村4社,55,2026-02-26,11:00,0.9965,1.0
幸福村4社,55,2026-02-26,11:15,1.0004,1.0
幸福村4社,55,2026-02-26,11:30,1.0014,1.0
幸福村4社,55,2026-02-26,11:45,1.0006,1.0
幸福村4社,55,2026-02-26,12:00,0.9987,1.0
幸福村4社,55,2026-02-26,12:15,0.9982,1.0
幸福村4社,55,2026-02-26,12:30,0.9998,1.0
幸福村4社,55,2026-02-26,12:45,0.9993,1.0
幸福村4社,55,2026-02-26,13:00,0.9985,1.0
幸福村4社,55,2026-02-26,13:15,0.9994,1.0
幸福村4社,55,2026-02-26,13:30,1.0001,1.0
幸福村4社,55,2026-02-26,13:45,0.9993,1.0
幸福村4社,55,2026-02-26,14:00,0.997,1.0
幸福村4社,55,2026-02-26,14:15,0.9962,0.999
幸福村4社,55,2026-02-26,14:30,0.9985,1.0
幸福村4社,55,2026-02-26,14:45,0.9966,1.0
幸福村4社,55,2026-02-26,15:00,0.9963,0.999
幸福村4社,55,2026-02-26,15:15,1.0024,1.0
幸福村4社,55,2026-02-26,15:30,1.0013,0.999
幸福村4社,55,2026-02-26,15:45,0.9992,0.999
幸福村4社,55,2026-02-26,16:00,1.0012,1.0
幸福村4社,55,2026-02-26,16:15,0.9986,0.999
幸福村4社,55,2026-02-26,16:30,0.9985,1.0
幸福村4社,55,2026-02-26,16:45,0.9992,1.0
幸福村4社,55,2026-02-26,17:00,0.9982,1.0
幸福村4社,55,2026-02-26,17:15,0.999,1.0
幸福村4社,55,2026-02-26,17:30,0.9962,1.0
幸福村4社,55,2026-02-26,17:45,0.9986,1.0
幸福村4社,55,2026-02-26,18:00,0.9978,1.0
幸福村4社,55,2026-02-26,18:15,0.9968,1.0
幸福村4社,55,2026-02-26,18:30,0.9989,1.0
幸福村4社,55,2026-02-26,18:45,0.9984,1.0
幸福村4社,55,2026-02-26,19:00,0.9951,1.0
幸福村4社,55,2026-02-26,19:15,0.9957,0.993
幸福村4社,55,2026-02-26,19:30,0.9943,0.993
幸福村4社,55,2026-02-26,19:45,0.9905,0.981
幸福村4社,55,2026-02-26,20:00,0.9906,0.993
幸福村4社,55,2026-02-26,20:15,0.9951,0.993
幸福村4社,55,2026-02-26,20:30,0.9947,0.993
幸福村4社,55,2026-02-26,20:45,0.9932,0.993
幸福村4社,55,2026-02-26,21:00,0.9938,0.993
幸福村4社,55,2026-02-26,21:15,0.9946,0.992
幸福村4社,55,2026-02-26,21:30,0.9933,0.993
幸福村4社,55,2026-02-26,21:45,0.9947,0.993
幸福村4社,55,2026-02-26,22:00,0.9928,0.992
幸福村4社,55,2026-02-26,22:15,0.991,0.993
幸福村4社,55,2026-02-26,22:30,0.9932,0.99
幸福村4社,55,2026-02-26,22:45,0.9958,0.988
幸福村4社,55,2026-02-26,23:00,0.9958,0.988
幸福村4社,55,2026-02-26,23:15,0.9958,0.988
幸福村4社,55,2026-02-26,23:30,0.997,0.988
幸福村4社,55,2026-02-26,23:45,0.9977,0.988
幸福村4社,56,2026-04-05,00:00,0.9929,1.0
幸福村4社,56,2026-04-05,00:15,0.9938,1.0
幸福村4社,56,2026-04-05,00:30,0.9937,0.999
幸福村4社,56,2026-04-05,00:45,0.9956,0.999
幸福村4社,56,2026-04-05,01:00,0.995,0.999
幸福村4社,56,2026-04-05,01:15,0.9937,0.999
幸福村4社,56,2026-04-05,01:30,0.995,0.999
幸福村4社,56,2026-04-05,01:45,0.9952,0.999
幸福村4社,56,2026-04-05,02:00,0.9949,0.999
幸福村4社,56,2026-04-05,02:15,0.9942,0.999
幸福村4社,56,2026-04-05,02:30,0.9968,0.999
幸福村4社,56,2026-04-05,02:45,0.9955,0.999
幸福村4社,56,2026-04-05,03:00,0.9953,0.999
幸福村4社,56,2026-04-05,03:15,0.9973,0.999
幸福村4社,56,2026-04-05,03:30,0.9986,0.999
幸福村4社,56,2026-04-05,03:45,0.9961,0.999
幸福村4社,56,2026-04-05,04:00,0.9965,0.999
幸福村4社,56,2026-04-05,04:15,0.9955,0.999
幸福村4社,56,2026-04-05,04:30,0.9976,0.999
幸福村4社,56,2026-04-05,04:45,0.9958,0.999
幸福村4社,56,2026-04-05,05:00,0.997,0.999
幸福村4社,56,2026-04-05,05:15,0.9949,1.0
幸福村4社,56,2026-04-05,05:30,0.995,1.0
幸福村4社,56,2026-04-05,05:45,0.9962,1.0
幸福村4社,56,2026-04-05,06:00,0.9961,1.0
幸福村4社,56,2026-04-05,06:15,0.9971,1.0
幸福村4社,56,2026-04-05,06:30,0.9954,1.0
幸福村4社,56,2026-04-05,06:45,0.9961,1.0
幸福村4社,56,2026-04-05,07:00,0.9964,1.0
幸福村4社,56,2026-04-05,07:15,0.9951,1.0
幸福村4社,56,2026-04-05,07:30,0.9969,0.999
幸福村4社,56,2026-04-05,07:45,0.995,0.987
幸福村4社,56,2026-04-05,08:00,0.9968,1.0
幸福村4社,56,2026-04-05,08:15,0.9999,0.998
幸福村4社,56,2026-04-05,08:30,0.9961,0.999
幸福村4社,56,2026-04-05,08:45,1.0007,0.999
幸福村4社,56,2026-04-05,09:00,0.9986,0.999
幸福村4社,56,2026-04-05,09:15,0.9993,0.999
幸福村4社,56,2026-04-05,09:30,0.9989,0.999
幸福村4社,56,2026-04-05,09:45,0.9986,1.0
幸福村4社,56,2026-04-05,10:00,0.9957,1.0
幸福村4社,56,2026-04-05,10:15,0.9974,1.0
幸福村4社,56,2026-04-05,10:30,0.9991,0.999
幸福村4社,56,2026-04-05,10:45,0.9988,0.999
幸福村4社,56,2026-04-05,11:00,0.9968,0.999
幸福村4社,56,2026-04-05,11:15,0.9993,0.999
幸福村4社,56,2026-04-05,11:30,0.999,1.0
幸福村4社,56,2026-04-05,11:45,0.9976,0.999
幸福村4社,56,2026-04-05,12:00,0.9983,0.999
幸福村4社,56,2026-04-05,12:15,0.9987,1.0
幸福村4社,56,2026-04-05,12:30,0.9974,1.0
幸福村4社,56,2026-04-05,12:45,0.9991,1.0
幸福村4社,56,2026-04-05,13:00,0.9976,1.0
幸福村4社,56,2026-04-05,13:15,0.9988,1.0
幸福村4社,56,2026-04-05,13:30,1.0,1.0
幸福村4社,56,2026-04-05,13:45,0.997,1.0
幸福村4社,56,2026-04-05,14:00,0.9978,1.0
幸福村4社,56,2026-04-05,14:15,0.996,1.0
幸福村4社,56,2026-04-05,14:30,0.9987,1.0
幸福村4社,56,2026-04-05,14:45,0.9976,1.0
幸福村4社,56,2026-04-05,15:00,0.9979,1.0
幸福村4社,56,2026-04-05,15:15,0.9987,1.0
幸福村4社,56,2026-04-05,15:30,1.0005,1.0
幸福村4社,56,2026-04-05,15:45,1.001,1.0
幸福村4社,56,2026-04-05,16:00,0.9975,0.999
幸福村4社,56,2026-04-05,16:15,1.0013,0.999
幸福村4社,56,2026-04-05,16:30,0.9984,0.999
幸福村4社,56,2026-04-05,16:45,0.9967,0.999
幸福村4社,56,2026-04-05,17:00,0.9968,1.0
幸福村4社,56,2026-04-05,17:15,0.9974,0.999
幸福村4社,56,2026-04-05,17:30,0.9964,1.0
幸福村4社,56,2026-04-05,17:45,0.9977,0.996
幸福村4社,56,2026-04-05,18:00,1.0003,0.999
幸福村4社,56,2026-04-05,18:15,0.9962,1.0
幸福村4社,56,2026-04-05,18:30,0.9952,1.0
幸福村4社,56,2026-04-05,18:45,0.9951,1.0
幸福村4社,56,2026-04-05,19:00,0.9958,1.0
幸福村4社,56,2026-04-05,19:15,0.994,1.0
幸福村4社,56,2026-04-05,19:30,0.9958,1.0
幸福村4社,56,2026-04-05,19:45,0.9919,0.983
幸福村4社,56,2026-04-05,20:00,0.9921,0.993
幸福村4社,56,2026-04-05,20:15,0.9936,0.993
幸福村4社,56,2026-04-05,20:30,0.9931,0.993
幸福村4社,56,2026-04-05,20:45,0.9922,0.993
幸福村4社,56,2026-04-05,21:00,0.9924,0.993
幸福村4社,56,2026-04-05,21:15,0.9937,0.997
幸福村4社,56,2026-04-05,21:30,0.9927,0.998
幸福村4社,56,2026-04-05,21:45,0.9912,0.998
幸福村4社,56,2026-04-05,22:00,0.9937,0.998
幸福村4社,56,2026-04-05,22:15,0.9904,0.998
幸福村4社,56,2026-04-05,22:30,0.9937,0.998
幸福村4社,56,2026-04-05,22:45,0.9948,0.998
幸福村4社,56,2026-04-05,23:00,0.9926,0.998
幸福村4社,56,2026-04-05,23:15,0.9958,0.995
幸福村4社,56,2026-04-05,23:30,0.9922,0.996
幸福村4社,56,2026-04-05,23:45,0.9945,0.996
幸福村4社,56,2026-04-06,00:00,0.9957,0.996
幸福村4社,56,2026-04-06,00:15,0.9946,0.998
幸福村4社,56,2026-04-06,00:30,0.9953,0.997
幸福村4社,56,2026-04-06,00:45,0.9988,1.0
幸福村4社,56,2026-04-06,01:00,0.9955,1.0
幸福村4社,56,2026-04-06,01:15,0.9951,1.0
幸福村4社,56,2026-04-06,01:30,0.9946,1.0
幸福村4社,56,2026-04-06,01:45,0.9955,1.0
幸福村4社,56,2026-04-06,02:00,0.9962,1.0
幸福村4社,56,2026-04-06,02:15,0.9965,1.0
幸福村4社,56,2026-04-06,02:30,0.9972,1.0
幸福村4社,56,2026-04-06,02:45,0.9945,1.0
幸福村4社,56,2026-04-06,03:00,0.996,1.0
幸福村4社,56,2026-04-06,03:15,0.9941,1.0
幸福村4社,56,2026-04-06,03:30,0.9945,1.0
幸福村4社,56,2026-04-06,03:45,0.993,1.0
幸福村4社,56,2026-04-06,04:00,0.9958,1.0
幸福村4社,56,2026-04-06,04:15,0.9958,1.0
幸福村4社,56,2026-04-06,04:30,0.9965,1.0
幸福村4社,56,2026-04-06,04:45,0.9967,1.0
幸福村4社,56,2026-04-06,05:00,0.997,1.0
幸福村4社,56,2026-04-06,05:15,0.9974,1.0
幸福村4社,56,2026-04-06,05:30,0.9946,1.0
幸福村4社,56,2026-04-06,05:45,0.9967,1.0
幸福村4社,56,2026-04-06,06:00,0.9976,1.0
幸福村4社,56,2026-04-06,06:15,0.9955,1.0
幸福村4社,56,2026-04-06,06:30,0.9953,1.0
幸福村4社,56,2026-04-06,06:45,0.9952,1.0
幸福村4社,56,2026-04-06,07:00,0.9957,1.0
幸福村4社,56,2026-04-06,07:15,0.9957,1.0
幸福村4社,56,2026-04-06,07:30,0.9962,0.999
幸福村4社,56,2026-04-06,07:45,0.996,0.999
幸福村4社,56,2026-04-06,08:00,0.9977,0.999
幸福村4社,56,2026-04-06,08:15,1.0016,0.999
幸福村4社,56,2026-04-06,08:30,0.9989,0.999
幸福村4社,56,2026-04-06,08:45,0.9986,0.999
幸福村4社,56,2026-04-06,09:00,0.9976,0.992
幸福村4社,56,2026-04-06,09:15,0.9977,0.999
幸福村4社,56,2026-04-06,09:30,0.9996,0.999
幸福村4社,56,2026-04-06,09:45,0.9995,1.0
幸福村4社,56,2026-04-06,10:00,0.9987,1.0
幸福村4社,56,2026-04-06,10:15,0.9973,1.0
幸福村4社,56,2026-04-06,10:30,0.9989,1.0
幸福村4社,56,2026-04-06,10:45,1.0005,0.999
幸福村4社,56,2026-04-06,11:00,0.9974,0.999
幸福村4社,56,2026-04-06,11:15,0.9995,0.999
幸福村4社,56,2026-04-06,11:30,0.9989,0.999
幸福村4社,56,2026-04-06,11:45,0.9979,0.999
幸福村4社,56,2026-04-06,12:00,0.9983,0.999
幸福村4社,56,2026-04-06,12:15,0.9972,0.999
幸福村4社,56,2026-04-06,12:30,0.9982,1.0
幸福村4社,56,2026-04-06,12:45,0.9992,1.0
幸福村4社,56,2026-04-06,13:00,0.9976,1.0
幸福村4社,56,2026-04-06,13:15,0.9976,1.0
幸福村4社,56,2026-04-06,13:30,0.9979,1.0
幸福村4社,56,2026-04-06,13:45,1.0,1.0
幸福村4社,56,2026-04-06,14:00,0.9965,1.0
幸福村4社,56,2026-04-06,14:15,0.9968,0.999
幸福村4社,56,2026-04-06,14:30,0.9996,0.999
幸福村4社,56,2026-04-06,14:45,0.9983,0.999
幸福村4社,56,2026-04-06,15:00,0.9962,0.999
幸福村4社,56,2026-04-06,15:15,0.9965,0.999
幸福村4社,56,2026-04-06,15:30,0.9981,0.999
幸福村4社,56,2026-04-06,15:45,0.9994,1.0
幸福村4社,56,2026-04-06,16:00,1.0002,0.999
幸福村4社,56,2026-04-06,16:15,0.9985,0.999
幸福村4社,56,2026-04-06,16:30,0.998,0.998
幸福村4社,56,2026-04-06,16:45,0.9977,0.999
幸福村4社,56,2026-04-06,17:00,0.9986,0.999
幸福村4社,56,2026-04-06,17:15,0.9994,0.998
幸福村4社,56,2026-04-06,17:30,0.9971,0.997
幸福村4社,56,2026-04-06,17:45,0.998,0.998
幸福村4社,56,2026-04-06,18:00,1.0001,0.998
幸福村4社,56,2026-04-06,18:15,0.9988,1.0
幸福村4社,56,2026-04-06,18:30,0.9983,1.0
幸福村4社,56,2026-04-06,18:45,0.9979,1.0
幸福村4社,56,2026-04-06,19:00,0.9963,1.0
幸福村4社,56,2026-04-06,19:15,0.9955,1.0
幸福村4社,56,2026-04-06,19:30,0.993,1.0
幸福村4社,56,2026-04-06,19:45,0.9926,1.0
幸福村4社,56,2026-04-06,20:00,0.9939,0.985
幸福村4社,56,2026-04-06,20:15,0.9938,0.987
幸福村4社,56,2026-04-06,20:30,0.9924,0.991
幸福村4社,56,2026-04-06,20:45,0.9935,0.991
幸福村4社,56,2026-04-06,21:00,0.9931,0.998
幸福村4社,56,2026-04-06,21:15,0.9941,0.999
幸福村4社,56,2026-04-06,21:30,0.9935,0.999
幸福村4社,56,2026-04-06,21:45,0.9938,0.999
幸福村4社,56,2026-04-06,22:00,0.9911,0.999
幸福村4社,56,2026-04-06,22:15,0.9919,0.998
幸福村4社,56,2026-04-06,22:30,0.9915,0.998
幸福村4社,56,2026-04-06,22:45,0.9937,0.998
幸福村4社,56,2026-04-06,23:00,0.9924,0.998
幸福村4社,56,2026-04-06,23:15,0.9957,0.998
幸福村4社,56,2026-04-06,23:30,0.9946,0.998
幸福村4社,56,2026-04-06,23:45,0.9949,1.0
幸福村4社,56,2026-04-07,00:00,0.9941,1.0
幸福村4社,56,2026-04-07,00:15,0.9954,1.0
幸福村4社,56,2026-04-07,00:30,0.9942,1.0
幸福村4社,56,2026-04-07,00:45,0.9942,1.0
幸福村4社,56,2026-04-07,01:00,0.9934,1.0
幸福村4社,56,2026-04-07,01:15,0.998,1.0
幸福村4社,56,2026-04-07,01:30,0.9961,1.0
幸福村4社,56,2026-04-07,01:45,0.9976,1.0
幸福村4社,56,2026-04-07,02:00,0.9943,1.0
幸福村4社,56,2026-04-07,02:15,0.9987,1.0
幸福村4社,56,2026-04-07,02:30,0.9968,1.0
幸福村4社,56,2026-04-07,02:45,0.9955,1.0
幸福村4社,56,2026-04-07,03:00,0.9963,1.0
幸福村4社,56,2026-04-07,03:15,0.9955,1.0
幸福村4社,56,2026-04-07,03:30,0.9946,1.0
幸福村4社,56,2026-04-07,03:45,0.9934,1.0
幸福村4社,56,2026-04-07,04:00,0.9965,1.0
幸福村4社,56,2026-04-07,04:15,0.9954,1.0
幸福村4社,56,2026-04-07,04:30,0.9961,1.0
幸福村4社,56,2026-04-07,04:45,0.9961,1.0
幸福村4社,56,2026-04-07,05:00,0.9943,1.0
幸福村4社,56,2026-04-07,05:15,0.9963,1.0
幸福村4社,56,2026-04-07,05:30,0.9947,1.0
幸福村4社,56,2026-04-07,05:45,0.997,1.0
幸福村4社,56,2026-04-07,06:00,0.9961,1.0
幸福村4社,56,2026-04-07,06:15,0.995,1.0
幸福村4社,56,2026-04-07,06:30,0.9967,1.0
幸福村4社,56,2026-04-07,06:45,0.9977,0.988
幸福村4社,56,2026-04-07,07:00,0.9954,0.99
幸福村4社,56,2026-04-07,07:15,0.9969,0.989
幸福村4社,56,2026-04-07,07:30,0.9955,0.999
幸福村4社,56,2026-04-07,07:45,0.9973,0.999
幸福村4社,56,2026-04-07,08:00,0.9984,0.999
幸福村4社,56,2026-04-07,08:15,0.9998,0.999
幸福村4社,56,2026-04-07,08:30,0.9975,1.0
幸福村4社,56,2026-04-07,08:45,0.9991,0.999
幸福村4社,56,2026-04-07,09:00,0.9956,1.0
幸福村4社,56,2026-04-07,09:15,0.9965,1.0
幸福村4社,56,2026-04-07,09:30,1.0001,1.0
幸福村4社,56,2026-04-07,09:45,0.9983,1.0
幸福村4社,56,2026-04-07,10:00,0.9993,0.999
幸福村4社,56,2026-04-07,10:15,0.9972,1.0
幸福村4社,56,2026-04-07,10:30,0.9962,0.999
幸福村4社,56,2026-04-07,10:45,1.0008,1.0
幸福村4社,56,2026-04-07,11:00,0.9947,1.0
幸福村4社,56,2026-04-07,11:15,0.9999,1.0
幸福村4社,56,2026-04-07,11:30,1.0014,1.0
幸福村4社,56,2026-04-07,11:45,0.9998,1.0
幸福村4社,56,2026-04-07,12:00,0.9975,1.0
幸福村4社,56,2026-04-07,12:15,0.9967,1.0
幸福村4社,56,2026-04-07,12:30,0.999,1.0
幸福村4社,56,2026-04-07,12:45,0.9995,0.999
幸福村4社,56,2026-04-07,13:00,0.9974,0.999
幸福村4社,56,2026-04-07,13:15,0.9986,0.999
幸福村4社,56,2026-04-07,13:30,0.9983,1.0
幸福村4社,56,2026-04-07,13:45,0.9979,1.0
幸福村4社,56,2026-04-07,14:00,0.996,1.0
幸福村4社,56,2026-04-07,14:15,0.9963,1.0
幸福村4社,56,2026-04-07,14:30,0.9967,1.0
幸福村4社,56,2026-04-07,14:45,0.9963,1.0
幸福村4社,56,2026-04-07,15:00,0.9963,1.0
幸福村4社,56,2026-04-07,15:15,1.0002,1.0
幸福村4社,56,2026-04-07,15:30,0.9993,0.998
幸福村4社,56,2026-04-07,15:45,0.9972,1.0
幸福村4社,56,2026-04-07,16:00,1.0006,1.0
幸福村4社,56,2026-04-07,16:15,0.9982,1.0
幸福村4社,56,2026-04-07,16:30,0.997,1.0
幸福村4社,56,2026-04-07,16:45,0.9979,1.0
幸福村4社,56,2026-04-07,17:00,0.9984,0.997
幸福村4社,56,2026-04-07,17:15,0.9976,0.998
幸福村4社,56,2026-04-07,17:30,0.9955,0.998
幸福村4社,56,2026-04-07,17:45,0.9973,0.999
幸福村4社,56,2026-04-07,18:00,0.9964,1.0
幸福村4社,56,2026-04-07,18:15,0.9959,1.0
幸福村4社,56,2026-04-07,18:30,0.9965,1.0
幸福村4社,56,2026-04-07,18:45,0.9971,1.0
幸福村4社,56,2026-04-07,19:00,0.9934,0.999
幸福村4社,56,2026-04-07,19:15,0.996,0.999
幸福村4社,56,2026-04-07,19:30,0.9923,0.994
幸福村4社,56,2026-04-07,19:45,0.9899,0.998
幸福村4社,56,2026-04-07,20:00,0.9901,0.998
幸福村4社,56,2026-04-07,20:15,0.9939,0.993
幸福村4社,56,2026-04-07,20:30,0.9942,0.986
幸福村4社,56,2026-04-07,20:45,0.9921,0.987
幸福村4社,56,2026-04-07,21:00,0.9929,0.986
幸福村4社,56,2026-04-07,21:15,0.9933,0.986
幸福村4社,56,2026-04-07,21:30,0.9918,0.985
幸福村4社,56,2026-04-07,21:45,0.9942,0.985
幸福村4社,56,2026-04-07,22:00,0.9918,0.984
幸福村4社,56,2026-04-07,22:15,0.9899,0.984
幸福村4社,56,2026-04-07,22:30,0.9917,0.985
幸福村4社,56,2026-04-07,22:45,0.9951,0.985
幸福村4社,56,2026-04-07,23:00,0.9944,0.984
幸福村4社,56,2026-04-07,23:15,0.9945,0.993
幸福村4社,56,2026-04-07,23:30,0.996,0.995
幸福村4社,56,2026-04-07,23:45,0.9962,0.998
幸福村4社,57,2026-02-18,00:00,0.9942,1.0
幸福村4社,57,2026-02-18,00:15,0.9968,1.0
幸福村4社,57,2026-02-18,00:30,0.9954,1.0
幸福村4社,57,2026-02-18,00:45,0.9968,1.0
幸福村4社,57,2026-02-18,01:00,0.9967,1.0
幸福村4社,57,2026-02-18,01:15,0.9952,1.0
幸福村4社,57,2026-02-18,01:30,0.9975,1.0
幸福村4社,57,2026-02-18,01:45,0.9969,1.0
幸福村4社,57,2026-02-18,02:00,0.9968,1.0
幸福村4社,57,2026-02-18,02:15,0.9962,1.0
幸福村4社,57,2026-02-18,02:30,0.9981,1.0
幸福村4社,57,2026-02-18,02:45,0.9955,0.999
幸福村4社,57,2026-02-18,03:00,0.9965,1.0
幸福村4社,57,2026-02-18,03:15,0.9978,1.0
幸福村4社,57,2026-02-18,03:30,0.9999,1.0
幸福村4社,57,2026-02-18,03:45,0.9958,1.0
幸福村4社,57,2026-02-18,04:00,0.9981,1.0
幸福村4社,57,2026-02-18,04:15,0.996,1.0
幸福村4社,57,2026-02-18,04:30,0.9994,1.0
幸福村4社,57,2026-02-18,04:45,0.9979,1.0
幸福村4社,57,2026-02-18,05:00,0.998,1.0
幸福村4社,57,2026-02-18,05:15,0.9955,1.0
幸福村4社,57,2026-02-18,05:30,0.9966,1.0
幸福村4社,57,2026-02-18,05:45,0.9976,1.0
幸福村4社,57,2026-02-18,06:00,0.9974,1.0
幸福村4社,57,2026-02-18,06:15,0.9985,1.0
幸福村4社,57,2026-02-18,06:30,0.9969,1.0
幸福村4社,57,2026-02-18,06:45,0.9965,1.0
幸福村4社,57,2026-02-18,07:00,0.9966,1.0
幸福村4社,57,2026-02-18,07:15,0.997,1.0
幸福村4社,57,2026-02-18,07:30,0.9979,1.0
幸福村4社,57,2026-02-18,07:45,0.9957,1.0
幸福村4社,57,2026-02-18,08:00,0.9973,0.988
幸福村4社,57,2026-02-18,08:15,1.0005,1.0
幸福村4社,57,2026-02-18,08:30,0.9973,1.0
幸福村4社,57,2026-02-18,08:45,1.0013,0.999
幸福村4社,57,2026-02-18,09:00,0.9992,0.999
幸福村4社,57,2026-02-18,09:15,0.9994,1.0
幸福村4社,57,2026-02-18,09:30,0.9984,1.0
幸福村4社,57,2026-02-18,09:45,0.9993,1.0
幸福村4社,57,2026-02-18,10:00,0.9968,0.999
幸福村4社,57,2026-02-18,10:15,0.9972,0.999
幸福村4社,57,2026-02-18,10:30,0.9999,1.0
幸福村4社,57,2026-02-18,10:45,0.9987,1.0
幸福村4社,57,2026-02-18,11:00,0.9969,1.0
幸福村4社,57,2026-02-18,11:15,1.001,0.999
幸福村4社,57,2026-02-18,11:30,1.0005,0.999
幸福村4社,57,2026-02-18,11:45,0.9975,0.999
幸福村4社,57,2026-02-18,12:00,1.0001,0.999
幸福村4社,57,2026-02-18,12:15,1.0001,1.0
幸福村4社,57,2026-02-18,12:30,0.9995,1.0
幸福村4社,57,2026-02-18,12:45,0.9996,1.0
幸福村4社,57,2026-02-18,13:00,0.9983,1.0
幸福村4社,57,2026-02-18,13:15,0.9991,1.0
幸福村4社,57,2026-02-18,13:30,1.0013,1.0
幸福村4社,57,2026-02-18,13:45,0.9973,1.0
幸福村4社,57,2026-02-18,14:00,0.9984,1.0
幸福村4社,57,2026-02-18,14:15,0.9968,1.0
幸福村4社,57,2026-02-18,14:30,0.9994,1.0
幸福村4社,57,2026-02-18,14:45,0.9981,0.999
幸福村4社,57,2026-02-18,15:00,0.998,1.0
幸福村4社,57,2026-02-18,15:15,0.9999,1.0
幸福村4社,57,2026-02-18,15:30,1.0006,0.999
幸福村4社,57,2026-02-18,15:45,1.0027,0.999
幸福村4社,57,2026-02-18,16:00,0.9994,1.0
幸福村4社,57,2026-02-18,16:15,1.0015,1.0
幸福村4社,57,2026-02-18,16:30,0.9993,0.999
幸福村4社,57,2026-02-18,16:45,0.9976,0.999
幸福村4社,57,2026-02-18,17:00,0.997,0.999
幸福村4社,57,2026-02-18,17:15,0.9987,1.0
幸福村4社,57,2026-02-18,17:30,0.9976,1.0
幸福村4社,57,2026-02-18,17:45,0.9976,0.999
幸福村4社,57,2026-02-18,18:00,1.0016,0.999
幸福村4社,57,2026-02-18,18:15,0.998,1.0
幸福村4社,57,2026-02-18,18:30,0.9962,0.998
幸福村4社,57,2026-02-18,18:45,0.9963,0.998
幸福村4社,57,2026-02-18,19:00,0.9975,0.998
幸福村4社,57,2026-02-18,19:15,0.9949,0.998
幸福村4社,57,2026-02-18,19:30,0.9956,0.999
幸福村4社,57,2026-02-18,19:45,0.9924,0.992
幸福村4社,57,2026-02-18,20:00,0.9928,0.991
幸福村4社,57,2026-02-18,20:15,0.9933,0.991
幸福村4社,57,2026-02-18,20:30,0.9924,0.991
幸福村4社,57,2026-02-18,20:45,0.993,0.993
幸福村4社,57,2026-02-18,21:00,0.9938,0.992
幸福村4社,57,2026-02-18,21:15,0.9944,0.992
幸福村4社,57,2026-02-18,21:30,0.9931,0.988
幸福村4社,57,2026-02-18,21:45,0.9936,0.988
幸福村4社,57,2026-02-18,22:00,0.9941,0.994
幸福村4社,57,2026-02-18,22:15,0.9929,0.996
幸福村4社,57,2026-02-18,22:30,0.9939,0.996
幸福村4社,57,2026-02-18,22:45,0.9962,0.996
幸福村4社,57,2026-02-18,23:00,0.9942,0.995
幸福村4社,57,2026-02-18,23:15,0.9967,0.994
幸福村4社,57,2026-02-18,23:30,0.9937,0.995
幸福村4社,57,2026-02-18,23:45,0.9953,0.995
幸福村4社,57,2026-02-19,00:00,0.997,1.0
幸福村4社,57,2026-02-19,00:15,0.9965,1.0
幸福村4社,57,2026-02-19,00:30,0.9982,1.0
幸福村4社,57,2026-02-19,00:45,0.9988,1.0
幸福村4社,57,2026-02-19,01:00,0.9978,1.0
幸福村4社,57,2026-02-19,01:15,0.9972,1.0
幸福村4社,57,2026-02-19,01:30,0.9953,1.0
幸福村4社,57,2026-02-19,01:45,0.9965,1.0
幸福村4社,57,2026-02-19,02:00,0.9968,1.0
幸福村4社,57,2026-02-19,02:15,0.9977,1.0
幸福村4社,57,2026-02-19,02:30,0.9973,1.0
幸福村4社,57,2026-02-19,02:45,0.996,1.0
幸福村4社,57,2026-02-19,03:00,0.9972,1.0
幸福村4社,57,2026-02-19,03:15,0.9962,1.0
幸福村4社,57,2026-02-19,03:30,0.9956,1.0
幸福村4社,57,2026-02-19,03:45,0.9935,1.0
幸福村4社,57,2026-02-19,04:00,0.9964,1.0
幸福村4社,57,2026-02-19,04:15,0.9966,1.0
幸福村4社,57,2026-02-19,04:30,0.997,1.0
幸福村4社,57,2026-02-19,04:45,0.9971,1.0
幸福村4社,57,2026-02-19,05:00,0.9956,1.0
幸福村4社,57,2026-02-19,05:15,0.9975,1.0
幸福村4社,57,2026-02-19,05:30,0.9952,1.0
幸福村4社,57,2026-02-19,05:45,0.9981,1.0
幸福村4社,57,2026-02-19,06:00,0.9977,1.0
幸福村4社,57,2026-02-19,06:15,0.9969,1.0
幸福村4社,57,2026-02-19,06:30,0.9953,1.0
幸福村4社,57,2026-02-19,06:45,0.9961,1.0
幸福村4社,57,2026-02-19,07:00,0.9953,1.0
幸福村4社,57,2026-02-19,07:15,0.9962,1.0
幸福村4社,57,2026-02-19,07:30,0.9974,1.0
幸福村4社,57,2026-02-19,07:45,0.996,1.0
幸福村4社,57,2026-02-19,08:00,0.9993,1.0
幸福村4社,57,2026-02-19,08:15,1.001,1.0
幸福村4社,57,2026-02-19,08:30,0.9987,1.0
幸福村4社,57,2026-02-19,08:45,0.9982,0.999
幸福村4社,57,2026-02-19,09:00,0.9974,0.999
幸福村4社,57,2026-02-19,09:15,0.9989,0.999
幸福村4社,57,2026-02-19,09:30,1.0006,1.0
幸福村4社,57,2026-02-19,09:45,1.0014,1.0
幸福村4社,57,2026-02-19,10:00,0.9981,1.0
幸福村4社,57,2026-02-19,10:15,0.9979,1.0
幸福村4社,57,2026-02-19,10:30,0.9992,1.0
幸福村4社,57,2026-02-19,10:45,1.0001,1.0
幸福村4社,57,2026-02-19,11:00,1.0001,1.0
幸福村4社,57,2026-02-19,11:15,1.0004,1.0
幸福村4社,57,2026-02-19,11:30,0.9989,1.0
幸福村4社,57,2026-02-19,11:45,0.9996,1.0
幸福村4社,57,2026-02-19,12:00,0.9994,1.0
幸福村4社,57,2026-02-19,12:15,0.9991,1.0
幸福村4社,57,2026-02-19,12:30,0.9993,0.999
幸福村4社,57,2026-02-19,12:45,0.9988,1.0
幸福村4社,57,2026-02-19,13:00,1.0,1.0
幸福村4社,57,2026-02-19,13:15,0.9981,1.0
幸福村4社,57,2026-02-19,13:30,0.9986,1.0
幸福村4社,57,2026-02-19,13:45,0.9998,1.0
幸福村4社,57,2026-02-19,14:00,0.9972,0.999
幸福村4社,57,2026-02-19,14:15,0.9974,1.0
幸福村4社,57,2026-02-19,14:30,1.0013,0.999
幸福村4社,57,2026-02-19,14:45,0.9978,0.999
幸福村4社,57,2026-02-19,15:00,0.9973,1.0
幸福村4社,57,2026-02-19,15:15,0.9975,1.0
幸福村4社,57,2026-02-19,15:30,0.9997,1.0
幸福村4社,57,2026-02-19,15:45,1.0002,0.999
幸福村4社,57,2026-02-19,16:00,1.0015,0.999
幸福村4社,57,2026-02-19,16:15,1.0,1.0
幸福村4社,57,2026-02-19,16:30,0.9985,1.0
幸福村4社,57,2026-02-19,16:45,0.9995,0.999
幸福村4社,57,2026-02-19,17:00,0.9993,0.999
幸福村4社,57,2026-02-19,17:15,0.9999,0.999
幸福村4社,57,2026-02-19,17:30,0.9975,1.0
幸福村4社,57,2026-02-19,17:45,0.999,1.0
幸福村4社,57,2026-02-19,18:00,1.0013,1.0
幸福村4社,57,2026-02-19,18:15,0.9999,1.0
幸福村4社,57,2026-02-19,18:30,0.999,1.0
幸福村4社,57,2026-02-19,18:45,0.9981,0.997
幸福村4社,57,2026-02-19,19:00,0.9967,0.997
幸福村4社,57,2026-02-19,19:15,0.9954,0.997
幸福村4社,57,2026-02-19,19:30,0.9929,0.991
幸福村4社,57,2026-02-19,19:45,0.9939,0.984
幸福村4社,57,2026-02-19,20:00,0.9941,0.991
幸福村4社,57,2026-02-19,20:15,0.993,0.99
幸福村4社,57,2026-02-19,20:30,0.9927,0.992
幸福村4社,57,2026-02-19,20:45,0.9935,0.992
幸福村4社,57,2026-02-19,21:00,0.9932,0.993
幸福村4社,57,2026-02-19,21:15,0.9948,0.993
幸福村4社,57,2026-02-19,21:30,0.9953,0.992
幸福村4社,57,2026-02-19,21:45,0.9947,0.992
幸福村4社,57,2026-02-19,22:00,0.9926,0.991
幸福村4社,57,2026-02-19,22:15,0.9926,0.991
幸福村4社,57,2026-02-19,22:30,0.9916,0.992
幸福村4社,57,2026-02-19,22:45,0.9942,0.991
幸福村4社,57,2026-02-19,23:00,0.9936,0.993
幸福村4社,57,2026-02-19,23:15,0.9951,0.993
幸福村4社,57,2026-02-19,23:30,0.9949,0.993
幸福村4社,57,2026-02-19,23:45,0.9966,0.999
幸福村4社,57,2026-02-20,00:00,0.9949,1.0
幸福村4社,57,2026-02-20,00:15,0.9963,1.0
幸福村4社,57,2026-02-20,00:30,0.9955,1.0
幸福村4社,57,2026-02-20,00:45,0.9941,1.0
幸福村4社,57,2026-02-20,01:00,0.9938,1.0
幸福村4社,57,2026-02-20,01:15,0.9978,1.0
幸福村4社,57,2026-02-20,01:30,0.9972,1.0
幸福村4社,57,2026-02-20,01:45,0.9997,1.0
幸福村4社,57,2026-02-20,02:00,0.996,1.0
幸福村4社,57,2026-02-20,02:15,0.9997,1.0
幸福村4社,57,2026-02-20,02:30,0.9977,1.0
幸福村4社,57,2026-02-20,02:45,0.9963,1.0
幸福村4社,57,2026-02-20,03:00,0.9975,1.0
幸福村4社,57,2026-02-20,03:15,0.9969,1.0
幸福村4社,57,2026-02-20,03:30,0.9948,1.0
幸福村4社,57,2026-02-20,03:45,0.9947,1.0
幸福村4社,57,2026-02-20,04:00,0.9979,1.0
幸福村4社,57,2026-02-20,04:15,0.997,1.0
幸福村4社,57,2026-02-20,04:30,0.9961,1.0
幸福村4社,57,2026-02-20,04:45,0.9969,1.0
幸福村4社,57,2026-02-20,05:00,0.9951,1.0
幸福村4社,57,2026-02-20,05:15,0.9971,1.0
幸福村4社,57,2026-02-20,05:30,0.9956,1.0
幸福村4社,57,2026-02-20,05:45,0.9981,1.0
幸福村4社,57,2026-02-20,06:00,0.9963,1.0
幸福村4社,57,2026-02-20,06:15,0.9959,1.0
幸福村4社,57,2026-02-20,06:30,0.996,1.0
幸福村4社,57,2026-02-20,06:45,0.9986,1.0
幸福村4社,57,2026-02-20,07:00,0.9966,1.0
幸福村4社,57,2026-02-20,07:15,0.9962,1.0
幸福村4社,57,2026-02-20,07:30,0.9977,1.0
幸福村4社,57,2026-02-20,07:45,0.998,0.987
幸福村4社,57,2026-02-20,08:00,0.9983,0.988
幸福村4社,57,2026-02-20,08:15,0.9984,0.988
幸福村4社,57,2026-02-20,08:30,0.9974,0.988
幸福村4社,57,2026-02-20,08:45,0.998,0.988
幸福村4社,57,2026-02-20,09:00,0.9964,1.0
幸福村4社,57,2026-02-20,09:15,0.9974,0.996
幸福村4社,57,2026-02-20,09:30,0.9994,1.0
幸福村4社,57,2026-02-20,09:45,0.9994,1.0
幸福村4社,57,2026-02-20,10:00,1.0,1.0
幸福村4社,57,2026-02-20,10:15,0.9981,1.0
幸福村4社,57,2026-02-20,10:30,0.9971,1.0
幸福村4社,57,2026-02-20,10:45,1.0003,1.0
幸福村4社,57,2026-02-20,11:00,0.9963,1.0
幸福村4社,57,2026-02-20,11:15,1.0002,1.0
幸福村4社,57,2026-02-20,11:30,1.0009,1.0
幸福村4社,57,2026-02-20,11:45,1.0002,1.0
幸福村4社,57,2026-02-20,12:00,0.9985,0.999
幸福村4社,57,2026-02-20,12:15,0.9977,0.999
幸福村4社,57,2026-02-20,12:30,0.9995,1.0
幸福村4社,57,2026-02-20,12:45,0.9989,0.999
幸福村4社,57,2026-02-20,13:00,0.9981,0.999
幸福村4社,57,2026-02-20,13:15,0.999,0.999
幸福村4社,57,2026-02-20,13:30,0.9996,0.999
幸福村4社,57,2026-02-20,13:45,0.9988,1.0
幸福村4社,57,2026-02-20,14:00,0.9966,1.0
幸福村4社,57,2026-02-20,14:15,0.9958,0.999
幸福村4社,57,2026-02-20,14:30,0.9983,1.0
幸福村4社,57,2026-02-20,14:45,0.9966,0.999
幸福村4社,57,2026-02-20,15:00,0.9957,0.999
幸福村4社,57,2026-02-20,15:15,1.0016,0.999
幸福村4社,57,2026-02-20,15:30,1.0007,0.999
幸福村4社,57,2026-02-20,15:45,0.9988,0.999
幸福村4社,57,2026-02-20,16:00,1.001,0.999
幸福村4社,57,2026-02-20,16:15,0.9983,1.0
幸福村4社,57,2026-02-20,16:30,0.9981,1.0
幸福村4社,57,2026-02-20,16:45,0.999,1.0
幸福村4社,57,2026-02-20,17:00,0.9977,1.0
幸福村4社,57,2026-02-20,17:15,0.9986,1.0
幸福村4社,57,2026-02-20,17:30,0.9961,0.999
幸福村4社,57,2026-02-20,17:45,0.9983,0.999
幸福村4社,57,2026-02-20,18:00,0.9979,1.0
幸福村4社,57,2026-02-20,18:15,0.9969,0.995
幸福村4社,57,2026-02-20,18:30,0.9987,0.996
幸福村4社,57,2026-02-20,18:45,0.9983,0.996
幸福村4社,57,2026-02-20,19:00,0.9948,0.994
幸福村4社,57,2026-02-20,19:15,0.9957,0.993
幸福村4社,57,2026-02-20,19:30,0.9943,0.991
幸福村4社,57,2026-02-20,19:45,0.9904,0.985
幸福村4社,57,2026-02-20,20:00,0.9905,0.992
幸福村4社,57,2026-02-20,20:15,0.9951,0.989
幸福村4社,57,2026-02-20,20:30,0.9943,0.993
幸福村4社,57,2026-02-20,20:45,0.9931,0.994
幸福村4社,57,2026-02-20,21:00,0.9935,0.994
幸福村4社,57,2026-02-20,21:15,0.9943,0.994
幸福村4社,57,2026-02-20,21:30,0.993,0.994
幸福村4社,57,2026-02-20,21:45,0.9942,0.994
幸福村4社,57,2026-02-20,22:00,0.9926,0.993
幸福村4社,57,2026-02-20,22:15,0.9909,0.993
幸福村4社,57,2026-02-20,22:30,0.9926,0.991
幸福村4社,57,2026-02-20,22:45,0.9954,0.991
幸福村4社,57,2026-02-20,23:00,0.9951,0.993
幸福村4社,57,2026-02-20,23:15,0.9953,0.994
幸福村4社,57,2026-02-20,23:30,0.9963,0.999
幸福村4社,57,2026-02-20,23:45,0.9972,1.0
幸福村1社,58,2026-03-11,00:00,0.7533,0.711
幸福村1社,58,2026-03-11,00:15,0.7378,0.838
幸福村1社,58,2026-03-11,00:30,0.7535,0.797
幸福村1社,58,2026-03-11,00:45,0.7115,0.746
幸福村1社,58,2026-03-11,01:00,0.7228,0.745
幸福村1社,58,2026-03-11,01:15,0.7236,0.75
幸福村1社,58,2026-03-11,01:30,0.7129,0.652
幸福村1社,58,2026-03-11,01:45,0.7046,0.821
幸福村1社,58,2026-03-11,02:00,0.7101,0.649
幸福村1社,58,2026-03-11,02:15,0.7069,0.732
幸福村1社,58,2026-03-11,02:30,0.6987,0.701
幸福村1社,58,2026-03-11,02:45,0.7108,0.633
幸福村1社,58,2026-03-11,03:00,0.6986,0.764
幸福村1社,58,2026-03-11,03:15,0.7018,0.693
幸福村1社,58,2026-03-11,03:30,0.6951,0.682
幸福村1社,58,2026-03-11,03:45,0.7073,0.703
幸福村1社,58,2026-03-11,04:00,0.6901,0.712
幸福村1社,58,2026-03-11,04:15,0.6976,0.703
幸福村1社,58,2026-03-11,04:30,0.6998,0.675
幸福村1社,58,2026-03-11,04:45,0.6816,0.726
幸福村1社,58,2026-03-11,05:00,0.6972,0.614
幸福村1社,58,2026-03-11,05:15,0.6875,0.734
幸福村1社,58,2026-03-11,05:30,0.6826,0.712
幸福村1社,58,2026-03-11,05:45,0.6775,0.666
幸福村1社,58,2026-03-11,06:00,0.6902,0.761
幸福村1社,58,2026-03-11,06:15,0.7023,0.79
幸福村1社,58,2026-03-11,06:30,0.7334,0.745
幸福村1社,58,2026-03-11,06:45,0.7405,0.678
幸福村1社,58,2026-03-11,07:00,0.7758,0.956
幸福村1社,58,2026-03-11,07:15,0.7928,0.722
幸福村1社,58,2026-03-11,07:30,0.8284,0.971
幸福村1社,58,2026-03-11,07:45,0.8489,0.763
幸福村1社,58,2026-03-11,08:00,0.8495,0.789
幸福村1社,58,2026-03-11,08:15,0.8909,0.971
幸福村1社,58,2026-03-11,08:30,0.9478,0.969
幸福村1社,58,2026-03-11,08:45,0.9551,0.92
幸福村1社,58,2026-03-11,09:00,0.9537,0.937
幸福村1社,58,2026-03-11,09:15,0.9513,0.995
幸福村1社,58,2026-03-11,09:30,0.9354,0.975
幸福村1社,58,2026-03-11,09:45,0.9252,0.999
幸福村1社,58,2026-03-11,10:00,0.9212,0.955
幸福村1社,58,2026-03-11,10:15,0.895,0.871
幸福村1社,58,2026-03-11,10:30,0.8791,0.883
幸福村1社,58,2026-03-11,10:45,0.8883,0.994
幸福村1社,58,2026-03-11,11:00,0.8274,0.862
幸福村1社,58,2026-03-11,11:15,0.8373,0.911
幸福村1社,58,2026-03-11,11:30,0.832,0.655
幸福村1社,58,2026-03-11,11:45,0.8239,0.704
幸福村1社,58,2026-03-11,12:00,0.811,0.652
幸福村1社,58,2026-03-11,12:15,0.8102,0.629
幸福村1社,58,2026-03-11,12:30,0.815,0.652
幸福村1社,58,2026-03-11,12:45,0.8007,0.772
幸福村1社,58,2026-03-11,13:00,0.8067,0.678
幸福村1社,58,2026-03-11,13:15,0.8095,0.991
幸福村1社,58,2026-03-11,13:30,0.8141,0.838
幸福村1社,58,2026-03-11,13:45,0.8208,0.778
幸福村1社,58,2026-03-11,14:00,0.8121,0.755
幸福村1社,58,2026-03-11,14:15,0.8235,0.621
幸福村1社,58,2026-03-11,14:30,0.8285,0.712
幸福村1社,58,2026-03-11,14:45,0.811,0.619
幸福村1社,58,2026-03-11,15:00,0.8052,0.891
幸福村1社,58,2026-03-11,15:15,0.8261,0.738
幸福村1社,58,2026-03-11,15:30,0.8107,0.819
幸福村1社,58,2026-03-11,15:45,0.8037,0.835
幸福村1社,58,2026-03-11,16:00,0.8283,0.793
幸福村1社,58,2026-03-11,16:15,0.839,0.823
幸福村1社,58,2026-03-11,16:30,0.8744,0.789
幸福村1社,58,2026-03-11,16:45,0.9069,0.796
幸福村1社,58,2026-03-11,17:00,0.8825,0.786
幸福村1社,58,2026-03-11,17:15,0.9093,0.966
幸福村1社,58,2026-03-11,17:30,0.9048,0.935
幸福村1社,58,2026-03-11,17:45,0.9244,0.972
幸福村1社,58,2026-03-11,18:00,0.915,0.975
幸福村1社,58,2026-03-11,18:15,0.9239,0.762
幸福村1社,58,2026-03-11,18:30,0.9135,0.939
幸福村1社,58,2026-03-11,18:45,0.912,0.795
幸福村1社,58,2026-03-11,19:00,0.9084,0.962
幸福村1社,58,2026-03-11,19:15,0.9197,0.986
幸福村1社,58,2026-03-11,19:30,0.923,0.867
幸福村1社,58,2026-03-11,19:45,0.9281,0.885
幸福村1社,58,2026-03-11,20:00,0.9168,0.991
幸福村1社,58,2026-03-11,20:15,0.9189,0.891
幸福村1社,58,2026-03-11,20:30,0.9002,0.846
幸福村1社,58,2026-03-11,20:45,0.8964,0.948
幸福村1社,58,2026-03-11,21:00,0.8967,0.811
幸福村1社,58,2026-03-11,21:15,0.8868,0.991
幸福村1社,58,2026-03-11,21:30,0.8824,0.989
幸福村1社,58,2026-03-11,21:45,0.8673,0.953
幸福村1社,58,2026-03-11,22:00,0.8442,0.997
幸福村1社,58,2026-03-11,22:15,0.8418,0.996
幸福村1社,58,2026-03-11,22:30,0.8213,0.794
幸福村1社,58,2026-03-11,22:45,0.8137,0.704
幸福村1社,58,2026-03-11,23:00,0.8007,0.94
幸福村1社,58,2026-03-11,23:15,0.7821,0.725
幸福村1社,58,2026-03-11,23:30,0.7871,0.939
幸福村1社,58,2026-03-11,23:45,0.7693,0.745
幸福村1社,58,2026-03-12,00:00,0.7586,0.755
幸福村1社,58,2026-03-12,00:15,0.7429,0.648
幸福村1社,58,2026-03-12,00:30,0.7521,0.569
幸福村1社,58,2026-03-12,00:45,0.7267,0.644
幸福村1社,58,2026-03-12,01:00,0.7309,0.562
幸福村1社,58,2026-03-12,01:15,0.7319,0.598
幸福村1社,58,2026-03-12,01:30,0.7075,0.632
幸福村1社,58,2026-03-12,01:45,0.7009,0.633
幸福村1社,58,2026-03-12,02:00,0.7004,0.58
幸福村1社,58,2026-03-12,02:15,0.7206,0.592
幸福村1社,58,2026-03-12,02:30,0.7029,0.649
幸福村1社,58,2026-03-12,02:45,0.7147,0.561
幸福村1社,58,2026-03-12,03:00,0.708,0.637
幸福村1社,58,2026-03-12,03:15,0.7146,0.613
幸福村1社,58,2026-03-12,03:30,0.6986,0.578
幸福村1社,58,2026-03-12,03:45,0.7076,0.651
幸福村1社,58,2026-03-12,04:00,0.6968,0.581
幸福村1社,58,2026-03-12,04:15,0.6998,0.595
幸福村1社,58,2026-03-12,04:30,0.6924,0.577
幸福村1社,58,2026-03-12,04:45,0.685,0.648
幸福村1社,58,2026-03-12,05:00,0.6847,0.595
幸福村1社,58,2026-03-12,05:15,0.68,0.663
幸福村1社,58,2026-03-12,05:30,0.6855,0.68
幸福村1社,58,2026-03-12,05:45,0.6841,0.58
幸福村1社,58,2026-03-12,06:00,0.6866,0.671
幸福村1社,58,2026-03-12,06:15,0.694,0.624
幸福村1社,58,2026-03-12,06:30,0.7369,0.628
幸福村1社,58,2026-03-12,06:45,0.7524,0.658
幸福村1社,58,2026-03-12,07:00,0.7631,0.653
幸福村1社,58,2026-03-12,07:15,0.7761,0.667
幸福村1社,58,2026-03-12,07:30,0.8263,0.789
幸福村1社,58,2026-03-12,07:45,0.864,0.738
幸福村1社,58,2026-03-12,08:00,0.8569,0.629
幸福村1社,58,2026-03-12,08:15,0.9087,0.692
幸福村1社,58,2026-03-12,08:30,0.947,0.965
幸福村1社,58,2026-03-12,08:45,0.9506,0.934
幸福村1社,58,2026-03-12,09:00,0.9494,0.976
幸福村1社,58,2026-03-12,09:15,0.9542,0.965
幸福村1社,58,2026-03-12,09:30,0.9306,0.601
幸福村1社,58,2026-03-12,09:45,0.9431,0.633
幸福村1社,58,2026-03-12,10:00,0.9245,0.68
幸福村1社,58,2026-03-12,10:15,0.8742,0.732
幸福村1社,58,2026-03-12,10:30,0.8675,0.756
幸福村1社,58,2026-03-12,10:45,0.8793,0.689
幸福村1社,58,2026-03-12,11:00,0.8053,0.673
幸福村1社,58,2026-03-12,11:15,0.8213,0.781
幸福村1社,58,2026-03-12,11:30,0.8165,0.679
幸福村1社,58,2026-03-12,11:45,0.7973,0.872
幸福村1社,58,2026-03-12,12:00,0.7976,0.951
幸福村1社,58,2026-03-12,12:15,0.7959,0.771
幸福村1社,58,2026-03-12,12:30,0.7947,0.753
幸福村1社,58,2026-03-12,12:45,0.7879,0.707
幸福村1社,58,2026-03-12,13:00,0.7747,0.723
幸福村1社,58,2026-03-12,13:15,0.7703,0.819
幸福村1社,58,2026-03-12,13:30,0.7792,0.689
幸福村1社,58,2026-03-12,13:45,0.7972,0.77
幸福村1社,58,2026-03-12,14:00,0.7918,0.757
幸福村1社,58,2026-03-12,14:15,0.8051,0.75
幸福村1社,58,2026-03-12,14:30,0.8243,0.818
幸福村1社,58,2026-03-12,14:45,0.8153,0.71
幸福村1社,58,2026-03-12,15:00,0.8011,0.809
幸福村1社,58,2026-03-12,15:15,0.8103,0.728
幸福村1社,58,2026-03-12,15:30,0.7939,0.915
幸福村1社,58,2026-03-12,15:45,0.8028,0.653
幸福村1社,58,2026-03-12,16:00,0.7938,0.861
幸福村1社,58,2026-03-12,16:15,0.8194,0.668
幸福村1社,58,2026-03-12,16:30,0.8412,0.964
幸福村1社,58,2026-03-12,16:45,0.8752,0.801
幸福村1社,58,2026-03-12,17:00,0.8854,0.962
幸福村1社,58,2026-03-12,17:15,0.8956,0.977
幸福村1社,58,2026-03-12,17:30,0.9115,0.969
幸福村1社,58,2026-03-12,17:45,0.9102,0.99
幸福村1社,58,2026-03-12,18:00,0.9136,0.71
幸福村1社,58,2026-03-12,18:15,0.9262,0.747
幸福村1社,58,2026-03-12,18:30,0.9097,0.974
幸福村1社,58,2026-03-12,18:45,0.905,0.95
幸福村1社,58,2026-03-12,19:00,0.8861,0.993
幸福村1社,58,2026-03-12,19:15,0.9212,0.996
幸福村1社,58,2026-03-12,19:30,0.9267,0.994
幸福村1社,58,2026-03-12,19:45,0.9055,0.961
幸福村1社,58,2026-03-12,20:00,0.9087,0.983
幸福村1社,58,2026-03-12,20:15,0.9168,0.979
幸福村1社,58,2026-03-12,20:30,0.9,0.821
幸福村1社,58,2026-03-12,20:45,0.8921,0.838
幸福村1社,58,2026-03-12,21:00,0.8923,0.787
幸福村1社,58,2026-03-12,21:15,0.8796,0.869
幸福村1社,58,2026-03-12,21:30,0.8681,0.791
幸福村1社,58,2026-03-12,21:45,0.8643,0.775
幸福村1社,58,2026-03-12,22:00,0.8458,0.717
幸福村1社,58,2026-03-12,22:15,0.8361,0.689
幸福村1社,58,2026-03-12,22:30,0.8285,0.642
幸福村1社,58,2026-03-12,22:45,0.8101,0.72
幸福村1社,58,2026-03-12,23:00,0.7979,0.71
幸福村1社,58,2026-03-12,23:15,0.789,0.629
幸福村1社,58,2026-03-12,23:30,0.7756,0.741
幸福村1社,58,2026-03-12,23:45,0.7554,0.686
幸福村1社,58,2026-03-13,00:00,0.756,0.617
幸福村1社,58,2026-03-13,00:15,0.7442,0.691
幸福村1社,58,2026-03-13,00:30,0.7529,0.614
幸福村1社,58,2026-03-13,00:45,0.7207,0.644
幸福村1社,58,2026-03-13,01:00,0.7247,0.605
幸福村1社,58,2026-03-13,01:15,0.7272,0.656
幸福村1社,58,2026-03-13,01:30,0.7121,0.603
幸福村1社,58,2026-03-13,01:45,0.708,0.623
幸福村1社,58,2026-03-13,02:00,0.7122,0.619
幸福村1社,58,2026-03-13,02:15,0.7031,0.586
幸福村1社,58,2026-03-13,02:30,0.691,0.633
幸福村1社,58,2026-03-13,02:45,0.7075,0.601
幸福村1社,58,2026-03-13,03:00,0.6991,0.573
幸福村1社,58,2026-03-13,03:15,0.6874,0.647
幸福村1社,58,2026-03-13,03:30,0.7001,0.587
幸福村1社,58,2026-03-13,03:45,0.7075,0.555
幸福村1社,58,2026-03-13,04:00,0.6902,0.558
幸福村1社,58,2026-03-13,04:15,0.6947,0.61
幸福村1社,58,2026-03-13,04:30,0.6939,0.554
幸福村1社,58,2026-03-13,04:45,0.6824,0.593
幸福村1社,58,2026-03-13,05:00,0.6844,0.561
幸福村1社,58,2026-03-13,05:15,0.6834,0.547
幸福村1社,58,2026-03-13,05:30,0.6832,0.556
幸福村1社,58,2026-03-13,05:45,0.686,0.595
幸福村1社,58,2026-03-13,06:00,0.6912,0.58
幸福村1社,58,2026-03-13,06:15,0.7093,0.622
幸福村1社,58,2026-03-13,06:30,0.7262,0.646
幸福村1社,58,2026-03-13,06:45,0.7403,0.924
幸福村1社,58,2026-03-13,07:00,0.7711,0.951
幸福村1社,58,2026-03-13,07:15,0.7913,0.726
幸福村1社,58,2026-03-13,07:30,0.8462,0.63
幸福村1社,58,2026-03-13,07:45,0.8526,0.641
幸福村1社,58,2026-03-13,08:00,0.8551,0.631
幸福村1社,58,2026-03-13,08:15,0.9106,0.69
幸福村1社,58,2026-03-13,08:30,0.936,0.934
幸福村1社,58,2026-03-13,08:45,0.9406,0.96
幸福村1社,58,2026-03-13,09:00,0.9505,0.967
幸福村1社,58,2026-03-13,09:15,0.9541,0.946
幸福村1社,58,2026-03-13,09:30,0.9357,0.997
幸福村1社,58,2026-03-13,09:45,0.9479,0.979
幸福村1社,58,2026-03-13,10:00,0.9255,0.803
幸福村1社,58,2026-03-13,10:15,0.8924,0.988
幸福村1社,58,2026-03-13,10:30,0.8639,0.995
幸福村1社,58,2026-03-13,10:45,0.8751,0.887
幸福村1社,58,2026-03-13,11:00,0.8162,0.908
幸福村1社,58,2026-03-13,11:15,0.8138,0.82
幸福村1社,58,2026-03-13,11:30,0.7935,0.672
幸福村1社,58,2026-03-13,11:45,0.8027,0.685
幸福村1社,58,2026-03-13,12:00,0.7955,0.658
幸福村1社,58,2026-03-13,12:15,0.7811,0.689
幸福村1社,58,2026-03-13,12:30,0.7968,0.666
幸福村1社,58,2026-03-13,12:45,0.7906,0.619
幸福村1社,58,2026-03-13,13:00,0.792,0.756
幸福村1社,58,2026-03-13,13:15,0.7922,0.621
幸福村1社,58,2026-03-13,13:30,0.7866,0.658
幸福村1社,58,2026-03-13,13:45,0.7978,0.634
幸福村1社,58,2026-03-13,14:00,0.7911,0.886
幸福村1社,58,2026-03-13,14:15,0.7847,0.851
幸福村1社,58,2026-03-13,14:30,0.8262,0.81
幸福村1社,58,2026-03-13,14:45,0.7937,0.904
幸福村1社,58,2026-03-13,15:00,0.7956,0.784
幸福村1社,58,2026-03-13,15:15,0.8212,0.943
幸福村1社,58,2026-03-13,15:30,0.8221,0.641
幸福村1社,58,2026-03-13,15:45,0.8042,0.922
幸福村1社,58,2026-03-13,16:00,0.8208,0.733
幸福村1社,58,2026-03-13,16:15,0.8225,0.768
幸福村1社,58,2026-03-13,16:30,0.8543,0.683
幸福村1社,58,2026-03-13,16:45,0.8955,0.78
幸福村1社,58,2026-03-13,17:00,0.8811,0.664
幸福村1社,58,2026-03-13,17:15,0.8902,0.968
幸福村1社,58,2026-03-13,17:30,0.913,0.951
幸福村1社,58,2026-03-13,17:45,0.911,0.773
幸福村1社,58,2026-03-13,18:00,0.9242,0.872
幸福村1社,58,2026-03-13,18:15,0.922,0.972
幸福村1社,58,2026-03-13,18:30,0.9311,0.993
幸福村1社,58,2026-03-13,18:45,0.9099,0.967
幸福村1社,58,2026-03-13,19:00,0.9027,0.971
幸福村1社,58,2026-03-13,19:15,0.9157,0.822
幸福村1社,58,2026-03-13,19:30,0.9055,0.942
幸福村1社,58,2026-03-13,19:45,0.9206,0.875
幸福村1社,58,2026-03-13,20:00,0.9178,0.823
幸福村1社,58,2026-03-13,20:15,0.9103,0.908
幸福村1社,58,2026-03-13,20:30,0.9128,0.738
幸福村1社,58,2026-03-13,20:45,0.9038,0.795
幸福村1社,58,2026-03-13,21:00,0.8888,0.797
幸福村1社,58,2026-03-13,21:15,0.8818,0.77
幸福村1社,58,2026-03-13,21:30,0.8801,0.749
幸福村1社,58,2026-03-13,21:45,0.8596,0.759
幸福村1社,58,2026-03-13,22:00,0.8487,0.735
幸福村1社,58,2026-03-13,22:15,0.8455,0.749
幸福村1社,58,2026-03-13,22:30,0.8225,0.778
幸福村1社,58,2026-03-13,22:45,0.8082,0.724
幸福村1社,58,2026-03-13,23:00,0.7927,0.694
幸福村1社,58,2026-03-13,23:15,0.7827,0.711
幸福村1社,58,2026-03-13,23:30,0.7761,0.741
幸福村1社,58,2026-03-13,23:45,0.7699,0.71
幸福村1社,59,2026-03-08,00:00,0.709,0.765
幸福村1社,59,2026-03-08,00:15,0.6981,0.775
幸福村1社,59,2026-03-08,00:30,0.7169,0.816
幸福村1社,59,2026-03-08,00:45,0.6783,0.754
幸福村1社,59,2026-03-08,01:00,0.6823,0.668
幸福村1社,59,2026-03-08,01:15,0.6882,0.765
幸福村1社,59,2026-03-08,01:30,0.6666,0.654
幸福村1社,59,2026-03-08,01:45,0.67,0.672
幸福村1社,59,2026-03-08,02:00,0.6687,0.673
幸福村1社,59,2026-03-08,02:15,0.6724,0.755
幸福村1社,59,2026-03-08,02:30,0.6542,0.663
幸福村1社,59,2026-03-08,02:45,0.6893,0.722
幸福村1社,59,2026-03-08,03:00,0.6651,0.778
幸福村1社,59,2026-03-08,03:15,0.667,0.654
幸福村1社,59,2026-03-08,03:30,0.6616,0.723
幸福村1社,59,2026-03-08,03:45,0.6759,0.664
幸福村1社,59,2026-03-08,04:00,0.6556,0.762
幸福村1社,59,2026-03-08,04:15,0.6621,0.613
幸福村1社,59,2026-03-08,04:30,0.6597,0.721
幸福村1社,59,2026-03-08,04:45,0.6423,0.719
幸福村1社,59,2026-03-08,05:00,0.6488,0.676
幸福村1社,59,2026-03-08,05:15,0.6491,0.674
幸福村1社,59,2026-03-08,05:30,0.6488,0.653
幸福村1社,59,2026-03-08,05:45,0.6381,0.662
幸福村1社,59,2026-03-08,06:00,0.6525,0.682
幸福村1社,59,2026-03-08,06:15,0.6686,0.6295
幸福村1社,59,2026-03-08,06:30,0.717,0.6305
幸福村1社,59,2026-03-08,06:45,0.7328,0.6385
幸福村1社,59,2026-03-08,07:00,0.7619,0.6535
幸福村1社,59,2026-03-08,07:15,0.7873,0.687
幸福村1社,59,2026-03-08,07:30,0.8155,0.6615
幸福村1社,59,2026-03-08,07:45,0.8413,0.661
幸福村1社,59,2026-03-08,08:00,0.8401,0.678
幸福村1社,59,2026-03-08,08:15,0.8776,0.8225
幸福村1社,59,2026-03-08,08:30,0.9298,0.8215
幸福村1社,59,2026-03-08,08:45,0.9427,0.8605
幸福村1社,59,2026-03-08,09:00,0.9388,0.959
幸福村1社,59,2026-03-08,09:15,0.9369,0.885
幸福村1社,59,2026-03-08,09:30,0.9107,0.9945
幸福村1社,59,2026-03-08,09:45,0.8983,0.994
幸福村1社,59,2026-03-08,10:00,0.895,0.996
幸福村1社,59,2026-03-08,10:15,0.8701,0.9965
幸福村1社,59,2026-03-08,10:30,0.857,0.993
幸福村1社,59,2026-03-08,10:45,0.8655,0.9845
幸福村1社,59,2026-03-08,11:00,0.8162,0.8485
幸福村1社,59,2026-03-08,11:15,0.8121,0.656
幸福村1社,59,2026-03-08,11:30,0.8116,0.97
幸福村1社,59,2026-03-08,11:45,0.8016,0.928
幸福村1社,59,2026-03-08,12:00,0.7873,0.77
幸福村1社,59,2026-03-08,12:15,0.7744,0.575
幸福村1社,59,2026-03-08,12:30,0.7924,0.626
幸福村1社,59,2026-03-08,12:45,0.7714,0.586
幸福村1社,59,2026-03-08,13:00,0.7825,0.593
幸福村1社,59,2026-03-08,13:15,0.7995,0.59
幸福村1社,59,2026-03-08,13:30,0.7956,0.583
幸福村1社,59,2026-03-08,13:45,0.7963,0.561
幸福村1社,59,2026-03-08,14:00,0.7951,0.597
幸福村1社,59,2026-03-08,14:15,0.7843,0.634
幸福村1社,59,2026-03-08,14:30,0.8047,0.98
幸福村1社,59,2026-03-08,14:45,0.8055,0.89
幸福村1社,59,2026-03-08,15:00,0.7936,0.722
幸福村1社,59,2026-03-08,15:15,0.7911,0.712
幸福村1社,59,2026-03-08,15:30,0.7925,0.724
幸福村1社,59,2026-03-08,15:45,0.7773,0.661
幸福村1社,59,2026-03-08,16:00,0.7965,0.776
幸福村1社,59,2026-03-08,16:15,0.8071,0.606
幸福村1社,59,2026-03-08,16:30,0.8482,0.655
幸福村1社,59,2026-03-08,16:45,0.878,0.64
幸福村1社,59,2026-03-08,17:00,0.857,0.674
幸福村1社,59,2026-03-08,17:15,0.8798,0.732
幸福村1社,59,2026-03-08,17:30,0.8645,0.757
幸福村1社,59,2026-03-08,17:45,0.8837,0.638
幸福村1社,59,2026-03-08,18:00,0.8924,0.683
幸福村1社,59,2026-03-08,18:15,0.9109,0.99
幸福村1社,59,2026-03-08,18:30,0.8795,0.913
幸福村1社,59,2026-03-08,18:45,0.8719,0.952
幸福村1社,59,2026-03-08,19:00,0.8668,0.798
幸福村1社,59,2026-03-08,19:15,0.8957,0.906
幸福村1社,59,2026-03-08,19:30,0.8979,0.801
幸福村1社,59,2026-03-08,19:45,0.907,0.829
幸福村1社,59,2026-03-08,20:00,0.8971,0.966
幸福村1社,59,2026-03-08,20:15,0.9067,0.78
幸福村1社,59,2026-03-08,20:30,0.8898,0.918
幸福村1社,59,2026-03-08,20:45,0.8701,0.848
幸福村1社,59,2026-03-08,21:00,0.8615,0.796
幸福村1社,59,2026-03-08,21:15,0.8543,0.744
幸福村1社,59,2026-03-08,21:30,0.8591,0.769
幸福村1社,59,2026-03-08,21:45,0.8239,0.758
幸福村1社,59,2026-03-08,22:00,0.8143,0.823
幸福村1社,59,2026-03-08,22:15,0.803,0.765
幸福村1社,59,2026-03-08,22:30,0.7958,0.734
幸福村1社,59,2026-03-08,22:45,0.776,0.747
幸福村1社,59,2026-03-08,23:00,0.7623,0.802
幸福村1社,59,2026-03-08,23:15,0.7535,0.739
幸福村1社,59,2026-03-08,23:30,0.7497,0.717
幸福村1社,59,2026-03-08,23:45,0.7311,0.777
幸福村1社,59,2026-03-09,00:00,0.7224,0.645
幸福村1社,59,2026-03-09,00:15,0.7142,0.646
幸福村1社,59,2026-03-09,00:30,0.71,0.683
幸福村1社,59,2026-03-09,00:45,0.7075,0.657
幸福村1社,59,2026-03-09,01:00,0.704,0.637
幸福村1社,59,2026-03-09,01:15,0.6931,0.627
幸福村1社,59,2026-03-09,01:30,0.6776,0.631
幸福村1社,59,2026-03-09,01:45,0.6682,0.622
幸福村1社,59,2026-03-09,02:00,0.6757,0.628
幸福村1社,59,2026-03-09,02:15,0.6818,0.583
幸福村1社,59,2026-03-09,02:30,0.6782,0.657
幸福村1社,59,2026-03-09,02:45,0.6798,0.655
幸福村1社,59,2026-03-09,03:00,0.6842,0.586
幸福村1社,59,2026-03-09,03:15,0.6715,0.611
幸福村1社,59,2026-03-09,03:30,0.6701,0.636
幸福村1社,59,2026-03-09,03:45,0.6737,0.654
幸福村1社,59,2026-03-09,04:00,0.6724,0.586
幸福村1社,59,2026-03-09,04:15,0.6724,0.66
幸福村1社,59,2026-03-09,04:30,0.6678,0.684
幸福村1社,59,2026-03-09,04:45,0.6608,0.628
幸福村1社,59,2026-03-09,05:00,0.6726,0.619
幸福村1社,59,2026-03-09,05:15,0.6457,0.59
幸福村1社,59,2026-03-09,05:30,0.6623,0.6
幸福村1社,59,2026-03-09,05:45,0.6646,0.568
幸福村1社,59,2026-03-09,06:00,0.6714,0.64
幸福村1社,59,2026-03-09,06:15,0.6562,0.646
幸福村1社,59,2026-03-09,06:30,0.7246,0.619
幸福村1社,59,2026-03-09,06:45,0.7485,0.689
幸福村1社,59,2026-03-09,07:00,0.7641,0.614
幸福村1社,59,2026-03-09,07:15,0.7711,0.935
幸福村1社,59,2026-03-09,07:30,0.8232,0.649
幸福村1社,59,2026-03-09,07:45,0.8677,0.704
幸福村1社,59,2026-03-09,08:00,0.842,0.984
幸福村1社,59,2026-03-09,08:15,0.9074,0.986
幸福村1社,59,2026-03-09,08:30,0.9457,0.985
幸福村1社,59,2026-03-09,08:45,0.9395,0.939
幸福村1社,59,2026-03-09,09:00,0.9451,0.962
幸福村1社,59,2026-03-09,09:15,0.9259,0.973
幸福村1社,59,2026-03-09,09:30,0.9198,0.949
幸福村1社,59,2026-03-09,09:45,0.9165,0.798
幸福村1社,59,2026-03-09,10:00,0.8904,0.994
幸福村1社,59,2026-03-09,10:15,0.8446,0.932
幸福村1社,59,2026-03-09,10:30,0.8268,0.71
幸福村1社,59,2026-03-09,10:45,0.8629,0.997
幸福村1社,59,2026-03-09,11:00,0.7647,0.999
幸福村1社,59,2026-03-09,11:15,0.7873,0.823
幸福村1社,59,2026-03-09,11:30,0.7849,0.936
幸福村1社,59,2026-03-09,11:45,0.7711,0.907
幸福村1社,59,2026-03-09,12:00,0.7862,0.9
幸福村1社,59,2026-03-09,12:15,0.7608,0.751
幸福村1社,59,2026-03-09,12:30,0.7845,0.911
幸福村1社,59,2026-03-09,12:45,0.7893,0.967
幸福村1社,59,2026-03-09,13:00,0.7476,0.668
幸福村1社,59,2026-03-09,13:15,0.7591,0.901
幸福村1社,59,2026-03-09,13:30,0.7585,0.829
幸福村1社,59,2026-03-09,13:45,0.7845,0.815
幸福村1社,59,2026-03-09,14:00,0.7679,0.731
幸福村1社,59,2026-03-09,14:15,0.7766,0.708
幸福村1社,59,2026-03-09,14:30,0.7941,0.735
幸福村1社,59,2026-03-09,14:45,0.7951,0.757
幸福村1社,59,2026-03-09,15:00,0.7782,0.751
幸福村1社,59,2026-03-09,15:15,0.7905,0.647
幸福村1社,59,2026-03-09,15:30,0.7624,0.764
幸福村1社,59,2026-03-09,15:45,0.7625,0.879
幸福村1社,59,2026-03-09,16:00,0.7666,0.765
幸福村1社,59,2026-03-09,16:15,0.7802,0.752
幸福村1社,59,2026-03-09,16:30,0.8201,0.954
幸福村1社,59,2026-03-09,16:45,0.8296,0.913
幸福村1社,59,2026-03-09,17:00,0.8571,0.648
幸福村1社,59,2026-03-09,17:15,0.8764,0.634
幸福村1社,59,2026-03-09,17:30,0.8951,0.591
幸福村1社,59,2026-03-09,17:45,0.8812,0.93
幸福村1社,59,2026-03-09,18:00,0.8712,0.642
幸福村1社,59,2026-03-09,18:15,0.8844,0.977
幸福村1社,59,2026-03-09,18:30,0.8816,0.961
幸福村1社,59,2026-03-09,18:45,0.872,0.809
幸福村1社,59,2026-03-09,19:00,0.8605,0.994
幸福村1社,59,2026-03-09,19:15,0.9021,0.848
幸福村1社,59,2026-03-09,19:30,0.9019,0.991
幸福村1社,59,2026-03-09,19:45,0.8839,0.995
幸福村1社,59,2026-03-09,20:00,0.8861,0.999
幸福村1社,59,2026-03-09,20:15,0.9057,0.889
幸福村1社,59,2026-03-09,20:30,0.8743,0.795
幸福村1社,59,2026-03-09,20:45,0.8731,0.815
幸福村1社,59,2026-03-09,21:00,0.8718,0.722
幸福村1社,59,2026-03-09,21:15,0.8604,0.787
幸福村1社,59,2026-03-09,21:30,0.8369,0.782
幸福村1社,59,2026-03-09,21:45,0.837,0.737
幸福村1社,59,2026-03-09,22:00,0.8161,0.838
幸福村1社,59,2026-03-09,22:15,0.7974,0.735
幸福村1社,59,2026-03-09,22:30,0.7925,0.741
幸福村1社,59,2026-03-09,22:45,0.773,0.691
幸福村1社,59,2026-03-09,23:00,0.7713,0.694
幸福村1社,59,2026-03-09,23:15,0.7581,0.712
幸福村1社,59,2026-03-09,23:30,0.7503,0.778
幸福村1社,59,2026-03-09,23:45,0.7306,0.703
幸福村1社,59,2026-03-10,00:00,0.724,0.843
幸福村1社,59,2026-03-10,00:15,0.7154,0.693
幸福村1社,59,2026-03-10,00:30,0.7148,0.691
幸福村1社,59,2026-03-10,00:45,0.7049,0.745
幸福村1社,59,2026-03-10,01:00,0.7044,0.873
幸福村1社,59,2026-03-10,01:15,0.7063,0.743
幸福村1社,59,2026-03-10,01:30,0.677,0.626
幸福村1社,59,2026-03-10,01:45,0.6766,0.616
幸福村1社,59,2026-03-10,02:00,0.6774,0.678
幸福村1社,59,2026-03-10,02:15,0.6733,0.597
幸福村1社,59,2026-03-10,02:30,0.6716,0.681
幸福村1社,59,2026-03-10,02:45,0.6764,0.637
幸福村1社,59,2026-03-10,03:00,0.673,0.616
幸福村1社,59,2026-03-10,03:15,0.6639,0.63
幸福村1社,59,2026-03-10,03:30,0.6734,0.644
幸福村1社,59,2026-03-10,03:45,0.6827,0.762
幸福村1社,59,2026-03-10,04:00,0.6641,0.617
幸福村1社,59,2026-03-10,04:15,0.6681,0.612
幸福村1社,59,2026-03-10,04:30,0.6769,0.758
幸福村1社,59,2026-03-10,04:45,0.6647,0.624
幸福村1社,59,2026-03-10,05:00,0.6647,0.75
幸福村1社,59,2026-03-10,05:15,0.6703,0.598
幸福村1社,59,2026-03-10,05:30,0.6638,0.582
幸福村1社,59,2026-03-10,05:45,0.6675,0.639
幸福村1社,59,2026-03-10,06:00,0.6771,0.576
幸福村1社,59,2026-03-10,06:15,0.6739,0.66
幸福村1社,59,2026-03-10,06:30,0.735,0.601
幸福村1社,59,2026-03-10,06:45,0.7334,0.659
幸福村1社,59,2026-03-10,07:00,0.771,0.611
幸福村1社,59,2026-03-10,07:15,0.7896,0.622
幸福村1社,59,2026-03-10,07:30,0.8406,0.705
幸福村1社,59,2026-03-10,07:45,0.8534,0.742
幸福村1社,59,2026-03-10,08:00,0.8583,0.814
幸福村1社,59,2026-03-10,08:15,0.9151,0.99
幸福村1社,59,2026-03-10,08:30,0.9288,0.686
幸福村1社,59,2026-03-10,08:45,0.9444,0.991
幸福村1社,59,2026-03-10,09:00,0.9497,0.998
幸福村1社,59,2026-03-10,09:15,0.9295,0.999
幸福村1社,59,2026-03-10,09:30,0.9407,0.986
幸福村1社,59,2026-03-10,09:45,0.922,0.996
幸福村1社,59,2026-03-10,10:00,0.8909,0.868
幸福村1社,59,2026-03-10,10:15,0.8528,0.997
幸福村1社,59,2026-03-10,10:30,0.834,0.997
幸福村1社,59,2026-03-10,10:45,0.8561,0.992
幸福村1社,59,2026-03-10,11:00,0.7894,0.923
幸福村1社,59,2026-03-10,11:15,0.8004,0.801
幸福村1社,59,2026-03-10,11:30,0.7746,0.7585
幸福村1社,59,2026-03-10,11:45,0.7919,0.8065
幸福村1社,59,2026-03-10,12:00,0.7895,0.763
幸福村1社,59,2026-03-10,12:15,0.7612,0.725
幸福村1社,59,2026-03-10,12:30,0.7818,0.688
幸福村1社,59,2026-03-10,12:45,0.7868,0.7325
幸福村1社,59,2026-03-10,13:00,0.772,0.706
幸福村1社,59,2026-03-10,13:15,0.7666,0.8015
幸福村1社,59,2026-03-10,13:30,0.7707,0.6775
幸福村1社,59,2026-03-10,13:45,0.7614,0.7505
幸福村1社,59,2026-03-10,14:00,0.7566,0.801
幸福村1社,59,2026-03-10,14:15,0.768,0.7195
幸福村1社,59,2026-03-10,14:30,0.7938,0.7935
幸福村1社,59,2026-03-10,14:45,0.7795,0.703
幸福村1社,59,2026-03-10,15:00,0.7786,0.6905
幸福村1社,59,2026-03-10,15:15,0.7808,0.649
幸福村1社,59,2026-03-10,15:30,0.7971,0.881
幸福村1社,59,2026-03-10,15:45,0.7762,0.76
幸福村1社,59,2026-03-10,16:00,0.8019,0.911
幸福村1社,59,2026-03-10,16:15,0.7951,0.58
幸福村1社,59,2026-03-10,16:30,0.8591,0.602
幸福村1社,59,2026-03-10,16:45,0.8761,0.607
幸福村1社,59,2026-03-10,17:00,0.8721,0.683
幸福村1社,59,2026-03-10,17:15,0.8724,0.685
幸福村1社,59,2026-03-10,17:30,0.8914,0.989
幸福村1社,59,2026-03-10,17:45,0.898,0.889
幸福村1社,59,2026-03-10,18:00,0.8971,0.936
幸福村1社,59,2026-03-10,18:15,0.896,0.9
幸福村1社,59,2026-03-10,18:30,0.8974,0.855
幸福村1社,59,2026-03-10,18:45,0.8696,0.998
幸福村1社,59,2026-03-10,19:00,0.8669,0.999
幸福村1社,59,2026-03-10,19:15,0.8954,0.999
幸福村1社,59,2026-03-10,19:30,0.8821,0.993
幸福村1社,59,2026-03-10,19:45,0.8907,0.927
幸福村1社,59,2026-03-10,20:00,0.8958,0.966
幸福村1社,59,2026-03-10,20:15,0.8784,0.951
幸福村1社,59,2026-03-10,20:30,0.8917,0.925
幸福村1社,59,2026-03-10,20:45,0.8701,0.835
幸福村1社,59,2026-03-10,21:00,0.8535,0.902
幸福村1社,59,2026-03-10,21:15,0.8535,0.874
幸福村1社,59,2026-03-10,21:30,0.8514,0.792
幸福村1社,59,2026-03-10,21:45,0.8427,0.827
幸福村1社,59,2026-03-10,22:00,0.8233,0.856
幸福村1社,59,2026-03-10,22:15,0.8109,0.855
幸福村1社,59,2026-03-10,22:30,0.7969,0.936
幸福村1社,59,2026-03-10,22:45,0.7652,0.735
幸福村1社,59,2026-03-10,23:00,0.7606,0.953
幸福村1社,59,2026-03-10,23:15,0.7479,0.865
幸福村1社,59,2026-03-10,23:30,0.7464,0.79
幸福村1社,59,2026-03-10,23:45,0.7342,0.818
马鞍村1社,60,2026-02-13,00:00,0.8542,0.722
马鞍村1社,60,2026-02-13,00:15,0.8462,0.735
马鞍村1社,60,2026-02-13,00:30,0.8227,0.78
马鞍村1社,60,2026-02-13,00:45,0.8376,0.745
马鞍村1社,60,2026-02-13,01:00,0.8345,0.769
马鞍村1社,60,2026-02-13,01:15,0.8255,0.704
马鞍村1社,60,2026-02-13,01:30,0.8344,0.699
马鞍村1社,60,2026-02-13,01:45,0.8009,0.717
马鞍村1社,60,2026-02-13,02:00,0.8078,0.75
马鞍村1社,60,2026-02-13,02:15,0.7838,0.834
马鞍村1社,60,2026-02-13,02:30,0.8064,0.687
马鞍村1社,60,2026-02-13,02:45,0.7914,0.735
马鞍村1社,60,2026-02-13,03:00,0.7939,0.763
马鞍村1社,60,2026-02-13,03:15,0.7798,0.7
马鞍村1社,60,2026-02-13,03:30,0.7912,0.719
马鞍村1社,60,2026-02-13,03:45,0.8019,0.732
马鞍村1社,60,2026-02-13,04:00,0.7917,0.716
马鞍村1社,60,2026-02-13,04:15,0.7865,0.714
马鞍村1社,60,2026-02-13,04:30,0.7904,0.729
马鞍村1社,60,2026-02-13,04:45,0.786,0.704
马鞍村1社,60,2026-02-13,05:00,0.7919,0.76
马鞍村1社,60,2026-02-13,05:15,0.7944,0.684
马鞍村1社,60,2026-02-13,05:30,0.79,0.672
马鞍村1社,60,2026-02-13,05:45,0.7969,0.77
马鞍村1社,60,2026-02-13,06:00,0.8002,0.667
马鞍村1社,60,2026-02-13,06:15,0.8076,0.764
马鞍村1社,60,2026-02-13,06:30,0.8197,0.675
马鞍村1社,60,2026-02-13,06:45,0.821,0.752
马鞍村1社,60,2026-02-13,07:00,0.8445,0.715
马鞍村1社,60,2026-02-13,07:15,0.871,0.779
马鞍村1社,60,2026-02-13,07:30,0.9087,0.803
马鞍村1社,60,2026-02-13,07:45,0.9206,0.962
马鞍村1社,60,2026-02-13,08:00,0.951,0.937
马鞍村1社,60,2026-02-13,08:15,0.9733,0.958
马鞍村1社,60,2026-02-13,08:30,0.9833,0.988
马鞍村1社,60,2026-02-13,08:45,0.9855,0.982
马鞍村1社,60,2026-02-13,09:00,0.9865,0.993
马鞍村1社,60,2026-02-13,09:15,0.9737,0.996
马鞍村1社,60,2026-02-13,09:30,0.9744,0.985
马鞍村1社,60,2026-02-13,09:45,0.9692,0.918
马鞍村1社,60,2026-02-13,10:00,0.959,0.977
马鞍村1社,60,2026-02-13,10:15,0.9362,0.992
马鞍村1社,60,2026-02-13,10:30,0.9352,0.983
马鞍村1社,60,2026-02-13,10:45,0.9021,0.862
马鞍村1社,60,2026-02-13,11:00,0.8975,0.914
马鞍村1社,60,2026-02-13,11:15,0.9075,0.911
马鞍村1社,60,2026-02-13,11:30,0.9054,0.834
马鞍村1社,60,2026-02-13,11:45,0.8974,0.759
马鞍村1社,60,2026-02-13,12:00,0.9057,0.922
马鞍村1社,60,2026-02-13,12:15,0.9109,0.722
马鞍村1社,60,2026-02-13,12:30,0.9146,0.965
马鞍村1社,60,2026-02-13,12:45,0.8841,0.773
马鞍村1社,60,2026-02-13,13:00,0.8809,0.799
马鞍村1社,60,2026-02-13,13:15,0.891,0.751
马鞍村1社,60,2026-02-13,13:30,0.9026,0.918
马鞍村1社,60,2026-02-13,13:45,0.8926,0.896
马鞍村1社,60,2026-02-13,14:00,0.9058,0.965
马鞍村1社,60,2026-02-13,14:15,0.9079,0.937
马鞍村1社,60,2026-02-13,14:30,0.887,0.947
马鞍村1社,60,2026-02-13,14:45,0.9,0.741
马鞍村1社,60,2026-02-13,15:00,0.9053,0.889
马鞍村1社,60,2026-02-13,15:15,0.9298,0.808
马鞍村1社,60,2026-02-13,15:30,0.9479,0.899
马鞍村1社,60,2026-02-13,15:45,0.9363,0.794
马鞍村1社,60,2026-02-13,16:00,0.9374,0.869
马鞍村1社,60,2026-02-13,16:15,0.96,0.941
马鞍村1社,60,2026-02-13,16:30,0.9623,0.974
马鞍村1社,60,2026-02-13,16:45,0.9579,0.991
马鞍村1社,60,2026-02-13,17:00,0.9723,0.989
马鞍村1社,60,2026-02-13,17:15,0.9769,0.955
马鞍村1社,60,2026-02-13,17:30,0.9813,0.998
马鞍村1社,60,2026-02-13,17:45,0.966,0.927
马鞍村1社,60,2026-02-13,18:00,0.9761,0.987
马鞍村1社,60,2026-02-13,18:15,0.9682,0.991
马鞍村1社,60,2026-02-13,18:30,0.9668,0.993
马鞍村1社,60,2026-02-13,18:45,0.955,0.977
马鞍村1社,60,2026-02-13,19:00,0.9607,0.976
马鞍村1社,60,2026-02-13,19:15,0.9491,0.979
马鞍村1社,60,2026-02-13,19:30,0.9415,0.951
马鞍村1社,60,2026-02-13,19:45,0.9485,0.974
马鞍村1社,60,2026-02-13,20:00,0.9577,0.975
马鞍村1社,60,2026-02-13,20:15,0.9488,0.899
马鞍村1社,60,2026-02-13,20:30,0.9418,0.967
马鞍村1社,60,2026-02-13,20:45,0.9441,0.93
马鞍村1社,60,2026-02-13,21:00,0.9524,0.921
马鞍村1社,60,2026-02-13,21:15,0.9497,0.919
马鞍村1社,60,2026-02-13,21:30,0.9473,0.956
马鞍村1社,60,2026-02-13,21:45,0.9511,0.977
马鞍村1社,60,2026-02-13,22:00,0.9291,0.942
马鞍村1社,60,2026-02-13,22:15,0.9303,0.95
马鞍村1社,60,2026-02-13,22:30,0.9223,0.726
马鞍村1社,60,2026-02-13,22:45,0.9007,0.803
马鞍村1社,60,2026-02-13,23:00,0.8968,0.69
马鞍村1社,60,2026-02-13,23:15,0.8678,0.795
马鞍村1社,60,2026-02-13,23:30,0.8549,0.759
马鞍村1社,60,2026-02-13,23:45,0.8483,0.728
马鞍村1社,60,2026-02-14,00:00,0.8511,0.792
马鞍村1社,60,2026-02-14,00:15,0.841,0.711
马鞍村1社,60,2026-02-14,00:30,0.8308,0.82
马鞍村1社,60,2026-02-14,00:45,0.8179,0.712
马鞍村1社,60,2026-02-14,01:00,0.8149,0.743
马鞍村1社,60,2026-02-14,01:15,0.8313,0.747
马鞍村1社,60,2026-02-14,01:30,0.8242,0.706
马鞍村1社,60,2026-02-14,01:45,0.8012,0.733
马鞍村1社,60,2026-02-14,02:00,0.7986,0.715
马鞍村1社,60,2026-02-14,02:15,0.7974,0.74
马鞍村1社,60,2026-02-14,02:30,0.7963,0.786
马鞍村1社,60,2026-02-14,02:45,0.7854,0.743
马鞍村1社,60,2026-02-14,03:00,0.7875,0.715
马鞍村1社,60,2026-02-14,03:15,0.7803,0.681
马鞍村1社,60,2026-02-14,03:30,0.785,0.671
马鞍村1社,60,2026-02-14,03:45,0.7943,0.743
马鞍村1社,60,2026-02-14,04:00,0.7762,0.767
马鞍村1社,60,2026-02-14,04:15,0.7716,0.76
马鞍村1社,60,2026-02-14,04:30,0.7709,0.671
马鞍村1社,60,2026-02-14,04:45,0.7727,0.721
马鞍村1社,60,2026-02-14,05:00,0.7766,0.729
马鞍村1社,60,2026-02-14,05:15,0.7852,0.697
马鞍村1社,60,2026-02-14,05:30,0.7819,0.75
马鞍村1社,60,2026-02-14,05:45,0.7886,0.677
马鞍村1社,60,2026-02-14,06:00,0.7913,0.752
马鞍村1社,60,2026-02-14,06:15,0.8079,0.753
马鞍村1社,60,2026-02-14,06:30,0.8187,0.864
马鞍村1社,60,2026-02-14,06:45,0.8114,0.824
马鞍村1社,60,2026-02-14,07:00,0.8535,0.67
马鞍村1社,60,2026-02-14,07:15,0.8712,0.851
马鞍村1社,60,2026-02-14,07:30,0.9054,0.764
马鞍村1社,60,2026-02-14,07:45,0.9323,0.909
马鞍村1社,60,2026-02-14,08:00,0.9634,0.951
马鞍村1社,60,2026-02-14,08:15,0.9733,0.979
马鞍村1社,60,2026-02-14,08:30,0.9845,0.986
马鞍村1社,60,2026-02-14,08:45,0.9962,0.937
马鞍村1社,60,2026-02-14,09:00,0.9874,0.993
马鞍村1社,60,2026-02-14,09:15,0.9707,0.996
马鞍村1社,60,2026-02-14,09:30,0.9674,0.974
马鞍村1社,60,2026-02-14,09:45,0.9632,0.991
马鞍村1社,60,2026-02-14,10:00,0.9636,0.942
马鞍村1社,60,2026-02-14,10:15,0.9571,0.969
马鞍村1社,60,2026-02-14,10:30,0.938,0.985
马鞍村1社,60,2026-02-14,10:45,0.9047,0.997
马鞍村1社,60,2026-02-14,11:00,0.9098,0.975
马鞍村1社,60,2026-02-14,11:15,0.904,0.956
马鞍村1社,60,2026-02-14,11:30,0.8981,0.816
马鞍村1社,60,2026-02-14,11:45,0.8862,0.991
马鞍村1社,60,2026-02-14,12:00,0.9047,0.993
马鞍村1社,60,2026-02-14,12:15,0.907,0.921
马鞍村1社,60,2026-02-14,12:30,0.9045,0.794
马鞍村1社,60,2026-02-14,12:45,0.8883,0.76
马鞍村1社,60,2026-02-14,13:00,0.8948,0.918
马鞍村1社,60,2026-02-14,13:15,0.9068,0.959
马鞍村1社,60,2026-02-14,13:30,0.9234,0.785
马鞍村1社,60,2026-02-14,13:45,0.8968,0.791
马鞍村1社,60,2026-02-14,14:00,0.9128,0.764
马鞍村1社,60,2026-02-14,14:15,0.906,0.909
马鞍村1社,60,2026-02-14,14:30,0.896,0.781
马鞍村1社,60,2026-02-14,14:45,0.9167,0.832
马鞍村1社,60,2026-02-14,15:00,0.9183,0.774
马鞍村1社,60,2026-02-14,15:15,0.9282,0.868
马鞍村1社,60,2026-02-14,15:30,0.9372,0.942
马鞍村1社,60,2026-02-14,15:45,0.92,0.945
马鞍村1社,60,2026-02-14,16:00,0.9447,0.956
马鞍村1社,60,2026-02-14,16:15,0.9507,0.971
马鞍村1社,60,2026-02-14,16:30,0.9636,0.95
马鞍村1社,60,2026-02-14,16:45,0.9714,0.973
马鞍村1社,60,2026-02-14,17:00,0.9682,0.983
马鞍村1社,60,2026-02-14,17:15,0.9664,0.921
马鞍村1社,60,2026-02-14,17:30,0.9806,0.952
马鞍村1社,60,2026-02-14,17:45,0.9814,0.951
马鞍村1社,60,2026-02-14,18:00,0.9865,0.995
马鞍村1社,60,2026-02-14,18:15,0.9685,0.949
马鞍村1社,60,2026-02-14,18:30,0.9735,0.978
马鞍村1社,60,2026-02-14,18:45,0.9646,0.946
马鞍村1社,60,2026-02-14,19:00,0.9484,0.968
马鞍村1社,60,2026-02-14,19:15,0.9525,0.951
马鞍村1社,60,2026-02-14,19:30,0.9393,0.948
马鞍村1社,60,2026-02-14,19:45,0.955,0.968
马鞍村1社,60,2026-02-14,20:00,0.9508,0.964
马鞍村1社,60,2026-02-14,20:15,0.964,0.937
马鞍村1社,60,2026-02-14,20:30,0.9508,0.928
马鞍村1社,60,2026-02-14,20:45,0.9564,0.976
马鞍村1社,60,2026-02-14,21:00,0.9627,0.929
马鞍村1社,60,2026-02-14,21:15,0.9522,0.973
马鞍村1社,60,2026-02-14,21:30,0.9522,0.992
马鞍村1社,60,2026-02-14,21:45,0.9527,0.981
马鞍村1社,60,2026-02-14,22:00,0.9349,0.962
马鞍村1社,60,2026-02-14,22:15,0.9203,0.954
马鞍村1社,60,2026-02-14,22:30,0.9154,0.944
马鞍村1社,60,2026-02-14,22:45,0.8912,0.943
马鞍村1社,60,2026-02-14,23:00,0.8902,0.931
马鞍村1社,60,2026-02-14,23:15,0.8608,0.937
马鞍村1社,60,2026-02-14,23:30,0.8495,0.914
马鞍村1社,60,2026-02-14,23:45,0.8474,0.949
马鞍村1社,60,2026-02-15,00:00,0.8445,0.929
马鞍村1社,60,2026-02-15,00:15,0.8405,0.912
马鞍村1社,60,2026-02-15,00:30,0.828,0.853
马鞍村1社,60,2026-02-15,00:45,0.8091,0.802
马鞍村1社,60,2026-02-15,01:00,0.8156,0.895
马鞍村1社,60,2026-02-15,01:15,0.819,0.875
马鞍村1社,60,2026-02-15,01:30,0.8206,0.765
马鞍村1社,60,2026-02-15,01:45,0.7828,0.842
马鞍村1社,60,2026-02-15,02:00,0.8107,0.75
马鞍村1社,60,2026-02-15,02:15,0.7895,0.78
马鞍村1社,60,2026-02-15,02:30,0.7864,0.692
马鞍村1社,60,2026-02-15,02:45,0.7898,0.773
马鞍村1社,60,2026-02-15,03:00,0.7729,0.716
马鞍村1社,60,2026-02-15,03:15,0.7782,0.73
马鞍村1社,60,2026-02-15,03:30,0.7791,0.692
马鞍村1社,60,2026-02-15,03:45,0.7938,0.696
马鞍村1社,60,2026-02-15,04:00,0.7796,0.737
马鞍村1社,60,2026-02-15,04:15,0.7812,0.694
马鞍村1社,60,2026-02-15,04:30,0.7729,0.746
马鞍村1社,60,2026-02-15,04:45,0.7749,0.75
马鞍村1社,60,2026-02-15,05:00,0.781,0.709
马鞍村1社,60,2026-02-15,05:15,0.7845,0.744
马鞍村1社,60,2026-02-15,05:30,0.7689,0.82
马鞍村1社,60,2026-02-15,05:45,0.7888,0.738
马鞍村1社,60,2026-02-15,06:00,0.7911,0.709
马鞍村1社,60,2026-02-15,06:15,0.7852,0.729
马鞍村1社,60,2026-02-15,06:30,0.8145,0.71
马鞍村1社,60,2026-02-15,06:45,0.8174,0.711
马鞍村1社,60,2026-02-15,07:00,0.8292,0.694
马鞍村1社,60,2026-02-15,07:15,0.8675,0.763
马鞍村1社,60,2026-02-15,07:30,0.9004,0.711
马鞍村1社,60,2026-02-15,07:45,0.9262,0.8
马鞍村1社,60,2026-02-15,08:00,0.9619,0.941
马鞍村1社,60,2026-02-15,08:15,0.9773,0.988
马鞍村1社,60,2026-02-15,08:30,0.9811,0.938
马鞍村1社,60,2026-02-15,08:45,0.9868,0.978
马鞍村1社,60,2026-02-15,09:00,0.9874,0.961
马鞍村1社,60,2026-02-15,09:15,0.976,0.994
马鞍村1社,60,2026-02-15,09:30,0.9673,0.984
马鞍村1社,60,2026-02-15,09:45,0.9671,0.973
马鞍村1社,60,2026-02-15,10:00,0.9568,0.99
马鞍村1社,60,2026-02-15,10:15,0.9364,0.989
马鞍村1社,60,2026-02-15,10:30,0.9328,0.961
马鞍村1社,60,2026-02-15,10:45,0.8948,0.827
马鞍村1社,60,2026-02-15,11:00,0.8895,0.889
马鞍村1社,60,2026-02-15,11:15,0.8966,0.86
马鞍村1社,60,2026-02-15,11:30,0.8773,0.961
马鞍村1社,60,2026-02-15,11:45,0.9014,0.871
马鞍村1社,60,2026-02-15,12:00,0.8955,0.89
马鞍村1社,60,2026-02-15,12:15,0.901,0.692
马鞍村1社,60,2026-02-15,12:30,0.9091,0.951
马鞍村1社,60,2026-02-15,12:45,0.8815,0.81
马鞍村1社,60,2026-02-15,13:00,0.8958,0.913
马鞍村1社,60,2026-02-15,13:15,0.9116,0.867
马鞍村1社,60,2026-02-15,13:30,0.8998,0.691
马鞍村1社,60,2026-02-15,13:45,0.9109,0.905
马鞍村1社,60,2026-02-15,14:00,0.9093,0.907
马鞍村1社,60,2026-02-15,14:15,0.8889,0.722
马鞍村1社,60,2026-02-15,14:30,0.889,0.873
马鞍村1社,60,2026-02-15,14:45,0.9156,0.855
马鞍村1社,60,2026-02-15,15:00,0.9113,0.932
马鞍村1社,60,2026-02-15,15:15,0.9428,0.734
马鞍村1社,60,2026-02-15,15:30,0.9413,0.985
马鞍村1社,60,2026-02-15,15:45,0.9447,0.923
马鞍村1社,60,2026-02-15,16:00,0.9482,0.939
马鞍村1社,60,2026-02-15,16:15,0.963,0.978
马鞍村1社,60,2026-02-15,16:30,0.957,0.956
马鞍村1社,60,2026-02-15,16:45,0.9574,0.994
马鞍村1社,60,2026-02-15,17:00,0.9649,0.979
马鞍村1社,60,2026-02-15,17:15,0.9677,0.998
马鞍村1社,60,2026-02-15,17:30,0.9741,0.986
马鞍村1社,60,2026-02-15,17:45,0.9832,0.992
马鞍村1社,60,2026-02-15,18:00,0.9684,0.957
马鞍村1社,60,2026-02-15,18:15,0.9625,0.988
马鞍村1社,60,2026-02-15,18:30,0.9805,0.94
马鞍村1社,60,2026-02-15,18:45,0.9653,0.897
马鞍村1社,60,2026-02-15,19:00,0.9423,0.984
马鞍村1社,60,2026-02-15,19:15,0.9366,0.975
马鞍村1社,60,2026-02-15,19:30,0.9363,0.957
马鞍村1社,60,2026-02-15,19:45,0.9514,0.989
马鞍村1社,60,2026-02-15,20:00,0.9494,0.993
马鞍村1社,60,2026-02-15,20:15,0.9643,0.969
马鞍村1社,60,2026-02-15,20:30,0.9555,0.946
马鞍村1社,60,2026-02-15,20:45,0.9528,0.978
马鞍村1社,60,2026-02-15,21:00,0.9582,0.942
马鞍村1社,60,2026-02-15,21:15,0.9438,0.984
马鞍村1社,60,2026-02-15,21:30,0.945,0.917
马鞍村1社,60,2026-02-15,21:45,0.9398,0.887
马鞍村1社,60,2026-02-15,22:00,0.9163,0.957
马鞍村1社,60,2026-02-15,22:15,0.9174,0.925
马鞍村1社,60,2026-02-15,22:30,0.9171,0.935
马鞍村1社,60,2026-02-15,22:45,0.9053,0.833
马鞍村1社,60,2026-02-15,23:00,0.8855,0.944
马鞍村1社,60,2026-02-15,23:15,0.8589,0.749
马鞍村1社,60,2026-02-15,23:30,0.8531,0.757
马鞍村1社,60,2026-02-15,23:45,0.8352,0.767
甘伍村3社,61,2026-01-17,00:00,1.0072,1.0
甘伍村3社,61,2026-01-17,00:15,1.0053,1.0
甘伍村3社,61,2026-01-17,00:30,1.0052,1.0
甘伍村3社,61,2026-01-17,00:45,1.0053,1.0
甘伍村3社,61,2026-01-17,01:00,1.0037,1.0
甘伍村3社,61,2026-01-17,01:15,1.0057,1.0
甘伍村3社,61,2026-01-17,01:30,1.0016,1.0
甘伍村3社,61,2026-01-17,01:45,1.0018,1.0
甘伍村3社,61,2026-01-17,02:00,1.003,1.0
甘伍村3社,61,2026-01-17,02:15,1.0044,1.0
甘伍村3社,61,2026-01-17,02:30,0.9992,1.0
甘伍村3社,61,2026-01-17,02:45,1.0063,1.0
甘伍村3社,61,2026-01-17,03:00,1.0059,1.0
甘伍村3社,61,2026-01-17,03:15,1.0025,1.0
甘伍村3社,61,2026-01-17,03:30,0.9929,1.0
甘伍村3社,61,2026-01-17,03:45,1.0036,1.0
甘伍村3社,61,2026-01-17,04:00,0.9984,1.0
甘伍村3社,61,2026-01-17,04:15,1.0004,1.0
甘伍村3社,61,2026-01-17,04:30,0.9952,1.0
甘伍村3社,61,2026-01-17,04:45,0.9975,1.0
甘伍村3社,61,2026-01-17,05:00,0.9959,1.0
甘伍村3社,61,2026-01-17,05:15,0.9991,1.0
甘伍村3社,61,2026-01-17,05:30,0.9968,1.0
甘伍村3社,61,2026-01-17,05:45,1.0004,1.0
甘伍村3社,61,2026-01-17,06:00,0.9981,1.0
甘伍村3社,61,2026-01-17,06:15,0.9903,1.0
甘伍村3社,61,2026-01-17,06:30,0.9951,1.0
甘伍村3社,61,2026-01-17,06:45,0.9944,1.0
甘伍村3社,61,2026-01-17,07:00,0.9973,1.0
甘伍村3社,61,2026-01-17,07:15,0.9963,1.0
甘伍村3社,61,2026-01-17,07:30,0.9958,1.0
甘伍村3社,61,2026-01-17,07:45,0.9991,1.0
甘伍村3社,61,2026-01-17,08:00,0.9991,1.0
甘伍村3社,61,2026-01-17,08:15,0.9962,1.0
甘伍村3社,61,2026-01-17,08:30,1.0028,1.0
甘伍村3社,61,2026-01-17,08:45,0.9937,1.0
甘伍村3社,61,2026-01-17,09:00,1.0001,1.0
甘伍村3社,61,2026-01-17,09:15,1.0033,1.0
甘伍村3社,61,2026-01-17,09:30,1.0069,1.0
甘伍村3社,61,2026-01-17,09:45,1.0012,1.0
甘伍村3社,61,2026-01-17,10:00,1.0076,1.0
甘伍村3社,61,2026-01-17,10:15,1.0059,1.0
甘伍村3社,61,2026-01-17,10:30,1.0055,1.0
甘伍村3社,61,2026-01-17,10:45,1.0061,1.0
甘伍村3社,61,2026-01-17,11:00,1.0095,1.0
甘伍村3社,61,2026-01-17,11:15,1.004,1.0
甘伍村3社,61,2026-01-17,11:30,1.0056,1.0
甘伍村3社,61,2026-01-17,11:45,1.0043,0.988
甘伍村3社,61,2026-01-17,12:00,0.9997,1.0
甘伍村3社,61,2026-01-17,12:15,0.9985,1.0
甘伍村3社,61,2026-01-17,12:30,1.0016,0.992
甘伍村3社,61,2026-01-17,12:45,0.9988,0.99
甘伍村3社,61,2026-01-17,13:00,0.9999,1.0
甘伍村3社,61,2026-01-17,13:15,0.9981,1.0
甘伍村3社,61,2026-01-17,13:30,0.9994,0.992
甘伍村3社,61,2026-01-17,13:45,1.008,0.992
甘伍村3社,61,2026-01-17,14:00,0.9977,1.0
甘伍村3社,61,2026-01-17,14:15,1.0017,1.0
甘伍村3社,61,2026-01-17,14:30,0.9966,1.0
甘伍村3社,61,2026-01-17,14:45,1.0031,1.0
甘伍村3社,61,2026-01-17,15:00,1.0025,1.0
甘伍村3社,61,2026-01-17,15:15,1.004,1.0
甘伍村3社,61,2026-01-17,15:30,1.0052,1.0
甘伍村3社,61,2026-01-17,15:45,0.9981,1.0
甘伍村3社,61,2026-01-17,16:00,1.0059,1.0
甘伍村3社,61,2026-01-17,16:15,1.0004,1.0
甘伍村3社,61,2026-01-17,16:30,0.9998,1.0
甘伍村3社,61,2026-01-17,16:45,0.9987,1.0
甘伍村3社,61,2026-01-17,17:00,1.0054,1.0
甘伍村3社,61,2026-01-17,17:15,0.9965,1.0
甘伍村3社,61,2026-01-17,17:30,1.0018,1.0
甘伍村3社,61,2026-01-17,17:45,0.9979,1.0
甘伍村3社,61,2026-01-17,18:00,0.9917,1.0
甘伍村3社,61,2026-01-17,18:15,1.0008,1.0
甘伍村3社,61,2026-01-17,18:30,0.9981,1.0
甘伍村3社,61,2026-01-17,18:45,1.0022,1.0
甘伍村3社,61,2026-01-17,19:00,1.003,1.0
甘伍村3社,61,2026-01-17,19:15,1.0013,1.0
甘伍村3社,61,2026-01-17,19:30,0.9941,1.0
甘伍村3社,61,2026-01-17,19:45,0.9923,1.0
甘伍村3社,61,2026-01-17,20:00,0.9849,1.0
甘伍村3社,61,2026-01-17,20:15,0.9924,1.0
甘伍村3社,61,2026-01-17,20:30,0.9931,1.0
甘伍村3社,61,2026-01-17,20:45,0.9988,1.0
甘伍村3社,61,2026-01-17,21:00,1.002,1.0
甘伍村3社,61,2026-01-17,21:15,0.9999,1.0
甘伍村3社,61,2026-01-17,21:30,0.9995,1.0
甘伍村3社,61,2026-01-17,21:45,0.9988,1.0
甘伍村3社,61,2026-01-17,22:00,0.9973,1.0
甘伍村3社,61,2026-01-17,22:15,1.0017,1.0
甘伍村3社,61,2026-01-17,22:30,1.0015,1.0
甘伍村3社,61,2026-01-17,22:45,0.9998,1.0
甘伍村3社,61,2026-01-17,23:00,1.0026,1.0
甘伍村3社,61,2026-01-17,23:15,1.0002,1.0
甘伍村3社,61,2026-01-17,23:30,1.0048,1.0
甘伍村3社,61,2026-01-17,23:45,1.0024,1.0
甘伍村3社,61,2026-01-18,00:00,1.0008,1.0
甘伍村3社,61,2026-01-18,00:15,1.0025,1.0
甘伍村3社,61,2026-01-18,00:30,1.003,1.0
甘伍村3社,61,2026-01-18,00:45,0.9989,1.0
甘伍村3社,61,2026-01-18,01:00,0.9978,1.0
甘伍村3社,61,2026-01-18,01:15,1.0047,1.0
甘伍村3社,61,2026-01-18,01:30,1.0046,1.0
甘伍村3社,61,2026-01-18,01:45,1.0055,1.0
甘伍村3社,61,2026-01-18,02:00,1.001,1.0
甘伍村3社,61,2026-01-18,02:15,1.0009,1.0
甘伍村3社,61,2026-01-18,02:30,1.0016,1.0
甘伍村3社,61,2026-01-18,02:45,1.0031,1.0
甘伍村3社,61,2026-01-18,03:00,1.001,1.0
甘伍村3社,61,2026-01-18,03:15,1.0019,1.0
甘伍村3社,61,2026-01-18,03:30,1.0043,1.0
甘伍村3社,61,2026-01-18,03:45,1.0068,1.0
甘伍村3社,61,2026-01-18,04:00,0.9993,1.0
甘伍村3社,61,2026-01-18,04:15,0.9955,1.0
甘伍村3社,61,2026-01-18,04:30,1.0,1.0
甘伍村3社,61,2026-01-18,04:45,0.9968,1.0
甘伍村3社,61,2026-01-18,05:00,0.9986,1.0
甘伍村3社,61,2026-01-18,05:15,0.9923,1.0
甘伍村3社,61,2026-01-18,05:30,1.0013,1.0
甘伍村3社,61,2026-01-18,05:45,0.995,1.0
甘伍村3社,61,2026-01-18,06:00,0.9934,1.0
甘伍村3社,61,2026-01-18,06:15,0.9935,1.0
甘伍村3社,61,2026-01-18,06:30,0.9895,1.0
甘伍村3社,61,2026-01-18,06:45,0.9903,1.0
甘伍村3社,61,2026-01-18,07:00,0.9905,1.0
甘伍村3社,61,2026-01-18,07:15,0.9954,1.0
甘伍村3社,61,2026-01-18,07:30,0.9951,1.0
甘伍村3社,61,2026-01-18,07:45,0.9996,1.0
甘伍村3社,61,2026-01-18,08:00,0.9939,1.0
甘伍村3社,61,2026-01-18,08:15,0.9953,1.0
甘伍村3社,61,2026-01-18,08:30,1.0005,1.0
甘伍村3社,61,2026-01-18,08:45,0.9982,1.0
甘伍村3社,61,2026-01-18,09:00,1.0014,1.0
甘伍村3社,61,2026-01-18,09:15,1.0014,1.0
甘伍村3社,61,2026-01-18,09:30,1.0047,1.0
甘伍村3社,61,2026-01-18,09:45,0.9997,1.0
甘伍村3社,61,2026-01-18,10:00,1.0028,1.0
甘伍村3社,61,2026-01-18,10:15,1.0061,1.0
甘伍村3社,61,2026-01-18,10:30,1.0017,1.0
甘伍村3社,61,2026-01-18,10:45,1.0005,1.0
甘伍村3社,61,2026-01-18,11:00,1.0034,1.0
甘伍村3社,61,2026-01-18,11:15,0.9992,1.0
甘伍村3社,61,2026-01-18,11:30,1.0032,1.0
甘伍村3社,61,2026-01-18,11:45,1.003,1.0
甘伍村3社,61,2026-01-18,12:00,0.9991,1.0
甘伍村3社,61,2026-01-18,12:15,1.0055,1.0
甘伍村3社,61,2026-01-18,12:30,1.0016,1.0
甘伍村3社,61,2026-01-18,12:45,0.9995,1.0
甘伍村3社,61,2026-01-18,13:00,0.9953,1.0
甘伍村3社,61,2026-01-18,13:15,1.0045,1.0
甘伍村3社,61,2026-01-18,13:30,0.9991,1.0
甘伍村3社,61,2026-01-18,13:45,0.9997,1.0
甘伍村3社,61,2026-01-18,14:00,1.0007,1.0
甘伍村3社,61,2026-01-18,14:15,1.0017,1.0
甘伍村3社,61,2026-01-18,14:30,0.9935,1.0
甘伍村3社,61,2026-01-18,14:45,1.0052,1.0
甘伍村3社,61,2026-01-18,15:00,1.0048,1.0
甘伍村3社,61,2026-01-18,15:15,1.0042,1.0
甘伍村3社,61,2026-01-18,15:30,1.0046,1.0
甘伍村3社,61,2026-01-18,15:45,1.0014,1.0
甘伍村3社,61,2026-01-18,16:00,1.0003,1.0
甘伍村3社,61,2026-01-18,16:15,1.0056,1.0
甘伍村3社,61,2026-01-18,16:30,0.997,1.0
甘伍村3社,61,2026-01-18,16:45,0.9936,1.0
甘伍村3社,61,2026-01-18,17:00,0.9975,1.0
甘伍村3社,61,2026-01-18,17:15,0.9924,1.0
甘伍村3社,61,2026-01-18,17:30,1.0047,1.0
甘伍村3社,61,2026-01-18,17:45,0.9973,1.0
甘伍村3社,61,2026-01-18,18:00,0.9951,1.0
甘伍村3社,61,2026-01-18,18:15,0.9984,1.0
甘伍村3社,61,2026-01-18,18:30,0.9965,1.0
甘伍村3社,61,2026-01-18,18:45,1.0014,1.0
甘伍村3社,61,2026-01-18,19:00,0.9985,1.0
甘伍村3社,61,2026-01-18,19:15,0.9949,1.0
甘伍村3社,61,2026-01-18,19:30,1.0029,1.0
甘伍村3社,61,2026-01-18,19:45,0.9899,1.0
甘伍村3社,61,2026-01-18,20:00,0.9837,1.0
甘伍村3社,61,2026-01-18,20:15,0.9933,1.0
甘伍村3社,61,2026-01-18,20:30,0.9961,1.0
甘伍村3社,61,2026-01-18,20:45,0.9972,1.0
甘伍村3社,61,2026-01-18,21:00,0.9998,1.0
甘伍村3社,61,2026-01-18,21:15,1.0006,1.0
甘伍村3社,61,2026-01-18,21:30,0.9972,1.0
甘伍村3社,61,2026-01-18,21:45,0.9958,1.0
甘伍村3社,61,2026-01-18,22:00,0.9986,1.0
甘伍村3社,61,2026-01-18,22:15,0.9992,1.0
甘伍村3社,61,2026-01-18,22:30,1.003,1.0
甘伍村3社,61,2026-01-18,22:45,0.9998,1.0
甘伍村3社,61,2026-01-18,23:00,1.0037,1.0
甘伍村3社,61,2026-01-18,23:15,0.9999,1.0
甘伍村3社,61,2026-01-18,23:30,1.0016,1.0
甘伍村3社,61,2026-01-18,23:45,0.9993,1.0
甘伍村3社,61,2026-01-19,00:00,0.9988,1.0
甘伍村3社,61,2026-01-19,00:15,0.9999,1.0
甘伍村3社,61,2026-01-19,00:30,0.9996,1.0
甘伍村3社,61,2026-01-19,00:45,1.0015,1.0
甘伍村3社,61,2026-01-19,01:00,1.0046,1.0
甘伍村3社,61,2026-01-19,01:15,0.995,1.0
甘伍村3社,61,2026-01-19,01:30,0.9991,1.0
甘伍村3社,61,2026-01-19,01:45,0.9945,1.0
甘伍村3社,61,2026-01-19,02:00,1.0037,1.0
甘伍村3社,61,2026-01-19,02:15,0.9953,1.0
甘伍村3社,61,2026-01-19,02:30,0.9991,1.0
甘伍村3社,61,2026-01-19,02:45,1.0014,1.0
甘伍村3社,61,2026-01-19,03:00,1.0013,1.0
甘伍村3社,61,2026-01-19,03:15,1.0023,1.0
甘伍村3社,61,2026-01-19,03:30,1.0039,1.0
甘伍村3社,61,2026-01-19,03:45,1.0025,1.0
甘伍村3社,61,2026-01-19,04:00,0.9963,1.0
甘伍村3社,61,2026-01-19,04:15,0.9931,1.0
甘伍村3社,61,2026-01-19,04:30,0.9985,1.0
甘伍村3社,61,2026-01-19,04:45,0.996,1.0
甘伍村3社,61,2026-01-19,05:00,0.9965,1.0
甘伍村3社,61,2026-01-19,05:15,0.999,1.0
甘伍村3社,61,2026-01-19,05:30,0.9986,1.0
甘伍村3社,61,2026-01-19,05:45,0.9959,1.0
甘伍村3社,61,2026-01-19,06:00,0.9962,1.0
甘伍村3社,61,2026-01-19,06:15,0.9939,1.0
甘伍村3社,61,2026-01-19,06:30,0.9903,1.0
甘伍村3社,61,2026-01-19,06:45,0.9883,1.0
甘伍村3社,61,2026-01-19,07:00,0.9916,1.0
甘伍村3社,61,2026-01-19,07:15,0.9948,1.0
甘伍村3社,61,2026-01-19,07:30,0.9963,1.0
甘伍村3社,61,2026-01-19,07:45,0.9972,1.0
甘伍村3社,61,2026-01-19,08:00,0.9954,1.0
甘伍村3社,61,2026-01-19,08:15,0.9969,1.0
甘伍村3社,61,2026-01-19,08:30,0.9977,1.0
甘伍村3社,61,2026-01-19,08:45,0.9957,1.0
甘伍村3社,61,2026-01-19,09:00,1.001,1.0
甘伍村3社,61,2026-01-19,09:15,1.0005,1.0
甘伍村3社,61,2026-01-19,09:30,0.9977,1.0
甘伍村3社,61,2026-01-19,09:45,1.0003,1.0
甘伍村3社,61,2026-01-19,10:00,1.0,1.0
甘伍村3社,61,2026-01-19,10:15,1.0036,1.0
甘伍村3社,61,2026-01-19,10:30,1.0034,1.0
甘伍村3社,61,2026-01-19,10:45,0.9978,1.0
甘伍村3社,61,2026-01-19,11:00,1.0077,1.0
甘伍村3社,61,2026-01-19,11:15,1.0021,1.0
甘伍村3社,61,2026-01-19,11:30,0.9966,1.0
甘伍村3社,61,2026-01-19,11:45,0.9986,1.0
甘伍村3社,61,2026-01-19,12:00,1.0001,1.0
甘伍村3社,61,2026-01-19,12:15,1.0042,1.0
甘伍村3社,61,2026-01-19,12:30,0.9978,1.0
甘伍村3社,61,2026-01-19,12:45,1.0008,1.0
甘伍村3社,61,2026-01-19,13:00,0.999,1.0
甘伍村3社,61,2026-01-19,13:15,1.0033,1.0
甘伍村3社,61,2026-01-19,13:30,1.001,1.0
甘伍村3社,61,2026-01-19,13:45,1.0043,1.0
甘伍村3社,61,2026-01-19,14:00,1.0002,1.0
甘伍村3社,61,2026-01-19,14:15,1.0014,1.0
甘伍村3社,61,2026-01-19,14:30,0.997,1.0
甘伍村3社,61,2026-01-19,14:45,1.0018,1.0
甘伍村3社,61,2026-01-19,15:00,1.0064,1.0
甘伍村3社,61,2026-01-19,15:15,0.9995,1.0
甘伍村3社,61,2026-01-19,15:30,1.0025,1.0
甘伍村3社,61,2026-01-19,15:45,1.0041,1.0
甘伍村3社,61,2026-01-19,16:00,0.9987,1.0
甘伍村3社,61,2026-01-19,16:15,1.0031,1.0
甘伍村3社,61,2026-01-19,16:30,0.9968,1.0
甘伍村3社,61,2026-01-19,16:45,0.994,1.0
甘伍村3社,61,2026-01-19,17:00,1.0001,1.0
甘伍村3社,61,2026-01-19,17:15,0.9991,1.0
甘伍村3社,61,2026-01-19,17:30,1.0035,1.0
甘伍村3社,61,2026-01-19,17:45,0.9985,1.0
甘伍村3社,61,2026-01-19,18:00,1.0,1.0
甘伍村3社,61,2026-01-19,18:15,0.9997,1.0
甘伍村3社,61,2026-01-19,18:30,0.995,1.0
甘伍村3社,61,2026-01-19,18:45,0.9979,1.0
甘伍村3社,61,2026-01-19,19:00,1.0056,1.0
甘伍村3社,61,2026-01-19,19:15,0.9968,1.0
甘伍村3社,61,2026-01-19,19:30,0.9941,1.0
甘伍村3社,61,2026-01-19,19:45,0.9893,1.0
甘伍村3社,61,2026-01-19,20:00,0.9847,1.0
甘伍村3社,61,2026-01-19,20:15,0.9903,1.0
甘伍村3社,61,2026-01-19,20:30,0.9927,1.0
甘伍村3社,61,2026-01-19,20:45,1.0013,1.0
甘伍村3社,61,2026-01-19,21:00,1.0016,1.0
甘伍村3社,61,2026-01-19,21:15,1.0003,1.0
甘伍村3社,61,2026-01-19,21:30,1.0017,1.0
甘伍村3社,61,2026-01-19,21:45,0.9972,1.0
甘伍村3社,61,2026-01-19,22:00,1.0016,1.0
甘伍村3社,61,2026-01-19,22:15,1.003,1.0
甘伍村3社,61,2026-01-19,22:30,1.0013,1.0
甘伍村3社,61,2026-01-19,22:45,0.9978,1.0
甘伍村3社,61,2026-01-19,23:00,1.0032,1.0
甘伍村3社,61,2026-01-19,23:15,1.0012,1.0
甘伍村3社,61,2026-01-19,23:30,1.0001,1.0
甘伍村3社,61,2026-01-19,23:45,0.9983,1.0
甘伍村3社,62,2026-03-27,00:00,1.0043,1.0
甘伍村3社,62,2026-03-27,00:15,1.002,1.0
甘伍村3社,62,2026-03-27,00:30,1.0026,1.0
甘伍村3社,62,2026-03-27,00:45,1.0034,1.0
甘伍村3社,62,2026-03-27,01:00,1.0018,1.0
甘伍村3社,62,2026-03-27,01:15,1.0032,1.0
甘伍村3社,62,2026-03-27,01:30,0.9982,1.0
甘伍村3社,62,2026-03-27,01:45,1.0004,1.0
甘伍村3社,62,2026-03-27,02:00,1.0009,1.0
甘伍村3社,62,2026-03-27,02:15,1.0021,1.0
甘伍村3社,62,2026-03-27,02:30,0.9967,1.0
甘伍村3社,62,2026-03-27,02:45,1.0039,1.0
甘伍村3社,62,2026-03-27,03:00,1.0031,1.0
甘伍村3社,62,2026-03-27,03:15,0.9999,1.0
甘伍村3社,62,2026-03-27,03:30,0.9908,1.0
甘伍村3社,62,2026-03-27,03:45,1.0011,1.0
甘伍村3社,62,2026-03-27,04:00,0.9963,1.0
甘伍村3社,62,2026-03-27,04:15,0.9974,1.0
甘伍村3社,62,2026-03-27,04:30,0.9927,1.0
甘伍村3社,62,2026-03-27,04:45,0.9945,1.0
甘伍村3社,62,2026-03-27,05:00,0.9922,1.0
甘伍村3社,62,2026-03-27,05:15,0.9966,1.0
甘伍村3社,62,2026-03-27,05:30,0.9954,1.0
甘伍村3社,62,2026-03-27,05:45,0.9969,1.0
甘伍村3社,62,2026-03-27,06:00,0.9947,1.0
甘伍村3社,62,2026-03-27,06:15,0.9882,1.0
甘伍村3社,62,2026-03-27,06:30,0.9929,1.0
甘伍村3社,62,2026-03-27,06:45,0.9929,1.0
甘伍村3社,62,2026-03-27,07:00,0.9952,1.0
甘伍村3社,62,2026-03-27,07:15,0.9949,1.0
甘伍村3社,62,2026-03-27,07:30,0.9946,1.0
甘伍村3社,62,2026-03-27,07:45,0.9984,1.0
甘伍村3社,62,2026-03-27,08:00,0.9976,1.0
甘伍村3社,62,2026-03-27,08:15,0.9961,1.0
甘伍村3社,62,2026-03-27,08:30,1.0028,1.0
甘伍村3社,62,2026-03-27,08:45,0.9931,0.974
甘伍村3社,62,2026-03-27,09:00,0.9992,0.968
甘伍村3社,62,2026-03-27,09:15,1.0014,0.968
甘伍村3社,62,2026-03-27,09:30,1.0055,0.973
甘伍村3社,62,2026-03-27,09:45,0.9997,0.968
甘伍村3社,62,2026-03-27,10:00,1.0076,1.0
甘伍村3社,62,2026-03-27,10:15,1.0054,1.0
甘伍村3社,62,2026-03-27,10:30,1.0028,1.0
甘伍村3社,62,2026-03-27,10:45,1.0041,1.0
甘伍村3社,62,2026-03-27,11:00,1.0067,1.0
甘伍村3社,62,2026-03-27,11:15,1.0019,1.0
甘伍村3社,62,2026-03-27,11:30,1.0031,1.0
甘伍村3社,62,2026-03-27,11:45,1.0022,1.0
甘伍村3社,62,2026-03-27,12:00,0.9974,1.0
甘伍村3社,62,2026-03-27,12:15,0.9974,1.0
甘伍村3社,62,2026-03-27,12:30,1.0015,1.0
甘伍村3社,62,2026-03-27,12:45,0.9976,1.0
甘伍村3社,62,2026-03-27,13:00,0.998,1.0
甘伍村3社,62,2026-03-27,13:15,0.9959,1.0
甘伍村3社,62,2026-03-27,13:30,0.9992,1.0
甘伍村3社,62,2026-03-27,13:45,1.0055,1.0
甘伍村3社,62,2026-03-27,14:00,0.9957,1.0
甘伍村3社,62,2026-03-27,14:15,1.0006,1.0
甘伍村3社,62,2026-03-27,14:30,0.9949,1.0
甘伍村3社,62,2026-03-27,14:45,1.0012,1.0
甘伍村3社,62,2026-03-27,15:00,0.9998,0.92
甘伍村3社,62,2026-03-27,15:15,1.0036,1.0
甘伍村3社,62,2026-03-27,15:30,1.003,1.0
甘伍村3社,62,2026-03-27,15:45,0.9962,1.0
甘伍村3社,62,2026-03-27,16:00,1.0035,1.0
甘伍村3社,62,2026-03-27,16:15,0.9993,1.0
甘伍村3社,62,2026-03-27,16:30,0.9984,1.0
甘伍村3社,62,2026-03-27,16:45,0.9975,1.0
甘伍村3社,62,2026-03-27,17:00,1.0038,1.0
甘伍村3社,62,2026-03-27,17:15,0.9959,1.0
甘伍村3社,62,2026-03-27,17:30,1.0012,1.0
甘伍村3社,62,2026-03-27,17:45,0.997,1.0
甘伍村3社,62,2026-03-27,18:00,0.991,1.0
甘伍村3社,62,2026-03-27,18:15,0.9995,1.0
甘伍村3社,62,2026-03-27,18:30,0.9969,1.0
甘伍村3社,62,2026-03-27,18:45,1.0014,1.0
甘伍村3社,62,2026-03-27,19:00,1.0017,1.0
甘伍村3社,62,2026-03-27,19:15,1.0009,1.0
甘伍村3社,62,2026-03-27,19:30,0.9939,1.0
甘伍村3社,62,2026-03-27,19:45,0.9918,0.878
甘伍村3社,62,2026-03-27,20:00,0.9836,1.0
甘伍村3社,62,2026-03-27,20:15,0.9913,1.0
甘伍村3社,62,2026-03-27,20:30,0.9916,1.0
甘伍村3社,62,2026-03-27,20:45,0.9977,1.0
甘伍村3社,62,2026-03-27,21:00,1.0003,1.0
甘伍村3社,62,2026-03-27,21:15,0.9983,1.0
甘伍村3社,62,2026-03-27,21:30,0.9971,1.0
甘伍村3社,62,2026-03-27,21:45,0.9962,1.0
甘伍村3社,62,2026-03-27,22:00,0.9944,1.0
甘伍村3社,62,2026-03-27,22:15,1.0006,1.0
甘伍村3社,62,2026-03-27,22:30,0.9991,1.0
甘伍村3社,62,2026-03-27,22:45,0.9964,1.0
甘伍村3社,62,2026-03-27,23:00,1.0009,1.0
甘伍村3社,62,2026-03-27,23:15,0.9975,1.0
甘伍村3社,62,2026-03-27,23:30,1.0015,1.0
甘伍村3社,62,2026-03-27,23:45,1.0007,1.0
甘伍村3社,62,2026-03-28,00:00,0.9985,1.0
甘伍村3社,62,2026-03-28,00:15,1.0003,1.0
甘伍村3社,62,2026-03-28,00:30,0.9999,1.0
甘伍村3社,62,2026-03-28,00:45,0.9964,1.0
甘伍村3社,62,2026-03-28,01:00,0.9959,1.0
甘伍村3社,62,2026-03-28,01:15,1.0034,1.0
甘伍村3社,62,2026-03-28,01:30,1.002,1.0
甘伍村3社,62,2026-03-28,01:45,1.0025,1.0
甘伍村3社,62,2026-03-28,02:00,0.9975,1.0
甘伍村3社,62,2026-03-28,02:15,0.9985,1.0
甘伍村3社,62,2026-03-28,02:30,0.9985,0.911
甘伍村3社,62,2026-03-28,02:45,1.0008,1.0
甘伍村3社,62,2026-03-28,03:00,0.9983,1.0
甘伍村3社,62,2026-03-28,03:15,0.9992,1.0
甘伍村3社,62,2026-03-28,03:30,1.0021,1.0
甘伍村3社,62,2026-03-28,03:45,1.0046,1.0
甘伍村3社,62,2026-03-28,04:00,0.9973,1.0
甘伍村3社,62,2026-03-28,04:15,0.9938,1.0
甘伍村3社,62,2026-03-28,04:30,0.9975,1.0
甘伍村3社,62,2026-03-28,04:45,0.9935,1.0
甘伍村3社,62,2026-03-28,05:00,0.9956,1.0
甘伍村3社,62,2026-03-28,05:15,0.99,1.0
甘伍村3社,62,2026-03-28,05:30,0.9976,1.0
甘伍村3社,62,2026-03-28,05:45,0.991,1.0
甘伍村3社,62,2026-03-28,06:00,0.9903,1.0
甘伍村3社,62,2026-03-28,06:15,0.9902,1.0
甘伍村3社,62,2026-03-28,06:30,0.9875,1.0
甘伍村3社,62,2026-03-28,06:45,0.9885,1.0
甘伍村3社,62,2026-03-28,07:00,0.9894,1.0
甘伍村3社,62,2026-03-28,07:15,0.9939,1.0
甘伍村3社,62,2026-03-28,07:30,0.9939,1.0
甘伍村3社,62,2026-03-28,07:45,0.9979,1.0
甘伍村3社,62,2026-03-28,08:00,0.9927,1.0
甘伍村3社,62,2026-03-28,08:15,0.9941,1.0
甘伍村3社,62,2026-03-28,08:30,1.0001,1.0
甘伍村3社,62,2026-03-28,08:45,0.9972,1.0
甘伍村3社,62,2026-03-28,09:00,1.0014,1.0
甘伍村3社,62,2026-03-28,09:15,1.0015,1.0
甘伍村3社,62,2026-03-28,09:30,1.0036,1.0
甘伍村3社,62,2026-03-28,09:45,0.9991,1.0
甘伍村3社,62,2026-03-28,10:00,1.0006,1.0
甘伍村3社,62,2026-03-28,10:15,1.0033,1.0
甘伍村3社,62,2026-03-28,10:30,0.9994,1.0
甘伍村3社,62,2026-03-28,10:45,0.9992,1.0
甘伍村3社,62,2026-03-28,11:00,1.002,1.0
甘伍村3社,62,2026-03-28,11:15,0.9975,1.0
甘伍村3社,62,2026-03-28,11:30,1.0013,1.0
甘伍村3社,62,2026-03-28,11:45,1.0008,1.0
甘伍村3社,62,2026-03-28,12:00,0.9971,1.0
甘伍村3社,62,2026-03-28,12:15,1.0034,1.0
甘伍村3社,62,2026-03-28,12:30,0.9999,1.0
甘伍村3社,62,2026-03-28,12:45,0.998,1.0
甘伍村3社,62,2026-03-28,13:00,0.9936,1.0
甘伍村3社,62,2026-03-28,13:15,1.0017,1.0
甘伍村3社,62,2026-03-28,13:30,0.9972,1.0
甘伍村3社,62,2026-03-28,13:45,0.9971,1.0
甘伍村3社,62,2026-03-28,14:00,0.9984,1.0
甘伍村3社,62,2026-03-28,14:15,0.9995,1.0
甘伍村3社,62,2026-03-28,14:30,0.9932,1.0
甘伍村3社,62,2026-03-28,14:45,1.0038,1.0
甘伍村3社,62,2026-03-28,15:00,1.004,1.0
甘伍村3社,62,2026-03-28,15:15,1.0016,1.0
甘伍村3社,62,2026-03-28,15:30,1.0025,1.0
甘伍村3社,62,2026-03-28,15:45,1.0009,1.0
甘伍村3社,62,2026-03-28,16:00,0.998,1.0
甘伍村3社,62,2026-03-28,16:15,1.0045,1.0
甘伍村3社,62,2026-03-28,16:30,0.996,1.0
甘伍村3社,62,2026-03-28,16:45,0.9931,1.0
甘伍村3社,62,2026-03-28,17:00,0.9974,1.0
甘伍村3社,62,2026-03-28,17:15,0.9911,1.0
甘伍村3社,62,2026-03-28,17:30,1.0039,1.0
甘伍村3社,62,2026-03-28,17:45,0.9962,1.0
甘伍村3社,62,2026-03-28,18:00,0.9933,1.0
甘伍村3社,62,2026-03-28,18:15,0.9981,1.0
甘伍村3社,62,2026-03-28,18:30,0.9956,1.0
甘伍村3社,62,2026-03-28,18:45,0.999,1.0
甘伍村3社,62,2026-03-28,19:00,0.996,1.0
甘伍村3社,62,2026-03-28,19:15,0.994,1.0
甘伍村3社,62,2026-03-28,19:30,1.003,0.876
甘伍村3社,62,2026-03-28,19:45,0.9879,1.0
甘伍村3社,62,2026-03-28,20:00,0.9827,0.883
甘伍村3社,62,2026-03-28,20:15,0.9929,0.882
甘伍村3社,62,2026-03-28,20:30,0.9948,0.882
甘伍村3社,62,2026-03-28,20:45,0.9956,1.0
甘伍村3社,62,2026-03-28,21:00,0.9972,1.0
甘伍村3社,62,2026-03-28,21:15,0.9978,1.0
甘伍村3社,62,2026-03-28,21:30,0.995,1.0
甘伍村3社,62,2026-03-28,21:45,0.9943,1.0
甘伍村3社,62,2026-03-28,22:00,0.9955,1.0
甘伍村3社,62,2026-03-28,22:15,0.9976,1.0
甘伍村3社,62,2026-03-28,22:30,1.0006,1.0
甘伍村3社,62,2026-03-28,22:45,0.9964,1.0
甘伍村3社,62,2026-03-28,23:00,1.0013,1.0
甘伍村3社,62,2026-03-28,23:15,0.9974,1.0
甘伍村3社,62,2026-03-28,23:30,0.9981,1.0
甘伍村3社,62,2026-03-28,23:45,0.9974,1.0
甘伍村3社,62,2026-03-29,00:00,0.9974,1.0
甘伍村3社,62,2026-03-29,00:15,0.9966,1.0
甘伍村3社,62,2026-03-29,00:30,0.9988,1.0
甘伍村3社,62,2026-03-29,00:45,0.9982,1.0
甘伍村3社,62,2026-03-29,01:00,1.0012,1.0
甘伍村3社,62,2026-03-29,01:15,0.9931,1.0
甘伍村3社,62,2026-03-29,01:30,0.997,1.0
甘伍村3社,62,2026-03-29,01:45,0.9921,1.0
甘伍村3社,62,2026-03-29,02:00,1.0015,1.0
甘伍村3社,62,2026-03-29,02:15,0.9933,1.0
甘伍村3社,62,2026-03-29,02:30,0.9964,1.0
甘伍村3社,62,2026-03-29,02:45,0.9988,1.0
甘伍村3社,62,2026-03-29,03:00,0.9993,1.0
甘伍村3社,62,2026-03-29,03:15,0.9999,1.0
甘伍村3社,62,2026-03-29,03:30,1.0017,1.0
甘伍村3社,62,2026-03-29,03:45,1.0,1.0
甘伍村3社,62,2026-03-29,04:00,0.9951,1.0
甘伍村3社,62,2026-03-29,04:15,0.9904,1.0
甘伍村3社,62,2026-03-29,04:30,0.9957,1.0
甘伍村3社,62,2026-03-29,04:45,0.9936,1.0
甘伍村3社,62,2026-03-29,05:00,0.9943,1.0
甘伍村3社,62,2026-03-29,05:15,0.9957,1.0
甘伍村3社,62,2026-03-29,05:30,0.9959,1.0
甘伍村3社,62,2026-03-29,05:45,0.9935,1.0
甘伍村3社,62,2026-03-29,06:00,0.994,1.0
甘伍村3社,62,2026-03-29,06:15,0.9922,1.0
甘伍村3社,62,2026-03-29,06:30,0.9876,1.0
甘伍村3社,62,2026-03-29,06:45,0.9871,1.0
甘伍村3社,62,2026-03-29,07:00,0.9911,0.921
甘伍村3社,62,2026-03-29,07:15,0.9946,0.922
甘伍村3社,62,2026-03-29,07:30,0.9963,0.92
甘伍村3社,62,2026-03-29,07:45,0.9964,1.0
甘伍村3社,62,2026-03-29,08:00,0.9945,1.0
甘伍村3社,62,2026-03-29,08:15,0.9959,1.0
甘伍村3社,62,2026-03-29,08:30,0.9976,1.0
甘伍村3社,62,2026-03-29,08:45,0.9953,1.0
甘伍村3社,62,2026-03-29,09:00,1.0001,1.0
甘伍村3社,62,2026-03-29,09:15,1.0004,1.0
甘伍村3社,62,2026-03-29,09:30,0.9977,1.0
甘伍村3社,62,2026-03-29,09:45,0.9995,1.0
甘伍村3社,62,2026-03-29,10:00,0.9995,1.0
甘伍村3社,62,2026-03-29,10:15,1.0027,1.0
甘伍村3社,62,2026-03-29,10:30,1.0015,1.0
甘伍村3社,62,2026-03-29,10:45,0.9975,1.0
甘伍村3社,62,2026-03-29,11:00,1.0068,1.0
甘伍村3社,62,2026-03-29,11:15,1.0002,1.0
甘伍村3社,62,2026-03-29,11:30,0.9938,1.0
甘伍村3社,62,2026-03-29,11:45,0.996,1.0
甘伍村3社,62,2026-03-29,12:00,0.9987,1.0
甘伍村3社,62,2026-03-29,12:15,1.0018,1.0
甘伍村3社,62,2026-03-29,12:30,0.9964,1.0
甘伍村3社,62,2026-03-29,12:45,0.9995,1.0
甘伍村3社,62,2026-03-29,13:00,0.9963,1.0
甘伍村3社,62,2026-03-29,13:15,1.0014,1.0
甘伍村3社,62,2026-03-29,13:30,0.999,1.0
甘伍村3社,62,2026-03-29,13:45,1.0013,1.0
甘伍村3社,62,2026-03-29,14:00,0.9976,1.0
甘伍村3社,62,2026-03-29,14:15,0.9989,1.0
甘伍村3社,62,2026-03-29,14:30,0.9955,1.0
甘伍村3社,62,2026-03-29,14:45,0.9999,1.0
甘伍村3社,62,2026-03-29,15:00,1.0035,1.0
甘伍村3社,62,2026-03-29,15:15,0.9967,1.0
甘伍村3社,62,2026-03-29,15:30,1.0,1.0
甘伍村3社,62,2026-03-29,15:45,1.002,1.0
甘伍村3社,62,2026-03-29,16:00,0.9982,1.0
甘伍村3社,62,2026-03-29,16:15,1.0012,1.0
甘伍村3社,62,2026-03-29,16:30,0.9957,1.0
甘伍村3社,62,2026-03-29,16:45,0.9929,1.0
甘伍村3社,62,2026-03-29,17:00,0.9977,1.0
甘伍村3社,62,2026-03-29,17:15,0.9976,1.0
甘伍村3社,62,2026-03-29,17:30,1.0028,1.0
甘伍村3社,62,2026-03-29,17:45,0.9981,0.922
甘伍村3社,62,2026-03-29,18:00,0.9998,0.92
甘伍村3社,62,2026-03-29,18:15,0.9995,1.0
甘伍村3社,62,2026-03-29,18:30,0.9944,1.0
甘伍村3社,62,2026-03-29,18:45,0.9975,1.0
甘伍村3社,62,2026-03-29,19:00,1.0043,1.0
甘伍村3社,62,2026-03-29,19:15,0.9962,1.0
甘伍村3社,62,2026-03-29,19:30,0.9938,1.0
甘伍村3社,62,2026-03-29,19:45,0.9886,1.0
甘伍村3社,62,2026-03-29,20:00,0.9845,1.0
甘伍村3社,62,2026-03-29,20:15,0.99,1.0
甘伍村3社,62,2026-03-29,20:30,0.9917,1.0
甘伍村3社,62,2026-03-29,20:45,1.0003,1.0
甘伍村3社,62,2026-03-29,21:00,0.9997,1.0
甘伍村3社,62,2026-03-29,21:15,0.9995,1.0
甘伍村3社,62,2026-03-29,21:30,1.0009,1.0
甘伍村3社,62,2026-03-29,21:45,0.9943,1.0
甘伍村3社,62,2026-03-29,22:00,0.9999,1.0
甘伍村3社,62,2026-03-29,22:15,1.002,1.0
甘伍村3社,62,2026-03-29,22:30,0.9989,1.0
甘伍村3社,62,2026-03-29,22:45,0.9954,1.0
甘伍村3社,62,2026-03-29,23:00,0.9999,1.0
甘伍村3社,62,2026-03-29,23:15,0.9993,1.0
甘伍村3社,62,2026-03-29,23:30,0.9974,1.0
甘伍村3社,62,2026-03-29,23:45,0.9958,1.0
幸福村1社,63,2026-03-25,00:00,0.7392,0.75
幸福村1社,63,2026-03-25,00:15,0.7217,0.808
幸福村1社,63,2026-03-25,00:30,0.7392,0.699
幸福村1社,63,2026-03-25,00:45,0.6986,0.81
幸福村1社,63,2026-03-25,01:00,0.7057,0.759
幸福村1社,63,2026-03-25,01:15,0.7114,0.931
幸福村1社,63,2026-03-25,01:30,0.6976,0.758
幸福村1社,63,2026-03-25,01:45,0.6936,0.666
幸福村1社,63,2026-03-25,02:00,0.6967,0.688
幸福村1社,63,2026-03-25,02:15,0.6945,0.777
幸福村1社,63,2026-03-25,02:30,0.685,0.842
幸福村1社,63,2026-03-25,02:45,0.7029,0.673
幸福村1社,63,2026-03-25,03:00,0.6878,0.711
幸福村1社,63,2026-03-25,03:15,0.6901,0.73
幸福村1社,63,2026-03-25,03:30,0.6837,0.756
幸福村1社,63,2026-03-25,03:45,0.6951,0.749
幸福村1社,63,2026-03-25,04:00,0.6788,0.684
幸福村1社,63,2026-03-25,04:15,0.6844,0.702
幸福村1社,63,2026-03-25,04:30,0.6892,0.686
幸福村1社,63,2026-03-25,04:45,0.67,0.764
幸福村1社,63,2026-03-25,05:00,0.6839,0.685
幸福村1社,63,2026-03-25,05:15,0.6736,0.655
幸福村1社,63,2026-03-25,05:30,0.6722,0.791
幸福村1社,63,2026-03-25,05:45,0.666,0.792
幸福村1社,63,2026-03-25,06:00,0.6775,0.751
幸福村1社,63,2026-03-25,06:15,0.6916,0.624
幸福村1社,63,2026-03-25,06:30,0.7284,0.811
幸福村1社,63,2026-03-25,06:45,0.7357,0.716
幸福村1社,63,2026-03-25,07:00,0.7734,0.961
幸福村1社,63,2026-03-25,07:15,0.7912,0.99
幸福村1社,63,2026-03-25,07:30,0.8224,0.76
幸福村1社,63,2026-03-25,07:45,0.8453,0.997
幸福村1社,63,2026-03-25,08:00,0.8483,0.891
幸福村1社,63,2026-03-25,08:15,0.8874,0.942
幸福村1社,63,2026-03-25,08:30,0.9432,0.983
幸福村1社,63,2026-03-25,08:45,0.9541,0.998
幸福村1社,63,2026-03-25,09:00,0.9514,0.996
幸福村1社,63,2026-03-25,09:15,0.9458,0.991
幸福村1社,63,2026-03-25,09:30,0.9259,0.762
幸福村1社,63,2026-03-25,09:45,0.9166,0.695
幸福村1社,63,2026-03-25,10:00,0.9089,0.767
幸福村1社,63,2026-03-25,10:15,0.8864,0.828
幸福村1社,63,2026-03-25,10:30,0.8695,0.978
幸福村1社,63,2026-03-25,10:45,0.8801,0.704
幸福村1社,63,2026-03-25,11:00,0.8216,0.679
幸福村1社,63,2026-03-25,11:15,0.8272,0.599
幸福村1社,63,2026-03-25,11:30,0.8232,0.611
幸福村1社,63,2026-03-25,11:45,0.8153,0.63
幸福村1社,63,2026-03-25,12:00,0.803,0.586
幸福村1社,63,2026-03-25,12:15,0.7982,0.613
幸福村1社,63,2026-03-25,12:30,0.8105,0.641
幸福村1社,63,2026-03-25,12:45,0.7928,0.587
幸福村1社,63,2026-03-25,13:00,0.7989,0.622
幸福村1社,63,2026-03-25,13:15,0.805,0.871
幸福村1社,63,2026-03-25,13:30,0.8095,0.568
幸福村1社,63,2026-03-25,13:45,0.8123,0.575
幸福村1社,63,2026-03-25,14:00,0.8037,0.7
幸福村1社,63,2026-03-25,14:15,0.8101,0.711
幸福村1社,63,2026-03-25,14:30,0.8215,0.759
幸福村1社,63,2026-03-25,14:45,0.8036,0.681
幸福村1社,63,2026-03-25,15:00,0.7969,0.639
幸福村1社,63,2026-03-25,15:15,0.8159,0.768
幸福村1社,63,2026-03-25,15:30,0.803,0.688
幸福村1社,63,2026-03-25,15:45,0.794,0.711
幸福村1社,63,2026-03-25,16:00,0.8173,0.986
幸福村1社,63,2026-03-25,16:15,0.829,0.779
幸福村1社,63,2026-03-25,16:30,0.8666,0.736
幸福村1社,63,2026-03-25,16:45,0.9,0.991
幸福村1社,63,2026-03-25,17:00,0.8729,0.999
幸福村1社,63,2026-03-25,17:15,0.8984,0.995
幸福村1社,63,2026-03-25,17:30,0.8953,0.997
幸福村1社,63,2026-03-25,17:45,0.9135,0.995
幸福村1社,63,2026-03-25,18:00,0.9082,0.999
幸福村1社,63,2026-03-25,18:15,0.9193,0.953
幸福村1社,63,2026-03-25,18:30,0.9055,0.992
幸福村1社,63,2026-03-25,18:45,0.9017,0.934
幸福村1社,63,2026-03-25,19:00,0.8981,0.952
幸福村1社,63,2026-03-25,19:15,0.9148,0.769
幸福村1社,63,2026-03-25,19:30,0.9165,0.772
幸福村1社,63,2026-03-25,19:45,0.9222,0.832
幸福村1社,63,2026-03-25,20:00,0.9098,0.755
幸福村1社,63,2026-03-25,20:15,0.9143,0.865
幸福村1社,63,2026-03-25,20:30,0.8944,0.807
幸福村1社,63,2026-03-25,20:45,0.8876,0.765
幸福村1社,63,2026-03-25,21:00,0.8864,0.781
幸福村1社,63,2026-03-25,21:15,0.8771,0.745
幸福村1社,63,2026-03-25,21:30,0.871,0.772
幸福村1社,63,2026-03-25,21:45,0.8529,0.741
幸福村1社,63,2026-03-25,22:00,0.8331,0.85
幸福村1社,63,2026-03-25,22:15,0.8313,0.804
幸福村1社,63,2026-03-25,22:30,0.8106,0.666
幸福村1社,63,2026-03-25,22:45,0.8004,0.684
幸福村1社,63,2026-03-25,23:00,0.787,0.63
幸福村1社,63,2026-03-25,23:15,0.7706,0.614
幸福村1社,63,2026-03-25,23:30,0.772,0.635
幸福村1社,63,2026-03-25,23:45,0.7568,0.64
幸福村1社,63,2026-03-26,00:00,0.7466,0.615
幸福村1社,63,2026-03-26,00:15,0.7329,0.58
幸福村1社,63,2026-03-26,00:30,0.7401,0.648
幸福村1社,63,2026-03-26,00:45,0.7172,0.62
幸福村1社,63,2026-03-26,01:00,0.7213,0.649
幸福村1社,63,2026-03-26,01:15,0.7196,0.66
幸福村1社,63,2026-03-26,01:30,0.6958,0.605
幸福村1社,63,2026-03-26,01:45,0.6885,0.629
幸福村1社,63,2026-03-26,02:00,0.6907,0.619
幸福村1社,63,2026-03-26,02:15,0.7082,0.627
幸福村1社,63,2026-03-26,02:30,0.6931,0.588
幸福村1社,63,2026-03-26,02:45,0.7037,0.64
幸福村1社,63,2026-03-26,03:00,0.6996,0.609
幸福村1社,63,2026-03-26,03:15,0.7028,0.606
幸福村1社,63,2026-03-26,03:30,0.6891,0.629
幸福村1社,63,2026-03-26,03:45,0.6962,0.582
幸福村1社,63,2026-03-26,04:00,0.6873,0.605
幸福村1社,63,2026-03-26,04:15,0.6914,0.604
幸福村1社,63,2026-03-26,04:30,0.6812,0.608
幸福村1社,63,2026-03-26,04:45,0.6753,0.624
幸福村1社,63,2026-03-26,05:00,0.6759,0.619
幸福村1社,63,2026-03-26,05:15,0.6671,0.603
幸福村1社,63,2026-03-26,05:30,0.676,0.613
幸福村1社,63,2026-03-26,05:45,0.676,0.621
幸福村1社,63,2026-03-26,06:00,0.6799,0.595
幸福村1社,63,2026-03-26,06:15,0.6814,0.631
幸福村1社,63,2026-03-26,06:30,0.7312,0.941
幸福村1社,63,2026-03-26,06:45,0.7508,0.625
幸福村1社,63,2026-03-26,07:00,0.7613,0.939
幸福村1社,63,2026-03-26,07:15,0.7744,0.909
幸福村1社,63,2026-03-26,07:30,0.8233,0.935
幸福村1社,63,2026-03-26,07:45,0.8641,0.72
幸福村1社,63,2026-03-26,08:00,0.8534,0.691
幸福村1社,63,2026-03-26,08:15,0.9085,0.668
幸福村1社,63,2026-03-26,08:30,0.9471,0.92
幸福村1社,63,2026-03-26,08:45,0.9487,0.908
幸福村1社,63,2026-03-26,09:00,0.947,0.993
幸福村1社,63,2026-03-26,09:15,0.9475,0.956
幸福村1社,63,2026-03-26,09:30,0.9264,0.951
幸福村1社,63,2026-03-26,09:45,0.935,0.919
幸福村1社,63,2026-03-26,10:00,0.9132,0.859
幸福村1社,63,2026-03-26,10:15,0.8622,0.995
幸福村1社,63,2026-03-26,10:30,0.8549,0.885
幸福村1社,63,2026-03-26,10:45,0.8726,0.792
幸福村1社,63,2026-03-26,11:00,0.7935,0.958
幸福村1社,63,2026-03-26,11:15,0.81,0.959
幸福村1社,63,2026-03-26,11:30,0.8062,0.922
幸福村1社,63,2026-03-26,11:45,0.7893,0.704
幸福村1社,63,2026-03-26,12:00,0.7925,0.708
幸福村1社,63,2026-03-26,12:15,0.7866,0.682
幸福村1社,63,2026-03-26,12:30,0.7886,0.744
幸福村1社,63,2026-03-26,12:45,0.7844,0.834
幸福村1社,63,2026-03-26,13:00,0.7661,0.728
幸福村1社,63,2026-03-26,13:15,0.7625,0.865
幸福村1社,63,2026-03-26,13:30,0.7705,0.961
幸福村1社,63,2026-03-26,13:45,0.7896,0.637
幸福村1社,63,2026-03-26,14:00,0.7821,0.859
幸福村1社,63,2026-03-26,14:15,0.7938,0.72
幸福村1社,63,2026-03-26,14:30,0.8178,0.774
幸福村1社,63,2026-03-26,14:45,0.8089,0.926
幸福村1社,63,2026-03-26,15:00,0.7933,0.745
幸福村1社,63,2026-03-26,15:15,0.8023,0.707
幸福村1社,63,2026-03-26,15:30,0.7854,0.788
幸福村1社,63,2026-03-26,15:45,0.7928,0.857
幸福村1社,63,2026-03-26,16:00,0.7845,0.697
幸福村1社,63,2026-03-26,16:15,0.8098,0.994
幸福村1社,63,2026-03-26,16:30,0.8355,0.756
幸福村1社,63,2026-03-26,16:45,0.8631,0.99
幸福村1社,63,2026-03-26,17:00,0.8762,0.976
幸福村1社,63,2026-03-26,17:15,0.887,0.996
幸福村1社,63,2026-03-26,17:30,0.9072,0.693
幸福村1社,63,2026-03-26,17:45,0.9029,0.662
幸福村1社,63,2026-03-26,18:00,0.9036,0.911
幸福村1社,63,2026-03-26,18:15,0.9168,0.882
幸福村1社,63,2026-03-26,18:30,0.8986,0.946
幸福村1社,63,2026-03-26,18:45,0.8952,0.69
幸福村1社,63,2026-03-26,19:00,0.8775,0.654
幸福村1社,63,2026-03-26,19:15,0.9147,0.993
幸福村1社,63,2026-03-26,19:30,0.9203,0.776
幸福村1社,63,2026-03-26,19:45,0.8988,0.846
幸福村1社,63,2026-03-26,20:00,0.901,0.929
幸福村1社,63,2026-03-26,20:15,0.9101,0.88
幸福村1社,63,2026-03-26,20:30,0.8924,0.917
幸福村1社,63,2026-03-26,20:45,0.8825,0.858
幸福村1社,63,2026-03-26,21:00,0.8826,0.905
幸福村1社,63,2026-03-26,21:15,0.8726,0.841
幸福村1社,63,2026-03-26,21:30,0.858,0.952
幸福村1社,63,2026-03-26,21:45,0.8557,0.956
幸福村1社,63,2026-03-26,22:00,0.8344,0.85
幸福村1社,63,2026-03-26,22:15,0.8214,0.893
幸福村1社,63,2026-03-26,22:30,0.8151,0.725
幸福村1社,63,2026-03-26,22:45,0.7981,0.728
幸福村1社,63,2026-03-26,23:00,0.7859,0.756
幸福村1社,63,2026-03-26,23:15,0.7785,0.677
幸福村1社,63,2026-03-26,23:30,0.7643,0.741
幸福村1社,63,2026-03-26,23:45,0.7445,0.63
幸福村1社,63,2026-03-27,00:00,0.7448,0.691
幸福村1社,63,2026-03-27,00:15,0.7335,0.708
幸福村1社,63,2026-03-27,00:30,0.7414,0.761
幸福村1社,63,2026-03-27,00:45,0.7145,0.719
幸福村1社,63,2026-03-27,01:00,0.7157,0.645
幸福村1社,63,2026-03-27,01:15,0.7181,0.729
幸福村1社,63,2026-03-27,01:30,0.7009,0.635
幸福村1社,63,2026-03-27,01:45,0.6979,0.713
幸福村1社,63,2026-03-27,02:00,0.7006,0.654
幸福村1社,63,2026-03-27,02:15,0.6935,0.667
幸福村1社,63,2026-03-27,02:30,0.6817,0.627
幸福村1社,63,2026-03-27,02:45,0.6978,0.626
幸福村1社,63,2026-03-27,03:00,0.6895,0.663
幸福村1社,63,2026-03-27,03:15,0.6783,0.659
幸福村1社,63,2026-03-27,03:30,0.6911,0.685
幸福村1社,63,2026-03-27,03:45,0.697,0.636
幸福村1社,63,2026-03-27,04:00,0.6824,0.615
幸福村1社,63,2026-03-27,04:15,0.6863,0.63
幸福村1社,63,2026-03-27,04:30,0.6863,0.652
幸福村1社,63,2026-03-27,04:45,0.6754,0.635
幸福村1社,63,2026-03-27,05:00,0.6748,0.665
幸福村1社,63,2026-03-27,05:15,0.6757,0.59
幸福村1社,63,2026-03-27,05:30,0.6756,0.668
幸福村1社,63,2026-03-27,05:45,0.6792,0.603
幸福村1社,63,2026-03-27,06:00,0.6852,0.696
幸福村1社,63,2026-03-27,06:15,0.6997,0.615
幸福村1社,63,2026-03-27,06:30,0.7241,0.689
幸福村1社,63,2026-03-27,06:45,0.7376,0.711
幸福村1社,63,2026-03-27,07:00,0.7711,0.679
幸福村1社,63,2026-03-27,07:15,0.7918,0.69
幸福村1社,63,2026-03-27,07:30,0.8459,0.649
幸福村1社,63,2026-03-27,07:45,0.8533,0.771
幸福村1社,63,2026-03-27,08:00,0.8553,0.769
幸福村1社,63,2026-03-27,08:15,0.9102,0.791
幸福村1社,63,2026-03-27,08:30,0.9351,0.989
幸福村1社,63,2026-03-27,08:45,0.9413,0.988
幸福村1社,63,2026-03-27,09:00,0.9485,0.988
幸福村1社,63,2026-03-27,09:15,0.9489,0.907
幸福村1社,63,2026-03-27,09:30,0.9345,0.891
幸福村1社,63,2026-03-27,09:45,0.943,0.999
幸福村1社,63,2026-03-27,10:00,0.9175,0.895
幸福村1社,63,2026-03-27,10:15,0.8818,0.821
幸福村1社,63,2026-03-27,10:30,0.8545,0.659
幸福村1社,63,2026-03-27,10:45,0.8677,0.999
幸福村1社,63,2026-03-27,11:00,0.8087,0.718
幸福村1社,63,2026-03-27,11:15,0.8094,0.998
幸福村1社,63,2026-03-27,11:30,0.7846,0.863
幸福村1社,63,2026-03-27,11:45,0.7947,0.759
幸福村1社,63,2026-03-27,12:00,0.7904,0.776
幸福村1社,63,2026-03-27,12:15,0.7747,0.708
幸福村1社,63,2026-03-27,12:30,0.7902,0.99
幸福村1社,63,2026-03-27,12:45,0.7889,0.966
幸福村1社,63,2026-03-27,13:00,0.7847,0.726
幸福村1社,63,2026-03-27,13:15,0.7831,0.745
幸福村1社,63,2026-03-27,13:30,0.7796,0.698
幸福村1社,63,2026-03-27,13:45,0.787,0.773
幸福村1社,63,2026-03-27,14:00,0.7791,0.87
幸福村1社,63,2026-03-27,14:15,0.7759,0.766
幸福村1社,63,2026-03-27,14:30,0.8167,0.975
幸福村1社,63,2026-03-27,14:45,0.7859,0.791
幸福村1社,63,2026-03-27,15:00,0.7886,0.694
幸福村1社,63,2026-03-27,15:15,0.8069,0.676
幸福村1社,63,2026-03-27,15:30,0.815,0.708
幸福村1社,63,2026-03-27,15:45,0.7938,0.676
幸福村1社,63,2026-03-27,16:00,0.8149,0.998
幸福村1社,63,2026-03-27,16:15,0.8125,0.988
幸福村1社,63,2026-03-27,16:30,0.8526,0.663
幸福村1社,63,2026-03-27,16:45,0.8901,0.637
幸福村1社,63,2026-03-27,17:00,0.8752,0.601
幸福村1社,63,2026-03-27,17:15,0.8828,0.671
幸福村1社,63,2026-03-27,17:30,0.9062,0.896
幸福村1社,63,2026-03-27,17:45,0.9048,0.684
幸福村1社,63,2026-03-27,18:00,0.9165,0.799
幸福村1社,63,2026-03-27,18:15,0.9151,0.906
幸福村1社,63,2026-03-27,18:30,0.9217,0.76
幸福村1社,63,2026-03-27,18:45,0.8995,0.994
幸福村1社,63,2026-03-27,19:00,0.8935,0.97
幸福村1社,63,2026-03-27,19:15,0.9098,0.98
幸福村1社,63,2026-03-27,19:30,0.8985,0.998
幸福村1社,63,2026-03-27,19:45,0.9112,0.986
幸福村1社,63,2026-03-27,20:00,0.9112,0.967
幸福村1社,63,2026-03-27,20:15,0.9028,0.763
幸福村1社,63,2026-03-27,20:30,0.9067,0.791
幸福村1社,63,2026-03-27,20:45,0.8959,0.814
幸福村1社,63,2026-03-27,21:00,0.879,0.774
幸福村1社,63,2026-03-27,21:15,0.8737,0.866
幸福村1社,63,2026-03-27,21:30,0.8723,0.798
幸福村1社,63,2026-03-27,21:45,0.8506,0.734
幸福村1社,63,2026-03-27,22:00,0.8392,0.733
幸福村1社,63,2026-03-27,22:15,0.8336,0.713
幸福村1社,63,2026-03-27,22:30,0.8108,0.738
幸福村1社,63,2026-03-27,22:45,0.7946,0.81
幸福村1社,63,2026-03-27,23:00,0.7807,0.746
幸福村1社,63,2026-03-27,23:15,0.7712,0.748
幸福村1社,63,2026-03-27,23:30,0.7641,0.686
幸福村1社,63,2026-03-27,23:45,0.7599,0.758
幸福村1社,64,2026-02-02,00:00,0.8202,0.719
幸福村1社,64,2026-02-02,00:15,0.8162,0.703
幸福村1社,64,2026-02-02,00:30,0.819,0.629
幸福村1社,64,2026-02-02,00:45,0.7819,0.66
幸福村1社,64,2026-02-02,01:00,0.8004,0.628
幸福村1社,64,2026-02-02,01:15,0.7844,0.65
幸福村1社,64,2026-02-02,01:30,0.7849,0.635
幸福村1社,64,2026-02-02,01:45,0.7494,0.649
幸福村1社,64,2026-02-02,02:00,0.7735,0.647
幸福村1社,64,2026-02-02,02:15,0.7629,0.706
幸福村1社,64,2026-02-02,02:30,0.7638,0.663
幸福村1社,64,2026-02-02,02:45,0.7569,0.676
幸福村1社,64,2026-02-02,03:00,0.7462,0.643
幸福村1社,64,2026-02-02,03:15,0.7714,0.92
幸福村1社,64,2026-02-02,03:30,0.7455,0.689
幸福村1社,64,2026-02-02,03:45,0.7692,0.619
幸福村1社,64,2026-02-02,04:00,0.7428,0.637
幸福村1社,64,2026-02-02,04:15,0.7607,0.609
幸福村1社,64,2026-02-02,04:30,0.7442,0.625
幸福村1社,64,2026-02-02,04:45,0.7393,0.598
幸福村1社,64,2026-02-02,05:00,0.7608,0.606
幸福村1社,64,2026-02-02,05:15,0.7519,0.584
幸福村1社,64,2026-02-02,05:30,0.7335,0.715
幸福村1社,64,2026-02-02,05:45,0.7413,0.588
幸福村1社,64,2026-02-02,06:00,0.75,0.681
幸福村1社,64,2026-02-02,06:15,0.7636,0.614
幸福村1社,64,2026-02-02,06:30,0.7625,0.711
幸福村1社,64,2026-02-02,06:45,0.7658,0.633
幸福村1社,64,2026-02-02,07:00,0.7845,0.724
幸福村1社,64,2026-02-02,07:15,0.8018,0.722
幸福村1社,64,2026-02-02,07:30,0.8598,0.669
幸福村1社,64,2026-02-02,07:45,0.8635,0.764
幸福村1社,64,2026-02-02,08:00,0.8568,0.962
幸福村1社,64,2026-02-02,08:15,0.9078,0.991
幸福村1社,64,2026-02-02,08:30,0.9565,0.976
幸福村1社,64,2026-02-02,08:45,0.9605,0.998
幸福村1社,64,2026-02-02,09:00,0.9665,0.996
幸福村1社,64,2026-02-02,09:15,0.9841,0.989
幸福村1社,64,2026-02-02,09:30,0.9844,0.999
幸福村1社,64,2026-02-02,09:45,0.9723,0.981
幸福村1社,64,2026-02-02,10:00,0.9766,0.993
幸福村1社,64,2026-02-02,10:15,0.9292,0.981
幸福村1社,64,2026-02-02,10:30,0.9289,0.984
幸福村1社,64,2026-02-02,10:45,0.9217,0.903
幸福村1社,64,2026-02-02,11:00,0.8688,0.71
幸福村1社,64,2026-02-02,11:15,0.8854,0.985
幸福村1社,64,2026-02-02,11:30,0.8843,0.994
幸福村1社,64,2026-02-02,11:45,0.8763,0.68
幸福村1社,64,2026-02-02,12:00,0.8515,0.964
幸福村1社,64,2026-02-02,12:15,0.851,0.986
幸福村1社,64,2026-02-02,12:30,0.8389,0.937
幸福村1社,64,2026-02-02,12:45,0.8287,0.999
幸福村1社,64,2026-02-02,13:00,0.842,0.883
幸福村1社,64,2026-02-02,13:15,0.8369,0.945
幸福村1社,64,2026-02-02,13:30,0.8405,0.924
幸福村1社,64,2026-02-02,13:45,0.8663,0.965
幸福村1社,64,2026-02-02,14:00,0.8617,0.935
幸福村1社,64,2026-02-02,14:15,0.8812,0.925
幸福村1社,64,2026-02-02,14:30,0.8712,0.999
幸福村1社,64,2026-02-02,14:45,0.8566,0.9
幸福村1社,64,2026-02-02,15:00,0.8481,0.874
幸福村1社,64,2026-02-02,15:15,0.8786,0.905
幸福村1社,64,2026-02-02,15:30,0.8566,0.886
幸福村1社,64,2026-02-02,15:45,0.8554,0.882
幸福村1社,64,2026-02-02,16:00,0.8721,0.897
幸福村1社,64,2026-02-02,16:15,0.8803,0.925
幸福村1社,64,2026-02-02,16:30,0.9077,0.99
幸福村1社,64,2026-02-02,16:45,0.9303,0.977
幸福村1社,64,2026-02-02,17:00,0.9278,0.994
幸福村1社,64,2026-02-02,17:15,0.9551,0.983
幸福村1社,64,2026-02-02,17:30,0.9506,0.981
幸福村1社,64,2026-02-02,17:45,0.9634,0.989
幸福村1社,64,2026-02-02,18:00,0.9371,0.996
幸福村1社,64,2026-02-02,18:15,0.9469,0.994
幸福村1社,64,2026-02-02,18:30,0.9552,0.999
幸福村1社,64,2026-02-02,18:45,0.9431,0.994
幸福村1社,64,2026-02-02,19:00,0.9465,0.927
幸福村1社,64,2026-02-02,19:15,0.9445,0.98
幸福村1社,64,2026-02-02,19:30,0.9517,0.987
幸福村1社,64,2026-02-02,19:45,0.9607,0.999
幸福村1社,64,2026-02-02,20:00,0.948,0.989
幸福村1社,64,2026-02-02,20:15,0.9451,0.984
幸福村1社,64,2026-02-02,20:30,0.9356,0.964
幸福村1社,64,2026-02-02,20:45,0.9348,0.95
幸福村1社,64,2026-02-02,21:00,0.9465,0.999
幸福村1社,64,2026-02-02,21:15,0.9272,0.893
幸福村1社,64,2026-02-02,21:30,0.9352,0.878
幸福村1社,64,2026-02-02,21:45,0.9332,0.879
幸福村1社,64,2026-02-02,22:00,0.9052,0.907
幸福村1社,64,2026-02-02,22:15,0.8899,0.797
幸福村1社,64,2026-02-02,22:30,0.891,0.851
幸福村1社,64,2026-02-02,22:45,0.8757,0.882
幸福村1社,64,2026-02-02,23:00,0.8723,0.791
幸福村1社,64,2026-02-02,23:15,0.8465,0.864
幸福村1社,64,2026-02-02,23:30,0.8567,0.78
幸福村1社,64,2026-02-02,23:45,0.8316,0.808
幸福村1社,64,2026-02-03,00:00,0.8156,0.785
幸福村1社,64,2026-02-03,00:15,0.797,0.838
幸福村1社,64,2026-02-03,00:30,0.8152,0.823
幸福村1社,64,2026-02-03,00:45,0.7851,0.962
幸福村1社,64,2026-02-03,01:00,0.7841,0.761
幸福村1社,64,2026-02-03,01:15,0.7785,0.872
幸福村1社,64,2026-02-03,01:30,0.7651,0.856
幸福村1社,64,2026-02-03,01:45,0.7603,0.791
幸福村1社,64,2026-02-03,02:00,0.7676,0.9
幸福村1社,64,2026-02-03,02:15,0.78,0.847
幸福村1社,64,2026-02-03,02:30,0.7567,0.756
幸福村1社,64,2026-02-03,02:45,0.7668,0.684
幸福村1社,64,2026-02-03,03:00,0.7529,0.717
幸福村1社,64,2026-02-03,03:15,0.7669,0.705
幸福村1社,64,2026-02-03,03:30,0.7421,0.736
幸福村1社,64,2026-02-03,03:45,0.7539,0.671
幸福村1社,64,2026-02-03,04:00,0.7443,0.837
幸福村1社,64,2026-02-03,04:15,0.7446,0.766
幸福村1社,64,2026-02-03,04:30,0.753,0.769
幸福村1社,64,2026-02-03,04:45,0.7395,0.797
幸福村1社,64,2026-02-03,05:00,0.7421,0.706
幸福村1社,64,2026-02-03,05:15,0.7401,0.725
幸福村1社,64,2026-02-03,05:30,0.7364,0.664
幸福村1社,64,2026-02-03,05:45,0.7403,0.738
幸福村1社,64,2026-02-03,06:00,0.7286,0.767
幸福村1社,64,2026-02-03,06:15,0.7567,0.826
幸福村1社,64,2026-02-03,06:30,0.7689,0.819
幸福村1社,64,2026-02-03,06:45,0.7658,0.8
幸福村1社,64,2026-02-03,07:00,0.7722,0.74
幸福村1社,64,2026-02-03,07:15,0.7886,0.868
幸福村1社,64,2026-02-03,07:30,0.8441,0.78
幸福村1社,64,2026-02-03,07:45,0.868,0.876
幸福村1社,64,2026-02-03,08:00,0.8748,0.733
幸福村1社,64,2026-02-03,08:15,0.9148,0.994
幸福村1社,64,2026-02-03,08:30,0.9534,0.992
幸福村1社,64,2026-02-03,08:45,0.9616,0.998
幸福村1社,64,2026-02-03,09:00,0.961,0.999
幸福村1社,64,2026-02-03,09:15,0.984,0.995
幸福村1社,64,2026-02-03,09:30,0.9571,0.997
幸福村1社,64,2026-02-03,09:45,0.9746,0.971
幸福村1社,64,2026-02-03,10:00,0.9805,0.981
幸福村1社,64,2026-02-03,10:15,0.9387,0.962
幸福村1社,64,2026-02-03,10:30,0.9341,0.955
幸福村1社,64,2026-02-03,10:45,0.915,0.946
幸福村1社,64,2026-02-03,11:00,0.8513,0.945
幸福村1社,64,2026-02-03,11:15,0.8707,0.963
幸福村1社,64,2026-02-03,11:30,0.8708,0.846
幸福村1社,64,2026-02-03,11:45,0.8351,0.965
幸福村1社,64,2026-02-03,12:00,0.8289,0.86
幸福村1社,64,2026-02-03,12:15,0.8392,0.894
幸福村1社,64,2026-02-03,12:30,0.8266,0.809
幸福村1社,64,2026-02-03,12:45,0.812,0.992
幸福村1社,64,2026-02-03,13:00,0.8205,0.996
幸福村1社,64,2026-02-03,13:15,0.8189,0.975
幸福村1社,64,2026-02-03,13:30,0.8273,0.73
幸福村1社,64,2026-02-03,13:45,0.84,0.983
幸福村1社,64,2026-02-03,14:00,0.8454,0.832
幸福村1社,64,2026-02-03,14:15,0.8673,0.755
幸福村1社,64,2026-02-03,14:30,0.8512,0.843
幸福村1社,64,2026-02-03,14:45,0.8529,0.848
幸福村1社,64,2026-02-03,15:00,0.8342,0.814
幸福村1社,64,2026-02-03,15:15,0.8633,0.851
幸福村1社,64,2026-02-03,15:30,0.841,0.987
幸福村1社,64,2026-02-03,15:45,0.8477,0.97
幸福村1社,64,2026-02-03,16:00,0.8439,0.962
幸福村1社,64,2026-02-03,16:15,0.8607,0.951
幸福村1社,64,2026-02-03,16:30,0.8697,0.982
幸福村1社,64,2026-02-03,16:45,0.9208,0.996
幸福村1社,64,2026-02-03,17:00,0.921,0.989
幸福村1社,64,2026-02-03,17:15,0.9353,0.951
幸福村1社,64,2026-02-03,17:30,0.939,0.975
幸福村1社,64,2026-02-03,17:45,0.9432,0.919
幸福村1社,64,2026-02-03,18:00,0.9491,0.801
幸福村1社,64,2026-02-03,18:15,0.9522,0.973
幸福村1社,64,2026-02-03,18:30,0.9614,0.948
幸福村1社,64,2026-02-03,18:45,0.9518,0.993
幸福村1社,64,2026-02-03,19:00,0.9365,0.966
幸福村1社,64,2026-02-03,19:15,0.947,0.971
幸福村1社,64,2026-02-03,19:30,0.9527,0.995
幸福村1社,64,2026-02-03,19:45,0.9456,0.966
幸福村1社,64,2026-02-03,20:00,0.9437,0.996
幸福村1社,64,2026-02-03,20:15,0.9548,0.999
幸福村1社,64,2026-02-03,20:30,0.9405,0.991
幸福村1社,64,2026-02-03,20:45,0.9353,0.99
幸福村1社,64,2026-02-03,21:00,0.9434,0.99
幸福村1社,64,2026-02-03,21:15,0.9235,0.979
幸福村1社,64,2026-02-03,21:30,0.9264,0.996
幸福村1社,64,2026-02-03,21:45,0.9128,0.984
幸福村1社,64,2026-02-03,22:00,0.9028,0.999
幸福村1社,64,2026-02-03,22:15,0.9038,0.979
幸福村1社,64,2026-02-03,22:30,0.8884,0.939
幸福村1社,64,2026-02-03,22:45,0.8645,0.906
幸福村1社,64,2026-02-03,23:00,0.849,0.764
幸福村1社,64,2026-02-03,23:15,0.8366,0.793
幸福村1社,64,2026-02-03,23:30,0.8333,0.725
幸福村1社,64,2026-02-03,23:45,0.8176,0.759
幸福村1社,64,2026-02-04,00:00,0.8009,0.753
幸福村1社,64,2026-02-04,00:15,0.7995,0.741
幸福村1社,64,2026-02-04,00:30,0.8016,0.768
幸福村1社,64,2026-02-04,00:45,0.7659,0.715
幸福村1社,64,2026-02-04,01:00,0.7733,0.763
幸福村1社,64,2026-02-04,01:15,0.7731,0.731
幸福村1社,64,2026-02-04,01:30,0.7673,0.719
幸福村1社,64,2026-02-04,01:45,0.7443,0.719
幸福村1社,64,2026-02-04,02:00,0.7637,0.705
幸福村1社,64,2026-02-04,02:15,0.7582,0.702
幸福村1社,64,2026-02-04,02:30,0.7397,0.731
幸福村1社,64,2026-02-04,02:45,0.7608,0.709
幸福村1社,64,2026-02-04,03:00,0.747,0.674
幸福村1社,64,2026-02-04,03:15,0.7426,0.73
幸福村1社,64,2026-02-04,03:30,0.7478,0.64
幸福村1社,64,2026-02-04,03:45,0.7566,0.684
幸福村1社,64,2026-02-04,04:00,0.7276,0.684
幸福村1社,64,2026-02-04,04:15,0.7342,0.717
幸福村1社,64,2026-02-04,04:30,0.7432,0.688
幸福村1社,64,2026-02-04,04:45,0.7242,0.694
幸福村1社,64,2026-02-04,05:00,0.736,0.711
幸福村1社,64,2026-02-04,05:15,0.7238,0.669
幸福村1社,64,2026-02-04,05:30,0.7171,0.681
幸福村1社,64,2026-02-04,05:45,0.7223,0.702
幸福村1社,64,2026-02-04,06:00,0.726,0.684
幸福村1社,64,2026-02-04,06:15,0.7491,0.723
幸福村1社,64,2026-02-04,06:30,0.7536,0.738
幸福村1社,64,2026-02-04,06:45,0.7535,0.798
幸福村1社,64,2026-02-04,07:00,0.7696,0.711
幸福村1社,64,2026-02-04,07:15,0.7819,0.792
幸福村1社,64,2026-02-04,07:30,0.8456,0.985
幸福村1社,64,2026-02-04,07:45,0.8495,0.959
幸福村1社,64,2026-02-04,08:00,0.8492,0.802
幸福村1社,64,2026-02-04,08:15,0.9215,0.739
幸福村1社,64,2026-02-04,08:30,0.9418,0.999
幸福村1社,64,2026-02-04,08:45,0.9513,0.957
幸福村1社,64,2026-02-04,09:00,0.9669,0.992
幸福村1社,64,2026-02-04,09:15,0.9724,0.998
幸福村1社,64,2026-02-04,09:30,0.9529,0.997
幸福村1社,64,2026-02-04,09:45,0.9677,0.991
幸福村1社,64,2026-02-04,10:00,0.9628,0.995
幸福村1社,64,2026-02-04,10:15,0.936,0.848
幸福村1社,64,2026-02-04,10:30,0.9091,0.916
幸福村1社,64,2026-02-04,10:45,0.9006,0.805
幸福村1社,64,2026-02-04,11:00,0.8574,0.969
幸福村1社,64,2026-02-04,11:15,0.8559,0.938
幸福村1社,64,2026-02-04,11:30,0.8551,0.922
幸福村1社,64,2026-02-04,11:45,0.842,0.833
幸福村1社,64,2026-02-04,12:00,0.8311,0.758
幸福村1社,64,2026-02-04,12:15,0.8211,0.994
幸福村1社,64,2026-02-04,12:30,0.8331,0.99
幸福村1社,64,2026-02-04,12:45,0.8107,0.979
幸福村1社,64,2026-02-04,13:00,0.834,0.859
幸福村1社,64,2026-02-04,13:15,0.8388,0.671
幸福村1社,64,2026-02-04,13:30,0.8192,0.805
幸福村1社,64,2026-02-04,13:45,0.8577,0.921
幸福村1社,64,2026-02-04,14:00,0.8548,0.761
幸福村1社,64,2026-02-04,14:15,0.8332,0.951
幸福村1社,64,2026-02-04,14:30,0.8667,0.737
幸福村1社,64,2026-02-04,14:45,0.8409,0.875
幸福村1社,64,2026-02-04,15:00,0.8295,0.809
幸福村1社,64,2026-02-04,15:15,0.8819,0.961
幸福村1社,64,2026-02-04,15:30,0.8572,0.803
幸福村1社,64,2026-02-04,15:45,0.8602,0.932
幸福村1社,64,2026-02-04,16:00,0.8612,0.896
幸福村1社,64,2026-02-04,16:15,0.8777,0.861
幸福村1社,64,2026-02-04,16:30,0.8728,0.786
幸福村1社,64,2026-02-04,16:45,0.9212,0.963
幸福村1社,64,2026-02-04,17:00,0.9233,0.992
幸福村1社,64,2026-02-04,17:15,0.9344,0.992
幸福村1社,64,2026-02-04,17:30,0.9429,0.986
幸福村1社,64,2026-02-04,17:45,0.9474,0.996
幸福村1社,64,2026-02-04,18:00,0.955,0.995
幸福村1社,64,2026-02-04,18:15,0.9618,0.994
幸福村1社,64,2026-02-04,18:30,0.9663,0.998
幸福村1社,64,2026-02-04,18:45,0.955,0.992
幸福村1社,64,2026-02-04,19:00,0.9356,0.984
幸福村1社,64,2026-02-04,19:15,0.9531,0.96
幸福村1社,64,2026-02-04,19:30,0.9348,0.984
幸福村1社,64,2026-02-04,19:45,0.9533,0.961
幸福村1社,64,2026-02-04,20:00,0.9463,0.803
幸福村1社,64,2026-02-04,20:15,0.9404,0.997
幸福村1社,64,2026-02-04,20:30,0.9337,0.927
幸福村1社,64,2026-02-04,20:45,0.9337,0.954
幸福村1社,64,2026-02-04,21:00,0.9413,0.985
幸福村1社,64,2026-02-04,21:15,0.9118,0.973
幸福村1社,64,2026-02-04,21:30,0.9117,0.969
幸福村1社,64,2026-02-04,21:45,0.9179,0.967
幸福村1社,64,2026-02-04,22:00,0.9047,0.963
幸福村1社,64,2026-02-04,22:15,0.9025,0.822
幸福村1社,64,2026-02-04,22:30,0.888,0.798
幸福村1社,64,2026-02-04,22:45,0.8817,0.793
幸福村1社,64,2026-02-04,23:00,0.8671,0.83
幸福村1社,64,2026-02-04,23:15,0.8275,0.739
幸福村1社,64,2026-02-04,23:30,0.8471,0.77
幸福村1社,64,2026-02-04,23:45,0.814,0.801
甘伍村3社,65,2026-01-16,00:00,1.0058,1.0
甘伍村3社,65,2026-01-16,00:15,1.0037,1.0
甘伍村3社,65,2026-01-16,00:30,1.0038,1.0
甘伍村3社,65,2026-01-16,00:45,1.0049,1.0
甘伍村3社,65,2026-01-16,01:00,1.0033,1.0
甘伍村3社,65,2026-01-16,01:15,1.0045,1.0
甘伍村3社,65,2026-01-16,01:30,0.9999,1.0
甘伍村3社,65,2026-01-16,01:45,1.0016,1.0
甘伍村3社,65,2026-01-16,02:00,1.0019,1.0
甘伍村3社,65,2026-01-16,02:15,1.0035,1.0
甘伍村3社,65,2026-01-16,02:30,0.9979,1.0
甘伍村3社,65,2026-01-16,02:45,1.005,1.0
甘伍村3社,65,2026-01-16,03:00,1.0046,1.0
甘伍村3社,65,2026-01-16,03:15,1.0013,1.0
甘伍村3社,65,2026-01-16,03:30,0.9922,1.0
甘伍村3社,65,2026-01-16,03:45,1.0022,1.0
甘伍村3社,65,2026-01-16,04:00,0.9976,1.0
甘伍村3社,65,2026-01-16,04:15,0.9988,1.0
甘伍村3社,65,2026-01-16,04:30,0.994,1.0
甘伍村3社,65,2026-01-16,04:45,0.996,1.0
甘伍村3社,65,2026-01-16,05:00,0.994,1.0
甘伍村3社,65,2026-01-16,05:15,0.9978,1.0
甘伍村3社,65,2026-01-16,05:30,0.9966,1.0
甘伍村3社,65,2026-01-16,05:45,0.9985,1.0
甘伍村3社,65,2026-01-16,06:00,0.9963,1.0
甘伍村3社,65,2026-01-16,06:15,0.9895,1.0
甘伍村3社,65,2026-01-16,06:30,0.9943,1.0
甘伍村3社,65,2026-01-16,06:45,0.9938,1.0
甘伍村3社,65,2026-01-16,07:00,0.996,1.0
甘伍村3社,65,2026-01-16,07:15,0.9956,1.0
甘伍村3社,65,2026-01-16,07:30,0.9952,1.0
甘伍村3社,65,2026-01-16,07:45,0.9989,1.0
甘伍村3社,65,2026-01-16,08:00,0.9982,1.0
甘伍村3社,65,2026-01-16,08:15,0.9964,1.0
甘伍村3社,65,2026-01-16,08:30,1.0031,1.0
甘伍村3社,65,2026-01-16,08:45,0.9934,1.0
甘伍村3社,65,2026-01-16,09:00,0.9995,1.0
甘伍村3社,65,2026-01-16,09:15,1.0023,1.0
甘伍村3社,65,2026-01-16,09:30,1.0064,1.0
甘伍村3社,65,2026-01-16,09:45,1.0004,1.0
甘伍村3社,65,2026-01-16,10:00,1.0081,1.0
甘伍村3社,65,2026-01-16,10:15,1.0056,1.0
甘伍村3社,65,2026-01-16,10:30,1.0039,1.0
甘伍村3社,65,2026-01-16,10:45,1.0047,1.0
甘伍村3社,65,2026-01-16,11:00,1.0079,1.0
甘伍村3社,65,2026-01-16,11:15,1.0029,1.0
甘伍村3社,65,2026-01-16,11:30,1.0044,1.0
甘伍村3社,65,2026-01-16,11:45,1.003,1.0
甘伍村3社,65,2026-01-16,12:00,0.9987,1.0
甘伍村3社,65,2026-01-16,12:15,0.9981,1.0
甘伍村3社,65,2026-01-16,12:30,1.0021,1.0
甘伍村3社,65,2026-01-16,12:45,0.9983,1.0
甘伍村3社,65,2026-01-16,13:00,0.9989,1.0
甘伍村3社,65,2026-01-16,13:15,0.9966,1.0
甘伍村3社,65,2026-01-16,13:30,0.9996,1.0
甘伍村3社,65,2026-01-16,13:45,1.0064,1.0
甘伍村3社,65,2026-01-16,14:00,0.9967,1.0
甘伍村3社,65,2026-01-16,14:15,1.0014,1.0
甘伍村3社,65,2026-01-16,14:30,0.9957,1.0
甘伍村3社,65,2026-01-16,14:45,1.0021,1.0
甘伍村3社,65,2026-01-16,15:00,1.0011,1.0
甘伍村3社,65,2026-01-16,15:15,1.0044,1.0
甘伍村3社,65,2026-01-16,15:30,1.0042,1.0
甘伍村3社,65,2026-01-16,15:45,0.9973,1.0
甘伍村3社,65,2026-01-16,16:00,1.0045,1.0
甘伍村3社,65,2026-01-16,16:15,1.0,1.0
甘伍村3社,65,2026-01-16,16:30,0.999,1.0
甘伍村3社,65,2026-01-16,16:45,0.998,1.0
甘伍村3社,65,2026-01-16,17:00,1.0045,1.0
甘伍村3社,65,2026-01-16,17:15,0.9965,1.0
甘伍村3社,65,2026-01-16,17:30,1.0019,1.0
甘伍村3社,65,2026-01-16,17:45,0.9974,1.0
甘伍村3社,65,2026-01-16,18:00,0.9917,1.0
甘伍村3社,65,2026-01-16,18:15,1.0003,1.0
甘伍村3社,65,2026-01-16,18:30,0.9974,1.0
甘伍村3社,65,2026-01-16,18:45,1.0018,1.0
甘伍村3社,65,2026-01-16,19:00,1.0021,1.0
甘伍村3社,65,2026-01-16,19:15,1.0012,1.0
甘伍村3社,65,2026-01-16,19:30,0.994,1.0
甘伍村3社,65,2026-01-16,19:45,0.9921,1.0
甘伍村3社,65,2026-01-16,20:00,0.9843,1.0
甘伍村3社,65,2026-01-16,20:15,0.9918,1.0
甘伍村3社,65,2026-01-16,20:30,0.9922,1.0
甘伍村3社,65,2026-01-16,20:45,0.9984,1.0
甘伍村3社,65,2026-01-16,21:00,1.0011,1.0
甘伍村3社,65,2026-01-16,21:15,0.9992,1.0
甘伍村3社,65,2026-01-16,21:30,0.998,1.0
甘伍村3社,65,2026-01-16,21:45,0.9974,1.0
甘伍村3社,65,2026-01-16,22:00,0.9956,1.0
甘伍村3社,65,2026-01-16,22:15,1.0015,1.0
甘伍村3社,65,2026-01-16,22:30,1.0003,1.0
甘伍村3社,65,2026-01-16,22:45,0.998,1.0
甘伍村3社,65,2026-01-16,23:00,1.0023,1.0
甘伍村3社,65,2026-01-16,23:15,0.9991,1.0
甘伍村3社,65,2026-01-16,23:30,1.0028,1.0
甘伍村3社,65,2026-01-16,23:45,1.0017,1.0
甘伍村3社,65,2026-01-17,00:00,0.9995,1.0
甘伍村3社,65,2026-01-17,00:15,1.0015,1.0
甘伍村3社,65,2026-01-17,00:30,1.0018,1.0
甘伍村3社,65,2026-01-17,00:45,0.9979,1.0
甘伍村3社,65,2026-01-17,01:00,0.9971,1.0
甘伍村3社,65,2026-01-17,01:15,1.0045,1.0
甘伍村3社,65,2026-01-17,01:30,1.0032,1.0
甘伍村3社,65,2026-01-17,01:45,1.0038,1.0
甘伍村3社,65,2026-01-17,02:00,0.9991,1.0
甘伍村3社,65,2026-01-17,02:15,0.9999,1.0
甘伍村3社,65,2026-01-17,02:30,0.9998,1.0
甘伍村3社,65,2026-01-17,02:45,1.0021,1.0
甘伍村3社,65,2026-01-17,03:00,0.9993,1.0
甘伍村3社,65,2026-01-17,03:15,1.0005,1.0
甘伍村3社,65,2026-01-17,03:30,1.0033,1.0
甘伍村3社,65,2026-01-17,03:45,1.0057,1.0
甘伍村3社,65,2026-01-17,04:00,0.9984,1.0
甘伍村3社,65,2026-01-17,04:15,0.9946,1.0
甘伍村3社,65,2026-01-17,04:30,0.9991,1.0
甘伍村3社,65,2026-01-17,04:45,0.995,1.0
甘伍村3社,65,2026-01-17,05:00,0.9967,1.0
甘伍村3社,65,2026-01-17,05:15,0.9911,1.0
甘伍村3社,65,2026-01-17,05:30,0.9989,1.0
甘伍村3社,65,2026-01-17,05:45,0.9926,1.0
甘伍村3社,65,2026-01-17,06:00,0.9917,1.0
甘伍村3社,65,2026-01-17,06:15,0.9918,1.0
甘伍村3社,65,2026-01-17,06:30,0.9883,1.0
甘伍村3社,65,2026-01-17,06:45,0.9895,1.0
甘伍村3社,65,2026-01-17,07:00,0.9901,1.0
甘伍村3社,65,2026-01-17,07:15,0.9947,1.0
甘伍村3社,65,2026-01-17,07:30,0.9946,1.0
甘伍村3社,65,2026-01-17,07:45,0.9985,1.0
甘伍村3社,65,2026-01-17,08:00,0.9932,1.0
甘伍村3社,65,2026-01-17,08:15,0.9945,1.0
甘伍村3社,65,2026-01-17,08:30,1.0001,1.0
甘伍村3社,65,2026-01-17,08:45,0.9971,1.0
甘伍村3社,65,2026-01-17,09:00,1.0014,1.0
甘伍村3社,65,2026-01-17,09:15,1.0017,1.0
甘伍村3社,65,2026-01-17,09:30,1.0043,1.0
甘伍村3社,65,2026-01-17,09:45,0.9998,1.0
甘伍村3社,65,2026-01-17,10:00,1.0013,1.0
甘伍村3社,65,2026-01-17,10:15,1.0044,1.0
甘伍村3社,65,2026-01-17,10:30,1.0007,1.0
甘伍村3社,65,2026-01-17,10:45,0.9997,1.0
甘伍村3社,65,2026-01-17,11:00,1.003,1.0
甘伍村3社,65,2026-01-17,11:15,0.9985,1.0
甘伍村3社,65,2026-01-17,11:30,1.0022,1.0
甘伍村3社,65,2026-01-17,11:45,1.0019,0.988
甘伍村3社,65,2026-01-17,12:00,0.998,1.0
甘伍村3社,65,2026-01-17,12:15,1.0042,1.0
甘伍村3社,65,2026-01-17,12:30,1.0007,0.992
甘伍村3社,65,2026-01-17,12:45,0.9986,0.99
甘伍村3社,65,2026-01-17,13:00,0.9948,1.0
甘伍村3社,65,2026-01-17,13:15,1.0032,1.0
甘伍村3社,65,2026-01-17,13:30,0.9983,0.992
甘伍村3社,65,2026-01-17,13:45,0.998,0.992
甘伍村3社,65,2026-01-17,14:00,0.9996,1.0
甘伍村3社,65,2026-01-17,14:15,1.0006,1.0
甘伍村3社,65,2026-01-17,14:30,0.9937,1.0
甘伍村3社,65,2026-01-17,14:45,1.0045,1.0
甘伍村3社,65,2026-01-17,15:00,1.0045,1.0
甘伍村3社,65,2026-01-17,15:15,1.0027,1.0
甘伍村3社,65,2026-01-17,15:30,1.0034,1.0
甘伍村3社,65,2026-01-17,15:45,1.0015,1.0
甘伍村3社,65,2026-01-17,16:00,0.9994,1.0
甘伍村3社,65,2026-01-17,16:15,1.0054,1.0
甘伍村3社,65,2026-01-17,16:30,0.9967,1.0
甘伍村3社,65,2026-01-17,16:45,0.994,1.0
甘伍村3社,65,2026-01-17,17:00,0.9977,1.0
甘伍村3社,65,2026-01-17,17:15,0.992,1.0
甘伍村3社,65,2026-01-17,17:30,1.0042,1.0
甘伍村3社,65,2026-01-17,17:45,0.9968,1.0
甘伍村3社,65,2026-01-17,18:00,0.9941,1.0
甘伍村3社,65,2026-01-17,18:15,0.9985,1.0
甘伍村3社,65,2026-01-17,18:30,0.9965,1.0
甘伍村3社,65,2026-01-17,18:45,0.9997,1.0
甘伍村3社,65,2026-01-17,19:00,0.997,1.0
甘伍村3社,65,2026-01-17,19:15,0.9944,1.0
甘伍村3社,65,2026-01-17,19:30,1.0031,1.0
甘伍村3社,65,2026-01-17,19:45,0.989,1.0
甘伍村3社,65,2026-01-17,20:00,0.9833,1.0
甘伍村3社,65,2026-01-17,20:15,0.9932,1.0
甘伍村3社,65,2026-01-17,20:30,0.9952,1.0
甘伍村3社,65,2026-01-17,20:45,0.9964,1.0
甘伍村3社,65,2026-01-17,21:00,0.9982,1.0
甘伍村3社,65,2026-01-17,21:15,0.9991,1.0
甘伍村3社,65,2026-01-17,21:30,0.9964,1.0
甘伍村3社,65,2026-01-17,21:45,0.9952,1.0
甘伍村3社,65,2026-01-17,22:00,0.9967,1.0
甘伍村3社,65,2026-01-17,22:15,0.9987,1.0
甘伍村3社,65,2026-01-17,22:30,1.0019,1.0
甘伍村3社,65,2026-01-17,22:45,0.9977,1.0
甘伍村3社,65,2026-01-17,23:00,1.0025,1.0
甘伍村3社,65,2026-01-17,23:15,0.9982,1.0
甘伍村3社,65,2026-01-17,23:30,0.9996,1.0
甘伍村3社,65,2026-01-17,23:45,0.9988,1.0
甘伍村3社,65,2026-01-18,00:00,0.9981,1.0
甘伍村3社,65,2026-01-18,00:15,0.998,1.0
甘伍村3社,65,2026-01-18,00:30,0.9998,1.0
甘伍村3社,65,2026-01-18,00:45,0.9994,1.0
甘伍村3社,65,2026-01-18,01:00,1.0024,1.0
甘伍村3社,65,2026-01-18,01:15,0.9943,1.0
甘伍村3社,65,2026-01-18,01:30,0.9982,1.0
甘伍村3社,65,2026-01-18,01:45,0.9932,1.0
甘伍村3社,65,2026-01-18,02:00,1.0025,1.0
甘伍村3社,65,2026-01-18,02:15,0.9946,1.0
甘伍村3社,65,2026-01-18,02:30,0.9977,1.0
甘伍村3社,65,2026-01-18,02:45,0.9999,1.0
甘伍村3社,65,2026-01-18,03:00,1.0006,1.0
甘伍村3社,65,2026-01-18,03:15,1.0014,1.0
甘伍村3社,65,2026-01-18,03:30,1.0026,1.0
甘伍村3社,65,2026-01-18,03:45,1.0013,1.0
甘伍村3社,65,2026-01-18,04:00,0.9961,1.0
甘伍村3社,65,2026-01-18,04:15,0.9916,1.0
甘伍村3社,65,2026-01-18,04:30,0.9969,1.0
甘伍村3社,65,2026-01-18,04:45,0.995,1.0
甘伍村3社,65,2026-01-18,05:00,0.9956,1.0
甘伍村3社,65,2026-01-18,05:15,0.9969,1.0
甘伍村3社,65,2026-01-18,05:30,0.997,1.0
甘伍村3社,65,2026-01-18,05:45,0.9946,1.0
甘伍村3社,65,2026-01-18,06:00,0.9947,1.0
甘伍村3社,65,2026-01-18,06:15,0.9928,1.0
甘伍村3社,65,2026-01-18,06:30,0.9885,1.0
甘伍村3社,65,2026-01-18,06:45,0.9876,1.0
甘伍村3社,65,2026-01-18,07:00,0.9914,1.0
甘伍村3社,65,2026-01-18,07:15,0.9944,1.0
甘伍村3社,65,2026-01-18,07:30,0.9966,1.0
甘伍村3社,65,2026-01-18,07:45,0.9967,1.0
甘伍村3社,65,2026-01-18,08:00,0.9948,1.0
甘伍村3社,65,2026-01-18,08:15,0.9961,1.0
甘伍村3社,65,2026-01-18,08:30,0.9975,1.0
甘伍村3社,65,2026-01-18,08:45,0.9952,1.0
甘伍村3社,65,2026-01-18,09:00,1.0004,1.0
甘伍村3社,65,2026-01-18,09:15,1.0005,1.0
甘伍村3社,65,2026-01-18,09:30,0.9978,1.0
甘伍村3社,65,2026-01-18,09:45,0.9999,1.0
甘伍村3社,65,2026-01-18,10:00,0.9998,1.0
甘伍村3社,65,2026-01-18,10:15,1.0034,1.0
甘伍村3社,65,2026-01-18,10:30,1.0023,1.0
甘伍村3社,65,2026-01-18,10:45,0.9976,1.0
甘伍村3社,65,2026-01-18,11:00,1.0076,1.0
甘伍村3社,65,2026-01-18,11:15,1.0012,1.0
甘伍村3社,65,2026-01-18,11:30,0.9951,1.0
甘伍村3社,65,2026-01-18,11:45,0.9972,1.0
甘伍村3社,65,2026-01-18,12:00,0.9996,1.0
甘伍村3社,65,2026-01-18,12:15,1.0027,1.0
甘伍村3社,65,2026-01-18,12:30,0.9971,1.0
甘伍村3社,65,2026-01-18,12:45,1.0001,1.0
甘伍村3社,65,2026-01-18,13:00,0.9974,1.0
甘伍村3社,65,2026-01-18,13:15,1.0023,1.0
甘伍村3社,65,2026-01-18,13:30,1.0,1.0
甘伍村3社,65,2026-01-18,13:45,1.0026,1.0
甘伍村3社,65,2026-01-18,14:00,0.9991,1.0
甘伍村3社,65,2026-01-18,14:15,1.0,1.0
甘伍村3社,65,2026-01-18,14:30,0.9961,1.0
甘伍村3社,65,2026-01-18,14:45,1.0009,1.0
甘伍村3社,65,2026-01-18,15:00,1.0045,1.0
甘伍村3社,65,2026-01-18,15:15,0.998,1.0
甘伍村3社,65,2026-01-18,15:30,1.0008,1.0
甘伍村3社,65,2026-01-18,15:45,1.0029,1.0
甘伍村3社,65,2026-01-18,16:00,0.9989,1.0
甘伍村3社,65,2026-01-18,16:15,1.0022,1.0
甘伍村3社,65,2026-01-18,16:30,0.9963,1.0
甘伍村3社,65,2026-01-18,16:45,0.9934,1.0
甘伍村3社,65,2026-01-18,17:00,0.9985,1.0
甘伍村3社,65,2026-01-18,17:15,0.9986,1.0
甘伍村3社,65,2026-01-18,17:30,1.0032,1.0
甘伍村3社,65,2026-01-18,17:45,0.9985,1.0
甘伍村3社,65,2026-01-18,18:00,1.0004,1.0
甘伍村3社,65,2026-01-18,18:15,0.9997,1.0
甘伍村3社,65,2026-01-18,18:30,0.995,1.0
甘伍村3社,65,2026-01-18,18:45,0.9981,1.0
甘伍村3社,65,2026-01-18,19:00,1.0048,1.0
甘伍村3社,65,2026-01-18,19:15,0.9966,1.0
甘伍村3社,65,2026-01-18,19:30,0.9942,1.0
甘伍村3社,65,2026-01-18,19:45,0.989,1.0
甘伍村3社,65,2026-01-18,20:00,0.9847,1.0
甘伍村3社,65,2026-01-18,20:15,0.9904,1.0
甘伍村3社,65,2026-01-18,20:30,0.992,1.0
甘伍村3社,65,2026-01-18,20:45,1.0009,1.0
甘伍村3社,65,2026-01-18,21:00,1.0004,1.0
甘伍村3社,65,2026-01-18,21:15,1.0001,1.0
甘伍村3社,65,2026-01-18,21:30,1.0018,1.0
甘伍村3社,65,2026-01-18,21:45,0.9956,1.0
甘伍村3社,65,2026-01-18,22:00,1.0009,1.0
甘伍村3社,65,2026-01-18,22:15,1.0028,1.0
甘伍村3社,65,2026-01-18,22:30,1.0001,1.0
甘伍村3社,65,2026-01-18,22:45,0.9965,1.0
甘伍村3社,65,2026-01-18,23:00,1.0014,1.0
甘伍村3社,65,2026-01-18,23:15,1.0004,1.0
甘伍村3社,65,2026-01-18,23:30,0.9986,1.0
甘伍村3社,65,2026-01-18,23:45,0.997,1.0
