通信前置角色健康,通信前置当前连接数/最大连接数,通信前置长连接数,采集前置角色健康,终端在线率,采集成功率,cpu使用率,磁盘使用率,HDFS存储使用率,交换空间（swap使用率）,磁盘内存使用率,cpu平均负载,磁盘使用量,yarn运行状态,zookeeper运行状态,HDFS运行状态,kafka运行状态,重点kafka监测（超出阈值明细）,kafka消息堆积量,kafka消费延迟,hive小文件占比,电能示值曲线完整率,功率因数曲线完整率,采集覆盖率,电流完整率,电压完整率,数据一致性校验结果,Mysql运行状态,mysql连接数/最大连接数,mysql慢sql数,oracle运行状态,oracle连接数/最大连接数,oracle慢sql数,an1101-an1102的任务状态,spark重点计算应用（成功/总数）,flink重点计算应用（成功/总数）,label,label_name
69.81617140197451,53.60963663441204,30.952761628632775,81.37950197069486,68.47311725538793,16.26169393448913,91.09271844938425,82.2537242923169,94.9799913291924,72.571950838836,61.34151959357899,41.82430362906189,93.27284833540132,86.60638895004084,4.521867010618941,2.6366974497252005,37.64633668780496,81.0553330781833,98.72761293149445,15.041689110352818,59.41307153521351,38.08908566310215,96.99143978146031,84.21189231357087,83.83287047111378,46.86931597949703,41.48195023376652,27.340707193070624,5.6375496650927115,86.47223762550531,81.29010091300776,99.97176732861305,99.66368370739053,55.543170560262745,76.89874151805105,94.47657298824281,6,调控管理异常
84.96473906774115,24.734810174319765,45.05441353100935,12.915941515149498,95.40510272587224,60.617463445088006,22.864280550346272,67.17006844058567,61.81282404578958,35.81627180328405,11.355759219962902,67.15731955927996,52.03077009037933,77.23183917356393,52.01635011119934,85.21815003185401,55.190683877448556,56.093797153538624,87.66536026583451,40.3482866212397,13.401522845064074,2.8782676313338973,75.5137255673619,62.03095513534647,70.40797680992236,21.296416150891073,13.637147558676975,1.4544665667881929,35.058755880659696,58.991768685463306,39.22440450997323,43.747492202372904,90.41586944937484,34.82554670233004,51.39894891598108,78.3653012741143,3,消息队列异常
39.65427823212701,62.20867002278735,86.23637087467452,94.9520623657642,14.707348092903793,92.65876251614944,49.21162930795382,25.824438829895836,45.913575623826134,98.0032575285477,49.26180939928696,32.875161028750824,63.34008543167258,24.014561877819308,7.586332810866391,12.887972191064922,12.804583895777244,15.190269351229436,13.882717264941014,64.08747448032146,18.188008439914483,34.56672833238632,89.67884099060119,47.39616402628724,66.75577385210272,17.231987120162984,19.228901880867078,4.086861626647886,16.893506307216455,27.85903390319586,17.70104842767468,8.87025337570556,12.06358711006008,46.077876803272574,20.63337184057925,36.42698610480755,4,数据路由异常
50.34172708548569,69.03948286293652,3.9312139841098936,79.94103989090426,62.79003894909078,8.17590319488719,87.35786241067773,92.08724005318132,6.107795985486375,27.687764814720374,80.62012797930613,74.82596903836584,18.45210193563773,20.93493233367103,37.0472102791382,48.45229851910213,61.825477153029595,36.891363956977244,46.25347161331479,74.74709381337566,3.66832028905979,25.243694434402077,71.33495858845524,89.52068376871993,51.167744211566614,53.211348526531566,10.717201133977605,44.741236682345466,53.261726645502314,24.247050363472965,26.924323094938096,37.728416310462265,2.007119777772637,32.20791655831783,21.144800699654464,32.74973521779147,6,调控管理异常
11.976213181925122,89.0527280739895,59.359245355404866,67.91023191444896,78.91712386073382,49.84421989290573,8.69202880874237,53.71065418185478,58.68411180208791,74.54394741843299,43.16595462296794,12.758030279556376,28.377590579872447,36.30822963986351,64.59172413316013,57.077830466891186,35.60967258978462,98.65152487929797,60.577481935688716,23.72267917359945,10.178247262040374,15.285913918433202,24.595772838450813,16.06813732595557,18.656702405130577,28.50951686938471,17.33735952947548,89.67654246264252,8.023374566164222,52.451138957025464,41.03968269896615,98.23786169086064,11.203890216805235,39.785559904574164,96.94704332753689,86.55071258939803,2,采集前置异常
81.707207094928,25.790282704493983,17.088758739006582,66.8643219924431,92.93759891275857,55.67628930139298,57.161268946989985,27.997909366028416,76.94929331919369,18.704374855752338,32.367923640424365,42.54364386164168,50.7610378684455,24.240973241508023,11.483682473920354,61.06200424416326,28.863055324025577,58.123822142261226,15.436271527420232,48.114010185481746,53.258943255158584,5.182353682242691,33.660427819392055,13.441467693897424,6.337497047276774,98.99602323899452,32.235384497472296,80.98744458546349,25.464065476376383,68.15027222239293,76.02278598896865,59.56387406078443,47.15761885501584,41.18409141472685,34.88682665429953,92.95291442478259,7,数据库异常
83.06194077877291,96.50269106665125,12.429722348554472,73.08674752036443,93.83404568210378,18.123306616566015,6.6496267366777495,74.11206492900591,57.44731131799119,84.1828776758272,13.97723766262895,79.52673118598902,20.162732004774455,16.36559428657045,16.426579793099293,81.45747202313821,66.51972206962002,52.30654247691193,35.88304841235025,87.72005408131082,39.244510742263536,81.65994394715771,43.91349085702184,37.69444294249076,46.26797856696064,30.13778741641421,74.76093801762511,50.27203900924791,23.22126951468173,89.95745732745685,38.38912213732114,54.35528611139886,90.6472110964547,62.42379959139921,11.689804070836407,93.98321236134751,4,数据路由异常
62.770805307141785,33.49056146570861,13.927207266338726,79.4025189270296,62.00727559285135,53.34610919763215,89.38925830509577,78.85972112245308,15.167487973275119,31.172206779554823,24.848913981446575,74.3946292572677,3.353243473577938,56.98896848713165,76.24586857406905,87.67656367617495,34.20817487159075,82.12573046720128,11.063173695520723,84.64522917345182,12.748866233198243,39.72872905603673,79.72953657795536,14.991742734877377,22.92513952326415,72.22525683930662,72.00365365460743,64.11476328852973,69.39484444671,54.27244433475962,25.179905890695274,34.56959935039195,18.159771680142565,90.84505613336283,58.339179476612046,40.08514167636399,4,数据路由异常
46.20058036441327,94.72833396118153,15.33514031160802,58.62298320167972,50.5888678884466,61.14542354346478,1.8110183820840509,87.21239089441515,93.21182824836124,56.51331835892089,69.66508238768922,92.24993811772957,70.72386343133986,15.253904291426135,57.62883601668132,60.67150463828559,42.4130671302386,73.64442356247228,93.43670147690149,92.55685129067763,45.08393714041321,11.323804584075525,98.48411989623345,83.88980864459342,12.466268120326685,92.08418826173724,86.98963620621282,51.88380571260721,59.127543574492925,39.90027038701302,5.476163882203133,33.519724164590095,80.28534485980114,0.4632023004602859,33.34991716911442,39.81686935909433,6,调控管理异常
53.73956029379229,91.98556164127605,34.634599436596126,34.69532018962277,73.75012481097484,45.221794088980715,22.460482293998197,45.24395161326934,14.085702037979985,17.63869865062233,49.83677727394797,41.89254495045479,91.48459010681,36.23938991166331,58.05883502780434,63.22642879195304,1.3094456588333636,66.35373720167107,17.803596686975144,96.10703174694551,14.866272775311295,41.462412372702374,8.534966807864386,99.68742518459473,50.21950103312426,59.53850173200438,6.7076477388427485,74.99604703991778,20.990559309558577,89.80542894407138,20.513964048200716,19.068772066366655,3.654966784809488,47.206694510999924,56.48411332626164,6.570863942835237,1,通信前置异常
77.55276166950105,45.32888347480276,52.439026932758004,44.07627469382282,40.0763060875326,55.96403313082179,15.52402459307125,18.19281304952711,86.17856210135173,94.61154621336327,37.330931627975296,27.074467314355378,64.39995432390158,40.87341710980964,2.538635566034486,15.615259736619036,71.59722288473975,65.89239419101514,2.709599250348349,22.197216193294945,23.10747965880714,67.18927435987284,1.9710537754364155,10.410858198457385,79.99160853731894,17.85446620543336,65.27461078518748,23.81827810467265,9.944139275934516,24.317219099945408,72.22669318556592,85.56964681062857,83.02198645669915,39.71835296184548,66.80851365706462,20.498429541582098,2,采集前置异常
29.314773026101328,89.63358185211197,1.3001923510736035,8.550853085446807,20.78862551460273,2.6532203873819715,18.143543508979732,58.304156096969216,42.1424550592498,89.26717110769748,81.7443561738441,34.1817351697876,25.94234334312925,37.96924081672669,59.02949425148078,26.806364082287626,62.4148907849134,40.941165219124045,55.204718085198024,43.61265291353167,29.44657595419177,94.84533069621567,76.36057941597608,14.011317576645254,86.84679758979128,48.743119824951364,89.45522268940914,79.98552559473153,42.52135044692334,2.24693083201174,26.867735938494608,54.16342146608669,63.347821982614725,25.788768543320227,13.935607407282413,83.4930236799299,6,调控管理异常
98.44021807035521,52.56901823026858,17.16792858483035,27.230732651936897,1.8390676547466733,91.4298806560499,11.775108289014113,57.651647551425356,27.4055220687206,55.417800251579344,65.14203883518643,82.97418037072016,20.64212717606032,1.0995828658480478,13.688563006880727,90.00186418481051,87.38900775625153,59.74131021703083,60.051686043365336,66.50366745462554,17.53712786234496,91.44119459249598,41.87705248920731,38.31385282494975,51.89177052828376,4.696596677505505,16.628336875607943,73.80336164263704,8.279866792512646,60.31521094663882,24.534910968132095,38.929561404197656,28.869373677069987,35.567271646494916,71.90459051842456,29.7121715623175,2,采集前置异常
56.64046402968972,47.60504021990997,66.36711653626482,93.6829739324758,73.25720972102503,21.494037859075675,3.1183135061284672,26.22640442998251,59.507793070025485,5.1425813484250344,49.636624720123635,59.68428489168892,33.424389081696084,77.09122037458219,10.65982531337718,7.513778173580876,72.81887562036033,49.549131620619846,68.84023964277361,43.48273386037462,24.640203323910683,81.91023176741997,79.94158789689793,69.46964708544267,27.21451372299627,59.023066686908706,36.09738969400268,9.158207332663416,91.73135754622427,13.68186309189614,95.02373538208025,44.600577295795574,18.513292883861965,54.190094737835814,87.29458358764083,73.22248864095612,2,采集前置异常
80.65611478614497,65.87833667107174,69.22765645178525,84.91956515653193,24.966800885918595,48.942496364314046,22.120944181960223,98.7668007996647,94.40593396866133,3.94268113685059,70.55751725156884,92.52483174156659,18.057534512733355,56.79452305526295,91.54882975880419,3.394597858579884,69.742026724684,29.734900737255078,92.43961953765304,97.10582451653677,94.42664891134339,47.42142166574638,86.20426509893134,84.45493985350704,31.910047324325564,82.89154741506773,3.700763471549262,59.6269878482053,23.000883728770305,12.056688577727881,7.695320162920916,69.62887758781397,33.98749637680661,72.47667715287615,6.535634079894237,31.529033783061035,7,数据库异常
53.949129237533725,79.07231648389636,31.875250293206992,62.58913764370091,88.5977748236187,61.58631881823046,23.295947475363377,2.440078155653802,87.00988739009298,2.126941085038714,87.47016726841994,52.8937134027212,93.90676985128962,79.87832357736654,99.79341105333374,35.071181545171015,76.71882889311269,40.193091360924214,47.98756203039088,62.75054632183701,87.36771141863387,98.40834691992951,76.82734138645182,41.77667821673337,42.13570022770702,73.75823015888915,23.877714576830233,11.047411313139467,35.462215764077655,28.723899165408174,29.630812045599008,23.360775104990992,4.209318963636188,1.787393473341381,98.77223897360315,42.77731337358623,4,数据路由异常
38.432664715968166,67.96472826930699,21.825388786506416,94.99611839502253,78.6345014415552,8.94110023122595,41.75807757849284,87.91183075621647,94.47320222914102,46.74015112498697,61.34113892107077,16.70339460920752,99.11686261369765,23.16717013834434,94.27317741351257,64.96466489923685,60.773679487885914,51.26885110165086,23.06698117177587,17.652803200550828,22.048620907017536,18.643826214425452,77.95844735667534,35.01252591667301,5.784267656339637,96.91026301408114,88.37858849634257,92.77522831952129,99.49078226464353,17.38952492194873,39.62420189026587,75.82384757040913,69.60206180537922,15.389590633985506,81.58331249906178,22.444057183666068,3,消息队列异常
22.38176148226231,53.69744228934136,59.293993484170315,58.00862078378112,9.148683739775487,87.74608626303804,26.560004258870606,12.951492128280417,88.87480798689772,95.56514982297534,86.21276172654507,80.95160747248781,65.52419806390218,55.08573706091393,8.698675991141014,40.845321307069874,37.2688517012314,25.97537837603262,72.3420113688585,49.58757350787708,8.104621590764793,22.018320194981133,68.32587636595959,7.613085949030019,85.12069140487687,49.51465270139743,48.0586577326648,59.24077846595176,82.46809659251491,34.780920790219305,67.80161525590636,56.5731963995791,26.70282701694213,87.8629986355158,79.74260216069281,65.84518346584255,7,数据库异常
85.05817290942419,86.72942009598023,70.83629767150347,83.7013328363672,69.74714616692836,68.01407717603004,61.86113782151843,75.27166395576413,15.86051052930737,88.08707591989284,87.1843527745232,2.9247283034559146,82.58167505647627,12.886986747344519,33.51188542591419,74.35082562916078,16.07598960483082,81.79670241190622,83.21341779577419,50.746773376083624,0.638587171683358,28.703813317491278,61.69269183757422,98.11861780274235,63.18135270166684,25.98035810641598,63.40057030996113,53.99853797158555,77.98453951511436,10.698063882695841,76.1027902502028,54.12665786761103,96.29920038589947,34.187216603868606,63.26218931339481,93.20281055100175,7,数据库异常
10.250972799067926,93.72284872364511,68.78857223008133,6.78370591051719,30.096356694681624,70.81720886452815,6.73506014687717,58.217046017627325,34.588305695295674,62.091551776747714,4.5742033812512854,87.15368061523763,97.3488969177397,96.88778552856915,74.96518317429248,13.008624013063198,75.82631959290225,2.458691645880151,2.2123551528997254,32.36102191495412,48.864319040466576,77.04074178077931,68.32953766065052,44.590270637674834,27.362666628166586,99.71245001577111,42.6181302235973,45.13870243296755,16.362382119166917,79.48095487499293,69.36822257814886,22.07696127887604,8.238104561584269,68.0499302074713,65.45112142811352,27.32595269982093,2,采集前置异常
95.08635622504103,15.105789178090024,43.23348010426019,94.36159201675989,41.97273169261223,63.85259476640856,39.75943979627943,27.421520234867003,98.39776479598282,40.9334006315043,89.40992036791344,22.995460589108617,21.31047040250833,3.113408288451136,65.1666825375885,36.852634372376116,86.4358249839637,47.32099066915572,96.81934279147217,18.552551570312115,86.86231679556109,77.65968527917417,77.0921844644052,84.47832281168877,76.10239909429988,62.62203216314154,13.124487768238758,3.2526179491251916,92.08478478156869,61.665031452073805,79.65372909761763,48.152235151255006,11.730818896239448,12.518579220255043,68.55652872289714,43.030589489946266,5,数据校核异常
20.052472670033673,49.15945467414369,6.420893707513409,58.19714019143988,26.899340443509768,79.75591006371882,31.036195892357377,45.52201490818012,1.1620539908100636,7.244688779455888,39.24935564066848,47.99388347171235,60.00205481193037,29.166257870930323,69.49818861265426,86.01223971892045,77.98509888933498,3.9618825348357145,48.0506947257829,10.493017841817487,24.204501586252746,98.66625932671465,14.249554290151323,49.888815345135605,61.81557343181191,70.2464970544104,55.96486834869141,0.9770847419183659,32.64613082439919,51.771164338471145,8.786649914483336,35.06269312091808,3.3203108791366565,7.857849715502074,39.69232762015961,13.271575404306034,4,数据路由异常
56.75408482615582,68.94649691372658,80.05866991090829,20.01502442448101,16.748258225906977,10.456784033440025,63.64302495436367,70.64757264869012,3.1586144825642037,93.62122462436898,5.1971283651472415,54.12963353010704,70.90605194509165,87.09691237460856,71.40869321324278,80.17280830697918,33.94501925428061,81.48251137465122,8.011484638467515,89.48166560605276,54.75923761537362,81.72977699624937,45.23182845183001,64.35776951965249,52.640266093611324,73.15895217553319,8.162998203058958,6.03520839905638,24.710323401014644,15.954468011318834,87.17835665922017,21.92139873580443,97.58652558191314,33.68957917711069,18.211791568869927,78.96985071424791,1,通信前置异常
65.87077755008761,49.8195716453139,55.53635509376312,71.92017782722638,22.845474133129873,99.63339160567419,97.4793162146783,65.03256863469369,19.954245092914512,68.02282424312914,7.219840897917584,3.0652502205806065,25.76828885112137,46.26229567393163,86.82725054083805,72.7169069766308,74.2706521199981,42.54933344480754,34.59349925469629,37.10387629846027,98.76495637360578,4.010919141248248,86.70314961224486,57.86754085723934,43.86154191895905,72.52576604151365,48.666894142470284,87.34232380816606,90.07018640112585,42.17209268734554,27.682779723505156,59.23503285933622,91.2363345616691,21.066218900566657,62.296658356348274,63.156022009252055,7,数据库异常
73.3113022415281,13.15676851272598,71.58249646820886,90.9032520665641,17.968310887024195,23.754332492387764,97.13950940416396,18.097695270948975,85.4385093369579,49.227785644803475,24.723107440317705,87.07499012725114,44.53052550026655,51.48173539296902,35.92333693997657,59.29508514349274,16.352387258502276,39.10815366517607,96.94123223352875,25.813343270112753,65.67366645412922,32.51900642246949,77.34731256866006,13.087366071834982,96.98210450785447,45.37895413836392,23.605046334646396,7.349674733001265,16.975790508754073,51.977394855601766,33.70031764312863,82.88833658826094,43.08875236618059,24.871427258762992,61.714498660403,70.67772168854458,3,消息队列异常
16.704190790094987,16.761921628831765,3.667142693354297,73.64020150656405,66.38045276218051,47.46308757498139,84.41704489691972,80.56701529500532,58.535436439675216,86.82712805132586,20.584121003676824,11.191961939772789,26.974961151698963,5.708685608931486,53.1169528001032,93.66056922949615,3.9343540668509647,12.21099140100268,45.21990282834353,93.38750175279048,31.61561049767505,50.723480868839246,4.15728590503921,14.834320096208886,98.66301229588468,96.51186964360456,0.49399809344096157,95.18117854232389,63.91199378155004,86.79182945200222,45.47398556338591,51.55960285792502,48.88465802569202,66.68642575461044,13.96512547563129,2.9973589872677953,5,数据校核异常
30.79299415911909,70.46807627366466,20.185345212294838,67.34324333249174,96.99120461072704,9.39007157894184,67.26021182251263,44.375021930457116,86.81422543775054,17.71497894473859,69.26259522261645,83.81152896481102,94.46142194740233,68.32480282896458,49.71747640084273,61.78472402012139,86.89049844787182,57.060974663882966,3.038705969683686,93.09486955069778,68.95267510315611,67.65133857772466,21.567515239771716,65.88854702326572,39.386440565415846,65.12329770414921,10.659303030799073,65.7845304603036,99.94137257706666,4.821203886055603,97.71741842213173,40.690796072287064,87.07534503372591,78.23854840582734,56.70162609866678,73.84492092513266,5,数据校核异常
87.8515561301348,40.4140321651033,32.70331615632387,66.75933855635847,80.78459419412586,76.22851347766158,79.78136488586345,43.5583314812933,81.78342161750216,12.020905537060845,54.448909796084955,0.575866049812157,32.45858299002703,36.646153487139784,39.61726916092554,69.54672066898621,38.85581012703457,44.86936226225306,23.754413087432745,37.325179162934006,22.726962726315147,7.319592376844364,60.34485933813779,66.82127985550163,61.94903460096145,46.34940438005724,37.978578017922985,86.33336495718252,51.908178513621806,47.9181877629731,2.5642065806435688,34.12478276261564,38.019561878585705,39.88227808969005,58.017236922733225,53.360254672687844,1,通信前置异常
60.79050927934446,76.48832615421283,81.29857387160935,71.81230762264944,95.55236959549347,1.823258267636163,19.57779856835461,0.756287497814212,64.7474714154603,89.8030548949987,24.34822965762993,92.70345447963066,6.026739028956085,93.44360268055144,35.16226872396344,10.142082844921651,48.58717591863256,25.677656772050796,28.487290196192284,30.728996492628657,80.30258978326634,53.91612766752545,31.130769915600364,61.03337833109184,71.61506742231936,27.262400073353376,41.354910152535155,12.188609333694755,18.11493495346803,68.11178539649828,18.143834769562694,52.516338366706016,70.90462617224327,10.687692309474384,56.73122196289035,25.656278370136377,7,数据库异常
96.29268752375798,48.35456467199247,80.59925497751581,55.022654215626176,4.341253285481916,63.31513755940223,95.14033422066571,60.16118201463312,81.91888594267903,88.42064633484078,22.807977194893247,21.204483990822666,61.09809888509917,41.10284698067047,83.98613028667204,90.00231233980112,35.34213793027181,23.687055897448207,78.05255152438619,27.48060355481361,82.26143185136785,42.37382536487628,66.75498992914704,9.553531383466819,62.3859324676573,45.17676787372291,58.66084631754741,16.801420774486342,73.68737449441821,86.27970775432286,21.673980009077564,9.571455552016172,2.3638586046336396,64.1971500443266,60.70940360887808,54.669741271407005,3,消息队列异常
23.194709611597542,39.09059959055147,59.4476335186173,49.67668588591694,98.77855202148874,13.643975255673313,69.51445540475937,40.431876810429216,42.819961492561475,71.75977656581762,69.24361513243696,99.12559937021884,12.839428945412523,10.410964938416633,72.43388171287411,57.83869170064091,27.416066655980586,7.9419368988986605,8.565824959643054,89.41908746641182,19.18673247187429,32.33715621155208,22.6656402226988,35.49963058319373,6.942384274609337,51.90597909082704,6.76125635922149,80.03565078223616,23.3712081910433,54.00119146045106,88.00790875614582,65.08773690471942,53.29577865513353,32.43337531153756,33.300191305819794,66.94869551981901,4,数据路由异常
99.41393612211675,66.18391898493786,55.77834173700249,73.06505102392461,46.52056122837182,6.0142342600785215,56.22968158779098,95.76252845053801,17.530294235765965,69.00048908206658,20.093368865905646,53.582768447308126,9.667644964671961,45.037093625818514,75.61633288952461,34.757152423898205,66.4911724487218,79.54499607897291,92.71778194794527,23.464208185545353,39.931591580930814,15.241601333041743,99.24835021583752,92.70009679242953,53.99571302805596,84.20332943764213,52.09579772720422,62.35856880027597,8.912443211601662,75.52704204968079,12.771348363523483,82.60676302525283,78.20280876703859,70.87446977429764,3.6160380524762115,30.31283559453286,0,正常
26.311256991084285,36.01364074715191,8.764274676383854,93.69578230310628,55.38022407123763,30.552431065802356,39.698151707428345,44.72025405048357,60.05943333606173,51.567942769649775,91.93919732144174,49.696348290583025,99.21580148233127,85.14249577450957,20.85105143573358,93.05952146439162,11.636639788547608,81.74497084911916,38.06232934765801,87.79743204450695,86.80566901074504,80.59254001176211,79.00304363070614,30.46791390980408,8.091928305125219,40.29801787651615,17.35245149865087,69.49510889024617,34.609972653778556,97.56102008599149,64.0972077345332,82.24805636343609,13.252467274184843,86.20144822726226,92.27571905133944,48.70619188189359,3,消息队列异常
60.625293775097745,76.48098009029954,17.483862726041256,50.25660764634424,39.86630277723131,14.63739921622491,36.753442229153144,6.817230938549357,2.5811906949486985,13.516628915482276,96.31151115891738,54.952953589501696,96.582216115322,43.2497878330132,31.181613308525957,50.61418628402441,43.95116886329101,10.566468426174392,64.08263146902063,21.60381825095996,61.95879548978296,65.02010923981534,15.20248531286481,6.134962711066816,78.07615860684398,45.98004237693202,5.816379550547579,99.48663171697672,5.778056099636664,69.50352288585532,98.36789252634136,23.918010421592562,14.224936868719617,12.138493942242889,30.327514756759555,10.10458110106467,1,通信前置异常
69.2161341694132,6.229179813006269,50.94221281497897,99.66968538529768,81.39702695060188,61.52194382310109,30.625362078661166,62.389583629163845,52.70414639116516,42.60833838903715,13.071037674019948,88.66042152404667,44.97846488213225,19.462251182076507,36.77593508772896,41.4129752528927,82.75378955668742,73.3614380561402,76.93048936413398,1.1031264428647214,41.615399817976154,48.13441516353236,1.9192276823056686,25.98132087450342,76.0289823122135,13.710970572899905,53.531013145259166,21.52018720172375,1.2120774643893273,24.12014575995415,97.58737549100537,80.15371118829896,95.95766443210334,48.785404392636245,10.973619867750351,54.79594889736929,5,数据校核异常
45.43773345599609,84.4357082739616,9.808258078424458,48.82411370217782,15.004866469398426,32.467592689006,73.73570773877996,47.601812936876655,37.58882851457693,39.44762785700353,45.94467684059866,78.50165438370568,89.20846889402344,95.53346865039283,78.6903386255295,31.540689574801274,68.81347060865421,43.760312405539196,25.467062204605117,84.08715794259226,3.8426348962324997,90.17619921354235,46.147746462473414,63.72014768082804,65.93539222057827,89.51177407065364,63.66696821672073,61.39335847600618,6.665204056068996,51.84080219452041,15.016900081704165,73.74337687214856,51.22219208126745,68.02277792083532,4.167290060238427,8.479201604580322,4,数据路由异常
71.63233880626822,7.208433599867337,7.12567277652586,1.210847523488745,95.65013982994802,73.75083594590069,35.32514085020642,29.65355812876552,34.97032297458495,77.46535311811819,66.13706110704143,18.519556786746794,17.410933533408436,9.839564971339732,66.03027197013381,76.43726622217359,26.5046428325004,2.094496103091281,8.217166747642734,96.78600348450304,29.544477747742025,76.92231478381336,62.46635688542638,38.19396396528959,20.56872621955551,12.138641815940643,61.50129680388666,77.4633780637788,64.39042535411306,53.030213324915835,4.195122343163627,96.84887775943838,79.87141916545745,29.282203670096475,97.99703293588506,60.18815896363221,3,消息队列异常
58.24226582072465,74.8073179429532,81.17697880901376,65.64786073315027,12.809574636620003,33.82675059944984,92.80836403260497,22.461561184385193,37.21670238375133,43.2076882944196,43.940498969445215,61.29395824945255,94.30758377447076,24.069271183250496,12.150137630091805,19.747048985993732,88.69249002092695,64.5810812655206,28.590678923916013,81.59469389686173,86.1369996363436,84.6514338690278,91.89265336395545,25.224102017336158,75.50419287462783,46.053949727414,84.19985528900615,72.84906771616131,77.64474464997247,65.61618376810715,17.742876946970686,54.502691889693835,98.46697395245081,93.73880664971189,4.317373579701167,16.481481572943714,0,正常
13.172877345456191,72.59799099852955,81.77853298569451,21.35113663106719,50.5852692951829,84.07030280112,73.28015447662506,54.223720549184826,59.03476904587729,50.83605469162799,29.754845131882057,56.50219928590161,68.88853020500906,87.33229158608077,63.629135397924806,76.1121537043158,16.0071634954573,46.15574744197899,0.9331619827093296,24.667886452162303,72.64617151130048,99.18099513493634,9.917809958721591,40.14943158612883,80.00709686991596,20.403563462889885,55.50849493022862,73.30712960296748,61.5985450260179,18.802473461541613,35.538456868573945,78.37917844853972,55.42265141320166,0.5229613542912737,76.09907600280938,3.531135494023907,0,正常
74.57337827312321,20.24805601652374,95.80734801193802,36.79407513020845,32.69316163380791,14.888805033244468,30.560421549021488,87.66507618282006,99.63343376272474,36.83095305068483,44.861063095454256,72.2070938202737,88.61957804650746,59.304433418678414,39.15256981778293,41.262184084862376,69.56181464968068,0.32182636042786816,61.95893374598407,35.54930104413574,79.41973312770843,9.299063982313216,58.82022669483905,48.09728898861238,64.23255259052274,6.485359448296835,57.99837874281313,56.14845879595237,56.06600944161709,60.34876665964548,67.64679372263622,80.49889996807697,26.982072012821433,82.5049410180062,49.82556822634536,7.705827913433117,2,采集前置异常
5.85509292439792,33.42383186960608,78.48969771114676,70.76809347409157,78.86149646724064,51.72690564416094,44.01989979554906,14.745252670628394,32.81927536093116,43.40193661738753,8.860042967961723,22.061195271121125,59.82252940637388,73.56631142391899,99.83475113929497,93.31133313435576,64.25651995351916,42.1248053294072,63.617736470823274,78.56516180802319,11.833619092338733,40.99048896962883,83.98022856356172,38.3832951933044,57.18722712271865,58.77693608621982,18.447625313363936,36.22354416522884,33.451128874193216,2.6196708532064794,2.4191763891355245,83.16970436757735,27.30708099728124,51.80787662388154,29.872557358877305,94.06792451153404,2,采集前置异常
25.929675886577375,42.96568127389351,87.27302504846018,84.19335667918087,18.610141784627732,80.26433097957104,45.81868867378927,48.29688720853552,13.347997241594378,8.060151375712465,72.79393069737652,49.646115235529976,43.68507026151796,72.95082286523967,76.55128989911097,15.890816766935355,61.02251494776413,13.535408227768553,75.13750860290457,65.69551562671396,95.6614621083458,6.895801635642118,5.705472115125431,28.218707469320016,26.170568373590598,24.697879907199983,90.62545805210367,24.95461998495061,27.1949726128631,75.93982624179637,44.973984245054,77.67105569551812,6.536615756438524,48.75711936733843,3.3613600183282633,6.265320345535452,6,调控管理异常
90.64374533444109,13.924537111759516,53.24206822752171,41.10956026007065,34.73433262588427,89.98333456872724,2.18233967754895,66.37896861755891,96.33944342135504,56.016818346184195,93.68224620330918,5.225787928602377,41.87933190741614,26.015779096205115,73.08209649807299,98.12970904972467,25.65300624442478,65.41746014740745,19.809763275974014,56.53302545716099,46.39324866883362,97.2005329631537,60.85272726964666,34.950637208681876,11.409578488793336,15.124682873493455,22.53169299512351,25.0966661340298,85.06160578411378,56.12227882825249,52.33909113743665,11.476887186921747,86.0139693349435,72.28143032084837,6.766836190000158,70.78350972297687,1,通信前置异常
54.353821734264606,8.172534574677826,45.830064152865646,48.469628713004695,16.577454016327575,94.56981470002823,84.99753714806619,66.90223373291083,46.22955610006072,41.17655415845085,65.09734671509541,54.543186940690546,6.227310588188562,51.25026487703317,80.64036172328395,45.923987759695805,5.195657755426842,78.6278199384033,20.13637821359744,25.862083488803876,16.47063534322959,33.02150648714976,75.6751505688635,51.93858595039374,20.488127415071254,87.78300781520409,87.95818549515292,87.05784250460069,23.87962113815393,45.12393441809881,98.49896561408751,77.20124763099903,2.716742122555982,6.5204591260492055,46.39313768123328,90.92202058615601,7,数据库异常
53.870179795271426,49.781250803429025,10.547369995663058,65.6780104724294,82.21031606002255,38.04200075075623,77.56118509253275,96.44766539008116,20.376645912768907,52.33296311947413,28.713795808457554,79.28544190338394,57.75933658811575,63.45824175503038,79.79141596158941,39.59704726624549,91.50900684070432,53.302886724614,15.7954822835348,69.58991181688025,79.32613504382545,31.67616770675267,85.7179256998753,90.61432547657664,27.690448737780894,98.3521472715222,14.071152804875842,20.201566840248997,18.422483923802613,89.39897100078704,65.42925523249619,15.210428322227287,44.032341836834895,61.529802506980204,8.34640849893833,88.24163684073388,3,消息队列异常
80.36035354415351,50.52067735766382,96.71266152591704,41.77609792750997,98.41103190364979,66.79199988036271,63.467127325394145,16.5954895295785,88.1927758304644,42.74896879206152,16.223340578247935,1.260751997575904,55.975568363838256,52.739962212267635,71.93536223691585,89.02580530178021,7.9406584643029525,73.14964903403623,18.741194409758222,85.8177053157164,81.90635138616561,54.07937549855444,71.02427986233116,31.43501131837484,47.116789893281464,82.16368977104716,45.92651971732139,35.77982653254418,49.421244725029986,82.82492524372184,33.520804737087275,17.37615931357438,71.20140203307808,82.59782127080818,10.063747852353334,23.98741127559447,3,消息队列异常
14.19719897609939,34.79414115821666,45.035097890541266,74.88263369633064,65.11475848816741,62.092856747843115,35.23749466096544,84.144755308476,47.128716739816454,97.91049380151546,63.41421382957368,12.626474156450273,67.6177562075434,32.5104015431699,68.63271966860974,6.964114816240574,17.48814371759594,85.57372589057863,22.71795570235149,83.704112524294,27.927608845441043,64.28819100587077,69.4150573509831,51.265475314505295,30.531067669673128,21.264437637109612,3.318935456242622,30.39464012407238,65.3162790531283,93.83048184484826,87.1204482263052,76.60647765353026,78.84473432532987,66.49849034759953,26.0286857566003,90.71950307058299,7,数据库异常
67.0732311905834,56.04406309804399,11.098946921348107,44.70555438064254,46.03582712019263,86.45636095226699,54.66482201877885,38.04005489704097,97.68003285106593,11.072059332631568,42.25484283119446,4.202467517140529,73.99041207669303,91.80765521991506,28.003732955048942,85.83416767991208,29.221823046189776,91.07701616439152,75.3961903596784,80.49067768414386,1.80065556004545,96.2810357074026,72.66709920703232,30.47510953861333,82.9394664858847,28.152119841492997,87.2753839566128,11.258039041193701,70.36859774607957,54.069847664491036,9.653447019544082,24.189382825883897,1.240403627731479,46.876796546450585,30.126526076000037,59.83574842977588,6,调控管理异常
29.72378077086172,29.99191115069847,74.31931987316034,4.814283597835345,90.28949951919873,85.22638743911814,66.78046832264066,59.32215701073843,89.23024981396523,18.533017952871443,7.896916219082861,23.95101699095381,79.45782787001903,3.4670266726483323,58.280683508348964,99.54375161913099,85.56960938375394,52.14456890435895,6.364090928664234,83.13735143857099,59.89785081772106,11.493299705956684,9.38572848233562,90.96268194365923,66.92002629380784,82.92867993167555,87.89789002822673,57.17723520483222,51.74463517550413,43.042741032099016,31.69465877911193,43.459596085871176,77.38796557301563,60.19234310151316,89.2523289954846,44.33800143791877,5,数据校核异常
60.7089578718754,63.130755309198875,59.16971623063255,70.26337730855164,23.74334683748063,51.23637775457907,10.422480280834767,38.45113276448126,48.76670686212644,65.22242595454725,95.05310525862035,60.06510665483559,74.35939161765597,50.626605949520275,63.41040313763313,7.093221613377343,25.439158084184697,36.185309320513866,47.249335500651355,4.564874550238374,14.002409755331769,27.68143077913058,97.15326909010507,33.134700710305076,48.20410581120825,19.609771273839293,61.07800710757682,28.068321551597432,20.699257843842677,51.65726284459791,0.5505799160420821,0.7664032649225327,21.906880910185777,3.672136250082114,10.802575413069137,33.88606493387516,5,数据校核异常
80.25856795798128,57.204864336930086,51.26677259564164,29.348882320812166,93.17537194328163,39.70150412371917,8.70927667957715,61.70665161178013,11.38383934766014,34.52231428016921,50.74119387178089,87.42225246851758,49.35465803401187,70.22587660316643,99.28168389990704,13.148911989798162,27.47315255195195,39.45760755976464,42.18281785388314,41.102107526554576,90.76110025565549,71.40326444668564,60.79052140907037,30.93727178627821,82.37903842212947,95.5060511484989,82.11982825502265,0.15651051914729042,63.6401370183407,5.1135381442100725,25.760722033372186,5.952470034777169,60.37954529493877,68.65899134926067,11.448763806590511,38.38388830449795,6,调控管理异常
45.6236508955542,36.90530217609166,12.102500048519305,41.89477901874754,75.11780478084181,7.100766453325546,8.018001408190345,35.47712918359842,94.1725711618925,66.85726467229141,67.86699566725648,36.1919990837865,59.36607912085384,1.0131184027743378,63.60960464095422,91.32869475762368,61.25734683448192,87.3698593466345,72.39730554660937,12.055841640369025,90.24533072858418,6.644384435577488,53.39674725477638,14.213712379345766,1.1706610730904066,42.2034260127639,29.504070765415623,48.6000493797603,57.71998867345508,4.373907230894735,12.300329512374564,55.86423964504254,34.316735317265824,72.9173487549448,65.22916485919397,84.56043629899068,5,数据校核异常
69.24928266692253,42.99310773901481,67.29666223944324,27.538117425541852,30.63134987782127,78.89851599207933,44.64195164015822,79.83803405183525,82.24223736682784,85.75623376612837,91.66352358412072,43.098522051329624,31.886681832113883,58.21987465941139,37.117242343762754,60.1074166800233,70.55858626438246,68.84050184921368,37.45528870201213,16.68602016987528,43.05293384622075,14.259414408190874,89.00970351838083,34.58774607378574,15.445974722332378,2.5447759905750877,64.58223862864843,63.69023174547432,34.060416658129164,7.171188884765101,40.9628894895232,31.12174950633936,67.71206397350093,60.57792494526903,36.459372819754,21.78925542549901,2,采集前置异常
98.80359661555919,45.40016211961149,68.82742357802371,14.055296757836079,48.55896996593978,2.7536719869465487,50.545511791044994,96.40174071177023,38.420671298580025,3.8996012574911587,3.095579091934353,38.798675994686946,16.002493646319405,2.335209632818591,75.62136139501769,45.85230088818907,28.924477197265453,90.00831830164807,11.613896020052561,95.59188289553192,31.396671737735282,88.84036723086813,60.294287647946156,82.67073597414874,98.40131632104642,28.840543781874572,96.1135485407593,38.94818949024204,38.55119047369223,34.03871042545057,54.14076073475852,15.41450431784871,55.37114853580112,54.1704812410004,76.190181260487,83.36499619375856,3,消息队列异常
44.044135031242405,30.233324935149376,25.933489731709447,19.462383670487192,5.764758219902488,34.244797883471335,27.024769213078326,96.64173858664074,55.77088262500439,34.72770390305075,58.0467600993696,13.91967013456955,44.40437492022029,62.62343214210638,48.889783179245136,40.177880065432426,99.38483888996981,88.0314762148927,62.34059581594401,56.93773611822828,62.06604798245841,20.131210782243325,39.51377432643186,3.945953289089932,47.554603748682666,54.302458395766315,22.77497361032096,96.40288471655137,90.9454610937242,72.21432354559059,53.33866287653626,86.99691596476849,13.065234382346292,79.0509794274885,12.48208139668483,79.42106625494054,6,调控管理异常
27.576756825135696,87.7090581018189,94.40420938253979,14.879596940511563,46.267560506539354,98.09873781626851,48.34074359731466,86.35475225145451,58.87315221313199,37.53299079196019,28.57835555258702,20.322309108608728,76.17981913776973,38.65405068230279,51.12754622007512,49.23254800011819,57.727902923313124,86.55771456245522,98.07393435834294,40.758420857381694,82.7518922106303,76.45277946547176,57.352895145557326,95.60471436119332,20.04745155284028,10.92642103096214,85.39619669554222,43.91498166337483,84.69688542070605,89.30902051954149,6.245759361907144,88.34647629860606,44.831905536942216,51.04324890042322,62.659251109321026,92.63826067300867,3,消息队列异常
1.911609442976403,47.68434683178171,68.77220424305607,72.27069576982285,69.2532431537108,13.443512940812186,29.93955883716812,35.87155254170135,80.4437207679505,27.875987241455302,21.070496386720315,95.74480190380962,0.88632851134689,99.78208556819781,67.68212988573956,82.84692994491171,29.461939634619316,1.4315277667059978,73.78695185615301,83.41445970006758,74.04761319535191,14.285028730083859,75.34279222569691,76.8922782107641,65.85405156700548,76.61159327955862,84.59214396777321,61.360411423745845,8.860471396967906,48.76278096672109,7.764933467160507,40.75430310324308,40.71064891256276,6.600984414024158,34.88205339694793,11.099809879131485,7,数据库异常
80.82352100092221,94.76880259644707,7.231647525793861,95.51152072917014,52.25765993367452,29.95656779538739,7.686207527616351,50.06242680704178,79.45155444907486,70.70864772666981,5.022601146397376,7.290183536790352,40.28732826326371,29.52904940479433,23.238432305604782,28.10044989087136,80.34827432968846,92.92280536318539,40.510269452756646,90.61110021324971,32.1495701247882,47.64369863437916,22.602899781599973,64.0476042175844,97.89811151748088,60.34930960433786,35.78140841135489,64.78174459905284,12.292067846538757,88.86590802653987,50.30839507798363,44.93497420396421,58.58647884535192,62.47838627894025,7.177580622651303,68.26172212234025,0,正常
24.193168031552958,71.39526325065899,82.25347943841967,80.39585075525203,55.25009674078891,52.016989231075115,14.287596133941172,77.53461504031355,27.140938044671437,49.669542281794655,28.42740929275167,13.382836299969314,62.95576968917366,5.4332034822903825,74.86452341262,31.758679526111667,0.013469300448532007,51.11291392372298,4.6851908527603126,27.616955782089946,70.69764874557161,6.268962162186586,83.93384923560023,0.3819922658583108,24.682386920190226,74.09040561520715,31.627014972930677,10.189238806601352,36.02339188004279,27.039328638452552,84.27119021605549,31.334791758514314,78.89324717760073,89.18721448107347,43.381741957652956,90.9943143854392,2,采集前置异常
37.73180539631929,96.40784164901082,8.928952452557294,68.70192665032427,49.38140404569287,38.76488054556471,63.27118787486009,70.38570916343312,0.43632696503090873,16.69530887471987,71.30460506343186,66.63854135782064,96.60475051286772,76.1037790250783,95.0772707731338,70.25405015348069,29.805220863944314,10.536492225085647,78.18238633449356,64.4149221475916,4.818601239329623,36.005046590097834,95.67998154842861,50.04011457102012,43.272913601970465,45.7699605159294,20.88827240051637,36.87071708647952,36.98132559871766,5.2355020187472405,76.75676285179182,41.6504431903879,82.21798868164232,85.03480011198954,21.199405469865805,65.73534821701286,4,数据路由异常
47.22818041629817,88.0156737921485,21.57406791764541,67.78132003100443,60.775212225272256,29.53014775718328,13.660090365117261,65.16397604772766,73.85974581323308,31.562734376335,64.48326040223138,39.51309076115032,71.32068832826177,19.92152748940531,89.02150026361744,28.74095964655797,36.77859877561529,5.8091952080349785,11.15122123212764,51.58619027123281,26.75926767279715,83.54802257421944,1.4693388654953843,37.90940486719362,33.73455467690927,1.9327630917601035,12.436839900051023,41.36426749186353,49.28645844474466,40.42897472548691,53.093767841209385,59.51316749056815,0.992382112783563,46.409515945350385,96.34992408875883,51.90322801295487,2,采集前置异常
67.75422674589532,31.18638579168832,77.39913781527625,77.2921481876115,52.129604765413895,97.60138232792136,12.555021476265338,1.6947664889580993,77.0158211757096,80.71555373648826,12.020722912057625,26.55828329586061,1.755236336662891,29.33086107805647,77.31418739186715,51.79605277125789,34.80955931682881,37.17392949063303,0.1353625715468154,29.98005275652359,64.64587416379305,97.41944438163571,84.70608269838995,2.3594964645529126,89.85606046748393,78.3198413298626,78.03761235709804,45.79957590035715,39.80052929545028,30.29157288331926,6.569485895436578,22.82353634936991,24.66036349780246,48.40770697102016,74.7444406596694,47.38098283979466,6,调控管理异常
5.784444944716061,95.77898009882038,94.27243190941122,78.51895431484084,99.13279015642206,54.448233280026294,96.27683502532061,7.560504061675077,36.568074826137135,22.538126800676583,19.583308413427,14.08029488926761,62.241364156599666,78.1321855747305,57.82983994203607,14.696270958820968,81.11237699334708,63.59547071637285,38.81657061269955,67.4130295536063,25.990497924283286,34.51922084942105,91.74858431319902,29.05045056714204,46.99882681579366,89.01411373960147,70.77213502675275,6.220322616470275,14.730304427897034,0.7841590771916818,63.09217902291634,44.767342541041835,13.427485090227552,95.79341210567705,52.96597239456199,24.189329411288917,4,数据路由异常
50.06035711547076,67.96203327351078,7.623921797356448,27.4703815047892,80.69654908839937,45.966487040266124,54.65771420322949,43.28160022094693,4.389994264300512,16.574977982015593,44.554163874189086,20.918546540792782,4.997902865967873,84.36496640518237,98.11925291641158,79.31428739967394,85.3784921704667,24.197713031704538,96.06269755131997,19.692570445342838,95.14298103618323,99.4819293965951,71.17228057460487,98.1143731791822,56.95397795671037,25.954178317609035,43.699588566562085,59.35609353787859,7.308156202701499,62.234326461724606,98.11778367622945,19.010764978372762,79.25951162883833,90.78987937796194,94.37015928202209,96.01356044054472,0,正常
52.14596387214719,97.73079079915037,75.73102071344388,16.16714362369619,47.690010646797,71.8331175372004,24.734031581908333,64.06151835488873,66.66004790466192,16.26997438085659,56.50853124527563,77.16269109786077,49.88956645359419,1.2103116776107425,0.9038469079292177,35.702934397001215,92.6194068431782,22.867677960360876,63.43636888716871,22.207587069332057,32.16699896595486,84.8042089601484,72.88614422699469,9.539927731321063,42.87020209864336,2.916976364526447,48.0890146603009,66.24340117010681,11.850262359815156,28.888493890916568,39.783662550215695,91.95310246560497,99.32550154229641,4.491129899561585,76.1007923495392,37.17240664023432,6,调控管理异常
39.245818622948,75.42649733470228,91.84264321454087,95.09285945025483,57.712258603832076,35.71211593005028,78.75490858587793,25.100138326230027,56.40740288335178,35.85784615248732,65.66310737078761,24.03989128935069,19.159294573482576,91.8239086675437,10.18036829495369,50.595790773493164,22.085278296300892,3.892996332566745,3.601881829142639,17.522177210582733,86.67703545060003,28.247874397702667,95.04591705752958,58.16222929891936,43.66141897687661,58.00888346694546,51.669838522626776,75.87762537573252,28.249606597285226,35.30503916003024,89.40943025332507,94.64565131504055,89.25582274864745,41.94479939573136,78.03655030068816,47.63357333010988,1,通信前置异常
49.75398521461022,20.468010905728395,59.113030325851646,18.613589775334795,33.15646990671938,85.50302016199352,20.707580921085523,7.115828517343282,6.90075926128163,94.07845205031079,50.69204379618346,40.941207181701834,81.08785810079185,83.5825927910516,33.21910331156046,69.36180574737952,77.11228158518865,65.46506868659546,15.159507480009937,87.5883083517057,53.90945527360087,28.24724263700037,42.52281854376939,3.757109039890738,12.786680122241755,76.55467505158609,0.0011634755366141114,41.65658284822922,52.251018108558846,5.4634420000972295,97.30781629723329,22.612533124967193,30.419871963628086,30.39425122550273,23.04166621173499,0.1473822086311416,3,消息队列异常
72.93447940879963,96.68454997992853,22.429348328504506,66.30471918034225,74.18963269587151,84.84253790905247,42.262919701360914,30.293090564042924,32.52951340230311,71.26213330985128,81.6779466505636,18.161396775660265,37.09410081577652,90.19401967491501,80.66935196947392,98.48584027624759,75.42482596820807,39.319520102792225,59.06378339946377,66.10142542473203,7.845581631712395,54.44969591038651,70.93208284726096,16.732130400106037,78.06317174255571,58.37727805141116,95.22217856975946,4.24222982068917,26.5326137555467,60.15538792998241,29.65599122059307,71.44241640712423,75.9005282521931,10.251596406647446,51.38544642067677,50.889055559105586,0,正常
36.92807702155411,93.29248625696721,82.75063198732212,69.72093819096368,71.43266357349975,46.17161438131191,92.09945210965759,69.45954272532853,72.89810616558164,86.16909037873452,27.4071589342191,80.7070903866703,19.524060295649203,34.53419522448878,33.56104542698427,97.85254683891405,85.65372237479268,70.11698615902597,72.70567616153902,56.20727944025711,94.70906671085191,49.62587528823615,38.05177098698945,16.3035336931591,78.6205652261058,73.44439320755914,38.43550385241349,2.519341395922936,83.89973277180107,1.1417983454073632,70.3699779629051,97.02571097260571,43.766132814820345,23.497340499595275,70.48710100433817,81.71281420155852,3,消息队列异常
54.64303160778473,96.70352752561462,5.166872165796111,50.479559830452814,71.845394732255,86.2640471149179,17.925561190779003,80.00034817636814,55.27070757185453,39.65536819899632,13.171502857909356,86.52957589089124,15.727320817971535,30.978785920909925,29.004553196243688,87.14140341908544,67.2702994208898,79.66813971913723,25.046789879249896,62.48740996069989,57.17459831437487,83.28303767882711,90.60870604812605,1.2156771477386807,67.40199190587927,5.1835799119729025,54.88586650773559,28.76327290436782,30.67765995221412,35.29585034523566,62.12924490496101,33.40499656687692,73.26990505902803,40.45273855738697,6.835320030995861,78.37598424841073,5,数据校核异常
28.5758324592706,43.276687959926264,68.54438832219016,33.2456157148712,5.658565614671563,37.39210470128136,94.44485826943034,64.17343972985582,67.1479148667207,63.22821536376399,19.899213895943678,41.833386410228016,75.09397983633183,10.137289755315916,27.785277608971228,27.631910846585363,43.2018927594506,98.0368740942185,6.750254668382194,51.870099438059505,17.936468201221047,97.06765454097442,11.33035047274642,40.36010023615913,73.78849848346061,70.45544280274453,42.272863689393226,34.652416795271826,39.76123785528706,26.42762631586393,20.53329387067998,48.303969755889,26.853375606760732,28.746166489725013,65.67560634745571,96.85373316998923,1,通信前置异常
60.363720055937506,7.697946706496628,7.558361385406698,95.1423220845566,29.729079030733363,9.206698608247542,59.90445871503815,62.36487782902661,64.85048201186882,26.74020278575413,1.5110684214475034,96.50153694544719,25.089304569110247,67.60262880525475,70.66298698787095,61.00074170794857,31.290739421364822,27.109625376406576,59.76682827027031,86.60956336116915,94.67337289233956,10.590580440375764,15.482861259771985,94.47362587830797,73.65352283347926,88.29938248297731,20.263263413534315,58.758587110940184,70.11395944174737,68.01118854469726,40.81516908666981,1.5394891691308477,58.29260568042631,25.310153917960875,45.02542461428904,95.75810150838173,1,通信前置异常
39.903531764243475,83.98016066644267,18.854060574925114,67.24604980250288,97.70069544389435,10.189310087293679,0.8319942227192012,43.35827926326144,9.26254830513672,74.83843496762313,91.45486638485589,43.402097270875885,25.871164215544095,43.44033190066098,72.3447817850001,0.9054161580370979,58.945398948469716,61.329168488737906,63.76882468959355,24.202207998087722,71.40527233781268,9.13914863317764,19.92703364668008,87.74700466544819,73.87231507265663,1.3745554011345251,24.83762603698002,21.440648299316457,27.080632803697256,24.755977027988642,6.252629574284574,45.894051659682034,73.27334747861651,60.67317247174364,67.28716685980798,8.114917853623915,0,正常
95.14907101767872,83.84918338430248,80.50903184956627,82.29838050417675,93.27105081327613,54.42539661136977,20.02820178676259,61.678360785254114,74.2881493667939,73.79173933540254,52.14490241668801,6.845871933357806,37.11129384301278,92.07666084633573,58.4448909757426,53.83319432557134,26.885351438219352,36.84489199165789,89.53460891531692,66.64630475268358,78.73870267523328,45.434542306765515,63.024721945615795,24.838360874320752,70.54608302834863,42.76013337033373,44.25455148147456,64.93223245768817,93.62806214689266,6.400634660862092,82.47432373470076,29.238311041219312,44.391945450637785,2.1913328775008956,30.1046077834313,50.26312426301305,1,通信前置异常
5.617607734743901,49.10957293831652,92.71106288584274,10.539321810780521,76.44407280755044,40.967105337599264,65.5173714524338,26.023659798522935,15.949226254135828,16.046261427122644,7.049194564314465,18.564670490124303,66.42193849889682,88.16906118435081,81.41256855911618,68.51343098744842,11.043186341110268,28.918744629594983,30.980687532246897,24.99569463976212,51.50056597097231,53.55538148796726,35.68859751711102,35.3789158736436,82.85555979060814,78.92928483196856,30.779583168074566,91.37884438732593,95.2815017002506,32.67425420300408,35.442494879305485,50.56341534219588,94.11208125336735,87.63194331423115,10.25679625835898,39.27307432714162,4,数据路由异常
55.33711897497719,50.313247255154,19.38630679368927,85.88167711681547,67.69407829968374,83.79083748518036,85.87642793494722,74.83558536657398,43.92106012497173,61.054675501542455,16.036540611974313,67.36454174749078,17.925325573928074,69.39495905101568,22.959816075396866,11.755130015021997,16.52844901429574,0.1992135219070268,71.87396178535302,73.24010490583791,51.493334991325945,16.13628010553837,8.355433751068976,1.912896643728701,16.57481769652207,89.08555349831467,24.153684170168177,35.42713272172156,10.534548448133318,22.236130474817028,51.922457078020514,60.775268309565256,24.535231416621105,5.773215922511721,39.10328691273987,23.420337092633414,1,通信前置异常
21.955392322980195,95.98628027134552,61.63004859257241,55.68784431720959,41.57751035233219,42.89443334301443,54.090500383808084,69.64298070361072,70.21460961818295,17.169390770544958,50.0112752076627,41.195809503410196,87.05269662693841,63.14189212183764,53.25040664159818,11.539464217891737,60.56378893234115,11.720390568023342,33.720657556575205,14.284196481433186,69.20736470243689,20.62521138361526,39.1859373188026,89.56747776187787,20.431638339897027,50.780506395877914,41.9271661166022,1.8124041045729733,79.27581135728128,6.904590631459973,47.42550209769536,56.06782949389499,62.842645661458704,68.86316293078755,25.327238352271507,0.9978776658449373,3,消息队列异常
72.3443662354912,53.56565993475786,83.61177032072487,82.13883629006943,84.33261677878832,48.50946599795402,33.362839583686565,79.155820259137,45.12941130292549,18.34421964034345,85.49740195614743,88.25598767723473,46.63097561401701,7.569972730978747,38.782608991693124,80.35376594626034,90.17740285462287,20.347274249759582,6.697361202527152,87.73504531328386,38.94049389788753,54.176096426756324,96.80658120507589,6.656472791422285,64.83180074520956,7.410542257486707,37.54689284665004,80.38145451934467,43.34722327556344,99.71823539029504,55.905928494660216,32.11621526359535,22.011132590475313,35.05205342861618,37.25332737595508,6.8713677723960975,3,消息队列异常
36.95741994267732,46.423851973922496,72.27377522388046,65.6729484721608,70.87656552291543,0.8363681876857099,21.766739958053606,66.16842883998565,48.398936817974715,0.5313475668345946,80.44946424318223,77.28095732903374,54.841916299356264,6.646332577627212,76.65150495325847,58.37135877313639,78.19599771579591,75.17469923958404,80.30020719578371,51.80080664046248,14.032451819351499,67.11574733796887,62.04737850519706,74.22531871990871,16.98810060507353,19.497519990028923,89.04095172193284,74.99777984520708,90.82284887003229,75.87153211639207,59.71553059903019,65.41327370278736,88.91279239400099,57.88067545119405,63.239132432838744,15.647671600360058,6,调控管理异常
47.39212201161027,71.6397111958099,27.09426983163654,20.22541805245349,31.382680822441557,24.150062799283344,21.491263703639586,42.48508428680869,90.78385138835341,50.705964673871826,18.792038081532304,7.697166938087408,69.61561451379252,38.279876443638784,82.18309465853592,65.95107686407702,79.62414505413685,27.194603941844875,69.2358922461058,26.406198469371876,93.90684794502916,63.63742815333744,32.451180017534206,26.951186229227265,19.09265850716435,69.46409588937279,21.87156129979273,59.53032659274891,26.463502692535734,66.19689447938686,81.49397285405392,77.80252431446532,76.08513309307817,18.772240569225207,8.838494698451871,69.89488284873856,3,消息队列异常
36.83472137943513,43.23462264033473,3.1149092793391064,25.95764492750492,3.3676403874464023,87.91857726012476,24.339668321853047,55.73371695730081,3.897932066113041,66.6847391305658,32.30273457540939,89.79191869576658,88.81181889340358,32.529061836174776,90.09608956904678,99.61576734987788,82.5415664123948,84.4871347755229,24.90087361090899,57.67023988577563,6.725591396736785,9.491793682166971,99.88926120332906,32.663924942591095,74.81839120488463,80.66650530268164,85.80232710072292,99.76282974021565,24.149648525686786,4.035082685969971,41.1191517994586,13.008066982894695,2.2425889162055124,36.04268271414861,78.37382510752364,56.61806912250709,6,调控管理异常
31.277798921035405,65.43420054927196,23.20181803088107,1.4381446072085025,76.43533864364274,62.374308486400906,76.23026245009599,3.893801668766561,83.71196278306522,61.95262000363033,56.33953507126401,62.46140481145316,86.4433246868364,58.69365065589071,58.095037988817936,99.06791570657658,75.6730167068568,44.22938054511353,70.73970000329277,38.92304716917885,22.8875462483499,59.68518768877594,92.81820981139515,92.91395200154628,34.19052781054903,52.7677466221695,21.16358985698612,99.56311094988834,98.11179078679358,64.95089297074473,80.44140596774734,71.51001612837,59.31582190394682,5.3347996988897695,45.476434255266106,67.47863021674105,3,消息队列异常
67.75316138836847,37.31226184223836,94.16919866580305,16.7357032236781,50.03594462155606,69.08839765508228,69.71358058918092,64.86389567688155,27.528821345186017,15.620656868662197,63.594032682671084,59.930211613943776,17.935601028924097,70.51391455705634,45.51719917336564,66.7760591603153,83.73670797701507,16.972842857692317,1.9144867996836679,77.91025863957867,60.96974251526159,69.96395696221217,83.81549749886426,80.28109348245005,96.09201469288247,53.59350788521182,48.84956326599054,40.18871998907301,15.369104284420454,57.26072328820224,27.70125243259788,92.13075122129754,58.31908042770976,59.284018050811014,35.492466087701004,5.198935197770749,4,数据路由异常
3.174376537298862,42.33351441531975,8.456537809723786,60.68469555401391,88.09730056396575,88.29148165187222,65.90454101322324,21.1231831472931,86.29968313588721,88.60934353132082,19.66535849529587,73.74260857706773,28.651954892712293,80.26403123529296,99.72378999036027,3.0026005329392813,89.73658657909318,62.26305335986581,97.33826191648211,46.50095175264276,84.73879305713737,6.239406859827723,33.527905007829574,6.701653775120997,97.53431334790706,81.69739072718367,85.25474212459704,93.79652314338942,8.510348611978536,38.55975925133334,7.103488904400212,21.07931015500286,22.936577703767234,46.91072110475787,26.856216745364257,10.09781068177611,7,数据库异常
16.749108909410772,14.727556355209092,97.30767979122983,75.92925069184736,96.7761465269562,43.974048650790856,27.83684816626566,79.82931972091866,32.62539180411468,29.93833737053483,23.25059922078312,12.967897822423534,25.646306101676597,35.53197484738877,67.39942081457303,6.256484221945158,21.050693966534297,80.90236402916764,14.692192358377076,34.26451465225215,86.46589218581401,15.492531114344265,8.27368356181899,48.45379950800108,30.24195112785364,56.34083644838541,80.38048904834751,13.714848815274316,58.0699084554285,50.550876038986395,14.407878601319958,62.39984855289824,27.364041786077166,48.78343185440125,8.227232427706188,45.958405721362304,6,调控管理异常
30.646346804282032,82.23812111853543,5.697872699736828,41.860727491832996,45.8431424131438,72.50060762991187,57.428757509021096,66.72123371941811,77.7049285651756,86.22029736581888,31.38754967224705,53.802270536390296,84.01080784391999,98.94511309650565,88.95193110437631,37.14672626243768,19.516651721865042,48.93925374065887,74.16414518360422,49.25690707532976,48.31808633136685,83.82304210818006,36.14037790671863,85.97946748116456,40.680480095172356,32.82331056783394,45.3989911199699,76.24469586748684,12.600202786399429,19.64192158720174,95.1444825663092,17.54916273813574,56.77273179310546,57.931446666193786,48.96244620502448,64.47452485768186,2,采集前置异常
22.982672579761843,55.266226777674824,37.21732552468971,66.1667259629189,14.122354337314945,57.08774168394763,18.52703553833237,27.86430631150364,21.87098003235832,18.28377798688171,82.5710951560667,28.570756766089033,92.71237818644494,96.99265253451908,57.126046993709735,14.30011226657264,37.45482433795813,79.7732263348214,36.739072869707044,8.701721830278874,55.678491092818795,84.51208514960348,79.59263871435024,17.512314013035322,67.27646144124667,22.05042634356471,21.820753455217222,87.40717733051852,24.966895274023017,26.32473465180112,0.06533907612995549,87.06690341255177,79.25948132091347,62.7328935090678,75.02657639388423,15.20485674244918,5,数据校核异常
45.832359458757544,35.121938734878086,9.37765262570165,48.61304852149241,92.07396503426354,4.005911905069448,29.14609134937939,20.754093620570345,23.81466536656963,90.84345518793752,46.806905423429015,46.62994129398188,76.05756424552823,15.44922040049258,48.72653541000508,42.99852141210597,59.69106905466561,99.95577032504386,76.9448894082047,39.78657030174272,82.75530522740469,17.070836331248017,3.0463686308960125,20.444837246427305,34.041155611425964,51.05807574595599,61.51291405411998,91.06057172144217,50.98540095504577,50.127564462572934,5.024300982298213,3.491155265622381,55.11599619163721,43.81786132483445,83.91803949802986,16.067958471184518,0,正常
2.49716621170496,44.903876793012586,23.74785567522575,4.961437333883745,72.4598286847629,11.159299995724748,60.83195000077717,28.104975016688915,17.3496050355022,37.97515229193175,80.14457762229537,39.20935769045727,75.07696492110557,12.548629679915068,77.27714196650791,23.693332490664865,67.73931298888728,56.57815548409963,92.91447172116874,38.732251797531404,6.616518883444044,1.9155485551252904,82.6858560972753,52.473563766143215,77.52440518349492,23.44256000115147,34.50837455132337,3.010387221131894,96.14923245741122,66.78679067008134,93.32050877593062,26.549640742907233,61.146361122566084,67.84999682926379,31.754970025758844,84.81092350156301,3,消息队列异常
94.71614629002478,88.48551176960044,73.90669759393725,27.746467972495402,28.161604210563173,96.3360320446038,1.0284495935692028,71.60499732421445,70.62461625552622,62.26895409497975,99.01088460868658,31.187943576372522,33.997186379324816,7.893940294655555,44.27981365437375,26.10485262348481,34.338670217764424,83.45717902556277,93.54845135274957,18.573307200518563,37.25089315534659,92.8630562115394,6.180846068922263,9.236052811137851,16.279098920622936,59.521283412687474,15.047227100599747,96.80763814507335,44.671452725852035,50.15179603501664,24.66586158054065,47.09602524347335,66.19136326370115,75.11771369540428,75.3868082709913,57.789111269408835,1,通信前置异常
90.43597749938573,81.74078473061094,75.70481146986255,5.560552168046062,0.6877962219649314,21.244727719547296,66.35235939134523,41.119748888254584,40.24062592993117,88.45868882296138,89.55628481318388,90.91752640535857,31.38780765150273,69.10558127392618,27.163318127436963,19.060983307444978,18.463245734736923,34.2107620863594,42.99576197798217,83.09491710550684,11.98910934727121,73.49258473948942,53.14549141893053,28.794534267599246,49.281958453282456,29.994206977702266,59.608195523830595,43.38439228552442,16.440552907887874,11.658307455569672,54.66956820721302,90.24130332861034,34.395768655768556,73.30001072226231,65.8661354939767,93.1554914309481,7,数据库异常
82.09810172991409,56.660525890546296,65.70304982341074,89.83864665840349,39.95187845869348,32.679470585777736,1.081108363519634,82.65510741914642,80.0980700403365,10.445451810015138,57.68573811327003,46.398169816688736,11.870909550911147,98.05682270607235,21.469588746335543,6.723418009056115,59.48473795019096,73.88666771330327,3.2443446047186963,65.87176387270222,53.22918759514545,10.326500887504842,17.252387694636205,56.79742973160805,29.63576135132884,93.8315728651316,81.87402294840508,98.3567206513663,25.967083895041398,96.9723632797977,43.12338697915579,34.751879531375465,5.034952696935324,5.276525785960262,69.20112559466547,45.79289944340279,3,消息队列异常
22.65216260361057,61.39703063252326,25.285811825011116,57.76317543444226,35.92087469826903,82.3552226611819,82.06961607667793,47.73503981224013,35.08191093350156,36.25597965590946,80.57145256682179,32.8179482797612,20.9059373706846,8.468834187530682,46.66931208844084,48.213209891984185,84.09087104029072,22.123869644606398,38.099127366839994,80.8405738893691,82.36236107489735,38.46110759787682,45.91240232866809,30.328589084928293,93.2554878419312,11.864376574158031,93.374942300147,68.38664518353433,53.15721526867312,3.2659060784495875,47.55961918220083,40.774810500273226,16.121881197512256,65.6409603500657,97.11509073682858,56.218881106452514,1,通信前置异常
71.47532764439458,6.845045256601678,41.76669958169947,11.635848516449588,61.27958355365104,93.84821582141547,66.17777324716386,7.680304831442153,35.466620498508284,55.066337944085156,40.320775613325225,83.36440104751723,81.46710047099891,61.183102010322145,37.345794513270526,25.533637376324414,10.587431821312931,35.4897683486554,41.31725172077195,67.58229251040736,65.81598242975734,7.0108139641256955,39.525931543115775,18.177886721736193,15.68127053168057,82.73021497372459,4.191521671625753,41.91828759021213,16.82036557665182,87.9330215678474,55.704051327503514,23.1380636376848,50.24272871663764,73.14863597031159,95.81180089194338,22.044600424541894,5,数据校核异常
88.61817721293451,93.43041141674902,91.64205445320663,63.54143568619099,62.982065443470766,40.32106331838228,75.23978823037879,53.12940183509319,67.74380712282945,42.84579038487954,73.14964640431391,82.4471517604549,14.64362566028161,83.2929715574228,54.029653179030724,84.46659090902243,43.13017063410146,37.904048538303506,91.50607325172224,25.11692675484013,84.42123252861431,48.40205725094041,51.40954425512597,30.8468281489484,57.30422006190157,32.52111962762113,3.926941424165231,27.199860534435604,0.6379043406590679,97.83547870568566,96.57472098197475,39.5155297472305,72.8370854339646,34.580609841042495,67.1093157085976,80.54300430459791,5,数据校核异常
94.67562446922408,40.0212275849672,78.32979829560477,26.59284506321188,99.03323037936484,2.5769598764351143,60.3528806501121,65.95059816513272,68.80455570741289,12.038757878908902,93.85297834731304,18.11832790500828,62.27534032398411,22.267607912308495,30.72164170212709,54.645854172812435,41.719341856457646,16.02256009765063,17.093640242084827,41.814478816279966,75.72829782755008,89.79646468477885,8.412766225938284,39.310390755940105,10.024556372287662,1.6592480632597884,66.17186826439566,60.24494419665878,16.301911381488623,23.38128330930641,2.370775364451838,83.49472056944037,97.46905960485515,13.545953679469081,23.147521376529813,86.8409523946934,5,数据校核异常
92.64637979561849,41.96273828068103,5.062247226907413,3.93918336928194,57.39498660690104,39.2895108893179,2.8652427577654516,58.32523923125568,1.1302536589022472,78.73719581492729,30.643282270337156,4.02580030092321,58.835222098315334,39.76844144330547,97.38004133571495,54.41986625037022,27.52391810370083,70.94388646339748,27.149200254271133,90.42432914075651,37.47219705073764,54.98685627762052,5.0573103824228856,42.61212379522308,83.2363539660995,80.56488053633419,22.431855885352626,22.60790710105627,81.73053122132367,93.03984201693255,9.536092127300355,45.005863942622526,33.745427896422896,87.06884554574394,8.352491468001876,21.112594255803742,1,通信前置异常
75.24683375864943,5.129384898121558,49.25353807142893,44.210703467972,33.44011789887487,39.457231531892376,52.99405869302329,16.136735838838312,57.19958782835928,80.54323292999864,76.01609297901591,15.389990469377368,14.92494697414739,26.817436774491334,36.10747263410372,40.84555814084826,67.96972168333453,5.66804321658354,3.4672704226066386,39.191056294390904,69.71636921379805,19.343534295648258,64.15044812562518,25.982813794029948,88.60861088135164,89.56899442666165,29.72872042813265,22.99937539632405,41.13039720662313,24.05315851801487,67.23838432917036,82.60646845482856,67.3092130911217,82.43504472493495,39.69921622074742,15.631697070886085,3,消息队列异常
73.79509473975922,36.047450514155386,67.12708252291326,27.064394198176565,8.122963480667266,99.25817954877634,15.620150793059928,98.8420993963481,97.72799325664472,79.38181039080396,65.94229620819976,57.78070502510847,86.61015453778347,28.943952161948793,46.7681212484877,61.93899693665019,41.11904758694911,42.7486454090268,33.02846675020844,56.4231816684536,85.0574528015116,20.152837800631286,93.44330387534414,68.90876537482296,82.32732126800302,55.619069263001165,77.95167014240634,1.620039733946721,81.83804247795352,4.013885908536652,88.99133763628625,99.19627472386433,29.40674621767778,21.031855628579365,76.53633638580408,25.302634092025322,5,数据校核异常
86.55623831722035,10.28425921574767,12.595519637935826,97.91515551006155,67.38388982700046,84.68872244289528,32.4329377351518,67.64837495206044,59.42418273085972,60.3150120122947,68.25324595377215,57.53591731290986,42.906236930266594,27.592269438054686,76.8581330913202,22.62724300031862,69.23543061544142,23.333282264932663,62.53301699544539,74.70782671290289,21.87138889065392,5.994330086130828,13.097374299417408,60.59969672710255,84.94464062257356,4.499682123542437,73.41512590416463,34.13186459500521,47.85283699195225,92.88595498455656,33.19715047358455,46.5336933939486,1.3682414760681105,8.159872000483837,25.859159113478402,2.7852240821074403,4,数据路由异常
63.1375326048251,42.63983568016225,54.814520272802206,17.464718589632955,29.593202943661613,66.38244748527251,96.53027236303998,5.04167736022092,89.03843208552661,57.68812013112085,56.39195667556237,50.027853520776034,6.9394085904183385,8.987685173616066,60.09120056590861,34.09585714355583,91.72680665776807,40.659053735947225,14.328145870264109,71.4718833502036,29.335342144100984,52.54703073558932,69.783278550517,90.02641112020704,79.2191194801676,67.63610678727241,67.96331823951436,94.59246440320865,29.582409749653603,0.11120941961874076,27.19545593981987,21.7891379626744,66.18345851139982,63.3711599765529,59.34613827047238,1.62434432094537,6,调控管理异常
72.87780544506475,32.353041248549154,66.50559890066312,55.65784285021533,34.27309254279072,13.457626710410775,9.441889766048096,83.15183331122236,91.8397542081558,64.97880467642996,10.343411486048337,40.20272168882407,72.89392001051573,77.9820884010068,11.82186222910886,0.003071884538241587,71.2137045880605,35.659617598620564,25.448133161826025,1.289746978952544,54.02994067614997,85.11507354259817,95.76316462725879,56.574495061328925,51.44613277398942,8.50563854892411,54.887280154259976,37.99790789653946,60.71352808835769,38.87263478765467,24.029912345036674,9.49652752283765,31.491844458889574,9.664483428775227,17.689695082398394,98.73361585795459,1,通信前置异常
44.41035569066186,53.187176650501655,87.36185287372153,99.55689004906878,58.27144493446815,81.24738210441717,32.694102433667524,30.57439574472911,40.27037209945602,67.25072626736491,68.21916892550988,31.52394346494508,13.320992413662868,63.239625646550856,12.832586218876452,57.84925082293301,69.3422128056309,70.06114963944516,75.34721106595967,87.28594215656645,49.995899196478845,73.02491895295712,61.91727353658367,18.663993979768257,2.568964486940817,28.454138567693377,44.30337063376194,61.71059444286563,84.99593305032053,19.624571670616564,12.55497898984771,96.34799474743275,10.80445593764071,47.84910701071892,58.55637287933019,54.137442090743825,1,通信前置异常
8.603215703294321,5.702691400361937,10.548342746103568,58.55876838726125,54.43448876343211,23.374079203674427,63.777414184559156,82.00675020556494,4.157895984659376,49.81299435480424,68.93104121026903,25.23119270696871,30.77709052931491,61.36379029893838,89.7935293443737,80.99244203028994,58.31302190995835,73.02217177572491,36.482247020779866,64.09655280987577,46.6181591127557,18.993613645756092,70.17382738772572,55.646463734882204,35.86215819535914,91.13391900786307,2.0934117826733267,31.5773151249496,5.688139777764656,76.65273162216272,70.21074541137926,33.13522187363171,67.5662902207073,39.593722619594985,75.62537914224343,45.41836627367061,3,消息队列异常
41.22797278316656,93.4729915488301,25.087909989070024,12.044733999656543,58.45431132594582,96.93218122841789,37.783921372718666,6.203676362878152,33.93052673095674,50.593165431955846,16.19230066322137,65.8102218056492,99.77493890102006,45.17394759814438,35.472855673021265,40.070416683446666,11.514617839520113,88.32736014262238,41.4825655521352,38.72744114248413,65.96902729304743,44.203342093112354,64.8233468807846,6.144629013078751,81.37233437222274,94.05039528794026,64.8765386159386,95.45659288588108,15.143231436996329,47.74161894803537,60.180673394544726,58.17366474211867,40.14617790890432,33.80844093662614,12.68240225504188,39.17424505622782,1,通信前置异常
16.266081510548513,73.43656764922184,20.883093549458998,5.856530528453385,55.236613781723435,59.52297327194016,87.19130612805056,57.69816124176819,34.54808537234457,80.30118815263205,54.027889318742105,7.928028463119174,56.58505603132467,90.80185454216624,39.631262549822054,29.632580189980008,14.346945701802005,15.144552193535732,43.27714843418189,59.56798241615295,8.061540516960175,93.95685890251657,75.51336174451959,58.66239182836627,82.84386709389908,8.01867568121133,47.68388777331244,63.00931268616634,82.86529061182893,78.34695600492677,27.706924971339962,94.08801695592042,12.434584143087035,87.51336186211522,97.09402496046185,17.715352322262557,1,通信前置异常
72.20660642037853,4.028551877799846,40.542282513915495,51.6283299197674,58.064522590963406,93.59372482485595,67.22506872941946,48.1277951219237,80.96750362658894,95.05328209544089,2.2066148682290843,98.25212722560387,8.613213906368033,81.43867792687614,28.033475255141248,13.217965775387174,43.98556397138349,64.39565794476135,38.0951845023475,5.456540828269896,59.94611396587166,90.24032761106747,38.32153659472517,21.633277763082702,44.25773459328154,4.836271104878087,82.04875844802748,82.63408109501867,58.800046342962844,35.31028889383895,79.97833644457833,55.46870247883672,82.59323085500162,63.14587925830206,78.44054732127972,59.856299321776,5,数据校核异常
41.41410682156662,95.79458599261376,54.11138248788448,60.50895185405384,22.048763941474924,62.565078942727645,57.160764948294386,18.483839794702494,5.958709735314372,60.43593197147711,76.36922693503206,52.34013709220082,22.67726253196457,66.65219766930349,8.010572660960225,44.183370480195464,16.33667583984202,18.445905105988338,20.229394915820365,38.67070570439779,5.115020562039763,39.77934409290982,51.170744711470086,48.329428496632524,38.27841004030405,83.91466080707525,14.53266924205041,50.5696743781374,6.20414169565543,7.1155678877909745,57.38658496770963,56.6018424887821,87.8033512844457,55.78736756600732,95.97910204048502,4.869484839992976,3,消息队列异常
9.800768478074106,4.40658615703814,18.527685033354004,54.12701109416781,64.5572181427428,4.55851579486688,94.59708898455993,84.2165376650381,29.661248215709314,7.718753022646796,16.98870732190573,12.694441375497266,12.328377929894685,51.85616886657339,24.58474424934003,35.81397165291445,98.95053333843225,68.43142489253448,94.89806670470014,14.255655503311559,38.21394748325693,55.47318032823543,7.675806188873802,0.41874436279578653,67.04343337969175,64.18195168014353,41.07888099996118,48.96440760320326,41.54430005920896,2.4005044844888856,33.537160621746246,17.708225539728982,9.842418910136875,95.67204338893498,59.935972504216565,72.86562842366027,5,数据校核异常
31.53637432661175,39.31471294940152,23.692399389672346,9.696567096542474,17.90316374415838,79.75140452964858,67.75458051837758,54.69288759854769,47.508987286676806,92.24342836561244,7.273494777866841,28.060081323791596,34.9937853570714,78.24258122127878,99.25146201619714,24.067051475715306,87.43073341370805,83.06227604317912,22.46573976417666,39.933258019922256,40.96728692925191,97.82206685265584,18.089190137889833,79.91579711047821,33.419271417310995,73.08703457761604,42.001100429566286,57.835976311654,83.26117733261312,80.41655649838842,86.64231835397001,5.961732534465902,69.20505530397449,13.998737672176286,41.5818568018411,54.858841505468845,6,调控管理异常
40.273948474683074,51.961167580300746,99.65263087986192,13.521731371285473,67.54560453364256,39.600096638561524,13.300979890732878,15.873676337430954,94.92731062456168,87.9601496711762,90.70419604150219,99.15327758273865,20.831539000851794,35.543933736406174,66.92190299248666,48.38025398606472,41.83895333783335,35.781124933559305,59.37806319434522,57.5593428640082,16.14578340642401,47.173983751843906,55.347177620984986,57.02869387313905,21.01071929123518,74.22713922522868,2.5199094821069634,35.483185554316265,78.02126485356335,56.389292105540235,26.116243251086026,69.49531193430477,56.73909441560734,79.62436094563871,73.50251861898234,61.01079220362347,7,数据库异常
48.8177675310814,13.31821256675234,26.133301788538375,41.90994729170853,59.92992870063887,51.37078552153048,28.818452595952948,0.6464357789710551,49.623922190081394,28.56259885622431,73.46083007105351,2.394626527048349,58.482781130579085,94.14742375060654,17.440926711149952,47.16494907505954,9.142199181713817,62.56819122613526,55.05316805962256,40.736552421283236,52.13770214737412,89.65746584690102,19.629430231106703,2.2564511705347234,86.16648846991009,57.71170823879065,89.06584554618424,59.69452234131726,81.01610899597024,42.967336335514794,74.98599312882688,91.3041466889856,57.21229637222063,18.078515056237954,26.879761503019818,19.86445768974058,6,调控管理异常
24.685702759573292,30.64154493510364,55.51337867531885,58.79916294638328,42.649974724186116,61.54207798208354,8.157492561136593,8.778823705815997,17.182946035765845,51.80774980403447,21.399467869831355,28.328440349257733,40.03128361729941,81.18661240103798,1.3862135912860118,64.93788202366224,66.88765310406853,79.86557803566366,93.27529390603132,2.0137848949289827,15.378370551321618,88.6171294055993,45.851856218701535,56.459063893346354,66.30272037231474,67.90666044956374,93.17404033165082,99.69494174116697,72.01574609309402,28.72212092051508,87.97524022943436,4.922091454076161,23.10808528744962,89.73857174637149,25.619151443935493,22.065105962174847,7,数据库异常
13.812529314024724,85.91117576469165,50.00582591910867,67.48932030541548,23.906638407502967,75.80404210112165,76.00055449620984,31.259802490830012,41.06826330102828,20.969027743020085,97.65610233229043,64.56025770584117,93.45438807155155,30.338554362913317,78.18909129968897,76.5858643884742,69.16556518665415,96.56389752668004,39.355533610631554,13.07173235897573,67.17088592440608,72.93098004772062,57.506057345881466,20.681789313339628,50.445594166935535,31.21897365691294,42.746652816668906,64.52185758446639,74.52147426908346,23.22246909013431,40.532536064695336,26.91615709916292,19.86316138618691,78.33872199958384,90.92526944369924,37.02321856845767,5,数据校核异常
75.12789243737669,89.69952893644111,84.61242105302316,18.28133885392259,95.62918815133614,37.66764404294625,33.92406611738363,6.2431327277780335,48.6173654104883,10.90136156409287,24.853982092742598,31.694262176728138,80.8826323491684,87.54886503958966,30.246631746146967,85.86981212445738,85.72309373697911,76.46509503848735,14.669511401518154,69.0322846900729,94.50240645805688,68.2540478767157,33.16168491078339,50.05793174308313,64.57250433510536,51.05704087285036,11.995294173096982,31.206404465202063,80.23960305536325,86.14180460955174,13.730003271557024,95.23867523987246,32.88226178486093,66.231373873072,75.18251459566811,81.19462346378835,6,调控管理异常
94.57497022259301,31.29195480288226,85.85064545515544,13.168690343620703,70.50409063535928,74.19777295139859,67.77232412013204,25.2314736135153,87.30431470152034,16.8858463370395,5.363479152083084,71.74649906119122,47.54757152327337,84.90980199586761,38.3397141058259,16.827858850771282,83.64421924698698,54.89096316400717,18.91957923903549,72.03839985864458,51.111363848950056,60.431298224031984,46.089833820658185,82.87089838180064,82.95627156830498,70.93888218243862,10.540137739646227,83.88538619040689,67.10129805329098,69.70241660042996,36.298284040387166,87.92795561570067,72.53716002348575,11.259046652919446,40.77780344061627,88.63803619601417,3,消息队列异常
4.719670169737899,96.14166196420496,67.91625683195628,63.13759776433766,27.05592564879914,24.879178873917706,94.20582194885955,29.827245423412275,77.55052967189994,39.31217982070792,13.925407078470398,1.071529769535895,54.42573370152508,97.57788185489326,36.91361938092045,35.719233399304485,34.40916178494421,52.054383730485846,44.06648834242935,87.99146267270145,50.55207917234903,50.77578381885688,13.83715947205566,98.27395409103859,24.99728908688297,7.336406745960266,66.31462489752089,59.53663701568727,41.514565399274574,42.2192233880678,78.50639210464311,19.571264009964906,82.02533189448897,64.87471138950181,41.89697737795244,45.80286165838686,0,正常
25.66472071860958,75.21143326969748,51.287474230526776,32.08545427498436,59.60501157609502,99.5734452051323,43.52622796565539,92.06914007786196,34.50168399245661,5.4732706924985886,20.424210636842886,41.86951433276842,21.963492859456903,0.02270382182555375,91.50015377475272,84.3879411230929,74.22922314869471,16.781459564602862,12.036357620998606,6.760474947238315,72.40291887729212,92.88079606878853,43.053582091303696,11.914067199604816,51.23928207321066,34.88319074586301,37.48249243499977,62.13306241557073,71.87181132622024,11.060359887316086,3.5590230806476386,99.43303026857149,23.272834891555185,5.383052490845907,18.987532909591998,3.895784634846422,5,数据校核异常
39.181089461717164,80.24017844513243,34.124444975772064,44.418340687836654,67.55867735674389,50.889407006988016,86.14456860213242,86.60356750457565,0.9910695491153643,77.80463064831991,46.073360024167386,98.88405413036631,48.323207587543514,98.68959453882975,75.45693612057366,24.860488461330633,53.83949792869577,99.21356394785828,85.75306077519237,9.73668937912211,70.6371996809996,34.5579585870813,0.6982261880348117,40.34809690269996,23.47544217249713,81.88692705204716,33.733060884576545,82.7523693953817,0.05979388347953085,30.781915002611914,24.116521430776196,23.3567361068611,6.81866197654627,18.712427041050173,55.55495698856199,29.13610728377445,7,数据库异常
41.73947823291479,37.68668803471885,87.59049249998945,90.52989990105155,49.295697165586006,33.01559503156044,10.680070400236364,95.3402879382095,6.022694490029745,29.765027756828044,29.806620117000413,32.04012861402149,16.428684327240926,78.31614309236971,12.249786196598922,63.49066591531628,12.384602670581746,7.053563759295656,90.94295036858765,19.01287663187057,82.12501545597043,54.46308711071358,7.78565196087696,95.54481914380675,24.696116699189254,85.96453453526065,16.88100057845642,85.39428821418528,1.3228812905293985,51.178045656948065,76.94425794215569,93.47955174927833,90.92021362064871,81.96248695476449,88.8191349661304,19.92196858370765,4,数据路由异常
28.418429571172876,28.89685249210585,37.70539310016988,39.33206703851887,54.45553246546755,15.987976336644138,69.12466637859893,16.75665393045065,31.030848210454753,50.33451306061541,79.64405615234773,73.94692332387272,64.55343564105223,15.577326058017016,54.70453456155777,8.744650179988545,37.73631767966508,41.35165302899592,3.9811439445753827,27.398809946997183,95.56494672664894,95.36326078296895,35.23270542525393,4.310010894832406,17.909493932818155,39.221779343354015,94.77796979692297,14.119906353718491,76.35158436682123,10.868253937469207,98.12575773912768,38.161649910913496,77.5234538899056,34.259108281113186,62.76688771588087,19.201608474003674,7,数据库异常
14.602101929696254,93.80641395681313,91.76472779044335,88.74689402128824,62.543345016659345,80.82682112162783,6.903693691137491,33.47890418906792,31.37031247571562,63.56453219526132,35.59577734706405,14.85067816436808,59.646707541354374,81.43839206690815,38.21234944599732,13.22687150984817,19.668819731282305,23.7483305169384,29.989759299453624,64.27950705063091,60.0945484537719,69.60798615670392,36.25019845315131,82.39976518799783,20.40876611557603,46.90407475181539,80.09387215414303,18.015864773261924,10.986311374078294,88.36839676879897,34.29296627591959,68.3870124909032,2.534860426393848,69.00468884094497,31.61013115469705,5.574085358744174,4,数据路由异常
60.9812761548117,24.080381607317324,38.680724205188,8.058081228651359,14.716325109494532,29.797723549584376,8.975950056015714,91.08262646863152,0.6047043183978418,48.38602188643114,12.324745813255145,30.767908947794854,92.60595598182655,16.169455327398687,96.58323197183326,20.579437698942172,74.15661084668295,54.66772648973117,88.44787275967592,55.399325550313094,53.45592191563087,19.54580003683999,16.62293620516587,91.64891511155142,32.78381988500341,37.20822549628959,75.98236584283885,33.882348242280734,95.20624466390028,73.79277689988002,59.742924257342,88.08951605447525,4.960590834948276,25.706269218920873,46.50363342209099,22.6978539471521,1,通信前置异常
74.39051873021519,91.92080310537251,42.37701199309234,34.2132600111895,96.15507321375662,44.485243282754084,48.90484004492832,35.164987234190534,90.95484730121383,56.89554832818507,76.21745871816447,81.18067183508863,34.18490419172582,43.369433132038004,84.84717744062647,36.32553516758102,79.39351334518513,94.09923225744372,62.3210373068007,74.16272874518889,80.50973120411349,84.50396488966425,39.505333785679596,5.126345917599817,40.187627123673956,67.37562297840898,45.03503857807928,74.89631508603985,35.69824294686639,63.474414110402954,18.641980485397458,74.93694366449569,54.56959688130259,20.40643885466006,29.191117349780725,74.86087085818323,6,调控管理异常
48.26012356615207,21.60314403930722,96.72711903702977,71.51250198168879,95.71348325397962,42.71050453603432,47.51003406917205,89.79552161850192,52.504934024538464,70.72789119056672,25.217287749552998,44.67264687026405,12.34498658103551,20.59800358769617,0.0943415267631087,3.926505164866023,97.72838231769293,24.23536951367623,66.33107095040019,83.90996987996115,55.066045923656425,15.31445000839562,72.81164373361663,60.025141009958304,73.12505893473751,76.97466228570872,97.54103676847451,57.356328002671,34.164111269060186,64.8464556900237,6.844070924262613,89.73973183215863,11.938101133819679,32.784283788581824,81.57453806261209,59.731237833071184,4,数据路由异常
39.363552027744205,47.34356593750214,85.45473932021804,34.00043860598922,86.96496848121713,8.813443097669149,77.67984372086308,84.75476330547363,18.181765283733874,43.03465323722004,16.54997746636556,70.66041289942177,53.534776806165674,63.5323346708321,19.648696695621116,21.17458620524195,4.149732550990636,32.20675351957297,55.97446613336749,85.79349139973289,66.69274474586807,43.53963233997514,95.31201143941378,71.92452005758318,93.016520286255,52.75879732721657,25.89042747931396,5.282668636472199,72.60848514838504,12.130299800553413,30.277512827196716,53.24709078838974,56.441658777974766,60.0583196987136,16.625533034970065,37.97374048216488,7,数据库异常
61.71942271169667,96.98188646337847,72.76311376996887,92.26037570939579,76.2212058314177,59.171696889240046,19.202336913634454,66.66856518925131,62.337956595990704,60.24691704572665,48.978586798824075,52.86566039892756,33.44425271181041,51.931269264230316,19.755590567847825,80.51743973603767,18.577695469870783,8.496628988946641,43.62460263571574,65.83074395060619,43.771682493354135,27.67541319513086,55.817118389044076,34.700233541219994,93.28676901266331,92.2645139603572,50.23718199720955,32.78839940182585,73.71324139566391,3.671294348306664,47.47690060436513,33.63233942703335,92.05358851025547,1.2003027272682543,55.28148757183491,74.0663581066626,1,通信前置异常
48.50179875240413,8.540303016272166,97.24613900279022,51.801043137609796,61.41862443190114,23.660978270750732,48.34980851068038,42.914949195832186,7.489584200198374,10.616035354746723,83.74725196187745,23.981995220659023,19.495827149863054,50.49114512501392,76.87471313625129,6.194651857898792,57.680791963825584,11.921044284057336,3.6461050825618457,5.274395216221739,83.41641082084413,11.797248362806156,4.515136441229195,43.789988714291226,84.39934719420248,26.240837648930192,42.17126175259164,3.9922532563751223,44.907851413487585,57.761308063713365,57.090705375214476,33.242669217436514,31.55331806631355,10.662361893659789,36.67983206462684,9.949466887296465,0,正常
76.65959447120517,96.62742977481858,97.00744566667069,86.50710993753938,60.07921493396191,70.086569724388,28.520580268041407,63.077042017262066,45.56495494398774,48.20173397769325,75.7776560375158,28.191835559725163,31.803961169451988,92.46417911286366,5.622429485097225,48.56342984133404,91.28008004078617,61.0363007818157,54.64070742121321,24.974417922935523,34.327548906444825,85.20484158046929,55.921813176845816,51.47421937567799,9.957971354002893,1.6028156455123121,96.36851886870491,37.698616728684165,60.32130620995043,7.971507318728499,68.31142857230465,93.2566708705961,57.56652529974197,12.611532237541056,58.172152747347674,76.63472131046524,3,消息队列异常
40.64165365740187,87.98377479414678,64.86829533573645,89.92489182892025,62.35053112473372,13.128797200482422,30.96917111051891,20.17949482524569,90.88264977168623,76.04000672874827,67.6398368910006,30.096631963162167,18.40447720502135,75.64510879889119,47.41579458790797,22.578955215062912,61.66219781652751,4.0333852138451975,32.61702541282535,46.85569945911347,14.795833410940585,98.46544775908396,20.909736458961426,13.035313004326554,20.35348738868964,76.90611331597242,42.55056592718428,56.541593975253804,2.1009156986360744,3.4431308573314556,44.582554982701616,81.66552432016235,88.52388787075652,8.670656759564022,53.836310210102276,91.32296862792705,3,消息队列异常
38.797275439788635,82.95658314283686,13.36956543994362,93.53944896677987,75.14233175313026,94.13343927869016,67.66172335525064,36.3403931999427,93.81811725247225,27.556677630917846,33.21725220617326,70.08084180017403,76.53162995253862,92.94034838491538,20.48024090562095,79.7998035219224,73.85460533969635,6.379455625359787,38.722314121020695,28.27654570600986,30.44904243540304,98.29468795547008,64.27774134799279,71.76761577934995,97.66176373150091,37.72017824576387,80.1840168452806,43.45309633044954,86.95336718149798,18.06575413113032,94.76861770642796,21.877170841087967,32.622050698093155,75.61922341067805,39.37551415654067,60.82113767664467,3,消息队列异常
44.45735010694285,74.23699370897819,22.833125236861086,5.8457987236877,29.992939747306625,47.43086648684303,16.80200521926786,35.47972896563887,39.998301829356855,5.739184368827354,58.33072481842046,88.43434279712875,15.174291295305242,59.7808013401514,66.47392049108463,41.93346804192883,70.109758736427,41.0731543491012,50.46372879774349,0.735304455442698,69.17201141346888,66.13426789447244,3.8400877326344562,36.82501073951331,97.90318407916673,42.07365625686168,50.19454051318417,90.99301581597186,71.72618758657563,58.20701311242236,79.78046813410725,86.43662664559733,45.68880717372669,47.51083649318354,38.60509356518358,96.67061400184606,4,数据路由异常
69.71662542903503,8.322306620807229,86.29596233130185,48.05599408362681,6.875390642248746,54.971725516331105,41.716427897570206,87.7749404862625,20.399460360938736,82.6464609492183,55.768869118545275,5.461030321346905,97.18453013254846,51.26152441031999,29.08768542315825,46.94068419892581,85.7857783517489,30.49031243850635,19.26763964867003,12.907124693088146,29.785939839021125,78.00480870400435,47.16263651952617,22.748160369353997,16.61849996097492,33.27294765103791,93.99243728857088,34.30267125900244,98.81240759546354,48.523045576535615,17.916391829015087,89.11400917935094,46.03553731348269,70.96713435045244,98.37115832091517,5.0175350319974,0,正常
9.669455978756714,72.04567414627562,28.1825003295472,18.430139695009906,3.9361879819729495,2.1846711986201806,77.4485603119791,13.443342736955,46.77206159711509,60.5896815179483,42.835180056884624,2.7106652336233106,78.35015025879089,1.0513224541653488,76.1889894377484,89.33044937881228,43.28399210571723,53.554247309779825,47.698339261765376,38.920861862343884,88.74245353703603,89.39335106699905,33.581636464153455,61.5069754014698,92.69075621458641,96.20584989413516,50.895904042204755,45.28248052843268,27.869431592852578,95.887187319041,14.281430447286736,57.9829576047725,28.255026751863888,27.90082903477966,40.496858737618844,99.87929358156545,4,数据路由异常
5.4966306839822066,57.85418182035315,8.257215803527718,15.452082999051896,43.95629417728987,51.04601313464413,25.8792408364524,31.645713087441617,8.696702025593305,30.32197838442505,96.6558439380544,94.47073816724817,33.4878290136985,57.08539362787616,90.95953911109443,0.6183822640896675,81.06835703375918,94.83695527889189,9.132573433355706,16.144768603292103,96.07463027713554,53.75401436403463,1.4196634471723701,25.763199876352914,44.99436742688596,69.29089110247676,73.31603781367996,99.54215129254561,28.7511199383759,53.82201018684752,53.332354785960504,40.56452594472375,16.91618938424202,97.74565631838425,85.3317186666586,49.83330282942372,6,调控管理异常
60.32454226840298,22.72610535596623,54.37870703917469,69.49701331214759,51.51670283865888,99.02851705849413,61.13416562477262,37.09737125921691,77.21520276158381,17.046251158164203,38.451581370626656,34.69589503775858,43.180709510777724,78.17798259287262,48.41730321634075,79.40144502659628,57.64889031398659,34.206943465755536,80.99787436834724,23.828967055309157,22.43829797997955,50.45029240548358,26.084924596208893,0.9087034951216322,64.82975272988016,51.1093821472398,44.55178144931612,96.69685146183153,57.11991839629137,86.34315777893845,13.945023620516018,56.92064631294277,86.7979626730903,58.3105757279898,71.80141781270015,37.20435678122074,4,数据路由异常
9.244951703706661,45.79002951270714,39.44793908388575,86.70601823789474,24.399530235247223,96.6734227535108,95.81381198044961,24.76316430714387,34.80519554773205,89.55557408738851,96.66222208961075,44.3439102836044,32.099704564089784,52.6094013251542,68.77692063657348,27.34745153749798,73.64731746190728,5.165735711464103,4.929449276441645,38.628770514554525,35.34731920607206,31.56332153671523,49.101976266891,32.07335823115712,19.225791846809194,30.946954908860093,97.4904272810235,41.11134169948486,44.47127768583358,57.654498995114004,98.33407684142266,24.160127643576303,68.12821105324338,71.59846935417241,60.73244167930659,8.857833963664408,0,正常
67.68722758275764,6.409471103617548,59.61426495498969,73.95811772217426,21.096989061995043,84.1622007542774,3.0353805533004263,84.3812863658306,46.032905064276505,21.75879399316445,13.3778144993968,95.33071675823726,7.266558758115671,19.909341993592566,34.7822347433046,62.023484896112045,54.480108527609836,12.564349241231398,28.972798373821462,23.875177108602408,21.354285449034137,41.1144336479987,70.40314525916568,21.745293221723593,36.66788797029814,39.09174268411623,97.64565294354102,95.46663568790689,80.01375827520759,24.165892081918518,6.803731409166969,31.690413772062477,26.679454943383085,50.59258001463939,77.7727910067793,85.8322938878858,0,正常
84.48640854105085,35.967556122306775,68.72343434606829,31.283419752422002,6.090554323518271,70.15652656029422,0.9827552569787845,40.91825874584886,32.937926930207574,69.33775385188524,76.62454727603789,30.409463597128383,81.16270144448535,29.391676050493377,44.63263599865612,72.7018527014134,69.29202292247886,98.73684723122,22.51610242159319,66.23179135395823,60.96819082757774,91.509845449003,15.636214164487505,75.1798163586933,56.826861626876834,27.46658697879054,47.44349141471741,33.37765970697978,57.931340278846086,88.90006108146659,56.9304984412202,63.17224183265841,51.874784711470944,5.116550644547591,23.285855687609423,49.20017294320827,6,调控管理异常
31.023528374470477,18.176359776119423,50.41328419184383,32.28097934478503,25.810764317341473,46.39854174403808,13.328425808217315,92.77457330754073,86.7702097919239,70.76205857405353,10.621382758845622,77.5877254469693,80.7957328109019,76.77646177143377,11.396588711924116,64.39079570677647,83.43247957493986,57.73534012196677,64.6407375228089,45.83634794263062,52.87073198840526,3.4376858351725215,63.89630219732846,8.14472128911592,43.50145943402234,29.265509766740784,54.54279502117131,13.341633552320708,69.16434019733182,79.50115369284704,16.33544497431565,10.431308735188216,14.551548278735915,87.71275618985017,52.81892617563562,46.72609960075026,0,正常
10.671181910235427,64.95560067569618,86.799959189509,82.8185869323453,62.60547089808013,7.527871665167362,11.239702717601297,4.930898710982468,25.74792164924693,13.566146716037775,26.004804025243388,38.50580557189617,94.29827840711357,61.03760597816921,83.49737856829623,71.03515007123322,11.250313052663174,73.59204063739489,27.509888155912442,63.91078469947063,34.09619736429885,99.76722632646592,26.355147949677782,27.913047077426967,93.06722555623983,2.464440463632267,69.66889878731969,72.53263907358782,83.63785774103994,97.44393106384753,97.56019191566524,6.527675756646389,82.18393227529025,64.63099336573814,64.73421343730912,12.83499266146948,7,数据库异常
65.01871664456533,98.24825806012478,91.1818569539447,43.91306608048505,3.994797328609434,36.229349000020484,82.63903116005552,70.1499101465166,45.93436555939564,5.510153515883109,42.68947278233026,46.90249397178835,92.85555328941359,64.10861035821594,31.16529166546489,52.53182644507214,6.605530782216007,97.25682356497369,36.0059901930726,47.78673549131358,35.52839742369226,68.25117301162001,66.2232158329593,71.53223105291356,26.814322961192083,31.566848116406597,12.525123109620795,65.55099718461126,3.979712733565255,59.768233552345905,86.96958848516338,89.08321482896335,44.90377603699617,45.930368821307376,7.696918300801736,67.07650254430358,0,正常
82.12594203728455,24.465505460471306,42.13008816333647,83.88393367652704,87.7120467662288,24.317998026422593,55.057063454136426,19.249315063582706,10.187876413955655,91.11205013919576,82.05075042321091,76.00349018031739,4.876631881314042,84.37287927102575,43.804407590538375,34.23951232958596,54.647636102537646,9.135324272355582,75.66465493523988,58.24350768882959,18.659009687316754,18.82321997690456,18.424865157267423,5.700238755193398,58.77984493716848,84.0348177588508,1.74982139873886,4.900464497127355,57.27702766869458,81.94956853860523,32.67388905686336,34.96143988077222,59.63464974967759,27.4212889124147,2.660836607768413,73.52285181015961,3,消息队列异常
62.56499129414531,58.07559990556591,74.16841289918231,67.52308375620375,20.588198817832115,35.24810469433511,12.6110141678625,12.985701341788102,67.61957463565392,85.86001069824982,96.27325838611391,62.834711754944436,18.410132336095696,10.56503454489307,81.28509715367578,57.875647635999925,61.82850210137198,78.14620887547092,70.32772277324516,83.44582528560966,5.621390545987848,74.75206367465049,85.08527573220954,28.613504245831432,64.04472739932528,31.416206383697208,95.7971066482454,3.3423572435503757,57.97928438329551,16.65035470495151,71.22202051771586,17.589028341866207,23.538326189835757,49.43708110457581,91.4834949996878,21.171437214797084,7,数据库异常
14.424002111810353,75.89768318540307,50.0619532333931,91.17851123817714,14.661455715984228,64.59278930230393,23.287914615181503,15.67604286516393,68.34294151572705,59.36846199087332,75.48274583623312,30.946257644618235,44.79716563821899,40.547167633041845,98.40894639665142,29.22489567393879,29.481723834676686,35.45482088286074,56.45940812903215,25.232274426374524,91.52899403792739,26.56855648662635,89.58157315601947,10.347506364658464,65.65627023996524,90.69855184382438,16.874943839822954,96.8326960099255,45.28833604155117,94.57151084410245,67.6820043630047,30.158686987355154,18.83025249171064,30.37350462250994,9.301740926267499,14.386796634332978,7,数据库异常
10.466044034648114,42.29435437415577,79.55783762575864,14.138355421634019,13.032043317233589,64.34289495173307,19.71829819680663,9.76100381089916,16.684857820557763,92.37313958767761,82.14712527761908,35.40645623550941,65.58207673273928,53.72756736680381,67.7124263482564,68.26711524627594,62.8734015059993,26.610136853730857,3.900642076281813,45.55667819901088,89.09738846907038,56.94972585185759,83.23910417019079,99.16243429612281,16.361620413827627,69.17776391419824,67.42935737000246,97.99554473582785,98.56007339528003,68.66786117241294,24.361479198219428,79.85558381305991,10.70291342110381,78.06993041716287,91.01961241446965,38.28333947684352,6,调控管理异常
63.06352949830804,43.01427320968263,43.776505498812845,31.037088910812006,76.21296204503246,93.61765641665052,94.07508592344611,17.478128487493382,87.4743649656566,73.74314414271221,25.283740069028926,6.728461292151455,26.799726688437797,91.22082367815256,63.31786748957723,72.10546608978719,25.715235110909585,71.93881555748203,2.812150627792376,37.53213457730138,62.67533485423312,14.609656554132023,82.30035744469347,23.503129881191864,65.22811128184462,40.51971425753297,59.604359547764716,10.745055262890812,1.6912799921607324,90.95644273803012,26.96300087671828,81.96770027804591,99.93503004722002,21.143125799891116,26.51707411833556,66.28597876346657,2,采集前置异常
96.54486346006212,91.58143481907439,50.28755200655849,79.51102825267246,13.574585309990105,97.74381842040123,96.43532340359864,16.372895787917095,29.94231248031066,10.015499750676693,27.17175988981797,81.59557894152066,37.83156071652595,8.839696714675839,34.22255247789045,98.138333424128,62.96835952592029,41.61609464061578,16.653851349727,98.61767972836948,82.08490092631287,28.14773024509194,7.006869572118946,5.662555737755803,12.037814950553383,58.07685836144216,92.87634212054924,49.674342800598446,84.29454824561972,44.588661985980785,70.85835457678252,73.18727372865008,17.396370590333866,36.121605897581176,63.73021565380239,7.069660818436619,2,采集前置异常
36.15401877629566,53.479946628119244,99.62244930446387,47.45335626224407,81.60567571143235,43.206728506661776,79.6390722619709,59.54148016201084,88.65954415023984,41.09425523501099,60.43044198214788,63.00186806188274,41.73829418004733,14.431204368748151,9.355940691233556,1.66715505996331,87.35342642452146,23.647491223869455,21.150674928176805,73.60354004260655,32.00161130873917,50.60446924118366,16.25110652974563,95.97457214619692,85.15814000172374,86.37896229650033,40.67737485720052,76.23612137071729,14.387615538978016,0.8619002591780278,1.9972932578028124,58.660173740456045,45.53949052479408,51.801534890851975,0.7463140417219405,42.268661965742574,0,正常
71.80681612008608,44.26937019674359,73.22192063122223,23.30189643968348,81.31420044817254,58.84312404534523,21.076309942990623,23.672047585383293,62.8030464569537,82.99395932124433,41.56277820291552,25.83004291275922,86.70116069106004,66.9268291750835,44.80854872830765,48.790019527930184,20.42564679363964,62.680263006484395,35.87425105428886,99.56451766743493,48.01835152618879,48.58856061896132,56.58517874106719,91.67560031187467,80.08180998597503,45.113006979784146,71.8699265972796,58.62354987807616,49.23670487012489,19.231577278435054,46.39362634548909,24.581858702257463,91.48421498516547,33.540681349634696,95.22640145333723,53.30552900947112,7,数据库异常
63.15443786761603,54.29404444893278,12.93806169667009,37.5821219007941,9.914611227762393,62.29540441833817,44.68741952004389,77.79849715709368,22.047048099936983,16.45660584293349,40.63322309637678,92.65853832183811,71.04218150124117,41.89236247929187,51.727216975431055,8.421301117709834,98.4575896376113,66.6407304694919,28.540406846342247,58.58083942152443,10.948236606899398,96.58366688075836,17.478498788336594,64.80303180552141,24.545446253893044,71.75613826485358,77.68213672402811,67.34197289114327,61.44994602551925,89.24690939520117,7.862671098975804,33.09147657801952,24.828747963084595,98.80139620654217,38.93897796668735,73.26126992403988,2,采集前置异常
68.47251638810046,21.208123747737773,23.899768021155133,28.12845635530341,41.112727825937924,23.43250656505268,1.9651482746847804,87.93930568071954,96.5609831380884,34.15703870315679,33.85068794254729,0.7091812774370987,68.02506883303741,82.54398957486288,14.660830036000316,15.966634936715074,79.00832499714377,61.629074835414464,4.486055762771701,62.25469904622817,30.891772284376607,36.872515547084596,76.97314182968802,81.09351926726106,40.03566268398306,94.71529360063548,40.64627179520722,77.18360352301099,48.38772645642591,89.7532326522084,90.77612436501786,8.741680787108386,93.64933313102257,82.55348415204156,79.13107143126669,20.091133968552242,2,采集前置异常
80.51192087546649,85.01327346850368,28.915033445415094,95.22600783623237,4.986014639916425,14.990925324713967,53.75811380515143,57.579247112230966,64.51500833009034,1.6969129315466458,96.03667746221302,4.458809273414399,14.306195272340238,1.401451752605698,56.685843329409465,93.22668839209723,66.59471660804643,82.26574684804274,1.3281203458580082,54.20152984797261,45.95629775055219,49.8967944220793,7.221318533518795,68.44353610693075,50.322041485863444,76.51488498612639,48.52906340617154,14.938163622643208,64.8256954077822,17.238636210516624,87.23945633548149,61.311623906924154,15.720388355695425,96.23380574812069,51.83654633353206,7.289845187165501,0,正常
62.68329044150672,25.31989070128102,80.36934518773025,81.78220735661907,97.89473558546618,50.186953102450374,45.495687972773716,75.34756054464806,13.247065634192657,54.69155137931242,54.624760013085094,8.947312281038721,41.798408550691356,85.3284798567202,85.61536219946603,9.9237664919681,9.072088274783086,26.26954770019353,87.47660625539935,12.890258507349895,71.99968026274462,10.116561961310321,62.31378537478254,35.60672991191448,78.8913962965867,23.36904488253636,63.920182938995985,23.568253457588494,71.36602831121537,87.36780345607488,12.680179912676003,86.65956885955035,59.35752544142979,12.711049086702397,42.7541855359712,16.08602934850979,2,采集前置异常
70.03478888665695,75.88681344179497,10.579652027279895,50.613985269464436,81.46250560259172,93.61630415509966,51.351786674177,95.02792236114071,53.56889704560298,39.419049459990795,84.82031285528954,49.2982710458089,47.190251056452304,49.03124894098283,84.67850018697453,83.19415416880521,40.35199924402112,33.3299859870525,49.19280240391293,57.277250973710906,23.833721062799697,79.39550847155907,48.648276573242285,33.40455484199596,10.68209929639906,23.884516040360694,94.92811717559837,30.50996868195266,16.885928936703532,46.06727916549932,30.70877433602487,3.5159250271194153,32.314521727941724,54.41086239394686,55.17123720199669,35.65589211768887,4,数据路由异常
44.73027562526006,96.55179182347663,37.73484772303116,25.822681325998296,24.34670440667601,45.776461270413414,75.9520148716944,20.59881841884732,70.92961271407681,2.1149823349416286,41.8932977983946,77.58650652027869,33.873295577443145,56.37371014453995,20.49792328259108,74.19953911261723,5.227910326875962,85.25426448755003,19.819638642166815,87.43980317083307,35.25292413005173,72.26835744744866,31.922529778618845,90.59116712346476,12.663712551837436,17.85197892725987,49.303012515880226,8.193843903814614,19.598018470176193,94.37663822120143,97.64896611478872,37.62593293304219,92.32860210139357,54.48246756734317,26.974246587376705,70.23987210805987,1,通信前置异常
65.89018065748571,98.91253191087334,26.50472874092833,67.20595026617355,5.202375502944689,11.36460386967194,0.3918374951093262,99.94606810596731,80.22736971474778,78.67230147335408,50.97260752881797,30.006708290543994,15.126428446267592,28.467473884646367,37.597122192913915,75.6310096980294,53.96617889031524,7.748362655548268,1.802900895891224,10.233217953406315,41.049871369737936,93.31929170490183,63.74024812092216,80.18258998755151,46.637459450454855,36.16660831950428,10.840037271662272,87.5933022186205,78.31600290279029,16.811809759772512,51.22605638762605,48.73748079212449,62.50915526865286,94.61868939912613,57.97714417624796,54.02172667786186,6,调控管理异常
5.032293293466394,6.290747601802393,18.734679132678888,3.247077169174828,74.33528955700123,72.3330303993963,13.605623443164294,83.60789007952809,15.478603484611197,30.11755869973588,24.8976899161365,37.23070985730478,25.466376588996187,48.8950926438452,40.74078813546854,98.65694907793265,5.592635012822567,14.218137638735161,5.282589390860249,62.58411949823758,5.450927741371958,83.64397373761233,51.19386306819278,52.70076245815337,56.15945077121942,17.081370630621073,19.769030311448756,31.88173228730047,59.34964158218514,21.011777594021453,11.633172713326124,97.01168864184322,2.1981814809622913,80.26974053360216,78.8035149575022,29.7214113845096,1,通信前置异常
13.56266160073134,14.562864670542341,69.74316172371925,64.28065910861737,78.27456742513867,93.74811723991047,69.1927363266592,15.585153655144346,24.344261676541066,84.21937308731145,20.93060758342086,7.252231695448142,70.32800540422505,40.2526355490142,92.00400525459035,65.02550710936616,9.041897779166074,94.78565672536607,25.85572636402459,33.72124904062858,40.2260413683542,5.122429640431325,49.65154222306049,12.331849107529225,40.097032668835176,35.07097879920843,77.28400834265034,80.3170511632731,15.3412882389088,36.65511873792262,37.33531610318317,15.141044393608505,79.84535050511906,70.72283283354233,19.038178629703474,36.6721908593799,0,正常
10.580502485651422,62.820659709304394,12.137192454861967,98.59341686249178,78.06820746878623,39.023854958399504,57.85639322793544,91.13418162164088,55.40992803958261,17.44984863979552,37.87033555811593,84.31448650297455,64.42130159896179,65.07243843338003,86.68214856884892,89.39730574625047,91.97925717794362,9.48491932531561,54.41260019631009,74.05095212183186,75.69268451270138,60.67162019700039,16.678733518367416,79.74205539416643,72.01113335149458,8.613577154903629,46.380982467437626,17.39773995218036,33.74770457129719,1.8081092205685434,40.032986841075825,54.987692115621044,61.95825928270868,66.34903451287101,83.629131310246,21.546290727573002,3,消息队列异常
12.048182243846794,85.15371718979256,15.661281489264988,97.47600813361953,84.2538229398637,50.08766058895991,98.14214249220252,9.737672910800422,30.306576117510165,63.822441504061146,35.00068684731787,92.83725519807918,6.562608817781756,54.941183206096454,59.08662673951145,65.27281237772242,25.566622333181442,36.45664275198644,84.36805296649777,19.494276897015983,82.68678471733621,56.26554229027424,76.21875111940821,71.36073662634715,20.7511495384879,56.88127364338729,86.77231528050923,43.211623680192936,96.65907702233167,45.221510010171805,14.278563666788468,38.94346800776732,95.17024063905372,31.97208493398542,86.80981598670628,88.12506816818897,6,调控管理异常
35.01865243319611,8.325765805063213,72.45579091588182,31.1512299013986,78.29236142575724,44.26548482604331,48.52667423426216,77.79094067485369,38.23633310616279,44.31273453229145,37.619046876962216,36.734051527728,52.594657690145944,80.87994445011508,36.176831192256586,52.42547205377367,67.07273254426008,26.9439446303655,27.752280490239258,93.34131270234548,72.35345733310886,57.71866762233089,64.7720054420612,2.9299443103418366,61.81029655616969,50.95088732242019,54.574967977943565,35.94238268308171,8.14738977129419,19.33392336120522,95.07447132126717,40.8699562270934,46.66831558308642,5.270978985343899,3.756622954398059,71.71814470467577,0,正常
53.80946641211113,50.87059842162667,24.312453042266867,74.47507316299222,16.82365791084919,18.993474366102003,46.07121713482755,28.62798621119409,24.746298123314638,64.52376445533316,65.09717452185446,82.45170697999292,41.77085669729759,7.308509102615024,27.366638492145768,98.00054631968169,59.62585752327021,70.97370848010203,0.7357829625414536,51.820573218252086,3.7528657531803122,56.9230212091448,92.07708496360753,96.84191305004079,54.055267538892416,45.8204805252216,94.5017094248494,67.3609831996695,6.489927953840946,46.57255776674975,24.02450184643039,46.98043214486815,45.54655720063617,58.2144802814742,35.677049034925126,16.427044945592804,7,数据库异常
50.37194345899563,83.0202884345762,66.40122280676023,33.836786592521584,93.55230227588572,91.22075712491822,20.934839938409876,3.9417585120362975,74.13087083507622,82.76102613491533,96.78645659513553,88.98363940883107,60.053476820641485,53.00523392123808,2.784105126258629,24.665644684477783,45.96147517329264,62.85039000835678,55.725183331841066,74.26359896816905,27.976693088704085,56.49526076524732,8.814224339079214,41.366552358320696,75.0160832954601,69.3400853429044,99.0642737172179,27.7891125987756,49.81892991739792,32.95304137739967,44.060311405917474,85.6950129869388,68.42090751884867,88.24411913475817,20.351110833188645,87.3361117841438,3,消息队列异常
5.976227417838443,88.85992804371524,32.90737794607279,31.458763341406648,51.20885766986639,94.06901877232318,4.778136468140537,35.22309750707453,85.65719886833357,39.60544774354668,19.9156897597067,42.47941813314118,38.55525014916693,91.54162014667034,76.19343757430971,50.51155557440063,98.8370566721571,46.527753127592334,5.823783082027523,26.22743218149849,43.60704802193126,15.690262414612011,94.7565126324043,76.68488978177731,26.828720042777267,59.08045335179158,72.1449157109572,94.1278928906798,88.16353491754107,51.51922261382137,77.46526197930176,56.2144753827585,55.27038900455401,11.47419583381919,12.613765801615207,52.95336150224574,1,通信前置异常
26.886154497900662,2.103690246046863,72.28392039002122,3.248659669016496,59.52768411040545,53.91937941273144,96.88146905778045,48.421313934764164,6.360143637779736,55.16879678064617,84.10961706161014,99.68492842814399,43.034317368907246,32.02987424967425,90.66532969519989,19.124212907612137,61.542891503292665,40.57144241809477,4.108236495555529,34.72884743056978,26.52285225026746,68.60911539434869,94.87904976919181,26.804718737863777,81.14659391516817,5.535981693840952,53.81210100398132,7.055006370989458,93.40329911306394,76.63512805573902,65.79499112045923,82.38963816246643,64.75197955701631,96.89443971742911,71.39579478647715,92.46586095822468,0,正常
51.713189201063805,11.706441298186265,52.81777214230171,12.68728280630933,59.249347917640506,48.24930605276629,62.25753978327817,1.0046981054831594,19.484049165536412,49.13304319121309,95.05035615891349,38.360904035515844,42.43720260536347,71.46960890066222,60.3792757286118,29.892615009833325,41.08163955674278,21.769979885723245,96.60214591302085,13.063438155735973,37.18367845664194,2.583897222001119,22.17794919335464,78.04711383801549,20.117523228887947,8.00634025289656,47.44531798445233,0.9969234734518495,8.476615442633317,80.76258695629751,77.14733448596064,91.5138820404896,85.45154359107495,68.3175563239818,5.233285730066283,78.28486179866574,7,数据库异常
84.55108108405605,79.90821457719545,50.847903530802604,23.290183864948165,84.53299756887267,72.71628097401384,98.07611743888516,15.569259775593292,22.566458305205504,21.17981498815027,79.25397676213368,18.690729645011817,6.665982982330609,99.85608065856286,2.4817211445149145,83.52440601588657,36.53668415506528,84.16154597578152,55.4620491211145,90.16312294863602,92.61929864146266,0.9098181280775997,7.541217599278827,25.035872957085548,66.93154163635016,88.8272196511506,45.994195129396275,60.697311627426544,18.849985279556115,80.49668338816853,96.73281113534698,26.85989329145975,49.48259516005463,8.61161105063738,55.91366564629684,50.27834418466806,6,调控管理异常
14.44364841550776,44.2066213118075,33.410465208656326,52.18308753051893,58.565433542879916,0.8495578607209509,76.10059829495553,71.30142918617408,36.62863862065222,5.2935935568818255,75.49325397850504,95.51751604781325,24.015159602201418,32.35246137370379,18.381288948181496,57.693612334483966,15.484139464745494,35.619394346137945,69.70130139342629,56.01159830093484,38.64625643279352,42.02496018075419,56.21108826232295,0.5864727887161303,7.8509868453609855,88.12580677630116,7.787898909129076,70.68035962105051,92.00381641090526,27.06836043017311,37.04914370595142,56.892140584471626,88.17089696385847,94.19055872604201,73.9563248111268,8.661976085469403,6,调控管理异常
66.91541555348508,41.03037218726621,47.07009994910616,4.914839034517704,19.106213934635818,79.05136075336478,45.395883304785976,30.166224163114887,38.401907396495815,85.43995133256801,74.8999017404957,27.231539718108277,11.750184021237331,25.19982216440717,92.07564510547337,58.15888378497554,53.34802087447829,59.63935996924615,36.60282657465152,80.71070203195127,52.32862493002498,11.674790276879554,12.906512482906296,53.685914650261836,93.65702180708392,30.835212167619876,86.95411688592183,76.40955865788793,24.781244290690687,3.6340748316242455,10.184726514238275,72.84939338474402,19.96697380406467,37.12709205053938,50.16991660064248,72.54681684501628,5,数据校核异常
11.323122325912538,40.636640527746145,48.50729091426954,54.08270639715397,81.83606413952167,17.16781950432169,80.78314518266222,69.28784276966522,55.58708141989593,69.95278704025719,41.20177389516564,13.839758596812457,66.57652402653673,52.46723066856222,63.93748005427755,33.799878102849,90.6866577339836,58.736986857557696,8.540248429087383,44.980399070442864,75.63560547436343,79.41345617322723,49.45970527637588,89.4747570831301,26.766843719429755,41.05986972382666,89.859691056897,89.62567164715789,68.57127688246808,85.89805471222202,8.877326695623267,86.49949762077763,32.061990655022676,17.833151242821632,23.936983634204633,41.79685080138871,7,数据库异常
25.119200460446724,32.0567586016499,13.497848607164208,29.617676555899852,57.22838145420012,44.185370809106395,34.67187612359112,74.6452128857114,89.3509971393318,75.6789222902397,33.200070211767915,74.44421678375537,15.19801824740512,13.031798809129091,34.562703703615895,80.7702369044057,24.634824724230185,6.325340889867959,13.170953520635509,85.87449685295802,63.37832847472876,25.320116336997668,55.52958253281813,52.75796224253504,65.54359784406613,23.31875544216163,86.44029871943977,30.936856208001284,69.41316539762369,1.612464637221489,37.26571298941472,35.17098179588083,54.348442858301446,7.27362617771965,79.01313737261083,21.778080176756852,4,数据路由异常
67.70378148820102,80.32121232440932,56.18769562415131,74.08832067219855,66.18603122150056,35.55297971520076,80.88585390335653,29.4701369885528,57.12129177515172,74.53977391415395,37.89559098125076,30.276760761742505,45.934601017282276,81.79634943491536,92.99217631456648,54.50834128598901,66.14662053236519,90.32736222389141,9.85468514129424,23.207857786616504,70.89000062515825,82.37444619122996,85.70290283305779,41.51071768549326,8.933990229186684,43.778147729961994,23.07345902070538,29.11964549966242,77.22675568375058,7.552708602588687,82.75812174807021,42.76690858241691,59.60639311005951,8.9652231235679,33.735907835727964,8.970091901484578,2,采集前置异常
96.15437228811096,80.72616493262504,45.963275435646025,22.36025483236711,93.34551052498522,34.45965957269718,16.098443168737475,56.31643884539549,94.37741203448161,0.3830290500322575,23.812484325399875,93.84476404104076,17.108596685716204,11.324345163981986,57.01872157998045,86.18438232948299,47.71098176939261,99.45642566845248,67.91716995379929,7.407490721044773,99.28321316819753,40.78942367801904,28.740253384548254,55.787918357788556,30.43075918208643,8.645750712015232,0.14283430791767193,44.95833529202623,83.68634222265922,57.231518563007654,99.92072989434408,28.68466456472,28.04550647600553,15.97494602339442,16.40635882653352,28.51865960100478,3,消息队列异常
79.28400452735272,90.57567906364478,97.50871697076813,23.228965409645262,88.12975456140917,32.82550892773371,11.28405445168844,87.00249255201656,63.61056346436186,16.47308960810617,42.98312575130026,28.725769487706764,73.6794568710197,45.341623062426805,98.9279945106385,5.474498225959512,35.50152661362467,48.19001671099774,50.31335547483198,31.593582238563677,72.9240249097568,87.47470734889747,93.8719301977863,80.50933767995262,85.05801973065994,55.05453006199955,82.58882264268146,30.350390914795224,39.84787621092144,31.69130138185443,46.738733544792545,28.557961623863637,96.16114422544469,31.284462800566814,9.804453811093982,52.68171660504134,7,数据库异常
5.7099078445176366,11.054316630858052,21.93893891962463,46.43502498821417,43.32509323090279,79.96918620027913,73.94746538841133,42.63182939907013,33.37042075756299,31.64687840614986,77.3995087294009,5.2072406221269745,1.2821649510605826,79.5544391926648,47.71463759890493,13.088113855357598,23.556593459450127,93.25039530973825,85.9502975624898,70.97850502239726,48.22252303373266,52.032362619138574,97.52445352839587,96.57704438842872,21.526904578583427,81.11045663053181,19.72426661670168,21.35374778839514,67.60930341645768,40.50010985875484,93.15444071065203,8.900973489600883,51.152564080949304,91.85215304431212,90.41136604795051,15.652921341574121,5,数据校核异常
36.663770009645646,61.912140004669624,15.939488477140218,96.80221720457386,91.47493287276603,16.695017903446917,12.115546126098542,8.54084828082653,90.94436640366311,19.362380979546078,41.62849285443547,44.8851365652003,59.901104421356756,7.173534374742497,22.675861740051594,93.1490386918926,90.84101072685695,78.12906474056922,1.9401245618215435,32.70067684961021,62.79587353429078,27.519021177347568,90.95866950537773,63.38894618324419,7.19067173164456,90.9005588835703,95.77666581762226,7.771241839172549,53.23602348613149,30.336428221417044,39.283907648140236,17.965121795534188,57.807210201241254,95.79793532488907,50.30726002716091,8.291458139448116,2,采集前置异常
62.000133347740835,34.022299445125704,85.59251895912978,43.467814831647026,19.28396089422456,19.110562269114496,76.87641807211604,26.55875983073599,76.7233394159223,20.58873107665994,32.16863687013094,46.54869724396994,94.31958496934507,93.17314247538246,20.68718754222878,35.82190412430728,14.939938845377231,50.998507931349714,46.05825506946666,90.07601624507325,93.00053777910726,38.35673910072921,49.173794301898944,89.62362491461332,80.67078077450614,0.3656311344649277,32.00595641835825,42.17742419361259,22.97162836832317,19.957161589593873,3.7784506595679668,64.33697250697605,26.251029048316564,5.234717843131309,23.097931052806363,80.19139528361265,2,采集前置异常
85.14891816465466,48.30662451933026,41.607067040868614,97.78536935017817,20.05646595880699,21.535928285460848,29.186717703639975,17.275731828108732,37.93655982041866,91.08342269897538,61.534784062857426,41.19465486122637,93.44107945712148,4.846423247582232,21.027617790186138,56.5888605101759,61.55526231931792,3.9557506562613143,40.30387579071322,64.91539648308728,69.80705464034016,63.813990251626926,32.05632243609246,9.352012359790951,42.71124464193341,12.875443736805547,94.76236585206671,47.51708660226283,31.725917435686757,76.63040711189001,49.79485925822639,31.003402401245005,81.19677423908017,86.7152151001122,67.3008166288677,4.6964422407667294,0,正常
56.632288016653206,76.32949119972817,13.650301208358218,22.867075138460336,88.24951050681365,2.0121721853074037,75.2727137825976,47.37732925144229,44.677215883960685,0.7096532494887176,81.93982309664928,35.98249006365665,54.07656313005429,67.73006863356595,70.26295764379158,95.59800588260723,53.13399532366091,39.97195509744276,95.37036264917079,64.21102350255211,29.81503562765556,12.646424540357115,84.25545014651813,36.21816027941516,66.04697213644312,47.08164193658981,19.892977979503833,60.16866086204651,6.068306895068232,41.334245987119225,54.661493966367104,43.604697411857906,74.86721752509908,82.79249545453125,77.1243074033178,3.881294781180211,2,采集前置异常
19.41287704459722,53.66075092637743,93.48220404438013,83.49567750521169,84.25345083518016,30.32081937596749,42.94478970787026,47.070594731593744,15.737158334991042,3.1068130244456316,94.69028994605169,24.07125856635067,23.99489037236313,8.337905376875954,92.85077519437786,57.9737114939772,66.70368571253539,91.15768872630525,34.56201689007895,62.15073111380841,3.879945472888746,18.677252823112934,83.12458050899426,76.67683563383358,35.06426914571469,37.681062777421246,53.35544335535795,0.02410046851345493,24.124433603802785,20.823180860821445,25.048294674976347,80.59058425334413,27.967385654644318,19.152132205014816,50.42634607930315,86.56450363727319,4,数据路由异常
24.134970383749987,7.853624279279869,35.64047358496647,74.76518245649778,55.06905446947946,81.67933695743474,95.9592147609234,79.26624767516171,60.38030788437534,49.33415880523805,4.006908634826667,98.43219788140412,38.348112257504255,15.222821391686681,66.67088553964568,28.428828909545935,58.57782709310476,58.67679078445912,44.572982090286914,83.61186155450426,26.496706155544302,44.86325916177341,53.76921285909715,66.36247207672996,78.39718505055895,39.480728287825606,64.6046944096596,15.061095306851913,93.26481005424786,38.305880642100355,72.95214219764384,2.0341081882177647,20.5187142904807,48.7082544323578,87.82524677323465,52.72551499506771,6,调控管理异常
92.98704822938791,48.37968965827963,49.044909673594994,11.974678850053188,80.26562441522198,24.69654124670625,89.9612489372315,91.0824220330396,94.33101118741497,52.023048910309,67.70937847836443,77.85158800616635,13.10146186504656,60.09571949974972,3.4297901303311673,49.75660833887259,15.48426816202274,18.29229259620847,36.50475666926015,43.243716671650304,62.317242453218725,7.442841843851566,50.36917612374447,18.262513025310113,57.397517503174186,63.74046122611835,55.67092565528539,73.82955104783076,33.56092442409013,76.5106591633131,43.27670817081937,48.41844983225968,64.81021272610714,1.835838399922396,65.39942214202483,61.858514907211536,5,数据校核异常
30.984711675327993,8.579428489948949,9.093544991304114,92.32237469852286,68.92793212258371,12.710261377074039,35.67231693089064,59.248299390159644,83.55717050906487,4.366092871300853,23.663313147000885,88.97489902953801,0.9165550183816484,20.13991027938874,95.90241759729659,61.34018465221711,26.167136663750647,6.699109439584761,2.8191340447222157,24.474507963692727,88.14858195889104,41.59136542975095,72.0333369165993,91.82850353799577,40.80404616028166,19.127737103739705,51.71179308569195,90.80836870598544,80.43744141377006,6.582984336315379,69.25728000775818,57.18975224589538,90.74631763464255,12.248141685029722,53.40361132046566,87.94626935118923,2,采集前置异常
41.0023786741743,48.19949177328671,7.046067766695829,27.814364044891082,32.45066491689473,94.51224487448869,28.266736054115903,46.0868735269652,67.13044235642798,16.21833724078774,48.64423871418745,73.85390394759077,86.6855213027066,62.62592746624267,66.90535153169479,12.628347258456895,94.57764972463471,13.257407748448236,77.46729371817983,26.481632177831884,93.35931437012516,71.99595393694796,75.38137129783689,21.905917305988332,44.30399766351608,61.78131945892864,76.99736182066009,10.395937591238958,96.23653164545284,89.0220670554556,27.034859049558435,82.2760243032332,51.832392303982346,46.18064815620186,31.44341058114054,58.096858663159246,0,正常
72.98891177035978,41.09329049627583,62.92191930082921,69.93129211553037,71.11218170152858,5.196609813118025,85.97478056850669,45.82533147650479,26.241608169621443,24.176450747968158,48.301411284395044,88.68315394689591,37.83475816826469,74.97257467835433,9.68187309872186,47.60567021510618,99.16861403927356,77.0437802792337,21.0528488440613,50.14414736979107,23.362476364856654,40.95609272625092,78.00840237349648,77.12248152904037,22.810037790238514,92.22233181548602,59.25681827648268,37.992429096201455,50.19355807808606,60.50712534377437,55.98905318457854,48.64050355361782,50.49328040894001,17.641191042788616,81.27329043046794,54.176031994101535,4,数据路由异常
13.107986170470308,76.61571015827779,93.24439783773508,94.7306899236962,36.901773241117276,13.551687356075403,51.839962663306515,11.260922934922068,93.39874185126172,18.357962735514597,25.276585995116406,40.663652688497045,38.31644685591258,79.4662892397889,45.631682055096235,17.07682600033369,26.72098954860741,50.9113385187522,14.745391742613489,61.16556756460141,56.57473065511459,71.47023163822577,93.77046153793677,91.22545611011557,94.60756180688314,24.471559702370094,13.156530663935461,30.22767004964485,89.50851727663147,97.20534746234883,85.9324951070476,11.00177211275436,94.74279980597932,42.3358027350786,0.9310290762353679,44.23937407481936,1,通信前置异常
4.606916967546759,54.387792116111754,33.855402743705135,47.343493359404874,61.3170360743117,86.88010958178202,66.19015764719286,43.40488684781807,81.9427853670365,90.55821375731323,11.975996643219721,53.19329775527915,28.451195974244413,4.706119787694741,66.85466951139854,86.27707774592255,16.290265447739404,81.24136576239005,85.33957335369416,91.43404426664836,26.528508908605243,90.39530651898893,32.06627547364322,55.23380134555028,5.050747083228213,4.388108836874361,72.03732127322029,44.4479977977791,25.629237536921757,19.04134960249102,66.9953490859218,0.04015440253398728,80.58911691968542,7.924960612992882,19.148961490811946,38.62363952990896,6,调控管理异常
48.48587397161036,35.49951158139418,32.071216498429386,96.39160120731884,64.15796812433942,2.343295536738821,43.01759084443132,87.50086997439702,30.145618641066797,9.455634477438824,75.83847715899178,60.60138319360813,57.03125078265039,5.357655960740793,14.049900979551733,62.25493962131138,20.782384145883583,50.40700797484243,54.488168602939346,28.35071902709394,94.84251555414929,84.24641068355751,72.23735076327985,7.7993866409409085,10.613001930901945,49.27813458649557,16.071334919098568,97.8265463529474,15.852023402740944,48.746783546397396,36.41210568415054,63.938642145409794,12.90364088894249,43.03164280423909,27.470503280714365,88.77515246716881,6,调控管理异常
4.058571213469508,91.37274940064593,83.29941385530005,29.757071644081545,78.92906546771047,3.121356033874756,96.68655502933936,52.65949425897893,30.328102606544526,36.25832125946771,6.640535346049736,98.93495140420391,3.9291945150692453,65.49071231478591,44.273592770645834,94.89162181887151,24.599974030679515,53.20868239380113,48.2356208582753,70.28664440501014,6.801023195242051,19.378913002335484,21.456482009284983,73.81507548416897,18.913869632674007,57.349176389097664,21.52438205009537,86.16249500839784,94.21854544896385,51.84929749422405,35.23088842091783,23.405777501749913,4.978100152304377,26.85000761974954,65.42357799453178,53.36169313092108,5,数据校核异常
94.40412782809274,39.62772624917006,69.38633423283946,48.93227474751214,51.25762159242117,26.777431460411748,45.49507768419997,47.07849970127073,70.66425217489339,94.06399991861139,32.93212774825043,4.2200468581298445,49.62951255006397,54.446133214916856,16.844055113191526,76.04646062760668,98.49291084414916,94.57747170084609,19.71060388236522,87.53632399007607,70.44936364116847,45.384656380691155,54.0610994324729,84.9600174982458,48.01349396383732,37.320736910512686,49.32474930259858,57.91298040350491,18.907765377834885,90.09077302669907,67.41869488296139,63.326891733748894,9.949622618063813,60.41739381725918,12.096066223849233,7.869767519539906,6,调控管理异常
52.73108956423933,40.2785534046495,58.88102701562232,8.92221680572386,43.09830628472584,17.4786715045158,98.71000859241165,56.11502124351744,68.74368609408673,32.541828068260784,9.473891477934416,97.58708627835367,28.62590353831832,42.38081851735742,64.9863921702575,2.4697297686111286,81.0259130517287,53.65781900286203,27.821718706882216,6.160798529246925,16.249841547444145,89.50338588534369,68.60242239358911,24.990172163688985,6.560076494502953,69.06153123866363,57.24077259677651,40.4519524458235,36.361144919006385,21.68142759291083,66.96112565375176,97.06680277938705,17.571524583682585,59.71166200155034,42.41850557459762,44.668872174466486,2,采集前置异常
25.41472801278144,82.5134875661419,48.52556041472411,54.34058521982641,30.476091279732575,18.180846566694974,8.591038820282048,71.41191409249159,19.623428168785562,69.00753541887977,39.03764460469539,41.57748009896515,46.91774960927717,36.77085081275432,10.061997722259008,30.963181000284578,66.37343606939385,66.57844014688709,28.622430723999436,46.0102626557688,19.344722801193747,21.037208152983577,2.3047088406607408,89.67465499077446,21.07066650749062,22.75338769364633,27.96014326451318,12.7408071695429,63.92628831813628,7.514295317758657,13.420242632635027,64.47567265900929,33.96606204814427,70.7947826701189,55.742474467014205,25.602117306151307,0,正常
65.08279504893281,11.627368029288066,53.64103830800304,43.71481050450347,26.787358281744076,60.40049977395001,87.13335923402825,99.89046997630767,60.77627687434245,40.470587432917014,22.52071002162016,25.709608939511174,47.94549781497657,36.72777012807092,91.38145226249442,36.82954676557095,37.34445911454355,38.35345124339769,83.66202103676581,65.07883208469019,61.416885031889265,33.41430223838622,81.79041768324394,3.8363861355701134,87.07971723381132,51.27498997939296,39.82502348634128,49.71672807176857,66.7415530533831,1.276542651789736,87.15518564582477,44.673952531139285,34.296651970007815,13.82455656340571,43.94653743584421,49.632277128437885,6,调控管理异常
40.36466944934778,67.86600938268971,42.0896528759226,96.14175778465733,59.92775178235918,80.74779356519089,10.935590310947884,39.72912929459057,33.68477014471527,56.94823881365918,86.11135200614257,7.833821776200667,7.257479804471078,85.03177081575988,21.285008603835742,66.87532544498137,54.28781323608052,83.28935948872295,12.508890983640352,12.978296572261128,55.681836027830755,94.63786533583709,41.499775837075425,32.694210025469495,60.66893231978858,93.0448600545031,83.69278328446237,99.54836107332198,2.256858320237709,11.285814471276224,60.946776336662204,82.05764393338497,28.524434230676654,23.921108803421877,78.69757993812009,5.638185385323158,6,调控管理异常
36.93826475825851,50.58092225923298,56.03486743503234,72.86151567927769,35.48457234306582,61.26843446746072,58.53754227909563,54.76161006537471,64.04832931422122,25.94491710680763,8.464875358462898,11.927167203974342,22.458238265390108,50.01979355227852,84.04427505460201,70.12933420883842,78.90406042020471,35.09756239260914,40.465374164855014,39.368188599061284,19.187318440450152,6.121665814357202,59.09160928272268,98.92166834205861,16.682970495026282,4.6684819899273755,77.9531681823933,25.25860066847242,82.96438053529283,70.39366670345154,94.56735370508046,40.8927235756672,66.19698394506341,46.48547808132707,63.05886973085435,44.95989060077373,1,通信前置异常
18.863224642407484,50.78974160033809,52.85842014374423,81.0603848260161,73.55207057935812,66.3791623941444,11.338709555257253,72.0616290663715,50.03051563545148,89.40995361061593,91.98709341305428,5.515659060178546,82.06415603544788,3.769739042267062,36.716962569502265,54.22999756210791,14.810079862712744,74.63138125690769,0.8354704172138572,16.859904843403683,58.07968298534757,71.43875620372924,91.66431026939162,70.54966519346239,67.1779270254866,39.43411463506643,0.12844255268014138,12.015925873562194,53.455454475603915,67.51298858444197,41.74482838964625,73.06790115283903,52.186229533217876,7.4176195594312215,19.201625096794885,83.99982232439429,1,通信前置异常
72.49127466244396,89.4761987012495,11.755724912093656,99.02225346150739,20.94067139499336,1.177987628664201,99.74229390535541,28.107388544511313,66.80194525125599,17.66823141763052,58.022853219914175,90.40349864545593,32.01811674284386,67.02539760443592,18.79035887984165,62.479539871872525,33.64503518175101,21.12082585879517,31.318205070363515,17.884106850779936,90.19161078378828,39.71868863171289,24.527930497436735,44.840784101593286,32.053616680649554,74.4419253813326,97.12199118854944,43.80336566976468,86.10333999722404,56.58630735596195,15.723566509423348,69.06227420813416,51.343449712582014,65.06065232521034,88.9687412571665,44.043457065604606,3,消息队列异常
90.11776232173557,75.0669014281655,48.860492587798475,60.32221356579637,32.55811325190115,98.35972997387742,66.7351163050396,4.38468524966299,32.662190574800874,62.33144337590575,5.63332777992398,2.3884191319142767,45.002423952780255,33.269017969267,43.82986080331659,26.269330988000515,16.47177469429809,68.91433569803377,51.45711162678005,20.015421124936683,31.958942625999832,59.18079076633259,7.2229348272477845,14.745300926617954,7.324560410739012,81.23173327141188,75.24092332120092,75.33129318792571,71.6325343476028,66.93854236698692,47.6991915378175,64.22781635071149,3.836155478797465,62.14644226567846,77.78777055368772,50.035836038439015,4,数据路由异常
35.75133284272369,27.742673480097913,64.28020501620824,69.28011986299087,87.09675998625426,34.233408246099074,76.97723073855856,56.135582418933794,88.28364906780791,52.78121082956208,51.76298283979672,57.787708144090914,74.93153551424344,96.4690478828461,7.356335421576565,5.3434602391017165,93.75503374073385,52.98756255182061,61.49030145669361,48.24236015947289,9.365745260747449,76.80893784186665,74.72246450885869,31.1703321492812,30.623924522840042,83.78413809055185,7.235725774132662,88.11051483565659,25.66616898959144,59.298474775549394,93.59941790017777,67.81225015366465,41.44298124670366,68.95342089054152,34.39796363163702,27.725841634918613,2,采集前置异常
99.66832779346797,75.07902311797878,64.47199773818177,35.52896432193188,4.916082915504816,3.105687603515561,55.418125544879885,76.2032721039051,53.73791904438551,84.07850719391146,3.3426533093221633,36.67520764259401,23.707039117417807,44.7272968157122,7.2376393194122475,95.41316415710726,22.325540106936092,92.23077754835847,42.58931550366818,98.5524133255218,55.40583834602108,93.08328641758075,0.5348988694222845,74.82388061809002,90.30506531025154,13.972056697895407,9.612585173215148,42.457260718595556,93.36789061329351,54.23865601904387,52.74564637217322,14.112611829932186,0.07895110932187865,81.01400907454612,8.757456298623822,63.384981873532396,6,调控管理异常
91.46164545151915,20.865191315843102,66.52728362369108,7.869857670750946,60.3755143837613,16.393172095320274,73.5953560515178,30.12312947939082,46.33910088046462,59.94305420276217,17.12734106662396,74.16378186176209,30.264034063681457,66.23718599127535,15.828305069937365,68.81176592063503,12.818807281046174,42.535649626998364,24.72060737388768,74.83752494281826,26.203500450687457,88.17173063953962,89.18202114066128,19.644131522278585,61.38459450077243,8.771764171996432,39.15370996016292,71.33217295012723,65.94232468499163,62.47006694066079,28.25408636624436,37.8024949434402,10.294614470028618,71.9022820433601,50.38887967912735,70.87656323456545,7,数据库异常
24.894352479687278,32.443822863506625,33.42153372601147,2.57424097472162,34.10478728306236,80.33045735180335,89.72984957497385,51.821831563592745,45.55016952192202,3.0824618699370254,87.92043375853827,1.3010213425872719,94.47500802102118,48.92162486880907,34.19344935747266,92.421843484266,2.4390993110096737,58.14248948690871,54.89325244993376,21.932040121138208,42.88874313502106,65.22640059437703,72.71311968819275,0.07168587065797816,93.68534300910153,16.45253723928124,23.35804342223592,26.347344569384823,3.782013655203531,12.305212359032492,98.63499229441621,31.521673737728605,11.530109033904933,10.699126117462331,71.94599676699718,85.45686640326409,6,调控管理异常
25.695229950846986,2.090951233523497,22.30900184453558,5.651569079675733,10.339493663004152,43.15081198476424,22.991837086163258,51.59458785254234,25.349375325719038,94.05373011029477,90.59439679262645,56.6806105010466,35.44239919873861,38.114688203473555,41.185228314449695,72.7579322134944,45.16389955188379,85.67299465058974,94.40947859303645,33.59461533789339,56.06944813756801,9.505653683256444,20.0469047766359,41.34657667101601,20.620271590177886,87.65604907887176,15.828625605909806,45.566082155309196,60.56992404598757,69.18639081608444,38.306936972650675,86.90990687247286,56.831915107792554,43.95077804475518,6.724063405203662,46.4689468445165,0,正常
82.07358408157303,61.45410182213155,83.21624537291183,49.401167059930565,11.846170509448184,1.363984583588107,30.321954671859118,69.79904714977924,79.02599039416938,29.575283462032942,49.565392088324714,42.111890443408164,41.05227843514279,23.134871320015048,13.637110502945838,19.668855823121312,5.53323871633461,19.813074182357703,0.9200897625379456,62.72584006359783,31.637540738768287,97.31447114269086,19.371705077629787,34.58285703095939,35.78411586415332,0.845149606246054,83.9207953039459,3.199446014432472,94.01798347292414,89.20743510936207,53.55219160859635,54.35955749112921,65.37779229561563,38.7050011934887,64.72222833978554,4.476838868848687,3,消息队列异常
5.404762734972657,45.723041961954436,54.96223011060349,88.7817640335819,10.466063390789627,82.26479271938894,21.004733729206958,39.408364851003185,31.66024348274129,40.0155272865399,15.049549807258556,50.357007440355495,80.16425898313673,44.153401037889694,49.061357589819906,84.87675852813142,70.60581146380308,49.04544085197847,25.769564818917967,88.49267468449666,57.702040169055834,22.11476101106934,26.911975263801036,80.3133088936246,4.414556208745546,99.20921870288201,13.035167971479177,79.60685253969373,39.47753167716829,49.221618328746686,88.06505774645778,41.291118958921324,53.74937536732345,4.929966240916994,0.23474738674531537,24.47998730017259,4,数据路由异常
68.05830929187672,12.126489335913671,11.376195880454942,41.096060803590326,64.78370386082265,71.20719922479304,17.84506740983748,7.958814737204245,94.03970339455442,26.066638256210172,85.33464976087238,86.34914504628183,77.25225917625444,16.88336066525701,82.18014592542004,76.92505592415867,59.67229901062171,33.720203516895275,26.25086042665441,12.188921208035897,50.975706690087144,58.52608755098465,35.93389905157872,47.53590676808685,36.35144573692667,64.10060573207012,90.12592077965633,16.39202620469449,38.14088099031234,14.08686039508613,62.4943770407832,72.88705094885958,93.19127325974559,27.887192626096493,95.02112058654302,6.32626718206748,7,数据库异常
60.30138633645882,5.713271934332997,89.37741877619449,52.98090570700541,66.93483507627961,83.15739259104525,15.031062248396875,3.8591561938133845,87.88811459128522,31.49332274589325,12.897890792716527,46.84612370870865,59.83060756960188,3.0970603422510123,27.489565825708773,3.2799874276896013,42.0335389195499,89.51000290662444,98.26524114935692,63.70475535036275,16.16376937845918,90.58493899993057,51.62478232000605,15.374931210291809,92.17266694516614,75.7469050723103,73.17052727231516,70.91807037944046,20.03398210964423,21.100669170752607,68.8292998427255,21.972275011039688,43.86716968030488,78.20018255939414,78.3952518097841,45.326177252585964,3,消息队列异常
79.21899382752451,83.86217961980567,65.47757512842603,22.842585230842015,27.401178038554754,31.484115540873535,11.6804107733952,27.315962036994513,20.951922431253212,45.532874980860214,90.84375478722649,10.448031675395807,72.02679239473956,68.72830044131277,9.575419866335766,92.25724049058,56.84722021568196,36.372552113568425,75.65385834953067,25.736545840163405,69.35098370463204,3.971120757224722,83.9408037609272,44.81708470213185,63.66929143579417,22.123781980668365,67.7073712658448,77.22402758932766,47.321318688439874,61.77269240617943,45.63259238223986,89.40913692578455,49.78691805143192,84.18087090288189,80.13520582702486,41.050482134835654,5,数据校核异常
23.008449185747505,40.6082132559771,82.62173757752201,22.763253581939235,52.44363458577494,80.60967479607474,35.34774751283788,64.22096370026973,24.56315740488145,10.927944536815993,79.43842250928563,9.896862340870683,27.13813950795846,85.51094219974401,34.64692870786672,97.30453495141612,97.97343347738597,26.82760204535567,4.097822224989045,70.50632842053791,45.098650264834376,10.07528439595763,70.75228189780428,3.1174909111921223,87.01966904922422,13.865252911330373,12.7311878746725,17.567229796858452,96.02663584920666,69.3169360253846,80.13715354636368,39.7634985732753,33.631272750495555,23.448400678316993,48.0648028312409,55.18287335341685,4,数据路由异常
63.17748436527554,25.71185039986945,94.86540809029907,16.975849820713584,96.56531747664123,1.4856122507503788,48.11256918168456,33.336783811656275,44.91234139302508,57.0664578980789,43.558915801270906,41.4846850301595,73.27234154133066,68.58762750864646,83.32712820358479,24.995898123949555,60.952850975406356,58.51947853928539,36.973781087268875,48.605754190268094,31.378214330572874,14.18443976169852,21.380121066273283,10.55136464012011,68.30695751901241,66.07273931091515,95.06063715798729,72.96784136472412,5.204583875613144,88.42451739289542,86.26751629457257,44.332032077269865,58.586305052792156,97.60783324725189,53.23043638481663,90.53218283760897,6,调控管理异常
8.303875781018643,19.105186870868284,44.07549434413178,58.47568083373047,81.62278518628003,98.82621151431869,38.885149647411644,4.741563614008493,80.11715032953248,60.43807190828081,19.854285886820165,49.48284566214202,74.23102455337244,77.04117870686437,49.9618411998762,30.521453012885914,97.37425820384935,66.33626109564929,40.82375193462987,28.04632242046524,73.11029830035622,24.21834455937677,17.17099889736882,52.98338889620703,28.998739264414187,62.890514492361504,11.793867487423348,65.49411045673216,28.329652799770223,0.024293443451273156,12.693605767417637,93.3615377835094,86.73546391153579,23.360903203623685,77.83719045454912,60.857159317397425,6,调控管理异常
97.09047114498695,37.36056595340591,68.14606125171713,6.353572242391858,39.6247346816406,96.38176611881805,53.89808744501205,28.787950333484456,12.027096312860685,70.35283401815305,64.48560434297268,37.39387136037746,95.09413518658343,2.2202812987850318,30.37238516318258,92.10694862995814,32.09354383194404,25.225283385517038,53.42204099312473,82.3801749920538,10.314676087836105,94.30207096457362,79.5072881181164,18.125025555155194,71.20079611981626,38.495872263755714,40.22946780763187,78.32900924388665,96.27848079807322,12.665587284719393,42.06302368788194,48.09416080843035,37.63118169549976,36.3189123716225,5.226866756159653,68.55386205626233,4,数据路由异常
43.62144171200454,19.479380264392677,81.60335023020684,80.25607481516279,48.63916280888938,29.845066114776053,63.80927257964524,28.815213577740305,23.600793032371204,73.05146540263266,4.0325239720950705,9.476847103459395,0.6788174023589777,15.294318647542616,6.899000871045946,99.58023677799186,28.880996995408957,14.926801266924727,24.099625799591795,93.61255715401346,52.016022302439566,36.48180963078569,87.33914579092193,39.499027054903245,33.50085699576958,20.728252254973555,37.77968239094115,31.6684356016926,67.73039592981411,28.958270467072712,57.71997464225615,6.589216503197271,19.128915669651438,40.74052716113488,93.69492539086954,37.72519857156954,6,调控管理异常
66.4074121199834,25.508722242139815,12.703357597323173,5.853660008005013,30.541349854275136,15.766102679690796,17.40104480161242,76.075930838695,1.5838070944874216,55.78101257354344,37.94613805934648,50.65499999085472,56.28302372146029,31.336769445727818,29.51088601842853,73.34018493349058,87.12769881211571,19.25816324585279,9.761876053514895,89.77958063920259,34.989546364739866,55.13173906628141,35.95431445200035,12.58023363460513,58.933164494772804,52.514085176962965,20.299355919119723,45.186904465227784,79.69475040156459,59.04261031078914,9.691732706699485,54.802149722913505,70.27382992895869,79.27034057807514,62.91175786342668,15.265816454078374,2,采集前置异常
71.01732665901606,67.73418460815164,2.442688294063322,41.174766759024315,33.29502469623733,66.94120642536434,21.61358123109207,59.08719229742585,91.32059618141723,79.78023722086077,92.14577362165303,97.850596693269,1.0670127006162766,62.27412763774775,41.283939775890644,85.98544903351217,25.181470200913168,98.10294891150761,61.370796954374725,79.35374022288309,8.559955282276832,18.345788475886504,75.84036730342032,2.198652203932361,81.68779858937827,1.3949018691911452,65.71188390612733,36.50939202318059,61.149485271919914,69.60314069891137,34.24752191863042,10.796244811083556,6.964586774826564,58.89360225625479,52.06553537341115,74.22010091211325,4,数据路由异常
50.97355100039371,42.244579003087914,39.808717823623084,2.6446902597667465,33.55572016966571,97.60201575244942,87.35555762270889,32.93780670342177,58.77954050663722,84.7296745535494,44.12743367500687,1.795786375015096,7.451046181864007,51.039272134870664,96.94393756758784,69.32095422188678,7.091619143856953,18.936087579186278,77.132314321685,84.14397599562447,61.76945861885908,64.44231696298166,2.8337450383384644,82.85302595815085,78.82752081708297,25.903514410334715,70.8676719965507,21.48546064249981,4.033016105151299,20.113654259037727,17.86288767542995,33.77479967348472,41.84494971754581,50.853889149770794,47.675387550832816,27.067460596528935,3,消息队列异常
2.9170668574074465,60.51016222371507,39.57448298473544,29.86721573875497,86.69410428305123,74.67433077981597,85.77655483724422,49.4982794712461,13.093125212677748,69.62214361212725,20.607377993717524,44.12296690917168,6.5000788948888495,82.53084024229824,12.594064104750057,90.30975070493096,86.42306022615571,46.4582764439246,74.43682043039907,61.94450738181533,80.30756423377449,43.180510078591205,78.580848424435,46.245681706514794,94.09657878427939,48.637210082514756,46.261927193372955,78.50718615635127,82.15776917608379,55.44891143211708,17.97978134950754,46.77582309575795,96.80725029096784,75.29861930391851,81.11626038791321,3.282549881924013,4,数据路由异常
46.78594626341599,64.66211336575553,83.00326836280748,4.927365358277147,85.24388856418732,54.84009367419117,19.731397057605992,31.72552164497,28.192955175156076,53.08590342884758,5.168567991113182,15.853615849992353,81.26930433757823,13.260399074681107,23.339626945812697,45.33706056041573,51.71208881133305,76.36104796141586,44.73324266661878,78.98646210355388,61.834630704545745,11.309973942382246,15.633143839283859,43.70337254497708,39.68893930890396,74.35442696372945,58.07371397973519,38.81330810022493,17.076028345038562,22.683710232549515,57.550101846905896,42.34388048997925,51.492750886067206,17.067743530223368,66.29062523445658,85.2538740855967,7,数据库异常
25.79395067869006,49.15142258318266,97.55273290209018,33.32417405507277,59.50463449237612,9.019570020024437,60.601500247944315,8.963177330461791,95.92354353238221,71.56626520723114,78.81597881357064,70.41043607716368,58.97290360764658,44.99127810855054,85.83733797610624,95.6835667543063,49.90361729040813,93.1535049155262,58.33329099885175,53.83841868964332,45.44827329553567,20.928776153011984,0.37196608180591895,24.150622685606127,50.97231716035652,37.99599522597526,44.84852280026338,98.06482195640496,35.027237066932756,45.21829393601079,13.351555135281956,4.795773243698765,77.54095145924947,57.06831750719786,76.0704806043895,14.986279888655163,6,调控管理异常
57.18287711826909,25.364247434137553,22.806181690001992,1.1526014052985256,13.034072356907188,30.926811149969534,11.687876059093904,98.58584404109375,30.863264852395066,13.032394670232817,19.908231282795775,58.77032283414765,6.404352386478851,86.24341301411569,96.14996792371473,24.674742066738087,45.00952685908594,2.213445102949707,64.07102247272215,41.39260580525889,27.005846610155572,20.683711061660848,65.40230776587605,41.62170310323145,17.9659289029912,68.91090814868241,56.507228303669365,85.86720549294962,11.74758988764929,78.56666019444562,67.3516786817259,11.501093682809781,69.48207298717207,44.15472888798304,94.49847855558431,14.161135061789931,2,采集前置异常
64.2833390815738,38.1980045462946,95.68146705908778,32.997489529027646,96.21859094918001,90.1485851100749,27.038323531065632,80.35417768264277,99.56042018035059,25.266300217128233,43.67771693233197,52.018073656675966,29.49311358038643,1.526483964602976,22.012924419752665,28.193688434175847,44.35997013181871,17.110247841340186,87.32543566916726,70.4911132731336,8.520047755966198,65.00924511399315,65.36564764056205,95.62211736436277,0.30208713561612477,24.79324498058072,92.77914793753155,93.21339153982831,72.05864193706374,76.576332104754,9.148295792964712,51.38758347782336,23.15829912889994,18.121804361361725,81.03032991233326,13.503813668054743,2,采集前置异常
46.86516369963852,93.8578239586033,18.583205556534253,97.79934237382346,99.4287985761059,55.561715468240294,17.014274017715792,31.610488794089562,42.44928326765351,30.932422435822293,28.063557987651578,97.22297092163575,15.336482741574564,73.33279087168623,0.041028943917487126,59.61826694023769,91.59430039540524,28.793409409321903,18.55259752577192,65.1679794878427,71.26014072983932,68.80305189519814,31.931688002137403,25.22024021593309,95.59187999620443,92.32995082699294,45.731660989282034,84.61938661543734,45.2323477634296,42.43890180725104,15.676294759929466,42.64060564919728,53.7416938599807,2.2504327428686466,44.41130051754064,78.13562183952003,5,数据校核异常
68.00460563742699,63.5156988863935,90.95554284372025,1.803200982523001,55.70475861922341,78.73488484097071,54.13353827012672,32.389555258037916,13.625056509197787,88.75630718161914,47.076239238760294,87.81151969857014,58.58521224331683,67.41921166150007,80.426115437845,65.91555446001344,39.80548406789377,51.363338392865096,80.30455246758798,37.36502963729842,38.81214567684971,9.569011605800116,91.45844352217478,9.103631494544173,64.82091774485559,41.31944788027977,40.561939025544234,67.95518365726839,6.709373262987873,59.37057829514346,77.20317859723548,82.82127578865942,17.05303893937753,89.74190500781737,65.61460918474422,88.18548008206828,3,消息队列异常
48.52807171101983,54.2033345097202,91.90382770286712,89.99095433546718,44.8160873369002,27.441263163568173,39.31704345642642,38.77643285297497,28.686687498279394,26.857960433296657,86.10629364797194,6.986192068466169,67.76111820995942,17.28200514564523,34.45058933940632,6.154303413483686,26.997363685546205,76.84210711172422,88.50153245472586,22.152715190236705,46.354783925892185,47.03240479372064,87.35753057597341,76.27990528758055,51.30772183680499,67.07472004717734,84.73550539093668,0.9538954025544943,40.28900310500486,90.72431672770787,74.03130308439513,54.284137433407466,52.964452703513345,34.777009760443775,52.052053364151455,65.53831994634533,1,通信前置异常
41.83630384287931,71.4153146392174,86.12322272603859,15.468484818486116,45.154702281742445,40.80200912850811,68.74648040497281,24.986746525792935,64.02509149522763,87.74892417314881,41.81315997936227,91.101569997922,99.31637389334784,10.609204994795206,23.305318798485864,95.03797514820931,95.83276864813868,9.77072753867585,1.499850037713668,16.110002325642224,99.60127833822483,17.999961661068685,50.254760672202316,84.8417726430511,2.040161068820634,60.44889822584595,27.702544886962432,86.23349164397315,28.346114926407918,68.67557202819089,67.42196324473969,22.149354885964,3.4799199868350117,40.92495737853973,28.91931519658697,80.89777496137086,1,通信前置异常
80.03641884553453,45.70239521926255,60.65122253232189,60.42595159869252,82.71581484276234,42.50024141231975,27.544667979050907,26.503491814054748,53.61922792822041,44.91482027322126,44.01207709849362,9.113733908970723,71.86037406901956,21.37366879819107,19.695363020872136,41.27583202773935,22.77783416178014,58.38582673080154,37.14633393344715,44.89117225927901,53.716932160402884,20.353552248180485,15.57516228655298,88.04219028736048,43.372370283142104,41.209360963253914,3.561215027284148,49.797630258739325,55.416972161100006,55.88408709546665,70.70311693228844,17.748183499101177,25.22231342306188,81.07304652304127,94.7170616843394,13.593274736732063,4,数据路由异常
49.76495545052182,21.417625273958684,6.007316835498244,32.550333812613545,14.368762518421274,70.99330734342463,53.37254136714444,14.383447099031088,0.9241588405514367,80.81570490242127,17.619440616424754,60.621664222076596,33.692191307674555,58.54859383150356,31.565362698232402,8.693956069225417,22.29500085577536,18.80585664790756,42.80193524396439,65.82837834261574,26.380607494635754,1.206993530061795,51.89373642647569,60.57594893589721,96.28704940018096,58.94708030932468,47.117255937814186,57.34016258977038,92.7900629862027,82.83781456016463,32.2978733363808,23.725436365713726,26.263361236607363,50.4421039715213,74.40494512285778,50.32192071829621,5,数据校核异常
6.779639582811258,72.3580700439981,80.59701286709539,28.949786511971965,66.41257392833504,42.659190105439336,88.91193557274428,84.52255581607399,52.54319983096423,69.15055458135944,88.33497010221039,49.57170100782755,31.325074048882197,75.36661379095813,22.00662547846918,38.8531148006042,86.57272371067937,72.4422340269315,40.381100524749925,21.47445024083574,35.59683908322365,28.4104149227433,17.608928794385392,74.33329135656567,25.20698868501715,45.416747016776384,38.585944683610904,98.20773786356308,39.10922441482205,7.9982482796754795,8.982575257208403,59.07537213530648,59.93635517382656,41.875899048265495,43.184369231202965,5.393258284087121,0,正常
51.654651038926225,50.47394753803517,14.954931855694454,10.383938611092757,12.35724905994905,10.102824649125852,60.97081955367598,19.648265240291863,25.143015218746346,17.35721441514397,95.7835304448503,85.46174631518355,23.049483735152087,32.7566293922126,20.989284230499717,49.187595946082375,1.9610532474253595,67.13680088967958,52.31581498176416,89.86389283011033,16.439268432841413,80.41092460611317,79.19610144667158,12.718118921688692,39.85592241441276,17.01526411445169,25.47205004575489,26.324617483054435,55.623639402577275,41.14109317604655,94.77328040063054,12.637014194700512,97.36921348501988,23.063864021426394,77.2873936381853,33.89699261728214,4,数据路由异常
14.308139541731391,85.788918524624,30.88608992364632,65.88554042268422,56.64436850866266,47.17563093908743,49.58194726485391,73.22379140922875,8.777291412344058,66.81806619579052,89.58121013985787,5.778819701986415,14.065333923366675,71.66319367020314,43.72816482446176,40.354862081368836,13.696663454423586,50.67700407177881,12.654531119637724,47.66204563105404,76.36152989616566,25.826435788716353,48.07861681797273,99.20159693968357,68.66504233540373,84.13567713051987,41.484760656054576,76.78609231258552,4.050917294132184,12.291118254224498,20.307059292006212,40.195192461521955,84.57448783257632,34.62660507879305,65.46211935154629,70.93142948034834,5,数据校核异常
58.61823540883414,35.72419681701362,57.70533417135443,34.22655927897462,8.387373855201208,99.28039781860144,12.718245363251091,7.2348383836057355,87.85307492071558,30.183466089289514,65.02969740735077,32.90057296622329,39.14542707944712,26.21129720167965,34.30440057930102,41.070040058654314,72.04160690923429,51.15361942347918,94.3565217156977,4.188039383877551,50.306832263202814,58.42247888317181,92.01969860742739,4.915852362142759,57.349958493521605,85.3629928527957,24.192772811923657,87.62923485239375,1.9043409274291823,73.24546291337298,93.3113221168653,65.71976616400622,43.902924398044796,4.488101647271803,92.01138133226287,47.02962226915748,3,消息队列异常
2.899674433594801,68.9821071328762,48.18372535762582,12.434531744241074,21.42718093102596,6.449068045584627,57.429353970857356,62.202947925200924,50.574229835544436,81.71021330026149,86.10088213080135,61.56243966831266,1.2756479707430546,69.52296557477356,41.799921692035156,56.5557483226387,64.90806020188845,35.02366143270768,91.70985051717942,13.39748667497812,67.15118072810374,0.43595799565804283,92.46511054051808,11.25041332380915,9.488423014757464,33.30076330522442,37.35662860390806,21.430007232287863,58.51216609271247,44.291409804196356,3.4175589041087417,31.965206225530064,81.04329135731705,68.97015348618686,72.48708535798805,69.81169240835236,3,消息队列异常
31.097302138303327,9.966392207677588,27.2467184033096,83.17853001851593,98.04707977830711,49.38470147415613,0.970035492304222,14.004481213422903,32.20805753162658,57.85853485929498,7.509364580531397,94.33572987098816,36.50836732844007,91.25842179248231,78.05218027570217,75.54372725155811,60.671957978223205,62.678381705184464,63.80032352162481,62.87213870255821,55.37282313983612,98.6414018482889,73.22905674256961,77.69463883925212,87.24628150836742,21.563976272584917,8.380415909506079,48.28944365985986,51.40806956192732,82.91817799499177,44.37835792823357,57.08530255443127,52.70709385134583,3.8202783757391057,61.5214896596914,82.80432857742522,3,消息队列异常
15.750054807580383,59.433173392659576,59.36105444464144,16.418496405635874,12.346357373073602,98.00519429764847,39.371916965303754,22.742172872352928,17.132454445437496,66.7601713583235,60.94452973272788,64.35521229874175,8.800602751145226,89.35345834984369,38.92663968090483,31.336940643035792,46.23614472477392,39.00660657476283,86.35770031391459,92.92609751978921,30.34532164496062,86.39358074599548,78.15231295330672,93.08076723447618,24.575031218588784,57.695915012097906,27.454458474044465,82.40944904843742,0.5324190571064258,56.48191628863961,33.9203431271918,32.268370707782026,64.4906323864917,85.1484449313994,60.91953913933262,85.31729786467224,3,消息队列异常
26.459711188102997,51.95018547649811,45.0536539067076,1.1644899503096218,55.68121431407401,66.1524324146175,59.191440441907005,73.62798987834215,57.13395284530771,6.675025485075691,11.644552408471142,59.64745775439524,27.49791919736402,7.964512903476583,42.960274344854675,55.43225980836554,32.87459883496066,72.04337022257779,64.37706081012446,33.281836109167195,75.48725289085606,64.86950425330355,63.74453787179021,55.342770078706806,1.1389668088552796,69.65071834768891,37.604179110915645,94.26097101586556,81.79847710772053,58.76944695313122,25.218198181926944,20.371739327766658,34.03848376775491,47.656794358001854,29.606551003894708,51.49294953924828,3,消息队列异常
16.537042551318592,97.77128128254999,10.792455496499386,93.1944139654372,91.35780114026949,52.5360481819498,72.49102718360844,43.60482979725878,63.00345775424382,34.05759374211187,30.115901978544535,57.82297861695137,49.81296741839804,57.95363691499811,28.6660581287023,36.695783181699525,8.38979606289093,5.227637227220572,25.345712967301626,7.424685933054576,10.37747086347407,81.29284053939371,3.88736970166893,65.89427939347428,27.255774881540052,87.15456807081264,48.49922845774996,30.557645932782574,51.76389356894345,38.19580190452688,56.43010646698302,11.453286832634824,99.69905028125511,42.55558776967175,34.82306397073687,71.02098483162649,5,数据校核异常
36.389940649533244,83.32743050287577,45.42707243604253,71.95584132654349,10.745321644188655,84.61191855551118,73.57179867781099,21.17167784619657,14.528600974578666,31.62923487256244,97.60705860319044,25.683157456705864,45.612720894663326,3.0020225717336313,39.72275295662325,57.132001543310274,95.3124612507965,51.67360449400644,81.91073261776877,54.712764256890054,4.07850134355181,31.500827518977403,57.55495078311033,95.05939659311244,85.91303597512334,22.835561417884765,22.01098300191635,20.117296711390075,92.24988963025031,85.26661531017207,77.48834322529487,39.27351142242276,50.43807042987668,46.43317447951528,25.339810755937265,50.502804614876695,5,数据校核异常
3.0496547852754463,13.181037349745917,88.65895961689463,75.16797670314233,42.286840905908704,51.715036228387724,36.999888595997746,74.07798671606724,78.41871792320796,76.32851902031591,72.26117248344495,20.450433869279582,33.79699792404788,46.98454349836749,33.079299142765564,75.4940200158329,32.935352424995465,13.823208678533716,39.90404520483041,97.99144327823804,22.588141293357587,61.21586589432291,43.29730498397063,7.102456764932663,48.787660599805946,70.21643286483125,51.321997582781876,87.21060637465811,28.893701665758265,8.624917130396492,93.65656116580061,37.8196349528219,57.64055514536334,79.20031261301959,32.43136638755806,71.61645381776111,2,采集前置异常
13.541884981782804,29.129374720550526,14.47106361365199,81.12305584013578,22.264923522678536,71.74035554052102,94.32983972456526,52.7772209068877,54.00291922606877,46.103356809781204,32.589014339364276,47.56550309249171,60.28075322667594,98.59915721706594,93.77645593182243,86.21529582931218,88.91305357048583,46.784918329204295,65.74443271774648,89.50667229362142,39.295076499135305,96.17624783454688,41.5786062069183,60.10826653932156,70.9804713272372,95.05920130759384,24.461627405226604,74.61309782386422,52.081558614408216,26.855714062064106,77.66068397963906,55.22222801738466,66.09738206496758,32.2901068577901,48.1273951827605,61.73542509880671,7,数据库异常
40.4910814269844,19.837253984770133,96.1640492315304,51.14675400426174,73.39203702877005,41.10471935560581,35.51317640257163,40.7164298467125,40.91966437856498,54.418011594195356,54.346986998136316,49.715381588287165,13.478578491743809,49.607547850053116,16.91039004206515,12.613578629576516,93.26457173411677,60.49500131477043,65.94900581245842,40.179367033336376,90.89808919148642,63.79304895796655,76.91698695235874,36.85624690277138,96.00118808191255,82.0461290158315,85.39484630145436,17.21942674257543,27.096320787121954,28.562659968357707,27.090922324687117,85.5408162104288,3.188479520859211,7.60999889807743,27.39148706299037,19.987297464944366,1,通信前置异常
23.185961388284838,79.79431892533,56.31265938920469,0.5770661292967993,42.932276570419525,40.78849268503589,11.394526944454352,67.61417886014571,70.20971883794911,72.08932190520977,72.8470945558592,0.005282693229680113,95.39208038467221,81.4208767054663,90.39816965892852,1.5643295307434135,93.38587957857393,80.97885286881046,83.72191429586987,9.328738472196852,73.87780289185977,95.9916689642091,67.85473414181607,57.05614046246065,94.5629677748997,44.2937121734436,59.92935663104787,47.63382934943662,93.28462213602991,7.608472676550726,50.11197008253482,68.69524413854383,79.1906538422237,58.301864744413635,90.8917744121454,94.19914468838716,6,调控管理异常
6.4319223193583515,40.23705395413744,2.345902172115444,32.94166573744429,53.68682179706021,91.07949305099488,84.65543224654029,12.749972667198573,9.303037474089571,58.926733875666706,53.211797245878266,26.637764143002386,89.94530845538353,92.73664094615535,40.261143834016266,89.03025571135203,38.39488942629726,73.68168318297002,47.59422175477241,12.258315650718298,92.79342012370215,45.40965933775366,73.44870403224036,36.71738144312921,1.888087857623466,10.05303586918359,49.62194794899244,68.99643571263624,33.473532657927905,69.54884591776504,69.8635589431956,70.39359073278308,49.25218540205084,91.4886150121504,48.91965179806156,45.026519349663815,3,消息队列异常
19.9380819010627,30.765508735633652,4.233449251830335,63.35352936161702,24.853574392709287,30.41552544854651,77.08145216643211,32.72211831614539,24.219589201314218,16.905774913370575,77.48584021819559,12.970625799002688,45.37537602503535,50.69301160771944,68.73899126857145,63.32834823329955,81.07206729451748,4.475143392623815,29.64407247793972,28.013411877537976,14.601690559210823,28.917825385644313,30.976531414290342,52.188446192747826,66.3704478926256,38.110051361181405,71.94702313133811,33.616533857958,29.028367731476035,54.11880558570243,2.3716360305790607,7.9789123634000365,41.796954358652705,94.29127113917565,72.15117798434237,8.812656950055775,0,正常
84.63180127808737,73.2300770608181,61.09465257026532,82.02929606091773,40.41098477429571,22.150105085385274,51.20233891087593,54.88417555934738,53.83263720099121,56.50737914801053,94.87049182391807,90.22456230962314,87.57170365589394,80.14168109086272,94.34281072652854,9.849464167940326,26.51232614457395,49.50559456545849,84.65344931234053,50.51657115227325,74.80347393415887,13.895990524891621,25.24138129765602,73.17760950376724,16.473400888772403,35.135593465492676,26.48662578135714,34.98616942224785,70.83240490779703,36.7847181142801,55.52633226079402,9.993187705440965,80.50176932346278,36.988862564812486,64.85341590333424,72.53896016618326,6,调控管理异常
20.96609221117004,88.467498495335,61.62242516069529,42.87251417514815,18.233518357821954,94.23009379012068,75.50682041316252,20.802456273324886,33.77107747242245,80.96742580880732,69.5677663215339,76.57842927157243,44.12011022129324,71.6476262642167,38.64937228639137,21.126291693819642,63.26770348413599,97.60139255987941,31.06009713953296,46.09695922125396,67.40013710698535,54.15062821224878,84.34277957090492,76.1742706469516,5.829720386235704,99.8421233923774,75.24024537194673,86.39033162941132,65.11977120953463,85.62851280467623,11.238297492870942,34.77378355593156,87.64209436044928,20.165521126689224,7.824209858002273,78.8118939945219,5,数据校核异常
83.54861556432962,16.26522181899006,85.43459827827155,68.67677955971696,52.00826832165839,83.0250192781385,41.92492493189658,19.39939562233972,28.485267661061364,50.51640182933148,53.13307926731758,80.55808264412336,79.13527236523345,58.13665572045748,78.07854833654764,19.1773458293671,5.006452709329434,87.36338226347002,7.5554493762769575,24.66884297439973,69.53189496243846,40.94479376273091,87.63139699155089,29.797979466226955,1.1871346669359295,30.06556405607441,57.80750491848317,37.59383754032933,53.48727557587553,87.65981188350187,91.24850542303685,26.59740646541121,46.21404732699007,54.91440152414512,94.9112456888247,99.86173191643847,0,正常
23.540724884152663,72.69798713458154,37.80310622331952,0.8108196886213226,0.9252522435902355,46.05660075622558,48.833491300433465,2.2569696573442655,68.69274167743025,29.400338859495314,55.98931015359494,30.091907316541878,16.71343148693072,40.71737385988753,23.227336479050077,53.480097691916804,19.882853028647997,50.840597664462706,15.737851486886756,67.09747094857849,75.39376844414241,11.039423424993377,46.78024120373392,7.087170065487358,59.81824455420024,26.440429792964537,52.76244568387079,51.746100938429116,92.43543461938005,54.90832225687229,58.29984797183157,40.165312576438026,94.90796031828168,77.71859094396096,28.540529030284155,84.42095857762321,0,正常
43.239636018508996,82.8667143533594,82.28880682935021,18.88701867628544,70.1141131383577,29.06429693065311,29.749266999266823,29.634807688058075,72.55682475599482,22.982604179253606,0.09058352460902253,71.52368534826331,17.118474383512527,10.448239530783464,23.751612059406014,37.9900522322704,47.59063274732007,4.457004071263082,97.05733326273605,71.60630534195582,32.31940653243362,31.869725728539734,44.85425493684594,62.6244822763033,14.637306658896776,18.892981376495232,85.94345828335508,25.625492388907254,38.01949979751775,87.12718509501171,66.31478293998225,34.171187934168834,68.36995457246208,1.968321538141371,73.56426600113653,48.701604051623946,0,正常
81.31821472844612,95.46376520064683,92.57885494945684,90.92650434553407,51.21699559338872,36.014211413893804,46.503532473067274,68.98960033133608,88.39977768711867,20.698630300011956,91.8193158461703,81.5180231969889,97.88560151782346,88.02517732816871,27.993732969190667,10.595591134404769,11.224107199158862,29.12233185782761,61.418372398453926,80.43203260971725,89.92503069815648,62.37533843692328,0.563131274805373,18.63167765185335,9.972620385336795,36.332447556901,50.13509936337459,4.339717857856085,34.84779757956553,17.917967462532257,64.70701662588739,46.427236932434,49.531764693390876,42.76917880334611,95.6019710486567,21.473512512156322,2,采集前置异常
51.66642598438743,73.60173683653359,55.684441313456254,92.90208857168011,37.796835564128415,46.3675805773178,8.852231521472842,60.89991110519285,28.821196844810604,16.030903951556887,54.45312929045081,53.23102633799106,7.587164122404754,69.82154534944728,62.377219065085285,18.90172827464972,46.943486215404384,72.032291647856,52.94357405412765,39.54890761835702,32.233845808094365,61.039386664405356,93.91086983102406,67.17448404774834,7.474590363631551,46.06849734821338,89.08241315106275,9.446242580108688,98.88757121375433,94.90693936454213,7.827448072987586,93.3413320449555,36.31325902594622,84.47091670758626,41.83833377132715,44.08551127025159,5,数据校核异常
63.42430909775426,77.44774192759833,3.3789150948248636,59.31559955271343,18.673299409737098,34.594951786320294,34.79686661552165,46.906034022115364,33.41364118761734,10.736111845066777,14.562873852545144,3.343798556109767,47.02490853287543,95.44476948529885,11.567522364811655,94.6264493003082,73.33615147320936,63.74988029341632,64.52777553235629,82.67276483962821,10.691986437982138,50.47543235655417,69.70911382607585,58.682044507356366,83.27790710232946,7.22717090113515,69.0701039499166,53.40277303847177,37.91608639799434,34.027498223403086,62.083263277419285,89.09953746442648,49.61759261011153,82.47231640769202,40.21563818439675,10.239446279317654,0,正常
6.1505736458638545,5.1334371323677574,38.015014195766994,33.72377508358421,71.79370236225695,74.28215015848659,5.085396883373983,22.112326288901496,27.42618501588997,54.76119841428094,14.451522390695025,13.394121940000037,94.3788889207958,80.4202907297781,18.06549020911703,40.6567807905491,35.56219992575655,79.10040740654073,51.021291647812205,12.784973699346702,73.89920631562438,39.68879782249189,26.292424763214704,37.54986220207201,49.77565636068964,34.311551641700945,24.190577259175782,39.85020288039804,1.9172910749898242,77.24978460963139,17.09448935675858,4.390461363063725,65.36986929050792,77.39361288236722,81.38291315928431,49.35091826605999,3,消息队列异常
20.53681846899853,73.72276772498267,69.97130771543371,24.627073410317323,90.34077558627929,10.4371458082829,98.26882395913256,86.02478109774646,68.78986454790751,93.87498882798329,72.23111683237077,19.045699703004594,44.21561381128117,7.150302433163535,38.96574222881154,74.16030197372086,38.644335093081736,33.02941754681341,59.53557225103119,87.2204528998895,4.7583192546112425,38.54704346997354,15.82407418152627,69.53542507318696,10.572456043113487,66.48077585802446,28.618087079790733,19.89168137372247,93.63525578249853,1.8524576745955867,43.777727188956895,2.162699246179378,48.3593048104329,50.10473777944182,32.1662471394747,13.216177752502368,4,数据路由异常
37.63875377344753,67.2262939932566,78.23958086444591,53.07506023881423,58.98343944397556,20.06163711246527,28.733033322764946,16.18956100523584,24.929535000461133,22.488678022553177,51.94487863912376,56.26887557907294,94.49474208215045,19.557064710152304,64.1675710161496,81.72592689875229,56.024146378305254,25.50036525010757,26.255023002000023,3.925305307099991,30.54442265484817,74.46036790033801,4.751775720711038,21.929528250483067,70.6232498531782,78.26515628228766,45.53184100619284,69.80743384786489,38.7952168654892,15.991324502412752,39.814949352290654,57.996782020314285,94.80532818528903,6.875095208867732,50.73940938449606,32.89197782107244,0,正常
50.83116942766945,2.397544737653168,31.302535470158134,81.9868147527005,55.39417338546375,45.05824928161174,28.552507171533957,29.80425227913559,38.31014335905844,83.55707099645603,96.72132068082684,43.865538135037454,39.33528387477618,84.65507758198628,42.69053206363036,55.20181722956512,23.094166459874444,74.35025357790752,53.19883182707819,80.90345502403416,78.07327300286697,21.500476827002856,71.56355505577623,80.00544079513713,34.61072407823951,17.260911290227455,0.263215557958818,45.09036530931482,35.24327315388416,55.49098338254089,18.804109258878576,85.96655476664752,25.775521562810965,22.642960508764997,48.071405648435594,49.885102374427426,2,采集前置异常
21.508522878509282,27.18607267259158,16.970523915524495,71.84601783231668,77.0089031254082,46.23284974592826,71.40870226850174,73.59353919374455,13.82755276778086,96.61780248345367,82.1031947096431,20.44834611958235,18.616503574607023,12.566114557958274,13.837856254191838,74.81617990286962,46.96542569516235,78.29341727398672,74.62548943502054,60.46127135052216,68.63666065786795,1.8355724379141791,31.177764680502197,63.78221792594102,0.9344953486244201,3.2976943682593407,85.18879824703832,68.40248616920718,26.536973312034394,68.7962840118709,79.24566691392633,30.679428311010128,3.603737749918745,93.27791246877345,34.51798382956305,10.648176328470637,6,调控管理异常
49.18568713931474,76.84677956641337,22.164731461755917,26.949005013336336,24.27149867985832,99.16730528316782,19.740373373054254,57.5520216966124,92.52646416569644,14.689656887777925,97.08541978677002,94.74772343956246,88.45719870582626,21.455652133000225,63.405505601098334,76.08914729612401,98.60279281964297,18.04238220813704,76.60258995192964,33.880116992711294,17.56264655680023,42.13769412138549,79.38359121486164,46.48498037040522,53.75231002030485,99.51594102001212,39.9109299557426,61.54007547092398,36.524420161537186,39.27856463287049,69.56407534454081,93.78869760948835,54.23589504923214,76.83999289487798,8.920655881696382,21.115803743192696,5,数据校核异常
50.213164091953246,2.001172362877479,25.28549787625588,51.740128982496614,1.4961198256300712,26.45462862260417,51.40308194758695,57.314924798124565,92.57516930553055,64.53456232506079,41.473580252999376,93.03511771330678,78.48829833877943,20.00089211127476,13.084236134881976,67.58116357427329,55.98831655769838,78.96736137927557,73.88050500786865,62.521153385751504,98.63821716288922,53.35897301104087,11.310575650171984,82.82735648159884,25.185336234570897,77.73021481439183,95.71070960000515,69.67955139643412,59.60301609498011,46.03861756750406,36.440986599540324,35.30047509718363,63.63727057095906,75.12731169377459,67.85170694844143,19.841010119356273,7,数据库异常
49.39871801434912,79.1640072183063,47.57040781890562,53.66232797354938,77.11360481708222,66.12653062650915,40.93449208823926,89.54127111942189,16.25670686634786,99.55164485903248,11.88525784762372,1.4949971104238902,89.00189011487647,24.49535083659561,72.96996274467209,81.10153749320693,85.89863910321168,99.15942356641668,29.403971003999906,71.02433419272592,11.539985828082822,40.68092913568494,84.79716933125904,36.76580460591084,59.10953805356141,50.377344372463405,64.59515311120451,97.28943893876949,5.573552650140212,57.39615175016297,86.30287792502848,48.13827117484275,7.852718594157282,56.05393524167709,33.20738908238204,15.49417853379359,2,采集前置异常
84.9034513283473,52.15995129911216,93.32764123790666,80.6016504603069,69.29717937736673,0.5025503365311934,42.782345663825,19.74862816520323,91.07979110488678,17.458398467636027,28.60600516592855,51.68367677344992,26.336361899807926,20.986467727912117,59.90993251027524,8.892952275502386,5.816775872092473,37.22452951860714,72.06644545078623,55.4806758273948,42.28764684667789,56.57515642245824,36.54514846532736,93.61463354321128,5.490489091077433,67.33914790298353,89.12826648277505,80.38847087352534,18.404103482144674,29.592634898028834,71.70479387071047,8.427055918076555,81.18616998325841,71.89069446047903,72.96066492353425,10.024137026759139,0,正常
71.77605448162309,67.981812521997,83.09224908218505,4.159595625646951,2.3110668467792195,37.300709987856074,14.878828384915288,55.838447757022195,91.73489015067489,39.14797303340157,84.49503772726041,0.024087451786647396,16.851464345918423,3.042353965408562,32.814718051506865,90.81895956965027,9.695212359898775,60.64097767438004,45.14959391194442,93.84682123658125,12.251914253709383,21.202785050222893,2.9541968611493274,43.393524963137374,27.783289956465428,86.99059338903209,60.4940813197755,61.409073797570166,53.19106968813024,9.1850337229201,44.501868372535526,99.95051897085165,83.52292908460149,89.34590541671159,82.32263592464994,10.304169343098268,5,数据校核异常
22.74482540647996,0.3121651356409627,30.351012487811147,10.860740234649258,47.2793345301583,67.7127488573902,87.4505295038077,74.92171650908982,93.85855957785051,5.3898290393788795,1.217983541654144,66.13381138362126,28.935241022224623,25.350101610577312,33.08870876937943,26.979605789236416,51.14364063015873,44.01484472241325,51.242855137665636,67.27136115004362,38.71305089711483,25.13076871421568,16.62005368087455,34.94741195326255,74.1806475246172,75.67049101114695,66.69053866842103,23.402817530687457,58.80862458546977,57.0689661576848,48.42661981097255,54.997898638386424,49.17906326236681,56.54563660741082,71.55059546211288,10.962819440343974,4,数据路由异常
74.96257521490237,13.58861501275942,6.6627998410374705,97.60796862214676,95.69917688704415,6.043654494056405,44.32534414749622,18.624493829977474,48.53448971344181,83.01772429995874,95.06117747428902,63.42526534515373,35.390566721181706,60.332556564459836,31.200130610845033,90.98236408320604,87.04004631058369,55.8231750279661,32.47989153803606,29.338967558297835,3.341799470505946,81.58208510252952,45.038321303900794,32.513292840026445,47.11103549977539,81.8737990454652,12.461420770752119,85.76559882418273,89.7508835108354,94.67079150338881,39.74879924226278,21.714040403767186,37.36408184666985,33.291209623140325,17.615391250286006,60.726667010148795,0,正常
47.66241605086289,86.57009923240037,3.2109580482058253,64.38679275551263,76.29488785115612,75.94865691883071,88.60739670955252,72.9033742829494,92.78100616476964,33.26565998208915,50.32094167515431,1.4079663282890675,0.6957587303291213,24.012662045151988,10.080719713908525,26.021136793575362,17.70432945283974,2.852002483864824,90.93041464060494,0.8223131388891525,73.60821443370854,15.214788691951654,91.22296219996,89.27959395898858,65.39011463692573,67.22341498006051,0.5339141969688543,98.4871566113602,87.78326035758144,89.5106225730092,65.92445370508719,34.47869286545365,89.36486490904808,29.151692815119233,56.271154334220284,9.97309723438824,2,采集前置异常
92.19556301327502,14.077045777121333,22.489680573040726,55.813415812821496,76.40930002129815,61.93513059362989,23.213391280015617,0.09430425274903342,75.71505803074392,98.52073259110938,80.99131203060904,46.02066181566153,90.37672613991066,40.984767311835,52.493408424346754,47.712976739568326,44.762387266552494,77.51907692939058,52.676890726949196,31.671712202521608,25.81581676584783,3.7747316967433386,58.3195161883046,22.99614154010342,14.813392201638308,65.38299638276777,68.12092578215488,75.21548922576659,50.357689633859145,89.40546052038866,93.63427533982278,80.73709397924894,63.55934820081872,30.372095359118866,98.29449216202212,27.413616719193833,1,通信前置异常
20.265692199043105,44.215411378658274,5.684057071238846,97.84944646717908,58.84335564164248,55.69520916641753,65.57962798997198,49.70236477772067,3.2063517094541583,61.23112888403968,71.61738769564306,41.67490606240531,75.72955720711929,22.70012993384206,22.127659106618403,16.141698768757394,37.19947597891618,84.70120353890836,82.79120621490644,38.28242079635038,58.911873598023654,72.08163164749156,24.1206774628023,16.814108589474706,97.2095993212311,61.75573132096185,98.14157218336639,33.77559871322291,70.30316999741315,22.260363654123772,26.120017127391293,51.1902121269624,31.961812550807124,16.762156384058446,26.2880701989326,3.574839446586464,3,消息队列异常
70.44236214774867,49.21166570858616,9.424306640452562,17.16939931284912,10.253453811264402,61.259280827587645,9.42103636124938,75.42823330352161,2.0510919320391174,24.93757879958921,89.06666758919071,71.8531318122246,7.296833292568772,82.11261044851797,49.30351215402048,84.67830271688292,60.07397744503934,68.18330320328587,99.35015603957082,23.233554592401816,62.394557476138836,46.032139005739836,3.9451952922691436,1.4470641502865034,11.922857781785867,64.90917405385481,56.71630879133922,55.34295611637275,3.1856762528260085,46.930299636000704,92.46228178425285,39.75918693106466,62.492246978845635,77.98186756231435,78.39252791418876,51.92800823952714,7,数据库异常
85.79519454023364,39.137809336374694,88.86932147847983,24.02271663955453,28.021640699057105,5.31206241990011,79.55818365422829,41.70552362327056,22.911661391139905,23.179027761657967,90.13999412292331,83.3916600461037,55.35308853571833,61.61108004157211,47.4325570550291,39.16665428788089,91.54768812183315,12.561270352030206,41.8446789716228,34.45619079878753,49.81507202511484,45.76318745451751,51.88895316510814,13.99189772269941,51.31415015132771,24.241881388721087,18.433134898819127,6.483421878619122,76.26525587561409,42.744192085655996,62.66436833117584,72.75933433047433,67.93166653135535,47.05007190896823,38.789852895172984,37.595990964066374,6,调控管理异常
64.00487969300563,49.47943549418734,84.91322479885106,87.47019843267121,17.056037800651847,13.623365154572564,63.04009260359995,30.12257480622794,1.857071876509886,88.86426693629551,22.690076724380827,92.92806516858091,71.74344508782536,76.26534899114843,20.14614957931604,23.419442561681294,52.12677538240658,17.209985264986216,30.543169268303227,32.14624779478045,15.96299332527641,20.518283339516074,78.85518420082566,16.719585454726836,2.8457391843922486,62.93549426289384,97.598311939245,33.12138146231214,11.86557031962523,57.03873253675308,90.63542110956462,78.40617798284788,62.2515868412716,31.50564966075994,54.18801732762199,9.124484130425536,2,采集前置异常
67.894542428067,72.50960188976508,96.50316229099188,26.039735874507166,1.8456419043022643,54.56084644271506,70.67905043968145,79.0407475882988,19.37389330248106,26.175286903702364,51.25909252672963,33.060080997000185,86.05114865874451,47.37601537387203,79.9578644102003,58.06197604823537,77.3090141617112,33.267298653032384,83.14166219303112,27.457231555102158,54.60988080032908,21.400711317387422,47.55265216261934,31.817520950870314,26.670343063721425,96.69850180280375,16.00741054867306,78.73258374573953,98.4164959483215,1.990148374007783,69.90274140420951,25.291180555628713,4.0487824328304445,40.28895789566308,93.5217810170875,1.1765094366997686,5,数据校核异常
58.788569192978166,50.13964785953243,87.33841643710475,8.400171452062565,68.15260298866504,68.01096984332773,66.90800168622832,94.2334494935037,82.30875290068805,4.197272624350601,47.108285070451316,39.79530562013335,31.014722109080207,45.13367251540973,38.41941849259774,43.23338998786653,97.92618656086425,8.863297474958076,92.22308698387297,48.02367134710267,62.374224549954114,83.01829666176938,36.046302914925555,43.04219080879669,40.95184802787139,37.47310225357599,92.5529321646895,82.8929891193012,10.89999898629761,10.812335247709603,42.78695148529912,9.865737673280906,61.909309527111965,14.36916072617339,52.2373263966801,0.7219947003717753,7,数据库异常
31.659634841264673,67.71907236726554,48.40389402278484,97.82694859989881,87.41037960662108,35.90707790431512,4.5486541472274595,84.56263001150188,91.12343103146713,82.06273934190368,12.794994091976486,99.79151344122877,25.85842215527738,72.42049128083701,90.80348763357216,23.568711433070945,90.8258554677066,30.948157919486697,97.64132223840562,28.12600203804746,95.34358247578352,5.3544650892674905,70.9272011669813,53.21111338370037,47.78770771227306,22.349431425583997,70.5595789776492,19.08094914463071,55.284179598476825,25.32453630402508,95.56213797813561,2.8631193835652824,19.972828011123656,24.231060638744772,41.406782576781644,23.273024187005355,7,数据库异常
49.134909026878525,87.2465523258539,71.20634214091707,57.99619805351111,8.900317798267965,69.39921083892756,16.641428431093985,78.63673859616979,25.00567585101532,41.70487283209009,35.04702023179279,85.88139146748568,12.654445871340814,56.56448823847886,14.206160944306223,70.47958361321867,90.50781277944812,43.46076538672534,48.80922602649759,92.74228364827623,52.09913886493571,48.75984380495609,57.83291027043042,68.9229736362952,10.688337508703139,82.1110527741516,43.55050274532593,7.234850989748553,78.61826691982131,37.69499716862721,10.036749509505395,63.377903954325056,88.01313534336417,88.77535094139863,95.76634748089732,86.7705459766688,7,数据库异常
0.2140919345475223,38.02411664133902,81.85425799055031,36.62530059984742,60.15485063797061,60.6316947374532,36.502530403882304,90.44739272812876,50.32283453861176,46.47842059375008,99.75137456618958,49.35003640726167,17.839825192858104,51.306942286343805,81.401673551993,77.68603268982814,78.8581765108471,70.80237839979118,25.42178290666882,86.20840858402315,89.3443465376265,19.415269661854907,13.045563655139391,97.56049685891121,86.83239636503679,89.32361472099467,88.63763846243951,54.168682403372834,64.64017366657997,54.53628521336417,5.1206349190329075,74.55030853527727,50.53320333358803,64.77090747902298,50.263980497553526,49.181132232245595,0,正常
17.178910947776682,27.871371514114895,15.88526919439558,19.566629562534242,97.29773804203049,15.311344577219844,26.927042430520764,59.058965773858496,61.017857623664185,15.397412974382906,79.37174257852124,78.5202867912825,23.731770420389108,28.866630267546046,93.7987865459497,82.5671445979478,69.77970330625239,8.223322151060053,41.82640809025757,55.9301872076827,18.741128798377694,44.82265821082245,60.102587748869,32.737668011539924,78.09448189504872,84.04495816388055,32.36094694340708,83.86571544924571,10.357656610301502,83.77290986226564,15.275043166761659,8.292715250972604,64.17754044410113,47.193736575529435,90.78906004128328,36.31891960908492,3,消息队列异常
28.71522634376287,50.07349061441984,45.59461857686613,34.44280462171883,69.37412986983286,75.95618339139082,85.29839690301367,97.28566047103429,26.665619213250448,71.60934824899616,39.425823549574524,67.70819719511081,47.59816903492203,99.37731027679317,72.890213579075,95.24913004343244,83.49695494811857,90.29010111633711,81.4419197214675,45.91591303759114,25.17884533468844,37.03201754505222,2.0236232639950447,52.39931674646672,50.50578002704087,52.52504648304882,97.40312249720638,91.14540034548394,16.171277833010798,36.888252155588916,42.39561794632619,36.053291785164774,79.8495963603913,52.40376698675869,57.209981697162505,85.30135589879255,0,正常
80.59281534153587,13.22115228202997,71.39145840836343,43.543612890203555,29.464890306250048,5.0018820902186345,48.724956034545094,35.54366807245314,25.151303967640082,69.46717295969576,76.9485387315587,24.47895190294248,4.944743667934725,84.8752700565235,0.9959741204303318,93.7112493921472,62.76198739827059,32.18466352013203,24.64779095767362,0.9005664264475244,23.547141701087714,13.77283015171411,61.216622072314564,16.65455885938013,52.86298375366193,59.01164223444708,29.80416983469145,3.5064949018718705,3.72538806141961,2.6347332193917605,73.91246671365462,31.800970481429815,79.63001859676636,43.17328238428492,45.29981008299638,51.28826025095737,5,数据校核异常
71.3031456375104,27.350286582970707,12.15873495335269,55.60573351914615,32.697762324273924,44.24913136680374,64.69467083373054,49.41257411412706,62.02788171008429,54.42000021136278,73.97963719360992,70.593661771162,53.41898918086192,67.89030208597069,87.35596022726128,43.22712877881686,41.276307274879365,76.42456208523801,58.2553837041994,7.100678022258855,89.21120156910814,3.0783102237640136,74.8396356209743,75.87941427043128,95.31110852819305,5.4134408402320755,59.685686078449095,42.784057062705294,33.0632954859542,9.031856029907303,56.265411967130916,47.90407256746136,10.455445815102426,61.24895070970834,73.79531202529385,76.72783010536483,0,正常
90.53731882624274,40.94707418887772,95.3072768622137,86.5429405082686,29.650157102393905,15.928303734945848,43.53893961280134,40.18987079559666,57.57193053312043,58.3386232327748,74.99869843799752,50.98899482056102,10.482264094076555,85.8291335553106,30.976458318518706,97.1297460306592,11.786010867977016,95.82511722325032,9.101180688251699,23.103613794705947,4.657994208654159,70.5113146638995,85.02987365717918,43.40710818159804,92.85220750424297,59.029907175559956,63.00071354465232,84.54192017007699,29.68002050518389,35.42657213276258,90.59519191946444,90.09634960387638,97.64827762008709,90.18383164416711,12.73720360333609,82.37242861369873,1,通信前置异常
40.9838478109594,99.08013559459378,47.22809643288011,55.38360825022206,52.97749152567985,32.17370298582778,7.502208889291817,89.56512304019185,80.26758125262869,13.952678055966928,77.67682713500729,62.584666605061,40.91437879176223,25.40211490955627,85.97287835022325,70.01882592940531,54.773990946913685,60.95685338984641,9.106618208218098,47.39197609111919,19.3700292785702,20.838367900882538,66.13039622868668,91.1256151834288,40.375661047834654,20.774927301219037,64.87469372366542,87.11870463503178,74.83188011224908,86.87572305365872,53.655467101079935,75.1876244369191,14.006455935893648,34.82746153631915,38.95491644815225,51.12957462460346,3,消息队列异常
92.90763602568236,87.42965602221743,13.452549228918453,17.27896518824632,35.76405495889114,29.07438658906739,61.47709531562623,90.2776047764545,96.22915416725868,65.36029525352265,83.81592014010867,52.52022002307971,20.832694686003972,52.46884120934774,55.508260143765106,74.24575642135565,21.98829897073491,36.83103820867317,36.40274692145663,95.94395957411649,44.394496032671896,75.50939672981465,75.0811381374439,26.554418480324138,57.18696893717321,89.43028933186481,47.51977194569494,94.5117507342546,21.44582293241616,7.415910577403073,89.14538731447493,84.76811979622167,99.25898759338448,67.93934881124261,93.66879266671495,82.69490250841109,3,消息队列异常
84.44263331200868,56.914157045426826,38.23645979167109,93.45580725432818,43.211717561589445,53.881936724966906,44.611430712518775,56.48183139601971,47.05050789923272,4.796755857947588,88.20481860076987,44.43938189157698,58.894364850734874,13.918780275798703,0.3387847982639136,24.529009364364295,70.45860321333502,9.91945301128786,90.88874403864679,21.50225693561846,20.45936142917758,18.15079616214955,1.3981712971364746,77.18054684782346,87.50345312452585,61.416270261619886,18.819998167986228,28.527799694087975,47.592669736496326,95.43459516233008,24.73513718177428,73.16459039198881,43.94482232929203,29.78473483600218,45.59159370221138,7.120671754123253,5,数据校核异常
79.86873709303624,24.330192798296714,72.54121231929705,6.834837144819472,95.5098556165686,19.30149854056986,88.27420762070804,80.94732096154344,96.7859924081416,47.78906609457496,72.73972938459515,37.0710657037784,18.436823801969382,44.30759329334488,16.574901538845488,98.20446227863839,9.624649114071637,58.92117234526204,62.64638552540559,53.80795428740542,66.21858857118336,11.618077501189095,55.501852420529104,28.721257112736154,94.01760633010566,76.20716534397258,97.25144821597426,3.7556069740189546,28.51331751807087,19.5422586638349,1.11545873118305,24.232573024632142,67.8775983520429,23.108892213456855,50.90034454826182,88.78181149649987,6,调控管理异常
69.37579203490752,39.462906990603194,37.24689389121083,45.573581400848475,17.704144105990636,63.40007674159881,36.41528191046055,85.23653492620437,75.65526600578163,61.05131640921601,36.420222264951605,20.99318316734844,77.61518641056229,48.64090989910865,22.47500381773575,19.51746150400062,16.540090450135903,77.7161196205595,22.89871853003117,52.66422635251975,45.15463609730565,57.96108992282839,87.71549003711942,86.77473900817306,45.107607182485964,1.5366250734723308,42.64438057143032,60.61935374241404,55.77647590980618,65.13361058002054,15.407573247308349,64.65350987807325,18.265161874377224,75.0523980696749,33.908761326268,70.98954333814535,1,通信前置异常
4.786559890610709,40.78600255909134,70.50345222633328,22.687051633149412,79.52870447972225,63.0779733104932,58.75617721497983,35.35488542043371,48.24514703811176,59.73493009778531,47.24621139148905,69.831332394056,43.36969331069596,20.227318174203035,21.393378280104724,0.5803768842941093,30.095771555867245,74.89176404785196,79.41627088376096,20.246754209575002,95.90439968714077,50.24027934801267,91.69787490185027,70.67652818616311,72.2433423022413,8.504362130607113,21.999112689693067,0.8814833294472635,71.61276404767375,34.443828842851,78.66525160763467,33.893621993702624,81.93337522988611,13.0698253748313,17.33731567575082,34.08765395839365,2,采集前置异常
40.84873888822733,34.87028108429784,76.36470325232199,9.695139262671471,35.12170196384881,83.72399995154593,6.679707726217199,94.23435076713574,98.63168422720129,8.856817382508009,29.127252225573695,37.24006660353562,77.6391368652726,59.59268121167338,64.43657004925673,75.7509822818506,11.797899943702571,83.32094569102624,70.5619804180144,57.73417251963703,88.97353347830567,70.03063538838072,20.16999626310254,42.97453810756667,49.404286693573326,5.521762675040565,95.46375133600557,12.857726079687847,69.74612672267268,50.62310360908802,2.5632249884422587,92.47474758643617,85.18368088189332,52.425792790383554,22.894233613944525,12.162289068009425,0,正常
36.33924794321266,25.54282810460905,50.66912010062987,96.6409296123429,57.49534932296414,88.99310558900979,65.08788374957773,47.52465265872004,85.46075627333713,47.13681101729975,86.8628170510361,29.157676957576527,12.881307376298812,85.53144643629383,58.74151637926668,88.90923982489602,93.78272069923833,5.3628390371449175,50.09693018588683,37.49645490745293,62.585839707011715,79.35911972023236,28.059021597436896,55.679838437317166,70.87285799048996,13.443108283573402,81.40669059512669,60.610959985297306,94.95374371136518,33.95289191306933,10.814594233719866,50.65012010369253,8.581077170943885,96.95265233240067,3.8684958257191537,75.3503901107308,4,数据路由异常
52.510239814224406,36.862065249828866,6.5842164508654655,62.216692417360775,58.522032939095524,28.088327306759975,91.02217014103121,30.41100073428369,44.97254105921061,54.37624559186557,10.02318781762861,93.21617192136323,37.45361524510411,8.077921387434362,38.72911736753299,60.02025470925807,51.36526718213295,69.4541974037274,5.5483942067910625,28.45406102720561,81.92305768401023,7.989368779136086,85.54859546959575,9.189609207710625,83.44542148916962,36.078840107872665,61.22090632572158,15.288711564799817,6.616872172518084,21.59382040201351,12.785381790869554,31.24058976796318,51.43832465110202,58.875946356500954,78.9868107379743,65.62398932483586,0,正常
60.8758325129553,41.17820274857746,47.38084349601387,41.45208293901811,84.21660300613831,23.000045254839986,0.5720931541964625,65.13198972262393,20.246218363883138,89.01151363098093,85.9046329706656,7.672737192820589,10.638840541407735,49.51715922466663,60.92226627693547,27.490833748224077,71.67977166993707,59.49160209188715,32.48241097485547,2.5371488042315593,75.01502812985177,21.475366582508272,83.44737434626283,42.02902600542552,57.707744263176544,87.29487304090019,86.36230009199534,37.15195752435733,20.888889271484313,77.51460777285946,43.30802036021312,19.204199355900407,90.44253423171502,19.810419424108737,2.580716819123108,2.0279973767419968,7,数据库异常
62.231535645426426,66.16750607175304,31.10417050569839,32.00109892470634,33.94939150599428,68.01585467588787,5.813379102682859,92.91163526913256,22.252104417744643,99.96732052420923,17.1522693787187,77.15464573123775,22.341254492962502,8.084680164325398,87.49333243506489,85.87512591908919,40.357039244960134,70.23961425404268,55.706593268391714,85.29561136737487,31.505596931865444,52.367239999898516,48.537237120455046,35.39058262568587,89.14550645563722,16.587792466253546,14.950863952069614,57.69095353227514,65.7494229984942,19.461925432456518,39.07174422546241,94.65638429787437,24.6617422690674,66.83607021173941,74.01493936975908,44.81286994651595,0,正常
93.7525986759583,73.66567352187904,45.79245798608979,56.933520177609395,69.26134434251007,59.219018042921824,87.86975838260759,35.68886622804012,29.988574005580492,21.38388894952643,3.7782968064595135,4.301396438005534,87.00551931092828,67.83931464059073,66.05324154364861,61.464281893488604,84.92191446941048,48.026692566562744,87.04108285583003,35.944502618223915,92.67075043390905,69.86569800812401,25.71771360244273,56.40849216886251,53.303056148825554,13.789882173033396,59.12429057506141,31.478562371695794,5.234876680960243,94.86561577065649,64.14903690642878,87.6918931870847,67.60560050132531,35.698369214011294,51.268807232881144,67.57467603471771,2,采集前置异常
96.02523252014376,25.366945912169648,87.49770586241176,92.40778052942694,67.04155146589565,93.12666274013378,39.78785874773685,95.30161760404428,70.27828771659749,4.20057674188119,90.68728318190527,48.44728090331925,46.032698477783285,56.646660597963425,14.938454677122792,46.916604856739866,83.11272167177457,1.5482459137515336,27.29171603243713,0.245458644384422,41.571130914984835,72.83155104937347,79.87718291146285,94.51897611270066,60.85046129707865,25.462686665289546,92.4147949136699,77.53157538803761,57.44284830031445,69.56402157189359,92.43163550074291,71.23940284729217,36.8374507584734,71.30282022890967,4.027816273538787,38.64155618305812,0,正常
40.63230318455793,16.68382344208347,2.3085480551770177,13.338123663774281,65.46214957970551,80.22888163636875,98.82034927269741,34.63635031084943,59.937922226110175,93.71449668151219,16.70417813381526,71.76455863427427,75.49787331491632,8.897553586933837,86.12493851830651,81.31050471108439,3.3403006577434446,9.108441488005148,4.912689389185232,33.47435317993622,50.92889906799262,53.23477279546288,26.766675976944263,91.15968865602741,36.826278987191316,4.555015596535251,30.022711154138637,53.11094225441555,40.822182258823204,27.384251909925915,13.132324976431741,81.91645000962298,99.61452421241918,32.95421335238821,38.162104417660395,61.8037524676957,1,通信前置异常
71.84414747355413,39.20295348035913,90.49295169818153,56.00039892289183,45.0390076405931,64.66727531599051,95.28038482491732,79.45522944217055,4.001313053512434,33.230991073995966,47.05446849512227,31.451757220910526,70.01875608304566,82.6269149862581,73.13450951852715,98.93332868282752,27.25476478930291,87.49894950244214,76.66226651744861,36.21787575581461,73.41245436569686,10.407595641824695,78.93334823405523,53.23306025871026,29.22901727092532,65.57773017841801,64.1619998714409,20.94862227195997,3.0397414811526136,43.36225869016739,56.95118693444212,87.66052783705985,92.82167956475944,52.88052181567664,75.38034837685449,43.93032723279969,1,通信前置异常
74.6082156572893,20.48015249391669,37.106473480353145,63.42279988136148,1.815796560707883,72.2461310338954,83.55355012681667,39.91416610939515,44.79424171771643,85.1282212216531,77.56546353260335,28.814948903337502,32.397610656153894,67.88782323905966,56.31980924481612,16.222957109649695,30.99299092291664,89.99832768786541,68.81744367222635,98.59743176855194,76.70125299807694,94.19744321435903,21.61885738704754,77.14848748169257,2.021752014779743,67.07600217115339,46.92822781202414,34.676007192006864,86.24043522930891,85.42676926575307,2.230170489864358,60.9505122449431,36.78322243209564,41.56610015004492,83.2040739218776,30.983977152767828,3,消息队列异常
94.30488106376201,17.963382637214075,66.27224233681778,67.21050670137647,25.21951614279182,32.4750608967202,83.47984925799405,76.18052549549525,32.909588031475955,53.39565469349339,6.168029625309545,20.874588239862923,48.58205588603991,8.59737352792116,84.33323548919375,71.80062101076479,94.36336706484948,69.34669059640271,94.04013722621856,55.4512555690965,60.02186110619694,97.69710546262608,64.21291468642603,3.07865688607466,72.38027766305233,90.54686921374156,79.55802497943266,58.38332726254226,67.13035130935164,99.01917892516717,9.066208850933833,66.72448286332396,28.339769457059383,64.00903965861701,60.762357588393876,15.345683210816208,5,数据校核异常
20.674664574023915,62.16295780432135,12.822994730377413,26.518087513032285,83.52455477380025,32.70915060016386,48.80601562696629,94.11403351458402,22.71490888369463,38.96260173580104,60.64577755435457,75.53389295039722,90.16533867127052,91.54729875735151,77.6640074372623,22.833083659331045,2.4809330042565803,38.37739303556238,14.154885098782334,71.0387647438298,66.11305868257168,4.397164162145484,83.65937791309511,24.874326629118226,43.22270754910422,66.79337354557424,42.94187868522533,44.12878027999434,6.5627995335740374,40.14435492600038,76.48478932199835,91.51763371865978,41.34971370633718,42.358582687907884,70.26271063236521,94.27720011052766,6,调控管理异常
26.70609402393602,44.014420653793685,79.59732435523011,60.96935693740385,11.058634396395473,62.77327355622657,18.674628459732688,51.02159340784041,52.910326766043845,87.62033622249848,46.249427401243814,27.94424222358942,23.096634821603157,87.42518766843361,17.10108544182284,42.58685608831437,18.717311492694698,77.33040401143754,47.4372639974619,35.1143690556812,36.10996406264668,85.22142067229794,55.37739542944381,71.78678511312636,89.70385162506845,90.17416760406421,32.850905433786316,95.24512631463853,2.4875882014605444,37.68355610161657,89.57988575088416,27.463687981698293,27.308145032131836,30.26222850818887,61.23133848469222,43.83327756143538,4,数据路由异常
72.67348363533426,89.49106425646659,67.41993749428606,20.44667201975755,93.26819023605022,26.44928733474785,14.989429532815812,8.996727886096089,56.33837406661656,11.376246248065181,13.877588411263076,30.003048059549663,28.16530096844638,60.42395103321423,81.67452794726815,76.13496562028924,26.248445471647674,24.53104979859799,96.57915301069676,0.8236241591960125,87.97205330602158,19.972851912240497,94.72843230897678,34.23072848275197,44.03517738932523,70.7120613944381,58.76690514732603,31.79393297068228,55.38309158678235,73.07068843628862,4.23349459024921,1.1199305255704117,45.80669390728913,13.183661780351418,66.43442914647144,21.40524562274342,7,数据库异常
43.2851106795671,19.767093687426897,54.848358574912446,11.60534593845689,2.310685278748026,5.113163810669718,95.425844151531,14.228621861093583,70.84782531368351,6.792620422282624,10.816035223518217,50.887625140933466,46.48709301543437,95.15803094398696,94.48354530207374,77.9608642542465,60.21018301273497,45.4960317393011,35.617853432842104,94.70875469755555,60.29088114246856,57.90725276859945,23.190112176891486,4.669781788511306,94.51885797595445,31.37352588446539,44.25890233244587,11.463994358570684,83.6924329909292,2.7631832855930627,83.39907620990965,14.028501278796679,88.6564112631152,72.97726373361574,16.46702625073051,56.58179928594681,0,正常
31.265631435521946,17.823309891158345,85.91821994111083,40.35227665072294,39.85437143653825,16.988667480662002,38.306567608577865,87.16168463288501,36.31287104896359,95.1603562499788,94.63088992083874,14.489865930734602,17.73112535226449,86.26740703318892,39.27609189247192,0.43739822830093367,27.3871819705371,59.762899319556,79.9265965959968,13.338861709325956,11.054136441673535,92.20926535723316,75.11483678225827,58.97796007780784,76.9186789995928,42.88543613066385,75.84557473091266,37.18029912745357,24.409457249260235,72.90134212929686,41.96722921572683,98.13771043261949,34.9485182308101,92.17274205310659,93.29625485670795,24.185294706474615,0,正常
79.82211815880133,43.30745051445651,91.7524727230348,45.01242726352388,74.4303717337366,46.69674091637979,22.780075571285618,19.935012894468628,42.54311942563456,75.5494657014215,60.50714851807668,68.86292899005433,28.232635073194245,48.14353459576055,4.4395264969327,81.75324159581207,98.98921622398747,40.68790626246709,1.096365313154335,16.979263955094737,65.25268777504188,61.207931820385916,78.78647195855439,25.388401096106815,76.36319155471341,68.79840215236698,32.28144977138433,54.548814805696196,14.727380849832672,45.256450343558264,88.1197339555641,42.11913798253908,83.9566706475422,59.02533652596944,19.187671310235675,58.11062446978964,2,采集前置异常
50.598332915706344,39.8641335196384,11.963043951607034,41.670866384722984,7.276237623962711,9.876905139875126,41.591653293271605,30.53814819684637,92.55443258622235,37.57058053802705,75.78581220721001,53.02475263662427,70.40856686423355,26.01159830153992,94.19049728383291,53.00884969144239,83.13240712852496,36.50456934761135,10.021134905052453,67.37116477208488,0.7759648337424485,47.52929765655083,19.280190266645924,62.737550443536215,97.94198731378522,46.440290632064595,81.74982565256667,50.7784186951121,49.584003110402406,93.04234931787778,88.99658687466815,78.58004651879745,29.625575331678412,54.50084157239405,22.3897233305685,44.39166980465398,5,数据校核异常
48.42130657597906,83.16400401693309,89.60283653249931,41.462006239647785,1.7704445073237207,86.17738397893547,17.42786785013607,62.188196389039355,2.4970900434131194,39.95064752605643,98.59603021153498,10.069360110380309,42.369315199964234,30.714995018995218,90.50881233882643,86.93401079073551,23.769876030622882,8.118778705043116,62.713839406111745,33.636871188370975,67.20843906060631,3.2119756067814476,13.339923517748941,68.63722327726434,21.237065530249776,85.75876757624016,5.859088771013543,21.54819827855746,99.85602484850686,43.30761025867926,70.29656635446435,18.266304885701366,60.98687349855377,72.61060683694186,31.447663586651053,82.88971119758777,1,通信前置异常
60.34175784722833,38.91230096150302,55.76423933431586,57.676084743592426,16.5535292693866,40.27323698669662,34.34305880194931,40.09027225791261,76.11105884852579,48.253840746667265,94.03161532392643,29.36764133584362,41.5703578284929,78.69568104790415,54.60245933207503,54.70281464244478,5.334016300518352,39.85996627184558,27.073373242173247,99.93351228311154,30.835507063231027,88.44965347938634,67.62337350404775,34.09164091920904,54.353437837412365,84.05358799491938,88.33682980309119,16.03938750061452,33.95731412081696,33.522318021357165,4.204479607594469,59.823775985189656,85.4820052992188,38.15743878255178,74.0035944984177,62.77004136007399,4,数据路由异常
37.56487354930008,14.105979949229708,70.93238527759674,85.45651689412405,68.58544924014919,1.7878484034818065,21.623289439099125,6.947998488353191,57.038609957622675,75.64776788404124,11.057918706865944,83.83378205933852,55.55089783954832,68.9969012141725,97.14018486086462,8.368098824769731,90.12240229777892,12.610269598740931,39.29588066366823,85.14386963311144,90.62542367378683,50.63716735451453,59.410463827542515,70.81473345985572,83.27586684527142,12.151116953766616,81.00693082292277,48.127615051161676,45.0623425108169,42.389975199699826,50.92115852460426,94.50505533946036,54.82037727921516,95.31775382631392,18.029013061564058,72.41359788326332,3,消息队列异常
81.22395386087472,67.91288313348619,60.692228022654035,56.48127810861823,86.0930482578696,82.16465971645,12.228872118059952,84.85876570308781,41.40686194404425,25.369682999581077,86.97685680139259,43.20247996337416,80.83646901768167,26.34036119558445,0.3929321422217802,49.545919290294435,10.022825664288426,75.43759555249096,27.607513606941037,44.364564660347874,8.703356509155425,28.665924844725264,78.1490243258572,15.158791190231947,64.71595611269574,91.74258528045011,67.98367597577203,81.10216892922269,10.89716293039158,25.073182600205445,89.4538852240591,71.51056136180893,63.95538263773112,66.37667361217,41.420055430464345,4.455663161765322,1,通信前置异常
78.4441542070729,67.87132362153538,47.28044641127247,89.97596153682575,33.615966498509884,29.43217442312359,87.27963250794429,79.69876547589855,51.49798106483448,13.073473945784997,21.507147146505247,65.62279904088066,38.50412378404117,83.64731916659713,94.99550093322041,80.56369252749182,37.754542299555716,78.8686429231424,35.14416734706835,16.71000877656339,3.3393204865857395,38.571671276102,90.35593036972818,23.89865877556765,20.6513164929784,96.98207852410403,2.500411285059212,78.57821503937544,32.13699557408704,3.7487956869659333,91.78025402095837,13.96423302095836,55.17792837256954,27.405420742954778,6.519280218469103,4.992248566337909,7,数据库异常
11.555669883633879,7.136701388938005,76.05581155199229,48.556620228342915,34.289209134897966,41.83689101320071,92.89467355726234,91.07518127381472,71.56764801225769,88.46823774216878,31.964802758762477,38.110932600828285,61.371218185422805,62.36259472972642,48.169983801234096,40.06578484379533,98.6180311608695,82.11236261177244,43.49801978880452,72.72924772395685,26.95616932524595,10.016932623732988,35.24310255527406,40.29728001233942,1.6537124560670802,81.47920016358961,35.91934023891815,58.0418165780147,7.396318727095597,17.499682875058397,88.969372532756,60.86875278828008,95.02840501704856,99.87500343913169,37.18601153330944,29.880306408327463,5,数据校核异常
85.83560551590968,99.86114270374541,62.96412342324573,79.51407225115223,78.17458588152745,35.533970821954696,57.42703802570872,83.30569412642136,68.81138762610554,2.116381398203826,33.67056688975335,14.447569659460536,23.297221207803908,90.54894774913257,3.689328891076815,21.980071196192373,30.956935223823145,61.68840719663948,53.41016900858655,21.82694828533861,16.424106722315447,23.679803459611882,50.25296267016556,27.117778571120343,94.76025016077222,46.38652214288476,5.879601654463706,72.92664058366334,32.884528820898964,65.34889320582475,27.9594370523232,57.07437417333199,77.21525048074646,92.8008741774554,26.112714443307706,33.485695099898116,7,数据库异常
46.42664202859397,92.71748377359889,90.13868568106571,8.987828010063803,13.192982575381084,49.55091773306383,10.661927280542349,34.55808733486975,14.838537821747765,63.604035513188585,94.94954317391617,99.67337702943814,37.52411324969148,59.901263711461226,85.62676535240813,11.746207279638398,68.9564411051965,40.88436617250682,20.614616028016407,40.2753618747442,7.596028696491686,69.54071485893057,25.27426687484531,31.1405645044878,12.108129824146275,86.46591138898917,49.34442792827386,57.21468777864003,56.94326830948546,41.04931145413418,19.25299154381395,74.51327484983999,12.705626535767433,10.38737902788105,71.01450375965034,20.883702045198383,6,调控管理异常
30.67727513528323,47.522746700174025,44.93513167295462,70.85791250649991,62.3431793443361,64.43961622818657,71.40543306554574,29.261272742346534,32.233331180047365,43.799774789555414,30.74621730335261,98.49378689708634,81.40519264214296,16.465468825602958,0.5594155881869511,4.278326824726786,24.406345104292527,11.429128583685655,53.33381148925721,85.79952227273586,73.67502209132275,21.560906308219042,39.929925602578585,50.78942095312776,81.02058495033356,83.91216031061649,90.97183119077759,50.924525050287514,69.4274746435863,11.180037123393715,56.52889599539821,24.869180947113513,43.17168850266111,63.40505083067194,25.698593785378108,5.218505779676108,3,消息队列异常
1.0233856408757513,2.2159535544521547,0.8349737513769662,11.035505655787547,23.948871457012988,22.12215141822992,98.67965941798967,30.60061052089432,12.74207833593991,54.55625441677579,85.79574553975084,67.80603767876752,29.60820891354503,56.161615979145495,71.48559742004092,72.81044923677423,66.65384552976889,87.0810424775618,87.01054583441044,57.89365594070033,42.985636911121226,64.15702955650998,81.82120013704632,0.5652104841184724,99.19970090148512,18.289377232919925,47.02489856599762,87.20297348428667,22.504039904419937,47.67952239003832,13.258218018117917,39.50763253881926,17.71354547930025,36.3627748771157,37.346421679272204,99.31707895983327,6,调控管理异常
99.48130293037723,11.478627866061242,72.59687793283473,5.174547966910115,3.0192015337188627,10.53338942449643,96.5485657007934,94.08635478946974,19.392782028068044,16.16723355537115,24.0535086515947,51.554699407514214,56.97046320354099,22.159343043944734,75.66227880899451,30.955316940265078,92.21313255294103,65.67227064567305,43.63511943036117,78.99120017028454,81.79146260466648,29.048160560894367,33.97145438360843,93.59551537286033,16.474103836327192,4.2150416962934205,45.405532260954914,80.1209900243629,77.16681063107458,91.95306289128325,53.32006643690402,10.006467156653331,58.86889743360161,77.83956143532116,9.33281202698264,17.265740109758976,2,采集前置异常
1.2290661155670901,59.36525794468104,88.67343919459044,67.06633160020995,98.2040087590982,6.3033652499761565,90.30010851514962,81.40682873866807,31.424152049950493,97.35265518372518,28.793774817141504,88.93047238282185,88.07485770741894,75.76576166029724,56.347047381285186,12.000274961688806,53.197173449649824,35.67962556549345,79.22170331553518,75.81292064968449,91.06125073726052,1.4830162431707872,80.91032168230461,93.84620531246688,78.93004491081501,13.01944598703667,8.127910484088774,2.084523980770081,62.8745225828071,62.96726518598873,98.69137142182123,39.804317410409574,33.19062848974967,62.44249271843925,82.5608672507594,93.67739495230019,7,数据库异常
80.31241661790386,42.66739806158048,63.491423531206415,85.6299326716117,49.060968831173945,21.66866437053927,16.972343974787297,0.01577445780567288,71.82379949812842,11.10972088459905,24.383909969594043,29.787633152279337,56.037986013676836,39.795727729576925,67.46739920231619,5.5638659328702715,12.393919426443944,49.921150353326674,33.69647878468298,29.58133627513597,6.702807903752273,89.57191747480014,69.18185861250508,12.161815681964939,6.504595773714062,97.48725334312431,68.1172550439505,41.74560710937415,70.17310407557848,75.63317864801591,77.99622023887794,47.787730565305765,42.9882758124848,1.102808426890034,92.6557115141838,60.33078783889431,2,采集前置异常
20.31539371899681,91.96034194214366,91.49319017702963,98.91841643660959,87.40565631389788,99.77843878200648,24.468618812327257,84.2249585199234,82.30283087957645,23.094035922073374,9.843754900099078,97.94205136775996,29.602455152061037,87.0891790467806,0.41271546746038945,2.1024807219602204,46.58713086963684,23.871468393506355,68.98412834359642,56.556432556795436,7.7485797450491445,16.262829631571705,38.80492700584143,18.560406395543318,79.22223472439286,41.607023555328006,9.343186684249927,48.434290227212486,9.083818106141416,12.893730541981718,23.96098320282053,85.95277052474898,92.46125323329719,82.6257729332069,33.40772174178473,27.244644110883165,0,正常
54.91556907902392,72.18531605331123,99.33727881601749,13.157071187892623,4.929199902380443,69.4355888995271,83.22257835039055,84.63487798664232,67.84635490771606,95.4015804119187,51.10047635445869,91.38147983362124,96.7812136991523,84.71574570031078,30.97585632586206,19.621565117029526,54.812006498181844,45.30147503801884,87.77583421927329,10.003167106715372,25.77400613115186,75.17989445187085,9.498664497731212,32.07644140217002,38.71553940539832,62.259379656269,15.813264571936458,86.06044903497096,44.75422354662742,91.70217118805564,46.78699136339316,27.504025894073337,14.182882868767487,0.3745094711284813,53.21574849848356,10.715669692692343,6,调控管理异常
39.17277636311782,58.92717612370867,27.56858969027003,17.522429236611526,77.47216226093417,94.67911722816206,10.044041786196601,15.559032438500786,96.00126572527186,3.7784221812246277,97.76323365504722,0.4644483084988771,87.36686556513314,30.732518098774953,93.85888581772966,31.694528863558546,65.4306321534056,8.003256976593665,24.2329811453739,77.36793464792507,52.86858536788197,92.79690617870448,42.87514083413543,86.98123658139231,44.89554374782375,97.92482787019853,95.98343813988768,32.913670555608036,88.59236704168032,84.76113742156492,21.068039732756283,62.42904007832697,7.268231558981486,83.67107205834617,17.454588350349653,7.081470138576451,5,数据校核异常
40.021909553881116,57.69221385996435,85.4916958559771,97.42425255217366,43.949251256986365,6.044692298527021,74.91155790258706,56.51732562239374,44.789134484446315,30.926887879218967,50.239852784353566,33.86796044570309,75.70118677473603,54.38936964926411,87.68477741541119,54.35439146494421,23.826241333993003,85.10918822321445,55.721904493004395,20.684103814356124,62.350780995622216,35.771676494242755,84.44056122920658,45.329973864654285,72.64413581074167,9.553620763623716,39.60243463023462,98.32414364723986,80.84602894771483,15.994080236692865,27.77640494772551,32.981580885636106,65.03655604954457,75.69947594896556,74.95266088079097,50.98740563064028,7,数据库异常
81.08205378381513,43.7078082757475,12.388056529556192,56.44418416538133,95.23013846011067,79.29936513925114,57.870064769224236,64.68056603490969,93.05620270355726,42.83427944349605,33.13941389426374,97.7241565000449,86.34431335103334,32.30435846186024,46.37805973609228,41.5078129007799,14.90956786714339,95.7819323813259,40.43124312197588,87.5329082637908,18.93562276806651,54.78708106372198,2.396138512426982,76.42204838423086,58.09138982462784,62.55895834697527,5.172088255465345,21.10383302086154,7.433087235358016,28.891431580381177,62.7439007682151,56.618598431737524,61.21498216133902,54.92512713778943,27.302879567585936,24.450749734442525,4,数据路由异常
13.705968353658127,84.90708749034921,61.64793585412445,18.651101250405976,17.720937982123953,87.30356015261367,74.27308637633193,65.93990799053714,40.68641075392998,26.197556427851755,97.94507631128238,79.72395750228002,30.177922313627647,84.75647962784947,75.89319486146815,29.708054987799837,42.65528542416397,18.595344539102665,11.105244437810935,72.27620328396968,26.751185735386663,82.00593657462537,99.56087115144261,7.661981392964867,47.30351250837003,80.2062559310803,78.89508965412335,75.99971583309684,34.899493530191094,45.38532556850523,59.49683573414703,97.39405835732572,32.75472709384929,92.31438877168577,26.935691818049413,98.90744654737045,3,消息队列异常
67.02636868275917,46.3511480358551,61.33904280636049,27.25311690402068,27.41738575114666,11.355454384349384,11.405029770539876,34.767174146891136,76.28554778963716,60.79711675981625,10.258456033102082,85.22365249759109,60.13676269900664,96.08555767847797,67.01854674112076,17.5174863704181,47.378336230782224,64.84975975472041,2.826470104997769,1.4910264154807895,12.94030005985679,25.166443504547075,42.95491235206755,48.74404737597884,13.802760893789678,67.33915791158309,59.613806169653486,29.446409884116022,1.3659883435292008,7.764791535329074,39.16947755108394,15.397435116568392,37.681960614797084,62.81826045103551,54.72374278792835,23.117588313739425,1,通信前置异常
34.38224912587524,61.40311984486506,86.08550280434487,75.32134387388773,55.340002683341496,36.22929983164862,36.50512775418054,87.94173102643961,3.92435760405464,98.7982644420261,66.43754108515623,68.11376990723905,3.7997837304742155,60.552927489127214,48.4778060090447,10.577890689406699,27.792201076935907,89.03144562136512,54.99884158659529,41.34165751739087,7.268215584081094,71.41215274023057,70.28508233960325,61.40436069725636,51.02626462206492,43.37844022073727,59.32710929879923,23.33954517284067,94.12590641776477,58.879452918022956,31.119244435437654,44.967985088515725,80.56847888768924,16.161606073029745,29.28356224602604,67.95080227365554,5,数据校核异常
31.54892064822239,79.2501681861466,13.045348717736083,76.26861704546086,6.835171485056623,1.2592612667494785,89.82235188321621,58.133921693229865,35.182689708681146,23.25946369638504,61.68857832608161,50.90021835367382,99.15977755299852,98.32159866537458,63.50245661416096,44.28705061058905,49.11409691346621,68.24790662368619,10.157454423538137,32.83520738107182,7.527224100360385,7.3360759516919565,19.583924189423374,48.52532545932269,78.47743211627893,48.549589116587256,33.54766105608697,8.235299033675814,55.02955231831296,27.126858648317675,61.49341779171474,97.71877391324183,11.131432147755016,21.212539872193993,47.30945380993747,96.86138153459295,5,数据校核异常
77.18097762699956,89.822919316283,33.37148484757929,99.20384737785946,10.28328160641574,5.297290604610083,85.5602627054028,92.72648702069863,9.058535754610176,11.34274267458415,3.3174157755773814,10.45075626427241,20.94198168002809,97.0076618910001,66.78602222396805,77.85530255185421,77.61394036915222,53.507374977921465,79.74889777130171,59.58075323899696,31.45460976033576,56.11101087684007,53.350858613451344,82.34530537593207,98.1727217381659,41.104256542093054,76.33906784413597,9.976300403813354,77.68313694482886,37.14169119932321,3.9390162889686664,36.32461785621772,61.06427509216448,11.925016768146657,92.40344924302546,7.767241327283858,2,采集前置异常
93.00067198331662,70.71375179356865,32.97121754142036,39.075034770909326,74.08093647327442,60.14711008812073,67.16429214549451,38.916461651348,48.7813481807599,98.98674840378933,21.39228704997177,41.78561865221314,29.18231875739673,76.51115104398498,76.40126256657207,29.244546099739587,8.13903166329829,1.1432676672204045,42.74505332424855,41.03375943357709,98.83898786398629,46.98020756976796,25.641836957542065,89.12294410314674,49.10679496535785,59.91756352105778,9.566871042821267,38.291640732977406,94.42236744737868,58.95053841754254,34.450185514246165,62.56671806315931,91.04110895781162,27.399060047259006,50.51167184706744,95.86906539117554,6,调控管理异常
17.239614329845267,71.96639255967115,61.44810082029824,67.96751311406348,35.12196306675697,31.387937348376493,68.42096705883705,21.554328510454535,41.965474485900515,18.8174646052918,0.8304841123329743,97.00573600380694,43.170297865641906,96.93496144198252,14.032351976782609,58.7366779457486,20.09740327912396,79.00741269632748,78.37029887609752,11.260714903931179,91.20644528763891,19.46296472032246,61.29773415893604,98.56336200877041,88.23965347663638,95.6563928561169,34.25987712181195,10.557564221946336,18.83468732894501,50.049489507661384,79.3229678273322,15.015364418387522,65.97315322607571,32.35776040395118,34.12020723921535,66.19177301579263,7,数据库异常
46.699941953322025,81.20332930259939,15.591850966282706,78.99482697670385,6.423524805742087,19.405388024560498,65.61497145031655,85.49256565110713,25.267962773934904,32.71916058289129,53.71207482867399,21.157280648930232,81.11562615875056,77.36366450057608,14.529171196578162,46.38297318166321,77.48277666546214,33.73295311034148,63.31068227177317,5.021312145757273,60.868876052931796,15.265298000060701,83.05833251144513,35.544946358047845,28.15538627281957,84.0888976711485,5.014402307181021,39.66087993343448,37.00035405750314,28.480037424955086,91.17543320014771,75.09283935167223,6.392316419193877,71.46874494349541,52.7299133128794,90.08678944015792,7,数据库异常
31.294561734835845,57.416199960958295,50.0755274740986,48.95609062276057,45.610539951721265,20.562947553228128,75.57099224923928,45.13360327392887,95.85162750026058,26.08084271927763,68.2743839627041,94.07170796391084,66.34583230160925,87.12729076173946,82.74809597570061,36.011771548900384,60.01239399394965,15.62613398113556,53.552588269559955,23.04219718143372,74.37368149524455,52.80584218921246,41.12273626316605,26.879709616697756,99.86984818412868,7.171052088493268,4.356068057242002,21.725740049386456,97.10724586278197,97.92381683199845,65.49277347721359,88.01066672064047,21.39617308407954,97.20420941766236,14.278485013956466,10.112518818165828,0,正常
11.22115392472729,57.31279232725647,78.09744007180524,36.66671778746331,97.78959877861266,43.44201381183295,15.044855077321628,46.59667481861367,67.90371654224398,83.22257805043787,45.87682899565929,59.36068260491675,26.734471215885335,64.5916526405514,98.59719439503436,4.905357258779386,88.65306707051678,56.22825027675228,25.209865956229994,95.48897100092579,48.33543030588989,33.16902516733856,18.149762827084114,24.445221025666207,83.28490415914426,61.44100093171658,91.3245619488316,23.196845215778584,12.113857384890148,0.6087530975590005,50.78620376159938,99.83069303819882,69.4965268818639,30.839459196514607,87.68585830261716,78.17222659879597,0,正常
1.5415166076539255,81.68604805410224,30.052675723849596,14.967346458360108,22.633083973707457,46.8579804375139,42.486792706801104,28.888729937422674,17.22183222070327,76.22307896421692,99.01097837349171,77.77915804196904,29.59369676715412,24.480896141213336,21.766587606593824,13.669507448903628,55.13305496923012,60.54003719533442,70.55026606631372,68.0213370933668,29.233331128338246,33.03110053968466,68.15145354423379,34.94476407836283,21.262318961931303,37.43361536967396,27.208415757797766,8.831272121857781,83.01389022766536,85.31113891570364,21.975030016687946,6.477219952520175,73.88274373511796,21.15286258634137,39.343548943686024,6.413525223738326,3,消息队列异常
22.626958475843516,79.29022783296358,80.43964469152019,20.70848248877104,33.59138451066895,13.423841909374357,7.417263028492238,99.21717144484094,65.55939512448393,54.20965091983187,76.54985004052996,84.00771596877242,80.67147680447275,1.6539449289876607,18.68078981904985,65.49053021178311,37.575934780396295,98.2482651061107,66.5404792638254,95.65489087292065,20.144648164579383,86.3957028115023,32.135230581522535,98.95648082378068,15.76886720731473,51.63398188383266,79.28445338371219,43.26424806040359,46.80840601876467,98.6355795505741,42.530815030115335,60.407210059906355,5.45396606751507,84.221008021026,64.81680489795436,40.40201028628135,2,采集前置异常
1.6169539954519752,59.16688205935039,1.2657828484162192,0.12036139090179088,61.60985621493546,18.901706733455427,19.18875497180953,65.32715658327437,5.3697187939374285,31.340556147455633,14.943190214201907,58.01763697965339,66.17651547273958,72.11358535990435,25.52312169185654,8.924975163658399,7.868365694189783,42.615154845072375,94.58444090627151,21.772903424702463,25.67416013415493,10.088880210585893,60.55702738939303,67.98728739471748,64.293120816076,86.11302430447813,48.642583502607174,13.445704076706445,28.940513070441266,66.24299734213518,61.312197374155986,53.10031297429625,68.29644186886871,63.739085037329936,88.13248894649517,58.60163774782966,5,数据校核异常
77.86013587005564,24.870715596646786,67.8182584589068,90.21941183826758,38.57323278998332,77.91041873386466,72.47893011954353,5.952619687182247,58.15083096240723,13.018934920080238,96.73191722305911,81.14075027006562,10.97238012471201,12.175199764767841,59.4473854912619,34.48891741731833,3.490585907310928,54.16415078330531,38.78450996858469,10.107649237174265,80.19203922559826,91.5076765278806,75.659393401413,82.24223100162773,21.649056726611736,26.3572950918601,20.852754029918774,76.5063431365564,94.79170789344971,71.68372067339025,88.1466764879556,63.869909488317255,38.765990055879904,42.57616149303052,7.532143216740483,3.145719524602608,7,数据库异常
69.54756041890774,43.84288920111806,55.22150680546295,55.76612476224163,27.73758133333014,47.58925108294907,47.07602216677023,38.8427221227857,82.06753834010705,45.11640036875959,60.36445245059878,89.55201203808261,86.62336228589224,89.04222037791652,27.000499646501396,3.498248830806283,26.10667998953292,27.870734562070865,90.93603267249681,64.92427328379706,8.170395960222876,13.537859601110114,15.567612554197542,63.04217481689231,73.54140255070031,85.96439105653961,94.06365508062432,20.17045573864418,30.977248472404906,24.032288074483066,35.87615674661377,91.46651074237494,57.511256693936154,73.81918973244991,49.011923612678196,2.885791333612453,4,数据路由异常
6.419548599781432,53.792303126788575,71.87890348200257,21.53305275287315,72.1909573992304,81.06657734835125,41.18974783621112,74.6419232844105,40.40299503284599,67.835062945502,76.3997049319543,99.19266183081108,34.53966620635961,41.104078057461145,16.562005941017134,20.40730584018069,69.33950025983778,91.7045590154476,39.460495166124055,17.984444683554123,28.509949938299407,45.50517048081386,29.065032936536838,23.357908312186627,73.59844887570796,0.7844921240623193,53.92305273364831,79.37668070297539,26.62282863174682,60.329151061201735,66.89001056186179,65.50246964050899,44.58496341987177,34.65779878757792,83.59240730278134,75.84459569998643,2,采集前置异常
32.12551734139125,10.301919444220609,7.180754544546919,9.427597789893605,58.28693611920428,5.166217582898969,33.69268749640384,75.31997019142294,29.43481665153781,76.33080771801298,74.54670382070553,24.582713263321633,72.88221800927455,74.77766382721008,39.745392566702684,21.042048374151822,52.12708068918691,92.13975880001964,63.9616732432062,17.29224976272612,68.275692473352,42.720302728183455,59.1528797355373,73.4064035023108,51.49473515144448,81.39839745733086,72.21555793166277,61.50733400185106,15.079281583235149,83.59491109115683,93.5905585319816,13.696512380929482,48.82411294334305,25.88887419705045,75.45233074255646,72.16296360047,3,消息队列异常
14.088512057039871,87.70272712616372,18.097306397800228,79.72590256481075,45.69803596280049,32.82722935581512,15.823926267421351,16.76142561466294,66.18905547009003,55.043038794712054,12.208542165123271,11.26978604383252,7.231057477279146,74.37673473735441,71.18820852292892,5.843099085457515,56.027007559697296,8.46761552426899,90.37457706089417,90.71174191801325,69.823298981313,92.618892143945,81.14530304136906,82.85385759270494,56.97078505699332,30.60591982161759,21.779911511642158,32.72000220389292,62.8495430089062,17.265653583239892,25.864023663732162,46.80608627954644,23.305009852461556,58.86436697160617,92.31760284563299,74.80893657031264,3,消息队列异常
66.64266141489131,58.27214759837788,48.79479092570649,18.656385963465972,89.47104554268655,24.853600201283633,9.130887757816076,75.00151792286952,17.56155343311664,37.189599954117604,2.8284928290979727,13.706794254044807,17.320363075991207,5.441012775017795,65.66569566228452,83.70077958031172,37.3315406365941,87.45764767182007,21.33465745601265,32.53904235612395,15.07369930311684,62.05591954189986,41.986959087030684,61.32833468418987,76.16749053941835,54.570301603294844,62.76303549017879,93.52503143943329,29.90643096088431,35.916393863395314,71.77033617093369,61.13055170553867,17.853290453971482,37.614731001049016,46.783801312471496,41.93898379683893,2,采集前置异常
17.827480832204078,92.44300917842622,76.23187616939758,48.13558321078523,68.00610283068366,89.72826721355219,13.61741423615712,25.03730507069777,54.2701247256645,79.90103713523587,3.625489544152738,98.40181501963605,45.49066028823972,35.9231140621723,29.272443783977188,17.435670765087163,79.15739089300278,95.54141647460965,41.36447548453982,95.24206947534563,82.37976154350342,48.10511274763183,67.40261791261327,43.4984179170463,55.87234082125524,5.804633701850381,69.62634753005331,5.282464448413671,81.70849469196494,82.49469294605575,23.70772875562146,32.36627810358003,48.13103785582933,59.66629069324815,28.735366174199672,59.2486404631925,3,消息队列异常
29.778707322929886,5.549072107106068,0.25275498319089484,10.11510579184286,79.22507001640182,96.14313123833371,42.696619928121926,51.268395344994275,14.684816907342613,55.1031352680157,14.465490200697683,61.12143311988301,93.32586675808538,19.56985393030396,76.4563718057102,2.3502422818324042,37.5497241321621,11.074850783050906,35.24754415956994,17.353691963888352,37.33049901228874,41.75228061075303,30.05911227809184,65.66219494731291,91.88520512589096,40.059537410527234,19.234315647502143,27.072275819598335,85.4000823496369,57.16397232701479,45.501103230695726,14.96367215089267,44.9727308323782,27.849200335738665,94.31631278533492,88.40701094157313,2,采集前置异常
8.3902541828198,51.66534892612429,22.505834551467206,41.07770895242906,87.68479982514565,52.751451988854484,33.42152933707598,20.788835410499708,80.03248594064893,62.451801536434715,46.80654604262312,21.748435386297803,33.424637415713136,95.98434267385186,52.00899376058344,40.069928124325294,52.14220423483239,77.89885058996087,34.010893650286874,17.870612093260885,58.49361183390478,66.52041034810672,71.27180029585496,88.19875907661296,37.11741206891131,7.53548962288918,95.83485836309423,43.50119274374752,62.325750967313134,66.63053231282923,54.65137087012035,20.52575297362701,75.51430501161414,80.37519743040816,55.29755860174398,48.856116058484155,1,通信前置异常
11.393818312798532,8.395166149978383,33.956484556352876,31.084615551739326,95.36564509632713,78.36227424434298,65.99242952590599,51.7648089017605,16.736753072665135,97.84566721842839,37.504069824021,10.692560244724481,49.37988957157461,87.39980116130832,88.72910017773295,1.0965916056447256,88.62957447513998,27.14842174998585,3.8972363968423074,84.77902703628743,86.38667559882083,59.623107984235006,57.44337572963584,81.31202726214194,78.63095527102799,89.0105473442704,55.27474475967035,96.76470927328087,99.61468309333384,11.65446099986326,84.9543759554122,49.982225774858904,38.75663382998321,61.3072309882715,5.596555726200703,50.64611187670799,2,采集前置异常
87.08905700266666,21.34615161389688,42.63898947694251,93.94808877148755,42.85638378056973,35.836763233239836,44.05366481233782,51.945276651755634,63.199134413146886,80.06928009167311,45.210220576431425,81.74809350901403,53.372066135208065,33.84805103679776,65.79508281194141,71.77222547434914,55.80489756294875,5.661497313472341,16.98828751608249,28.52977208902282,28.26256059514931,67.34208002468705,1.8348661673632582,75.56817770495199,26.534247480693317,31.00218462161024,52.79098279439243,21.592560093895752,88.44713135755275,8.536877932656529,44.43823623010649,84.942226945489,61.58438944212358,29.232951584263343,42.07602077764607,70.66943803425147,6,调控管理异常
97.32607433638994,89.31387183794335,34.24328083823768,99.81978792878576,0.3504663531058272,2.762975580841509,82.38405151711939,19.946268683305203,6.076926839624086,23.714807323650223,42.61001539808602,73.05662704334048,62.43355265512055,23.762121756042042,50.32704481005844,92.62141053985687,81.50077769837577,32.318978483179336,98.22645613556963,70.86204004351309,6.244935566678178,3.516071328863868,16.840794901002997,72.78558680501467,18.37389258424279,51.148676920883354,9.326012018083174,92.0886157830195,34.396061358356754,90.81320565606308,94.48756419105443,0.6128647313680791,46.4135187198732,2.4656055706892888,90.86927663029059,51.84075447345759,2,采集前置异常
7.494401269849682,11.027672827656687,38.3509024492739,94.02341928728895,69.29091515680808,86.76188661891324,36.64566463399797,4.321369954999832,97.43176372044141,1.7172990662369547,94.7651653081089,36.86774238491447,1.009040502188152,68.91572317245083,98.05403040313541,96.56257228375925,16.093701120241843,18.1247806066155,56.55389146196601,63.73048264283244,73.94179136658656,18.10503604721475,95.90070867644344,63.873925628923786,84.70469188705549,54.00657152841718,41.427684758988256,97.7182906594996,58.212137081983606,86.68735827991789,95.329239636629,67.53546270086592,54.8938678518675,0.351085091065062,4.001964073900599,20.085121605111635,3,消息队列异常
18.600843185599526,25.475879519984534,30.493463769766084,36.00654935507283,42.053769006887656,9.886633845601466,4.236193195278204,67.39444490730234,53.73348248430777,44.41442022201196,63.443994116835235,82.76794072035405,42.76929091162046,64.11194650519793,95.35722238351588,83.96244958615607,42.600081050240945,64.4716837814743,17.707092191593976,56.05221848950899,98.13282911384428,51.83151152025223,92.76382991901473,40.73349205032607,99.88448271846312,57.92200352275578,4.226899423593455,58.67547966913881,27.457269567959663,3.248132203589471,82.08533046946633,27.572963698075593,79.65485540464985,28.821758295586697,19.432635387377427,97.39355741044274,7,数据库异常
36.164532775501954,60.13762114431604,60.998149281447155,56.04734821735018,91.46957435212147,67.44410713668685,40.373300410493016,86.2380384524274,18.10628991159644,54.42367576104174,95.05503719437563,62.53976298804127,81.69684504748761,65.35607255451929,83.93708635378904,94.44878798452436,27.29217275327368,16.966108125671887,48.39907503325399,70.18624268242158,22.71912531822161,0.4101450430167075,34.293511583670536,96.88593354677884,69.49674606058467,40.13254439412239,19.257609734684035,35.6089673754747,16.983943330124795,10.63058213129514,90.67423725725538,99.76503383754735,16.41144395957903,5.452255887827972,32.973110714621235,46.16591807614153,6,调控管理异常
20.48212470758545,30.142491179855845,20.08707356916577,77.42605684324514,71.25779432472608,63.49515157609817,38.721785707920475,90.90409413142359,96.953254153502,17.3639312625412,22.301264141187804,52.563102800036965,9.125056928224529,43.64483988231128,58.179126477771014,52.20735711373331,33.090858307802606,54.244580607720685,95.88009542588478,20.601740429137607,65.48313583940036,4.339669415605185,6.641640448143493,55.1828224223585,10.493918032794946,2.2346788426857334,17.151299764802218,56.48491709995744,70.33409545189325,20.247856414138,66.82594372081745,18.247633109922933,61.34574266312571,41.195967989579884,65.37995093336167,99.50527524792473,3,消息队列异常
93.7816965232562,0.4281757836103628,88.54387643623058,6.649079517476652,95.3046586159845,28.18256790996847,38.20348304112709,9.163820517572784,11.22727583289096,72.67405652293196,94.43322357482916,61.074849495430946,71.5850015526811,76.19697445971535,26.28142745529417,4.5229630920214925,0.18727439191685846,35.06492829540186,24.14642281992161,6.231772504918565,17.952829249366676,12.44988982679478,91.48783806173704,14.026721345916894,53.764846398767915,59.310595511216455,54.34894577086338,9.905643421598798,31.87983617505512,5.127033246315326,39.566991409631605,18.8598931271592,56.16325332843798,69.28083938491005,53.21198602047065,43.42366966113958,0,正常
38.73334208566924,84.16917680970037,21.936806506527006,73.42183395288689,75.7482324740119,41.92000072707345,29.730059922563935,47.05414860459752,9.32139258926985,4.593003222908997,11.16031994518918,18.714503146222615,50.4176820338043,84.91366361611222,23.564233199968697,93.51620107467781,95.49079089350035,95.89046048452052,83.75627346763238,36.38250407977206,7.268391100262306,56.88187317664949,55.86814439372338,84.99757671095955,99.59910509461052,50.81573065601476,34.520403103978424,18.5901711556267,0.4799824817370735,50.911369248887915,55.55186667025958,82.49384798173975,50.45769678928006,91.64683486660566,62.80834765714355,84.03362382210831,0,正常
14.830173480774711,85.53361303023146,67.51438544438484,17.023303243833055,18.976355814601085,92.65006190442213,3.2215360450372876,46.25349432957061,31.347528993410158,66.5077439998428,83.96293875689919,36.03781215565696,42.69020873228372,98.19177845014141,78.39165096792028,89.72041309317915,43.87622206516297,23.40762039841152,41.18634653864517,71.60919178315135,10.943040483597933,27.046910561650883,4.6635900461590385,43.23477383381316,82.74457359796132,2.46636882980108,67.5323526807166,93.24958745137396,23.692786151118227,69.36348407276482,97.51019011002003,96.22780601524632,23.492919302914327,10.03310532120687,14.828253789591594,70.20356684821422,7,数据库异常
72.57588754532756,67.4236561628199,33.60783877422381,16.977693975812215,58.076109195225314,48.36804457578665,72.88341471223035,44.136007868562146,33.863969468646836,29.34785773590144,21.147032004974655,26.57463761866614,9.483043884410137,34.685701092888955,3.65698123629582,18.64138471663268,74.67704446194291,32.546898867662264,66.82370169773438,71.68841755972774,58.11853427321135,95.86977413653985,2.1439866623113257,73.86526505881422,95.8786643940408,86.22717293529392,16.789269180501332,32.68203062517321,17.24518398764654,60.13083638147041,71.21879819794923,31.70737693630582,53.95065739842955,69.09205700711951,42.13398166110483,85.40155304554592,7,数据库异常
77.15499352878172,6.466554385057066,62.1125299090829,23.53255509597496,55.75182646672753,95.68884426329663,87.90620045522502,40.451640311513174,29.151385834435338,23.440574440825902,53.25148697565201,11.424845325805633,54.92750081282486,0.13336394907920157,32.38496307458448,21.993431383058127,97.12187899607821,72.7242319569979,34.96533804622377,9.284508653062051,51.6800594690624,21.34478813260423,53.64295458983578,83.53623541788924,61.57925521013854,63.37884195450022,54.103028906281146,92.72656326314092,93.19026844206033,51.27232010735522,30.575948714350442,45.95870058794439,18.655791219561568,63.634431531808936,50.00923357822332,10.33004778132799,6,调控管理异常
19.764778111961533,47.96319561995268,88.75889907188584,56.639072063109744,68.15350002084708,33.90285497439097,57.141139304423426,44.73798226380674,65.91299126231607,5.057556607901037,49.33002162389592,29.599262514396695,32.61850612779092,96.09174315580614,18.269481271138275,31.12452525785969,50.98925757308718,86.30269481496236,41.667008320637045,74.3865280888171,85.63740982148023,31.001635582184896,39.27501835387099,35.65562236883563,83.28558086179211,4.434686195360116,30.842108882868004,67.94085575951298,56.54434995653427,43.628935929369426,53.99482272213844,19.758458582831828,43.07166216080104,50.1702984176349,90.11891219546017,26.083516280397635,1,通信前置异常
86.78285021649326,64.42414008259819,2.0340831067600984,72.46313368993937,3.555187754905509,99.73811268138131,87.26366876911979,29.734374754004566,25.741123019670543,38.14410821056089,35.616696531444305,37.23378183853811,31.82765461194804,62.11334068483314,16.426366372062397,84.59812924460131,81.24024840313153,47.64832078552704,85.27299652785476,24.71450700302933,1.7565455703966948,61.9207925029823,45.79094069647154,56.71645462958706,89.9339409018403,96.99255735659435,63.4453139755603,76.40555898524384,8.380843348716427,16.07155848915056,73.32048049529766,43.13654563880019,44.59652704044057,30.86076816354366,60.735638347774376,18.51650454162026,7,数据库异常
62.69162793138956,17.37988571352397,6.382603470971359,33.0357688699061,23.11403420098477,88.89916385563323,5.49534538686266,17.661369257412286,54.87196055830494,48.10671908474736,4.585201837470154,0.7252428015144474,98.80679419611499,65.88347003588382,36.54061309015568,47.04322476632413,26.655012045428695,34.48737836932098,64.90444672682139,88.28117988673708,18.413002308118486,84.03615053853187,12.155662951826907,21.49922235883912,3.7175288049645983,14.081186209299945,91.73031454640505,45.94387466183786,7.7665861778353555,95.97268380389613,87.899230775865,75.46825208681412,93.34727919475579,22.012942083576416,83.63692930100864,68.99911963543062,0,正常
86.97592495676884,79.69115657426298,34.6495063176825,77.43985370172555,26.245630298489033,32.859216302805486,10.790571722297615,93.50766159804688,29.100336340028154,52.062246517145184,39.13328364661927,95.99281205835015,33.50491709384824,77.8545821422689,85.541615463118,43.560649748096594,37.81718144529312,74.7745820932628,91.28959803062341,75.49317330722383,22.71263655918656,88.83077474377053,38.75816674368331,57.62294117779343,83.1435619292711,18.83947674004922,78.45101356775531,59.61627979106775,89.33416418276082,17.197040184354297,42.068223704092844,83.28430928668375,1.9231703456760174,11.220136676564286,99.05652127567348,28.039417859035055,2,采集前置异常
97.55431937239534,18.253155100867392,36.109444300733564,75.28694445035707,65.77784072381785,58.11223999290556,52.98991758050076,84.34404436647402,23.49485628333927,44.24709269935184,15.545229215645728,59.594159573070435,25.054442427132017,33.38420643433858,47.125071662352816,2.6770585703127847,9.193793592083765,68.59292207082196,42.89699807175072,86.47902219998954,69.46720036441995,0.8100941647322446,61.671233076713484,9.372486605971641,78.09331797904943,99.1507688278502,53.11987942415115,68.27795001941304,23.731416089475154,43.75977437537936,85.60953322363837,16.742294774625122,26.55356056137621,44.543367528603014,71.22488918440139,37.58839547956738,3,消息队列异常
92.77322797830038,9.445705126871918,37.08041975448475,70.89541234284219,22.598676566149244,65.6413134229673,16.421695822734595,5.598028486168638,12.101571674864886,92.99847831341347,55.175088293955135,79.63457754796491,33.26545009050512,59.26586478854466,49.49521337049916,94.5737959402294,74.75746360541103,73.0542631496579,4.635326943427954,54.96696690036911,46.699145390181485,92.78422666061945,25.734198818953224,26.983345329109433,41.13462488815004,24.336971340637604,12.918391780874948,85.74148466508008,55.82765244039158,86.13627189565668,83.11347654036959,28.20423547896711,54.77374443242739,8.321770274007045,91.52518840307584,40.42627150651531,0,正常
39.36761838890214,30.275537061795323,46.06637447107038,25.175938654544805,37.48522727968046,79.99470485848819,83.42555035851719,30.418247762851614,46.90144305527879,87.38197762800523,5.267333182969713,88.91449619957854,21.91843456523317,67.85392442143758,58.255169638460025,55.29407481892521,85.93602247528213,10.157214364466128,34.7028025325636,53.825274634476564,81.12888539460398,21.64430834116715,80.29298413742762,39.96384824939357,18.89138564336954,75.89864404434826,9.089890147454781,51.47673740754429,6.387578386188841,35.64178551577876,60.10767990063927,55.61155414872131,40.46554179046665,42.90479939721157,22.676955335076656,45.58825884241029,0,正常
95.32548557208342,85.04529177837904,14.52328690763438,2.978078732092093,93.35243127166306,52.674974988074766,53.783782314930775,78.07179957065223,31.468897387132657,48.190756883600216,96.86629131467376,67.21486869324072,15.374503199578593,13.32267479843533,20.42647583330054,76.67116744207175,29.537700384061605,2.1388846675079787,94.41743635056619,16.971341639491065,0.9558186148068581,23.7131602383323,23.50287871181337,42.200525084572305,92.03898315000369,87.9184917779098,45.68945549824279,41.08999049918065,55.500908647485126,24.345401197176574,5.218499196636284,93.92241361712067,18.669898487717273,19.84007292457164,47.24603288539476,49.16133448403307,1,通信前置异常
1.8434209700741944,14.79547387739707,37.81548185607417,68.3730693510539,22.841845683193583,42.30144462417626,55.73450647164668,88.8592494623292,32.60705023271233,13.355826586348352,48.927222589760824,74.67216016840621,10.985975705273344,42.46834916969604,1.7785141262483428,3.3559181647251135,48.29533632166656,29.819729815092945,84.51072990054122,60.21543061264543,45.39329617429904,40.793537105429635,49.72454801895633,4.043883121266134,89.27933564206599,99.83031557339584,18.148712485869865,12.038296477461973,14.357746344859523,66.10270582343671,66.14408384507747,84.79241622784109,75.18263884262532,44.96896733693397,61.28553615653188,68.82846703680079,6,调控管理异常
51.27364702852252,47.56509844516367,64.50974456426533,55.747454897565376,64.39423053359104,61.28547739633638,71.91965605136546,64.2803508782876,51.974248643726725,68.17968112843865,44.9481965185428,24.167122597260104,0.141822013391546,55.99641471458432,59.0655226608641,97.20489647757144,36.147833409427555,39.41332428283118,20.17995813421902,7.053429523732191,77.28044928617406,24.9681064339325,60.890486103003795,68.77730355454815,47.12366872916477,87.63521130271916,44.37948409797288,28.490862304176513,89.60155229616224,86.15642842499565,16.4039947076413,2.596101835392095,8.998555634962068,28.654739855381706,97.22598017417107,55.8516153160825,6,调控管理异常
37.32617320292688,88.87160946127463,45.31363314784996,31.52386284010211,94.12195287456574,84.9517666192678,84.3668375419441,51.22847430502131,78.9438398815455,17.93533592645519,57.32229575562437,98.38459228475458,29.095843051796166,79.43523292476752,49.047840720806725,3.980568322208733,76.30193978156674,16.85691443921128,63.147356713275016,8.566419404697289,94.68673974959648,29.17238871803609,22.64646916773949,12.91364040663343,94.60021933390477,71.19037424413051,74.16608887180887,49.94045613802446,47.47277852704834,11.002124299147663,55.984109558399176,24.691649510879042,97.71453328004058,79.65809400151474,41.29920601928876,15.134125869153303,5,数据校核异常
78.5331691138784,12.205376708131599,18.93337534970705,21.15205177442274,55.68906382730944,78.70566539903663,31.431487872469223,8.46698142752894,46.45384635244192,74.81102411599355,22.166384308738827,21.992454803937424,94.72270273467109,95.41537271191778,99.04657320615765,80.765960157478,18.818416916794554,21.198152079926135,34.0225241522392,31.813253133349086,95.6527749078009,78.90739828816936,72.40087921615539,18.596322405813183,90.95255593623295,82.78703795061737,16.36418413279237,87.11703319609725,27.22475363704713,8.086974583210605,65.68223065142101,65.38046593843306,9.49320095656181,31.885180893658237,99.28144622555386,67.84266670087369,1,通信前置异常
73.00751666033291,21.291728560430567,7.878207100391432,27.690168974093766,24.889838519319195,23.45441007480531,19.275432188703956,57.475569065540434,32.810347584182175,82.03450150475304,18.3947417847384,46.46270708685445,1.3657836426079983,48.16823224551921,5.583822087647439,97.77235118726436,79.05921286504129,49.01114766364554,8.658735817935026,59.244544079041425,75.87637507018775,19.07172530047453,56.82083407874908,81.4210898382868,76.82477776463163,80.29920178671529,87.93234248697198,93.76821021594702,40.552115520353595,56.87691025228773,79.06595260456109,69.71398139457831,99.55202282643788,1.367765110464414,35.51332153157907,28.102792627020246,2,采集前置异常
26.23158501655346,22.252978249888578,70.9123840815229,8.475947327532186,74.16088339433384,69.34258420162735,25.080413250089638,25.283378316516124,62.886058534450214,76.21711054836778,87.64856130873655,85.21395638544757,96.48829941638532,58.13848953365112,90.86555613403597,80.85132732604107,89.46676243140136,1.1626601285366633,96.59029918658109,47.35301628464783,79.81829895748429,12.720411933778086,39.594109581397404,27.146066302099094,29.1658770500937,12.325561995088174,80.5763832543007,0.9242314581078159,31.25054569852025,17.441054321641502,58.90389406083405,25.425240261454384,25.899845452809966,48.833814399531875,65.26890393409258,12.130470456516363,6,调控管理异常
17.551145246549616,24.71747445945176,97.37482141179605,39.71524999429204,59.899009063102646,24.15428127159779,49.045952515748795,7.411917438595806,3.474214592232694,46.87335268214602,39.86592875184121,13.688031969182768,68.76014289207338,99.29034908992645,39.56468211967125,62.455863591739444,96.29759423644857,83.15349724468753,46.355222330268575,73.74894844599194,12.813504025052403,51.210385546379925,27.906027717993652,16.11636878961611,42.62809062545349,13.101455443361443,69.89851081744855,45.62400440533355,53.11446325646638,14.6375938668157,13.977166109349447,58.34154352601241,98.50097478294462,9.625058323772562,28.573142856578126,86.94591165378876,3,消息队列异常
7.227201225523694,87.58857213669513,52.428598337475115,40.82667739264259,30.968056435145584,29.71171581278419,30.580258244947878,88.48030809601958,72.37952301747855,66.97230078311506,79.87491489520008,25.7114663004145,61.804281208175574,46.006623895795094,78.24416352001934,30.925611047328548,64.31786168698957,88.22124118173134,40.21504761949287,6.662208736746145,51.60508223417928,34.59724878070259,67.22253805471749,95.10329247486061,48.5608317996847,46.61902301555338,65.45848001914602,10.349750359356769,25.350618892501465,91.89793255003985,66.99426133637662,1.3444043983416254,20.462547255901985,68.2837266028899,76.43992025625742,83.98595726740419,7,数据库异常
29.217680338204488,93.10285962775626,55.29468935778924,69.65390223878929,59.673886277990796,12.274005467462047,96.31146593848798,12.287557989415266,25.48819564111836,81.36278802229802,61.859696150110146,83.8149165376357,51.57361883740449,37.699323536663485,92.18454995477849,3.625231751479485,85.61302203530458,23.08177851877816,84.87363277539679,13.91966134168856,58.02189636905405,88.8107919011472,47.35396468988905,74.65666738033929,80.46716178555585,73.64942087167792,92.53297368745983,44.68342305199287,17.312543916515576,4.781106370247978,24.64598696375051,14.319750388024211,55.79487414344805,18.4945337211732,3.8933707289371178,3.598982886866786,1,通信前置异常
83.15694983648616,59.14499314430248,35.808530189337816,89.42280427402468,7.01966114077136,98.03220727278259,61.6291790254461,18.346425396884847,67.90690989769685,76.33812597835626,42.934278337077444,86.16326062455474,15.073240729647031,27.883758357760836,9.349236158398977,21.087784060735217,23.8728811911145,91.76331909217102,7.81096887511562,42.74151201877095,53.2398687226913,89.86930538021608,99.76962186612135,75.33881149198358,97.07909905690295,78.71011325358738,96.32026409714166,70.72707259444552,7.976342545107107,40.19201869926765,64.65972838024705,35.0718509454251,27.33839181137786,57.739926713309096,93.35018767024349,3.498187351615356,7,数据库异常
76.92312035414378,72.2727278044627,96.39534253882871,93.07112223325436,76.22325620441929,52.04087646825987,20.426755323351987,54.52357183255744,76.53519939196538,89.56692126378931,78.9712009210549,19.526693519105397,59.96863142280594,33.217345953135705,0.9205667390642991,20.022093578866606,11.322064993344927,84.27191235394686,25.850625214781196,28.46979688875555,95.99365717988843,37.908672304885215,0.9585640144394558,28.384614834613654,11.929958060181246,10.280856173585395,7.748729013574951,59.32594701753773,18.934772362985864,36.124279404101046,86.20177161300168,42.433813979627566,91.56913500516376,49.79380533956063,39.88366148397557,75.03889270907015,0,正常
7.3175098768002105,8.94783829824174,65.19737139229606,48.694071323924824,79.04152503192103,91.62708373435315,38.83668776715476,59.64100265846463,50.06966277953099,98.16106556424329,83.10844073565951,91.17377082773535,25.434008757760417,77.25264231625944,26.547322499764892,20.87425334283899,94.42661596555509,1.9304416717866646,96.53887036634296,14.92618969888062,81.94380817932682,27.59225530681031,35.07023274307274,21.675771132198495,58.551404248107964,34.809554750787406,65.73930394946632,1.5647317942065975,6.437488351503962,9.966115273124865,41.89936853102311,81.4796172659976,88.81779103783826,24.481074006090076,57.4369724239014,76.83649926926005,3,消息队列异常
28.88294299196087,40.90077367362732,52.397420268571395,13.48748464080477,2.5982293725780314,15.280580931828325,62.685362125353336,7.361826153368167,18.96963648501283,33.78538856953037,7.787006430636634,19.169927116163443,91.12697889835111,1.929913222698476,65.34319241743621,38.44089309151849,67.26487394323712,58.86917203634046,22.349875435464426,84.72094875733886,49.19403826093567,82.25360189134717,40.60125361882192,98.4685553915239,77.04893585012962,96.59502051125735,51.43264789098588,47.369113229070045,75.54538093252579,88.02912630134301,96.4145795865558,32.455190603249974,79.87045738426389,21.06455976355367,54.557434674544524,17.984814840919917,3,消息队列异常
34.73973617503388,93.13583672064593,14.609069977308609,63.24008951351965,59.295427292740335,12.073835270898648,32.59790437688122,56.298150451526574,18.717860898849025,80.06236564128154,97.21565095347499,21.475939996247206,18.69119647905759,45.49350717974446,74.77652771400322,28.16006102352514,1.9879908697280402,54.122062803289396,95.66005677673076,39.12768554069456,42.013455418310045,96.8901717114038,69.46076116267284,71.91719228421252,56.27020053710676,97.46092108632416,68.88664844255561,89.50327516051695,69.93788657332212,73.5115824840396,29.04109221422465,30.3478698013819,78.29846495760292,29.670628916989962,56.27700708015316,24.935231090670197,0,正常
81.69833808090694,11.050135122769,82.94466397616644,60.27298005076018,18.690953482707727,54.20353855061182,28.249883684734044,32.34673347304966,35.15280415968803,6.331924697232094,98.59616844014174,3.1534628131224096,66.24968731842785,37.12276477574306,64.6010290946699,35.62482530875838,67.37506462588587,72.92355094683607,69.05526403996448,11.396198135815228,65.68932346546846,27.998754945409733,2.8801370569333518,41.4830671888954,43.354310280380105,46.71741333524465,70.48241653907162,30.884380914245913,31.528051310392257,6.055225624126059,68.68212159922959,56.782609139958396,34.942511269378805,70.51889789173546,53.73577492268772,46.924494587053964,1,通信前置异常
51.13245436611265,63.63481252670565,66.00026045745994,28.895781914071716,14.074336339115323,15.663418119051876,63.939088590300166,87.2873285767126,40.94962783455518,16.952016032946236,75.66024982938546,83.24894744194485,88.05824431209666,60.68314289137332,86.07285593880847,1.5414958448407678,10.723580176952352,9.257606705209875,71.2604684254733,6.958178354357902,49.636437246630706,47.27068986362891,31.07035235582409,87.04051699420998,17.0433201879996,35.246278439923984,77.41715000229291,3.0422314393284244,67.29504002463686,81.63977263615706,93.22678388381672,87.62966404914849,31.938411683368518,58.63641413229526,7.729349315046585,25.78700035480086,0,正常
9.422237874750738,31.518729015396385,87.51872134587289,34.71668396742926,56.18981030014264,43.338084811494085,45.89165242987353,96.95720518365583,29.615446826385792,62.73244695231713,42.0062669579447,6.1146181047686206,48.9330831624236,81.33433290451083,9.875296868168837,6.9591847396308975,15.363152039326666,76.44001113893061,72.3995384144738,56.501776890611055,46.82264040926324,88.83258147026221,76.66978238334825,81.19422513018051,81.32623013506543,64.2717154745558,45.80146243159459,86.46777525856504,92.60074176032506,2.3806043258343013,5.1554873266251295,95.87432969084372,27.716061384419476,87.33694396494187,38.879511896140265,11.91000576093556,7,数据库异常
8.044320020933426,15.650789908045649,24.989319486736473,48.851835393082624,70.14979005657835,98.63985764853,44.150674328917106,51.81849423431098,52.18157013832556,53.94343554879361,51.77406571044622,0.8774755061917827,0.17248221098407068,9.766631812612292,10.155660342917884,70.48969089547961,20.491603251599976,89.47141047556129,92.86063295770195,97.58933378958987,93.90813048870201,27.188832191852462,50.97768447035125,17.5454970196941,80.62096551724332,88.84317051440961,85.12888392975148,43.33669486968349,75.8673884686781,9.757916957626945,4.024477061925069,75.32364143087608,42.53552743286837,99.55492647395691,9.72542158555324,85.56276815352336,5,数据校核异常
47.99830655289917,82.71501955038771,81.71272821701449,91.59920013620774,29.78500112861028,94.9799353462003,15.166696035762028,8.196877759349054,43.161551737234916,82.83229686418426,47.34211306334456,82.92866775305141,72.96868057943053,20.942838613893354,94.88816248994638,6.078116862940341,89.82797075437949,30.4443448990374,50.01480831643993,42.235187270073446,17.18345569169162,35.81468664016931,19.293443629279526,20.388647546052386,18.705683602638036,48.901738034659424,79.79313675113156,56.8970033761241,89.32065885508419,63.65444885767242,68.93401156326044,66.76072297270032,44.945919318374116,68.93388222000829,6.970774646896116,85.98514719156631,3,消息队列异常
77.78121434439174,24.522995823167882,76.80324542540824,1.2642601400018494,21.724657248088043,6.513723867089594,78.02269166178947,75.58741511783872,81.36360238018307,0.4481693325528835,50.1232726678408,70.48361975173366,15.540112873901545,64.97907275126246,8.411009930968572,18.132585610431317,47.5796814994601,65.3565152681102,14.586912695389609,18.52233308309379,20.4446367065663,23.870080469897847,22.655384852629123,39.51491084976367,65.37896508367228,43.80317831344696,77.59739087498882,71.92685059486148,12.652691404907568,4.884162332074393,87.79415639996061,7.983106656287342,14.833918071971308,2.213327555811806,62.83363652986538,58.237056315834856,4,数据路由异常
98.69036664352556,88.6932396317172,41.08431774809097,37.1585840912535,29.68520342799851,15.240692003788137,13.808365660200906,13.228370800960542,11.411475718677854,24.05120424055369,30.666863031311642,96.15789710389159,57.84732510018857,98.7595774513281,37.246694782567324,45.7626632589441,32.457865916527915,18.288765089655268,14.316470777757917,94.50791978078318,98.68106817987558,4.490949650873155,15.034587473176654,42.35240923010226,18.63334763444073,36.38803936268833,12.909634985963336,45.65117567217902,27.16946161692593,35.190505575866084,9.43126514627476,42.81280507101417,98.32576109615698,32.88330468811903,87.6429274842435,84.31991416236852,4,数据路由异常
95.20584182972107,79.01095122670945,65.95968270588149,85.65844442274576,7.564468065734964,46.28306571988078,98.92562386150588,76.96001512947322,96.2075378037223,77.96343561334791,87.48819674421442,70.6529632303191,76.05020044172399,52.31780098395007,92.4237700814133,82.50389106233617,84.38849656656322,67.30091009630523,30.4579947087249,3.562979539013933,93.56551294095445,58.61203488054969,29.814297114814025,14.91351078475378,82.95231655007547,83.65201944475788,81.45079681305315,64.50826919667863,36.60153875918759,30.4070284780257,0.8554770118170185,83.36075586882403,8.743269749364247,63.07549980407676,50.40749468400884,52.66893589263512,7,数据库异常
92.67128453077733,3.161501127124211,77.33922246287723,5.205239836730713,3.81536059353772,42.98176981413819,6.307517434296672,78.91439512929121,52.95630936483372,2.9038782659774443,4.050068648191951,61.26685297394794,80.61118176584048,43.779953127477356,55.45806715356244,79.98294540499016,61.05061740418192,22.476023765881948,61.30520258694786,62.82794590652136,73.41069808811267,62.087418755680126,96.9242130458038,19.728830871706847,95.10906795670763,53.83394903500162,67.1956140494912,9.946159745218985,38.0575941378107,76.93791464631727,70.69110150989903,4.013938816541018,54.65942634972446,8.827819296840945,99.58564291781623,89.72965885332947,2,采集前置异常
2.1080660428536957,85.86495789026309,91.94296005584076,35.35482225634551,71.95016550477659,44.21037462077789,65.52324845763441,34.031740429819145,32.25592366332683,42.443388885757905,14.556775865250115,83.11389644353827,34.869789536163665,40.01495539058452,89.40546127021446,49.66238140631714,54.42539093508629,95.64981247770984,88.67263831449893,16.94667088884395,47.321502991810505,97.12962274285455,37.236629822860266,37.157310851620004,19.503023178915434,11.432311411912522,74.03047907559818,77.00304687015165,96.90129635029999,77.3418210905363,24.33524940335987,4.011657828851545,98.54373843696602,34.04506955436057,31.197154243242075,90.59552097493825,6,调控管理异常
58.50998985449861,21.487117384913457,88.90962427162395,99.33608550547433,8.667856115083072,86.22516283024872,39.0515697684394,52.407244650670435,91.48159757649807,97.33791957751173,26.216391040879937,21.28507709599138,8.051655859151186,56.1797852662138,1.3604395450668272,41.18982976099366,7.3384016652008555,40.522578292933396,3.9932189265609264,83.52172606087689,20.973899393856588,32.8308710357912,87.0047996606392,74.6266061332205,21.90383616420585,7.189941865749605,71.56737768553396,39.07025506881093,76.60799991182212,44.52947723752104,34.60024129722764,45.12054082123965,74.85589856706767,90.22202865403742,4.9767196588575535,52.411154122695514,0,正常
3.28354290838776,46.84095450243587,88.52828290969003,36.159026642030966,93.24504210806433,63.06084716506094,93.41553437930064,75.71666254125196,10.34351666487623,23.115136756267706,39.41704545835062,17.010688201207603,49.49116047766605,47.13681557014906,95.62591980273812,43.37278828959777,78.56268042879978,94.19105448514799,87.69888309739855,20.866762451159182,49.60298942535443,34.77397822959257,39.98586951372155,36.080682624575125,82.63592101750041,45.21390551224474,52.36943322446882,98.24473570470747,5.997927219151644,48.79576397907488,77.4061706946116,15.116195818822654,61.153159461477394,23.946477953446678,86.74041132245675,32.709966540007926,0,正常
32.90628169009096,59.81938785178935,18.35629081199087,28.488863890306103,41.66318501194115,35.36378631401104,52.48772180055824,59.964014406896624,56.66674537501646,65.41683119919323,30.774951660782023,12.642622715502805,76.08075414310771,85.0780382630682,25.700623222243223,40.709195615801974,49.85692169635553,53.33268427529364,65.94901710876519,4.1603233355321345,72.1477082734017,6.197100697941027,46.82885676728679,82.76711355691941,45.12153132783963,14.908974876824777,98.50338450059597,88.92854620742632,77.1313633225014,41.15116028992104,18.38457268892978,94.14111814185013,53.2351126517139,85.23554603874851,34.20950057594258,33.52883170794706,2,采集前置异常
98.55404806740391,52.183304849484976,14.06954238607463,21.96746779947074,48.194427939272074,4.247091048841134,46.25339853783005,41.894084208012764,77.93362653194869,35.49419644892418,98.25487615395994,18.076991930090315,59.09866849681349,8.969929700825464,73.3863983993982,99.47536880619715,81.91386377516322,55.57035407203013,48.474135739969206,83.50299612668469,93.59740847107243,98.9206525798093,39.65392275644841,99.09174747945123,15.59262521738315,25.35497759319092,8.90161247338962,27.173851648448167,76.79375516180112,85.29243581784498,77.88926451025718,63.10657781676963,51.39665125226456,70.87042892136465,39.08335492672218,84.13083514997018,2,采集前置异常
67.71900939767855,69.78046984944085,53.59359931290712,88.52289842111726,25.201473367905248,38.11476533610507,77.7642569677689,49.27488961293377,88.92140134241909,34.63993197628523,36.93301688196448,88.87357893866253,46.43703201820411,51.61245842024867,33.27637153356794,27.66699421790819,65.5948710838392,11.984066154120388,87.92726411829092,77.92031367651079,19.07482637058028,69.40199458245654,60.263292128563485,18.45350507366441,27.320350605023247,40.89865037338344,69.92427352454739,63.872340881700595,53.223484767669795,76.84105431140343,75.79377396061659,61.78591540622559,78.69900833848253,33.42633747792092,88.12495283226056,61.49100858019408,7,数据库异常
82.23635138124305,54.627910479028394,21.843824498868038,54.24101286783086,37.11116637765881,69.74990360370946,47.579379173473576,83.61128049276877,67.80725123219167,68.4544433031324,21.715533349106497,98.42497664912904,84.16752092714887,78.90048845606947,33.02152251600275,53.56316528472319,13.710318807432865,53.847597666270595,14.588924648328728,55.30378439896012,64.87218801549056,39.01959672499024,49.854487833129326,87.56533876745858,10.856314470280937,79.17328929996529,17.075455099619642,3.670798280462839,18.557460274504777,76.50431899704897,40.512607333686,87.2520516846182,52.47075411822658,2.225035192633096,71.67136096019267,11.02329087212327,7,数据库异常
78.93796334619245,16.810254980518003,34.54463858055134,76.12714296253603,95.42313574764216,37.143395064673236,82.94002201989358,19.079226547583872,80.71797702024911,65.7494059256251,19.274350721236843,30.250396035141158,13.1770888597036,38.29670110643133,20.36486411232774,64.39979536304735,99.45051042205587,1.200916308426414,54.091981328729865,57.36665975490097,91.42087896808118,50.600533476693755,54.37014196449175,47.16528013283886,26.890430456148138,5.602913324891368,40.86576822098361,5.259147124067853,55.04924694659178,30.729364324229312,53.36024015254278,13.429696439518668,93.26299657393596,89.45212435499349,18.99965092022845,34.34442832940099,2,采集前置异常
61.34927718519796,9.568620730590627,35.456782111615084,25.11122868190061,91.55167287166967,85.25106362892052,57.98327412668638,52.03463368715742,93.07257945453972,93.24277829788153,96.93301253516604,12.537888410818764,16.05578107631702,67.67366986798866,54.14344766098449,1.8465904893235963,6.197503598951936,88.80803822588051,86.88707955393863,35.72709219960451,89.10506169305347,59.36750743979018,80.59056470189019,42.74310711602143,11.339832734490873,43.372706264601625,45.729979799689794,55.0944193840603,10.5582712904428,99.14018630496115,24.413682080690634,19.85524035370929,52.680291885593654,53.72081793948886,43.982073783324424,77.18921463252545,3,消息队列异常
51.66544007286027,60.969545514498414,72.37463854077856,2.5025101563866614,57.06441825450448,88.41944712283693,1.7388742925433909,40.51821038009611,92.622745020583,35.31544022825378,45.872882420024084,98.15413930443128,19.93238589505738,6.525518912500594,85.94225908613043,86.84653412123686,47.20778346800132,51.42071744772863,83.58063696178361,73.8559498115795,26.514900221701065,1.6893355071518457,47.97001625335457,85.89123260956414,89.58346766901622,95.62261970761539,87.95632376127813,58.004355529809835,44.46055992361009,77.48498465340991,73.98216343655965,53.814343008145435,8.732737255846912,92.60813467869188,45.56025375016621,36.33337819162643,7,数据库异常
62.95673951687717,67.3837961166977,21.068791703030143,83.69388448099562,28.993709366237784,18.66839259143167,40.63998528544974,73.05600808974653,96.54581784398034,80.92812643714332,94.03483776701917,14.06058040765268,7.117679886367679,55.77047619066712,29.029748304403434,82.80549729692729,67.19878714023261,97.07281639857945,25.47923557313042,48.578411435523236,50.124047742535325,23.91767948573762,59.00933994880078,44.32859860792395,44.67215559898736,36.27366479724836,1.692935242553506,52.2095236914789,33.524783570033115,0.13198689843296751,30.794370766193204,27.8628333089757,39.34481532236358,13.185198964339694,50.768382463508445,69.244035251813,5,数据校核异常
63.018556905457245,80.37549475691907,45.200828798708116,51.90917303397282,81.04019408589834,42.77011708192385,70.1599349899597,43.46023687179918,41.773619451156264,76.02056245291602,17.483691546621117,33.858597194157355,22.417227674690178,35.91099429675971,23.0374822366024,57.940563108665465,79.81708026178453,78.66130612179019,36.450096454879244,98.87604058942617,59.385436470580075,39.94003017782948,83.55392792414254,72.98740126426408,74.92753368241044,19.61393497338716,46.832430736855514,86.18281308246027,50.403800762875726,68.34527434210503,58.793373303426456,84.23567877183821,28.45608397616026,57.547527788636486,12.323466800980398,69.02107766994678,7,数据库异常
73.1967838352712,4.283732118899842,67.57909636279851,41.469015416578635,12.409687610968234,41.99075476984676,19.42329296955817,41.55595321233165,38.433902795852774,73.83916369360574,77.42155581663587,60.702865438454666,2.268684218244754,93.1022279070994,68.62332800964477,3.4195449921188836,81.88328992141179,20.026615471799612,57.92211895711068,46.663436995018714,41.98387823550767,88.97137201243976,43.73612915626147,7.534411757315073,94.66387272149525,92.05352312396275,68.44326895815988,46.789252813202495,9.285947294352127,79.07481185774762,7.547791442402896,6.860098489514566,53.73838424393681,16.012824018464023,0.7730267340348984,42.31134309957862,0,正常
13.721723161006594,16.051541528069123,7.691063873533466,20.509375372360992,71.54841797743894,80.89273072177915,45.25336440293006,50.655381588141765,3.2655034594202603,6.931626137131685,25.756772564951692,54.38984207131475,73.9551148734993,60.500306133803306,39.21278549867883,11.832407300313818,78.07732348871895,36.37860515990571,73.60540144827897,51.297884191434186,73.86620535618252,90.72895614525719,92.1029516053802,53.51067800006034,51.150836476563875,26.567846550283726,93.57998315292913,45.79191671996209,12.759123928737715,43.270491462654995,12.705325023800395,50.25316842570751,56.12755148562122,33.775576149358535,7.165061423148467,94.3503535633239,7,数据库异常
77.33531134834296,83.8881080505121,36.68683942862294,76.08310300194505,48.53728951691942,20.108348840604595,12.442337690721327,34.505086932205685,13.755211147513968,99.82689762040687,4.918899023202206,44.114359936907654,45.20935223903842,30.063192858167554,57.135156570694534,14.997702415154468,78.39123805872336,33.24477182476383,59.13425897986417,71.56392360669594,88.90421176901611,83.57874364522002,60.83090281035596,38.83931803838869,50.3204670074964,76.87347933788026,87.7545542559473,10.378192817667188,38.48562624930535,77.61165984135006,43.1651762593961,33.222776406628384,41.132269682326964,60.28447467863508,99.98051441338015,49.29924291045318,3,消息队列异常
20.849447495426055,16.284657527909474,4.234974747641429,55.88172349183215,54.45720914888342,20.523392678030916,69.5329406452567,74.11070416296808,25.909820538211125,34.409976402973655,99.04716723472566,37.426446785073416,76.08016717561019,45.272542662994,79.3344827860976,76.9023238782648,66.77560251985356,85.47783462955792,93.92184948776851,57.998332045208386,23.74689072227457,39.8628961644075,75.83057135132933,65.08834851238696,17.779833856524874,5.123954114642471,68.29615935420648,25.107902402934535,49.96702437290534,74.67467725125942,56.266678065633315,8.330258311179639,18.55802367835554,21.932818403091915,25.78642536448449,56.54033919505043,2,采集前置异常
50.39657798253935,20.316003836420894,6.755484345568707,17.14322044747181,98.43813126186033,46.854694979147226,86.73455047021125,84.87524666688432,51.15195574628737,70.66877084605436,19.275201041271227,68.83967049269083,27.23845792632895,83.20620967541508,8.372413310890991,77.31386728852775,9.993690656861954,88.1189236894309,30.42045181350037,65.43933648305747,48.750227862027984,36.630314526233896,64.54418331834965,94.7522980551238,4.126974737462186,91.88528558831042,60.908165502101355,80.73143007690523,38.38749534342776,47.18429748376137,86.8850751801164,41.48479698098231,53.4659566749085,2.0194923084332905,15.85980058380423,64.16865079747997,0,正常
71.69769010638771,58.26009367844994,14.331003627561067,44.540542857783485,35.50947663631898,49.56613440350883,87.03290345540942,77.58614386586518,8.398950138915895,89.03091977745643,47.17671511498236,74.38621448859985,14.003923126435215,67.07195257070481,23.632601760945793,43.83808971409315,1.6862870082104409,15.161063793047603,9.208049312361977,23.974417293825844,10.001809002432227,69.19100266195619,2.903990220921937,61.774050062499796,14.070783082557426,94.51614571778968,93.30940731098542,22.55031025209626,61.442129822302945,2.8005319472458434,93.17885430511741,52.29873081917097,4.322315141777899,34.24999930081374,7.684946186123421,39.294443937335984,7,数据库异常
66.9926342161323,46.98899080414396,38.37221747194545,11.91570455404648,24.493904569365633,10.014328773835112,80.74987316566607,13.523982798472256,59.53733665488935,34.27404135888459,22.59783846551835,63.946843949210376,45.700230937694066,40.01454672845591,59.285200489222156,49.12676284900007,30.34842085515608,55.906128776525165,66.94985765506945,2.669315858685428,46.58717289076753,5.768328458354377,18.640541406811106,56.05087340779731,86.61889152655807,88.28056791884849,6.994401013863127,41.91050862867066,58.30064830045513,14.70699045503434,76.54322167447717,74.42352584372388,90.33410137067946,0.8486012083443017,21.668424398900264,82.71867142453218,3,消息队列异常
67.05800508269354,89.43898536984908,5.717965453026652,59.696396571644286,56.904657489367416,3.567441636053237,51.35220769124835,60.952031130992424,19.12931742021072,27.332958312466292,64.03473462977371,46.83009475999583,85.80136575683268,34.238176600918834,26.665965838820117,98.48659403448427,91.11357701300834,2.899274499897986,77.0728615306566,11.033477382520296,2.748519482937095,27.36955159663489,26.93458790611043,81.93187623469646,71.06672459428351,98.16094273320142,71.15129003118184,41.82555532560479,69.89276609452169,99.9459067186402,71.01418825625281,76.16813559803182,93.83650151902594,11.365126131168335,70.47842934477269,85.0805957967449,5,数据校核异常
95.43786002208931,21.096928971169937,50.39290077242442,68.05548476444818,24.746772950133746,60.04728632502741,25.757878249799937,33.34570205316473,44.15186965108651,52.919009874656695,44.93658716251506,49.319551978792916,29.858875628829264,15.89650940226306,4.734997732683944,19.59787224916677,58.1943641505783,78.61154478031324,16.924759744289453,10.855535777264846,74.92903605492502,30.51583305372897,95.14994392273525,71.4317970610373,32.675604724303085,28.954274779370493,52.3698386271309,7.914466827820943,11.7676512645299,17.58578813161925,77.47235933045602,51.38573592691225,1.0567122774442939,67.3516527472109,42.36901786604971,51.08523649637979,7,数据库异常
21.411624341293557,55.17822283941036,97.91532397514887,7.344469100576145,28.391739966443062,24.299759286082978,24.85493107511796,37.87063575653773,81.81097847441676,91.28586899643874,20.22150874589733,54.294993794811276,63.68989721654803,52.18274743638449,43.407639419691954,19.197550585923786,48.82193591992385,40.12148277113289,79.55633625022696,76.36043591629952,13.39986812056707,8.851905256306758,90.8153943227503,53.55083889644977,85.78009372825906,5.815112056640115,52.651561652163025,53.94265145762363,86.07020325421499,9.760999822970751,24.04455636759093,40.65383138870131,86.58414754199421,93.8883315070567,99.27246195936279,95.91934864585215,3,消息队列异常
0.5941755844354413,4.770834145387203,14.760681915758866,34.88620967702731,82.99180309869587,89.26561953354805,18.683440629458303,61.966415161970865,91.73619850652766,46.37317359313208,10.354357195278396,45.781365008462494,37.579490228805724,57.7657996066007,43.865868440710365,1.7345926853717941,99.39977334136711,54.354023773057094,47.363075548460955,95.4617371504054,15.58603675870771,18.923760254524822,80.80147490627834,26.083108002500875,79.92271062915269,27.153348290850253,3.3187630225001485,51.7014723886716,19.668643412686137,75.78462929324711,64.11996332321482,92.36026679779178,78.29883572657359,18.077595484072685,80.01582366647963,64.17370448140232,5,数据校核异常
66.8951641760625,83.22628859701487,57.38240691889403,46.60035143530129,63.6641035358728,29.795742895835907,18.25971310870993,61.65878380712464,23.38483690854777,7.991510934660672,0.0554184585253914,60.831940140006715,36.21487834802368,75.2310970673456,37.51763983131025,48.600344823822674,40.70849728153849,65.05747911093461,35.61391620149682,96.3767649942309,93.61469865985302,84.80279026572813,92.03002705727481,44.9139688459391,53.64303967894921,74.20925925582445,69.6145924938541,89.06785956054708,71.63310272566953,99.78847082284605,34.8505799831591,83.2997742239418,69.76348228326643,69.13864452150186,32.583559484499894,78.56017924230225,2,采集前置异常
90.03760223475992,21.854846152056297,62.54968371167041,39.21348291027752,98.9548119294877,47.883281583168156,22.83201737969427,38.18576252218325,65.38383898166262,7.608937134957627,60.36019202212376,93.1224759178898,85.03627876578504,6.767353665798337,99.33898787390682,69.87269237038791,16.22808243140237,1.2416089169423494,17.128263629215134,83.81759206857386,2.163932494516374,23.314730361808657,75.73055953348754,58.61105358981351,78.27357103601919,74.61505038267879,5.060138712180473,89.25114190941515,22.70318342822687,55.339244022976374,64.42881565277789,16.862821088509538,97.62312567009744,48.8155956087309,5.764269559739343,93.72620447778404,7,数据库异常
58.62678431932681,69.91931979813764,52.51757899342241,83.47379547769675,3.3133462193210894,26.837836527714774,46.96483564026922,7.660361631371004,70.59066693266583,39.36634140556408,27.266799026814404,0.33788468084122725,71.98303117499538,83.38093088728617,39.50405356814984,56.42179770333655,22.768662592959842,62.21976462801331,1.2137458315200522,48.864389709875844,64.42054818406923,91.8191773229734,38.13358171222843,76.51902029810299,59.76870299435008,92.70121129250806,39.83776756594306,31.9095339872988,88.71419986941437,4.924440140828912,13.63853929336768,8.240443458404446,84.31099565764026,1.060742337031939,86.16571554970481,45.12677953712668,5,数据校核异常
0.40252788539707485,40.164517721204184,18.680084104503557,62.4400487472163,67.93587899216466,48.752757040499986,4.051952543966997,65.61288043672019,84.20387836055212,72.03242773264014,82.99579189553185,20.050952355088747,88.88879396564826,32.21934506479628,1.3404814251991026,84.33916463290707,94.18212689647267,65.55581974173488,23.143663046342468,25.174446428253038,46.65928734356195,89.78310796014195,14.959765614755838,82.5973669583487,29.130280870515037,80.85861694290979,92.02711976015387,42.74938719943202,36.50506541055309,80.22213189713018,52.9482882379394,68.44490484631972,62.282923696117955,15.288884564479632,84.47903602895617,19.577511141313618,0,正常
93.22821440707808,25.057129142214784,73.3880973273742,28.465539349359204,31.778540858686387,31.00018527823053,74.78922540260832,55.68151179693931,88.29524558474972,30.737271920404485,69.19925220567443,75.29485996631107,15.148211302995819,40.058935731981116,48.28174943504111,35.568738989437435,32.21125959691381,68.64198939976419,21.586639765948856,70.93907452511287,93.50441963907305,56.51975211777511,61.1434236739474,6.8932702124089085,86.44769036178282,28.544778719986553,61.505116552856485,97.91121697448023,59.55026005728078,72.47094874643776,44.53196182237519,6.036584351505736,79.75993494897885,3.499884126398567,70.0657828887854,2.2921573149636942,2,采集前置异常
86.23052365766706,15.763603583298059,51.427149544255116,59.715070448314734,45.75454073734121,34.07634893488872,46.78142961809717,31.14157538811587,43.812234708086315,35.891299099803064,56.62048235071453,23.792416224498346,98.86565549140126,50.08699533821655,19.416207741450965,47.70667495672725,86.64151295248243,2.1806793124395596,67.95541191072888,54.796779679392806,16.955799437013553,81.74764393049206,36.88846223740057,29.380202881550744,82.8125191856901,63.85250461916646,89.82590836748244,62.98837036711994,74.08176579321153,83.64458962596129,5.473963590993691,77.60489588693802,61.37064818495767,6.950779651519323,50.85779218687151,8.245807798395388,0,正常
73.59472017232224,54.650171389788305,95.35735374122973,18.313537157176984,60.60334525203784,21.158213457049136,61.406498472739834,72.26497023608565,72.23043293295386,81.507399068261,85.35502279583167,7.727172626717705,34.32671570724041,68.71225203598057,49.858628739121215,19.06759467547915,55.2709570166698,40.743565276614376,39.00382776543051,80.97537174356638,40.75983338321812,2.645450548042416,5.806333889109128,85.62440416916203,96.06008100125213,68.84093364557076,36.43682941000802,93.86003157947275,66.28030863757358,84.43335491993376,76.58523040370093,37.91393157725924,47.87022008507855,18.61321543680995,29.201410044073405,77.81256612865218,4,数据路由异常
89.39783918831083,72.44604232514118,46.517369665663836,8.650926893974752,5.694794869844822,37.43255646128538,46.38217187676631,60.91206222132969,0.648952138699721,98.97228904663064,36.39388834040429,84.80946638011214,53.49667056654044,13.043945453334649,79.75655525345219,70.98270749198761,52.7436084929228,51.455309133378,8.747960575092806,65.58489485738741,91.12451557542998,9.324491922135836,26.351145064890492,90.23079734420988,28.43439098197933,65.39436721799264,53.481816494314415,59.632760500386205,41.57889015772531,29.99914705537111,4.853345072966897,74.42809392941642,74.60934621942268,67.07257400787232,64.36337881196206,24.37171321675262,1,通信前置异常
2.234493376629121,80.87153968854398,49.11385356958269,30.683813070261834,10.193190678057007,6.272159090138841,34.88667217951773,80.47370647669405,91.87237493338304,89.67513646130647,92.00008347496549,90.77253431293427,52.722475160039586,21.941563855690383,79.80465828368204,21.3712974852579,26.720727675656907,23.325432182254847,51.498240369580586,32.18275081690799,15.415604962534147,45.31734118938824,87.3907238785167,57.05528549499722,87.8335605887587,19.58721850791374,16.697387367255402,57.557712569842025,46.33289015462731,66.01726416469569,79.46267910267815,75.13072956521765,94.22611736585611,39.82564091570116,20.638674224818075,55.09126399478858,7,数据库异常
11.07431201911856,28.885112333163143,20.788805526314448,39.656371679708094,11.121657500221538,3.184174454809785,65.67940046300318,61.024897828980485,70.83589360386611,66.0386440271344,11.42946811423835,29.10788813756463,12.952660990035236,84.29724020485632,74.69036553555233,20.152700291824242,34.13092404898934,96.66149922642143,59.41593578796515,80.11555973011572,26.459103476872915,21.005292017930522,78.39169288465484,68.58724552314402,68.09779292117636,55.263458182919386,56.35783427765488,73.56975053062538,27.00024811211953,35.27684658569557,87.16367705200551,30.886520101215776,54.630957137929904,70.2639464006684,99.99248268331765,43.529133149533195,5,数据校核异常
42.80928766249438,84.25883794336674,80.55031112598633,73.10758817345486,46.32296374090289,32.39391201607158,60.873048258484864,87.62232931316409,88.37774582085865,10.849834507043843,42.83502838131506,46.472195619874945,97.76153675237532,67.79980152425846,40.724641726207054,2.6057885985593,56.53851600991959,9.607597563835613,83.44499573477631,75.25186605703621,46.05091599081788,42.921077954169974,89.73389655687687,28.84583504181284,24.90199621067708,93.9197432825762,80.92458367534826,82.06255930671946,19.519381427592553,14.329599143093441,2.60295498171349,23.704150891868004,77.41904917143248,24.003841876414977,72.91032835948762,25.19082653674215,1,通信前置异常
39.529249795067166,98.31622899114085,24.48117312841356,37.637062729826766,30.108718046521364,10.962498633000228,48.9894142130825,37.869066333300225,69.48870858072802,81.75945469515462,54.424971449563856,3.2196422087336862,61.89223562347216,5.53907300209392,61.635632359902495,68.50299492691884,19.776762761751844,81.93461487217711,91.10851315740486,81.30869641138196,30.510919021208217,58.66430124456345,91.48151491912277,32.06647262228499,82.00278222654251,0.9475131261696523,0.364670278467627,75.97116603389674,76.14475821271212,78.89771878522937,93.00268378881623,11.790631182028422,23.198498498368835,90.37249203738075,17.723619777235346,68.2229267576584,1,通信前置异常
53.04630000408154,8.319367685150725,28.526366194153287,52.03722164409679,85.23501166838341,70.75384896146737,62.1883161454933,49.60328899414148,29.86839838141343,11.924491131926118,40.90760345660955,2.8518493911292575,21.10558892668506,43.248337587265986,41.860518567191505,4.42954309969924,58.90601535252913,54.96842558532362,7.810430402091284,94.31630524604392,9.938277895086012,85.48341512373361,0.030973191500593966,88.22810950453831,1.9719732204312557,75.7812031892116,36.16908113002529,73.82168001363199,40.17452054249785,7.090792233184173,76.7506695395364,7.125268532136497,92.2120435961218,5.097403579166137,47.93252777715155,72.30344308507956,5,数据校核异常
39.32464647920377,21.72334745924347,75.90909613960271,78.42947047887264,92.26949839543673,37.61651104310777,50.625173449732685,36.3128442846072,25.70818218513682,75.10329615376085,33.965184501695546,42.81494419923521,40.367365762402784,71.26612256467459,91.77956261106797,66.67560613073773,47.15825960942326,77.92051147388834,64.09713241221375,6.061035711781349,9.566358641884165,3.791694407363333,45.68163262063199,82.58534343389648,31.308316935135206,38.416018309248166,90.94771083678907,83.69034453166549,66.504811238256,26.680378209225132,11.70414826884435,1.6058822680113716,10.701067260442088,29.259644362394276,55.17900635794957,6.400008275238688,2,采集前置异常
13.622777831844902,18.108070230794105,63.198209298330625,61.57897989801244,55.07657263721529,25.05014246959396,37.1119691218732,9.668971633774303,22.646060375805487,89.77052264725805,97.96917464358285,64.76595856402948,91.68232920234202,64.27419004014251,3.319648610546988,99.6762584986409,9.895230168653491,68.26418014450607,25.283620307479005,39.19811129069601,64.59341848009382,43.64873493077071,25.054605893112825,33.444618687832474,34.15481169231763,95.93239045082137,79.8613015923451,45.85487714794001,19.98209203413641,81.1016110262656,15.71824716083735,21.046221714200342,36.60133918401512,88.034819585199,13.178666863411026,12.223419285452607,7,数据库异常
49.3974988305266,27.64105410936747,56.872794164815986,45.16366846832235,43.49591063512168,11.197297048699328,14.104969024984015,82.107857744685,88.58827375717443,23.468353288525023,11.346050152476906,5.341667193451061,60.82976137418969,71.53532125002056,37.28099892032055,67.96758674906395,71.2958815559526,93.53422813969054,6.487363783510725,19.229172323107978,6.852598759698814,86.79939333361105,79.25871600335685,57.4642070621839,8.366341005118317,27.331235865371962,29.77198480585169,56.07431960154171,25.804389403671546,7.295986391295484,73.07623018532993,29.908021165541133,45.23741770233006,12.766663498230535,80.25483033945797,56.55318769240576,4,数据路由异常
90.15856262098629,49.54715630653334,94.14256718178797,89.1868204381326,57.64598564592339,93.38934381498633,32.308874729455226,36.564216270421134,4.547795130603694,58.92009067638531,72.19239699289334,77.35191902421032,14.98162860461033,44.41590723125003,17.686321209391565,66.21273488542488,15.794637242176812,90.41636839560749,23.063464566141334,29.140226628824482,85.09063221509997,45.84676101457238,2.3995945800073026,49.45862512026458,8.454333538012303,98.53447186873106,58.811157045560236,25.653261761097845,56.37176795476178,7.686710338175484,79.9891304268817,92.53280538641637,87.44443882061596,34.17576022985628,32.57681196433685,3.5087611216299996,0,正常
65.14003587009168,53.49047841897949,45.93463713273414,90.7630953334707,16.787890108284632,0.9666266690182335,7.331645212076543,22.33714378273689,3.328554926345695,50.28437106431355,31.409045523357804,18.048300806813266,75.00840749486622,20.445132623253002,68.76051009937932,34.92649058476389,51.18277606625546,93.38670398513199,3.735163481581283,50.02645074774619,85.44229603276182,58.79742483703485,27.687051696515663,39.76811351450343,68.02656287285745,89.08118943138031,4.10663737466116,7.153882189037642,32.50515236095875,23.2779684437479,26.493088622240602,22.126999862588093,19.58250488551577,13.062396686929178,93.3954131795238,14.418946390615305,3,消息队列异常
20.440377476553618,24.626572398078572,93.30148731304206,75.57141336010848,78.96994303155147,10.475825953849805,83.63098750156716,40.819308181741796,26.282302621238873,57.575008352031055,82.21829058167339,77.86521510749094,88.99974825811321,92.81321860154439,23.812207142774955,42.38578941692717,1.4628539205070012,87.932165926506,15.457215147476756,86.14748123426943,32.938732198659636,36.81335899811382,3.9132254483859374,32.68787897653196,88.83636828012641,2.554740112160414,40.632747304672534,3.1399629812741137,37.0923425109065,17.26406407802912,25.221839326837202,87.7598373161419,43.6049220621891,27.379799140191217,58.93383779505478,14.210695983258237,0,正常
25.939160742085587,54.62479676028885,23.75230418480688,67.91277374008733,49.149130225952256,77.19890702546908,94.82445357224685,11.580488934740774,33.466500998454485,31.954906287840657,15.118291933725425,81.03031373334709,75.987870403879,48.442547083439905,53.77707777946096,5.954413800249625,55.55073523270456,79.13415240196365,57.38275735838572,26.53063701204189,66.75482723343372,36.14884299652476,54.48732842857352,48.756536327892476,38.11750009651801,71.88779803941351,88.38761119858817,0.5212518476924943,93.36165192303673,51.151513608322496,70.07318803632651,85.56245661758771,46.710369231426995,83.49740733648903,17.761981945520223,15.916753447981446,3,消息队列异常
65.74713688561535,87.01430055517372,89.24261775360394,64.37404583772465,52.548923020931745,33.13930876965162,98.00004155993314,31.969568666625047,74.41861072315932,53.19817999050007,60.85123425253467,39.34805505886262,96.48231254722478,57.1682326099271,93.778763045879,0.7591416173914123,57.267058319112095,71.71868897252715,74.50801711622181,90.49768817816813,0.44016090037862776,0.03301592594764369,47.226346079521534,2.929370500537065,97.45325536623746,22.206517454139195,47.26647293648447,6.113763001222361,52.20484161712585,37.99561251474085,4.466002887722375,33.51242666962248,39.14360202228556,98.992149127494,20.788587191937545,54.47796153700997,0,正常
98.73155491986286,79.20192079401352,99.33675008820889,96.82983146601693,48.95395420941543,69.63758498705658,11.04431269411511,44.11488250468019,80.90185422666974,50.53353209771434,70.26990328172319,74.57513299842769,25.346914124289388,87.56993729425655,45.9822430909179,21.018510362154373,86.54158817884438,41.781880610625365,75.03124383797197,54.80330722215929,38.18717522345004,80.98764150385693,58.446993164461304,39.05621024270317,10.959787033512702,89.54453137667079,3.5469585341666554,86.31873483680562,35.996152488315545,63.93387635014059,92.21997238356853,15.170661550389841,56.69504756388102,76.44328623701921,75.75838327190574,52.563191459950396,5,数据校核异常
62.47394599064581,75.75269941328445,84.10276377574118,76.18130968758638,35.40049431812427,99.67264010577331,43.45026937193044,2.446470275893342,36.2616951585462,12.778295457384326,12.1442615728375,28.153504010689435,5.337549417726084,68.8512188409563,7.398888420190508,20.32895554359562,9.289971449411938,6.316773090303107,26.775166553954165,57.189896766036995,96.46855564468417,87.55566543496063,87.59339254453248,17.606703603765762,26.49071934978201,7.63933167953057,77.84683399151851,6.981630148556195,55.66956708208532,24.787557232395073,24.344563402874474,99.07250552476052,75.67798069785374,83.69393582910502,57.198268534401265,87.10142873937492,4,数据路由异常
64.54905391663529,94.61737047963453,28.133858604563677,59.5319545782895,69.01313479368922,39.29373050278067,87.97079824040533,97.98031631041543,49.37694913726616,39.06406548043391,47.19379285564587,85.27367457319316,64.54684255181677,4.477237251809507,54.216991044571486,1.7300122740969814,77.85353710034055,32.83122735424637,47.200748211732936,79.8678105907632,4.644881728576156,15.854153559161045,39.796037644511486,22.99251635455606,33.79014257750631,99.8174737892465,82.54144375738107,88.39018149601085,93.70546335657754,34.093588031419564,29.70769577964727,23.40624925720749,83.01169113081227,67.9551862285185,23.61719824828773,37.69938292104549,7,数据库异常
50.67117639327983,52.81400572737537,88.87277285517146,38.05661329472163,90.85240305005124,44.13675603197896,74.63726747923538,93.02543199850561,90.75757039632664,5.695286729568116,20.570429497656985,47.69054255322751,43.15542899531073,64.0891664837207,94.47090508254122,11.240471127794882,45.185866513424045,19.241103788713932,89.41075983979475,96.45801858016529,47.87016818903501,10.401029772814073,78.52946667226732,69.7141350492399,35.46708266103104,88.74074739689635,97.58318897827071,55.78538491301954,56.57279113442924,29.751350511377783,58.45060359833142,43.964232052484654,30.219102692805187,6.718519652390132,25.270785970912492,19.78546496776644,3,消息队列异常
54.204198455394895,60.16700217635938,60.85717243060165,38.81810010456791,42.1229733685496,83.423842964064,47.62328135171624,98.77733321371224,43.96172300088649,64.9580944617839,5.03629989933958,65.33399244188108,85.1426394415006,94.24578385332963,99.73206116397705,28.21786456492331,57.537006482571684,45.071798553214734,56.3817480575171,15.745295718984664,85.61495725959415,90.95689433445877,44.966166311292255,28.042986157357685,14.083342765301232,68.37648247778044,31.22318396207352,90.95385699133887,67.101247484487,64.56853251742407,55.94021158982409,4.577633942872561,93.1922435685587,62.793749329946,99.40619833831104,53.735640477288705,7,数据库异常
71.0110891906213,5.620955786622217,63.17361768234109,76.46496115903572,77.85142948525574,77.01116522302854,22.628262729366767,97.53984776052259,99.51821206249387,7.559587516160127,93.64464228117572,28.944919430436933,68.92840817509648,33.81109207361321,96.77543233731215,10.150385830353548,49.774681695637604,42.80477919420746,32.60234522779849,64.55339908801486,13.105574342166747,71.6662418133697,98.05921238047873,80.45587144686301,86.00167529095454,35.96367431790025,32.48866064812187,51.70483546901332,4.572661476227269,94.53581344565326,14.37851730161922,90.30130391680925,8.35822220003557,82.26249276785602,15.196252587821512,3.81316140914727,7,数据库异常
71.94894502594087,28.02653001744283,71.44961527843495,55.50852504728198,10.880739023006559,93.21300733011637,45.23141747634776,73.4447277798688,50.10205720156251,60.436147496120476,30.277359235669245,20.036030400345027,54.25702034080678,44.021897297100196,39.01132134339331,67.2567195094623,69.0506632011136,4.5920056091263035,33.874449424367214,41.17645502263774,9.68921611641681,23.590086669828835,5.164179722275664,99.62420986170206,73.65572029698446,8.745015650275366,2.0249379790092115,71.92878001522803,43.91921656826669,78.6796709064576,92.34760378183837,59.93003890163725,18.710842291725307,78.21940360464525,95.58117431743744,58.023128705995596,7,数据库异常
68.19974472807336,33.747469503667304,38.152769466031124,73.46544978530639,92.77710984068192,62.89883872243522,78.98479084853474,17.163501741537303,21.195909025797356,53.203468683339004,17.655419224284053,63.49950702209236,29.165318539469897,79.15326186668919,80.81103466143435,46.378745575535305,18.081063503763527,64.67749610819325,99.27870182635864,62.25908979425233,3.577469071400785,1.729397576708258,32.03619704923062,19.578380686040486,81.30512071433081,84.48056670360005,25.861877131047617,32.56447769498927,23.624696771511466,90.8382547371264,50.26493346222822,65.61370440820198,41.54820866996033,63.101419350453114,38.58553767217361,33.96784377292255,6,调控管理异常
63.44800731734802,59.10620780489892,29.35279541679496,14.934845031947342,36.857669383813764,41.51976391419092,62.868433342460484,91.45287636368637,3.618479753292514,24.366101254184493,19.371594227956034,50.22944086937836,42.97008070431598,72.90376238201884,24.241591254486384,59.449836574975855,88.38572635999593,91.06777399183046,95.87846047250311,77.32611520799885,90.5987906258915,23.453087198527424,19.758094435047703,0.6488083780526455,70.68443574290984,93.74671878137444,18.69353450416764,63.69435754268788,74.64597592217775,92.76142351480566,64.68602240172217,97.02937327487523,34.46731410125478,34.99285337714076,54.30125100143456,38.35018811159071,2,采集前置异常
0.14257282875326238,73.17720250869874,75.17170414784835,74.69746046867705,34.50206666104666,52.22894733111719,35.997351817666946,1.603640003064577,56.244894127141876,12.376066608401104,8.00413240914406,75.54990686967872,0.9506202418105625,95.90084436087261,51.52553641125769,98.30164307061484,5.7997572472708425,58.35295488659133,34.93270359759112,84.34824928142858,36.122273523428625,26.04875790573491,85.75531270999133,37.4653091653261,1.6833319860561469,39.028910083933376,65.45222690109419,25.435953880638184,43.19875924251573,5.671513828222552,58.80927915139572,75.62949238603937,41.33125614011103,42.023263280146004,8.828249858491644,20.194086451198256,0,正常
15.467530312791267,48.16877686615379,52.925554095075015,94.894013128426,7.323150427723391,59.98679731550472,52.64985273282413,51.62330979358292,87.31592873828265,20.55384706954865,4.077327434137146,67.22715076341925,34.515746413598016,1.7589916212524592,25.13740072904138,30.932677421681188,61.683837678424204,17.25857940492721,41.3054347953398,48.247544441783255,45.92373913640909,97.39407666667817,4.550423779029611,95.09681864523994,58.19372139940333,79.57277149698383,43.039261801607545,45.38378812569805,87.93264990158237,89.59344962919022,23.868888143129762,19.924187858461817,49.62351738699511,90.02770271276917,32.23550934061763,65.20146153391313,7,数据库异常
70.81516877406011,77.86746648941558,56.392445792096325,40.24551782789696,96.70159887989729,61.133075330285266,72.85652116332709,34.49828456958783,66.99491810030801,25.779766216412593,24.509691752863617,71.47222018094264,52.13947362629351,68.32766104223897,26.94384907480917,59.87233410567304,44.393364970311254,59.69602868455279,29.087973224421937,71.54509636491238,80.59293661594656,25.991647385772364,30.062055985564207,66.1154269719093,69.55851743035441,70.409968439745,68.26985047758369,39.28077169525388,39.48536744036784,25.481762364438143,15.683369989636297,69.25773793969057,9.318878597231283,93.77922867867817,82.66863036714514,85.7505739957256,0,正常
90.66688146151903,40.86049707232401,84.6700723350401,15.806130029164933,2.1641794608235676,78.48913946638501,7.47966479969393,98.85246673259216,67.4796429601556,75.34497102421055,24.580385627786594,67.38653939196881,4.321993725495721,83.78257199236009,16.962409303157244,69.73580668337705,22.448050123272832,6.845316942604274,48.14936785493943,16.928621027278943,72.94439883265498,23.756584338348485,34.24725562358289,56.743925126447294,28.496827757731158,37.79881162099616,81.56217710403867,17.920984956102572,8.220158948193369,32.835778513301925,42.437676701387815,54.265928213656764,37.24236961750071,78.99117002228051,3.9319487668473263,43.1767538198558,7,数据库异常
38.22559146564046,64.7578490806859,96.6276251897396,51.037540662886215,98.68768469417205,30.224939491319745,3.0868132542461013,16.566316747641274,39.51248847745673,31.63339091885522,9.705413098337768,43.266010769071684,33.81157716595627,12.261922045743844,29.61171306119089,88.64360553553905,30.204886548934017,71.39554232420517,61.20470796577556,42.718116240837176,23.902563680366917,36.901469934594544,59.210721347104275,35.07532147493549,21.489643357423184,11.64627488916321,87.97669379095653,44.031297575190564,62.520832174293005,49.041036113680526,87.25665183579633,54.69348524482108,48.07814179491133,92.46009904217127,71.96895960453546,11.154990734685732,3,消息队列异常
17.770446119681406,78.71228629394419,83.58513211799543,54.51908290902965,55.44552278666393,63.19329628514445,43.911577428263946,68.01991234839039,10.848125756641569,96.12792423673864,75.01548237949217,63.11742040090069,31.63220570094807,16.095548745672914,40.934296382894466,66.15767405740584,63.370974342311094,38.26411550655715,61.328639383312975,81.37482955675476,2.6284772337607065,45.06210479302757,75.85552284667911,54.61444704633772,65.147608792907,51.6676392605342,99.1874544682311,5.462153648903822,49.10448217723773,9.141654911451768,15.978556211357041,38.30383504182618,15.554009150048731,96.3687165956651,94.67897767251591,33.61096462206038,2,采集前置异常
63.97477120376796,53.37533205937861,81.55869805157685,62.74456098169422,0.0252454490562104,76.31743856097388,74.68481212961181,50.972270556648105,90.29189732330538,90.84462056904016,52.39116767043972,60.79882311965377,99.65220719246723,29.88202348114175,32.461724231147734,18.277390266349634,89.5866939157868,74.44883899492663,10.56428488702419,98.17673511979656,73.09617081611161,85.05221096049745,4.8150789173200925,50.49609189421677,69.85982867270393,54.29465845718413,66.66474656992774,81.78740635904725,37.43370629601962,84.86686756187098,16.291610476529073,27.088605502637474,4.334561992732578,36.44268113352511,37.99095448241203,80.52705972072509,2,采集前置异常
65.3130670289656,43.672255815566665,65.21139786237482,5.278335051569116,18.027153601837608,62.6947855241755,64.13668192253023,77.41346587074271,40.29997590536022,72.25540966161562,68.39803325601895,96.33933783698491,21.513022642467917,55.16795637526395,60.17644421104693,99.86478849342207,20.11841421666517,52.32180199672922,34.618530771363886,52.58929685789998,23.212860210310595,4.761237842748811,57.25654538976889,33.58543158608322,18.194140174843366,32.393556607803376,4.928020144774492,95.04422340901033,58.114791497326046,81.47686813470249,42.31181975477304,90.33146675661857,48.33182215522533,57.39453222006694,49.179398006265686,73.32782958676516,5,数据校核异常
56.665607760206235,27.159892358039773,14.55395313226463,60.612438888297774,48.91799615470362,9.597569669611294,39.56174657932684,51.47764220004536,82.689323382559,7.610105583336235,34.84953482460029,82.26561227103853,64.84239317715787,28.995832180378677,84.53351220226423,49.329358056269236,49.83518913104605,97.65873392003843,94.71165032363784,35.85326833698439,14.05791286630823,32.5666732278094,3.048326031138804,2.0767886710391203,39.55221362514192,94.10198226972342,87.13573412322077,51.1442833917623,56.52263811708307,0.5933496746056477,21.55011558337655,2.4774126934383744,75.45395326953876,14.564579602649774,86.90471024768169,64.33243136757882,6,调控管理异常
22.941867651571336,15.772031708324974,62.762470092305314,90.08369802823235,71.83602189143816,34.85466516033776,58.73835952686471,31.076169537242137,99.91495667786589,74.88391884618511,61.438163975675366,42.32591427658292,61.81522902595573,34.16160624673348,2.8864839458030755,39.508852235663284,93.0480819579867,62.63010947738658,8.39557030709016,88.49936133950258,26.887484934151484,24.376949308272742,29.70909687803208,57.720223612595746,54.46880934339766,49.141375462288174,71.7536863512627,31.6537731334959,78.2064521572431,17.532167837859912,78.26207890770092,66.38101052502829,68.32083095475865,48.155339712726,66.70015326808647,7.97970465594574,5,数据校核异常
85.15511170493673,5.5547233487646,14.874150987149747,57.67897084972363,73.94114554566914,7.625156434625346,92.07648141223198,97.36076488006987,60.595017300771104,48.12434553768365,74.13949722797497,32.835735232720545,49.32644341051065,91.61510268144013,95.56554252415336,92.7069116051185,26.244806696384014,23.24690402167634,29.766450592931427,44.131111238846024,31.41674127919636,37.4212795739058,62.063695212075956,76.2525677093976,73.5558198267917,81.4423567079152,3.218440321540217,4.773378967875608,78.93829606886294,53.307882232463186,57.81406737621203,5.2586860214377085,25.53138011712709,63.83543048854777,85.91818901106761,91.69833971814026,5,数据校核异常
50.04194958350817,54.54742327381976,83.3049631068991,53.762460074735465,51.685852553731735,90.50840377609536,78.993272105588,90.90725263612946,21.82470547811538,52.43754866553567,84.24721285933579,11.114782746710894,79.46621542939619,18.297338341486945,80.81187549853212,61.200093755686815,19.323599148486714,47.33541793328011,68.19051664607716,63.38529008835424,42.72471962317044,89.9366528920927,51.92634144878443,50.58672985286884,6.225058994145427,92.2120389797637,17.7116568678373,52.83446934365542,80.35676014003101,21.545327695564332,52.73732899708411,24.068490922334085,75.96949977999118,56.43411678731507,85.59758603951435,89.45580028773828,5,数据校核异常
64.87334824453981,72.53912461589445,54.92200998868637,38.44287330673829,64.81179230208346,90.82886234873288,41.668038043143795,31.441002637379533,38.84369385525741,43.53976302115996,7.356102897771621,49.84418404349944,49.43142480500596,58.84438276405232,36.28200304713315,61.31075959555897,87.8216310274203,95.54709904951643,58.36122161410496,4.2590953970313095,96.92359972671089,70.58620608962562,33.59636485536521,14.715770096372339,14.341861223627495,16.774440613960273,4.5572521613820305,90.21541886529116,54.076823282733635,69.99594127138373,82.81085092683075,79.15410063332003,88.26056237288415,96.72546225249519,43.90706147419395,95.03354666683906,5,数据校核异常
72.32899483428163,7.066819030807848,68.17831212123454,68.67166596048486,90.58605637925271,37.293213247009206,58.49115002718178,1.2187551011742515,33.2075242181336,6.224372615878093,52.187297276489694,81.74476505069532,20.644269212906895,52.74410455577785,20.400863651076705,12.068846784624043,51.09967919343424,7.914862094972763,58.735463113798936,3.133746067672627,10.671497186837552,54.99974854873578,59.14074128989139,2.898693009375808,57.33767880015584,83.8502525323637,72.2316177293954,13.118510392079862,59.24746475636149,67.22525000742135,3.7231201752291776,85.53476686836227,90.62673972898303,85.04522733622586,82.46314679891132,74.49651984608933,5,数据校核异常
63.34320312819601,67.86270049882519,80.6395293334983,66.24984583613046,32.7726956682071,37.59611021613539,89.70574683722921,1.7122085797161901,69.8820581244282,95.47775524252154,70.62281699579736,99.3911988231782,68.75449055283308,3.4363029216861074,82.70098816469236,28.46299119393191,44.60572256644409,31.20919159070821,26.855410620967945,43.14057036697854,37.87514484406738,63.33385818425894,81.31512009875107,29.708865318724076,21.372115282201744,66.68952708703422,67.03200658307816,90.11312392861718,1.5945686453310848,85.30406621165099,52.100217294835694,62.130208917209885,9.137144056141477,43.261493287204566,22.73024072385238,25.422503008250906,4,数据路由异常
50.40951146760274,81.24559504031123,74.37809301448561,59.09999590859538,53.9418192753467,42.73060432344899,97.27099735613864,56.01925542342333,25.396639831222213,23.009079204003957,61.13530307751418,52.28275273109288,0.7697802954712785,83.00653721957794,70.41223542324346,66.18292896781035,6.878065769765895,36.20558501724914,93.53822607327862,86.25892413413638,28.554293786953345,15.705888409913872,44.90879571685771,35.58303786676609,68.22263767059911,96.64348100843196,36.300144998256144,6.2224172652242,89.76140083423853,3.7949730239870805,95.2765897153333,66.45794280090398,94.16892084419491,19.965968664897826,4.069979525380763,48.82099782764918,2,采集前置异常
45.06234145701252,33.14922732548828,95.76564743886975,82.25837321614323,66.15820213755933,16.285829163782772,73.43234082185248,72.70124546997239,42.506817361600746,92.47859097140136,16.697788222901046,26.73375624116643,6.322433925063365,79.54509581775875,62.17593860953973,31.494030568124952,16.38136635943154,4.0147770028740375,16.674556862593658,45.32846463376582,24.717696901060616,25.89821774319667,87.55763666677143,51.513767346110065,72.92519731284146,3.571094902814309,36.51633556780287,47.91693473954418,18.64168552101847,12.019154144553868,87.03037784998425,93.94316270997966,7.880669804540741,34.90187125424431,95.82856281444737,8.31617331324649,5,数据校核异常
64.36413728787262,97.22213709670055,97.82236685813746,47.122333090374326,16.27491077823806,20.208431497743884,88.96013951243947,91.1683004329736,60.78796438735547,76.61763994699113,73.99312514704081,66.1821597989107,82.72769548719391,68.54066230403211,53.400230574749926,23.69563625881568,74.3888144118619,47.34378678382745,29.479168400750932,80.19462757417753,69.67136003530283,93.73395631247,16.544164001887772,64.91892846364932,24.423946808817597,90.35829853016418,9.949941425661567,65.61618064448773,79.10857215280299,35.49178403647072,95.41380793838093,85.07306845860373,29.46182996849034,0.7541092715998676,29.665717611806087,28.131047047074254,7,数据库异常
88.9964607500909,96.71211782547475,7.043998597026036,47.12948285333167,54.833199852979575,9.29116613297033,37.74977091375226,31.70824173929506,53.60563543270873,66.1190899731938,70.34851104965666,13.675502361338754,81.29477019446215,67.8542029790759,88.90749167467196,44.93360594354341,89.38897627221915,86.57741223560754,43.84093323592696,38.114331529297864,93.28120149702568,71.51647345384376,92.82453464380757,79.69747788958131,60.92974392914143,11.585277700376452,29.148067257909847,96.88424070983915,31.942209871420445,9.325486978537079,70.75533559193198,73.40042545436842,28.545772028715078,29.767197934630374,46.88929855087839,2.178894976225554,2,采集前置异常
78.93230103611636,31.70887872741256,85.37631020019776,80.26304216000338,66.14020331187831,32.48748670992887,51.631656166117004,44.4829257597959,33.888188624867425,84.81362893031782,48.35070745776653,83.27230977971465,10.521847414182428,14.102478860033575,97.73203051129768,58.77684626060896,50.9769673499049,52.31560631441117,21.526877403285983,71.87039495019731,8.478062372975437,57.33237131030232,57.076879658590144,91.4188424133511,52.61828101048604,13.706269597417952,57.27532592481626,9.132764436533236,20.379383529992168,3.1108584187416133,51.32935824594983,8.453261529357237,46.9394378531329,93.29450353241441,71.97614130193321,7.741167422529305,2,采集前置异常
22.420981220884318,67.36624198934342,89.47018610241837,3.291858676395376,81.2451131720594,56.18138803383087,54.60913252963926,95.78131827533579,74.7644612596773,85.0118868056112,35.39955695446667,55.43640408284099,61.54056774277707,32.158394036246506,57.024812494739955,23.665537947971384,14.337567106823956,37.39702592773326,73.9289628746437,91.61871480738876,45.77140514982325,64.28236882754317,10.303713097510048,90.44637585523287,56.86042135699344,78.0338247625157,79.44412009213939,25.648052636810593,52.91744531818495,96.04797515609775,8.963454482082778,68.30498980295634,96.2264078035172,30.057710805402216,86.14479214043482,93.36575454082717,1,通信前置异常
74.7086209394825,23.132831230695828,33.40007188265939,3.580929441773073,83.14532342453552,84.961118651108,63.271030996619274,35.252785126385135,7.681102763992054,75.30576099149094,72.65261936099229,91.2602521738901,73.05320210053623,82.86949422440019,74.59546179039995,63.06871883123164,42.696639419100926,90.21173086422777,65.09685719074699,39.835532196590904,8.346929518195722,29.07048559043821,54.37267348301648,27.563537001619455,22.123534791790213,52.73935140878472,16.98203458957346,80.04100633251035,48.4368151342658,57.386277396265015,14.738326759734854,32.457633562936735,41.008968326115294,80.8212830516503,77.01595230861525,22.297747478768137,4,数据路由异常
61.61790816070077,24.34563577719976,98.82471556902453,95.21238781308706,56.32647205206205,69.8902571894143,80.1430382208645,72.09984200449038,69.98286910824208,95.8554007949528,59.64561063072833,63.630267181905566,84.92687504381811,66.98908678584068,73.29326220175226,23.416868619664243,37.126692411507086,14.730134571189302,50.57654423348055,45.57274006802463,99.71628142794569,61.120865281554245,78.64448231944233,33.401467075765424,83.15453313427965,61.50849664876834,69.69923315984384,29.443077794945438,54.863839169557714,63.40369734136087,58.909467581658106,91.51937114245665,89.82726644925535,97.09840578768706,66.74280060069894,97.19141301256846,5,数据校核异常
83.24780000319089,27.08321403399593,42.74356695512971,23.83924421890098,0.41971608305652053,18.80487531469086,0.4060586286875667,71.983846135049,42.553429772119955,31.257472707785826,76.1720891095188,83.2486774619645,97.52995386498799,64.20135846752412,46.15289585400517,30.52643016074359,22.231820921422628,21.29259504826012,40.91893747197987,99.17863552879298,0.08536974374032669,19.72058972310008,18.839298240357383,71.71194855322923,35.248472759806184,45.726080459182064,14.862413046990497,40.49970388769477,10.319981190583604,53.304328788858314,9.793836538285595,79.05083811731562,56.660171754048946,72.39678737735169,41.85163866526839,38.14912932422273,0,正常
9.82088890488636,52.38556070428226,51.4502164857092,46.81020444496053,74.05183646824493,83.25044000323545,75.07896749485082,14.386574280684384,62.205950928210804,8.032310568953339,69.46222874404765,38.18390965611267,13.24989562662866,86.20508569761279,61.400833903893734,35.47249679475275,3.0727179650499536,53.731025900361054,92.32258784862326,59.637983270236575,97.16506046194931,13.645111827045852,56.83051045948368,79.81250480064294,52.55407311257162,9.106635598747259,58.28860015472177,61.173790584247165,72.87092484753526,76.12115151654739,77.07726882106071,66.3444393638966,21.581118641865814,40.42357558394794,77.61299726143986,95.34269834008133,3,消息队列异常
7.8946964836622,53.55366777971948,31.252227132430644,22.539389431682977,50.5810683519715,60.60893405565368,0.9772231419481248,78.02065722011909,81.98821312594477,96.5510824567933,18.064373322469496,59.4552562360948,42.66253734763945,33.48278515553507,56.56334514375047,78.23830932235502,2.305278344521011,96.94001125661867,80.98815857057107,75.11537036455785,76.03873821805036,38.90607096186526,75.16205508448137,38.67702086029576,89.8706829574793,17.722238330646967,29.234742421515147,55.13375426990761,31.921103588727252,42.42372452952734,49.24226893985947,85.63533488135087,52.31922536086928,36.24598486145605,24.77361640351158,40.867597879219716,6,调控管理异常
51.57361044143699,74.61148572032363,12.104877617233868,22.16091882391509,37.96540158686732,36.03984051195146,39.174808760521174,79.35212646403245,32.41544029621731,50.189818040266466,62.39070328578965,23.21785501836051,71.86953871475389,54.711131973828095,44.678116303137806,80.97840267383138,24.3495259185182,88.31759706143232,56.104873536670375,60.91748793796582,87.50589641689427,81.75826878493359,60.156206882190034,75.31877038481741,43.33194902328968,54.737775349974626,6.207013670851113,8.985791800004684,82.9425404186332,5.967165568249666,16.939912563260727,79.58326589504415,0.1145950628256287,28.24043288458643,58.40386578266218,59.544993146929656,7,数据库异常
77.71529082294735,50.592625449217046,50.94018695309703,72.53105755407005,49.86244632662835,60.849108656361686,89.7774068255051,40.145100761237195,38.512507091922224,0.35489918647713115,61.342626152123195,2.977190740713198,50.41484897283163,80.42337890322267,54.99210705196631,26.9636165216676,78.61684214493712,26.971700408253884,73.30317809458987,61.02584551902312,16.999629674800122,90.51338748441857,20.06436829571957,98.95870741406698,0.7310488654940772,26.348337714290302,19.986029727419886,1.3993410170462628,73.23679001473155,69.34258020995962,79.23509643549305,25.669854646456525,44.43351670829699,65.91135216215474,43.976850388814356,69.73257703179158,0,正常
63.397340844044216,11.464780302217648,78.1043121076968,72.06763590925182,65.58343876174052,15.509360627100232,26.799644879536366,39.31770315876004,27.992962165644343,22.781029067613147,80.53576701617757,63.823224636020235,56.547213155025034,22.595271085325386,91.80765622686413,19.118303909731626,79.4950932824677,96.6672666705293,72.70927292242361,99.28587751846297,65.10511169779467,21.746034360389498,20.38194937165113,32.456428425547635,0.7130020221006061,68.16984700828345,26.866778462782758,81.51832322927528,35.917265055930024,47.99564934633127,96.56889165603693,24.21721230472771,72.12540974297396,75.51177893054172,22.099815752363515,50.099683661219565,4,数据路由异常
35.020192531296836,77.19062434000892,62.24833190290374,47.598305486054706,77.93632650477183,23.515557000841703,75.3621880584359,86.53743120928243,87.86215968075724,78.36735930196038,40.80141669982687,98.1808022717827,37.95936438224399,63.86253991024257,16.107417806946867,98.04488986363927,70.39859218646633,75.33775452463684,6.577670341114461,76.34178142206719,77.47234292206014,67.17727263622298,29.190961379034363,48.96900421608815,11.043437130871647,47.15870664591526,24.382385260040486,34.909698649408206,16.26004084036986,23.005436774689702,7.656864182011624,91.99013664369214,53.04106879754033,39.67419712627397,53.50292127687839,62.829322848155265,3,消息队列异常
92.18787933693491,17.869295228631334,29.55524986352176,97.57893363441147,37.11929866485244,2.2561650757327634,14.764349263715882,2.633870174855202,98.99231424207284,27.887084899122307,92.3542756936226,99.58862757597157,59.984122114311425,3.3196315065561754,8.159163038692697,48.158905510787775,40.6172012911486,60.61773057817676,43.884780971136394,93.40768492714844,53.473971541351105,69.37260614624422,89.64852726424965,14.687187583320737,22.973465411852857,10.731866047401507,13.963839922991228,51.258396693423315,32.1179258967464,42.31728395267549,98.24898317940618,15.67043477959481,54.081207079807555,9.887115505365095,31.84963132638786,52.75259236745986,4,数据路由异常
94.66317459653378,39.122822128348304,6.490669621466982,38.81614479603169,14.574117587397772,22.998961329144528,61.809062316499045,6.742386620368168,46.472375625003735,60.94615860107644,42.185839236749686,1.912635062373036,98.55193569028654,36.71157673405353,77.85771869332669,32.56464921874532,47.50167569934188,38.84636426109965,34.25392295096077,2.1851377207778744,36.00209378545035,88.94899903995301,69.03933385936837,14.542285909543985,59.115500462273914,89.22308599488716,70.00340409648554,14.868439235669673,86.78324967344967,30.154401328886536,45.40761443123418,52.61427596891464,85.05066043781953,93.16074951476611,92.9652877790556,0.795418127854064,7,数据库异常
92.18884855854571,5.438696600157233,26.577365681743537,51.49878547278329,47.9925689004394,60.470979388739195,47.94462287370058,93.43756796404207,24.0548848214587,27.402469403848585,92.07379356930562,7.673951374525623,60.956082190480984,68.17359520656107,50.55417234297395,69.42318788231373,17.2754646011967,85.26322327715398,14.002568946988559,40.08124443157497,7.52576013082058,54.521107881740015,66.97458074256392,94.12216350952906,73.93361958960008,54.11029164541511,93.26170171703338,47.843683804087654,56.12056530988694,59.60985276700958,40.99797258865669,83.84826905658241,18.517593884505914,55.4842190371608,72.2233256187194,90.39761718765772,2,采集前置异常
88.39183964342784,50.874028943014196,64.31614511633417,39.423773612930106,46.81777628802003,90.62657925730495,93.0703993192474,89.54140580670197,13.837086181363823,85.00840213306363,94.83637310214803,36.124969457360464,51.864628942166924,77.90952558129959,56.207813756564875,99.34835217062495,45.57133651568284,71.39427112073776,79.25911401965442,49.41004157584394,85.69838057113758,54.61545912071964,41.16507968016314,10.782367385194702,39.34135763504242,73.39364547332842,92.12864116801073,25.167940386031027,35.52355173305026,15.39609941044262,69.07228942289689,96.01884300099253,64.09522198481756,61.70765300062263,55.34899305004339,8.845574068553653,3,消息队列异常
72.95038264293837,60.20495435493508,66.1476768856287,89.88110930274216,78.39607870610179,78.0915252154526,92.71837688793477,98.99349514629996,58.128273196105965,10.888161603116576,45.91299077754364,78.76011464616444,2.772532476184919,5.688743835614907,6.715778238282133,73.10357583283108,50.116662856317205,36.889794352059354,10.5617045261736,73.22402502058891,32.101981055089965,26.53240700646672,65.2319201553551,55.90108925968418,36.24106418133016,64.1487470805588,27.12215203841182,79.48302616043267,22.931895030765393,15.883769538201564,78.24394094988749,70.78920306979332,18.263897570179843,11.624575268993798,83.83990884866921,77.6598482196688,2,采集前置异常
32.725737369966424,65.81974082133667,12.41601865478108,50.70476590476781,1.8730292060419873,39.16018809215554,7.484282147140508,47.51471801568825,42.16816468528943,44.4385026638056,4.5331302047994075,36.16163412818324,75.64838490999165,36.891437335362006,71.51719526095806,36.94787236337332,42.323944149018644,56.38921128292661,95.06819368070825,10.886044664665517,3.291376866117368,60.79571838100451,94.90970889284263,98.97231325547149,48.41642473920018,46.80816210850984,64.49637707451961,55.56347572049698,63.40880576141181,87.39994255378943,74.63061694876093,49.687739168679556,46.186445900016956,63.9601748513116,45.57062844202975,45.77793512656398,7,数据库异常
1.6305901786504817,17.40641374073084,48.851363999575305,82.26534590503691,27.872700672712412,52.2643433131149,34.49620847592322,10.480398953958902,95.82984830713006,85.46738702503018,7.84924244669064,71.97872624682846,34.75799043575002,99.48498070617926,30.23985198289777,23.87384453625999,56.78905483054052,83.51261633432041,19.2518871819798,70.94027697193313,6.1406583141121684,91.89347431104973,8.107491614729877,91.42313763441625,49.08072494527028,44.80911127959198,97.33070795003765,99.0384177698219,65.0178125961012,12.71192918570485,50.61700856552025,52.916310095566246,51.44464281353097,56.94918385200097,1.8724713794390668,71.12272814705024,0,正常
71.23943019529881,11.546977517788793,57.02394424458007,56.83611824357746,68.24504201904001,8.539769213508109,62.65033072660964,28.075195074634117,50.70029904961719,77.33235527040767,70.56459363630132,11.890301767799338,59.118478711607324,96.91165309407386,15.676943733500226,85.29070877254149,70.2548080553777,77.40033129097597,28.195832714264547,28.788892937984244,90.6019455776488,35.98320320925586,6.3015390692810485,60.059670357945,12.481766904184266,79.65962414079083,64.17464425010574,87.47265052212082,78.48372497826352,11.211364833819616,38.10706764344223,77.45602499145873,41.73414732663257,97.23654847799783,73.57404498934493,1.5499916690321025,7,数据库异常
87.99856915608363,10.08047848685576,14.052372418008584,73.44924006110509,86.49685594304802,53.6349627899556,28.904973294577918,35.131554525317554,34.2889329596056,32.667810380951224,24.29096718216498,60.88670946292331,90.04053185650672,30.708241308334117,18.66942974614121,83.85776663714249,74.17833308897033,93.08370315599105,16.551973560490964,14.425131411659153,54.14293943049967,61.443365483509524,48.017344185958954,59.89666363238755,18.037976887507135,47.96137541640834,65.80925609396678,43.270644924870375,67.94473358165979,45.11912805538396,33.35995808422773,30.360504708709236,41.0902058988588,2.3089622682200828,66.85251384461137,84.51056409802618,0,正常
35.462709444311855,4.603313614171856,98.67755973855577,26.369825545106696,12.6621121690773,36.97525079730279,73.85570406335566,29.39165968905657,57.47032039194878,41.55599944371422,11.776399227661848,33.028701249211025,72.48705057140667,61.20038973314457,11.9778379883561,16.332240971430856,64.07333593074455,81.34154143208688,34.94744959581693,59.53107518434501,17.064358875210527,31.137633690532386,2.02702056730526,76.82759477995226,40.10098197729668,81.61255736539539,70.83729960227262,82.8744265728477,28.56586695828828,18.510873042784525,97.19056826516706,71.73277870408695,83.40422679266703,1.3133373709933727,35.446162029588656,74.28166905773317,3,消息队列异常
7.7982832989983315,56.733992956893566,42.907276745500326,1.7616507141107296,23.59755771194514,28.47919890667142,11.185994634632246,63.15369097426604,24.239787625188903,27.761949961938836,89.82385982001475,46.71230926931395,39.21281469692723,72.38710383147172,90.96137968829122,2.5036336237443835,44.82388465553965,61.07813560779473,31.85630981259896,77.24077221232417,97.14770702702738,94.34273662502832,26.598253937994187,22.6338278437486,95.7490531021221,45.862848743146586,20.829772308469174,70.69969636304182,28.442032390379158,26.724697507105233,87.92490430777848,16.247915337690344,6.4392946466236385,26.918644017168724,60.69454128382038,12.308785340327056,3,消息队列异常
47.15946722767937,62.73371104253198,84.87369925931739,22.986959120225436,81.73463233827894,23.49062611312386,67.67665412396406,43.06735714824551,11.468124237867016,71.42634628218487,21.77626185490178,17.662342602459148,35.83229285893832,65.32902447594834,23.39964787906278,18.366153878188573,0.9953625713364334,47.16430971017236,42.86455693151827,23.38677436373763,5.365216400969075,42.92558745958369,78.82051110716313,71.5282131327177,86.07948898601703,0.9582687713155624,96.64193168045985,34.14122526274483,99.03977960919647,25.261946060177465,47.15363875782448,35.392767657530364,35.57607149943026,84.22820987482157,74.64189397373387,99.21514352300481,5,数据校核异常
61.35146827175125,46.32566043945027,9.007386294689113,99.65614195138568,55.15306529322829,70.04774696901418,40.67423871913114,54.77157081792359,94.25777318928871,16.641943793160273,29.23725843302546,15.205972777803234,79.22159038047747,6.204526042182956,8.16316498513383,29.84941127873687,51.41881809210113,40.62748005595866,4.481631067080727,95.74915578709515,95.28695203580837,27.93563232407599,73.15256152685815,57.857541138322375,23.747669500562406,26.217155174161544,49.11531743104505,41.923694149736015,29.122932823126423,80.75115963051489,48.14629176373849,65.48480623891278,18.927350016787546,53.35076625164867,31.79760494466215,52.64136103948782,4,数据路由异常
78.08258334109281,76.89132100912617,35.422067803427595,69.42771170796391,94.12899503942769,62.56693299249064,14.841012338263715,67.97086292790951,10.490438634931131,87.21104087930271,51.66604958019403,38.514073631157956,5.700659464969238,38.078373459210965,90.32066679157894,2.098299628630318,47.464815778180494,93.11580911106223,39.48409997650211,42.81756874621504,57.85600551991199,46.293733357718345,16.86016912375524,1.8555539069860405,60.98116579787016,92.08065870078121,10.636413302716562,21.095271925275338,37.02294858249735,80.87422290211197,26.92603164709776,88.20544042787685,5.495787465006641,94.09566212589348,56.07470778737649,65.87776784877045,5,数据校核异常
36.76895225363531,78.19942855110604,16.656625008440606,4.891182527848703,39.551694310755714,85.36957139810394,75.49268366376947,51.7155970488958,57.21377471653535,12.989282629875543,84.06815086175821,78.6959682964197,65.64703938869427,46.61910363289385,96.44592682795124,87.90319718764711,64.44304935146185,37.18009977172879,61.802227868151235,57.544092653066535,39.42419878349164,30.667397168807607,40.701079223732236,57.391140603339785,42.81348447110944,26.357448820138384,76.09633177608087,53.14674959574129,6.767516322559997,36.83165056261255,88.49134572119935,75.52365311999519,32.324678394400706,93.81831520445091,7.660290835821016,96.1234703892189,4,数据路由异常
24.570509248467566,0.9094180302419264,43.38080365183268,35.897042968700866,53.90890052067938,79.67728605698454,84.24308021504471,40.12299996116918,42.98457437063502,14.817773032947368,4.7547608881163494,64.12149902350247,6.4437625552692275,73.38301194214559,53.90901450222475,19.85829782260834,53.95229435126496,18.299771660209885,43.8737207510412,79.95603162422289,46.19192934106374,14.869931829754822,72.38286818229452,18.676841627000883,73.85498743701095,47.93522892158333,45.37417590943016,85.14350378574747,70.86035243406687,3.291079695493926,29.617431460160237,87.09206608498987,1.832616854519864,54.52534462619704,72.78256691739439,62.18560854845758,5,数据校核异常
76.05322021044364,72.56918489147458,69.20306951531133,82.15398609256522,64.56906684495384,40.241849425698206,47.19091099145876,71.67247826814506,87.63060296667939,27.221880083977567,34.207679597107074,93.07393963624126,57.85117924094454,17.896181713500102,66.36951389123827,99.07621555393796,82.34535644704,74.57411365514027,20.804665426626922,87.61397846840072,52.57888435355464,88.92900220719557,32.98278294248793,6.205105263543276,47.59759686597461,26.983760481787765,71.52292897762982,95.71065528560324,69.0974151151564,88.69339297092034,45.30240136012063,77.16407371953017,84.30434366717034,71.08756275835424,50.777728606956465,62.586610961536806,2,采集前置异常
70.05069956788803,25.30844032214269,80.95792609149848,95.03245389672733,46.5239315179936,70.10671831098773,73.7025905790354,66.22475475214803,54.71151083286355,88.16479545748106,44.892670926889444,6.110295648660358,84.45563757121603,67.39812723165507,84.92586264996466,13.85474424446943,3.075294050971633,93.43745403825014,14.772830585057427,80.96523320704519,82.32099421806357,70.8705200549003,13.126221109287094,66.73986245608076,88.90865833268656,42.55316448008833,41.351685437859885,44.285830957941904,8.227189067620644,89.20255690299734,86.91828639805104,99.79093217902863,58.518314149841345,75.11916364513857,20.267190630730468,66.75288182241695,3,消息队列异常
64.97328487573907,90.12087358416125,83.07927228390741,93.84664626177631,86.88334727016075,86.8693894898852,6.372332668871827,84.59619526959558,60.747839450311815,38.04444517659612,5.651462438806232,67.76737747680467,32.820175053761744,46.777626498603475,68.17284370551343,91.17745470241428,82.54369156049984,45.059712910359984,38.778315744637894,23.977973884404747,37.242675117596825,11.10463872918983,97.11055083647545,57.391744395957886,12.780584279521289,35.28060092659058,54.703914362065596,53.288563664086965,3.5503368718632355,95.08410342291114,27.53756814749446,1.6184668931891188,7.644400895028247,58.019490324797694,13.778552067509686,4.172479285350327,0,正常
37.962646641271135,62.27611923401886,11.183980484161237,31.332783215131556,41.776067162454225,15.946009778676718,50.60738984667101,8.52140869017709,4.651849634506866,51.98353671551348,24.789697275087562,9.537380789802752,42.39125874876323,91.51407395173948,72.41924466541549,81.56159153470276,87.19139887586364,97.26277413964189,76.3246573514173,60.84079219394797,36.54258803022472,18.164323655771607,68.66598739832943,99.49499861219418,46.735868461891904,72.36793680928076,49.50924499931561,43.19334233634766,41.030561355991516,50.46246829316976,36.689566186537505,74.87733218218078,87.42720265915166,88.28853066451842,22.769871342582594,89.59091387314908,4,数据路由异常
34.155123185510504,30.930766548529764,72.6756057398236,30.469634008628944,5.296640560971011,37.3617772310308,72.1465600358349,32.695842027017655,62.95590559951465,66.01194442631304,73.37360117263562,89.71304663109365,43.256449926843146,16.643207666245708,31.892571543188943,43.216725517398594,71.38914693281131,1.3122125561633502,31.578538343987894,77.98425810193169,67.08577033306953,73.17399735856051,81.18107694391948,78.32357188779623,68.21831661527781,43.96615323705906,98.35983288781539,56.90731955900738,20.27692093688391,29.28128551047844,69.35624559704699,92.47395651994636,17.872012920589754,8.234649574578635,88.15310480420061,91.52779789128344,7,数据库异常
27.63793453158995,37.72857243712399,66.01879974978584,32.99300208424748,87.71587082700529,10.757870271386272,3.798222096019521,20.84862067427895,28.6087778204969,11.292659128887506,6.569042934064672,75.56077135017982,16.427656590225737,91.3922199066304,36.7999661448096,67.06058097213455,22.540211476880025,24.032276849186683,57.47092028675753,56.06429251459861,76.87292280120813,75.7813305694266,67.0687764663661,44.9130565893491,89.06403862806171,62.257849022129875,99.01984904623572,81.93698179343586,4.430981123832622,32.05939070803178,57.18757164709517,72.14695378714872,55.033649776194146,78.61304224621819,28.26556527573446,18.391205123282507,4,数据路由异常
5.391668378977011,57.33137445715221,68.85995206754953,32.61497171193616,61.35841848558766,5.2157230853329235,9.929334629680364,70.17547722584983,36.80697052172987,67.13340311030056,83.1721120279918,85.26224374761169,17.216764546445095,48.62855723513465,73.39267236324865,77.39805962669104,78.46759807288775,22.816733438058446,19.253481772377334,59.00124682736959,74.10857977382197,31.913951553419327,10.470515686242155,71.67463829100775,29.96978313800045,16.636272431172184,14.772352839713164,31.49095475267163,59.26780659137455,35.84022386938166,2.066185159343159,9.690843467781107,29.05032471986191,65.9704482147092,9.851507346853383,56.065685350068186,0,正常
11.988587082400425,21.16153273493815,17.218852755576275,6.722863557081049,67.13298173865903,46.34035473860345,83.10534408973382,9.889083998231696,14.473293333807224,30.64577313504506,76.58659869388082,30.57588231556988,40.84187074986926,30.160356629716457,8.022429180102996,93.94336228961873,54.853899207118886,78.78331881854967,65.8357092185296,51.425427906197505,8.967825665938012,64.27335452703043,15.537035593683212,41.43831693562766,62.911314348043035,78.22290004721233,68.50451757086195,67.15335290546288,14.90422091752075,34.61285400715879,4.2912272660194155,71.94768931764645,95.2585981317419,26.411039017907576,8.769670916230933,47.55700767536536,5,数据校核异常
85.66982231275688,55.19741952717797,4.67771501901133,97.4272240527946,82.86499099626006,13.159407705151017,92.17977565035089,45.06882886051886,37.18979905749412,46.10533305271882,83.45719568709472,65.94796782867857,5.924845239972754,95.7604371116171,14.778413347831776,74.55679517353511,63.6136530428131,18.752804794656086,17.073207611304962,87.03275937046921,41.969492349959715,65.45765141741386,50.40710038566733,72.73535170759595,47.92423750393306,28.73799152555684,36.33833709964964,85.90776944503426,46.8034692922727,21.344933224460927,93.46053880772533,79.6600456498377,5.566614605619913,99.89429619805178,69.49266964401023,16.026659904058693,4,数据路由异常
23.716768129859645,69.24454812415469,77.9761055279122,23.903594314980616,25.696885389927083,30.712069487206083,59.80183648366367,17.181617830127692,10.42431988847775,67.88640890855136,77.90979397931702,50.09294044165055,36.383271026838536,43.20427135264764,38.84078338719519,95.99849082376753,76.80899052191403,20.808721485011027,38.41891520539801,54.40122913631098,61.298586206368846,46.81838960287671,81.01266350119592,76.76060194582317,50.51579186281667,85.44293867817304,75.10895304423859,77.85818487206433,95.64007794334167,26.646694120920266,26.76481623668492,88.89522556906401,77.22263733856795,92.65455414356273,6.313016032445306,62.77570772615966,6,调控管理异常
14.462833812344744,50.38971982925826,15.574693185344424,12.807850898487928,1.2168345382033152,63.023881238290436,35.90226166900861,10.518828487897169,32.283777773130986,16.894409145158495,94.16948315016595,32.00048857613481,33.39535232893899,83.98580033995856,64.77557612860042,71.01716074030013,63.60018039889606,94.61962839485653,20.700083155804517,98.90392417557958,83.09561775565132,58.897258887634216,66.2371624396249,64.88258765006141,5.8396224059153905,21.80164985319386,96.14708845247492,53.43644288593793,37.8353603261912,76.2038463389075,52.451894265580954,1.316277143189759,73.62375967151179,73.22175600528612,16.51487121099744,95.66600884242133,2,采集前置异常
22.390813154111434,45.77493673821993,11.473596126091469,60.32823194505884,37.54511200572125,35.31734622097055,82.69768772209473,0.9561712850478243,79.79467708924226,57.14485657480787,98.6098513480199,58.9443220604249,5.537913414795792,5.064532644372632,88.31529863718319,84.12141455110532,34.589007558202326,61.80324841811372,48.95913570556003,96.71640551360522,94.99609008768915,98.38390085407745,86.64487806342642,90.95515907751013,21.72787787671364,83.10067889897745,70.88571132042748,96.27865088280701,57.12618284426194,8.516716671055635,59.7398891187153,68.65809280212878,22.03210287124283,39.41133835127284,59.850341405167995,37.41057373165055,3,消息队列异常
37.49477172386639,13.30866391727974,94.0746723077666,75.04943844950965,0.1243438866102009,76.56132840221652,73.97949926578588,0.9730960155522994,36.96042976137646,60.674769032553066,45.275065185803584,77.79861187205073,42.5458332634434,15.386296945383704,97.64156242738285,24.20399927760466,71.76923105413323,14.315631166407194,32.901261378393265,44.20276084304238,19.22320045270639,44.99595763686095,15.716282299174999,55.90065389858901,66.3713252520194,6.243428402801077,87.11321210821681,18.514088504203553,22.53624253203238,66.13498400830629,46.875106043441406,49.93955991710657,12.815498456313268,80.57358218764082,61.705424610421,13.538204330945602,0,正常
37.3999367025596,81.04099327350302,56.83550459866207,10.864877913293046,37.27770457892867,24.26943984557346,51.746555365372636,84.33611288719895,43.62671348044198,43.33420303683231,90.5350902327037,57.61854125072724,56.61910873974069,26.19098918753894,60.77227478371263,57.59104674173964,39.6851470341864,99.06955658991805,88.18909649480867,74.95862900768155,53.73455884130005,46.20598018946303,18.489739522319937,30.57374740146237,77.39607998232103,45.374895393755146,88.22695165695013,14.791113634552877,50.83470960136365,64.69656840213088,51.684845630792594,88.92268915849871,98.95632818291398,11.583465834136975,12.9954904076921,13.032411356012108,3,消息队列异常
68.11770960705276,37.26760954958379,73.33146612659061,40.54714728869787,62.76067213320636,76.98580056788936,54.82159106549206,53.95035904500061,8.823432528563446,41.07817429094348,54.57771532249376,46.198082566641,90.07820001884255,90.65306321194893,82.19173805887617,37.529807537311996,71.72991516875344,39.52884610696098,23.259359897575905,34.29026435508816,7.096463328553549,33.17775090046472,46.07422172611716,95.548089478083,31.341058621962492,90.24535392055206,22.885827582349705,19.096889775924943,51.89954564321649,67.2511369297406,4.4332250802281425,22.10658650472167,45.568366650131644,33.10043359831815,71.26210793483219,51.11605960413168,6,调控管理异常
16.035910560390022,89.44653793150906,29.290567548335954,73.11311089644235,77.99157791054098,96.31577002561022,49.85074665241014,61.58355154644322,33.48762934795337,67.81792934120665,46.33834858663197,43.765236472442226,85.54675291161054,5.016884349868866,88.19624278318685,85.2069837828557,50.63662535617891,49.02028542056283,36.18073680354902,99.41737916817344,11.116933275384122,59.0215235628607,68.1681590112417,93.43300082169445,78.02034968567615,64.38472028115469,11.681231681212267,37.37335168314674,13.884164254798526,88.12127324655137,74.9621155563643,75.75367867972292,65.22565177735441,50.70435369367097,14.99710594634972,32.96948867050518,4,数据路由异常
13.691579247689056,72.49131428523432,16.022877602200502,70.21135501716856,69.22553895959047,45.93044789912889,13.52286541180523,31.48008261340367,32.00931090755515,70.03851331432934,11.374301941372433,82.90686462160907,76.1007290185914,18.63069181742739,71.91643817788894,66.85131814678218,74.81208001109263,18.892855544869448,15.759032215646862,23.64839859227542,36.58717031489756,79.36649810358011,73.792393747885,92.54515922785332,5.862955909861545,1.1556281014185599,69.91388297007991,27.928749579416568,33.40788955338175,54.68020259145122,10.24131231267985,64.26944165480496,32.51474462311502,63.271512430099165,83.40069130733858,17.111133333742966,4,数据路由异常
93.08730929145203,53.068814106244375,92.29277651739683,20.773008220177815,60.456266460423755,40.38871173236047,77.42221911560132,60.590894321329635,49.45154569583185,91.29854064310086,37.711706417168024,21.99802048981815,60.81011868520917,62.40284371728138,43.90946215718754,48.66100436893823,95.95534142999,73.26856913968012,11.0601751482577,21.213007087061097,97.5576634435559,72.64655537935313,91.50451261446531,30.386146398872206,74.18668600865924,71.40027085235114,29.46899854393751,55.08163254507053,62.741511127029526,48.1131810827465,82.71787066580127,83.28690417979895,85.06005483015568,80.34235690981629,48.80834771971446,38.14382981490072,7,数据库异常
83.13762837143706,49.02014585562669,24.637139862798186,50.73435323222163,14.184982191924211,69.16294905987989,33.59212816239064,26.06587984474543,95.65087462347451,77.68809957583076,78.70695027239316,62.372196927918345,83.91728105102972,75.91624811633812,59.87737041336165,96.11244018517174,19.159494968442303,94.33797189947511,40.143816199886494,52.839898340148665,12.273931954430894,54.01074389217909,61.12067518581934,99.7701541808524,97.51924110715265,96.63972918742873,34.83880601020574,99.12664987450435,45.54781515951108,85.18362587619005,21.6319969018972,50.583317965660235,96.60120961276054,94.70313969234276,68.37348778214267,79.78143225530599,6,调控管理异常
17.64266966024014,72.16585494841574,61.80508083353723,9.155173575124609,11.315900658967626,10.844361775126188,72.43569348298357,14.171520824757245,46.77322711144705,35.698180587775774,55.050414077021784,70.64764872194029,68.4722537221332,51.55199159143766,46.43348736103855,39.781559512225876,86.19099483043794,33.085180487264495,25.936582116749484,74.33154936552712,35.976346169672645,84.69985997572684,32.788871863714476,70.19448245745882,4.5109006285336095,38.556288011032,34.32301749675515,81.66787392759234,96.70554032283101,46.08812766929614,82.4836277153758,69.96947009573651,96.73859876636932,81.11085143428247,7.747806596373053,71.32817223822362,0,正常
53.549971542237365,1.6436057932327164,25.131295872544367,92.1755245026893,92.60613727867529,79.88504602006344,98.17796032779894,80.65452246242049,1.0204187285245192,28.783434030151177,3.0624182237762865,9.410796873755945,21.884081695077604,50.355854632552244,84.75320034620178,86.1966756157108,61.620185855729645,92.8175939066235,50.00623265902081,88.90360441332015,45.40652563320121,27.722500742188227,91.64129181004277,38.793507567886934,50.340410884446165,32.88606325306772,66.28376002907298,99.50312250060355,2.551354886476964,89.98480060071014,0.3926056989265403,36.422788114621106,16.860680628951428,75.73417806725513,5.061084075717348,55.34849535843279,7,数据库异常
29.492613384531264,13.367024886470213,77.18182121026408,21.74168342552567,22.36752120549389,27.5076785137923,58.67667638280274,65.96659316907483,1.7602523701344963,24.18696361137903,43.09708425052828,33.197695216123314,88.41706585108861,78.77087308864188,62.58902155388275,33.80424159970398,70.06723448461598,84.36380128457944,59.48303773589867,78.44614668933791,74.91049613997478,57.17373111603222,31.218321682151096,74.57821580012718,20.679636635760644,77.94883464715338,80.4546692142533,82.2144879570373,47.29159709784576,19.248076777042165,9.972360006606873,74.33612504879243,88.62613845298132,65.08383588369067,14.41600603883696,93.4896448517574,2,采集前置异常
98.91020145393196,43.33786099349219,59.48252892737712,77.72285200016577,73.63897900500447,96.77871919334493,11.48830910787889,58.07248661428057,69.19314196730922,89.00984241876701,87.41096277181506,97.799979356129,51.207845393767904,83.07608668132266,42.72817081273277,42.231387785603225,25.334836447285902,81.82372870192299,98.58151058135157,25.63417283472579,5.6131588021072325,81.55424374190073,62.02300525347562,95.96988005510045,25.223921907695225,7.1027658001281075,49.24422608665016,8.546602296514749,26.179000110270746,12.597786081916828,22.41321796600787,10.614465282139186,95.39059994272854,27.85627134497355,44.389758599256545,89.86118076342223,7,数据库异常
67.73215879614743,61.80374805617743,70.55631903608372,82.88222571053818,87.7669267851761,64.26396706650264,89.00072746940577,53.539752742547684,27.72908562684234,88.00767088838444,54.147282741308715,90.61375875672343,4.016781395058122,39.75157515412355,94.78050183624683,24.965009275830276,94.15362460384927,95.390246112925,88.2142314225861,56.36680450932987,64.69394490806386,86.96169984498692,77.58970823891845,63.00938494554116,98.22594078707027,68.56766363336942,97.54819924477611,5.738847460709073,13.896037074221246,45.14588460004906,38.487946088431514,78.27348413570277,16.061402646920374,97.60951791114886,31.5065875260914,42.892370774015944,1,通信前置异常
27.474503244002292,57.93636173265473,5.862870042258395,14.967750557044878,74.57977034187242,18.650058340480392,23.551445155666283,79.29822357248378,9.33011783572536,43.74738227708409,2.3063386997226987,34.680739931790384,69.89814026107545,9.01032797172283,88.83346267787601,90.9499042940716,10.49903751251351,99.07324363757766,29.75295533954889,8.410167113160604,0.5067114497262271,40.852289576386255,62.98099857061177,33.217924990331326,83.67173654746227,71.660627556505,35.016153196803266,73.43096666086046,94.04877369692498,9.309599854301709,30.610396015761687,46.33259391166933,49.79901277547686,54.21956448860736,30.062690653864856,66.72596459823491,0,正常
64.50845035298298,57.782150627161386,11.376172171087662,47.69678910959445,35.622688748937556,49.10384698381226,92.1866435515026,48.05313431584083,1.3980791839511841,43.88367380841309,82.06481800493822,78.00609232181682,51.3390073528181,24.97690128593153,46.50886629145451,56.37022194181917,99.98714382741338,64.41780901693774,69.42649300626135,49.1454143568052,35.448955078252986,81.29529836472061,49.493232433923616,99.4690129964525,45.71205742680441,6.800028364757738,68.25781370900827,4.664145092581107,25.05015968847033,35.373825277990335,73.94835856213277,49.423592640761285,2.864593131025661,61.68498512759222,41.143623742666236,92.18345099671072,1,通信前置异常
49.95623111402354,70.89751459393389,21.886849232954685,76.09735645316532,72.09553104836723,90.40817085413082,3.3821641719199214,44.75006976174512,67.91554027396302,9.516390008021503,41.06040671489124,94.21466030661954,43.59344908911282,98.54047834806315,5.6839061079819615,71.78297761408913,58.10162362482695,50.05396771321254,97.08474014850094,12.965040049112863,89.59989516809134,69.12404111366102,25.89960732996327,90.16691456322934,42.92949178610132,81.42273280730709,38.88365170474,85.0930827433241,63.66291184450487,14.104663358372715,64.96631634695275,19.13447627018726,41.19226278941627,17.029558425203373,2.2016115667118585,21.18865394499575,6,调控管理异常
53.637202372412574,48.156096777734604,50.14970955360637,24.768687844660132,68.51612006141862,70.42632868203458,35.79678255596656,88.11700884741744,64.40232166355479,71.30392752586317,27.733991793893942,0.06116351555870425,86.53756121021095,82.24243845798085,12.319188804283021,37.410513495630646,66.13393083885826,65.21108572187282,86.03503348085565,14.026816163542854,42.99397477851188,9.722441792642478,38.959524843862816,1.5107445587704382,89.8273065110127,52.70439968286811,84.98022608023537,5.990470100336376,22.745811047292065,25.937999522118062,38.6691494638788,80.28663723975461,38.655787373149266,20.4653529646327,6.499026033876842,7.949174835268746,5,数据校核异常
76.00472059609774,44.4802991036633,72.61811220000153,68.22871217636975,13.536246176025779,14.28879341922672,75.53420154341339,72.12682934854172,37.80307668743104,7.742226333284008,1.20980216984522,28.815694946174485,0.9222273587226937,23.00726211037034,41.95007402113385,12.141576531195419,10.427775783154624,89.64374357187366,58.547002902288924,93.44556867627814,34.58261637856792,67.71449373291631,20.469167462179037,61.83403172799412,12.958573000998442,0.2080639176285759,93.1531801409579,55.489437617520935,92.69406627820395,33.383152370207206,32.778606916175676,40.06550017730317,70.60409839581683,56.58086341861742,92.5354907099118,2.5440901132439353,1,通信前置异常
70.81959379725365,33.03276893665543,18.023365181846117,51.039562252009894,50.5063784179996,13.70110286884284,20.189605613288986,40.81646649015549,40.88114123923153,31.75581396196847,14.854515150998093,0.4373679100979522,97.02350624280206,94.3499229703927,48.36503791761352,99.50517532750057,67.36543307822433,6.885753760754154,11.771819908262737,91.61108438696377,63.00522021496284,84.31836266573511,89.82696496338443,44.79420112823861,4.852595157669304,18.828034889732205,6.65719473024351,18.873984569850734,41.05329264558768,11.819681051498543,16.673324780534326,44.58217820716792,34.01709503884896,46.765812418804096,42.917202775906205,64.44780259798834,2,采集前置异常
93.71895488758545,10.786433844424248,9.926014930919491,85.2806111090902,50.63967046524591,76.64050235684422,21.542190360728142,82.88625731675518,92.38466241926959,63.54830155464882,10.587902147380223,89.52948141563388,79.24877273700713,75.08777765144899,3.672818890591556,79.89625252569712,13.7951010468357,22.23861761968884,57.71348348692575,26.498077291688304,66.13482063119197,60.80704476990816,10.814959801326262,65.60145795915064,92.395490982493,16.110990518583314,59.70620209428874,34.18653719366941,45.961167177360394,28.700017907896992,35.41306363476953,2.891182326655728,98.15517379172206,62.479992207274826,50.07055904938853,38.37153495003267,7,数据库异常
53.937455882402766,38.010599871580396,35.99079274936733,46.394654172201314,27.59830336711908,18.004989996678546,55.66058981802935,84.2765436150301,15.28281777258923,3.273434060421865,24.681174515403615,97.97206434538109,82.87580737433393,59.58660535285966,92.9248915243136,44.52791168372446,98.3280602575174,29.630204511928405,24.03057495159391,63.8048201147011,37.81539679503604,62.636554197625784,30.49955183026858,61.791825683799104,27.574626058503636,5.097206881888994,91.21359019231834,88.32052018734622,97.0798149272672,71.65271762214047,68.2721177735303,55.90030700748307,12.594241635252267,18.923531094927004,28.94696886725362,89.01563625733944,5,数据校核异常
17.296952460307512,92.28731744878907,52.27857330514172,71.55696354730722,11.024448668056653,26.90335487759109,95.85186081814263,26.614994692973138,29.65217203911461,19.75973848410795,12.907366530682951,23.325764145399795,64.23268919507984,45.536773350356356,55.37558363378986,12.236482876602429,80.21164471629001,78.4094700579848,2.158991114267539,38.351509451030495,6.877060197114782,79.21057794149581,73.72696831257043,90.1988094293156,23.64039589531146,45.62958831277989,18.448787716439774,37.123493447411946,52.2243251566884,5.333078983858897,71.48704106773852,54.329336037107524,82.89590172106733,27.178050119119725,90.33211052692545,99.86942530304434,7,数据库异常
91.92984383776745,77.78924758331542,81.23688028737807,57.374424254458646,19.01538629126105,67.70406851477173,71.27530020599315,98.53851402679057,54.13013162563218,27.13690150250564,68.36725217395067,97.93758196664545,17.7213908269094,32.59979185356027,54.188095377268105,17.02146348820048,2.2220639519938357,33.69831224412506,86.53708015010581,4.346839932371482,42.89290590169175,76.22007729260825,95.31825969108853,98.54753990044323,42.19693806087417,95.03842943791176,3.541897328086374,74.59169379985563,64.27460346336129,24.95218575861523,50.73185006796489,12.955373776049562,87.1597150951561,35.78980855456479,62.60444704657166,15.877628628726226,1,通信前置异常
20.61648446312071,99.19563708031521,75.30863944413294,96.19718697740709,29.585116521204412,16.45628766198204,50.306846347883095,49.466828222734335,17.494651375798785,73.32195695814102,36.17775344387341,18.63652309305173,33.19833945432884,56.36586996350152,72.64709321804432,48.18908860574845,52.55949898283735,13.89459359427484,91.46909247082321,92.87241979920444,68.34265904180037,1.7631408934024706,53.70742159033261,62.92189720886135,99.465422295811,99.60669551947969,85.76112353255574,6.383099202611353,95.32763907787299,61.26612471519991,80.08867704791794,40.719284968585356,31.96694712345898,46.3244145483808,14.687451296882692,35.7066138753306,7,数据库异常
85.76174997682786,3.795048626088149,15.087804682460447,12.511615964948552,40.307554270022806,99.69869008908617,17.33579302113827,14.548264959926016,91.50557297761544,88.20505169659657,3.224036999655444,75.1705960179315,65.54657014764295,76.7740809852709,49.45024547959221,99.13792184482956,4.384701871096319,23.437158640380574,39.65459869736151,44.97779415657032,92.13674026995187,56.000436407725886,4.511099552039388,40.78629634256619,41.64904123690699,96.54909384377848,59.919709102110815,63.56510711589388,71.32530312512708,77.00393156821232,63.50510702024892,23.71943511339355,87.40459143411641,73.21198004106301,74.18704850969559,99.65567392347492,6,调控管理异常
80.2526534863316,82.91514031551532,95.14055157101583,15.113399984889387,49.772737647806785,58.05670235907876,32.927572922245766,83.94033438945056,76.24196216457234,72.08830745081241,99.71494397581668,25.938137340839052,73.54572516754213,55.14044749059006,31.298918249387608,16.058687072312583,89.58838370675471,59.54554827078453,82.49338376407947,54.53449840015448,21.997708065401955,33.75488131003252,38.153884247354654,97.29348125037023,0.56332783813825,98.5666023024507,98.04616351098306,99.61507905301366,47.658817891963466,96.38089696209995,39.559918184982735,2.629444066838671,22.434718637176452,94.52962449373847,1.376469333539998,54.599413542297505,5,数据校核异常
7.560158889467905,28.63965784275785,8.809285071188667,85.95286211130563,59.10707096477058,90.21064657183129,68.83531995402284,97.10291312450997,50.98776547604066,63.871058176287455,57.63088198890566,48.426042944661276,84.59593654230126,64.45251356703602,80.13122648554727,78.63639366024132,19.10451606552953,65.01635325176437,19.96480191813341,58.332047824377085,67.74346844463005,99.72350715875868,3.054197814973836,9.124239411372093,7.702669637123149,39.836128626674004,82.15883614858137,84.40563327871357,73.69795957211517,89.68782418299477,32.28599441694525,8.815464425229912,5.8153027989850115,85.21327196193863,73.04362943536913,69.8615306011121,6,调控管理异常
33.967633854566884,37.99051886182262,95.81135288993192,6.380474409793502,77.37317369377926,30.963332370839314,3.9054618412556086,74.25701107424561,33.09118856783746,72.21475187427966,70.765438311812,53.47868754331151,77.73731292105488,58.103832417124345,28.66368528482607,73.4115301064419,58.913981587772355,1.2727281689920544,90.16441777703093,54.56436183243134,86.86272654795317,88.27368389822446,44.49666567350885,50.765999645123095,41.57543876756019,44.94367753080455,89.51471589717278,78.8144013967911,12.652567631557798,61.03077815400959,99.59066403863423,59.555070123248576,78.58716255931056,76.9061473381171,35.03175258723286,37.18493027039589,1,通信前置异常
72.40764217904032,49.99835316048351,57.0570709130388,71.29057903648376,77.75750270390502,27.151657773307136,14.679375943696293,29.179464672372525,50.753832509207555,34.21413172970391,56.83627588475938,5.346572412562844,50.97504116137672,36.79849069377079,53.46667548928824,42.253335488497676,28.422585063754248,90.41079054576358,18.47649884213569,68.13655755805597,92.4644712582414,53.86699596854331,87.6408488579482,12.485147843328438,49.37887702564081,45.70252804809394,0.8118807036994857,44.325734135933445,36.90297563825978,66.97987277746154,93.83297785765185,8.579108826203651,32.74763867146231,44.40647373942519,45.51853780343833,77.48097208422537,6,调控管理异常
44.33956658334408,2.7161301453653364,71.01040945928312,88.48296951456717,51.39047125496729,58.11085216985054,16.29364389690461,22.064594467895702,23.517023912461177,43.07419748812953,92.8145220895642,52.1784766714886,19.209764520135263,26.608773586894962,38.401502972718426,62.325897569279945,44.00331530040054,39.24448441769249,56.47286003989947,24.183499495446547,7.8903272584582185,2.4414314822222116,25.125916346712707,9.159203414446871,33.63406385207668,77.29335403597555,71.62943304868384,61.09276227880288,85.25002438794787,28.20676245442767,88.50537530299657,39.923916966917915,40.08933182666266,40.53516136255215,9.809436624098144,97.54904983310557,2,采集前置异常
13.85067778251592,34.088572446918455,31.930032032675715,7.467943281670964,15.226013011187668,4.485833618538582,29.240449356051347,86.66569240289064,33.94422057373845,12.369183206737922,64.5693868383918,99.66009120549106,23.232378953192757,27.957100537056945,97.18470542807886,17.877628755048715,51.12140674591639,23.965213301609488,93.23518979012438,98.1521014576294,81.46978461200153,31.478381581281056,40.3487475280505,24.230568366642135,89.07579670089915,91.45582776881581,41.887066224604716,65.65330699030018,16.555317977469386,43.493590036340905,63.149910667349765,38.54031185180196,35.75995256864599,0.09989922669426665,80.42934637771141,88.93376120214482,1,通信前置异常
96.94635295458322,71.92713850692155,54.87923123698846,26.92845198087094,99.92994759634985,58.97528545321056,68.11540723304462,68.24061619553177,84.52517957571814,0.967253884691921,22.02469404313718,66.5534000170014,89.51457368245677,68.53387819213562,41.34912914936801,36.15554958702616,73.79480082833204,74.12376971371934,60.70579925056904,29.146702409733706,92.51548183905436,55.18799421186391,79.04923562483306,21.430826216183164,34.40407886147278,87.45795163873424,5.010702993996841,51.23153112566621,48.170547984400905,75.12301889080821,28.18937705993324,21.906682185959948,92.61328387732337,57.17096519584648,10.46895682836545,19.303616221432108,1,通信前置异常
99.88260595142484,19.560899625219243,61.047551135367875,42.01280789956181,88.55990948498354,75.51685922953277,59.69513962618158,1.0738981797982494,87.97952074934597,44.466747083871624,93.15776530185765,49.553901285420125,69.42244891827255,6.929264946664215,74.51516535267858,33.79960313119229,35.135901433178084,11.865584470938995,14.685714864020227,18.575905620621015,32.82061685714224,89.19699127756054,36.82602382300805,72.43627065632184,8.27475038898714,59.10987992719926,48.189123127043956,97.79579469545045,84.62077698789629,45.48297724386497,77.51427640453387,19.303874129377753,56.23363273917781,7.461905556870818,34.80890322516831,22.58621816221703,1,通信前置异常
71.8909815325211,49.00906912143614,75.10704788480105,51.52954376314456,8.648444215163853,73.53676497325267,83.32292639878057,90.35312259127926,57.199194530670816,75.3585358999495,75.20443368826271,15.574975979894434,16.422068745957073,7.088550580912612,31.991363514030148,47.350858774106456,99.78978527542169,43.099334206816955,72.62425885073709,69.33970262725346,20.44819502505796,5.850715144943641,54.60067515335874,70.03055923144761,99.8251790186256,35.861105228117076,89.63645620810968,38.19324558691864,68.94117084305128,59.825293051705195,5.297879330259692,7.83884269702585,2.0764089724460977,37.083408459398946,74.58010487660107,17.275539399072272,0,正常
60.58529683838958,28.882778003107788,79.6992623979072,79.8396149002991,77.54145149664235,52.48335138013768,28.456671007985168,80.94440438786346,18.61005619392415,28.975960202865604,18.39477061606216,67.42101603876478,68.6236028115818,65.25099927867531,41.56014668646678,10.017100720143324,91.11695845150211,50.77309640122382,40.69721949110915,58.88248932482932,19.27904358191058,13.254877910487439,40.552522145794356,22.722069409991054,24.429029453716456,89.25114877785293,53.07591771858249,48.34690643233511,68.94795937285974,95.15481136767396,11.219856447056408,83.35345671092573,58.40191798678459,14.616535381183727,29.714931868899164,48.23614164647395,7,数据库异常
69.1177144577423,24.260701695345222,53.487881546758985,68.46716274158618,44.87407508475062,86.30259611201758,86.94591028404044,47.069121764044574,97.29257104088997,7.558509240544731,0.3362378322936621,38.0668263803919,60.10970613725093,62.920015744966086,47.64457362938286,12.488331324064617,17.049752178789422,85.21479838520092,86.79111317392612,67.38985378607202,66.42179722788823,59.76821280278075,20.292588570198824,42.82507002599032,69.58946514633787,53.72522720033387,1.858033405509918,95.35568067200984,84.48160525721434,26.054501410973785,61.64589351662961,92.32393837281877,9.601101211365137,50.30294807967006,45.62430258462945,41.02050052835323,0,正常
83.5588608892925,38.06461466974574,6.36633332410076,6.58377421643025,4.274460652460899,40.914542187403725,71.84062776983599,20.372246193051545,64.64685204315495,68.70884721037042,25.520212401559796,60.05576560606293,68.48683400268473,46.66136228021257,33.67165972800951,61.915155157432736,97.7847087328057,42.684140936897805,39.17350962851211,46.426690242611336,7.621839344504822,55.316327967139,32.869738721726364,12.142212233126248,46.62567411173734,0.33839865739774266,40.17852451627589,10.57352679264505,2.429270339978029,82.4475046244502,91.62488032826349,20.767464835910665,53.929826383426125,27.79581571309849,49.35774386721822,43.663132089416024,0,正常
26.905105508048564,70.03935796352977,12.649095932025423,5.307278217136712,76.76754330372792,66.59300312206798,49.85261241463979,46.77897704725416,49.74113794914262,43.70240760986729,39.289229583117915,49.969060288612035,52.851517115976044,69.1902314083621,71.12071607340226,37.762908014014464,41.354052274348874,37.3697169736223,53.653577362571035,45.33535379141953,88.95964631361936,69.63612669164726,89.86563837544456,70.91369915594255,97.09921485238141,63.57367782552691,96.35501381630547,15.816989040942609,5.247768082940385,57.91251852038592,98.34932057997749,41.76052473023968,21.20433621929596,52.154144919351396,64.87986245788886,31.517869551588895,2,采集前置异常
71.47693584992595,97.51145070457258,89.69631217106169,29.158537351219525,32.67236831445983,37.15412244495886,39.455277839364534,10.031949919327943,76.19628388892893,36.533926361070044,87.98199767054523,92.69406231201087,2.443130930768811,98.85030699282062,71.00227315001845,52.03922259929623,38.952760837255326,51.85181326097129,32.462472397844444,62.268781369654825,9.298027644479124,62.11226029118102,27.53448501384441,1.7634829052346368,55.270576616287755,57.84477558526964,42.656900471153605,7.228623255031685,89.33429528041916,61.14308072278889,11.571329956896959,51.09305765941477,49.725431594847144,6.040186879292698,60.685970360294746,80.83263989215645,5,数据校核异常
74.90080542484782,20.296941416418335,86.22925295542115,34.25421656593509,94.65083782919413,7.174796422571372,48.62086885198427,59.712437717754916,24.765009847460473,77.13801887202277,62.689567981071704,1.8109437287955554,60.836859069623586,49.14782344184464,19.602920170350767,99.57482270595295,89.71621948276149,29.250769502906348,54.10709207986163,31.650213991029077,77.54957516360781,93.0331433196455,35.88286069143835,80.55842491436275,49.840754271320485,39.65785613115773,93.84218520987699,51.040468871903144,46.74105002574649,67.2434401962343,26.123420101828444,32.479287078831575,93.20458362386226,67.85298454369423,82.66371477710057,27.111176193542963,7,数据库异常
54.379018992987206,97.13962669894983,31.87038990282176,16.047647631704187,51.088600822466404,38.78210887248762,15.957723278671354,88.8551382703368,99.07239105537778,56.858218068999776,77.4676768373454,85.90383695462995,70.09820060218269,4.415604911173121,15.76342317168178,7.098919115138647,0.987960664205656,30.599640875723654,39.235596048155976,24.10297323359257,6.460464808632094,52.98630908366776,27.331931995714164,79.60371548635624,0.8052621625281198,84.25270512876104,95.47536789459569,71.61350631535696,73.36440652625666,93.35623116027332,20.907128530034914,99.45655682085767,77.34812033785418,72.65707083277937,36.109057899529276,54.57774854056105,6,调控管理异常
65.3917788273347,62.03428613172159,70.49846384775807,8.238173907841063,35.56484328316968,43.40000165954771,26.062929787496646,17.262727026922377,13.892747991286281,36.63833922565851,49.34417005625659,6.297644014666071,94.64580945905496,76.52433228607583,73.08517731854666,17.286052498872696,60.3800768012189,52.972494680866745,98.24688457866938,74.76717700801579,57.57618837162312,85.08126664701223,15.509427086070948,1.5216529690977199,69.02333334145231,9.831146023723747,11.54336399835092,74.46807264245305,27.05348441339891,62.86312155688929,91.74069260927484,31.647453163785833,21.714415783991882,10.656288374105172,13.046236141972612,6.222269537884273,4,数据路由异常
8.764237882974014,43.20045888091539,32.08650450239697,70.6560814322998,87.02416582470019,78.47732031423843,53.06372566656522,10.244211623265343,70.97672839415536,36.28287247268736,8.565039391541019,84.24664072126257,33.82165171825056,21.824883251157136,87.14520646188431,90.2133868447005,33.89708371915599,35.48014192813734,57.96285275831441,73.34414938106582,6.314920190686346,59.334365718847174,95.28200617835816,26.209389717995368,90.88272140969337,95.01683407630937,26.915364097108974,75.42018658853506,23.877500831956,73.76111617321327,79.74199712888259,24.720570371064944,71.5869543583235,81.21045388640898,35.857887210691175,16.770277598972694,1,通信前置异常
9.196456731751358,57.53817036099419,97.80981193157132,82.29503200222162,43.58396389345528,53.66209028549586,27.952788541181896,16.306586736006356,48.208115823227324,46.35015661671852,52.19299528037602,95.28045855639408,60.389530014477224,60.577183662237374,12.802476286107678,99.64888661768204,77.28449442346685,87.72033440940048,41.430041183099405,50.21280957856249,52.20838091622765,19.409453928960517,68.94891563269572,90.29767236174567,16.370581813841902,8.63182734861645,73.82189055403423,27.320183167298207,62.386254161732936,69.57583379921807,32.19107635818218,81.51445974257844,54.99889821142169,86.89994079518027,76.32935525589475,86.85756320374539,6,调控管理异常
2.016138211789409,24.350626073859473,9.000794044593864,44.20830171893492,88.99601216153182,46.75402622668692,84.97130445803941,32.717823801931786,33.95700728052524,89.55617303268775,42.58171465117015,78.97654877946664,23.664354788190135,94.88008296776354,57.45782465305711,75.93235685784019,8.95156997948855,49.26642258305287,90.10384977340232,87.70386290433045,4.681395723422755,30.369846912894673,44.33200064790801,17.226481435578822,72.99983109899703,18.451199559871156,34.663969436988616,66.32806368578183,48.20893445244799,73.85710386348939,96.12079012228597,11.654668771519749,70.95677163980609,23.034415563211454,41.44767274075692,3.2862725795139824,1,通信前置异常
13.590738229269894,31.977728904889968,34.198580528798495,89.95852164620958,74.18129092665151,97.2182968187041,59.90715103352405,24.171373209131797,32.765502992164286,31.983592329196707,32.64943276632516,67.29641731118157,53.08079280904162,38.54241780866443,14.90897687287166,2.2139162942145907,21.88346775876926,10.747140396868126,78.54450308522394,11.249795781388539,72.42282373068362,38.56586897760826,7.337838974377597,81.27300494315858,57.963057023661335,23.576151286357305,89.4681174332668,4.525831387055145,20.18196081977629,75.2046927805861,70.93779303098891,28.927169372447803,6.202487535278312,85.80780722249438,31.369763806990257,19.571341492826523,2,采集前置异常
51.60618223609771,91.02271992824473,4.354657784337535,76.58040880308877,57.24732279387089,42.54491165518169,74.40804441050601,96.58244244416323,22.920621116269103,14.364736507211962,91.2881745222697,66.89530774573036,43.798602156196594,57.32595702642831,74.5613905176244,77.30318987057171,91.98941808189646,42.684278889562265,29.3410910019395,63.96642667898419,41.57278992795304,59.45984539489779,41.99857984559502,15.299578667817448,46.94267516589584,69.09178219410327,79.92838076676499,49.332627679654685,16.52378902104009,41.46877096494316,78.62939288416982,41.285927061707284,69.65307936042223,50.721368167808976,24.12231251093967,79.61505080230744,1,通信前置异常
8.421345407068703,52.48902827551506,20.889103424340494,6.706562854137566,50.293393708324885,49.95621559349236,70.69009016757208,74.47506930519049,72.77914886928968,40.9558732916755,63.168978722656256,57.69452426439603,42.15617561169196,59.72126941859932,94.72478767062626,19.289374368137736,90.57720957855263,5.345551398319836,30.838921290166066,28.814524861152822,62.63651078809057,13.122495177729032,88.23476118397538,82.85514084650413,65.20658196852777,45.841383179219775,93.29560421420784,83.0746554720556,49.93151480812449,70.18733544543112,56.69299521796846,58.794223838826454,33.097606943747124,46.208460462489676,7.812143078974421,35.73486916645925,0,正常
69.5828515362152,95.32160305061863,96.30641127630203,55.57228691248917,60.66222518095821,18.57211855009675,69.53081080935307,7.065879267438624,28.468568579944453,66.83633472854422,31.03101315434893,4.984687411445432,83.18704093509638,31.033000713456303,6.310522485867843,7.478816450286518,25.175879878875364,17.801594722152625,77.43001177801509,32.168404666703445,80.46957850398326,17.38459978231528,49.28791795440838,68.80371335531288,65.19908538658548,60.112940993026875,92.48216019311698,22.852514770674436,49.37192044621054,88.39925500724087,7.789376559515704,5.588826825307525,23.33022875582914,63.30212195380185,25.98796264498069,19.023988380879896,7,数据库异常
45.88023153582921,61.35980687694115,24.85577070167404,30.069118672374206,61.35593048115139,94.57384219894527,67.47417274380882,78.29041435845599,36.68100947554688,27.22543593844661,45.426774320262254,80.71328287116737,45.629964179055584,84.6725408789861,98.8771980695127,7.202666573033634,4.541015608370369,14.958970291336183,38.43696757343462,13.104220914543241,87.0664477618756,2.31462510270638,31.579271633582252,18.469462949420535,93.15393301575324,66.9481004890028,91.20302564513744,97.23287103103934,49.70982436773692,23.431910804802627,19.372878619658927,22.291886168584053,70.85933076220029,4.044572812300073,5.136107303271487,60.814294238315,4,数据路由异常
64.20571467374066,66.52629243224601,37.188050458859124,80.59448887141531,53.36245877266176,10.546563000941944,79.70993070673453,95.30677862704583,6.003631300235868,39.13513387005799,48.751604483474765,14.647076007831695,86.77089477828771,28.4149644890044,78.300853993816,67.0994482028316,59.804582246702346,19.21428486965544,22.07035205509057,4.734840474656932,24.071242978226636,34.54436094605141,83.31453038624254,36.63926667148053,75.46217827656065,43.944228129548755,78.48683119938885,97.62716004370398,23.98415580575801,86.23416119638762,62.18240863057747,81.72942615886548,65.15859022678052,42.394950727415015,22.807493944179036,7.003522533116502,3,消息队列异常
53.5518364460717,99.03260945268656,73.80418050142062,32.73455413990166,82.72048000867352,76.89840001764065,28.16357933534568,1.4307489794234685,11.81626385339496,87.73061903120576,83.65630353048718,29.520900087836242,28.51954262844204,79.28649871024712,93.7737469895422,77.91372567975999,60.55786770307615,24.267135033180452,52.574791409526064,23.351185859326463,80.80114200967736,38.696107951773726,83.36972169940262,38.160921798272526,82.41494051998913,33.331781516524195,44.013270461766986,61.54884193426575,7.028761402991868,94.82070618154644,57.36057861238032,50.78200146908023,83.93939711199121,86.57627298968276,52.2260404529016,92.72623257936374,1,通信前置异常
6.4737766076480625,11.322579225121753,59.678823001444016,35.40658617935837,46.422516618919886,32.80792178971665,40.47253114449356,82.26463471462995,59.34761998543047,99.73445492834982,78.68791978209629,27.366625410182664,26.434511772669623,33.58982701170071,84.32594806477427,2.72876506505656,23.01812788712577,90.4918420344267,63.989643608325196,22.68470955010564,21.914496823258034,86.26181017594305,89.37575082770465,25.613109096211527,42.05103580765323,83.45957386283172,77.10074386098854,81.39161065660845,51.83981907879688,91.15490483051731,32.59515439544353,15.667213434751803,70.87323325648647,53.935441600689636,85.4585768809481,8.115924912471495,6,调控管理异常
84.36924034380668,29.32946532088222,65.4855667168183,4.012878907825579,60.95812963036007,71.7271689187336,36.87502145056203,21.541070526214025,53.7630676603545,83.31908044356466,32.35473582966508,25.246929752127954,27.893530863768767,94.91321529166645,35.92769157645597,0.3604239888287175,78.16812079596197,69.92747953353901,12.856826460296888,98.49042491349125,60.80622853051112,50.077949094060145,38.2219267622891,89.8672755563638,24.39634814185633,28.576890021990188,12.24108066865669,75.911909558426,59.55492804058533,60.90661692544983,21.847043101946362,65.11683891270839,76.54584472468639,35.78885307256893,80.13471439617122,34.879058853202096,0,正常
75.81384615092877,3.3730107457718983,55.11646014736527,96.95265606398866,98.12446006823907,28.17525783417406,44.139909108035546,6.297790798663305,87.33413076045997,56.85721531402142,38.5100678940517,11.277055848915307,94.67672854968892,53.02190478209937,28.292792908290387,35.02151301315095,27.069718092214767,60.18098088569806,92.99635757805099,85.66938033265644,46.03808754259775,82.64993623010078,42.310548127632984,25.2307140758638,98.34151152664279,30.388756797082184,32.37242309869084,98.96928677865222,13.392749316565489,76.0533988009695,93.58127584827265,51.17949942754186,0.25217617028200356,37.50589441131063,11.156899238482708,41.61876609336957,3,消息队列异常
79.00267616422848,43.87115488838005,43.192512134592256,55.67894769188466,58.16905847476802,85.62963087989714,30.83554392289515,82.1671264368016,56.59337486920472,30.052954971714698,29.51260440060771,36.11375171057245,62.269324261997546,23.081173135994916,92.03335616722674,57.491258417790036,92.00157769960067,4.64043585791547,34.26113704614734,2.2807660687623077,27.225181509796982,86.20064722685882,3.660971584220085,43.614709991574486,11.756707047322779,41.68406592603677,83.88515842643773,62.30710334025191,73.67563453314231,34.910411544958095,94.43976950101415,70.92620937795002,42.17988192845309,42.64648002270549,91.86841779432976,57.64046934353918,4,数据路由异常
70.63792099030417,41.70352245131708,22.369276476471413,72.35592919944186,60.78237721413878,50.134288042477934,62.402093999446386,20.828558606423364,79.39387065319563,94.81628050203058,89.11031441677028,32.14357453070171,40.600577328207585,80.84022997975612,59.51171308246038,54.79144436766492,92.66419675334451,53.60249609770508,51.49386795873099,4.201859126635965,6.941695859013763,0.7420307880650179,91.32442257836337,40.838666001770065,46.856137613341254,84.5386947592462,60.92463103757779,60.95015963905811,29.653442935481245,83.39083739245193,16.58299760394938,5.31495921729479,19.160335751853232,26.77372187745647,28.231105785420674,67.05135986187676,3,消息队列异常
21.782458732864352,67.66583044949846,9.113217323379974,14.720246109790903,50.8821448490995,92.18958025766426,85.9567588811114,96.87534424428031,65.04790652781709,67.5814866416092,62.50229989314921,62.28189228581973,14.712034506758464,54.373895616392865,38.606793345172576,44.253721577729344,52.36005730592373,12.83961718022516,35.948773385211986,6.344956087660359,97.9668130422399,11.852802882012615,25.85247385449545,89.12929267033972,48.27100462391418,13.56372015206303,38.42305380393489,11.586799419138583,20.02159970845018,5.202984694984503,43.822749454909996,80.66361217252597,58.596917869989554,60.63453054846117,20.05840300832403,34.38938432523665,0,正常
84.5242103840832,8.785618432651454,85.79306536685337,48.36900262647856,83.71474313251173,31.800641939440034,33.88429515830208,75.16048683231428,78.49961733922201,22.964467799014677,97.28713248219056,8.449010424482895,6.850296310213089,59.55042152861027,72.27407677716215,96.08861292249739,40.49457807988615,2.5291408989633113,60.2896339446407,28.969602059877186,43.29471211954022,48.846948224993525,6.451261073803383,48.59817845641028,42.631966680431475,71.25442652865932,64.56659112123447,18.521571815056102,20.613891821039697,25.100617877437326,17.89504402971773,65.72131996684672,99.44301792002706,65.21083405159366,60.66815461912912,40.992793335107244,7,数据库异常
31.25802588597607,91.10737569064791,96.9001874142153,49.67761755877278,29.020049550655745,77.01222076697677,13.245679086687845,76.55882376436816,81.89483743113387,12.490394462716736,97.68614687965638,98.55122903884784,93.67194793273512,49.60348094062643,24.607414227682845,58.2009280881913,41.993383847143576,20.59486447171971,42.36764096178476,66.38898356775906,7.091331078599106,33.34180014460165,1.7794890012825193,74.94955054616756,64.06912676167008,6.2672134701965865,96.47375596019678,2.2621557127100678,58.99606464760886,77.63674617990559,78.7896313044723,3.4285135593203786,90.64151326404392,91.84516719271222,56.13903731543727,48.20831988871461,7,数据库异常
4.486746306259981,56.195414250986865,40.937908177023075,77.2806407408656,40.38835668860878,68.35808333247098,10.14081462375308,13.295227076596694,13.971019064915835,4.552549979974351,54.13288592698038,79.39677260436359,61.04112036936661,57.495488555285625,68.06239284027365,33.96453230720148,36.19540716482289,31.427009822092256,71.21089328535756,16.16403356707743,1.302528031292438,59.61964467224924,94.23813647342054,60.940791699630466,78.29216529408951,67.27907094660301,49.743665352301626,71.8392401783846,82.41041238552218,22.473164417169798,33.61304804831455,22.372573250328387,45.2172955590441,88.50645509166675,34.52071008353323,37.44668891305534,5,数据校核异常
86.03672346719318,51.53743307446752,53.54489996474344,86.08012033322129,49.052673702547324,68.15575346293953,8.564466587406072,17.86317131268853,40.43762007162456,49.483906781987486,96.57337012362295,97.065163304779,85.11970874787616,31.559883528557453,96.40282908324397,68.93408646762126,39.29401278174004,70.16749169847664,1.652272978652658,14.615468227421358,82.96857115563677,64.55736368731712,36.419470129188404,50.06666402227188,90.5142149645767,63.15781094790866,39.81492839343302,12.0326657397535,29.3746801625561,97.83402327965834,43.73630628517775,47.183946384486084,49.85980323970154,88.41040229482111,60.39282843853099,69.36770364519221,7,数据库异常
38.9413542549104,2.908761858897435,93.09729142428444,94.91276809164064,94.91530533480511,94.36870866467166,81.5241941069561,68.45960501163269,84.45099182672855,60.05462390010362,13.436961389202363,39.1218165041421,97.12949119729375,35.113781359565635,86.78279137313694,9.321147077486957,33.41838423754696,35.09533247273796,5.160254310898016,11.909433018675497,19.3165211121771,83.7815590810113,6.340198993980639,29.87009013443872,1.0175002589267512,69.56277454030247,62.03030900433798,64.49822620531418,37.43827847146187,20.826782126756903,72.03202132860334,81.11178727406951,13.860149809820177,48.682942793742136,24.87156819788625,16.810686120613372,5,数据校核异常
73.43253134949991,53.8096935472837,21.618533237866778,31.000001121154508,96.66536713277424,84.86795647085566,87.99467428731283,46.0012097080708,62.3807263920875,37.67677402044116,7.771197568889054,40.10693106567825,59.39807532071447,28.71442707681314,84.79505747274158,15.110015917459862,36.71290894369199,12.490390532420292,40.48321339852253,3.966130497427045,27.254939506164543,40.073525511368366,47.816536327669155,54.36963584751419,27.499112978991892,52.30413346148723,50.90046215620598,31.617805087620845,83.02003306564782,54.56411265935651,33.226971874654495,94.73385120807765,84.51124130711611,98.25878115518009,69.22338746454207,37.822290550604684,3,消息队列异常
28.086066667901232,66.3317843674481,98.08165824953036,62.67150801038488,88.16149409898382,32.910343104776864,40.69537824742556,90.62752395893533,75.68667019578189,98.14103203679058,77.4764209732242,44.85157072182317,53.106801982236306,90.05154924631367,55.164673609804794,25.53973741644452,43.56198127699494,51.63159888491179,9.671983355112957,74.37626742528903,10.9353933354973,40.49177133688057,80.46224415404045,46.757036161329694,84.20155197185079,34.188132205611495,95.76362939984354,20.946843180523555,3.8264144989301307,87.24265429904186,75.22027159504083,23.198383706737282,98.47416071366739,50.228012926852784,95.10654401441634,50.50287713869993,2,采集前置异常
47.1874586771291,44.9138537144465,33.48752761329502,53.37014971765517,45.25546619485679,3.6746876623554137,26.043523342350248,21.31228001055584,86.74356023210666,59.88699772268414,76.36831004497274,95.68260377492805,64.403927252641,98.26099914047444,31.176405165212962,18.626718231289384,40.33098879929115,47.079941493580804,89.5361542852585,55.99404390366763,29.2180999418017,74.26342828675209,50.58319371390709,16.213194527517018,57.681978759125215,91.1394536807284,84.26226174758202,58.68099726353311,37.70831738849881,8.697875106421115,46.964892333162375,75.20794375295792,36.02737197330106,23.54468255516644,93.13797192709534,82.15557004579924,6,调控管理异常
63.82756194201447,13.678334392051939,14.490884040617303,10.321959145577896,61.62966668927432,11.5562796473336,84.2627198862633,99.29650018193222,36.63481847086653,45.36698469670974,71.16671769856787,93.71530063257659,89.40937735563851,5.759182874984859,16.9071802556765,75.45971985577923,68.88931080324473,13.321859404012326,50.20645820015677,78.08146310852956,21.878068226269363,87.12876357346663,5.297177482036797,78.21950850680739,61.58188997898703,31.519934665434914,72.09325483419113,78.23657951511596,93.38989713039693,36.77746721542636,68.6016735979955,60.26162769346909,52.52060694570885,89.04164741550379,0.31673141384003234,28.211160610359766,6,调控管理异常
53.827723954483005,17.829326163655235,90.78665337327583,64.75951176130154,47.78829946319899,81.47017590666546,45.088619146510375,55.865301193000946,0.27509955539209985,36.570053019507355,13.879047235096975,68.9688680662291,47.90269589757338,30.17575572502308,46.78323393717424,20.962988795134617,92.50866324861406,5.3972632550913,86.54170352961204,51.135878873335095,61.894649613881725,30.26056209087038,96.66976167943213,28.185095851948983,58.88779971403043,99.34167051071289,88.10943963834458,53.632982528610604,99.03745229672121,70.13698617326146,20.870041614180934,40.55962104358064,33.4493334011551,34.40137082711892,76.04564393598663,58.42629272727936,3,消息队列异常
3.809271158952854,87.74484836509761,29.679614048016457,99.70748769131437,95.41907303347857,94.05307166819652,81.11276040639737,22.06133316835426,53.2632744028782,22.43026268249746,25.967545558894923,61.095176943627735,4.083354535306338,96.94585668207077,91.86731725779644,38.076757215771984,51.54224480069131,46.6119419267759,88.21997786174698,68.8601876316111,27.811124742435645,44.68412544652969,42.89659756867638,95.93351682839186,17.531091051463964,8.957633729442904,88.06188321616902,89.66859895058708,87.17390879121648,51.09769156255564,65.97444282694605,56.336304756098386,6.944782605440092,59.58348969007224,1.3614147256100884,32.49874095570861,1,通信前置异常
93.22925758731671,30.404526963580757,93.98266426442478,25.013395714924425,31.456224046153245,62.840749643855354,76.16269727892949,50.13877680048841,88.21156871941554,4.024042161061924,92.21948386343706,19.6307799895408,88.42387450846559,40.08631794863805,83.27570558710377,67.16655498036951,17.59416324782621,91.80475698814485,24.551739048845967,24.41401186949991,81.41788966373805,10.587325557252104,22.203590637046034,50.36775734210623,83.04770286866243,14.74839747372675,54.766823451234636,71.12405918029395,86.05952247159513,93.55655602022196,78.46399144689325,65.28283982220019,43.36200853127659,11.211015418841964,70.97371925255213,99.27373044754869,1,通信前置异常
73.67605947320999,1.671109373772628,49.625997804183875,61.464663248290385,68.96742011028431,71.97258356007086,55.8108441216524,22.33603327342403,94.22006614765466,69.66664676636618,23.684003686940947,32.23218322702729,92.19276706303697,88.74851867073357,40.51464383580896,3.830722199145098,4.849736889393819,28.391829091838904,62.91222193389995,58.41946353345618,63.38277869439427,71.72829719321066,1.9032253592738413,10.508559517244286,35.94834518272126,15.485999752158175,7.5320042544554155,64.09643959973319,81.5336477491099,75.26266574342824,81.70397786091792,66.58565440578772,73.53453218142022,27.177877420830132,99.30080362841643,18.316565449388712,7,数据库异常
21.44938743893825,28.892183181584684,97.53324301065788,98.82885893539061,79.48937497064975,62.905759855963375,52.00625751846134,97.06208456868457,69.56228028582476,94.47301283260302,31.65507994776239,33.37747922695657,85.47245941184356,14.985492058529438,94.59278612960757,50.747435466340754,92.64138785836977,33.67927887258131,71.5958904139397,48.28751219726897,62.680363024547304,50.437249313915224,96.71156173713614,69.21053978139172,25.131896862631542,90.96769219050846,29.402973815510435,37.16050993008563,10.212369802021337,89.99665197961907,28.6112023227863,25.891761793138237,92.02625979949539,80.55268624050333,14.10789215193744,76.93245039036807,6,调控管理异常
91.30330980537907,7.851121821074392,82.5214994904573,54.7420051873056,66.91974493788007,49.28543389049369,69.78030849052786,3.4097861666753215,76.27067232232837,3.334369785895841,45.529984774734345,15.096499313029488,82.35742773513071,31.366090917566858,45.40935446043325,42.87507412983116,77.25019656847066,48.114435979597545,78.8958335010346,7.350827680267525,19.15939679029951,55.153424964636066,94.7088324752695,7.475784672178031,4.308421615686431,15.655067492785568,64.11531288601566,39.89929166702472,82.55523794176862,7.1933151481365805,19.641408681470107,30.002640546489566,62.67300866887852,68.51726903015472,12.420329396377383,94.38047089917396,6,调控管理异常
34.104413519020916,71.31687630002831,52.42077189476988,22.27581135471066,84.6228323115411,81.82380281919299,39.607185391669006,58.86075856938554,25.782569593593973,68.98516287463015,30.902681262043142,84.40787343822349,21.73851042772743,1.480342281846414,26.850804196791845,19.10524864594867,50.82864397249243,20.37032916565763,76.31898707194948,24.137063800400394,70.69681799126558,57.847092301372406,98.62498564718844,99.99009770092316,86.95260833173299,75.99833692987511,38.64564140005737,75.32767271313035,95.66755370794907,2.337757539544416,53.79147001977388,21.799830438843458,55.78763158688504,46.64470897588912,57.576858155228436,55.09622214187242,5,数据校核异常
96.0107039168562,55.21861089347361,84.62320881248672,31.98202868008465,43.81006887910489,47.04134760448099,27.87280433353797,37.97902614779552,59.85130794667752,58.018776330453235,63.64353445734805,35.18179154201411,31.58314951530571,61.161788275416306,13.286174842752496,25.303154353213998,4.212773695299521,7.261085259608013,24.338327926060888,1.9529280296919027,24.54105920874615,65.4976323062026,6.110707846893304,43.6736677794641,91.31087869195494,79.12848289254009,30.543750229485724,92.4805479191647,32.96464967477248,7.251549633756249,99.40559567681136,87.00225271891718,46.593278330109236,66.6376524192404,67.12280778566702,19.448223073046034,2,采集前置异常
20.00486331536323,46.958070335182576,91.15731401376979,0.9993774858570781,78.25056359493593,5.752678371465414,47.82221148831178,63.78728330734764,68.67592670824648,5.8479263615911385,41.860361738396826,58.38372605023247,6.604553730600693,13.509455659530978,66.36489895040386,52.16381965906517,16.182866126829055,53.523933691473346,91.26923734444158,1.5587584775363927,64.26337734858546,7.365043460534193,0.6449442964700847,15.065448866063381,42.29066318539193,80.23439989819529,28.178549660455865,62.56732123887586,41.115663795530665,23.433179196600797,51.42471142828586,79.74644903726232,83.24923700561442,84.65195318772368,33.85578125549794,79.34560647157531,0,正常
21.217845510890786,73.84251012428832,94.83844262726167,1.374383469095719,44.036393117879804,64.77709884140046,70.1775770487553,17.60877582692022,97.21832752385929,61.5265367970973,16.43406012282678,2.052251171251529,78.32641987897759,7.970473944545908,14.105092107023653,57.48300268556906,60.350550344961974,68.68871185923985,39.351401266362075,77.38986689668229,97.43585996158886,27.109494307988303,70.3028616537946,92.84686523951568,68.62867626170427,68.11094986442595,22.37725690852066,53.51302003196929,56.25228436045801,70.01295624559528,99.68214498961827,3.364382254376208,6.523266126748684,7.795006943091876,74.29791344889568,13.635379511075751,1,通信前置异常
62.245187449034525,32.46688778934585,45.7319956210711,21.56631598174139,86.61065613045422,58.61503241630264,94.45632635822527,57.459624970432955,12.390803059694665,17.087043383847544,98.90739763678472,72.55651973308677,4.927875002908966,70.37810050346648,41.21730468096116,30.72083868231905,15.406079373053426,83.99039545565657,6.384137898910069,28.98354623796403,30.638289382570438,16.090528396350035,50.818488328687025,1.1702626810892625,30.09755154104091,93.3629444033064,31.05295693420057,36.04593871067516,47.31650482340716,56.16933748514747,80.8708644820744,19.03212231560176,87.17463771925573,75.75493571438894,72.26503346615553,8.680457371463524,6,调控管理异常
2.164068997458468,59.4012700908084,86.31339625231612,58.44414641406359,21.323486544553084,9.051989794921322,69.9596452817735,72.17702773178095,17.253170068710865,2.819031549653628,40.8283513223197,58.271870213302215,70.60024095671912,80.99450091529027,61.053742730673235,11.088060859848504,68.25816721424148,98.4176642894882,90.5584584597404,87.16689092695127,30.217015335834084,75.07881764540006,85.11034459651455,67.83262046312632,25.056175656798054,95.38339718749583,45.08194114586759,12.98055586658794,10.9777895057392,64.75189872990458,43.77096464167391,9.44838751789636,74.03645721560946,79.93251672586197,72.54156307864513,20.226087768401293,5,数据校核异常
68.97754559960694,1.0722802894385097,30.511213967840924,39.882153140754376,83.52469488855016,39.03943730694043,1.1269446189398291,35.23464118280094,49.89240983592872,94.90047866727734,94.10343037895447,18.087403822141155,18.514654173945154,16.33814564645505,78.89219324141033,0.6022040368406367,12.717719819187733,53.7959631644099,24.756206688676553,9.235645823926209,35.98780123338343,27.42076050602448,51.11043065142845,97.92335938301959,12.430463681491844,37.27267048340943,93.19850178724747,87.68730434938226,39.42710347842806,69.89532645197365,8.785701358134556,71.25410555436152,97.28577294847415,53.74881528341916,49.84902270344143,18.731861970191034,4,数据路由异常
63.37881989072919,59.04372807789149,65.19330594757506,2.608328668472182,54.872348834907356,59.4934843497373,20.753013541280218,20.8332857488536,27.621816851094984,71.17215917272375,60.626606353237165,84.57626461178046,29.56585718430982,91.20680598883183,74.37061619833584,39.501167001369694,9.526206562545593,25.69836624874825,95.67682172148503,31.036337588407935,32.99009601490644,18.9588931097717,80.68506011387655,27.564423024227736,33.02582483688556,41.43481084316266,43.37282797746097,41.13407904150217,50.374369537472866,81.45128796164033,81.92850407420221,79.83131337633469,10.11248391164875,79.96788032748141,12.025177348657678,12.472377005225798,5,数据校核异常
94.78627716349608,81.93978447055413,55.241046686800864,87.49702044778621,98.93646425518628,61.06420666317776,61.2898436981518,75.4427029159928,23.213895236533276,16.712486151879936,75.95807500150725,34.490479499410235,13.5070356305934,31.487772591774977,35.86368678745754,96.52276595056907,69.79597110879232,53.085631739973394,96.88731386826049,90.31397404741807,51.200085661415976,90.56796353769808,40.43046580626566,23.042066535662464,23.267817682208513,66.23155244421267,50.10703207072771,65.89508470054467,68.60759642621699,2.2322872897717616,5.403959234790234,53.26777265912499,19.10354777600769,63.253376880443966,55.21857391706481,58.57603583708912,1,通信前置异常
30.245537983101066,63.98435062778967,82.9492636485023,99.80712535922372,83.84443861722143,55.74987596799475,19.342959167995655,68.14458761198209,93.76537855579782,21.18665397323024,25.59956205265771,14.900854341165115,73.67216436264017,40.656150342365926,6.269563888638407,87.49499914902802,55.767190470256665,33.10942920003558,34.39829760610969,29.025122019090677,45.54801723926418,33.7041688488145,54.79463040706094,77.35172522712942,67.44612834443735,29.445689275411713,52.874101153977925,84.01261599122508,6.820623474272547,7.829726698690475,55.61700680497535,63.91151283898032,21.14130157759041,74.5220126691518,64.62633770407274,92.32892682362865,1,通信前置异常
16.89542018585367,75.13742653580107,8.364309058326702,56.52924095178975,55.189513949914584,38.83850446467406,84.45711476685672,0.43706447860122344,52.01794018985208,21.715354983518743,74.34986191164329,4.306742630609717,83.15546881815776,83.80922267069515,83.2866012403503,15.256852673266986,63.04065185610449,1.4367359183389605,84.79625912891998,72.29751935086205,53.115373089925264,73.0591433096617,9.432409665177222,52.86558321768563,29.127649181644543,97.2619463222973,85.71179506239017,73.32756958339769,93.37476352497319,34.68433045654737,90.08798989881812,32.52382321067103,73.2796719691153,73.6416911776449,1.8349876454093472,36.105969827819514,5,数据校核异常
1.9432672408497886,99.70920176102486,12.2196761829238,54.281089564810934,79.05562387626372,20.126360226089247,48.505266809547265,60.74287609211508,16.020475439554538,77.85554599115385,29.933645718936532,21.10230763388403,55.828874643741685,41.03136276429379,92.02859446364178,88.0062698198154,48.335066338888325,35.92637747255976,32.55179816312652,26.756362308150738,54.45478537124772,80.49786047345435,31.07566082035578,19.00940896880815,47.54838061832868,6.903441679766653,70.12790061297068,51.83582663019336,49.63748079728541,30.044537955002248,90.46734375317367,9.04862918495527,86.98240088870314,37.670520241592264,88.06235159750223,72.87614583323835,0,正常
10.41707266620383,83.15362865093536,68.2176833699505,3.230191291534845,13.370268210966996,63.562805583569514,66.2600502880285,74.6651432837595,72.02454007749819,65.9519954669955,76.62389017464226,57.50857058923729,26.079138552445492,91.23766137307182,1.8214030931977931,36.65617198714902,72.88702930971634,42.715604114967434,2.483440748001431,6.598090311621318,64.86373691382886,96.48645994052997,55.1863635834499,50.6757818023769,31.832521305626727,25.669067386606315,2.0984981756284715,27.295486764047116,44.911044086525244,19.794978304895018,8.734798848142923,71.77278672546026,89.46202690680671,93.67720696870856,61.799872849698936,5.2774582599281805,3,消息队列异常
74.08626299617734,11.009530526188637,66.97481176878239,77.93658357478758,72.58647108264728,95.18838057611306,73.81462844673898,69.32097779818085,26.17431721831024,92.47686864359017,17.95438707941669,90.48966114731265,31.266254334591036,13.016359387766874,82.66830272711707,0.2495453600829145,83.20883176808307,26.23118420459759,88.47212727556213,69.1479182241579,66.61833328505901,36.53195631648434,5.940297389077099,83.00730982055772,17.0903795176528,37.225864189475224,60.03546855090818,48.22537385606217,19.866063517131806,14.06163568822839,12.324627225029062,86.3007881499201,3.1559549061333625,97.70142595998944,19.85286903854141,11.032229687907813,1,通信前置异常
57.69716547767951,7.998595794069663,60.245326316359495,85.06266448136131,4.789802146742483,79.98686045285442,39.44774409821187,15.949063383120999,17.609648026745905,91.87645436942262,11.060575194066447,86.67827871156571,54.42446209836146,3.905617881643908,46.44761457173383,81.74495144763007,72.62027876391004,48.87824176847179,86.00498796962171,12.03647617802297,90.99410533923688,84.64412084833488,70.8276825657236,81.78877421287493,54.3815506842666,67.51624290976669,56.05980707077789,35.54285305079493,56.88607973611776,25.74653325319257,44.027917084078524,28.07754072602432,12.288778946138901,32.186185638990615,85.19872181847707,38.10807706423057,5,数据校核异常
74.8003648968869,17.519785423816124,42.44191591676416,11.485606933517655,13.862106336748969,61.74363798900691,60.74818174490111,21.33719073548622,47.44231942887986,86.3306166977948,17.42015086764829,1.9210533073514835,65.19951406635724,5.3498208088684995,97.9940238572446,60.9620283798881,47.03963528439723,42.999254002430675,57.30706585169314,9.062443672021491,93.00190588194958,62.56420685518778,18.397849761090878,56.25810537646628,13.325650583301163,1.7552717558312114,63.0516985213998,64.84833418701278,58.369658280341554,18.348320436002307,60.342985849476705,5.651094092451981,60.92383555719223,55.40170191076188,65.52548308390995,89.54756057523939,6,调控管理异常
85.03581052395366,98.06541915625388,97.6241032936575,77.23196933737526,95.6419622177728,86.7283885889112,72.75824498949729,7.5384254643755195,4.9049888269887765,83.75995675057702,48.96558578716983,81.46066843749209,31.291827065521936,39.76498583230128,70.01867210119319,91.53267369320932,8.776147447888594,86.14781446346062,79.30127248793653,31.553927072985466,35.52166141315596,4.646147722190963,1.5740611116717984,47.70061263577291,9.553964549731052,19.4001814415213,84.67671995266636,57.10283912504524,63.36324372661134,18.747933083192002,82.86618044544196,86.79797724397476,52.33275937130434,91.25577718786599,84.48286249545816,73.1324176674438,5,数据校核异常
73.40759156936286,10.53934739508633,27.08360376956658,6.684721981767606,0.8681209226308662,15.830953138391013,88.048718264694,23.98740590360515,97.01539625917218,59.72909995612061,23.72584876346904,49.71308034842128,21.909482270011537,98.39735581823739,84.72649839049639,2.6238788782329103,94.77760314674711,72.10651073028873,8.238125202127833,67.06377463264455,64.69266979656855,21.878874580758346,75.84467000075756,8.706470331296712,48.94451812312478,0.9923207163087922,96.87374888947464,75.15636317769093,15.885207615965601,34.167403995128296,16.05623778081763,76.66174641293146,5.889632542771517,84.04066555637142,94.21963388357298,67.66279428063,2,采集前置异常
21.296545000143418,36.00900958135508,47.72398748089313,60.462477220225374,66.86630898116874,55.42147153188828,35.13139208218558,89.09172805649031,8.139205801795823,46.6256054243495,77.55648384674807,6.08726652914009,70.53352168113011,81.9711622753325,66.08312985270523,1.2936892275355993,18.013702713220624,34.211307889195076,23.36900356380459,96.26521402274274,65.15939141137936,29.69709573515703,92.96974986654456,74.0594199476187,28.460721182704198,37.888156940195536,19.942885830395674,97.10739982658218,51.72964958900732,89.60566874979847,34.64997710168477,86.08416030974757,5.388684842716396,98.2090317524288,91.20343670333027,36.32029447766549,3,消息队列异常
77.47221653145773,75.2257926473826,90.12547971029316,30.725498112881112,46.55200053141495,86.4999612606053,77.8579454135216,39.34667187402792,84.5725232912122,4.695403923240149,78.20463029629902,20.676585943370064,28.61209078237872,49.32148435955936,44.97345010699739,52.05701068698809,54.477559567202384,33.152769103149694,17.522751301703,76.8481229287306,39.997614908714205,50.5840862459059,64.46967183511181,90.9637922306656,70.75528311402199,4.545922559038451,83.85603633980176,98.93550151275191,47.248502537138215,96.95903364546007,54.73287423431494,45.96159958719498,33.140476472745505,65.75548758333389,22.982042052504458,10.493421851440432,4,数据路由异常
2.723710258421408,29.238011271526375,39.57708321670383,55.207669628124776,29.274982518700643,98.40595723854112,29.174516824116758,44.09753884464087,10.327616553190033,26.062651333707564,4.833213978899109,55.950863343732806,75.10646831324317,19.570981433606793,36.791093781607074,1.6616226727160566,83.9522055722212,77.99635249316695,6.325403087429238,36.48676093204113,95.52866138494954,39.202705607897705,52.62086767240161,35.52428610103552,59.613138812826186,97.81568756368222,99.7502503481197,77.47149780111911,40.43110980204393,49.44322008289883,35.673132811230545,98.55746299043462,70.77603058254037,44.89314454335113,1.2115270109602339,52.04834143905484,0,正常
98.39282017016178,52.30609089730519,18.242668548911368,2.2093747104774852,35.470375812420905,91.82280556966069,99.65541081758809,94.53679748120027,72.94199932542568,55.81427284406553,59.068614638225206,53.89920090919609,70.70493049229883,41.887322669535244,66.92040049557654,12.161211495720103,26.569530656148377,83.60030388086295,90.37489307433911,53.90082375602997,3.16356172129324,92.69735707917681,70.20642580272865,41.40279237553608,59.83789431994963,42.97748344413661,46.5339226732051,88.68098656594017,16.108424691711154,10.366913548223678,0.2728744513015746,31.400037561212667,14.741376648442738,21.998549513811117,1.1238982665376929,22.71954146877032,7,数据库异常
33.27115819323739,3.1567496409881324,60.79041242971477,56.880034888375796,9.703577850992506,59.500977751840104,99.86539186088777,94.44689528115407,0.2670993367663299,79.53783113303597,35.36052762364859,6.365137033462743,29.598321371620806,32.17365163129623,52.32442393090568,66.10837672688547,74.9055612208408,24.590304256326668,32.177057024849695,30.83817068597352,36.27368681208765,99.96563089563388,77.79433028274258,97.4990465268697,69.31110595470572,40.62707016472843,38.97441836269749,48.85811449750451,41.68697833644374,82.83262460927457,46.50020130266929,29.561436021084596,77.48602686966518,85.44204093813946,42.042895614045136,66.7808571905532,4,数据路由异常
5.8804533888304755,52.946485197146664,4.498113774550805,2.9190840494468073,61.2924850522739,30.333538239498715,74.25371624554654,89.60825606325922,13.93911737303507,72.45228385789238,51.451999828834325,11.211925016269886,65.15926064807248,60.94668031064728,51.564186740078256,92.6471204559658,52.10796961040165,99.05151154502126,50.922881384811106,11.58520383013676,47.04712510750304,18.232876255507126,59.713348521742724,69.31321751936011,46.843527870709366,9.770296768314823,46.864139858355294,8.14542147344004,68.2125955506534,79.03682248650875,96.2380327227039,14.880210712845642,53.242033553330415,56.75373675354186,92.24765337809797,62.727664059651424,3,消息队列异常
14.550964564532109,43.63513239631892,65.47625285062504,70.02844320692974,86.30739985905736,18.050711984439715,95.15421467554984,5.913941201559226,98.3762134568902,85.77670928664085,66.02727827621713,73.49955002644217,7.269200591879644,4.147986289445238,10.176579655136553,8.735981466413778,54.73812334694351,21.544398711178914,86.02056372067265,44.57486230680722,69.5510476458275,65.28730929701598,31.985303892971007,24.316757352572903,34.24562852966352,79.66583738498375,58.627684841961845,25.353866251917534,81.78464430604302,5.4759386110306725,69.91833749902953,43.91008057493109,73.12903860658882,92.74612802434268,75.00340979469038,44.19653553113824,3,消息队列异常
15.097568151388074,80.63509758054337,46.070552692137156,7.531232345712979,71.9055397776866,29.18519659165897,4.888822950518524,90.27510149740777,48.31010920939101,28.096105317302154,71.63865578849115,88.59023776825637,0.03070750337554884,68.78521850421538,76.70116940184214,20.9927427279493,48.96238314101744,8.928589891793582,74.67498825153476,84.74560185633526,10.818665732466059,81.64602534328347,77.15701704845335,34.69133203708973,69.02895299335833,0.0048123894311746795,93.17976544659986,55.03832353083729,62.03388640619995,66.46594135390987,56.13690172183667,85.67638875394631,60.97018321515439,90.77599912404726,58.23316222340089,17.11224219805666,3,消息队列异常
91.35625558393029,68.16274983597768,69.92389944355561,98.54817505716017,7.519655420957916,42.85926070951713,23.90953929866152,63.042646471365714,80.68116837480719,96.63107088924127,45.45961069547201,78.62182306426043,91.70515920403795,68.33254325358847,24.273255244977122,60.78541511077914,96.99520478171866,98.75538288615654,64.2359823716778,88.69877578719893,20.03493638486028,24.60786049522168,95.28876128848597,13.52353754948079,19.110643809347895,42.05485991200517,58.95842877533504,60.381721896827166,29.19760086655644,92.06138979503481,91.50999076078628,39.206805305237246,43.42917694302971,70.24971168239118,66.29958963989007,38.22970149609623,4,数据路由异常
41.42442515210034,34.803894342153896,23.53850069533079,45.81383629241397,68.64341319025404,74.1966705314293,77.88736482559626,37.47320134531215,76.46359942849736,0.6516315691875274,47.70499377168822,79.39044001326909,63.00447206413533,47.40631241545077,64.46420066063492,90.69460031486639,56.63818006102074,79.97861914601062,98.07427252251976,70.55682020755667,57.332576388906354,3.7485947125340258,37.447789825458756,56.54427335151183,79.72065717060325,43.81047896475763,96.00582757647734,27.17937526236749,74.45671952103164,41.90314170841275,48.598849456590585,80.25020338654403,29.621526165170554,9.681205659514314,52.02555846134271,52.879461180374875,6,调控管理异常
79.71677722253737,96.83192062321018,5.530068632834839,59.16894737431089,68.12785303147999,98.58013507485217,94.25902142769115,71.24507647119775,52.17894112444659,16.15239222992613,38.41765552044174,58.51223250571543,72.52003965957537,63.53995574791122,71.41228018277413,42.91525045518977,72.7627290571009,14.37412560197192,16.258631176311354,16.283214582946282,89.08649570357761,7.603406330863449,80.15083727334759,23.357089804673713,46.84299404952507,91.5956595465678,58.59372296875067,21.01176862323586,28.40900603188071,92.04466238957856,42.71439251099783,58.698548300678944,45.99321966253888,37.84380880484496,22.327912693240194,68.61915004846021,3,消息队列异常
71.82420262721205,27.488509160739948,78.90108430548304,85.45352003016795,92.06750962396303,16.121241391836993,30.39236836132664,86.03533475036956,19.8540202827894,0.346845924349537,87.08273102516345,32.644944175136935,41.449752513895,44.633402572063794,84.82746006672285,33.78921445934604,89.22798858564818,61.6939138048048,52.72867240336843,32.56145071274624,24.371169628118583,62.405844277734865,44.68941600565761,91.05160099320064,49.16387161140497,51.17949167011911,41.672328113600074,78.92629969912849,42.48391981092704,26.934199974975492,86.20308742935097,59.682822136524024,59.151021976900175,61.082220716392655,71.88397482056668,31.306798931256687,5,数据校核异常
3.3844370833002846,81.05931608770096,12.890505388163742,72.18197372105442,8.231529828732874,37.53078420284921,6.302606983153824,52.22136796277246,65.31357727815751,17.143314117818832,37.16276184384021,93.02394910430536,44.238911710745676,80.25435689765567,92.71847450602091,97.43458249772866,89.83220196913693,31.740532915896914,96.2572886161193,81.2395241746047,83.71755836394877,1.517298417183477,95.42388633182937,77.80902238487407,76.79674965078999,8.152473092858624,23.256854107333126,96.2261665137899,50.06770748054763,39.785801823725606,83.99408171469138,8.734041411394433,41.69420162710593,37.57007744220836,34.985138703039276,30.769224365307313,4,数据路由异常
21.007495679007803,17.29108029905222,64.04061169196741,91.93948412086785,50.88516452498815,29.797455234664426,15.916019772222633,83.01433650525942,97.14920564732138,34.91554014678518,29.095042555212892,60.149295297494135,77.53289809534257,45.540280354966434,63.00731498609492,71.6549068023292,96.05922878561792,16.50373305200834,99.73824938253695,39.215665524122876,72.32001427265537,57.241437797299724,48.66686170088401,69.80753687315865,39.57538502235951,12.61099813368064,48.889338312123975,52.19158706823186,20.190215339993923,93.56193563286571,22.747564664629127,40.92275940840977,15.49296868447233,53.57966461869441,30.763760810008968,48.9272519976084,7,数据库异常
22.461691645820192,5.377512794871575,77.92266510822553,64.10862839596584,34.07393557110129,4.749422468232223,86.55750626971209,16.979500493567933,93.0742218281428,47.85953785959585,34.038670990848374,74.17594768909639,87.68394060751858,37.07135636457107,40.73437521701872,43.315821934719736,92.23230614786691,69.25639915143327,24.764611704565553,18.49996975019794,23.036766342481606,26.356388918551744,23.01834913340015,65.85064471923961,11.593351065750635,38.73584897079607,62.505357297036646,29.085997394293084,6.527438470165803,8.18239228459683,12.596677630468633,83.58430248681552,65.78635056049697,6.452241109764478,39.10688791514198,27.858517284706565,3,消息队列异常
57.80401116288002,52.280594967231345,48.11240233697149,31.451237037261315,13.779977204399074,74.23763828726379,87.98567688426544,94.41509092328172,5.861897061358046,73.9908711588883,72.65034594069625,94.71096141455892,25.291459449776543,74.21790382951563,5.4626288766484565,63.12457207616191,35.08478240521797,76.89094395474751,86.33042864353935,36.48210422175162,52.55860926993006,11.740406236359991,41.69069652234766,36.08003932591692,18.312345978451773,89.44786247667759,14.808783804016024,63.573935753018716,89.01426434798877,91.19685798632257,79.32396998405684,17.614113387417664,81.74314092138697,27.65648124156246,92.23980274325089,70.90866814238495,5,数据校核异常
78.52675610088865,8.503245350193723,58.27651134435444,82.11421268986795,86.15903527724993,2.8631704733641516,93.91592325551193,4.333873330247973,61.451867967484986,69.33875276153121,10.73452911679098,4.801186560919268,78.49121544507291,38.4670624797434,10.711251531512367,76.2667816387642,84.91630701436206,58.738619075880734,16.123680843464562,1.5222471491490808,70.08024813019439,55.013967482531676,65.07971417200795,81.31846701995957,43.422777699297214,12.451546883362042,93.99832853908265,54.52621272468573,61.52941190885402,93.34114295517512,93.1583656310263,57.20946067281736,29.76114247214261,99.71136340127393,68.0817089953536,40.84366768920565,6,调控管理异常
55.98368028535897,41.583405026802964,88.83051522966474,48.24993748657461,82.35283759812472,84.01762978230039,82.43323377352483,72.21886124756745,85.48777168075819,38.722957962296924,11.466320614196036,84.24542043725145,49.816841568734525,12.737603252785101,11.531252218200795,15.92423940098927,75.09732596671059,71.08566734662811,20.381868018488326,84.69234181097953,28.12947955282449,79.29855833149475,48.88059077349419,73.1548682538566,38.13876630735658,34.714059709477596,84.13595989593323,3.5302254514069653,97.47369472575073,64.81795582653734,43.24833881994421,62.80545311504252,12.27409464589828,51.40524552935476,98.50955233397977,23.526943784670685,2,采集前置异常
72.22780990363495,43.497137583170066,65.24581484879536,20.488722869177543,47.04649826176024,98.0092713859275,19.52871510160096,63.64450278487571,57.55977487667954,56.50515862904033,61.512328965161714,50.22379736882281,1.6930750257658,90.00968114631178,82.69788274840309,17.416768092112132,41.3273177378869,77.0548980693568,98.00623153872844,95.11370464417864,89.93591996761742,15.837389729913964,91.44751060090049,87.84449129510794,37.69499111663895,39.452259453626205,45.990892195516075,65.61756309664169,26.083561598301575,2.2948429439944684,14.122952459724225,44.01159075767737,28.200256942620182,76.45165610361319,10.669007054927137,91.74652255548038,6,调控管理异常
89.5327179943911,90.87568169332881,73.96099986033266,10.69999714835993,43.813757136956674,13.140537180546374,98.76991927610827,33.30384233986733,58.53305418900621,77.93930542442217,92.06160842256455,75.554772584136,67.45037787662376,46.59817820381513,60.5400133750524,9.416380885282983,88.39225419612625,54.37773088398854,4.01350504349427,91.99021256598975,48.93019738368687,86.85891415610017,85.68879542053568,81.57515874571149,6.140301929535608,24.706664542420885,87.55478724654307,89.89910560520939,45.80688623688061,44.004146765420224,17.514063388614975,96.84107886911512,21.31384753590432,19.093678435076555,66.07289701491743,24.284430300044768,7,数据库异常
93.87716110143897,1.090699531779482,0.5753262323301311,50.487680143559956,48.8062459913472,16.33640219009105,49.451956297028445,41.16611051699864,89.03295253423687,0.9253920216963474,97.62698050329523,62.43927642958425,15.184344564527564,4.676001381116624,53.81056585592319,23.48901659718201,30.116553700125927,24.513216483451362,65.01723135725108,55.352896211613356,7.79744235218115,52.65265331751754,79.11897655632998,8.119459082032431,88.97389762304199,57.83066494477291,95.06244692703166,14.814121772237565,99.35649993533153,64.42728659696768,56.749419948106286,51.52796241120854,2.3654373098312753,93.96391915495781,64.39944728541982,9.162648449929122,3,消息队列异常
2.0952170294524897,5.078363923675133,60.93957634322407,61.40154148945852,49.96672917814411,30.676582065295154,53.174273161464136,51.63018208762578,1.9415559876565625,28.246923032749805,5.318534146714948,90.01547514476555,72.52231627851354,99.61151701929123,30.21712633052879,87.84858477569102,60.305426793248174,45.31254069036049,22.25731112886351,73.83921652861429,90.41407489043,23.530839807537074,17.539033497361256,69.6221915004867,97.69731627255192,74.9955101104078,28.45807390476489,41.99554241477856,38.43176354583717,85.20950180470454,77.13707788722239,58.897543476152016,27.495911039690323,93.79885277220562,65.33152247691466,97.04766464417824,7,数据库异常
58.011703304203074,82.11927583636141,81.31053793945267,33.732877683359206,96.40207229572282,2.194146759756399,76.87109087674142,96.55570857640438,33.890820328372286,64.8110587790972,56.22232498442106,76.15073096765236,86.61779216450523,60.304456929954796,81.59045863814569,31.228557588925522,22.85870587048169,43.06676895328402,67.77365995807833,18.72469489387236,68.03521921518914,39.40936485720673,79.5575273892632,3.6835817103303303,66.79826378293944,64.98223366499677,94.09354761253144,71.33675535640704,79.63018964232812,90.45910158531683,67.50519182919878,29.01536349599746,86.9773799583522,74.7578119475975,42.443760400089346,71.05291726499621,4,数据路由异常
86.7688877181142,97.56521313912715,95.23515039590553,32.53278267641415,42.16937137181817,10.953660497737127,24.7544287018046,88.24212084869502,36.0849926279359,62.05526585948811,66.59656183070332,78.1829275143312,18.280003024563097,30.48131346144355,44.83363414581806,36.48410612382735,98.29052328596897,83.49408032137124,47.9686754620486,87.9268626086468,34.76529475832968,78.58283238902646,22.367559810645364,77.2322045226366,45.64534031957284,10.749932099224235,27.32624545555823,40.227462402356466,74.92929116644372,7.298271473095086,65.95469950926396,71.60136409328436,65.39213699257515,76.06696381675556,17.81686160228383,58.710335506303736,1,通信前置异常
94.11449472038798,61.07842698045377,61.1336346952953,73.64396421132689,33.3204232125859,70.04759013215406,91.6233833313215,1.0895473025342994,87.01130411088653,21.86183312588591,45.59232737003752,85.2347800952638,82.3912127456629,89.19274781260559,94.0416792632526,44.71569567717586,65.63638108010069,39.04784405261067,35.071671749216584,43.15954105976695,74.3076134782676,50.14407471415529,81.4059674448342,74.52184771961558,2.0478461124399328,63.02381571061616,43.65711233085911,45.662898915114155,81.83730538698947,54.760798608467674,88.56218234589471,71.28055923916904,55.28400087640528,75.45379761511037,3.83490509254073,2.7083654828207737,3,消息队列异常
8.334932692085207,43.756532514714266,23.545014562694313,98.42612944157845,54.22901390113669,66.24157460811585,27.882013624669668,32.17969085876088,33.54619141411559,69.87357051503005,47.37062076893085,51.768365253007445,59.20029821593453,76.8811656238217,9.036974851247814,77.68739122188217,56.32350688751798,66.90954448552571,32.7551764840762,40.93868368164492,23.116581965392026,97.92999974174053,49.700297251031664,99.60769157965979,48.978597806126636,21.975126438406733,50.745239673685674,3.95955717990778,90.47698014219513,81.85502511944411,72.58205206942847,60.982671544246,57.983423367036316,99.67282140794629,27.799743401993794,77.96843653655779,1,通信前置异常
58.14047702136575,97.58805437588852,82.78031832982523,99.85251129895927,58.83249944624463,20.454395754493504,50.36870356947338,71.11111340505745,77.4360386181588,0.05099890159435683,50.5027088502294,23.523457997064657,87.49118332547884,15.290544405022855,66.64562495748334,26.606219032492483,35.654214321427226,94.05592607568448,24.044812540807946,9.500276182293065,6.928490144422583,50.461511009946214,64.17114822842879,32.72936435708872,69.02597417930808,6.103371857323781,85.73346449228768,81.65672097392378,98.54962713920857,93.65049809018454,35.61971639189281,39.92753840155772,74.59648474782595,13.40827719549832,31.401471024483484,11.854093697564828,5,数据校核异常
45.48864490728314,55.200427988531764,21.11604699627524,2.6631686914105,71.93558317505232,2.000516442616851,97.34026089283562,22.160725674239544,66.3900092116291,43.475172623998915,5.96738603371072,47.218360663446745,51.676063429679964,85.46832080928685,73.23490696478979,7.9302474753386365,20.916268343226506,31.18876842149477,11.640768646481947,45.68990709144906,98.43091908625355,51.46127912377616,74.18821683231694,68.29377976993462,84.9911435092138,21.572349046560944,75.38262616930282,88.13552403057496,17.150982298024275,34.680221978800375,97.01017643315615,78.07878459797925,28.259083253753236,56.3941769644487,40.43261228494788,48.99651763271299,2,采集前置异常
35.51661913907085,27.93310185303406,67.47630413914187,77.85418150861176,87.39571227473448,15.532996731818805,82.28555236452407,25.480082447706355,42.733638991005066,90.14436858492466,45.4503600982602,19.70635340443162,15.98686552371178,47.29837666521338,76.26724239765541,99.72051439743012,78.74086284309018,87.70119589428535,74.7832360934888,89.5435100756106,7.629354331391324,92.99315989816455,39.64061537256561,92.16142232804447,7.573283745947556,71.52429571211358,73.56887486702045,99.69108892977727,76.88552706898138,38.257370581560664,55.724855161854535,36.655093816659026,19.601864530485813,24.850232750227352,22.201053427432093,54.88153301632129,0,正常
90.61606345318933,91.27266260883977,5.47637775258255,7.989940095189352,24.51190571723435,25.50594524694749,9.48891752392511,38.84633411734405,58.77253926912872,57.81622005994637,54.34296812585927,33.86719248874972,70.64556853165807,82.64839409810713,34.62742664774085,8.553535929946198,29.633025109185652,13.736865457490277,46.735872722718085,15.593515131607827,46.28447576579773,22.100289232464775,73.8731105462403,2.7568240835845637,55.47463038319256,16.94882749200567,0.09918644696270684,86.92000880648071,67.15277878140677,9.89428220505234,66.40723676838556,61.16473327375985,47.335668704320334,41.9258098425614,88.7069762915735,24.514801989745127,7,数据库异常
39.83100570133833,32.91154128948273,77.12010290366335,91.64653062325394,84.97816987402305,79.77039302997684,98.6789945570083,69.71445504103852,75.10537912135338,98.2802539705019,0.6990785399174082,63.404837643636505,73.89715319532895,91.7827053757195,88.38443041843428,84.19606812337943,94.57912719417038,53.73791879137075,0.6920095584826758,1.1054398697009526,54.46390556178581,43.527223886394125,45.12450533654485,40.0404737210037,91.77258090912358,35.917035116978994,85.62269417630833,90.28647937916409,49.950176999895476,44.69380373650883,76.10206042154468,70.79715076398824,32.853511659620594,10.254812592464656,26.485240018248035,13.102850581229896,6,调控管理异常
29.473227577669135,26.182156558079907,63.77114238867135,95.44960284547797,68.57437323304836,92.66494080645697,78.41322586084434,72.78776220711732,41.406194021334144,32.47945028633686,84.62773724729192,90.53932329290053,45.1882493650932,0.9063098186644414,79.25310589064705,28.506884047229164,0.9887865016920738,80.4988558976122,51.74141888168982,68.52107463384691,91.46898211444775,54.11738301381054,50.31940725789658,29.06621213482635,30.519383443995263,79.65420660296458,44.9029245585937,16.35262086081204,9.45287640004956,47.292011686177936,46.49550236177304,65.3458278205396,47.10674777451407,14.347570413421472,50.78028847985136,90.67894038860251,2,采集前置异常
15.944141162021241,68.9754640977749,59.385926496552656,74.85857267118027,15.060027342759275,94.16053369059945,62.09664277671586,84.70711376911369,24.66067636802356,73.94128893979615,78.10307043339189,39.743527238707564,38.395345288342206,65.77962650257493,9.340768176021596,73.5624150217509,4.288675983941093,19.0590301120826,66.41437572413672,9.832366709196382,97.184209147679,86.83962094619007,62.63023324067365,81.90574556693498,88.75800485895678,25.947564957181847,84.94115879493195,19.47937836376018,41.334226414881535,55.82596312485993,71.38909630740325,3.014131772252804,29.050941277818897,60.85190982103903,35.736867914911876,77.50250556294934,3,消息队列异常
65.16521611507162,23.44014537237358,14.592897959233309,62.90469935870504,45.04673277047577,16.89570411013186,32.63742053183773,30.30467483185866,10.81319723393751,54.690901926522805,76.36486339125541,57.5466888852987,82.62913649373523,12.756854721543132,43.56118578222239,60.94151036580991,67.60015609419074,69.5786306423427,72.89654270978811,65.14298121960167,9.422808894086765,69.53056776022964,72.47826567743876,99.34799343336272,69.3362436701126,68.6830395751549,51.4813290181972,86.7922908585114,99.68347619611583,77.9044870197432,61.25003778578084,7.8954826931568185,72.67391317296276,70.85615685819504,77.55681478094317,12.455538839948932,1,通信前置异常
65.37325001261435,29.57239049516747,76.02712434028336,24.037395403146622,68.39786768204107,29.49929469839797,0.8994292817431138,63.33579119730955,11.326908315892236,65.9291472788214,92.56094483569375,96.92459342110902,23.592308732761257,80.92532276506549,35.35532768724403,90.04570727479823,78.74895686293738,7.392171664576363,40.71369938772773,33.731782600967406,78.51810207232771,41.02857106531591,68.45883976530838,60.243525559044045,97.56387190976338,93.77849568016148,42.76995147387187,72.35782116411494,82.94600939812217,89.88857538621453,6.813426377648368,30.20787992734968,32.02300409685218,43.44459512198786,16.9264750715419,49.62058799500081,6,调控管理异常
66.32143272984561,49.73639202167177,66.57930951976158,6.644163181790031,87.59873317074103,93.90691921010685,61.79074241186486,88.1390998636897,13.144601664821243,79.74489200763102,11.914819347259398,40.80102314975367,32.3818534558275,58.559182522045425,30.151453523953354,63.73136296671327,36.738728915195786,86.07903810304644,63.38838402196115,21.529829732144613,33.6129422028087,84.74208876266557,38.64797499874585,53.57990655656452,64.89419359523328,34.780964958591674,29.39786307580683,47.52549026080286,21.488097209278912,28.421058691906342,6.2078484032036085,30.397027597100546,32.07040933635693,96.18331662913197,58.97288254658801,78.73824254158056,1,通信前置异常
4.537725278032245,10.653669360837192,81.45369608625923,62.35495494176357,19.098203054020292,40.479540586173826,53.86724999816228,84.36098291374418,6.041199169449419,59.67222893673624,71.7035921586684,97.78918579104594,80.71600782921844,27.622731356527343,70.95791938782651,76.3277884926977,72.97354999183952,82.014406795187,90.37299762136377,9.842986898934026,10.476385768111884,79.6399988770646,25.237247652147087,5.854142195007794,40.12291809806058,81.98769118260782,12.656502381398038,67.18419718044674,0.36158617715676966,10.973744721244994,35.085034576848685,8.360228102441402,84.5901667437113,86.40705031454688,75.55707030995242,24.247963139561747,4,数据路由异常
52.32470752399798,18.41885255233714,28.12784500731108,51.60052921737911,73.50138084607978,9.465438039363915,29.669669762808613,92.66213485719223,42.912331778188815,93.88696739093145,99.14005415521356,52.665982611141594,28.804400978485056,79.0776808572579,15.931073552501495,25.204685967207052,78.48799094992822,43.36459247320299,20.153793698766677,65.11257449523245,73.27618613816828,12.507123945056907,27.698025997493414,22.127675537223325,37.985462876245215,76.34448955760644,71.37081022743243,66.25239103837039,0.6285545868591202,14.214331338038944,22.329754910206677,27.19558460388496,14.64265416489,41.031555147388964,7.518058501402591,75.00221903877808,1,通信前置异常
78.7720787296105,57.42666896008981,8.970487704196783,89.0083169546758,96.56358287081144,20.236356032178936,70.46398194407197,84.19386306424857,53.98435225427023,32.33230995267489,47.855871508035264,51.2268750784452,40.06370441880279,92.98424936337062,74.3883110942502,24.130164225496397,58.55571873198685,68.86891509311674,14.015642170213027,35.842574238014876,90.5548281603916,56.71731001852015,21.699774606031685,12.278479811915076,51.822689347487774,54.76857230291441,33.44144513546124,63.041602841911846,6.868468621938872,14.513969326614063,54.62738210112592,6.181569384445396,88.09087649911007,14.21463704565168,67.39198740845364,39.120344171442525,4,数据路由异常
39.978774754224844,76.48895286111438,49.946213417291396,72.56554636438663,50.51912287527692,59.29053414052634,76.07146278696642,60.73087429212754,61.56151093887886,78.92195914275945,94.90868158193733,37.67161539353368,57.71171572259512,8.62731577335456,35.880388056886694,41.2049225889386,83.5237316824051,51.33924021256768,73.10663732984578,1.9007400025671362,46.44926696283156,90.13176651635843,22.43139093057851,3.1522185307112927,43.34087337134764,70.44318206475954,45.44635068414695,45.997831351126585,66.98050412383195,25.4388808283049,75.18897916419775,15.311353090573343,39.57506052859877,65.6008108470918,82.83690072301977,79.15310711650552,5,数据校核异常
72.16855993076979,35.9096383536391,12.230431629372385,21.68342176929906,86.4833814576485,85.73313701326595,95.15608525390158,7.598865189554161,53.68090852774561,64.86830449042336,71.06573770668567,64.38632350104302,77.0011389902282,35.94715762893416,17.943277213548214,20.458337215043855,1.1978689470164339,35.03218721062223,9.174405087997728,32.14886927901909,62.82100771662478,89.44780555868199,83.96054509905164,25.267421195757688,13.408314219804696,19.30722737967313,97.09866519036069,54.94744796854908,18.250222300057484,84.07461546868151,39.51912443125549,89.92221519747274,26.06771268344865,39.322175880423615,50.494776279008455,89.26153340890316,6,调控管理异常
86.87574316050558,57.43550703038779,22.177550978089066,40.33569717378751,97.56330653655054,60.777322387740206,78.10977551241966,44.98646953614197,53.20072754668064,42.895411223254406,70.2920998061968,85.14710138868774,50.73635432245636,48.08674586362257,34.02864670983969,17.709669429408383,93.92477228751088,31.607971867950504,80.06914635742855,71.53470212874741,79.09176002781291,93.67681333721023,62.33707602208972,89.79503433820446,16.769732291229367,62.67125759567877,77.22756129146127,27.164113074417408,74.0753801291965,77.84768291162368,83.11879560164448,31.288291259593283,68.16065901683092,30.42532834097621,73.90403874984554,46.29736651457122,6,调控管理异常
59.754437452722,41.58399814305689,16.19829269298243,17.802952960536366,7.7568907262134505,61.80726797216618,84.86383979530594,2.0836826262080943,6.62395020883535,45.746699230291036,73.77207361681893,15.77076447119513,27.165131954919385,23.200620128180717,39.90512186711541,22.499867701757115,35.2598678544753,72.85425986619441,61.100924845418916,8.11817053916929,63.77456662457177,47.707717155921344,93.45655747071388,28.930431710405323,72.616641969916,73.086082304457,22.150078100918734,90.32236249709361,49.118320042960306,67.88833668893024,14.585555888350454,25.780391699196926,58.61071179372228,31.90272683733495,49.96929185709734,37.40051993732892,0,正常
64.0553796644048,48.714536278080885,0.46099359731681666,64.9680837945384,42.212155705018176,34.169834049022285,9.414675228322356,22.03696905664915,22.377229158085342,93.53694994047291,43.251297474654685,4.206584721517004,13.881668224332088,7.903267573291206,58.88693902072113,18.662149156682673,49.855764028177596,37.00620628699755,80.38763771441994,32.04896372653623,45.82654823968083,72.12855485978258,43.335120693063935,79.32155360131891,66.16843562366648,41.0529113946716,50.39819256863627,96.72034558421934,66.16114965083923,90.49952259723248,17.875850347106436,48.32361562451519,90.86616698450506,32.26120614414177,96.76641981464208,9.707749047365743,3,消息队列异常
90.26711702750369,44.52121220658587,7.374416514116067,87.95215925860875,25.194021240911347,2.2250125495225204,13.580710556919229,65.91147418997616,97.78114891381948,11.14621395835168,46.1948048124762,18.06365509475325,74.50365341015922,11.805889976181415,23.98417484808896,19.640596764907137,55.25197803669779,87.31840920006323,51.109020115641854,5.824345277147125,56.33889305968312,79.75209993180094,13.215619730432271,7.271121434459172,18.780777755756905,74.60863228216274,59.16804195320016,54.059465396174886,24.947989463176835,33.22365952468594,96.58850129433422,24.06252267293857,90.16454232550885,58.05315044577366,12.32964663712478,46.7312378155068,4,数据路由异常
94.85487173608759,41.85655981373586,86.33865647893623,25.64286946517077,57.0922151800373,84.38520582019737,92.06884411696954,48.58233671513007,63.968810214542906,0.29801307823309475,25.32233075133896,27.871210374694577,9.34930116544308,27.969501335697665,32.112203305813914,96.87660395681932,66.86023805608376,42.600507941634426,98.80544606955092,15.32323202346112,47.605119393048454,64.70622070490494,5.558063448407702,71.69988580831188,9.98673529219899,14.028230859967694,15.968951246208407,92.88898266555178,68.32355451381677,65.54275011031041,55.549349646499216,29.280599869510283,62.08897045993515,41.01497198886398,14.541615009261488,68.95972903277331,0,正常
12.958216792992271,19.066858102117322,81.7699311847606,66.0117096125154,63.09911542136424,41.82027843427241,39.62805182393711,69.02626091854012,74.00055386090457,51.02132023643106,96.92692443485262,95.56995589188719,41.24294900127586,82.06222542831536,54.32678415984154,51.17558875571745,5.4964061378651845,57.397471046831015,90.05779305631646,78.0133849195092,78.63171446992621,15.992903857633923,35.84494471335636,23.320491665023578,31.591528245563595,57.95393434937254,36.47838133702479,56.06978174642661,43.850124827457705,28.661555844972764,9.540343420515862,89.18384573447827,1.1373366004648666,0.16524881419711646,82.6797739763546,99.681094032579,1,通信前置异常
72.71028277136563,1.5273838062884737,22.669022666851333,97.18227002619612,80.86042521738348,56.679984380471105,23.686070944035897,1.437020592674898,2.0861472637409006,61.19808635302266,2.183187635242312,99.36301419253726,18.33838334937381,71.07073618692773,15.505972141241342,54.00934210977145,8.061128846621756,76.67784245332432,58.492109472482966,8.616669340141502,84.85861892000055,54.7018614776702,92.1592310013318,91.66233736781126,92.05077894865823,7.778520020046797,12.095776175452343,98.7705809716198,48.7600821398706,23.821405282914764,76.9664488498658,26.4285221212482,72.72156880186424,83.72857778497611,78.42633772952806,27.40478081979354,1,通信前置异常
40.161857407923705,41.32510032332763,49.12729181044718,16.737285154013605,45.24700504143424,51.07829905154797,53.17089965810524,81.99004299844582,51.73344984794952,23.078392251367518,66.31287382441872,79.73141440866252,31.937166643826174,64.53059290176051,14.693799594601265,34.1926304578064,90.92239295496341,91.13081631625708,57.53245787430637,70.23514608651067,85.40154152059414,95.85531853126267,48.98864402897695,56.15757366260343,41.56415666478303,7.198193705642875,42.280347244881845,79.06273393830772,80.48854979915286,89.23771145932997,5.146670517596908,52.71545895806339,10.742448793707627,20.07421831657433,90.02165023806064,49.67912584296958,0,正常
75.85449208966136,6.438410592868083,41.6826503924852,67.42402806643378,13.34064812782133,32.581787910568316,6.454780502388324,65.13399408695105,97.08912590581185,82.70454911428297,97.46231168075656,84.56047950983965,85.51958061969786,57.71771953713426,51.82523114132099,40.625426642782756,81.809489504588,18.20676122780246,5.62249158241932,94.7893822684675,0.3778185203477058,97.68293218758518,72.88533698737658,32.84989196978276,69.78198430863102,81.78751571851274,24.53620559864359,77.08956832795819,80.43696250082402,24.93546301253454,4.192635437798353,20.412228455809768,20.064640888939444,6.524045417548319,72.60073846551958,37.99749244584082,6,调控管理异常
88.43861674538583,25.217110566518596,45.32321650999273,63.90174289267628,87.7464949671778,52.46211016193748,37.35246278123828,86.70150784720089,31.024642468761055,7.942369963257645,44.504210751024,78.5093306497992,3.0780831753523086,58.58822449895921,59.44640485272361,92.85417634273816,28.64648171450218,27.88366132106962,44.04836513396781,35.69149014715152,73.63458626893268,64.17520771315496,75.89210379062663,82.00417911986891,92.29811327341477,43.09367317846476,98.46973894715495,21.566081340365272,71.43651619473286,53.40093173071892,81.69005946848834,47.6770520606426,78.39386353624313,93.0168714647678,73.22942661400873,77.60942862183244,1,通信前置异常
6.717543126585612,20.495766223228063,97.43037405035938,69.31870037873944,56.14490173110046,36.697637339645006,4.438900120691791,36.9135907964135,49.89128732895759,21.145950938688674,17.313679127383253,50.84165513575169,58.59042356275439,23.991791885452486,58.73894744562131,90.0339963874295,47.31732580213538,85.73901695871814,92.72714445333185,9.23940289370857,9.581157965679699,47.604418288760144,58.810244431770265,42.588346446502925,32.645077041750305,64.09941161261558,0.2081512349920267,96.80732808637424,23.207908818802213,91.7098768583007,10.9014744534506,23.808718204457257,23.48737010875004,99.61529042006461,0.46005457258844196,63.96382093034958,7,数据库异常
86.96865810608529,67.22736540247367,36.273381821694414,95.83093627029349,89.3520754589041,43.39549202495178,57.33284926111635,96.75191878052406,98.25603619264702,44.982327571795224,84.73500281430886,30.198022695393632,37.18128729306647,16.482188299022628,20.91845927767303,65.6873302259359,51.07816180070809,23.11318606256029,40.29096163616526,37.31834598636817,98.73602045353343,85.35658372113794,38.79663333838243,91.39165788960331,34.26353916281711,66.79015127348595,96.66499966821125,39.02788639885523,67.98849651049338,29.59238110626332,26.631231559797463,57.41566664315519,97.92645980332182,45.313384872017,93.76369703165807,91.43635202447616,5,数据校核异常
25.376261234499474,40.18194070843274,64.33024784941831,51.80458844113917,9.595852986317432,99.36980301271583,75.265400121128,43.769403822471176,61.81685496662913,8.757281726623011,49.530165368961,93.08324158174878,89.66009580549783,33.73808454831456,53.136786382133884,69.73835240876468,34.000926690790536,6.487921809393848,50.54416567178047,60.16357358233364,0.5841600121510249,9.557537353853062,20.72906435941523,34.80522869909342,54.10512228305804,29.38429187596653,27.618381440650374,86.93493438130818,14.505064080142628,49.546013317236024,95.2824716936136,62.501324911604584,71.72054798944384,43.12369913906071,1.9932167119719568,64.61303683672054,5,数据校核异常
63.1924281428124,11.04276364633331,46.21597136246315,91.53289446656504,20.508483197197513,46.10987546341103,46.11031852005204,81.07614681476385,82.45758703294446,75.92694196633919,36.54541591882737,7.203692501852011,34.94829772240141,67.97912012713397,70.27465744890765,96.5000209476719,45.36412314437085,63.243558294029036,53.91908707225317,15.061856011323737,46.1202472132136,54.48351546889943,95.07496060422585,36.653905440895606,98.00991031079778,54.23000740240844,24.246924330305752,19.16643870158078,14.169491726023175,45.293287057345296,2.192642978892323,44.50452833148654,98.84046921559462,67.01067957222666,75.97861212004047,11.900539071826255,7,数据库异常
47.31008614900908,28.62231010257139,89.40975279890293,18.12924720139125,45.873332713674195,58.80477183456377,51.40410915785326,83.02435279704073,23.14531713196404,37.739111042369125,79.20842965739526,52.807141173680485,40.21173856479573,2.9442514744831505,75.33854240156094,97.21820779667603,62.028700948851004,85.65412206887946,51.68757431949261,23.168096542336457,1.444210423514547,65.33982675899892,49.31088482482446,78.20981470876015,69.46824174353046,98.79523682065647,51.03125834120398,42.717478967300934,28.673968943929495,47.68612917912745,87.2871478122922,4.243972579174127,97.79000472861887,99.3307194307798,59.78213785879017,33.15442036954014,0,正常
22.30489683220238,27.649039568487876,5.010542650497185,47.511095848335884,5.732427086440584,71.84742147759252,37.192945553285405,19.93647317471632,54.485355783603836,97.37593072430137,69.51310490184183,49.17468501041602,77.69142992545063,73.74764718989887,89.17354610577937,20.466894759394748,85.88775762587319,30.102608704169885,94.09989278250971,28.106514894673516,92.68485431626762,96.379071446408,14.549135745701424,97.4499883262783,8.572296842928228,21.856778661252196,44.41687808728045,99.35973657117101,48.85630511653793,55.040944317848584,69.44249495236485,96.82935582729513,78.33514001242445,22.415400442369858,30.299093066435468,9.76282396085244,7,数据库异常
64.44523641647399,18.074030653922158,25.74048884793657,88.8113655180377,32.67556753320152,56.664671835416705,39.7566008789177,7.403128740591358,36.28638298967051,40.806820303593085,89.57011019115183,32.445065364633955,37.92411197620679,78.28967686723345,75.8956651211598,79.82852766484908,95.3770740076004,79.55574983947842,40.76082032178909,82.15085168980919,50.86746320899383,27.77140325185653,30.29170681310124,22.384238856339834,14.499295781975341,18.449041185365033,6.3178049953819375,88.84508649323864,93.10078096491232,58.67703924938955,84.0489556608685,18.357110265314713,90.16738252269852,50.63615596305083,6.7164992605555085,14.13127444941602,4,数据路由异常
30.897646078681717,4.3557580354751435,30.92933780174436,5.9930433118891795,23.60276051928252,26.56697558564416,99.43689763667939,23.554667376366446,23.918644893858033,68.6788968358385,85.93574785164519,38.705541260208655,87.56180199406924,34.01420207477571,19.701587961501932,32.96388243277235,60.93563739279924,36.71431593120737,67.28938039892888,23.69358794224824,70.09928939891488,34.74383632484667,45.58683716019345,55.77451404428959,68.62250031859936,23.87136918487337,83.59455374108104,72.18427497552398,23.409791902399945,97.49745626029103,66.47969910304585,45.24268864667056,15.752732555351635,53.32210023081314,16.47758868271182,42.949167869784375,4,数据路由异常
40.87125227395189,71.99396443474602,19.238318122424978,82.18713548708459,32.61323270161658,44.39886269687751,77.23409755538425,62.53923997135148,30.802535180193736,38.6202924545881,30.578681398961017,59.477016727715714,33.262453320683974,72.56976947831409,57.97871585837261,14.5706611747509,31.02686186798824,22.144744191015576,39.031321255148534,51.59840862093631,50.67628572841099,75.4523676563289,18.917186360170934,94.64728292974468,34.28451068821686,30.024884691613853,68.51785781802198,80.55166286830625,37.84717648136534,74.6846974893977,88.37359561360547,76.68036652069574,3.419648557083299,82.73689113661882,77.44809584543674,66.9290238153186,0,正常
76.00224190879035,97.94253958319389,43.111288781834965,6.722323495459781,46.08899696277167,4.643365539104794,29.425040808846113,58.6879791796759,30.96228929261563,68.53952459095386,82.19863276857211,42.043917927953686,90.01379512930036,7.983893135040021,84.01131642004498,82.85731454392989,32.19938963267649,29.871518712461498,30.509498115351263,81.1393712344411,83.16534876101952,32.97224588276676,59.25903474444618,13.89332294404545,46.87787382810221,99.87928508555383,15.883914770624685,94.7562639960059,82.42547219650078,97.22146509462699,17.9578760610533,21.351849044336426,1.6867181734858683,72.47018129156055,64.40946934361857,17.80654383247321,7,数据库异常
79.1144965542072,29.91955061317254,13.499556933063516,42.25626650193482,9.096984842685607,26.324365627324664,37.13333584273462,85.18641745141498,79.25487412932213,44.275428575061824,72.45750577523876,56.8649636179005,34.08418550780681,72.58743434952848,68.3499154466378,61.909444219360196,61.795552104325054,68.29819923269767,38.45455126425382,86.90758150677024,16.23078454964608,88.3885463239154,34.22818430319944,12.503161560862253,60.00274026791299,37.598666907040524,81.54997271035192,43.078546852876734,66.85625255621098,30.825798950482554,20.94523750253401,38.804903094882384,60.68078346024335,65.69467392113518,57.820666529801834,98.80557186241089,4,数据路由异常
69.10901864951653,93.15196275969177,11.793319489517451,6.137292981347886,31.099470201195366,13.658893837642394,52.58685282282677,51.898125352327874,57.50471664439502,74.52278808310727,97.13297002123198,87.82586914391464,11.83672395755816,33.851368877065724,25.58230250480419,17.68173577797928,54.47248766557845,55.32644020327305,22.72448278880613,71.18972503066855,73.29142991695052,2.0979994833933313,39.57577037223166,89.0140641201621,52.03186082438383,34.76278014389943,25.36761515951301,24.33545199182823,9.976803385080634,81.72264190930922,8.665740539417122,29.22947658618158,4.56757385663532,78.13865697237004,3.928368222679046,30.83011038682084,6,调控管理异常
57.329737008666406,40.95613602934438,28.227106724910044,27.518907242754164,79.77903060062494,97.3978095087245,34.80410704487934,3.9145513609016525,3.656577790910842,75.92134152107181,55.236982160912696,78.35926574173304,69.74970102885749,90.75063492653965,88.58242910466235,78.83273956211774,47.518916004214375,30.812640760385246,50.702678744463995,50.207160731982356,61.027554888933764,18.60975677829041,65.56198804449888,45.66009242058158,62.02048319408592,23.960482291954566,43.4394893877355,21.020121445252027,87.53051567568016,48.79610450415376,22.498141557381214,4.120869574154629,67.57386646535419,21.464471398975572,98.95821923187783,53.37003734151716,7,数据库异常
28.89769962480321,65.76774337926304,27.521992343808556,82.02742939097465,30.82360509299419,98.82477323959093,60.51447854452936,84.44111489426633,7.281546957842222,34.82994173861882,73.74870861661496,65.50590173405827,19.424312143375776,35.620293050970986,26.344340748754092,61.3370169761843,34.4568229458775,30.905424200034982,20.73779804363417,40.902712091464835,19.550259019655357,96.25695873776323,15.45018114953034,91.33047149587763,42.8473098156582,37.78659915617221,23.131980090484884,63.57563343675191,68.55280150108364,46.757096225241746,5.570689569342413,91.85101506885499,98.0329132876381,43.1043415211835,61.366080740932716,45.02986262437467,6,调控管理异常
32.18796508861206,7.731879285780763,45.60677303972989,81.83845563594515,1.7031461088003574,58.21076831802223,88.07721087266889,21.7549430014358,18.32558646890622,77.22766257019431,25.50864311192933,19.198426756064848,37.79892505692351,39.2502012270218,87.4101063016566,61.84434719336769,40.59614563395893,53.43879642857669,95.39652333252742,11.321467660989537,20.771552172469143,96.25287065865552,95.73248485272042,17.716542126477265,14.510881712529821,42.10851343386198,4.971829248796911,65.49035322851401,7.749602166174219,5.802962709428073,48.518693620884925,95.77866361101015,42.679593606315954,35.64811586605511,99.79567155022859,53.196896077918346,4,数据路由异常
37.524140689024854,38.586081334160184,19.495949603351047,51.222305744753896,43.88550281680058,27.07952963474134,16.054008660175977,31.123886866755367,50.86833276877293,5.833327228480167,15.374402858395598,94.76572669690954,54.285535103133896,6.344930366003787,69.3087758769573,6.180287007903473,73.8874227046373,74.99627217200269,65.10789757492526,73.22045446193496,8.796578101305775,72.67805523552676,13.668831972388295,33.950590727184384,94.27452535006329,50.287547765914006,96.74264320830139,8.892245888673756,47.755659956318006,6.240232027687065,63.02102623992848,7.870700136851639,17.53678025403773,25.883031006928046,74.87438516644832,16.396211881807478,5,数据校核异常
84.66320532930678,13.190393883080088,3.5244449070156336,39.504541896966785,97.94416419712951,11.034222778877723,10.171844403962904,75.11665107956239,31.21616939935653,71.7281617225717,20.001058944336336,46.00719941981629,26.52898777489179,45.15282148790869,76.90970925853038,76.20099404776617,51.57722876737236,92.8371843721051,26.3784102448274,24.03113511192331,61.38064011754337,62.129703421678904,4.654003956497399,60.77777123868976,37.443615734901435,74.74425253205591,80.81056645452729,55.21538195470366,0.17050315022650864,63.63658101666421,74.88812796659343,24.898326623151423,46.46460011407888,96.57266234117883,29.811555339410344,22.31532510417408,4,数据路由异常
21.085479047801016,55.88008343539963,94.97871013080065,60.86901292003547,30.332312023765994,63.856977806745405,62.48422975977874,59.692513572965424,15.9426206888302,63.45667993449942,43.016445251449966,1.859205862303337,53.976448714749516,98.92667452184176,34.97395908439835,96.55592183186582,9.620574166259455,73.24501158673063,11.432999466283533,27.357157355527416,57.08408353221244,59.27796939767489,77.52113172341713,61.53114072274393,59.361470438056074,91.23530869891383,45.21607522091572,22.526577869505505,16.178858502363024,39.999459680949975,71.27527551936957,4.25434849299009,12.905338650940612,10.611346010363942,58.52501530514588,24.286465053126626,6,调控管理异常
16.62594283013965,59.27707197430223,76.13099154523792,33.21549164526644,57.820460567659616,9.81244131994602,93.519103045757,33.68961853147729,99.75056931735013,97.8587755849782,77.88234493358115,2.0067095406966717,54.34749203843633,8.68364204400115,89.51380259615162,78.96362526474029,97.2340376595683,60.83829531497954,52.2172804484338,51.89738559443876,38.64483744543449,46.869006722914094,63.54125831353503,93.29476075562772,59.588433825603104,85.71159423173673,86.27799113025006,51.88326758482592,34.746964149762164,63.9573873332081,44.58773419148427,8.14408673219329,37.78091004324337,99.4072138049325,4.851187002628721,69.66669119009266,2,采集前置异常
84.11887050712471,64.87259034753788,56.974823116329,70.75544169787575,42.93427372996557,9.136173730887675,96.23717543033817,43.230076998419605,66.53892371680176,53.13104368892952,5.4673071977554555,95.27466009925385,79.25372261143234,14.909789446939492,98.16488762882668,73.69013721717079,47.232165042830886,61.137005655957324,10.673668201459751,56.0411510015611,7.36610720170594,54.485525711930194,55.26956887627854,87.44387851607439,72.5057500272294,24.955239221512006,88.84261421878568,57.32426648480058,60.637947857403375,16.898136922217834,85.7773595969114,93.0965115016544,77.49906494949082,94.07524526450062,30.229990412234585,86.11191683627712,3,消息队列异常
48.88931428637425,16.391720294358493,66.88005990334011,68.41202707058788,28.692451375669016,2.749333162757006,19.984725908556335,39.977754767388674,16.756291105986854,19.40299482396042,39.139066438226955,96.17866143085604,76.42435154076483,31.97484012265641,95.16040689185482,64.56467922587326,45.544964464014015,46.83001989551471,41.07444678353919,23.299205254593968,38.66321922137057,52.78963840433926,52.8027350730221,76.1736902212518,35.87978571573526,71.67980293039524,57.80918387686847,96.18454045268344,38.52849260339827,90.12164642607902,82.06425472982895,63.76642845894569,65.45144667421172,8.464993460641068,95.02246055934323,10.693606349574392,1,通信前置异常
56.32333087435071,33.00708004491545,42.98519782898518,61.018301083681706,90.88513778823216,45.75671235723014,98.77295553064411,59.28120653514998,16.055394264217448,19.00092948312523,71.61110355892511,5.0397794243381755,48.034157622222686,14.82191098035166,43.3218635177845,74.99174220717195,45.881292824143415,16.345110898092695,25.19253703566424,36.75395886521824,6.956118348641471,58.43376360811219,60.75337912780502,6.215192713256745,40.2311321174162,41.40006828847249,33.38195685526012,55.77397403311119,34.595749006011175,41.640927947780604,79.75235474416056,16.210935543020145,61.91146953034209,50.55944016908456,30.507163747934907,72.75346564904108,7,数据库异常
55.1188359541148,47.73615269606953,66.76693147712001,80.22903079813608,97.26687900335762,62.93503683763735,87.4439985400383,0.10915410229569433,53.02356927258912,21.46475487701981,9.419245708313717,53.19710170643921,74.6826506149094,41.227252247437974,67.0107449344435,48.971925384094995,43.7085865959426,29.025664043586062,38.25935145010045,34.97956307944279,64.61871840148815,11.601851127913953,9.263636868780601,66.00129942084604,54.629806987888074,43.02000967426576,15.244288440790354,41.10271118693115,78.97317633200116,88.9621235789257,70.25765699642201,5.991217588088082,67.04097766011185,24.098558954629457,31.525124302640506,19.58732079599845,2,采集前置异常
77.57557906202047,64.8602122637279,61.18350545991809,66.79726096692761,23.67722614039034,44.46444143253616,63.325372154898915,63.659402761830044,79.18518627551305,28.710396668811057,77.03361216968224,44.01844806169357,67.01726920589348,45.571938006528676,94.86101697909433,17.930226474164446,67.5005088582357,57.65350007681589,17.27310409477446,6.600633581166793,79.91443889716636,15.745133364626518,18.650668278577598,97.84342239890394,71.72608514766307,25.04868416012225,59.094896015160124,53.41118384025133,84.44732675138475,72.93207478326244,83.17211254931858,21.150658797736245,64.02192043670053,4.024085841838032,6.894061227922011,71.35270327045973,4,数据路由异常
2.442010264393135,57.97650089005092,84.040509844453,37.99418084180286,4.484043683991279,71.38474496287269,92.96864524641508,71.71713920582678,57.84472430027753,23.002882987906005,1.5375624044496994,69.46721084790532,23.102617584429296,85.81626771823575,46.63641188326113,53.06355823724562,75.39365442663667,77.94306078033432,64.26508330805682,93.8431815412743,98.22984363204193,94.68854443746169,82.41791853439435,70.56252202442515,66.33258578816675,10.37501769205339,27.148434681911247,0.5688223529377034,13.740987023399187,43.922947716918834,14.653655078907335,90.16634146767579,80.5699185335282,7.161191208951823,24.891371546726603,81.90718846115088,5,数据校核异常
80.30461265598736,94.54505501177889,99.75477616173603,97.62700632411219,41.01379857214415,25.032844380203223,75.84101904270625,29.92728927440308,80.64003601313297,53.39547303979244,79.39272752349538,27.587987971701043,50.80273155538209,56.402379360218205,94.31080677201321,26.65975768304173,93.66882392848946,80.48589154657158,73.08940540866953,78.68702691851252,60.5425045880057,24.408001046248586,18.949496883985272,86.63414358503904,72.51394025958332,21.320428276094905,61.50933658744015,44.75464814142238,15.865516996309392,53.185710935716436,28.151909246641726,9.624412415757156,46.69582985454108,59.01085520935618,4.690641038115051,40.20927494109968,0,正常
25.76619198366853,3.0650590707232417,12.56625496115058,13.903415881837756,18.287424811797116,80.33775714379212,43.94918664781392,14.708599227038688,10.029696692788924,29.794045872903908,79.80155187044524,36.44598479396435,15.989736029393809,40.411618154615994,55.53115572870575,2.958418363801385,62.76418014401731,39.51007530147893,0.9725875131194384,67.38893989463809,71.23876355626481,62.883978855868286,34.193021759842225,52.96048540659611,38.71577061334354,70.06217301596945,58.35801862336887,8.179911382744976,64.30935582189974,68.72384143378015,37.07021806146994,87.57857809597044,84.30143548449627,17.516652389973785,90.42663084858685,44.08723714950775,4,数据路由异常
72.37496526342933,81.4097006967236,50.51124210696899,39.91019393708157,91.54513686150983,23.08535529354232,25.69700777191445,36.16203140134371,85.94657779705656,93.8788264213076,22.006771475486186,86.38701476312454,25.82029594685693,97.0641246749888,59.740789198158225,0.7086467447382394,3.4129904071177886,14.748453080470847,18.757315781875672,76.76191228265967,22.276587641694988,96.91416200498598,63.61120572029383,69.25175092535177,21.781651928520752,89.27063140950847,66.78145728199314,86.44056243418639,95.6481097231227,12.564097710959643,9.658723026894567,80.34078265896358,86.61260590941703,58.37614208779856,36.60005477505206,65.26296360752238,5,数据校核异常
30.566407259245732,23.838569215346816,48.81452095272655,21.61538276063797,48.37036083151729,95.66065054635719,83.97840356173904,94.16309195000223,80.63289748473585,35.47509359462767,81.20452385515591,92.2915743553214,94.70357878370544,68.31978506849971,21.136664381511316,3.972915336469085,14.720022816015577,96.55469178939454,46.209682419276945,85.49860148320575,46.50441535582911,66.08175834598394,2.4140777122333645,24.986494271936678,43.62692800425892,63.063104715416316,17.15211880531785,76.455146427049,36.44047061362373,81.74352692338844,9.79690903950673,67.9756587682372,29.33283332065102,79.53831741226179,40.21704270424106,66.53496322635665,3,消息队列异常
93.43052686364734,2.0626632013764357,1.1116782334373632,77.02792521767134,64.63930515080781,29.297972050443267,49.43967027742624,4.193566559886874,19.244560536124077,42.44963745271675,83.40444162214823,47.96671828600848,58.63625045259787,87.37537919937805,30.881891358884527,70.06993211020558,86.16672586782533,20.261570069617672,35.64781651478325,97.98101738893551,98.3218564796211,22.32299302939379,6.644583889262812,27.092161131005287,39.77319573036873,44.10056009311637,61.880630733042366,89.95027601315464,33.034801190716244,84.99845354992085,9.34789209266269,4.187469897321472,50.40451831234613,5.9662223330604895,39.24898012342302,89.67781168692343,4,数据路由异常
24.148303620747335,70.59757751249032,30.23653923900669,4.49200552421356,55.66905814103094,83.48534905367518,40.94684483426194,61.729382645808705,90.00235976577258,78.96945127369878,19.387639939281932,73.33839593650058,50.189302516015196,74.59668078860847,49.45155505222182,12.795816410830286,56.990944668923916,49.21339923973399,51.792173364144176,87.89024536458703,89.48370467062514,45.353710676571836,45.57320412800884,51.5186958872616,51.9589278334257,95.03871441791127,64.94004673774934,27.745699488794394,53.15367969539899,62.72235829079828,63.97717210139645,58.525422623818265,17.773615462153735,3.359318907950748,33.78430523668544,42.752215456025354,6,调控管理异常
6.18042395760866,81.49673380198462,34.407743751027375,91.36327461785046,15.441010784226517,5.693495693731343,48.231610438632174,18.912933682570664,93.73992755778612,1.0303398453738954,41.2619675059035,92.67477713451683,38.44182067297683,9.310928060046075,30.28949428617871,49.801039383443346,18.515168734333308,46.65617051432619,83.63431957858374,87.2617970196613,4.926073471073211,16.09033580525735,27.529013576680416,59.48658508876018,36.09947587924671,84.40409134460755,71.66718682829377,10.045602311350821,62.45575025120912,11.301262534697843,25.50356696364601,17.787063353422806,17.306194920070496,61.639552477685925,56.36049225541615,17.602815278772688,0,正常
99.01728054184318,42.18367323682938,9.706932815493662,12.056901695511513,58.38937137265947,97.90694033834728,57.195110161919786,94.90414766166371,44.413285075802676,43.5841103652012,50.000735931588224,69.74254581555553,36.76159664513327,86.3886032678957,2.9281384768146235,43.97641950284423,51.099184997991784,60.70322382630962,27.607191236586324,42.74799709858353,48.45377502140566,68.69099786832132,77.3544184735814,73.78273273437873,34.15830522895853,99.94505229919636,84.86653117871793,26.00233731449689,19.510580567282755,31.40212505833905,45.23448529996449,85.07993783196139,77.83622637945345,85.1246123505876,27.19571149103285,59.34612224518362,5,数据校核异常
28.324906227737443,10.902316071949315,68.41977434746806,14.299755119543878,66.76977617064715,64.79643049054091,81.0248444424017,13.95546045635644,78.34801485088109,99.92765259462371,85.10424485859022,75.18120763276663,66.21653546947076,42.17814846854294,73.05001678916022,72.41780351404532,63.149828268728825,79.62783782978285,44.87638884268347,12.125271213239063,55.90677276092374,26.504352871134262,38.44330974291502,1.7414903941226023,38.27905879178834,80.88011061354547,54.272236693825484,0.9800526933971043,46.98438202398473,29.145164764540745,47.75506553971711,40.4692721447877,93.19792195573815,4.117729896301581,68.35880112819322,85.10265963017414,5,数据校核异常
95.92385846504754,17.76362265442959,53.13048019661939,4.358957731721191,49.91835244550885,12.545808954098192,83.78966746987135,11.387000260536484,51.32883603864953,52.10960689927538,97.16504979316053,65.49806940388882,28.784029307680193,24.079930993813846,12.824820564506489,75.65147240490595,69.07566561823386,60.98771273081059,4.084044294998835,76.28288663942945,64.18875771484792,96.38888681104883,58.72021298768121,30.395190666170812,38.15205521893203,17.584070537823248,72.29141822013851,70.77216600217253,20.065001547767626,15.84893231822786,7.70049332021946,91.19757436817586,23.306983369485113,34.41635267518039,28.050450837749064,41.36246026107911,5,数据校核异常
71.40487993824833,87.05956337262845,18.259874952854016,68.64123437411651,35.25621422424852,98.05271682972928,29.891915928407688,0.7192956007859963,51.563997401984516,15.073108427593773,4.44944268183991,69.82692319477086,73.22592825084566,46.069901311650256,67.68855167565772,53.82394482471339,62.980110772193164,59.67039731879612,66.58227640555924,19.963064867317126,26.87066200367002,43.9963149507692,44.61280094191864,77.44117115869042,36.739365922953205,16.25051560591824,25.146597049107587,21.47335023842284,73.1660019256022,47.03396146259821,70.86306979709835,41.621968075762695,88.97356025039052,98.35203077227345,66.98425087026116,86.38125572362189,3,消息队列异常
50.79332671720627,93.46208403539079,83.1586485672828,99.17785717660391,62.309373532778054,77.92067402682285,54.28681399782135,25.912010427142285,35.47551711297577,89.40054147313161,5.594794659862057,59.147988607440816,37.24840325041087,38.669253800555566,88.45712064137673,85.38223745462265,59.88423755724687,27.291884740433392,47.545634616202406,40.8293393789216,35.36180292024953,10.278557855729641,54.311388671532036,30.183129787448358,66.08079429275284,31.920393582553075,43.11634931348017,5.236037419440754,99.25380699054777,50.76103832751758,2.4237594164172815,54.12306587611441,87.03539993056498,77.25521342662026,70.0906684129454,13.94646545990349,4,数据路由异常
65.77370789874723,76.62983780122603,57.24190639654966,89.27490045203515,27.69897817848854,24.214469973925056,86.9569744942646,62.53982429914524,0.1447220520999326,35.31314085110525,85.78559858146745,2.731951164174329,0.3247928261508881,28.125929052512976,91.40000370092778,90.14775814700164,51.876194580150795,55.32368711396226,33.20080113171888,24.373666202780985,81.52218542121183,10.629486049964143,48.73543708786357,63.439725949708446,10.368029037102922,51.960709547234615,57.75212879124432,74.24960605073649,23.483604914753286,29.33275032907583,56.95211466330334,98.31264099816141,21.749318282011444,98.5903827123464,71.43425330544812,82.60820696300232,3,消息队列异常
8.964126823633922,30.042018743063224,5.773627965098105,37.15469950031752,98.12896599200519,10.527306220633847,56.237278237119945,0.6070622813812321,71.26828160440627,19.719269237204106,12.958453712476292,33.701781216078764,77.10442979389815,10.66130863112108,22.983899579869536,0.8464421617309537,96.8414862695618,59.214559998886386,71.98996363846994,65.13831711560145,14.436455886967437,59.49399389939941,13.141559514126211,40.12364539631279,56.8963135925293,55.88811141021559,11.907342598274095,3.443596964652218,79.82343138738138,72.59224369960053,8.181890456473806,12.741551880155344,89.25837763896203,76.91289016217799,99.61602962166741,25.39874492050217,7,数据库异常
48.78029888688149,23.64595760623557,62.28001384773098,11.541423909131797,12.72431727430331,7.188789140512264,69.35860822641669,49.40725774332068,61.773121635463,87.93010465893589,74.03284847553586,46.172291816669095,98.43559883942264,45.62561011419732,11.24506732335332,99.2654747252716,2.28207300148473,54.988355948775215,30.909548869970926,50.355215101698484,55.87129525945216,24.00958962784876,55.685875573726186,75.60611120055376,26.650983724399836,38.34261333139071,26.82426931640579,82.05597309882025,72.49822592095967,87.11964372184073,17.004989290165927,7.357963815975155,11.938350385867336,16.101833282423637,53.30826606748024,97.09120703627649,1,通信前置异常
35.723541661678205,95.85082693602051,3.820079498917972,92.68722028146583,18.11526073049712,91.24749857193488,5.622743011546117,94.82194474950326,20.079826431886083,30.27140600731607,49.09423441029581,38.07208812354752,66.752796926315,97.48077672500773,60.642649080494074,72.14854094365492,8.80052503057015,62.78124290700053,45.384977704641315,88.57823579196284,38.821109964310196,67.94541440499191,22.815372825907907,25.9372533524196,37.61224309222736,30.406353750650272,25.387883939007484,4.96687059008093,83.6746331752459,6.4301530891284315,88.73655156029676,12.546538906806026,6.526173706265903,56.30047639806971,50.244179257472176,49.12345688318851,1,通信前置异常
57.45043275013978,28.705660611915572,66.29492734296112,50.24022197071832,33.47434669573253,82.6500666980728,72.77210963267102,39.3610341944622,84.76177852288728,92.02582501117742,53.68662670843625,21.495245015692078,91.57921565469869,18.947962009551723,4.8423226417269145,32.748700887313085,72.69663444610399,92.32740863535494,63.72856468144399,95.183854696666,9.237083927589662,6.075372958802006,60.41919507436641,96.61163224927549,50.2721308954724,5.151522593930514,22.121865607745615,24.479290641577066,33.785712913695,4.360338358621263,90.48927004979163,51.55639447214953,67.0930792954109,6.717283689500897,5.41154678036494,58.64677720405472,7,数据库异常
88.7296010504208,52.8482000959547,87.78191725700715,81.09912730552394,7.585378579492074,20.19574743856899,65.77106691553425,44.350138255004154,29.069981364692055,41.86338560479791,44.51996462706344,91.05522508215965,10.345828370495303,27.9730746807615,53.75648165827139,69.82869266305917,63.06372889592436,94.16427377373945,79.56089248194732,55.70768419744303,21.46826916735075,45.08742314022398,69.33822441944774,83.79621748360849,95.97362244223874,60.54527661379176,52.691936730443246,1.7691923121148312,7.209906915017994,15.610499763740027,5.4759931189628075,40.08632388049265,33.68785451388722,63.73541578683929,53.56651079334027,59.59707593878597,4,数据路由异常
47.197720293765414,27.773714855425712,95.2825314946477,8.640915976013897,93.88909994653072,31.123804686473466,51.26614453672974,10.884232282754613,7.093106837100926,42.95454487186029,74.16973763796781,26.93647775485489,56.234788893532006,27.865034052281835,38.86130608930408,90.64463184738247,85.58396254949196,51.601754341762984,23.810562747207875,19.318391273302282,95.40873530357142,20.271659651068752,80.81683109125392,36.89702095355373,98.56598475582383,36.81557403627879,35.151662491072614,63.74636288776231,96.15168066268193,97.6209605796433,70.72061464669852,75.46063656363536,56.34021759730277,75.57757391323318,85.97796549704965,48.609530319502326,6,调控管理异常
61.9862262830103,53.731669523304774,56.247061352867725,89.00479098739409,35.56168302055702,20.81840256006242,45.628011027362916,20.808519048126517,49.840042566201916,90.35081053570586,61.74335204824778,85.54328533030777,16.61909196155118,90.08735925371768,60.178716440711575,3.17597887404798,63.31189552850368,95.1396956260918,7.916700047536207,58.24561304695721,91.54786028697147,0.969516833437456,63.09129264658232,47.49022918309627,34.69893186486106,62.753648994537606,5.270209458741693,75.30630462874002,0.44794769197076256,30.693574379235223,50.39586376846784,37.702225056655166,30.747593520558247,83.08351454680961,93.48325742719089,87.37126849058888,3,消息队列异常
52.24313130499997,88.4164175193483,92.08615651815437,40.9238397047462,28.34458595054454,9.826520581332032,47.9091921049229,94.62969204384414,56.090752807037106,66.75621017861715,11.28838184918476,14.351966414225625,46.44732619596725,95.12647989837258,36.07846415915289,87.74840413175336,12.028859342571153,61.70172069337101,60.06129769105182,85.98747500702684,0.3316704404901505,18.993166719757216,21.968762542948173,94.99660880907373,15.369365626989495,3.696235022056038,53.44614947418081,52.85584624336816,84.40469653678643,94.88596501778021,53.8545442140131,92.99941824196554,72.51591512998297,26.4559127995585,92.84207109439264,66.74431761818748,0,正常
41.40959327426338,68.02420845169307,40.13128277437509,11.418376798795926,71.89787471768997,82.40876121707437,72.88061990193877,22.911466775667655,95.6635013477613,2.525456169115592,33.26852973756406,26.00924345348955,4.8126227614850965,40.572969298866845,62.311484016277454,88.25528634851013,98.96897161914701,80.80895864043981,46.86805187128248,72.37044259670307,84.36237885896406,46.53071964186813,78.50544340254999,48.265241831287675,38.64959908767227,52.60908377837612,67.58547376271449,72.68820563185973,35.67362688921079,57.132025155603486,90.98708740804472,97.63129001106398,22.72480911839545,19.283116571334148,67.66856334286486,41.46838858234438,5,数据校核异常
2.4222338418137035,34.686187064728415,80.67447434722521,79.74269303831825,49.46851488165819,47.25779348875353,57.95074424343775,21.9396710563576,52.60436248909555,1.1046360056648385,47.55595547831337,33.605104625059255,67.48696059036597,63.83535841526275,38.0835880182809,0.7272981478591567,25.227362939496047,63.33478501891623,7.237334301750453,10.764242183346385,64.70350245670872,75.57674009492924,32.15497080127121,48.967306551656186,94.57113649836586,94.55435621759695,30.75027744634301,80.99878750170902,59.39440528068588,97.548449335038,47.76135697110965,77.47068680155616,76.8137129614871,49.743286763307616,79.56301142973078,26.10403333069965,5,数据校核异常
12.225303629022887,42.51637446553163,94.36306566335847,50.074460820252874,63.5259138646927,62.41624559078753,13.257286726953044,39.029688237721025,70.69389729218749,97.19900985807263,16.801773829702615,41.04418903391163,9.509379980272936,24.2376459649256,37.67593433261502,54.06432479523504,23.056688223908097,22.756266117868574,77.78299791402038,96.26416629468812,32.36129677514562,68.79920186356802,25.808046135792072,92.7952254965632,67.29023601653982,80.267685463757,4.935404319916481,59.850596824062464,52.761233135838225,29.299690691153202,26.24299850573181,58.00248023169697,70.64856350072252,3.317275703518896,56.74015819237044,17.045952894662864,4,数据路由异常
14.036273138610056,62.311948809468454,31.087011721747302,44.0880233134864,35.99988094397729,64.83363201525238,47.01197660664689,96.34586620379476,35.238275910646536,74.02843402628352,25.72925675830445,50.875309262614685,55.2569751901957,32.91092810627322,47.17805289126291,27.927863789849216,0.6000781673981992,21.564830163787875,70.00641724932007,77.0963024485377,28.020286713891995,40.8042998818072,3.736566013861109,23.70629010976806,77.92192833722991,60.598627026505724,20.57705219543714,25.744199512243217,81.68020229895602,20.90842029449008,33.415772584713125,66.43586916546444,56.11123857080786,46.087020523381426,89.97410909797443,21.971046271505166,6,调控管理异常
74.14198908629999,15.906384061818335,61.57338334821452,87.06235634113132,45.79017854781379,72.42945071913289,82.03933529989882,13.602642487760274,70.582689528211,91.98410239886763,57.63706098555442,18.6122244528756,12.694253158894298,25.973533046674792,10.351326901668257,51.33940715850475,6.970468270673457,22.340462463622647,43.991044391221436,47.391475040202145,56.539848514696445,70.56149627507266,4.722863966546753,8.062095217578324,6.085915180478074,42.315031546491035,4.184794488293431,74.60812668313262,22.300018103847783,93.92124932899587,48.64037550971114,44.63257524422016,78.05386926395002,71.3153983892991,60.730904094814285,93.514670625037,1,通信前置异常
42.2259260987077,80.85316757722865,38.00929457458185,83.83456742961049,25.94746289659686,28.92670728360325,67.7869534017454,21.271329495179636,22.91541870254288,30.526242901741472,67.89287696603759,88.93880924232319,67.45676511269866,82.78142443441251,54.35605896944698,6.892322134514528,10.046621150850065,55.43919783669155,32.78009686421096,22.056807363694265,46.62569273026208,66.64967409043015,38.49919477358584,80.25422571573417,73.85232465713936,73.49148821595668,98.51896896773886,29.522997737163482,64.47255863408952,85.54783401603136,57.95244339139109,78.95021761153926,41.44521858399123,59.049134565480465,5.5666392804328275,98.57676058248134,1,通信前置异常
80.00184814484173,86.88090716314495,69.42942781429461,18.605003280869948,3.1028442418032265,86.46566077360136,39.63306537361231,26.38648760399199,56.16729588389444,42.08985224757193,65.1665995687557,48.37932330545136,69.72331404402706,85.3423269509143,19.555701095578904,32.94328805654868,43.68155865706389,96.20584480276382,36.53336135474853,38.10998495926295,65.34725229595611,41.919970988994926,95.12237456396052,89.4468760475444,51.34087777756729,64.47752339478498,5.803056188362055,69.5730528032398,70.72008729490322,35.91992956432081,21.968288362527268,91.50784018170167,42.67049008051277,65.37061048017107,3.332879497625596,41.40671665768363,5,数据校核异常
81.725881101388,38.7576000400715,60.31611601368768,20.985580048453944,41.652564883955954,92.76377180531867,56.64517497010372,90.19314590929315,90.20192994895433,94.41478004244796,89.53916600801053,0.3281129010300643,93.40148915815969,13.745943908537638,3.9926251111150557,5.538853457805281,34.891619517643356,62.08040852687936,40.231119651899746,2.5554284649379477,47.64826341747147,44.21307422703801,75.68492655016469,27.961289842543835,21.753117379436716,25.593895767662623,30.3739822629848,59.91648733671665,47.152548545207985,33.68945651790579,37.43141582836784,37.09236601589762,97.24066947103174,23.299698805295254,81.80615602722587,70.8210837588187,4,数据路由异常
0.5570005603550587,99.3176218125488,75.64393706335736,68.24495863507913,40.53247076766373,55.52030889142896,25.32708956674702,3.5483405145697478,83.60216584459728,89.64844936811717,16.247063661423987,78.7056095845733,74.11526732856586,17.837500193609046,42.18288025747938,42.27579208341034,75.99642583052486,83.76609057760554,9.477512139137101,56.29692349042029,76.17484969288853,78.61905940651585,14.799352443040892,52.55051431507941,85.75587063627029,31.851857658528417,42.511689891179714,80.43585113363324,8.93195211837623,85.94932898889782,31.115671673080904,0.14503165911271543,23.415914505635826,8.950064089550647,9.238490699624414,69.28357341425915,3,消息队列异常
21.39763356390648,93.47423629769824,51.6444546591304,46.00982579549186,43.428351822015166,69.25876396716319,45.22627625236084,12.860035622519185,88.01721806407565,42.839534892565865,7.400457569950247,52.93659874977611,64.73468584557034,27.558246415775855,80.03404076738423,66.97758460373637,65.03411692644335,42.08249528677942,96.19153014112878,27.418916794924762,57.77055010154526,30.90551574726176,74.48047529715541,4.779148387012144,4.589386787504923,81.08609695187914,43.426816106367106,34.11800546003557,60.75268621753385,70.18993438689736,20.12013468444066,18.543124140473154,95.81507477598815,58.966430638456934,39.01164772942681,80.14416946695064,1,通信前置异常
52.51589587779172,24.166281037458138,20.67353056415738,39.68592661698217,85.98958602598796,6.144791604425892,21.852600075476314,89.31518188525914,12.17345689692505,62.962571826416834,21.35113681210251,60.586684751188834,38.31041668442321,10.167689643099187,58.24750675541064,68.3042747084586,68.02726189658028,63.70344090727096,50.02247809355458,51.94726168593257,63.564010980795956,69.02593617466411,65.48767388313851,58.694556491345175,15.58389848041184,21.061653849286177,26.022402103534837,91.96616570875022,75.93950917969666,55.28668195368782,25.20569285440468,11.089152324417118,89.87592259799747,89.2666015822917,11.069559569569154,79.72166660964962,3,消息队列异常
44.664506930991266,32.39669328305401,73.91045362087073,61.432954106073055,78.00301075933373,7.432886063293709,31.85870199574564,31.931685041673575,32.97530922877655,50.24798726438055,28.301380308094735,44.43836100875197,36.77775931154158,73.52960480205113,60.35007956750501,65.36294323173153,21.058389408264443,32.550216532688935,2.1165447612074284,10.837470729316989,26.505423198888735,6.546372130202105,60.26324003547025,99.81301159238252,10.081521406538851,82.12302126692651,11.881624726514717,66.9914018796436,64.31576030590172,90.27169348111993,11.394561368051237,31.54444660818978,9.077976035468572,40.738332580443384,91.15931735574449,78.15231510618561,6,调控管理异常
72.29001004453191,53.3027504862702,88.34857423355228,44.94417982413283,14.968566710063824,83.75852231207791,27.963832805172682,5.363354102444806,12.603803066879138,60.90589161941482,60.70819639211725,26.018317108203448,72.7180147945979,77.36401553995343,92.05026261336182,58.493749867823695,77.94233641475728,75.30996797716337,25.780904846719288,31.022592793765934,47.848239575287145,1.9038967529248496,29.739777315772354,47.388287334423794,10.806929528114374,12.627588777512544,46.32367357373411,73.09650315859312,83.37489309206832,54.63138975047486,47.47489875467311,38.42805684597552,19.29489924376062,14.65620028143647,79.18964516618081,46.500663221233616,1,通信前置异常
79.03202454797547,70.40830359006297,19.389591438337884,51.03072642112257,44.40166304226807,42.38735060906967,54.25710492038138,98.20819010754379,81.29005976707452,90.37124316303917,2.9639583176037543,14.033636679250595,8.47636602245635,26.323100506527663,44.189249196665045,64.20532476558895,50.0831266286602,90.31839149131397,93.98559588938637,16.35209511974589,85.2912920264785,48.1722204013301,45.332947131738436,78.49393484845682,9.314050904487658,88.24931274191465,67.08633545476147,87.52616076579979,99.44775777076228,51.800445235725334,9.326219790892898,16.65238629308865,32.361824255430996,10.355294213470955,81.53418261377698,29.686785103276847,1,通信前置异常
97.58861880198653,70.25914319318557,17.343037025555763,47.604264694394026,46.68842216333211,49.25116583336339,53.56911706429356,3.117308231773086,68.63011257436234,48.71917752884433,79.0965398868699,81.53495732604306,23.053512199171745,4.84229464267778,70.32338561123225,97.77627884638743,44.665798658090104,25.961280959359577,15.667189458348096,28.744559739058506,32.79195513714498,42.38747434344645,65.54071232145866,27.316305608022706,5.097676346867597,37.327861157271954,85.56296161590757,49.83515108518838,96.47837577454098,50.36215310887317,27.589881692184782,19.331399724521457,69.45244967855764,53.638128577743636,60.39989289954415,75.51267893341311,2,采集前置异常
72.59034642648929,4.336330016822698,80.25719052950282,53.27033070517114,39.17085308147726,53.751942626807036,61.245144845732504,14.950630987379698,41.7415395326445,33.55862101881838,35.04089448180384,9.133493840730821,15.98434880002304,16.183206758622138,37.32247432216478,89.44915448747915,20.602737192094267,41.61925076748045,31.16094152991379,78.73833125513382,5.012643232081615,19.65433955358904,21.06415423547944,99.29628003132312,57.07750179663036,13.895826438351822,27.21991392765655,16.782209412292424,12.4604569619448,79.71820284078926,49.57526286603549,63.121013684878136,33.1251246991996,55.36950860673294,25.75690325236971,30.80362749282348,1,通信前置异常
65.2237944366733,15.035012591923024,61.722185916746184,85.22348164231272,12.042322618076906,89.7461280569979,7.944568029889498,34.8909226955873,61.050931523799456,55.94147601185369,9.639107249443345,79.8913167785853,97.31532931452527,18.12282891837701,89.51309698154628,55.68094421117505,93.59337712453274,17.608595841676113,79.20213931794245,5.978157544533113,88.31964468027265,67.41594221996337,37.025478392243,19.046682349785016,81.65330985672048,60.32413213948116,36.041585294800136,44.383582480251626,82.65426560723765,33.89271933568677,8.96326781099287,91.12821722034727,38.73437396580346,34.83875111152135,20.439961887593938,89.74225712283456,7,数据库异常
21.750533368783387,63.66728680013837,88.0765011608103,3.49136146032174,82.87917053001958,41.05994216897745,65.79745752652119,37.240456322555396,69.5516256347494,25.429491455769913,2.193054243539627,94.77875147879536,1.6367764040082777,82.40992896335071,16.91375933224738,39.222022860202784,82.24923765060558,20.593215031234536,86.57076055250357,49.77589391019014,36.61534627172765,66.24377467363361,34.13897219809575,34.728835899635705,73.35263909383032,30.983222453910784,20.07726483544251,80.76461279965721,80.53710337272318,49.758570370686925,52.665561616295506,69.60766257676386,50.92742917624334,41.70399589692325,99.48941932967458,14.764042785255892,0,正常
59.27279792398606,88.58630260756603,68.72150411811148,88.09232990882384,33.63347203546726,27.19929762602392,85.12723869021048,39.41145761854605,70.96823230573112,14.774857841411427,75.58381253766747,54.898264902486936,26.861163991046087,49.45039639589051,69.69436258397035,1.1886408847383678,63.74670588141294,54.15907782732744,22.02861677467326,75.29810739761967,30.346098463320114,27.686093154656476,47.12183489993227,67.61496784223647,92.88459758762544,14.135724313210396,39.646812075173365,6.698959251262993,75.85507474717424,44.77328896813607,70.69291351881851,32.219442397628725,84.43172414063234,53.482807824011466,94.36078218236551,7.881463914403419,7,数据库异常
51.427682454207435,76.64552459976987,60.01526480736147,2.3194140426842758,97.23386783438808,29.82636930758984,24.927786636638206,48.56598756065795,54.21581075233489,76.62881375898255,39.32736576589891,43.99603764622122,53.495991593383096,39.43870997416406,91.4548079101156,85.12519666342521,45.49736950778783,0.019486233731713654,90.09344955292806,12.433657343946525,24.451241519404622,15.23612843653982,17.981556998102377,80.28775378898348,57.95014416659242,95.60951631253485,23.145351232371645,48.5634908131234,97.742836908247,82.64435142747698,72.86156791204911,18.897520137079194,76.94054009097161,34.75651225959177,53.05368970467577,60.91612130395402,4,数据路由异常
60.93637115242541,72.65234719135164,66.17020926422056,6.837087931058983,45.73470259491073,66.40216067199792,29.599298216572866,31.30566872163897,12.456754775461555,41.861498597485536,98.68304343061747,28.531936128803736,53.143689268609805,74.32372527790844,1.3497270884270662,90.04395595982989,38.65501847249385,86.91159867109822,3.8947658899478044,14.566355186367586,32.25294544775592,34.54617730632788,84.77942230280165,1.1201115388235205,64.11117764696796,13.131243617855027,82.32156507110494,77.85732659579124,49.99210274112006,21.268722551237516,63.44953909655563,15.625831765764564,19.002379259265346,62.66899022253577,99.12284460886244,89.10608372525462,4,数据路由异常
59.31073576836771,53.85367687674238,99.83848800081086,54.73971476338937,42.01165219594439,90.95555357753415,23.418429586928823,9.752599029680898,63.40900343618303,9.5849633768749,37.314853695296016,42.35773855817205,54.75380670492331,99.16595457479623,22.09817233331808,37.5756378506912,13.224012441065803,60.76135260332347,72.76731823078335,48.20768232358789,24.583126828997102,62.08882691817477,53.91577233688495,17.118572340371774,40.568190050213026,43.519709163519494,98.2617753771433,84.92858321555218,73.43707882735939,88.87770255029474,73.54844058287149,90.34018551257333,5.455311487950798,45.606620926691654,74.68983352418336,58.329579661001354,3,消息队列异常
17.516616415078666,34.04920865285342,31.777437502669127,26.1346913184336,34.31355535139661,51.4853288461121,85.4869024783276,74.20326623937564,83.52497040162336,88.36037445630863,41.61504560976073,34.60262840267472,5.762338168416181,93.04916218764343,6.582301793814393,74.11355153704704,37.81083044655872,94.87807744991864,41.9602020934129,81.66083513547164,28.26548321636766,29.908871724384667,59.55194098784342,99.79826337074738,51.757241797919626,93.63086363932905,78.62498282487277,79.58643141772349,43.59599891287641,38.65422501728006,19.19218080908154,96.39412669836535,95.939361244382,74.70677343101828,29.625244985266953,24.517954034228218,7,数据库异常
98.86102423869629,6.65428151081775,84.3564292141309,35.545800048247465,41.88697197272205,83.19776487488372,9.060301600535803,35.416967852025714,95.2024277169573,69.90659127712564,75.49391648058904,75.75053009554765,6.057008316394452,20.320759326043113,49.12632560812118,36.81502324753752,41.091229313285346,78.14473786256725,1.4679235067735275,66.04919263212388,0.011023180182245795,6.30585255762437,40.8286119837624,84.09485198048215,14.499576556446048,55.46214091286116,67.85052268267442,22.953288417216054,51.2330255269583,91.14072831381922,51.222852536553276,15.732306178764798,62.78142966875448,59.220018000851404,2.6954759798131223,9.05944057475666,7,数据库异常
15.678135514101077,13.628907756186992,25.94657705609331,45.410532323556794,37.17162978989844,89.06498914045969,61.210940940633705,87.61443499618431,52.703932491759886,8.987047068933995,46.32874490664348,82.2032546842365,19.410376716710807,9.121427875264976,32.94347383382601,38.88978306401396,30.62576764059044,13.5240785624556,25.08398597217145,68.22824046021103,38.59285162931639,63.25494446185558,53.630377991873246,54.9052939857669,24.8549557947796,52.15430327681816,2.3594713863201777,43.17437423249262,57.26228231899151,18.19956213541093,25.655850624895137,21.95310198156194,7.055795526542418,34.78573211400901,97.89657664519395,35.388040646361006,7,数据库异常
46.05366218369756,65.30872509563753,64.8497751169107,94.98949800186242,85.75641403991253,79.39506871051523,95.16272257783106,23.07653854831716,61.70541946217926,88.71967667221563,62.41381582781018,97.74204746068695,10.0352713906379,43.93305027932003,97.73629079086362,37.956802856992574,73.95563750993044,3.040290107864918,69.48371146303131,93.46267325275784,38.27062851900027,2.1299837926929466,2.790980439548385,89.2023305711089,72.25161070962618,10.668638422657983,5.459027705119657,80.48253636154794,80.9860632805359,12.0521839792049,30.152040388863675,78.00260645738895,52.54120709540063,95.65848607252994,48.1062645346005,67.69579375655125,6,调控管理异常
50.97833657415842,94.29654956850457,39.86590920676088,22.979645517860003,32.66338602809932,85.27752041652292,49.793856351213336,35.4252303502239,54.42600218094829,13.322970727684236,0.5359304625596084,28.058468369349075,60.50057197835423,71.16807696613873,82.66109663519666,92.66635593944696,41.21123469647681,74.05167995574547,7.467293019806254,5.752999877208009,12.479799198615659,44.85690978307624,21.12814384987499,28.69249419378158,64.78801735123027,35.8522178802846,55.737155771802215,41.24037567365922,16.896925551981955,7.4019990255894115,23.623149530988783,5.770046949104435,61.86119598898069,79.57176014661003,33.974076823740084,38.71110553523582,1,通信前置异常
81.61910627593066,22.26129123735603,11.91602651948742,50.111811733108645,64.61901695332372,59.965442504647925,71.38730452741808,5.675118217302389,42.820161275837286,23.857052394569312,75.91212595460242,87.27304840603496,28.133574080641488,9.521807906940827,25.342796199139684,10.40084890589197,32.24221661134538,53.81985783218257,97.36809543982065,39.93702543513585,22.003992385462112,16.680174037083507,17.3039766138676,19.25976832614592,76.2267022537447,6.102771143241991,99.74027069430342,52.26863911662611,54.42718943008257,35.756387869960484,69.02553594121204,47.14563408807977,32.906128496454976,26.51384037080429,92.56512069332595,29.09895150524202,0,正常
43.6393259429842,35.03414021164682,8.617882742803594,18.59343944822671,18.950197532638203,69.36495143896548,40.65854099658092,78.19675630706587,70.8950924334157,19.204976639603764,56.29169201201007,74.29088460488028,63.3042923475723,60.00165080879809,73.9610887400768,5.678073925630689,73.14219473614328,27.265526315342836,57.18722545093541,24.230499469650745,83.88175722068377,48.0559354300756,64.29412120249836,79.40820434767281,89.53152550713644,73.2062097069341,14.876857619040573,85.45323695857864,61.85779158655061,60.94497583802736,92.13405598049216,24.88315556658831,23.95876184940333,51.31935546949619,75.08630665348652,44.72407082285091,3,消息队列异常
63.38913898924022,45.252472422271886,61.03871804869687,82.22623026137111,18.04766960909233,69.53785340059841,78.74257393381832,44.711140748178245,32.32335770678543,1.354432392440208,79.71050223340936,32.79386590359881,35.73094694080502,33.600616309881225,49.873933081233815,70.24995732190771,77.18631310005108,39.25707204031583,66.3102035045169,72.06842502713152,29.691733167738153,9.662146953709328,89.46657206444625,67.7115971781593,64.81104088762915,5.890251521197798,81.78730575039265,56.60541560860531,84.78844173175662,97.45611837367615,95.7100320880242,85.60893463902075,1.09473738313689,88.57272082369565,7.50623138276455,85.11939701767672,7,数据库异常
28.017406861162364,61.00683385333676,3.806823114987967,77.11816961182281,11.17061222329715,41.06881716757719,81.74460023253015,69.53489965083351,0.6042696858066909,40.30323345425488,4.192751696450802,67.34998608184691,96.89484917533214,65.52612623007592,22.437243111755578,35.52330320665401,97.66505556584677,22.405241203235004,56.152907305444266,40.045380868174476,76.83152979282217,86.73892719798872,34.08372743502967,66.03963636993826,54.90476975177273,27.844449005543336,27.19408028130017,53.8631647532304,15.40028735322998,81.08098964824715,6.900483920040202,9.457448620831633,34.222630892726755,11.809175819713335,47.57000212554925,39.96758904418704,7,数据库异常
72.1809795885717,95.30041552097204,75.35585847391259,17.944866288060435,93.5521285464403,39.21334325530672,47.41893609269129,42.15762373706355,28.054702328771896,89.5044287797484,33.22388658966161,57.85964696795464,24.003358437433022,79.73753747701804,77.41986595291866,29.631213844704398,68.15540731434537,70.38735330949497,56.251141610476616,60.05983822716702,57.44546382907958,8.186440399484562,67.0265344713785,46.97750098386913,43.845728054141354,85.99992187818007,2.322671346111771,25.131491795875515,12.140349984274634,3.534104460972576,27.567699767594757,98.84762727946776,27.02291732075738,66.37058197957714,11.829889004072147,60.184763004722996,2,采集前置异常
98.44814831383133,29.183752346046532,84.80756163755828,99.75713803665354,58.8554088720744,30.940110042803536,67.35312598991563,84.48482062686188,17.13502429619783,45.25157638414533,31.918771012384095,28.335899696237988,86.08212607401727,42.16540068218385,33.90763418039128,60.35105414260137,21.940157963738127,22.989349056807896,52.028873087150465,40.927272864618416,29.498238392232444,5.39511322741022,52.077423863852154,81.66092056010751,85.13772052860578,23.54399797260802,59.96412039474883,85.58813094629404,40.87259282762648,93.21368173075285,90.29785291295529,20.81338974188094,25.896483290020377,18.044199864596887,19.605435145470228,90.78620871734981,3,消息队列异常
93.1137909192623,5.1897241185130945,59.36033556722048,56.42315628575716,39.054764672445984,63.1697592823107,94.73678255108501,17.025488272214616,12.041090971645563,3.3390570828975674,36.38333078401435,33.762847707786605,43.08196881586439,50.331003088094896,75.78239940304546,39.211339045751835,33.061310936123355,82.6878820259627,84.97966706536563,23.276596429335317,31.467182271130834,82.51163709100882,7.940824429776483,32.584678039073786,44.83501070408612,18.707161520057102,17.99141966106982,42.486205801352874,75.45217247348558,84.02329795476274,97.92350925361734,7.3984050091719045,21.66822011459927,75.66298423841977,54.05987060556618,32.76797739624182,7,数据库异常
20.558966124724353,28.047755164244805,42.92889503009519,17.715121950603276,96.42259558767506,10.758844459987438,98.55774344892191,84.18932860006726,42.31516175137391,73.98163343882102,67.15152436963861,21.328691794893096,33.90700861189464,51.31225628054579,63.78441798877269,54.28949813566215,47.298746100647385,44.315227345490015,49.82644992950179,43.435151984597034,54.133007754571594,88.79852990466668,63.28293130546116,72.26208749885402,59.74831337307766,64.30176824140023,57.834982844818015,2.6866522195823195,99.95983822000198,3.3609240212896685,39.51480082336537,10.511567829893343,9.692845044093247,79.35269516744836,42.5925779358077,80.11387082987649,3,消息队列异常
27.27864706808315,25.646279180623477,25.123138181446215,61.614562640791924,81.49993898456,45.22610100752406,37.924889064108235,97.35795542016493,11.67540360116388,48.66326820448925,40.84877531814344,9.812659658689038,26.820036208821918,2.844121257911203,87.6954288982957,60.784952899040114,81.50184978702507,52.15544524029898,59.950982942189434,70.08544778091648,90.8011627464215,9.175188782584575,33.09483947357269,70.90261907000006,95.83505630013927,98.08074284900054,63.81030091372624,19.359847775486728,11.920891141395673,94.60436442804254,43.39276894625075,19.48160332626848,93.3892515777601,10.452427156431188,72.95710968570751,62.526302754333415,1,通信前置异常
8.773466438089184,33.87487956394422,14.993068954001066,60.44985925331613,47.711303167742884,0.4275124660490959,97.5710566283908,34.95846498895404,25.820439283705,22.244295579410267,15.881589617356784,99.91370762165099,29.510946788160485,40.551349722428164,87.1355916178089,64.18875035428782,36.86944117452725,89.8328435923853,74.97242022136001,22.790050754169965,64.37389945999205,92.23984982924016,49.64608784504125,73.36124028316672,97.11037439891592,69.0414140895213,10.243868976608061,24.455955093128935,59.50964373426489,27.55558153719061,95.75417053891398,40.53520340221738,45.7230405732365,70.16020934701173,52.42497313418741,38.21459668887683,2,采集前置异常
7.6637875154578765,59.64455895078638,86.75800307940347,68.57624417600562,38.14950100469522,12.772606462312941,81.63381869042439,94.17483622312048,38.82729907962648,72.86421891840615,41.07634398907557,50.226693885219944,83.64763806164098,8.342434221115358,53.03353487867051,21.462027467122248,33.98059454957624,64.44288246422742,2.722841233684836,59.38250989731627,28.34422394537497,66.94843608080721,14.158135191305421,73.58116038161786,64.56397197629782,97.12418328803511,91.1235363258148,28.330286319970234,2.731657272543697,65.53685611117578,60.28873890046725,2.7428768766446066,12.267752920259268,58.470170453598556,91.1827264043492,90.6500276513407,3,消息队列异常
15.148505461207485,38.45739464052495,4.320286435217402,46.92718463629291,75.30834596732056,78.99727113656114,49.8989466596573,9.58696747082184,38.13639751815664,93.21019599743644,22.96125565197147,31.97544499127265,74.68271754630709,73.35807888859381,91.22022880249324,38.81186907203754,51.459872387429115,46.73924612204776,92.7752171022453,76.93305888246348,83.14417798338482,13.309826882941088,79.18466928681599,43.2978766057497,2.3338682830647106,6.008835274328462,67.79079397348445,37.20124411459699,86.81155732234804,73.42731338758665,2.1680011666961763,68.6888311836002,19.235247273235622,42.25825687039121,62.47352021229627,87.27178412956928,0,正常
45.60978883919392,80.84904541911344,78.29656628006329,41.45385128512583,50.09801634329028,70.04850100498132,3.1148434646939727,89.0811413799246,76.98161594376934,24.94158814023304,98.11799531889756,17.939035258961876,91.40866737044018,32.447345832311115,76.31467101641358,45.63765932479451,73.64673874500022,15.578304793936626,26.950645838648278,9.985782447202563,86.51439814378031,29.62929877694993,69.44762294166634,82.02211977415281,90.14182363793459,10.629711531171782,89.30149335126126,19.725277773071948,73.69020115909616,72.88490193646112,0.8503141740954234,22.062390831025425,49.19085146648673,42.00347066632821,91.85734798846096,35.974086950252314,0,正常
93.69837148359623,45.942931839253106,96.43528966401658,73.73548100248611,82.93345916321559,10.4876888349001,58.61414332423678,14.270035982935081,29.762100205097408,62.35654061672681,72.62257046938907,3.9183782011250834,53.09437310723647,56.53139862898864,7.882799711020116,50.06880342007636,71.38422800498265,5.322728487553096,76.0267776323962,57.642650490413686,83.32272082717908,21.806257285406993,83.32736842131185,9.456097526746799,40.38296964446714,19.94847915246485,87.60208322908741,70.49198163017738,2.5361777160728183,0.9523355613956119,29.124925448166973,14.328311428056539,63.03044775601958,66.37969338825597,94.19509036613675,95.20399245458408,4,数据路由异常
65.88967054113456,0.5675112852708719,35.89979165696143,51.31415132472662,49.91797565084659,60.334062950222666,96.05514828047605,88.51926919551538,10.890803345048827,26.598039139339324,83.31094174196363,82.4306908819207,27.537072412167095,73.05880306861195,67.20373787178573,47.35239649699615,20.145495267902934,88.86431808940863,67.78511843068348,16.89929248783747,70.48023448408608,74.143371957698,88.68802851210407,22.283925524193492,98.87541054134066,15.339342252692123,60.068889185958305,65.71765052734784,41.895289526586055,47.503770877038654,89.09100967221374,64.52742296654618,49.70009582346863,12.834956243352469,0.7337625223134636,12.496861815183347,2,采集前置异常
95.61845674765054,76.40867829913307,96.71163275102478,3.570870970817186,68.02204038586393,4.429352640341799,78.20564688688232,38.095017273519424,9.576536010649484,56.80466417875153,28.012019660138808,65.95739418718185,65.81747595137904,70.50074741207528,99.2465078777759,38.66977099474054,46.53154744851009,80.46117010253408,57.83700230218854,3.7257210687799636,84.30785202598565,5.149868193804097,17.08201364917843,10.20799669741872,7.792713288112019,2.5684875304710197,5.502771397236739,44.243918917881,25.28522699826139,12.653688341881875,65.8705542726526,22.61119106342585,1.8949155344809454,41.84197837673277,31.04329919783051,31.860443134649273,2,采集前置异常
44.52700281815615,66.89139272342777,61.6479120037994,93.72616097888755,51.77166663025214,47.25699097250722,21.341443521689698,75.53812888481568,14.077577621428471,49.11328898204841,42.13221983874445,65.83008784044033,91.76214699566589,94.65955914982224,16.779926716315842,26.18172182671782,81.16353199647067,51.827976244919284,45.303456835573186,71.06254523807058,60.19249526069718,97.07140544213347,58.3974652288267,46.59738263472533,54.281736207817566,80.85398166969733,61.267505678522085,64.70480913867178,97.1438880036592,61.839548442545734,38.02852483345398,69.13260270127965,65.94593969773113,1.3847635506381906,46.73292967858331,74.29036028823994,4,数据路由异常
49.9041457721129,77.96211359353894,45.088369642761435,98.33215976372357,29.289158920388868,9.212260814607355,43.00118011540973,54.170902487391906,34.90937316824615,24.228116011795898,67.2058691385489,37.71250998562521,63.13685291006369,77.90714485987759,76.10026277600237,37.53093106356913,56.78982289501747,44.96582244427424,87.08052527096602,87.87584797999992,34.37415828880368,9.173744787873073,16.758248332401948,36.700174213088374,56.42499547629907,65.67870109644292,33.13710462860002,66.74991196239858,93.7739983673756,65.20141271689505,15.856522944435126,57.96689129776276,54.18955167669828,87.07001108984207,35.030305521297436,42.294561005667994,3,消息队列异常
59.865905548649366,52.44253117420254,71.90165924051742,4.038899091249581,56.351601920695984,12.167189300387527,31.520899251972136,66.16268615323904,15.74142005921777,30.884183550462886,70.3006482835312,65.08052425268339,9.103966920973805,57.72684934923239,14.725446191863945,25.22713787144927,45.92112786357787,10.934682329818912,99.36469679185667,16.536956105400115,78.13126284286044,82.9838845023225,99.44639698960015,42.86532178522684,87.40945201393401,95.7539439016851,17.289414489466715,47.94360890595326,6.001081885608772,62.07240120242016,58.14061568565664,20.412628466319717,79.79027588941261,3.7268722763539874,80.62273241275571,2.664529116386738,2,采集前置异常
65.68288121363503,7.8769513914901275,25.122551931232294,72.19133493118358,28.04047996253868,51.117384871773474,91.52482695201144,4.963435403657835,81.10797937356735,6.527199856848953,12.679484433667664,11.931910388921086,99.41022832107261,18.01863193315334,89.67618462562682,99.09321629465542,38.3784770412298,63.10485435286854,77.90912537636126,39.264508183620826,16.181414049780727,43.37627437925612,77.18876450029445,78.07627627484031,23.053879217091332,17.496563989074655,92.05607021003497,4.3999030558310555,73.47384757650869,4.642138544675401,83.79000508609879,90.5414813336102,29.7419124229099,7.393564351669757,48.06845363474286,29.84630367454768,0,正常
41.713614281037906,66.49854534886802,20.982603594871698,35.695156951408634,78.25624902926737,64.37619499528216,32.62754911512387,66.43016002599286,76.53129228919666,59.248558095278746,23.94968325010085,0.024529051199306817,80.28491069882814,82.26335553161644,69.7604501394362,7.658093136761379,58.522228750804615,82.10206712716072,38.96683201081657,19.80007342202541,58.762729724147064,82.63066273008779,4.886995870706556,59.69512171607357,64.3173795339342,60.236703934827965,65.00336842370486,63.13753076041545,13.040388498034904,23.493677694891534,61.89940052890102,1.7693161136770774,63.474451872324444,66.5386623785032,23.917475986165847,59.81328297531397,0,正常
53.40900607237645,26.06915481531138,46.297401187475465,90.96245294121815,42.660278045988285,62.98441768795017,3.5350821040694203,7.780011332209879,8.130807330331846,77.82407636264455,35.02568948034527,22.761168836581337,74.73245684517227,16.996006255617445,24.649252507028063,43.093144327002086,33.143806901461325,58.53922110366443,33.78406190748476,39.29516358588919,86.2886608249486,88.45314396280024,82.77111908134074,86.48309327046326,56.9728669339117,64.6233214751384,55.71731665549405,78.558808405292,55.100048576144424,11.107696455078052,80.95801204568599,76.05851706775364,82.03005952826253,19.042946338976186,27.161705271496707,29.575169726353,7,数据库异常
50.808053618567364,13.387708416345978,38.538175327486734,18.21581610790296,26.476271303273645,70.63876345584274,85.48111563172812,2.2905866597183855,56.58969633550004,3.605976206226713,8.524924501155029,70.50840346141091,73.56081065021166,81.39806731727988,47.424151177030495,85.98074820161882,16.683829164162432,24.971641363500265,13.450214760197133,79.75372605818765,22.86751183866189,15.551124275829565,62.31106875880562,7.7082026360674405,4.4900277220172535,10.671764855245891,0.024088398716759496,69.69901542217924,56.223532171447864,20.98751090377239,23.300494797759587,81.09685984700397,50.18201158603004,69.85283570817397,45.275545127491554,23.771802602079227,1,通信前置异常
97.04028006829068,56.56475633753975,13.09819037679124,40.60900421839067,32.93374119469007,21.408746858852133,93.34399892402595,88.09199954597526,19.91471165201164,35.21478890555167,76.23153916708216,20.850604814021565,59.156486260424444,69.97939421248167,65.39723257107664,70.64086402755005,70.66995890287629,96.48059198489284,34.64988895203196,87.85904243758395,2.180706251510678,28.820296332328322,4.865578199913156,65.12039599558402,10.079037073161956,84.57068636520462,64.65916837902597,2.8815401053605694,71.4777365434623,86.2034947256961,66.11210076621494,3.0524215935032184,85.79195484604065,73.2463912934035,37.845131248398424,32.86302583155026,2,采集前置异常
47.98201814074401,86.71017509378709,25.205935186955752,10.096381124120112,86.46363729610499,2.6289848880722944,91.09970222440646,30.574519430140068,50.82227016882677,13.229552475222805,90.22549693766852,74.98362233844047,92.41555866080343,68.32290511181624,18.46937767423261,30.82670029862493,48.684857510347335,60.72582053602069,92.64594373362736,38.395146578913895,70.30720219071459,96.10088489108219,15.2374063415453,86.27095887795481,42.07060703931986,73.24217759293367,29.353833873708368,33.398421826600156,2.713322486806613,97.14041531669596,81.34525752307844,9.391795792622048,99.95087956637745,60.50245972029414,85.37286379643831,6.666076327786897,3,消息队列异常
38.94511784919237,66.96511223036099,10.643371869970153,48.890283865400065,44.267787454414155,21.604022447357973,30.026983585180222,96.71183544949824,28.864848600993597,21.342613396841102,53.620917106833346,67.09580340702979,72.50931110695649,75.42471844969162,3.6832491514753096,39.37604003795633,77.39580797830902,90.48521018001294,60.220012333278326,5.230685350968567,39.66458058551312,7.422711586845465,74.85378626845845,6.350546928166523,18.573106673517724,41.695842396477424,46.2648367114872,40.64817003150123,46.3396646606,71.32391520201999,36.92688229555415,54.775045915061916,30.336925752873224,35.362749509048264,61.379895904208084,49.049465163702,4,数据路由异常
72.30362948592811,56.05385880517497,80.35740853838729,44.340821299471656,49.10336198668015,66.99713489009396,22.124394441204885,38.592953693126084,62.48412440117078,2.8876269265736387,43.69714336339416,59.88499363061168,96.73755319781978,87.70165616176712,28.074195294265813,50.721010402892475,5.641437266009131,24.075441481780715,77.48558680680901,12.331401227534455,25.76905248339566,94.40425017358079,82.3855800492458,78.1827712648912,86.45574903021569,74.96056865823539,12.058621611823494,51.65613264852313,44.4243920802322,31.115157827038008,83.40404097196054,46.41392023742337,6.0297601357549695,27.496558372026826,22.86210580294451,88.74788848112836,4,数据路由异常
64.74381006389999,56.03762658820751,50.66492416787051,65.01130275414656,75.48755467771248,55.43847058315099,93.82854151526105,97.68341706503846,99.5342316608823,66.93911100886447,93.26204667558784,40.44796953079547,85.95923912473853,90.91742987396809,90.41404723322756,83.08462829083815,40.65991616412504,15.890748198073435,33.39563563444459,76.7288569298093,23.288551132997526,47.82720648259724,56.5399517984672,60.38585624378753,93.57255483787986,66.14930204143175,78.62988160773023,58.18783478916334,83.35803188619633,26.366361306976284,20.987767166878925,92.63200487579697,69.34808763573784,67.15255770582212,46.72952386284499,37.66972592935105,3,消息队列异常
55.569119447863876,12.05663494216671,45.471256108310776,45.53677044654809,53.833651294426524,63.46856143672023,95.73183659853622,65.21691270917569,88.37251519534115,55.63038614691638,62.69278826274898,6.983695310956961,13.326372288441558,57.96704351975396,39.57128699580292,79.88105198655018,54.317787487417604,88.22910389513379,97.23316784622912,14.763518512148499,39.48277516556266,66.49810252380308,30.54887554003497,26.703233772149517,81.37385606288366,98.03784690587429,77.38033312474813,52.36766228041135,44.25112319453147,53.96477205303649,46.28397021877358,50.2888056785668,20.345305052922768,90.37419493093276,75.45350015232681,68.097742269322,6,调控管理异常
94.99249709744731,28.439433191283804,8.115941089361423,82.61386603553316,99.8416963649255,57.84324380201994,5.8809387912681865,78.04680401549412,7.374904884584154,54.00139862592812,27.753247421052706,91.50267805923954,45.1331213259485,89.84633484785533,29.908108525456754,38.73625838213513,94.71191882470805,20.131445093163535,57.85011516511452,38.85103285601114,77.41668850687273,12.929637117135739,43.721496900466846,69.89326268452632,40.70162350061598,5.85317392753767,70.5112261335344,50.31983276849831,1.1308686680100544,61.2655895228373,91.98810225287865,11.102594821168898,59.06712350091689,72.86688817626303,7.0773670140305445,2.261545816418631,5,数据校核异常
46.41958666449473,79.11866872343639,16.071941009932832,83.6637272214923,65.65772554235961,33.21732877884857,51.58257984924495,96.55749797267384,21.64369706323388,49.95353977440402,62.448655610762074,13.801460547566624,4.352208862330964,1.3459952931471286,32.469285660001624,7.394729448486537,80.37699525411146,99.7319527161746,6.130382173446403,43.27262759334396,2.5732122982574768,13.399089075726323,32.29225609106741,39.36982130576499,93.97829464286401,39.58368087568959,49.62776590574022,24.55833682738664,0.012513875657549356,89.93344567331351,8.171475703630481,96.42488410362292,13.084410410026026,60.48784807504403,99.9410587856637,13.846459606967587,1,通信前置异常
42.39430849398242,78.04236689714766,3.2190149849968264,68.97827511400445,8.037333789079948,23.65201422732264,16.007616249336042,90.73364316469362,18.045671678168084,4.04340955151572,58.762567844776214,34.6180925409702,40.57062206413664,11.906274486254699,74.82344914331945,60.1553649643518,36.421704474828,17.157494376313597,59.34517391705604,77.85972795073774,31.23972838671949,2.58603835385971,21.4343984752984,68.23978188928292,98.90963774569227,1.3376239408776525,30.615356213210077,6.202087044883886,31.634928776303216,40.59143431274212,92.0862091946255,8.056079940497874,77.713405306577,39.55343960629634,81.12628496669278,51.34021853256213,4,数据路由异常
3.9282038843410083,94.62058847148388,8.273406343452184,59.768350253375615,87.76677629335158,7.976979775019388,55.38933884160129,82.42898755244522,98.63247086457957,72.43274008140213,27.833437546329364,69.95703298454094,70.57667693076394,69.99660121046173,85.42604370931058,8.738006251949093,10.841984541543336,64.0617124225558,95.38810960981878,46.583863891924594,96.05627016256751,93.8085259516154,90.29097382343195,90.98509748640853,89.83187933279861,81.98893835391821,69.49789586053303,2.4408178592608243,13.225359215605248,13.423205453146714,2.3540284279589874,11.670176842363666,91.97464335671063,66.38042869107859,31.207301829542246,79.33600122366799,2,采集前置异常
48.83694869548509,14.212703691587658,88.45020812264927,33.86619462364725,69.88592305298941,29.05941604996074,50.007125067379995,81.62527115304155,15.67773464243677,97.72513952392784,7.02159228607262,53.400890974050405,91.6025519351948,94.56938848825254,23.2108962879776,14.398498121480863,72.44030003178909,4.197356827623711,48.52389690303143,79.6355226793182,56.02547245168339,18.801326577400502,48.70442994699632,92.1274716448893,61.72129780442768,72.14906275690198,33.62638796625149,18.848377516761772,25.56422298996036,53.31775937602949,28.022015361070373,54.19647874261011,70.77919273761769,73.43958761703014,16.468493966109342,75.04308488338631,1,通信前置异常
67.26881395923591,1.2005133368706677,5.887217508975084,64.62495018603803,38.370389956370964,14.610399957566589,4.439655916963325,15.939834067243087,95.75139643216166,72.75656415709697,52.770542093429384,94.15405000545918,61.91104376816039,72.56451882806672,28.265181850587208,58.89818435891958,14.347724429784027,40.44831451977754,3.3240324986610115,21.66280875826805,7.48686294226747,38.777881950723135,84.30351646384902,37.79341063450531,83.16396259946434,65.64983125788874,50.952944663082775,23.689169326133054,92.21560928441524,5.420080884203326,68.89130176988154,62.12398928093689,44.10415222565268,24.032095529260534,43.06959368452669,87.27727255534207,2,采集前置异常
83.67661102549542,94.13812499770292,30.7793206625248,38.71041583688729,1.8726152659863327,94.29499947200082,32.93900918172689,40.416382153299324,90.78046114473946,52.65984301668132,56.6174541755478,17.623283815091682,49.866002081865446,91.82086009087742,55.8718088107926,25.511636463975805,3.1180864134762842,33.6301773454068,57.2590914064458,4.261328837083012,60.97925772911562,52.34138271181128,78.34354691665709,2.888817227196183,78.08473448187374,52.08770457581069,37.05293327797114,96.53829763588242,16.011954723605303,54.13251190911065,32.09814735924784,52.748637879533575,55.22754525804121,8.944824842484579,66.11351469183498,63.448149591901185,6,调控管理异常
76.9467274634464,9.0658493659171,29.72585469036878,65.01105997281013,13.673082591560847,67.75982107884423,5.902671082042299,33.49315529596277,84.6711122332519,77.42912903811602,64.47607152270879,87.04584166251011,70.92695441722005,51.9375105210803,97.97175003857866,69.48560797893195,60.13671768130031,40.88705609535646,90.24124985790503,29.57090956049928,0.9219594210902682,19.674052243235995,10.951749194235916,31.899377417307207,82.5878677458455,65.15296853650074,16.898058923371252,78.88217210923385,50.42198660994027,51.271462411829695,36.21121809808733,86.46163648220234,31.832730385579268,9.413976066968866,30.272899397194507,71.53535462678857,0,正常
65.75818868033288,18.801715355357786,11.178429910494202,66.08657584017463,67.63768356549123,36.61496372105707,84.28013835290797,97.82052037999168,20.56452234493954,57.706871570602836,0.5346329003939165,71.30543960262874,41.42821135633178,19.326922690316483,75.22219217643762,81.06487975560806,11.116650117593728,4.0995761838034,33.40784416691173,62.599046576103554,79.34195271886331,54.60624966304577,58.07487763069806,79.98582217528912,52.88433742187594,61.11544902263005,51.62173399765593,88.0458233367704,23.551661858508886,26.399358454050937,12.796146160182575,81.94667514944217,41.177729056235734,34.78939408812438,98.13487170871562,92.68033664397855,1,通信前置异常
97.19876821247614,14.229899675869284,89.12518131481663,32.870959938745145,1.2656770211862511,39.129833598306874,50.91963531380597,10.822042356740535,53.76776168742563,81.94635841767315,37.7650950839194,35.26448065343022,33.88104202306774,92.30944458836919,4.87580987901991,44.50761419929553,26.459945414971685,89.38070253874942,9.605226358380392,41.14427666804108,40.68161520310857,88.83944175470226,21.549344504096947,64.4895410301611,13.440612688778907,95.39757140805428,59.301495927228586,62.62567303206703,43.37734016604722,34.22827126663223,21.26764294948763,60.39877538322589,95.4561745348238,35.9790954092403,88.31568886620542,14.877631284724968,7,数据库异常
93.61260208818007,35.048628389807654,37.97272115933457,46.284225703432824,71.82442699476502,71.96534336890352,47.95885847196652,52.31528993139359,3.001048777414117,30.429670155832568,34.601707423060944,55.87272687257594,55.82997673713045,70.98997977278731,71.70272962180809,23.5210724212083,77.01871511048247,1.960356804628205,71.61618846067205,10.20611035194231,72.9648208421219,52.71180905684043,43.725450068309215,69.0666389761429,3.637083374723271,22.347032567557832,61.6440142467654,84.7215406630818,38.1107636945117,25.87614726335571,51.87364357889943,62.231525238684135,42.01030314057464,87.6710682659755,52.34387088600134,3.5823587570585014,4,数据路由异常
22.30539547061904,45.06470309178145,69.77255190169333,21.975224379258883,97.62574397174211,31.85582581880835,53.24802068605884,1.8966384731041175,88.48907214308043,78.88346535251834,19.545800429559268,93.32366912398429,31.583976379740463,69.21862883801171,81.89763180165998,74.09144612371809,91.75827840298412,86.42747603407085,99.461151409161,18.261141257614554,30.476180122670005,63.622586743163,73.30471858915837,53.46050545557092,7.392836488661492,84.15952268003821,96.0874356021272,40.55168438263947,22.481248169884605,1.9313754962087537,23.729903609358526,69.99187748384223,91.15893876727304,9.351306643176581,55.32591871619299,69.55312485118324,1,通信前置异常
27.63808211062686,56.9897039170302,71.52484260057729,83.77192431353768,45.24998508199809,74.78572189189606,30.17829717398497,21.304674677215864,18.73137460906674,35.88727318257262,3.587968178884904,28.299183766524973,65.22228244432281,64.79190471601368,7.355380649149124,28.741561708062015,56.95576646779217,31.855213750310284,41.79880241888735,71.2810757115764,0.9266829456630044,27.639354408843055,14.237224378501667,12.760918276449173,95.90402164472471,37.656033156241776,52.70885849096398,73.38218870696326,4.744747486005019,24.102263855769834,83.21477873437125,86.19906131778811,37.2950920640802,37.486159965176824,75.6896877108882,29.507022674986917,1,通信前置异常
11.709408113999809,25.753545024058344,38.73447316357749,5.220470959509827,47.86802542001748,74.00075127727784,51.37451444804616,7.189534051450696,44.01496313459585,70.89046080428328,5.809665399018993,5.984718972688851,37.06014031809827,19.49639641237091,93.47807913084203,58.13436037397432,28.732539940589618,70.47767291149508,37.49290513593289,13.211564437901002,23.72322298435804,64.27472844593757,5.187610599699166,27.268904004806373,20.831147764217462,20.1135110676532,68.27624119759712,82.58169167543645,71.58666080642587,64.57278158005121,91.6451771817864,5.839238042429685,16.748308597624074,41.440685567053215,37.24516435038677,41.80516029630225,1,通信前置异常
20.645490504270605,14.950331558022834,50.91932474579281,92.80525240687936,39.1969462349917,4.335321411952808,70.61673428895246,29.110490552717494,24.509500730489208,32.42580006979621,72.38155239078763,81.88193868703041,58.80560673389637,32.24787537195516,31.047823311727818,12.430834990546302,93.33010482351945,63.813939896881955,2.6974619855864024,66.23670951866806,44.71534241935079,97.25579630469194,81.9068824806407,17.131575383279817,72.01111188748665,48.55660038352634,18.70451636699282,69.87399073299491,54.73875786942454,3.0373878771570495,64.6587950528826,63.49870898624407,14.408516105146262,34.89877269966929,58.58989707510399,13.87830141067299,5,数据校核异常
85.27233778347565,2.748604628770379,10.283741496935495,11.610691985488408,52.810712597505514,62.011401216862524,40.37407965014865,28.86668276681662,80.93173756255574,6.8285983726420145,28.02918611327917,3.9115578803970763,1.3890134966268008,35.337988693220126,19.4823662444932,26.836585483824628,82.09471574549681,16.298009624922138,78.0233367151801,67.50506231463635,32.64455251408327,54.655614517628784,44.44356097745388,12.839531549766537,90.71853217341757,56.961796758576014,88.02400457954549,82.38265118132902,7.9775925309423235,20.727066601845245,14.526111437483081,83.07795327869188,86.24466264552024,52.79715098083659,10.417807250800692,13.56166185430162,1,通信前置异常
81.35488124382674,92.91901365293302,19.947568511065672,1.113757647217306,33.09529051507779,3.0499389647881348,82.79749160780379,49.151225722625156,64.18607787630198,41.14848761365422,34.55075470124819,22.220041307608483,77.05325470381456,69.55475844155293,36.072898449608616,32.11161342991829,0.12428786486790022,6.355213004547244,62.32555248926348,51.46073102354617,43.480320448502255,82.75022408016585,50.38982044028466,38.449358140731995,16.125634752498495,82.06880082146192,57.62482501211878,9.245996592275729,64.88983979970759,42.507074548841,81.13862235879958,91.89145969959962,60.0465813176246,73.16128193133665,5.659084760216571,56.025545500115726,2,采集前置异常
75.53399783554741,49.67621494781037,59.35500895043372,89.89481855810443,19.809957203119943,9.82465075519119,69.0643613139501,82.2848905522444,85.04901885825635,64.16444970912202,83.32134181708034,70.06642057232902,8.737691590679075,76.20435078849881,17.935968955032966,23.660934259097278,39.46506269986648,31.45670663263369,32.1651738302912,16.925952420404577,29.387104710954436,1.9662589975881772,47.2910946688326,76.85909587698067,86.22473692248397,82.04285589594384,41.64577189951132,73.04264811638562,28.789077409521248,5.556247271761794,67.59715253912665,64.8796164736406,80.16293954628756,61.610620670287986,15.68916249739164,85.31623920501981,0,正常
62.725278801870076,80.7609699035004,77.41071203760409,29.78644872250884,7.455297485205237,17.650440908958487,9.286233431325075,24.34124320801364,45.953227302599295,90.68106049812829,87.20187559206346,71.8599815095728,2.411235954782598,34.13892013205535,68.23484264845197,12.902889683906837,80.10878500159086,91.45736799875937,35.41044466378255,70.58430618638334,14.820413266871334,69.0816449113027,2.1455412287043285,15.077150681110096,70.98814466086701,71.18502228763062,64.11627058451771,47.73640243842032,67.4908091171945,77.38007982887882,96.64816590367438,88.8641031548605,79.45342025661246,69.4757516714373,57.41555454323672,12.060882335191625,6,调控管理异常
16.555684209839296,82.02795606708995,80.33129122072205,61.4458925973363,43.88401327161534,2.6032649823605647,32.71769425285439,42.063965756531786,48.581628617342055,92.93245985612091,10.870939980014283,51.88669197797704,36.79222969582797,99.00981192160516,86.18640162829053,43.87858542389209,99.96956093547604,51.40632464714964,16.71177965914007,55.587469182671455,22.62057658036466,63.6312840076252,93.74401748839256,78.61985768350283,27.31636904190552,29.685862496600713,6.928820309031202,28.586783564627737,9.262479967781722,49.94487193256428,70.83470794982576,75.11811614991585,5.952923224817908,33.995589823820204,28.81717665474337,10.43003229873346,3,消息队列异常
36.247131093200565,29.932010913923612,63.449922933927674,88.33026637337129,45.48417208732158,74.66651727668186,14.601036711067428,89.49663786438646,15.259473821509228,19.210118059938928,10.646380358767649,30.967950152053646,55.24104467155261,98.79941114063267,79.33680346575439,38.0435802891982,57.584605790357045,62.33080309392077,82.27272212473471,73.64517854198004,56.929112697114036,66.91830270396567,74.59176109628997,13.314405913340433,20.045546130537993,68.85842889075168,85.04255619876321,40.92622826997678,97.9890322471206,21.607173267337288,41.66992820434389,37.85230434632532,93.02959407264291,28.53785175725395,47.079077804221555,18.723383961532946,1,通信前置异常
52.12662385624438,85.7404169463591,30.40394618905642,81.07920721628282,91.1311582175626,7.295788971456362,75.6424536319251,25.53434361504908,17.532766253662913,60.1122392025036,70.56026162286997,39.47609857352138,3.917370708219059,90.87045241967931,73.07469168474951,27.166680668301467,49.68638557447399,2.7792789967078013,33.928278180594184,52.25352355851183,51.72236151162502,20.818487800854115,77.67473661838908,29.886215852664343,58.041002317797265,27.15222255379748,42.516787298677016,20.751462525023022,63.30077925320383,42.55843601413507,1.6117304487764272,2.8164994016766087,47.113431847142216,18.322586690535438,58.504204814474235,40.81917817720213,4,数据路由异常
65.44198355397228,95.23951740639515,52.87361347952536,78.73786035900996,75.30409963159372,92.17911043238652,21.40178672380062,82.73269707849408,90.55203785046868,39.27629809475776,31.381619459896815,95.20359096782877,62.7632822138868,38.06764852414683,79.18277209316302,30.44739016157151,17.640758606986207,54.39696357977055,56.62120449106034,82.5746482267338,45.702735502043,81.45865395053416,31.132267934833845,57.536820217779194,20.84727789007158,38.54459509165964,85.75396978328511,21.598819343575503,81.02394628992677,28.28716578474062,3.448971967945369,10.993457005684625,74.58795453207881,26.207092650214825,65.41455922412722,69.9198902757233,1,通信前置异常
34.511846443468485,47.491898721114026,40.37670904558106,94.7348996354534,31.994886235158738,18.332304222496077,36.55928428755782,66.95157076020122,69.73626903614652,92.40573153600069,88.17544848758092,28.83205204172755,45.51632489675964,74.7268988183434,91.65372806020251,33.71650128568918,44.444143417699586,89.94782704536088,35.84838731584227,48.05129861917358,90.45041412180788,80.22432179898482,24.34309250098028,32.47950654119334,35.295872745933906,91.27384734310597,99.89337371045391,77.40043021554399,48.43263024935066,1.0173818067478968,69.74880565979575,38.93611644977847,63.29864702286054,60.66939634624288,48.08320565743873,94.4387397726323,4,数据路由异常
2.3146345355341658,71.21324844725882,40.9839868299546,71.37904504916112,67.52196475396319,1.0238002575995386,28.533849517467125,18.90915205037804,16.698635294249232,72.84766841211328,23.95513490931246,47.473761498730084,24.698899528567953,58.023382343532994,72.0573768059968,33.10747386981765,60.302084828712196,82.4854774413739,9.422428516449166,71.06705990412712,32.314494443538024,12.264995652494425,54.56542076143488,22.626231926773176,82.13617926691576,4.289590953107614,9.865289627089746,52.09961259858169,58.89417840769568,72.98866645227469,25.926072825219382,84.17604082132918,95.31423397737832,49.90393035948636,76.05313649698012,52.48483545437927,2,采集前置异常
6.946702941221061,32.61115128426211,8.748668962701501,98.88791192550134,22.902591207337718,63.590041941571876,28.434510194493733,65.32462153559258,21.040169087048245,78.52700659100745,11.08116028366355,89.51504000902803,84.04216925407944,67.88073436383856,6.7414627142847845,20.856902832892832,85.9361595691076,12.197443430259513,15.593209630802008,54.400332375552075,27.417743967434372,22.20756999439295,57.58134318481806,37.257667645802904,14.055989676966874,53.485376754546444,38.70124032786227,73.45167742737694,10.27554423205892,62.061324394597385,43.64933269432477,40.60618750524041,23.22876880083412,3.042602820271112,84.76891943646456,32.641008603442586,4,数据路由异常
68.10910397298471,94.75873997767074,56.499029808213166,39.71469025198663,26.82735663487037,93.40437926474934,68.20768180511429,66.52813932565596,42.615832514527696,84.50487128674307,71.36721870094871,28.31832717810161,59.9578660025048,43.01939546012656,0.6590162829713031,80.76234315017973,12.283034891970079,50.995450600261414,33.62261930848156,34.20890412006775,47.7364883413808,99.7023104019745,40.83796806314758,18.23292298165724,61.360633804936896,23.628770803952126,10.55491367129504,5.017417206592912,2.2881274019683873,43.11646483110637,42.672577987339366,18.554540007795296,78.40190537712093,12.927062791987876,91.53171926393024,58.757597764327244,7,数据库异常
2.761637610492962,96.29726257427166,30.79412595458536,44.99749595778534,28.426869299455216,72.84212980337776,48.56802207195386,13.23729594025026,10.420395235945378,72.53754133245748,23.70814049312715,13.779337463847252,49.942759699784276,80.2765287536304,27.878274587313044,27.643161170080777,83.3881260260377,14.783379456878265,61.67275917865472,95.50134829825855,84.13031495773076,6.181523377972919,31.99108765616254,14.237446559261635,94.92406376871398,98.59415662220812,23.499302054003792,66.96990448287525,84.16317320471184,23.368028441447652,18.768063432097748,1.1211023247280294,41.19624569415259,89.94374623947165,90.29796490563488,12.774312750901629,3,消息队列异常
20.435248052839494,40.80473309345336,78.0624545163702,61.185148353172856,51.384974352021636,59.19318842226031,9.619969380229666,47.7663642254907,99.20632895391283,8.844614693908781,51.92466776348864,29.56492616573746,53.9913296861959,57.381876003374664,57.74728981194759,85.22087853108866,38.974741467366094,51.63541626664959,1.0928398967748554,78.95506015797667,25.948770737585292,81.65550240405165,26.56386663803172,1.078849626249223,15.483131819344676,98.5682902572168,31.980124594798852,10.882390201274717,11.875880362575053,31.03427140572238,3.7645041116763034,51.14885881219537,21.374091548932018,51.93106413968722,14.076421869922019,42.985722901749234,0,正常
59.79168584012445,6.199993833810802,39.87493092510586,30.252382098968777,24.0359816488634,60.45346260844965,58.854198576540725,63.06998066776936,15.888267043252135,28.570924486232773,20.96787779950787,54.05036049978419,46.106568920961635,33.029373759275,78.6014808868433,9.39737444083828,97.48966887556422,11.654407781531873,77.30708125683694,36.823018916083186,86.52622291318056,7.416994878416205,37.47217101923378,33.54434065002363,99.31570382255353,98.55489948896256,18.9803958666388,62.994696069833886,53.55194199109402,15.437349124073874,16.777970610442306,98.92517284795547,45.272999362093266,12.58012920000735,21.47900387392543,26.834806724854964,4,数据路由异常
51.09172633186193,33.55481295063093,45.5011785889921,16.649955110136272,32.67286905875062,7.031659271775403,88.97102734758488,19.875247716857825,75.69001354287388,34.955178820334595,47.43973189397933,29.126103946122683,69.64412711073699,84.45464192747075,28.62701847395881,24.221764366359245,68.1440265463897,19.515306056772086,63.983976560977226,9.442807969363553,62.01371599606872,51.34067340104331,11.390571557630835,64.91036348645997,44.65571570340758,21.71150508170857,35.33841557021773,49.210210563892964,9.1554227264382,95.76094831283542,66.55621562121212,10.2534981287696,82.28621843284594,32.25549309461454,59.67995367131839,27.714284157957326,4,数据路由异常
73.34059449146072,72.30089750001024,55.2043456872418,24.09255924715781,25.37038075121455,38.28627966949429,14.50121673962853,33.76557131909236,68.43546012483125,83.08452800594213,33.258229049336144,23.359025825436397,83.26425783351343,89.07040273859212,41.00215233120643,2.690415384963385,69.4961620894152,78.40332361831295,1.802425316444023,59.503085334151315,58.836875824417504,37.8707908747914,74.97673258508377,42.81790381143607,67.6775951791364,51.711730463515195,24.84646047028439,60.650086301013175,73.69084948458416,97.39056734370037,38.01089468024135,6.44725446663511,98.79712212213518,62.38066594255363,94.64504581607692,10.382708601111934,0,正常
34.20338398704577,13.39366988727243,83.55101545820595,88.03427414293161,50.13116998750205,18.660621766203043,12.711896903970853,58.81641100802067,50.63763245853006,69.47891023676675,30.52072626199912,40.23679950243623,2.1361073851157375,61.01430450755289,42.314352134647784,91.97646338134479,64.17862977048048,39.86944914496938,26.358918087335038,90.52849426076388,1.6265074117443268,32.69124672523922,94.3505583788035,65.40330069815741,53.27190712832991,20.353471792042743,83.3374774254387,20.41990625927761,24.825353152124997,19.185114287185524,15.814946056952195,95.33124959788029,60.20315961413084,63.7837132010094,95.43254656787835,23.057505512556265,3,消息队列异常
0.5917538597692062,59.88836495702912,50.78448532241586,47.76503773982941,6.1880211246199135,45.44348665747845,28.75595650906989,27.45646772243131,22.23815801790928,33.252835975457074,35.31330751434124,30.87757763619975,97.87527157195089,93.27310855094872,57.45100995248622,98.10548384103099,99.11980103191901,35.59397100173025,44.51875457397445,95.90617769846655,60.86261992986866,21.29290828372725,68.93806683365004,20.574618204608754,33.93577436718458,22.756016309535156,24.498021593384223,0.4655581566782252,88.07088321994519,29.59904952757938,8.637437952279448,8.698740568108853,55.60182764609522,99.29205505339371,14.502246727019163,9.962178094965946,1,通信前置异常
43.830388040209066,56.333125384079544,29.438035887794044,30.252209251386642,42.44765018489495,31.4145615150606,91.53315835685167,4.195457129062897,23.457015987027464,80.85527962274213,83.39581246649568,11.155507896420113,97.37634500127167,69.3354849899109,27.25930559835956,45.603786481445454,29.713861956796716,15.002224985441936,29.117806474891516,58.00919374896184,82.59696948354687,36.35290748895772,34.790154054784175,46.80007010813226,64.45555999643463,75.16162624323093,32.67995047994739,58.635246782513896,38.93608412808825,71.6399850363386,16.46749205170208,25.692486505129608,42.60604198427498,88.94147899213677,57.33257893506902,96.53961189814116,4,数据路由异常
10.327768528108383,46.017541365093486,41.90785300453842,60.02061764059684,81.19646087075782,84.14480255830603,67.01946087055083,64.15363642455536,94.90295420448075,38.36874016384246,83.27833141884882,92.15037270922942,49.153924426519694,72.91025786033003,37.70198566709061,15.887901419540407,58.65038814724252,19.647165084953187,45.7599130803869,87.28793133283332,8.60181875636805,3.0428535664649647,60.64778473818876,33.106132659489504,41.79377069259152,40.57105886583315,8.662022900956357,0.35664326795945556,89.84232428642643,21.77985609037464,42.60789918642883,97.19257966710786,82.67625819836523,10.793085526270218,50.85190316125857,73.0079026495016,0,正常
69.83927849992125,76.08418524044703,45.745465488803525,17.592292933028208,46.48724439193727,64.7887249173292,60.85920866051679,7.052205378860743,6.495243408219176,96.5257831155212,15.180545503977106,29.446246401172193,76.76344821561655,40.967707582317495,18.14648532600327,46.72323823097815,56.89499707633659,45.27666092780757,91.89460754721091,28.469929509950433,66.13321606996709,11.22947214098977,39.228545766402654,74.09932515849736,22.481694058946545,58.977104565441266,15.343702920906033,10.270169136137108,52.323274892504266,67.50109960860287,11.336706623448345,91.7776252372915,22.577226269746685,11.997530815930002,20.269890835021055,16.957245653184195,7,数据库异常
9.0674650612949,79.78392347787074,49.5537774744111,38.85194403786828,95.06279269841332,37.10083870647908,16.69727260471894,27.404289192659625,23.896653358859645,49.87412795633048,29.150512395457394,51.606117218636186,66.92934249467889,77.72987857132578,71.01577812672308,20.559071645636095,11.589971924275378,54.24501591012509,19.891179120814517,8.493372177151326,52.70943429794171,32.67941851077955,75.61490119385039,31.419163054841803,97.87171370558137,75.85231912607081,5.769322148886213,50.88727403562762,56.262050121411036,69.53027106815976,49.77967970337582,48.34435984145732,36.79386116776128,27.146138389917375,94.62002119767344,31.759666963437194,7,数据库异常
6.342132458033067,16.728473929341227,85.72766360412896,58.66334591233839,77.87805493770657,80.87815461396943,82.32364392110732,55.06137077446087,17.712059569910487,14.823275223614175,57.398442037511245,36.65143536856764,55.80482412457673,49.84778442378648,60.21980796975485,3.2111790736565338,3.283668063012335,72.15951708485088,19.312724382271984,65.21984621920564,54.65759107914545,98.17944714046234,83.54058788830623,41.313452133134945,61.6412820093165,11.728945722547202,38.6386042962381,73.38877410898743,62.26715841286536,48.44713243773578,17.65291040526691,80.31459261575446,27.31666044115769,82.04790816619095,61.16090627949935,37.273142794878744,2,采集前置异常
4.06052219599915,23.241884434437686,88.9070925488164,81.79743438957175,57.48533129340979,46.63224639621269,64.71426793301092,46.624812784330146,64.43048407191402,30.74040996601579,83.84972179114752,70.19178934652666,32.99756284276918,83.06661148234411,48.73425308531789,17.46388647374615,7.771246200352666,69.96057476372204,86.51208042080107,80.74419885945436,65.56510302221518,14.137505560476804,9.404407597665355,34.50296230117254,85.49108903987688,96.17362703066642,24.136085484707127,76.209567058172,57.38692169072057,3.180736707794274,54.29163499329398,80.59404029893552,27.612278334402653,89.73616239704609,23.62604068746369,7.647313264405431,0,正常
15.993930943956403,83.70028687209184,41.73059190395283,79.69455636216577,53.12330609895951,48.055912479443144,80.69131514924653,42.34876117123759,80.20327310663683,10.066216496344559,63.631081553925654,70.25870565519847,89.90973961417427,22.432391871619494,60.42198800928516,43.3256563689223,38.277165554402906,10.671355521195746,13.423333059494224,83.69884614476463,74.9753432325562,38.23411302911005,82.84865813896309,8.076618482357844,62.47739170331686,86.81760527142883,83.88642310312494,37.27827599418598,74.52338530569891,42.746814551987754,84.01381643899494,53.0761950155023,76.48570491050411,7.8571582291671715,59.00259716088628,55.02841774693387,2,采集前置异常
60.997672173516015,69.56416079155902,91.8108970034142,78.56820817760311,21.96379914349047,82.5896269292096,12.207967761509565,62.21985856750696,88.27538082459432,10.112205421490394,84.96926533102605,79.86207342302455,50.377543383907074,30.889760229540407,40.543822807154385,96.86581357002117,20.169755615184638,57.960428782989524,8.324074787868385,21.78930641891722,76.33163880745207,30.25990403605272,98.57660705627346,50.081704309384,51.653932530774284,3.6314739335735258,95.6526749577266,17.423344088441794,53.83405988104426,39.56746099587316,41.55847007446057,64.33001660361084,66.20886770924774,15.428861485809687,49.95866531218922,79.04774491418569,7,数据库异常
44.32864835522295,16.58044708265801,31.32169431566907,21.23795641050702,12.581746791483706,37.75811274353538,54.09362431980751,7.275152527663176,60.382337222818336,99.30244401696075,96.41249320200836,82.91734819991589,26.6341112802403,2.2407596479367298,83.3541702882851,5.572023197871323,20.56280814707704,54.445321544678436,17.837803914364358,83.37883312986419,77.71596962598291,75.57695057372497,81.61276158975765,21.970178026461205,72.88923761497493,35.52815025917647,66.68447595683995,12.202172863117477,70.5586580064515,97.21077279007795,4.360036531871625,9.382890116708476,12.363676733801388,43.05639049413013,29.07801849330537,80.69201535406937,3,消息队列异常
47.37872392009616,48.45373426885524,71.70381013253537,36.196898253574574,35.32072474204635,75.69263876274805,78.00417458367647,1.4398772532819515,14.379047584073302,21.309818114847978,35.16004687578763,29.144808343195304,66.85200483882765,82.81352338029582,19.208698235602416,56.29800606019484,36.7816251081036,50.577787504606185,62.07578417833939,89.35998186820112,19.22926678272807,8.700658705606035,62.721191904535246,39.41308487726265,16.290269329298855,11.70871673548447,55.89097868740298,30.047059452819557,99.7426379585978,40.590081933071396,21.22866087651827,62.88490451172778,24.42548896905069,49.40860432311611,48.257618372100744,45.35576297157372,1,通信前置异常
79.60856962695749,21.66130014661839,90.430730507047,79.13405032135343,33.312236424332376,18.06025062801385,27.95350245067413,33.26362469090783,55.69331688070467,4.6368168813650135,91.43591298520532,9.867485666111097,27.927339410003484,10.928743795296658,25.667282652566016,83.76738186088085,61.51758113832423,22.732322508948066,87.17585297993377,80.07120592184847,75.36492823215806,84.76326983857129,61.96496815183151,50.14373602112323,37.39350261713894,22.37640204076984,55.741165764689484,88.94923457140884,59.3981788992325,91.96068617206367,35.69173695931636,69.51379725274977,64.86654724626412,67.04338440627419,64.50420122407927,22.165467493711677,0,正常
14.359089828314897,97.86282562320586,4.52951288425012,46.77364870282703,42.50803171418619,36.001895821507624,78.19838535767096,74.5350288312516,90.52249235299404,39.54875261869222,56.41795279294597,89.23070473421207,99.38480628553845,96.9294362365355,71.78438712687341,14.32275578101796,2.3186011793026595,82.52183564029419,84.09420244918255,74.63609082634696,27.99234859992201,63.981785959852665,31.624844181527422,45.06482461009247,38.24350849805105,91.36400867900556,23.415733074387557,57.76109045737502,36.098152903385916,66.30711119142258,56.456314117747496,92.39776813659405,10.161215170121318,22.06408397567634,76.63479638310558,36.87868398948434,6,调控管理异常
16.578378622872393,50.33212592453877,65.21420616113862,4.482671415349859,29.16218893674447,80.94225376960429,52.02445666101943,3.537921517331999,28.195100527470085,63.91406559794214,19.935946957802475,82.73914062194143,67.65759070836643,47.13790609477931,91.5623781066785,39.18007709246617,23.507341056408528,66.14029925267009,57.32951874701485,33.52479009312251,34.366456132397715,39.82103086341018,29.11385674793693,71.02414063609224,65.13584050512054,44.07776525463927,39.78546757792372,36.50512693597051,28.346832139225352,8.569666315705938,26.820468552250055,32.120134869306504,54.76840062653433,77.37885090780497,39.57021448340316,94.47569058520918,7,数据库异常
82.73499634411624,98.48018478837452,87.62030410414818,61.67259493093792,59.84792878167189,12.952612675421705,72.23992488915677,60.02068575926713,50.69321033959847,69.32868725572887,44.40478428379937,52.385966240828616,39.835230480325635,71.73708933706898,87.66109705478881,84.08449391326026,78.60252720494688,1.3787704544550916,91.18804638774594,27.487572072339393,88.7973942963376,19.69681030893765,43.96457514247373,74.93987943269137,64.02789452771725,41.59219380294299,67.86238567402783,54.89495100466395,27.573630663553228,64.63294454971398,20.424708634452337,69.39882842591655,0.31108776232428026,54.87725137617697,40.1067627556141,30.31037738019473,7,数据库异常
51.57079672346375,64.5311632535888,96.53122662134649,83.30644898880976,71.71498830838108,47.89669116791464,39.21441196643543,3.2529654585997214,35.90969030590482,84.83771386726166,38.402458197628995,46.158499906214644,27.183442402490478,27.413275881336673,6.187176089174839,61.38039256198008,44.806940304534635,60.59608074907946,54.688690002885274,79.88445872971748,75.10119123114727,77.14538531378794,49.92390069416756,35.38813513539305,93.34365905329528,5.426977371655395,15.262130785023032,41.95990921766397,61.39576525680111,0.8200374806721644,71.93228193111419,55.872654278991476,48.47027586769252,42.34950388278682,51.94870317406245,16.17857344817476,6,调控管理异常
10.871173927698251,28.96374787518384,70.95047919853246,58.828788383549636,48.01230176190126,57.152096589596034,55.92580130393432,30.704192548992538,9.745594724472584,89.67823686630506,59.99112626239146,69.77479996808516,46.39972243669551,75.64805799765625,58.44972639786672,5.380112209719023,89.00970353936911,30.553614678788687,13.789077742133548,8.804100770431578,72.04403138421108,70.39683668043598,70.01621248132707,91.5752772681566,34.89430219976515,56.11330563589232,61.94955829943495,97.94818285664626,31.23461437185918,95.63311999039405,14.873433308238138,76.40014560278419,63.288590002041275,81.68960372719874,2.868557363984714,7.813104293905582,5,数据校核异常
6.969577956914586,59.29594554972878,60.293606757553796,90.61048893549763,46.76035145184449,6.804905500496394,20.952940162251544,0.8073094817842907,77.6714525128405,81.55994368807745,99.7940416284136,41.21944490530943,1.9298375401592516,23.47298814903722,58.77688676632958,96.19429670527364,10.35785514707943,12.15730201607428,70.1758985278943,66.72070550215496,25.050635531183307,81.3144791014519,12.87787554774632,92.57418447767598,20.10319303324214,8.1352372723005,33.95220864738546,18.784128853454497,52.69412250360329,68.68465373717261,49.09215784782912,66.06073318109776,36.49205143999844,2.792259723863999,97.4064124225149,81.94135045399953,7,数据库异常
7.341882408462808,44.91763961563344,63.50190700718746,19.05942705726379,57.79886113627715,53.364861811768705,20.82651885347048,14.121030927745327,75.89622896186374,32.25864461496337,24.404053384224333,73.78783528059887,73.6068692022982,27.640165633622914,87.25684612518538,68.82501650723424,34.57642178215381,42.74896501846589,72.67096859306179,21.1583832895492,46.876079247522405,65.35583422580996,53.94985480087132,60.83283459044932,54.62124994767797,19.922744379002012,41.02053449726214,53.19854954775457,78.00627423459461,65.39042371695426,42.65909451859348,97.43998321591455,10.779552167972517,20.680486855496838,34.1312610031664,22.857207698791015,4,数据路由异常
62.54419968060113,3.9550729336255253,17.743678427341592,29.33472376586044,68.33457750793166,87.58648825811281,79.84917705530545,18.208093325025487,56.54057584410691,3.0022645344687238,31.053677535286116,80.59837948283267,45.666571374333955,14.994132227583457,43.855338148831265,19.803292546222828,39.319145786396284,48.78334727478434,34.955811251102844,93.69689504338609,56.253029755638195,84.28926739468967,76.07285470555803,66.11663092677766,49.68887483025822,0.21737837815875016,61.346760055208385,35.59574530024977,11.77621668013188,44.46262636120777,73.55533222833047,96.1677794698704,37.410489112208204,54.27232987049767,85.1244383363585,33.399941995001484,3,消息队列异常
14.225724497081538,28.188183123268907,89.9122829808388,15.939310846183774,32.92210610067821,46.46403105003406,84.711322349092,93.77132836529746,42.58103096332548,93.19540483535155,16.145909485775455,15.68522918963704,94.92508196347978,50.96801335283312,18.590783535395396,48.799037057556184,78.32111553790514,82.69203657235236,86.39692566492423,56.957090308741854,86.69460143678803,51.003020880325465,60.705990239107734,75.87198022716453,42.54352927105085,7.358148713877477,35.01663568576976,62.394421679596036,19.233236963947686,14.838536349964004,29.30805445914376,3.2111462277821357,74.34228980869197,25.871560218833878,12.423839663659953,69.91294159634353,0,正常
84.2928012543288,1.987559586177845,23.359977074122483,94.52323248695834,38.52541359327753,93.85920633819312,27.421253837067738,21.8067635571932,21.41084117279959,8.522866042493826,89.64322885091256,97.9835022632901,95.45088072716379,85.2028139827274,84.68879076509752,66.10854671689876,82.62137119506136,20.834236434304778,38.791263038712856,64.08362932947479,87.47713325615963,66.04694623687837,83.90219583342059,47.39495158492974,71.73037377050443,97.99808063750866,15.348855712975773,92.69206923158899,52.236394784190274,64.3218030730058,87.78690069105127,40.96541725523169,41.869257489005065,52.71818363471004,1.910208449685058,49.66661809433508,6,调控管理异常
29.10872649942303,92.79541823917813,8.773529875303133,45.93204620198018,94.7468170377361,90.10352503184775,70.13484423745501,58.93610519960747,28.073093713284013,36.69571127524548,9.013486475412725,78.61082977582376,32.38697679038117,66.77818990302073,35.759477719861344,46.43304413962627,55.5002472376395,80.18524083906036,21.11563775406804,39.87653868298564,13.008157189181757,7.57605049212593,60.467435616879186,18.909104435890267,5.979934192609882,89.70979312064054,53.43144197853958,13.462820740298465,5.342612744754971,11.986005341365614,47.13372403206141,66.84652551688977,64.12800749860456,14.44230862644985,63.34889518377088,40.48656242175994,4,数据路由异常
46.474378429946505,80.14304062453171,33.24993726796384,14.699904716335377,87.34531335663405,21.2130575866338,29.40298705546427,70.65900589026224,68.35503170576072,80.04000212838287,18.386664144794107,35.22798933142033,12.588323895626107,54.10391471686042,29.25705925387012,68.89356410085628,0.03443679845410719,5.968299845957925,43.25603005193434,95.81841559755685,89.08513873591829,99.40090280619832,41.68302248640449,4.656848627375155,30.59561420197624,67.57708521739515,13.516380976741527,29.997217876000104,5.616616454485868,47.496703839023425,20.89206776950879,9.124802689900235,41.1215809482479,35.122540437415495,53.75177369454923,74.9038655313639,6,调控管理异常
11.256873642650522,79.11255902100085,2.6289979875180114,44.31019024958478,58.7430286885882,95.69986731397975,57.39230268696497,15.874919327138858,51.75418053439091,39.57839471914162,47.93555676002437,19.709701465908726,50.08270423112718,15.003976429087684,74.404308069087,59.390626022559786,7.8527691591783295,88.96144679289797,61.637960461563836,31.610705512783145,4.564239952731031,63.2226695771633,37.34402613483368,90.76181048784876,3.487783271417455,3.9102435342243336,94.92992869069354,96.48739456795063,2.77422267726386,71.60332349413275,22.149485232884047,70.13927662860725,86.87327966579836,10.08314788622754,23.8766416762042,2.4077668326494828,0,正常
4.38298454444408,2.9617858217774184,80.06823564264145,29.829267843077666,49.32114395719891,78.78442635970163,49.494366270671804,42.91960626245961,1.157320648945881,56.803950253675616,12.474307813708641,76.46482407910263,25.773772381501956,67.4187410808655,64.62235278246794,61.66756029300201,26.695200753719263,26.708977717556813,86.30480434413299,1.2807332630426993,18.15226334539579,61.017091764198504,81.70462544031697,35.83455086728586,65.34434586108001,55.71564196202363,6.45401044820354,62.17501969306781,81.39034722724935,99.24483202994094,2.964007265172286,66.0058172583868,41.454955314796216,0.9787888706205283,61.43609437085114,12.24272985556355,2,采集前置异常
37.85668501891366,26.13670924884023,36.11634022710993,49.26955815009496,35.92095324895145,55.27318705895392,23.864969023285376,63.53617674283816,85.37630041248534,22.40670469152124,50.78772158556225,64.86897845498886,56.46261312134161,36.564944619222594,64.21997080057483,2.824620621007623,36.9906231996433,53.261221464100316,2.0613158835864676,50.76488296842998,65.42544607656284,75.9207697713045,11.33740814094304,99.05648748916948,60.616770133509554,36.319379261232996,24.90928544567138,57.28968616834146,88.17116471665707,52.056539614136476,66.14720556049602,35.76964395405602,38.81522880889726,28.617510577189197,70.56372943682398,35.91875534165651,0,正常
19.071640404123926,36.94005711662379,85.38272078327563,73.82520435769234,33.46408444635639,90.68089648367024,7.483263511746696,4.975379141364322,12.747035478524127,11.64547558586031,8.783431501234052,66.13426119979924,60.084237965542385,64.76055105817147,68.836605416203,75.68797524806799,20.717692748641035,62.23035132347998,58.004865933637326,94.36600258034737,23.236772423964858,5.87229343743314,65.34950697145432,74.01728402367118,28.319600580755065,57.084843093966896,5.953606553415058,96.0044841168289,10.992497329916862,6.75705361519957,4.4110159494619054,42.72719065033527,9.715974345719003,74.46482409555753,89.88741606264057,26.021893232485706,5,数据校核异常
62.87731192513989,4.233844701181777,38.65644716927954,29.294211342772837,22.861909644035883,64.4723489628699,13.022794635853629,86.07105232969884,66.48359063687347,71.07351786880581,93.53443086576682,94.23728715025148,55.16523238192358,49.53798172859805,33.53816082269101,71.55716102024682,53.820888697981296,93.28750797401246,23.862594871260534,31.025268625049073,31.609044741996872,80.5998454556707,9.904033184215233,45.56491209889797,42.75807369730473,7.313962101375859,41.079699854434715,51.33779832839813,6.510469250491324,50.986212844466735,95.92379046834012,97.89143231615323,53.16797785898112,51.5096932602959,28.550816641639145,99.71154717121016,0,正常
27.422917102522604,45.29013004399564,0.2934057802676526,34.923229090913686,7.14403006088239,74.38247703851323,56.10144530299323,57.21718772876565,28.6511285899703,81.48962902529736,0.3270925331250174,33.360117916419206,65.94974904588678,90.7922537416921,23.461595692523307,54.11000517274181,53.799142053332105,87.41743690436998,5.051688955984234,42.447556107070724,18.246567479193153,2.153260029859805,14.703094052048282,97.64706728481991,21.48485095202679,93.50307733358,20.525434263094166,93.12952273844844,65.46209352003144,11.321857750192677,58.19151551265777,31.851403754027864,38.31531559780702,44.017095783497304,42.270702253033456,66.41088904830289,0,正常
76.83680685907632,32.91776892011213,92.43639616856898,93.84663140188765,4.06904371511434,1.4908788883018498,42.5066330151061,59.064525098765856,27.79047474520616,25.941375108577436,67.83338297091906,60.17042846555698,16.714687499310966,88.45009632651588,67.99760701610698,36.25762491690083,68.362468999115,11.265308676781594,46.825612457405605,16.89844095595593,4.143124612843662,33.832627028829975,15.073548348078326,63.35179569538247,67.40678940177102,14.869230622660334,2.4613005603426275,79.28105616351604,0.20570207285622866,34.39130891837887,49.45832980456698,81.86421885384328,83.85586427461406,72.49394406104554,24.719762253989785,72.01869343191709,5,数据校核异常
24.653919787694168,21.460819173170165,54.71279542305324,67.88544438340625,5.30517659116806,6.002260112460844,78.41706868167898,85.94972509654798,60.4440916341894,42.88280097068859,84.53164795991859,72.88170327753302,57.95941984312686,31.975712194876337,19.799506165681624,41.86730392715157,28.682257596021156,33.925858773446095,51.56310553120325,16.909395695160978,80.61766800738255,14.552946171476744,48.09936394209524,74.59713380804367,48.502070768959626,36.102206358863874,47.489130582275095,84.86706988741405,99.04316982839576,63.11432892894355,79.34440426487008,1.4488686159288666,88.03644095245727,95.40497599279182,57.51693417575705,75.38048620602198,3,消息队列异常
51.27447429600749,28.62037404555897,85.22479719830129,59.68367119959418,57.9383083791407,65.91322038412063,85.60031658288484,73.19061257709643,21.112419421574526,46.682354440731956,98.02983319862062,55.456071376277464,93.82453534707986,81.33694863130559,66.60234418087589,34.936520265975524,30.4319347525439,64.3421065297588,43.25612408464108,79.87536228167271,76.04567395401959,31.21304867385143,70.2728783061762,49.455019009718406,32.32921008139971,41.296659276464,89.5351867212262,35.95176921225405,28.739927331945804,35.18072207101378,21.46184362086917,54.46349873963287,14.743643632253223,81.74437864369165,22.558024724562607,59.80550275396457,7,数据库异常
12.502549891989357,97.84531482143262,45.45754588936472,82.21713407588145,76.86478356499838,71.36930471456789,82.73648712046098,10.046360865970582,67.84971974719622,26.582723527378114,78.58716640665898,95.68687598478888,90.14895298426958,11.495222247366609,36.9552420672821,36.43227571975998,12.22962663595306,9.812605334682745,38.48901349691817,99.20715504965113,56.894265106627515,62.17816286042562,47.10189100186823,66.23305523040229,95.66620807447696,58.86979536143918,6.5038459721193265,49.28905691681986,99.27512732519513,38.74027205942633,59.388123721447215,10.6636763428817,14.118049873656691,87.46814531539626,30.034462825161146,30.5451273354593,0,正常
38.72129960023282,96.64786729045225,8.439049603687643,81.8764102551335,34.15578764659865,84.94680259854749,99.17556495045424,34.86674102117478,12.935636621235524,14.437549798292826,75.87408909491859,14.492155233813653,26.04215685346366,20.439834366207975,35.567856403098254,7.436657514968747,85.6742482407258,86.01463118009936,41.29328984826898,61.20875690234753,64.19515709043047,74.92581153459288,52.06900875440511,51.0336045441686,63.13037773282109,70.30483956698775,34.66903770292517,33.037047326881506,26.971840409590918,54.88465553127485,36.01556895557724,54.03132677076319,40.59847658269216,83.67341825526609,7.3130239745460734,57.221059360467464,5,数据校核异常
57.56237505871977,38.371731053869986,42.10208945631432,80.01313608829285,28.067371026033484,87.14037914261628,89.63433041346933,65.0619304402196,77.28577137080984,61.29475283544884,52.52591137465916,96.66777542502297,28.265496422746416,15.415094664311212,28.748536314251528,61.462560837944515,18.518343810114366,90.88140432263141,41.10244006653927,84.99628782918435,24.92365445288167,31.316835508274753,5.922339717249658,25.776769218557394,49.03138189633014,94.61369177232423,38.89029738914982,63.97438794833459,42.7710117468788,4.679185076794123,50.353262589670265,6.591364670392085,88.3699924597536,75.30369619509139,37.86514712523662,64.02186661912897,4,数据路由异常
11.20281553133321,70.25549869626508,82.27324089914696,82.17456485382345,28.427754769065583,26.374619527682665,52.13976879026785,96.77721619298484,92.05229776060852,35.96384817559818,77.98295061830441,92.13177640914574,26.092646571760504,83.02956496029398,26.789562690917656,34.328212588721065,19.882069085075415,50.70797990727135,84.33108942612412,52.80521374355123,12.344000969309754,25.177593222717,56.28618672813389,58.31874555705602,57.69059035448698,7.7003492506215965,75.36958926347542,90.94281989890067,51.05189477298999,71.88292867718629,91.40154920365512,64.26227549480159,67.43257244310512,72.14044133839546,26.050245145406514,58.267787471682745,2,采集前置异常
84.21751145444563,29.616273026075067,89.71704995968602,62.0381949765632,42.317485143305625,62.3182961400293,40.185990568907634,83.80356018481746,48.23185800675971,90.12133597543367,50.980808084782645,66.03683896373872,99.77444210068505,14.696584100854116,73.67291487334057,13.887222791593356,83.88663657643963,59.64533811620116,93.81595606064592,86.59566019448684,7.487203746882343,13.730254167886091,60.11709286068252,51.83146399420748,16.856513061344458,12.93592282716498,56.39907834416131,4.892154797499948,87.3735302953439,80.70829198026205,78.53699717110894,1.5997147040741067,4.764094341273795,54.98391211507286,99.44256888941777,34.23162009713517,2,采集前置异常
34.43748164053439,13.427796686198334,67.43358037395014,64.66766889940057,10.132241637915907,46.741228706835116,66.70749088219743,49.3516136321927,67.43635818647556,81.62703974314897,68.58154331217676,61.611423583052385,85.35902569444931,90.05885678697881,38.888643717580415,17.324988772388593,81.78604040080506,21.375310729948318,92.89506697490857,2.287794522190345,92.12711826193035,58.91829926120627,77.47421165128814,39.84925870644045,99.17162919088801,22.75514275662904,26.434366263817477,5.1432444037472935,94.04733630614382,45.602930359867614,67.48524147193493,68.74407274628408,87.45020922826777,66.49252506464093,56.20211823041872,71.03185241910435,0,正常
75.09707990031265,18.592794624848196,10.9667038976753,7.484885048556311,37.40534945225367,49.80002398377452,61.564989828986086,95.80345196896101,33.07878202070063,76.08740520772744,53.13576195948849,22.008993208691685,61.53054291287591,96.71761782897036,12.43082992512724,50.727976454922896,5.160835415052823,32.121629889636225,62.060267759399125,84.10569360307547,73.0328421726071,46.28567782154739,90.92227571041465,30.271466502377066,75.39834102251663,47.400902174766244,89.86357546727757,79.74328216537602,90.14696613070952,21.42478489420734,66.81504321162079,73.846340808164,74.24142652825937,50.40004504673375,1.125052234795254,26.143078386907494,3,消息队列异常
32.33008750043811,85.20366172817614,84.08858171042203,10.468010403778328,94.98358817712575,18.245748665149097,41.43594513009211,21.51569661107554,86.03324688293574,74.94020318593118,35.352880688780395,68.18786260260555,18.436688417154233,38.22970923760016,37.71075883381082,23.793668172139782,87.63120495828825,67.88457354791262,27.993931056379928,24.21207606290373,1.7953470999239052,34.65822537923546,52.67712833153182,27.77109419083764,70.045827642977,41.17495290112663,31.631783701066784,93.90576587903313,26.280087728813907,39.82576200966563,38.229078852077194,24.119834567124833,21.74767398104167,30.23800188134036,86.42361699311809,76.70828872292905,3,消息队列异常
68.09995141600523,45.71029926424934,50.775398463260345,26.713884549346034,7.431591383591762,33.104055672048226,49.55837559923661,5.731304651933245,8.823330205710644,26.302523288456726,36.708037359276155,39.33168111187052,11.788606628800514,22.58213545347888,26.164725206360874,6.76348762012462,32.60997005896973,7.222157275550723,70.345784310967,38.604776655731044,32.67523893783747,12.65221715036069,22.65036554448958,23.270520893912362,98.5204214873303,83.53493795084933,1.5262291633431624,61.683659076847974,25.591009642192375,10.437692881958426,70.55997631197548,13.160554946834925,44.374077952973565,63.21651648399242,55.44947561549887,97.7629098302743,4,数据路由异常
78.57426131225226,77.41933761274898,35.55953940810313,0.8395492084141698,73.44109296706883,99.97320842956724,40.58791077436156,98.55184989571174,14.170810953434643,29.651235163671743,17.072693174247068,47.51759729268158,79.69814015072204,34.066169153795386,90.62289371518715,54.48304133297851,46.542441374187725,78.70358421952763,10.144349704178456,77.37524712106747,24.29520001728267,28.081254718323756,59.945377332007986,90.19344250462052,57.840694977086486,64.8949348794487,77.65945896052742,25.932475899248676,82.72336728041425,41.79601490671497,17.56556934911625,35.0118079461125,24.61311117182253,22.871360513564586,28.256319871916613,18.09308147420895,0,正常
66.77017570826429,57.99917570351172,64.84418929834284,34.37247238281604,76.97334025740443,12.960874095416475,57.11367094613602,27.545297224647392,52.760990069761135,32.36371752402392,79.05117650912953,89.12718388380945,74.25812233716313,17.55837128492468,27.48668983883623,91.93580655184158,43.722012765820125,94.11804093492668,39.24516888622668,95.17746605906638,92.5738987733331,66.05268899866162,0.882704846150284,40.03346819759369,91.12351296955958,88.51102891081148,18.738780009611368,39.91824959691026,83.55099278794717,57.78778532500544,84.72992334462006,82.6567384448563,90.7482006952483,11.72205881945817,14.521514145351567,8.280902896905252,2,采集前置异常
93.52688410954316,47.51623843778931,6.432528348244815,32.15299025140412,35.14126411299669,80.95598234767573,73.5476892170923,68.9387049562569,2.186355259137873,91.06957964263788,21.555526691574155,62.90614046926778,6.181904301141916,8.152609187205451,0.9577296130122148,56.59276445453306,62.93796696169047,5.046230323322876,29.04848847640389,85.14544141780166,10.130836682291411,21.654716455333123,42.439120847242705,84.2274102633116,25.484905447520422,99.71370153633421,35.52618131385283,38.64486584836231,12.210620423079433,68.01979008565307,24.34651827844816,62.88675952950463,22.31577284029266,38.78722672264679,85.66720919544176,73.89059114740701,3,消息队列异常
15.459089994372343,60.77081673741014,62.864065167380936,9.056847350186104,46.58056543359358,26.06683956676079,46.7130142763483,77.70709913228751,15.825955981031969,12.330420558804377,26.931649510577294,95.22754503465832,74.78242111849663,1.9455862814546587,40.100484248337665,25.73979790803852,63.81445683721739,45.92924535341931,96.44985248639408,21.89784509842382,58.78564159989407,70.02100149902226,82.55644893453817,40.697103042800705,68.69219076574815,30.320147138428275,43.547609236182026,89.56271312033992,94.99076093309543,71.88173469272647,37.4351890776185,82.00577899746641,2.5867081725420182,10.274591053942107,66.13737363753611,29.124857527005744,0,正常
95.13862184004778,43.606061209230475,42.9364820389177,67.80795101909312,76.75685623061896,47.55587381251365,21.400090171172415,77.33086427256217,32.03512748736276,17.51107692938576,63.164018992501326,9.04536669903504,97.1352675086055,63.2397264412137,98.58955209217558,33.889342347863604,97.12051611903979,14.556224772862357,4.069477234702845,3.298406045460256,46.487037059922706,8.300419747859477,51.216788416760174,32.75005035089005,33.56289924741156,63.56089965451698,16.30980061516202,76.6553370339731,58.20309197786347,91.49446288475109,36.48406537675234,98.27149920671255,57.58276467140232,97.34019561875338,2.706065404711533,72.7976322412388,6,调控管理异常
81.66215242927363,5.3173286676487574,57.896966401624574,80.19422935894484,56.10387252230728,6.381359040546664,69.34472408983115,6.059691467330863,81.74688950164385,4.303418330669439,13.73973810103708,27.51075905232685,63.33647922608,97.6359099631306,11.782285261993442,14.270766921391843,36.887039670098034,83.62191377553202,46.72309527508142,32.16106002558217,56.120383220886126,26.052319744575,40.115990724752095,33.260514923204184,80.41410224146459,92.42557264380008,75.95721921569118,43.90835760299835,50.43349774966638,12.507369392943568,74.68647111345378,59.64756793950441,90.24399961374364,20.06111435751532,75.97261219326121,68.46716617191898,3,消息队列异常
26.58455338097522,66.73786395408251,92.43733805766496,91.84359876671189,71.96265745161413,4.80731125340601,87.22643373201615,65.777860700454,31.043425318273442,18.72503617056993,11.620386299731711,5.0236899257760985,75.41032479507564,23.584299894327533,2.425293604325507,39.72706518419893,48.26070805923389,16.92302309001269,4.404833616254978,18.912548309806887,67.91027618365743,8.22436772512064,55.50370305569938,14.641198790816667,19.568917358041936,39.307788326669865,10.082533605373134,17.320350278221287,34.895241145135415,32.96690054983669,74.92714856757318,7.478230512642437,86.04507356663434,81.62321707394548,76.59916396919384,30.937236246313248,5,数据校核异常
82.28817855407875,18.28020802892808,12.440920585502823,4.4956333489487355,93.9310363005576,30.80108977052737,91.7617880177906,27.26135615193297,90.75659593363496,90.39290528460883,92.36760450107128,49.61534392841938,86.5946286798892,95.07658961673202,32.461694189717946,41.887440568255506,71.9240187335744,30.03598217233009,75.38093089126589,7.389214521353393,52.34983842885422,12.23134840837452,29.332347643667646,25.8625392486472,83.89320735626661,19.351725540619746,80.84479201591189,79.3960345907922,49.88830555572299,23.38432555961296,22.689633995622273,46.49246471158478,0.880900739351631,53.135075461136616,95.27795257670554,15.47068818625965,6,调控管理异常
57.33456214756034,96.17786886444568,86.05221394916002,85.03801163813402,82.1849930396189,30.90236060561856,89.06168312668122,94.1340351233171,49.57924232990394,35.457104725945875,41.422901560585615,33.420644183126555,21.241844202454008,61.84484702528894,56.25968862453229,46.258507103927556,9.584538668483178,79.68929647059998,17.49335627507892,11.456204339604813,62.30713954829474,39.864436123772315,5.980847535232947,35.55683549610582,77.17803522849628,61.52492052170976,36.27860229869968,19.18047916345881,63.179562080477325,88.75553009463553,64.62727180159138,81.29038546502242,52.1527838554371,71.79711067410288,89.62267737783523,77.31789782586551,7,数据库异常
90.98539533981457,43.113960211605985,90.42202551270566,62.15672344817076,87.00487660816937,3.93765304378354,65.78523819135361,84.79750788778986,17.420203364319974,66.17869334649231,82.49547142166314,28.794936963263705,40.5246327906392,56.95177184992194,51.91676888845621,3.9189393037135645,9.867209808541343,10.046657930436131,26.2267905499175,24.586411280244924,74.22223837867996,57.27443860161445,76.39760846452411,6.989605741087013,48.521423747160064,32.37755792652695,84.99393107557464,70.77891569099033,86.92584708267962,4.642712240606006,72.08234895666004,54.0008352159578,82.50000290155658,50.7160590925821,54.0209077901909,5.176738094206512,3,消息队列异常
66.85228650359667,27.313987560505005,1.9693922178820489,6.6437162506030045,95.72856089660256,34.6077289579847,86.8075628621159,95.96772340692559,94.32671888373227,88.17252406994201,89.48439124613009,28.90080443409515,15.146989026035829,63.92625620879237,48.81055918688239,9.874671869517105,67.75413160224109,56.286000748477335,86.30674008104391,60.91837956883987,57.39461797217537,44.07517233326279,46.27870698888703,95.43812269791161,13.844600940023932,44.621881858218714,65.58272339268429,43.30106455903996,28.321562704075774,28.735737076285485,23.365604625771574,34.390320058308966,87.1674775583567,50.52245503229952,24.023872807781842,38.45267170265324,2,采集前置异常
10.583041207856802,90.40357397387379,40.8197832091432,98.03912045930757,34.753877326251924,83.6356047227121,25.63853132914532,7.615289337760222,3.1733361673800697,60.616842664478355,31.15736716735894,44.351988047582836,81.86470356007953,24.810808569480216,30.865247673491325,84.53361850586673,49.27622733435041,82.76651670524876,37.44760034663164,39.83699808271085,16.713836177825627,91.63458535949664,89.67836940126095,98.42170145647735,40.24471271697115,81.86149417586421,41.49537316721186,45.42987889209728,82.99993935948245,17.736677088639972,22.03109344617523,31.472824039581504,78.81790325000576,37.26515493680827,35.81682082807616,99.88163452552418,1,通信前置异常
38.380614309947944,24.777053631558697,62.32136782009433,80.18799519550008,6.960783372315927,61.8892231138475,3.5735455880224753,52.63323509795179,25.69915637578092,30.664169767318572,46.70959639823826,92.7107460745587,71.06673065878765,93.68455962844963,65.99710045586777,0.7107747087859662,26.55851973476776,90.57725777203738,64.34455209677448,98.16472365702748,15.59640192182956,29.674783310651943,36.23676595170363,32.65578181673106,25.199153014988063,44.346571575677785,64.22981233693712,31.125692288669605,7.969992331425568,70.85325268931634,45.901655578126864,55.64823060900632,45.54006571639151,89.03575034549102,55.874499716638006,92.32768398517497,6,调控管理异常
51.057534155600024,29.258816224028184,35.544258717619655,52.212929358478554,52.99894378050086,68.73377015489488,22.449487218663077,65.88428999655017,77.85880083807523,67.65919894669901,48.18281098175908,99.1680651116834,40.48131591292162,10.659061457982922,82.1504215407343,21.22012188804182,71.3285572902442,17.897628271512588,1.6877390857939378,15.979860378902567,37.69886965758219,10.66182471297983,19.767908423568205,76.46262776843929,76.98836079771307,81.74882271909767,84.11552365475924,42.04358946137554,86.75496606935285,52.593687501404304,47.05971169360082,71.85363289957758,21.38184113599072,78.9497376827472,42.94658265662032,12.729541400376043,7,数据库异常
11.931191351696757,16.49067438467001,89.05727342437824,99.09378222590475,35.69737992012835,29.21438522052976,21.877097259433732,82.38164771672454,20.92074824188761,92.40901299302698,66.73503789712827,89.71277916691946,55.400985439414626,69.06798621824967,61.945810065770765,83.11954563237968,83.58608111858811,58.979299984512515,63.25076493297723,92.18759204978299,92.98664839649695,66.42497838951816,0.7754278173163542,10.4411214753941,85.79425317744162,8.47141163708015,21.35191808550664,23.05466802216518,60.023476977990484,57.66327978837642,28.94175234204003,20.761136556844285,76.45320298574758,93.54561556059761,5.28056799164387,13.318046270486283,4,数据路由异常
64.21639887057074,80.44414516714257,79.11886687763996,71.96831530826893,88.7427954498092,21.734887957081284,10.729094649194714,61.53629700913683,82.22758915234324,58.20435784805732,96.29974874589062,79.55644613917895,70.07918009092609,6.025729087173359,10.774223873168209,78.48376325911943,19.823792557702934,2.8835176078990554,91.07606857469649,89.08053737012341,21.848382723149186,78.02062580729546,4.7979661211655085,28.505800382326306,62.36669082566249,76.31789961583854,1.0399188788189573,32.620861327374406,21.4345560063674,99.87804057487236,67.0982232385235,40.567145287974384,7.565260198068502,59.86702575069638,64.17014709360642,81.64059275031352,4,数据路由异常
28.857685291936352,98.14280804800964,43.94657393139495,29.594375465949362,34.844933400145784,51.95860529671238,93.67015645071272,73.51587979194005,57.710964946378226,16.28103879798618,14.935331089087168,50.2196913813564,72.87087046016492,75.10121727551102,22.59143838762584,10.009951284725327,38.44609892537895,91.81725432440743,54.53672526693823,32.009976683177435,32.363766833912166,13.208704522218495,47.3223736106158,79.13626785148384,96.85586915273413,50.15949999579754,16.721491584268843,68.29503998028645,75.67913427452953,7.16997494231022,85.01391296312289,82.93223899958573,47.254105403911794,56.042251861586834,71.34080637109192,67.67481250628593,2,采集前置异常
1.6535978193209067,12.243530384848578,16.25905557812457,75.56758890720988,44.008356289238,54.55026263868251,77.26874368954842,34.09822690640908,74.8890227318773,44.22992746295596,37.71801877742066,33.30372640547401,96.49448154923829,77.19734107089789,2.0195940773529375,95.74154865182017,77.54396297266733,14.917471445425557,7.633812541131713,30.81940936594534,62.41815293460618,61.65466891494674,27.58501251492205,44.56749786574178,21.18901557137355,5.0578685166737465,51.69704674268787,34.69911342520381,54.288243229793,94.65073224704517,14.33703116953211,0.19620183109553269,7.687821328212518,46.2708296101629,70.69320298023236,58.0763603317189,3,消息队列异常
49.4894607373747,35.39631310924124,30.997417153150096,37.62861751049801,61.16349540090713,16.77539558655362,77.13620830546257,57.52532400931103,26.91563776114276,50.11529628112837,96.27786876851664,2.049152914519403,19.952264090122917,44.838023990327805,63.84397217798281,21.222826628548518,93.14039483761962,64.25720124246422,87.74319489564306,32.93179302503185,82.89539343066295,37.821921689944624,25.275177246120496,91.1655339163793,9.221847567885455,94.28887960564042,45.85152058676055,99.26254734858617,53.95946537350288,75.7488172082303,0.7071016338003999,49.666681996016514,73.74534716181152,78.2827019958449,15.804858260159804,41.89709503827787,0,正常
41.907195811933875,10.364080849905587,44.304550769146665,80.70929586960054,30.0180737618987,43.25745218938831,96.09586850621426,3.1708075891562215,59.152176789535574,74.34360917776291,76.08824340311784,71.59380248840444,72.64514434684364,5.901266567304986,53.413661913633284,78.2969071657256,9.406504903732959,1.2049922386867862,81.45618315996582,71.22943875664892,41.22064169144426,94.0396432574172,76.65980946514712,96.78609416065774,92.93152595474673,48.12936029793071,75.4708978643566,66.9191388807639,81.14452100924915,78.7688402250992,15.323197003322676,23.373553180854636,26.573157717756736,81.84985592170105,81.07417039291889,49.53353469394421,3,消息队列异常
58.08322592519212,82.69221529683999,31.259360067774324,5.01787769163633,48.25964382791672,91.37171438486718,79.0468260960073,36.661730310848576,6.477136048283672,63.691950538251,83.44907958705201,66.49485664546386,42.50746647630197,12.335361317907134,91.07742441373549,27.595832575338296,22.428703649295933,81.59766656096541,98.1219938723857,66.01602587447604,62.48104890245506,31.943086922106257,2.041345068512934,19.179786582270964,58.44304365565719,15.131646181604552,88.38358069313271,18.81446878528852,52.210445301190155,51.20132457687949,60.39456301296505,32.7434069718039,87.35342010653153,44.43015359750696,70.01535787365741,63.59108609667031,2,采集前置异常
11.715608311970326,62.263935270261136,55.0702677981096,89.86040632559059,88.08766364849033,15.095478741164637,8.168514558660767,29.459221921086876,98.66128566843088,2.1573776406316747,67.28922395728767,60.85137338409772,64.65782804578168,21.828588977074148,22.671734579984992,43.06420821738246,9.585780706695635,7.46132090189402,8.83594534860972,57.29791713062578,39.77418568978938,29.36167806572736,31.581937965130557,20.728330584907372,41.15053353219349,20.305806919996737,69.80460422993325,12.393251265393612,94.82420845808464,8.981894012728219,94.3460714279876,83.32949715204066,68.07121206133803,91.23016555654836,13.921879351737687,17.63147741869153,4,数据路由异常
25.21525920588158,24.48115267658909,31.084827092716015,57.563089827309334,2.8172611305104622,38.22725950399758,24.638512789259646,60.6629848052722,98.51693310515356,51.76546121833726,42.56852391184338,36.82435451451161,78.49492188798577,7.198093165072694,95.97705144601215,41.79178859880456,31.3700725825113,97.40681163997013,93.58788632432,64.1934139765721,1.8507374850401326,74.85349762065718,33.55574000420013,38.82802308542611,15.87421289773886,52.345808386489935,74.45525962037662,27.301111809306843,93.87329080433751,19.473685600295433,6.626234059443337,64.4363873349901,84.93187318800469,95.31328593075122,76.71710105165188,19.965001150607232,3,消息队列异常
97.76611848037304,91.94358760288426,16.316742276244746,55.87858269153244,55.551742593097885,44.25347781294708,98.42813302596888,5.96222371802212,62.720890844358465,20.53036226788101,52.733120473095966,77.97407717875188,24.672680316854635,39.33595464831485,95.07680742803991,76.14807377203095,57.27231845118356,22.199738780671673,42.53054374775831,77.40613190499226,82.05430781099761,24.46061981423989,66.20602104170192,9.500299212339991,2.321230745046443,54.86739234330212,22.43798542804287,7.891203124213286,72.98283128952299,49.7974588364645,79.62770109584505,66.39442396805569,72.980493991549,30.73605812958998,26.32758256832364,60.087489209526126,4,数据路由异常
20.008214039808436,81.54121156320211,52.292016897423856,22.6989932347761,62.516823232990845,94.50357350836177,8.20947265907741,10.934520731350295,84.383914686334,10.959377456687358,3.93753693529878,34.79305810464729,46.67058849215976,56.94444366906898,50.730023256424985,91.31845626581135,76.86681003916374,98.38102558617108,47.64554232253223,8.432960983917893,95.55306429428747,0.41131615890973583,77.60960138390483,3.128203077167946,76.12141906516385,93.79389398480542,38.926029733104684,24.096485121971767,22.627915251183083,49.171764415020334,17.088703575679155,67.2923630659712,36.83523574883749,32.310949240325904,46.128557625645705,54.258750243975186,6,调控管理异常
14.19302622587958,70.77633637968434,88.29470999053261,27.798691620118177,18.03909018294848,76.05054237190636,18.354172376564946,4.125516036295663,61.92432203827789,23.975141630535024,17.181040892855968,98.16027417145062,29.186498339972765,90.34432902155358,17.82187658886043,81.89771320624352,50.2018873048482,7.859476911599527,73.36052936435723,89.207337173478,16.301699033552154,72.55902423361754,44.505251907312385,75.38704532567183,71.39279481853058,2.6600230463005414,17.872103596715515,47.10272429322744,93.35941719120802,34.20734567548015,62.88734702801819,1.2083745514428812,71.11269215469441,60.30682627528046,71.53947466157659,90.4660613024945,7,数据库异常
14.649893311781003,26.158959600806707,99.5780892168142,15.628395850962695,72.06270065260263,72.50759105109019,68.29937462355694,22.744058931457765,21.513406321387073,66.6341068034788,18.625018445921604,66.15633317405374,49.25282820253181,38.662886764938406,30.023234937794573,94.75769333231166,50.80936577427876,56.1251962510962,94.92560846867855,65.38773180971337,95.78529277568275,10.636674052269846,84.66396317724039,33.541462802309084,81.04875250703412,85.56366241949786,27.14878861425558,40.88306165154789,72.6014354314904,9.905563089697067,75.553353433934,11.047292605474402,91.4455732268058,27.633929329635343,57.55993468673558,11.71535000762728,0,正常
26.94931546624787,40.395504348710546,48.70488766830143,0.006749764657443258,88.86557623804684,0.7674809558877116,77.3684562994425,47.05789123563709,52.388002490137644,20.826547933454087,60.73683503457041,53.72319091694522,16.423640662029538,23.811900134921913,6.690362901245717,6.628357208945268,1.3775785952426567,22.047432548308375,67.96612273970557,31.621538814235628,34.27342698673767,13.19053932554447,57.54706676564199,34.214364154673724,67.63168034302147,74.14594688425534,58.46928752483821,27.606953681203628,50.86077993372543,25.193080468230335,90.29128353539181,76.63857500825573,49.300590600556625,96.54571431781466,54.67554467301879,32.853547695694814,6,调控管理异常
9.546730079404709,54.37456448134136,86.04166115813456,86.67187281564487,60.45670666827484,39.34383632342128,65.02963080906798,76.21403545590395,41.16247843941262,47.62541692149254,68.0616307377943,87.66526061027464,79.1010378142275,2.2391369320348686,12.437234378458783,85.27781802855218,83.38228280450336,38.88067831487092,58.42779223576656,90.58449824286463,91.15586810070964,78.30928457608908,20.958893835967896,73.02828073539449,10.109843234705663,89.3938459454569,14.914880357871452,66.23486401114509,61.02432742523487,77.68996558795831,55.15775023584555,5.956657537573218,70.58462540441491,38.315455883526795,32.02850012191099,99.16735495337348,4,数据路由异常
59.039976595972774,71.07190732694113,52.632613693564835,76.99726459516528,75.20727354999752,65.71461156801604,99.77430614437768,45.97935340831377,70.6192348298155,79.77779628049181,37.603470959454434,45.71750275536186,96.91672663905854,3.229101712660809,33.529565396091435,48.62129623386699,0.14649930691902346,89.91271010066117,28.624440021215868,25.770483210944427,82.03261953537418,27.798322850247537,65.76225939020223,82.15031439019592,79.24768477103724,78.1950737425929,8.863756986523486,7.984696757236421,30.677003573738748,3.5947881196017772,50.04297365192644,39.47820662702183,55.70259125431492,29.878853866969045,48.575400299042705,33.47447658590538,4,数据路由异常
19.52080922233086,64.9366681137815,67.34359014991853,82.92316927497501,87.47517831537249,70.44619043679154,68.7498086697512,5.66756653364725,10.977924145817152,81.25627103908734,23.295126162363154,35.5565060217083,14.529735367587682,19.5151968574919,77.54172353702063,26.18596195155383,44.90349662641901,15.167137305923928,67.79299063160987,72.82697341334762,36.16923178987138,78.47466461227506,23.990665192212646,69.1903862100156,72.9964581420454,96.86573777887763,23.232166518671626,9.371048004275274,26.30354222897866,12.286219658211905,16.969430849430967,33.41145118559744,41.399074672200086,90.37242257513796,19.56157715000211,97.17589759212161,1,通信前置异常
81.01532098961717,88.1471389893441,92.94439897402434,75.32411971411207,78.87798316170611,43.781829660561954,51.0450234676244,93.24854267666342,37.825591155264945,4.194707306420719,76.2754385474773,57.31575117175184,81.48759623433116,7.555126661096212,62.12319904757898,24.7705887990758,90.3268594494484,10.990993974174568,84.3069272725063,8.855425197191035,2.5097355496998097,23.505943004192233,33.30445409266838,62.652877181187115,13.17245973610538,43.732993359107496,20.426360210287374,85.53033215470633,4.496650795130497,35.59377266885211,63.13740799691089,91.3088178051939,86.79934226938953,89.51919995171636,6.285329368298209,84.09232614634595,1,通信前置异常
77.99125785441191,90.24316492756189,31.157626725800135,91.17651062733667,40.26410850864478,63.40996855258,42.41789912069983,42.764843051565116,54.663701879490155,35.59267096208225,79.27369942692357,63.36387354152389,68.97557615389456,23.10348002217636,96.95752884813925,66.01760977729654,19.719586453039163,75.04902434710338,17.37141032076227,6.338489629950839,52.75533961458343,55.35239541623472,18.89655747315986,34.8378944292159,94.5769295678697,28.50032320874899,15.556806076536866,99.25619586654541,30.230553638046676,68.02536731460786,23.156018143926637,55.01211969863894,38.62819866096155,96.15792611591885,43.28058745504877,58.41741841817242,6,调控管理异常
94.47662659001472,98.92342999379551,10.16583640049965,83.4320712042389,38.21164941872488,59.48287062056128,37.50480789552455,40.111620565479235,15.885753598511155,57.276645842786586,54.671594594472474,18.935578853839985,54.17304293339414,97.31018826310861,71.44085958537897,48.09825595833519,91.60839855813752,57.53143565053058,13.504799872780337,54.750964781245635,18.09731153658678,76.75048387476743,96.71742142947083,36.08185845433303,43.49178801251945,42.149646683863004,28.529997579488185,79.4179964878631,61.77283327469959,6.405155685655961,83.88063350231356,18.708823115320726,97.91511617091211,37.666313900256576,61.64496471503238,7.78236188960304,5,数据校核异常
34.466327468835665,80.23539573607815,47.72084919532584,90.46034835440229,57.513844105080715,92.85721953957477,98.26099070125561,45.38945595182759,56.5156572577808,83.49206432512698,22.1533005535813,86.16295737811096,59.192014037726956,72.55001353845255,7.985402266344521,76.61876834534036,31.078690457365845,80.5232276849842,50.91525383027069,27.46143348156331,95.27596970216541,76.50623977114992,98.5686073873647,36.44698984122038,64.92196335416386,61.158867786372674,68.75567410688029,3.8316566041330824,29.17193238773741,90.93375737908073,42.382005487222685,96.06436790815472,21.350317264497576,99.74239734810894,69.75809089595323,77.63934240664878,6,调控管理异常
39.68611722025358,90.70081212606208,54.546290095862204,68.0938380224635,9.4808271336286,63.168070089289344,87.90789882621566,17.828322821598807,73.7725934634846,2.540075899465455,92.6203016562519,98.29171160311863,35.418006679809444,10.707384971533484,65.8576368163145,2.9834514147479063,48.248628129718675,27.177917513788653,47.33390539528769,1.827551473835698,5.161218307070648,1.5975828843382334,61.9131870047114,56.00929176752085,23.315799853660447,64.66431289040213,88.4207256894975,27.732210102611365,83.19938078789875,66.25091360021815,3.382044317298316,37.51498958294345,50.775721585901714,73.16991899547214,28.713055825341694,98.27301048579324,1,通信前置异常
68.45397405050858,37.28136771643605,9.702503907711202,18.13677602708099,48.76077600551566,49.469535495836666,76.77187648213535,72.61766255722524,20.12730385178173,59.4956620558265,2.062180074288833,39.85473993843334,76.41052405716057,39.950859328716646,83.55962398014242,97.61552901252816,60.72126026993657,14.50040763417566,37.96772079054107,0.9483355068375166,60.27259238407526,82.15685009737982,62.994007892304296,78.60862291834498,79.99039272758867,85.10125762174637,26.666378299755422,87.1268522820422,65.40939984634909,28.972555659448695,98.72947149962611,95.0182393731669,57.44409832063994,84.32083783995635,26.14944887198717,41.603699661089,4,数据路由异常
18.39717607438337,52.0102642629248,49.60014300716653,21.281322596156638,67.28016937160976,11.779029552541253,6.1691451069711185,38.49049686623861,40.982477778470496,31.974060652648618,25.79466375782504,33.877634500953036,16.3375573952103,40.34524691328774,90.46033735174437,22.442688120883826,68.44511043503503,14.178451039783935,35.39066240102308,32.11747805452563,93.70293944083278,42.79820558018089,69.0465943781384,60.246280897132934,14.103007528476141,93.95404510306183,34.586929185576324,4.475835578364973,30.044370684418766,33.56337258823261,9.27453273787272,61.99774063799428,34.67642055415454,62.91346063309709,0.6740563589067161,98.20483989907525,2,采集前置异常
17.05163585446816,65.93309867049364,71.57843032795155,17.16083497474761,11.171228210241857,15.257719184480866,24.681825584494455,16.82321179929088,67.39994269560816,42.08332037260673,53.77915945153631,4.733678880915826,86.12489631007233,17.057155320619223,36.015233145508816,7.190163982776698,13.679313464832966,66.57994099756614,69.25870022556889,67.6965484625352,55.2136787846022,95.25216640119066,50.71771607685764,44.94120292964465,24.754556571714346,9.884952926661262,54.81549299661788,31.48901866928281,52.402538319051516,20.611907826047972,83.81726722079114,99.9697209659069,32.24035101206495,84.23276072603298,87.29861363924074,99.60737887570797,6,调控管理异常
34.27201297779794,75.60413937141057,22.880900364198542,62.47960012921433,70.48425694728377,74.11206925350965,20.717216858446164,84.87255704961947,42.09718603925418,21.636951773455504,54.253108837190155,86.33571296069421,96.70879097781138,74.82078217278743,0.5622886271362426,13.470076046595613,7.627398643886574,10.121374299388474,38.30349560197751,33.84933148286278,11.368498126831007,88.2235351614249,61.54275763323602,79.6463308956449,37.15493888554309,41.023601628756786,31.7621210536728,43.84266120984911,61.03772623550536,49.298400784024146,83.79170061884503,90.01391686098242,46.96838533675992,23.974798034864943,94.51924194593089,73.50386430509226,4,数据路由异常
64.01270860538799,74.5413733623976,7.598178239692288,6.762632763767251,15.31206525809874,14.745096744053242,42.067047484940446,15.740408228536417,85.45256442665965,57.80969309280258,36.826189635025145,6.962253822526709,59.102779595912516,11.653282059212632,74.32202504026063,80.27580967438215,54.39762579598412,14.960285914085746,78.68627237404655,30.782778925933396,22.265314275345983,47.05566410184253,92.26462413829178,29.73732920745237,90.55785009726203,5.365330873982788,8.352370501794681,69.8561025135247,19.059266144817556,31.662068319662538,13.637298098057904,33.22482691325484,28.045999389246333,73.63376389889837,70.20233881890438,95.49271764283654,2,采集前置异常
72.44216851730408,69.48177530213849,69.42038890626517,88.29674556481761,29.623673287555008,30.009210919380426,74.12138097049368,22.87051371501274,91.20200041479698,53.4781725086886,30.012492809283174,77.60999296899824,31.23206298752961,96.32783170718717,98.29892097249846,66.67962419661961,11.363388975022925,26.32088499332925,51.541696221605534,85.14474500979816,18.488649694202863,10.440345901393233,7.447748318903558,50.69675623600469,88.47009695947058,4.235924264389235,21.23215339935346,69.32570158395018,82.58634351437153,80.73995292991695,78.5068057320331,12.979980081333997,39.72375821829185,98.47446628317465,98.88875715880882,60.24273919541879,2,采集前置异常
70.92672047211343,95.12837962853091,44.99278612412104,13.686685788379327,66.89488755160782,96.01023049005235,69.72060938662943,80.33211270237376,42.27488039706151,9.646315414485107,16.88820865517333,98.26548294354771,49.31843169942876,1.202059017724988,95.53672807311739,49.7779911971053,83.62683982918377,54.84581420368934,10.170228367476108,61.55695821319467,99.74002763196093,3.473778264594307,84.1794197515044,23.548079565076495,39.38662227121856,37.27095117728953,89.87971942691196,50.44861888318381,44.71742868344275,81.80251088367764,4.890713430494776,8.645631509522378,2.1688856876289297,68.79829040075506,52.56161370791812,87.60221258682826,1,通信前置异常
49.853290297260564,22.181957276199416,80.5147373104416,29.432385423262286,93.5689782152209,25.042388785224045,16.77206528702868,49.332399151068785,5.051511797024332,3.6411728482617645,49.6014545255458,21.510688079478758,0.9352638395181301,29.605691143152168,47.73673538465919,39.428870146042314,13.54694661604231,57.96748278319775,71.03329911476371,67.55391621632954,39.37619212832725,13.759615117111402,49.94867734907227,89.04317549370828,46.87228489412328,19.56810497415876,9.305330309373039,94.39266380988795,74.3009408876915,31.296697270048234,29.535240620517445,89.52184867225975,17.75682348096511,53.50372896565445,71.35042751793014,39.63903519656896,6,调控管理异常
3.9902342543088554,22.775881371952156,90.18081374423737,52.31189668395544,81.54412464879698,55.56855427906173,94.36020957123034,90.91340755568451,48.28880420104019,31.827402543634943,60.166878734561024,67.48876816694735,49.83550923006316,82.22832210950945,18.33285217848828,33.44118306240323,68.6376357366453,24.668386538755726,43.98447446836339,96.37335466282927,62.58759726865741,94.90572346411257,72.24414032485758,72.46667696671729,59.185717369020566,14.220859481472681,51.971429088628774,25.2666200503471,99.86725543512802,26.696194010122053,23.06858434614485,62.38831551240446,51.094881321963015,2.135291325451416,12.953317899246986,81.10429418275126,3,消息队列异常
48.36919551475606,14.601521482301438,46.524256283573365,25.31490830824037,22.359146111234374,95.77252764451045,36.2024526857741,4.643110467233913,97.03266726373027,79.48395747721578,25.44133065641585,40.88918347053914,86.22895745951284,35.741351932327426,56.74040420065989,53.485686966461266,40.12945486287997,63.95019018137161,47.32907373018863,2.123049167397284,81.43831076479375,11.31557827537193,46.40899308913634,57.99007909274971,70.55060541932909,41.07965352879495,73.55484870305314,13.135008471857024,65.3445548270779,82.6338927585703,88.94439728375012,57.95664959538892,31.28951980750373,16.33565117136264,34.555875287744485,53.997437315443975,0,正常
19.633022399156054,95.2514905693093,89.71354288729094,3.295719486543125,56.19617982303888,78.93087902466132,24.539195993400696,52.389623239274385,40.5991882409379,19.65462642180764,61.473738387582266,99.3692175406831,36.52872602799449,55.2379008264467,32.78546816215005,87.69486168024969,86.46027004236932,17.877338794797026,89.99488742380606,15.150871105606711,9.543995962533424,65.29346157015318,38.5904105869895,53.07405934618708,65.25707819374634,5.283723779298488,29.29531710909934,46.09063117688671,26.658740980593187,4.897138428552095,8.667657323105338,80.17478687537334,91.1386759212926,15.223330243044886,24.92619572914857,65.22494047310697,1,通信前置异常
95.42717760924472,29.95897091332711,85.52136262360011,50.60246444503764,95.65586390807805,13.625866242819129,97.36723982079864,44.097862782950806,95.29383904262617,45.86902170515192,53.00821341205781,80.47750097773209,72.2628500739394,61.96033204172855,41.6980023589556,79.24383673996059,94.82283332893205,0.9810896943026837,58.78450964526611,86.59809289783485,65.31125373455573,80.08292578333368,89.50611038489853,75.09510158530578,71.70174013647662,96.47458913639183,86.36846578915727,81.53778695827738,8.640336047187613,23.902988313941787,55.67560243250895,70.95601049748137,30.32148933004769,9.332811312082335,31.109918681524775,77.10291805805191,1,通信前置异常
87.74010293413731,91.29036483443429,37.88666791441477,37.25385748601965,40.6707470971791,37.58094694214478,66.61966075072097,35.83232621319927,2.0343936614245828,43.90246006878718,22.415206617858775,2.8807137784619963,47.084295153404824,20.59545591982931,45.27418148397341,27.77499866102865,60.37088702804332,99.08773868739594,54.723192071166494,64.68959168927701,91.92757577512013,37.40004177250916,16.6548449785583,28.279728293055328,40.27949407145493,64.50176812558382,0.458802942972103,85.33832147669843,7.6093973049830455,90.06551489185505,94.94345212048988,99.0102794112134,80.95101844068776,14.18555259401526,70.61670432251863,20.33212906081765,3,消息队列异常
89.7127835580404,31.660592565534472,32.679597707504115,91.76532959148666,1.3231070783704557,19.39661514835698,42.19322665634551,70.07215673101929,64.75661660447354,66.9411875167149,88.0022028410664,12.103041229325662,52.21616962187704,72.54776891024886,63.61184429241645,44.83141199392675,1.7114585872163968,6.045226564788464,11.894132685383664,34.32277528353636,11.76534526671469,42.60823130626083,17.86419905855794,77.9166197526206,87.14876167122156,38.96475079681758,51.133176531563876,95.34962415609417,53.55077553486204,99.50732158434249,14.213099369205462,86.22264205966984,49.72030026729654,2.2714111249668156,97.22229414393485,96.5047899743358,0,正常
38.327084018288716,95.41420710859049,14.100964223854573,68.01101411206822,19.192898688783455,24.664723633482765,77.93374372026054,37.7358084565295,0.712750282862118,41.423842419559456,22.80693206329595,68.33299135582912,19.44486967235003,84.22535284364757,26.709301210816427,39.302825828301366,29.803686079709802,64.39233478093658,10.11635412263967,47.80993726982441,33.44548152150581,88.41379632883147,7.341209357439238,82.96950649328548,16.768047652990916,8.857765992995514,20.2322858123008,10.26529820118104,52.098394820212555,98.82149529157813,3.432735192425884,46.11283493194613,38.607032910786174,33.96064142464004,33.186361043336085,89.50127566264622,4,数据路由异常
1.8976150208404041,77.49163873801383,25.293317880594167,38.32955108175749,42.01499128485777,30.47317540737434,9.355886183539786,11.43308488294348,29.81311240826443,82.18090528872506,13.462765278741184,74.26398331459308,28.886972942928768,88.34649351120927,42.83284754006409,17.172331329737556,98.58444501105103,17.663451922991158,56.76198212322694,56.92864780961342,37.28134511777799,95.1488592549131,84.38745624117317,82.9819560838242,97.41519354294779,45.710933819631684,9.718577562002928,76.54559254497939,38.08125794519338,19.03451518035183,48.32473432202534,92.57189401671633,17.13570190146284,84.86988152297418,41.82049416151173,13.680198070314198,5,数据校核异常
84.83823039886565,96.96203411914286,29.127071583501163,30.353620984206884,39.054598303993316,81.41303644608071,1.0417196739499812,22.395655173753436,70.58998111063262,40.56394504855261,33.029562296812756,87.22828889020174,91.73339201462394,94.79862191661954,27.255053265429662,91.2512609539107,73.69655547272889,15.421474848858063,61.02700283082103,2.633481930699122,70.83781557708652,73.35675226509383,78.93385085949973,17.25250541224349,62.824994094753094,17.88566848276544,94.66500833891757,67.50106926808344,9.532584800405575,18.70322300058228,66.34600981297478,47.66704961596086,73.62976662108784,28.07887989256591,65.79175368470769,17.6960168030439,6,调控管理异常
54.37102633610331,95.77995915499862,62.82222322909864,4.999361750491649,98.87621377366268,15.68663296488656,71.80691026971051,53.25300390641959,29.43606878043038,17.73104854277091,17.77023642767157,85.83996812081605,87.29125141634235,46.514552162471205,10.362146292497387,88.41651038467899,48.70164861750891,43.87624228669137,40.73570244376202,36.50141738592056,52.60054036085941,60.454122661170416,46.64322035729559,89.66481634550445,31.766122852949728,57.83118567867813,29.995392019398526,75.33500237925342,10.212109932823566,18.869899679533255,80.12014099269507,18.31975952195387,62.57463461947401,97.0243451904197,52.28906137659658,18.739644634006925,5,数据校核异常
32.06910456926375,82.34580764542382,35.16609131199737,72.35113590298135,77.73500628840102,50.118284724516414,78.3213384366389,31.69030044282144,51.61596467164058,68.65582639721404,16.807314730438037,27.36219673821897,65.20366033936521,65.53601198295534,49.330264645297895,79.55853567821205,48.20549020049756,88.13222654137333,73.59034308719454,31.469486330334128,39.52540084845555,66.76866857698457,89.44526188234913,17.870873270350874,51.46635387419801,11.878442132437673,27.945515532013122,68.59813592932423,7.7734635248161705,66.23585818888475,90.0811120945297,96.93702910184662,21.66322010255155,74.88979566078758,92.63704487055297,9.136931084943601,4,数据路由异常
41.40236084892053,91.9409766872166,20.27874982548301,93.37606837878418,52.719207108777844,9.989308253755569,44.9877316755515,32.62611954670662,28.22041605518083,54.14755756336837,48.35926907518701,48.19671596200919,8.814173110311529,80.23181810271366,48.14393153557952,82.09058287018742,82.45946415509503,31.71353248480432,0.43463038076123617,91.12456774581185,76.06946930862402,10.72519568234711,70.17270340031013,2.00232686688806,2.7759069220698485,52.58232395978425,9.603742923634663,96.43365224849188,89.38312266502625,64.98120312478848,6.370897083831329,32.483525780706515,37.17229979060439,48.08798358286997,16.89028740064522,57.75116427971959,7,数据库异常
43.57706479092233,94.72969633928585,93.61952296252191,56.54739553399723,64.43493359905352,13.779646777374243,22.332323884017157,90.07154042019096,69.9165922895735,18.943019728307753,57.02103060732229,93.4761250489449,34.51711061619036,18.582037551908527,94.20252769090983,46.126536029209916,41.72419986627665,26.756719979275022,89.15852949471443,84.5616766889575,40.29903994367541,3.061327989707885,44.665143050613956,18.08580165800533,14.273407014888118,39.30936118954236,9.907693734462718,95.7464506931665,4.75391817812818,40.136962739872715,16.27027020316949,68.88113215287561,7.8811449214561735,54.68055742086343,77.31014952019376,95.00598350489707,1,通信前置异常
69.85275629694127,9.949175763458351,8.852054971414102,73.15980485380659,21.532940500346864,44.72393086332488,97.66211013513589,81.99067984038756,84.65933573002006,86.07699047280786,61.95453401215579,74.39339238624784,35.896091463428725,99.84462265728507,27.962216965464503,59.00074033035195,28.206167832119334,11.207105056007316,56.75858148436767,35.334867086613976,58.32192675233877,55.86784766649928,54.22567291435616,12.330112204652943,44.01807743503571,81.20039393987918,31.514349554463582,44.38315052920652,49.3831590320268,86.27313125917448,65.55997692260189,10.0202534837314,86.51709858050212,83.20659754820899,75.36459805991754,46.60580183188377,0,正常
75.75453834858068,47.87420626427572,73.66235343271629,88.01101649725362,89.05415851305968,45.45785741874546,85.93426793520293,10.145738050771314,10.181941748678103,54.826694686748,65.1844618456269,15.29937759784027,47.2180044805993,9.436266781592305,60.20994855533104,85.50940367528479,73.76389760195238,37.82915524292713,99.37937966371216,66.29349764661367,81.5248434442479,66.96973872917327,98.94162910871266,82.1359767217773,51.94232178954405,36.68795628375898,68.21548291488423,59.022180880700894,62.93505910275453,34.30117662837569,42.87284205705545,55.80965748906498,83.92834019218431,76.29089177629031,11.865587050279036,24.55542500193918,1,通信前置异常
2.6657724933027427,0.7960567965591414,22.437546928024176,79.93209480093296,90.47476581743871,39.17683658985981,56.31985966066786,70.60526019553808,95.29366992517265,91.29322372974316,5.719230338137993,24.81658432092808,4.9144543955177085,61.65424209890513,71.0493316472639,30.828341235651145,85.38519081332146,45.28127504114977,99.83815150970126,0.039969258932492924,10.948970841855665,30.179324293534037,2.5507597953713157,78.23394577382507,5.277178787128722,74.89796332938272,5.256845878954941,25.27272646530456,84.12768156585297,95.10952942377241,41.45263426605123,96.99389643125514,62.688092375854254,41.58351224329314,80.2801343967917,29.532852014020115,2,采集前置异常
26.57962613602184,65.65476769110742,39.0487361968095,13.591802694497957,6.696423528990881,78.78425762484773,67.59107318023446,41.17982246066033,89.62276351710567,41.08567524425995,71.02954714653835,90.91152752072928,84.07154587084435,51.1104776339579,68.06363924467327,41.3665776727369,64.7197172294114,25.755243834539588,43.47421137695533,20.954573760183905,3.8184952679548023,58.85398505753723,86.44293453507976,2.557827462319151,19.60297407292959,46.018505927042,66.58968168422533,17.122919366988643,5.669482897062428,51.90487177268892,81.87097130573088,3.523490931277129,34.93694503590259,66.35147427933352,13.0742006102467,23.594677689275677,1,通信前置异常
53.5492643786266,95.3231696364218,28.734261824375608,48.752742122071034,39.993086306441825,89.739667203008,7.188986403111564,56.61475913407643,84.6119699189944,98.81175770625917,69.87254975218073,37.99354756665245,41.18243525339439,35.16822197427639,60.361309980695346,73.9405770718251,81.9467563588931,41.659310968317186,71.67085022590392,91.62225920297765,92.08247944507053,70.40290027146425,63.69021928125361,53.152607552500676,18.319766818212855,12.362965260541847,48.57110067893803,15.944415620745932,57.6999925669336,64.57027303012181,52.56155975200407,3.6426712512613646,5.772795880233216,11.334118468148546,15.364580498833902,98.98826137693332,1,通信前置异常
34.449501686312246,29.197337364128618,5.226663566422907,63.532039068559655,65.21907851312807,17.544868957866466,91.92415409246131,80.04935465951273,23.031931680750805,48.58497309165374,45.83908561988499,34.85204443423208,81.76347128256131,10.926448562115098,41.53142398277927,42.8031130549217,46.87256046141797,86.13499910986286,21.816687020150127,10.292317351227275,61.7808462821108,17.383447497804717,7.493208585461975,42.66492205710535,21.964643085814096,36.121661886798364,25.971108010245747,9.263646272341575,56.03472029242016,2.701841803948568,96.63753479943995,34.13305217349662,69.51575104898038,81.03628725474499,27.910479553955515,74.87387091100682,4,数据路由异常
83.24208554247096,24.13172338116135,99.24946768960727,2.0688682842089356,21.700048023554107,78.00207562769928,19.413102505575285,69.82598633062065,85.55304049829037,95.92142726342601,47.42475154002695,97.11091229821174,41.16222966816786,21.812803967438576,51.39218530847253,64.98232443114927,45.79633160499438,56.69724439667916,41.64091877271886,52.47619540212498,95.25956719465616,49.9831152536332,25.317963280926026,75.87466215125707,33.758445778154936,81.62071708213907,5.684198898388515,33.217797710869135,9.435990826063945,8.531782424583145,65.83895591724372,38.53348013536074,87.14789419851125,51.640513787352916,29.534322117228275,72.08888879621948,4,数据路由异常
62.40167915856997,79.95946208292034,64.3588276341885,16.701341709892027,67.0310037667066,39.15491976158103,46.31430302575681,92.15645757373447,35.9964046297747,61.195914299083874,36.348173341223955,9.472748535779175,45.35253420483005,59.70615044596519,40.750329203759875,39.06661846781844,82.0378513894397,2.9685172289470207,29.558539674011996,81.17572653772116,92.05301486111638,41.22995858408282,88.87942431960764,19.89301221250327,22.142706786017264,84.61913765848035,90.32577413406182,22.28057679626675,5.932418996861111,9.032413705528775,26.138083537636327,76.14490771467949,50.999182779628285,45.558884224276966,58.413993116600096,89.02231134621861,4,数据路由异常
9.043037956565758,69.47241276365813,92.67908456554052,21.335004175839998,83.77723159618344,69.80247107595022,1.4468536073144689,23.16116803621282,60.58447608958808,50.24003394912116,52.793625252686596,23.193042460682268,67.50034707086266,26.64183709367769,38.943496647845386,36.89159158800762,67.20250221198985,9.025276168321739,20.55419010401852,20.049707068506784,10.842467411571011,20.759497883645906,60.706026792335436,73.21681708741882,66.03034469691227,47.51881379808823,5.243457109606364,95.9007010686775,16.807646083749194,66.84213704056708,91.28906154821111,69.77770959809885,21.804964018895024,31.579629876402304,3.0205867011095178,61.27582408421135,5,数据校核异常
61.29929808815666,72.55005813763793,1.0996289275621351,81.78412888244667,73.87109574003081,14.088660952408883,34.76266092689786,63.85248929042168,49.57968749403279,11.509426390126244,8.73453751365899,78.14562991080916,15.596711801780982,17.209267393044357,83.09231253567576,61.21396345632171,60.47156081539724,47.934577136334,56.899501440229095,60.1769690371811,96.78262348435803,22.297330746757925,21.45624197004591,5.721848770531568,65.81987988093223,54.90421808222619,11.123920384663977,36.45389351181873,17.866320533120383,33.148174040086154,95.12641693946101,68.33188388805289,0.7569100795141948,25.250807378412365,1.0361547077779032,71.48684987686808,2,采集前置异常
46.942180205547835,99.40186918143893,73.35832610226582,51.79129427078819,80.47054282081352,70.48036512340761,24.377617763598714,53.02582748275165,55.59987248340709,45.123169860780344,17.9192622855362,22.3369051657887,28.10474009559616,1.0255149378163742,91.69438921695094,68.60959915834789,68.96173157844709,57.23306138091213,68.93108081610592,98.18625498736364,38.51603376344933,71.25255868765638,35.952900437752824,85.4288798746826,85.8028606890035,90.2266425423485,0.5463324241878342,29.819144499609486,13.392435120159607,45.39861978901568,49.54496426792978,25.59040428296555,72.34464920450704,26.976971718896937,85.38913752833585,17.765936814178684,7,数据库异常
36.72352947652836,62.223775842430506,60.53350704632533,7.802911200514351,84.62586121909482,59.80649334297752,86.98595487071684,86.76355782278685,54.5918690375031,91.07814573114379,84.8407798813456,95.8122944561771,85.04983985594063,82.12038510011494,46.93604806769115,21.203106037792775,91.0708733075486,72.25491864460757,28.174786419852026,34.09957227556425,68.60785118572205,47.781730835367085,8.148256184636827,14.1447945745657,74.56486835123111,32.856952848183084,50.76494284020392,76.66214782535258,75.11755937060525,16.701502688727388,9.83938643990353,59.115229296509,74.16328739312395,14.903992199541038,37.19552873272748,87.02779959676407,7,数据库异常
94.4223141560321,45.406976094968435,7.951593403083301,25.769645620237736,23.296992031553298,23.896372054105697,49.388170537925,58.322565169157116,12.250958867993534,88.93560065283343,61.997382328111485,59.72517302680054,98.72789983842841,62.81439774931253,92.8959149301185,28.625697235979175,24.012949034649754,51.65186868244531,50.86089476366661,22.648364948389688,69.96556568999478,2.963381923669328,69.06304725494526,45.71778861233001,68.9007510845079,47.708063064151894,97.7333782884695,33.46849511031178,98.25729370023882,6.497394247897537,68.37607747575566,45.42192067849121,82.21376255297002,78.96160697169981,80.02101828759373,9.47385993025197,4,数据路由异常
82.23656998612947,21.404015744376093,2.568026385903477,21.77387196844114,47.92851046998328,74.21113599114321,21.86324808328537,11.300754809027136,64.59672550239422,98.38980363600176,60.087030208561806,69.10573641234218,56.116744374642,78.23484442285039,97.58044202094447,54.41292294041848,41.67905117427259,86.03430611601264,96.972834375999,12.918164086956796,57.81709654738779,79.24599925459974,53.33394051563908,40.91969681929487,65.52298211354206,27.012809451334828,34.91337429383694,99.22766588813447,63.646533437449534,87.29272983110747,80.77685130371435,65.22725543940241,84.07290824587731,28.7158495433571,63.71164488122984,59.06034895239809,0,正常
62.24196007933448,16.86319271467752,27.724303999806843,28.66583187925391,60.19461625727632,97.2546880439786,95.40675511821482,22.718955298969657,30.48452430667725,3.606189227916712,39.881558985939414,83.46741216803636,91.575173898614,23.64964795679436,26.57944734888392,22.084981650875367,35.01035675745787,80.47593985905446,64.68574698844601,78.59409178637,58.30311063353062,25.77330780591468,22.799418021254414,0.9000705863749792,78.09821368740725,84.71212261647177,76.82825996284163,7.440205772849073,76.2221627169866,4.5767453150269315,10.559306570639116,44.04753729326673,47.61470089248401,81.61186366186963,67.95268920409106,15.332017863121628,5,数据校核异常
22.61467832288013,28.567518825868675,12.367263745485834,28.76448863592307,72.8598155539733,24.140147010728295,83.53596470603864,46.95169951252078,32.293576124438886,41.24181045488731,70.94967405934915,51.679270324599024,0.7278663975058053,92.2323846585075,6.5996003001851715,93.86213488143858,2.8152823620054668,77.09793349574484,53.46747081832882,50.572618060410605,7.2778502544004535,23.874501033791628,77.7547317065192,89.1259829922494,52.911868105297955,35.334339636259536,5.994320806421083,68.21785260663404,27.844661068628263,5.50137149921468,66.58517290986221,48.57197935337584,1.1962149701723934,11.092403910634708,69.92019292459442,6.367133306578854,3,消息队列异常
86.59630648429902,31.132627741993268,8.866647043642462,75.97573781680654,52.44272344530238,30.66400323792976,40.609834166926795,2.1412395604825885,66.2698537539429,36.57736889634445,71.40375697281297,62.81711459525472,65.1254185909738,79.28927110044324,63.115807837625105,41.87259292418924,38.99275617346356,11.958210676485582,77.94434131562417,76.11084417546218,24.629836708552343,86.26819126981447,58.900325779062825,47.86868423945673,1.749630162549587,38.27411858643163,64.06707682356631,8.974783768838346,45.95673088875483,99.3435951361596,71.65386372090676,54.68708875016044,53.303288493907665,4.3765082258194425,95.73144374079361,92.8177660285043,0,正常
68.24047106754465,9.901164968154996,20.78338967494382,18.390953587558524,51.957848510121885,20.780387450198557,69.58005615441982,54.5229885969389,1.7658177042655487,74.40572370356516,18.88287366539485,82.48851196806768,35.504543712297895,33.86196799816364,1.1817335778210536,98.77289829230172,61.20043391718638,42.273016618599065,9.662140446133904,69.91480641510168,28.273046999193884,98.8280818375529,95.05473591493231,73.52966788027886,97.1071930282969,10.563386245376282,27.99153605365452,25.324328879117907,7.20126584593025,97.22265979714558,5.997408664689385,85.66889039943297,76.81614245768392,37.58670874714595,1.8807362629798985,0.6095904981869515,6,调控管理异常
20.399384069392323,49.38765800337931,45.79099781851513,58.52925765649275,77.1959309660762,37.73546148602057,16.036369550931738,80.0048916828424,33.26906813312108,28.688189779335072,76.43120384292354,93.41394380831444,91.49612820107569,13.744242585717858,50.31581534692996,9.28702837281734,96.09759589063998,21.522788587683937,19.742957476577473,88.88856730064795,96.7850555121965,69.76322592952566,12.100503369922489,48.585561054067384,81.66050940616037,57.247718370824515,13.259485472833465,17.18877495032278,86.4141675834805,52.70291636874834,70.58367737667123,37.30625262330648,53.24855829188415,97.71031403876917,32.97030369681381,67.47885275082744,6,调控管理异常
17.250555719522975,12.17398852603333,78.36401112590298,84.41082099871656,66.83116953494155,15.819583754447509,24.05879656425386,91.11757080951116,28.87040487997563,81.88605161971175,28.59372889104016,93.94625693234346,91.4452912837003,4.326317362878795,77.04139868674086,16.946176023440707,21.52716259063815,45.98452123314758,57.63181497494501,32.5799718970492,57.53833655542092,17.06583713411366,2.2337654381037075,57.122438836176315,51.741525996231886,68.9653964075925,64.98220619678246,89.74863802339554,45.94686201615459,0.8369474692942025,63.0652681596854,67.51324296032183,52.149498939596974,68.93048702412156,32.35838132361527,14.880830319107918,0,正常
66.45536639564065,24.518642921552868,45.631590928420486,49.16227306116486,47.71995504683885,59.844914367995585,2.9453708925858857,98.96824949300881,71.63104739385713,42.53877817987627,19.13300302902443,8.01773224433563,67.21904206261219,31.695561495855827,22.9478458249868,37.99543871123334,59.29230878077101,67.17052166840011,64.51700693545301,86.32655834919736,21.875743107011523,63.67461631971355,10.11143761860941,54.793468989917784,58.395840248967126,21.623729893417366,39.16931299912368,82.71928895838025,14.840905375296343,43.45061976158402,93.2733071211452,50.41089276996009,72.5133711833287,82.6866039555551,20.377437484549244,21.82172355329324,4,数据路由异常
75.85914560983835,75.33067381764009,6.018332063961907,32.249824069496434,39.8532491908438,82.90404034711537,42.186225542973744,92.59288904032438,99.66077771406401,78.07261656943496,66.63866895672574,39.18971659871227,6.703944605203338,57.31387563961305,36.170490554399095,35.089807583234354,68.77092527094356,46.36393585966358,75.20938447714501,39.817322268537914,15.086338548656265,46.13475261902465,95.10125143253633,80.15246291165583,20.574925507336673,39.130050164494264,92.77920952205378,12.36990587265665,25.395024186493597,26.222264587189635,57.09328756619835,41.073331971132276,7.9870673996299875,62.91814545770856,9.90778645201502,60.64149319790781,3,消息队列异常
50.70083802260258,49.36686607253126,6.749624529922982,63.92204468835359,43.132025858933076,41.110612228568655,59.645139641853675,60.62480599465474,1.503329576198853,12.522590120320665,23.651822084472062,67.79773333459791,57.67411270296074,75.76291323847538,74.0607805543857,85.31828692061507,37.68148612724139,34.506386618330275,83.10154030534632,23.760153386718454,46.117237367360694,19.43256520222497,91.38407421392137,40.78030130966253,21.248689823082834,69.2013390568912,24.464467821047865,94.35036031702234,36.76170148094114,66.4640712101837,34.524493115741336,80.72455829934736,89.69227410227758,78.79183594147861,84.849901872752,10.188082793763598,3,消息队列异常
92.40646770330663,62.430072887528034,86.92175321661996,68.44367641854154,20.184766854371038,60.95551016456765,9.094623972314098,69.57230302181586,40.900114108057274,15.173317310020895,97.9229815868414,90.10844242106812,89.35437134032537,78.88203063522529,69.19811251435176,65.50794802922452,10.609383770385527,90.05662353184542,88.11283963046104,74.78526265248534,92.73149590751225,55.3083451397992,44.76423347175553,96.79474021662787,46.413118779765604,64.13244410671577,37.3062146858439,63.63262260197279,72.00989956256876,62.46555252885504,51.45629412161977,30.011079762523284,64.38456761362234,90.84288952613629,0.6912591169667359,13.392902742969037,5,数据校核异常
11.97731584998557,92.3205302892854,66.27476889626148,95.17881064701506,58.28132732124283,46.17328971592537,79.23429118143625,16.094226747522455,38.13381163173214,46.627424053422374,29.84583945121182,37.128561240847844,7.810518692441826,19.798358944955798,33.54967203309284,79.58904332331343,18.24973548428639,34.664037398422465,6.492028819693518,55.710434482660595,61.12508881409278,86.5516463462167,81.91159985019641,28.53779546838805,13.695368918985974,15.608318221040374,96.89639430404445,67.32258140073574,4.257078780323931,13.677925504509458,48.58000651009557,20.78288042931198,80.36589850000189,57.32171175693649,61.26322077892984,46.28255480492118,3,消息队列异常
25.60627754263155,58.94036132025465,71.69700461607317,37.09480776301669,50.49436306178353,83.96839704720333,14.868176182246028,54.522441927410036,34.841266182922816,70.27947582172305,1.8810243162394658,67.04732998031886,10.28977340161874,6.4767752993658,72.46233009586129,64.03421529040735,89.49359308926587,51.96549558006451,53.00244255271671,70.70178355765505,32.339757635325114,3.6912455421932555,23.004582571905786,23.80134118963666,33.565885027819384,94.34627330404629,80.4842798663148,93.59562452051921,99.86095901130004,43.37790040870445,22.707331668030463,56.00041612552491,88.11344139481187,46.57318610145782,50.53993025722535,13.443910592782672,6,调控管理异常
42.045549256776106,38.699480980857814,35.16885028654496,88.72986699241999,5.930143321233294,97.21471828973469,0.8246825273136027,94.5594013949809,54.804750283854354,70.24452444001157,18.713284969512323,65.4211539016607,88.19576685277326,13.94801398336516,12.708161227328995,30.397790914947276,16.172589247539815,11.06458480933471,67.83190359852918,21.38266139124908,66.70148994019863,86.19292271158163,65.20247914130005,11.936706991540092,57.357757404744504,39.362868421155085,34.33709367224947,31.853146862983216,92.94322238196455,74.25074566777278,13.3848789580295,47.60054797324638,31.822307525391956,97.79383125459582,97.80289729531695,31.953447433303495,2,采集前置异常
35.21131161454547,59.94142071365456,47.93070143275001,21.310087215844142,66.04121669886113,33.41286438752385,65.37164983321676,38.36815223277997,70.02098938562716,66.77994708896506,50.881275592100074,70.47399907108309,46.09656762320152,11.61382996501229,18.210625333735464,24.599313416561287,6.322892822569659,71.13812206306702,36.739022683161835,9.35232963269973,81.99581207255802,68.36542844635748,45.22242371277009,24.74253350927342,15.174589379284676,45.8374191755062,88.52457430105623,18.839532327196995,56.86592289914879,96.16859952222559,63.71165747646129,43.99647301558684,71.63729729389084,82.45779190187065,59.05162978868421,87.18323589929926,4,数据路由异常
51.45917593757376,83.00290022062566,95.20192404056952,50.12434670235171,60.50017155853252,60.9467542949835,78.14348635982907,82.29658401774228,2.7229316206060727,73.33595640903879,78.38152446302377,70.0429439458237,71.36956593230961,4.140285918426945,44.20386619489061,81.81796497217407,93.40071412951036,22.946792057193477,57.919494035279506,80.43302395505837,75.24076428591857,61.88901169800791,1.8691188262000225,72.38858401115658,77.3242503278815,72.2849506625635,76.58091614899567,43.09148926788603,99.3752145925391,77.0786915872659,57.868000527998554,93.41912697466239,90.81983394580183,81.4567065334265,56.36949189837664,52.71010191467135,3,消息队列异常
32.87079319745207,25.087797910394837,51.23595169750865,57.77817617119738,24.452643145884558,92.26012436534788,55.727399673431854,52.650532538214655,43.563838836614025,5.807129571686054,88.24013344598492,31.699422644302977,64.24603344682944,60.74335589700354,58.44868253845268,52.57122020115841,18.14398334313281,28.060574104796554,52.41880712703001,78.9342451596926,43.19889706504186,20.392255304613084,8.794442480542596,66.30110034940242,42.33399706211646,12.537089262264189,67.44668799869838,20.757873085437318,50.90160483036771,30.618797507686047,93.16900644340004,22.82880662711656,41.991852154202846,95.94935968280058,31.87251799383154,64.45931630110002,5,数据校核异常
31.67270437063252,11.0674979117249,62.75472326842928,91.60315352853404,45.25646672340918,62.617654269246714,60.88984132566231,41.50897026278759,61.48966387647305,25.931808441897218,37.80379046030521,44.231885636237514,86.40086835624805,34.833289483325494,63.51370481158264,21.340383741889866,25.256972905392672,64.84288754599777,76.23099273666037,46.211717652628145,33.50996967777665,91.02715559322725,13.580781504904271,72.0714237649347,69.0170749747103,69.02451627277941,93.54204444235243,72.81903009807922,30.15651894095841,35.34092242323092,39.111097319989426,3.080867409810606,91.3510315408257,7.3552603864803885,69.97942820974717,73.01610048433118,6,调控管理异常
84.37150506305396,55.336225559552254,72.5264423856537,30.272292446595106,74.55840109127901,34.34157372618859,90.2838478426696,16.33818077663828,31.575731067395353,49.87694515551306,77.58505571480978,74.87991051030319,21.071687432450346,14.423569661179636,30.396960429409823,48.375415167590255,53.90050448257506,42.913759095527915,66.30901166480069,42.75589435972377,94.63290099387946,26.096884798153596,62.73721206700947,61.137793866013176,28.157472188228404,41.16876245140273,36.54736194399708,17.24990600204893,47.729521263154396,38.666225302184145,17.831736006715936,44.98800454177615,42.18439682587392,13.136567765945973,13.118754191801084,64.75073798456974,2,采集前置异常
70.65808047171039,94.11804199089048,8.700469046109982,11.786149237825349,5.1818128467911,53.22284307569301,62.27466142952265,40.35234519321577,79.79022209611327,68.66994360038001,98.584042094686,13.789498329967865,5.831566434250135,27.480370556938784,1.9050195316844043,93.26114278665126,30.395165868817543,55.24301669714588,31.80696328787419,24.580862198882347,15.236472397487999,32.03659203291356,61.541893040797454,97.16211996875278,55.809204036714945,53.270906609900514,3.526301810514687,84.00990156676927,4.484137499757324,90.62322741034792,53.86717253567179,16.846660523403546,45.17073920064587,99.49844806831983,30.5082852044093,26.945976854857868,1,通信前置异常
11.800589504250592,59.71423487908388,8.922699901396292,76.60080638040772,91.92235143305581,93.18711112154993,10.791625287743777,55.82625973529688,9.710985490216661,57.20161414842973,81.49805852095811,53.779016230328466,87.20538261066811,80.16743548493777,27.65483499399284,63.010228288244164,0.7412126476131431,39.60419159248644,23.796016778429518,93.71163459434861,40.538901172316,65.40644284224805,73.19816092736072,77.32125386815075,73.57751920175288,28.916506098773475,68.60676967292221,54.90094822622833,59.73726647975188,0.08146173087548725,25.825760095285656,93.06836967156555,29.007608330572577,43.801552224964254,18.667398219574103,13.860255190368974,1,通信前置异常
20.866896863870508,55.3647328866973,91.90286513901081,32.619917989619026,32.340795220797105,56.41405868868683,35.67427176931353,91.0416047983988,37.78480426422619,49.044225251946706,53.33892839704109,78.20677951304712,56.39059394148836,23.915510014732412,12.39872066263673,93.7774546688964,80.15629946391074,2.296521028891574,82.15289843235476,59.059779390476876,51.889423503494335,1.2229179023558912,78.08640563844152,19.80650142412501,72.7981213194079,1.5868247365817267,79.63536496661861,2.303946835504056,23.589290407251905,26.827821251271345,15.750863810692639,48.1058196195369,28.36879596167089,99.32879757272566,57.99687933654389,56.64778250542405,2,采集前置异常
22.086963010645523,40.86894387149114,12.397799436000001,76.25292522503862,33.115924615347694,75.19658333932104,37.169599992947546,98.87572401148455,17.11216222546218,0.15238938833312954,59.48255413783857,95.29532000878382,64.70540549059794,8.572352274818096,54.04803824662254,90.94869361377273,0.6506067880012734,16.69122128377988,81.45615561026163,89.39071065774829,70.7160620868271,99.15601636398208,9.021592958656932,54.56765158365603,68.49947226475862,70.26447203690878,79.34846153441826,91.76260450993831,36.16414456171147,4.296339280763584,36.24419144809583,67.16147633872349,21.34560873336435,80.99729515587104,21.976445772283082,1.0063402380173336,6,调控管理异常
50.80807742235793,72.64615714036199,34.9655340536834,74.88957995367868,43.84043341210082,17.171461730673542,9.055839379895492,71.05871649073474,38.57147876028778,91.27737679237703,54.025505857394975,34.84324182207026,34.89909269897231,13.143786445264915,59.37891535891566,58.21671354103222,79.99936919364934,20.11969624670761,29.07896424758274,9.72379690955817,29.534220226890675,42.81021157544007,96.40284059539837,65.30660028749134,78.28739297791955,32.55098852204902,14.451281280809647,25.67199419133298,25.646769099932108,58.31153282934272,34.14711324550287,85.73988643332788,98.8544519236498,34.329840526344846,70.50602736870107,65.74865819203688,5,数据校核异常
19.44624877322815,91.8008594820634,19.944258718840125,73.69571316696988,34.760964227431245,36.708156700897135,45.54490528889603,86.45079780551396,14.025194151121212,5.456957783475391,40.20408189137814,5.558509914208809,68.76008830574405,76.03250750272133,85.47123947532589,74.3842245483597,91.63513936926792,74.83011227232221,93.60756398784017,19.311079420936316,49.98631328677302,99.39305997049087,68.15781825427156,87.86411179892573,3.039379383285523,87.17578985684374,69.77132345720976,17.075543398771064,2.568095642359658,25.99265781256529,91.57733589927702,66.81329387002864,91.94691042833243,44.61507824942594,93.6627095235241,46.29598154450056,2,采集前置异常
20.42547244183345,15.139346418444733,99.38118130350443,33.386266147457086,16.00530253175877,0.8408430890752161,28.55695665296224,88.91161436025389,53.40093206773017,63.243505152495494,92.2391103890533,51.28399181070292,83.82798458526146,32.38332780763537,97.71018628412199,7.881387351245239,72.48295255132646,66.05662867602943,19.167150585081693,38.8843998846536,31.282911677700643,9.449286833249538,58.47880229508412,99.36698455651654,55.95881410533893,54.5259906879362,4.031370735454831,13.922022336369045,51.3219089102261,98.51785641840713,87.6607735461859,34.02091213731675,54.30042542281275,55.27022222541367,68.53606127621832,68.77820412391385,4,数据路由异常
78.97924883859737,2.4971024839682388,94.36801906374458,7.0062045989246595,47.616011147693996,91.95792763590427,48.76688292310798,6.3636834233116835,22.92400198119392,57.86667553684227,8.786161789896907,42.367793101729646,32.90932661914049,81.52076278242394,11.013193833544921,68.27984501587862,40.65890708759091,58.77506804723286,20.553177192054473,60.97036847616255,67.39777274161128,7.023156466107783,82.4344267582937,86.12541128882414,6.355405568279471,60.318748809728575,59.4011496972227,1.245841186844332,34.23464139559513,96.89257827137476,55.545075226874296,93.3211802741505,67.5644635877384,2.839051822327643,7.771319804839205,72.21789553674229,4,数据路由异常
55.456779036901935,12.71516645998757,61.406267835361625,81.02873605681961,75.2982430132612,24.616246003206697,25.81949666560439,96.78378051021137,88.74048021527162,31.8337314430872,82.40544896690083,16.173852973254544,19.68411013265644,18.11960538453453,8.772077501351516,85.46781161613553,57.88068982045753,25.895609249393857,84.86550327275941,80.26467593928203,10.09515181277556,64.41393737349719,72.18336015257705,71.58273369859639,72.31427078539376,16.945778564903733,31.508645426876935,84.41785085044624,89.83917502275496,27.918888656487027,2.301951617775244,85.97669471661081,37.70918378250826,32.94635559599364,34.699967968862566,41.56964239676415,1,通信前置异常
37.82666216549211,56.643089913356036,7.894027849819018,97.15401943085152,93.64510344721613,93.44066466154992,87.92776240819134,66.03263021817297,22.110856274843236,4.94834871463723,9.93210647817666,32.39925004656056,50.38830254957855,99.3253071184794,43.54434917945992,52.46460904913768,69.51572471880806,18.073397044779625,93.28270015622557,52.90346058427342,27.62563456017686,93.51089863388404,62.545061855895014,48.36897312492104,58.015590996077414,74.83022189052267,15.453800369295333,86.48304307032252,95.9506810298213,56.69996517500745,68.22708467975981,85.98334808462408,37.481063141650054,99.28317948823984,68.05013693068976,42.39986983579821,3,消息队列异常
67.73379750016272,52.16800325134364,11.164157153836518,79.58653047693186,56.437558025293214,79.58455578738887,15.491194036746581,53.83571568007757,76.66242722129128,98.83045675907984,88.43972763852587,86.43496270606393,24.7460138146398,83.79846017090475,16.928127754296305,19.810766454843353,11.011674374347201,85.75965307137872,10.825449645131869,13.811147974501004,24.58871500823858,57.266240912064106,88.01801853004031,41.82281552555681,54.62859491917852,16.6489399957253,26.594585589779165,13.392576248577493,40.991884486708976,59.033565867819235,28.401953003345415,84.59958555747926,98.12383510066344,12.0154852314581,1.7860056015324144,78.97769073947838,5,数据校核异常
19.064267780334486,35.314659266085904,39.42312182758103,91.65993889009445,65.8838215766162,4.060949030289073,1.4810240714154599,19.956809753028015,31.81719408727114,48.45238340865989,83.78394123088555,31.48177560347595,37.65372192716553,32.933793000965764,0.8965336032905613,95.52015391181197,13.899588413647379,28.7667478203247,12.93033020964418,49.05431561567226,93.21661149424992,10.070071762548627,44.08969235884961,2.2374845771578444,77.08982213861482,64.1226143554425,69.96986637071501,47.233636089573274,90.76330295564058,40.95574508726095,51.4085074787077,69.52892222706294,52.056064109546,18.933564791632797,31.7070618044912,9.229446813880527,1,通信前置异常
43.26134972172978,60.939209308632805,11.852994426914066,63.0587121470129,89.28721397521093,33.77237329855196,22.203309621881985,89.3006063841903,69.19452358975487,10.539486805655384,40.811195206173245,67.40895997545488,57.43838749754547,61.85471193498731,56.71351739739261,79.80613653048903,32.042695679697864,70.8462347899363,99.10794424942843,38.99588577811804,79.10483145547931,24.610923713617105,28.189671228404933,93.48638741835431,2.5938356248688788,21.742734486082927,48.29206978120031,40.184762170418644,62.916973123503126,19.272205036038194,7.054700436853134,36.933339780475706,52.435524214418095,56.20018370849114,60.14935235424667,54.866199576155495,3,消息队列异常
24.57519709711876,76.45497359690017,8.778026173939857,19.835387955218298,73.93780090191142,27.97261341052517,49.34734416094052,32.71977408555588,50.69812116160032,34.665579994736504,99.42079899060504,35.747758935814666,62.70494173976454,88.83432176508774,63.793499436475045,56.58572551096086,56.92294547562082,49.64607109233855,80.7580401404455,5.042407836138196,88.51299079293277,58.62922202456428,84.88732212557483,1.0392702544208543,86.92764039616176,12.013751917326687,72.12180063923992,41.652139288784376,68.10723910979245,62.818973767736416,16.339654706724183,51.46137644475518,27.723047319454075,56.043684284801245,73.8003283052844,8.12584145818379,3,消息队列异常
51.57624235310253,61.762982076225846,29.536745359721383,95.30034827960071,52.03028255068295,18.25170898459327,10.778826179928402,54.16595491653655,37.5238381126929,19.254709776838464,3.069848678577458,56.660008003788,59.860023683366194,14.180260118146848,60.17380497703043,95.19727547075985,97.82956099897395,88.8492936557005,80.70785808357405,20.936783671333124,15.643518249593013,44.49476022853545,61.963175131855245,85.0678684008378,23.196304113680156,47.96479005203326,64.74402419568459,44.55938545344191,45.41936770792843,22.511716102827904,98.6660904911076,47.51932834074434,53.27419454054919,21.855929128682906,51.413671833181866,25.534955853430674,7,数据库异常
20.233625138346646,27.572225094293444,0.2759648505280987,57.01511120016839,38.748000552284324,89.86890191939302,4.070717361252118,4.320030085575011,88.58735173125835,12.664464220434123,0.21601041240018048,17.891386371301376,82.38761750976042,80.27140827601022,34.013221084345105,66.8030917259852,50.72497073358277,90.4734989845906,5.642347541742232,81.31791287366318,17.059866942746005,39.16208974317593,19.195715143476587,70.2614409594139,67.83261797532577,54.78976016990269,69.81630368036552,63.95647806046738,77.6442055684268,23.94066512905487,42.891261494072054,15.162652935422871,42.959356422019404,70.16917514203412,69.13911607843517,70.94269032949428,4,数据路由异常
30.87675286443565,66.22139737909238,36.746631958893815,94.44920461050499,34.336636588033876,60.30182340443881,75.0145714192176,90.64074290263412,43.79286034539109,36.0485108208268,43.0028175316589,32.369635154978084,65.3924490067314,93.27167640085841,12.607100648936676,56.092206477015694,89.7648725360331,10.011454465601755,49.386541076628085,86.5229595860446,90.04522117120824,51.43521611529165,2.4951884467717456,10.563917842782168,58.671674524123375,12.385860646634494,14.94177769112708,77.21170977821139,75.06920585755003,84.27727594254719,10.573513650610566,19.814488109681772,83.29614298586506,72.1087608697792,80.59561278280401,98.97456749079221,6,调控管理异常
86.4431606155702,52.04632508497603,31.076818479725745,56.96765865747011,63.858655023445245,33.531214125962094,77.09370374846785,9.275379265788676,77.93928506817099,3.1998518681948473,49.79660607214902,86.14364634832663,8.649527402139757,51.77389364941697,15.939143896131636,89.48157500609352,83.23455270336302,93.39172432934876,87.49823415300936,73.65533098659907,18.48891955885028,30.250261566890067,49.68551583080074,58.88967815147237,78.21833953132099,22.695962818706093,12.827739414696326,48.26101705936361,15.784141087292058,69.37368023295723,57.56308900917173,74.11077970188848,6.343655965510841,96.46975604442038,0.0005536675737993768,32.544241501353476,0,正常
67.96347933662398,4.514207386211888,8.334958135760695,7.6681437228220295,58.150972672097936,89.5925315038538,55.5436977712262,60.35713522796716,34.60016512079894,1.8741158655532275,2.1614717751216372,88.83099664809113,10.257243871964672,99.97893718125952,16.442261151127813,67.46344439551895,94.89554721809057,36.22892776420262,73.44331887479893,35.085664344233514,30.494105676144535,20.180408257543892,82.09349068988645,25.738706360914787,28.31581629058576,99.89697421987775,32.73104354453198,42.27744888320489,99.00554577748349,36.93003454174263,36.615200723586696,82.77144662138602,31.193036848769207,23.378610364240714,42.32102551753223,70.06408005761926,6,调控管理异常
4.324302497926535,37.39160272185668,34.624490194584034,24.481834726203257,65.42873359043449,28.999008041367734,60.6731559008003,50.4336841454627,21.71898708258986,26.656605704218162,17.06000533065639,5.662921485095785,61.91884631049116,67.27886939143343,16.599999360866992,61.53923846860733,98.20847400575781,7.440209493782213,49.03708724988637,73.30382136438539,4.60091978297269,77.82734939976157,97.9511237092886,8.848786353275317,82.22299054659253,37.85815445120942,14.41162024340118,49.31932091963478,7.15187357812157,52.21014081671842,1.9356788004049608,72.86114416727301,48.796968581158865,45.89396609351806,19.619149374208366,36.126315579476575,0,正常
18.18694324216663,73.53901005357393,19.902529943302728,61.675332705171506,27.96075010677521,65.69821959233272,54.045495892134234,42.343863165272,67.30008334104714,41.57220716082291,82.13706025750328,72.95984582352659,54.06389945130812,87.7060682585997,82.88618214680555,53.18393946204992,6.844769370079751,56.5996352199244,35.52569895602855,54.01129428037341,64.71304604975934,64.48385748506396,67.35240435180015,67.92686250450149,10.928141871350416,19.171233045729362,63.0541004542351,40.81723887310367,76.28516453057635,12.490928226283216,19.152299442053934,55.8464642436473,50.07480192678987,26.639715397668994,40.83432435051585,3.4981278056653076,2,采集前置异常
3.7038107994374125,9.492700282487165,57.67924532005605,86.37164146131536,26.022328925957506,3.3939829723420245,70.86271020523125,85.53522390050665,13.817278526310172,38.57476959404001,15.873684059020476,10.63574306093652,64.81685384743744,96.75364761781313,67.81656256207623,98.48146628076182,43.439527607029135,89.78697888273601,20.50842246663046,11.79043670107931,70.25200509124363,37.140833086263584,31.76876027471016,67.1280577997658,33.34840417694881,57.25581722485214,29.945510626130435,78.37575882112515,31.23883404953154,53.499414449622016,2.317608369701174,79.17307833583928,62.03377748219761,19.223706699289565,21.537337609102515,26.249291850482205,4,数据路由异常
57.653010459556185,54.8316333093023,27.38637196418894,69.40622919770037,88.90411659337312,4.351547765353847,41.71966378226814,59.35201185448099,58.64352035369994,1.953534698951076,21.056606584860504,6.183072131212153,56.89650725499341,64.53898876694672,15.974216342347757,33.30111193420726,32.9803743376021,81.98023315897835,19.465940452913333,54.83141213256585,78.29355125008843,82.95781928970479,66.6566094284733,29.952775226188287,82.30465748288563,74.21660271001265,70.44691338292692,6.733539888500717,4.326488065154955,69.53652977015795,94.47948012339307,77.37239280630193,83.14755664936885,54.49822808497904,30.458614408807392,67.77368967668842,3,消息队列异常
71.19708754926926,67.5357971694007,94.67090567193205,36.71790332645565,3.96575389557835,90.84443527574095,16.04991188540813,69.73183393874325,87.32044397726844,31.014139801463514,83.04152408549264,33.20581262714442,79.42579282362497,6.982986297372573,65.52429986709278,67.7138080578796,49.14258300809564,68.70908638627108,92.3183670553841,73.38548249682279,96.12960289846598,44.86123138520718,52.829073170395716,26.37386972377068,98.56016678008685,5.513673516127238,35.86204176168103,29.769716476861284,38.651171312805545,91.77178605198655,36.803787406851484,91.69766527000004,42.33388616632027,85.47687692202082,52.17500985006688,31.135284342831493,5,数据校核异常
44.93497989678873,42.438107897820345,25.99140620855509,28.963872999190677,18.645392131105442,33.600055720760835,62.44058032491711,38.65581687096312,71.23232109262922,98.69781696879531,37.7101079484485,46.26392140896169,16.411015694809763,39.22152857793161,72.68324507906794,21.740479974246284,18.205404865522922,37.637487364919174,81.86494857177314,62.36571897114834,95.75793775866063,90.45404349276255,15.113719682324234,4.255277460721462,39.90947341947542,52.20794788186396,51.55706152187145,13.41072677710553,12.481743215461039,4.686075577920368,85.08599260554004,94.77441380681788,11.568502021797167,21.31223685491116,8.986288473491033,87.7502171140835,0,正常
95.87087335362409,26.179657672089007,30.358382993537493,36.266968441293955,50.24637593807313,68.24609786449268,50.43905832546242,95.10015816762412,9.989345852149867,79.8605512275063,33.448309081347105,37.75476880865476,70.88294437102253,92.9377109874379,71.62007785535768,77.58605753793967,75.07792421587989,32.097860598372485,75.69304331822478,78.45207602198016,53.34003206505128,53.67562386668163,75.97208030624839,81.70308622244075,33.719544203067045,80.15622175752907,81.42090066754112,23.412564091857934,71.6950745316716,18.653392183615836,9.304911298812923,57.45430120502276,90.8652198783399,3.5459023525763245,82.65016375949217,50.647121070350664,6,调控管理异常
86.08954487212299,84.34769351710469,87.52868048162887,76.88739548066734,84.2992354546995,17.602520720120364,30.385314887494165,24.24861708072964,74.24283037280604,15.364311936713593,18.222779037778857,87.89647207219426,70.58821929128382,87.53799779190868,13.93552582606905,39.89804045613023,28.315117007631763,0.9681085279649504,28.452296043870685,37.95832519778794,9.221963724271188,56.64875578268198,38.31726624726331,4.646166227754545,70.39788648679767,72.92798338411035,83.44714429694349,48.55405998669826,96.86587973345098,91.40641445324565,55.13516251001316,44.49519310694172,0.3034427902922854,71.09945317392338,56.495450404969105,93.75441454860807,3,消息队列异常
59.423212524124416,99.28560938927299,85.38192718632904,95.35979358149531,32.766277128503894,14.933599476726645,79.68721137951253,78.61971029691325,21.14489394055632,76.47446541349127,58.197335804140614,10.952514490167298,50.17835975702087,93.11380008386784,50.64575454452288,78.86989895534721,2.890998664195654,72.80814128625937,94.68373861374772,49.95277848929358,33.77099130255864,64.66505048868973,91.62612150932193,17.676965053334293,40.369421002270975,15.629028098184117,49.66542322198928,54.042201303055904,94.42036147216601,41.25151537676274,56.695661353969825,88.52625740541524,32.14050001761587,67.416386896759,75.71618488220965,33.05282346870094,0,正常
16.434118553064447,50.29095419022733,35.68017301333016,26.646243179221397,97.3421310694105,50.21530187015332,85.64776938434238,19.531741054335917,93.94427648991307,79.44314345690218,80.86921561891424,38.976487519592865,48.56369930776863,59.335432589868006,78.97655362050648,84.90567520604377,7.804530935193443,90.40623875331745,93.74966525042609,59.288740435678555,18.675061325490596,81.84148327034895,54.85876145495989,81.71964537163797,81.48081265893165,8.672931568579244,60.70214283706641,48.31442992687213,94.61194699995177,29.664129192539633,20.6000106190925,89.70868560191548,14.871556890010474,68.65194587244618,30.001981384181086,56.784575549747764,0,正常
61.62194328412611,41.73692819579667,97.49649802370958,13.183316808497914,39.1399089036757,43.03953268743158,63.10469489961815,40.72597581945191,9.703601137216323,94.74299981808262,41.607908163868565,34.267372721707254,44.67221241740047,21.659568212892243,10.02216846686509,14.857847910886257,16.66548270035596,19.767343821589513,41.99602122261923,62.38992690441536,62.88878380267325,0.009756956192685795,92.09576668983999,82.28471805323217,96.39380394360398,35.99863447301929,66.4799276689397,16.802074925609713,81.7033027220336,16.136772295436884,32.598570080774955,49.08348559469833,59.453166885275046,55.96330242867316,10.209601170999727,42.167600286385095,7,数据库异常
92.29092642058225,87.23685277518516,59.07835232546398,57.23245754536014,11.167518264933019,20.02594523103034,25.263974260409604,48.81957285238057,73.13560480957187,46.07253556042582,12.606104183739774,43.934887701138045,16.263325374888836,75.11473516928845,16.6500860404579,48.25339895444567,69.34136026610929,22.81980639452086,7.603010763732643,56.32994760747487,5.420266350439251,58.7768642968168,75.34985375862014,32.93159916723065,48.834940908069214,92.87618382249465,47.11088641755524,99.6554061393389,15.700241135767289,70.89339024832891,65.2618598197254,87.23048135263272,9.244321199054074,28.02065915018167,13.217922576033525,93.30951222719214,0,正常
42.66353246452571,91.00658455350691,29.440699435882266,12.636810136165188,29.65372729860164,59.7174359328049,84.52325917845909,38.539069322499685,91.48086592534843,24.42320596779287,69.35406873037668,73.57133504822723,27.3962919330616,2.696987830052744,36.52373420507554,4.519614730613608,90.07537754021777,95.35252629340579,73.53799159460004,72.66845853138338,24.089266941173058,7.392557655808463,80.21046358609166,55.91619315533676,68.1627530787175,77.964106808623,40.943426895226885,14.454658997831771,79.50367993628954,45.37656392284074,82.69242308559326,43.76991467600128,21.70164084573061,17.100501665378232,74.39217565591679,57.48891227939967,5,数据校核异常
40.46029004646865,49.2116756191332,54.96386052865398,23.9416441825796,37.816557969768915,29.241146510973504,38.84238467456272,50.056221351790484,17.33575390543659,39.351506264888805,38.54944433069235,28.60038168422627,99.8496324802452,7.3627508994291375,64.29511392857357,17.44386065364356,83.95239892851824,91.41965360093009,40.14779826089588,82.34784494207096,24.99094493500604,14.006850732926157,31.587826640261095,34.167401389104725,39.735754478557894,37.29589419578188,41.114445285050394,71.003336580513,24.55801328657352,1.8575595765121689,48.96805513812716,44.8291244204864,6.006498984343045,13.380140150141372,50.99208946848939,23.47507600195793,4,数据路由异常
87.75982941414469,17.329248645949512,2.012263184851626,44.75637693910603,98.61631106082555,63.38725263064764,35.402972126192445,1.6868011467858324,48.494843974222675,20.646600213843026,64.7754085446646,58.30084937313013,26.521377538718493,6.888273421867163,75.50191980403346,58.546409459294225,84.21262495086283,25.980001563671628,65.28620647804121,11.868050052868496,29.18099079168437,65.65391118773695,82.55813051447932,32.09255017433469,79.88535565565013,67.77524602732825,34.86747715075998,87.63969377444393,50.92290660354312,64.82468225460822,49.56313419034801,45.271996049076805,84.79777172388565,29.470441503862578,3.662922236372468,87.97826435449612,5,数据校核异常
82.5023953051183,36.656047456961275,18.545113870521124,67.5533643048471,7.876090363563925,42.37547555388085,8.586232154003115,59.79096753287628,2.7208383809629977,62.923837563431164,67.32055732893966,48.71444746251511,17.500732929761188,10.139393862720725,31.329234813700324,46.52066796000124,64.22083168448445,0.1250127518499622,71.10639192353632,71.27119321252765,44.453780649249985,34.34064457479518,84.23085646703586,78.4587482031228,98.3276088517724,37.193080533895206,90.68326048570984,8.740188589295228,41.14660662508523,46.537411874865896,44.08743162034582,62.50981884311238,17.020783883816893,86.6452171726252,55.17640185396393,90.42095480132643,1,通信前置异常
0.2631644021484747,62.998811359299644,41.24578468548329,50.509906174945755,74.38045107802853,22.71517483366896,20.489943521438803,70.3007817737143,52.136575894418016,23.363909806169037,48.40186346694154,45.95584057771595,69.14444274153115,0.26611036192794035,58.6760265771483,60.56781505122755,74.55101371879198,88.9230466035449,44.01897971116888,34.25202243088844,10.232037751128631,33.6835844893233,6.848466444440771,80.28202053414549,80.70061478458365,41.72376572947781,25.964123387649085,11.802007545227177,85.12371660218464,87.74952783854053,26.628961458981404,62.17605484677636,25.865366479038865,22.51266271435788,2.1208050631415287,57.71594175860625,3,消息队列异常
14.994154318555719,1.2371182866931951,10.485116433681728,31.37691915878138,66.91631901117117,20.262305333212517,88.75905625316717,28.848841038295003,33.122628942365,21.79771799519773,25.38053370718384,7.413511455314181,29.47705787161895,85.9617459600623,68.84245413956134,87.52682038656165,10.485901437935663,45.56166308421591,22.925487298011504,72.12155905561481,97.02378247258905,81.53594790502878,3.527816675100637,31.665969464423416,2.8579690450523554,4.016696693098554,7.951530416441388,27.632692897056188,30.420276763813114,40.04535132348882,40.49310944662962,77.1409011843181,14.140324357889977,15.77406158042577,62.6589051672234,57.17421521924967,4,数据路由异常
15.400470548211242,85.22644268539192,32.90594141012074,36.69673485444862,42.04600808345885,32.270187073893574,55.74550522726265,38.86477231581985,25.94347259452876,90.44748677107744,30.835074014015472,69.8488925468822,34.72267703568962,43.521998687747185,23.594352340133163,75.23296193872542,73.72032514262531,2.223994580810018,6.0194040301291825,92.23764547449396,88.88268472378508,50.608719277853034,49.33573915583365,81.24241743837925,13.8450146884879,65.3699121345959,47.59829944872595,74.3331029315623,3.010279131199045,59.272554972393856,55.67282152155576,84.08483295891853,67.68362975550278,88.01603583956376,88.72733216425588,40.81640008997178,7,数据库异常
13.743413375181312,63.028365582218804,87.37460984085104,7.495334419476074,55.79232730846642,11.499952665982393,2.6995991755201953,67.96353539408335,68.18496118721639,60.0658044996362,85.92228039017972,8.087643979347837,10.526026169875935,86.45354379794472,50.32767198862631,27.305280883823723,73.81569779852873,89.4403722604402,68.96032862029622,79.19325966784491,28.249724019519252,28.877535941054244,86.41238803546324,61.48628486552153,23.416275167373644,52.41618154622122,68.58604714722493,21.854908125078797,65.49064082077359,4.214484981776778,30.369162300416118,67.39718117261148,14.934906548990156,22.21990306424989,87.90932903583894,67.43210994316084,4,数据路由异常
49.89187102566738,21.08933921274523,34.14096565822581,57.43304982873592,15.531259390466845,48.17440798981889,40.89743941380224,47.66873414276183,10.556082128029942,10.649708704502858,96.41109527463213,97.93677337247686,42.616465791181824,78.89954536508374,65.57914269230768,11.691685461838897,29.667865733469778,31.365140864452044,59.57744348592239,57.997671231447,92.35086937027556,79.00363139762739,85.68476646029737,89.12286136110093,80.12766725549804,33.28812610571077,21.501297133450002,57.17673380210469,68.95683164533187,38.65679689631658,84.83386499645103,96.05665928179835,56.9395726137352,45.65920622162183,84.28871169425179,2.426954698938666,4,数据路由异常
12.901261583424805,84.56576590062677,73.20285856479924,41.6136698204326,88.8851857724405,35.14582876453871,63.38453578669174,63.433447032591594,18.43318926142362,28.485173616405802,91.60069226960857,18.341485379341705,17.35746218476245,47.961547373387404,9.219736823784096,89.46261889843734,10.014913831247107,61.655747684079444,33.97818564453181,80.42728854710339,58.981074576753855,38.830614107943816,98.38729845448107,6.6230988465530665,57.778630323067674,98.95683115440448,69.09526432130171,73.9769631642193,3.209114457948592,2.13631630969624,3.6110111982192827,99.1723902176232,97.95197607408514,33.450892576426185,29.098181626582885,14.595874551784426,6,调控管理异常
32.91402991647584,37.01499305472703,74.82828167590337,86.62935529197348,74.6735119741388,64.64751010955725,76.59000780887979,73.84974791518053,47.57496937303948,33.58514024613578,28.278071687759955,67.93554595127816,95.93041244452252,58.105471893563006,91.25265024722661,1.422937097294752,79.44706467360058,85.36026579600797,63.09938379436958,93.40609993617296,58.99129928812996,24.05369025267493,21.571722944819427,55.583626669271524,90.64839304962109,7.236794575507699,60.4390512210911,76.98034729820246,11.540206962356914,11.676969071201293,36.61279966695881,27.388117354971687,19.831415889368976,19.869417361134524,13.066903242483585,61.085401308195244,4,数据路由异常
68.8125603584087,70.29362268790446,53.23539761386061,95.29062696655667,88.05327775900658,95.76311426662801,38.879547812717796,87.77831599550247,76.28746994068838,33.99729030340131,10.65932585042193,68.26212498968077,13.645232412188035,29.377580700111206,50.03645764437873,67.9882535148473,92.6227657197305,59.32400448489966,67.14130996720948,31.001385015097803,68.72926164285388,43.77901207300745,85.69311828837738,39.24505139014743,46.82720216565569,43.25877569102579,81.1122834307385,95.36991970119053,32.727630098327396,47.50279007620768,70.59262666932356,89.5381622034731,49.37006968460207,10.889350822672728,36.86713835013216,55.0361885440113,7,数据库异常
41.75246059660326,18.655572678807008,3.6989495343217493,68.74086660798949,99.27371907771425,91.92066338966171,68.32709108608135,84.15298085164292,25.572761846719317,62.24344360784464,6.060421539896543,70.71839273124577,96.98723390242687,86.07973072178591,53.444087477163734,78.87402193127767,94.38988099481647,21.60175779392154,79.3258512977378,26.98469579688534,87.69474219396665,9.835450569014547,17.821841886984146,72.06164634718017,17.477750386324896,15.805430190304437,55.546687739887204,83.49872377090708,26.846742527462908,84.1138182705485,80.79533965459747,57.91054009593355,64.65627536872701,4.04411866119082,36.71355583037133,26.339493111835253,5,数据校核异常
15.00038607274724,38.965932915698154,35.49041963474329,72.8891678129727,59.80963404767533,91.31000688020194,14.54075830558389,5.974860532352599,53.46077874911287,0.10271386107850722,78.77189431349656,50.59728886850095,48.80655760578936,36.24959787241744,37.497383614876256,43.11336782506559,1.6032344426030187,8.354578721620465,50.50480200112371,15.01222652198041,77.87626083469982,27.448517400452577,9.789963734932405,23.52099259034498,35.70982301557881,3.5316608594883614,14.167552438632903,32.38467544775197,31.048047380976406,80.03866965598392,84.32554753126531,19.341859914355,12.393988391284738,63.41624843214183,80.46235556954315,96.37230972241315,4,数据路由异常
0.6796284746514281,41.36781134268045,73.39878340943856,82.85592988743544,6.228594868309778,68.06145194641273,28.893871739897005,7.459695933312538,48.91025817546672,15.815334320414598,73.70075180616847,74.12617996994535,84.20677649875094,37.75686851477522,1.3309797230643627,25.97359383744797,46.78116995252769,69.40112794160504,38.204058568674135,53.6048396067138,52.42635874557169,16.498234935831658,62.30495000800127,43.925172820539785,80.7918701652493,69.06112081288998,11.146918619755464,48.87584100365685,70.24943584941875,8.701172580734262,79.24970325566315,22.20045146443994,50.30847954736897,94.05612874726361,57.133423482228395,42.40544517039474,2,采集前置异常
0.679492739914267,13.341362277407809,57.86638850979876,49.38250406537382,36.38291756468314,92.32158853941174,33.24825374259408,53.71507564441066,56.87134095241301,52.746839006392264,47.758539154009924,33.70637360119081,90.87636330396195,45.08032617591448,52.84488673460756,65.64779838302422,6.765604243153467,78.12881414632452,51.25073100860356,65.71769358449669,77.20120654136913,87.40993907642147,39.2220416952931,81.1429892682255,25.883689556590173,66.03356509573663,10.27073006796394,2.0030467424075216,9.57631261126397,31.93824865624758,3.1094613824664274,63.049127218726255,31.65445383822648,73.6376067714298,4.591513626960564,21.670156654749817,3,消息队列异常
40.80034253296986,38.26515622940463,13.099867283634048,99.4136813581657,28.443958083383592,72.10320846514631,22.00266972117182,87.78512107260839,38.77583101496924,90.09024889891045,34.1834919633971,0.8643821496913451,51.70204310784614,52.478793615109645,11.983418278863557,23.49635734192924,78.34955909813493,3.675582462865923,48.95266866866807,53.04081234135628,68.8712060676124,3.745626740013519,58.56463270904639,0.3098036578183194,26.517836728919065,49.96842553164812,91.12813374256172,12.658981600553542,16.928912900327507,66.92500643838277,37.486169382239886,62.342140192287175,99.74541671342672,98.6871661348854,35.37135794944214,50.39253538248326,4,数据路由异常
90.46901586293933,9.216766240855756,45.23039038368471,37.7577348316459,29.48827726609973,99.42042119223483,73.35492939723778,38.8746992392922,82.90218916654192,48.966610071205686,87.28244123678587,26.637984563057838,22.36002273870654,24.728668124744758,53.848057612505244,29.131339115513466,14.71196841463841,99.46279185057321,90.04332274414101,63.50124374930797,89.1542873923946,93.54627375078188,67.61082918658356,51.86797786913082,88.20017922146772,56.77969969129095,12.6800542853874,36.685600045750576,44.59209517353771,93.53690161355955,65.91854723058223,87.52775627958907,75.75917008399362,30.986088652268297,71.87089930641832,19.529973592387464,3,消息队列异常
40.81458117174677,80.60918571559321,61.192916191522826,82.54125059526149,25.47035823500513,74.97488324272949,20.23243614418365,54.53041723980072,43.353459445443136,55.6475857770807,13.553342402827251,36.12278755130117,66.69038308661737,55.85307940810274,54.89697589118197,51.08301121312544,94.38849100388784,93.45696979397343,36.01449727982943,35.18950115842048,55.48984565730611,9.56062841392078,30.30067007675159,23.086756580117274,22.33896683364285,63.850552589526785,38.43503343441493,17.116437475830626,88.75718449877596,87.41486879377942,86.24629235322352,39.074494225779276,5.698245351045239,10.674201789443604,27.60480797712992,21.997000410865464,2,采集前置异常
87.39856201488354,98.63581803892595,81.66736623318023,72.98489027491884,58.86241399273142,76.99082991798728,94.70333121923909,60.134466990708106,15.46132440198339,16.38583172687197,58.38628031285862,33.34685397848078,91.02473752449694,61.164233383597235,67.64926134233603,0.5820710100902571,49.8848552062623,43.11647213889117,70.5871856767533,38.26386603333657,97.65750318871623,67.02031815564018,65.99183331425894,91.93411447579827,99.52048338983457,19.782068926211327,81.0533143214728,16.231949532202748,45.70434530542099,10.018540433247015,62.33709784671648,46.851816340507504,62.869894832571504,67.7960752615413,61.9432250031238,29.402912260737313,2,采集前置异常
83.69591572436687,55.16861993751241,48.98511732168031,98.70638042348745,28.350790670647687,52.80303048951731,68.23245786079914,12.522593293323359,35.423972414653534,80.16887159973261,23.675823459983004,49.329036490360664,63.063060598297106,67.11623533076,72.83104420478259,86.59773170429443,39.28594430336376,70.66319259638561,73.21746477702516,30.02741301269902,96.81579502116412,86.5219173522062,28.986132869956403,67.50686766869876,71.7800634459294,43.14836362753793,86.37432859409664,69.02293535090396,65.81546851527182,22.08403722847182,40.78423113495825,43.39224891323499,73.36610965790206,61.839454525755244,8.586059062626706,30.769795188724004,3,消息队列异常
47.30475044615455,73.6732945856993,74.3569130079674,49.05433085716368,11.69323822606776,29.290340337283904,25.469238224706924,78.10264103082412,17.99863140056536,46.49212223951922,67.071880351439,96.4786152950037,99.924058022444,95.2922143555439,71.8242345253535,74.64408330220917,75.92100976090174,86.260487654629,95.1785462852208,44.57061445203275,41.65108780421269,46.04644623786307,65.98171714565942,77.54453962777646,87.05443909013292,45.62107542826056,36.33726261801294,98.33526147022265,23.188762100722627,22.200483525247726,71.54074548264956,17.965729560264233,39.94089997461224,29.238682231425194,16.871045675694862,57.970723909789356,0,正常
37.351149075462885,46.2234172848446,19.5863004825516,76.78668026717565,31.471208345074576,34.27181790268988,25.215396210011264,43.44035721190338,46.3576627238672,52.96669163295151,96.75682819819397,90.46918080457034,60.93926309870537,3.89034677630975,61.226034087673455,8.966860676411626,71.03442385187473,39.00776465809306,83.76964915685187,94.25292452651306,41.7110341465609,46.05552954737462,59.014758101285025,19.713272185805053,92.73328408283614,43.29999265013726,16.68203359160073,76.2731833418884,21.91513724439852,14.352927507185498,56.287207549400705,67.14952552915908,56.95627406649163,65.65106489473632,11.552401230774445,47.601803788410734,1,通信前置异常
35.70186440885412,97.33686162401219,4.962393417946743,29.829420305992304,94.1862194091722,98.34961831843295,82.49016077271335,7.599824401640931,56.135502834354035,40.012299267046714,80.64525676954017,5.502423557133329,19.712875164470212,48.91950662226294,15.764766294782696,69.27151426942983,82.07672211397983,70.45198936276435,44.02837136399823,87.83876662526463,13.76861317199417,26.03385838990089,48.95396852523033,6.1338598879251975,9.568578156654727,39.74433717223721,94.3886296734554,90.84136932770002,46.59748582784111,14.215854451073007,17.81076559584356,37.75460546091273,21.007419508678137,8.297559439037784,67.37774835199971,58.144863779269485,6,调控管理异常
29.129675797808506,77.89483825523041,77.59488877058345,49.10019702127618,9.653255551189389,91.84694001013575,66.86605235409712,24.705081915195095,61.045454703422664,40.502149582763025,63.534963973595794,47.38708957310208,48.547215023973344,73.58820919073594,61.37257460639758,7.995269124422566,6.537357044630365,30.500923749672527,43.02459965387463,27.522255917928607,65.1459858069918,19.51079317256219,70.41410963961697,77.31507418889302,12.431930759565057,65.0806243362988,96.14359759001141,19.282381726334673,90.93028311161545,60.60479492740166,59.094486733171195,5.192268232086716,74.83002783863982,47.82730526480582,72.11743918351341,80.9181103446606,0,正常
52.379637337227855,26.36443132783142,14.157249139281337,16.050312793241428,86.69346539457987,12.357809563038868,38.46940730465684,33.42746462890308,86.54556667389703,47.76935006942916,99.64464173481376,73.70547463031447,85.09235754042857,9.86722660266749,25.310225526489592,13.544619557182823,46.36219724005597,71.82874881619098,16.90635682030002,13.016854456973881,61.46087487804404,23.031275376342396,47.9325071753741,5.111772772771772,68.06128120674649,54.13163816420536,64.74228989586328,27.540638005974603,27.860297536153112,80.13605330907582,71.85623129848263,57.97286511986146,62.81434757820805,9.404417950110544,85.61713044512535,76.99070330116626,0,正常
59.04915338234476,91.85951311009072,16.86379076993998,68.66573860341668,96.29817776521608,31.000896456992088,1.5292314067509527,73.48674669691331,0.6980324456127063,87.2533649182167,5.630125210356985,65.27647298718772,37.71841444231504,20.334065371673283,89.8258399853829,74.62458519268623,34.04405661432601,28.4153092857225,73.60122941611394,83.65707626063305,71.58504642958094,63.99892250357414,22.79247251886488,85.28039832764722,74.96619834583748,51.72742897664144,51.15877622667807,56.91730278073464,82.82763941786627,74.22595488375575,85.62449939458833,50.728277165872235,62.464905901825716,85.45718068959796,23.232006017671537,44.4020680256224,5,数据校核异常
62.0652236979387,91.51462573581014,1.5836011046124976,21.257315817322752,23.44505077612904,32.66126802617942,28.17866204206789,59.013878556223865,88.56202642547454,63.697784107238945,24.152655895435913,86.37528500700846,63.20457891475133,21.896212498790156,36.16665371665032,78.99648067397825,73.89311814871142,57.65823695056426,14.476750274056183,80.32892973145042,30.75425285527481,77.15979389991624,64.75663657622587,26.41702816435182,21.236922813265668,13.090992325771877,24.194623658811576,15.782902244913998,61.70512477877514,59.878311897725354,58.61720601327972,64.18898092248384,81.47845339645663,91.35527115498034,23.03755379017621,58.77744901689257,6,调控管理异常
7.833622124727146,12.014243835559512,65.43393129613905,48.65805616904508,75.83320868344337,42.567748099057134,12.75984068329381,87.20536538308255,8.288847114532228,18.896464253538202,27.6976865961851,99.52806070654268,41.68598201759839,50.17085304781149,76.96967509738684,63.64155853388137,84.14206919413334,48.643345858789374,97.2177687493222,79.6812361586308,40.13653883132652,38.1271822945248,92.94911920442178,68.44156358147173,62.14336345256386,75.78306374338109,56.08338281117115,15.91667730857267,31.92154620784311,55.794486370896976,1.8167820927166956,43.735070496322784,75.58028792759367,16.423400451627234,6.4558950156905714,83.60291407276985,6,调控管理异常
61.727386846336195,17.657897248946398,80.63049805831936,65.81294714872124,33.41192696484382,37.61962719617392,15.588816318704835,83.52555942087403,50.9006651643742,55.701907664366054,88.34919151977478,1.5830616453093915,6.692306252329205,16.1578981859815,3.003781308814557,65.81561566243995,63.38794681883208,21.08019029289856,14.940644488669474,14.568470138660672,95.32414133186423,69.35045286247416,58.54288284650793,32.24868718050943,43.304319790878964,8.940588119920767,99.81518880550014,75.50854635716348,62.14531568282279,58.77671952278823,50.43143720331725,25.742742767469583,22.63904034597337,54.95324571892244,7.020081455795168,7.447079886853569,0,正常
56.08136031603501,91.98120482102392,91.42718511298546,1.0828300660792323,10.739421564744978,58.3077693758695,84.84757218061641,95.44490866568287,86.05822260457792,67.76131352964558,20.052507758923575,7.262147397896235,4.751578268564471,61.20767846254114,3.618860401535773,73.92399564655506,71.2470737350969,7.961082477667891,90.66223650367947,52.19292886253023,90.44385673377316,90.1610056188322,19.70340638871183,38.05776279362848,13.462633350381626,77.49780101363207,50.41249155378625,92.88075753949819,20.821521487627738,68.8367661519226,98.92368277727088,66.53812618209913,6.877393283071265,58.842434969519054,17.98427496812367,3.0502777419315397,4,数据路由异常
33.49606973052141,26.610408305406573,78.87708988157542,37.368054107810046,73.29587803851965,1.6238991949331427,1.481213343339105,2.93134575475571,21.935844178258044,37.39877850285617,60.78458031168545,98.59138858269728,35.44095670143326,5.565890675716623,19.490016166584866,89.7851833814862,69.93791901477088,79.02008240385598,12.416820567279263,13.498698870750792,11.2246007544896,85.7169164309525,20.996760869360443,64.31517453797217,51.616636618325906,54.43899118738537,19.543535839126825,63.52460934539895,4.310053445833118,99.34722762576287,2.675890649272905,5.0156540715862175,32.46474198916813,83.16253557695383,25.718921177674293,47.19350137913282,5,数据校核异常
1.7977331176192934,7.887931648364422,60.796604854070715,19.43584694494286,69.42545630195254,78.53911750171771,85.03341994722832,13.379933799932264,45.550854903192494,94.70814499038457,77.20835424443078,11.696038184614832,50.25002450183943,92.23805818388388,44.003880552318584,83.74176088409688,49.584372118855725,10.681167724575369,14.785492605950735,4.667575280817971,19.53147405755645,89.36140998704342,65.01980459432566,73.88569348829111,62.16614583933278,38.65392921383477,21.68611327960016,92.56145840098307,51.48297815580215,48.109988120793936,99.61040885935458,38.39299883884766,85.41253148922391,86.23440603168562,23.267021035779557,9.48396923501621,5,数据校核异常
97.56201157158642,42.58968641355669,0.2220322010195508,49.90178338289586,61.930036374745036,77.60882474480341,94.29421182236386,91.5170628945463,94.01358200548685,3.212514825947277,71.17741338304677,22.58579628056866,18.7552687205654,80.03185685992503,41.71296891728799,91.66000757823358,4.2435090795706625,80.21808294871632,13.683441128259567,17.657720156498446,47.7351715524499,39.558994087279956,48.617230612867104,94.00265220310551,65.73889355635731,29.03093818420006,17.2908712317845,42.00462751309336,45.164102726773756,60.12944098995162,26.600270353976796,76.75092470968168,9.846024547938159,56.04533636006545,62.35316532441113,20.683158106514533,2,采集前置异常
82.60113504996211,61.54321252076775,64.57222146479728,49.77435057634385,90.95942171763384,69.39275814876244,38.183556489576254,23.86058877840862,7.106167482348724,16.536083718035954,99.26829520836597,40.67668959916402,89.86872272774067,17.056935688526444,42.536087134084966,96.05184670334486,9.113225141929993,59.39842838125028,91.91719006963021,94.96833729542506,84.60074771117758,85.59344323601495,65.21829541174655,22.042310809499256,73.06785444849197,97.83844644587232,52.59335146728108,26.069735907690117,57.34710677649978,69.06103562406165,20.828030942441313,71.91893476094225,58.74328588843919,61.23499091480522,30.598792973983414,15.526681011120115,7,数据库异常
62.3449895305657,58.62329891525718,33.80121877138049,29.58936675458872,34.724446166228404,48.98833384988202,97.48197351111612,76.35646220262063,85.17397391654885,50.56495689035311,52.612361177877695,20.432466143702765,72.10458363010784,42.15840057906362,74.24468588177112,40.905538131262546,10.851718721390814,17.30536877858835,81.15700780746833,25.86164895589326,26.43544225670693,92.93680900023314,65.76356228668494,11.430755388435632,14.358527013193424,27.23674327202794,59.39956878266328,75.28254699056728,27.4496443453197,87.06420374149644,10.918017888414855,20.759916804317957,97.04649211428776,13.474486365365767,88.81113077238109,70.39350754040954,6,调控管理异常
7.308709064170671,48.370682889994384,51.897935314480634,93.21396314158376,42.11045930771687,44.67636154642759,11.24837547863783,63.91725634376625,21.08969758890966,7.753325822370682,99.6919000070794,26.96296279628052,14.105316512880394,69.94903745971763,82.16821559219018,6.407749312634669,10.539330746978703,9.017382358204584,4.69593033225112,65.94564786342838,58.831318973936405,66.2806656559933,50.566716327418106,81.75076854055816,54.66683024985755,91.87469347996249,48.56485325039933,79.06586612115987,40.73603536836341,43.52238947764428,84.89920452379168,10.765983535766333,56.491775498320806,72.63364677787855,75.04206154170537,59.14935271699754,0,正常
44.80644841595138,26.078244386675774,90.94262353541222,36.978794752132536,79.89920885333459,3.166561296263626,23.21692146866091,34.55847928841226,67.15740633102043,31.9330807161891,4.136380081930713,17.386751605401606,25.916535236932603,17.604747993581903,20.37245601411334,76.89569406733544,41.203364395046016,40.51792446679252,96.66063366594861,44.670183794420026,92.76581325323949,29.90630982166803,40.06262599041731,39.62833560674621,54.60788323146444,58.42472908539522,24.812502904226886,79.35842504171187,49.65259546767925,0.7043553518807477,59.13406333166802,79.80594415291364,25.04667378154578,3.7871009361926,80.71786556507227,97.62767159716272,2,采集前置异常
7.656361466490235,93.80368073257212,35.9274411976062,94.14396085880875,64.88393240024467,89.02443124484132,78.58330250514133,2.7997742820626836,6.544250232505389,52.574460511854404,12.961901984491265,46.10342391571515,95.46302985644675,29.475728755448426,48.891271381574086,38.42596300680694,62.982696424824844,19.384493065155883,25.99392901342833,85.87678513640101,81.13362238603384,78.91896888706404,77.0919609317896,45.9437493461579,72.88907725322082,38.72048178721178,10.070958018948017,39.337464164889234,15.866304422793087,39.08516806325096,29.742521536288656,59.91606670679249,36.15404154984234,70.55896633791784,51.21466810476494,91.94922785153999,3,消息队列异常
9.102543535038699,68.77091886413322,67.23968775700396,95.06265474127007,37.15518670436525,30.54379697121623,17.239344421365654,26.528851535529363,50.18907727551386,83.7712961959977,28.428660348064128,15.774211665739058,27.21284710741687,10.092697502848457,92.66954163079961,87.26241520222472,30.84917169851523,24.698781593186702,90.53973140649157,0.17719513209559778,60.05775279913467,91.60037609456705,50.855748890635276,0.29669595996338893,21.88714293851557,92.2441593891934,1.7022424179829243,39.47797660632014,78.97447263329782,83.80909936850034,47.760793262867004,23.24837517328525,59.970471768615894,26.37780315573015,25.526425799591635,80.75997633970131,1,通信前置异常
15.426583529661308,0.5521478401990798,33.67752170058491,49.097395499502994,70.50803918953237,78.11152576042886,66.351921113363,62.650888031692666,66.5748722319435,27.152651758109904,38.23613229645678,61.643650099956446,6.557066035397286,29.532535006785565,40.641894475765305,53.3440682853936,48.64821073609611,71.81318781539937,47.34266754164611,90.41299838249888,38.03183421524173,52.53717061761564,0.32103896020267975,31.047795644618937,86.65729773139923,33.35763945962916,25.318633333246197,54.353696244222164,7.873009844207246,53.16051316503992,30.36657982421883,38.31028898743875,79.13650043371449,66.19640186141183,44.610609312384284,57.75163130849394,7,数据库异常
76.68587553202292,74.57837451961883,18.532171055117843,30.091922199920475,34.823693096602526,18.754229000500445,1.2161454006304195,17.396726878881218,80.82443270814872,54.59204513924711,34.16580269871808,60.83444456294648,73.98341253467918,35.44277830208627,46.607484153497445,6.42132166701156,59.70905362124792,35.640709555218464,43.352364760078764,42.26006179469247,63.24092887425428,57.246534895448086,42.210604777656805,1.6955021490728694,62.09626146313793,87.9577474034327,76.95515715938977,98.16156322500822,13.907533802071336,22.25200527878537,53.92674652219791,23.588170234380645,3.454978128168984,40.22882761639461,28.76447341539825,26.37608456588828,7,数据库异常
95.31728170242486,23.845411626544955,12.943257118739782,12.531925790785115,80.63240734885292,71.48480745267403,12.94861955670622,21.97531188607863,74.73430084435303,27.46163978346141,98.15420751573521,54.05700666209088,19.200797041008823,85.88084545127332,31.947554589723516,28.880735506437784,32.744123345149845,76.81972482230377,17.321294971594813,38.1785780260938,3.0832772784410434,82.66266173496078,34.07187663070053,24.817291980837442,57.98932423754992,70.49918837513754,81.28960371829432,34.77849454990679,81.23008501490696,46.48810003714582,10.114226754522493,84.63074827157793,54.763478210461436,60.24695719473855,93.74912696947354,55.91514849392553,7,数据库异常
0.5583530677989001,87.06158410031026,28.475108032345997,50.17669207840038,20.488660256142023,29.698356845497344,68.66488480670338,42.957335103791394,62.71306305813871,82.3575691312951,34.082202218634514,56.8340038326041,77.75878933731363,71.51231927693746,53.98434359818509,38.33835107273551,40.75019812330175,43.31352119962656,34.88455289461518,69.9075634889698,12.54152522718297,96.74541207172767,77.89855019715401,29.816305216677385,4.254756927063563,71.13031723789261,73.43590449698331,96.36226105275766,25.3705557575165,8.27250902042238,91.51347577184326,25.86490346127752,72.15314473238818,6.065963782767792,76.0584804976167,12.70258971371404,5,数据校核异常
69.55863480416035,53.234304785340484,95.54881304672604,3.691764307734302,29.204874580005814,6.95089173342438,87.9197635239719,59.39011536611078,53.4969612357899,13.145789211630976,48.90322573130509,39.87036551758154,31.575186813902324,77.21889554985944,6.127603983344477,64.66857273622017,82.29930312022118,90.73072828603243,74.59165947554102,28.245567885821554,60.05074605237034,14.140361091435526,11.7060623744776,63.86241421385146,85.11076545842027,6.724812569961891,10.600373213329872,56.5607307429357,21.82118610193402,61.18181227776478,21.454382525533987,11.648197430605943,54.557498216482735,86.21951380326188,68.51219721505299,81.87251375359646,3,消息队列异常
26.633517439004827,88.59786512970257,37.70391745762707,85.24476678569935,47.11755901487261,26.78576473604962,26.02588310267929,56.76678843646529,7.901027020684581,93.00561945885086,27.146349569853566,33.56248178458553,23.330155374123272,0.300796056072139,69.25502368087977,59.05529010342235,80.96445401971157,4.101077345098048,92.86556447333203,33.088694006036555,91.30698625057939,10.713148206753953,74.39205814696412,57.93582314323265,35.8191215252584,7.9142395933019305,60.47365098467405,2.6439883073913095,50.12820991460075,60.420857579365496,73.2523747287522,99.1334634224846,26.00937135077649,32.238982137347506,34.1145346808992,73.1582711858835,7,数据库异常
93.18192682561138,97.43237495815588,94.58113665581291,87.93830077152434,99.0977373820631,37.59457268344969,94.83213199987064,76.10199623959116,16.845985952797825,4.546518787720233,21.448395787032226,77.87511242876262,63.16968812258842,22.43562573466852,74.19214544713593,14.1322239438203,82.18413938586944,79.4160975970732,97.25759707060485,15.027956462931813,90.66129944146003,34.11026637218385,41.60598647953117,46.844506288676946,62.69040532025558,99.47633701180428,59.99588030552332,92.67158650404073,25.5028202084723,39.841166181514964,50.44995294385808,32.29019897866707,97.686710296433,72.56835538972271,47.88813521825601,75.13047012097938,3,消息队列异常
46.744249908265125,1.7225327367926035,54.31934078103361,62.51852187612016,98.12074187185617,4.079284826061769,51.209695745513386,9.815475670836182,14.899590157096043,61.04633389684761,23.15677122664973,74.91741112950245,51.419869259527275,21.821288516573723,49.379167760106505,0.08817269081207169,86.2740043657841,1.2678377055762802,0.7009892492182535,61.150394317964704,97.35209257900829,85.59334843539787,25.201891258945164,19.66668111476857,62.61121806334554,82.26377470220774,36.20786709000298,43.23545903670759,11.548951367775118,15.282642125535917,56.83515950260208,10.265614574843696,20.2046124795901,23.467702401188404,44.392453321363035,4.561196412363621,4,数据路由异常
49.97709716929386,92.86744063940814,2.446366111907261,63.09848652074653,83.58423651515423,31.246084254917715,13.15185450192249,4.333978760926305,64.39030594358024,55.223438022906834,22.92949883919976,83.1617307631748,73.55063521523434,27.642878498678314,75.33630228646338,24.499421350077256,67.52674618663609,11.854504107387942,69.22394633332073,23.877441898226024,57.24693542417141,17.246386685188252,72.59669475679523,6.087957439305169,16.54177868027188,18.41364798708365,4.1343585853998555,74.50125161602456,98.09525047399327,77.83977884116824,86.06319621223956,0.6007660338277154,11.786996377459324,55.90203392948624,97.78688847941675,66.07129310482036,7,数据库异常
37.413669373807764,14.61493054814592,15.283569438265076,36.27532023167838,71.38101973440072,3.1819291024910656,85.21775914616386,94.15514356898058,88.88164605308312,91.3026909396893,1.533927941826374,97.77923159498958,36.63571148903488,86.92811183651747,18.680887069961415,44.65257426622369,4.416438862397665,4.0075996842827255,94.32761007696382,81.06066125290391,52.98260444137933,52.54581735645378,74.87546184761862,34.166878157049005,76.18692758619521,48.50083799932724,63.791740291146496,96.48294501031478,47.13155575202615,41.840465974645014,90.57491739413585,90.2580494916344,99.24187018831758,55.08629993083092,34.42615410266028,24.03900631777036,1,通信前置异常
3.40963569516618,72.67286242108855,23.347617373544672,60.66408852256573,91.65923653643955,95.02136073945267,0.44101339803103157,31.70750313763564,83.73780294652269,53.644520535153525,80.75087334821528,85.3323282837938,44.26262199413228,35.898293802478555,45.54332660505255,65.27952026242663,36.715915288681835,77.49882886977527,90.39927936850223,28.23112021587265,96.49896441742395,62.27252467253106,87.8168771219741,10.391643527210547,25.149913705623874,32.10190794325922,30.28221511745133,17.186115659853186,86.82009475248323,41.861214128955005,96.31302124667882,58.34723667901471,13.839463564486309,54.59047098339571,99.35451477242422,56.51716870992748,3,消息队列异常
0.1869345129562605,93.30799035904191,23.489440612818935,68.85290530689566,51.50801549554427,32.543375684088616,28.26395236763887,92.87598625071047,91.19258959198372,51.313484005377916,25.84951955351392,10.234203217199777,15.65763828590856,52.22517257406045,30.782996057900913,4.20681422599567,45.516738531110015,74.61892924643136,89.16951159599876,58.528404568308936,72.3292123842446,36.407047086493236,49.62381792169395,72.96268565100293,72.76582273722944,42.45262645695041,54.366734155832276,92.38553395509695,63.199760494323364,64.25746256865897,78.462029238536,11.522289631597282,52.28842916487275,95.9431736270982,36.16603921760989,29.4926146422091,3,消息队列异常
60.12079656047577,22.111942456530343,55.5945156523649,15.565201085764057,57.97934606979056,60.23791836451775,41.840047901226285,38.27464254386885,24.545827840044932,33.09223078335943,49.834596719136336,24.765890102910106,78.28344633718626,70.90352413257716,26.930586714599546,9.7435163101548,0.01800389839627936,59.67188523814889,21.136374645364885,1.2582470101539123,35.908527059202264,96.19984623174334,68.99428076298173,85.7763702922458,14.473909826073006,7.3288154619436385,1.1529763509722457,95.56622900194871,30.020273535354846,45.9504942340858,39.45236236017745,73.04569353928592,30.996488195274306,53.545288261405155,99.55822649554675,44.40635513442363,1,通信前置异常
55.12715406997556,50.25280623108378,80.31861581360322,26.6839654033575,17.043801614279698,75.4093158264862,41.561818636865425,91.37260089766872,64.41592857933976,56.43431117117426,7.045705482587716,73.0411905137798,68.60403655129582,64.00719244871547,26.790952357069052,94.67393216744445,32.165512703282005,15.223095675393427,98.72011549350138,74.62462791237681,41.47868823261813,93.59164308887068,9.111737436619727,8.766121642655778,68.24510186285855,17.79720483788435,91.71395151932842,84.03591742988709,30.636722410118644,88.88395822693703,4.288768700732836,54.863785273749386,93.55627737088332,85.53829789356982,35.6073323800995,18.28704352346349,7,数据库异常
21.054058840374456,51.45078780784053,59.67729438364741,3.281431662363643,41.35515592348881,83.03871156439045,44.43289502357971,16.91753909494105,95.48602930190968,26.627553992646668,79.84282656340605,19.379416633893488,42.31727292215899,49.04225397748119,50.06352959482445,51.647386810070486,22.494754068976142,51.591552196083526,48.171275387775424,20.871949712626325,98.81915595037108,86.55633927865502,88.7576351022483,68.55710503828949,15.989703069175654,56.80920638997489,82.14396316273861,3.873648868866253,49.58431032876197,39.61228799949181,21.212472965930363,37.82500037653177,98.34975108694528,72.32433263617776,29.95370800149414,60.535505148082954,1,通信前置异常
24.66562402856798,61.08439090242739,89.61666894849317,55.687679994255234,73.33399754526828,45.33389987162968,52.41239176639966,69.50750787548786,81.24050050513972,65.94513865254497,97.7491993890093,81.98225877982827,77.71602046078752,84.51015789810255,28.121093542434906,43.20471539483807,56.44629183945907,46.23863184426856,84.74578182240798,2.706851767923202,20.917541723282085,88.17065410018549,5.91001376769672,22.698830360879807,35.12503303764862,75.07405608116909,56.01806961668484,95.4604702780331,22.787501507297346,87.21204049887294,28.29134897492488,24.54982591265602,49.837519809935074,7.120450525649369,38.43070129932832,35.567596810974365,3,消息队列异常
16.010155570177353,86.07948452749106,38.58896437093833,98.19201795136824,89.97079490377743,19.48106995699255,50.51221723379384,60.18041383665529,81.89605029436211,88.56427496513948,62.40180211554899,3.513420314221538,48.12764495181293,88.48035361863323,71.40896025442599,87.01419414094578,67.40797897227073,4.403500981497266,96.80066562066106,91.80185405696787,12.657953991262328,11.26911668437488,53.90785004770201,75.70508345568832,38.21732119382537,13.638216354324207,51.055609878135456,33.756613621897245,35.17719555513247,64.49855368403821,88.56080992295038,55.85917308556443,68.76025108296356,65.99469915212414,55.114619255693,31.07581455831301,1,通信前置异常
37.779418491023876,31.57037984904162,91.74980964820548,82.66186705104431,57.934737285122075,91.22434709742006,88.6408693147978,92.76943997518352,22.177385765553293,71.75030377638947,60.92244999235018,73.38306378346071,26.33793639182872,69.48090714382977,40.982851525438704,83.40917963063002,79.5365725161773,21.135761085891712,18.385527640330302,71.7731721284866,55.047489472816046,55.7205910682049,75.25153234593546,85.497079302179,23.896390060871674,55.55395467905502,82.89547094920772,87.27941711950025,28.740938833851658,10.415385659751253,23.28232538777799,94.54995140145273,46.24797124352143,41.857379055602486,1.308434873421016,5.101468292135114,3,消息队列异常
66.86959294747237,58.98270687249965,57.55282984954037,11.032287602447155,35.20611695653535,81.2358138640148,17.491122391663726,88.26872509824364,12.147830034890317,16.914933012398812,47.77499611537285,94.52999044485374,32.954767814542365,65.82179935580488,58.86712559890762,14.962263650055752,24.81669013941633,93.0152772643822,18.48296236530995,69.50098897551132,96.46944826003045,11.950599220227808,39.91819901873145,22.393214444273724,22.156151740454288,11.898584399968081,64.95511839914658,74.63435099107117,67.67939100230562,92.46564576191528,14.567880871805416,31.98453733850062,34.4572809702456,23.208210384690464,14.22049441569666,48.67034759262637,3,消息队列异常
83.44396280474284,95.4539725603318,12.934063221849767,82.3157228072736,82.45811229652749,38.897812155256695,11.002962414545415,99.0008006756898,65.55930305288187,98.21956950415804,48.36555156846585,39.519299993672874,24.718547597045383,98.35720017720195,25.325726946227366,2.376275621805035,51.24684135884778,37.70504930509154,26.13825034292645,63.46081164811734,36.426861489782226,40.22508883168728,2.304560389404431,58.907092855305756,12.207102984704276,21.38048588954218,71.71178206126382,31.324272618391102,16.321019743838093,57.74241470624808,21.49044949379406,27.097821395870504,62.13393099778738,73.98617813639149,73.9659685195577,48.22434118708304,4,数据路由异常
45.42969110094355,78.76451842312574,19.303472511251705,15.220244752845923,66.46950660295097,40.95069343892553,70.99984605701809,25.660022346323597,32.48718810667669,89.66776491853906,42.165652682158814,59.09534697203844,10.668219411830949,17.882917219275875,3.588772882264424,42.43708117616666,98.89200044950239,87.3873152651466,63.2908914940507,86.10964919574661,59.41693563524231,36.87688803341377,17.35464011011153,65.30487417602242,19.305127639074538,41.74284172000602,82.58018421552632,12.92293025617285,12.90214190567951,22.440241559159734,55.191730712229905,25.172347825991302,50.31979372550007,30.198261105968715,50.62422049084056,27.76314490017302,0,正常
98.00123756085652,49.271790114196776,74.364343410824,70.05465588982051,49.05593748143612,23.886206166792523,51.07182779128648,68.09716237204346,45.99192705632118,8.192510736274162,1.7983229558083957,32.78768084678385,15.022392609331192,90.61902459259956,17.583267008492488,39.428271401156614,71.20775120714814,81.54216600160609,47.77131531781309,18.11350096083921,27.089522357585306,41.89684476411472,36.4594589325583,34.86727571696565,13.185380175666428,91.33102521709498,2.975660641771505,44.00021278757512,98.03214925030866,65.9723938824102,35.541066373308325,14.60975844531699,96.3872605645761,1.3986361873149722,68.13875706131435,88.01374714453273,3,消息队列异常
2.51604898862422,72.51748640905011,99.88377612547349,63.96424685733494,41.467894784339876,87.4400719356282,55.417924642262825,74.944084678994,58.77789918185049,3.8291092487949263,21.314498820534755,7.87635739867496,10.668776238322298,1.5405493588071972,42.11649790141529,17.86516317541651,85.56965204939718,75.00375375406604,57.3176994815496,48.90213453503954,25.58686405759758,47.495146587498546,64.12292758644108,78.22288601927755,8.168206625959339,70.846468874555,74.27298767612854,55.89722009248565,21.431919570320122,53.9184587501175,50.270488181531036,47.57100963867962,46.063991546718405,11.082556629151973,18.289248485736476,9.733208845134234,7,数据库异常
24.247782766798444,26.3476782730673,24.50758614930454,21.09290681856034,73.54220454847889,81.8565399598118,32.71092165725699,30.51288916844489,84.4032349752508,62.392390166579105,29.343832478905753,71.36122925865823,34.459281023316734,58.655561434217304,99.26340299878015,30.159437521603326,93.05260007083331,32.06524142846982,54.02867043748234,45.998378959903995,78.31595623439361,6.109269948199481,62.71223040686639,76.0666944348823,47.21448513821193,10.529260653780536,24.480501348481308,67.96723701008636,89.54373855003152,42.160860700048865,56.04120350782592,22.838503672686205,41.221331403687145,33.67898077704915,65.55255479715237,98.4698951675111,2,采集前置异常
