MFR,meter_id,RUN_STATUS,RUN_YEARS,COMM_TIME_LOC,COMM_TIME_DIST,CPU_RATE,CPU_RATE_AVG,DISK_RATE,DISK_RATE_AVG,TEMP_ERR_RATE,ONLINE_DUR,ONLINE_TIME,SIG_STR,ONOFF_NUM,ONOFF_30D_NUM,OFFSET_TIME,FLOW_STAT,METER_NET_RATE,CUST_NUM_FLAG,COLL_FAIL_RATE_7D,METER_FAIL_RATE,POWEROFF_NUM_30D,TASK_SUCC_RATE,,is_removed
鼎信,TERM_00001,1,7.8382948592780615,101.29699115303724,80.37197220524291,68.52077439900233,60.07461153832568,66.40761054324065,54.83958888691573,0.1684507410533742,0,0,-130,405,66,553.2132886900471,0.16969683940398977,0.20893833841484072,1,0.30125150382705257,0.20664204404906142,32,0.6872033428720108,0,1
华为,TERM_00002,0,1.162067345147807,4.738443420625828,54.12979439539907,17.97404000079247,14.311477044461684,21.14240358584975,28.434266500851443,0,8603.953522904158,57648.621058274395,-52.51374806,0,5,47.55405790782298,0.8409696498504412,0.06354538254100606,0,0.08292394911786939,0.021232428139303317,5,1,0,0
威胜,TERM_00003,0,8.307106220480023,72.89804826197762,50.750279916152955,61.360415930251776,59.15641394745615,89.19216821831813,81.34011296308485,0.11076334411065478,1410.426272905731,6603.628342744119,-110.4546287,268,71,429.6486476982738,0.3385776605341535,0.2154271768539755,1,0.24750743650263818,0.15703144978953373,28,0.6144787000927611,1,1
中兴,TERM_00004,0,3.6690641692728967,49.47394325272582,67.03795816187636,26.525755383378662,16.255320984232654,33.260418960118564,12.302674432461785,0.04760356097467705,7078.932698877493,56490.62050674773,-62.92093622,88,22,152.73765262121324,0.726875553335011,0.0832597939462393,0,0.1340483426373861,0.07259502051490081,6,0.8521159560104351,0,0
威胜,TERM_00005,0,4.830013379328345,72.21606382620794,62.02963110088648,38.12241155368737,34.743598060019096,54.33129766107715,35.67711667551002,0.042249792490150664,3059.6581305569134,27572.17185732371,-104.870798,241,56,292.0597685542833,0.5457543675543307,0.12390030445659347,0,0.2210714146261778,0.1070625416478988,19,0.7370228886366454,0,0
威胜,TERM_00006,0,1.725366054744919,53.10980071990231,8.923394367181945,15.874484517465428,15.603130080716593,45.42480531210778,42.3752657712194,0.05472068342045765,5629.349501057496,51920.59799766686,-69.80689758,155,13,121.14912350650003,0.7047410849137656,0.09978566966236108,0,0,0.16125294613716676,17,0.8887286727118133,0,0
中兴,TERM_00007,0,3.0071163464697563,49.19742315676173,2.154972027479827,30.373327082565197,28.713331452272314,43.34512555349574,30.70644358162514,0.05503814695993276,5471.965518964225,53317.13185167902,-80.77093283,153,24,208.8669448027053,0.5892407894496127,0.0653234100643134,0,0.09902570365541433,0.05057195124089626,17,0.7895495043947718,0,0
林洋,TERM_00008,1,5.42541294042241,78.90697294760227,126.52553308691387,60.66804864557126,53.36889083524811,68.44647320939319,63.769183964692814,0.09015544362778904,195.78385568545437,6806.64436520159,-123.689474,381,85,444.75373211920925,0,0.22051294470629704,0,0.17617935035557153,0.1202170676028049,37,0.5663000610021942,0,1
华为,TERM_00009,0,2.2443175572607905,21.752261401326116,1,22.310104205798492,15.46800024148861,28.13278180413716,14.164299068419597,0.02112968831314028,7942.903571414609,70558.71932318456,-61.77600516,0,2,14.581811000686315,0.8741631144884093,0.02575049648074742,0,0,0.03552633168014458,3,0.9514730052780199,0,0
威胜,TERM_00010,0,5.096411421781738,77.77196324589143,87.86109730477045,57.502485018708924,46.0146443710063,70.80501705091751,67.6352645376197,0.13600692572805273,923.6195586869975,11009.89032327125,-107.1667841,315,76,396.69591419585413,0.2286738106261049,0.20250093390326818,0,0.18849548350580653,0.16941772621188092,34,0.6687162118982299,0,0
华为,TERM_00011,1,7.353083380177507,90.72606053246736,108.64684045825223,68.29600688882007,71.99762670090573,68.32758866388843,66.71323992778262,0.14974019868596886,486.53629273272514,11197.010630963514,-117.5592248,282,81,501.78349553597127,0.2623564525254686,0.1786361854411665,1,0.2237374463192017,0.20855544484822766,29,0.6578827398779786,0,1
威胜,TERM_00012,0,8.790530392377098,60.72809073627502,68.33080030098586,51.79851640269284,49.16866404348937,69.80696865324911,65.86198775251596,0.13562148902339602,1971.6968498860479,21430.196549423206,-113.4330387,296,57,406.21872510865114,0.28569373476439536,0.2139664900319955,1,0.2580593143467743,0.07637296903056247,33,0.639649128042376,1,1
威胜,TERM_00013,0,3.9744987585344793,18.06007753813171,23.357157798161666,21.712172476609688,8.651003481060005,50.72299487864983,41.544991210474,0.02183968112599493,8728.081858180594,72917.56938295075,-52.77693394,40,0,64.22325621775758,0.9391940968344747,0.06203517628315564,0,0,0,2,0.929517605846871,0,0
中兴,TERM_00014,0,2.4619200251503237,24.62389846447099,48.66093293672347,32.30530979945846,33.43854045805405,35.164668863720436,35.436041449760324,0.04381238863563234,7180.339644980315,64521.48571815089,-50.88813142,0,0,72.19652250800677,0.9442663378722288,0.04669336569531938,0,0.055880196998888215,0.021953586951659804,0,0.9590898310033371,0,0
华为,TERM_00015,0,5.051593823102515,23.492585762540685,70.84817240006775,43.06292939872485,41.35567216737707,61.29744478821727,53.90126384031373,0.05587595510644125,4025.7882902115284,28751.4152043227,-91.42528901,204,49,251.0115898147707,0.5828656412434657,0.1243907797748907,0,0.21057804592806817,0.1418236196478817,19,0.7613309347558233,0,0
华为,TERM_00016,0,8.004295140984151,69.63987708388731,50.947965530894315,33.84462683655611,34.81609968765642,68.93960415383408,62.809466794978675,0.04239980645947393,4459.13275995506,40934.275298720335,-84.84519692,208,43,290.54894960916323,0.46844207910070207,0.1670433253589619,0,0.14064659267155377,0.06103770424715285,18,0.68028913406213,1,1
中兴,TERM_00017,0,6.591634766193368,66.91607951558768,75.75447699209128,41.22628587812442,33.433258233933174,55.99324300374457,47.93506419036925,0.06407203203233282,3040.644754670735,30396.73563055633,-97.55564195,280,60,270.723773054548,0.5622473081207554,0.19935060808735922,0,0.2477954791798489,0.14777288302974956,24,0.808967077605115,0,0
华为,TERM_00018,0,1.5240116831462174,24.163199074601643,39.56328922938671,5,3,42.002700509625896,35.39520342150947,0,8622.123223040957,69298.73308503172,-45,9,4,28.281998180069376,0.8574166776858926,0.01065137838203438,0,0,0.013098591265880363,5,0.9448664497061734,0,0
林洋,TERM_00019,0,2.554784739205956,43.69536100825318,47.09212157645065,30.46484725679609,21.401611977350836,46.06108499933048,52.288578509314,0.13351429595520925,5757.387469795702,37688.332155432305,-84.07190107,197,38,207.0993181602366,0.6472640739441131,0.09223116111942663,0,0.09480240313121714,0.10557945030966777,11,0.789536532904744,0,0
鼎信,TERM_00020,0,5.852486962652086,66.8466555460118,95.3218864696876,28.22196202901554,33.807869728964405,65.99857030756777,60.96886266679628,0.06200642847644053,3765.889866157907,26339.223251717754,-84.72340873,200,52,258.5730840106992,0.40538401863389273,0.15751656052721705,0,0.21131200374894687,0.11705933424733658,28,0.8860979114516154,0,0
中兴,TERM_00021,0,3.5796894812399773,11.437657235264748,23.541989975921013,25.046034716236687,17.541081732186967,31.9602895510602,19.34252897928667,0.002179961420807945,8314.209987789885,70385.24817202656,-49.29867784,0,5,73.26458767279132,0.9240418761884623,0,0,0.015220859869326184,0.0295352448190513,0,1,0,0
林洋,TERM_00022,0,4.281616478260691,47.55054692856311,33.33464358119838,51.219533465300024,41.44347441680156,60.867014258122516,50.111513075514864,0.0783162112571505,4051.9627430618484,33679.65525395104,-95.10862965,204,42,285.777272570516,0.39234994849085153,0.04086652096460641,0,0.13880626962913567,0.11620240255354448,16,0.8091351001790452,0,0
鼎信,TERM_00023,0,7.654525692891812,90.29836888828251,90.66945032644946,47.25801942358333,39.023254152993225,75.38788807694414,68.73078535637718,0.1210443966671748,1571.761113841925,11615.36876272663,-105.8773508,348,71,434.0170972473832,0.2538026699753134,0.15485105866889315,0,0.28817108654473367,0.20966223069295994,41,0.5913213553357346,0,0
威胜,TERM_00024,0,5.51776255280589,72.76052181924248,55.02583002276998,39.85840839245074,33.23261222257137,46.911776886436186,37.143935240094535,0.15926249323528963,3035.0096253854067,27748.395998299493,-92.11819739,310,62,374.0852659092539,0.2899361016986014,0.1523306127273405,0,0.20555793140316156,0.1429363047248004,17,0.7817452542598637,0,0
鼎信,TERM_00025,0,6.564427084658541,57.30821232947446,71.51267162327636,59.81497593682469,62.594744557158734,56.56900923608344,57.26696538775807,0.07117628614261379,2179.282079412077,17637.512575176243,-123.4935906,284,59,407.99352384183504,0.17166360999217234,0.5194690912440343,1,0.6032372854821442,0.19573914019357577,26,0.5790602452715494,0,0
华为,TERM_00026,0,0.5,67.5604069490104,47.881072901334264,30.049956763989115,26.43415250464032,39.878116558245395,26.37646770668899,0.1233608397939281,5868.734804095594,42225.25082556809,-71.08706991,204,36,145.721737122885,0.5495541292768843,0.045245613566018694,0,0.12980212840783512,0.06824641054795708,9,0.8372976526843131,0,0
威胜,TERM_00027,0,2.701418657579673,20.686927433198015,32.87255809676459,28.94791650934208,30.11566999618742,51.831524948406226,46.11712424497552,0.03846961086938298,6686.077798706497,58547.498433526365,-71.3876405,79,16,69.76179210756827,0.8019595289934718,0.03799846330507601,0,0.039644973686847766,0.08455901820797479,0,0.8664633529335162,0,0
中兴,TERM_00028,0,5.891011113772445,46.44226354921747,96.30466113584859,42.19144719113443,38.617967218576005,37.46210707275437,38.52592743733095,0.09570690325835016,4572.735223344655,44132.832518936055,-64.2220268,144,31,232.4155781058986,0.6146314459376033,0.1354859131551131,0,0.09962266364758145,0.08602627716712194,14,0.7727634380997354,0,0
中兴,TERM_00029,0,1.718284705964379,53.96467709102847,1,18.771307011861285,12.87012848677883,42.13832545511425,33.35776221381771,0.026136804232387092,7425.503071542632,65178.37460774189,-81.39581813,24,12,69.64683584607874,0.8504972288870792,0.029678584439600423,0,0.050662682325830426,0.03323147899391049,7,0.9227773892671421,0,0
华为,TERM_00030,0,4.276470385916224,14.742886187103238,52.12743032495557,29.14193458949769,18.92937190383975,55.08458201513373,52.71893398035597,0.08573729249555631,4443.211586261401,36909.02367277753,-85.53787734,146,40,132.3062647228005,0.6246824829414346,0.1206755256010945,0,0.08744299064900037,0.03263910362565609,16,0.8524532946138711,0,0
中兴,TERM_00031,0,3.207107805674102,21.718149467095206,68.92560875336402,31.555807522107862,34.525949887444185,50.34992071497406,45.1079314533871,0.03629333581691764,5287.932599433238,38157.77741819339,-91.06288842,159,42,253.56669106875745,0.549138911393102,0.09489608397623073,0,0.13543363381785406,0.06314841639186974,11,0.8527578046791415,0,0
中兴,TERM_00032,1,8.488967575547262,96.0258976859223,105.80360496602381,47.22690929047128,47.181717352434546,82.44577626637798,77.256446266674,0.10814460163778575,541.8658359624158,4389.826946875146,-105.6567772,401,84,486.2389276044735,0.049179071440890385,0.24648224768552232,0,0.2132385297893117,0.17740622271484363,25,0.5989420419685187,1,1
中兴,TERM_00033,1,2.1134893249254785,1,32.36254745696406,26.81524096341868,27.22498185198492,18.310660254187127,16.382019723357693,0.09802002669291203,7426.205453056546,68597.25872893559,-60.79566551,53,12,11.375023863775066,0.7587593072584796,0.027536896595092942,0,0.05821923146953875,0,0,0.9139312961001761,0,1
中兴,TERM_00034,0,2.071415008568157,6.617499524620129,30.549713081570935,34.67546677372918,34.30128823815224,49.71410651667712,33.56093569264372,0.10194395088498359,6148.387154036459,61278.535821524645,-78.59368968,83,22,128.70456994127983,0.6150318978897176,0.07857644194247203,0,0.11454699159647296,0.03851776625777313,5,0.9063569050761449,0,0
威胜,TERM_00035,0,4.5735038363636065,44.33192813451446,17.34075324384468,24.46868781733062,15.918115293907128,36.53474863479328,38.75492053614242,0,7789.694059273809,56045.17733067476,-66.07041464,46,4,79.95216934533074,0.9204188562960794,0.04557638302577681,0,0.04841974253138783,0.05784871786860622,5,0.9603942063413236,0,0
华为,TERM_00036,1,9.384306338810148,83.7608298565766,102.52359913389589,70.81680268209442,67.1418390282697,54.89568641288841,38.513762549894295,0.1712842753473098,485.6958044057179,5094.147201680151,-130,394,85,538.282294781819,0.016504544281879863,0.19729181217277314,0,0.25243547926452015,0.2236235474974381,33,0.6074250205150937,1,1
林洋,TERM_00037,0,1.160483537974873,53.73285303456881,44.275386405530845,18.362808675396955,18.797124505769865,24.58477634318639,26.40027191878232,0.046319326724502556,8472.936332353223,71590.15676574284,-50.71568023,58,0,12.3687029749733,0.8163829673650257,0.04779253868808102,0,0.036102464008628314,0,3,0.9027630883026461,0,0
威胜,TERM_00038,0,6.619211791964662,49.65796215397312,69.3440373024196,50.75758142319744,50.47926569718099,73.24076881847424,70.8448421162067,0.12016466484529156,3325.129044141312,20065.94751995269,-91.12824353,208,45,403.78564041446,0.3038093637440073,0.1586216658041859,1,0.17714236508121362,0.1860511985093741,13,0.6395677717887043,0,0
威胜,TERM_00039,0,3.2527367092638038,20.43332457566384,94.82092885752091,26.86413342885242,22.64709095578471,43.927489464215526,41.76633489671109,0.014171276143624713,7557.6601181257265,56451.98976486591,-57.41000579,99,4,126.91008633832175,0.7343148804924009,0.04215252307031811,0,0.04224959023968956,0.058570072810312596,6,0.9569211731369273,0,0
华为,TERM_00040,0,8.148048777780666,88.59642502075765,101.67789663755453,48.17108410527426,53.04601822297885,73.26256123532077,77.94994979986234,0.19170890783463027,1179.7671849026447,14717.590291317867,-116.8939566,324,57,450.4888214262668,0.23309261004613316,0.1198023682731758,0,0.21404829447599555,0.2379467770524819,33,0.6962054289292992,1,1
华为,TERM_00041,0,0.5,33.55704184935325,15.67043087491025,32.94414071191738,30.60902754140975,47.831701726165306,49.932413889499166,0.043598107887299745,7570.122232957263,59098.231910668095,-48.81212897,9,0,49.45271653929979,0.7830225066056647,0.003246839294551336,0,0.045504171583065293,0.06986859696838704,0,0.9074377974336567,0,0
鼎信,TERM_00042,1,9.388932038940359,84.76509842056718,110.75229601134487,60.21888304130821,61.82884305732189,55.72605482091757,55.61110544102696,0.1193400753330277,988.0502320243039,0,-112.434501,388,96,484.81366956129204,0.10302643093083863,0.17041530234627256,1,0.2530068600526916,0.2531294139542228,31,0.625715603348222,1,1
华为,TERM_00043,0,5.29737000335979,58.71214839292824,61.57669219405767,55.47632920969995,51.47705437490236,61.67680819672922,54.90963237623602,0.09527150807998279,2696.2458520764385,24328.606609298196,-113.9363011,288,66,346.4094139961706,0.33708820634402703,0.153470096562183,0,0.16494244115067833,0.15711898514784475,23,0.773808619911576,0,0
中兴,TERM_00044,0,1.5020399262729316,23.922889506859068,1,9.851078063453073,3,46.21041375958007,39.046131442402995,0,8700.870183586258,69999.22997028653,-56.97057528,0,0,53.08475030503702,0.9179222666553981,0.021807394851046887,0,0.025563079853283058,0,6,1,0,0
林洋,TERM_00045,0,10.596271794063021,94.78019522548615,104.15037091838681,51.807688314689365,51.653603251500705,58.03742799619455,58.08628711299482,0.1150319083222322,897.6931016869578,19246.25449401284,-114.5153859,332,68,401.69481127566706,0.2895085553601471,0.13857040652096153,0,0.23978050231207748,0.16702266845370697,26,0.659594051198942,1,1
中兴,TERM_00046,0,4.32121021074652,53.24013197302444,29.71823742102464,28.771253168486222,27.438845480842303,59.5234650534641,57.24054853600301,0.04940364082482516,5769.605798029022,50854.907528032105,-63.46574405,116,19,186.80913321984264,0.74558384524903,0.05320557072917419,0,0.17877716936639168,0.008909803023032056,13,0.8366323316071212,0,0
华为,TERM_00047,0,1.7260560031435437,14.077603779014897,19.8063910655887,15.225318803293735,11.957639942698808,30.656249609175624,27.463287266500544,0.03979013852338797,7733.935981513759,80000,-61.89726308,6,11,51.278165707922575,0.805828596269814,0.05176408441976928,0,0.1396460397423454,0.024339538879881523,2,0.9548885818072937,0,0
中兴,TERM_00048,0,0.5,18.006289031564073,58.31464849939964,38.63762976831172,29.40696522556623,42.689051274764786,37.34737638693443,0.05798520220958134,5794.767305143215,61234.63212246467,-77.99665777,50,18,115.21213336640652,0.7053969607113036,0.03322785284746101,0,0.0758406880468519,0.051770828397455254,11,0.8248367282113988,0,0
华为,TERM_00049,0,5.553994013028452,26.750556325621368,65.2460364240362,31.358025328380954,31.412831257686733,47.54653585760593,40.09969402232271,0.05593496086911179,5383.267649367972,56655.48336040817,-72.08736047,140,15,160.11763043120732,0.6969727404657438,0,0,0.04263078074975789,0.09304401873631754,10,0.7570774659809252,0,0
林洋,TERM_00050,0,2.7391157382855873,33.058042905328506,61.42446489327511,26.563784070725795,17.596476722570007,58.628077332227804,45.28808243474626,0.08517034150960921,4654.753319778939,33924.51081866457,-72.1482312,200,36,259.57108389401805,0.5265464940177006,0.10928351738140396,0,0.12134642013631347,0.10891995061054242,10,0.7224519458059768,0,0
林洋,TERM_00051,0,13.826434751766918,22.57346018643418,42.16277413429817,16.228581067645433,15.11536321557102,32.30379436842684,31.16513893056577,0.042022638565485874,8112.157126764497,77949.47621888915,-48.4206202,0,0,21.888258402684606,0.7772247342561553,0.006466097186560197,0,0.03696931179064915,0.00769287694686727,0,0.9344319539924126,1,1
华为,TERM_00052,0,3.620869091931703,56.915597320921485,34.785316367049646,41.63173233235034,31.146803871906855,57.47552350711775,51.38542634106855,0.05264247696840329,5671.369904164286,43264.581448000186,-82.11452336,132,37,236.83800515469528,0.49148144099284885,0.10809440083576298,0,0.1509445075889705,0.04160643236001632,18,0.7902546996669757,0,0
林洋,TERM_00053,0,7.4936183092694275,58.234907275882165,96.77156514279214,35.63697846579974,26.401744369956678,58.9326483843531,52.45255119048292,0.016818161605361412,2309.5960688494984,26643.02918205433,-92.88965038,189,46,246.1711847882289,0.43953781727624147,0.10023339785129626,0,0.12483159791056248,0.09849489152920399,22,0.7126988711641955,0,0
华为,TERM_00054,0,3.3580620654408113,48.10885955743474,21.11391011107653,13.681464408572626,10.141916498496924,19.76824266094769,8,0.07795375390044713,8370.43743510963,67130.18444273398,-49.18754429,99,0,30.008198666278425,0.9844368722462664,0.020678888398741543,0,0.03230574842062182,0.01922660377802786,0,0.9409902270670442,0,0
中兴,TERM_00055,0,2.044077652178227,49.90761432493754,21.03839691895851,20.69586962940498,18.59069759482629,55.003924189097646,50.560132398907,0,8263.952023398002,69424.13900797402,-46.88514194,29,2,12.574098557714281,0.9813358999618953,0.03852332851354829,0,0,0.00731744149058677,11,0.932881064828311,0,0
林洋,TERM_00056,0,3.05153756641417,31.488856193578933,28.175241100391275,27.681792145732082,23.765230053092047,28.857759626289507,15.67751159391193,0.04460965355646368,6622.9042959638755,61318.03997429877,-73.78782995,0,3,81.68063782206619,0.7320767891392356,0,0,0.11825295267187057,0,1,0.8778306139486826,0,0
威胜,TERM_00057,0,2.337760496413901,44.97635485722344,74.65675914141907,22.429414963319665,14.793613786837652,61.41364992806342,53.80587123076977,0.02867593998077909,7152.879048428328,51670.55382602477,-67.18655288,46,6,59.168646151254094,0.7004478745173105,0.04072165399080808,0,0.0971129176422645,0.05679996455163633,12,0.7970411769824133,0,0
林洋,TERM_00058,1,8.05106137165117,74.64490676566163,85.6049843698562,62.06964325607243,62.63569488129352,67.49903380567956,67.25525150360497,0.1882444818214525,1206.4300370209792,0,-121.1227331,356,73,498.79387166211035,0.13412432586073736,0.17364385282626432,1,0.23000014916651498,0.1812641838462448,42,0.6296423882646401,1,1
威胜,TERM_00059,0,2.237049247699188,16.070084115285464,44.673655259946216,21.125858279104857,16.81998206481155,32.302005839626716,27.681667959087502,0,7263.784647656256,70046.39173530533,-60.276893,22,0,30.058301695331515,0.9073741497373403,0.010981690531092499,0,0.03722177137916676,0.00926632830547521,6,0.9952837996220217,0,0
华为,TERM_00060,0,8.807767790562906,101.55454004864181,85.21781021574856,56.94890658581367,52.915782638653,70.22762395358669,64.59534548672374,0.11361740380624316,1014.3379041802607,10831.14463583921,-102.2720888,311,65,487.90650049065846,0.10816328859353906,0.1665863867690062,0,0.1723403133364153,0.18556214042910313,27,0.6067209832570747,1,1
林洋,TERM_00061,0,6.440884224764025,46.19560955357204,82.79390044567707,20.6961632351322,14.908593296181776,45.45621686833569,36.09651666872511,0.06483639289580585,4212.271575668065,38827.11709395719,-98.23277863,163,43,241.4929549523709,0.6375165509181056,0.11106576527262796,0,0.15782510052494056,0.09602569487691204,23,0.7563437086194769,0,0
中兴,TERM_00062,0,7.762651495299264,100.89702702847273,84.4434697318338,53.60522251767735,44.99165817574843,45.434012231708174,37.14876385303754,0.143801536770146,505.5995337272267,4135.50580762243,-102.9614257,332,72,507.18072715933374,0.18482115905474372,0.177608930368427,1,0.22953793018242116,0.2029714914591935,31,0.6977011148556341,0,0
林洋,TERM_00063,0,5.734904258789996,86.60342680739589,56.72469960372836,46.51731205115519,47.15069544830583,58.864395672328996,63.376575905401275,0.11652104208713984,2230.412648347824,16432.139382986003,-119.6063446,287,63,343.9442413409508,0.35905465223819333,0.16854702782812084,0,0.11602208286103981,0.12622933705258624,19,0.7528455873171019,0,0
威胜,TERM_00064,0,5.277516256260756,56.530158920243636,62.20956417482165,37.55467542233806,29.341098811786736,51.378427855725135,51.056843121956874,0.0774678460013452,5915.6746313684625,49900.2588391431,-84.25287175,132,38,151.25213936524983,0.5850212253022041,0.10155536508471898,0,0.08020084750069595,0.06027540807059561,13,0.800823956919663,0,0
鼎信,TERM_00065,0,5.521040539264559,45.09783110507858,19.43612342317162,39.162861378777734,42.649922510970654,71.72182676385772,63.949240749925515,0.09917922021211822,2791.35514079733,25690.68075234921,-94.36908419,236,60,328.0898661256974,0.38618609873702753,0.16680346330500845,0,0.15220705006724444,0.10702728711309505,17,0.7313712076013253,0,0
鼎信,TERM_00066,1,3.668999460031535,53.725364558459574,56.256178911254004,38.978242739171264,29.853332030813085,42.28897740059419,36.65580124820264,0.11477119046043543,4625.169713213057,33108.06476597712,-101.1515504,181,37,275.4960206819088,0.5216200704586078,0.14918448715545068,0,0.13913737832915676,0.12406711507584761,22,0.8317284804335979,0,1
中兴,TERM_00067,0,1.476645294037601,30.614864038208694,1,24.808675426304717,21.423336500496433,41.27809822429729,37.76209990129829,0.04036744507202605,8175.504743670304,80000,-45,23,0,67.03869960713399,0.9679213951707171,0.06549971435964827,0,0.012726780321478615,0.027300321695842462,5,0.9890928874716132,0,0
林洋,TERM_00068,0,4.558003039827199,33.57792546422785,109.53479978169634,47.77382865814336,43.12156784165759,48.14307196717766,45.77157165676093,0.11216270209626455,4462.695401792044,30862.834336155625,-87.07629991,107,34,159.90604533467592,0.6302976882202805,0.1310630945354548,1,0.12424199607003789,0.0761426815996326,20,0.7511840310890964,0,0
华为,TERM_00069,0,6.156250526080975,49.709654548562696,35.88355898821828,28.00959440759732,22.44649415395167,51.61082401972036,46.464927691076255,0.08543552391002186,4401.325182913287,37292.96066698699,-91.61653735,186,43,238.64783851618066,0.45722266923881116,0.08957922556569686,1,0.18810641473920656,0.10333514909887204,16,0.7013778197527863,0,0
林洋,TERM_00070,0,13.875429009919907,42.46325644633079,99.94160790823712,30.494487465148044,28.904102481235007,50.31109497573351,34.68882383605036,0.042533214158622185,6090.408204119295,62858.32954136703,-70.93119844,122,8,109.40985022697294,0.6645665660235128,0.04091583503236593,1,0.08429666119884056,0.06017052670429177,1,0.8802310051095911,1,1
林洋,TERM_00071,0,0.7720684108990932,18.312525488348086,42.82002711904849,33.66524032268188,32.61416905199471,33.30332606705464,28.114450376798644,0.07668047661340878,7532.962170330174,58756.180926483474,-56.67768811,33,11,33.82391628321436,1,0.03200519578063882,0,0.09861042417809888,0.055553547194712,0,0.8675288368195367,0,0
华为,TERM_00072,0,7.547752686605282,71.03398451700423,89.94957977512229,61.975240841470054,59.65506288768255,68.54066069463947,62.985720385561095,0.17338368211402436,720.3493783403446,6094.84707651388,-106.9194729,327,89,418.4482948681459,0.19620579738195593,0.2205496799685787,0,0.2448742834355073,0.18039315480331836,36,0.6547329279687201,0,0
威胜,TERM_00073,0,3.513147964313095,8.656295334173748,68.18293031197494,38.17338877749771,27.853964219098195,53.73333399001627,61.07712935373434,0.056897857508287374,6096.277010899443,48830.84112815308,-73.05450709,91,9,160.35836789025248,0.6491091094625852,0.054853706070883405,0,0.0664763950172959,0.03663489719417246,13,0.9073363591860003,0,0
威胜,TERM_00074,0,3.370688373312538,26.93969288380014,34.00482245950787,22.93137217616206,12.07484919843735,51.66560678665616,62.81612656188205,0,5921.039396046175,60649.760405628986,-64.29606132,68,16,70.81164972540307,0.8297864010073849,0.07780994857707646,0,0.06295042958098183,0.02914492177329909,10,0.8991103577152707,0,0
中兴,TERM_00075,0,7.105968090000324,75.06959887961997,43.02002443938594,54.73524722314217,43.57790637099875,44.53308625233778,43.38607436226716,0.046433310421765885,3091.3227980957977,23672.687820516825,-92.21085531,258,59,346.82853202656776,0.3307070333506888,0.07692602190527922,0,0.19873640099507758,0.13967201831227644,18,0.6923536154383998,0,0
华为,TERM_00076,0,3.6179713073484816,7.95162008759492,33.927423342069254,14.801545635485233,8.581117442692474,29.39320758140134,20.3304401164941,0.030471540323563837,8083.116054082857,67301.32191597605,-67.50080163,16,1,0,1,0,0,0.05491075215017068,0.04443402814982865,0,0.8812495437420084,0,0
林洋,TERM_00077,0,11.929566408632816,73.11393042266764,82.02562647325463,50.638653543285045,56.21536963909597,59.98566079474559,59.05975725100855,0.13530944225733088,1375.3056879253284,22137.80398772732,-105.0239154,335,65,372.9034767649002,0.26343003853782776,0.1968172620521511,1,0.2494137317197849,0.1604114240453877,24,0.7188259053580086,1,1
中兴,TERM_00078,0,3.251601105417469,42.021384335482644,95.02477826173451,30.486315968178758,25.240447046825995,55.83164745143506,40.640691961305784,0.03908545123496906,5739.47534707213,47896.00252862835,-83.6157853,134,38,209.03444975663578,0.6786020507706152,0.10257510093276265,0,0.11005878153550205,0.07367623769994137,6,0.8645244990541098,0,0
华为,TERM_00079,0,13.280640003238428,39.49367076455189,64.6162455453027,33.155595164794974,38.66017586096953,47.2344839234427,39.03839608195648,0.07960296500823862,4868.327071779767,45873.84814286032,-94.83928476,148,33,226.2819134781974,0.5593456963315646,0.13391268609169116,0,0.06687569765196825,0.07874657684514674,18,0.8579030685576139,1,1
鼎信,TERM_00080,0,7.671134122084898,86.49954118505379,70.66824088413941,37.0485723735422,31.881551468527807,62.79435781975652,48.036048572729385,0.09047354719663571,1511.9627296257463,25353.567214443407,-103.3756177,288,55,362.29864600218536,0.1616824097370212,0.11519021086872294,0,0.19171558611751569,0.1828866565586309,27,0.6658197582766563,0,0
华为,TERM_00081,0,9.452125416594924,106.22119551518587,108.77024467995868,39.41811368540016,35.21805527485951,78.29664753782387,76.59996522531605,0.15033960410713426,1013.7602907530246,9281.287748627281,-104.0693849,337,71,460.8254921058393,0.11743173768597,0.18604553944740784,0,0.16385955558272153,0.1415418370792896,38,0.637496658054583,1,1
中兴,TERM_00082,1,7.324031114936441,102.69269923395686,126.27030553444527,68.05862710272675,66.03748708578026,65.42722316177198,53.16319679646737,0.16320188455131943,789.5922085402369,13455.763077038002,-117.4460994,400,70,422.88514638449226,0.06570796972827234,0.1518411254172878,1,0.23716225509568475,0.17963518494832287,29,0.6524296670383597,0,1
林洋,TERM_00083,0,1.8647961672130915,12.208610796746067,42.26168774022588,7.120940040312618,3,51.05541598989803,44.333476485137545,0.03304759329844599,8482.23115029066,68820.69602589776,-78.03195909,0,0,0,0.8149554495953648,0.05627343131294378,0,0,0.07000767284131502,1,0.9373484735189084,0,0
林洋,TERM_00084,1,9.283770385044772,116.12027906825013,118.08621870098669,59.851994525591024,55.988438939818344,52.06306039192212,46.79824573491317,0.15253565784403003,1323.7852999471568,10853.392272579975,-120.1591621,355,81,530.4725995013904,0.158028390178768,0.19384923831910444,1,0.23444093439460348,0.22540123623760033,27,0.5901998704877387,1,1
林洋,TERM_00085,1,8.529689424061827,102.35349116957633,122.35127414929583,48.083399204804266,34.56914640002461,64.73870937852745,59.56513513633888,0.13584122692848988,1304.9774100793934,3023.548385375255,-124.6716319,391,80,480.85512676072256,0,0.19220524395135524,0,0.24751259159750277,0.19914614130416955,32,0.5713826657431847,1,1
林洋,TERM_00086,1,8.641367545134838,82.98814049142362,83.28437377177734,53.12499251410479,43.679438933769774,56.27280323948446,48.43557926746438,0.14334618536464905,0,4853.253215871142,-105.621374,440,89,525.4557211702773,0.11727338465964512,0.22856128554834998,1,0.24468193620729428,0.1850290072108715,39,0.6366760337215158,1,1
鼎信,TERM_00087,1,5.8847313778815185,74.5330091981459,81.84953287451907,63.28179491872179,49.87272265,69.24843809717034,66.26873428297871,0.1770987673154994,183.5130275250683,2202.5516345901706,-119.1501562,356,79,498.26045718315964,0,0.19008808885800946,0,0.22691874159022538,0.1825347942227962,34,0.604592416700084,0,1
华为,TERM_00088,0,8.586636552632754,101.78194085933282,85.52394095233684,58.41990160698801,57.046100859469355,74.99309216860954,62.46766696054516,0.15238014947480402,0,12230.818931295782,-128.2366521,386,70,458.72258888501585,0.1861622707001094,0.18602077861403726,0,0.218824338171149,0.18964632906521953,28,0.5979525265253333,1,1
华为,TERM_00089,0,0.6526685167980819,23.14755668425749,3.178406286709803,19.292030198795896,7.475312161769272,33.65834327152484,39.09401992816031,0.025724707299823103,8583.658823090476,75714.09323610697,-55.86888841,1,0,12.383699011190533,0.8297730303591835,0,0,0.07704298894621413,0.08462364308837701,0,0.9698018206280644,0,0
林洋,TERM_00090,0,1.1688395577844146,17.387008697697354,48.581195823748786,34.95636599856471,37.01472631784143,35.329936627509056,24.125546650662095,0.03289165737820465,6853.7347897245545,59283.317337855544,-59.3396246,78,18,42.308405352449796,0.7947869048283963,0.08931165608988702,0,0.07317522380187344,0.07682484558216503,4,0.863639691446562,0,0
林洋,TERM_00091,0,7.012075359317966,82.3210804267155,49.71568990448715,54.56415585569438,51.344268373625766,53.6751620866802,48.913347957769716,0.1586289253179842,1355.0535478105644,6738.424380251384,-114.1411105,375,77,469.9159624456003,0.05565226165803619,0.19209793330754393,0,0.17202849711258195,0.21272667392583844,34,0.5983903818060406,0,0
林洋,TERM_00092,0,13.832252565059742,14.419258767584264,63.53845986923388,30.141083132746864,29.93813311703233,52.07695462946823,50.826733066229735,0.03982234272869297,7331.154601296362,65251.85553476191,-61.91077888,8,1,0,0.8436286795865605,0.039948912922714956,0,0.036973358843698255,0.01669848859808372,5,0.9493670809634331,1,1
华为,TERM_00093,0,8.856709100837389,10.369110715158216,7.7653957393737265,13.004446677680562,4.7711685097090974,36.140880109800634,35.23717659537549,0,7443.408540542864,72420.24538099693,-61.20426172,97,7,87.25258520234223,0.7050861751960875,0,0,0.0992899309365606,0.012130903232510351,0,0.9130273929366882,1,1
华为,TERM_00094,0,8.60675112908995,71.30481807900452,91.6261857603312,31.10226013477817,20.484901539676088,48.52158196413543,48.17374497745894,0.09995446709539998,3576.7455517675503,38616.98251000183,-82.38407253,299,37,241.72125328421325,0.3878914270929481,0.15724503626007386,0,0.12495428786453211,0.10688852801177436,15,0.8403028678975766,1,1
鼎信,TERM_00095,1,9.434902859325765,101.68711082033103,40.54135387969443,58.87251082725585,52.133893019601004,85.60594813328626,71.04934916942128,0.14313998009292042,723.6419618563724,0,-119.1548059,396,62,520.1234003866222,0.21255742847019274,0.20743613305812936,0,0.23448832396449643,0.22976747677208634,46,0.6268637563920005,1,1
鼎信,TERM_00096,0,3.7589438644894555,33.36462376172839,31.032266454667973,20.475636741589273,20.796556506232374,31.8727972454529,21.36844533387322,0.020988603139685084,8360.497766115623,80000,-45,0,11,2.4115972769402845,1,0.07611609196972816,0,0.057745384842126844,0.070803487002004,1,0.9524109638394261,0,0
中兴,TERM_00097,1,4.849336191928211,99.69080476975275,76.11675938377313,51.601894440610565,57.17715285132158,59.556751160648304,55.37189825796563,0.1696985941507555,0,5167.057646898872,-116.7276166,396,84,510.26523389790134,0.031085157662040327,0.22558592266838356,1,0.20737232821623758,0.16751561089660577,39,0.683620790987648,0,1
威胜,TERM_00098,1,9.3922446826086,75.37933686065509,123.32932315294757,57.28820957723912,54.83003479790663,62.45711596286844,60.34411441266016,0.10468864725301576,0,218.7311098886687,-130,418,80,458.01623965423244,0.08297396652471883,0.12677013144273439,1,0.20000328329820302,0.1288342328650363,29,0.6083851996747028,1,1
林洋,TERM_00099,0,1.6306307830090931,20.819634413362913,78.98491272741238,36.56094289045498,24.982607925850502,31.36507218932327,33.907842038889115,0,7451.1509845325845,66618.58862860936,-65.76709744,101,6,71.57472742914578,0.8238095726926277,0.07102618714965353,0,0,0.03787054530172414,7,0.9547207988368454,0,0
鼎信,TERM_00100,0,3.3320973586029385,42.42392679723379,1,17.155760672019994,7.296269119817435,24.611750309439323,16.527636824292593,0,8594.584810016211,67345.73280489708,-60.01169124,0,0,26.658231438094187,0.9002201811228304,0.05113196217545861,0,0.05890128962998233,0.05322927567019548,4,0.8975501796069351,0,0
中兴,TERM_00101,0,2.04059098905033,23.291556997167774,48.35262276030974,5.464117320884361,3,28.901322152571307,18.471358191606512,0,8115.806543138798,75363.44590757792,-68.97108009,2,0,23.996886225840488,0.8348260034198236,0.04538192289626686,0,0.07003280837889729,0.007179475965786542,2,0.9100420087748584,0,0
中兴,TERM_00102,0,3.001918335203801,9.12841446706232,54.120314507216285,12.445048710682803,6.799199894860384,64.74224377343718,56.46126553677203,0.027500482718170155,6912.024778628092,53433.2413876459,-64.34233272,53,15,99.76887620258982,0.647598798215645,0.05701868676861633,0,0.04174306550545401,0.062342682829826426,0,0.846168881771188,0,0
华为,TERM_00103,0,2.301273621925187,30.008232701268046,51.46826465995732,40.55247222977829,34.16628873704439,26.878804240591197,35.435397051182896,0.07427956192852347,6862.786495103291,62636.30646167479,-64.61647013,19,0,28.367353390784793,0.8929729353552709,0.03345630702834056,0,0.00504322745044701,0.0036229964887296573,0,0.9414488021835663,0,0
威胜,TERM_00104,0,4.610091308932335,39.06067312181323,53.99638646607844,36.883922290435315,31.200869023097308,24.6978825252625,28.700450703670356,0.0638310149548421,7579.231894044732,60824.084233859285,-62.38340269,12,13,60.595114929285785,0.7537866330448083,0.0446422278487641,1,0.09383765594901372,0.0349334724981673,7,0.8265594194586835,0,0
华为,TERM_00105,0,0.5375437272657493,32.491421931174855,50.151444808632164,19.158155878555675,8.791051167161086,40.09569486110022,34.078743036256995,0.0018439067158266993,6972.303739235857,63148.97743139596,-45,24,1,37.511400045814696,0.7154392587936156,0.07572569131216109,0,0.039525682281164175,0.008248177296697058,0,0.9427267454516529,0,0
中兴,TERM_00106,0,4.581477733366661,25.411990247323814,62.44426646113142,37.61619856239539,26.748178064064493,43.980353356727804,46.68917555595529,0.07502656939215435,5068.036906288413,47336.30626903358,-74.12302235,137,23,167.53963794034078,0.6737557580688458,0.11605230432086752,0,0.01094610954634577,0.06550802063782846,23,0.8279060503266055,0,0
中兴,TERM_00107,0,5.90244929299486,74.5561205882362,40.364444783420176,37.086375825238996,32.55695289273515,54.728058165394735,46.29314932612377,0.06121391418808381,5203.227390942151,41810.44888219429,-71.18362866,117,22,234.44413166904374,0.5724536026005083,0.08384822351537304,0,0.12739062014408484,0.09360443234383196,19,0.8252498885906644,0,0
华为,TERM_00108,0,5.209479665129606,22.399059210423594,69.982022437131,44.397173343735105,41.81922774974617,41.913145806288,42.640257477846745,0.07012843458329238,5031.749876402889,42930.36804454218,-79.66168043,149,42,127.1639092726195,0.5746464382193184,0.06222191986588339,0,0.119936260789197,0.10477750604499085,5,0.8244820127986774,0,0
中兴,TERM_00109,0,10.508096476375325,80.24234100950349,84.97761480578124,44.903875740636906,33.97967543826181,55.60431340548227,42.33080114623847,0.09773200926598802,1767.0410738164212,9575.718766509974,-106.0710956,352,71,413.83439244582416,0.24065185941566056,0.21031470059945934,1,0.26964430018737345,0.1580487810474672,31,0.6848627977211946,1,1
华为,TERM_00110,0,4.134125486467536,80.20299181462806,65.74012418365635,31.173218603613762,28.541793736308392,68.81454718639488,65.95348893709597,0.03868889151494127,4438.858178128838,43516.315595628155,-85.75681881,249,35,229.19426808975902,0.49263252302904736,0.13714644592638447,0,0.1709178223934477,0.07373219974362599,18,0.891031674055575,0,0
中兴,TERM_00111,1,9.326158024277326,97.59386548021368,102.57372275953541,69.82295547583054,69.55680320586521,53.242608765036294,54.35942831521322,0.1694084744565428,1100.2838580585496,3947.794233365493,-116.6710923,416,79,472.6501195951525,0.20434405374685183,0.2045029907428802,0,0.2818071559666536,0.1510876276786634,40,0.7073652280061534,1,1
威胜,TERM_00112,0,5.5697641579422354,76.04712816357127,53.76529795651244,32.913390179025036,16.259526268896444,60.357906306530225,53.398105894904695,0.09799304359400442,3330.4075798072518,26555.841432993155,-96.44898061,251,64,323.7409303024667,0.3297546976408828,0.10438390677320677,0,0.1316246859866191,0.1643410090116266,10,0.7733216853717099,0,0
威胜,TERM_00113,1,9.479802103712878,69.8822893029265,60.82325776825281,58.08970896125297,60.96811844737943,74.7429050511586,73.42339926464884,0.15703741767285792,1123.6568594300716,8645.234429161073,-104.3854445,389,69,475.1180879545431,0.08770921087199526,0.1399253219174423,0,0.18230787409792604,0.1644415921082867,34,0.6044479881014727,1,1
鼎信,TERM_00114,1,7.881496100742723,93.95770879774213,87.68609325113755,58.9292414362309,57.44026300584397,77.59302719204274,69.22368210340063,0.19531645168889902,0,1271.28785507776,-113.7858599,420,71,462.4274680809896,0.17598792469017543,0.22086328172894237,0,0.26658055742317427,0.21226000353059302,29,0.6156704180326142,0,1
中兴,TERM_00115,0,3.4094117306415064,42.68192309965325,74.42028642691515,39.54892857892081,39.3295737853871,43.58166883866619,40.40293072068378,0.049297925016053616,5800.829564431976,43298.52703267058,-75.64628889,141,19,135.80695805148505,0.8341297494740039,0.0644306358643392,0,0.10375015400612914,0.031984790038118105,14,0.813968604436266,0,0
华为,TERM_00116,0,4.045169757327514,4.053387730268685,12.875544303286674,21.692768800317896,11.588360290360349,23.0198062359629,15.130540688796604,0.005119038655393401,7846.952358174525,61467.4508299142,-48.66381634,34,0,26.027654329961322,1,0.006491137157653967,1,0.05901082245966434,0.06967989423101806,0,0.9081867289882742,0,0
威胜,TERM_00117,0,1.9495269902879044,40.989554494981256,21.163966816313813,23.522815166917415,22.4585604164001,54.00188137035619,53.916708254776296,0.07908680149308941,6937.183153417674,67430.64170575561,-61.41259781,40,23,29.4925466957744,0.8669691122253566,0.05475012439176925,1,0.06021149140426206,0.12411781420763274,11,0.8122865996084375,0,0
中兴,TERM_00118,1,5.732756109786634,75.97922098184377,75.84953300100865,55.96798049650805,55.47836171866687,64.68031849713145,52.09411256020094,0.14705272253472865,0,0,-109.4614676,431,75,471.8104077537501,0.09170969078067195,0.18066368662767984,0,0.3023530102839572,0.20543884134957932,36,0.5972485288897086,0,1
华为,TERM_00119,0,6.316643951826658,68.89179707765844,83.6093362468248,45.98764642837105,37.72991354348997,80.00281309090583,68.91150845622857,0.10471211565759951,2081.9664507695734,3551.171052232885,-119.6002705,329,66,457.0286033940316,0.1783548986297759,0.1591225840494008,0,0.1994563570671948,0.16407553913203182,21,0.6667694194597703,0,0
林洋,TERM_00120,0,8.673269235483637,38.22855271655912,48.99992355940835,25.3797109731697,24.279083615323668,44.55067090835398,47.38492432764593,0.05555019054935033,6754.861184487683,61283.17857932882,-48.84844446,51,17,94.02733023525239,0.7348634947401562,0.029840414317368173,1,0.06857312531187412,0.09335185858792387,0,0.9218751499473788,1,1
鼎信,TERM_00121,1,9.944171885909624,86.17264549816295,119.24046271504831,68.36155369471477,62.6707555803949,64.32142347369332,44.564575086424476,0.13951237003745015,0,2092.3390857171526,-117.0627717,381,79,539.4383450604166,0,0.2169593029286855,1,0.21939758484277044,0.1808013506321381,37,0.614033709728777,1,1
中兴,TERM_00122,0,11.438767539635387,62.94833066556592,58.07797549859744,40.80339787683261,32.71585890231692,59.13893562819685,50.292884366965886,0.066138874089216,3820.8673967412406,37386.871427654674,-101.6524429,206,55,290.4263278179181,0.49281823415529297,0.09570070803436535,0,0.12200013506825501,0.12542010895834424,17,0.7132423125224776,1,1
威胜,TERM_00123,0,5.447661095312997,34.086769220508636,73.3722748025616,41.052518063140276,35.07028060791172,55.08515162160728,49.23267010787255,0.04699912620274461,5919.5356779402155,50124.94730683932,-64.93658229,125,28,194.51789279345417,0.8096594132181819,0.019929314928666446,0,0.13691241374329877,0,12,0.8393136965642539,0,0
华为,TERM_00124,0,5.012881213726022,100.1142546052221,84.09712981944595,59.515657933484256,55.35702284008022,65.28005348123617,62.39810035703377,0.1526372645385603,967.2515926592939,15428.78624317026,-99.36087858,294,71,420.33376480295857,0.21584408128644833,0.14299345740974556,0,0.21063800571920724,0.16919252085167105,27,0.7015838136870285,0,0
华为,TERM_00125,0,2.9329493127320387,24.766059574274514,33.20099928279248,34.46493190543741,27.951916788292802,36.94493521585237,29.07809637065109,0.012507575384785953,7420.625970789963,50976.262558525435,-80.50907785,98,21,174.08777677243236,0.8543863976987506,0.1111402338291256,0,0.18719842326550085,0.10263251385431457,16,0.7713110592884097,0,0
林洋,TERM_00126,1,12.685846404308315,81.86980462547251,95.05053972796571,58.04366350519943,49.08473282537054,51.5454382228381,39.790873783317714,0.11221079926404662,0,4404.14582318714,-122.6990761,408,88,471.53076145643405,0.3313212443339215,0.17960926233624466,0,0.19261994669293867,0.18321214057163795,40,0.5803186979508954,1,1
华为,TERM_00127,0,5.907700354235184,74.81220081053465,122.17798356637307,42.169657457929034,39.13442777379624,54.55474499445034,56.91242747495657,0.10278748309727719,3593.1675857617925,23755.08192774172,-91.07545509,277,50,325.4566524524899,0.42686830216286237,0.157144032736953,1,0.18347094991251778,0.12906292645474637,26,0.7131946401690324,0,0
中兴,TERM_00128,0,3.6821203891771455,23.334318574739623,68.580345689211,43.82589905274538,41.6247915266785,52.15294884853236,53.47249561651392,0.013305191819388142,5620.168470844201,54867.05015645313,-67.33997228,107,15,185.41740733106425,0.6389067831938038,0.0574139974991847,0,0.09347924155140594,0.05358718644557797,5,0.8387221529679061,0,0
威胜,TERM_00129,1,8.950514985453122,73.51504900665157,77.99394440510858,65.77632993711869,61.50643552234089,59.39586136893046,52.12012248741365,0.10971461902606228,527.4703767062772,2576.46397075021,-122.5907244,394,77,476.98679232052825,0.04279076986383208,0.19150891770548828,1,0.2967282948327938,0.2563083698928967,32,0.5290968410430805,1,1
华为,TERM_00130,0,2.147191390964741,31.56751097261928,38.49702802169658,24.314301151391607,11.226528496739967,46.56229692724774,30.81827085458462,0.02918618713539773,6963.329644442212,62466.145641012314,-65.81610236,64,22,66.34604811025875,0.8533386677132,0.08565854569737663,0,0.024588156279310207,0.051252874064481854,4,0.9492416110884151,0,0
鼎信,TERM_00131,0,6.922638324312795,88.0080791124194,87.68807343984403,65.0202221101867,57.09726488191159,62.78087997152047,59.61788856410722,0.15317767106516297,2182.7465056841465,10059.475796506758,-116.0729935,289,58,377.9977308172518,0.35571606813772927,0.16521946939904947,0,0.17900882889281547,0.16258841376726893,23,0.733218163343934,0,0
鼎信,TERM_00132,0,4.7357603109853965,67.6750214457477,76.63955101528036,43.72193484814186,34.50148454316624,98.02632222119284,54.898883724736756,0.09905422914448689,3671.083355348104,38171.46257372782,-93.27319901,552,34,272.35180932133903,0.47365950453251177,0.6008904543972537,1,0.07620810321986557,0.0919607597195717,20,0.3407258770246721,0,0
中兴,TERM_00133,0,2.4587825923255466,42.931635035035725,50.25059814364447,20.953471367869334,24.60896316839944,22.38544944354452,13.383097099510348,0.04990284294921208,4884.477273180185,51957.716900949774,-88.39901169,120,28,122.68973372092603,0.5608875913984854,0.13359767335808215,0,0.15634788025894553,0.1062749077698696,10,0.6818080543266456,0,0
华为,TERM_00134,0,1.9216743313671976,10.993377714082532,82.08629055755335,17.202316181874927,12.79178654569164,21.334332468116482,8,0.050627894859972114,8360.572317281965,69166.37041590812,-58.78547827,24,2,51.90615346405155,0.7508526593098247,0.07029068779577786,0,0,0,0,1,0,0
中兴,TERM_00135,0,3.9615473470142475,49.533708786213,56.28802573867843,40.33043660052386,33.929295690030074,43.073397082453624,36.444071805830504,0.11284630894646347,4307.197521653082,44592.652069124,-73.1636948,178,27,193.76134002612113,0.5262370516465725,0.06971576893135942,0,0.11466704363054979,0.12304370458057834,11,0.802222436546876,0,0
威胜,TERM_00136,0,6.490973508578744,83.77567545165753,51.27015699076282,63.6511686710113,55.857577401741366,81.30453117316767,80.90386594891653,0.13530384638285176,1197.5598504604063,5801.6699055578265,-108.4664807,316,68,405.47657428174085,0.23473145886524693,0.16743824150394307,0,0.3036531379309439,0.15864202400234384,28,0.6249490849496083,0,0
鼎信,TERM_00137,0,6.367390762425651,74.32501162747798,80.53703168070982,67.68875203265935,62.06447249712182,95.65629714604206,53.15887327057749,0.7973319960693926,2295.4711353784764,27773.356371545968,-124.9666349,315,55,454.26802881245203,0.41127097643113664,0.6351560934965097,0,0.23389994341970882,0.1847346617624287,27,0.11902153426493105,0,0
鼎信,TERM_00138,0,4.951301054876058,71.62010656135706,47.616507083543965,39.12314751006326,37.8808146158299,50.285946273356515,45.020838690296394,0.1230935920990962,3669.2030018248915,30554.249699064316,-90.90994775,196,48,279.00612216820116,0.4758100492324548,0.12902250081196173,0,0.183310963269305,0.09406494292333661,14,0.8004955194070161,0,0
林洋,TERM_00139,0,5.263567771145282,50.42770398558206,48.742663909157265,51.010020742963526,36.86050143714655,79.32736836716379,70.58652786462093,0.14683670262215123,2300.639177329965,21769.115694184286,-109.3081331,263,56,324.4238446850831,0.1329931622753255,0.17228108155799393,0,0.24198664787643037,0.16190880051705414,22,0.6903561735651321,0,0
林洋,TERM_00140,0,7.84913436882784,55.51275286050756,58.1067371096648,41.37443722303352,37.525263833069516,62.270067590193094,61.67684838214361,0.10953667085499873,2641.05434045958,20590.886243637393,-88.44525509,291,62,312.0088174808883,0.3222403509620298,0.17570159685720838,0,0.1813959628240123,0.15439318916552244,21,0.7266725363093387,0,0
威胜,TERM_00141,0,5.5336922980782575,98.12255907127998,85.5944172045155,48.15356527475872,40.63058748101349,74.44246152127893,62.62039929747986,0.17007000701248748,0,10291.437853210546,-109.3479418,314,66,461.2725116644531,0.16829298131911244,0.21774255149387828,0,0.23056028551331312,0.17684513917688469,29,0.6355673234384608,0,0
华为,TERM_00142,0,5.193170246375318,47.77533231487293,87.47222473084973,35.010913637500224,32.164264234253736,53.51206771130666,40.38333660728337,0.0863027199275789,1700.0519749713967,22339.177794357623,-91.4890035,303,57,358.65612481789964,0.3016441014280272,0.1188074130839359,0,0.18661899252999006,0.18930324483570582,26,0.6662654073580813,0,0
林洋,TERM_00143,1,12.086103826872858,80.93106198338192,65.11853096917737,62.561043036707666,61.556550356817105,81.30079135114855,75.77002867603439,0.0860264873594388,881.8554986864408,4774.856935184513,-121.784761,378,65,556.837519972416,0,0.1959441346997734,0,0.24384117118186718,0.23636210504867025,22,0.5232332221542324,1,1
中兴,TERM_00144,0,0.501324897357033,9.707201427248155,36.80330802271586,30.504812448756358,22.027211697739332,48.65410227922237,52.932784373511936,0,42.6233665882997,73338.71975867535,-115.4264443,569,13,402.27970104591986,0.8649331924899748,0.4295105104260604,0,0.007638771536749831,0.0024080163207805087,8,0.2918422568368809,0,0
林洋,TERM_00145,1,5.845526742584355,65.09211195070039,150.707295587765,65.38144045030991,53.53543044988746,74.2935752126781,78.79728821270695,0.15330746134614692,1397.6959285988469,10562.133939648944,-127.2718769,377,98,505.085294316235,0.22211497064987185,0.19293186705159374,0,0.3007655316969605,0.17477630324108054,39,0.635455650103661,0,1
华为,TERM_00146,0,7.467057195888176,68.12175884489372,70.0531657508319,49.799369206974134,43.27736450638163,59.604726041009485,46.6980590134318,0.10963259263371325,2576.9133307814204,18043.904820574833,-104.5892584,286,57,411.8027495647745,0.2806616650932423,0.1574576190782659,0,0.16899289017961305,0.14370653878924963,27,0.6569499928475224,0,0
中兴,TERM_00147,0,3.8303475399153744,88.89805997171563,71.73217636370792,62.762401374402,64.19774226630787,69.44609858235023,61.82255128303191,0.15426318906631034,2156.1053377946637,8640.075815285727,-105.3206232,287,70,373.64312065328636,0.18654569991210876,0.17161783977259804,0,0.20005810004639182,0.1594474094305851,34,0.6817694908696078,0,0
威胜,TERM_00148,0,2.3703389891676143,30.782833697623058,56.39122345095391,48.42778366702142,47.606069922932775,22.962098936416766,32.56547361673802,0,6924.900554152485,60887.98356290557,-66.58866167,64,12,82.10274706414398,0.7417941582463367,0.024134607350760267,0,0.003541750229249775,0.0728808754677905,0,0.8643462959796584,0,0
华为,TERM_00149,0,8.199798932792232,66.77310813993532,74.7102318015104,33.220205319956925,26.3320912119704,63.27586469011763,54.14535475851836,0.035574755324586725,4031.692077777333,30194.777656333525,-85.47448284,191,31,256.48383548523805,0.5147828164217956,0.07155820661952109,0,0.1725154398837652,0.1201900565279202,9,0.7741904337177999,1,1
华为,TERM_00150,0,0.5,39.31049631579688,46.00621263271573,5,3,27.224361368570374,31.942795862876252,0.03573144756971371,8142.892267960667,67342.60186624117,-46.34724521,0,13,9.12112909372249,0.7617783851790725,0,0,0.09820166648857566,0,0,0.9725196379578055,0,0
林洋,TERM_00151,0,4.543232660496535,78.57094979203761,77.6359275390909,59.51372406066416,51.716976661642576,64.39173116797451,65.24779455433705,0.09563305270013969,0,0,-111.7450546,373,73,456.25286651392366,0.0738299357832496,0.24044164623879608,0,0.1430211309033049,0.15989417109661802,35,0.6514219116388135,0,0
中兴,TERM_00152,0,1.4275730468724488,79.26004692593591,58.42620759753543,39.83571547415792,28.347587788253794,57.95422699621122,60.09937565423886,0.04099210841553894,6137.75974712311,46764.037638747606,-74.58723992,66,7,178.092926901903,0.7662548838228622,0.10755964432366855,0,0.15337120329068843,0.07367287124561712,11,0.8318915160396388,0,0
中兴,TERM_00153,0,8.524072567754883,75.21165615011057,104.08492418733478,96.31477344047573,41.05540609580594,76.17206625980074,68.49693146680181,0.13152266301501825,15.263115845184656,1669.7671828667408,-101.2686991,466,65,380.53050217447776,0.2634807773735387,0.5242591884274754,1,0.6254420798208593,0.20128258059485601,32,0.6888521766786488,1,1
威胜,TERM_00154,0,3.7230616303870647,17.230827700442006,34.82195625782011,26.901301444735793,26.738383200709247,18.998119365586202,11.5005577842883,0,7824.070469483439,76123.78454813932,-51.28925252,1,0,22.16641328020914,0.8518199100929006,0,0,0.08213284861264543,0.06802262425931345,5,0.9484341729941128,0,0
华为,TERM_00155,0,6.642771442666042,72.52166272519608,82.20725231720084,53.38084180725069,46.44515392399778,57.09470016597652,46.63100297974912,0.1536077779793441,1383.090613998413,7919.495187080819,-113.6901625,409,75,413.0580978828901,0.21735223108154425,0.15776946975123182,0,0.24336333977517352,0.1875012030281712,20,0.6079691135588612,0,0
华为,TERM_00156,0,4.097571955940303,40.69629796315494,46.60168933544102,29.84643318292363,22.34302618387927,47.65886138256054,47.451849988201445,0,5893.611300516302,67386.12978493604,-67.26042184,82,17,87.05803501523545,0.6833929920323636,0.0672360142615718,0,0.09335451165552455,0.04845466223148942,1,0.971190379936669,0,0
华为,TERM_00157,0,10.200003067247799,21.824173885971756,1,16.180256054663534,7.688887073506674,20.696787927852043,8,0.07732129303925389,7421.099054229328,69871.08620602996,-63.68146802,52,18,47.64594208729478,0.7547826045126549,0.06132528199210216,0,0.0627157910700715,0.029180916420993297,0,0.8628874340450237,1,1
林洋,TERM_00158,0,7.257128267391993,48.871217538326356,55.16872009977891,29.329687021384604,22.077859949332428,64.22076275580079,58.24036005131341,0.06020512067548196,4889.112838661523,46491.41187333061,-76.16312768,178,50,268.16986954057455,0.4803245081719741,0.08798740208812185,0,0.08448603491154255,0.0754223054738169,19,0.8197171406793887,0,0
中兴,TERM_00159,0,4.949119600497796,55.63906766639886,110.69323206419448,33.28710220910254,24.611234399735647,55.537882147927334,60.34471353777131,0.0823263696339965,3409.9955612936565,31084.335854068988,-83.9066692,328,61,265.5451652504743,0.33193472240598143,0.13625434175105244,0,0.14683889919938362,0.11722457465491781,21,0.8272529786827462,0,0
林洋,TERM_00160,0,3.020561834738678,68.76374158943958,104.07027984449647,55.1585341214783,49.3825145571445,75.22033063683986,73.78757068135356,0.19517193566848262,2154.970927168105,20767.84808380354,-93.33246029,330,53,379.3613781524146,0.29605323781594217,0.15138069191150283,1,0.17441316456508002,0.13957464811221762,40,0.6039876753561653,0,0
中兴,TERM_00161,0,3.235123600514246,51.149446922481026,41.831121441004356,31.448370748072122,30.380352513317796,41.9387096532702,42.954540847047454,0.02675329930612333,4854.126861118696,37242.79315813133,-78.27792446,108,39,173.67278094912476,0.7303542467201551,0.12807948257635346,0,0.16387193628746927,0.08173253569965362,9,0.887957700109294,0,0
中兴,TERM_00162,0,4.5358486881292635,50.3006214773256,76.59942104222696,43.331691370149684,41.74848548763486,46.965270910512174,32.100997093583075,0.05275501093078336,4313.97774042917,30784.183445991832,-93.7615741,223,50,284.845920577691,0.31671944464235646,0.11417943259466147,0,0.13567700528916612,0.1331229747135092,22,0.8492156755120418,0,0
华为,TERM_00163,0,1.8558569303815402,16.800326065816744,55.06861223355336,21.864502898472004,12.671049175754439,46.766409874505285,35.801911907513855,0.0578344379319843,7683.105547676911,67720.29124527627,-55.0001708,53,1,0,1,0.025207625104136707,0,0.05849985919010545,0,7,0.9123213760035572,0,0
威胜,TERM_00164,0,1.7487225611553652,36.448741757113396,40.45284000252701,10.762278248761891,6.5213268178394515,32.21425794192319,34.31919681785715,0,7433.168716027629,61448.22962914617,-59.82902547,0,4,0,0.6787271743045447,0.0059517301997727146,0,0,0,8,0.9626896766294797,0,0
鼎信,TERM_00165,1,9.280082632403124,80.95080495602856,103.20999744335013,57.95360424323304,56.184359690013665,55.26760610895335,51.022300917191224,0.15556269705395806,342.0576068312518,2613.8806734769564,-114.3888938,381,79,426.5439657608405,0.19302799631304485,0.2107274475014588,0,0.30911303437740356,0.15951305161555462,32,0.586412314047431,1,1
林洋,TERM_00166,1,9.820744308327829,94.69280551906553,112.53224109317479,61.29005084900569,51.591109307331166,75.0844795104469,63.84662907824588,0.12969060146143746,46.808450960285626,5525.23405577306,-107.7368283,382,76,488.9105740103755,0,0.20976321949075127,0,0.25711013718219766,0.22102129731232173,28,0.5640475253463841,1,1
林洋,TERM_00167,0,6.094049645266879,57.425825364470604,79.59870029161523,57.511454230458995,53.21853909331401,44.4603729472826,43.218689145884355,0.063052186088315,1897.4345810221084,17280.86710038654,-92.69187141,269,70,360.6148340507614,0.3606855571159974,0.11584771802638263,0,0.13540951599037016,0.16105105203154638,29,0.639565043118656,0,0
威胜,TERM_00168,0,3.659888051983117,13.471524868269778,29.3155582956672,32.03576455319181,33.1039938241742,49.49228026486937,41.29092657836283,0.026089231222344834,8178.495115551882,66676.88114540593,-47.88914286,45,4,40.05483817625076,0.833345705393504,0.03200767191880988,0,0.07085654012344922,0.04858684094792362,2,1,0,0
华为,TERM_00169,0,7.209808186191465,56.033613152162815,61.00816350289999,42.999618255037475,36.775167929790285,64.10309522127294,74.32844988520915,0.13573176491533126,1939.7172761840877,14055.719621495902,-105.8087885,296,62,440.1077920743538,0.33434285972244493,0.16580515802080076,0,0.2113923127637048,0.11069230752308924,31,0.6657737784365054,0,0
鼎信,TERM_00170,0,2.425532338043872,51.65219091917759,56.35331949535458,25.03043716116521,9.940925778854997,28.021279873913677,26.615467555444248,0.017712954482790373,7706.563372621262,70404.5146075992,-51.39421245,7,0,77.33990665767055,0.7917836696809669,0.05877036446625329,0,0.07370154352255351,0.0452321278092639,9,0.861530591452682,0,0
威胜,TERM_00171,0,3.4738029779643504,41.96174049184718,22.28675760271628,5,3,47.116803233228836,36.58113222042794,0.07473235900438382,7499.2590722092245,70975.02377787876,-61.3608162,0,12,49.02074832103875,0.9242628948799727,0.02072475139046627,1,0.16014563059202228,0,0,0.9952793086981293,0,0
中兴,TERM_00172,0,6.647803565225959,81.89184898265297,48.80745237703353,57.072703583294036,53.62676726354381,73.10783595992504,73.39395706425896,0.09277500843123547,2112.3283858708473,16413.60054486767,-115.8713073,274,63,445.5483233152361,0.2774289698321989,0.12696455210662158,1,0.24227384738706653,0.12374464366994792,22,0.7188661621640878,0,0
鼎信,TERM_00173,0,7.828669464770513,84.25598896079259,57.462774187425616,47.058094972446526,42.590677854066065,51.0320481711363,55.72065807219878,0.09997610502758991,5088.213370132875,38598.70025225053,-82.52938016,171,39,247.15689645243947,0.6310563717161949,0.08870923827992541,1,0.1742981879214411,0.06334569292761066,19,0.8088441438510936,0,0
鼎信,TERM_00174,0,0.5,35.48831291671714,49.09151536259818,5,3,59.72109830991403,54.685372044464955,0.02768828970075201,7797.67390918647,70851.12153812588,-61.65607221,9,0,47.19832517997807,0.8395015623428133,0.0851450103929936,0,0.028153756223897076,0,4,0.8974130646525664,0,0
华为,TERM_00175,0,4.523008806136074,55.87095731763219,29.955096681535075,39.25806274593437,36.704500115183414,76.7487446959965,67.14114581641422,0.11604683989779804,4241.810410673255,38586.35063015662,-76.43066679,189,53,334.4579661053439,0.4771064821038574,0.11249359108566916,0,0.15513587111010393,0.19813673419959532,18,0.7375792934264876,0,0
威胜,TERM_00176,1,5.896977171912889,73.26660937538622,53.834473012973845,40.06827437843867,27.67100771298996,62.07289374753906,57.33882285953978,0.0902350238641171,2705.451760163918,20447.307091751507,-86.21429242,276,47,312.1326310218147,0.3595402131183386,0.17360173045458954,0,0.16558866011129494,0.15852540634171844,19,0.8152359760078055,0,1
中兴,TERM_00177,0,7.27480805311982,94.26080053557018,85.28250651924716,48.036617116847026,39.00255734843885,72.57856361963245,63.901781400865474,0.0761579286156929,1627.199229454925,16238.761270281706,-110.5143862,236,45,417.8306389963475,0.35442320722074955,0.11735740424613447,0,0.14682516215981078,0.10302711336022467,29,0.7000140706506933,0,0
威胜,TERM_00178,1,9.553720885442207,72.73269251406883,129.41946858384014,53.359097830136356,50.474415035759606,81.05676981409583,74.50688019465433,0.12141452667577518,994.4627934202238,10786.753107377865,-110.6702036,384,71,474.5667645362986,0.22087643161963247,0.2014319062206944,0,0.22006849150022934,0.14239196744498747,38,0.5938772962630782,1,1
中兴,TERM_00179,0,13.86737592671676,58.26043079456323,120.53951818384468,51.56681543542928,50.24613415423895,51.57711428004345,38.24405407066665,0.11979203829828035,1013.1996298736829,17261.672495711842,-122.6596919,353,68,443.94352459015136,0.26455476716223897,0.1176204574822045,0,0.2509461486184297,0.16604183649908308,20,0.7079090279185084,1,1
林洋,TERM_00180,1,5.736626932430214,94.57418724416019,115.08768260892468,67.03170840426893,60.7472822587501,72.10866251791575,72.35995236889606,0.16739286565824663,0,0,-115.8766706,380,82,529.6179395884578,0,0.19820485101827923,1,0.26051283623448174,0.20114377784663023,35,0.6497706853278482,0,1
威胜,TERM_00181,0,6.510399965710315,49.07459374209338,61.912825293341065,39.1342594609995,26.972872032339424,47.120311097097655,35.22463673288071,0.0862732824036353,3700.517515917952,28156.787250257985,-87.66095751,232,46,270.6222409883022,0.3887774368222394,0.0951860521749145,0,0.10237950648126014,0.09831911228567312,22,0.8512765267706855,0,0
中兴,TERM_00182,0,8.185832673683755,45.0577489402823,83.640851135094,45.7897453572467,42.489564311031266,56.24911915583643,54.898090732429864,0.13436484954379974,1688.524464890676,7233.214628588252,-117.6891431,334,68,389.97285289450593,0.2886639364846174,0.14386699100394554,0,0.21097691231566687,0.2222745594464564,39,0.6584970000156902,1,1
鼎信,TERM_00183,0,3.0502282147681994,47.59118884111008,93.49847264196785,44.839003975557446,40.09467480867186,59.33366266807894,52.509061985164045,0.4974216128404747,2.4447532869726842,22186.389303795844,-128.575951,485,56,487.753176080809,0.24736807224766783,0.10760074406028035,0,0.143887437444469,0.112189541489245,24,0.755447945023149,0,0
威胜,TERM_00184,1,7.900229919060004,84.23122282130252,79.17402733858003,57.34693988638106,47.05569675374146,71.41870663532887,67.7561153578613,0.14707851467702887,648.6543242087723,3446.584144934248,-126.4074737,427,103,482.9673827862996,0.05331386048270957,0.19076311171700355,0,0.2651994916361005,0.22505340489323272,43,0.6320574630576105,0,1
中兴,TERM_00185,0,1.1390041316056618,38.505361560189804,23.80863665133398,29.46869083773517,14.550520374303304,27.771169083569635,19.922942029540746,0.029593851977830765,6440.774544729465,62143.589395019575,-64.69710263,80,24,135.65040118055956,0.6476213884683573,0.008711421484973947,1,0.05852272013495002,0.09011365274918842,14,0.8253682762487405,0,0
中兴,TERM_00186,0,1.533184993506178,27.354755621274315,3.224563592593711,18.51059706855554,16.366855561788633,41.52976230779959,37.70706497581667,0.03558017822817156,7825.418106848647,63899.9163412171,-59.25351569,79,5,15.61269911096582,0.8102620150631532,0,0,0.027239330011961424,0.10800211935939984,8,0.8507816265778729,0,0
鼎信,TERM_00187,1,6.634044087265966,119.94094901015028,116.75457706886148,62.82274045818397,54.735478403155945,67.42202400989578,65.01791221766969,0.09825153834239198,617.6508655575577,3934.5807336003936,-107.9307465,476,81,493.2033619703866,0.07109263468602149,0.20245659347111197,0,0.19814857929317187,0.27302714490094604,31,0.6317596025292082,0,1
林洋,TERM_00188,0,5.936975470325053,48.654869417374464,51.61552967033078,48.50127069724721,44.43476052021834,98.95298436077043,57.758629443270344,0.021999780858911307,3900.414773713678,44399.81868259454,-121.6385755,424,36,521.4105792481278,0.5394805543414151,0.04927877415542703,0,0.1964311728471413,0.12251316742819501,29,0.8257751914349197,0,0
威胜,TERM_00189,0,2.5130265501106184,28.112664046318894,54.69738408385516,12.099930786155024,7.847728774340887,48.597496787698326,33.22023400349775,0.013859993017206595,8752.027461555575,73993.30561157371,-65.60391565,42,7,44.70338669597221,0.7689913890284858,0,0,0.04029450107461243,0.031216841368058575,3,0.8086902358658238,0,0
威胜,TERM_00190,1,5.852791164373729,63.058692353639884,105.82057362051762,62.14690939697799,51.41226683530083,60.16345152266675,57.185543794274984,0.11690712776262535,946.6229035092966,8727.046765711424,-121.5094627,420,71,464.2262349712837,0.05914399534702064,0.24703520545178995,0,0.23744621098994864,0.20415447914471077,35,0.6392607571586579,0,1
中兴,TERM_00191,0,3.390644349557383,20.355996651686848,43.23051015753883,28.148139983027264,25.23746011402447,48.538798574593464,45.8837738837897,0,7915.448220866478,65942.24106895352,-51.84024596,0,9,0,1,0.06925334880433814,1,0.04593358746329872,0.040554817415980715,1,0.9419335145079816,0,0
华为,TERM_00192,0,0.7021904574649218,34.963474736747834,29.395993527573037,22.214350645803798,12.915412435946319,45.33479871902043,31.738358674435226,0.0579441844956621,7148.454534807141,53296.05664531941,-62.07212378,6,15,96.72065939439676,0.897996687499304,0.020612524039782584,0,0.07753284326424868,0,12,0.9220291978884992,0,0
威胜,TERM_00193,0,7.787808760321546,61.11855198912534,74.74205386010313,65.30185907520416,52.82494816296054,63.690912240439616,52.80443954608212,0.14928223683661138,386.4222243187255,5609.441713342036,-108.9356517,362,66,433.5954935402047,0.23490345615936226,0.18865152317603712,0,0.19665090060157384,0.13383424214853362,41,0.6171978835724609,0,0
华为,TERM_00194,0,2.890549103457131,30.625046858381076,67.5163205641031,33.592485193951454,20.475092820170502,42.19567327140443,35.108889109278145,0.05696060104724039,5154.661246806843,46707.496605390865,-83.0684683,121,38,186.20986951737646,0.6671956631894317,0.058626587677932177,0,0.11688297317874854,0.11259051282418699,16,0.8995469885508184,0,0
华为,TERM_00195,0,2.0798207545700045,34.6681205884872,27.710748691170938,15.181087881326278,10.16490352765803,27.18883155181271,8.419655378629312,0.02715016422082335,7091.156577355973,59454.255789007046,-77.0306401,40,0,53.25530963363532,0.8366750054375394,0.015397987622441763,0,0.05672409768320281,0.07984714883096174,2,0.9648471032381072,0,0
华为,TERM_00196,0,4.441791842004758,31.467939434705116,1,21.06343223725398,24.033943837300544,32.65143829412838,31.89887500008925,0.036590224463429966,5640.616378604992,42711.615287159715,-79.33778375,148,41,132.68750094615592,0.6696066157966619,0,1,0.13266395677963144,0.11518187761773818,19,0.7822271505324597,0,0
威胜,TERM_00197,0,4.284112528749559,35.98448844588682,23.539974300463136,36.291397343394245,31.49650612461156,25.49001811352689,17.557186093884376,0.07052545715884431,6504.62750407433,46900.561091305965,-60.00543482,122,37,148.75895749596486,0.6287129906291018,0.11092051772298994,0,0.11514479333770175,0.058670093454108285,3,0.8134083115009723,0,0
中兴,TERM_00198,0,9.322159601792944,90.1398993514064,74.56718106441934,60.98756960650246,64.9033618644206,66.22293557872551,62.95435843005747,0.15783272672185333,1063.193156626195,23504.66433671191,-117.5607613,376,86,422.0075592106354,0.30555454262035275,0.19613820019314976,1,0.2245700899239353,0.18932372205140202,28,0.6428732613816369,1,1
中兴,TERM_00199,0,3.9030323406086347,74.19456629495508,54.36267543473792,46.02374137565487,48.26785046459114,26.22019235594361,14.846564739873525,0.08701095290918404,4800.922703828347,45762.034649379944,-75.53524842,136,25,178.35607113732644,0.7777587601668745,0.10306479036109636,0,0.10526817859192285,0.06704391742079058,5,0.8008508566006598,0,0
林洋,TERM_00200,1,8.378099961883073,85.72149810393485,117.79809933662567,64.82190436240661,62.403333849443484,60.85897894996649,67.96391006155022,0.17644436212180423,0,10452.38908190321,-118.6287356,380,82,510.64336413809895,0.06506078056747183,0.2135231260829755,1,0.23851757258932732,0.2527295658902151,33,0.6588297424245129,1,1
鼎信,TERM_00201,0,6.273732296387897,104.05858444976279,99.25574031822265,52.073142644393,54.945599146718976,70.3288018765971,56.80526523065848,0.12666267072779733,543.8008604182775,11805.724474783725,-106.9426853,312,62,456.2873390691549,0.3288327773023183,0.16193593805801793,0,0.21513268776827482,0.1562568841766742,34,0.6117810291948048,0,0
华为,TERM_00202,0,7.187146736946368,47.950284065708104,99.73543424229032,56.619546814127375,58.92640675166544,78.59859271144617,70.60775136954128,0.10371746368301651,1987.6407058847371,17131.22548135527,-118.9191324,384,70,416.0786284510656,0.2081085328181978,0.1528539562788951,0,0.20888365936350095,0.1439630297953153,28,0.7169770808761831,0,0
华为,TERM_00203,0,7.148191291024082,74.59666876869511,126.79943821703907,50.50311482626174,51.39659474985805,49.70146619786738,51.89596863609869,0.10972331912191127,2002.4096223499564,17412.836311404386,-97.0862389,371,61,343.32376527109284,0.23593790090948172,0.1536310913404105,0,0.20094785485769645,0.14987875583155671,27,0.5667681001242458,0,0
中兴,TERM_00204,0,2.0578339843701663,17.383814041675056,55.5899231078881,18.708073343665113,4.286423248900888,42.29365334556564,30.39716050339745,0.018289040496544836,8203.607895834593,68141.4117476083,-58.0189202,51,1,42.35229962452995,0.8351123990361858,0.07012947779744784,0,0,0.01442084747194342,4,0.917785555046852,0,0
华为,TERM_00205,0,0.5,14.108686013921186,50.73775685291723,16.802566053358934,10.618846815099314,32.95093622471074,28.497047005540512,0,8760,72296.42858095502,-45,8,0,0,0.8432324722355865,0.026080567196611382,0,0.010983065171779036,0.023234014709349493,0,1,0,0
华为,TERM_00206,0,3.0575884057134024,36.408804347551836,13.470925799381419,9.951750655053608,3,33.106834043534874,31.867892410627217,0.07197165607093028,6903.398185880013,61950.00512158382,-64.05437083,8,10,31.59557412030691,0.8703804180113573,0.09504435120918833,0,0.10801637643636153,0.06387775887211262,0,0.9144446579396116,0,0
林洋,TERM_00207,1,8.367658109202214,84.69020877286036,110.22642285452639,52.86826789751894,53.72392012959256,70.50143007756382,56.46260911977036,0.19486487250577,502.3991849174676,0,-110.2418604,474,103,475.071901137233,0.08517180070881622,0.17131655523912698,0,0.21705603507793514,0.19843661310188365,26,0.6118410187818453,1,1
威胜,TERM_00208,0,5.414021693289989,41.35898890107408,75.6217445435852,49.40467928780085,42.86842684546395,54.318180932688435,45.30624876582834,0.1098645420409448,2909.222616357564,14740.700571381438,-106.1412693,314,71,368.980374582768,0.3740238678884705,0.10832757158767037,0,0.18702687438450333,0.1352753441732006,33,0.730228024065586,0,0
威胜,TERM_00209,0,0.5,1,10.651995981423271,5,8.761549848554495,36.19747945180248,32.33845861865554,0.04908333168983448,7389.39342196568,62368.536272663114,-45,41,7,72.91600650689102,0.7918132377987267,0.0028292058599498487,0,0.05126228142430551,0.010881065207733513,0,0.9559885377858707,0,0
华为,TERM_00210,0,5.707437808945194,48.255960345887864,92.34015517289376,25.83853327174375,21.34634493270077,44.422138366048465,42.142061364557655,0.06165175740127328,5938.897743408293,53493.30902412577,-65.33515894,86,20,149.02693460158508,0.692931573913667,0.06001101753458082,0,0.07789040375318344,0.0487257606271982,6,0.8572629243243025,0,0
鼎信,TERM_00211,0,2.800012651570122,1,25.37757852336062,27.783552212056676,22.64379156081376,46.972404016213076,37.03861534277695,0,8281.36892708042,60286.78606179452,-65.96309506,29,7,0,0.7978602290028407,0.06354904702761704,0,0.009702573785047838,0,0,1,0,0
华为,TERM_00212,0,2.5573783502180154,41.74398317805178,2.681226205814351,36.75249718770906,29.859258853208885,54.030791774858336,60.074196025686994,0.04338364539797601,8170.1150274043775,61514.393555056784,-53.50436903,58,9,125.46231176724703,0.672394417988669,0.03248888064511228,0,0.09986340257516046,0.07414925489403229,5,0.903902695733599,0,0
华为,TERM_00213,0,1.651410285979956,37.702797776847866,11.86793976555415,24.82684175965114,18.903767752122413,36.930136210173764,34.81579803982698,0.018434707764477996,6608.904946455007,61000.29586018675,-63.49842574,63,18,149.91268629077246,0.7452586064066263,0.01696688296756043,0,0.038272107077624615,0.07922171566589774,11,0.8979677325100422,0,0
华为,TERM_00214,0,3.8014630183827287,52.84456006778504,125.46045901479047,35.70790955415298,32.05163315131302,50.00001174637572,49.659925205530364,0.05439756927009211,3633.0208480760516,32560.945685766088,-91.6079803,197,26,270.3465870356654,0.5009243731273115,0.11141672170037091,0,0.058907187188418336,0.15776454446030097,16,0.8202592109093929,0,0
中兴,TERM_00215,0,6.102165619806434,43.84115435600859,53.68170992476873,28.562012929127143,23.231620763675597,55.57374379368778,54.881678641537555,0.07443363667551188,4874.68736640176,42163.57281547607,-91.17839126,160,31,114.50097617237421,0.5735488316763029,0.12110235865074476,0,0.16031922074901728,0.09586978954247523,15,0.7032226937706039,0,0
鼎信,TERM_00216,0,7.2244758058879315,86.26450407286964,40.611812389049156,48.98609579762067,41.66174594975308,62.461931645975156,48.082087220910715,0.14175050977243725,1165.1529239786134,21793.49183807652,-99.77764801,385,69,397.8428169235398,0.15359230268371876,0.17040586739387495,0,0.16239530010673367,0.12534457811888683,20,0.6213149833278854,0,0
威胜,TERM_00217,1,2.2506484889266707,14.897216439226899,24.542581707454595,36.31805249097483,29.289922667943802,48.42305204651815,42.73443164365108,0.11594163814678525,5754.836811034173,65300.38895548729,-52.84133908,29,12,94.98191070570113,0.660391034850998,0.05834762332347847,0,0.09844193056484125,0.05685371501807872,8,0.8577175188987693,0,1
华为,TERM_00218,0,3.0130379754455676,23.533581243732705,1.438906297249133,34.69035914118314,38.795458007459075,45.47160447492415,40.37418066314789,0.011134332517424746,7688.993456278253,69738.66490083469,-48.7391324,0,8,75.37146344934456,0.8923336160709037,0.026643833326720233,0,0.023603098094401607,0.03298721283892781,0,0.9684434488637893,0,0
华为,TERM_00219,0,5.405469494971735,56.88990381042858,109.20378567362236,37.339297176230865,42.32685569369189,72.18307139944025,65.65691587440638,0.10209597182884336,1934.310792108567,12779.940766909856,-98.16934558,300,64,430.35295510928705,0.22470732902217258,0.15249511873992092,0,0.259749366055971,0.18106546768364126,20,0.767251727952157,0,0
威胜,TERM_00220,1,10.088242397736117,90.55274658372443,56.648971271999486,52.4214640771166,45.067476628577246,69.92680498705269,66.17155306864316,0.17387877643800756,340.39088499116974,5321.238773662411,-113.7729587,366,75,462.45189088594327,0.2493568387302934,0.2671150392056865,0,0.23410337447729834,0.24904594254102966,26,0.5162117526980425,1,1
中兴,TERM_00221,1,9.952027340690865,98.79679474034269,64.76731494540529,44.577727728372075,43.82257920904849,57.91503218541271,40.27124241699036,0.14744759389736453,0,0,-110.6914362,399,87,448.16089642203167,0.12171795349398004,0.23709372753750552,0,0.22551449192133383,0.1606347654101891,31,0.5836994313829234,1,1
华为,TERM_00222,0,2.0028662907983197,30.687674247547047,47.3586300105423,24.455773117383238,15.316728720092737,37.42008255600348,33.18859788526326,0.006968362590366654,7335.681785206722,55686.7389832353,-64.70860457,37,9,58.088204983361415,0.8458636982325056,0.0972991506464885,0,0.09127060153883795,0.058088458134205,0,0.9637193672885733,0,0
中兴,TERM_00223,0,6.605373109904301,93.8601147308824,116.71198045452333,53.08225317482414,46.44810644724105,62.29269948929839,55.4728066433476,0.12188776538657202,210.18595736882673,8029.8108861779965,-129.6246127,378,67,471.57634354123144,0.27041746127255484,0.27299297982027326,0,0.2830314681488642,0.18140134790057408,35,0.5393531499435129,0,0
威胜,TERM_00224,1,4.051393285550719,79.25003011547398,96.82856394702733,62.72865129490873,52.29108122682033,77.64651580080601,59.95026910281344,0.1441145528371294,9.074517977940218,0,-113.6953944,408,67,465.97964228293546,0.03410470711743313,0.23795115425779562,1,0.3140002891241532,0.276416876691328,38,0.6204151397204324,0,1
鼎信,TERM_00225,0,3.1927781834631452,58.91070816107698,49.42749721786748,48.073409637858134,48.17257869978191,70.17640870487527,67.7109456379411,0.12132035019213908,3175.1699248182626,20540.26280917182,-88.85673455,192,59,263.46857323383153,0.4780736688424211,0.10833351508865469,0,0.05474319978641967,0.14891348042823477,21,0.7735611857053463,0,0
鼎信,TERM_00226,0,0.5,16.9070775142083,17.037320831900722,24.69050301283667,22.113118127564817,50.774694641861515,38.68751699482325,0.02390220900391747,8622.846271428009,72957.10219940316,-66.67144206,1,3,71.88941230148322,0.9322366333020871,0.047714482124110724,0,0,0.013339566423174385,3,0.974492665691979,0,0
华为,TERM_00227,0,4.14760935918673,38.13802074951105,47.12674068650803,19.79798113588918,18.175217618062128,55.20005782129269,47.91693034776776,0.030377451774868388,5164.30232466206,55111.25579326151,-93.6116313,110,28,155.84798221244802,0.5968622234173538,0.13568075342815522,0,0.057745470512458465,0.11912407789872884,4,0.7803410276553796,0,0
华为,TERM_00228,0,1.8399095215468124,11.831750112324952,59.782740112169776,21.98944932798553,21.430736323172837,27.57286672267964,21.046469305612646,0.07272428189309216,8333.789404513616,69956.78035746556,-57.916011,61,6,23.413556766513203,0.7308521442510002,0.045890028286713715,0,0,0.022506545057178935,5,0.9287707720427235,0,0
林洋,TERM_00229,0,3.780440040688789,57.83783326309512,80.37959914299152,31.75719921980742,22.409147536087488,71.18913424257931,55.11199799583688,0.0714089473413057,3103.5634837285525,23690.801216545104,-97.39304464,237,62,406.3261186530247,0.21857938996440263,0.12360016764949297,0,0.14954970729620642,0.1543608025083742,26,0.6683281808852239,0,0
华为,TERM_00230,0,3.8395852473236873,29.69162970347525,30.108024347098095,48.97052425868956,42.34843474790958,52.456328297510694,37.05023229357778,0.040644555726551984,5294.81986438536,33415.97721981198,-81.41777509,140,33,183.2824444961719,0.5235265820529023,0.1290515681991397,0,0.11494628158952679,0.0762574166566328,15,0.8734537927633085,0,0
鼎信,TERM_00231,0,4.3160179139950525,12.764488985411653,59.25737269235363,27.549328401577217,24.775490216069723,35.84062419265023,34.11287771332231,0.08136441854457407,6064.289343468094,53054.952320767516,-67.24195106,81,35,104.49494966096307,0.7791373432702181,0.028529791654015882,0,0.0947883910288997,0.06897981547202905,9,0.8059034713020138,0,0
华为,TERM_00232,0,5.755290362109944,44.063782359648506,71.46283143418512,28.825169413285362,22.097333816482127,60.906541669847314,52.28363272052261,0.12407588876193112,3722.491788194412,32640.988249755257,-93.06607201,201,42,230.68575095321125,0.4398541438931357,0.11314954202993917,0,0.160815356602062,0.14711079415128286,14,0.7790023365772177,0,0
林洋,TERM_00233,0,2.2727057301172615,65.81519149811594,96.04095424009087,36.46061702459735,31.80774269504579,51.002411556517465,43.64497185028053,0.09345829698251103,4140.0614679657865,29567.939732757928,-83.32590442,208,22,273.93173843336945,0.5581699859839928,0.13643192078830496,0,0.11657733519534248,0.10266171450434111,20,0.8724136654982303,0,0
林洋,TERM_00234,0,4.726257951760479,57.56194354484116,92.4269516515528,41.120747245641454,32.12213596858663,32.53013332812942,27.96718295594342,0.03938354022512216,3993.496429594701,26715.24714369473,-81.06249262,244,51,233.97448745666654,0.4474911652788235,0.10432917510176347,0,0.13341582613018757,0.016496558112708892,16,0.8361294166183831,0,0
鼎信,TERM_00235,1,5.618012501940134,67.56956138926257,108.82587962269372,63.81947889648769,65.46813285358978,58.40642921910701,42.857133199879755,0.1457441624617778,668.1065940758047,13466.401764005812,-130,383,80,475.5142384683927,0.14217644143475924,0.2095557827733162,1,0.23624088667752016,0.16810987908150565,38,0.5294898611050693,0,1
华为,TERM_00236,0,3.58088327666327,16.57321572707756,48.03196231991009,31.92441123932863,31.617064915267953,35.678457791097564,28.232225173716227,0,8097.57362881689,62350.63881402649,-58.02244188,60,0,22.735489269395114,0.9095807847011449,0.04642398158958144,0,0.03904551426383557,0.07134303821900323,3,0.921493107667597,0,0
中兴,TERM_00237,0,6.456498941987639,68.65689049080115,66.57024744924827,42.371806627807544,43.55719636030169,53.08736719560862,47.42365272431573,0.1610822021115504,4679.845950062588,23122.111567879423,-88.93536075,269,43,372.7925931278516,0.5427490176129368,0.1352101389434473,0,0.13005485429485336,0.1659639378308164,19,0.7619427321581926,0,0
中兴,TERM_00238,0,10.606520828709977,71.89400543424058,62.77021970235462,50.82727253634544,49.122874907189676,53.661152315203424,59.24836305967239,0.135857790286315,1635.852887777697,20351.832820112966,-103.4494796,329,66,445.1034850680834,0.1908474014868971,0.1650863363945475,1,0.22274736379826476,0.1492541476198663,28,0.6473952149744384,1,1
威胜,TERM_00239,0,2.3592022196990037,16.329990708228447,50.18044994998293,35.53568845612353,25.066309029722348,51.308968997995585,40.78721909401077,0.06923779283921012,6567.285952120587,53058.82810366845,-66.94771576,100,12,102.15751067360836,0.645288605441112,0.05316058626601895,0,0.04381106589883717,0.01743816144167356,9,0.881433224066232,0,0
华为,TERM_00240,0,6.210114685468792,111.05460624373808,91.3531780248154,57.94118705923698,50.54355185932035,68.79275464365375,68.52603213039902,0.11327208892357282,1894.2440952664526,12689.609324940171,-122.112599,314,74,408.275128638707,0.08571811305894672,0.1635989231649021,1,0.27856283779401503,0.15303641427812864,28,0.6948320582561093,0,0
中兴,TERM_00241,0,1.1442021772262336,46.93519401564358,75.19744990946633,37.77284238324398,29.264179964156256,35.36216203877916,30.351394452677656,0.1230491681890946,4622.983979971694,42607.41351530897,-126.3343823,136,32,409.23176647284015,0.5268723161924384,0.054550971110863815,0,0.7748767222541615,0.12468588646235282,15,0.18616954940394478,0,0
林洋,TERM_00242,0,6.6087066787413935,50.43511805012091,73.36140388,53.842008874218784,47.55563442350402,85.27830043233618,73.46475995400644,0.0907032453794001,2966.5466899330872,24789.640777541346,-101.5439012,349,49,379.5484568403489,0.6160729626872634,0.18442791374548556,1,0.19632278848355975,0.1365676797411291,18,0.6871957560579429,0,0
华为,TERM_00243,0,1.7727272221830424,24.692216707057355,44.92072742673619,16.33130297729161,16.620121455644526,23.915752075993215,15.118104895499869,0,7795.201948094394,69442.87629526798,-48.37274439,0,38,0,0.8560006424418682,0.041694366657313964,0,0.0236940396234981,0,3,0.976548753184679,0,0
中兴,TERM_00244,0,4.607561542426299,32.15943739867825,13.13893541582381,27.489807771572977,15.12600360708475,37.14428172179491,37.34186789156125,0.04603352198826973,6357.143578748889,49522.73112182756,-77.07225529,54,8,58.51156266922679,0.6303529355485094,0.05962656412768482,0,0.052589484929336995,0.0715866236053085,8,0.8736918886092163,0,0
威胜,TERM_00245,0,3.8174570304260182,37.30365509559935,58.48400406755696,26.83668399656805,18.918486864442187,58.96695431441861,58.62892723400513,0.11725358491288662,2934.982030697758,22152.839901652427,-92.55884364,204,47,307.8548916635292,0.42359586868612764,0.10362981484518478,0,0.09657044616781144,0.15491705165562608,15,0.8262894996581513,0,0
华为,TERM_00246,0,1.41707568984853,25.434400887987458,1,33.424013052246806,26.451583004334662,32.47141547383318,24.349737512291927,0.08192857974345899,7965.348069833342,62821.262934766084,-51.7751194,9,0,14.681105284970148,0.9108379448056809,0.03423929744561129,0,0.02100719610971675,0.07785989360748874,4,0.949391940786063,0,0
中兴,TERM_00247,0,0.5,36.40337225491282,54.55006642951151,17.007804035052676,5.437720717151625,50.36643410634373,47.428782389670204,0.06172361491365065,7627.653321472072,66302.14431678603,-50.44638846,5,13,0,0.8309738333932942,0.027498531488563224,0,0.025485646224297963,0,1,0.9437975738152704,0,0
鼎信,TERM_00248,0,3.2771520707024777,48.98153924032467,87.91896820681357,49.721763730601204,45.74555500471796,49.484703265062635,38.26261508436247,0.11080293139437614,4702.77403522229,36224.65756588755,-86.39067795,227,36,242.57803015805806,0.4395916989394846,0.09044146165429531,0,0.10891269105203732,0.13785584722929778,13,0.774551742294914,0,0
中兴,TERM_00249,0,2.8158095472803915,19.2994847745479,80.90272712838063,32.009024382795566,25.299127786208274,40.88404713090699,34.8246988116094,0.04984891905693956,4650.633568508891,41440.354097771815,-73.60703714,231,43,244.45472473007197,0.7558350835820868,0.12916624988417566,0,0.15192006463680544,0.10325283890245869,19,0.7554778634370641,0,0
威胜,TERM_00250,1,9.323069031779418,93.13509014978663,106.93744119002457,61.27851578146108,61.83759990928635,75.148333452226,67.57077470367616,0.12482232064891421,185.76162689674868,1095.8956121315505,-123.9973484,331,72,483.59114935564276,0.15254264566874354,0.16095880629632453,0,0.31059402335435027,0.1750679210579466,41,0.6532989466023199,1,1
中兴,TERM_00251,0,6.459389101104467,93.28928921142378,100.5499414677119,57.149830797850676,50.774213796158094,38.12879225975186,38.71945585290263,0.11215618572481027,325.8367001881744,2850.7312142751975,-108.7995005,419,62,405.60687227669587,0.2882929954615209,0.15788678919278074,0,0.22908467705820665,0.13577361652950332,30,0.5877322316026787,0,0
华为,TERM_00252,0,5.2058558898939555,46.432396413313406,58.204749398176595,35.31466257677535,32.609373368288075,57.95247889549404,55.72953436991266,0.07593753817371776,4724.270875945169,37244.98231328775,-80.52654518,256,36,240.77548642704872,0.46536351734085035,0.14393428283591847,1,0.16118573225561184,0.05493004896538354,19,0.6805453414462033,0,0
威胜,TERM_00253,0,6.558417998714478,71.15897886582879,97.04454046110585,58.033957652803664,53.608884494690045,77.8216999522949,68.76529655207719,0.0722915702439366,1064.2621965317383,14224.232745732359,-121.5156104,328,81,397.65143395485853,0.3579300236689472,0.21901057529608553,0,0.26765035512999685,0.1508414396799602,37,0.6027400228357325,0,0
华为,TERM_00254,0,8.902691304639298,83.95548195856902,108.55509977960034,47.40852972571849,30.0009670357914,26.977096589984466,18.518136568413524,0.11113901174437855,5454.704159694228,36368.42722071597,-72.51543113,149,41,236.76344183137255,0.6287355688199201,0.1057381292986204,0,0.08177200279002328,0.07291200109707117,5,0.8072096006269162,1,1
威胜,TERM_00255,0,4.909953222756169,47.02149718836085,75.37722725811508,55.401017982123236,43.22529001777313,49.407329229563665,44.23302951447568,0.053051822547620205,3474.3556748349793,26765.58276298217,-102.4478542,231,31,330.0485645115908,0.5192401381483531,0.08525547692244817,0,0.21687122080903923,0.11168336455398334,28,0.7044414332548495,0,0
威胜,TERM_00256,1,4.4262497770195655,20.993724595934925,29.50574678340239,36.12574968622724,33.043452031015676,27.4491891083027,21.481468106257495,0.011200922159692456,6817.044128340822,53579.017050190814,-68.55906525,87,3,140.9371304593485,0.5980211950750159,0.10549625989156025,0,0.03323853993487353,0.1102491415025529,10,0.8206366914462003,0,1
中兴,TERM_00257,0,3.0777814492322273,54.086617537608156,23.95430255737345,29.58253984713318,26.27234893020007,51.98623932038602,45.30909834016232,0.06524485923481393,4289.409889620512,34686.8308867094,-90.05257441,242,37,259.01544840326954,0.4558866850789911,0.11302843432942108,0,0.13589642541668273,0.1045721285497069,21,0.6869119629909171,0,0
中兴,TERM_00258,0,4.33874501798222,41.74851959188276,1,16.2558742618434,10.912524989338694,63.998146082628566,56.8864177070942,0,7030.263824175175,61554.53778311725,-59.08952313,94,25,123.1463438191123,0.7859943791906978,0.057446738406030665,1,0.0982215863831419,0.007488962301441179,0,0.84300280081363,0,0
鼎信,TERM_00259,0,10.79580048911682,80.35758814272815,80.02506823944947,59.03781926043696,60.68848580012618,63.47827064730422,66.75339252361297,0.13407088221722063,1464.4597971488183,13202.850100947915,-100.991973,281,55,419.52054597210105,0.2736907613468879,0.20101177368142525,1,0.2564169427278561,0.12411587188549689,20,0.7737369418303133,1,1
威胜,TERM_00260,1,7.242233200541233,52.590589731337,127.92581598011871,51.79972850888668,49.349602212428664,67.61983755978585,59.90831586119481,0.12024254317906027,0,0,-105.3121414,411,90,484.7700997541035,0.13424202390161372,0.22404516052221876,0,0.24836930887557931,0.20905483637330483,30,0.5702846952677563,0,1
华为,TERM_00261,0,7.786740908385653,68.31405002348886,60.75317009584956,58.199082204822986,61.05055977143119,35.86877841761532,32.66866563419078,0.14149412344974466,1574.7133230094794,9108.30803647314,-99.97210812,339,69,419.30488583132234,0.19642860740375248,0.15867338491063868,1,0.2171263585454615,0.14714710536490488,24,0.6534626558304683,0,0
鼎信,TERM_00262,0,6.005496408816507,95.6342448644647,106.67623466612616,54.40919333174959,37.110857596391305,53.109237757831785,62.64525101106591,0.1544282751609348,925.5296499080323,14757.99154496208,-108.1189288,280,82,450.17480516750555,0.26696631336854215,0.12290550717783971,0,0.278568570091656,0.16652648217998905,18,0.7703744042241895,0,0
华为,TERM_00263,0,7.496686799044429,88.37079459726628,98.10481965101314,66.81844091308342,70.48918103400561,65.40503715082677,55.3261035706775,0.1204601822839999,1510.7281791532641,5271.425132541466,-104.2967732,338,69,430.1094470541909,0.12220333187427795,0.1737371135893858,0,0.1693331215143046,0.21781284713007878,26,0.6492077184472699,0,0
林洋,TERM_00264,0,3.4531245098572807,23.923337612863502,67.86445777011035,36.91401835420429,28.878253522692397,47.16168701620252,43.31799107714092,0.033396825397663435,5715.121437216869,47596.804070572995,-76.68144045,113,27,120.15903542184356,0.67933285808515,0.09197049810018601,0,0.0603334936897237,0.09724602799160695,8,0.8522891602246937,0,0
中兴,TERM_00265,0,2.2941169664854364,39.80356411012301,44.44749683804651,20.422471450241055,15.546789614007276,39.01486504290091,35.48165350300837,0,7644.49163030975,66856.50456381595,-64.79778502,23,0,0,0.8059770394491691,0.04212719606826919,0,0,0.0065386586024447566,0,0.8964352961001434,0,0
林洋,TERM_00266,0,0.5,40.87004079232135,40.052718253855915,40.14514946524387,41.07900898517057,45.87923446469555,40.81265215205845,0,6908.942608375269,69180.92633055458,-64.59896887,58,17,88.38159373966566,0.7994724126144246,0,0,0.006713414531630567,0.006998965589570069,11,0.9293506524102585,0,0
华为,TERM_00267,0,12.07422299253464,46.77880958362862,46.637454508562925,44.43045641596969,28.856631933708748,41.55723349539568,36.80387239987639,0.05984494305522234,4386.837664953853,41687.428466547324,-84.91544744,219,42,232.27110119722627,0.5259100109657802,0.08081948113445993,0,0.09116800024580346,0.15938051019145916,19,0.8804577420036781,1,1
华为,TERM_00268,0,2.9914010087030514,33.97893029788298,6.355882841397737,24.887527733465515,18.620859026031795,35.79435986896018,25.52045268459647,0.013595263064063941,7726.15161978023,62100.06290862635,-80.59327273,0,0,0,0.8188609107396609,0,0,0.0817847211283925,0.001010168777446939,0,0.8856431046546176,0,0
华为,TERM_00269,0,5.029983500082995,67.19547038148019,36.0134814533067,24.367227366318318,24.411304141537794,38.63649167893171,35.789557974494514,0.0029077856424692475,6382.030088881138,57806.766425447204,-59.90130727,58,27,158.32299435154997,0.652099484671413,0.07461834057579027,0,0.14486344552558383,0.13596669056745864,12,0.8547182107764123,0,0
威胜,TERM_00270,0,5.127625637007302,56.60678014820558,73.14613068412928,40.7825599460257,32.69731100522445,51.82780513911825,35.80439385037998,0.09558518647523928,2070.4882115208547,21029.52871420511,-104.454081,279,49,396.0507232280375,0.32329051890015426,0.10337792057320368,0,0.2099785159099163,0.20337894021416353,28,0.6291837983956383,0,0
威胜,TERM_00271,0,6.770733435997874,88.26074564934733,93.5541270726668,52.16942829512729,51.738131999311456,56.245934254670956,62.03295786159697,0.1345914039330051,1835.153497962509,15994.832193607115,-102.9360828,326,63,409.7560666363598,0.2717239963082743,0.16035137686024745,0,0.2575659376870085,0.17141369409067822,22,0.731178085603483,0,0
鼎信,TERM_00272,1,7.730741730222287,111.49023823478984,102.00204334971085,43.26715410787126,41.64906270639023,71.25921774885403,76.53745344735637,0.13444241093108258,1364.5597515266884,6155.338401208499,-111.0096861,333,78,440.0269898742704,0.21490229401014016,0.15173034368909583,0,0.2566167761226286,0.14206440317490068,33,0.5825012401907907,0,1
华为,TERM_00273,0,6.369156907924907,68.63763252952954,63.07739816015593,39.6197207823189,35.465555156461555,28.77882538340005,21.80343438445822,0.007668690823037699,3227.4028434942597,26962.781336207256,-103.3981172,226,36,251.7198010449529,0.4966300585348592,0.1400673960829353,1,0.1521460563172675,0.12103442299832623,18,0.7206033796743949,0,0
林洋,TERM_00274,0,2.440217461129624,49.30447974362092,99.94831233870343,49.61918434531521,47.61368239391904,36.75941048981216,38.06992068956842,0.11024940011189523,3244.9113059146266,29466.385011896018,-92.08339136,258,45,299.446019408874,0.44263329927121836,0.1359686356154738,1,0.19473229116603166,0.16396510679121098,24,0.6889260015241084,0,0
鼎信,TERM_00275,0,4.872535880374224,72.60232153310837,73.62935334203559,55.86496036483116,57.33812688353181,91.1812129033771,84.42099821159515,0.14519073408043115,2065.6161529651695,22296.60443952189,-101.4760902,272,64,374.2231196934395,0.28419549635189023,0.12403662750817718,0,0.21434740258249346,0.13464829239193446,20,0.635783077726927,0,0
鼎信,TERM_00276,1,6.15700418876327,94.86677024889639,31.863367278690426,48.30312091071474,46.31562575975908,55.514199307110175,50.57305947673892,0.10145779962712131,1460.3612065600155,22108.226385767022,-110.9242193,330,67,319.2486466265177,0.14106823403578408,0.1643035488038679,0,0.22657176077890986,0.12015297900992492,30,0.6830153574656002,0,1
中兴,TERM_00277,0,4.297458009698067,19.262226324317517,47.48107196374456,51.77278375606483,51.41842806872262,56.938005070052014,47.85239273635555,0,5545.363336864561,59183.89898790513,-71.58549006,116,21,77.95708677843768,0.6919364638008968,0.07754728997894801,0,0.07914521314695248,0.040511892591522686,13,0.8600057873899641,0,0
华为,TERM_00278,0,5.888695114211261,21.19412559131389,56.84936696637334,31.127053673939926,21.720585005489887,35.17619765974412,35.09482986825335,0,8382.558965620541,69599.86026627061,-56.31592651,14,10,67.11198799538346,0.8714636904681947,0.03334184288146432,0,0.0426664056039588,0.03593884976165729,3,0.9593207172250886,0,0
林洋,TERM_00279,0,2.6460097975380874,27.874638863721767,46.30778905047288,26.347033859128352,24.25700288121422,35.14770903479434,26.659975295647868,0.009237316024945857,7428.802217215743,58335.4920368614,-85.33759442,36,25,77.26855026565774,0.7180405867775489,0,0,0.05944430190911236,0.06377593807985998,0,0.9234301897493473,0,0
华为,TERM_00280,1,12.993354683026272,77.08755804876512,97.3523587182991,67.1649488833452,64.6117738097224,74.85134912843576,74.56227827613415,0.1791131252658117,0,4017.5524203094997,-113.9240946,376,68,530.1808673670197,0.2635574501521669,0.2604070241571261,0,0.16879075772145496,0.19359535306978112,46,0.533129707411526,1,1
鼎信,TERM_00281,1,8.600503513390263,93.58950599900963,109.35605621111853,55.34473144151293,55.96419789236917,70.78902034573815,65.53675773795229,0.11712292494291202,0,0,-115.1365986,435,84,466.50666074927204,0.12249817611615288,0.21604517875931895,1,0.24733627359081706,0.1859283781976535,38,0.6152629487744687,1,1
林洋,TERM_00282,0,5.0013476419702645,30.387537361851,82.30385537265954,28.830352139073096,18.040373955601975,39.15840816307279,34.05493043320682,0.02305555606267835,7020.658605992927,61996.38962414724,-62.04106233,91,23,74.03401450297311,0.7566978465602677,0.08429609426161036,1,0.06954954024766563,0.04692758888342666,5,0.8448718962356011,0,0
中兴,TERM_00283,1,7.919507178357309,96.82092265724027,80.21581391945416,55.49870612493488,55.866757601163165,68.14539823882167,54.19746453165127,0.19468843673888644,13.664463836662776,0,-119.6243403,356,84,491.3201665953434,0.17610085992309776,0.1710490776692275,0,0.2053438785653962,0.1789182876932045,37,0.6213416212091538,0,1
威胜,TERM_00284,0,10.752609739739558,85.59074015582476,93.94428313296325,38.00646907034775,28.610649343165214,63.17843392066386,58.53754610422984,0.11178181229527623,3196.9006934463323,22067.275360025673,-84.3004814,317,56,341.7008724879376,0.5077828559218467,0.11663695457021292,0,0.1631830006268022,0.1487106799037815,35,0.7243061595146828,1,1
威胜,TERM_00285,1,9.196351598141135,68.10008502893703,122.30873493001306,62.65678698115721,69.3600034370726,61.714196069560515,49.83914923149362,0.1502530055325254,62.480213867017085,8528.158698801468,-113.3051809,379,77,522.9102510383395,0.1095616936505083,0.17687356313522545,0,0.26921572367060265,0.2006625068582908,27,0.6010924295197416,1,1
华为,TERM_00286,1,8.858119530420867,89.41231215756153,110.83252293787373,59.038122745923694,49.595762912574074,64.38106794905563,59.75063459855777,0.14376278324705996,0,0,-121.8565324,363,86,490.01626756859145,0.041153798333594824,0.2558884030633969,0,0.28003775884040166,0.18857044355718208,40,0.6738339149821222,1,1
华为,TERM_00287,0,1.1133301657462449,26.81504129247944,38.69541403523816,24.89594242110699,14.062073456588736,29.030609751923336,35.66921933134347,0.05455446635629189,7164.933769125973,72611.40223496621,-71.97917011,47,12,80.73355339467034,0.8387541753992724,0.030037128241069286,0,0,0.014300721923722896,3,0.8402977597680147,0,0
林洋,TERM_00288,0,4.017388894474151,39.912475562857836,33.516672714921555,29.417921260197772,22.965395457503917,31.356070916639002,18.01874944193664,0.05584404515838738,5876.842106711574,48252.30115666024,-81.57629592,55,30,92.6769425690841,0.615356698875495,0.06144738343559166,0,0.05515423613477077,0.10088805061299544,7,0.8093975133091412,0,0
华为,TERM_00289,0,7.493402668914263,66.40548769846377,70.54102724231923,39.46521914444176,39.70704357261888,76.8196086337571,70.93817608352505,0.15888139109969449,2843.6373854450626,21338.98855331362,-95.10730807,291,56,346.0572948593438,0.29073073259340687,0.19561482724084822,0,0.2084224768814887,0.1488654769779239,23,0.7290097301867241,0,0
华为,TERM_00290,1,9.753369256774432,75.06295523413722,115.500112651222,72.57693161072608,69.35216996800155,60.8239260439608,52.01093959915995,0.20842572077244967,0,5856.772118665091,-114.0142645,438,78,493.9643293655563,0.2165158274639318,0.18858851340902524,1,0.19869179920424573,0.22091077385417895,25,0.7067302916026108,1,1
威胜,TERM_00291,0,6.905460296973781,100.21447022983509,106.28132279986517,55.357464237414796,58.754973450160755,74.18256469404153,62.94065490756958,0.13619796001931242,1714.7591782725035,19366.938946876337,-108.2281325,308,54,392.0507700401802,0.33631346178547555,0.17062445461416048,0,0.20830557255576307,0.14789225391195104,32,0.6109649808040518,0,0
林洋,TERM_00292,0,4.120119068166636,79.2125299631219,110.03186687447122,35.579194013435604,29.0767111853099,46.9422655961106,37.19481673172634,0.0708854485247409,4768.579005976933,41286.285183958105,-84.23927265,177,35,240.4331928454576,0.5977209119531623,0.05994641225028277,1,0.07762452204288237,0.09702235607407288,4,0.7917311141463526,0,0
威胜,TERM_00293,1,9.727261968736572,96.8774433006132,72.58600582690043,48.76865875049109,41.31882398812841,74.7418108346103,78.56674807079796,0.7807149277521096,414.399606912453,3481.5794345479394,-121.4816536,412,70,536.3947892640491,0.14634291548724415,0.4248352022614686,1,0.21025731701702377,0.17369912553469732,32,0.2798038601683451,1,1
林洋,TERM_00294,0,3.6190863053832176,69.0386757280537,121.23029028644305,54.12255799431288,45.45028054028873,55.0144049745185,60.43332099757029,0.07314139361423627,3616.283218823539,39372.204543381915,-88.26415321,194,33,273.33615403745904,0.3444091110147352,0.10025228227509238,1,0.17003638734393514,0.16546070598177615,18,0.795469897901486,0,0
中兴,TERM_00295,0,5.341461969972487,53.27432285131236,56.134353659174074,45.229166046953424,37.597629868578885,32.74149962668283,21.463430018145537,0.0766295187934297,4521.564366762092,32350.88226845582,-90.28015684,147,30,241.316070560284,0.47749579558036703,0.09533557953327593,0,0.15350078020249752,0.06803055799049974,14,0.8242071189488861,0,0
华为,TERM_00296,0,0.5444180240174425,41.53172458576604,43.28745426740185,24.0084616271863,12.022390397563345,38.7863133393333,36.19176862706476,0,6602.066064653387,54882.15127928507,-61.65060931,37,15,48.5019607730513,0.9259143055146819,0,0,0.09388902682864955,0.007739278971883291,0,0.8790604086812265,0,0
华为,TERM_00297,0,5.154624030310956,1.5126826772904565,72.46604533281143,20.10402788548894,11.859921067729962,50.13718073629294,39.623220854955456,0.02495751152993161,6219.226536532134,42718.35809725762,-71.12201388,100,20,137.92813925302244,0.6519049506062572,0.061578450178053176,0,0.19893702445726505,0.06873470166042699,14,0.8579298450554897,0,0
林洋,TERM_00298,1,7.3739935762105375,87.15445406377367,117.81308427223797,71.67852903735115,60.62611608764161,59.056375458386974,49.98643314204259,0.16801938508516429,784.5623392419819,0,-112.7972317,390,80,510.28432426631747,0.06786459111706016,0.19051638507762741,1,0.2336567484597462,0.15781939155548458,25,0.6154198833971294,0,1
鼎信,TERM_00299,0,4.79766413617512,21.849803257779683,67.4155708415979,23.046937231784735,21.641787428395254,63.43675167223055,46.141361355023385,0.04702004788947023,7081.440139708448,56480.336348804216,-71.23985971,61,19,122.81929531654173,0.7654995989963745,0.03434746536700645,1,0.05726580863431555,0.08921726898831184,1,0.9499618080310608,0,0
华为,TERM_00300,0,5.212066748913935,51.0616603047602,90.05269305146506,31.127564004604054,33.528536600800074,57.55910189390907,65.35007270070325,0.06393007137664901,4699.3153988082295,43528.4687349406,-89.84656872,130,34,248.5019540002013,0.6161700564691259,0.04208852496268634,0,0.17197018891707108,0.05195255409809881,12,0.7989786637386604,0,0
中兴,TERM_00301,0,2.8933095373822537,68.21771210647336,55.36578816987965,37.794617435520266,33.902815709966866,59.12384375353597,60.713755155258134,0.08622339353227615,4757.652112638366,43710.45853485747,-84.15650615,138,32,209.85766176358646,0.5196479662888377,0.1182042007350652,0,0.17507934298192207,0.0947139109589441,15,0.8586577037693282,0,0
华为,TERM_00302,0,9.114859504625691,78.36122155252247,119.03521461669683,56.18720795413669,47.81771021209049,73.30957142665324,64.39946188370425,0.17133611624315168,1581.0878855606118,16967.343285188603,-107.2713693,297,64,379.4978975773258,0.2220387578820988,0.11233115671430219,0,0.23430850174516785,0.15682324674836576,31,0.6568897427011668,1,1
鼎信,TERM_00303,0,9.808373389969503,78.54351230709887,87.35401884191373,55.194306657984114,53.915685791047764,43.63506052068979,40.34409632780873,0.1263333664680455,1146.3798859194762,10945.99414955447,-114.4252756,385,81,401.4501707347921,0,0.13474245175619445,1,0.21557939237503287,0.1934666645339102,33,0.6372157487571393,1,1
威胜,TERM_00304,0,8.852040110383182,63.45138888787747,90.9700063730631,29.759525805428247,24.563227386052002,74.29886993513612,66.89897997508646,0.09594485238342618,684.7307122755687,1209.2821169440804,-130,402,75,484.70820285188915,0.15718695016226836,0.17805564503200016,0,0.26236258047982197,0.1617904089350201,42,0.6210930906722362,1,1
中兴,TERM_00305,0,4.130410324157068,56.54342707002378,49.80561131277255,43.81562234958047,43.88986099031588,76.85207755492648,77.52779040114177,0.10518132642154374,3022.597952495495,34241.410814218645,-87.79472514,220,25,261.94384654089896,0.5434209592212139,0.15453067626788736,0,0.1264426183032126,0.12591063414794035,21,0.7502155633001586,0,0
鼎信,TERM_00306,0,1.8177043428126747,33.31262698772939,10.006518340611585,29.225490870014564,19.49835154929286,44.20836850925275,37.160832387324994,0.032544577480120816,7641.649257460846,63602.58714007663,-45,44,2,59.930027082327825,0.8576155862521921,0.026864470569637262,0,0.01376434716268497,0.0024725582171782334,3,0.9303031486087666,0,0
威胜,TERM_00307,1,8.070490667194084,75.661092907484,92.92868543156233,51.88726146957527,42.50724701855676,66.51075263686074,60.34210478966125,0.16934571335851556,0,5227.058628791956,-111.0548076,376,84,461.6559099889995,0.2852816370037974,0.20450783355691865,0,0.25566862056087836,0.16529014420615204,32,0.61033191070795,1,1
威胜,TERM_00308,1,11.561640956295005,58.99781888069919,116.08099317074874,93.77527972305792,70.5711717076939,58.370771060460896,49.398451727316534,0.40108505677132505,48.47760488322296,1665.4232433845398,-120.7942818,388,82,511.5854262348304,0.05309580307854493,0.5291245346078127,1,0.3297633773334001,0.1907709739686335,37,0.5236942661808331,1,1
中兴,TERM_00309,0,4.654346627621328,55.464914572313184,38.261856612315626,27.77114546198388,22.669811046295727,23.557113664886362,22.180471739056024,0,7988.830528638049,73573.38010182606,-59.49797051,40,0,0,0.8453949807199928,0.003270230053898801,0,0.022879050104457836,0.02033987872189228,0,0.9292511559990945,0,0
华为,TERM_00310,0,4.877902221412974,56.07744492278949,53.9534221204672,41.49295174106753,41.127335238372055,37.205557156385815,45.461527283170206,0.08004780716962534,5046.478536961988,51331.466355019904,-85.39431616,196,31,241.92337780518142,0.4915028388198438,0.12627984849555213,0,0.12993214201586661,0.09142162808540251,14,0.8791883285730124,0,0
威胜,TERM_00311,0,9.60406827295312,77.74699989533185,86.69618074632557,46.78478117693697,37.49216070981464,61.530989845594135,54.825435518171325,0.1379895942092285,1453.5056385733972,9265.22002255492,-114.2755812,359,56,452.95758346013355,0.14617277225701097,0.21400640268476867,0,0.15889123918181366,0.1654085250409333,47,0.5539744077528227,1,1
林洋,TERM_00312,0,3.3244389776234087,50.37798342710484,33.07547936343754,27.666982413058474,24.835245733854688,29.075188354477678,22.30080912925286,0.018310796676634395,7117.201666983943,55470.2280420608,-73.74484787,54,17,39.964541289507046,0.8342332302858027,0.07778208075299697,0,0.02369312361002049,0.0853976692148499,13,0.8901920913691581,0,0
威胜,TERM_00313,0,6.600052562470345,81.88222446204739,94.2303609652461,56.98803043844996,54.72046683383863,63.36027883135228,58.2094352460771,0.17292232079011627,1894.3440346244072,2583.9380242513244,-117.6357246,311,75,437.62464442504563,0.19503562971326863,0.19216547075075627,0,0.2323633159296572,0.1827201142832761,26,0.623135834295673,0,0
中兴,TERM_00314,0,1.9358611451502485,40.54340526662757,9.673288135638927,19.666288596747012,6.980682483275668,37.320850940345096,33.882104904097865,0.010829149308071105,8059.352577903762,65453.033022545744,-48.0521012,10,1,71.1012333046183,1,0.031282261886615544,0,0.05092366381227978,0.028773206775393436,4,0.9635228272558686,0,0
威胜,TERM_00315,0,2.59187620194435,52.05147949542551,21.043639091274585,34.76275217891104,29.745646423236128,24.479602590156574,17.685739959700726,0.07364278403525105,6674.78475016343,62478.123520942434,-61.42487969,90,14,121.04099579161014,0.7671336052597497,0.01129708867287884,1,0.14959012309227906,0.08656264715381126,9,0.9087290674787984,0,0
华为,TERM_00316,0,6.902557627663621,43.95538025718159,62.68354253568282,41.72740888573534,26.646449770622688,48.88569879879966,41.53213065665386,0.12249294492997258,2987.7809821045903,29849.30092540497,-95.88976451,317,42,401.3204829165979,0.3379766317975598,0.11371722741143968,1,0.12349576194955926,0.08995401132074636,19,0.74192764813077,0,0
林洋,TERM_00317,0,3.7367379710207356,27.56732611675357,42.4389205706795,18.208351516652662,20.55761845949055,29.5432061704675,25.03835101844225,0,7489.007341403331,70984.1139782241,-48.03497116,6,5,14.363621491671438,0.8129634768694549,0.00030327018963385854,0,0.037603285116701156,0.0840783359961923,11,0.8460389388950178,0,0
林洋,TERM_00318,0,7.859834688527397,109.29059254783337,100.42309706165005,50.9040617059585,39.31605451352136,60.63303149291224,45.126619979538575,0.11021465512963785,1131.4549147349617,8995.935811525322,-119.1365607,356,61,475.28215780267413,0.3086346698703087,0.18520382073777134,0,0.2111482398944557,0.132684314577352,31,0.5315494515815029,0,0
鼎信,TERM_00319,0,3.609910059440315,29.740469446504363,90.56497630709102,30.515951636448406,24.571489755101336,47.539265679132015,39.254860022558326,0.020974102512573888,4490.782520733843,49376.616383629575,-80.69713879,154,36,167.28757728741184,0.635140642629222,0.10691853885188632,0,0.11906819619944645,0.12050879388772602,20,0.6931917586723539,0,0
林洋,TERM_00320,0,4.940647015570449,40.23533071836391,65.9936637306899,38.81776187898989,33.79325449433752,53.76329743350097,36.757338442508406,0.09299974033249914,3630.836632434208,27683.82274146667,-90.44620385,248,46,262.6098561597856,0.6040654646101515,0.09995937864388453,0,0.11868693301206874,0.059687826774736774,15,0.7680535736259343,0,0
华为,TERM_00321,0,2.13685631312365,8.99564765380387,4.406392871461371,19.227503137000348,9.416827858086009,31.38391905184246,23.42788802001041,0.015450560640905244,8045.482459112253,74177.62699462788,-68.57540489,22,12,0,0.8912329597983906,0,0,0,0.02128900031858718,7,0.8615526302602939,0,0
林洋,TERM_00322,0,1.0420109759415308,36.22226586597228,16.55993417403404,19.789411419634057,24.03543483197967,96.824725463867,19.018837278319193,0.7823590157012759,20.82385961273321,69580.982550181,-122.0099768,16,5,462.6672443994077,0.868516036169647,0.6599756754005945,0,0.747057046527621,0.008823607839596046,9,0.8182537805737168,0,0
华为,TERM_00323,0,4.690250234468571,45.520787078423965,22.732460837214063,39.538498605141285,31.08002448875976,45.42136543349602,44.18325542227702,0.07036248354964025,5679.751354695665,42041.33158969814,-61.6337418,102,22,132.6543007047384,0.7642680601603229,0.04773397804341621,0,0.06711772290069339,0.12047444375563882,6,0.7977382964786416,0,0
华为,TERM_00324,0,7.229018264332074,43.917887453721654,120.40848861535005,62.28128145436274,55.932315553326355,75.90020268985776,66.48891641944256,0.5598928086030979,23.26415453382597,19222.7209489778,-91.94353255,282,65,486.81688772589456,0.3246294372832145,0.13089788084742215,0,0.7105828163878636,0.17929950003150497,25,0.27577374951429434,0,0
中兴,TERM_00325,0,5.497624837131717,38.96209325653224,57.81569122944028,17.658269257408136,9.210777706373356,27.3693913333756,20.176315515690973,0.023834018684207273,6237.241013624968,50140.007602201076,-66.92104323,107,24,63.52887676366791,0.7706810366182575,0.07495434635374995,0,0.07622824742891553,0.04699140904249645,7,0.8766537953456243,0,0
华为,TERM_00326,0,8.202815178527947,66.61883193471039,94.1090132416521,60.63429485505969,52.14433675236835,71.51563626639611,53.628535328441714,0.04748201726412268,2367.86158177247,22653.34279059807,-103.5475577,284,50,355.8380150381271,0.29160596087844853,0.13411728826616348,1,0.1873650297561309,0.16554300603643646,34,0.6983772043076435,1,1
鼎信,TERM_00327,0,1.1049150535724468,19.87251531975329,10.768239432447654,26.285239595646395,20.74033343881693,19.441683727549623,20.576056748400696,0.7746719818997336,6.754982983936852,69542.97525821034,-117.8715399,594,3,544.7921708479669,0.9519232482952331,0.024719376932961723,0,0,0.0324576514347162,9,0.17698094737054829,0,0
中兴,TERM_00328,0,5.368414594186432,32.38764726498477,29.395299225248152,27.108484744646713,25.623760752597004,51.08981345757848,39.571414137968766,0.14360834771016484,4679.085323629901,40511.11668003815,-80.13439634,150,32,149.62398274865512,0.6089966919091752,0.09412633717361432,0,0.04467853758479824,0.1051909754166816,11,0.8662851828477278,0,0
林洋,TERM_00329,0,5.617655991436958,84.07154409362975,65.08370510926171,50.98816935924297,46.78882512304598,74.91996333516066,67.02393810350878,0.13161988973948865,1647.8326545973266,13719.853523666417,-113.7921053,355,73,432.37938710695596,0.18304962139189485,0.1758167900827488,1,0.20385794410501,0.16542178086844103,28,0.6411034821143167,0,0
中兴,TERM_00330,0,5.019237005481749,58.80249416875991,55.89839426290248,35.440828251503525,26.64818475793056,33.28776645573525,32.95634824662439,0.062126801010234246,4450.785788651973,51499.53598661293,-68.74265822,120,25,153.608510863955,0.8088204123314858,0.07173816420189634,1,0.19457183181709015,0.05843382105633886,13,0.8722200419498968,0,0
华为,TERM_00331,0,6.81707513288224,75.61046285194081,68.15967284583793,44.039841054237975,39.00838207898765,71.1275827620654,70.81864264152684,0.13996039225550072,1583.2201079672159,2392.553720865777,-129.2687803,353,81,513.1277092339633,0.13043177999348862,0.1914866257845929,1,0.19771302717685243,0.12262209634067997,25,0.6063023862657293,0,0
中兴,TERM_00332,0,5.855226131018632,57.647729140236336,81.36823123768424,55.240084195917404,43.405057803942995,55.97978950333488,44.31493776080161,0.1464446874831086,1180.232250515146,11526.761416151425,-114.2805033,387,66,429.8097925042302,0.11809015656993714,0.2514492830866106,1,0.21267546623546799,0.1713681905987001,38,0.6156703738647225,0,0
林洋,TERM_00333,0,2.991629484910081,22.121502337328973,17.702480392554573,28.014775247280504,28.931081844400108,50.03726583605501,48.19894315026093,0.01864940250456818,7848.498316116231,62439.15287237003,-61.71717375,78,25,65.26026204495477,0.9147861176820743,0.07601226373280542,1,0.10476434828880819,0.041179093659415335,0,0.888090885977335,0,0
华为,TERM_00334,0,2.2442572666189307,80.9988937822851,71.27080138636833,42.419083780564286,34.8892633256703,43.82648171647938,31.934109947223575,0.1278448481191999,2756.039256724242,25216.924943400525,-96.98527374,258,53,357.09594375528565,0.3868169144231991,0.1764958435279093,1,0.21422624598267756,0.11766210449011323,26,0.6999083246924794,0,0
华为,TERM_00335,0,4.570394291061321,74.31455075986946,85.1425726624899,42.806874940307296,35.54456588313227,56.39027212226513,52.78413239143905,0.10808749432562048,1149.4544841135023,9390.27152113514,-116.03754,329,74,431.6715364620501,0.15405492617013578,0.1903205740225144,1,0.23749065202088984,0.17363784930954682,38,0.6798399665157719,0,0
林洋,TERM_00336,0,3.8713252500402016,22.475001465783233,52.86025932092918,35.839568915776724,21.108824611204064,48.78291629077648,39.077373174952854,0.03794720846239014,4863.944167205021,51427.52470522625,-79.51733903,127,26,185.874625225434,0.6086834916092204,0.13487118514740962,0,0.11322907228670002,0.11754921324657241,15,0.8572962472534567,0,0
华为,TERM_00337,0,2.2664238340681737,33.11418988180965,56.21577545854245,38.61774465941413,31.08425917521725,42.947511447839275,31.856836230151448,0,7897.365276151853,64266.421816076225,-55.79821613,34,4,38.14389570316571,0.9344791492130953,0.053300084207320464,0,0,0.026958867636621857,0,0.9721389887614701,0,0
华为,TERM_00338,0,1.8816367005724803,46.31239552275527,37.44020109891262,17.19824295373532,20.609854018495334,38.468255683278976,33.679748227669684,0.019188562138259067,7937.238768848387,60994.583581558116,-61.75484634,44,0,0,0.8588222001932908,0.07487956222933369,0,0,0.010911383578700053,0,0.9401134586812823,0,0
威胜,TERM_00339,0,0.5,27.034595539511724,21.25050090427725,18.351846493984883,16.40945196250551,43.31858762860043,33.97749944250966,0,6919.028842580166,59825.64816085234,-62.73716287,40,18,54.53140529805624,0.8859154869336968,0.0801884131929616,0,0.014547008978980466,0.06501265220319524,4,0.858705304821513,0,0
林洋,TERM_00340,1,6.374254861497483,61.259217721837175,91.94600816795068,55.736667375183124,56.28165297080148,62.180873903001014,69.29235585067013,0.18426825292283677,710.3889090104065,5787.214536224033,-109.0163347,355,70,446.98419195270395,0.1526608578850022,0.21113040874826924,0,0.21940743330816,0.19460953525356725,32,0.76112987564371,0,1
威胜,TERM_00341,1,8.456106400294034,83.70761997981619,71.29228566581374,71.68643637684823,67.2694903550096,58.326473394086136,49.61981369740357,0.1340219379864044,0,1263.5163176771198,-113.9360601,444,80,471.61333200457784,0.1828740509907118,0.21475171508283564,0,0.29347704244378925,0.20179245323162287,48,0.5409552264193052,1,1
华为,TERM_00342,0,11.875499158433083,23.0396372675162,23.900252115682463,7.218794205507637,3,50.02940386403277,37.877664944162326,0,7608.203748904162,71166.24629299762,-51.56778279,38,2,17.783220686066265,0.8665255512071715,0.014973343609576934,0,0.033703915923688675,0.009108018071017257,0,0.9522831000192796,1,1
鼎信,TERM_00343,0,7.295402287528695,69.91789830365454,100.34426872766338,61.62350614298224,56.97151651117328,71.019447491114,60.62629845846826,0.10006442960760109,577.6837347121912,2615.7677453228016,-125.7785341,299,67,481.3118658161548,0.13902639922450902,0.2403926522686192,0,0.19960211585423862,0.14178837595332214,29,0.7895668401894352,0,0
中兴,TERM_00344,0,7.294266201957614,70.27243132376273,77.90415472886683,98.86900773936398,35.965369474369204,98.7842170959177,45.77928957408693,0.6610940843810349,1.0917238164412701,25390.700310920336,-90.11767577,267,29,348.1184946121621,0.5097050164647112,0.6282765464538549,0,0.14926913858988644,0.13407081472562482,16,0.24113538966601308,0,0
华为,TERM_00345,0,2.6967913594752098,7.562867893177184,21.257666282064495,17.593705424381987,17.0719011301973,19.049868957508934,14.721774896637667,0.031920217105405976,7297.018735038622,75678.4279482704,-62.81579768,3,11,0,0.9098606140221486,0,0,0.08867192639260046,0.03404961659346403,0,0.909111802424936,0,0
林洋,TERM_00346,0,2.949515915752087,44.54257471407344,35.45222638524127,25.7233288876661,20.53962735983653,59.31081099120898,56.16794148860136,0.06893413992789027,5538.344146826578,48199.783122300876,-61.5006515,125,30,92.09738410661633,0.6788637156068589,0.095542862985245,0,0.11102866565414053,0.060611385111652816,15,0.8901270650832589,0,0
华为,TERM_00347,0,2.3669056987024,25.76452115448919,42.862050677439846,23.259289257856217,14.400334212844042,52.23821986481365,52.70727378612483,0.0037085158147059614,7847.024602275651,64428.59610139654,-63.60646388,80,0,72.74438331390961,0.8929253040649622,0.04009959496771905,0,0.08558171791779713,0.04830722252422427,0,0.913808985554751,0,0
鼎信,TERM_00348,0,0.5,30.310910353947605,41.39373459505415,12.762803254927316,7.266800759080001,33.361899660484504,18.336473055378214,0,8480.06797792188,68150.40644817257,-57.5651897,21,0,0,0.8419306526095729,0,0,0.014008559334191824,0.050802652902816284,3,0.9038175317389348,0,0
林洋,TERM_00349,0,7.319576388085766,83.7401191955987,68.34531603070411,52.206679805673666,45.49537848114156,60.37095051608414,61.11392515741855,0.11725810504157597,1551.678580354117,8020.032203001278,-102.2339501,373,72,475.05460039998985,0.2116855524397992,0.15803452871365603,0,0.15389766571171776,0.15396601246771954,26,0.6411338388471838,0,0
中兴,TERM_00350,0,4.094875149381192,22.031073738551584,61.6554360098493,5,3,34.89626093261028,24.412840148634103,0.03695595258993366,8366.010014090436,63147.161241120455,-49.95419845,6,7,13.585901225455924,1,0.03592701932086214,0,0.07180738302312095,0.04546920326626849,8,0.9069705556226638,0,0
华为,TERM_00351,0,4.771459650506853,28.298140836629088,67.58674373018178,17.752197647120216,12.267345058777005,43.0626844742833,40.47260201660112,0.05417109293370416,5803.391393803169,40907.53208437569,-75.78588843,151,23,160.56411672346715,0.6547194806893133,0.07726550774670315,1,0.10684018608005906,0.06930436363488005,8,0.8375590019689338,0,0
华为,TERM_00352,0,5.269591360480131,34.13160455424926,22.946321269015915,30.47096633011499,20.520271871393835,49.5004038126221,54.82702839224131,0.023798043996309373,6782.116293741306,62067.118063063885,-77.05110484,45,29,76.61394955289603,0.6479449773770819,0.014177781364866207,0,0.11147442617808326,0.08379360530648113,6,0.8840725343370732,0,0
威胜,TERM_00353,0,13.915831663702063,18.011642069651717,54.42393384006807,31.19195951142322,29.026458604117195,24.57878094401167,14.789207694576906,0,7978.634099630468,69496.13910368472,-70.88702878,39,0,0,0.9438804360727535,0.014612661870413489,0,0.03938153859129996,0.05724013555871382,8,0.9754050229366206,1,1
林洋,TERM_00354,0,6.256839209052507,33.04842385819296,80.74725091696818,60.75656312968369,52.06227562313772,42.21714321977136,32.17907974271424,0.04652455460839725,5356.798241874358,40733.42264059888,-87.62121054,156,33,157.28179561602474,0.46845871932737293,0.11720740469531836,1,0.2088442296798671,0.08898014230617342,11,0.8645513310488273,0,0
华为,TERM_00355,0,2.3671129086240077,30.058173263062727,78.70445036183983,31.776890915892835,25.196907691476277,36.99621990684093,25.850524210265515,0.025586206014920065,7434.806189229764,62840.50235996789,-59.5501974,47,15,71.66593940068645,0.7245791221829218,0,0,0.016414290881439295,0.03963523131447848,6,0.8752553999275686,0,0
中兴,TERM_00356,0,4.511153579784289,29.00362292001837,82.12373511333624,17.907593748999755,10.588003547390453,97.5283302526762,32.32800496787784,0.057312754096397495,8553.66266771993,64625.17117522194,-118.1638822,8,11,0,0.8599938615577127,0.6239838203265576,0,0.7027002718805796,0.022401785045784953,6,0.9502880159819241,0,0
鼎信,TERM_00357,0,7.348135815268733,77.70130259418681,59.16313289886472,40.0037544597084,36.18986927987902,75.05249669727309,77.64476854318912,0.14115272410188637,1071.3288619404507,15214.93829935145,-120.7885776,368,80,469.7882912120125,0.18024362618545195,0.1823740871805693,0,0.21995876100773892,0.1496768356210567,38,0.6227301464652721,0,0
林洋,TERM_00358,1,8.732145818455257,100.13869063969284,102.85522306540523,62.12678982758551,50.27037537629415,71.19238176680226,59.506560259013064,0.13223213724647986,61.38240692018195,7692.642680038123,-119.5765302,341,78,530.9255222233116,0.15888435699543138,0.20998016725584773,0,0.22614711924883818,0.20195305103334046,35,0.6575350526058804,1,1
威胜,TERM_00359,1,9.888289640551013,90.17519407254838,95.41667864949054,46.217270390076614,41.37781161923299,85.62883417735678,77.66631382618739,0.1299951406409654,830.4238549054871,0,-102.7500619,420,79,528.0997241838143,0.31980111730384964,0.18400807019413187,0,0.2303017693410817,0.19210264228585874,32,0.5678556044574875,1,1
威胜,TERM_00360,1,7.675805100916736,70.34490137465345,93.27205412323745,53.31555734889027,53.717752673067515,59.885888980673826,60.74032264932647,0.20026225247752472,510.80702219491377,0,-110.6741794,390,78,454.26808355348453,0.11130950571797757,0.18735761548777924,1,0.24482222334140608,0.1763145717576516,33,0.6009485540302696,0,1
华为,TERM_00361,0,2.344130984016342,40.25396412187285,43.64366826593957,27.19853578075829,22.677392859035507,49.71288398122458,48.45659188848417,0.03512789979352785,7666.95961023576,71559.64619928003,-45,0,0,0,0.8516043134736173,0.038827777786637235,0,0.017751454292067592,0,2,0.8575827174181134,0,0
华为,TERM_00362,0,9.223115059874248,93.21938472812315,57.05488502611025,57.619106306535485,49.28195820316837,56.31853415638882,48.32024012639458,0.16279046485006538,615.4790098295341,9457.251774849969,-117.824862,351,75,460.25518182664445,0.14339937805842334,0.1771600954857674,0,0.20215557524428784,0.19521270310156946,28,0.676641226151471,1,1
中兴,TERM_00363,0,5.251746159557702,75.29206206587226,29.84388616481396,35.5758198425363,28.747562498292226,51.17926279288145,44.91374633109658,0.11295089855169123,3973.753925733056,32825.258656877275,-85.93286303,223,44,260.55613476044215,0.40334519125438345,0.17656936748464558,0,0.11692023694594705,0.11285485859476499,23,0.8387564244069146,0,0
华为,TERM_00364,0,2.9317357897255385,59.99341017693067,32.94534936465797,25.76929947279362,22.248038405144207,55.86516359117667,56.36028194106117,0.07647351321952557,3949.3829054129783,35797.500231027625,-80.93231641,236,34,266.31962152605985,0.41449409487753464,0.12604145529108715,1,0.15905629668423976,0.12791979627431585,18,0.8574070099587641,0,0
中兴,TERM_00365,0,6.806409110262473,3.5062423899209563,53.98569180957635,32.310604759469896,30.112092267129107,56.064775577333826,60.5553577951027,0.08307787713406978,5770.6774669914785,48691.150552741216,-60.49868217,59,26,86.34955348586703,0.7325513056365847,0.09218358606392767,0,0.13603992724535283,0.02685001599875147,4,0.8990199087443941,0,0
华为,TERM_00366,0,1.6427699987478979,40.44247364681109,48.709182880221064,25.001683958928616,27.521367689759924,33.09005260486273,38.296127068083074,0,7406.042363776586,68995.04356773575,-58.67111613,25,10,31.805039390973732,0.877813930117232,0.03268512999728709,0,0.17452936368740163,0.032574295429444816,0,0.9584760136701022,0,0
林洋,TERM_00367,0,3.4239041164055304,34.74579904979061,47.214655595587345,39.93602708885481,26.80731417723143,45.842141080795685,49.12095039992316,0.08419620658039045,6641.538386766074,59636.5058865338,-74.10791624,131,12,132.13753509553436,0.7792384754353808,0.11197931546300863,0,0.08823496620577884,0.054620788640965354,8,0.9841318535062956,0,0
华为,TERM_00368,0,8.294321435526763,72.19068074239458,103.8662713304896,26.85868754018343,23.17587638343703,55.289958677399724,46.269600562207685,0.12604895373128425,3292.4855627827574,29894.97941253834,-105.7569937,275,57,293.3857443083274,0.4281414399618191,0.12378239119502817,0,0.22253126260758926,0.1342871490213894,23,0.687703427954848,1,1
威胜,TERM_00369,0,5.0533271096926695,74.37655364498215,93.71120129826677,47.386196072319876,43.31315927490264,35.179746022671736,41.09151265488514,0.11711858604236566,3146.2272972078317,27901.479278730287,-98.07216824,275,54,331.9982797372499,0.4207326153818491,0.1045083638748284,1,0.18409986462653566,0.1863956062398115,28,0.7059809495795368,0,0
华为,TERM_00370,0,1.6222635782243864,62.27492025034024,10.259176782695,34.89458248617886,29.560786595292214,41.231023606868646,31.79776462873497,0.01375193739570085,6356.780844392321,53085.073205766435,-66.66680491,79,18,95.59484497801326,0.6382734897511672,0.05120947736956798,0,0.09982922011079516,0.05884937466473028,3,0.9544774815286166,0,0
林洋,TERM_00371,0,7.166560933479787,67.64278626337968,93.80012364889986,48.544399181813695,45.321597043616,50.50277702149745,35.59599417971092,0.14960105722518902,2387.7596457327973,15946.117138810823,-104.6662945,304,75,422.02235652474076,0.23937444316656792,0.15570068185168337,0,0.2026016517653364,0.11165245369110363,32,0.6638530451247466,0,0
鼎信,TERM_00372,0,0.5,16.328005613040226,8.832807694962256,9.58903614017065,3.4413564561194923,49.78191588215728,45.456085096620406,0.05261951678123509,8062.250278612556,64936.92990848685,-70.00591792,44,10,14.46355977579734,0.8335502834190239,0.02648064494040846,1,0.03144825892261125,0.018608450873131708,6,0.8830705489477999,0,0
华为,TERM_00373,0,2.2976945644758553,15.745941771763409,55.57267946460992,17.465376393674497,7.4713078387513585,52.03979273794363,55.89709184612203,0.0058906517479834115,7623.493857835357,57263.5062567346,-52.55238135,47,14,22.954813399585618,0.9129067966152294,0.10121521207086379,0,0.04726844956234032,0,0,0.8314318839697326,0,0
林洋,TERM_00374,0,3.880439678206981,21.601148015968413,35.31023042840159,30.38520036393352,26.452829993575886,35.46516625903196,34.44691456895934,0.025081242643588273,6562.78835940266,43905.29948540012,-82.21193972,110,15,55.345515617613415,0.8154912919013296,0.041656185811711884,0,0.16133596069686426,0.1078470615059991,8,0.8197675031802756,0,0
林洋,TERM_00375,0,3.320507128396163,24.35710618862518,42.418872023049204,27.606895377099892,25.853167875956196,35.168084951021285,29.725821866240533,0.0192518836764878,5542.125544626567,61608.63984518655,-63.36660201,136,19,188.54255117797206,0.6358604814265925,0.06992572395382504,0,0.1645781441231065,0.07915142624067832,17,0.9372561519037698,0,0
林洋,TERM_00376,0,0.5,1,77.79028265685766,26.48011051501951,21.243541055022938,32.25307829359314,29.00125698949577,0.040611214222332576,6830.271537407618,60619.707224943515,-64.16283451,58,13,80.65831984665313,0.7397174156967167,0,0,0.01876292313129721,0.033420810158618294,6,0.909404031977531,0,0
华为,TERM_00377,0,5.777394158708121,42.57132144357834,46.07416213754687,39.4756695736094,39.77238229041315,48.40968936594805,46.60248141296401,0.03939825383496547,6082.6188883972245,53697.568435730216,-55.25193011,100,7,119.77904818781182,0.7278652720132388,0.11837373266878454,0,0.10082747870274887,0.01926338252238243,8,0.8311194868198815,0,0
林洋,TERM_00378,1,8.046547413409218,118.5482339337616,97.74373436770294,56.08032348286537,49.89333784903715,74.72917975751871,70.61458352484807,0.21113677324527325,740.3154049513314,2867.9102910644588,-130,424,77,494.4022131343694,0.08900441564686801,0.12702246350631188,0,0.23553249324300837,0.20192135394504074,39,0.6019218274695872,1,1
鼎信,TERM_00379,0,7.520939211656579,90.13941023579959,60.295472121717516,52.252547216793886,49.555376609801606,88.76340476270808,81.99126064657891,0.04270888571846451,3011.1145325955804,31692.629240512237,-82.15002686,260,40,298.9406573256787,0.44342043454357566,0.12556162073829694,0,0.22544781705376446,0.1526952905759803,18,0.7694340812768019,0,0
林洋,TERM_00380,0,13.319184024231006,71.27600667833016,119.05238586327323,55.681360272665465,42.77264420849275,63.9439685504749,54.49950083714063,0.11200448295137175,121.12938527928054,0,-122.732158,394,74,491.5583760137497,0.26511635322766874,0.14449267202692415,0,0.18385847928965304,0.20247560035019982,31,0.5367635036227261,1,1
林洋,TERM_00381,0,6.008619573944652,78.0851223776874,124.04463048493155,58.23568538826941,64.4478411755741,66.99741566510515,62.67134687692182,0.1346956436283102,88.25952576641794,7503.870533776609,-121.5460977,391,71,388.5378113960357,0.21102499478134173,0.13809787822505742,0,0.27090913516988624,0.19642464125441703,32,0.5946316605899961,0,0
中兴,TERM_00382,0,3.3181637355574876,49.16804351713401,33.09143941080202,25.159116585784492,19.021219989025276,59.651285451883645,53.91598286636987,0.0512861624937235,6252.764657337879,68687.86571743019,-51.65694424,106,15,27.802262001013084,0.7396929503623076,0.02092684239968622,0,0.06753361286808478,0.09045825409911237,13,0.8222781287141917,0,0
华为,TERM_00383,0,1.8018638962901878,27.94989129724612,17.03891241064681,23.755594216754094,16.314662326406197,38.59575529419787,33.617399416443654,0.03152172934910048,7538.062881200701,67976.13513416129,-50.33675861,0,7,0,0.830553825558357,0,0,0,0.06961836748566501,0,1,0,0
林洋,TERM_00384,0,4.238253313394932,68.74151591170886,68.87060942717169,51.00923074128738,44.68047453684816,47.48113369175115,48.757100433505244,0.10598245950327892,2822.3868805393595,31951.79810060675,-110.2091185,354,63,328.36233014248626,0.2511314811129247,0.14822793438256732,0,0.2537149199904556,0.14339105877925992,26,0.710483424631167,0,0
林洋,TERM_00385,0,7.171553936905227,50.762552719141276,61.42137533415726,44.91366970616173,35.16974927827697,55.726445500122686,49.24061897117677,0.0897989136659118,3568.42592911723,36043.50966238116,-85.52589909,207,49,257.6978706042199,0.5494087634690022,0.07075349370691547,0,0.0695467487213641,0.1266622338648331,16,0.7681727365840307,0,0
中兴,TERM_00386,0,1.1321562758507437,38.439407126385106,45.70237400353002,20.463032153903846,9.620449389977415,42.4305958550368,36.18180935976977,0.015082780286342818,8343.55860607589,67979.41238923001,-45,2,0,40.83948799787488,0.9138332529922494,0.053178034338947106,0,0,0.07337611682214581,7,0.9371592983669792,0,0
华为,TERM_00387,0,0.5,18.293624844535223,64.96143588537264,5,3,38.777742490646546,34.91720788728143,0.0702597463607938,6478.032981697203,56832.70221823257,-63.89422088,92,13,20.456269300478326,0.7806299210900417,0.09698456499316666,0,0.025494138399263983,0.026872990345850882,12,0.8220577157385193,0,0
威胜,TERM_00388,0,4.003761040531895,27.347432176974944,24.083108131258143,24.841052974905445,20.411631725572196,43.01994967079981,53.77510004270779,0,7063.215267578338,70553.54455635909,-54.8773918,0,0,0,0.897122163610635,0.06997061248919463,0,0.08248669015774157,0.0346851973592586,0,0.9752312157292378,0,0
中兴,TERM_00389,0,2.199089080460255,36.32192885326306,59.704898762957406,10.607931766110617,6.7273101584551265,97.27821240842961,36.085482876461,0.019006115447631755,40.12105776590224,59428.74638683088,-123.0404727,583,12,88.54791285570435,0.6880973451835048,0.002757231396998877,0,0.04064894222483928,0.018003154197329837,9,0.9860229138439401,0,0
林洋,TERM_00390,1,7.053733896206451,90.24772626009894,81.10769252732743,54.914716140462346,49.7450049260078,65.21412276671013,66.76537880419512,0.1698772832726431,216.80620928619487,0,-116.6766392,378,73,509.76078275825637,0.10905927165515225,0.1754976856344904,1,0.20221712567617606,0.18775282514083994,32,0.571130806321232,0,1
鼎信,TERM_00391,0,1.432421055542986,56.08847328252984,31.08553088809009,14.7400812972156,9.32464128146808,62.65329414049073,55.859334051454184,0.10571525313328767,6284.2483552419035,39408.1046528357,-90.8157152,145,33,172.38518320673765,0.7137588391922882,0.06796856867520398,0,0.13080570215886753,0.12255773657936972,9,0.8730502436284798,0,0
林洋,TERM_00392,0,7.308108077773922,51.96751098257377,35.015996043462096,51.56639796772734,40.55101791394503,42.8949327256747,37.529003607146535,0.05389544918508282,4625.421568465186,41844.805641968895,-83.44580152,189,46,195.96971845832226,0.5451002201677152,0.08395316839041515,1,0.08453448038716119,0.07558601491509981,29,0.7871081831618439,0,0
华为,TERM_00393,0,0.5,13.273189048205621,9.931654989262599,24.076200776181704,16.6393560527815,40.01866923188088,27.145684452748505,0.019817682449117354,7067.810342020058,69683.11989968535,-52.32508056,0,0,0,1,0.04737538125241768,0,0.05268330524103614,0.05603331414946453,0,0.9053678369622152,0,0
中兴,TERM_00394,0,2.846218497252013,30.23735285699008,11.655358409019323,22.450467581372383,18.256840550387892,33.403702448842914,39.686479549732,0.016346556607123308,7203.404316383238,69972.49455528383,-61.43718097,1,12,64.10251163192476,0.8190407548711424,0.05229571793170951,0,0.07240404678632377,0.02453759565444324,6,0.9510244574088713,0,0
华为,TERM_00395,0,11.373695016605136,24.14541442196122,55.67988057160806,47.36664367953211,39.6729378902587,98.62141448229961,28.419622655653875,0.7430029465552507,9.750343627461532,42306.26511892301,-119.0825097,509,46,153.68993846002263,0.7371071003967852,0.5950740431386744,1,0.1282063533318971,0.12505015115603796,13,0.7288119011887667,1,1
中兴,TERM_00396,1,8.292097845278525,95.21848283531043,79.55111910953802,61.98638032743136,58.447223586667484,71.59760071448959,70.5505641832488,0.09281727753885323,856.4269858932782,0,-112.6488025,382,65,451.0302912094093,0.30931699460214523,0.18131575583187498,1,0.15960402205348176,0.2336857690326135,27,0.5487394035888887,1,1
威胜,TERM_00397,0,6.014962601071096,80.90861960818643,119.94579441877707,48.359686523932425,42.68363895828166,78.23587026606938,64.24292078269721,0.09539865140668471,3945.8813262104914,24226.878471354805,-97.99581753,284,68,305.61103852077747,0.28093349758208536,0.14213913466594433,0,0.22701070825918543,0.11594004252773157,19,0.7989557384034506,0,0
林洋,TERM_00398,1,5.127475649970151,76.41715046465586,68.3478754493984,61.02765091459708,55.313049753310196,67.59477348755462,58.74116253968944,0.12530646776004292,258.41540718436346,4613.236679793632,-130,371,70,493.3913666448334,0.09093357457793083,0.18525161410813565,0,0.296895882971463,0.20953749082063697,35,0.5985077659656759,0,1
华为,TERM_00399,0,4.796279829449404,53.37578097856307,86.81999726354104,43.68262198849778,39.718965754148854,43.462474052612265,40.9373320875012,0.0933162793900766,2425.8653408134633,21552.24989338143,-109.0611724,252,50,311.80772880000166,0.32865348472745354,0.11823859393392573,0,0.21501641845223954,0.17361183067374836,17,0.7756096618246053,0,0
华为,TERM_00400,0,2.8687470665034818,17.552601676730276,60.391440604003336,13.996168242653896,11.421883720895085,40.645018848666076,34.67915260747745,0,7551.809250016893,66743.24553558895,-58.87843649,37,14,14.702298224339728,0.6850912652695174,0.004322633725901595,0,0.0819205956145555,0.024632760787467865,0,0.9098751888451415,0,0
中兴,TERM_00401,0,0.890250802535721,19.883127593657505,27.289663728386827,28.16054611689846,26.70065209623714,27.22740737556429,24.90748099438365,0.07239037333569288,8760,72159.63833340592,-49.80331921,13,7,0,0.9276489054279654,0.044673506973641766,0,0.025727658543535356,0.03919122518908731,4,0.8189816707597982,0,0
华为,TERM_00402,0,3.2034508522247633,33.719758763177765,25.85908678834578,25.421655322742374,30.336868114494987,50.77865626969056,58.395756396534686,0,7237.6408069956915,54033.96579361634,-70.95592545,85,13,102.44906889357136,0.8151400951089812,0.011474684853493629,0,0.13202019701193324,0.011090543085611214,7,0.9316009933870524,0,0
中兴,TERM_00403,1,8.658591742370715,109.98543983174459,93.44889211797695,43.50019996674119,42.819109482575485,65.5901861720678,63.61786538598578,0.1557923214468432,414.04364351129044,2407.713159447765,-110.1599701,356,71,473.9751581989698,0.1639052305753835,0.21031306450780596,0,0.18124130535611174,0.25482346731521116,31,0.6396321890632675,1,1
中兴,TERM_00404,0,4.667727556456551,56.6160528988253,37.03784591178448,32.21883658048336,19.81661695536978,24.414220408045125,16.721749826825558,0,6960.465515560237,61692.436671053605,-64.25611824,110,8,140.06236216787016,0.638922932599268,0.06385271108286293,0,0,0.03437026381289357,5,0.8412257514430533,0,0
华为,TERM_00405,0,0.5,34.09484286629473,9.783348799401136,21.253541136342953,10.83423044606101,40.89609129439591,31.987926304238158,0,8760,63979.627472172375,-58.01815563,33,3,45.0494614620912,1,0,1,0.08500858584505165,0.015514460745168978,0,0.9966988319779073,0,0
威胜,TERM_00406,0,10.42503568042746,81.66968691142642,107.81880243873171,67.79900109001242,61.42576713234768,67.01416491259774,57.422089104676964,0.13384223930505013,875.5165617000006,9787.419442164626,-107.1611045,362,68,410.00890819182865,0.06555736236189696,0.18921018683399365,0,0.14796312962520747,0.16991017168101757,42,0.697508539538213,1,1
鼎信,TERM_00407,0,8.130724213210675,64.1903659995998,67.45720699457996,55.34495986062629,46.530374740771755,61.048330369380736,53.48248915027922,0.14692586484817405,960.3164092763005,13541.663857514297,-105.7072576,391,62,423.9979635186993,0.13022787380145345,0.14790155517155032,1,0.2565399568282944,0.1718356958608634,25,0.6217780491049437,1,1
华为,TERM_00408,0,3.8746684368612283,67.09568795390855,76.21217154658333,23.06648091072737,20.018965213135594,35.562538263116224,28.249653104135177,0.021537987552278474,5624.945344293662,42829.41637481129,-68.32433197,77,24,194.36879752056026,0.720595338714398,0.09327548705956032,0,0.04206750718181149,0.08975476427750045,17,0.894630236599774,0,0
中兴,TERM_00409,0,8.71706894898708,75.58428224077345,108.69451743169842,39.56387489957399,37.046836655525496,82.54083106811584,78.25432146636321,0.09535619168313908,1473.5555511939824,10709.005356017846,-102.6700784,402,71,414.07983465780217,0.24757161143447853,0.14886566932321596,0,0.24201160560914,0.1854306911986092,19,0.6645045451917799,1,1
威胜,TERM_00410,0,6.763151253683107,38.39607395866548,35.43942058042565,38.21462066814372,30.797057725460796,37.56864565574634,35.73858639487272,0,7171.975394419061,55668.311848642625,-76.4983134,66,26,113.45798716865275,0.6888662554722393,0.0597236414895892,0,0.04495975676374254,0.02315244463104444,12,0.8825734218634814,0,0
中兴,TERM_00411,0,2.920457456378754,65.32655792107951,97.38385575785229,40.0145915182749,40.96296750920001,61.92911776042098,59.54184150723768,0.08827375552844087,3760.897990734871,32966.32793080791,-94.21406552,217,44,234.48925199039581,0.4939267392804185,0.11088925105840065,0,0.15862105320659853,0.07489294163006867,23,0.7335581142842753,0,0
中兴,TERM_00412,0,2.948276866238104,35.92926418030006,36.84338142665905,95.39345923648162,23.919038160478287,99.85662501308093,33.66271464151356,0.6653716508815227,49.158628040631825,47841.89071931473,-116.3994582,427,17,105.41580428447385,0.7388444747064602,0.6764105741978264,0,0.7383241083259621,0.10953489204132257,3,0.19811452626575557,0,0
鼎信,TERM_00413,1,4.251061549702628,105.15139897604624,119.68392274129491,53.03407224334622,38.974932531068234,75.75071148888449,71.95770501875359,0.18443124343272962,1120.1706856431301,2613.502301896257,-110.9729016,352,72,482.15047396481356,0.21838078562314642,0.1851132399336503,0,0.2098495073291491,0.22929504329410302,31,0.6815250807725194,0,1
中兴,TERM_00414,0,9.5125919573738,75.77715396838782,103.76681874157215,58.356052658471434,46.21166288582722,60.00765906103138,70.22170090870219,0.07327904536312661,2618.129473150791,18460.88815361882,-95.34171678,300,51,373.4322686783615,0.24331046767760317,0.12655774710466478,0,0.25010722057210194,0.10679154006233048,30,0.7244346225252505,1,1
华为,TERM_00415,0,2.980256649075474,39.87150617094616,36.76049988478671,26.655574701948286,27.14177545974577,37.801112088997634,28.466524289341564,0.03633788149722445,7326.170680549625,70786.96014190208,-53.32605059,59,9,29.509420870472503,0.8657295936000481,0.0680909562836497,1,0.046542866836300885,0.044847126278066425,0,0.9720057521278208,0,0
威胜,TERM_00416,0,6.533189453699495,80.28273070300412,73.96934019896048,59.390304582149255,58.73944950914942,53.521536477299534,48.30041795231387,0.16348533503030524,2262.5216919434165,19005.81983673566,-95.64118785,323,65,394.12573713630337,0.3740438969882959,0.13674620165170487,0,0.20303505044351766,0.18213583440613218,29,0.6581558763285059,0,0
华为,TERM_00417,0,1.0557553808626337,19.86965533592267,42.82000225297769,22.212089220035647,19.725348308052254,40.50051921687069,24.788864598174854,0.012940926476328198,7884.743831892563,66176.66730477799,-54.33736579,0,0,19.56399430488107,0.8151481271902365,0.018989963969946864,1,0.07882276537032709,0.08302816260439486,0,0.9730063115068741,0,0
华为,TERM_00418,0,2.297443948359352,60.449467603653936,94.22122755383276,35.78512602031722,30.839824733196842,68.71957759616345,61.42209608274967,0.03496246765553875,3773.1899278508668,29185.947480802824,-94.55943391,192,54,262.3042862044783,0.4463130658203425,0.058427720441728115,0,0.20616214219330564,0.10690599363369477,25,0.7358873183116177,0,0
华为,TERM_00419,0,13.729338260055547,33.92043038826761,43.3594582750899,42.78063845647424,37.26505439319821,32.0832249599345,21.69041973559492,0.05171013556646239,6309.191531126598,56271.59458016668,-64.30454388,68,19,99.02571126228237,0.7255225850547007,0.03757863833677097,0,0.07405802988336449,0.08884363739361732,17,0.9090723548363455,1,1
鼎信,TERM_00420,0,5.7025112948600345,18.46157436174046,52.570294233879736,27.000665985414237,24.68366315255096,35.54009655265504,26.16096066102481,0.03806218088826637,6002.0178780907,50788.76495450178,-71.67080044,144,18,145.50499938827198,0.5683327304935883,0.0846251679149265,1,0.024389953851925862,0.08738135330725502,4,0.7912283996779673,0,0
中兴,TERM_00421,1,6.899202608611361,72.48789482771335,115.50506305013305,65.00682304879868,60.889206261196136,98.19588961176844,86.08130352083185,0.14375110093889978,184.26870255039913,0,-105.2849854,393,73,542.298469221483,0.15194284050815826,0.2078195756596322,0,0.24415192872325378,0.17291959493361106,37,0.54323351005778,0,1
华为,TERM_00422,1,8.508392941968953,99.33841526908797,106.91648151433866,67.66240862269247,69.2010221575734,59.09908270899845,45.98635478554032,0.19404175016714728,15.409258766970424,3731.6053761590765,-106.0816528,334,74,454.64160449209106,0.14837617882129947,0.20854175149777265,0,0.18425691911717,0.1851139108964896,40,0.5535649578719961,1,1
威胜,TERM_00423,1,5.546457626421722,69.92729533528153,130.3221565762392,59.37462389633257,50.968404153861954,63.86316205170686,59.597017197634415,0.1491829666481219,732.0932498700035,4312.978448757177,-111.7747243,460,84,512.3162102723783,0.2332117285287831,0.1960958043001297,0,0.24274692609160187,0.17442125171597936,25,0.6053038432781909,0,1
中兴,TERM_00424,0,2.878384642977429,16.18324286448988,67.25286972761272,12.377982531107905,7.467959840382208,49.96029998235318,49.22229850240604,0.02989615678521522,7938.234824052535,71957.90676326357,-67.3009404,62,0,57.470247215927756,0.8726188143584755,0.03332924330255882,0,0.022997804961828672,0.03659570233358619,7,0.8278202341767149,0,0
威胜,TERM_00425,0,6.426652862433661,62.77692006359086,58.59124968533028,48.01956971596148,47.47124629087183,78.40249671393332,68.77331250700536,0.10719541854323279,2047.9342655729515,16665.247649515073,-118.1084272,306,69,425.9281497317568,0.2661237084274014,0.2138066330130125,0,0.1562545818705839,0.12414004255552057,32,0.6803952803428306,0,0
鼎信,TERM_00426,0,0.8911240573189319,13.539643917022925,17.098056684212175,25.6491383664201,21.471229302045483,10.921883298192192,8,0.002392383438180332,6928.4706090733325,65952.7639850154,-65.89733478,0,0,0,1,0,0,0,0.01450305995426256,4,0.9786267312914985,0,0
威胜,TERM_00427,0,5.90138100912537,76.4934359328552,76.74700877658537,57.883403701678986,56.24920037815055,72.06549688671294,67.73201539289462,0.16134065121205474,1117.5279579913645,15601.306163697811,-108.1285416,332,67,423.5876576360513,0.17640105458871191,0.20804785508338228,1,0.26597096976839735,0.16053347294286782,21,0.5685241389691135,0,0
威胜,TERM_00428,0,4.093690556697286,45.22108613821554,53.50585929433156,48.299359799103506,46.59246884284725,48.707248607847355,46.52400158103761,0.07671900798879588,4150.845445640048,33476.49256778199,-76.69376005,199,37,199.65888877118428,0.4476490103942483,0.0740731415634859,0,0.11547101649377814,0.039216003378854225,20,0.7731104632077181,0,0
中兴,TERM_00429,0,2.670958711604417,1,8.682801218855746,29.763078716224214,22.6388738024071,34.07408509507785,33.11646802473096,0.020834322001972386,7843.281391674667,71150.5252589403,-58.51669696,17,22,0,0.896791325088886,0.03200002764500667,0,0.015218622396423034,0.032174249981604536,0,1,0,0
威胜,TERM_00430,0,0.5,17.808466642891567,4.968168508169988,12.714188473687786,3,46.946947923119716,35.819339517616946,0.04121620744826246,7516.409812896487,66365.0790007701,-60.71976437,0,0,20.7856774933623,0.8774623221376108,0,0,0.05336827767664466,0.041843024057044736,0,0.9250843602401787,0,0
华为,TERM_00431,0,1.4206574345875786,5.807079284240718,30.161004525470105,31.658001347699127,22.91908614910562,31.61350157525579,22.9780177455095,0.059286947417199864,7274.590642944371,72401.02691657412,-54.34659045,45,8,4.545433366309482,0.8905581252635243,0.04592011474404097,0,0.09616725607231008,0,4,0.898662002211662,0,0
林洋,TERM_00432,0,2.4991555494672917,17.000879379545296,28.145485319356766,15.533010979399057,5.114178795211614,33.15511512138853,21.49587725045562,0,7687.643035880197,56411.49280857768,-67.3527463,94,3,57.660546234981,0.791311615043833,0,1,0.02724000952807611,0.036920725100271945,8,0.8984816189240115,0,0
威胜,TERM_00433,0,0.893152994184125,37.42777366095558,34.18847368966934,28.36976985915895,14.089846120843173,34.94465810128514,25.50903287754428,0.007893141038394027,7081.1149957310845,66893.67699466227,-58.74167729,39,20,15.064956303744268,0.7605843816622191,0.006108049793734763,0,0.09666765119238083,0,3,0.9769953876245364,0,0
中兴,TERM_00434,0,5.597512707629775,44.86023550656161,41.60266917979301,45.38848709780946,45.84729391831673,36.773643717454306,27.035026998162405,0.0748009429706343,7174.476239105521,56037.26166308919,-66.72315852,47,8,61.88095707954146,0.854404999485094,0.04370559533795172,1,0.06302579646315691,0.050740194903012945,8,0.839905994628797,0,0
鼎信,TERM_00435,0,2.7160844556103676,23.625927014017748,45.04155725296976,35.80873115692763,21.378616122585978,50.11881490749934,42.060113807473115,0.11635584136042147,4849.0754606225555,49623.72660656257,-81.88333273,185,36,189.75143063330907,0.6321902908103622,0.05625477830074273,0,0.18045867299728446,0.11496572771555194,11,0.8611665942276744,0,0
鼎信,TERM_00436,1,6.591683267474417,108.81477256529314,126.47223656845054,43.07533708017621,47.38263820357253,80.8756913180006,74.36707080315963,0.1327108992804832,0,7078.923241554746,-114.6992638,312,78,421.0739555871776,0.3335260259552305,0.16656485979257038,0,0.27785230146564277,0.1726433169826831,26,0.6447355354244182,0,1
威胜,TERM_00437,0,5.983558670484439,75.94394162676083,75.85074811233099,53.732956358367574,46.09401970031488,71.07313814986631,66.76122510540537,0.1453304946194498,952.5851731166658,8831.824333022341,-106.9524953,341,64,419.4619133123567,0.08999848994024502,0.1799884416991144,0,0.21528062503299406,0.1747122370016738,32,0.6314916625580566,0,0
中兴,TERM_00438,0,7.337126124424424,41.77791811722285,86.19002317811862,54.99474161462044,48.60296503352446,50.2678911436841,40.19475079417183,0.0821217005802258,4897.133696861491,39944.93679601692,-95.74636271,210,38,215.78292326481323,0.708587368698098,0.061648858419574584,0,0.13786333030997958,0.16259358915030223,22,0.7771553727113722,0,0
华为,TERM_00439,0,5.346778408633383,35.99508479012016,70.98569804908176,35.126029279267975,22.55156178388649,55.14884094320853,49.310419650165905,0.07576836758352841,4435.66182883892,35294.28834063001,-80.9270252,214,39,199.26133129210106,0.5877441536731434,0.09936287983455043,0,0.09025509397745528,0.0731739644248991,21,0.8495170383973956,0,0
林洋,TERM_00440,0,5.802892206577248,81.596116977463,82.28048353930686,65.33448704085468,62.25732131056502,73.18067923832793,62.739727257716396,0.1389425261884466,647.7568198957554,17194.214385477277,-128.2094088,342,76,462.0645277975007,0.20711281764804107,0.1872780546905227,0,0.22746515421883123,0.14816704464904984,27,0.5892304098386019,0,0
华为,TERM_00441,0,4.118309800379349,55.07781580844366,15.42052595408695,15.406760690401075,9.102299342967083,43.45738458040738,27.926064734001656,0.06165484574298944,8112.686357639212,64495.71706729765,-62.00952189,104,6,0,0.7507516003394147,0,0,0.01372355511626297,0.03361167258027549,4,0.9434062817237721,0,0
华为,TERM_00442,0,10.900125818353393,1,60.694588116131456,18.81683109889957,14.122319275345063,29.781419263504393,28.02508648727611,0,7738.93591161011,66928.82820822018,-52.13951283,0,26,23.30352512419989,0.8137494257815784,0.034805661414784146,0,0.011563421125752687,0.09997615879717948,2,0.8579211193870443,1,1
威胜,TERM_00443,0,5.429351265129621,24.65386927240401,71.53912825746818,38.564175734586904,29.628557982985573,56.99962669632377,48.02280286648807,0.06135678775914055,3542.9754811706334,41917.03165475894,-79.79243748,240,58,299.7512724897737,0.594894544279924,0.11739838693075587,0,0.18841620629748707,0.11890564584963094,21,0.8206983161100061,0,0
中兴,TERM_00444,0,1.5973186679190496,25.358060165096507,24.674051894070153,36.36754324384214,33.77162210978777,14.469682783051272,8,0.031822982942094236,7199.407725953828,64724.89122248667,-60.43329392,15,6,24.313244169125078,0.6715543874788354,0.03652353827604375,0,0.043313665451025364,0.003684375612980642,1,0.9812049402596199,0,0
林洋,TERM_00445,1,6.716948705612891,96.6859355977769,98.51324475182665,56.49296574334488,47.37337870692438,84.41213844685555,82.77517582770497,0.131404779193154,0,2116.7361730103053,-122.5614057,379,69,445.7454821684608,0,0.1987044161913718,0,0.2587000991453704,0.21310696285442945,38,0.5884186139173566,0,1
中兴,TERM_00446,0,5.856276202817803,59.869065446647134,19.997840788615537,27.247309645646933,22.64114079383364,69.85030341588163,63.34539681024138,0.09675206719184323,3436.669964810261,32269.81302451726,-93.1269881,254,38,356.96269685190634,0.3244326302032503,0.13103990405987015,1,0.13294483312803407,0.1428398990252501,18,0.7429421680631377,0,0
中兴,TERM_00447,0,6.124949432347412,86.60042870022096,67.75869928897957,72.00639413754065,69.31630269201808,72.72572858293236,70.44259694276279,0.1579240302858676,1891.3232057608666,11677.81623183607,-117.3640764,322,65,400.4759286947582,0.33467230283079774,0.178729023834054,0,0.19885493817593292,0.18647896369273823,35,0.6855751484714006,0,0
威胜,TERM_00448,1,10.681497814026846,72.5220027452316,71.04973130752373,61.52883394080685,63.78537917230834,82.20480340614475,79.71499036520888,0.19698570827537837,149.83422068045573,2375.3517708534046,-118.2260784,369,80,428.33823626542164,0.1602770146867529,0.20605253734610648,0,0.23416882427347588,0.22217181002205985,33,0.5347506213442652,1,1
中兴,TERM_00449,0,3.0311260587802544,40.06935177642099,48.450830363016856,44.80439647948485,43.83390119503877,51.37957905156779,39.81347003276149,0.0868081942000384,4118.838573797703,33351.068908085115,-94.81717489,204,34,273.95001310804497,0.42761637164082245,0.11922399039871645,1,0.11405241181184587,0.13613190763512464,19,0.763876971059329,0,0
威胜,TERM_00450,0,8.115126663472847,66.31976986981012,98.63348570702675,32.551079790366785,28.000475392377524,49.725334690745214,50.308229396286364,0.14360590267296028,2561.130946824294,25698.632604100236,-91.83262096,257,48,298.32774325914613,0.35415169744912695,0.18056069591493165,1,0.14464067129653407,0.13046998770281476,26,0.727592070004616,1,1
华为,TERM_00451,0,1.8967868254989835,47.11496656238202,1,22.48721708523965,17.44737696093358,22.83293548448399,8,0.01574375124911321,8705.37276175426,70412.41380719164,-61.42460604,0,0,66.44723297810273,0.9018845791559867,0.06120262948558549,0,0,0.01805617898933828,2,0.8609629681540724,0,0
威胜,TERM_00452,0,3.706535759469561,43.08579341645962,11.723150544797802,28.53882142141608,25.105881684735323,52.419167751650114,45.036170708512664,0.030245146828685267,6911.033711805533,62659.50089610939,-71.18461907,71,1,131.47511446815815,0.8138530137607315,0.05432566617055125,0,0.0208671330866814,0.08296822395126463,0,0.9215063118407362,0,0
华为,TERM_00453,0,8.406246529840965,89.26734177829319,93.52669914497281,46.6466654313652,45.48022601202631,57.57349172598298,49.793195477696614,0.08402505821992451,1673.003238099448,18621.713596127876,-106.8671882,336,70,498.6418365343973,0.13141950978928935,0.15597805548301655,0,0.2160450735340992,0.10136770150929164,32,0.7532169355301581,1,1
威胜,TERM_00454,0,1.1284660371748019,4.756318996108238,37.7265166088403,25.8359148905785,17.114355951792966,31.693111715130815,22.033439231282365,0,7971.119852387054,70486.03148916323,-50.71624474,0,15,0,0.9008108484651414,0.060328962861554904,0,0,0,4,1,0,0
鼎信,TERM_00455,0,4.145593246698491,36.24365072173509,24.831466096752777,12.010469801391432,11.52651647204759,42.19516825501847,44.551540456888176,0.029956627786031243,7168.2176736323145,66588.61330378993,-59.48007799,10,0,114.10805244619249,0.7592269179260174,0.11412683542474374,0,0.12755895924128535,0.027547717716319475,7,0.802886306400623,0,0
林洋,TERM_00456,0,0.5,25.41329875101375,95.48479543699356,25.439590285338188,15.754619140737976,46.19806984737005,43.005557205481374,0.057060561441754344,4167.276294039961,43729.051653096336,-74.38332877,165,26,145.92822616933196,0.627240877197308,0.07866881014198163,0,0.04923289573756199,0.06922260976799292,17,0.8922942687457037,0,0
华为,TERM_00457,0,3.6451044802361054,78.30906280354165,69.717604764532,47.86289095511196,45.14445624490541,53.54407904697317,40.095309139869855,0.080468661955894,4567.771699055375,49963.88743462067,-93.21495141,143,38,242.39763690116672,0.46493575314658764,0.1167435429374142,0,0.11375865658068503,0.12258098174533567,22,0.759483917526515,0,0
鼎信,TERM_00458,1,6.461701744633788,73.04537650874558,118.78953610371494,53.178631937869575,50.88576759074559,51.03096987039736,38.45027872191032,0.20154338389658488,1264.3795731626708,1052.1226699841864,-118.6029334,394,82,497.48843661919705,0.13707981080031525,0.1856630082373536,1,0.2737822345028324,0.18102669645509503,31,0.6033410359797498,0,1
林洋,TERM_00459,0,9.990141510040313,67.0608986492231,89.56803480697059,49.772055062788205,41.41422962278531,62.1690904510816,70.09445489971371,0.1505500507959833,1066.0380492880515,11327.731037064921,-111.1863725,286,65,468.10393479463596,0.16302587528693396,0.18766699983250462,1,0.12979192772528467,0.20689617004399383,21,0.6058596397762874,1,1
华为,TERM_00460,0,1.8583072697842984,1,17.25625898577535,21.92493244317009,9.213029400938773,44.2959470754274,36.43474625908658,0.03835123834831848,7366.211672365798,71051.5906741216,-60.32386654,62,0,44.35820911837138,0.8835399807766648,0,0,0.0675877764021328,0.029745171399099508,0,0.9698230112707148,0,0
华为,TERM_00461,0,2.6040011250012176,21.583300141847133,29.789825100780284,17.193596367301275,10.870751204279681,30.82985457761467,21.053561477409264,0.06543145817166951,7994.974855418882,74466.60525592355,-54.68233601,0,7,0,1,0.005029030421188595,0,0,0,1,0.8233892939925246,0,0
华为,TERM_00462,0,3.113223343123871,21.347930413987275,48.12382571327025,25.921985999265157,7.772631822969661,26.723893688979928,28.662632615583533,0.0006887157673567419,7590.303047783152,68951.73185661198,-62.53655683,42,0,42.59567744725084,0.9755999773085923,0.043485150406457215,1,0,0.05967827287673318,4,0.8865572841693672,0,0
中兴,TERM_00463,0,9.088985769625047,93.48659575584837,104.6161331790261,50.42952730530073,44.53770575259536,69.94193776724899,54.27928963892365,0.09630866493494539,1833.5937503887715,9671.021407972297,-102.4380261,358,63,365.01206706818806,0.4307506996221017,0.12434840973834757,0,0.21301771618379428,0.15891838796244298,25,0.5831282415330843,1,1
中兴,TERM_00464,0,6.566515215222997,96.57187025948183,84.45806107778868,45.04721643905875,33.80601352179436,63.22030609383183,66.5423684638966,0.1765249758279335,812.4301930984049,8853.667642606464,-117.6860442,337,69,489.5613954575136,0.1833063231917922,0.20358840677280485,0,0.26201120044690346,0.14799843621454387,26,0.596462428522876,0,0
华为,TERM_00465,0,4.049474564886764,25.591248229579406,50.6116190329727,24.094006854537266,34.66026524402872,45.57126330022237,35.784099887051994,0.0594804922645874,6517.649317143926,48496.78087610466,-74.86525785,84,23,138.5322006499636,0.7911669735716083,0.08048189653383644,0,0.04060942927084601,0.08782179608899489,11,0.8470711639110127,0,0
华为,TERM_00466,1,8.03752685743529,101.36374672311442,104.21073063815533,52.2630138895555,52.556490021679195,67.02696799403016,65.11633264242572,0.14519524098911776,435.56345785303745,6108.216772452704,-127.3183443,421,89,486.1977589136234,0,0.21290712099787545,0,0.231130943333944,0.21844684210997142,35,0.5299985666024294,1,1
华为,TERM_00467,0,4.447756764585847,13.523444229759885,26.9603291206392,94.41575698126572,18.61154771647267,96.76231624091655,33.21037599505509,0.032535578110478525,27.982367792869837,62085.37752857138,-75.44987724,55,10,52.26435992437075,0.6252765392600049,0.03608958938027632,0,0.5593534241656877,0.012999720861839703,7,0.9151931285042167,0,0
中兴,TERM_00468,0,6.343704371753138,46.30486312002543,58.35140198408513,42.084476244351755,43.746526536455335,68.83618229288845,54.39000214894702,0.0790012272596885,3527.662216803307,34382.73880821179,-78.69317394,225,41,275.959160549675,0.3958258063024357,0.13830636124441217,1,0.12877837870928333,0.11856630538481146,28,0.7862640310992312,0,0
华为,TERM_00469,0,5.659562834503226,63.93845572334827,81.71059669213466,46.54262262931972,45.06779816599286,61.80013894214066,57.870944346883036,0.09129322574193699,3442.074539121004,32859.97216405308,-93.23157469,249,46,285.9035155988785,0.3432731555853698,0.18386806317250684,0,0.12233752682093424,0.1465585991741623,26,0.7824839724541728,0,0
中兴,TERM_00470,1,6.514461263407519,71.3923466695874,68.17624315202744,40.12542436086035,29.307725158079258,56.96747105914146,57.654248732138875,0.14665749251529223,614.9140341234522,0,-103.9888256,325,98,456.45806133160994,0.2024543342037986,0.1810875683791649,0,0.23990050478270716,0.14585829099223874,34,0.678460926154626,0,1
华为,TERM_00471,0,1.7146492196151,44.067418045359716,52.40774191289757,32.82763816342331,24.700459153425193,35.327945567250026,16.23751179441451,0.017271422682536418,7070.558599836356,69276.28038884276,-47.62465771,79,10,87.75342860542533,0.686758541895785,0.0207255739115164,0,0.051711129821423285,0.07248749082397818,0,0.8962049924992397,0,0
中兴,TERM_00472,0,5.656268412233933,106.4674711257818,68.86192755351365,49.14607489774736,49.293409938877346,57.012760876162424,45.078313234556475,0.1312179029816013,1678.7401150854798,19036.88971903606,-93.70646289,299,60,359.48677079538356,0.19400021478731738,0.14931909827548967,1,0.18395127349499854,0.13377551046442904,33,0.6997407702988793,0,0
中兴,TERM_00473,1,7.140236663885338,81.06875722667385,107.22124547138394,48.45772286985835,38.65503570190147,69.90700915622335,72.33437436367751,0.1633694267673451,1003.0291487897821,4086.794629380179,-126.0637124,343,76,418.6040407820582,0.1418299620193703,0.19664938733159532,0,0.2537696078344187,0.16243918941763924,24,0.5714306159581833,0,1
威胜,TERM_00474,1,8.39852095588654,80.18322488882092,143.1608188494197,67.59486531532595,64.57145558193021,79.0670976323958,76.45284219263003,0.13297650382403678,1010.9757255243001,6247.828536629881,-108.673328,451,92,504.7709220640285,0.11143324129882173,0.16898913853106842,0,0.22410456183729913,0.1913706562068905,34,0.603573161752948,1,1
林洋,TERM_00475,0,7.236634679202454,66.63467527001026,56.63381272220629,30.91450731042969,29.28829729827996,59.60763530591588,57.39163008021499,0.13423565922222072,3110.0725883887267,18595.553403766386,-101.1203568,261,52,347.4289508591375,0.41482082679430454,0.1312842559976224,0,0.20789250165077808,0.16589312717517044,19,0.7127490687450374,0,0
华为,TERM_00476,0,1.9568800196118006,12.030925762226703,6.712511347068931,7.617926290246727,3,35.220373199583705,35.805682429694606,0,8760,59584.6650190765,-57.58478378,0,8,5.944069147273869,0.8741339867509121,0.06467910082903716,0,0.01644948751112913,0.05092098425850139,0,1,0,0
中兴,TERM_00477,0,2.096731832889208,24.77231083502408,41.68222274270846,37.51687790620275,33.27852735344671,13.107634927164248,10.91474194308434,0.026805427926717737,7692.580660217132,63415.32605273812,-59.14969388,0,0,9.158331395189602,0.8757101836325585,0.056255297037635474,0,0,0.07212963453038224,0,0.9725724500775427,0,0
华为,TERM_00478,0,5.796613128349816,41.94989228270536,56.90933819004269,45.04813893532042,44.207108561799075,69.13342788824527,65.01824210174276,0.110184470847759,3840.1606731601923,35889.43377652503,-96.60583116,261,43,273.29090532624616,0.49342212550487363,0.09772605725359648,1,0.22489254934145914,0.10065151504790662,15,0.7688568690456256,0,0
华为,TERM_00479,0,9.466713261539972,72.40437066264113,96.34163288977007,41.31732645620353,40.2377746182659,57.134716721999126,58.83156279958474,0.10274163287698479,3301.137782767379,24123.02648828748,-96.02961075,278,59,333.211846624244,0.2837023948000342,0.19844605853908343,0,0.11802189551657456,0.1534752635106057,12,0.696757101720563,1,1
林洋,TERM_00480,0,2.9882335815955527,76.40260487258057,70.7941081848846,36.710133167838016,33.9510198037427,51.448289839039866,44.10764493618178,0.06716919802868394,4688.008893888918,43626.953646459915,-62.3452414,111,43,234.20466925068658,0.5929705396056457,0.0783919085463867,0,0.15026429804848768,0.11174776440595657,10,0.6480587031853563,0,0
鼎信,TERM_00481,1,5.228434197372617,58.35309054034301,85.31679941767933,57.62471798871298,52.55994624729846,71.75541069239003,66.65594733941435,0.13976633012310344,0,6668.482929287308,-130,403,77,519.1150133302402,0.16405132495903724,0.20591151521581785,0,0.23847187091846042,0.21039032567877744,28,0.6092619362727134,0,1
林洋,TERM_00482,0,12.997094249548656,37.391893064898056,70.22450210772398,40.241406461796416,38.17818532056258,44.76851627228051,44.723649750001286,0.06461365887573539,3628.4060294011024,37056.189113616245,-71.87995161,229,38,243.83466092967961,0.4712649438142844,0.11104856722569029,0,0.14058091789466798,0.08041153171723678,13,0.7515562587433547,1,1
华为,TERM_00483,0,3.100067865840465,17.87821951097702,9.231565995268394,26.51540713618819,11.407725712672075,34.837962410053905,25.248744000115707,0.019123336390170467,7534.0300556381,64569.98093741458,-47.15603516,44,12,55.08428057923481,0.9168074956410761,0.05926948390420392,0,0.009431030467075462,0.03940976829397337,1,0.8716453099099304,0,0
华为,TERM_00484,0,1.0747129948552845,29.63432741280935,47.12090883101206,19.27633515442796,21.65423330286815,27.98203601814368,31.53139807797667,0,7175.046194696113,66800.96595176749,-57.82003359,53,3,18.54785269754069,0.814248479316118,0,0,0.015299016335686453,0.03351726441944878,9,0.9795060477697404,0,0
威胜,TERM_00485,0,5.378588533618495,76.93422081697875,102.79329707257081,47.73952182003089,42.07673522183046,70.62254217573505,67.37060894241999,0.13134299163220087,3964.332662656165,21044.381990823138,-99.44701112,235,57,306.3827567031487,0.5269484749990337,0.11624558284724082,0,0.19880469975393134,0.11321439399070482,19,0.781469535108475,0,0
威胜,TERM_00486,0,6.78670669121418,79.83138125529577,51.93141808857524,45.98286922661445,37.308032483230846,36.602651310179255,24.709292901818117,0.04228846158997604,2008.6997584105652,17482.88936162953,-110.0531132,330,43,382.9879855797064,0.3298798447890763,0.11511016577080647,1,0.13550524520975987,0.1571129820490781,22,0.6612536341990297,0,0
中兴,TERM_00487,0,8.030408166856684,55.867168420339695,68.90187442147433,48.428888008872846,46.42620760199872,56.088113312266856,49.92660285204585,0.12844810948182775,1311.7464134568822,10130.857904528115,-119.1331132,355,63,415.6021960513733,0.16496194328846925,0.1457899096549432,1,0.20236152305021077,0.18373997618107388,31,0.6456871947461278,1,1
华为,TERM_00488,0,5.112994500450334,65.09490668588175,76.53519643590255,42.70007756763559,40.557225658868,59.38434879387667,46.06962885544553,0.06339733340831609,658.727691439607,14511.399257836241,-111.1240148,344,64,408.5537141908641,0.15215970218625752,0.13968035748229568,0,0.24577753470091246,0.121389332278347,31,0.6685600949765995,0,0
中兴,TERM_00489,0,11.686460055902995,46.983051034268314,41.24504169671354,53.68849790582595,43.80636494736825,70.2188594871543,65.7342351610512,0.05906012038229526,4495.451637560153,32452.54495488129,-93.42119237,274,51,244.2962347591965,0.34767479689465924,0.09903450234209103,0,0.13380385417693835,0.1431134390152854,24,0.8043636142898939,1,1
华为,TERM_00490,0,4.64283981090949,30.126521298309026,16.13213139083324,31.52469139197323,26.862390287322963,47.630415488159706,40.35758864365539,0.014904738701145916,7455.632404538019,58966.64233208698,-65.5478031,147,13,95.13312225350329,0.7081632660347233,0.06779473476741435,0,0.06604929462881563,0.051987369290541284,0,0.9163438511595482,0,0
林洋,TERM_00491,0,1.3697140182344176,32.69323733377533,1,35.39309034519714,30.5797657307507,24.829115154267633,14.640885582907824,0.07502569358825485,5883.783899488965,52761.03734304624,-60.44285742,43,16,73.90611879406556,0.6678313432265313,0.040313413847353326,0,0.07344879461261897,0,1,0.9235430623226728,0,0
华为,TERM_00492,0,5.436280041996513,53.96867233995419,74.09986241643975,51.17703353778766,46.03744891795026,61.098445209754814,45.417624722379735,0.1536245910648256,2023.1423812384473,17220.96376106292,-100.4028359,294,69,382.8849000281011,0.1824601453024441,0.15254640649842138,1,0.16649461504836705,0.15116488372229528,33,0.6590204316668294,0,0
鼎信,TERM_00493,0,4.249533336242753,18.80715330815402,37.16074833131429,24.891349804528602,28.011448801891824,44.91354439983772,35.162877740729684,0.02298170991915714,7362.026534408589,66027.56217984756,-58.10531942,41,0,34.84015651517426,0.8417897381830113,0,0,0.06391657774124264,0.037596667363649916,1,0.9436601117607638,0,0
华为,TERM_00494,0,4.671480225815386,62.44498410708283,70.03958188994874,37.85148820694773,32.75071152521108,74.13763435405164,68.05403618548488,0.07939029191258976,4321.83025663901,36849.11036512605,-86.67640176,186,45,179.42454513849165,0.5625233858612734,0.13640018752934485,0,0.13309744626717246,0.08517734182994297,22,0.8249254902154233,0,0
中兴,TERM_00495,0,1.3764063750548505,42.14589260387071,46.486299123406624,47.30041449117084,41.65089083367849,47.3879489395489,40.155943296458304,0.1042663567268449,4809.56055722577,39715.308705730975,-75.17073719,161,46,182.08322151195972,0.5615559866628476,0.049806911155438435,0,0.0971745675612467,0.11055528376704409,20,0.9079365749464781,0,0
中兴,TERM_00496,0,4.907616659363833,75.41312066121633,65.46751724489985,50.622157841051965,42.22031900860269,52.363929668002484,38.84300685544105,0.1607738783498604,1023.5257546231005,21911.840790704708,-102.5277002,293,66,447.16515443185784,0,0.1730783806220612,0,0.2389024138355741,0.16158425676006108,18,0.6308616983462445,0,0
威胜,TERM_00497,1,7.615063684591905,115.32639205446691,105.42834462565949,52.05520281100061,42.931005207371946,73.16020507067296,68.28868945764223,0.13250217063410671,87.7019624554812,0,-116.3223824,408,74,507.2309745445193,0.018131768586723315,0.2395335823764475,0,0.2554092606795438,0.23043569471266384,27,0.5823819542980766,0,1
华为,TERM_00498,0,0.5510001679971794,53.29869104273524,22.907058933855843,26.140646600556916,23.100859510149583,36.291268121177715,25.37806507158256,0.037079351906915255,6801.160862557361,62265.776049773965,-61.4479599,48,13,73.38118078374504,0.951558826622657,0.07498660728525708,0,0.03805164282429038,0.03700008412423551,1,0.8958217729428104,0,0
林洋,TERM_00499,0,2.887191593850885,5.165068191684334,54.22069801788528,28.83176123768838,21.482660790173796,48.4258290024185,48.9571693313123,0.01647751148507416,6131.8230098274935,44405.108696353964,-62.48419785,116,35,89.57315749633847,0.5915287679702004,0.023717135523313587,0,0.0728489181012035,0.12233461080826571,11,0.8397160591563865,0,0
中兴,TERM_00500,0,5.717162560974564,64.5084263852178,36.05135274279865,46.45647355518936,40.51682667118566,63.30473075099364,64.71950736743943,0.08391594784855017,2179.0540415271234,28162.842464829788,-88.06385859,200,52,336.24993554870576,0.4011734977034092,0.12468284227925823,0,0.1058729614894009,0.08680028751030411,21,0.8051021551350532,0,0
林洋,TERM_00501,0,8.043268642016049,108.67083682104266,29.832251146888716,51.3549176539622,47.345760069873464,60.656989547834726,54.114518763031796,0.11765680245040692,3619.715069249013,15904.752731013066,-98.67476272,213,46,339.6445855647873,0.2989888365803942,0.15859839893215716,0,0.16503204807506897,0.14509191795047208,22,0.683978923074415,1,1
华为,TERM_00502,0,2.2548123619788325,35.23845744122799,14.093587036788595,19.97029590505238,15.288743168089189,44.30984444854281,48.766600193006745,0.006380517332135793,6446.930421187067,63565.099407100206,-77.82027247,52,11,97.47648085385184,0.9123666123184804,0.02856429294510569,0,0,0.04121614136155353,5,0.9292052034361853,0,0
中兴,TERM_00503,1,13.479473716929895,88.5150289259053,90.32762312030044,57.241580693674166,52.916385978251306,85.47568888446571,79.6299076725907,0.13582564406959052,448.56784832362985,1981.4104214187162,-117.6035121,387,73,489.18451600392444,0.056576033597954364,0.22789296764305045,0,0.27398409508470695,0.2080860599481678,34,0.6587050581966909,1,1
威胜,TERM_00504,0,9.112090963422155,97.66141441435971,99.55553254414708,50.643049829700175,46.29963399550044,61.0749615659335,48.27201914253219,0.07618009591998151,1889.046683412432,9659.605571961323,-114.3688004,326,73,422.5183537418808,0.2924950948108889,0.10793862117317188,0,0.16600016898923492,0.20832632551310995,29,0.7200983775528559,1,1
林洋,TERM_00505,0,5.502616698763439,39.03483436883712,47.21421261171659,39.30200931785958,37.42501190897986,30.63741211386815,32.74877827838359,0.055051514172516636,7230.538795708894,57096.01522143855,-63.89953442,86,19,91.27123741969574,0.6618941172399054,0.06509782181429788,0,0.10111985597499736,0.01755193453584212,0,0.9439037883907081,0,0
鼎信,TERM_00506,1,8.353327794324054,99.77600939886989,101.95278999558289,59.62252875734917,67.82768265066154,72.70923361294132,77.393920709507,0.12180109811027713,1085.07869739111,2844.0205021706406,-117.473183,385,73,490.73171428658,0,0.21125127935388072,1,0.19120358620032923,0.21602384494701155,34,0.6278347553345528,1,1
林洋,TERM_00507,0,2.079223510467433,52.127266951088124,41.20743120529636,41.41206575078023,42.5586192103201,39.82758688612658,40.795321401776555,0.055929709937294375,4764.741619024086,43243.65176763529,-101.1435543,211,43,242.2724780229791,0.5344565687118867,0.07634845198121551,1,0.08904695474709126,0.1208337119414159,17,0.7922376411641712,0,0
华为,TERM_00508,1,9.391810712946715,88.39641895900166,112.89047843685745,48.08777126967891,41.27632074978914,56.45596424904113,46.87287227263738,0.18134461240871053,624.1215775518739,8221.485302049894,-113.3182163,411,71,431.97629480738027,0,0.21205123059925174,0,0.20569866293889524,0.16073522523060302,28,0.5948656969995931,1,1
鼎信,TERM_00509,0,6.69841355975806,62.86728717774007,89.03410405300704,46.68511490942792,47.762648934543314,45.012911525073385,32.600731872833634,0.062315560336575905,4490.0757984497495,33716.499525439984,-75.14209312,185,33,269.56940575786996,0.4101642642645364,0.08304093416672892,0,0.21916794917540933,0.14943685604862925,15,0.6691980015614216,0,0
威胜,TERM_00510,0,5.382236057419982,73.86147650012937,99.71723907637941,46.783770584767126,36.5148165980544,42.93164049875927,35.82986382649526,0.11433078664439647,3566.193816836338,18215.362054532867,-94.1805618,252,54,325.2441058452574,0.5820926372970019,0.1738197150886872,0,0.1410252456110589,0.12693493954421498,13,0.7158335126183486,0,0
华为,TERM_00511,1,10.400929350522706,81.00481446510675,99.84271544725208,51.87845004839848,44.04716220376813,80.42596276831226,90.28440015662385,0.1779380997546065,568.5245824365215,7667.561218661223,-117.7276477,393,81,522.4019666473931,0.3791715654635623,0.18383570133752972,0,0.3091063375238854,0.1712377870782231,36,0.6205547684878293,1,1
华为,TERM_00512,0,3.4400011104877595,14.869439313146843,34.590756690172626,36.385619427205086,34.92003403353835,36.365573795179714,24.30428587259038,0.041024806158299384,7589.556909683717,73435.45454618838,-59.37209601,0,0,0,0.8815758169053357,0.01972348917728615,0,0.05404977753351443,0.03736693750248815,0,0.9919155674016611,0,0
中兴,TERM_00513,0,7.833130893904554,49.19617324903465,80.20456951652349,55.90236090123767,54.281692940924984,71.1220932029626,71.04662386814456,0.11874208137710963,2329.7865071149936,19009.776723138635,-108.3811767,317,78,418.9677750062968,0.16458942648698754,0.13841287787636372,0,0.20225753558887144,0.19809657440235326,29,0.7345249664059594,0,0
林洋,TERM_00514,1,9.277639149264404,80.08686179090185,104.42209128839578,52.66490409152585,50.67258418409387,73.04970766357785,67.49449950040669,0.1289723832749484,167.80754335412342,0,-103.8663589,381,71,471.6337239897505,0.14899765819913824,0.17893938226893166,0,0.24401491524659238,0.19896888080936964,31,0.6208550395043854,1,1
鼎信,TERM_00515,0,6.57326611938973,81.8163294722812,52.38413338178616,47.131924117937565,39.18043469207958,56.66089418008501,57.3258073286235,0.07764210615748521,2133.84904694097,24004.61976602308,-90.68222437,341,52,388.6722659675536,0.25178127197581035,0.12098871055536917,0,0.19272105194121922,0.12937788508417866,23,0.7686170612457486,0,0
林洋,TERM_00516,0,8.72683144309341,34.43946633029019,9.618543077662476,21.332045005711567,13.414826123406154,48.350588295912,35.790658590694136,0,7447.697171746507,66301.60584074911,-66.562534,26,13,112.09670272075101,0.780610898609936,0.04832113267354431,0,0.07129830503540141,0.015436953734413991,9,0.9209160088574017,1,1
中兴,TERM_00517,0,6.699341063822377,68.60929885923932,67.84511870122938,68.67134722863419,64.3271044423864,61.95460861055212,55.45760021127466,0.16028799783311926,0,12947.235705440859,-114.6026952,349,81,419.85778203001917,0.3017844810203477,0.1912027221492782,0,0.2827711867136801,0.1590303299378015,29,0.6426002864007649,0,0
华为,TERM_00518,0,5.524881471121441,11.615239559383046,45.239643660383216,38.99297571389543,32.73152707204237,43.406960929858414,33.01866287922689,0.07066217332848775,5853.273940225322,53336.312541869345,-73.79446886,132,28,163.68860389067345,0.6862066697410701,0.06922767885586611,0,0.09686358053055105,0.09571994561083039,10,0.8341736110722965,0,0
林洋,TERM_00519,0,3.309683150409226,47.276174180181,71.32210857949023,40.43941517071618,39.880293905783645,42.627830745694794,32.58092547100908,0.08313422097292937,5555.889036712567,41390.34357795152,-79.01828967,169,31,231.02282508151862,0.45006517663271756,0.10072914808201686,0,0.1469809174802576,0.12392834324540672,18,0.7791596356237354,0,0
中兴,TERM_00520,0,2.390938243495785,42.32838280542359,37.94864778865419,38.575747453425535,32.18907735242222,53.23891558162475,52.65877382142054,0,7339.347327125627,56936.51354643564,-59.42590772,15,9,59.497118613299044,0.8356952316720747,0.00896782910178312,0,0.13492357028400198,0.034237911353229636,6,0.8785503322558095,0,0
林洋,TERM_00521,0,3.8924402793615904,53.17963044204173,43.439676811769885,34.758785824172605,28.224721843720893,54.110200626797116,42.39592235730406,0.0854097997159642,3502.883289030538,29551.50052875965,-93.24686077,183,42,255.42025109801943,0.3017759108343818,0.09279903715715876,0,0.09409971429076096,0.19383857985887026,17,0.7206701521344567,0,0
华为,TERM_00522,0,7.926651775931898,36.25178774098753,31.448041727323524,47.87896627946001,34.74975993654202,59.94309005489354,56.682305816148926,0.10473734489205493,3345.647354082572,34518.49330441204,-100.1754965,165,42,297.0602026724002,0.31641528560076837,0.15368825766526867,0,0.14456294037960524,0.11037435589035328,12,0.7266547725432382,0,0
林洋,TERM_00523,1,10.184394617487298,77.21587828130066,85.35553176962586,62.12570975360759,61.502360924180515,62.214626503279334,57.54927959393985,0.1807135653593346,0,8355.714283188401,-117.2572657,407,75,513.333635355838,0.20630638002358204,0.16749268429687295,0,0.2696581645156245,0.1876174284006691,29,0.662215492711085,1,1
中兴,TERM_00524,0,2.988487407103717,51.8924417065759,41.04854415900226,33.58498178499089,30.19686864646349,56.970225145374286,46.24739366602236,0.07296755575153548,5446.058123109172,35568.74627707973,-82.97113374,128,36,181.44816927981796,0.5303284676529401,0.0983459567317668,0,0.05941398521200484,0.07756070286321773,15,0.8784422643520963,0,0
中兴,TERM_00525,0,7.7356212421843615,102.97442544989394,108.23404227302824,54.95659614791459,38.52658348794647,74.89696397698705,65.4706376308386,0.14449250778707556,761.096159102556,7639.383511072235,-121.9218787,443,70,500.4478950024176,0.29058950334531874,0.11634793400125454,0,0.19337951534243603,0.1819218278973551,32,0.5903540872526937,0,0
中兴,TERM_00526,1,6.974076496439837,86.08911287246978,92.72145689819409,67.3508768988894,64.57597019843193,53.714972310884335,50.718567233067255,0.12951380025770476,419.17436425311536,0,-113.6367545,388,89,504.6891485470473,0.01634111578194157,0.21261610047705798,0,0.21219484970221517,0.19868658748409943,39,0.5556745455431993,0,1
华为,TERM_00527,0,3.7437321126025664,45.40539631892369,71.44297507828192,32.27454353013712,25.268659002964387,39.83225600248555,34.68143732099311,0.040520688015863865,5908.831165925682,62247.38439679303,-63.74386204,82,12,116.10104905040663,0.88869279908875,0.07951011568496054,1,0.07543708595643761,0.06205536118296323,4,0.8927722981910546,0,0
华为,TERM_00528,0,3.046425250032269,37.44947295420532,40.05649718899954,10.501256103443817,9.38097149712801,37.81342569894762,33.04319262245989,0.009472688797413595,8090.128703579749,61474.16868888922,-66.31590326,0,0,71.08996885106599,0.993738958858878,0.03208416013906651,0,0.06137047263181832,0.02262201608769576,0,0.889920426020628,0,0
中兴,TERM_00529,1,9.19668031681651,72.10644549884483,114.32949264804351,74.39217763353562,68.86662826797017,66.88099748370344,60.48538529335905,0.12763188520017588,1120.7271621577183,0,-103.9339823,409,84,502.55346991959556,0.11523286584621197,0.20447498710952003,0,0.2139448205388423,0.21756793160059004,28,0.5503432183544666,1,1
威胜,TERM_00530,1,8.145513394442373,104.64970520764359,113.38931692057764,66.79297440653278,57.7711024275236,81.79164505960746,75.00770578907998,0.1070554079749198,1240.4719735804206,13663.295895244344,-112.850741,423,76,488.15715106621735,0.12277400465234892,0.23647523083078567,0,0.25421599198915157,0.1415214955962062,27,0.6031146764626526,1,1
威胜,TERM_00531,0,8.03652518585354,39.44316663216979,41.41242909367649,26.328534047891043,29.973770328854194,30.335766338749217,25.206393631417015,0.011661472495142954,6532.161077428008,48572.765175379085,-62.60834112,80,15,91.18797849085945,0.6803469488638357,0.06713252203388613,1,0.05125401030609813,0.039892577811805024,3,0.887095132353657,1,1
鼎信,TERM_00532,1,11.047172225695963,3.297124603920267,53.48028451330163,14.468501139050058,17.328341065988145,31.215858340920033,34.85107192683661,0.0225423596112748,7418.064255372436,65919.2171712998,-47.91300921,0,14,0,0.8410001337145766,0.0030637875321886075,0,0.08462401400543698,0.013983352182959437,8,0.9545700291995667,1,1
华为,TERM_00533,0,1.2917023155485223,68.08455581643774,46.2714565735879,41.267616534869674,35.33921857394825,37.342664378034115,35.517162268412676,0.01170784754812234,5684.088523938379,48726.05699311366,-78.61310045,117,24,167.3224904579227,0.5241645484726487,0.06256076473798457,0,0.1185656829812519,0.06807960598648505,5,0.8259675882784486,0,0
中兴,TERM_00534,0,6.377072637961385,76.06129213620714,90.22072217425061,57.08259423592007,53.94578742973607,74.27167774770086,68.48634070988219,0.1170666187825983,1554.766764484655,2143.07051533069,-104.4567478,329,64,374.9036426166183,0.2890293784407638,0.1507663471039527,1,0.2414992463309415,0.11399861633160213,24,0.6340505454643486,0,0
中兴,TERM_00535,0,2.9577714170834897,29.46214722861496,93.19483780431958,47.796284566551606,40.500154013875445,44.020758048985684,32.52970827874496,0.12646186890729907,3439.189113654511,35813.20289387373,-106.2943898,196,53,343.6051945488746,0.5071496328660632,0.148537134640313,0,0.21491498747912147,0.14614210814340817,16,0.787370577586449,0,0
鼎信,TERM_00536,0,0.5,16.469470197491326,42.54710462179062,28.60310246495107,15.070656826551087,20.205910051048495,12.691728646120342,0,7083.1201778724835,59932.920386571604,-53.86004897,94,14,89.60798139224467,0.8009191204426602,0.07683158764740673,0,0.07988791177138331,0,9,0.934107240465165,0,0
林洋,TERM_00537,0,5.982700709984936,69.70103443922694,85.24698975357765,66.28086414458559,67.8693525544475,71.3077752164829,60.786311031073126,0.15145342881227686,1836.3860305704393,1411.3048535176013,-114.9618528,371,81,457.50887156129573,0.17110648063726674,0.21655890626917237,0,0.20831538162539076,0.16558992536615208,35,0.6386721953014372,0,0
中兴,TERM_00538,0,5.7269036929889605,69.39274991820166,101.06098683214633,60.915405343843275,51.926697851560846,63.417706504771346,53.63818877925583,0.1456530822884584,803.5559698229486,15503.10130115315,-106.1465559,384,65,510.86780474858375,0.18232613146984689,0.15145237618383656,0,0.22232356901815434,0.17246418351237935,29,0.6236891183168994,0,0
华为,TERM_00539,0,13.989841582291929,56.18103015995386,39.282456875688894,40.21973161308469,41.587435265819565,66.83290187789616,50.610216440038144,0.08697886908557148,2987.412213173553,20961.830434944488,-95.35901273,282,52,292.22432262924013,0.3128713455081287,0.13237456627026412,0,0.11224654868164757,0.19147086626124957,14,0.8023601155387239,1,1
鼎信,TERM_00540,1,8.622841701652593,84.33681589221159,96.64146632392374,54.230417500295786,52.71655839727494,77.22226140044712,72.1545080638512,0.1650593653689179,586.5361730545135,4540.525016453648,-103.7847732,445,68,480.3528533255633,0.016275469402604062,0.2163917193328785,0,0.20019887506746903,0.1937761703432941,34,0.5434745810397978,1,1
华为,TERM_00541,0,2.7883877756339652,33.6311253236326,19.214323116993867,33.16541883383441,29.6012163813153,43.60325138700651,51.00961422281249,0.040471206457591204,7126.892586668277,52561.60243616681,-61.97307947,70,7,121.83668309069128,0.648172334145413,0.031403883765845325,0,0.11058143911099629,0.07988216991086905,13,0.8317587136172745,0,0
威胜,TERM_00542,0,1.860522173436535,20.051985360705427,40.66302930081762,39.183264647421716,33.97868159564847,21.325349183844942,17.502363174642223,0.03688683180189271,7776.419037951566,69272.18465292186,-77.29334092,32,0,13.89645179356573,0.8512891983231944,0.051164381484481006,0,0.1017082258885733,0,7,0.8930951175328175,0,0
威胜,TERM_00543,0,5.525830499182872,54.29651639963047,40.207085805945894,33.364919179248986,31.872126098334903,35.76178461373934,35.12622742370449,0.02892872801851268,4287.928522374606,44732.42411380077,-74.24307529,135,31,177.73922376064883,0.7011756909395576,0.111076023132427,1,0.15301963791267065,0.060483638480157816,2,0.8226585313827223,0,0
威胜,TERM_00544,0,5.092548153398509,58.293827251581675,95.78386685699269,51.185189066621234,41.53314414692015,42.01327719819783,42.77206797063832,0.16565223606337223,1375.665970070377,21652.672540818527,-103.211368,283,77,372.1995174203165,0.38787312440848426,0.16526445091695982,0,0.19920875299967664,0.12638824277678182,21,0.6691827668916768,0,0
威胜,TERM_00545,0,5.965268664214627,88.60602894156247,93.88483439828958,94.24148332905754,57.909426848564735,97.61727919033976,52.34270486959045,0.7478906023812171,3543.9372713821367,8223.463922684456,-119.5766795,263,70,430.5998183826318,0.4416155180373247,0.6218427854452697,1,0.6810361273534787,0.13485333877215047,26,0.7002523189708533,0,0
中兴,TERM_00546,1,8.397821057600638,69.8626934368063,83.48761265769619,55.6408578055896,51.35689634445458,62.53319589964676,56.21468578450108,0.07958939338573812,0,0,-113.7390238,464,71,496.2692774141732,0.17532169928723604,0.19299989228969672,0,0.24987223881624945,0.2259816823594945,40,0.6349792726202754,1,1
中兴,TERM_00547,0,0.5,34.74781407913737,17.86543864665633,29.53474791634647,32.00987051452725,35.95332146481929,22.573321050697135,0.056214810082537564,7507.013605382599,60412.679882322474,-66.07055273,14,15,28.160000366023265,0.7101050491374867,0.009127305418885921,0,0.00711819283662158,0.01773823254135311,0,0.985634595772944,0,0
鼎信,TERM_00548,0,3.277631107586222,101.2906125770968,75.96491617023982,52.478424795704775,46.86687291535839,65.05641308596024,61.23790190040251,0.10597248373423356,870.3851053845297,19396.028242332657,-108.5220806,348,55,411.46270960614277,0.13390375262570053,0.20075987521669048,0,0.22359780593045986,0.18390425144855668,22,0.6775173828798583,0,0
鼎信,TERM_00549,0,7.593324205066298,76.53804757554802,75.4797522267364,63.82682676616598,59.53934625952604,83.58220500619633,78.91754068343633,0.1713720862049696,940.1060752913694,12094.714363413768,-118.1250855,304,81,395.35824092829296,0.1386322762526816,0.1735975316880623,1,0.16307259902845714,0.14910561407098227,27,0.6639664366195327,0,0
鼎信,TERM_00550,0,2.7451602966118522,22.9852674487078,37.88944223732268,12.49089097893013,8.810353571413033,40.8503170361597,30.713210311890023,0.040432658850782635,7766.353765882427,70473.45050099478,-45,0,0,0,0.8708321915778087,0.00455674958720461,0,0.03679635907594204,0.011827873041068875,0,0.971097233203016,0,0
中兴,TERM_00551,0,6.713659275358283,24.349253330297362,56.92995731298783,49.29329200793935,47.17330925800355,45.14779074324858,47.039048833387795,0.015122660400369282,4965.918593688078,60909.33923463094,-69.90278219,144,18,203.53265018568766,0.62225968681731,0.07237532528660644,0,0.06860852124452435,0,0,0.7414074373086138,0,0
华为,TERM_00552,0,6.771597216598734,65.22524800410731,98.65351066945168,47.729768569273055,51.784134737245516,45.803019124244635,36.14320816459268,0.13305650704515445,2663.575965517853,7475.67865318246,-100.6635457,317,70,355.2352390721246,0.35076669396885174,0.15967511490394334,0,0.1996638654340344,0.15390649598400313,37,0.6883650369454778,0,0
华为,TERM_00553,0,6.6995491451877305,83.99780636672666,92.8590808113392,47.304653371618826,40.11430877771386,55.50342961726938,67.58767273433942,0.06993996705092581,3688.792910170481,37089.7938977844,-90.15948026,208,43,309.8656476345824,0.5316216544399018,0.11020367865177347,0,0.136009268419005,0.12368407467217107,19,0.6922204614810697,0,0
威胜,TERM_00554,0,2.1135420862518624,35.97266335144757,10.346518739778766,22.750723602487557,17.11121405999505,46.19112938579312,43.61180712586691,0.03563200878913335,7344.141649326312,65813.54316295424,-67.88496047,10,21,22.791700886324048,0.7491026813790846,0.04852594113857495,1,0,0.0263812131061379,0,0.893822455555438,0,0
华为,TERM_00555,0,4.02065380454835,44.650982810068,18.647245167259292,21.86953720819613,16.773361762601507,48.094802086223275,42.96356326095518,0.04812671032069676,5712.824747902528,48351.32778555992,-66.99792854,114,18,105.71422864965542,0.5585922563533561,0.12472815291332412,1,0.12869826868879602,0.1262065160696518,3,0.8521369514268503,0,0
威胜,TERM_00556,1,10.375339111747165,59.465676698185206,76.54745820884509,65.82907072160913,49.251844034781044,58.78903739672284,65.42269018053713,0.12518588649002463,811.6413444582313,0,-104.3586388,396,87,496.4609901998578,0.24829101590365676,0.1589374902273013,0,0.23353289746752923,0.194276959368253,34,0.6549465755422895,1,1
林洋,TERM_00557,0,0.5,21.528446478873597,26.071976943588684,24.90009594937421,17.12556159943088,37.37327453502835,18.675060801256997,0,6742.074363306621,55733.6555912486,-78.84751232,35,16,66.61526335094396,0.7782222175310911,0.014984860806790332,0,0.05126787809657833,0,3,0.8002481038122513,0,0
鼎信,TERM_00558,1,8.313487104889557,112.5039422044432,95.8321889701817,62.1595099039767,54.71027278831752,99.08705795711244,62.22593075095854,0.48011816352881226,23.171523664029152,11581.323160976495,-116.0324923,373,83,403.60327395266495,0.09809815867469979,0.22784592318571179,1,0.2331781192549944,0.15420613705693592,37,0.38685313251398706,1,1
华为,TERM_00559,0,5.2294794585738895,26.466972020537067,2.1941240831463826,13.732939849298237,21.923453229340687,31.071117829947983,23.469834797495622,0.024531157340216346,7841.389115959735,71391.46377608362,-49.20585598,2,0,3.4326984192861874,1,0.04443364208846146,0,0.004707106358107074,0.01949023871129323,0,0.953656398895091,0,0
林洋,TERM_00560,0,3.1702928653327462,36.75174887871259,90.42053846272002,22.903077972314986,19.195431399176094,33.18784965431422,27.101029076358127,0.022700239165764212,7316.467509097838,65214.48436909824,-69.08323442,71,0,107.35252701497322,0.89998342074222,0.09254121008286781,0,0.03106769693589267,0.04003034491745427,4,0.9279650936437946,0,0
华为,TERM_00561,0,8.022155126166325,63.93177692455722,25.647194167443867,41.28637563258115,38.753787227440576,34.21470687711823,30.57144510840786,0.0695231501621856,2755.9013668242774,25415.736148278153,-87.55980271,271,41,261.3565907353085,0.3798297290901924,0.18309710570258556,0,0.21753889394256642,0.10200120388453267,20,0.8549716578280256,1,1
鼎信,TERM_00562,0,1.8018411515615376,19.504517050979995,43.43195805795346,29.375982215910827,17.032654582614924,31.66786737912876,25.404399609907056,0.01290229605248089,6889.163448990057,62356.499668538476,-62.71807382,74,8,75.42115741097273,0.8702142376864568,0.06559768555123324,0,0.06062943516991311,0.011731987760231818,7,0.9843271329038653,0,0
中兴,TERM_00563,0,4.33154790487382,52.750347228239534,61.00293169672184,38.32687830413345,33.013238909234964,51.39253521886345,54.798547557558386,0.032637573765180845,5445.928998059601,47284.24612950062,-86.47983915,173,32,214.4116419482834,0.674901447381395,0.05699979416886221,1,0.09975834219092365,0.13295900448096254,13,0.8257477341291427,0,0
中兴,TERM_00564,0,2.5576513705669903,2.9660381774769675,20.6432434837525,21.969679229515076,21.650172452402987,46.71078474785219,44.323025551460056,0.04392158692855917,8012.923730612217,70211.57441056888,-80.57301361,49,4,17.382895180520904,0.8994359130990901,0.04589167799301785,0,0,0.064914106835042,5,0.9484364512540057,0,0
中兴,TERM_00565,0,0.5,9.091289036725225,42.8901762476231,24.56793772709673,32.15117050606606,42.348144863618195,40.252081651458035,0,7515.158282737375,50628.12252392545,-68.02691666,94,0,79.1729601810622,0.8509002531792558,0.04344226658758964,0,0.05091451236632763,0.08762901122168841,8,0.882301233895415,0,0
威胜,TERM_00566,0,5.732867967750819,72.96411748714138,84.67805946315991,94.93332292555081,50.665355887809994,97.3844713881338,75.36518242839917,0.7741155443678658,1009.0171469315538,10549.621788718847,-118.3196239,399,70,419.3909438002267,0.09268562483701168,0.5014353984252753,0,0.6172574758589532,0.16570735527765854,36,0.6680050598386026,0,0
鼎信,TERM_00567,1,6.029341055027759,89.08675640504258,108.04751601237923,59.41274749128827,45.3348510423407,67.31645295738386,54.586052156128694,0.14013045661396367,1151.6755421645453,3566.394365129595,-105.9616501,434,77,431.0864919270681,0.14546841015771292,0.16833373090285197,0,0.22123291330896683,0.21124555134453502,36,0.6207539974372547,0,1
中兴,TERM_00568,0,3.5690586566399407,1,1,23.27111676434082,14.39427884140795,28.182490627719353,24.39428748342339,0.0334882982757017,7963.997612839587,68407.34088430925,-55.9288806,0,4,29.439209091416608,0.9868435177333941,0.046632185034828036,0,0.10309057738963379,0,1,0.9517664087445238,0,0
中兴,TERM_00569,0,7.164203749852382,66.89200477903033,100.54562878924908,61.461216636732075,52.60458592894526,52.7530896203711,49.17188967595736,0.11856541251960444,2752.1876287036043,22873.610714441493,-101.0126905,248,50,350.5364661882919,0.35468578640179454,0.1577302583821929,1,0.22868220891726426,0.1232133581576011,30,0.6918479661932538,0,0
华为,TERM_00570,0,5.872576108500926,44.591028156841055,69.83481280335295,46.99230034867208,38.18241419013884,59.7448453470378,47.99900090910968,0.09253758974255379,2827.597059460454,38619.64687573649,-104.2580562,261,43,283.2619650072305,0.39685305962098216,0.1305661305677995,0,0.14373840526714324,0.10505331717626543,17,0.7639795071557083,0,0
威胜,TERM_00571,1,8.83568709640928,72.43050003464833,58.53448372783986,97.22012525431693,72.26002165409523,64.9831299593784,65.29912980802742,0.12895488859319806,518.2244155728931,6473.0132816487785,-108.6652319,348,77,468.9332423540663,0.16227953154167754,0.2011251295228082,1,0.7071827810821426,0.1804467102603337,40,0.20808584331417723,1,1
威胜,TERM_00572,0,3.6024006521956133,61.061116163224625,65.12792457972185,31.76811754202299,28.482037761142784,39.35867095053054,22.134189030408596,0.08631856786049177,5062.521462,45992.69114436675,-74.0872758,89,18,120.10227606181985,0.5268735643359224,0.09796925860328382,1,0.12089848502842557,0.07891978685947992,16,0.8705525383448454,0,0
威胜,TERM_00573,0,3.846969738223324,21.073587259640036,59.61504848574643,19.906508819063525,9.264415030798256,19.68169898300223,29.799947447260074,0,8568.534053591899,67541.20188777184,-58.62964714,0,0,0,0.9202334462445991,0,0,0.07636124761729343,0.01618611479843971,3,0.9532567426067361,0,0
林洋,TERM_00574,1,7.822910273380651,74.22307476684644,87.0946555132454,54.68815711577741,56.769173726197245,59.958319911764214,54.73314612101036,0.18461409388612193,909.372454253265,7016.893640970173,-122.2679937,394,76,499.4055226846927,0,0.20405247782293243,1,0.23215597091706308,0.16046520828341532,33,0.46602911283121173,0,1
华为,TERM_00575,0,3.933437645973538,44.34665379780398,45.653446272410065,34.72620280449101,39.19138353150861,41.80128145110001,31.66857118048661,0.019388541790280885,5130.048466242744,52563.48044925519,-65.05772318,113,16,139.06614470353145,0.7551221981377996,0.07358867256493902,0,0.17854228663533042,0.053067719604092456,7,0.8614622158838331,0,0
威胜,TERM_00576,0,1.8190777561731,1,41.36491746073067,18.844472269916782,5.319428406224485,30.455491765852056,29.161861218458032,0.005305986556338665,8366.117234629317,68365.74076672329,-46.22555502,30,3,0,0.7413123576204094,0.06071117901735305,0,0.016355897835160872,0.042070879170610795,2,0.9329517208955215,0,0
华为,TERM_00577,0,5.220614320955349,51.330905302839895,39.568829838860516,30.88099596455743,31.769235887022397,38.05198213738042,36.80890442031952,0.10413127915872425,4584.596149013776,42969.96449919323,-83.78146478,142,15,171.5070908462425,0.6754131843251907,0.11006607121579867,0,0.09614690863663503,0.0964554399028816,14,0.7683695087514772,0,0
威胜,TERM_00578,0,3.1261129909634486,57.11873698303855,33.89988813731483,16.517001430546514,10.666411054390387,60.828252080292216,68.10493726630281,0.11790186765796909,6478.432602138154,54766.66843419583,-92.43048761,111,20,158.97284377478687,0.6072352075882754,0.056186211641760075,0,0.0881579332999707,0.12052135205069614,10,0.8441000023336491,0,0
鼎信,TERM_00579,1,12.169791612911833,98.54523183880652,89.91540479676985,70.93779030814443,61.22772365755159,75.31365989965234,81.0067171936618,0.15269773438333084,176.96247548543255,0,-120.4252898,347,83,507.2151682402267,0.03116158116123806,0.21815652678508263,1,0.2321723994420163,0.20582136316693167,37,0.6037853507532372,1,1
鼎信,TERM_00580,0,9.850367551790876,90.49390931391763,62.976993571484805,38.72142234894119,26.44544736997357,75.98545447619594,63.006457493457496,0.04561822646994865,3971.874789459465,29489.480756457888,-88.59596725,240,48,283.3109842671117,0.46634851657012977,0.16010970032535665,0,0.1038407273916785,0.16268396644512062,24,0.7596579845192414,1,1
林洋,TERM_00581,0,4.981746697843803,44.94221334698787,77.51260668441009,62.66724531888984,55.403320560704906,45.95696845418992,39.336692786853696,0.14365389119270264,2651.1847125936115,29112.33549868407,-104.5801685,332,63,369.9774814436037,0.306596404150688,0.17162732015979446,0,0.23068704012222757,0.11547464645212874,23,0.717157628773385,0,0
鼎信,TERM_00582,0,4.404760264937574,37.93010441075469,41.49507117970664,28.387487180758505,20.778209891272734,46.14422136015582,35.68629527203193,0.040880258131630556,6566.953342087045,56367.94158998092,-82.47563443,90,22,137.30130884594192,0.7242140238610435,0.05202892419403293,0,0.06891577592620952,0.07892970112157041,5,0.8593038520674223,0,0
林洋,TERM_00583,0,2.4558108340459093,6.714805871703863,53.55316879390598,29.08086018404005,24.81832832159672,34.087569318992564,33.5405003646616,0,7248.368958655913,63221.584989623145,-49.11236473,48,14,53.43926611196354,0.8487110470340641,0.00570959748840464,0,0.1377232254264697,0.06038517934257673,0,0.9033996321326596,0,0
华为,TERM_00584,0,1.323533373770226,17.452667673055906,37.2598543072151,20.623528355530507,26.353741758898614,35.2220245901516,38.71205910709587,0.016677084697377748,8531.506417971994,68227.34916167479,-69.93081783,9,2,0,0.9546988525864681,0,0,0.061066901290195076,0.03467734532661411,2,0.9320907678946406,0,0
中兴,TERM_00585,0,4.262597062256143,30.84411493418491,1.7657407935204965,29.50100720215792,21.961400569892596,58.91821416412071,46.01870184870256,0,6379.588821141889,58627.703673555734,-71.03946627,98,23,48.77926887026182,0.6154443763661673,0.0813874158372426,0,0.07697082865401778,0.011805843611933098,13,0.9081147180683189,0,0
华为,TERM_00586,0,2.1271270296967284,66.30790567091935,35.832397215706834,18.84783836282439,6.815017146425721,23.660183048634977,18.280955841921553,0.04007185926916983,5751.477439057611,64629.096562706225,-74.42076402,80,0,97.3903913460468,0.7724157205581489,0.010638491966422775,0,0.14539364972698315,0.0606640328570282,0,0.9165352682075714,0,0
威胜,TERM_00587,0,4.347390107878376,49.993083219619216,98.03873300579416,47.11008098477103,40.45918811092009,44.7177283021001,35.92654067321207,0.044172174426283975,5142.757871382712,43753.15431076228,-92.28163259,141,43,251.71004709415269,0.4378584665543035,0.0689784632174533,0,0.1558127930200005,0.08859894576978916,12,0.8600019868686776,0,0
林洋,TERM_00588,0,9.118253965640896,77.38335383529541,81.39268062544501,50.5280243949706,50.738059366771935,56.798614783718016,56.86525447323534,0.06807999111640858,751.1259849760214,8695.541403678206,-126.8378974,396,51,441.0944092479589,0.12926323852409177,0.17370580007060685,0,0.24141038537382845,0.18793616644572939,23,0.6836646955388606,1,1
华为,TERM_00589,0,5.319785766091053,46.873229486393925,37.0087579594691,34.145894734053286,27.907487443570783,35.19748151885119,32.65439426615278,0,7212.828855380977,57053.936391122385,-65.46818277,111,10,94.15268817549733,0.677166215463166,0.05973485193120552,0,0.04038512870306551,0.04772559272528876,3,0.944868669829791,0,0
华为,TERM_00590,0,7.3413527933589355,54.00648781654319,58.024611708678165,28.1996734595457,26.457059693083256,31.292598478844276,33.34748381933808,0.061369702389783065,4193.609077297508,29124.00058023256,-75.996938,205,47,272.5645662366848,0.3444975311042875,0.15362591594113867,0,0.12981568233515503,0.09241413070224763,7,0.8183273056873441,0,0
鼎信,TERM_00591,0,5.75347851765949,96.19498993119029,79.69571848641311,41.80837471255821,37.658354919919084,72.21759351156267,64.69121701407661,0.12251160570981842,2523.8618064571797,23088.15536380017,-101.5648114,288,62,424.1987852126396,0.34222743831939556,0.15636533020666274,0,0.22299967884371336,0.21374882669170187,30,0.7140057234461953,0,0
中兴,TERM_00592,0,4.0145707264171016,32.01129164405219,38.01389214450528,24.097699260228843,19.40352367601213,49.23397271320051,43.53407723186616,0.05155412867731585,7402.807799855451,48695.41847272517,-64.88663255,24,0,27.678091196954874,0.7361577106456965,0.017008985389670078,0,0.06861572607032716,0.002755720669227222,5,0.9038613692921021,0,0
鼎信,TERM_00593,1,6.440892584785133,100.844634172412,82.52839520378532,57.78641487772152,60.7225436468493,75.02735698331628,72.39204682980393,0.18966116672487143,55.76080786521325,0,-107.2534056,372,79,498.41620971712257,0.1504948399731954,0.18791973492433045,0,0.2209500999106092,0.20431172796204905,36,0.6281180067732988,0,1
威胜,TERM_00594,0,1.0545934593011077,1,69.60205319375865,26.42122452684236,16.58056948058052,24.036763318050152,17.41046230083489,0,7553.538341481494,66120.44413899007,-52.78073439,66,2,55.917129145043184,0.9661742744932957,0,0,0.13867645364174785,0.04900374300476683,7,1,0,0
鼎信,TERM_00595,0,0.5,57.813014765409974,27.059525117320455,26.25199602982684,16.04869813274093,41.79382451677508,38.58783373407317,0.019333695832681644,7281.021079224359,49342.30002989856,-69.21714161,81,17,84.90105636411339,0.9333583601100495,0.08389400368033462,0,0.0470778283981464,0.03186132923587543,9,0.964153262852457,0,0
华为,TERM_00596,0,6.838582215409426,37.3280485086881,66.40096076943055,50.15208052212975,40.60811318615188,57.247319486231476,59.868210018030155,0.0460428054130891,4542.769261549869,54746.00244324205,-77.65513264,157,32,159.03011226434504,0.5021490844527685,0.11648122886226288,0,0.16227221028797223,0.12405359853050013,14,0.8780306142196909,0,0
林洋,TERM_00597,1,13.26115149815703,89.69014542480753,121.01117306906038,64.2291009948243,60.95571228217592,73.80187073776828,81.60345441501315,0.1464825681604808,490.54270518028994,0,-111.2156241,424,76,509.14294014048124,0.006898496257153358,0.20787835729755905,0,0.25994592820355245,0.22547516786227398,29,0.5086312583326694,1,1
鼎信,TERM_00598,1,7.456250851718015,76.08002150525351,81.64993349444278,54.1788874875697,49.44604625084688,67.44168337404342,59.511698697979135,0.18405501495530696,975.5210460381575,7048.383220876309,-123.3966566,412,80,505.6202021226143,0.20969712084953185,0.23236696842452423,0,0.25526165963160097,0.13877991576416981,30,0.52237856665529,0,1
中兴,TERM_00599,0,0.8116741316288654,6.703104526663624,27.308211650596377,18.03518008613794,16.58583023333032,50.139241080773104,58.02443987745302,0.018968308077782763,8105.728956629353,74772.04545350872,-55.94565305,23,8,72.13267755522854,0.8809124445810562,0.05756859518563941,0,0.022910156444834767,0.043882667825212336,1,0.9154326136823979,0,0
中兴,TERM_00600,0,5.754396043443488,33.60336982011481,47.49259828101934,47.710676396696144,42.33044045177656,95.17631850690461,35.712792877059535,0.6787798590744955,4265.129051095907,40206.9077328918,-87.48403952,455,36,231.5763121529034,0.5325216737732644,0.6313841843797925,0,0.13752219108813485,0.15453600465423617,12,0.8155492152634187,0,0
中兴,TERM_00601,0,6.863549261906506,84.86362199861566,80.77374426814839,43.953265695913736,37.97525188377493,64.96917657726948,65.18273595097651,0.20297409282551293,1293.732536982407,7159.419105959947,-123.332512,387,79,443.62181520402675,0.07176934334599679,0.1818076655677265,0,0.16703207569966586,0.15994914688565826,41,0.6146937205443486,0,0
中兴,TERM_00602,0,4.443169332602174,41.78948589465967,72.82572676513199,53.809524380679996,50.4553071348961,66.92497219371407,58.958595785217476,0.06573012986339023,2543.3368141515484,16323.19871356546,-101.3410526,300,73,376.6486172712914,0.32291406307247017,0.15314757426238126,0,0.23551110346115778,0.11069004439047696,27,0.6833224454563739,0,0
华为,TERM_00603,0,2.9901013319215757,20.180053022816395,13.516151585404177,13.257807049675433,16.740098150897584,40.08945324149686,28.91189607995811,0.0033959369786064827,6686.123731996817,60087.55131944359,-55.0901021,0,0,12.98313485125409,0.9255264044747247,0,0,0.07209344539985216,0.020763503905846546,3,0.8569015834119931,0,0
威胜,TERM_00604,0,1.3289991483843542,53.128461874863355,31.70329466464461,38.73778152480498,27.92632328380094,49.23060848542307,51.56696454593465,0.06166064903400691,6232.866267246509,50859.99709653712,-70.67689481,134,31,175.378137904187,0.6409154833610877,0.09658358289214203,0,0.15877842137861883,0.0634233195769889,14,0.8333307791409498,0,0
威胜,TERM_00605,0,4.943932220059086,78.47960965984319,91.01511437916592,44.542409234889824,34.94162766439874,64.83560443985564,59.54070571462431,0.11599749550715566,3466.5238362937757,22014.680400952137,-107.0302028,292,69,369.4294715144196,0.3770962791051452,0.14010779545058666,0,0.18706850693527552,0.14694495544871286,26,0.6605660791037603,0,0
威胜,TERM_00606,0,3.4153465613992178,79.86946687045486,109.32120554121781,54.71442290373827,49.91990966329052,66.94013413309365,69.64412413358441,0.1482256429576284,2485.0555690473284,16987.34186748713,-87.76360595,303,66,384.729242488569,0.3026835525445341,0.18924855726510995,0,0.15800916393596617,0.1886867419049349,26,0.640251267597812,0,0
威胜,TERM_00607,0,4.506339228594612,60.72912316418855,92.17679353943416,51.24605554157217,56.40842384725882,58.431761591740646,57.94384586811111,0.10680568599827973,2487.025457918342,11565.481169826464,-109.2081441,376,61,425.26363519366953,0.22880881302728215,0.18126999437880473,0,0.26007738899282096,0.13844829120896918,35,0.6424070290348546,0,0
林洋,TERM_00608,1,7.998045461739341,63.06150869873362,60.15951649588446,47.10811185358367,36.749866085241706,61.451412915315785,58.918097763199654,0.1498857022770334,109.10328459062617,8964.274862418999,-112.6105086,370,65,447.9183862842924,0.13187884095983554,0.1949569551988492,0,0.22955481752597512,0.20783752272936673,36,0.5609184715565831,0,1
华为,TERM_00609,0,0.5,36.20488083576323,18.78601672773995,25.452827672778458,20.402851110889255,36.66037238899552,34.96730824054487,0,8096.767012309267,62769.23080678564,-49.07797646,0,3,0,0.8096676812579425,0.046719984560320976,0,0,0.04460606125787327,0,0.8272871420551808,0,0
林洋,TERM_00610,0,4.73278154981591,71.06810435629637,91.60479096828738,47.26307091299155,37.87606083306147,79.01313786871388,80.54499912850675,0.1575209071131345,1402.4317679100654,15672.048194672492,-128.6011073,339,64,430.5263552737216,0.30786809032865764,0.1452456580877021,1,0.23172680152916567,0.17170822199189506,30,0.7315661666238754,0,0
威胜,TERM_00611,0,2.34270215975614,22.793471281687523,1,28.723174084374765,25.71406802445131,36.771216925301275,37.32990580625119,0.019342077816035006,7637.208379670464,70713.87652184839,-52.11616352,23,0,66.07388137756641,0.7714574598369197,0,0,0.08017296137033258,0.011666554465942267,0,0.9239660174876874,0,0
中兴,TERM_00612,0,1.2870021299587535,18.23089366697849,36.686230596956285,12.666751281914733,3,41.59139020816912,34.16421162688226,0.05450273220510561,7706.3003806134275,70495.28602632924,-56.03791533,0,0,9.265249970554695,0.838512725476864,0.018525150746012943,0,0.08254775649668437,0,0,0.909663831208896,0,0
中兴,TERM_00613,0,5.350008427865274,34.30868507735341,36.02386953562024,24.349548130343237,14.168689522404318,38.23576852569194,35.773375116763155,0.060777712928646234,6999.750531402835,74596.64964837371,-61.02596571,71,6,14.789334117709405,0.923945381629424,0.04400451757264398,0,0.007213087937223597,0,7,0.9217138989103643,0,0
林洋,TERM_00614,0,12.690333595927758,107.96514332861636,140.49815393585695,54.778460449716185,56.17018145799584,85.49495320052641,89.49864552333652,0.09218225801028368,1238.9781476392627,12212.467357227173,-111.9911426,315,73,407.1202181299369,0.1688091903735913,0.2008825592671666,0,0.23997452692131543,0.13099959048706056,28,0.6650732847450949,1,1
林洋,TERM_00615,0,3.311293845032326,72.42268356154042,51.145298217334485,32.60051308894805,27.64711977792838,48.86437523449945,44.13611791826865,0.11792287163123823,4225.444469902629,46906.760942512046,-78.64638551,188,28,185.7305318028677,0.4767075181663637,0.10118261475355328,0,0.14901613672372233,0.050107829375532174,12,0.8032335310048783,0,0
林洋,TERM_00616,0,6.988988632714385,33.47138133166205,55.230042208933256,58.726548545082544,49.99982706983361,65.25584938924852,57.29129339159234,0.13484251372901906,2855.302265215352,8710.842111660811,-118.2544108,284,38,371.0620139303581,0.3609239065570042,0.1175595292742119,0,0.2069788094756523,0.19033718847519412,26,0.6709746516672481,0,0
威胜,TERM_00617,0,8.672652220291438,80.10707992200747,79.59240437793488,57.25985931708016,52.03080409548976,60.178692383556736,51.45039170307032,0.13477361878019953,686.3516770116008,10454.532371068319,-114.8556662,374,73,491.9327956033444,0.30379353666830555,0.22559145217380627,0,0.20947819085507582,0.18102597384044095,38,0.6759923965287172,1,1
威胜,TERM_00618,0,3.283819661303135,25.232623286185543,56.919272846825066,31.1603481847165,25.843871890387508,36.512488330734485,36.60741415521572,0.08610437732988549,4229.685016917784,47994.6116698401,-75.16880889,184,23,214.21258997374454,0.7024553509345273,0.07466726419700113,0,0.12414683444696246,0.14668087133394533,3,0.7931031985125556,0,0
中兴,TERM_00619,1,5.3779967708567264,99.65837207908315,105.20540528213694,59.86543607395405,57.669476399759006,67.72195233169865,61.27940152379652,0.1259272661999529,1295.835914049374,7592.336197819504,-98.60900067,441,73,473.66051796733234,0.19930517142730592,0.20026165434403634,1,0.2808627041786895,0.1996934912142329,30,0.6104569649747026,0,1
中兴,TERM_00620,0,2.212249974356637,22.75122478807969,40.0734917143821,9.8925305093767,3,48.15671555,45.33012579123991,0.05621431305723457,8010.063325751537,70894.4455042992,-68.30095834,20,0,0,0.948776067144476,0.04204630436249282,0,0,0,0,1,0,0
林洋,TERM_00621,0,6.967886031464185,90.07574774935951,150.38827148056794,74.46128636511105,64.27794978434834,71.82762424944002,65.09924091021901,0.13494248016844496,901.47899424055,7110.947186523329,-108.0803301,380,69,419.1489444040255,0.24435680912482857,0.17889317302954322,0,0.22111013153577713,0.170871475954362,14,0.7480816920744913,0,0
威胜,TERM_00622,0,8.092490996459235,44.68583652090783,23.47737632004644,28.798836189326693,19.024465034073884,29.43484745333344,31.478521399541798,0.09783403451472977,4434.926362738911,43696.68413662828,-87.28417304,181,39,241.51428148006914,0.5686086964906082,0.04040197543163841,0,0.1662582513664014,0.11745821656191754,16,0.8543979918494862,1,1
中兴,TERM_00623,0,4.326884020533721,23.815860957716893,49.381861694611395,94.75425846955557,33.6508266431042,52.03181034880918,47.93310883433017,0.02988724143836212,3.7264802248869575,60000.48067046345,-123.8047956,465,20,112.49825668717486,0.7513335565403405,0.04974594476025386,0,0.7922454490248475,0.07923163563418048,4,0.12882295857778125,0,0
中兴,TERM_00624,0,12.901162883246135,48.837871746610716,67.60065746063428,44.410128549358156,39.3785767310345,40.617537333677035,44.18655293107675,0.10217540556720518,3284.5530498653698,19248.79423332434,-86.93882566,257,50,300.95973588140964,0.44934249486065153,0.1416439275106304,0,0.22354219117958554,0.11454822264102986,25,0.7194288052689821,1,1
鼎信,TERM_00625,0,2.948168580081883,28.22673384139101,75.2306939030422,47.28452620098747,49.48752566138442,59.01088358883234,62.36014808892085,0.0990221774085245,4872.37019807568,45227.790795479435,-89.87313958,188,35,197.48923004149108,0.538917758680003,0.14749206435503734,0,0.1659136447704418,0.12694065138791424,10,0.7549225628160079,0,0
林洋,TERM_00626,0,7.407928789908183,62.2290395252832,117.69577975934473,56.38539697652283,55.531104379314755,71.0358725924795,65.507003078693,0.14159961782180047,1980.052952209443,8672.369315690325,-96.1722518,327,56,421.12068814399896,0.21566670486751816,0.1976789723285929,1,0.2969926152374318,0.1457397561779104,34,0.632205456052171,0,0
威胜,TERM_00627,0,3.34062606288798,6.771764947776482,69.40302350599569,19.971462759340596,13.241939148320578,37.945025931783846,40.945089496704526,0.04461428395256131,7040.101876122353,58315.99152519114,-52.67887427,95,12,33.91551663188296,0.8250114784960875,0.05744046319254783,0,0.09696509988308981,0.04799366230200893,6,0.9322737805374093,0,0
中兴,TERM_00628,1,5.980063726600433,71.48982316139264,88.15227212053206,43.436399417194856,38.18866932821725,75.78520772821534,68.75859303766916,0.12125833852542066,464.4451133316615,0,-110.9321097,401,72,484.2410308855179,0.15850367073013819,0.1326902443803016,0,0.14764886086098788,0.21601416130491113,29,0.5208847130884978,0,1
华为,TERM_00629,0,4.929181387391768,21.548024700092302,66.93803781078277,16.00614390905097,17.475567116219363,41.32476860517132,37.92165046388452,0.05500051627659881,6646.866028813098,54466.95855987742,-74.50550276,106,11,89.19491015569923,0.7242603207397691,0.09781878468513094,1,0.0683726648769903,0.054839409205399925,7,0.808618271716334,0,0
威胜,TERM_00630,0,0.5,26.609871787014537,1,18.4949717314022,20.66104598363857,36.84287456730891,27.16462991192406,0,7440.766998988718,77714.2842069936,-60.08480421,0,8,0,0.8130635977529307,0.049509078349516046,0,0.0892656587533843,0.03658391297237825,2,0.9519760548014468,0,0
华为,TERM_00631,0,6.245173286748455,84.9669318760807,27.00632631965927,65.04503230823221,59.566634829450244,50.4396994717564,49.001030304797105,0.12873715989964202,1356.3501029533631,8911.352134046765,-106.8668607,354,72,456.56231348064756,0.2018063134683249,0.1904612943673987,0,0.1970667767598014,0.16945801418275808,33,0.6469710092202947,0,0
鼎信,TERM_00632,1,7.312965377388504,92.39480855586349,102.58665554449715,44.62266226037532,34.69747658206645,65.68787992318337,62.4956580190778,0.1282114961875494,121.90235052327819,7333.674339000653,-119.9028526,377,73,511.46281836154014,0.03865525000380375,0.1990959262844392,0,0.2909841679721034,0.1968734707391414,41,0.5950898533804919,0,1
华为,TERM_00633,0,1.739266804100233,45.7169581196852,52.26345551544087,39.41896615305416,23.91464845277305,48.28463955454704,46.36983294473214,0.020045260961378288,7240.7779365004235,62355.51056474358,-66.7037303,56,10,82.92378471933587,0.8285332284004098,0.055972456869085675,0,0.08638899292905132,0.05321963745935484,6,0.8397021719734429,0,0
威胜,TERM_00634,0,3.854958125078862,50.3546680424242,81.57810690021668,46.712495436299264,31.20698123503463,37.45327502160656,24.292509311156834,0.02051067273725459,4964.975172512802,30752.888575114768,-68.95588731,179,39,272.6749190088862,0.567192617749999,0.13791656288945364,0,0.20441897088244582,0.09211745255986578,16,0.7625523622603573,0,0
华为,TERM_00635,0,5.792412072586418,19.788785116872532,68.90730682800555,15.78226055329624,13.142673529667285,48.936738871462936,32.000603669109246,0.03379599083470268,5959.515957789463,58102.300329716934,-61.29913506,45,1,47.56193704456302,0.874008603898641,0.04799103367766842,0,0.04884196382913992,0.09114402999758507,6,0.8682729522018419,0,0
华为,TERM_00636,0,1.4560966878316228,61.71598655516935,39.441990669710776,16.20138639220955,13.46133689693214,19.085269225316175,8,0.023863971598190044,7679.0174752650155,58631.6242185808,-56.34617028,102,2,63.29441944303642,0.8263701240744314,0.05327571258110313,0,0,0.04959466770520254,3,0.8407325033567895,0,0
鼎信,TERM_00637,0,8.16134925466945,62.74571637744202,65.25737853373155,28.788021108856743,20.411038673987427,37.68455553564144,35.679267424404856,0.022860414861391273,4947.151952424243,36271.590605277204,-67.06534953,143,26,215.5577352920949,0.5371074668293786,0.08578743408915362,0,0.11318961943480856,0.11149785144221547,13,0.7624254770012467,1,1
鼎信,TERM_00638,0,3.7287097436556165,34.80335859542382,59.784118603072294,29.547761010592577,31.05519573187255,38.11141231582179,37.152130965717475,0.04527510175889008,6739.261624876679,55829.78109114315,-65.95942659,53,20,152.97405440463172,0.723219916901718,0.05266301496586205,0,0.012406950079368116,0.08617776461589279,2,0.8776848769454584,0,0
华为,TERM_00639,0,9.803160543430977,31.391564232415675,40.78407426997014,25.349378315846913,19.31466501822136,41.61007371161164,43.386094464590236,0.05507758253391361,7613.177269787074,58759.79688894502,-69.48343732,83,26,70.36500440511459,0.835674532983409,0.049533163462949746,0,0.043436542840470216,0.06375029291990714,8,0.9228822400118024,1,1
威胜,TERM_00640,0,6.92171821407505,73.43064246009592,85.87856950016624,47.3000289388748,39.35804220269609,53.81579302498269,46.38872602106801,0.11762990142166284,2094.856254515456,26446.983543391005,-109.1411522,294,62,379.6524533344091,0.28453212216226165,0.16461144238173034,0,0.072533229553866,0.1176452404025243,21,0.7503134078586575,0,0
林洋,TERM_00641,0,7.490694581565098,36.75284863437037,58.98837717918846,27.268297137779072,28.12410637838812,38.89211253529533,35.14396464208417,0.07313926316654917,5169.02566442027,50833.52372075596,-62.53551963,137,25,197.1250375398477,0.6861547101631339,0.05595242276742074,0,0.0928616772358284,0.0925019669074967,11,0.7987151619772453,0,0
华为,TERM_00642,0,0.5340385002296402,22.208361527370144,1.3805690770989667,21.58836755035328,21.781170340920948,46.21410049676303,37.00794309428111,0,7555.2165113993615,63190.79099223224,-58.24754846,21,0,10.944598163633598,0.9730352667190942,0.017155065556710307,0,0.048245070678928276,0.02831205903538442,0,0.9310687485476773,0,0
中兴,TERM_00643,0,8.898040787501607,63.91762992692914,76.18735918382075,47.51245607802984,42.254476644551026,65.10036925947158,68.30475014233076,0.07647039465372163,4203.274914439787,40105.95806201774,-112.4594971,190,49,251.1187213001867,0.6456782670846506,0.12361557391342354,0,0.16413889957903952,0.09257132210628945,22,0.75557239053166,1,1
鼎信,TERM_00644,1,6.720993844580649,77.39037675063302,159.53127599111977,57.99636833610631,55.5840231497296,64.90025766196298,55.64416218700194,0.14880210495764828,48.12769315615154,4137.127172426328,-130,415,77,481.2978864197055,0.2120051024697595,0.19172860137112227,0,0.2841933020553756,0.22981200734709073,36,0.5986625797322612,0,1
鼎信,TERM_00645,0,3.1270159748760573,8.074276857452006,68.42318320490747,21.890615947385363,20.109184595798475,37.35188356701242,39.423054783064664,0.03955174010485354,6224.830681304294,59318.5612432647,-78.49095128,57,8,43.557192504461895,0.7141273908449313,0.05705481627269963,0,0.0824397065103374,0.021476193029666805,3,0.8737239348707045,0,0
鼎信,TERM_00646,0,4.361651226888362,46.61895081290669,64.63400740596859,60.9389121299269,66.81524652432631,61.006253154446284,54.49838013300334,0.05501702892822198,1010.9130809411927,17114.035040514682,-111.6341038,366,73,403.7506510736165,0.18025104499715208,0.13279649453988543,0,0.1856454933343507,0.15193480170881205,24,0.6026856345736145,0,0
华为,TERM_00647,1,7.978438036894392,102.675989359698,157.29485852740788,57.86207583900044,52.20697371878794,91.85620710333093,96.30768074394551,0.12108844523883464,260.8064932189963,1034.468437340656,-121.2156218,371,91,457.76998390456635,0.15775810004201707,0.21486207873522734,0,0.2981030412508307,0.18573663842396035,40,0.6269592868754411,0,1
华为,TERM_00648,0,4.862701384359809,1,41.453929148554565,26.564959468674537,15.665601065937341,37.05017548694591,33.14792146730225,0.04759254257397691,7656.389488717277,64056.87456209308,-54.28442005,2,12,55.33161839190964,0.839908241561331,0.01140873014667743,1,0.07033834779011874,0,0,0.9154898475041179,0,0
威胜,TERM_00649,0,7.209389124028208,85.1067370204303,110.38039408367194,52.41600628647507,50.54339822736139,79.77345512001504,75.73997933357813,0.10278315222663792,747.5666182343032,14106.288227899448,-118.0701374,314,87,373.3250649992889,0.11738433651958351,0.1280761819530521,0,0.21006050560167586,0.16892394068480668,37,0.661017096883684,0,0
威胜,TERM_00650,0,5.262261661578927,45.86637649143282,61.03761071533601,53.3556002107301,48.66667558287276,63.911030107547845,54.386549419148594,0.08895586474908779,2472.2370998102742,30432.928214705324,-93.35016627,261,45,325.20803432343524,0.6138807700208784,0.13971261219197462,0,0.16139906473660304,0.11113163029607631,9,0.738065632491496,0,0
林洋,TERM_00651,0,3.9528969285888182,36.52791616126741,79.43738556543457,49.066861203981084,44.628453003789346,50.75215036547293,58.75425280038044,0.07563934300815699,3996.377753201228,38805.52921267509,-79.12862914,195,36,279.14224184572504,0.5298226102243461,0.1165321910869738,0,0.1107426769929319,0.11319582915478629,18,0.7516737260000335,0,0
威胜,TERM_00652,0,6.0098340606874245,40.284461137447806,75.50363513712055,47.33351353987738,42.177398745758026,44.054844701651284,44.99973936659551,0.03190434455095069,5009.624454462092,43497.654784092505,-84.99082034,185,30,248.70779189031032,0.6450022034825009,0.11292186960545617,0,0.17935548188596964,0.151658649152455,20,0.8329399920303339,0,0
威胜,TERM_00653,0,1.8348168748067974,35.43691935116312,35.98327316154223,22.742098488272745,9.785475454663384,49.05436574964829,47.12610300695497,0.08245479977309353,6455.631999390723,58477.324475487716,-70.34822773,73,9,79.973280911393,0.7301806075228825,0.06571211099937052,0,0.07088426043448534,0.05102886110955162,7,0.8648043102115891,0,0
威胜,TERM_00654,0,9.523266061102968,56.13063314338392,83.4626121658949,47.1942071314198,43.5011024615938,54.86844802269783,51.305775751075984,0.11997972475499559,1023.5292740464168,10062.553716328353,-113.4312825,320,76,424.0547147129844,0.2636683737496742,0.17529597642076827,0,0.23964377085220548,0.1770693582129743,29,0.681129482174071,1,1
林洋,TERM_00655,0,7.11927368850837,36.63707705985129,84.62471677187722,41.784804324309555,34.98902338600299,44.0804016049924,35.1160026906412,0.03608830091091078,5097.711565016771,41463.06183889539,-69.87417901,138,22,190.22648111344424,0.616225755431706,0.13062940046288168,0,0.03147076141548566,0.08599587677688154,16,0.825302215582451,0,0
华为,TERM_00656,0,5.233555405067507,52.84588799983128,62.4463005287306,38.47290501794347,31.927564906761656,58.20425688498464,57.24388315474553,0.09591704304384235,4321.119143676355,44131.36243448476,-96.81762837,149,35,228.6497421431054,0.4983827324686793,0.1305171402397528,1,0.14032405351819355,0.09598471918721604,21,0.7967053491210705,0,0
威胜,TERM_00657,0,9.357985038422447,13.633908958802351,46.215021553897756,26.462285452268112,19.471399840814517,38.48807172614595,33.0878559733516,0.02467395125320735,6010.29092616198,58875.82543622354,-53.33040499,30,25,78.29618990444851,0.7045400790124758,0.0784678975669144,0,0.07848232628238687,0.07222715262052005,9,0.944831910143385,1,1
鼎信,TERM_00658,0,6.116335934548539,71.41088580929271,28.904268993726912,31.576339260792412,26.380333297303647,46.044158815460456,41.38928135326027,0.07173802371198829,4063.9757335596246,34875.11361791509,-83.02602037,152,39,232.48257993915328,0.7330893519710113,0.1143019568482542,0,0.07754202565097802,0.06894491957635153,22,0.7639949573496089,0,0
华为,TERM_00659,0,10.811478826250834,52.29123479290921,100.38625536796218,64.49215642611733,60.79440605196492,60.985209902657694,61.331033049699336,0.16852426110866864,1828.6205138399644,6261.424925158876,-117.2866333,327,60,373.5098699179653,0.26406167453564605,0.19544906881450708,0,0.18304653171726026,0.1993818334556096,27,0.6588195221918403,1,1
华为,TERM_00660,0,0.9729682643281161,18.850280640605348,11.145312901414405,29.53698017462017,24.39045259126328,29.194379138785465,25.90109508455545,0,7242.178288820076,61682.409336860976,-50.24511978,61,3,5.0410327177098235,0.7495013388036579,0.012567247206449672,0,0.06678200981981153,0.002243082101822901,10,0.9372968467977616,0,0
华为,TERM_00661,0,5.070232361989131,84.12220187521467,54.468299088539425,44.78191754636162,45.55599314392961,62.01169271296087,57.12059730992555,0.13435173456244393,3346.287946753131,29585.176146373065,-92.75216701,231,39,337.91425271939124,0.3934610270758514,0.1552609525647305,0,0.19576856785267882,0.1762503647528008,18,0.7102156636506934,0,0
中兴,TERM_00662,0,0.578234545535496,6.686818013179288,29.712476143567944,18.581893227031387,17.36273222498049,38.63936550900184,42.25325522151385,0.01284171891643916,6577.626159309268,65494.99529048576,-57.75997643,9,7,36.433299702993544,0.7099980851508876,0.07172868800030358,0,0.06258146111660885,0.025830823921729106,9,0.941648494464774,0,0
中兴,TERM_00663,0,4.036660540814453,34.958015464673565,20.88475166445477,23.96979381567433,18.604293637353486,29.73948099904497,19.826259081676568,0.0452524134931304,5447.87669032714,63121.26293988857,-64.78426285,45,21,84.83458030037167,0.6426059267220156,0.056387961067530884,0,0.13427636997933257,0.03794612277354756,11,0.8087577301414387,0,0
华为,TERM_00664,0,3.028424532294604,22.325178489616842,1,21.25579100675334,11.078911547195334,30.29148087021422,15.362220137089933,0.019758480091291695,8073.596332172255,73048.42313769694,-54.01279361,21,3,0,0.9047467803009759,0.06210297052833696,0,0.054024118278249926,0.0239086762609312,12,1,0,0
中兴,TERM_00665,0,3.4344676948948103,48.25759832297394,72.44998142794489,46.156533568824486,44.059174313413685,51.50916359068131,41.73317729096519,0.08037989178043363,3110.2060430375304,33322.30504981093,-88.80619897,229,63,298.44308331559324,0.4818940345653566,0.1137001257955327,0,0.21306426076007534,0.0765974471598839,22,0.8204493337909473,0,0
林洋,TERM_00666,0,10.549207562408066,77.30516285361483,72.94080649697688,46.51057165274106,39.93604379315001,60.49326099034993,56.40551185494158,0.09643272089328107,1150.6183959266832,21981.820579239808,-98.40532006,300,74,437.1104356704857,0.02994716425758487,0.18456308045421185,0,0.17754508802226718,0.13812642560220603,33,0.6260445194838767,1,1
华为,TERM_00667,1,1.9680627491936504,51.62600921116548,52.21650976513793,23.300651758873926,17.44692631720061,52.593088820282645,51.76038944430451,0.07000387004692271,5523.902801863223,42451.698030707004,-74.92666531,136,19,203.28269708539753,0.7720749486596704,0.04929210372487296,1,0.11253137932866576,0.09389069679542883,4,0.8290721127690016,0,1
林洋,TERM_00668,0,5.564342990562412,70.30588776106029,99.38270368390396,53.387518493328045,41.794093188697076,56.63456416900826,47.16988037837139,0.15827060744909094,1267.87080435385,5685.886451513524,-101.6619204,315,68,437.80204473762046,0.19228680149734562,0.19143938982702977,1,0.21405376726873995,0.2026914226407559,33,0.5738220011487051,0,0
华为,TERM_00669,0,3.1870947119303823,35.671583963850004,19.469942766960326,29.321096286824876,26.388950368367894,64.14207180183936,81.26687261082917,0.03721747151635352,7145.170082668129,69057.80974096678,-76.50290115,67,6,58.12010097173625,0.8339585415698065,0.06757088040837289,1,0,0.013186319484585086,4,0.8962703906234886,0,0
华为,TERM_00670,1,6.684443093001631,93.37873635761878,106.4318668335461,59.15510192517586,67.12203065242262,82.59944194811419,78.6924076747819,0.1629133569045054,632.3636068465721,1791.9166973724916,-115.0730167,370,94,429.40809212819033,0.25139378870845464,0.19278088935474338,1,0.3131481677294044,0.23179400406923437,38,0.728085611948156,0,1
中兴,TERM_00671,0,7.0424509444506525,75.34954556518801,121.52107404087701,54.6296564832093,47.09822332427893,80.85388841763573,76.76457782807589,0.12445843000719398,865.4357399740838,7894.646107630345,-94.33218785,422,71,485.3973398519801,0.3044270405883185,0.14487944766778751,0,0.21316608370097065,0.1724208290989045,28,0.6595489355323286,0,0
林洋,TERM_00672,1,5.368884342541762,104.69342140890348,81.63153867523195,49.69234322101191,47.805354911876016,58.55381482295963,45.816007775947966,0.16621403008005842,375.1583741455527,8842.211993247936,-130,397,80,473.6387044108981,0.07578930641800287,0.19539779067281454,0,0.25867464655462064,0.1997598207526736,32,0.6452969975004295,0,1
中兴,TERM_00673,0,2.685474956826931,13.610822454219061,70.3057323871245,17.628027348530768,18.857322754472495,17.056673461474197,8,0.03019403865305631,7550.9419451697995,69582.91450112217,-45,20,9,0,0.9310573933113213,0.00560335187968251,0,0.025328587419218056,0.037869028581709235,4,0.9016223049773856,0,0
中兴,TERM_00674,0,1.997804023159791,33.58756294855712,32.660251261110524,27.45539718890633,19.8405116865906,31.983887737586738,16.285314949754596,0.03738520830201657,7613.413867543807,77333.4457443601,-49.92725865,1,0,27.088471774718737,0.9041360196272135,0.02468760800899386,0,0.07793175339843997,0.06784881168080228,1,0.9411483692223305,0,0
华为,TERM_00675,0,3.187510110979861,35.7658360293877,37.66612161749541,25.18066224359572,8.054716475209315,51.24079447795591,54.4693084893811,0.06618254079398148,4553.52249208205,39348.52905422469,-93.28772691,165,20,200.44668795274453,0.8082340274294921,0.113498161046364,0,0.10342423334256866,0.11495857591229987,15,0.8139525433627366,0,0
华为,TERM_00676,0,4.228921863828193,44.57073823814617,64.36319815431092,50.93140688305978,49.40896434937645,48.036331397285885,50.31103710294679,0.08652670464091639,4577.710098886785,45675.02488847263,-81.89455178,164,33,240.91339215381282,0.5111403475138868,0.10954379036675706,0,0.11166664049319325,0.0892745691073224,16,0.7333808284061158,0,0
林洋,TERM_00677,0,6.109758603796495,62.35235895549168,82.32571627977168,46.276011000531255,41.67256838254529,52.097781495816356,47.08906590314922,0.08508713310569602,2588.2336270084024,21845.469713265476,-93.37520196,233,58,308.9100828095388,0.5200667801285639,0.08861536019946037,1,0.17163659603572265,0.20823941266409518,20,0.7319698614047767,0,0
华为,TERM_00678,0,0.9289998880406598,26.84393766301665,45.03895596452928,8.318000141642717,4.874671052896287,18.472716693825515,8,0.03439137716073813,7892.025826154609,77079.47998093755,-49.34866129,34,0,17.437352415196354,0.8330109474540138,0.014778904332209528,0,0.03892941923298261,0.022839067831391106,0,0.978693155362461,0,0
中兴,TERM_00679,0,5.112357972380239,45.94371497688179,90.4747905479228,59.53757782023716,54.81205581281072,59.35130603166912,52.68615596482966,0.09650168168314632,801.8437369292328,10595.173727817191,-116.1890433,389,72,394.8714170052078,0.1038768880787034,0.1859895926971523,0,0.2033750601483159,0.18026224909207844,28,0.7275684961200803,0,0
鼎信,TERM_00680,0,8.655934080260957,72.92524497003974,69.82498084652727,49.91892260732022,50.7179394206248,55.59670415907321,59.125333208188245,0.09207011626799881,2845.5745042993844,26979.371192933293,-92.19548053,298,49,392.7930516452502,0.3493909919414826,0.17999051151757117,0,0.1438661532299991,0.14840098021229586,37,0.7317075218965721,1,1
威胜,TERM_00681,0,1.655093850710217,25.52117891024617,64.95261138647676,20.532408524211856,15.04479239580211,33.57551185104417,25.550582549722492,0.003196392509936863,7246.8821993405745,60531.60726319168,-50.47209735,40,0,15.266929323234592,0.6880874362724563,0.033718975545442724,0,0.030616909160136208,0.025528401668845745,6,0.9079679231592442,0,0
威胜,TERM_00682,0,3.4652835106961133,43.07437851637409,43.61238475972698,38.25058483834168,44.10500686263383,39.38354924368164,28.971292555884574,0.15275269430079785,6835.403280728877,49054.84986962004,-65.35445188,145,25,114.89323877015865,0.6107967761678769,0.08324741032195834,0,0.08283677066609205,0.10983639927110775,19,0.8494210146557035,0,0
中兴,TERM_00683,0,5.4753968286400685,50.39392582561018,16.52545257935898,28.10209381387314,26.592340105447256,38.44542881378197,31.159427445373645,0.07527720726801154,4794.718819159144,49669.82522987593,-66.67843282,145,31,137.33868977451388,0.6131714270842691,0.08405660648860092,0,0.11269970447457961,0.07590607990192029,7,0.854142442347945,0,0
林洋,TERM_00684,0,8.179888648000276,36.24736768072204,63.71634734224449,30.964602843021883,31.022029315854866,56.718701905304854,49.961536207659826,0,6824.585207849995,68901.08603920334,-68.1660449,55,19,85.05570607839161,0.7615779344635089,0.028979458943963865,0,0.04624433703813964,0.06601325535883432,5,0.936757246421484,1,1
林洋,TERM_00685,1,9.73332379624536,59.8512039607632,106.94599255751841,59.69982615227646,54.732673827713164,77.065281421811,76.49380219723726,0.10889133021071096,0,8450.303397308897,-114.4817384,387,88,479.2832243323167,0.17375202400882217,0.18628798500026442,0,0.20435788926607867,0.11762855374924404,33,0.653532867554274,1,1
林洋,TERM_00686,0,4.354466630057743,23.681642128639417,79.69756426033477,28.92947478136479,25.483702308941165,54.35849993152596,36.11511270046982,0,5618.830135637312,52695.59940909605,-54.79880666,144,23,177.3236166329408,0.7417846984589774,0.06465401282050955,0,0.04325637676594712,0.07433532191914922,12,0.7458246655490401,0,0
林洋,TERM_00687,0,6.432817042695094,89.09060283898056,63.98478189454128,67.37159709283075,53.9234198205956,69.7769033220902,65.79287798607346,0.1040049755733538,365.96970208637333,4295.125294,-123.1592297,320,78,472.28952872249596,0.16460282233106893,0.22298635727013186,1,0.19491367389593522,0.17473719094175102,34,0.6827643879165386,0,0
林洋,TERM_00688,1,7.162791688028439,92.65684297313854,103.47325373376799,67.67488063855055,59.78995430081506,56.47972154970124,47.29883610715923,0.12385988381639985,458.1843360308034,3703.145684708734,-116.30932,444,83,457.8770675738776,0,0.17580383561514148,1,0.2621854103482603,0.20127133800736002,30,0.5416726803485021,0,1
威胜,TERM_00689,0,2.500506579149458,26.599648508284346,38.003481185753515,21.679144494932782,22.06741430945971,51.60578894239531,43.392537042792725,0.017625308934035147,5255.27785428973,58329.3646269292,-81.04584704,114,2,160.131625795467,0.5184284550008443,0.0620284287098709,0,0.1230324801130768,0.03268698975285898,12,0.8086276900608046,0,0
林洋,TERM_00690,0,0.6950096468227336,35.53866248367366,68.90881928429316,25.59902840971603,20.264656889491786,50.719262911957706,50.246021251939524,0.004934012449586198,7979.08098201198,67084.92151943201,-49.11682607,12,0,64.31508528374113,0.8064746490263599,0.01352062579291204,0,0,0.026021935373153615,4,0.9171253762034546,0,0
华为,TERM_00691,0,4.336747485932122,44.13827529684429,80.00005624984153,51.13884877332357,40.51445724636734,63.9329155833604,51.12206917497832,0.09100435251510552,5166.59851592959,40578.94222193585,-96.80051362,143,28,183.0346212738106,0.5133352014057543,0.13111395188936792,0,0.13495684448353412,0.09746933449063948,16,0.8351415022474182,0,0
华为,TERM_00692,0,0.5,36.211821899759826,35.64364944179927,32.62303473478347,24.20199186066301,42.699347516106094,38.77892938697413,0.009877923857508325,8760,70969.7100768191,-62.26037892,8,5,0,0.8192223780298298,0.0390341286945481,0,0.05401974572754534,0.0168234428327739,8,0.8696691021112501,0,0
中兴,TERM_00693,0,3.502077112872213,39.105420241237574,35.55127967656108,13.270814372939608,4.809402026011016,35.48742687636583,33.375073604264145,0.03329724203165721,8760,68346.49136878976,-45,31,5,23.7822394973946,1,0.06357556437868056,0,0.10641463009465445,0.04036684399896416,6,0.9154870793130467,0,0
威胜,TERM_00694,0,2.3571217164480815,27.378399418091224,19.656938316436673,34.59861996295159,29.404005192051123,36.58301867636361,35.0606627771912,0,7334.882789117397,65520.58308509984,-61.93179343,32,10,47.64464460992569,0.8148000208951578,0,0,0.13301303964112635,0.030166202910587366,10,0.9483028403053664,0,0
威胜,TERM_00695,0,2.758681382103736,29.791957992923404,28.751362864214094,28.273823729463423,19.10279889564109,40.91718183850196,40.15838254095125,0.0014409370767596887,8551.724422963276,68760.62028813182,-56.84268479,0,9,0,0.8140950505248692,0.051583949903131934,0,0.07704733750379394,0.04285629714612872,3,0.9668407201411434,0,0
林洋,TERM_00696,0,2.793184994794042,28.285224426838816,61.91269985040258,21.56120633876985,23.676514383813608,27.295980862182144,25.72741093297163,0.01668453714088887,5947.862516346037,56420.88983029168,-61.19668627,88,23,157.0791183803546,0.7007257624882859,0.03777897122022423,0,0.11288882828176809,0.09407376058627503,14,0.8858824391955777,0,0
华为,TERM_00697,0,3.136312720957728,53.06619868536221,109.11658400911016,32.90885572570966,28.949881269053844,51.22732088827708,50.542916013064584,0.0626477429526248,6002.736834419562,49704.284993449146,-74.38614408,126,28,128.3825890181947,0.6334596683666951,0.052920883186014844,0,0.11316151027144015,0.10230959763629521,9,0.8986458390254454,0,0
威胜,TERM_00698,1,8.347371985110401,92.29217036440816,115.19483302729833,63.26147128716007,51.28389785529567,64.65329797272554,54.368483987548245,0.14260598090643212,1072.010803604301,1293.625898938809,-130,481,93,533.4980079072943,0.1589601185973104,0.191797592993972,1,0.2176649785902313,0.1860165167830206,36,0.6620833024026385,1,1
中兴,TERM_00699,0,3.795652255674602,56.89949680064293,77.2676251072927,34.99606739183342,37.676770901302305,77.75474908968236,80.94879119654519,0.14583266494447156,2998.5878585929227,29897.12692210836,-101.9306826,323,52,252.74956512708422,0.4474143455215622,0.12569012921562334,1,0.11409461481899227,0.11434036588621001,24,0.7487700248206817,0,0
华为,TERM_00700,0,6.235734791454448,57.39946350427043,97.74955794474712,57.466889359738055,52.23797377993663,59.83589535771357,47.72851323511921,0.10125067935397276,1764.3428515659377,12909.191330619453,-96.1595461,354,65,380.7272392406211,0.4119286898230819,0.16267589566353105,1,0.14266560142156476,0.21131587460392348,26,0.6681594326628993,0,0
鼎信,TERM_00701,0,0.801223336061909,13.775888210367066,9.309867837170623,40.04233891895977,37.57230425179971,37.47412495445868,34.696191891154584,0,7005.436301666272,77190.2632382247,-45,0,6,6.301417523115584,0.8645674573676189,0.001400582514662834,0,0.03961965942059663,0,1,0.9050344250118393,0,0
鼎信,TERM_00702,0,5.729266469596879,62.45092982471017,111.34935661063021,64.68927311133068,61.22297965821115,65.99372724543775,56.90837780611845,0.13708831888861703,1790.4733584213395,20621.491817778173,-125.9295381,365,76,397.3576451658328,0.3791283809027184,0.168809515890231,0,0.18565181965155672,0.15935037446070452,24,0.6256128585932212,0,0
华为,TERM_00703,0,0.5,49.46061417062759,49.59404547667881,31.603488512985205,28.69059866923324,37.097759566923756,21.790877174415826,0.04079016390006711,7089.80858177882,50947.695724346726,-79.34575549,85,35,132.89517876798843,0.749680423891403,0.06352875936384389,1,0.1184493510255398,0.06154997210234131,16,0.7916821604467926,0,0
鼎信,TERM_00704,0,6.816185835060097,71.05706807030077,62.9700438279923,36.46367538804937,29.746130242549086,55.94833070936642,47.52767160336344,0.09057658938606183,4643.700251335895,33761.34534278011,-90.78980359,185,30,228.5289702015929,0.5681495493412965,0.05463597661382276,0,0.0879557693539028,0.0785077362188466,23,0.8556960361267832,0,0
华为,TERM_00705,0,9.033309933242196,54.57233066759193,53.96737196344816,34.528989865934804,31.182804332226866,48.83504880453178,43.12434846573908,0.04980642235688164,6403.6814023227,47351.74869875167,-77.38634556,164,12,147.48328240909942,0.5028929612845717,0.08388806542657061,0,0.10559497237613247,0.07694248344332258,5,0.842442981561645,1,1
林洋,TERM_00706,0,3.9230620054507037,59.36694612572783,40.62806848058045,13.38491046909186,7.638727394933264,46.26636956166378,49.58782256602184,0.009932564796593185,8433.644741497883,70652.46545781968,-64.35953932,9,6,7.713770977960664,0.7051294032850621,0.02574594450177432,0,0.005990520303245206,0.061793042083704654,7,0.9768247546335852,0,0
中兴,TERM_00707,0,8.32487396634086,68.180226827122,65.80833892202949,47.65754488964925,44.46806877293568,69.74763975734717,75.66567518518043,0.10013357954615976,1451.1185209735197,14983.664700260542,-105.304297,311,53,359.7562953927306,0.14164571697083317,0.16741727116497324,0,0.14798387267610633,0.10427209681621166,33,0.808422929403928,1,1
中兴,TERM_00708,0,2.013595782424008,51.61219749890532,57.16055281140485,17.256469093255,11.32783343766925,48.20328036000637,42.425436104532736,0.04723953548305233,5671.973574750202,41442.36168908434,-80.62882183,119,25,166.1935560096301,0.6580725110851378,0.06335702912573042,0,0.06869200941370805,0.06278798853133946,13,0.9479976582360679,0,0
华为,TERM_00709,0,4.875876741755448,54.87876747601235,73.86414546382375,53.53310034373862,47.0828919053913,53.11174531163401,39.777572388014924,0.06930811310292846,2335.6271582304253,17121.83485717061,-107.2702975,281,76,376.9411395388788,0.3592065911055579,0.15601675062063533,1,0.16942165940233267,0.15883703715868197,28,0.7424438292168003,0,0
华为,TERM_00710,0,11.40621821117605,81.97165106971161,88.1053716575729,54.40308473437216,42.09292068892182,59.56804951647315,46.731324963284635,0.17579088384631558,96.17606114571095,7604.887036917221,-124.354738,368,76,438.519785290418,0.20070378944818867,0.12190053883987255,0,0.23322671057349367,0.23390289589997404,36,0.6065052828617912,1,1
中兴,TERM_00711,0,9.320497887749914,52.604366573867495,88.52560292519053,56.23847153510003,51.212449364091675,78.95240969259963,78.5836255690537,0.15761955664368513,2563.5189843400058,20658.586837948096,-99.58278274,340,64,433.64733233000095,0.2771417374478633,0.14465791390526192,1,0.1779379500445457,0.11601098741640276,21,0.7162278534392776,1,1
威胜,TERM_00712,0,5.461642297282232,69.46031554443972,76.4484024348868,44.35096030082191,40.47402863360518,56.3401663300133,55.589109864860255,0.11999998266910666,3169.092523689697,38347.15379717903,-104.1106871,259,45,306.85731302033383,0.5044125452149444,0.11180437087763255,0,0.12160403099396128,0.15133747968054556,32,0.7450570093067446,0,0
中兴,TERM_00713,0,6.555621468120341,63.31251282205402,75.98632252108013,39.710634159201035,43.955004436612285,80.08803570583282,71.44382999709256,0.09355450788327806,2432.172884294003,19614.66653959858,-97.11631948,291,69,374.0532041826578,0.4396138854738587,0.14358507361353579,0,0.1508198867364452,0.14018796238367245,14,0.659771427697704,0,0
华为,TERM_00714,0,5.417632368227832,40.093459307971756,74.49749173124248,50.69659185779181,48.09342189098343,52.27350805368902,40.228140474994845,0.09297647516931792,2149.6418965963076,16470.660667622033,-94.24916837,331,63,344.3975552638003,0.293480760577226,0.1500188214723389,0,0.0407351538682606,0.15578958677600407,19,0.649835068440064,0,0
中兴,TERM_00715,1,8.427948112937939,77.15127884174404,90.55320417391495,52.82169988326873,44.1982886712191,90.65138738230473,91.60503575894396,0.15982597320927033,412.84965970418466,1820.743215758193,-101.6829124,338,75,417.3487392295585,0.17406570137249172,0.2219984949812268,0,0.2267307377845706,0.23021382683370636,40,0.655469371522212,1,1
中兴,TERM_00716,0,3.8608824626327616,81.15769357413791,48.34195750793502,52.82116673866808,42.747778612219435,42.69535564357318,30.32742054388963,0.04997292771060535,5649.29842484152,31511.241665345708,-82.80985885,202,52,302.04067662901235,0.5391663218846308,0.07473942629495489,0,0.13903048481255498,0.10414896205321175,22,0.81550940564398,0,0
林洋,TERM_00717,1,12.573384737853015,95.39628693580741,73.80438844410216,52.81773810237987,49.15492750240551,65.23606156666322,57.57018842164173,0.18257941353811555,0,0,-117.4845051,379,82,504.6300007626104,0.17319357253597856,0.21966743590902352,1,0.23073867816033225,0.19706613297376024,44,0.6648197393679482,1,1
华为,TERM_00718,0,0.5,36.155017019309696,9.19926648957858,18.878625712949745,10.153887416167525,41.730750329576395,39.57170494209656,0,6799.227420824332,62409.948174199184,-72.81151653,90,3,48.89938271190732,0.8734229463057819,0.09197905948080734,0,0.052440538353977294,0.035926169822223485,3,0.9151210094390698,0,0
华为,TERM_00719,0,3.6975981785979184,41.31936818575356,49.24203265163524,22.997613308061055,15.155229157358644,54.69348042779178,37.688047737062604,0.035314277194566424,5960.524212379511,52698.31969747451,-61.26603007,108,7,153.44778764353495,0.698998472437601,0.05534034046013842,0,0.12969340088627973,0.07601921856579734,6,0.8307443126323457,0,0
威胜,TERM_00720,1,6.183640981499263,85.87943758152487,125.22005235294533,50.39981719424076,41.65918661449455,76.08221009657767,76.80229962799403,0.11526786269762981,0,0,-117.5590049,419,81,506.99152370241063,0.0676163856228265,0.21839549087507143,0,0.28798761911348647,0.16374633989530332,35,0.5525244303677892,0,1
华为,TERM_00721,0,4.933616316266442,55.63656453290528,76.50941263306498,40.470720463044266,33.82778656155166,33.57033027307435,42.852018494446355,0.1182131164988193,3849.646695625581,39220.60961221158,-85.39929288,237,38,225.96639361802085,0.5118468782551833,0.15402816118593837,0,0.18037038297486324,0.11589363078851561,22,0.6901164813973002,0,0
林洋,TERM_00722,1,5.984760840622373,88.97693552735956,118.26571496452434,47.34776102419285,46.028372686075976,61.923685876688104,57.607018807877076,0.17279512838457348,947.5804864101574,10950.198598968971,-112.4680942,366,74,440.5329107084913,0.12658831526469366,0.23008565239161743,0,0.210596751825708,0.20092559330439977,30,0.5811497473321273,0,1
华为,TERM_00723,0,1.878776319689547,15.827130689481027,45.621746253575616,25.51222756997447,10.56303860434353,29.683226491710162,24.475310829528183,0.05148503505589866,6153.147593537865,52593.86927171616,-65.48599976,103,13,61.91259973999236,0.6741704502157392,0.04282834047643588,0,0.03143395104756374,0.003160983629372137,1,0.8560105496171033,0,0
林洋,TERM_00724,0,3.694143843513313,36.28054888150277,30.896314869825993,26.202815819158204,27.67606544076166,23.604180978766223,18.870133584959053,0.07713802644608825,7365.420050364392,59140.597446904816,-59.42606999,63,0,56.07188482508172,0.8687463836917528,0.06490073390848469,0,0.022745614284855865,0.05836346894575907,3,0.8689649858305776,0,0
威胜,TERM_00725,1,8.328510537351962,106.32912573188327,142.02369888280023,56.32611269570773,50.305431808258916,69.5885339012274,65.93763023345919,0.1493037862186973,303.4334865786785,0,-122.4538624,425,101,465.04164584538836,0.023895729899093138,0.22451460986172225,0,0.2725600573213313,0.22617361707046363,32,0.5768367363692596,1,1
中兴,TERM_00726,0,4.1980283331332915,42.86395030537368,78.81313129945276,17.12671914316055,8.956307403730529,26.790677947634975,17.41083757717469,0.0805633201162938,4760.793008375022,42680.57267804133,-73.15308507,136,25,143.51376519331143,0.6015551044656648,0.12255049384724895,0,0.12358969910424815,0.09396534820337943,13,0.9157379607835398,0,0
华为,TERM_00727,0,5.799223538672969,41.096798644866126,74.38141843984478,98.07052107668324,46.64900961046781,59.47027321620804,47.724277264851146,0.7586515807086647,4772.511641822112,47887.90762048126,-93.87737682,421,40,192.45621646587318,0.5399261140691909,0.11512958460267832,0,0.5842835921085718,0.054087158852305514,12,0.7708798154801125,0,0
中兴,TERM_00728,0,3.4825126989032342,17.75669610895376,30.60188112055783,27.209998742642103,21.178748195408343,46.89055867415332,39.771903759552664,0.018166703343914715,7230.742861874606,61362.9907210669,-75.42392173,119,10,60.298727150628864,0.7534649573978149,0.07794437627348969,0,0.10100661144936518,0.02338346309886025,8,0.813121885533737,0,0
中兴,TERM_00729,0,6.051897892063108,68.34553353060709,46.59159627321482,95.52081871178466,24.541331012963592,62.17274007752388,58.094351596715825,0.5209455212539316,33.74196579452265,50641.26235373011,-129.0822661,121,5,160.34748866635826,0.7614858004568662,0.6871553918201265,0,0.05466417044113862,0.006691949405374195,9,0.8478135882735113,0,0
中兴,TERM_00730,0,6.327165918898349,71.74707688975901,86.3096824815737,51.58986390702306,38.98069604476963,53.59911628792146,42.608653647701566,0.09956090408274787,1489.1901674655592,14058.201303031372,-99.36065005,369,67,408.4913946726981,0.3621356152376489,0.15674337518070955,0,0.19305567591772552,0.15977801142847392,27,0.6893779789971787,0,0
华为,TERM_00731,0,4.426986283128462,65.63316680728157,59.033615693484215,46.96340254550087,45.44062622746364,43.234285744016084,30.15463398267965,0.08933257729199193,4183.165155899963,30263.6104858407,-84.71178021,195,43,275.4831697082432,0.46672654048525314,0.04674193691792468,1,0.1509824109297657,0.08473882884016942,22,0.726530105824476,0,0
中兴,TERM_00732,0,5.1525077565289035,76.70506388911258,48.86158237497594,61.53177380150238,60.33046110679345,75.2959714734903,67.65345070804423,0.07003516652757058,957.8178427789665,9697.844738864656,-115.3723213,408,65,465.35631643687486,0.2992312604310349,0.16044479668001413,0,0.25049551447079915,0.17108651863080543,25,0.6901508233280995,0,0
华为,TERM_00733,0,1.5429366055028497,18.52030544911497,32.69567602242673,29.546485042711485,22.481242598537357,47.36531271427986,34.364844397458825,0.02935346209443831,7117.365179041206,68261.25036576066,-63.42420598,2,16,22.0085685434849,0.7486299395035151,0.016289191882155475,0,0.08316854862477684,0.055636849725305235,0,1,0,0
中兴,TERM_00734,0,5.995691267371747,38.26167946595841,69.10538504146699,39.14002682971727,40.74665113661714,63.3530388604519,62.38382053156939,0.0564270242776505,4184.1697563375155,42655.00963783177,-83.2445123,177,50,252.2377222693145,0.46566662304004486,0.04235134723608256,1,0.13563315732851502,0.08138629869146141,17,0.7896826153029629,0,0
威胜,TERM_00735,0,4.015708922439439,6.212332639129196,24.37856586023261,9.430384277781863,4.6095389998534975,46.92504034448429,21.27556486137319,0,7413.277867431479,62561.89626960669,-52.50988253,79,5,26.974646204721708,0.8863487268914465,0.02331346175769833,1,0,0.03430527656938559,0,0.9833278674547082,0,0
中兴,TERM_00736,0,6.293054595689511,64.37910791189252,52.24410474888677,42.258692647175884,43.89871707603329,53.831601640670605,41.82279809551648,0.09886154993156651,4912.764495909564,34246.772230067254,-75.01598305,147,43,214.06628681549842,0.4343257664366691,0.13775400521298178,1,0.17694823807490465,0.10295042816380116,24,0.8298163325333427,0,0
林洋,TERM_00737,0,13.940658702409502,69.89831070691626,77.12240600113059,59.16354879809892,49.37671063951812,62.79543005902809,66.27660888960318,0.18349944087659664,0,5765.400640434591,-98.74174788,411,66,442.39911839643236,0.18956935484987744,0.1592272029249046,0,0.19196564922399179,0.1594910127324911,28,0.6465787683718466,1,1
威胜,TERM_00738,1,9.520374641998842,95.72045152897148,67.23968196317247,54.91518232292759,44.51620159351305,76.74132145520966,70.41101049233896,0.1743196988210213,553.1733677634018,0,-119.876757,397,71,469.38729787823974,0.13691525496781398,0.2530429128974624,0,0.2269959032390984,0.2391448406448374,34,0.6515102157908882,1,1
华为,TERM_00739,1,5.10541115459176,89.76263156305423,100.28301491765008,52.67307850698484,45.104831988579804,64.78342546040612,60.8870014180357,0.12246463293870241,0,0,-100.9010039,417,74,487.87149743669477,0.11444717788212619,0.20702711286107603,0,0.20558278893020973,0.22071945350281819,30,0.6345983963386672,0,1
中兴,TERM_00740,1,9.203867398618259,99.61764449559382,79.42112988779049,63.388916302217275,56.39109445691709,70.21686871361901,64.44335046558187,0.16670077185598003,808.7680975137622,0,-117.8103678,385,96,484.69153344075687,0.30848424754340364,0.22103151410435956,1,0.24111330170853898,0.16244448134262382,42,0.5610030882167648,1,1
华为,TERM_00741,0,2.6183477844544707,24.50097804143728,36.135340257304506,27.193470066778595,27.948904368338646,38.00734102372615,29.243431101007882,0.029622019622991207,6328.933758497333,49887.37025931076,-65.25658876,132,13,120.34367789873649,0.7734379236268594,0.053633840209049904,0,0.03207380969979602,0.06855492456048035,2,0.7697688502204295,0,0
威胜,TERM_00742,0,4.641846890479356,54.72937655955144,25.683591692254094,27.466013948486005,23.932729398713875,46.9299331555025,48.50109175301567,0.08093739765789319,5998.091870513084,58877.510901144036,-64.37367635,86,33,132.63105383071587,0.7343430746025235,0.040950941616086214,1,0.10711768648961918,0.061415203237885116,19,0.8667058980002978,0,0
华为,TERM_00743,1,12.666749482518142,85.1483713641782,75.36791336537807,71.8170940258374,63.020880616204785,81.05378363741497,72.62261394385574,0.1511659538714683,671.1187858145249,1635.572151922925,-108.4705982,390,73,492.90312608181375,0.1700871031469472,0.20924681854394475,0,0.25801647275997625,0.20834689556089092,35,0.6021006156300258,1,1
华为,TERM_00744,0,4.0446879123273085,62.23467955777112,2.8755522964811018,27.291911889399156,22.347706447517016,33.18513703769077,23.2142476789687,0,8343.213107982623,66813.19965227484,-45.51609855,52,0,0,0.7895292704291227,0.0514333416287957,0,0.0707094099206119,0,1,0.8518637949142447,0,0
华为,TERM_00745,0,3.477280883017066,38.65935666756206,96.65221023185383,47.97457739735053,40.83431847660761,51.422163752085744,50.36273562232082,0.08848229822274312,2915.2913561357645,22733.45107468506,-105.0956036,225,46,318.4772755912317,0.5660541302855615,0.12509432548644603,0,0.1761456685822634,0.11979197760625641,12,0.7248749761578881,0,0
华为,TERM_00746,0,2.476746166477339,73.69402061998645,33.16538145595769,39.610315136062546,30.591524564412477,42.5686391906923,25.98472578228518,0.019761591609212516,5819.2064851967725,54393.555487550344,-70.04944513,107,17,113.93397268536134,0.5904319562972902,0.07204455640128493,0,0.09318605984903366,0.07499442145583943,17,0.8569680797899205,0,0
华为,TERM_00747,0,0.5527872991971203,18.687017839082444,7.393596655713241,22.97589214776461,17.577183323276294,23.501454466857652,16.788913341126356,0,8289.111644547009,73392.83133364112,-45.49988508,0,0,0,0.916149548110903,0.02131021237171898,0,0,0,3,0.9620390227192547,0,0
中兴,TERM_00748,0,0.5,28.691010064292577,70.32686610553819,17.423713195565043,11.469432643104698,44.315694103933815,36.20195160807295,0.010949975046461,6695.186671178389,60569.98258696353,-68.51111699,23,20,23.812404264870366,0.8984160314810844,0.01424720052365247,0,0.019689907369274024,0.041523561858956545,0,0.9789983610135031,0,0
威胜,TERM_00749,0,6.433665370330412,61.0075220802527,80.89124611778087,45.495738495382206,36.667345405461,61.201120812902964,54.376192918175754,0.11837011165530954,1518.732464319278,15959.474320862864,-116.4715013,369,58,407.9943115176803,0.40644172897534214,0.15860323979485857,0,0.1833136252666664,0.1387097980066431,23,0.6592713098333095,0,0
威胜,TERM_00750,0,10.24463579652074,61.047638668577655,53.22276178403157,62.75888917276223,53.877069065449454,66.93654109085875,59.006238473526295,0.7066225350116316,902.8152686412382,3441.1715531342084,-126.857499,414,74,582.7397487183682,0.13703542040947947,0.1649025131553018,1,0.2322661486905236,0.18738240699727501,25,0.5238779990618091,1,1
威胜,TERM_00751,1,11.978893504446468,81.82363124763631,123.77832940379187,64.85561489040602,63.92859777335496,73.16131753804918,70.41184296845225,0.13373644447751057,463.22784884482326,0,-120.7409064,423,81,523.513990395669,0.1623400381307215,0.2222732535824663,1,0.23585747113610311,0.2299421051748319,31,0.5811521955893764,1,1
威胜,TERM_00752,0,7.460135058521756,76.51604463565766,82.78026820875853,58.999849971094385,56.11692924822027,51.26115545418645,52.85927277442622,0.17038297320512105,1181.0416983501252,10399.77874089931,-96.39966847,370,80,446.4682021966213,0.10754895322233214,0.24899112570434223,0,0.2471238905400759,0.2606270628606642,31,0.6806966984655344,0,0
林洋,TERM_00753,0,8.367498418349765,77.4875849246934,92.15509340205189,42.18156068955395,41.899904337588765,76.37930410500307,74.13532565371696,0.06841901227316595,1794.5291902619904,19549.43643581965,-117.903023,270,64,355.23837578263755,0.40797114490287356,0.19375635926437731,0,0.2947287656335486,0.16311347838301865,36,0.7431815811669275,1,1
华为,TERM_00754,0,7.435328611483173,96.1675861453762,101.13317335100812,60.42142531498875,54.0026665008802,59.478771433825024,52.45728972661892,0.10356413117547797,1047.8606629228148,3986.627411246288,-119.4375428,338,72,420.0065637282909,0.20867252146367823,0.16706353190349316,0,0.23272409160320182,0.16697005019065586,43,0.623115400631782,0,0
鼎信,TERM_00755,0,7.721972460923947,80.88685036810905,124.75300560671445,52.63754054291974,42.198861942303346,60.26537504483672,59.05397559607989,0.18749966028984721,2262.24922084914,16879.02573220266,-112.9076497,364,76,349.3739967093703,0.1971100239277709,0.17969572533561437,1,0.18554470762435513,0.22714512549408838,32,0.689119287146267,0,0
华为,TERM_00756,0,3.1695991378133237,42.75505111845506,41.86015175423405,36.018346968221344,28.14883628300046,53.46683505447373,52.95838284397712,0.014987464882470818,6715.081087301112,55275.705034423634,-81.17731461,103,15,196.82287385428066,0.6245990305550408,0.10448514839502293,0,0.12296033889463592,0.10449124534716511,3,0.7968360405825857,0,0
威胜,TERM_00757,0,6.448007356570377,74.24508871284428,21.477608994606275,41.0613001446272,41.19787017447722,65.35212066559924,62.51769300354012,0.1444974566790272,2613.2848578609146,7816.2143505959775,-109.4120032,292,50,340.2409555168439,0.36974171192933203,0.1417657162553032,0,0.15742636385517605,0.19795226422687287,36,0.7079461155682563,0,0
林洋,TERM_00758,0,8.295626800894683,57.71914911641506,78.81631718607832,72.32433255295045,59.32231056030065,87.01017894008878,88.30207830693001,0.137306815924857,438.92274332992633,938.2698173859153,-130,340,76,495.91562303423154,0.041672905197938925,0.20143467519572622,0,0.24544165794520323,0.19182962374168605,24,0.48731144590295217,1,1
中兴,TERM_00759,0,9.775621806029248,18.731264507671053,67.0330964891732,35.505185539751324,37.72873996236821,37.18283497180805,18.09846109332774,0.05521248917651166,4890.401927635818,43798.03432909125,-81.20406566,107,23,214.43755488946246,0.700276195840792,0.10240222689815756,1,0.12336067450719525,0.1053556461746781,17,0.8152789583197991,1,1
威胜,TERM_00760,0,3.6742552104887114,18.434292870864432,55.88303054263959,28.596265944060068,18.04546772583339,36.06807642858668,31.22866281510011,0.07983610235692076,5928.263829580135,52452.822379638936,-58.71565287,192,24,137.16597988870265,0.6134986474277384,0.08157762974681036,0,0.10489262587305104,0.0751651545643814,11,0.8615465185898661,0,0
林洋,TERM_00761,1,7.732337186725255,82.30068639098702,104.00119411189858,63.969370531902136,62.86775311161657,56.99120338422809,53.83832404598831,0.16965456184793143,0,4790.1328508604165,-113.6115488,456,70,490.8784329982151,0.22835797331236055,0.20030349378844392,0,0.21965468831549537,0.1962938009033263,41,0.5875478414888554,0,1
华为,TERM_00762,0,3.3217428791907064,1,4.295685453997995,27.41205182566717,17.30975907962283,36.81436285119064,22.926948581344853,0.0519290905376599,7387.814599080201,64917.1093608327,-46.47945322,7,0,17.406827431050097,0.7896527534560971,0.05400044158639584,0,0.036007422156391605,0.02577923366476681,0,0.8750138095666691,0,0
华为,TERM_00763,0,2.6612209984907538,36.022994814939956,48.73258021537096,40.141074994529035,32.165234744993825,45.47910970334312,41.80373701387331,0.05532795608989875,4844.182548537838,52253.11691102774,-84.32486269,132,41,250.36361832933133,0.6091945085046974,0.1397909522597496,0,0.0927638669267884,0.10030023441363008,19,0.822026744003273,0,0
威胜,TERM_00764,0,5.225961116771146,38.014463004915385,76.59525335300057,93.62766068417449,18.776010437480366,96.82743350781514,47.80582021792569,0.09136613207478446,41.250595819496496,28461.44706231313,-122.4673185,421,43,444.8521453582689,0.5038740506076641,0.11642576164884698,0,0.7729221435686869,0.12133091209752654,27,0.10310660191500993,0,0
鼎信,TERM_00765,0,7.104369567042568,53.406613966721316,72.49940028401909,44.050415747003804,48.31940855212778,47.38871204290704,41.04546353581884,0.054675963607263275,5852.550447875755,40232.882115320426,-75.0558746,166,28,189.75074896466387,0.6547958335708671,0.12430135568465264,0,0.04600314244260932,0.1287490301573013,16,0.7780019287947774,0,0
威胜,TERM_00766,0,6.251096522234695,55.789907856107966,76.71921532803266,33.941159930963,31.815313681206206,39.291115711673655,38.23035200448981,0.035093548950752125,4885.392016681974,35470.63456753363,-81.46641807,230,28,171.7789318241843,0.5246623567748977,0.05053153444863897,1,0.11692958207277963,0.11241650203069052,15,0.7681387121336721,0,0
鼎信,TERM_00767,0,5.485591040194646,32.54493485067905,61.07200304869281,29.61672761516209,27.78522019197464,58.98684204408852,60.1233620161124,0.04922805325575345,6399.215033502606,52552.54286933157,-71.28095584,81,14,99.99735467950943,0.6063122405626491,0.07838134343122981,0,0.17020074662937779,0.06989825860271451,14,0.8527247652835694,0,0
林洋,TERM_00768,0,5.084927971958592,27.063855363897165,59.91863052981897,22.65184096188311,15.18750184852359,45.78931481082301,48.844097443798894,0.07617992474276992,4526.95150796747,39457.57043667181,-74.6047543,214,34,244.03249587516535,0.45700769523246826,0.04600861729614787,0,0.04166844543177188,0.11628784231637626,25,0.8553721690328241,0,0
中兴,TERM_00769,0,7.177311421763869,71.2273505811971,66.86213242168577,47.593028831458994,37.93925708020959,56.68080787429545,58.65373115942862,0.0634274774539795,2283.6200118938796,11209.016315158813,-112.31267,322,54,435.3582013910641,0.36722387215624,0.1376661507855345,0,0.11321242774541015,0.14811957187810948,26,0.6094188846401265,0,0
威胜,TERM_00770,0,5.556212238085562,48.87940159100524,83.17116603720403,29.922938256931577,28.805591293120514,23.106004517612277,26.299645115116387,0.09118182602836261,5086.885382746467,47592.09777474734,-84.78645997,191,23,232.8669535162411,0.7936678507793249,0.050511806212993574,0,0.10757071891834073,0.04904517341172073,9,0.7917928342501621,0,0
华为,TERM_00771,0,9.691215132,94.58727144718894,131.614986309595,59.27707493395645,48.261451975212516,49.75804539315631,41.76076017986106,0.13929583946001467,1401.1483141691067,9090.42774116134,-106.1545905,370,72,465.935678797198,0.0567249602863544,0.2296456889338418,0,0.256218649155802,0.21055066084385393,28,0.6716456204261463,1,1
威胜,TERM_00772,0,9.468853768472801,80.92659657201193,110.80009854183571,35.586044906538255,29.75041060534224,46.43235111966619,39.0915570069961,0.05824418922831589,4658.695226477668,35717.18801427586,-81.41609206,160,46,262.85333062408375,0.4452407237242997,0.10055729367389227,0,0.08502662688497464,0.1389155423887745,7,0.7150978883712038,1,1
威胜,TERM_00773,0,3.521882303683321,77.55298912266963,93.6839123507211,30.32748371181801,19.07383312952442,52.33280506550576,32.49212970349666,0.10152379156216572,3595.3014426563277,31335.026980629693,-101.2155019,260,47,316.79937106656143,0.2954007098967988,0.12339540104171047,0,0.16679699916360394,0.09164150467128783,26,0.7032498560360346,0,0
林洋,TERM_00774,0,8.648922675536884,77.12714070940292,47.96000300977189,53.18245953616747,48.80220176909413,69.52155677042259,58.13054837603242,0.10358768267795879,1921.8962727121184,20374.970345498823,-105.119262,322,56,374.85647096901437,0.23149549955408688,0.15393481391157032,0,0.19531412971104414,0.1279828370546689,28,0.7654714305438584,1,1
华为,TERM_00775,0,3.9513495209443406,43.332688032360736,8.499992106844038,33.774455706301076,19.189891883944654,33.84961228907851,36.16030664979334,0.07126745180928343,5244.14418961672,44253.61869874144,-94.98714437,136,29,243.92160900261695,0.5334093890499432,0.04761381289521115,0,0.09268166541910375,0.11200062454942523,13,0.8992359605060639,0,0
华为,TERM_00776,1,6.879585958597861,77.53960521795554,87.2065646621208,53.41937947525295,41.016485608447816,73.86351580407616,65.23437676010732,0.18898339137703363,497.9466828971059,7050.254644068869,-116.3935138,429,75,452.666125610497,0.019401454381455976,0.20522129429215993,1,0.261116182095931,0.18700846193229378,33,0.6360957084859089,0,1
鼎信,TERM_00777,0,5.712272051966112,105.59258631704328,84.92540928185021,57.99030101515693,48.69120374349502,73.87069479738805,71.25622503449524,0.1524778274549244,0,0,-119.3426374,368,71,457.48225273191093,0.2872388996582627,0.19009282652794257,1,0.19479602679825725,0.1581060747885595,35,0.6401284779422988,0,0
威胜,TERM_00778,0,4.194305852981391,57.81188592395809,63.5858860639475,25.94094861268082,24.01471398320742,59.425974858091756,55.870334514832436,0.06601408312217011,4278.647733809523,32975.90134140264,-89.75782232,216,39,276.8353321351719,0.5881721197992736,0.08644044751001873,0,0.1816961028123831,0.06266968412513385,15,0.7440651332340646,0,0
华为,TERM_00779,0,1.3397740686497062,46.29698972441529,42.10693584376928,34.58586504493498,26.92927648862532,53.77601110334868,56.22012809420873,0.012749216852568315,6765.114610019733,48166.97439811698,-79.75550627,105,28,110.841428363761,0.7270276098998233,0.10469297486498955,0,0.006404850566656531,0.04943237581941938,13,0.8660271302006313,0,0
华为,TERM_00780,0,10.299453292407446,71.37950923632815,72.43600786325035,52.95632547486356,52.874317090437074,53.49720169724874,36.37490807545926,0.10903545616638086,1710.5882220424378,13006.675853748084,-101.372316,340,76,509.28840393136994,0.2028053680207733,0.2153403468525063,0,0.21600777368736365,0.1788023764897195,29,0.6106879072214192,1,1
中兴,TERM_00781,0,2.1574607328693967,3.6160368104892164,69.85344149511313,19.135690143814692,21.639181532112012,41.52714793667617,38.64292850573262,0.03882051630020737,8033.755171525634,74379.4932373385,-54.9715919,0,17,40.95463095415538,0.9459183751806078,0,0,0.04130533937380501,0.017255098067824326,0,1,0,0
华为,TERM_00782,0,6.740806812082793,70.31848151438923,121.70937371221513,59.80728502568897,53.2640693772475,80.81338265663385,77.831587013235,0.12094999041676509,1737.0492358235404,12628.138848753128,-99.3513431,343,59,436.8170294677515,0.17618151710239577,0.14422904686000526,0,0.20036109995552948,0.1250414343473774,32,0.6757177758553304,0,0
中兴,TERM_00783,0,3.2693949339742736,19.974341760511734,16.86867460864056,18.29530089572957,5.9030637943754165,51.261831028929315,41.115046193095296,0.035829117763252746,7385.188915286523,67389.44929596316,-60.03444322,0,0,14.505484166177414,0.8674326786516204,0.045713595307223936,0,0.023687682929368556,0.01396839338589136,0,0.9196443826538128,0,0
中兴,TERM_00784,0,4.71043924364842,37.65733721839533,10.678738104427506,30.515391504855643,30.343791286235884,61.309932474892996,62.07141316968548,0.031171938211241285,6353.516780767899,48246.54149295989,-59.20714609,117,15,139.52626643627877,0.682660756216298,0.044057974222532575,0,0.101609101191911,0.07465995661205642,8,0.8788104603921378,0,0
华为,TERM_00785,0,7.641768507688434,58.20608151523259,81.84709743639864,47.116773101205844,34.408942241931506,62.04382656825405,48.6496147887107,0.08053353623102621,2833.0943576488726,21340.166210262487,-115.6920696,260,67,381.2127783001255,0.5244214762919435,0.14015979282889887,1,0.16850845803675335,0.19417893906675546,30,0.671880922980988,0,0
威胜,TERM_00786,0,3.7001067538682793,21.420742727476895,67.76559456095544,46.325403531606135,36.8090850060787,29.604570519392173,30.991785602774527,0.030062341587249707,8172.71543336581,61088.00636506107,-55.92491468,0,0,59.409236384627064,0.7793902020537166,0,0,0,0.02408683138192059,1,0.9704511628671962,0,0
中兴,TERM_00787,1,6.687783381085323,103.39619856682737,94.01087092633553,61.46754121404361,47.962219859411675,42.561250739797785,24.627136182105495,0.11719428836667894,1039.8015254498941,5072.553627600274,-106.4747576,422,78,408.73952173292884,0.12701553907594873,0.1587903685914742,1,0.20924741188665696,0.22000593987578504,34,0.6103317238997024,0,1
中兴,TERM_00788,0,1.9886118262904249,1,45.11983586732955,13.771092497843666,13.586916124615378,25.112524697971764,14.68300315706087,0.007921659743930692,7259.80310906658,55803.345284271694,-75.56515871,36,5,17.866721400693766,0.7383848621129134,0.01746068087793529,0,0.04978938478268512,0.054692090276893424,1,1,0,0
威胜,TERM_00789,0,3.7248912729133288,1,19.446338259159106,37.82664785597764,35.687076268749756,33.07882902616369,27.23950137009575,0,7880.010679936684,72306.71637180608,-60.15556337,0,14,62.702799426722024,0.8839893538215604,0.04106757020583278,0,0.02904175270828737,0.019715748152886105,5,0.894829963240466,0,0
中兴,TERM_00790,0,6.0470960766774,95.13413720253986,90.00522567298422,60.59848012485121,63.68990874963926,59.77156332733595,56.07752209412349,0.09483484796881145,1339.870805623582,13801.344699792982,-102.7964831,327,69,419.16986310810603,0.3148961086717279,0.1710854172032212,0,0.19440879482601425,0.19327410724659028,26,0.7095409347785058,0,0
威胜,TERM_00791,0,2.2203981920622025,1,69.62449070735794,21.88008169475374,14.673803647203394,28.412807578895375,12.204305088681867,0.042193038567612896,7897.313414052997,67390.15187218337,-60.54615655,38,9,22.653768937793565,0.8137765119981049,0.00233895732328622,0,0.06928857990697393,0.06057099717223796,4,1,0,0
鼎信,TERM_00792,0,7.800440638376563,74.99236206690551,105.45422871134197,51.18334513281758,42.06346934076366,68.74243005317334,69.99988642668268,0.1628227972109768,882.6577625780956,19348.242514938487,-103.4018597,370,75,392.6867746240187,0.10698186762449671,0.14160438645814627,1,0.19687354336482465,0.16154390011138842,29,0.507047732557433,0,0
中兴,TERM_00793,0,4.824987621068727,48.344645191634214,60.03967000200809,20.37038681461093,12.74633364292613,96.04803903488607,46.07818411616509,0.08117917240842716,5854.498099160838,51612.856749587016,-118.3009237,558,46,148.16273620415365,0.6495076605509515,0.032155146500759485,0,0.7368405744096299,0.06994756045319202,9,0.18945560412913864,0,0
威胜,TERM_00794,0,1.7401928095762416,47.18994042313974,26.929968294300892,39.489064833128666,27.825210958479804,49.448695573362855,55.86857406190833,0.0990044405653713,5907.947687275991,34374.14140850873,-86.01796288,146,48,214.8147326091266,0.5232734347846363,0.12186797598080408,0,0.11042784471373046,0.07524495364037545,10,0.886057042644716,0,0
华为,TERM_00795,0,5.45951082861092,46.75359260901724,100.45057107257173,30.514698023182508,32.65795692632698,56.779391467385906,55.99206106432072,0.05508486854104207,5171.488160230593,40493.04957816791,-83.95790117,169,40,203.85933721718786,0.586808996302191,0.15537747454901024,0,0.16051672385874366,0.05391125338536084,17,0.69836808509474,0,0
中兴,TERM_00796,0,2.207678295451591,27.59903417661491,5.341612555766885,16.682015687342464,28.565185230478864,33.56018734698022,24.141727284231642,0.04298795802035564,7468.241439145295,73712.78766104848,-70.33950858,73,5,50.41665492103205,0.955146044980435,0.049653334695057935,0,0.05241741350094438,0.06744166209461164,1,0.9771570110570567,0,0
华为,TERM_00797,0,3.427262117824723,62.05159292391204,34.20726704107931,28.643779952086128,20.024720962700922,48.0953352797012,36.667542058099926,0.05012838805135039,8317.880267603963,61752.859268160726,-56.42457937,0,3,63.77211064818773,0.9040977643319336,0,0,0.07547207122630734,0.079065535826538,0,0.9450491568588583,0,0
威胜,TERM_00798,1,9.106934589218277,116.02730659676196,100.26794693458703,71.96948459424671,69.93297499878787,57.621112867045674,50.097563660405434,0.12245819406830148,0,0,-117.7467155,363,90,495.50673301104416,0.16852835612932382,0.21529372091718282,0,0.2190668687732436,0.19640190321857595,33,0.6804868767384632,1,1
威胜,TERM_00799,0,4.693501066796272,12.879785910012142,35.390015231206725,18.06733898531121,12.289893357949254,33.607033252155006,41.69192355038011,0.022384499974546387,7645.090804325449,74947.87420818467,-58.03230117,64,15,0,0.8621102439331143,0.06401447331992756,0,0.11044708403772363,0.012414661033642537,6,0.9186160836756458,0,0
华为,TERM_00800,1,9.83757249708858,103.51623058019875,115.2025246769648,65.16309452036884,62.3717966612113,72.06188111963742,67.34752410631437,0.14167812877000013,106.95720821461381,0,-117.1080402,428,72,531.0527844569505,0.33716613397452816,0.17474473035031676,0,0.2761629836164825,0.22626114549739917,37,0.6244785629339127,1,1
中兴,TERM_00801,0,9.30599525639563,31.47829762391582,20.859939689035237,95.37242080023246,24.222350033193983,17.761078974792028,13.302602328859965,0,46.053641400226326,66127.22148039944,-115.4058639,409,0,548.2823412045216,0.8648006009125634,0.6372771507240491,0,0.10856305801282237,0.0653008641833552,0,0.19787811684397985,1,1
威胜,TERM_00802,0,4.593355775133926,24.69886474987777,29.06357563823107,25.72296357039262,15.007506726220777,32.457038993546945,35.73380449135702,0.029752593296005027,6765.2084555565625,72260.68331698918,-71.065962,21,0,39.464309371240624,0.9010022355372639,0.0649802406313437,0,0.053664364553339075,0.006851466460003095,0,0.9136351565160189,0,0
华为,TERM_00803,0,7.707501145045283,67.87034899742144,64.33833297578722,48.587249088162295,41.19429633000933,72.86167696204339,60.87450400557225,0.11153961848389288,963.2129437989864,6142.812483532077,-108.5427479,419,81,470.4548429059695,0.2851663829517428,0.21678621890707406,1,0.19901681724456757,0.1823183138194009,38,0.6036948055819213,0,0
华为,TERM_00804,0,5.461193681711226,66.58787440183494,96.1426936132407,41.05398236209834,42.06976016178176,50.63526084323862,48.869022529464026,0.12117143926777474,3896.198363844914,26689.87936781033,-93.55829258,258,58,243.6890151568856,0.4408547742136512,0.10481041169889321,0,0.14602397319903226,0.1817703936736383,27,0.7216538108421795,0,0
鼎信,TERM_00805,1,9.202809419076049,84.16779562430013,110.3214477596605,50.51745855961309,48.061633032317125,51.15311176777717,49.25116977104151,0.12464638405037227,168.44868870763636,0,-127.0959436,396,80,491.7980775047666,0.13078578977609673,0.1990605553578806,1,0.25448338714867486,0.25144757239286436,29,0.6136358321691935,1,1
中兴,TERM_00806,0,8.820170446934217,54.30009304156004,94.45678484464237,33.072646453518374,29.70924516715782,46.1233220056149,46.867466736285564,0.09986033182119174,3928.7688769109654,24991.88368678584,-97.93702359,267,50,239.24185411822904,0.3973442152454618,0.12829722336173147,0,0.1635527984155391,0.09511720102733444,25,0.710866243142932,1,1
华为,TERM_00807,0,4.566528197718258,43.845417846516156,84.1381447694486,44.347052176461816,41.895471380192895,39.22455074704908,39.33831144885312,0.08406836962586507,4095.577600794567,30731.457842685475,-80.47803136,192,56,291.24969213263375,0.4974231202038112,0.1504592855231548,1,0.12473987435050134,0.06916012148970485,11,0.6616363632619725,0,0
林洋,TERM_00808,1,3.9969924599729554,51.211188528142856,81.59700381907527,25.070737690153393,23.11019523623607,48.06895684641066,42.71680992883477,0,6830.0752567353375,52470.52524914819,-63.16413107,102,36,75.93373351580911,0.8317747252125162,0.049404971228513714,0,0.08039720919087237,0.07222322803453064,4,0.8811600791686485,0,1
中兴,TERM_00809,0,2.118881928257215,10.48507371895718,67.51656243468247,13.822846913408576,14.611664007094184,37.17344441155075,23.87476730461936,0.004392038852087055,7619.89943258508,70285.2839018972,-51.55463737,7,9,6.953659921125061,0.9702431243371467,0.05340173015206094,0,0.04647347617700439,0.0465357823765111,0,0.9508509449602784,0,0
中兴,TERM_00810,0,0.8584258010559669,10.200781659667474,28.942580288103052,11.25276369843969,10.021631890085787,20.198127349714877,11.808847069366355,0.023969272839616765,6977.897391994427,68651.39364604698,-56.83952089,35,3,23.082291568890387,0.9364275881801655,0.0323571964378636,0,0.0025310601321889836,0.04575979367719797,5,0.9790213967821353,0,0
林洋,TERM_00811,0,9.31273617109169,94.40125886902152,101.71026696852702,43.737066402781615,38.48343302029622,49.98641392432589,50.038989731716505,0.166169607964795,140.43086399599008,1610.0683428384236,-118.7076185,384,70,477.80483011376026,0.25588494650653415,0.21011072979494985,0,0.21242597307476896,0.1976673451994147,32,0.6360225622250514,1,1
华为,TERM_00812,0,4.743834483129063,48.88045854184943,33.92477634463121,22.0889778527923,18.854159770617635,43.274141022509575,49.40039478389046,0.07264695281935099,4303.07397604596,46256.87291504085,-73.24961435,189,35,242.5704076181655,0.5422001526621175,0.12257678247435638,0,0.18107717860003103,0.10833977908416437,19,0.7406236915595322,0,0
林洋,TERM_00813,1,11.307983298153808,87.75055551401773,122.59223047097541,60.60860602642389,55.27146104471014,70.06883152151133,57.731234993635965,0.17620634400696944,0,0,-122.1338749,417,75,535.8029876503435,0.18143199546990904,0.17907603598336333,1,0.29647976972275897,0.18601133563605915,25,0.6787006226415442,1,1
华为,TERM_00814,0,4.240740764644022,90.08149257738575,107.89294362084202,30.173795962033388,21.443077444341537,55.575372538076586,42.84274044694582,0.13529717649801645,1566.110616259708,24930.183743256875,-103.5241911,351,69,419.0311944038609,0.2639519649529964,0.1684414807113569,0,0.16980703003116127,0.14137373140920645,32,0.660112177297578,0,0
鼎信,TERM_00815,0,2.5945156507545724,56.38515362710797,8.646815583005509,33.30177876399416,28.043641503885823,46.84208765566245,32.39866711047283,0.06048367034944191,6763.101973884006,54576.72711888655,-77.29258374,114,20,163.39571117013492,0.5787024191067989,0.04217612463261841,0,0.15817317731019512,0.08701284071697311,17,0.8181116182072558,0,0
威胜,TERM_00816,0,2.181671471071805,1,56.14622783283837,24.598951948169702,19.029899186572745,38.92988441547791,29.32758493331628,0.03156250156720537,7172.500460267485,74178.51558780184,-58.3437631,20,0,0,1,0.02328628787361557,0,0.0030100887509446755,0.0028221988723722106,2,1,0,0
鼎信,TERM_00817,1,9.628543809661684,87.16389474911665,127.48088780267807,58.69014942368591,45.19968963470079,74.87079205382402,75.55615916765252,0.139953833226017,957.4383234283257,4053.8794610709338,-130,412,89,484.0009373266331,0.09399506573885974,0.2501166826306944,0,0.2634391032244291,0.1476534059488618,45,0.6896263841061923,1,1
林洋,TERM_00818,0,8.01728239889912,62.056946044008214,68.45756724135259,56.71359458705221,55.58826938416246,52.47211731928175,55.36926434118031,0.10674748597902668,473.00581919305756,14817.830445615295,-118.7258615,402,78,470.0477189661169,0.2619323881624134,0.16983296265687586,0,0.2818103133495585,0.1868592587823937,36,0.49569650195999393,1,1
威胜,TERM_00819,0,5.935824870079185,54.682783551567454,64.74843750993911,40.85122375916213,40.573540987305236,52.48414349013234,35.012201991982835,0.1380620077206888,2851.1740072545335,29798.48588283098,-104.7816264,208,50,341.38813616184325,0.4082985301662877,0.10577309256812367,0,0.1253508627566727,0.1326716602818745,30,0.7012010066272356,0,0
威胜,TERM_00820,0,2.6446941788005027,47.14750611399191,49.231896769757306,92.94854457092808,35.09118226978852,97.78755311098598,47.14755427797315,0.49113764191128567,31.829463577763867,41918.60648743983,-78.56435314,570,31,184.4814542320374,0.3733773903034171,0.6168024063438537,0,0.5937026303534136,0.14777841640825953,13,0.8045905107279919,0,0
鼎信,TERM_00821,1,6.045745803034562,82.1240235574724,91.2709696502415,60.249588125531865,59.67311722414614,62.00477600059682,48.65140792288681,0.14283937801179653,1141.2982928077204,4576.731605165774,-122.3952714,333,82,545.7172203018025,0.1233538981421276,0.21369379665143123,0,0.2615982537109443,0.1944398751583267,36,0.6266876349133634,0,1
中兴,TERM_00822,0,3.758524837677001,19.493160091112827,36.347674644845924,38.910543222786735,33.03099754502899,34.30063270248583,24.09457497501483,0.058259373296829266,6044.1629883629585,54251.25995112509,-71.22314765,81,16,121.82233870584031,0.5826964570260025,0.07827682411561043,1,0.07388460191211964,0.018451046263876898,5,0.9083492240641011,0,0
鼎信,TERM_00823,0,5.47040804241035,68.2198491542201,54.23651199549752,69.03974633555289,61.46937577905023,62.29669759196825,55.96261146175114,0.15064156023332786,444.0919654362298,8407.913516730845,-97.71995274,429,97,443.365035115098,0.22488637072005369,0.19630369317279348,0,0.21839862561975473,0.22207780470201888,25,0.7541044557566667,0,0
中兴,TERM_00824,0,3.8825966232141678,62.190608736378955,53.40574666451633,49.88697539483994,49.631502246823544,45.5016347058832,38.117132945652465,0.04691894689831805,4259.039739777335,46977.541566205284,-92.2089103,159,55,193.73199529080014,0.5242757429458269,0.07650315414848939,0,0.07406880441309133,0.0989332395737588,12,0.7388571722511258,0,0
中兴,TERM_00825,0,3.7461596612625256,54.627956547284825,22.704157757848613,20.250020127158887,9.956102922532848,42.01763584958608,40.10055119224442,0.023076902500795218,7348.63735075835,50441.695800081914,-64.80151776,22,8,109.96935868439533,0.8648715793619735,0.04239187377550371,0,0.11916221658789268,0.04504841007948856,8,0.8998272738576697,0,0
华为,TERM_00826,0,2.4305113518276644,11.306153268830503,59.718373660287796,38.75511981286329,28.2879176842705,40.29143081422946,23.731556790779468,0.09421983136217296,5338.249899615968,47906.581774383994,-73.87153333,103,25,144.46249254037838,0.6647999300331499,0.11934806978062999,0,0.10987876935709566,0.04221998552773779,5,0.765185126687965,0,0
林洋,TERM_00827,0,9.58641052729484,75.50011348612546,85.23349104757288,58.571023661491935,55.81171729852547,45.00910798685333,36.88598150729956,0.13066982507160857,1418.609464619638,21088.57882765896,-118.6976029,371,63,428.36510306370667,0.12714228140314743,0.12983477960603607,0,0.2473780832771412,0.1906388102688862,31,0.6592728545370518,1,1
威胜,TERM_00828,0,7.604434608779615,74.94564647251384,71.04146784913968,39.93189566438934,37.0357116528479,68.83623897178693,72.03464478884354,0.10918930672252647,3135.5873401870754,24582.31986936068,-86.99789996,252,37,323.9057204119815,0.4511131356128438,0.1408148839713893,0,0.21478205129415923,0.1377439293131928,12,0.8130553139944082,0,0
华为,TERM_00829,0,1.8672412968958376,45.4619420286923,38.36116514007123,27.738314144202675,27.38867644071383,53.03970866513279,56.46677951567317,0.09969053654447681,5079.173053040947,49617.641061697264,-65.92672509,123,45,196.34977277911642,0.47864930998333177,0.08015743453149271,0,0.04205304694691825,0.08911596908667387,12,0.6804676487196004,0,0
中兴,TERM_00830,0,4.577211144718539,49.6786607821513,52.74701244956458,43.49151617229895,29.939304421658154,59.682798473216344,64.67127286955258,0.10251843533085708,2549.643745663492,28469.160193529016,-88.47499068,306,53,393.68884949365776,0.3453299275073515,0.15332266864672073,1,0.182938069509338,0.16740417824959522,25,0.6462314337033473,0,0
威胜,TERM_00831,0,2.8333176516399137,62.556299986840294,69.79496293731712,39.92615608338397,34.437444879416475,58.919845128342466,56.27936751232929,0.08150587249054768,3401.8461642231305,13587.668561410766,-108.8022194,301,50,371.98043098324695,0.1826207785575076,0.15191389408141956,0,0.12563436982170553,0.17962331737360276,22,0.7405483394614246,0,0
华为,TERM_00832,0,0.8777507209283604,25.13469415023441,45.51615811505586,9.230001616017573,3,32.074161295693905,23.143656130040604,0.014604198526609862,8760,71381.60164942117,-61.18205535,0,0,0,0.9211222453483301,0,0,0.061922587735655954,0.031168446765232158,0,0.9874323385086919,0,0
中兴,TERM_00833,0,4.114373873794374,26.648015213545378,33.53273651848628,30.410997753108006,29.687468819119573,32.62828195964126,28.677456014610552,0.015761413459785,6371.880940544347,60342.488798631384,-81.66674356,62,16,63.00660328964139,0.7911459665596723,0.06659880527642317,0,0.11923717440279619,0.06509985139443421,6,0.8522578383178128,0,0
中兴,TERM_00834,0,5.097959537432371,62.66632375107593,78.12483692031772,45.0538728268873,46.72261807002488,37.91717772694807,48.083488601239246,0.05502475856579069,2605.8889588930274,43025.86976046834,-96.74063675,316,54,364.9174817625796,0.41424987847034833,0.10229653291768215,0,0.16278295921005068,0.14197269198849372,20,0.7739184112214077,0,0
中兴,TERM_00835,0,3.411223841496047,28.112918923783155,67.55841982145603,25.02087732013572,22.543355704412253,55.474552886033514,47.29116545921359,0.0508920652852526,7160.352031463061,48969.70107571537,-63.68150737,43,14,49.537401205413516,0.7291274927465135,0.006162274564996045,0,0.0536385449328956,0.09175989880868957,6,0.9732290204715159,0,0
中兴,TERM_00836,0,3.569178891180832,57.08371348883247,55.06085900106601,53.098109665758955,45.30887038949177,57.68290488834911,63.679925040523614,0.09220623325243207,1826.58838341588,17449.29096354311,-90.50178655,211,61,343.5994882690975,0.49450163097851785,0.13710135545260135,0,0.1942387816544368,0.10837928132224137,15,0.7528335066201004,0,0
华为,TERM_00837,0,3.344173171492709,33.96598873846378,15.05209961131255,19.414406838773687,10.671481075407216,19.747649115848844,8,0,7927.86921080789,67638.96658428194,-45,28,11,23.03351200532329,0.9530685845319887,0.012083285075942753,0,0.054432299958923284,0,0,1,0,0
威胜,TERM_00838,0,3.192805150792611,36.468097628710076,64.31220161948148,40.14606225824349,33.08691927161998,36.55370062146028,34.985612792689246,0.06486658757323156,6402.96778491279,45081.39895026678,-87.01306748,151,18,186.4069122803509,0.6486614309604092,0.05681788071895414,0,0.09542282317879618,0.04511058622008559,7,0.8480481808372197,0,0
华为,TERM_00839,0,4.309295955144899,31.64679681992269,55.08912112738603,29.361796068053422,20.15617410719197,51.40921344194022,50.29280436817038,0.07143254914576751,4745.82712321707,39353.71286202298,-78.7119592,197,23,237.86871850787014,0.5480602732277898,0.07707263238926,0,0.14229955153671522,0.10425078132761728,13,0.8032486154657341,0,0
威胜,TERM_00840,0,3.633097715683256,74.12270195869772,71.84608947437698,25.85432484866474,20.058119103604948,48.18437189208776,45.42588819176659,0.10987979202108047,6277.020456338503,45723.28073496258,-76.00835397,111,33,161.18318364697922,0.6356893521348013,0.05117356131091888,0,0.08556262265448795,0.0697708158443424,20,0.860853944575359,0,0
中兴,TERM_00841,1,5.944657570261814,87.10619276044153,97.497867118778,59.1251072711033,50.37078018548805,61.66148142635956,59.29586738147596,0.1464212457292369,1032.0319004399453,5648.265770254735,-119.6075144,408,75,517.1895336524491,0.11850822547984019,0.24196210985572844,0,0.25682417669337243,0.16237167564500785,38,0.6508025310131044,0,1
中兴,TERM_00842,0,5.842585119596777,46.00732503109051,137.6686733593966,74.11860488591739,62.21035933695221,56.725886837674516,54.865179789271245,0.17204659267121286,239.59118683479846,1289.8195934338592,-102.8513749,383,64,478.52326656591043,0.06896342327471737,0.19658044134789915,0,0.18415308974053812,0.1813622084984785,24,0.544347681863357,0,0
鼎信,TERM_00843,1,9.366037048099097,107.8218682469943,70.61381686582666,69.71218768523674,66.61541982496254,63.7781362607218,62.198069691513076,0.1673982243626997,303.348919854862,0,-118.3063609,399,69,484.25535063669054,0.17967026301408717,0.19267927116149397,0,0.29291219265763835,0.2621518745191689,36,0.6185019442572243,1,1
中兴,TERM_00844,0,4.714461251459066,63.45928488228459,69.68745709344668,42.89067516212485,40.17979526837818,28.049010661938116,21.064573143015526,0.04169003700481947,5455.741048281987,50798.69116573347,-73.52503183,155,37,196.1529041049494,0.7186170805046814,0.10624198621347689,1,0.07269602532926278,0.09630351934142896,10,0.8201328615471455,0,0
中兴,TERM_00845,0,3.6359007976938167,27.567284046598374,35.290171659353014,9.429984098036064,12.927084060044514,30.598224633836654,23.97203905762742,0.021868097338871913,8383.339234912499,74005.99396149753,-51.8670247,27,10,0,1,0.016161559516151128,0,0.04489978678256644,0.06607328435278112,0,0.9199083074909472,0,0
中兴,TERM_00846,1,2.504594862688732,29.679949090717834,1,21.27821374730207,14.112245000630793,30.4524716206781,17.28757666265593,0.005478277459900056,8477.41471178969,67906.70064357368,-53.44611944,22,3,0,0.8701575309981033,0.012736322757876204,0,0,0,0,0.8922192161138369,0,1
华为,TERM_00847,0,2.7392088991141126,58.51790240385874,10.550189266108667,30.067007011042374,15.615983727797728,53.32735350484819,52.72228775328486,0.001611183519422632,7961.619302562665,57050.125766839454,-66.82116161,67,1,66.17339819612755,0.9402183541354394,0.06374065876767523,0,0.03150483716924274,0.04450243582863383,2,0.8253452643248256,0,0
鼎信,TERM_00848,0,2.4078172921343612,40.52102777537517,32.425597023418845,56.66151053997058,55.7380176532716,47.97467760612044,50.78833275258904,0.06442908098914316,3713.1603336597755,39933.34481041759,-72.49216324,136,41,268.6565734221243,0.6155350204753021,0.08908396781060815,1,0.11923558856789329,0.1252865795292604,9,0.7493360338347435,0,0
威胜,TERM_00849,1,11.632402231720064,91.3997488905827,115.02996102482513,46.18797735691534,45.826758631152984,72.22905655278952,77.69536426184546,0.12923345230216798,255.45160513097233,0,-119.7159834,356,80,511.562820535573,0.05627655206836733,0.1677804923026736,0,0.2690077565450649,0.21922011506867792,35,0.5732149769135306,1,1
华为,TERM_00850,0,5.842028245989793,94.84842866271323,93.70337110116924,51.73503977447774,52.44504796488948,73.63431984331359,63.7078397850279,0.1003151292080915,3663.733856676481,31656.352605260814,-92.81794829,270,50,327.9024047979496,0.30194991664066473,0.15617096858597573,0,0.2315057944717992,0.1289007973735044,25,0.7705903196240351,0,0
威胜,TERM_00851,0,10.341561258679814,115.8623749293509,76.22218439644696,64.59432506364915,66.95094674722895,55.89653522338683,40.55205703163711,0.1361358801801907,1679.3805887930837,9458.070332958543,-111.5984486,369,79,453.82456627830624,0.2653409671158354,0.18727139270786727,0,0.19789082316841416,0.21195595269759096,28,0.6907869548554753,1,1
中兴,TERM_00852,0,7.747583291348705,69.54201264372531,81.52886790704305,55.06159334741051,57.48924699249969,56.26979234656298,53.5276573249631,0.10357293236816587,1923.014040317828,14500.253245766962,-122.9952317,288,61,365.59177937642625,0.22716551059630397,0.16614955168304393,0,0.1664689423621266,0.17626926660098016,25,0.6321714669071961,0,0
中兴,TERM_00853,0,7.55901485084264,88.12636533125105,53.740274684940076,30.896944709870098,21.01306247070399,48.59301014556655,36.659253410473575,0.07970262995061404,3494.2915150011186,34718.30879501371,-98.59894434,211,49,220.37246513096582,0.4072974769753698,0.10713356975303778,0,0.19093841407253848,0.12029140682406013,14,0.7170049202874559,0,0
中兴,TERM_00854,0,7.199033902015944,82.23794619021587,72.55838700678095,50.71091793263069,53.45130570678501,43.35344251687626,41.78405209470831,0.05411800645874779,2880.646586453804,10541.37899243802,-100.7010867,267,62,390.1949962850383,0.39161123911422735,0.16695330040134654,0,0.15922239788316075,0.13622992252784966,24,0.6709081317597368,0,0
华为,TERM_00855,1,6.844247962616475,111.39225017016997,84.0564800869704,62.83859912395131,56.19842259985695,66.86702613469667,48.63495711461271,0.11767451370140554,486.50572520400056,8937.118921378855,-125.8344852,416,69,523.8310966266152,0.0009661315819372296,0.1562289537413678,0,0.3395685540758792,0.15277609637402184,35,0.6611372959001781,0,1
威胜,TERM_00856,0,3.1671012109862295,43.11382055958375,70.21817573673424,28.031709029645697,27.02389316906395,52.41716913335763,53.94042590398601,0.024359696183923904,7035.431646351408,57887.55959911486,-62.51609397,44,31,80.09069588458358,0.7321455212707314,0,0,0.023932709307875978,0,5,0.8585973562147658,0,0
林洋,TERM_00857,1,8.166448253832215,92.3896761429907,77.99525776499082,53.26768680408699,49.56515040924122,77.35953485710475,73.27921694036839,0.1957662631693517,738.4024872193136,3526.8151371784033,-125.2458753,398,84,533.4970008093596,0,0.1824512777411511,0,0.27214909727204756,0.17416899860866725,38,0.7091350944509811,1,1
中兴,TERM_00858,0,2.390234496667328,74.12876515398288,46.086905499322825,25.522357801934973,15.658612280201051,57.31670363931494,40.78867274953362,0.07097301419463671,5226.019477898279,46629.78772295481,-74.35358886,155,13,169.9125493999527,0.5928792300729244,0.09285502310775769,0,0.034496154865205686,0.06933881818815371,16,0.8513458934859385,0,0
华为,TERM_00859,0,1.4392451366012393,12.255489553824443,62.05407241420113,23.754837026045895,24.55662876332837,98.66590225513144,25.578801423431194,0.6331895102434635,26.21503881037609,69461.54354082578,-124.2897544,0,0,507.48028903420067,0.8452932745307956,0.5719723219849986,0,0,0.00019938788186657855,0,0.10179001228312512,0,0
鼎信,TERM_00860,1,7.523563325146157,116.57674162136524,101.29872907224322,53.470499392658596,46.189991814076365,57.72942789922229,53.29919683414102,0.19452980533068287,400.9783016766252,10447.482009813728,-111.4950382,353,92,551.5429553883953,0.06235438569477456,0.21140528643915915,0,0.2046551149532554,0.2052996067560559,33,0.5862654512919052,0,1
中兴,TERM_00861,1,10.394673398184262,120.74984324817893,83.50393080866992,54.679887238730714,58.97375938159398,92.48026332789982,90.61762258447416,0.14963081344594423,689.0907184515354,0,-116.2430662,381,83,466.204751767997,0.06742731218844361,0.1719097468612598,0,0.22558609181582379,0.22427599697293077,30,0.6817657821851119,1,1
华为,TERM_00862,0,1.826410397836392,74.8334719882513,30.851363903636774,38.532992109553085,29.71677611624918,54.341600769468506,54.153682385848334,0.044736544289597356,4180.205842107207,34024.05293994052,-82.9501441,175,45,249.21060617952847,0.34265424933531774,0.0809873715720571,0,0.17120288207713963,0.07090761209374172,15,0.7997862994827576,0,0
华为,TERM_00863,0,3.9841919099861607,20.971148526809436,41.909102186734586,22.44792294830902,12.425667241386678,19.899794586677714,8,0.011726730233798797,8157.755620419048,71868.85837832243,-57.62625261,17,7,0,0.7960791047209046,0.061578065857037186,0,0.034882402794540614,0.041739130273995007,2,0.9157565618158229,0,0
中兴,TERM_00864,0,0.6295453351749967,24.071809075182756,43.41204408169289,28.541465870583693,20.22711282243835,60.80659427474454,52.97934892537538,0.04036319495347898,8282.354223623803,71646.80082059198,-60.95322746,0,11,0,1,0.0482059755273366,0,0.07694230772043716,0.020241051333956716,4,0.8820462576628431,0,0
林洋,TERM_00865,1,5.813624626678774,69.38158885937746,133.28327133441937,49.576489110746856,52.05249548289085,68.35203693084878,62.817856780650764,0.1129957712502234,0,9765.168913381754,-105.9869086,444,89,492.29374239106585,0.1409551595460597,0.21264390203514938,0,0.27757371849412776,0.14445192812832816,34,0.6418351774311437,0,1
华为,TERM_00866,0,4.490345489833025,21.616343889897653,41.19719006102093,14.443956752159286,3,10,8,0,6688.556090440898,52014.01249526638,-49.47274905,15,4,63.7021913783236,0.7629531960577134,0.06922997380527916,0,0.016751614790142803,0.0688670773142319,6,0.8759590473160062,0,0
华为,TERM_00867,0,6.709086156578621,71.44179857839325,64.91000376646592,41.018170267503706,40.583502614683994,70.61084983068166,63.50467880559392,0.14845180237875805,3688.349675093881,26066.349485008413,-94.69322031,205,54,273.7347640696423,0.3660712941425509,0.13339947499910954,0,0.1581331153916925,0.10027070776257119,15,0.7304635017854844,0,0
鼎信,TERM_00868,0,8.800469755466409,55.984051935604505,85.30159410970808,38.38980718299848,42.5516097298232,40.588707378029284,41.91540874094424,0.13366229372395388,1113.3110876075175,5991.163568803435,-112.8566426,334,56,416.93132515916784,0.30539112149659153,0.16131534695088107,0,0.2592997733294009,0.24466738084433093,30,0.6162572670835762,1,1
华为,TERM_00869,0,3.204864414143457,15.575797496321666,9.493125120057513,24.71788445933406,18.870975842041176,37.90639842193432,22.51880801413046,0,7926.883079955955,76612.41020735419,-68.86891548,1,0,0,0.9063621629280286,0.015314107730146475,0,0,0.055144037303516025,0,0.9036742040182314,0,0
鼎信,TERM_00870,1,11.049905518285577,118.70737313978209,108.48487245616393,43.785626378430166,36.82019445946676,78.19191876644076,71.44301648987044,0.1458834915251773,0,0,-117.7668843,443,79,537.5776110200969,0.01554796352907152,0.21792571557161067,1,0.2715049446113874,0.19453050186787063,43,0.5718008181702233,1,1
中兴,TERM_00871,0,4.591749788007894,38.14395262195535,8.103860815389726,37.35008168752572,32.74956145234096,52.04364465788292,45.77010612784126,0.059484522176716466,5945.339812089631,51689.475577879595,-79.34593486,113,11,174.07483171008747,0.6234927129536058,0.07972390361085589,1,0.06529772566575628,0.07256047062733799,20,0.8444626968804534,0,0
威胜,TERM_00872,0,3.475969231792607,55.46242015204842,73.6069777881501,40.27662813228742,29.66458232327987,60.539892427978856,54.88334804519526,0.04411238726918784,6156.960097,44007.55957385108,-77.36941832,110,18,157.87412193709807,0.5729650073167681,0.012356646320987215,0,0.0546211065763858,0.029579868023518523,18,0.7908238057400742,0,0
鼎信,TERM_00873,0,3.6411010116249534,41.642503691662576,48.58462071926091,29.58907504241789,37.830396206929194,51.74375135396821,40.87986742311058,0.0767848343290469,5819.420494820569,54858.2199254458,-59.49394185,99,0,84.61587845758868,0.694366080311701,0.08027855318610091,0,0.059390860068319895,0.10650592982534716,2,0.8716463065321622,0,0
威胜,TERM_00874,0,6.872766850979953,50.472895301108224,81.55484526026258,25.191869452248547,23.54092160059927,71.11047899070624,78.96095731840944,0.08314438063573679,3727.3438234774853,30435.241236041584,-95.28075286,233,41,260.27299400541614,0.5537982337879013,0.12780278647043497,0,0.09591537528333846,0.08475083212601664,21,0.7385705925391861,0,0
华为,TERM_00875,0,1.9075945000921866,30.23527414368641,21.26692570224882,28.026711844254525,16.924132083812356,40.35062918298792,41.22216086333877,0.05503326285895008,6278.352351206389,57904.5919969129,-51.31305008,18,29,115.92589074507036,0.803227558719211,0.06207612480457731,0,0.11919064298049437,0.0535595330050807,0,0.881123802977981,0,0
华为,TERM_00876,0,12.233015963978824,61.495154153263506,70.71224528218526,35.90732132304286,26.871383476362,50.35993266552366,58.62914512518519,0.09048381840661172,3529.7355199532362,41648.063806930826,-99.34344241,229,46,273.3044661888787,0.5367069859084425,0.1625411845051186,1,0.03952040950690629,0.10100189188758059,25,0.8008723600140127,1,1
华为,TERM_00877,1,2.7018817266149884,2.8300830714134513,34.924114796786824,18.152784943100123,14.048453894315074,38.331184460535404,37.172811861325464,0.036070409228883986,5550.120272883558,49777.284177740206,-83.99992819,147,17,54.41012403263579,0.7559977666261792,0.030732614999952865,0,0.09353767548073147,0.0687923841848178,7,0.8925011849735702,0,1
华为,TERM_00878,0,2.0049396387052365,71.09245010975366,79.47268666775153,45.714223656079405,34.24210612658787,67.18038976531983,66.75407531102431,0.11056433430846033,4451.148177376738,27924.036801838392,-94.51755976,197,41,290.05792415339556,0.3576944250571942,0.08287074437800325,0,0.1665520232584386,0.11422761296425783,10,0.7351432944980258,0,0
中兴,TERM_00879,0,3.055357862870713,28.120435127039297,54.548857919077705,31.789821940803044,19.26821647536443,33.55428029160227,28.52798863148299,0.057209906534831344,6999.211672629629,63588.768400282286,-61.33497223,66,21,91.57728780980145,0.6872478437469227,0.060475714911061164,0,0.042819587896925276,0.026659916826747013,8,0.898121666071471,0,0
林洋,TERM_00880,0,4.223477938096378,93.67658571263408,81.2480148247143,63.97001286531909,60.43885327021629,72.94795621672573,77.32645496477389,0.07888851879833693,1295.9598753128578,10788.007987047704,-108.6443376,372,68,435.6918244311842,0.26423725061478925,0.148876735355786,1,0.1352167028148762,0.18551027756371724,28,0.6851154667778494,0,0
林洋,TERM_00881,0,4.791354337218456,57.4602718278405,44.64230532975047,35.80011215120139,35.8301038493648,42.21958198050578,40.612749931393026,0.07269616847226222,4861.799505142693,32499.63447052468,-82.91343969,200,29,208.21687966651297,0.5465718772736526,0.15134824263553298,0,0.1476312115933793,0.14647029766055947,15,0.8268658888506372,0,0
威胜,TERM_00882,0,6.778495348060165,58.16814739954234,87.37382643125292,44.579269317773964,44.15537913029607,46.88505279893195,40.74115972104677,0.15270436087144734,3718.019104404866,27538.240500167478,-94.92257584,205,49,323.8430620857015,0.34319137565324265,0.10362072508701411,0,0.13973672005308527,0.12588202001814763,23,0.7573544546614029,0,0
林洋,TERM_00883,0,1.9598828288618397,30.840533818740823,31.11699061622944,37.82418729829476,32.52549944922984,50.78149816931992,56.86092807108629,0.012369755913540585,7453.106486583653,55054.53464023647,-66.32356927,47,23,95.73268623690214,0.7825856914855073,0.018698407324000455,0,0.029815772590752774,0,9,1,0,0
中兴,TERM_00884,0,7.333624226591535,55.88975230855724,36.82139963708683,55.548644231022976,49.17609719290913,55.80470262594049,42.98779694042136,0.08937422267947386,4334.915621857108,35173.08350034895,-95.44417321,155,28,248.2760416739691,0.6762555344219516,0.09245337847047727,0,0.18096325503995692,0.11580727495497103,18,0.7414414372337444,0,0
中兴,TERM_00885,1,5.719070266615284,111.09077034628226,104.90550427501199,68.04177623704543,63.300127181547595,47.87754176838321,38.48483973503235,0.18531366328150461,272.592821286012,0,-117.9873095,366,73,485.5982849598872,0.1865503834453496,0.18837756813412104,0,0.30539836341896387,0.15299588734128663,23,0.6316141009786077,0,1
鼎信,TERM_00886,0,4.564285521748529,30.0094198835223,63.91392450922464,22.382963769450374,22.343598963235678,30.996650578802836,42.86035812428025,0,7485.628473078299,62985.035417545936,-54.96768883,90,11,58.52479581813668,0.9162364831940935,0.032262911543660566,0,0.038151037898702694,0.002237803952740945,6,0.9012705620066633,0,0
中兴,TERM_00887,0,12.081280225602008,86.08302923542425,86.18920708912876,55.3497823152554,44.06594224295786,40.171724360065255,39.19594511309689,0.12232277348447074,1307.6760065882188,11955.12300258945,-112.235827,383,69,434.2849653436794,0.09982712197471243,0.1709190519027793,1,0.19311970374143686,0.13461252075462654,26,0.6921478863264482,1,1
威胜,TERM_00888,0,9.753999867700294,61.83987943808259,132.36812657307416,53.29913730001966,44.4120490890237,61.62883049147154,40.829972227339326,0.08437988955879447,2019.1977815732255,0,-117.5140005,405,74,425.8282627599332,0.33913756498534403,0.16539204679653982,0,0.11081548638722857,0.19744844511773899,33,0.6466611147782557,1,1
中兴,TERM_00889,0,10.71869097771491,73.57350944898742,57.351336856032205,56.66171339813512,49.772883531173164,59.40532239060589,60.518914497307485,0.12169209791116145,1966.7361962662037,16756.141774307547,-104.2344047,342,56,382.0892991098322,0.2380513296908281,0.11290069523268384,0,0.1366172932742378,0.11600553213998893,29,0.7827892204312688,1,1
华为,TERM_00890,0,1.9942488576906428,42.86309736299093,65.43491490412788,14.041857813242826,7.830661084847487,30.783811513644544,19.645189875153847,0.02364188175813775,8305.525664183493,57935.62192098602,-45,6,0,22.18459286507285,1,0.03783517966021871,0,0.0019178324246769615,0.05231397301368747,0,0.9492116766138641,0,0
林洋,TERM_00891,1,6.670201211084752,96.27396627389454,121.68900801616404,97.525413013274,57.207825827145555,81.98575177656866,73.53986625309308,0.16898690172442654,25.427157828688156,689.8878138728235,-121.4851517,373,82,530.7627661849888,0.1304739236863122,0.6865767489987242,0,0.29251887157784495,0.22392040792414125,35,0.15512368672135693,0,1
威胜,TERM_00892,0,0.5,3.8200305698808563,11.187243684097863,22.631147504567373,17.506634072753272,39.14814612602101,49.4537863371846,0.05728369070278012,8257.830891178024,78422.40612960109,-64.9255397,47,2,48.78494231367561,0.9498772372338745,0.015500396904976755,0,0.04818636793529156,0,0,0.939829482082394,0,0
中兴,TERM_00893,0,1.985831168912507,9.07758741606713,1,25.175725607465658,23.545849161614722,61.50101801568367,66.43411536368369,0.01927530618838788,7866.757716579189,65073.18342202074,-56.66327476,44,27,3.9281780179938792,0.9134576879625871,0,0,0.08390357899480602,0.043849359437871036,10,0.9487140356967313,0,0
华为,TERM_00894,0,3.085722159310763,23.773947380956518,55.39069277053164,20.333054125670134,6.5189730147890526,47.78937751544384,54.778046730456005,0.005214122723801597,6175.607715822147,56883.168351414504,-64.11552452,114,25,88.91526390406749,0.7376595733735254,0.012569986601271607,0,0.10458873550949527,0.09364878547776403,9,0.8449345160896556,0,0
中兴,TERM_00895,0,4.984999806681966,68.02316664908106,59.04992319785155,40.85117062282952,27.84397036044018,57.03958282625402,48.39578957760278,0.04962926153211748,4002.0739934491003,41158.23655137592,-78.7317425,210,27,266.2452006354474,0.5692050119915484,0.10211019980749082,0,0.13383522852487753,0.08746053713103726,18,0.8063206862280758,0,0
威胜,TERM_00896,0,3.869693096552621,60.17262654475108,46.25302409695789,49.59696417602914,41.27099233370641,51.23220067559687,44.48556121002762,0.04118071672981958,5332.064120259079,47342.719141546324,-74.51638895,195,24,170.64372022539885,0.5096430906424255,0.13613390808622416,0,0.11873790913741954,0.12645485004535012,15,0.7167197112582964,0,0
中兴,TERM_00897,1,9.98186603238108,1,78.3514516484728,23.331633694129586,22.649580473730076,38.423714093886275,34.735707829437615,0.040686123246513106,6929.753379921265,62444.492517904844,-65.02556368,29,5,57.58639486243132,0.7499398941346407,0.09706114310294059,0,0.08994721404385195,0.05650754973234354,0,0.8619527776736644,1,1
威胜,TERM_00898,0,12.089087212654027,33.04149302015268,14.12552986189214,30.227775364353697,21.968026470075973,35.634650557411256,35.84503393553645,0.10902379145443071,7203.813731558108,58413.54643032089,-74.91362703,50,31,78.59254365178134,0.7994581583797997,0.029415378890083166,0,0.06589680042096648,0.03599691687092997,12,0.8441643675411751,1,1
中兴,TERM_00899,0,0.5,33.59654759623564,25.15622211347589,11.767716371104818,6.562305174733394,38.34115322477532,31.28924931347106,0.030602692110171397,6801.473922412063,55349.46763938252,-73.43515501,43,6,81.01492330088087,0.7786293701103693,0.027066771983057326,0,0.07845792324126406,0.07404491838423727,4,0.9882863355746297,0,0
华为,TERM_00900,0,3.4205190268722925,24.754395221155754,34.08288913586411,32.9868971370493,28.62759925210935,42.70249199837402,48.97273121918868,0.08959475693787118,5410.030428874081,54535.57790460389,-75.5210766,125,28,191.11723549053838,0.6526650018988751,0.07444235412078623,0,0.10477302147208603,0.047547210736140794,10,0.8177771982361886,0,0
中兴,TERM_00901,0,1.8120119122672733,53.3805396229922,10.680886673227313,44.15407706488169,40.73456084218483,53.67674645368034,51.623860814389474,0.08505375771986065,3621.458264948007,38711.96719085084,-86.51293057,215,50,281.433782549996,0.4702698102010661,0.0409155251638742,0,0.16304849233434138,0.1624758459414003,17,0.7296117702847309,0,0
威胜,TERM_00902,0,10.09668584470177,85.61039598030908,73.99134274390639,47.01488847168656,49.837764032684895,64.1825802853364,68.1281669812887,0.06644407093777718,3268.1333549771957,27279.30294901053,-102.5894484,299,42,339.2663037882508,0.26921644383963794,0.11979146802305676,0,0.1507710311950539,0.10280640283857267,17,0.6836813706619999,1,1
鼎信,TERM_00903,0,5.633090025693192,85.65645250691757,67.81468871737782,59.85651870813146,58.329739599821025,67.76263721152296,58.08269926944999,0.1045561020682254,236.5208405322287,11926.93563092605,-114.1971304,344,66,394.22581257976344,0.30341678872034084,0.17973942794972703,0,0.2706137278716878,0.21234259942511774,27,0.6729386668852991,0,0
华为,TERM_00904,0,2.407059759758909,14.396484714816527,34.373434035670996,18.84783431011027,18.835150022041397,30.77582955112537,23.262558117362396,0,7880.887876346397,60235.435966042445,-63.83834258,85,2,50.72971821903879,0.7120831756114213,0.017965510105818792,0,0.08892907808517583,0.031401534217056395,0,0.9239384499140139,0,0
华为,TERM_00905,0,4.551600534518199,23.962735301911138,57.99884511744277,33.28113270618477,27.64715083558124,31.004739674625107,27.47878473575495,0.019877290105612767,7659.207344963723,58412.13850744826,-48.80226165,95,0,79.51960031248541,0.820604630498307,0,0,0.0007408828235689197,0.05878427842478049,3,0.8933774789880622,0,0
鼎信,TERM_00906,1,6.575773598000721,86.56903054226497,110.01941592395244,52.92759584661453,55.29511512176413,72.2363465495063,64.48165024465338,0.16214073634900522,218.85582930937184,0,-121.7648434,409,96,490.8436920401742,0.16096362594994626,0.14510507125867328,0,0.16916772467185384,0.18816169508749145,33,0.70699382651517,0,1
鼎信,TERM_00907,0,6.014546490999896,52.493719177152535,75.11248345679383,47.69734894780039,43.0553872591365,39.86480522418145,41.1511516183027,0.04677249694074685,4690.6144724000505,36742.183083581855,-75.87240655,125,35,186.2728820962444,0.583502012607196,0.04974644877507602,0,0.10117515939507683,0.10443356918368438,14,0.8163329121636259,0,0
华为,TERM_00908,0,2.699834191058231,14.303089802480258,55.90403958739031,30.700697594342188,15.92409661519723,38.60571914630315,40.01160541660306,0.06521654561731866,5698.7638272821905,53929.22057449737,-56.98175346,115,32,146.2321672741092,0.6824844695911482,0.05817338224754642,0,0.04748262237619755,0,6,0.9051571348812111,0,0
中兴,TERM_00909,0,7.325994931794325,41.409369004603505,53.92249538417349,37.401561554845586,44.69349486898391,45.414394346876776,38.98001586935215,0.10432782840926608,4499.104185836595,34401.45743954575,-91.82224385,151,55,222.9086245946569,0.6284760043233579,0.0758079742398163,1,0.06300454393920456,0.10744150057810622,9,0.813067865060173,0,0
威胜,TERM_00910,0,6.086020465843197,89.59135624621051,74.13194691526428,39.437257722620274,34.66817073357165,86.29067258938912,85.23849967418857,0.11022025098238658,1309.5173786904038,20770.91659246596,-99.12712471,284,65,371.2318534031504,0.22705279289813068,0.20572756514820345,0,0.18485481069976942,0.11961295382463771,27,0.6377191292132117,0,0
威胜,TERM_00911,0,1.1696931674482531,23.933216895542188,47.38583566709517,13.991959208612332,11.64082171668819,24.769066942135016,32.02019146331361,0.04758765509992391,7862.636667821922,63484.59232686306,-60.40818648,21,10,29.872849685435945,0.9773855110895215,0,1,0.10286490650065036,0.055354618100088446,2,0.8959706725387452,0,0
鼎信,TERM_00912,0,4.508243319236684,24.487542051108548,64.18212370213395,32.6559534196888,22.31290610776379,35.691715481782225,36.95930016605304,0,6160.777848718846,47685.47332711856,-59.75959943,91,15,135.2745441832951,0.686223914490781,0.10116069760097351,1,0.10245975754350323,0.048276952326878564,5,0.8077715014338263,0,0
威胜,TERM_00913,0,6.73815004762229,70.77483686580798,97.92549063379684,99.4451492828214,56.19669674131058,97.92236483200664,59.80860981167128,0.06506232902929533,1658.376650700066,2981.664482953812,-128.1883063,561,84,522.140668684285,0.16146536343254508,0.14566488341594083,1,0.26046370733380775,0.16542822397461143,36,0.26094050231165056,0,0
林洋,TERM_00914,0,3.338758784174418,61.15687301125281,80.58451223044041,45.29997567570924,36.333706102306486,45.65243100771351,48.424331577343125,0.09567210412227098,3655.426894081832,40497.879424648,-81.46251773,188,36,231.4389558450781,0.6114581843557708,0.17350584034947047,0,0.17827546007302184,0.063106614505292,15,0.8000030283697338,0,0
华为,TERM_00915,0,6.339985399910071,71.22828140631543,92.3135188837703,56.01112052000706,49.08488646954213,74.49577002942463,79.58069103318967,0.11533324856336788,1187.6888462827703,10093.879688556348,-104.7062702,311,66,434.540709994892,0.20094674350692882,0.19156843764109557,0,0.24626486669515107,0.17722370835407997,31,0.6600575507825625,0,0
中兴,TERM_00916,1,9.275739137715878,94.91943438551301,99.91583794079673,47.03181885789709,34.38634602333542,66.08406277857718,70.19154849591524,0.2106214711851109,780.3008847000096,3452.9612600903347,-122.9282469,380,72,478.1856049177162,0.13904021369728156,0.12643098953895487,0,0.23476540959367492,0.16753239638345688,29,0.6073128375976121,1,1
华为,TERM_00917,0,8.174601230979423,59.146347251269496,106.10441810334545,53.8308997389508,50.65378821908959,46.03246042490931,40.60058880260498,0.10431209461601014,3122.889762641682,20718.29815642936,-101.7422422,241,58,356.14541268469145,0.39085939751175586,0.181347940181389,1,0.22931288295340446,0.1432567166203102,21,0.7260574962746855,1,1
威胜,TERM_00918,0,0.5,12.110818230408121,7.787651651760511,23.878020809230147,17.470443912877954,53.83928662018121,54.25299661941277,0,7451.474352981172,70029.65877040477,-64.53868556,68,17,57.97402873416521,0.698423738982234,0.029435086693321733,0,0.026518486906386023,0.03349147324301285,3,0.8963684959002518,0,0
林洋,TERM_00919,0,3.015293542011681,35.10789916929904,62.28287521994244,26.17173727061176,13.45376632840157,98.05080773881696,36.56861714004471,0.08348308157494619,6315.897701068835,63341.824440806005,-56.8734701,534,16,589.7791429041957,0.8182727565803033,0.07725758839720835,1,0.7205060254722983,0.018682335353561452,0,0.10741184755640353,0,0
鼎信,TERM_00920,0,5.888289442306495,52.96684883176133,84.75687864624817,48.02957850516792,42.69172386622468,56.41901757306788,51.09235302737974,0.0985286976755277,3924.820143454159,31772.033311469357,-69.22465907,194,45,293.56020759564825,0.37107213965162805,0.10819916039346425,0,0.19416769596019118,0.09687037584587536,8,0.7528548244240891,0,0
林洋,TERM_00921,0,3.8308905852249375,48.25190517483076,32.850732213606,19.117053300901333,14.591028099281688,50.49588841815941,48.371338137286955,0.09241333917634773,4927.829721043374,42796.41832984794,-59.07589122,88,20,134.65817820973362,0.6935310948592325,0.05556817696818138,0,0.14800215292778646,0.048505612765748815,16,0.9091398889888458,0,0
威胜,TERM_00922,0,10.246016922180438,51.53634492216096,73.28856607231344,21.445484543944836,15.208104503739904,31.816827385736666,18.126150291808244,0.028953076941092802,6034.201381287751,50425.66527288631,-60.4641547,125,26,124.50526280880963,0.6626253259602847,0.05937809785703005,0,0.07109509222490608,0.0961014482352833,6,0.8963959763937372,1,1
中兴,TERM_00923,0,6.656889156670943,70.26191343396755,23.92336906963789,54.394017255722936,40.28957737843724,62.74689905262892,59.9587578953274,0.1321964024241918,2323.7644527925377,9183.168483127054,-130,298,69,382.14633885077154,0.15931518040413406,0.12791180883400924,0,0.18346740695978836,0.197156026122127,27,0.5437140094900312,0,0
中兴,TERM_00924,0,2.9783212191092505,39.87740520479534,44.38178948591674,14.777501430921285,11.231480467070067,50.534176840031584,41.38552858768285,0.01301911111210663,6429.981759153929,47214.166179662534,-67.53594597,63,28,43.57317025897814,0.8679622748394937,0.044431812920035764,1,0.09835967597078098,0.018077303717955115,9,0.8013227090761113,0,0
华为,TERM_00925,0,3.2486674510717766,18.369873074546618,30.67326295880333,17.54397279065992,6.205771307425904,30.698312874853762,18.58165120848494,0,7908.113170155098,69490.19087177853,-58.3902036,40,13,97.61308641210488,0.865366972233476,0,1,0,0.036610509076977577,1,0.8427413763616516,0,0
鼎信,TERM_00926,0,4.226247490926341,53.73960009356284,51.650548857917684,41.676190189874916,41.12227527011425,50.18405421743591,49.953538587691384,0.08074289794402406,5605.320959159444,46213.319397850166,-71.0982063,156,30,243.97731066952133,0.5708146898277988,0.06815643709989798,0,0.09655837080657681,0.07391420433920462,7,0.8439309669076218,0,0
中兴,TERM_00927,0,1.6444011862912786,26.184732009916118,19.85737873512479,20.663595716995406,12.886540781913705,41.776935540293465,35.2122184160591,0.0016617726696468629,7634.886068479651,73429.21388422677,-69.01859715,0,8,42.99891080240638,0.8806895873134398,0.032752315795633466,0,0.047816561766927605,0.0005252267169391436,7,0.8822330351606986,0,0
中兴,TERM_00928,0,3.4764588649549637,18.835284971271317,45.678104962199015,13.686177849060265,13.3242723021367,24.496855519379373,20.816777329068422,0,5947.750289252848,61937.56879844559,-56.80541786,69,2,32.462880706302414,1,0.07279948572365605,0,0.028100285623195567,0.045439918708563835,2,0.9612256457821764,0,0
中兴,TERM_00929,0,2.487702174790363,26.495435471901143,5.803194716543461,31.289411808479585,26.359826107488466,33.230086020828345,26.811837077571298,0.00257416206875543,6815.123648164006,52298.051171162784,-87.56970452,176,31,209.24624992676382,0.624837089827035,0.1085913990784646,0,0.12774638063410917,0.07806648580308474,12,0.8097421410482512,0,0
鼎信,TERM_00930,0,2.246155728448939,37.597435868800034,64.52074734073004,24.513740829378534,19.8407149315533,18.935942138655776,10.236077515939733,0.04261675793681334,6765.438173293353,50559.79181372914,-59.37878791,68,15,59.792172797199235,0.7975800905574597,0.054514012683246356,1,0.08292860964941595,0,14,0.8909944952162536,0,0
林洋,TERM_00931,0,5.368715195721583,85.97443845410544,73.96108728638426,97.51690302922547,43.50120122982759,96.86447498508247,57.24354698155607,0.10900736348074923,31.854260472014005,18828.454986550634,-113.2612905,245,56,363.52310106298745,0.27207567658183973,0.11104361459264273,0,0.1771086522743381,0.17496306848559615,18,0.6566042448502442,0,0
林洋,TERM_00932,1,9.732510888599933,100.05335989884415,111.67647407218334,86.47104558401668,77.39471746221878,87.11665548953005,73.94316600635565,0.12856386054397728,681.5627539274055,0,-106.9824388,386,74,428.8492796577911,0.1781970714784292,0.18953605954263883,1,0.27841172317397805,0.21241435861855246,38,0.645921201794689,1,1
威胜,TERM_00933,1,1.1208927256820589,51.96639363634209,84.39040494757725,50.94807147278825,40.46920180723851,51.1339363428572,45.55650211852473,0.08199724282193838,2930.1412369856225,29583.129696543016,-88.41948617,227,47,269.201101261149,0.32028030340477376,0.13371790059728894,1,0.18098279076786325,0.13778306105990493,24,0.7034817733352132,0,1
鼎信,TERM_00934,1,8.337771231781836,74.45003532209824,82.95391526311565,56.02812350164282,53.80663219934073,66.5819678390738,73.46636702878465,0.16701779150663457,1096.380199226266,0,-119.900743,380,72,490.66017241977073,0.12099871235073739,0.23186283280241116,0,0.2120210783041444,0.1659958795869825,29,0.5923392627862154,1,1
华为,TERM_00935,0,6.363514776136726,59.95074996626158,75.60036618444605,55.93382447643113,44.36358026065063,70.28719236907614,58.0903330175368,0.036148370938842364,2586.563467172976,21295.69780565919,-98.207572,277,50,375.11309460102575,0.3377044929949546,0.1756264616635889,1,0.2386971823473244,0.16404599794085517,28,0.664076630297885,0,0
华为,TERM_00936,0,1.9028712401881775,39.33362022842605,57.461310575805484,33.833285598167976,24.839391984676716,51.7997885414136,55.35673834571077,0.085493256845266,5105.594375315313,40984.479409676125,-81.28749688,187,32,210.58453547329373,0.6823811633338921,0.09970469857458329,0,0.1178533534437271,0.0730785436752246,15,0.7531835616014868,0,0
华为,TERM_00937,0,7.108603737352273,46.93025674810991,126.82636859723074,46.8150043036149,33.91919623650267,52.35317735602982,59.8739641826413,0.13231673904214214,2007.64633631638,18263.156760749484,-117.1395481,261,70,436.7944966967825,0.1628843962643255,0.20494152528012993,1,0.06734372239382472,0.19741851013662426,25,0.6971450316644924,0,0
威胜,TERM_00938,0,7.1233511786068995,83.29741862197449,50.53790306299871,51.79372263816875,52.55283544926565,75.98646114901929,66.2734120282696,0.07598204475669065,1835.507963417922,19225.524767089428,-98.27009389,251,60,371.03670470559643,0.4480101363180051,0.13710648298479705,1,0.2029123164386504,0.1792282777225903,36,0.6587388509571215,0,0
华为,TERM_00939,1,8.774836771759153,81.88283475785532,103.96634722600969,63.33870680634202,53.325331427938316,71.33378031655646,68.29943406660787,0.08941259548170696,582.5353641793643,0,-109.3143756,409,85,520.233333936162,0,0.21551771673370823,1,0.16921426443083012,0.1972982072052589,37,0.7261000992579472,1,1
威胜,TERM_00940,0,0.60022409184878,57.00738601331845,18.56196874316064,44.592398048395246,36.32100116857901,47.71597976098044,34.91760354028767,0.08780931612208615,4650.002609134688,38760.28692692404,-85.50772481,193,40,196.35015309794548,0.5824834779663144,0.08219237373959769,0,0.2080636402016935,0.07318089914356013,10,0.879151611612237,0,0
鼎信,TERM_00941,0,8.71025056586504,69.63807177104971,94.48974378387884,62.46043429582834,51.010171833582554,60.692795169744734,46.99657257260928,0.08353434260931844,1409.3848916054174,22459.430694395316,-100.3812681,251,60,432.2391692388769,0.2834076390293375,0.14567364064370478,0,0.2153831355273251,0.17470677541224566,29,0.6647210057138877,1,1
林洋,TERM_00942,1,6.547082396692476,85.61519845534683,79.68313913258807,67.19129385556616,60.26418732475708,73.88853238481056,69.89155246242039,0.18912109282001932,232.2305510686607,424.542592486845,-123.2645524,427,87,517.5517358619331,0.13566839339814823,0.1275656015487378,0,0.2517939793478167,0.21337605295271642,33,0.599605541904037,0,1
中兴,TERM_00943,0,3.8117839914944343,18.8447561564302,21.79144879199003,32.06544338587685,26.350721563182688,33.427407124158655,30.882488107011582,0.09178710954194383,6489.345000223758,67164.8413028455,-56.12593533,83,20,62.524327160963885,0.7986443805774669,0.04648497450861682,0,0.0887682271804409,0.033431131855844884,0,0.8946569376351428,0,0
威胜,TERM_00944,0,9.632504945467867,27.254339139057134,77.90705219825374,32.061685634256186,31.191570916441222,54.555310624147424,46.153820207014455,0.0381591205880143,7752.331773927319,66129.92953565922,-62.04840533,28,17,71.10064311426905,0.8539951873754262,0.04361896182897051,0,0,0.05208572212033707,3,0.9866041460023987,1,1
中兴,TERM_00945,1,6.549613049133963,75.35233072768287,82.60764942434564,68.57532458323809,56.965542973586444,81.79684235748199,70.0108793195264,0.14379961960055734,1269.8481427909887,2775.4687157279636,-118.6531536,398,83,472.757663709772,0.15498271070587313,0.1918299105081441,0,0.26094674599646417,0.18153908272169106,37,0.7130775591062511,0,1
鼎信,TERM_00946,1,8.745747692396362,86.82974728690353,94.29979504598005,64.04565966734502,56.04105000274344,68.65596806360087,58.952403718303664,0.13771392012149408,1004.1704972881232,0,-113.5930314,329,76,477.9736533894502,0.11829630901480218,0.20627360225953942,0,0.2004207139443195,0.14039139120170996,29,0.5159318596125515,1,1
鼎信,TERM_00947,1,7.180559661888159,109.04434056398414,85.79738160974999,45.708791726198974,47.822484063965575,69.2090910827705,69.55565081875876,0.0931937813844316,609.7157712817097,4676.377042487618,-105.1535921,410,76,507.0192091831158,0.18842138848730244,0.22275001930724098,0,0.22484155936386913,0.14287499157041605,27,0.6809162059997329,0,1
鼎信,TERM_00948,1,4.733314635122271,95.94684215392599,85.56946337402897,62.91702785577053,63.122326880487066,60.60846849346142,60.99601400945849,0.13770383338676367,280.0993176877119,0,-114.0586544,368,79,506.2435251688696,0.1029146896272167,0.194684261735614,1,0.2615844051104201,0.19989301631200823,28,0.5948573566437936,0,1
中兴,TERM_00949,0,4.286693565060554,30.60838641103245,90.26363317113633,34.58302151618318,26.193995137446827,31.74790993404669,30.602964301382034,0.008724868150126805,7241.0915669670785,69780.47493156407,-69.45474677,29,20,0,0.8361323164875426,0.054155658700340385,0,0.02745223351953209,0.08174914418319955,0,0.8776415335513392,0,0
鼎信,TERM_00950,0,5.937405238165318,59.70356902753633,28.98497036088406,47.57726450126191,42.32989882464371,53.39587724076091,46.08225206601142,0.10991414279905595,806.8884426456775,4563.392941198403,-115.9948861,341,78,395.8797662695904,0.31262629446227774,0.18420849479779977,0,0.14018453944999681,0.1439840748922576,33,0.7084213605196179,0,0
威胜,TERM_00951,0,4.997840635914644,78.43728904779014,77.98028402266183,45.394097584799646,50.23427378134056,57.92347618057149,46.47010599700428,0.12161065836305227,3367.2866396333716,22111.537371234106,-101.9377391,326,47,343.9922118402348,0.42432243810478987,0.1806787977498548,1,0.20609091968301252,0.12424422435786518,28,0.7044360515397143,0,0
华为,TERM_00952,1,7.31181900176893,98.99167514334312,150.71088781757678,58.961961824295,47.992050474082525,70.13587238853358,73.01243634256984,0.1519890312177274,0,1618.9150773147053,-115.1250881,413,82,504.62878568694026,0.19496670323064255,0.21348697595231714,0,0.27553109479179616,0.20650338982257466,30,0.6732793992245132,0,1
威胜,TERM_00953,0,3.65485162105153,38.56644519535492,75.58639394309229,29.830809378673983,15.22450433992331,26.370452374941866,31.2174598317765,0.06267057234320453,6013.269615480822,57600.18390375836,-77.79708856,77,0,81.34842839542506,0.6517984171949988,0.11207157697795353,0,0.03150400590474269,0.05850185260701559,7,0.9248810118507043,0,0
华为,TERM_00954,0,7.390814871051934,87.10930972773133,105.74236801486038,52.07065971828058,44.39018800618958,73.83665439379968,65.68720820936154,0.12448320128482138,699.9552789869688,10193.802780023412,-111.5366282,352,71,418.97701285161065,0.20387467485112662,0.19225039959903026,0,0.1993129111685609,0.19287042256347592,26,0.6471270956505765,0,0
林洋,TERM_00955,0,6.696269415743599,63.09592076380365,44.08728438274252,46.28589043927506,40.869000991325514,48.89049212531331,42.93708841730205,0.11847591432236135,2877.9814090022064,20860.07513696869,-89.85699713,270,48,248.96645471367015,0.4203629977220351,0.10810524202863359,1,0.1641541522050606,0.1517612803596968,20,0.8051405321523033,0,0
威胜,TERM_00956,0,2.3362921526693463,57.10551009939752,85.0025314458242,39.74285966730287,30.731882390287335,52.80035341831009,38.998048079746454,0.06496750632534272,5273.6513950231865,38689.88513888547,-84.41177193,158,37,263.04569323082984,0.7286721485033644,0.12821959603330027,0,0.19286092400357088,0.08981922694554793,11,0.8055769421387048,0,0
林洋,TERM_00957,0,1.2817460532480827,45.567290428563325,35.81125082259953,6.55330991850807,6.437859585590601,45.37856807328393,43.58219246163829,0.03711626848334168,7236.184872204544,66964.70978370697,-45,24,0,44.00323150567998,0.910718440031338,0.05110291897293304,0,0.11374639539784882,0.0359644626079848,4,0.8720948140420923,0,0
华为,TERM_00958,0,7.380044139635391,89.75505298828763,61.39216591135497,57.62514642709038,53.67842487724794,80.46910427538742,87.9238216028394,0.13726279437905872,0,10526.059172368256,-121.1097755,375,63,424.55832196549335,0.10929734528376328,0.20088007703770802,0,0.2772180354444399,0.15281710809502877,39,0.7219106663052517,0,0
华为,TERM_00959,1,10.840147585734847,75.3462698562253,100.10594085690093,56.8948246792772,48.87268583945473,80.93154799744039,81.59333290434178,0.203185188270117,0,0,-118.3155934,396,77,535.433916349444,0.07034954580671292,0.15351232190949,0,0.3327836833286591,0.1872525985620602,30,0.5885415056028258,1,1
鼎信,TERM_00960,0,5.956753726520394,54.72558906935703,53.89198854084212,33.86144702008125,26.166512078205706,75.64334718018895,83.91533637739377,0.03305788162763054,2514.674683707205,29535.618673491546,-116.4227198,233,56,393.76319526572433,0.14626969061615602,0.1884888782208063,0,0.22443430106606288,0.18168686482807872,20,0.7179045113411162,0,0
华为,TERM_00961,0,3.6591143572873106,31.258542653337873,1,24.722137249770533,15.99039778278613,43.337365600133474,35.99506100367172,0.02949841206062094,7935.654716557473,68635.29479497911,-57.87302292,5,0,14.007483293396591,0.889657248633912,0.05098562615256066,0,0.0420509572307132,0.03507945238982207,2,0.9200505414016992,0,0
中兴,TERM_00962,0,2.261721919398615,7.924835863947466,7.685245743910616,23.84959431027906,22.998263715215906,37.86659396600873,25.02090492488059,0.040451234513459555,7698.860174835072,64563.3351409523,-58.39952625,17,13,40.68178318353423,0.8432732010291035,0.03553774493344905,0,0,0.03448816907270042,0,0.9431425132098833,0,0
威胜,TERM_00963,0,3.865845562730475,53.24804919667154,72.60378933500857,38.59499078286993,31.232320856459804,45.389373214107195,49.41522123032146,0.03246167887306785,4469.576636208368,42539.05058092308,-86.49558244,181,34,260.2075569104307,0.5125150772589382,0.012332425039920755,0,0.055827549132817705,0.07156746753018237,11,0.8148282596436637,0,0
华为,TERM_00964,0,5.335111832532768,58.04417434695599,82.87608575958077,49.58520553678189,38.62065314044899,55.419278907738494,51.45010585203452,0.15120359211100126,2497.546265510515,24541.904764404047,-101.0363864,221,51,331.9341028099611,0.3436030835595848,0.12100811047310857,0,0.14627700990189235,0.1070275997683027,26,0.6782607042920543,0,0
威胜,TERM_00965,0,2.6222623835257357,14.123533467976074,34.31948740979738,28.402612399986953,28.212119302556964,56.39815487080358,46.039811042706134,0.03108451094587583,7664.577439931152,57624.43562752326,-68.6162769,39,22,96.88486473138886,0.9063146587055453,0.10362563533002267,0,0.06972348014336498,0.014016001489942732,12,0.8444531514570384,0,0
林洋,TERM_00966,1,8.666804043092109,99.69962389954145,136.8532446965023,52.50571621672686,46.12370380053686,66.62937729777757,72.86330234209589,0.14069041840489613,1121.0224326939986,4584.423233451486,-112.3453323,438,72,439.08298474905615,0,0.20715040703666437,1,0.33336105287872025,0.13778496420408823,29,0.5697682458696081,1,1
中兴,TERM_00967,0,5.210358182488744,44.00003741904075,62.16070473715578,33.44013769851027,21.640638432889286,41.64779552917389,33.01138045459551,0.04793590336326892,7266.4577116014825,61760.87774577715,-82.78781542,59,29,18.828054866005786,0.6453644122611389,0.018153710655051322,1,0.06307104457946919,0.046379693529711406,3,0.8766360970233855,0,0
中兴,TERM_00968,0,3.621889699479665,12.292892110398533,27.029893505969078,34.36968962536123,37.933798224691685,56.076045874655975,44.35730662264329,0.06188038318076754,6064.064537497312,59384.06178635069,-81.60837631,92,16,121.04127590804302,0.9466193487390085,0.035753116090059725,0,0.07579825721228364,0.04078470269508913,10,0.9085210191371131,0,0
华为,TERM_00969,0,3.9742909285413095,29.48118672301198,38.15474518438078,12.604703428138901,10.657438111292342,33.796546133802316,32.40620902932767,0.01848557035588857,8043.671715611011,68781.96839184586,-61.03031606,0,10,533.928502149969,0.952903437496493,0.013853910701084776,0,0.5349093783016406,0.03135434444794369,6,1,0,0
中兴,TERM_00970,0,0.5575248826416752,25.083843963579625,45.83449489151693,27.075513187479853,22.306758497807362,27.079418564809632,14.268929833341176,0.013130280301507658,7882.297832027012,80000,-56.02755634,0,5,0,0.9238435235531536,0.05401799465810677,0,0.03840332766690266,0.051214785829172424,0,1,0,0
中兴,TERM_00971,0,2.7340510423585633,48.381820767139786,27.729710407784243,26.771659679264697,20.71242940157088,54.24183550660613,55.37593964058473,0.066775073968059,6053.401248134899,58162.309187568375,-75.95101407,92,25,147.19574448215747,0.7188237385748879,0.015411005683100477,0,0.15083067937329966,0.04188681658683062,5,0.8798760562035401,0,0
鼎信,TERM_00972,0,6.467733738949257,87.30058371621014,65.24369149706823,61.930485290615046,55.528786753902146,59.124340592944534,47.21046672141372,0.16866307919775722,230.0945352530685,4008.6919897502685,-114.6643172,393,76,439.2040171573948,0.11262760566407501,0.21833872134957105,0,0.2867689971835739,0.22409866294453962,35,0.6034479934640482,0,0
华为,TERM_00973,0,4.481121956485737,64.84618461169178,47.358701314526144,34.6119821580388,28.108288860371974,50.759995181157244,47.268935389133944,0.06698455883550582,6703.507683204233,52569.88079696786,-71.80742817,128,25,171.35917782403075,0.5299577730434316,0.10397455370056835,1,0.10388816868292076,0.09572005159885272,14,0.7137713763853858,0,0
中兴,TERM_00974,1,7.3705012254555,87.03770614799228,123.19816962365925,58.01673297871289,51.648865261157766,71.75710327726665,68.65718123600655,0.10144692083551848,97.04524630996302,364.7870222135855,-111.183057,339,96,499.12319263481686,0.14155323862586236,0.26453618759128333,0,0.2216931148328241,0.23992703359820833,35,0.6182597360654676,0,1
鼎信,TERM_00975,1,8.806500013644829,82.55672446549542,122.81789227210731,62.392618459167196,54.44409198661105,71.4764658495869,68.06597587294206,0.11271992202285783,23.215571461978925,6879.632801739401,-106.2923013,318,77,501.6807843880601,0.20239553939129634,0.20734224351536037,1,0.2169216095192728,0.15717670384213334,43,0.6082945267056995,1,1
华为,TERM_00976,0,4.010776392975503,45.129724707647654,90.28221117649572,40.050118428231066,34.53336954281343,30.67822977344494,17.952066890252475,0.12204320822850093,3626.0500185071432,33449.09685641997,-102.50727,266,38,299.1782429926085,0.3902549674672942,0.08504058614618018,1,0.15624577206849205,0.15740523333158585,21,0.7333893207053699,0,0
华为,TERM_00977,0,5.883568496063998,50.546128476354085,82.81719944004469,54.10248897218538,46.05509800963834,65.08229643028012,58.915107945108836,0.09076870805125965,3389.538539382596,25958.093360908417,-102.5433834,259,64,333.50410739519344,0.24545141257957614,0.13312955777292784,0,0.14159873580677063,0.1143299163241374,17,0.6943674056466742,0,0
林洋,TERM_00978,0,6.577754388907575,46.019846109308986,96.80583070995101,53.60763282203799,49.724904252733076,55.098610882465564,58.34013953849011,0.0748157274573054,3299.375840581928,25492.081061343644,-100.4482963,259,46,288.4832220297796,0.48017936600190503,0.09668045648681403,0,0.196292035959999,0.10256214693582077,23,0.7117733396908407,0,0
鼎信,TERM_00979,1,8.529876327311467,90.80049881659254,116.38138032478942,54.20884008235919,49.09145469641529,74.92508119098754,68.71298087913735,0.15824794902301853,505.04264683132084,2837.724313291665,-109.6132467,397,65,475.9637337248534,0.19031015486003003,0.20530157884236863,0,0.21519033910534555,0.19186331177727092,31,0.6288090187224026,1,1
威胜,TERM_00980,0,5.615968399523036,21.02126033600984,26.948605197586932,21.55231916872679,13.049946970053144,42.53680857034882,30.631526510692037,0.029594271667650836,8022.909607432886,63071.80394706933,-64.75790988,0,1,51.334570463203626,0.908750678855893,0.08529275486734234,0,0.10811251939169746,0.007549887688635959,2,0.9568195985572789,0,0
华为,TERM_00981,0,3.4995232642749663,47.409994468458585,78.1402423574338,29.835183482568596,24.401079936128813,49.384108112596124,41.713681517783364,0.04835513222942921,5057.033790023993,49366.96392233279,-73.3896156,125,11,150.3386886425248,0.6307528929446342,0.05198602882862767,0,0.1281625783258038,0.09060465506013876,15,0.8364386695016476,0,0
华为,TERM_00982,0,0.9178911217057415,24.67486359230929,67.17127667413841,36.038382002084994,33.75307831210943,42.4349986802714,29.88521951020818,0.07793373761073509,5581.627646258915,49798.82927693311,-87.50381735,84,21,143.09852155288092,0.4665911071634853,0.10661036438992491,0,0.049445263938154065,0.10389582133169939,16,0.8752806668933002,0,0
林洋,TERM_00983,0,12.980833413659921,65.10684277555187,103.27786444905223,63.59029302478984,47.30822353303978,60.109692651693564,42.019299269886716,0.0878440126523651,1158.52122880783,2704.760118443999,-113.9526748,364,82,457.46072372567863,0.13979125809965232,0.1504205540160572,0,0.2710127793621283,0.1838107442005717,15,0.7246329366272843,1,1
华为,TERM_00984,0,3.5063174010927347,23.900291671585784,37.35957868048888,16.367129519967236,14.258121058902667,42.95128398639017,36.89263848227232,0,5771.295089771745,55199.83936704122,-77.94994541,111,25,106.10663635834703,0.8087154569286579,0.01716125160229457,0,0.0304728950908447,0.06199490609837177,6,0.8604066851523382,0,0
华为,TERM_00985,0,2.216994217794657,56.503811877008204,16.7525334749763,10.919148648965121,3,38.697107329537765,34.297170325588596,0.06300698422577093,8522.872312361267,80000,-53.21425514,49,6,19.561118105827852,0.7466427022001139,0.07815535444378247,0,0.1067002371446158,0.06558011004013647,0,0.9913334636975418,0,0
中兴,TERM_00986,0,8.7181612101527,78.54748304189431,81.28145982284313,54.207624862265774,46.91320748273692,61.276346585100356,60.46965619380806,0.09838122577466299,1080.1392646799902,7883.541649508669,-121.6467161,392,67,477.74503364198426,0.2584796248456682,0.1839223397844707,0,0.25158813324568163,0.18979271005709264,31,0.59721893369502,1,1
中兴,TERM_00987,0,7.92978113731794,75.10499810883671,82.07613056534083,53.54486689497304,34.39645537543572,72.47961054527383,70.28380217418467,0.07793458257443434,1157.5535097784355,19344.117138436974,-92.81618974,314,65,385.0226618741861,0.17715202937201183,0.1790014833904927,0,0.295994237482643,0.15990300178130284,24,0.6839870749290377,0,0
林洋,TERM_00988,0,7.3605723567134635,76.16538237641235,129.5080430926509,45.228042045425326,43.0563505982512,60.385158332203495,59.07304282646169,0.11486939272833555,1492.5559114062287,16882.670738510435,-106.5079599,310,76,424.11430079045294,0.1550840532733761,0.19326395144631023,0,0.10868959616573323,0.16358402405464556,28,0.6442137414891654,0,0
中兴,TERM_00989,1,8.42019820704637,110.3170286244573,80.61840580211553,59.74568676346939,51.044506710994575,58.713782023071516,53.467358843169464,0.14316113320966642,0,0,-123.0629155,384,63,496.02050860819907,0.2800750077784858,0.14132637686817479,0,0.24632646668583516,0.16582191501434707,33,0.6394453984388481,1,1
华为,TERM_00990,0,6.556597715634952,50.78648852133233,110.6208335698217,45.49324926216457,37.99419755205254,68.44564523361798,76.2106408962334,0.10562190544265294,1707.1001220455473,18001.940243516387,-103.3285423,357,88,395.05509415096554,0.42061098979602607,0.1534234882834019,0,0.20178268884895093,0.13247192385900441,19,0.5672794478428771,0,0
华为,TERM_00991,0,8.31357985729426,61.68884894201824,63.775969645050786,40.761404452472135,36.21470511804301,75.10530597673727,65.05630074750141,0.088321498561522,2893.633311598817,23709.53036810032,-101.0548572,201,43,297.54394738897565,0.4263467797920129,0.08023040476805471,0,0.13909139972041906,0.11586238259464406,21,0.7959059046474687,1,1
鼎信,TERM_00992,0,1.4714930013440095,15.379304581753345,87.60450790288853,41.42561395720497,26.571609876738933,33.18448671630068,26.281819031794377,0.006798786354826454,6101.756007105191,49792.4105429739,-81.81015832,118,22,112.06505832056372,0.6358586015916753,0.05500766651822271,0,0.13155829343341738,0.03912555631588748,15,0.8489910259930359,0,0
华为,TERM_00993,0,3.3902893114161494,1,10.349920960795473,25.127013762804435,20.437305086331417,40.6349099194182,45.586726385117686,0.05896540284533004,7494.122635034672,49427.3912415791,-62.20589721,107,16,122.23675262351098,0.8251221867639933,0.08990267076205574,0,0.06046808190731345,0.02092097931558449,1,0.9028267638793853,0,0
威胜,TERM_00994,0,4.748167157543528,39.91041991016289,68.96803367151153,34.78506951206681,33.02630222890385,61.10101229606401,53.76154513758409,0.025959312793845418,4478.363554508028,41787.37755449939,-72.76374608,190,35,258.96581982178907,0.42021441529147757,0.11300466655770551,0,0.18482413235261613,0.07200933239482271,17,0.756071684293777,0,0
鼎信,TERM_00995,0,4.982414773121408,46.74488961117193,67.40011454684539,32.80405610149991,28.675062813295266,50.979599713259326,45.318296049725696,0.05180008430776895,5429.550807103545,48232.40275878581,-71.04577686,154,20,181.76126644386895,0.7619283163428221,0.054361800070630045,1,0.05741088533647018,0.10511756277500296,11,0.9306584567851099,0,0
华为,TERM_00996,0,3.1326275538804147,36.014720092427716,75.69446559151125,44.72771474964963,37.75846206903401,55.20311941309371,52.62822726460239,0.07298037173700636,4947.624371081023,49245.02607827035,-90.81371078,118,40,215.99427409357503,0.741852442865927,0.09269368203322456,0,0.04126988925216839,0.06769525841744645,5,0.8273232744988451,0,0
鼎信,TERM_00997,0,2.792700220547831,65.69891705454093,57.099336430126634,42.377215577236825,37.582981209252644,55.186067937574954,57.190835075843175,0.10899184353229119,4301.36998660557,23939.61407219917,-98.45147988,264,56,229.74181697542537,0.4920256603472142,0.11788291792012252,0,0.12513190696941426,0.14699190226338554,18,0.7322003554111489,0,0
中兴,TERM_00998,0,5.247316032330506,56.738095496376594,57.140099553001725,35.614614936420985,30.23715307918931,25.99045160870663,21.84247024012559,0.08710227596336872,4342.056854972113,39902.53093681804,-75.3985818,187,49,279.0900096408766,0.4053654466712292,0.11968976950843088,0,0.16338091176693992,0.09115290854670066,18,0.6694386868346945,0,0
中兴,TERM_00999,0,4.139666114876608,37.9552537493634,79.41082741015295,36.08513894079807,34.87781764132355,47.599142692383204,37.29667864162121,0.017433426487426358,5739.048608176342,52565.51568510246,-67.25483945,56,25,144.8996710798883,0.7929252650243946,0.052773564310304256,0,0.13306149722491262,0.07721628897218134,17,0.8324033629506562,0,0
华为,TERM_01000,0,8.252689530083336,85.85450824887992,97.85268234075815,53.290488090360995,54.5655391746785,62.174853929123856,54.7143928974284,0.09142318540881587,1709.0823170889091,19328.283817587482,-107.5515603,263,50,322.0958522164775,0.38924717138275133,0.13687202021049796,0,0.13908146146648503,0.11613228057484612,22,0.5996300090506969,1,1
华为,TERM_01001,1,6.066019082244356,80.72767685582684,111.62944581183895,68.96770602167683,61.913538888816,81.09250556906221,79.33254219847501,0.1282171104317734,111.75415714967227,0,-125.3992399,377,80,522.3566924165707,0.09256464293339582,0.20368494653570218,0,0.2697916882987502,0.20503135272157438,37,0.608043246254043,0,1
中兴,TERM_01002,0,6.8605088939280865,62.208627498689246,96.54879889919262,40.57115373004537,36.72879288154773,45.739721111110235,38.96906104466951,0.03580685953227625,4316.983281660323,32551.63200684429,-87.39230927,208,43,272.48640306289917,0.40534993053296353,0.12662783026940425,0,0.15876733302632856,0.18218168915524993,15,0.7970479135068195,0,0
中兴,TERM_01003,0,5.68152980972161,1,1,24.670789679692216,16.332875194397467,52.58891059571568,44.785104734424074,0.026110078972151136,8404.883379298375,70161.84308482039,-57.56400163,0,0,46.13582633418077,0.7914275787097168,0.030495365779533424,0,0.04307410745292705,0.0029779987359438223,3,0.9778313207179777,0,0
中兴,TERM_01004,0,1.8616896995642271,26.47895692315855,10.790178561621076,29.178713087140984,26.26225218534584,34.394174027536664,23.802175362356177,0,8184.304849135916,60174.863089176906,-45,29,9,50.921365859185165,0.9351591419090318,0,0,0.11562720581266658,0.02403978827892471,7,0.8821152672595531,0,0
华为,TERM_01005,0,13.118668334942218,18.981160243711848,16.014751570308107,23.07741804683005,20.3780395050209,31.593326686847124,33.754220578424906,0.020140632801696742,7438.250198842999,62915.53104691477,-63.48934435,3,19,17.2745821197287,0.8614548733068328,0,0,0.027456215485608296,0,0,0.9041568362039716,1,1
中兴,TERM_01006,0,1.594818595506107,4.661238995945915,32.40776892736884,31.924064985810332,26.090095223912613,28.989805047401163,23.26033994088723,0.01145661006321906,7624.769353009947,73057.333701462,-52.42919875,78,3,11.639519669135058,0.8656987366957419,0.04487803744797686,0,1.1117002571350842e-05,0.059142897504634154,2,0.9333727934861998,0,0
林洋,TERM_01007,0,5.795605043780369,70.01445359603123,65.40346328662737,50.37505723553605,47.97014213873944,67.48177211451532,61.79034958291153,0.06399798145990607,3007.099132998121,22555.602028967944,-93.51290893,261,56,337.88875268890763,0.4068068417598302,0.1256095755313315,1,0.17143340230702103,0.17100969481730008,25,0.7024438870769877,0,0
威胜,TERM_01008,0,5.482537345259961,39.6790491902171,74.25129100346494,52.64196288212022,47.65792712408548,39.42173293019458,38.50107097843106,0.035445887606787366,4939.006194018976,42636.23242424463,-96.8437367,187,31,184.59987116844502,0.39222690106571284,0.08577165810875916,0,0.12018580512604005,0.0711437367598687,15,0.7131915740234841,0,0
鼎信,TERM_01009,1,6.767054589320582,111.94781330523608,121.35655613887735,65.03599542366638,59.79567120479731,74.30178644673789,61.12762624342499,0.13187804113731452,429.5714012242764,10629.241182489284,-130,375,84,461.13163773743685,0.14435042102526213,0.18208514758746225,0,0.2734740255689898,0.18490954796071293,35,0.5891643869969088,0,1
中兴,TERM_01010,0,8.123926524064697,27.722587519669077,60.94723995626338,29.860514712977015,20.458691146144037,49.03925940265016,44.29118215385667,0.05905456840159324,3307.5775752322616,22248.881952387695,-99.14818123,295,47,255.1025076162548,0.393997094874479,0.12615441055903198,0,0.16931806086722115,0.1463555504124989,26,0.7488170328713204,1,1
华为,TERM_01011,0,0.8802155251689818,30.164041432704458,17.210799086068743,20.49311622125193,16.352930335544105,37.778500705226925,41.810431061343834,0.05254360446820368,7171.796999111088,57812.22018738452,-57.63283851,56,6,63.64137512284724,0.946010327740521,0,0,0.06036786608813218,0.03857565107617092,0,0.894817746857086,0,0
威胜,TERM_01012,0,0.5,24.80829701517796,40.18297348876747,9.438860458117077,3,21.837378384237873,16.454377451880102,0.058684082090074086,7270.755013994718,70692.15473724093,-46.15151502,74,10,54.12254506273952,0.9185770784211602,0.08259622755454882,0,0.03163597261095949,0.00296327154658085,4,0.9174070394591426,0,0
威胜,TERM_01013,0,7.532102839891444,60.960811040081,71.01164446106738,40.7030162778246,40.051425099926675,65.44065078065508,61.757744477631185,0.12383841352357257,3492.1479664366443,23832.130813093572,-103.2081033,294,45,304.59042078040886,0.2865884951124765,0.13278051520850384,0,0.080550271726238,0.1071631649263694,29,0.698118373426549,0,0
华为,TERM_01014,0,2.1447533875061975,53.55612205916895,61.94008360650431,40.74033586078152,31.5243345393382,54.24692605940878,50.429951123315576,0.10346142865712436,3513.9338572251977,26811.3512809401,-89.73396044,230,52,268.58417494577753,0.3943014004379578,0.12713689489961005,0,0.1676957957854136,0.0897476064359013,19,0.859613316470274,0,0
华为,TERM_01015,0,3.6170079660145604,43.466786891100405,48.138908536678386,39.77115899584143,36.11535761363367,51.792984820767074,53.16105105128406,0.056713069076877495,5909.051379660149,55205.83583603529,-78.15641034,155,36,193.86285849885198,0.7272755415045491,0.08005906874335457,0,0.1477611354790988,0.10842949407898521,9,0.8440851938078966,0,0
华为,TERM_01016,0,7.2470590129268375,42.58913833741346,14.499378554643087,20.2863352863639,13.98321963067272,36.538944403633856,32.74629398975962,0,7236.136926518713,62504.499198092904,-47.36175461,67,10,31.118942481564773,0.7197112771383913,0.06598310787480298,0,0.07427447474070276,0.057020576960841896,1,0.9279042357546345,0,0
华为,TERM_01017,1,7.656822877261702,61.12424644204336,82.4084105392601,68.98625408159646,65.31786195810328,73.38099363300762,83.19250299498364,0.16724088918566687,935.5458777914877,5681.23488436579,-116.7979465,411,84,497.20651434617486,0.27902853021713436,0.21075582196331005,0,0.17748949309310386,0.24029781073058185,35,0.5903931124439451,0,1
威胜,TERM_01018,0,6.303870815994328,77.73545662163211,105.52135042359032,54.55189920218851,49.260396890873146,69.45153476741419,65.83919278198344,0.1907757076531483,0,0,-123.3566278,416,71,503.327462577606,0.0987546611973064,0.19730519626549786,1,0.23590973674255264,0.16930899191594875,42,0.6245314780085333,0,0
华为,TERM_01019,0,5.823861331633519,49.86141413716116,67.32930797687197,43.758557892353515,34.668546640754435,65.21447606458176,57.599959389216785,0.09104947564397493,2435.00774968538,24502.07055705288,-95.99448992,225,57,314.9598245272822,0.42156952412018955,0.11111978153958223,0,0.16339473119340975,0.14628639378356537,34,0.7268208374691034,0,0
华为,TERM_01020,0,7.377945448782872,67.17232665746826,89.32036679071781,46.443295944985024,46.912222262622244,72.15371676085475,76.22539774607168,0.13617349321772312,1298.8572262349678,2461.8898900162967,-112.5438888,367,71,476.91429307054995,0.1374289455054536,0.2207253435428508,0,0.25215395958952824,0.1877077030916089,40,0.5447802163158851,0,0
华为,TERM_01021,1,9.318501801001277,69.04731547505247,87.08300844498598,56.64557340013314,47.20972915560812,58.9154639861455,52.6513471599232,0.07357686772734923,3047.0422152514057,24059.099838000326,-84.59897146,259,55,319.56804589553167,0.36176561285702014,0.13458240784615283,0,0.17375060232365813,0.14404200654899796,21,0.8052867962015697,1,1
华为,TERM_01022,0,5.42936113017659,57.259670268607934,49.884870160009925,48.866471275624015,47.079342721397325,40.20834168686115,31.610732993541085,0.056902107667464674,4728.769729951984,39251.08439816133,-81.34902194,169,47,252.83043180437122,0.5014575739324584,0.11092670861401444,1,0,0.11136734427921068,10,0.8024127821273169,0,0
华为,TERM_01023,0,4.009087054673218,77.60033744860355,49.159663210830644,42.72802638058554,29.236127082360213,51.4379883202939,39.30742506654102,0.0555211307624752,2883.2278314563323,35383.15516150133,-90.20820983,277,25,280.25861744144305,0.5472443437573413,0.09449497499645174,1,0.11965120380044536,0.2229483407761288,14,0.768682043115333,0,0
中兴,TERM_01024,0,4.652581119956258,30.491156255622876,15.08431798054273,8.963067351100252,3,27.985218629703972,25.857773265252835,0.004151664715549352,8340.556575354807,65769.6491142241,-69.54609001,0,0,0,0.9311738382558754,0.04311042437267583,0,0.019906873122803606,0.11838477394449592,3,0.9111920940716762,0,0
威胜,TERM_01025,0,4.539438850034469,55.62941547084116,20.1659332438434,32.81295233958723,35.45888295694073,61.95558946833941,54.21082755294616,0.07365530309930363,6137.009702878968,42488.873841911336,-87.77042126,153,12,185.49518937542294,0.5331165230103756,0.04239884108004372,1,0.08361450679606797,0.0959289791834267,28,0.8456657856300102,0,0
林洋,TERM_01026,0,6.088412221270574,33.80212345833863,76.60594622621406,41.84537915642739,35.468136829603345,60.29321187669022,50.629085628844436,0.08971327630973112,4406.182072055485,43193.37940486787,-90.49222364,202,32,269.1413162223651,0.5566806047581173,0.09802690066756392,0,0.13182107931677542,0.15839270230223162,19,0.8084148144722069,0,0
鼎信,TERM_01027,0,3.6030308224915046,71.94808938251401,94.92934887370222,31.889467134367106,27.37183124003815,50.224802971050345,41.82992424134558,0.07690993885242572,4481.760363367259,39021.20654613977,-81.74356113,195,32,211.47498863582626,0.6358710067198248,0.1003447804502685,0,0.10431770925473988,0.07050956156904137,17,0.7283095531789833,0,0
中兴,TERM_01028,0,9.513614788243808,82.00078883743828,76.83199477509288,76.03376009488039,79.04681395427616,61.95207860838494,54.77215585255124,0.06705564610262567,1348.008043412577,2250.6006342169985,-121.5871397,431,83,524.2886391007701,0.24197822178259204,0.2396404246845727,1,0.2252020010900748,0.18453988777765043,33,0.6503396985354798,1,1
威胜,TERM_01029,0,2.137875990874272,41.60191156754098,27.441808034513393,38.09242908567067,32.37831384587359,30.15577264639767,30.15206097797963,0.023654195416680387,7581.757238108738,69893.27932711998,-58.40249248,58,15,85.0065301392881,0.8527202041249762,0.05545453804273021,0,0.08076069981088725,0.011782957768197558,6,0.9141060547945663,0,0
林洋,TERM_01030,0,6.730212427214679,49.6861374184321,47.16602849518834,34.76865446399923,31.06368526028249,61.389072942834595,59.2902881864486,0.12905186043811326,2131.6607458405015,20251.100619070763,-105.9202002,309,65,348.72406588852147,0.33849483701525335,0.19253880105509125,0,0.23473140801810324,0.15697994639026838,23,0.64695307347163,0,0
鼎信,TERM_01031,0,2.9705432751843537,44.031063695151836,12.480616414542137,26.570919727212857,24.594114149960635,67.2582764845896,61.39103516189925,0.06504170394666384,5577.571267892498,43286.3726467532,-67.0908054,132,38,204.44545735430677,0.5094573656063132,0.10490641787680247,0,0.11051625099150497,0.10687990492194177,16,0.8953789660628908,0,0
中兴,TERM_01032,0,6.018962477140969,98.47943765719792,100.11572674935917,60.432182206577586,48.533718966913085,67.22640449531937,65.59143968384856,0.17273073062109637,657.3151834134279,7660.219856716446,-116.3925077,326,64,410.37431395022526,0.271283678735009,0.15213208600420108,0,0.2556100361672,0.2544103538713137,31,0.5816673334242832,0,0
威胜,TERM_01033,1,8.937748167198361,89.31566906124756,57.62209865661825,50.794574502878405,43.36701524638122,81.46760374051583,75.82956003217478,0.14480293197326005,0,8301.26463490755,-115.5290014,406,87,528.66798361232,0.1659441178982458,0.16403510874680466,0,0.2633063107775565,0.1692224161927928,37,0.617196625575273,1,1
华为,TERM_01034,0,1.6802493940319012,12.723147512978628,4.607204683703671,23.767638871285897,19.416992207611635,39.77298246351256,36.01238213854224,0.029980204804070557,7480.312024188362,61297.523674361524,-60.49070256,22,1,13.390760412850128,0.9330243906748061,0.053211412063325865,0,0.09747096747331213,0.07015438346847233,2,0.8678108142141099,0,0
中兴,TERM_01035,0,2.117720632168377,55.96251143450619,61.47876809810344,29.408669703229595,16.429379803396966,48.78339740696069,39.78175600173974,0.012549327185736668,6501.434178432896,59906.80226708458,-70.89405741,112,24,127.50671873561467,0.5629102099374218,0.031901108874257456,0,0.10812704492236944,0.049551462750846084,11,0.8133598076838071,0,0
林洋,TERM_01036,1,6.752056760914397,69.12515481473116,99.22458256388524,57.79566921998267,59.64469194594563,63.589012281468705,54.64278836566112,0.16097942163795487,118.7285569454312,0,-112.5615368,367,70,473.6807368517486,0.21428182817075275,0.14518839483417834,1,0.32227252765873304,0.1747609381140478,29,0.6694772448546309,0,1
华为,TERM_01037,0,7.884365922082699,76.11285586887145,87.4975423451007,60.3899752712679,59.17204801153012,61.23895347518367,57.1470388802621,0.14644167763015992,715.9202505740745,10003.892977037322,-106.2853996,369,65,363.31419283070386,0.25721418646437166,0.1357984041175659,0,0.23522500070452926,0.1580128976111948,34,0.6503485898327723,0,0
中兴,TERM_01038,0,1.3242501892973109,32.7269754427715,21.761983460411145,36.2447349093988,34.28215270948284,28.25414834127858,24.175689879347118,0,8477.836834658634,62892.43241660619,-62.07483244,0,5,52.32397594196504,0.9305027739664925,0.03607975487845995,0,0,0.08745470411341284,7,1,0,0
鼎信,TERM_01039,1,7.736905081416518,120.42487553563608,88.14661343013313,62.591203415880436,64.1911856584788,72.54059702391685,73.60768198464429,0.1050952501627091,1712.4358955409796,805.2575651362274,-116.3814816,393,83,466.02350433395463,0.015712750188898145,0.17358875368091778,0,0.30056045165819445,0.13857052860459895,34,0.5844378864171498,0,1
中兴,TERM_01040,0,2.0984929754932544,14.010765192878182,18.018666582400407,10.809707972874188,9.425937874960177,33.008822016492395,31.004769701857253,0,7760.996372740262,65862.77998631632,-57.09067074,0,0,0,1,0.059933261139162426,0,0.069590174956255,0.03584529597439328,0,0.9227844050227783,0,0
威胜,TERM_01041,0,8.388633197151211,80.5507688490428,82.90612741028845,58.12110652975127,51.97165451651096,70.94762449263085,62.99594442211204,0.1094502662856849,391.08299692786676,12157.455227270271,-110.4152923,407,81,492.71194362586266,0.1084400969357793,0.19917556735894876,1,0.26928266472136664,0.22014733675094894,27,0.5884519011111333,1,1
威胜,TERM_01042,0,1.0324807932117852,27.786621014583602,37.23450097630647,23.587927530071674,10.426709583094832,32.37639522121275,19.695957777131603,0.05688077633683271,5774.226918450741,58643.46691016281,-59.24336905,80,8,79.12599940236649,0.8269207936706053,0.06285025419165047,0,0.02297049864909151,0.028160469720578108,2,0.8531000735219162,0,0
华为,TERM_01043,0,5.611690362010747,59.82857687867792,42.034193679887366,56.65334462819555,48.24728511984023,57.683038392440324,57.97858334891568,0.06783652194913586,3546.372923801557,34175.37379134551,-80.72586976,194,57,308.6655569895939,0.46932073085471854,0.12485265374548771,1,0.18768798563498632,0.12921399824265087,17,0.7996738907275537,0,0
威胜,TERM_01044,0,2.222398689050792,44.31158921239941,26.449574200583513,34.398243680955744,26.137057015593317,44.43536152050686,41.425388125658436,0.06253758467767241,5565.492328063655,50616.434884650924,-77.88331655,95,13,86.05289411681238,0.8709645726301256,0.07795119904399583,0,0.1181982006800111,0.0381372952616739,9,0.8768698269995763,0,0
威胜,TERM_01045,0,12.432964624107077,94.74126731,74.43064013127919,56.55819362195114,54.65213517263177,65.53947949591547,66.35481629107242,0.07976907761488225,779.905469357927,19165.226630420177,-130,314,53,386.6371151346611,0.25705671173059697,0.18856923430591382,1,0.15738897753936126,0.2289062271859198,31,0.6429356535422178,1,1
威胜,TERM_01046,0,7.401703680837931,77.44146859177015,65.55417374872334,51.54013413774996,46.94460626265853,61.94413397477761,59.69671075062265,0.07735301786942,2832.465687566141,24891.040468627376,-79.746876,267,54,335.6866516302975,0.5239133909835496,0.11403458544282448,0,0.20323939942994054,0.09987811595622745,32,0.7540065324077052,0,0
华为,TERM_01047,0,4.872459208126699,33.465960188837016,47.43200458651039,31.651134935376007,18.823769123805214,43.087277392759404,48.917052531247535,0.028938347823074577,4918.876276597232,48319.50962146977,-70.23486914,120,22,203.49892006748402,0.6552377503606226,0.11163079266062059,0,0.10748145021371744,0.09118769491206821,8,0.8728889919584597,0,0
华为,TERM_01048,0,9.845505063904845,91.88545147369409,98.36513069250971,64.12208995203763,63.44775040783754,99,92.7017209709306,0.13763876130501748,544.6568553849379,10134.787766077765,-107.403082,432,62,431.14297250072934,0.12885868667986933,0.192318062323047,0,0.2179531821632675,0.1605074345017849,27,0.6375979890681034,1,1
华为,TERM_01049,0,2.2894014346919542,26.20359796758276,44.278808900236854,18.19312417362417,19.839944129696214,42.099663982243975,37.34811358708383,0,7651.463019619777,64560.12731051947,-65.17939084,18,18,68.94421430323015,0.8684849895587922,0.02057236115294158,0,0.04182766921777877,0.028232609627047267,2,1,0,0
华为,TERM_01050,0,6.754465566874046,75.29211467581976,115.91695661697513,52.88791869882921,55.26561346967226,58.10778539297708,57.85060978398662,0.08998593826457348,2749.7420928102188,30617.226539939427,-112.3626723,254,58,279.86952399415014,0.3851894403070791,0.15661406419261303,0,0.09246581759033407,0.12476668251194861,18,0.6523454681685724,0,0
中兴,TERM_01051,0,4.601536846194011,72.61379178946557,36.95634575830138,55.923610636449794,45.27397222934944,62.708882176332246,62.88697699575946,0.0802233304988889,3640.818972908553,35573.486351963315,-108.7036244,243,52,283.85181444629484,0.3879199207621091,0.08436988617531083,0,0.15478382604223043,0.1576473213069201,28,0.7674037938944245,0,0
林洋,TERM_01052,1,11.451527849983494,111.80323763141884,77.32145952832474,51.97489756306888,48.58274872633227,63.46307879413781,60.4256545264934,0.15554958893922846,231.6998966437928,0,-120.2388485,398,71,476.9991765595394,0.2297222374321583,0.21884249552812968,1,0.27271996292651945,0.19903707910799526,43,0.6071024039662636,1,1
华为,TERM_01053,1,10.95454127042866,84.43719974982596,125.8506067506982,62.561859660049244,52.530008344979215,64.33432295685827,49.787757156145354,0.15102434585110375,35.099742567470216,0,-118.5492452,434,77,465.4163914376053,0,0.20801357938103582,1,0.216274504244033,0.1571956150250896,39,0.6263625715757928,1,1
林洋,TERM_01054,0,6.658177934488583,65.95421259058547,56.379515200660684,54.268145311111674,58.96406881467497,70.07243761874263,54.464643983870516,0.08963982780774354,2302.9101139336817,13350.442758198258,-91.78874428,371,58,343.9583631140136,0.4342112072691573,0.0948726720004387,1,0.1978746364246802,0.170654333928097,32,0.6845303124752674,0,0
林洋,TERM_01055,0,2.610232621553041,27.061572757730417,5.304668228621112,11.606237165141508,6.759124905209389,44.06849105639601,36.752794897016344,0,7785.183759506373,71745.19812395988,-53.3833202,0,0,0.2808396659647956,0.881151607965472,0.08084697408739439,0,0.010775366697316414,0.029363920629002845,0,0.9613685948564414,0,0
鼎信,TERM_01056,0,6.014537073007609,60.786311627926025,45.030862193338635,22.218752607390314,15.367820343763928,58.44179018701564,53.57268049035166,0.03297724206720827,5820.729619554109,52441.74971451049,-71.0443073,149,30,217.02472154068948,0.5276208909821509,0.04005492016808593,0,0.08527983017544277,0.11082926684170048,15,0.7453182800151542,0,0
鼎信,TERM_01057,0,6.492432501017551,75.85761129648483,117.49444273892162,44.09296209847554,36.32188733504132,48.241636309274924,32.03372617895197,0.08196968629902027,1605.887131478558,8648.151992083327,-110.3200126,314,67,404.3181842266055,0.30276685128138553,0.17861478672455353,1,0.1293433185422927,0.17184772146423585,34,0.6863699646993652,0,0
林洋,TERM_01058,0,9.269171755180482,94.94865920571756,71.7683964890249,51.71652716149631,48.38670280627876,61.85259687774542,56.67374160414685,0.08621242284570346,1263.0033735413626,9035.158762210594,-110.8787257,336,67,386.1746306647208,0.27195849050124465,0.20702918333462506,0,0.2331508482935252,0.11935746380530422,27,0.7209589056034038,1,1
威胜,TERM_01059,0,6.600830585859507,68.73241128953714,82.41622526506211,45.28324181099579,42.86131331492294,57.487076378156466,56.39419909157281,0.06471857380142167,3176.5293283757237,30400.476882950992,-102.4265278,257,47,218.0387795775446,0.4490506726446849,0.04026812211863033,0,0.151398334679904,0.1543639271370315,27,0.7278980389651813,0,0
华为,TERM_01060,0,2.7619326727465228,24.498295540530513,39.39997530054325,21.338188831766413,8.097903814772828,45.96140810620024,40.60620977627282,0.6874059211396455,6412.631279461734,65652.26234732568,-71.80593338,96,1,47.52813714801208,0.7637076968094751,0.5022114720056247,0,0.6892304250746105,0.0739637779239771,4,0.9622225857701212,0,0
林洋,TERM_01061,1,8.130016333470063,96.76448690090893,81.52672994308271,74.48196707971431,76.46628654497583,74.42305696914283,71.19381628633458,0.1085529353279168,0,0,-128.3398716,421,72,479.76812070036834,0.2243895580040609,0.22225268789238092,0,0.292597749649782,0.21174997177215582,34,0.5907637256781761,1,1
鼎信,TERM_01062,0,1.811469245316988,25.877821163371546,99.18633770646692,35.29524946767588,32.64981478546564,32.6893353394356,31.21624072618185,0,5796.085726522108,56169.45468944269,-69.42168395,85,13,105.10883162732321,0.8014341704718521,0.0853693123715239,0,0.10323754200481305,0.06099064914969794,2,0.8583610371993415,0,0
中兴,TERM_01063,0,10.36061293662116,31.6447036292832,32.075079951424996,28.230406283732897,30.174528354457838,44.180420242784095,29.572811483870705,0.008746696247959249,6680.9506175226825,58826.93737668765,-75.80050377,81,22,55.000446545321545,0.7689661925740094,0.07724495550736113,0,0.05267697596197171,0.052367855200002866,6,0.8811949573760294,1,1
中兴,TERM_01064,0,3.0412825547239377,11.918417126426473,36.00322453949079,21.136880889957137,24.69041415412548,42.22025690839173,41.135747833727315,0.017679398949156808,7594.41101009256,66271.77844091904,-68.93342871,25,20,81.21008144399534,0.8402493672257363,0.06838994461930148,0,0.10518111695730545,0.07568139167858744,10,0.8588760969985616,0,0
威胜,TERM_01065,0,5.158840098662187,39.99394930172712,74.45141817445818,32.567966442493535,27.070894995914525,48.693302266928626,39.292099799047406,0.04167543274452268,5693.980178538151,48935.99887357725,-74.82843134,103,30,178.14154813384408,0.597414472629986,0.06396252390378293,0,0.15938122058172696,0.11529833727193123,0,0.8485084449745234,0,0
威胜,TERM_01066,0,4.9617170457887765,73.50032095221346,71.49897613852993,50.815284996471334,50.09982028739298,43.28807538210643,36.85943792716244,0.06722267254840392,3505.492521631422,28351.505927942806,-109.9787198,230,62,277.9403991356308,0.5382260970054311,0.13279209464421238,0,0.11339083444989473,0.1354281594001714,21,0.7262734187190498,0,0
林洋,TERM_01067,0,5.849572900182296,51.28137076471607,98.9366261519708,38.65963458329798,30.780717436582936,35.54242692323751,26.575875826262394,0.04220791704230074,5494.45030050347,44844.14369061981,-61.50409306,152,28,144.56985158272985,0.8417496215387323,0.1311908853618835,1,0.0475378374602284,0.09033093577751451,14,0.8237575324163775,0,0
中兴,TERM_01068,0,1.8480076632298945,39.85791798628754,77.21117581383837,33.299467801256114,25.960880085168906,58.39495250501736,59.838271001905774,0.03755580402100429,6854.197646945673,57974.473146716366,-50.53998106,56,19,81.35092691185746,0.8680500918668447,0.0850244930026885,1,0,0.053529642651222564,6,0.8630587128336051,0,0
华为,TERM_01069,0,3.6202883021788055,61.672886612545305,40.69640172858506,38.91964033287894,41.78153349810214,63.54147115802613,51.506953781994675,0.05856081687446367,3845.3109917021343,31819.53126486541,-81.42842494,212,56,219.51889127195886,0.42017595787099227,0.09606429486084128,0,0.11907293079961445,0.18864105823186578,9,0.7795528139514092,0,0
华为,TERM_01070,0,5.886945689419944,68.92192083152356,112.63666802958663,42.40212103641434,33.70660228690166,57.63241454014246,60.920486149409705,0.13311328875542328,2225.4172760172123,28212.337042726384,-95.06602878,211,60,358.9272425992122,0.29131533383581415,0.17159458383123538,1,0.16072493057076703,0.07888227868982745,17,0.6540912477873823,0,0
华为,TERM_01071,0,3.4842909919676317,19.75624177729395,48.358103359382056,19.302199296696607,15.28454305184291,43.92216764670845,53.27313396456054,0.04203246477956533,6187.539353755359,56828.77390592178,-69.81359691,183,36,189.93322395377803,0.6934842954398819,0.1089341106972847,0,0.02371662569166308,0.04885190587783916,9,0.8857972787764901,0,0
威胜,TERM_01072,0,3.3110692830942137,18.730074908820367,66.18335399732655,25.269135324254236,15.730351886882401,58.138996900713046,43.832276457459464,0.04302518339640723,7729.028549498303,62763.261074054455,-52.43965488,8,4,19.788537233463895,0.7504310483099483,0,1,0.0021887244471580775,0.0012507933025069293,0,0.9659980445262646,0,0
华为,TERM_01073,0,6.314095531729226,86.63220071294164,62.32410292630527,44.3620747569995,36.08404822276889,67.399817155599,58.883496968623014,0.145692005913617,946.3540896905952,11529.88950023142,-113.640226,287,69,437.8976689174855,0.24299091833596642,0.18366470924261588,0,0.26038877147962003,0.24783549723904175,46,0.6559565736659405,0,0
鼎信,TERM_01074,0,10.008612661016162,72.62611279815708,117.13326758806262,59.585725746785116,52.060121819887144,68.57818170480078,67.25286805610038,0.11117658909711178,142.03147139340604,4570.769807658442,-118.0724565,407,80,501.16312855342653,0.15906221297512718,0.1901155272867422,1,0.25894987755270543,0.19260768406193632,42,0.5535099169405556,1,1
华为,TERM_01075,0,6.380306453357441,10.406189693427471,27.42893630469957,26.17076895977179,28.406498099123127,35.40717771230968,24.446478660113435,0,5484.2231595011135,51162.309756669354,-83.77970037,114,22,111.11256481135426,0.6970680512532477,0.09063265391435527,0,0.05202724907338177,0.0033790048238501874,4,0.8785166201950049,0,0
中兴,TERM_01076,0,4.3820704818710015,65.4083339645927,22.286766892649325,38.05162904756321,35.62047071957207,46.90127940216677,40.27003041071005,0.09890134328183775,5496.04274013412,45813.842339767165,-80.51257948,160,27,209.2209419316079,0.5513579373028047,0.08093196474440605,0,0.16906866946228855,0.06939112079364848,19,0.8727952792074999,0,0
华为,TERM_01077,0,5.281263501559656,37.174053064118006,63.323480242057016,38.702413412498515,37.9117075260412,26.377300630644736,22.432564202159543,0.015449792207472817,6218.6751899282535,50127.81984331378,-66.25001842,71,15,112.8646674657242,0.7035946179946071,0.04332562271122161,0,0.027692334032847828,0.07944972105311429,12,0.8075589142799037,0,0
中兴,TERM_01078,0,2.1994371459449917,43.96515465000036,75.97946547643616,42.723756542263914,28.68964255306298,50.61566270381717,41.33873661475177,0.048716304738290445,5537.24094051591,51712.777125292596,-71.62225346,150,22,89.09629260418468,0.7870525338277604,0.10627224905158164,0,0.115439070210526,0.0750342196165205,9,0.8549778727767829,0,0
中兴,TERM_01079,0,7.0712226226786274,68.68228930249023,99.54640807111001,48.675021200875236,43.848263384673665,67.76653344871407,63.25843228113721,0.072613893457723,3780.0908988613737,42278.263156784305,-83.28127099,259,39,296.06206424052334,0.40643267039498915,0.08759682823594132,0,0.14752193940109426,0.12125177231115072,26,0.6925574689159386,0,0
华为,TERM_01080,0,3.6385091023920006,6.056098120842117,6.521070213779513,14.336602690946208,7.4241293906310615,48.098282695429674,48.790700341996065,0.05184942719560988,7431.209879396512,70864.1418130051,-45,25,0,77.3633425322711,0.7953108301636989,0.02759370735300207,0,0.03629742237347103,0.028743832913366865,0,0.9323858532520154,0,0
中兴,TERM_01081,1,9.157595779641388,82.34269478155392,131.6329999021799,58.90426185396537,56.36587717352708,62.1729805230078,56.703089861230794,0.1445500220818653,0,395.95261616394487,-122.7126256,372,86,453.4532638606984,0.05579922373139842,0.1740028998969406,0,0.2569840855148869,0.2307065600969735,33,0.6063952445243918,1,1
威胜,TERM_01082,0,7.440382115252489,106.3044928009788,93.38683288485167,49.434732248406185,56.46736159131723,43.92486055024312,32.692934069074646,0.0960785056749801,1093.3250017741234,187.51691145329914,-123.2636982,350,81,493.22564548170357,0.2506548094034722,0.21663788414096788,0,0.2782204973879221,0.21219113471170814,30,0.5996167252153832,0,0
华为,TERM_01083,0,0.5,39.23200276278777,92.68031225523978,29.944493766643962,12.991704741542751,51.67366397102692,53.662983742261176,0.05520920893405803,5637.645279641375,44348.740642039214,-69.61786847,146,21,206.7463804608772,0.5195743865763133,0.06995819715564844,0,0.14185448668449285,0.0644267231618669,23,0.779661203623772,0,0
华为,TERM_01084,1,6.8355988183649234,83.65771512980017,109.57827912130841,62.51394269008548,59.511188401066015,82.00983577790122,85.3440438311904,0.1790310527968082,512.288423772929,7843.972286878847,-112.4916477,379,81,460.6143183819245,0.2227948765682829,0.19504698021806666,1,0.2863442550030179,0.20341067748233996,30,0.6245770750934887,0,1
鼎信,TERM_01085,0,6.126183688241321,69.05001753059656,91.20616593352152,45.973374840675206,51.997302886280956,48.50478058073833,45.716258773459714,0.10208311642598919,1749.4816287548022,7860.849207804886,-114.4532614,361,68,386.78859980447,0.20853662336398499,0.1002191748419983,1,0.17501060236109814,0.2190628569278284,33,0.6040308895321459,0,0
华为,TERM_01086,0,0.5768053365406263,9.40271027848909,20.55217951341424,16.659332858410377,9.110393624057956,31.521715458753818,20.630961357116597,0,7407.998326238181,72689.22534743647,-57.26561384,0,10,16.562656332376193,0.7506242147387329,0.021379803772713722,0,0.02008022808323179,0.028390137617202993,0,0.9732459984734515,0,0
华为,TERM_01087,0,4.040674391654629,58.2508356081954,35.603261215897476,23.82378028226548,19.57297555133892,49.40845386445594,39.14209028233515,0.07524286630176139,5443.949763539259,47514.79586838621,-77.5525316,100,24,170.60293362572259,0.7122531510840948,0.07041976985359853,0,0.06024983784363353,0.058571636289435,17,0.9287374506755899,0,0
威胜,TERM_01088,0,3.885741170568731,12.181950612806467,40.388745636406,42.02762006063546,40.41046970258338,41.25546843660101,22.04486182232882,0.039296146108407856,4418.729586322511,39175.50931607365,-80.07042388,185,25,169.26661506296995,0.5430667531135164,0.09757285267522686,0,0.06990440854704122,0.06162641666776172,13,0.7394470481996849,0,0
华为,TERM_01089,0,8.3848115134243,77.32490229957573,52.9710361076891,53.78995613197167,38.01050243583978,49.8084816026538,41.25571675120568,0.08736075545451291,1278.9287247048137,8766.330600539244,-103.1025922,443,71,491.22009781545034,0.19623750791960942,0.2240928861061664,1,0.26785346391390286,0.19268067198089442,27,0.5622098601767105,1,1
华为,TERM_01090,0,4.539951583248056,71.54292320501405,61.84551669566331,29.79022038925772,26.121142044945074,51.64375555491605,53.03723222182945,0.07796636297265931,2842.8312607467806,12872.29692337231,-106.8863364,256,47,334.1797196321605,0.2997221831899669,0.1617892170343354,1,0.10303617103602193,0.13799134753936407,24,0.6334121584266972,0,0
鼎信,TERM_01091,0,6.321725914736627,108.39347939902312,121.12073933667214,69.03576387632509,60.06544022460946,60.77995315415596,51.67614324947964,0.14254979923779118,1422.2508994616765,6601.638340299667,-111.1046555,343,55,469.36505437958647,0.2791418873961029,0.19371915381211896,0,0.20445919801480256,0.1754613048208194,36,0.6114767038642202,0,0
威胜,TERM_01092,0,8.120307704331655,54.74897333816893,55.28615153228842,57.694076216877384,62.93292016981132,42.02706341054399,31.291467685113325,0.12515996193899517,1873.6512630465916,23657.93223360796,-101.0311187,297,60,395.9345863923171,0.3439116904249136,0.13098028787241617,0,0.17078059184925376,0.16006595420175843,29,0.734017109425702,1,1
中兴,TERM_01093,0,1.1923416682365742,2.560187713197557,59.129814894015475,5.10342247075808,3,46.78806866107691,47.92537516049084,0.024608479099571742,7289.08828449205,67430.7204537448,-72.88762693,39,8,47.198201705395675,1,0.08962785049962073,0,0.028251126720242995,0.005276508709963247,0,0.9866637008255401,0,0
林洋,TERM_01094,0,3.2933409354069925,31.19890012240954,66.41241019939346,39.65031018196762,31.098608998622144,62.58935662572032,64.49703475748534,0.02584569420721701,6010.207343585308,46434.65845440835,-57.34025875,159,31,147.4609135376418,0.6814101396913811,0.026822915212675005,0,0.059989484356383335,0.12074140178444119,5,0.8505622785609295,0,0
林洋,TERM_01095,1,7.143905013790869,98.53001437564356,107.80613367394743,71.0412520302983,70.27441013546407,69.29778531943042,61.080998335392486,0.17141447764957607,341.1199280432744,1831.9628240973493,-116.4714673,390,69,551.0896988354433,0.10418468426732465,0.15897663869086348,0,0.21424044701761363,0.19274615268990045,31,0.6199971701242978,0,1
林洋,TERM_01096,0,5.70879888278832,59.21621575671257,89.45577473852696,39.84371120303173,37.28377478004107,60.96333846283306,59.02003226729726,0.10518246014658045,4365.362341188815,42726.15898485875,-80.41771506,205,33,244.06888747675515,0.4041320294962062,0.09307351595776156,1,0.221953456897366,0.17558950739877632,14,0.827105373417924,0,0
华为,TERM_01097,0,3.4023970843973865,6.737398203522471,50.48692602738641,25.979068021449375,25.458741048290992,24.39657464855057,14.190062260425993,0.03973233602422703,7110.163743671563,64047.28919574441,-75.72146072,115,13,91.6702064502681,0.690884188479247,0.04724471989906877,0,0.04586347063838853,0.07253964920248603,0,0.8836498914254698,0,0
华为,TERM_01098,0,0.5,23.35447838779405,34.52877224583617,18.513765086117683,23.06588428798731,34.514774345042774,27.458981486981635,0,8760,62258.598961009804,-45,49,17,3.3168135244326393,0.8684293798177778,0.02609038961460324,0,0.0005104649872301817,0.02250757281212175,0,0.9686329392328424,0,0
中兴,TERM_01099,1,3.6209790367405605,44.30437234166273,33.30805678043458,24.748088736253187,16.822052079058167,29.727357542658453,13.806695695782505,0,8570.96329281421,65137.42361524552,-58.77827266,62,13,13.936854464169643,0.8810085532737308,2.232238609250342e-05,0,0.042666116976020504,0,4,1,0,1
林洋,TERM_01100,1,9.938586015004887,91.44760225855502,117.0224868632611,66.82561651020964,70.42079567838913,72.85577210949413,70.01638498593076,0.15340803396889394,307.92700350945813,3489.3509664841017,-130,411,76,483.26027034201746,0.2560742177465385,0.19880592209051282,0,0.24510737201835142,0.21340905284641348,33,0.674293642825408,1,1
华为,TERM_01101,0,5.116499346177705,77.20579180199881,60.817891883743556,41.749782383871306,46.137022563668616,35.38855972256384,29.771078543984327,0.13585864912631546,1854.558914589023,22051.87474814361,-117.205908,314,66,409.99104588557697,0.2415332879810899,0.19549898920513825,0,0.27902866796471165,0.17494156506635863,22,0.6202683540021299,0,0
鼎信,TERM_01102,1,6.468345427225397,92.5170477275552,77.81131989090218,53.86265430760777,45.02014954110905,66.53225302181322,57.5006890742639,0.11692269585148563,209.60337065089925,4659.649069381679,-129.0360747,412,88,530.3410586772642,0.1909367955598064,0.19947322212137553,0,0.2363861577346847,0.17679429872863664,30,0.5753158053997702,0,1
中兴,TERM_01103,0,9.35761750855061,67.02666750749223,64.69543580929425,44.13267763447307,35.77445869379331,61.68857130999933,56.13639110846328,0.14314414599225433,2868.0701114376184,34652.744007583016,-99.0813366,292,47,278.12689076539726,0.4250701732796207,0.0871621999184902,0,0.17773607650666773,0.09054484936413562,23,0.8476463958350529,1,1
威胜,TERM_01104,0,2.5807631493727,20.999116995477845,44.32223074648202,33.91354272575589,29.149655333339524,47.3847953977626,41.094489653286736,0.04492416538057894,5572.668635406765,44845.5470589396,-83.89520317,134,14,121.58747045108908,0.8227116535408983,0.0683254859646768,0,0.044877734674657194,0.07104648343105341,10,0.8211910423238868,0,0
威胜,TERM_01105,0,2.9245858676232803,23.389254796501653,82.07350637820221,27.18428741409582,21.185900904813497,46.2631273631352,36.29965101038282,0.051251912890472366,7036.08414635227,66785.78152305463,-54.89392425,0,0,0,0.6962282847078199,0.013130284321758307,0,0.022839164584570002,0.044683286335259476,0,0.9955808142435567,0,0
威胜,TERM_01106,0,2.729591201336751,59.879747864062786,63.64841326724831,42.789032357266535,46.334308273884446,50.30428911239894,47.695593735200646,0.05695663734718242,3350.4178370263035,24234.98443656201,-93.1028128,290,52,314.52292171709945,0.521580005024042,0.08754357755157224,0,0.13896107317478149,0.13428450382862248,25,0.715535767580968,0,0
华为,TERM_01107,0,3.3975215335590043,48.616115732502166,98.85239325154868,33.43961212777822,24.119988608651077,24.700895992405428,17.913200895206653,0.08699816427948251,3593.213598196201,34031.78228469277,-84.21593431,254,41,256.12915310215664,0.4501578564848312,0.11339332291477958,1,0.0834307300635917,0.11233010211288204,22,0.7607110987411775,0,0
威胜,TERM_01108,0,7.114973685187014,63.03056612239567,74.98364929372758,46.58994913019523,42.81324327851727,62.358215275316766,56.55253367385121,0.036589795939288135,4283.393549672985,42011.726522522564,-81.95992573,229,25,242.11052800171038,0.5971680972288633,0.07704675903574083,0,0.1347894458250775,0.14003991185164955,21,0.7404138784177694,0,0
华为,TERM_01109,0,5.360494129835679,65.93971232782552,81.16366932847734,41.912310990034726,33.08487871935437,70.3162689036477,56.552300710287966,0.1245327043542662,1579.8163197649194,12207.262199215947,-108.4494292,281,53,398.0227125558363,0.39203157221230367,0.15266057263707086,0,0.21433758320637392,0.1435184897020723,28,0.6353928025300085,0,0
中兴,TERM_01110,0,3.8902076478665846,14.892901370280434,54.994048694615884,16.22889055089696,11.771231275090766,50.83378619834542,45.08008072178887,0.023557673808352234,8104.4944587766295,63006.151676404144,-67.74676872,18,0,29.856091918184397,0.8685610835123149,0.03342020359113651,0,0.036013956689984916,0.07761711424044054,0,0.9387672689018838,0,0
华为,TERM_01111,1,8.313138898420785,68.5322785156022,95.18209549084864,58.67671408168385,64.38520406850294,69.4599985495708,63.38401874827478,0.1595069801465664,1127.210993985661,1224.6859658495393,-129.7084994,421,74,471.48458298358617,0.04161504405426786,0.20302599578200498,0,0.17749345439709746,0.1434029916347263,33,0.6220528258809752,1,1
威胜,TERM_01112,0,1.9695044612459576,56.981062114443574,57.23709175709932,41.770485548844746,45.8856918018743,54.815593600063394,44.86190911825496,0.04958097602526547,5069.843430501721,39798.893092537626,-95.82075368,184,49,239.0916443166819,0.4467639210615192,0.13665174837114047,1,0.08977020010418812,0.07864607616505914,13,0.7733390733115799,0,0
华为,TERM_01113,0,2.9709422347424477,34.33794291546026,1,17.78469211001451,14.677316427907277,58.397176276223476,56.58643874324923,0,7420.819236142922,73705.17223382468,-63.93016818,17,13,5.538407449364593,0.8292906369456821,0,0,0.014873403442331058,0,0,0.9839647427993072,0,0
威胜,TERM_01114,0,12.757413669977815,53.64385159470105,22.482907031404867,48.34412416022006,46.49297256340608,36.019474670183925,18.372623540389167,0.09689329692900422,3610.176791297701,26995.3775136643,-77.72186885,244,39,255.16307717665904,0.25928109906589203,0.11430435923011736,0,0.10607948441978055,0.12706080465017722,19,0.7346880803049027,1,1
威胜,TERM_01115,0,5.359170723702549,79.27185475404207,80.88382673936171,56.95545161675082,54.31290250899565,63.027538919396676,55.13434865656159,0.09146466951258525,2558.737491944561,20568.48673721743,-110.7590309,249,67,321.2714314423639,0.34281003670748417,0.17162866252500134,0,0.09659087112722432,0.15324052059807144,13,0.6109859893204912,0,0
中兴,TERM_01116,0,12.82637868149121,63.68553805648957,87.23151696111617,41.24018311102985,34.72015685041967,70.1223408804675,66.98206744454816,0.08890681858903751,2532.1413647392123,25686.216931224648,-85.78669681,281,67,360.38953925207727,0.4275267833828818,0.08761795361377067,0,0.21254602524354016,0.19060486186283435,20,0.7101751667289165,1,1
林洋,TERM_01117,0,7.324143824635882,35.89718473913466,122.8288434972514,53.88053093965198,58.463272622990566,64.03027977247756,71.6213344899567,0.08905413831555867,3026.9192327696755,19420.19056866676,-113.3988485,282,65,414.06653485787365,0.3047197708033604,0.15324553152990972,0,0.2595207930819067,0.16478573145452405,24,0.6572862534804969,0,0
华为,TERM_01118,0,3.1516069834905602,20.27982790226693,33.71414079737691,22.570825113091445,24.168578240348282,36.189349752711365,22.995312142720095,0.009593442789943375,7716.323763119784,70461.91817112497,-66.81867918,7,0,34.68444226615764,0.8577269323017538,0.02872751258820807,0,0.07908141838113153,0.04811123195642954,9,1,0,0
华为,TERM_01119,1,9.71740560733379,86.78340578237686,134.77282289239793,56.93882449492218,53.1106883116142,54.87276447807663,50.404529254687034,0.14779468216273836,0,350.3450372567663,-116.0860576,384,82,495.7710454184654,0.03571394434787632,0.16560134645345714,0,0.2598464333092445,0.16584842611057146,29,0.6477090668667213,1,1
华为,TERM_01120,0,2.672892971090456,22.2529735188593,39.03809539,5.154828560074662,3,50.026251258347415,48.313668016348295,0.04216658405601898,8760,66094.32767926299,-45.51962561,35,0,0,0.8462322079580754,0.001540447558533154,0,0.008477647252902815,0,2,0.9961269413539029,0,0
华为,TERM_01121,1,5.595797355640959,89.82234723001473,74.0602092838795,60.56183600452298,54.802046526733825,78.70168451310717,74.08177207897783,0.08065254554686513,1038.8533648272441,8911.105692867892,-129.3028304,402,72,426.68730820973883,0.1681303898144929,0.15409922915475932,1,0.32422160336615036,0.22902703644167388,32,0.65500897396749,0,1
华为,TERM_01122,0,4.164550429190602,43.28306096921074,80.91299109378993,42.87930811275732,39.57318223225536,64.5965313213757,52.20246976739108,0.03650024650453514,4044.992707696619,43025.81899582034,-86.86324828,213,42,236.6971482702504,0.5826845981570099,0.11461961103765714,0,0.17828691532826696,0.13449539785326126,20,0.8042489674916928,0,0
华为,TERM_01123,0,9.895066011206897,82.67548226327878,75.44875808266372,51.901540820327,46.72630275871693,55.087340190930085,47.185304591808396,0.1041092305947531,3839.644242757564,26971.998115587332,-83.20846274,245,51,249.50796888882562,0.31630679172683657,0.049425576679964736,0,0.1247431348055579,0.13158614710787475,17,0.7687751225250655,1,1
华为,TERM_01124,0,3.6738164297129896,25.856841482887575,57.4331046744971,21.233548663374737,21.931094089393888,35.21733676398526,15.567445239041898,0,7197.509329518641,61278.73940317673,-54.07292134,57,6,88.26600280117341,0.8343127974002454,0.014651269641266732,0,0.11190961162394285,0.011329169366737175,0,0.9619024521158026,0,0
林洋,TERM_01125,1,11.502226231374566,86.40182315570584,144.57403048510355,54.31877960747734,51.71391396412544,69.63133073639736,64.65452634538995,0.12620841506737907,82.53143714023335,4521.561037640719,-130,461,81,476.4180855630634,0.12809896608801002,0.1768556214751517,0,0.25471465020510736,0.27137191472851535,36,0.6320201439732711,1,1
林洋,TERM_01126,0,6.4931992812405905,59.16850596717552,69.66994797577296,97.11090968368306,18.91507777544935,95.38869965270679,52.49815140318391,0.13633872828693996,4497.244364262228,43335.865419618014,-119.8597939,204,25,596.9473481538506,0.5045153484701665,0.119229750755461,0,0.17080923321321956,0.11686558269083278,15,0.7836470342720872,0,0
华为,TERM_01127,0,2.3806201086379613,20.487130861219455,1,5,3,32.501438069733915,30.2354037154986,0.0011862373858755118,6859.584090674245,73200.46551903253,-68.06653086,0,13,58.549057281182584,0.941366114543373,0,0,0.09441765305982298,0,2,0.8781913047520356,0,0
华为,TERM_01128,0,8.059100882209169,123.9025114599367,103.62780197238021,54.14219877412472,54.096195701545234,82.52687207755666,73.60633780506726,0.1609121000658637,0,6440.19482993203,-112.7493655,362,88,503.16869240156063,0.22707775622317597,0.22710528234228022,0,0.20910805453769263,0.1897937660170156,32,0.5285946111225008,1,1
中兴,TERM_01129,0,3.903856346354492,39.703191205361115,27.10758459734899,55.19015595412368,44.40847145648996,44.95492419494542,35.46983525394487,0.004351432273885243,4936.061989265605,49546.779062284535,-74.89535539,129,33,178.61697443462663,0.5932302283554709,0.10117716540215582,0,0.09643464161391653,0.03500422119984025,10,0.793273353546899,0,0
中兴,TERM_01130,0,4.211107468544187,81.48506634070436,90.48567880239648,62.286292164044866,55.54324176983005,54.53133746891883,50.530639014539275,0.14251846183466563,1885.749363847976,12256.127230418148,-102.6723649,318,64,413.11815486344483,0.1882971847215077,0.19588671347218403,0,0.21656184425528752,0.1681880508324747,33,0.6321624408025743,0,0
华为,TERM_01131,0,2.867484141297686,18.56753157393983,44.32058751409814,17.665277262856144,10.467153430184235,19.12997025729684,15.69150963903875,0.01739148860802876,7056.168135390769,50705.27159700908,-71.74470532,36,6,52.348816499471994,0.9603864103362182,0.03240663743048757,0,0.06451873084786121,0.031277828240007036,9,0.8962309744863995,0,0
华为,TERM_01132,0,5.678900528360564,54.79173464029191,39.76051825408875,28.301774929583633,17.1093048345121,51.608151256029316,51.835857067342666,0.06124733212984276,6159.265042707139,49732.9315992849,-80.77350871,146,33,183.07641808179977,0.7156532247284172,0.06328980696869979,0,0.057173883242087435,0.14750703439582524,7,0.8351699501930221,0,0
鼎信,TERM_01133,1,6.77360310109096,90.81651200167322,67.52008866385755,53.6521864074966,50.203227088722414,75.77408923653047,69.20591773577179,0.15817563841539106,0,7763.886441048463,-108.5502158,381,79,484.1365687732874,0.15797390574725928,0.1665840344821598,0,0.24249722016984623,0.21304961731747027,33,0.7059802434110218,0,1
林洋,TERM_01134,0,4.9260804038198955,41.84390646530041,39.95768766314683,46.57593065893909,40.95685394596108,36.95886390683216,31.324175117563282,0.047522758257503225,5915.860702416928,45000.711140301224,-71.75715216,165,24,193.28202374480924,0.5383060754366301,0.10666609493580488,0,0.1029294118058621,0.013375082294981147,8,0.843434358760712,0,0
华为,TERM_01135,0,3.308370450229328,7.27490713718605,13.035893569735949,38.00283391943323,29.813755087239063,49.949372691742305,36.631428207071856,0.02442510703647833,8760,66408.48554030925,-45,0,10,26.81299499905994,0.8340486133263332,0.010380344359938377,0,0.020079209423352,0.07614848071028704,4,0.9109031398407893,0,0
林洋,TERM_01136,0,5.275510695920794,54.492364646357714,93.48914076031149,51.65191106184959,57.07784590383749,48.25308180786722,51.943478347378395,0.0837465224068395,1931.0098518379466,13472.29735984039,-93.8983616,267,60,411.4376787141124,0.3271778038362293,0.13497354731217565,1,0.1371602454646209,0.171312179793273,30,0.7479056378234319,0,0
中兴,TERM_01137,0,2.0077269558434736,34.26866632732491,28.342701421002257,26.67389643985475,9.519233204777283,46.07835596623684,35.47171322411519,0.026691506968276088,6843.966474989575,74797.51893155058,-75.607018,34,4,32.91758138559529,0.7429071507639431,0.02991661665636579,1,0.045789802590021675,0.08674168391102524,12,0.8985627874410869,0,0
华为,TERM_01138,0,6.010859172763032,63.80361604101358,113.92852677631052,61.08131705299981,51.764493244156675,74.87822719396173,74.22723538597901,0.15391446379736604,399.113251543358,7652.04693685802,-105.1991249,392,83,493.97863013841,0.09237441376453488,0.19726582149923708,0,0.3187708811737143,0.1944646726908139,36,0.6552917523036201,0,0
华为,TERM_01139,0,5.792851554533668,98.26494545795987,70.71082757130756,53.38049202601786,45.49675289867348,75.05056463595832,74.44368839074126,0.1101924781763049,1497.601184670945,123.49647834543794,-109.7251209,354,62,421.2748915535551,0.2190579129148055,0.13287953073232117,0,0.23252123147532694,0.1753428519994039,31,0.6802274213560318,0,0
华为,TERM_01140,0,0.8284212787154648,9.921995302416857,70.59715575839175,27.321401969522434,15.529515627002226,19.724361871539262,17.12377779990712,0,8028.192045934383,58764.14011685258,-57.41158807,85,13,70.81611781257645,0.8497513944694818,0.01425777939301653,0,0.04521003884009331,0.017755294424651714,18,0.9076973506355024,0,0
林洋,TERM_01141,0,0.9448418354175978,20.772045693196688,40.45992438895968,22.35548327992251,28.64502177393243,47.39256164565045,40.968219402091535,0.0023091853015155053,7658.520510305055,65967.11338125952,-60.90619581,3,16,0,1,0.06936285230261417,0,0.06236417388121388,0.048467121611349945,4,1,0,0
中兴,TERM_01142,0,5.584170796814635,23.751732467767724,74.6805524471223,33.52367499157972,39.76045953582769,42.039003317482305,34.86258870834873,0.07575527308748009,5369.000677058754,47333.30173992514,-78.08219199,122,30,87.69074185294471,0.7252345296638566,0.03644508989649207,0,0.13969608047763565,0.09632080733356166,12,0.8359168774313097,0,0
威胜,TERM_01143,0,5.051354721943961,72.11027994833832,67.19863852442046,33.48324605303038,25.060948605957886,57.40638164004474,52.021923736004645,0.14044513591461785,3148.2568062773685,18230.79393679277,-105.2105408,345,63,330.069468394923,0.2443312226490969,0.1961619336342406,0,0.16346960683641676,0.10014211610845176,17,0.6983319864812453,0,0
华为,TERM_01144,0,4.11693335645282,42.882127182350374,108.67293299313228,29.012453208969006,30.35613549461787,54.4923544935198,38.06902330240789,0.07689318388158674,5330.147574527527,45550.88070133173,-75.36188756,161,18,237.39544487811963,0.6216155530986364,0.06200258451048177,0,0.16811173841216653,0.05322180661354273,16,0.7924847403203112,0,0
鼎信,TERM_01145,1,7.171182013959476,95.80270498906258,103.6707968231049,50.03608090100285,48.01878922202522,79.17219231630094,74.01559809849299,0.19349626035165066,926.2511667482448,2348.5931992682968,-116.8718418,361,77,566.8399006311164,0.21426526497745182,0.15709547398206977,0,0.2045322502327751,0.1608173664925026,47,0.6218697501240721,0,1
中兴,TERM_01146,0,4.648073270047782,7.36984934488617,65.87710877853952,31.38592081077062,34.66649527517241,20.24568483038344,24.160190468361684,0.030716993278470776,7239.855771425477,58811.98739541574,-56.74183591,96,33,27.26149333774452,0.878948849245694,0.08750217901569841,0,0.04665380756474194,0.09994118192571116,7,0.919055073629612,0,0
威胜,TERM_01147,0,4.710255992497378,17.2187731675551,25.146314060581588,18.671892068283984,13.13586850779324,26.439279661009756,20.08417072777634,0.03262543866923831,7034.435498318739,58325.48206754713,-71.35652733,64,19,21.5299240836053,0.9006309737830962,0.09466387328084826,0,0.03817917189048178,0.07592850962985895,9,0.9109205674895278,0,0
华为,TERM_01148,0,6.859670391597971,76.1331416484944,69.14306682340076,31.237943436977446,28.39598605136043,67.77959035658135,62.58314935596405,0.033360896385925994,3831.5492195771167,27230.915430936813,-102.6033321,256,47,286.59484178767934,0.5059520806303537,0.1094837056511188,0,0.2093663972126328,0.11612308874075934,27,0.7455271589714786,0,0
华为,TERM_01149,0,6.0874274627249,72.20757308255244,62.52534777337248,29.881059469503686,31.8937895806066,60.91454029805002,49.76983505942628,0.06735803833345111,2894.9928838453525,32405.996970575292,-107.3436486,321,40,340.566027527432,0.5693647268583296,0.16162849895304576,0,0.11878286933326969,0.1611145369560415,31,0.7296097512209057,0,0
华为,TERM_01150,0,2.8263776784945476,1,95.77798152396718,31.414793003904446,32.66276767009005,43.65983048346397,39.77395433651761,0.052713408602221914,6390.565589488575,57135.784756451394,-69.48403522,90,2,121.5031387112264,0.760198191209211,0.05828218991709944,1,0.11555012100865583,0.014144112779750098,10,0.900408823145366,0,0
鼎信,TERM_01151,0,5.685869049573883,89.51805670063153,82.34281293594799,49.06115489489577,44.81932879193664,57.07310423685212,47.405289255134136,0.1637658734594018,536.3908483525835,5564.469915750265,-121.2950727,388,84,526.1636131734155,0.230311519190215,0.18894227358970525,0,0.22332280117465642,0.1933486086917196,25,0.6616143950589357,0,0
威胜,TERM_01152,0,8.52948685956725,46.67861663579125,47.35096210278304,42.989179639234834,33.27630247927985,60.47121214657669,60.57035115700363,0.055548489955316104,3180.734717214953,30090.629483039032,-96.80258217,248,60,297.04623610131443,0.353579893173653,0.1378409913922097,0,0.16805309787660563,0.15644951200661514,23,0.6785915091713823,1,1
中兴,TERM_01153,0,0.8849282217162295,11.407763913446404,53.7080127753845,32.82595868488937,24.009174117473993,47.33187484808001,49.179844425461354,0.007777535765989713,8341.291630189378,70206.96330460734,-55.0675829,0,2,0,0.9153790862786081,0.021339112660502264,0,0.07831589128707092,0.0045127189836175995,5,0.9347008259890812,0,0
林洋,TERM_01154,0,7.777387541048127,72.37912976277173,84.84934021443684,54.880911969601115,40.63498983827056,86.0738510826757,89.23143083557763,0.18636051828425287,1994.2503880144568,9178.137447881407,-121.0650714,334,62,405.17070701884745,0.2842205308285791,0.16652838895373753,0,0.224609605654666,0.16320578144987155,32,0.6529634605824753,0,0
林洋,TERM_01155,0,8.619324929639891,102.04391235630095,89.66292326330912,49.452176743121754,48.388515073270085,60.799661045679755,47.13840402069443,0.12473462478935976,615.7060724971146,15249.656084325863,-113.9354427,327,78,418.9504019748143,0.29242872855824587,0.17108150415756454,1,0.26552367971486013,0.18599058930904594,29,0.6896422864434898,1,1
林洋,TERM_01156,0,6.65360683317577,68.36902727847796,71.79164415294734,47.17555455453537,43.23637428598543,75.7756059946187,75.11186898853104,0.18136404220525587,516.860009820562,3368.7508374730387,-111.5358675,375,63,461.39238685064294,0.11846038286220256,0.1673153042639313,0,0.27292034922145836,0.21921133721626743,31,0.6903755192720282,0,0
中兴,TERM_01157,0,4.205513146843294,6.50736721414011,64.61141797586329,27.803067487184183,24.249386288267004,57.33169954,56.2136392132238,0.03555018597342704,7053.89525948168,61221.459181926075,-61.47492699,39,26,62.24776378004435,0.6883199595179107,0.01822078633337621,0,0.1585584542491004,0,2,0.9335518968948243,0,0
中兴,TERM_01158,0,6.449868139651097,65.29617963921035,75.45638026342263,40.99083389649564,35.8650029594657,39.78375995210024,32.29333630237378,0.1039238534981288,3988.344682305749,24390.69593866777,-93.7811947,162,51,343.8965939947347,0.4130645736031622,0.0846299055549471,0,0.19725985561999837,0.11398376692068192,19,0.7644502487248566,0,0
华为,TERM_01159,0,9.242508949326263,68.96189698672667,96.96840507832492,52.847060363835666,42.13031170503853,77.68236574610691,79.83843091255586,0.08147993422449422,1756.1657717551207,25227.582802392015,-101.1397427,272,48,361.33608039511415,0.42057740455342635,0.09042374348569819,1,0.1901188749243017,0.11940119889080088,26,0.6646634009971927,1,1
华为,TERM_01160,0,1.398395799379809,39.29989606985343,19.32756599541159,5,3,37.60385961300277,35.09053231499588,0,8316.67987575582,69928.47062477208,-58.28488727,40,9,0,0.8693657757415647,0.020332139532856928,1,0.0362054997163048,0.039492333795330105,4,1,0,0
林洋,TERM_01161,0,0.5,18.72393963034066,9.075664991847324,31.39474453088239,29.42099982433706,37.75686709847666,40.99556214967558,0.039705136638370095,7077.62286732736,67907.82559440473,-66.70033703,43,1,24.973110811334667,0.8916503005971076,0.005041789490018971,0,0.11205208945452187,0.021108236326284825,4,0.8837955430423735,0,0
华为,TERM_01162,0,5.318221691948377,85.72091601422332,1,33.473914595994096,24.13303949963077,53.36204070240417,40.75631956418892,0.11433045154543824,2788.8987418474553,27010.37391805378,-108.4822558,269,45,366.47524113483246,0.30858757564801453,0.09316356959119333,0,0.19232875390741463,0.1667335532798158,22,0.6494511079111983,0,0
威胜,TERM_01163,1,8.269645044553256,89.73495082454468,85.95888835326465,55.835814162862974,50.694072052565,66.10651492329877,56.82218298345509,0.15079889292894222,715.4001914978684,5120.994810283891,-98.02878527,405,87,519.3751008121453,0.18907320708602698,0.1740244874417508,1,0.2695166018983725,0.15839944143548731,29,0.638520639212833,1,1
华为,TERM_01164,0,2.3072655181900403,30.502768283351124,31.743464545918023,32.58618986326228,24.3444464682185,28.832898807355697,24.395240085316125,0,7193.297904297536,64412.45041495683,-52.35350845,0,0,39.70497612567522,0.8622116533708535,0.010660855846490604,0,0.08686697086357381,0.012380277927605958,4,0.9115937650665218,0,0
林洋,TERM_01165,0,6.938265755694017,108.85741597314552,91.5769575460408,38.987308699407755,32.90959930705664,57.71889139922615,59.75443459781004,0.12829363915534797,849.6447042991231,6062.34244755908,-106.2407809,352,65,414.73209516532296,0.15329213514375398,0.16936608160006122,0,0.2206286324552314,0.24596144291885058,31,0.66573548062676,0,0
中兴,TERM_01166,0,0.5,24.308600089355426,34.05539745806453,23.201180246569827,12.524183820635532,42.90488437450585,40.63368110854867,0.005134509978824923,7228.137244512169,63253.42941437998,-56.5003461,44,13,6.91147554156781,0.9282900854605167,0.07931151054647892,0,0.01757542263663644,0.03142204082563624,12,0.9875203438035377,0,0
华为,TERM_01167,1,8.614893466456472,104.61029821153058,144.3155047780694,57.19635600635744,50.85536785340038,80.59702671435481,69.9069988253098,0.1323180925439429,0,656.6687376388197,-107.8720747,392,79,493.4901577990842,0.2382326167939633,0.17941948332018723,0,0.27152919061868597,0.22973169825768122,40,0.5919288510056206,1,1
林洋,TERM_01168,0,6.069728503788151,23.760158917519817,51.31728445387372,27.177995563683854,30.314925136640078,31.0046058963012,36.662659767555695,0.042782585739935895,6005.902908181724,53513.28307995264,-62.45178322,56,24,110.98322011223601,0.8596237145495998,0.09670456417836033,0,0.053221201715910195,0.02162212641198663,9,0.9079767099823753,0,0
鼎信,TERM_01169,1,8.614287456706254,92.45537463619735,77.44442656833274,62.302342040002,54.79277452430869,62.56946861071201,55.801225542030096,0.16927145757077247,0,8582.84923059342,-130,397,78,473.2275399585529,0.08471286441547288,0.17500310651405798,0,0.30980390749625913,0.15292284757516256,31,0.5824766675667348,1,1
华为,TERM_01170,0,3.337539073025662,3.2748633599468633,29.792015924234015,22.94618827323187,14.54159923662504,40.03582524411394,29.53781820655973,0.028471776939265756,7129.635736946873,70626.07150362154,-66.29775726,0,4,85.14652433349896,0.7959040993574239,0.04718031715990285,0,0,0.07487194907316573,0,0.9289745250490463,0,0
华为,TERM_01171,0,4.737246568549185,34.35195090733775,60.393606661666254,21.80382543524691,13.713237839454889,34.81336918768795,25.16278482491565,0.05966733736056531,5492.430805388621,50800.34981140845,-73.46115677,177,10,177.77192466560754,0.5765841068995109,0.04633996619726735,0,0.08103352816195586,0.1005338031938381,11,0.8340164564237967,0,0
林洋,TERM_01172,1,8.345415267880622,71.21099918612641,74.73767350356553,59.11074776893692,53.15967066218125,70.9820644428386,57.98862117016967,0.14756861574607258,220.22745906835618,10202.482731986045,-115.6181001,415,82,468.60887271459796,0.014244929006958493,0.24396264680634094,0,0.2552851934471567,0.17997014055387298,35,0.6625949144304512,1,1
林洋,TERM_01173,0,8.5224457827119,98.10233542693491,105.72566891523897,54.019859218410744,57.981465873372976,62.1986317760005,43.71481311825505,0.12433889885266997,1478.5456628232407,13081.129532831768,-109.4689284,281,70,515.4849691059737,0.1420450880299824,0.21051466285848242,0,0.19513876449443893,0.2227723696062363,22,0.6237841331648282,1,1
华为,TERM_01174,0,3.0628068505164876,51.562349249539565,47.4203318927484,22.649931154668792,24.678426214552715,21.360727862095786,15.661167329461419,0,7877.917698897108,63504.12371200171,-69.01490664,61,17,30.17919441396184,0.7694712661467753,0.056551863942516434,0,0.10852047898167687,0.01545804496929145,6,0.8889119430943869,0,0
中兴,TERM_01175,0,3.775487785956461,40.86534547344526,80.51459009953463,51.65139842041961,45.934298302577126,52.8092414392907,38.481620513117576,0.06377713144870009,4342.825794452929,42206.7204732931,-83.80609963,143,38,180.95994736857773,0.4997860132815533,0.14666187536017333,0,0.12590333478011512,0.06164241043854377,14,0.8092058763504855,0,0
鼎信,TERM_01176,0,3.490637533068047,39.72500440826405,23.63504260941484,48.59688268427793,40.382785529682224,45.050092802684226,41.93209898827272,0.09505943680472703,4395.180182006674,41108.041043504745,-82.10291662,167,40,216.2367461624693,0.42067503215039576,0.12664070111690565,0,0.10666265812059855,0.10100248554495943,3,0.8265455811590462,0,0
林洋,TERM_01177,0,1.7159642221430895,1.334120775098306,49.06123626698644,35.21341876106181,21.40851766184995,45.77212920787947,46.67782510933873,0.008627669783579739,7505.804738016403,62566.062124475284,-55.67836591,33,0,13.70531908402869,0.7837853305788148,0.03583806121399578,0,0.048335362252950265,0.014567502674040845,0,0.9048266478014643,0,0
华为,TERM_01178,1,8.227141381386021,91.12083723648126,129.84912104353194,61.12573636471478,51.56915003740441,66.62140015826067,63.881120439338844,0.11669453139640101,0,7680.699963727115,-111.1523612,384,75,452.4195151013863,0.1284590182746961,0.1520241546172636,0,0.18940818664929687,0.15788405743378184,30,0.5550845990849114,1,1
威胜,TERM_01179,0,1.6580610389381856,12.50786862057136,58.843031307533316,35.1639496310588,20.291240711001894,28.657976882250303,23.921903032053986,0,7139.351874960816,60815.466771765205,-65.03056435,2,8,38.130639265115974,0.9176276809823859,0,0,0.06090778666995483,0.020443780958778704,0,1,0,0
威胜,TERM_01180,0,10.015483070640137,46.57868449642284,42.77588984783194,33.043094355888364,31.74368096429397,52.072267407774795,37.82713267407978,0.051005387835667174,3300.434731285536,41202.44107937271,-83.43587656,164,41,279.8832616726756,0.5303605728778701,0.07067716487244813,1,0.19765395737184974,0.11707717883938241,20,0.6648135395447002,1,1
威胜,TERM_01181,0,8.202295829703862,109.11881993493344,101.21386833965147,54.08324512490661,55.76102601639614,79.75720298587822,79.83349907668132,0.10503797516201521,449.00949460210495,8308.515602551319,-119.6384727,402,87,486.97816345688875,0.11912457105573174,0.13571384393706823,0,0.2325959722262043,0.21120537388628155,42,0.561525139492135,1,1
威胜,TERM_01182,1,9.086382105966262,83.6478380825188,104.98284130199028,54.269590938682114,47.39343518224235,87.46513420060717,94.14451772366513,0.23292399120659257,514.3033045859992,12159.855348203371,-121.0785978,425,90,477.7911533521134,0.09388535235435383,0.17110052353108487,1,0.24901982106750128,0.2748488731132749,37,0.7178306675132682,1,1
华为,TERM_01183,0,6.511036090569993,58.97958599038115,73.90919699649248,33.27843899837569,30.19791249759773,56.02063234993153,59.470246798579566,0.044027819405347855,4845.548661654698,41220.56027159499,-83.47039368,182,34,207.1124701832159,0.5844694424597122,0.1304338260940896,0,0.08493114786029,0.13434117508013638,19,0.7115100089636892,0,0
威胜,TERM_01184,0,2.798828375159313,28.74895090219782,37.23546756355728,24.87585965919242,14.430921599831454,33.08695077275239,20.103739016845388,0.02475615228410957,6664.570694793756,65825.24907554543,-76.23790273,15,11,80.2110556882181,0.8244876856369534,0.00845467442456585,0,0.02985733834573388,0.008673329935947167,1,0.8883455275352816,0,0
中兴,TERM_01185,0,3.1416035361104466,35.876716701266105,59.21619201504327,42.32018069950288,27.620750805473076,53.42846873336721,47.960664381566424,0.07980650134273984,3385.398378235617,37780.15826363929,-87.60170864,220,37,270.0746297343162,0.5311722178562044,0.09922501188562205,1,0.191082457949297,0.19478205656006242,21,0.7365351719329434,0,0
鼎信,TERM_01186,0,1.9259007693711192,1,30.40751838357405,26.404975851559797,21.68334738404343,36.60324229808442,29.906862209321005,0.06274910634276892,7628.213207433528,60897.28149844037,-49.74358423,53,7,17.907832265860833,0.7638684872810135,0.035012615103653284,0,0.04677090650699114,0.03483249839540625,2,0.8094235272363952,0,0
威胜,TERM_01187,1,7.944450513898044,95.89365861296353,95.6258507212326,73.14628491385714,70.06299561238278,67.78801197808863,60.39979234367539,0.16004287772724438,46.31978763072166,0,-128.4107597,396,87,434.1398373960992,0.2549317305820842,0.19911580233116477,0,0.3399231789412358,0.20630717149166028,35,0.5569286392849625,0,1
中兴,TERM_01188,0,1.918001009853593,76.73095616105972,56.64580025248501,25.613977069693185,29.133845928353352,48.04074886760684,43.20321709710227,0.08507343201252493,4982.649565309397,34661.8085849822,-69.08082505,209,33,215.79511931700202,0.5942934037406344,0.0823459766297938,0,0.15609655957410618,0.07977145662312761,13,0.8074102600704959,0,0
鼎信,TERM_01189,1,10.00884636008351,93.85972479715502,89.84241334469019,49.863686550206914,55.17960364678481,59.91318245422567,67.9036757588333,0.15350139349766806,0,1201.4340449255048,-124.3769789,405,78,514.4815212703907,0.16931032311843008,0.23342765400095822,0,0.20671908513921455,0.19751029713149187,27,0.6420660458232318,1,1
威胜,TERM_01190,1,4.25924510672573,53.22759885729573,30.342004962889316,14.102530416334957,7.709689923217522,56.68931147819257,52.33345538371599,0.06598528980906053,4443.573540337432,46597.46067720908,-72.4492714,150,19,190.31989786976072,0.5423703977014711,0.08210209572784878,0,0.20220638456521894,0.08062133196613905,17,0.885841072276232,0,1
林洋,TERM_01191,0,3.696223813189169,19.545008631603125,68.73274821530053,20.758818176294803,20.3193920618231,50.16559991214973,42.499541064228,0.04589886111591243,6907.316023390585,57554.670587075016,-77.76437807,124,12,53.24777740356992,0.6633819309866584,0.05884956666511665,0,0.01886395820816137,0.07414582094043778,8,0.8657379411388508,0,0
林洋,TERM_01192,0,9.198573345468052,95.31005773386275,131.09424882442323,50.78188497361464,47.35733614096251,65.27494715786015,62.062367355803765,0.11135105605613448,287.93549929261974,12884.115769974567,-93.52147485,333,75,459.30950210979074,0.1575083970384278,0.2487764320603472,1,0.20827306116044972,0.20174698332908414,29,0.5570878228870682,1,1
华为,TERM_01193,1,7.03594851729625,104.81779905251122,135.89727395013054,54.28703890720685,49.29839525903443,82.47759268885716,69.59775021714512,0.1220396790059561,0,0,-128.2775665,356,79,558.9605187755602,0.161469722342823,0.2515457341531745,0,0.26104661441119115,0.18805446052101896,45,0.6036868312949719,0,1
林洋,TERM_01194,0,6.2380047184087655,48.95467750640239,70.00220965507724,33.40135982695173,28.21397268681694,60.60933308707475,51.31287767512145,0.09055457077718135,3262.7967090409325,35297.295253860415,-89.9267171,225,37,275.8762455543326,0.35717083328545496,0.12188162244153228,0,0.17116263520684227,0.15707636837559674,15,0.8217363204175002,0,0
威胜,TERM_01195,0,3.642080161699157,49.26135564827096,78.2172792226901,32.75843246672623,27.033685214613325,34.37576520210911,35.29315764326711,0.03605275883395611,5548.334817321815,51572.41530653031,-78.86250546,108,27,149.46845283695913,0.6948035011791157,0.09060085986248462,0,0.07629028724801443,0.05784258899051316,14,0.9208927711831958,0,0
威胜,TERM_01196,0,3.6347875076631757,15.797773335421134,48.964391587300945,29.645961478708436,24.136339593846508,42.60297071435359,38.733036672548835,0.060119082105304485,5852.848252867246,56109.42658610139,-76.10080374,89,27,148.54677469305395,0.7618998261659999,0.049669838008152306,0,0.10528943186914243,0.1108222703339876,22,0.8876521138893094,0,0
华为,TERM_01197,0,0.968026816152233,32.33235914307082,42.02565378018086,13.764223952607427,17.04729252614371,50.54054732069973,58.15092784665184,0,7424.47038100184,71180.972105068,-55.47164034,32,12,4.931389800808839,0.8265964847276386,0,0,0.09277623067605664,0.004064383536692185,3,0.8744768444700572,0,0
中兴,TERM_01198,0,10.011867352398825,75.73746575177138,69.35495229333903,57.96486293446506,54.03775470302616,63.555386194318174,60.16146886935405,0.09443471884237482,1407.5724872790656,5829.014088324478,-117.3386986,372,74,500.8010619888764,0.08995310618356406,0.20585233696314884,0,0.2908698478910943,0.1514010157070559,27,0.6186538600918353,1,1
威胜,TERM_01199,0,2.576260536950252,14.88735324542511,78.8695436028072,23.0111708540063,26.720478960956505,34.713845126400145,22.238897747656694,0,5822.603246348455,67943.11866926006,-72.7830384,26,9,76.4288199664153,0.6895783738077442,0.022468340891637253,0,0.1495163065959175,0.04525666392193669,12,0.8950269030249418,0,0
中兴,TERM_01200,0,3.277231359151221,28.70000755763617,43.35386834499756,30.772457946558532,21.28091078527501,43.554295781002544,29.043939171398307,0.013104468866014081,7609.98387822271,67419.78261223335,-57.84806495,66,12,31.27003858833583,0.8564652495517064,0.04377236487253118,0,0.008407065600219907,0.019442687907281552,0,0.9563057807002526,0,0
华为,TERM_01201,1,8.805430514562461,61.72932957383334,136.44630749874634,57.722568396223856,38.558906074725456,66.35046540214158,67.36033792010373,0.09814349760340979,708.7598738532478,3642.2479985332334,-118.9781046,373,72,484.6436358038599,0.19538460869171365,0.26007348703885325,1,0.261219364494125,0.16609942881801631,32,0.5195448587036642,1,1
中兴,TERM_01202,0,5.32633649430917,43.293663542227236,39.64850530785494,27.575976007782884,20.261503763502777,49.68657860662547,38.437418601745804,0.10480471223194682,6466.408558233252,54515.24481747423,-69.26978718,90,12,140.4177144430054,0.7734124187750832,0.01040881848072129,1,0.11002065613036172,0.05531232767165826,5,0.9620234483864363,0,0
威胜,TERM_01203,0,8.493083681866114,60.35476078268272,119.01208512986754,54.85745130961003,45.67720430411547,63.3083131077389,51.52157218717591,0.1832448620455721,69.46442837083191,17816.326135570638,-104.3675658,360,59,405.9827854959891,0.3085958324460813,0.09906840292654466,0,0.14193888132586263,0.1511827664665827,37,0.7292815367834053,1,1
华为,TERM_01204,0,4.346639397094012,25.47822085408278,55.69378710063357,18.62347177140782,6.155578945777986,39.869625253300434,31.7797181071102,0.08790952342688332,6519.987762027691,45255.21683847992,-72.35065082,164,26,212.99632923190458,0.45109971660169856,0.058461338879465134,0,0.10305516794295107,0.08609615264846991,11,0.8215018913894985,0,0
华为,TERM_01205,0,2.6514849562759406,32.469945401328246,32.583529348730224,36.32108126636686,37.82433228821307,33.854955915732816,34.832504346417224,0.02206202829103386,6616.354372965522,72763.01087646784,-61.25241788,103,0,118.88582434035288,0.7527531448719007,0.07406113189254897,1,0.09324325521236526,0.06618055773254414,2,0.8985281374049441,0,0
威胜,TERM_01206,0,7.476584445805718,74.30521624010628,93.46119394809924,58.7897606738914,47.10780203227433,46.589250776453675,39.38290713302609,0.10927892604745292,1737.1100855290128,10740.030976861235,-106.7718727,264,53,422.60347655615567,0.17921017079021012,0.20380663199903576,1,0.20747259958705697,0.16383501848789261,35,0.6405504657316969,0,0
华为,TERM_01207,0,8.445035781709535,92.17849697208908,107.90459400123413,42.413541563286266,40.32747083344687,49.11150202026948,39.06183255294169,0.11954938537022597,2181.562822216165,27621.24521806084,-103.7839181,283,65,358.0124296357962,0.3571829737588643,0.17367195466207078,0,0.16538828274246276,0.12138296353957655,18,0.7601687350070143,1,1
威胜,TERM_01208,0,2.601517258704144,38.60232483052005,76.00435770403043,32.597229962696495,37.66820157446907,60.22095559509182,62.496597914840756,0.103647302656172,4839.08053458513,25313.813775286704,-102.4323405,225,43,299.13391273811936,0.5391536242599356,0.12602675395257776,0,0.16860078828753572,0.1064728260262164,20,0.7027648625134343,0,0
威胜,TERM_01209,1,8.879717262905293,107.20370615215182,90.54961120134975,49.964541993394555,39.21496992089039,80.346648232772,81.59834759581918,0.15204351269008656,1135.770295071842,0,-115.5797084,424,76,458.0797754042582,0.09917853113210422,0.19170565188003802,0,0.2922786703024204,0.22093664455586912,30,0.6227910797817027,1,1
鼎信,TERM_01210,1,13.953030286690456,71.63172542729313,49.15577827840855,47.97551135135902,41.82082466411274,63.24393475898178,68.24633164912662,0.10807858715929028,1302.7369558240403,0,-110.0337235,372,80,508.5740290895035,0.2686023916801693,0.20035891089861632,0,0.2582066862787486,0.17676054155792859,38,0.5646502217461484,1,1
林洋,TERM_01211,0,3.6453225601260733,53.335638049758415,59.97772737937699,17.594113488496113,19.35765431198159,31.022171310837955,34.13015459348388,0.04339074239462513,6103.0163313452895,46329.88666364305,-79.28430189,106,28,129.16604763078516,0.6041510050090475,0.1057751804498889,0,0.009404790782861577,0.04141658403576495,8,0.851397709664374,0,0
林洋,TERM_01212,1,7.4719776574423244,104.76902926350434,107.22436984450253,47.419388398513945,40.34239223433896,80.46719401299825,81.82069022836995,0.16235325549078491,764.3430654278036,0,-123.6529713,398,73,498.4328473136664,0.16338607639957198,0.17598845527731918,1,0.29655952609893677,0.14918709994678178,28,0.6675616864346817,0,1
威胜,TERM_01213,0,2.529465426453938,38.49454794178722,50.16333487292307,6.636055223229018,3.2980026685063155,53.51061381711956,44.00316349251333,0,6015.100185920802,57368.27323931612,-57.25242653,105,22,73.86945991396203,0.9152978572417905,0.05640763324004366,0,0.025913940231836866,0.03463094014600929,8,0.8494821497174219,0,0
华为,TERM_01214,0,2.760564436423145,17.19208330861657,3.5207740432812393,22.266199776745502,20.462670215355992,46.75778332093081,45.711955079886295,0,6932.685643805094,56979.16684876106,-50.34958724,23,13,105.2021161238888,0.8699446843555231,0.008650231383242404,0,0.015309162581488234,0.06804576764778236,3,0.9137713477605687,0,0
华为,TERM_01215,1,11.933563707469036,65.22849655227628,62.71016914052367,57.80629835771801,53.67427243994164,54.527088975009676,56.814900619391594,0.16192171266993993,776.7271808251153,10001.121861778687,-124.8894747,418,72,453.5296315331377,0.16958369106394383,0.2058205354377098,1,0.25809551976432077,0.1731220164748674,39,0.6032494173202583,1,1
中兴,TERM_01216,0,11.252579055189912,47.35752888516319,78.82606487422268,62.610997501924246,55.36943112670562,68.46828336063686,74.60307281608478,0.11390416073497905,1786.6455459547738,16379.183689227408,-87.17692413,310,71,405.671417791178,0.23911909667808517,0.16617701540766391,0,0.22268438129038676,0.16454125808396522,29,0.630107664048919,1,1
华为,TERM_01217,0,0.5,49.416085575752895,60.27788628565404,28.82908688524962,19.92468483072633,41.33164929966337,37.35839705004213,0.003929739209982118,7966.3697391079795,69201.4777456007,-53.17523281,25,4,0,0.9302698556028541,0.10178840338522431,0,0.012842069789132205,0.009498466028752393,12,0.9109617494381397,0,0
中兴,TERM_01218,0,12.592991002431797,78.58293739493281,60.50271042680796,50.148480512349344,39.67457956225459,75.52363935610904,67.57188178325998,0.1693247702043008,508.07865175698896,8793.012716000167,-106.1455589,359,65,490.13203668339276,0.13542465821609664,0.13775640238463735,0,0.26128219338127323,0.1656050626731957,29,0.6044961274873986,1,1
华为,TERM_01219,0,5.118177363402004,45.52310010979899,97.8384048597007,42.071962783993364,40.05453185785305,57.55644691494084,47.25165694251578,0.09257190058126352,3872.094187446165,31637.083511055436,-96.90357701,253,42,352.2905544886125,0.5091743704656914,0.15636294611093723,0,0.16517030998038704,0.16764261151820348,27,0.6492713355834578,0,0
中兴,TERM_01220,0,1.425611474830072,16.642577090713417,65.10809911583739,36.70472997207936,28.415300718642516,34.393242750823,35.26982486492193,0.023376344665804363,7099.641716814045,62673.60312305162,-65.73975078,90,21,67.77094798781167,0.6844677884115583,0.04009066207850197,0,0.015095312323831475,0.050989283689968704,6,0.8732163131533216,0,0
中兴,TERM_01221,0,2.897526426875012,29.447368565499374,72.4727377003844,20.371655534008692,21.351536650813596,34.419299961211834,25.418915488050672,0.014601658621203186,7829.169241964734,61084.36192428876,-58.02785296,82,18,64.22407081439107,0.8009337630602062,0.06255102371899417,0,0.01486044028877865,0.0001806880426316812,3,0.9192441968865005,0,0
林洋,TERM_01222,0,4.457408134721408,69.99362403505175,99.7285632853145,53.31693427043369,56.26277048664188,74.7287321636288,70.37219225400507,0.1135634435704449,1855.5726354585388,11175.590156559541,-114.1186547,317,68,395.5279129623998,0.19380221917634893,0.18625052320681248,0,0.19686682849985354,0.11796609508361022,32,0.5946306692055634,0,0
威胜,TERM_01223,0,7.166566659207697,50.79223046114167,99.36117148609293,49.19908620807824,38.41502572981334,68.58623258551975,58.30463874865756,0.10412703442687449,1295.724373356972,12992.282300194805,-97.09780591,336,77,445.9450637727109,0.19158864850555185,0.16452822109797696,0,0.22181957456777077,0.1414724402177061,26,0.6294402418254584,0,0
华为,TERM_01224,0,0.5,33.899732475017636,37.316303104037786,20.84626011459744,19.53722269400048,22.385241582523598,16.431711630787483,0.005187325279678181,8555.595057908511,77413.10234285038,-56.17857414,42,12,58.945509080145285,0.8527158064816688,0,1,0.014117715955770153,0,7,0.9340577964899929,0,0
威胜,TERM_01225,0,2.7899881620768525,26.16902041447009,38.75233573049524,21.323385463815796,26.61831394278748,52.63680711230198,50.27072173208368,0,8437.626860710308,62546.13405916218,-60.06331902,53,1,24.735799883127736,0.7256110549564065,0,0,0,0.048780518392976896,5,0.9846882068595383,0,0
林洋,TERM_01226,0,1.5424949745525962,58.4373596958451,54.848717708052156,23.40216602179296,14.125499007862839,51.97481998283809,48.59032342268189,0.021677696497856114,6414.938875643073,61657.28334795958,-74.3350144,55,15,59.45205003463241,0.7787997473132788,0.051025195268565096,0,0.03864237546873335,0.0416284552258943,10,0.9820648250578533,0,0
威胜,TERM_01227,0,4.3785597594662615,72.75413087177071,88.59131200232689,48.89428353061449,49.89749327681078,69.44611620749603,68.87380965400672,0.06580183929505432,4184.772806242955,41312.59458780995,-83.59756019,229,48,238.87399615823998,0.45393098591609254,0.0899628495660351,0,0.1710226357690629,0.11362212353272079,23,0.7914606666516967,0,0
中兴,TERM_01228,0,7.568165667776576,33.34561118390968,85.3955676141607,47.267148852176454,45.076802318594055,76.25203308998363,63.0074781074341,0.13657624609993838,1592.7035984201957,13760.38687097677,-108.4980173,321,61,421.65317126809435,0.1116072930130914,0.1669107595354495,0,0.2231683686322076,0.16629417571188412,33,0.5820541445685057,0,0
华为,TERM_01229,0,5.582366574354472,96.56837326560475,117.24222054968092,52.53058327060287,52.33300533207332,53.37290371328243,47.67364327752435,0.16606325465963212,1441.8754295850003,16846.359352358395,-114.167955,342,73,378.26617873282305,0.2130809554165779,0.12499283479275207,0,0.24338442300497767,0.15618259198662457,32,0.6271999254874612,0,0
中兴,TERM_01230,0,2.9581360042107163,50.30499211577171,109.71802933846217,41.23521346445812,32.45319350811951,44.39636120502831,36.57515852057877,0.04217226127085612,7158.277467583055,61009.19020962196,-65.20100534,102,26,114.8969694697835,0.7895854349681832,0.06658900715527116,1,0.10218776190977177,0.07961076607516236,13,0.8927106316871434,0,0
鼎信,TERM_01231,0,3.0342040406687776,47.51215629424734,69.71538438084497,44.52338755635019,49.04931210746814,60.31381580043466,49.41970392733813,0.09020994050581746,4052.228421783414,40959.12899736152,-86.90040085,217,40,305.77575583569944,0.31742421307667756,0.09236937576563312,0,0.0843844286610336,0.14962947348398475,20,0.7345870413231373,0,0
中兴,TERM_01232,0,3.0836403378239132,15.11351118816675,46.22233019539029,14.543342421236186,6.194990122550864,22.35803371026369,12.8609510797031,0.020219369175696677,7708.744786137817,72872.64509138801,-59.64754158,47,26,54.23278789083779,0.8688352183589496,0.011625483657478489,0,0.01095530306193004,0.07778622825483952,0,0.9399892906088244,0,0
中兴,TERM_01233,0,5.444378138824231,35.474296631096145,33.103432775863865,28.093509255802424,26.296730134616546,27.925346353385187,17.560855253890317,0.002712382668776582,6358.928911814431,53445.98742323667,-60.64592634,50,18,58.67452919636667,0.8853785045392126,0.0833858882737705,0,0.08920866136240449,0.017564169561573043,8,0.9449216559275555,0,0
华为,TERM_01234,1,11.905838169179034,71.49123165337865,88.2034548563158,77.57304825020161,72.25687038386432,75.7862107291143,72.88579576902046,0.16446760358345647,769.7539322441431,3372.7358633368467,-116.9019928,386,77,516.0880978170792,0.10306919173512466,0.19597434250829318,1,0.26198526165899916,0.17980033926145036,34,0.6079001099568868,1,1
威胜,TERM_01235,0,2.645076539348274,22.28951736920806,66.827504511431,23.702646638552093,21.385912669938758,46.192108158596554,43.592941556875815,0.03405295004589956,8404.540365814282,65007.35447423176,-62.26377302,50,0,97.8582690797981,0.9492170708033048,0.057916345218628935,0,0.07076633670297611,0.04109884239040272,8,1,0,0
中兴,TERM_01236,0,8.607695199501592,98.2967665509565,94.27032714961935,62.51822590386309,52.6011269421582,90.3302927244238,90.58403804314678,0.13524278222140995,993.8475696197142,12333.119672608103,-121.4550042,337,73,417.321073288843,0.26268006257151044,0.1541036700181827,1,0.2711838948622152,0.22995933427518872,41,0.5546298735015684,1,1
威胜,TERM_01237,0,3.9507789369827524,81.68595550436437,83.05368494403108,50.85290951712249,39.71609044698123,59.356152445881364,56.324529670297245,0.12848941985883883,2258.4016602429538,16996.33333003519,-103.4762009,272,66,375.52518027546813,0.3128935541042516,0.16695920713565945,0,0.25277549863864096,0.137814084,23,0.7073468093732657,0,0
威胜,TERM_01238,0,6.697376937792095,38.503108771133896,54.12525656226193,38.49211177579793,34.92726607093021,32.42298678522644,28.375810373047745,0.07683914162970944,4259.631820425039,42075.24753972914,-98.06111411,176,37,205.36192878914252,0.5722983044500759,0.10623462830977308,0,0.05223836933913287,0.12166707899066541,15,0.7240620643366361,0,0
威胜,TERM_01239,0,3.2163632707477103,35.94831434233647,27.7129885902158,19.72076170014256,12.884498968804335,33.792127215369156,29.26547404194801,0.021097664420125742,8006.74449872459,70106.51359077013,-45,0,0,34.0037543465016,0.8936023595391476,0,0,0.01745943645845363,0.0032686932341176173,0,0.9043297413711157,0,0
中兴,TERM_01240,0,1.2760626701412008,24.56632870977122,5.974432227969574,11.868729284546493,4.8622771046898325,43.44604884889982,42.49999607541956,0.03987378361677428,8041.652379451709,71676.38956613539,-45.52313413,0,0,45.367609929227264,0.9389325768896056,0.02188893395708847,0,0.05832319636584669,0.04926835637625611,0,0.9919597670529761,0,0
华为,TERM_01241,0,13.040462958126344,30.604246736324676,12.791226080702817,26.748042871405197,24.472134583603687,34.6458452722114,17.004710906018122,0.0004035998131220568,6905.516570777962,63459.33943968134,-69.30018813,65,14,0.03798992103280341,0.9847900742573787,0.024278331959364866,0,0.08427139422269997,0.039696812115094265,3,0.8140740743844908,1,1
中兴,TERM_01242,0,4.9291533227887925,50.90280132911133,81.0551265092858,32.28833389356711,19.814947438729106,55.33085130413789,49.976065001980416,0.12658995541040124,3905.402839560148,29777.54873798167,-102.3790102,271,50,260.8185135339129,0.49862066778817316,0.12748706428161435,0,0.22334399794846993,0.08804444346978174,18,0.7717207572923284,0,0
林洋,TERM_01243,0,3.4579172058513827,44.92639661598795,105.7630319830617,31.800178734860566,32.83459318949485,41.09125970063057,37.99447312356565,0.011969201421528824,5440.756724227113,44736.95935722898,-68.8832019,173,38,218.1114101517335,0.7330837000453774,0.04465629270209649,0,0.17045192110900967,0.08080764140785088,18,0.76269045706441,0,0
华为,TERM_01244,0,3.0060407376360994,11.807408519810135,34.713009185683056,37.24718050751669,32.84474493455021,48.640341930219215,54.37812611005753,0.03669424959372468,7562.2109158858775,68606.86852488195,-59.50356031,0,6,3.859472678104961,0.7682022260058283,0,0,0.08879115987557726,0.04721037388743491,4,0.9294111572770719,0,0
中兴,TERM_01245,0,12.840288608268365,35.30831801725904,58.675404734639265,44.80518436927976,43.61933009720933,64.65445171743752,52.98499922376728,0.1038659931297629,3017.451003344201,29186.750289142838,-95.76527299,264,52,346.2077309839639,0.3491614113628424,0.09242094807689649,0,0.15284905231351986,0.04780294998048447,20,0.696423716996916,1,1
中兴,TERM_01246,0,3.584516499701066,16.410709967361925,79.08389971135271,12.961262052373609,10.598003228778987,27.103050843004283,15.221892811241975,0,8760,80000,-55.37311742,0,6,26.546757619054596,0.8943851203574334,0,0,0.06825086717586466,0.04886139761829214,5,0.9476660168744914,0,0
中兴,TERM_01247,0,2.244010408996337,39.49432612225504,56.15698461935119,34.113718980808024,32.02620712045179,40.44404911830976,21.81825744354395,0.08352631120034541,5352.368743085189,42527.30342326854,-85.31563436,101,27,180.6511800781038,0.7637491413219593,0.05607172795125025,0,0.17869117210717173,0.030873528949002638,11,0.8632429359591482,0,0
中兴,TERM_01248,0,1.5245291620126358,34.88813073770149,58.96635191393022,22.90208622415905,11.909799756165034,34.61948014437157,21.274796523771972,0,6068.173598844159,60607.098799700885,-60.6287859,80,4,120.3354881678225,0.6100622399654333,0.06837781361050681,0,0.1327592463440761,0.046436721090164536,4,0.9387919331903936,0,0
中兴,TERM_01249,0,1.4061135184137248,47.173214654166735,31.710671828002518,26.006545537842747,26.829986012772935,20.899232301307865,14.991404885965702,0.07673847371591805,6494.780790551879,68887.9796488885,-59.75767651,54,24,56.42174048212995,1,0.04588250026633059,0,0.07578324773216064,0.03984776016682346,0,0.9119983540085246,0,0
林洋,TERM_01250,0,5.686778778138536,39.936895750850134,66.92141921539096,27.57114102089907,23.93571159706535,42.24075118961368,32.89655258369896,0.1371467689192577,4827.87126675071,36911.38092210661,-82.44804605,167,43,209.31931032485065,0.5603057288368544,0.09909317236182912,1,0.18379096457159289,0.014589492893390593,8,0.8321727606055201,0,0
林洋,TERM_01251,0,2.3126594409018226,28.92498225106202,72.38982269707424,92.06774608640723,27.11458156706414,97.14570340256702,15.019711402640208,0.03398651987995653,45.77177835847831,59482.09358159863,-86.56092599,484,21,97.78930366500552,0.8291968779874825,0.027848589774066155,0,0.5759235908062189,0.03869731508131555,5,0.3252177633216014,0,0
林洋,TERM_01252,0,5.427846614258094,95.07413402375484,86.59847004592937,57.3293833569751,51.70293400043456,76.12653124806639,71.26410508068177,0.10633138943737014,578.3845475718833,5094.123106684931,-110.011057,407,63,465.91107538948734,0.17207088805606277,0.1828204689067036,1,0.24176367809421334,0.19602975245926268,33,0.5649594424421418,0,0
林洋,TERM_01253,0,6.463108239384968,71.38116440630672,81.25248430179033,47.79566492319801,44.606345485943635,76.4632493790725,74.95708567008968,0.11800587822304269,453.4942634401481,5248.96143682535,-110.1670121,353,80,388.7008182500286,0.11852880089583431,0.21884490242667945,0,0.22062698478708623,0.23703656776006946,36,0.5796936748185718,0,0
林洋,TERM_01254,1,7.776128873442209,90.2551546091948,74.91621372667917,61.705732930901554,57.60687705172479,65.98656310680782,61.061593198869595,0.17515125898775646,305.7843101763208,0,-118.8506332,387,76,504.8224763601973,0.2605081737469042,0.20358297943274817,0,0.19076375796439846,0.2194021496720704,24,0.684842197752013,0,1
威胜,TERM_01255,0,2.026708235954529,34.85438434679757,70.54867892995205,47.46919975871783,45.45541021247723,47.5362658664992,42.69645632071434,0.042285983631774555,5675.894401595838,49067.90685162303,-66.75812516,117,32,206.521923631934,0.6447791109621047,0.09826799272746962,1,0.13681778835174221,0.1011064737509065,20,0.7840748949229728,0,0
林洋,TERM_01256,0,1.6641695129703313,32.58203131875015,35.47154524601741,22.910948490142967,26.177899072446273,53.82819513762696,51.24985041340143,0,6416.7824085210605,53622.61223004203,-61.04501829,113,24,126.89442841409071,0.6564422975278854,0.04658960649880352,0,0.07977405249964953,0,5,0.8783442748470922,0,0
林洋,TERM_01257,0,7.582849325044134,59.557729616932335,87.61747368400376,42.16706074007874,31.983878483187848,56.93059854697029,40.93434403647162,0.07787393361680875,5186.553079853052,46080.93144710921,-78.4868132,176,31,202.65520246737316,0.6086511298352769,0.07809703023815925,0,0.12715739121929687,0.0834373378677928,13,0.8177966840696363,0,0
威胜,TERM_01258,0,0.8240390183375896,15.73855394097496,28.195789412669647,24.109391445377533,22.86076398784491,55.7171609837846,51.49112850719277,0.03949586389026521,8517.715717729316,61938.92662820613,-68.34126629,0,11,16.78060571753058,0.932367488323206,0.03908947415471142,0,0.05744500868900195,0.07803496777946249,0,0.9492019952242985,0,0
中兴,TERM_01259,0,4.163055655674268,62.75005087832493,51.69971233728424,40.877184669972806,35.34068964845386,53.03856999224127,47.588974274502014,0.08720713908700214,4393.015413318374,43861.19985074537,-93.80516972,177,27,241.55553779029458,0.5737711194715397,0.07127913536322769,0,0.1067643470920484,0.12937803409192355,13,0.8466942733800543,0,0
华为,TERM_01260,0,1.938272406454411,1,55.284171261184646,30.46292490345346,31.175648534684857,52.379599462744835,47.33699872945042,0.041612652777834894,7114.6675656899515,68932.45996502266,-65.88057783,0,8,80.06144580713227,0.8680856059626851,0.031053312999253763,0,0.08601152191194023,0.01930272531210554,2,0.8891935423313865,0,0
威胜,TERM_01261,1,7.077732545887645,65.16973706254667,113.70128164522193,55.84910891959116,58.97734860272654,69.25817827552522,60.75381989291828,0.19136360272933128,913.2924366291652,5430.772824912993,-118.8445078,338,91,478.77794606424914,0.16915432563203261,0.1969013571464441,1,0.2363002457144758,0.19472219713210756,33,0.6063503876917222,0,1
中兴,TERM_01262,0,8.09923669573926,32.27478232521235,114.23172743340626,48.1031290994439,44.08374162638511,57.32890726168293,51.096070655885434,0.09775175087221508,1893.6259568885243,34891.28842113479,-91.95491987,238,59,336.0491674475788,0.46096185132866974,0.12926743379454259,1,0.1764128235991395,0.17037319139265067,23,0.697717172995751,1,1
威胜,TERM_01263,0,4.526785871259728,15.400107607264786,62.196612426683785,28.14988175755657,26.253920061758603,48.23017408055997,45.64605259141976,0.08732310143393568,7005.919838202237,63780.45750070682,-64.33061463,71,24,55.82978247367258,0.7572520281732336,0.027792171284283063,0,0,0.08176742396265894,15,0.7722557955884067,0,0
中兴,TERM_01264,0,2.0527122069401047,53.821833242175,13.54981900524575,16.56510631910695,17.64543050128787,43.50612128145104,48.16040799446622,0.017307195392714525,7489.319648723455,62026.365972509986,-61.86885406,57,9,49.04483992061825,0.7799274502382759,0.01584239137551207,0,0.0577679876337815,0.031557068968004504,0,0.8821188363678832,0,0
林洋,TERM_01265,0,5.037167599864791,76.80895338353687,74.65977974174322,56.282946859208806,56.2741423883605,57.456778747709144,42.308553810787465,0.1579435309187402,1802.0063699132688,7480.507856495979,-102.9635917,307,67,376.6004428272607,0.30554360881094966,0.12542181683254724,0,0.1749858648141116,0.15941343193618082,38,0.717920279854041,0,0
华为,TERM_01266,0,6.077694425667036,34.45085638856442,59.661765625925156,31.54069265723313,32.8245456445998,39.394887663459116,37.82559100495265,0.0562684844860716,5394.438244937652,41790.48681900461,-84.66851234,145,21,169.08301493576323,0.4140367085922967,0.09330212175098028,0,0.09803167007609967,0.09823484555177392,16,0.9248418036107426,0,0
华为,TERM_01267,1,9.120847389142991,98.5607759659585,77.90527193441753,72.8238464744227,66.3334259578319,69.15709258137086,71.46427367138419,0.2047865219549347,531.795146470008,776.2912418634864,-112.0305179,393,77,508.601784375589,0.18451919957510798,0.21685139719637855,0,0.2120899728497295,0.22106909553020318,26,0.6634313540147962,1,1
威胜,TERM_01268,0,9.14439311433358,86.93078709941557,53.009394133505715,46.26319262535337,38.678779444932765,42.634603215625724,30.011246173995666,0.13557877013112318,2123.368024367428,8288.348823455117,-102.4579473,354,68,414.70230196043224,0.4140795100869542,0.14131771272864552,1,0.17143325520240008,0.1446961380907451,23,0.7040725066702181,1,1
中兴,TERM_01269,0,0.5,7.11654586142615,19.436194662583116,12.539971432325046,3,34.639327749064115,28.562852449106547,0.017973361405499082,6924.218585569277,67542.10139750571,-55.85577059,37,0,57.67800885594024,0.8989205605568628,0.1160880009850298,0,0.04098403667273442,0,0,0.8540857451231535,0,0
林洋,TERM_01270,0,4.299956867718647,80.8862755205378,54.61505820432516,42.342343425407805,36.36563844311484,36.88325166592579,33.53790478951852,0.02083906603905778,5098.56819325853,40517.42044813636,-69.97091124,141,21,208.67124320210758,0.5053206507704002,0.05745030098147294,0,0.12606253610995094,0.07780317696619835,12,0.842202037862366,0,0
中兴,TERM_01271,0,5.970974081030256,36.8973827475352,1,21.33312871232146,15.912290729025903,35.612747433922166,42.66642650106296,0.04169123700970219,7531.23341060837,58912.67831099915,-67.22216091,59,19,46.58827155085271,0.8696527329773214,0.03054150858559282,0,0.13284060596825814,0.014899267079983389,13,0.8911743678904992,0,0
威胜,TERM_01272,0,4.658205388692075,63.22979839839043,45.602174405409194,31.54767496389739,25.829666892211645,45.80993279319061,53.84989882264395,0.059810720395751166,4185.626721377184,37994.78532610037,-105.4663137,272,51,319.51684894800553,0.4307372679785045,0.13873448120917115,0,0.15610023756086203,0.1736447670446936,23,0.8810848010153731,0,0
华为,TERM_01273,0,3.5636756723899814,49.64751502327384,12.735501882730283,35.7796623818834,33.240804657123206,53.77359855016909,41.149378872295614,0.06760803384696651,6094.4137580995375,55308.368912855636,-80.87696906,154,43,138.02787634385578,0.6623596244350659,0.09568593963851285,0,0.08429554913532436,0.0484596514728339,7,0.7517156208932816,0,0
鼎信,TERM_01274,1,8.130584199368558,93.77909577382519,117.27195715955284,68.57539929282589,66.16669228499246,72.64281014207451,65.82941591117441,0.1624730916367324,344.22520851636546,2890.9101788006847,-110.3594084,350,75,487.96706600209194,0.24493289068528928,0.2107165901674894,0,0.22863212117700127,0.1870849114395454,40,0.5556911359209595,1,1
华为,TERM_01275,0,1.6181888647694525,16.002362515413196,56.10134075801332,28.941332701110497,23.614191292979484,38.19175704016561,34.38870303191016,0.05185975435740693,7531.169609695958,61594.1373460982,-64.46303559,80,6,23.067070357348765,0.7897200132758571,0.06583232848092313,0,0.08760416624483956,0.01238324790502816,0,0.983974604191959,0,0
华为,TERM_01276,0,2.381223500298089,61.596655678842566,53.95724586676299,21.088234207169936,17.822088721674433,36.12066941425956,34.459396430802414,0.04594893214417356,7230.905186230428,67273.1913107989,-69.51664237,83,19,85.07765078514319,0.79787170168445,0.017526385211855858,1,0.08109539372786341,0.029939678760067902,1,0.9776809360116888,0,0
中兴,TERM_01277,0,2.6057991719345366,28.701594453097588,47.318026737592085,28.445283459099368,27.57900497463083,51.836694001906565,48.04148148577792,0.03836058118383711,7219.491318812813,65052.7118270415,-66.5543647,86,21,98.24624515101559,0.6473252583009308,0.06456469956040088,0,0.023340028137568275,0.07839917740764912,12,0.9016657136530434,0,0
中兴,TERM_01278,0,5.520837881394868,86.41907146671821,97.94451468435969,47.447486769313805,38.453554943459324,70.03463837616846,59.345954565467295,0.15384970414992782,2074.3895020606365,21856.88710839365,-94.5909209,322,59,410.9558999660163,0.29017213761370664,0.11188048306482676,1,0.16834125546562936,0.1854477956921683,32,0.6714684834660389,0,0
中兴,TERM_01279,1,11.929431812706987,82.46562929002381,79.70474862744105,73.0523527918859,72.7184553697873,68.68341105971975,57.729550089903825,0.1923933294287233,385.4309720441237,0,-115.9548543,436,81,576.0180390717021,0.011347009087984791,0.23091215165906936,0,0.25208105996778574,0.21862003964476762,39,0.6307032220089366,1,1
鼎信,TERM_01280,0,3.7925545406626906,23.06027319599406,71.80297358904018,23.841133471951252,15.784305235129601,54.96960282779029,40.72209428356622,0.0041073263040023525,6987.431760703684,51070.82421347375,-53.0005819,55,11,123.19930220068586,0.7918735544831204,0.08289425981438468,0,0.06400840969983994,0.08206796632786546,7,0.994669474367584,0,0
华为,TERM_01281,0,6.0356303423849225,91.22432913144783,82.8271632292242,45.18990442253151,47.385306228161575,54.45274849009141,37.32918129485226,0.14825505409438505,3687.8707995099953,33384.81106415588,-91.43453802,237,41,306.3875682028651,0.2960177085908247,0.16109390302315343,1,0.14277101863019256,0.11400385831294158,21,0.7041405542198336,0,0
林洋,TERM_01282,1,8.901986985747183,84.74762333052416,129.7586773655844,59.28152259668802,55.11274157158448,70.23361968228258,55.84930772199913,0.1796177625288345,413.6771793413609,3818.653394192268,-113.729352,383,76,525.0798950216589,0.1342750190469742,0.18909259779909368,0,0.23166288337008034,0.1577932305262763,28,0.6414045745728378,1,1
林洋,TERM_01283,0,3.236418923357934,38.5395065053934,76.26562602500773,21.60461469815857,16.925123558400898,38.783371058049376,40.7525028031646,0.022508808936157757,6563.591538913253,57647.7984590758,-74.55991983,76,35,90.16795939182758,0.6369058079204203,0.09980317698990175,0,0.10179430457984259,0.046513555989305594,10,0.8446468533340686,0,0
林洋,TERM_01284,0,5.9351930454907755,83.71341043447663,99.70076368091024,52.4333211065604,38.48481474379718,60.79747384812551,60.059145083181974,0.07254427947384864,593.4392679879876,7714.7582506477465,-122.623179,366,64,412.29123798706394,0.16320726784490575,0.17793093933714926,0,0.23294728184816135,0.1858265655220484,27,0.6711779901680894,0,0
中兴,TERM_01285,0,1.4090320963628695,62.677856858133595,49.066988824550364,20.673643270970498,18.963088942779795,30.555484646997343,28.875153607749965,0.05343677187379793,7117.964524199204,72392.20715311916,-57.21210811,17,0,24.154603433888816,0.9463457863598979,0.07088371017234052,0,0.04382593135259528,0.06589773670993856,1,0.9706735725906885,0,0
华为,TERM_01286,0,2.5531432180965727,58.95355184395077,45.583265703678016,34.684492025481966,30.159777415434572,45.0869857290567,38.75069524691843,0.029031637779081826,7606.372043121337,71115.34883090755,-60.63128476,30,1,42.55274304568986,0.7406785445368452,0.027249813806375353,0,0.08773295695153685,0,15,0.8885600250760941,0,0
威胜,TERM_01287,0,1.542974783562879,52.4609831629793,37.08702209783662,29.106402705553492,24.977141495582437,45.36431699026888,40.11527742584832,0.02274816701883982,6818.088565158742,56085.606630395305,-61.95257446,61,21,77.1474909043553,0.7056697311375612,0.04426541959195909,0,0.09020341582992691,0.04329339442379137,9,0.9330118421895501,0,0
华为,TERM_01288,1,6.859145120491261,128.24893293710494,109.6062166312805,54.37033138521308,48.904936338455435,57.19490995128663,50.582725413089676,0.15030698179087656,503.1441405723115,6598.411081546136,-113.3310395,377,80,493.34078048083865,0.16742229726417338,0.2011153918467724,0,0.19560596865764499,0.18009545041750283,28,0.5981634298727242,0,1
中兴,TERM_01289,0,1.4434367018824026,8.370151955897839,27.633416252013227,20.289795924574612,18.41577422462349,41.93389188159925,27.41228029672842,0.05066595364637973,7588.7091657664305,62155.235225617755,-55.2035251,24,15,23.069379608184256,0.922383254174295,0,0,0.02511421813952704,0.003336930187520303,8,0.9659338373985438,0,0
华为,TERM_01290,0,6.37075721892516,43.65069339248997,38.586427080564256,27.357144489999516,26.484502199975193,59.83572732821376,58.72184763927858,0,6306.960637913323,51007.54196029954,-58.74132114,113,26,99.56219764033054,0.5976478452746887,0.04841887056571294,0,0.06850319097383749,0.07342360106516564,14,0.78380026012087,0,0
鼎信,TERM_01291,0,3.226175137054158,83.98448201251529,119.05580235744371,55.60134035375374,53.02145773917868,59.82280868947045,59.938882427463085,0.13947977081322532,467.9456004726741,9239.331292642739,-115.4470822,394,76,496.1881071268449,0.1674700415270006,0.18007906063492593,1,0.22190832326703486,0.21156455051194833,39,0.6739231752469698,0,0
威胜,TERM_01292,0,4.568023011768285,26.567297614690723,75.29453701341441,46.33578877937774,47.92112834476259,44.379221171813775,32.47723857098369,0.07792934650103647,4294.259836779463,34695.59806862705,-79.03024583,160,45,228.0619387929196,0.5822067970140665,0.06502643290094462,0,0.10304637212973686,0.1787120488841594,15,0.740120169831083,0,0
中兴,TERM_01293,1,10.499070748353805,95.90263798315921,132.72488966811736,67.23318276478268,58.636692605782734,69.55876083019714,57.65127530461168,0.19280604982758223,0,2747.357770340449,-108.7227722,412,74,528.3735190055136,0.24503498409084654,0.20028070327830622,0,0.22544696175666581,0.2565637352952072,34,0.580227286106025,1,1
威胜,TERM_01294,0,4.079523725007555,34.76643480405946,12.894946854756968,24.719424787258237,16.755177411220316,59.84676360141541,56.95736681156652,0.07911364731924586,6136.9971399657115,49190.397037103874,-79.97700512,168,32,154.84127068842565,0.6496485704697685,0.091743854159839,0,0.1362997856190198,0.10060428237171168,5,0.7265091393302192,0,0
鼎信,TERM_01295,1,9.00181372457465,111.50553361653976,103.07449364261107,67.6882608258928,64.72177924563425,64.86838773652283,61.92608032117617,0.17158288643476796,462.0209026667497,5259.45207930839,-121.874814,389,79,486.73440466541746,0.005061480363270324,0.22124099704237576,0,0.206438942842404,0.1823586361079961,43,0.5962470064954191,1,1
威胜,TERM_01296,1,7.995004846520973,82.26943472858989,89.28201954397309,64.97921551500984,63.288107912906284,87.51589067373574,86.91194610596465,0.13307381720542233,953.1967965388642,4953.737234609958,-124.4685119,389,86,469.2887768623414,0.1196026952766334,0.15041885158938328,1,0.23324318625953264,0.21656691509841577,35,0.6754416752718098,0,1
威胜,TERM_01297,1,6.896849640006301,82.02986709968593,86.01449335006801,58.897197404993626,56.48067507562506,58.833536935723046,62.314975142272594,0.1677038461912097,316.72230460713666,6294.507958002623,-129.7533332,386,83,452.82814366002447,0.0750907551141596,0.2273325183873119,0,0.296940347965723,0.13828761429020445,28,0.5276364758913877,0,1
鼎信,TERM_01298,0,0.5,55.43797460072487,59.10657596797331,15.317967821537131,3.8803219512410863,43.101456769911856,31.753993088195127,0.020329556463066323,6659.4766295984045,59193.13779703968,-51.802479,92,12,74.02862913064934,0.785016009951303,0,0,0.06686885226607486,0.07183194559381198,15,0.8975168550970122,0,0
鼎信,TERM_01299,1,7.971670596089634,85.09220608824452,70.99031748347953,59.457720295515806,48.4451600906614,51.024407186959955,45.53243946313002,0.1388858206384361,611.406172257889,5962.471991782706,-90.87368735,391,68,423.66969967502905,0.29212697330782167,0.16270087262312,0,0.3339398192288079,0.20087436177209808,30,0.5176327658538735,0,1
华为,TERM_01300,0,0.8972350543187442,38.1506899538012,38.92876661597673,17.57275988126643,11.64882633752613,25.99229276916678,14.98917636707664,0.028631674982262517,7669.374457576316,69782.10309035692,-53.97315409,38,0,17.72791152640997,0.7981263966821196,0.0830684953356765,0,0.09750436445764488,0.024127088729139944,0,0.9389583889795685,0,0
华为,TERM_01301,0,4.65900441238336,71.39297935121483,67.39577194041225,50.16910858497425,36.22274884223006,55.3797845971979,44.80883703310269,0.10261664481778042,2332.2645701960064,30721.084028580863,-99.456376,258,54,317.17662237690985,0.47315086665503364,0.14040352907638942,1,0.08528958246272803,0.11233774102266575,18,0.7677791217800031,0,0
威胜,TERM_01302,1,7.186786033966621,95.81135262879712,88.45457978117506,64.7412732995987,61.045758729884305,72.32433156741567,64.74555293942404,0.15797667894912612,0,10457.238115868715,-105.3956568,438,74,532.129498771809,0.18087887389509322,0.16670016460010442,0,0.2046616318333659,0.22187469507813248,29,0.5983498758618953,0,1
华为,TERM_01303,0,9.927692340800366,78.29395876688704,98.72127079570971,65.95527323024127,60.581094401874786,78.38465445278332,82.02679012372754,0.17330067032990207,806.3150997568711,12293.654736917462,-107.7211392,376,71,425.7809931954779,0.2442983401310258,0.1384407934681485,1,0.22782102138811527,0.14962243731630465,33,0.6792539543599475,1,1
威胜,TERM_01304,0,5.938606940918609,31.398908006877704,17.689602693236147,13.719502605657693,4.147192648301583,29.939585556949883,31.5684949547096,0.006782532188600662,7216.524860954161,69121.55422655969,-64.6230469,62,15,24.88232633499468,0.8767670337094919,0,0,0.03008978099791184,0.06159728158538054,0,0.9055525072217434,0,0
威胜,TERM_01305,0,6.2539874010828695,63.85633692604808,119.02629057417069,63.294774567763525,55.53606133900584,62.120796165390125,56.671855486917146,0.07052943734503599,3536.791775268047,23584.537711449047,-104.5810072,249,63,368.8820674697525,0.5422101511039764,0.10943015961261135,0,0.2027609865185931,0.15587344912613965,16,0.8500737755440287,0,0
鼎信,TERM_01306,0,6.895947920797961,73.19576711291926,118.98154120888188,64.44962365964179,59.99826010116333,54.23533858964821,36.298728040758135,0.11330277576801581,289.85018864003354,6462.031674329389,-109.0409,424,80,497.7921813345468,0.2574738497710087,0.21702224952723018,0,0.26148645111499563,0.2006766490311832,38,0.6787804930739002,0,0
中兴,TERM_01307,0,2.2920359909088566,42.44473413625269,48.72233502434248,39.433177547762355,26.96555872234271,57.10280937379018,54.45947853018237,0.02428280363339625,5552.978398478667,44516.486366086494,-74.22859004,125,40,180.57913074398925,0.5789029905991474,0.09817338532506918,0,0.04552338984837359,0.05221659042981703,15,0.8404305004868196,0,0
华为,TERM_01308,0,3.4152248980672084,47.62896614718708,39.18981391200184,40.08070153750932,32.06370137331392,52.25957517472501,49.47760810267746,0.07484598516248137,7442.294208146154,59109.10447777952,-53.73923197,37,1,33.325163590031025,0.8089430441474642,0.07339492531413577,1,0.10318317275443659,0.02180437476609157,14,0.9940388606757068,0,0
威胜,TERM_01309,0,10.254556086823778,33.14065874458037,52.88639921176279,25.45728411906036,19.14033567999967,98.5494478494486,37.32394696862812,0.701020343725487,36.12841060154495,64418.48520526006,-54.10606108,584,18,59.03582746794683,0.754892083646787,0.0013618348326354182,0,0.6846051017946541,0,1,0.3582686102710618,1,1
威胜,TERM_01310,0,1.8282267265005059,33.85104621868097,55.91658346306441,29.597426135018168,23.098420146771566,46.5228619283849,46.507040295433754,0.04676487770429554,8175.181178411183,77123.67131053148,-66.92337561,3,0,12.956121556562145,0.9844413311073785,0,0,0,0.051183671091648134,2,0.9115075831444687,0,0
威胜,TERM_01311,0,2.9879374785544233,73.18037853461469,100.3545532332975,51.734381463235906,45.379076422722804,60.66534840819252,49.948404611489735,0.14305522698991355,1938.026802470477,16917.871784720435,-110.5503651,365,62,369.1038500651945,0.2962532295020899,0.175863668472111,1,0.1820943338460377,0.1577819374582,28,0.7092475521341312,0,0
林洋,TERM_01312,1,8.903846024153168,59.75214868229287,80.03427120893767,66.05169468827158,67.84696546951108,72.17662175945223,72.14305569214304,0.14168591245849443,1087.9568005657136,9798.054237380165,-125.9260511,413,74,536.5026679605453,0,0.19504126817868872,1,0.2335134205181457,0.18083905681831336,36,0.5911071992005348,1,1
中兴,TERM_01313,0,7.596913662695621,49.731403638120234,60.61519970636442,56.75161616053814,56.494387658809345,58.056615558258486,54.503007965668985,0.1550022982866021,1986.2420805525267,17586.53074062385,-97.88433161,294,62,392.2248517326262,0.154248742258679,0.11968181168856375,0,0.23117202828286226,0.13947431919768571,26,0.7556672992789922,0,0
华为,TERM_01314,0,0.8074606671813545,29.504256520710125,50.43057134859995,36.37961869800672,28.16393973786487,41.46458317823146,27.705693653827083,0.01695162878710405,6048.322882018513,57355.481168780716,-68.8368878,27,5,77.25328920505345,0.6971854875758778,0.08545764724331074,0,0.13411639931385388,0.08708034305486462,6,0.9593968421459456,0,0
中兴,TERM_01315,0,7.643988241685212,65.73212108946647,103.2965544076871,43.76586411672595,33.57989062789171,58.94239715261693,51.77353796338466,0.1958872559606353,1037.61126919358,11345.441688943667,-116.9206964,402,59,504.75408013405166,0.11537133372912685,0.22033615957914918,0,0.20999482095357827,0.14719531235052669,23,0.5622160846901665,0,0
威胜,TERM_01316,1,8.278262783215588,77.48458041627188,114.04787201633428,54.03228397164269,46.96553248784043,70.49165762599446,66.35956597523716,0.14441125525874726,674.3739150696749,9010.865053127714,-118.1699158,347,71,469.09510142163316,0.11769129197618318,0.23975472233475062,0,0.21707452636807276,0.17488973666143526,35,0.6292060690582517,1,1
中兴,TERM_01317,0,3.378157639195023,28.949565030051982,70.63120185688777,39.293207978064295,40.42900885934809,47.85694516227873,44.65789302096101,0.09837645713902345,6524.804946836132,47727.13388520837,-65.72582071,103,16,152.46711000977763,0.6850689761324715,0.03370076193743426,0,0.12521873881993142,0.017243048729100263,12,0.9363329878914181,0,0
中兴,TERM_01318,0,3.6215539231873217,44.80048908593229,90.66289975379466,42.70315849189002,27.066610786016792,61.231286780900234,62.43034962911411,0.044040122257043145,4436.662233402335,31664.515408369338,-86.86412522,171,34,293.91397199072884,0.6293455841153135,0.14110916506163368,1,0.12462219695704559,0.07266582516712287,15,0.8242371980665344,0,0
中兴,TERM_01319,0,6.030441230127287,70.80046076868446,78.3396916137092,36.314803643553155,31.73273735669969,53.54263562510326,55.489279206190375,0.05554265650873885,4942.47016147314,44354.21087888672,-87.60244922,179,30,208.99119234292743,0.6797782526198136,0.10688547758786604,0,0.13102024658853764,0.087670657458809,28,0.8251625291272748,0,0
中兴,TERM_01320,0,6.425222396414155,77.8920660553408,108.52223212038031,57.59648089085364,51.05621252550021,73.15416335217179,66.72241456886229,0.07928672740064875,1891.027156709751,9046.93891755612,-119.9367839,386,74,432.049051628405,0.40792584568599455,0.15222936782161764,0,0.2528238012095493,0.2034362469608406,27,0.7103222445579023,0,0
华为,TERM_01321,0,2.511879929457528,65.98274272909465,15.56903101039537,29.434836328815216,30.42668138084952,43.53859808005264,41.89452932899471,0.10519281570662525,4517.507901780932,41709.570428198334,-91.90289723,158,37,255.0084769981446,0.671380004640913,0.13848112964986314,0,0.15975728405910247,0.12144378846582476,13,0.7232975615797952,0,0
中兴,TERM_01322,0,4.247863860278637,84.55005603750725,117.74894631293432,61.77233207690744,61.67807120770894,80.27982016901076,84.92743577059291,0.14177833645486837,1343.6962084716997,15588.103281822147,-104.1103594,338,85,495.91531428259873,0.24075555644897467,0.15311223105058933,0,0.23679314396888237,0.20934876377994788,34,0.6679563615052316,0,0
鼎信,TERM_01323,0,5.5339925825199066,60.40124597764602,73.10645920744854,33.923127781747745,21.582437148666443,42.16999224421808,31.058006464564627,0.10882846642931798,5531.888478433654,48054.46425109775,-78.1416617,118,25,142.4913914040911,0.568836730877303,0.050448963840778835,0,0.03783922574101986,0.08917945491075571,11,0.915854972918226,0,0
林洋,TERM_01324,0,3.748636325317219,44.9238316176707,33.52525434523305,26.172935547746388,27.156198222443777,19.317028485757042,10.669267248551321,0.0146987733250145,6656.978501655806,58279.86172984676,-49.41280397,107,20,97.91807973099192,0.8543485416629774,0.07180907193517663,0,0.08428709215546987,0.015886043715555007,0,0.9304262974027373,0,0
威胜,TERM_01325,1,8.086064849659646,80.5918147928769,97.00207056063994,58.26273545614386,41.593915919873126,65.83737538146133,50.90656558918931,0.18904160100257464,601.7113381982033,0,-114.466266,389,86,477.9473688376728,0,0.1801647198899904,1,0.28805680682458534,0.24946551892482413,39,0.5417067955982678,1,1
林洋,TERM_01326,1,7.074376195234391,116.33030385542965,100.57622968858193,60.08038542925984,58.141770373293575,74.21973435042113,65.4311409680965,0.14620917664715033,514.1270370078303,7599.649592197131,-123.6588387,365,71,438.4526272497058,0.16189596705961357,0.20423391145652353,0,0.2704478138640533,0.21430283906835282,32,0.5966288904430057,0,1
威胜,TERM_01327,1,7.097661721513764,81.91235622760571,100.76931930457962,57.08021049659528,55.59046291589536,70.18713952957805,66.4218281562126,0.14464670901411347,329.7679886265229,12421.843890249998,-123.7219348,402,76,475.575626937044,0,0.18177455426242164,0,0.19109929645853196,0.2506366268438578,41,0.6069009051811394,0,1
林洋,TERM_01328,0,5.875828708589224,87.04340293541073,62.69105127518283,54.00516661462915,57.43100227486819,47.60157400864067,29.904696568723907,0.1294052918528594,434.00117899342735,222.344472728646,-130,371,83,442.0153931511691,0.3234638113791495,0.18989566059084115,0,0.2641005896304648,0.23489821156898083,35,0.5888241196146925,0,0
中兴,TERM_01329,0,4.290717791358736,59.93091717443815,36.52847553138666,53.896940342262965,50.033664665820886,98.25130587473365,51.91159151918002,0.4876454932271283,3978.4532152274373,42444.2871611149,-118.8838248,170,26,279.0787950261216,0.5390144545824727,0.619687671468533,1,0.6119446050033992,0.10539559107138663,16,0.20740657535764823,0,0
威胜,TERM_01330,1,4.697769009393926,95.90096944408299,90.18120864455132,46.49377773123344,38.17162175606178,70.55506387681176,62.72099767809328,0.15837843364072912,406.15258034407293,8601.761368112097,-103.0890398,384,84,492.6208432406596,0.09979826230153872,0.1675801804228408,1,0.14943458991523087,0.18166612823412084,41,0.6316833514634272,0,1
威胜,TERM_01331,0,6.4632160443016,96.89466621052783,66.88853735538919,44.58765979258783,34.54584398483942,57.761644613717834,52.38560203866409,0.14624568766194435,526.368206592746,9467.951081282274,-102.2468422,317,74,450.6170127901938,0.1215947212701923,0.19324358768415123,0,0.22795979858765744,0.11997917046942852,30,0.7076114492941913,0,0
华为,TERM_01332,0,6.652771600965603,68.37197559952747,60.999781281523454,60.379997724991256,62.68113862368607,70.50701536531213,58.49378348206512,0.08226700068330016,843.4564061330229,7748.6710036909535,-97.59054014,345,64,404.9791779069102,0.21461910035479742,0.15779825919887563,0,0.1718593980027629,0.17856251898027653,24,0.5571142845614678,0,0
林洋,TERM_01333,0,6.261018410170792,69.72400962836075,114.25149622057552,32.55010407862364,36.0356614809893,53.18119679627519,47.56763207385865,0.012741581197762517,3213.2410317440563,30243.972643617348,-86.37640835,190,44,271.31903141666436,0.39567081258092074,0.09169678822842,0,0.15261317722501455,0.11920686720824449,13,0.7306546668874438,0,0
中兴,TERM_01334,0,4.3143871672277125,56.417080081820615,67.4130389245485,19.800269059954445,12.557892905009867,29.339132700409028,34.414330690031534,0.056009895988972394,4615.631757675013,45562.070148473525,-82.14466035,237,46,230.37371179314417,0.5571802197923436,0.05781155839419698,1,0.06714885807301522,0.07205588445310346,16,0.7753822888070099,0,0
威胜,TERM_01335,0,8.510699522662371,82.05408712674165,80.21471546633694,63.569568249419476,58.680517942452916,72.97425438306314,65.57542939174516,0.1689538712372557,839.4417223381115,11068.585830855882,-111.832626,376,59,421.49168905049584,0.030558729765431114,0.1464687650314555,0,0.21655893442244098,0.16458147167200177,41,0.7148173159375055,1,1
威胜,TERM_01336,0,6.7365065909035575,48.803226661745576,53.70460562075381,48.16591472425083,49.98244372894222,52.5728631096738,34.29524123288766,0.07996089194215122,4344.670407425802,37598.05617486913,-80.03098527,193,28,227.24681906152307,0.4646232814170115,0.08318596122125414,0,0.06452140673062806,0.11695853701871636,16,0.82791227550253,0,0
中兴,TERM_01337,0,8.107511900921953,60.6148041859487,101.73598814516681,39.67075884901888,38.51610083571616,76.50375654434009,78.78639021612504,0.07639116853488948,2857.179364042768,20065.697235129912,-104.0997183,322,46,370.2219062873244,0.2043148348433047,0.17283375938832707,0,0.16871766979933503,0.09908488839973667,31,0.7558944427775772,1,1
中兴,TERM_01338,0,6.339771321910595,69.60201052503231,92.87387912286503,29.864084554541925,23.93019053414892,47.548911801836795,45.803598882164565,0.04157810817414377,3716.7451070315115,26297.759595343417,-100.6570785,232,46,318.46028710903573,0.45714454782012875,0.08810543478973679,0,0.1766999442310297,0.16744361323439477,23,0.7823064234795067,0,0
威胜,TERM_01339,0,13.894895906366642,11.43673056940845,33.283195766298675,11.017660630933909,3,33.34146005417211,28.905716800138265,0.047331436575571775,8094.885804165593,68593.41471696395,-56.82340528,8,0,69.82596261168885,0.8873205020984751,0.025960745229053474,0,0.1050123571365399,0.04970059320905022,0,1,1,1
威胜,TERM_01340,0,11.992428755829524,26.582393012505516,41.54964653766042,16.12311411129554,6.916645403174474,47.16702508941236,45.57533802728424,0,33.30041139437313,66471.57661747037,-121.5112012,37,6,569.319651933424,0.9348807128204257,0.03899348336701944,0,0.6249600462037628,0.017052427900904218,0,0.26467660503738716,1,1
鼎信,TERM_01341,1,9.043926130694022,87.71018195002087,90.47985756797058,74.87136979515623,74.63814410976804,60.45884959494974,55.95394663145131,0.1712404433686479,130.21517652899104,6743.997469856677,-114.5271112,371,77,509.0224158817964,0.07512839860601558,0.2280355361386311,1,0.2470437961788801,0.19574005667011465,36,0.6276416888239816,1,1
林洋,TERM_01342,0,5.780212811254602,14.694492272855204,34.08813286420953,24.965968229179282,18.130954235500006,52.66094596807248,57.520543407530425,0.05648506597073099,6656.9531499605055,48650.5430304658,-75.92723849,109,22,109.58953156593732,0.7409684582475264,0.04146767666756866,1,0.10815115408224851,0.06734401143229715,12,0.9027063490547128,0,0
中兴,TERM_01343,0,3.0706792389847886,12.502824386178652,7.134723955264461,30.371662825636506,23.338568100313836,48.820497139123916,48.33249431061799,0.07204863491593422,7521.046587175582,67245.08193085474,-56.48240531,105,3,37.47685915762942,0.6629924400330461,0.04160592879202014,0,0.06665692823774758,0.06117340173901906,6,0.9191407088603983,0,0
林洋,TERM_01344,1,10.719484568082795,94.2469227301118,85.51517235151023,64.73144368317999,62.79096201403112,72.22544616336553,64.48689776829653,0.12747609207617872,544.8116315180578,4121.0092282739415,-126.9470044,350,96,493.47877299925426,0.19372776377505502,0.16064871150440624,1,0.2625127978561361,0.25617124658072304,33,0.6093774878657535,1,1
中兴,TERM_01345,0,0.5,18.531573838992834,41.58834911670138,34.23442405599298,29.637433051072048,36.54688463259126,40.49861428252555,0.05097185101600657,6994.778095494058,52757.7421755776,-62.26965743,57,14,105.2821573012636,0.9282279361541075,0,0,0.07805618433929315,0.020663499465433218,1,0.9417640005486146,0,0
中兴,TERM_01346,0,0.5,12.770690887405161,1,15.647578788168602,12.594778876753761,29.100628583027362,35.02053776990195,0.054290143191009305,7816.696249940289,73708.12898796427,-53.86510266,0,7,11.12157498517129,0.9389644500969998,0.03382268527664555,0,0.01837028705614185,0.06386782261885375,0,0.9667433793486098,0,0
中兴,TERM_01347,0,8.850800819132576,73.50077213728686,93.52470961317059,57.03843736060997,50.41827030638411,60.26916441835006,60.73134812841773,0.09980618096886701,270.2359626699573,10518.947430470318,-116.6320077,396,81,466.9248636203235,0.0871574702989069,0.24909853285654987,0,0.20266138022013452,0.18039263389601556,30,0.6357664632528793,1,1
华为,TERM_01348,0,7.340496674350454,66.73054301343944,98.11068196476305,51.206815294607516,44.37875869963717,66.94866516834233,64.3902427019154,0.1293532906742283,1711.7469888911385,10793.191970219905,-103.442264,344,59,405.6419619288221,0.28510391990023615,0.1881320197290173,1,0.22244582093262902,0.1563830663425773,30,0.670633011049072,0,0
华为,TERM_01349,0,4.185307054930745,47.14405865203061,56.87719369659335,25.734857126370898,17.062657125942327,10,8,0.013796522574959976,7815.485323027552,70419.78825886211,-53.74364634,75,2,35.34807993585793,0.8854212242995617,0,0,0,0.018699345803514806,1,0.9730734919832912,0,0
华为,TERM_01350,0,3.1365646473616486,16.7315875435346,91.98839668995656,37.458885650409755,36.00372684909475,36.194772670389106,35.308726734598515,0.005147973453694547,5612.552774191224,58307.40069380296,-70.93840834,133,15,71.65130748737303,0.5885410282452381,0.020956860324285738,0,0,0.08728123501789214,10,0.8759676007696153,0,0
林洋,TERM_01351,0,2.7848817435047115,66.44007225344511,71.08306650082787,51.339628846284384,46.764894950401825,40.223621017019504,37.55177820507395,0.06662234120084055,5574.316262035167,57312.964457828275,-82.3271441,100,26,182.54713003912033,0.7210491833883514,0.10108306352518803,0,0.16633567600869215,0.06544273850875615,8,0.7672313773037496,0,0
华为,TERM_01352,0,2.6862651631808596,26.783340330390764,41.325848697127576,23.586004367789428,20.051782147787897,30.99173169867288,25.83091497619364,0,6866.161525115257,61267.7983531293,-71.19476718,95,12,102.26264849178455,0.6803853004052888,0.07182288475004077,0,0.11232505765824255,0.05340125142167642,6,0.9015708294857142,0,0
华为,TERM_01353,0,0.6070044634847935,20.764037509819794,8.386760032384029,99.64118899128448,17.07256547283822,96.2799844282036,41.33789417017926,0.04260559023780008,31.254269276500064,60458.467219614366,-119.0284164,87,20,587.4753642533151,0.8252037308334766,0.6233685727589346,0,0.03603548923247144,0.03178959308285735,6,0.8522452580115167,0,0
华为,TERM_01354,0,5.8790321765785505,90.76306563008356,94.27212928048989,64.07986520317043,62.558402282869665,52.804961159955774,48.32730648523932,0.20522420657676632,1134.2824741261147,10969.01957232249,-98.58552988,412,75,517.262882105389,0.15935055702786813,0.18083806743739722,1,0.18509527464607017,0.17430315936793123,30,0.6769042458468022,0,0
威胜,TERM_01355,0,3.9724015325067237,26.789193013069966,45.395275454879794,28.319051626453334,24.879449395374554,50.0255142367738,48.318212486298584,0.01586015791608068,7971.437657601784,72544.8788845952,-65.61048158,53,11,94.64852131958905,0.9393117487493177,0.05107970957067719,0,0.07053234349145099,0.07593352304547268,5,0.8906839476108102,0,0
林洋,TERM_01356,1,3.9218531809816026,24.185341428537228,9.871471744346152,37.80518595784143,36.456704691037324,47.709726107927224,48.924698811758034,0.021448942242401643,6718.683463956165,73712.21572472839,-52.90043712,63,0,123.48641143600899,0.7492160838062277,0.007438567439713269,0,0.08059331199392214,0.038060514748382644,0,0.8892427026157083,0,1
威胜,TERM_01357,0,6.714349720348178,71.94642621069113,57.40838781448198,46.93606705618291,43.6617636044532,72.91956754155909,59.933000548488586,0.14979159243309909,3099.321102271795,18864.00352610435,-98.86341738,252,43,369.6277323098727,0.30357183430775797,0.17591852155420404,1,0.14720623575962044,0.12511286606232322,31,0.7275041292861708,0,0
威胜,TERM_01358,0,2.9507268665159283,61.76864301353807,64.31156717733019,97.24082192340376,36.79953182565351,50.33307392370074,39.185021547383855,0.529135424791182,3292.7609398035797,31438.221550078073,-96.11002486,444,41,311.82960327786236,0.4841567103636181,0.5628982066977771,0,0.15445723496407124,0.11294900502804334,23,0.7433618368799003,0,0
中兴,TERM_01359,1,7.299322742612442,84.8635282985231,112.39485271132828,69.92322266171422,55.822476586486026,71.12674511188712,60.65341410431037,0.12766562837090542,0,0,-116.6801616,387,92,489.0724080909061,0.0739462793705155,0.1709144521776339,0,0.17193543283660423,0.20348820175138588,37,0.6686327674461238,0,1
华为,TERM_01360,0,13.73929345237524,42.12093878047589,56.646598239975766,27.04487372708393,27.733638938538938,47.27462165144289,53.9146781068885,0.04681811320844308,6003.197465091487,74019.95216822869,-60.47125868,71,27,64.80095554750534,0.9214446192575954,0.03826100213887064,0,0.03784992879053138,0.039224835213606445,4,0.8991142846123642,1,1
威胜,TERM_01361,0,9.208678889874763,14.747195642350473,33.696641917985104,33.722979424112445,22.12069057369203,41.9178620998537,40.71871049650721,0,6876.47411130124,54284.68597510299,-84.33929611,96,28,150.32370686433592,0.6514001127456701,0.16641575273371245,0,0.07226486693861323,0.062378059102398804,7,0.8530309478098873,1,1
中兴,TERM_01362,0,13.183742168690138,39.627115124592834,62.51477688348304,38.47401652982802,38.65939299596088,46.00749419658768,45.36720948090706,0.04657062532874499,4146.61766626805,41938.282466123324,-86.58678349,208,36,243.70904767730926,0.5659541991035382,0.0969444286540492,0,0.14131002404024565,0.09678382532852349,14,0.7451034474868647,1,1
林洋,TERM_01363,0,9.928113834891352,16.08378243894507,35.438615802534635,31.935071230256973,26.57103706565638,40.150295472896374,41.92692377300879,0.05791045903711422,7135.232205650782,61766.21098419086,-62.2910838,68,14,56.9539287642525,0.8093072041372869,0.057222960643235024,0,0.14347701662048112,0.07165379784813516,0,0.851198965373744,1,1
鼎信,TERM_01364,0,7.381428282756174,66.39284714573013,71.22326096394823,48.65761151942064,35.62401984831398,64.08071387021789,52.80078735426644,0.11921704667474291,1144.8730538336104,10733.617995865885,-115.4472248,379,83,466.49559725534345,0.13585578845795754,0.20513249538018755,1,0.17851786568953598,0.19739743192728973,24,0.6123720003546546,0,0
华为,TERM_01365,0,1.6593289096594486,28.5171060806187,26.34545990237444,20.464212642890928,15.033549770362608,27.90728737838248,10.677604948265756,0.018446457583174765,8205.069107958421,54242.558617149196,-78.6950926,23,25,37.83987274360581,0.9227900530682278,0.04435613498184555,0,0.11280545987196416,0.03184779813107728,5,0.934432438122364,0,0
华为,TERM_01366,0,9.373896394238383,87.64456622366697,116.2264222506815,33.13597282211262,20.63480260459633,41.22783417730675,35.85066120019049,0.10239693256477791,1122.7080315692622,15637.579244583056,-113.4296304,420,61,481.43316062110114,0.12932288780770473,0.16238942432206085,0,0.1955019837171705,0.17834689475170393,34,0.713861697204415,1,1
鼎信,TERM_01367,0,5.621738106639279,45.674844533159444,81.85372733399447,46.47245624288596,47.01236879815418,53.32080776867165,53.70623952981013,0.08768381678320003,1793.6777029034251,21900.369826755537,-93.26805004,327,66,398.91518988181815,0.3126515301339324,0.1398790688863371,1,0.17588383931176294,0.13727710101328838,22,0.7169898102003349,0,0
中兴,TERM_01368,0,3.179185968517973,51.13286807360363,52.47314868918945,49.30615936639243,41.72747200257539,30.525716067912263,24.34015830411458,0.011601927678990459,4213.620026753652,29293.452954291766,-86.1076538,242,43,301.11170481225355,0.26317696951525016,0.11310141524101505,0,0.1919692904369055,0.11612852115680637,26,0.7302593156955778,0,0
鼎信,TERM_01369,0,2.7620646145049466,61.74178665341081,94.61408757690317,46.98089661081979,36.77497268494832,49.58348037225983,36.363850545098025,0.09223896650522809,2638.5295502467366,14883.859504446327,-106.6615299,272,59,313.5711705221842,0.3936348230415846,0.13545989426144164,0,0.14842661057479725,0.1190341764669193,16,0.7252772060470731,0,0
林洋,TERM_01370,0,7.006324881828628,74.65804807120732,69.48525023775755,46.29201710749887,44.59625777689103,78.6635688307092,68.23220184505826,0.1418600851479896,947.715125503023,18968.475535921876,-102.5899667,308,69,424.7382802930706,0.3241155980220169,0.20982515538575747,0,0.17962590202868936,0.17744335049882357,34,0.6566736017444788,0,0
中兴,TERM_01371,0,4.2750662132106925,37.099896598640555,58.85659117732087,52.222126899262975,47.01037611910063,34.702945874781975,22.627397873009286,0.09015794137293089,2848.532008585663,40903.876317128736,-97.63512655,236,35,253.01971212822838,0.4723675314824897,0.1615425667266623,0,0.1686592678250899,0.11043473270408509,14,0.8260532906298559,0,0
林洋,TERM_01372,0,1.1264332282891907,30.11440518491466,45.311251982537236,29.573352251187085,27.174187694833822,46.89610700013986,38.22192037977254,0.014667954315446825,7075.0885143411515,59640.89804319257,-66.60486987,97,22,100.27081531962425,0.7476758252194979,0.11242962126384985,1,0.09545513154382809,0.05086703936703011,13,0.9417023885679776,0,0
中兴,TERM_01373,0,7.977044429952418,55.253878566083735,93.98160373102559,61.504703247509646,55.93521895390359,71.68725275969439,59.730970055998725,0.06497169176288754,2628.4245134197176,20653.6228904129,-98.20806864,311,52,320.30959077217597,0.47738310738573086,0.13526848569741537,0,0.16257809457779104,0.1500827126968258,29,0.6080582539465991,0,0
华为,TERM_01374,1,8.780424635098722,82.41250739562022,99.85692416760354,65.38388174091463,66.16714778866357,52.987393517987,48.86806759436093,0.13364002801098235,666.9529835087654,1671.5600491770629,-120.5483352,370,78,518.3192067026124,0.21398331828931866,0.22487369376237287,1,0.313788665121655,0.2023443962027127,47,0.6825260768780301,1,1
中兴,TERM_01375,0,2.015984077657704,1,1,21.894356014472855,14.886790349958327,53.28343893428762,44.99795049460933,0,7779.165545049986,76489.8696259162,-47.2937306,0,2,24.393955053906176,0.7141516745241083,0.030125439466128855,0,0.012075069378424577,0.054460569486818856,0,0.8681212589370684,0,0
华为,TERM_01376,0,4.134816637476035,16.11709348036223,17.764447693979516,35.26888811688775,22.3894454741002,34.75053619697383,33.551129558486394,0,8322.10220222709,67865.74153959281,-49.92748939,18,16,0,0.8446638624504875,0,0,0,0.04600693029637758,0,0.9585032420998519,0,0
中兴,TERM_01377,1,8.70395948798741,75.83297616927332,96.8149389465924,55.07041041920525,44.5988910162382,81.89076696583871,71.03189929303893,0.14711013243009005,194.56123322030254,4668.781248163756,-123.0626141,387,80,474.4715032524241,0.11571469958112203,0.14678246363380942,0,0.19243659268259322,0.21983722115649398,24,0.5124104035345509,1,1
中兴,TERM_01378,0,1.4973023752338839,24.59795693809789,24.798666621394396,16.118118431326813,13.294058805982154,41.9760074421096,38.508088768580365,0.0009251545362011816,7205.8869999734325,61938.452363787204,-65.2461228,45,11,59.43979402334871,0.8274437502492811,0.032266283943220564,1,0.008643882044574357,0.031386951368518975,4,0.9581036368660873,0,0
鼎信,TERM_01379,0,5.9891389605396075,89.23819806418427,96.99683673801594,69.78126834335043,61.49228449536936,62.756622324456536,57.53102740728482,0.5311322876430767,33.99934809900018,7413.427877571682,-121.9567598,455,81,479.2978485217409,0.15516631651687002,0.6637099406862699,0,0.21842063771737621,0.19507031295932917,34,0.6094424347731477,0,0
林洋,TERM_01380,0,6.36380026365503,55.92530014180447,103.39337214036581,45.74842876260103,47.16535864380774,24.223794233810057,21.59996789925772,0.05181816253856148,4482.23157696094,33366.95161981917,-93.57004492,257,36,262.0482840152288,0.4398633463923979,0.0872796402474354,0,0.20223089429939578,0.16615141580321194,15,0.8008451866267748,0,0
中兴,TERM_01381,0,4.225289765322524,50.92622021721749,68.85811540408585,42.0220143466228,31.16861792910432,33.36462122782061,31.584902745613483,0.02990716080021511,6249.184217460324,51523.16616298874,-67.46533493,127,24,173.50602275011087,0.6354403202973009,0.10601787039610483,0,0.01714696864797567,0.06601644537106931,12,0.8404648266348382,0,0
华为,TERM_01382,0,5.009200596424439,46.72525815418674,31.44013917062526,45.41477508380907,45.505877229981365,57.865879100494965,56.72774685646631,0.09976543857292729,4113.957516836763,47320.8073935628,-84.94917044,223,43,263.4706724693779,0.4175870714398459,0.1472705174653891,0,0.1990100609198267,0.10651728271513354,21,0.8378878417806099,0,0
威胜,TERM_01383,0,6.136803652910603,92.3596931021393,80.79944101675241,69.19147921590849,62.026232642216634,81.91104339070097,81.8955864161088,0.15686557413759558,1191.903780946258,10047.319248154674,-105.3355103,360,78,521.751049504978,0.09841332798888869,0.17659022087736426,1,0.199787350449504,0.18647781904186067,35,0.5512767256945881,0,0
中兴,TERM_01384,0,13.93738884942684,93.85627904060185,118.68641730973164,48.468672050078915,50.0063414516666,95.01235823351429,47.69795319476442,0.4782594175122578,26.5234939516572,15431.867496161505,-117.4468219,540,62,345.2069878446471,0.31603370053024415,0.21243994279962633,0,0.6821711282839743,0.16340503893482683,29,0.6955876586700761,1,1
林洋,TERM_01385,1,6.592970041389483,90.91227651968072,91.09539991149533,56.66571179645197,54.193867052717536,67.8062754906908,64.59347152557514,0.12447031679514742,58.9279301503874,7803.00509246482,-114.8260265,394,81,523.2059354405278,0.05264601814715106,0.20455874520943984,0,0.20767511092587304,0.23043122090200874,30,0.636816529344466,0,1
中兴,TERM_01386,0,7.017272627109662,80.00764631368558,83.10033409143047,52.874989206184715,48.837513891278086,60.69987630640006,51.69953420294751,0.1481630771871134,1481.8196818181843,4586.290532360342,-104.3616056,336,76,459.7009506321809,0.14645182384751465,0.11624376847564515,0,0.19802007834191251,0.16184421059253473,35,0.6671515673369958,0,0
华为,TERM_01387,0,6.321176472483553,51.307634213217796,71.26626116046181,32.85292571699139,31.174926962136645,51.724257960327506,51.8286802516821,0.08394634239885516,5329.315327270431,50495.829472573416,-77.48869931,155,23,178.9761796250906,0.49659293408659666,0.02358467507119285,0,0.09821349748511142,0.11692109044157248,20,0.8502162414901485,0,0
华为,TERM_01388,0,5.441153929296624,76.34764923028835,113.99739316615336,37.012995970964226,38.14626529637633,61.73937768177846,52.558072464979446,0.12667352240852386,1592.1613099188653,20302.921865453525,-113.9211895,347,56,366.6680655630808,0.33974296088503053,0.16320342580341737,0,0.1864458588322029,0.17605734345477275,23,0.7481919232569503,0,0
鼎信,TERM_01389,0,1.9693664231655728,62.18856539043897,47.536641365965664,36.833167302878906,31.579149313466875,44.86815674780525,38.1166768161727,0.06336894724082909,4737.264440288026,40244.76410671558,-88.62918234,212,30,196.4228467049191,0.6662957738352949,0.08523722175244992,0,0.12607299679779163,0.08804219301985791,8,0.8634921418600041,0,0
中兴,TERM_01390,0,0.5325279299013017,33.2060602658901,24.017596890532854,27.07092833569018,12.68594070315241,42.04061744160257,31.870698164176947,0.029910953984604107,8324.239922405832,68719.70578873953,-48.93797212,53,22,21.715042693215175,0.9781915590546522,0,0,0,0.011008692988787332,7,0.8729323603137379,0,0
中兴,TERM_01391,0,8.102739006103848,85.88580042721644,56.588407951385705,45.297793862215435,46.29802162806848,54.98389204453923,44.68900385425615,0.11532353771893081,2146.1697890757073,19367.41234940237,-109.2193348,321,57,373.0480724921671,0.25401990465052504,0.17143904903745372,0,0.1926230905062316,0.15735760592146167,29,0.6867445274874364,1,1
鼎信,TERM_01392,0,6.326171927983242,66.67460028574463,67.33087892761986,38.984485233182944,32.628261545599194,58.11950779976903,51.21749898539912,0.11414626692072193,3056.7558566120993,24916.765466415,-103.9637377,246,57,285.56386658737216,0.3689554117217465,0.20398030338079173,0,0.1933886560519547,0.17309872667839643,25,0.7376933914265058,0,0
华为,TERM_01393,0,2.5223975337566156,33.46839151126763,37.0903457648909,23.68384034747025,31.483336646312942,46.87606179397371,40.47788783280486,0.028938403232710942,8068.385136200993,67580.8312925649,-65.46411632,126,8,49.05365602297025,0.8068728169712208,0.04360861793717114,0,0.05284535307034062,0.07377782367397674,13,0.9049372920419432,0,0
中兴,TERM_01394,0,2.3949460899083075,38.35473992405557,23.41002923419936,34.00027096643426,25.98681253148227,34.49473486040338,24.61340094751771,0,7053.217085025688,53225.60244050996,-69.57730412,66,9,93.57627595321993,0.7120372069391437,0.04203918951750638,1,0.060905009664876573,0.07875643074630548,0,0.8901525343182329,0,0
林洋,TERM_01395,0,6.54691035276616,46.44279803514214,102.93620493486125,36.853613210196514,29.949633941018337,53.687194139886756,48.81897373318631,0.08159520838349793,2949.7795081517725,20321.172651395675,-86.88146843,305,58,340.34349897468934,0.4172022603433561,0.11354377081903635,0,0.14897625649292992,0.13197328655931687,22,0.751132879659081,0,0
鼎信,TERM_01396,0,2.84320847776722,60.730507409326165,55.416218851728814,52.79466065429773,51.51688802046343,41.768191811555525,37.70875600216628,0.121807357409047,5075.53883090369,41993.09254570735,-91.89405592,157,18,145.7667444982009,0.7082683384301008,0.04796590563271662,0,0.14938968542224934,0.08481309084613237,15,0.8643684801440589,0,0
中兴,TERM_01397,0,3.5933250557606695,8.200286916795346,30.92913760294904,17.172343817932948,15.980258078569836,46.141516198563735,37.87224289352134,0,6246.832722159406,55212.00980242217,-62.68731301,49,28,118.84748602069823,0.8283474312968377,0.07848275134656055,0,0.09006282741570265,0.07283445429456067,17,0.9123189779985511,0,0
华为,TERM_01398,0,6.37792973146724,94.5556016857501,77.79110937266236,51.93308427612063,49.0462028639565,70.43197745251418,79.16981228540477,0.18431270446011935,570.3598145354721,7298.057225293373,-102.6247053,325,66,425.0945788156634,0.15661062085520652,0.17144334115040316,1,0.22157092559768823,0.1771387539092974,32,0.6738257773350281,0,0
威胜,TERM_01399,0,1.4187486560444005,32.93271501569707,8.703511531842985,34.174227261598446,26.374598074032235,34.28244157427193,31.278631234490174,0.04662142443667658,6280.111968837172,59914.9641738722,-55.72746432,97,6,80.68703815090504,0.7552009606319026,0.03883623956194668,0,0.07834064054195677,0.06808461565916363,3,1,0,0
威胜,TERM_01400,0,8.946132032438884,24.31623752318444,43.68682996591914,32.643432500673114,21.842463156095818,42.699007941979154,38.40859733796825,0.028187821470153016,6511.316511544612,55983.71272863746,-45,36,16,82.86068276875221,0.7097532950442816,0.029798752844463053,0,0.09358346448994626,0.04661599955991678,6,0.896733741023926,1,1
华为,TERM_01401,0,11.09803891302996,79.13843108106585,93.11293698950377,57.480230807354886,49.09480369009657,33.51464661669011,24.45891095083131,0.06612877604839501,2340.814464981241,10464.141646083182,-108.123968,271,68,381.5930328267251,0.15221740039514647,0.2051115141197093,0,0.1422162611678775,0.18740041042119474,31,0.6769382147117116,1,1
华为,TERM_01402,0,3.7298478843927207,47.314620673529944,41.76647715728792,26.53713311310567,13.953843469519395,53.87076446913058,49.697815646418555,0.052037674929980085,6463.265281122844,43071.98103057698,-67.39606783,117,27,156.64196613925398,0.7031551725149517,0.0314914931464126,0,0.11583641172456191,0.031660673977600515,17,0.8799746541601647,0,0
华为,TERM_01403,0,2.8261761031945887,5.901246188196225,40.51157867381497,19.187999425502547,24.505227114446242,46.71613539325852,43.16095121565305,0,7496.959701885966,63540.00991174876,-60.8120889,36,4,65.3398463056862,0.8368696466409099,0.05475913139022226,1,0.01330134792690972,0.015974852973836245,11,0.9221927953663537,0,0
威胜,TERM_01404,0,0.5728379366580576,89.1380627588977,53.85349520575505,40.51788257498054,30.3947652822867,53.88427246453875,48.86342661651848,0.14146169270538234,2274.8412890587165,18548.326668960417,-103.6261154,289,43,329.65324452691306,0.3532905928966588,0.16926931404869927,0,0.23183959566498083,0.13317268207066288,15,0.6935872832459284,0,0
威胜,TERM_01405,0,1.272915074530559,26.73329810453325,3.8485942942652223,20.667728583927534,14.197457764329872,30.772444988668465,34.28435102730535,0.0013014849792118838,5751.902208833131,62929.72039317776,-78.00806022,46,7,54.63048132586901,1,0.012389806842096594,0,0.009194288203320217,0.04690723535543844,0,0.8990087339804899,0,0
林洋,TERM_01406,0,1.4469094167761676,55.12073570089977,15.018166415993443,23.29039973832061,21.752647703541683,34.62464046486251,19.41581183259528,0.002524671328454034,8760,76737.80233898008,-59.0893168,0,0,0,1,0.03921161950194264,0,0.02985779790525682,0.009752764685504916,5,0.9794231244662206,0,0
中兴,TERM_01407,0,9.342468076120824,91.17010730864776,97.16638672071704,47.00898382491234,42.0350909016237,55.56105337585899,48.2787775455182,0.1360324907733437,650.9053813633865,5328.100745072732,-101.5654613,344,89,475.2442686213323,0.2254635754557556,0.16745306932110032,0,0.2271011134822614,0.23795182389290995,31,0.6760009442474618,1,1
林洋,TERM_01408,1,6.29157968338067,89.70943548985923,93.33219646558892,45.425054528433826,37.46837444442197,61.937687974174295,61.220700332529006,0.12860110125318647,0,3029.5301816051506,-130,450,81,513.9288469382236,0.1284824829079084,0.2217740692776493,0,0.17216467384598533,0.1607863693082704,37,0.6984310468387698,0,1
鼎信,TERM_01409,0,5.965474499878864,53.06433905861568,76.2234608623167,54.16228731964101,48.41933976985379,59.78599191848913,49.40601603167041,0.1255875662578367,2989.5682941991404,21161.08238593879,-78.53272347,221,41,283.7801654200254,0.31509511581268007,0.10256173078369431,0,0.08271350362394526,0.16222835358990573,19,0.6816964478448541,0,0
中兴,TERM_01410,0,4.924495083565256,26.293485829993234,59.93642567053475,23.105001242345516,15.06205391259472,47.06865165359154,32.78861564709223,0.017035454127948563,7169.570886563174,55869.26882024204,-59.10934716,64,8,116.36320464241012,0.8607210627851748,0.048543277715622175,0,0.03790427698847333,0.07736387204684697,6,0.8601868880544246,0,0
中兴,TERM_01411,0,3.5169650793943257,62.922336129084385,78.1535463100157,49.22748140671392,42.95519710833921,58.51615327843669,50.40281405952441,0.034924586371275726,3456.624390801294,31681.584206246625,-101.6131903,205,54,325.58752934409233,0.4534662900243845,0.12676977452605392,0,0.22467049821725416,0.13954096618186146,20,0.7499535483839572,0,0
华为,TERM_01412,0,2.66495465175425,42.84469013275502,51.74465899431423,18.020130879859437,14.9728637319927,64.29490772109482,65.55852474363111,0.016249475561413824,7573.873468513541,73011.44384352944,-53.97247981,0,12,0,0.8195234685824313,0.038483063391087986,0,0.025053309941063383,0.01275279686459587,3,0.9064695945152142,0,0
中兴,TERM_01413,1,6.537084703464684,105.37230948226669,132.9583004341656,62.61231650017732,52.42887993117817,80.97208077596942,70.73432121096377,0.16816604824970682,653.8667226936886,7472.744064042348,-111.6945009,421,76,437.5868669562072,0.15456755423426236,0.12076200348913779,0,0.2594059943396336,0.19163932253275204,37,0.5260859851593331,0,1
林洋,TERM_01414,0,2.877667391673211,45.842870630039926,51.155271205664825,49.50696583828935,49.909169318853785,51.88902724600272,44.75046705663595,0.09128201339344535,5659.626353596047,56984.27543136956,-76.61941842,52,22,104.38114521073184,0.7654336440346582,0.04748159844068899,0,0,0.09355031389805588,12,0.8335621240282975,0,0
华为,TERM_01415,0,4.889511097429605,94.30326993607835,72.38776777861798,38.1482239218557,33.511657558266016,65.87458498529332,63.40347738560752,0.1221108738057397,2392.6191280691537,21848.205221032607,-104.345226,340,61,316.7184831887698,0.5195234874404779,0.16039528991891114,0,0.21333143415511363,0.09486820439191264,26,0.8193351519881412,0,0
华为,TERM_01416,0,0.9404842245188252,1,59.24298976551138,14.031750334287537,6.114310522130719,36.090831616624605,27.615014179275224,0.045487017393704046,7909.6162970925925,71428.35511664175,-45,0,0,12.727646028390144,0.7738788734287594,0.07368840364129375,1,0.050958548502590545,0.0021190950368049598,0,1,0,0
鼎信,TERM_01417,0,6.223275454337469,28.57989517683147,50.419163301984256,13.730140723568518,7.151971452523822,40.86557659479455,33.22586966136635,0.02799733016261729,7574.333176620626,66935.15225067595,-59.24015064,0,6,19.167902283532392,0.7897195151415444,0.05564327734241669,0,0.06134682184576434,0.008084689392557735,9,0.9689096997836557,0,0
中兴,TERM_01418,0,8.313448976074167,97.71370573741765,85.94592460809109,70.47853532071194,71.31578741009524,66.41541730240556,57.50311587163402,0.09897535055260635,743.8349765890877,18085.772852938033,-110.8223138,342,71,447.6080767138767,0.21911386087321774,0.1835166848710057,0,0.2166184053310132,0.1877415346186193,36,0.5999270010093039,1,1
华为,TERM_01419,0,7.559227166567948,73.78880426660066,51.958932822098774,45.89952851907843,44.991572486236024,68.2970043020508,59.8903280325303,0.07771744652707874,2296.668494697821,20366.179187082023,-86.73468489,252,58,321.22919581678775,0.39753945770613486,0.11177227498162848,0,0.12205188450024451,0.16986805029914404,24,0.683035244951419,0,0
威胜,TERM_01420,0,3.5193409889795086,9.12363916943644,41.05195638752953,32.30882554304318,28.508683495806565,36.76648504477127,24.788871905628653,0,6505.623372048961,63888.29908792671,-64.04747247,38,12,62.29368273349368,0.9303050225944001,0.05239430191951398,0,0.02833106831910694,0.10286999599552768,9,0.9090535962758525,0,0
中兴,TERM_01421,0,3.623384290647428,87.89062419068783,96.57818992298648,25.734526317961137,17.732177235945144,55.198697525104556,48.65499569306159,0.09759231362810994,2951.0128844022515,18124.914508527814,-92.57211249,293,43,344.43945819466137,0.4605698097750526,0.1585491725062889,0,0.1414102354049411,0.08505463022882793,34,0.6895483311464851,0,0
中兴,TERM_01422,1,12.757067203022732,64.03566904118118,85.51089795148165,41.63306508078135,39.4742836364753,63.0884026981025,64.47380558440597,0.09481547791656944,4572.080416394669,38434.514092274265,-89.06012726,163,41,271.7439761085533,0.36135620336108787,0.1572941664517587,0,0.154216265854923,0.07303539506582266,12,0.7950957422544424,1,1
林洋,TERM_01423,0,7.600560400517722,71.70878248869676,57.35491804302039,43.72129199828493,38.79208939587745,53.681894021831006,58.178749649849365,0.05579268779980402,2644.067174638595,15904.217632161985,-103.8194348,288,48,280.8202775351881,0.3340193355612669,0.1131793424821986,1,0.16696637623645316,0.1294710404888264,20,0.7193470139466195,0,0
中兴,TERM_01424,1,6.657109801677578,90.59280834926395,116.285940841737,70.69027171338512,74.41861685675005,60.18443226783341,62.683323994992215,0.18735409319902452,74.17007425364352,2365.534640798689,-116.2727308,425,94,492.0745860209224,0,0.18675429148634984,0,0.28076111614946236,0.21480015885191556,36,0.5424396201363294,0,1
威胜,TERM_01425,0,6.872023392877482,89.85258726381556,86.24266361783229,48.09697614349813,42.909251353878176,47.492233419313635,43.318407186557515,0.08681033749104762,4118.3915806317345,40423.52784421544,-99.94161008,192,61,329.8970377541613,0.3390487772540209,0.18303592866216287,0,0.18041088609531186,0.1456532993519784,22,0.7478153731460582,0,0
威胜,TERM_01426,0,8.324950155746887,88.13296463392825,117.347443472176,51.765281580997915,55.184370397653936,73.21877105946142,78.1718713415656,0.1060389894258008,1332.509621703345,6241.532508328397,-108.8177422,387,63,446.0705683630122,0.24423384975323537,0.172094527940535,0,0.2933718698707843,0.1426893488541059,29,0.6658236585340697,1,1
林洋,TERM_01427,0,10.05194053498745,77.89981057622356,110.52656948863344,67.79775707710941,63.77191186269059,92.48316146357357,97,0.08556916957838503,1850.602066402064,7759.696216423547,-119.4753398,379,65,435.6435190359389,0.2080205412321698,0.19293202894561656,1,0.22763081480455313,0.18950762174991542,35,0.6236615878231202,1,1
鼎信,TERM_01428,0,1.891405956648915,13.873594699792278,27.17214136317149,36.826897499433784,26.64267201870072,29.14522617812236,25.232892971783702,0.07192016370748651,7120.570302421816,68789.2430304299,-57.43183749,86,0,23.734271480047706,0.96370557059129,0.003764086026437456,0,0.03992718760619225,0,3,0.9671095317928746,0,0
华为,TERM_01429,0,5.850537274621239,95.49406414853556,90.11892039174819,68.69186911496884,80.17545680218953,73.51704994417487,62.57366384830054,0.17372516527731352,188.25050571208567,6591.898367234833,-104.6700321,371,81,490.154895553583,0.054445856291628486,0.17463783365554694,1,0.23528823675068775,0.1936662649879532,38,0.6321308385143293,0,0
华为,TERM_01430,0,1.8070521705538587,38.870934832948585,61.47829811974468,28.429905699133638,16.195113091404572,38.57647875411421,41.44809821432382,0.0060526349455438284,8132.459719548193,72533.17139198899,-74.73380648,3,2,19.68534871911197,0.8513729752257053,0.04023636255341376,0,0,0.02970070747720724,0,0.9230984888811756,0,0
华为,TERM_01431,0,7.074485657308746,54.927573605493976,79.09622031398348,37.25592786932116,22.37230748591836,63.321810090217426,51.10089809449339,0.10602995143440774,4194.878080435466,38388.04058075724,-89.93489971,237,43,233.75082951399844,0.4672520625998832,0.09621897364574294,0,0.12214148371812139,0.10464462231318078,13,0.7826971472512857,0,0
威胜,TERM_01432,0,3.583358670174161,62.10294353574174,72.28402200963691,50.696392848268374,35.32271373765563,66.5986036521395,56.279551212914825,0.10465253753607706,1930.6242278891923,24408.008015278836,-117.5423722,294,55,406.4093850115991,0.44910014113683533,0.15521982392138114,0,0.21292738178614792,0.13802392485439519,25,0.6705939626541831,0,0
威胜,TERM_01433,0,10.595854883624215,50.52847556910004,102.85759937885568,22.710636004985844,31.409046682093425,52.19070452209399,34.69549972746681,0.013022276357096477,7135.527709739318,50033.785959037836,-67.16867028,120,1,49.148121982297994,0.7072807582643518,0.05486363178767338,1,0.05123626994306718,0.04450916502266371,5,0.9174035419410164,1,1
林洋,TERM_01434,0,4.984025919591563,39.93798708181251,35.095960978321905,40.769992493106734,46.389944694696,54.54596614559854,53.910446260706934,0.056901079983630434,3947.5811438648043,37710.55808588325,-83.18431655,216,41,291.435742496399,0.5373165172811477,0.10762712940933566,0,0.12432923428021048,0.11514637580161236,13,0.7408833346325387,0,0
华为,TERM_01435,0,1.9473826359318007,56.67312409606511,27.465798007874767,19.318072834593096,15.038131367940228,30.21798182378273,11.325315870426051,0.01729863115532733,7629.475872998126,57829.412909227554,-64.34213526,44,20,61.01096091689009,0.7071971711497249,0.015850834255970746,0,0.040080565222430135,0.08815880148460163,5,1,0,0
华为,TERM_01436,0,2.2533471998005346,11.802471925211291,8.191184170229526,20.254263772500682,17.42497389254727,29.610091918027052,30.56719840908066,0.003684301751325548,8020.635355429642,65704.8197923231,-74.74646726,0,4,25.882636286564157,0.9835859289970337,0.052100470892350294,0,0.10193110587222351,0,0,1,0,0
华为,TERM_01437,0,6.535314191148853,37.19457269237896,50.603786417161956,92.24303133762115,54.18530780846241,55.30432741324791,61.160981342033864,0.08458207593787363,3.5214879339991234,36291.32440224492,-81.58070195,449,35,273.34099470236265,0.631326748160537,0.6433405204422168,1,0.1548628594285145,0.10533407629723161,28,0.7642993955940501,0,0
华为,TERM_01438,0,10.80850436112588,50.75103533251084,54.812260354882135,49.91982973353963,36.06654887522117,63.674095311572586,69.04075153624909,0.15426345475778108,1770.2059821672874,21345.261073379916,-111.2553575,307,55,348.52725831953995,0.2955745101303667,0.12347671805763187,1,0.17424971451184307,0.1596711310749474,24,0.7384435838001051,1,1
中兴,TERM_01439,0,4.719479171932338,67.85904662276464,113.19537199776255,53.42093758182506,55.71507531521756,63.41031782762795,50.81539178777646,0.2073598250930533,266.4342190261903,2074.181403924144,-108.2123864,328,79,449.90715617138625,0.09741620859351219,0.16170805485269998,1,0.3292509698454288,0.1840603526136159,35,0.657590056458818,0,0
威胜,TERM_01440,0,10.526668965303287,80.15043578365326,121.51994283840489,47.59763041428141,49.23693005182249,87.0002844304279,70.8181062924434,0.10132186060758315,1579.2483194350355,13071.419956579539,-120.1237417,356,73,470.32067268860163,0.1931129822332272,0.15288633457379358,1,0.17723268477390533,0.1875228837810736,26,0.6612363596061577,1,1
林洋,TERM_01441,0,0.5121256984062323,13.070373777571984,28.076926837424622,19.254667174531196,8.099201878202347,44.45870007293881,35.60378881708536,0.02396976201778151,8760,75443.13847511825,-62.04902124,0,0,0,0.8335143365107427,0.05638574425707493,0,0.0025420680866410778,0.0026404590075006437,3,0.9837787681372702,0,0
中兴,TERM_01442,0,0.6125292108665708,37.71558780111576,27.475189027713437,27.303437757553592,23.931853226742223,15.333929922239484,15.609083040798694,0.020980883374858636,8760,61294.517471844025,-57.09167364,0,20,34.59830084478582,0.9649108660550081,0.004634019564551534,0,0,0.050793655467706325,0,0.9760904528578844,0,0
鼎信,TERM_01443,1,9.597483895763526,102.5533341064379,117.24623669246489,60.70633508325564,55.33926394629329,68.43208297898899,70.65481491897874,0.16455844846776935,377.65261646405077,4990.122048874972,-110.8406871,382,69,569.5339751825205,0.14424562745233524,0.1709587036720678,1,0.21658850752767633,0.13308641091439327,40,0.6380556263208033,1,1
华为,TERM_01444,0,6.9911778235467406,81.60630167436985,91.62007134088888,56.687708753542246,50.63191385316653,57.18230912513114,56.169306032422504,0.1264125224372594,131.07264514713916,6391.949635898885,-99.67435733,368,94,488.79749869538813,0.25897800158494605,0.1573667583970942,1,0.28352108102610357,0.15725679152118793,25,0.585922445738709,0,0
中兴,TERM_01445,0,3.040623016122866,79.800690351849,69.9465498130519,30.975913661561208,22.580426843713923,60.68778829395941,58.855820023141725,0.05282307813625805,7255.225940060479,58429.25033865081,-70.58490565,91,16,93.98197420704295,0.662101186161328,0,0,0.030888859054848873,0.11273516716371726,7,0.9059987984111693,0,0
威胜,TERM_01446,0,4.20229943027322,33.693250180357104,43.20970639415658,33.00841132890747,27.44679574289962,21.428929841532774,30.594959463534927,0.003098864590478763,5997.096954628387,61033.06535364857,-81.42879585,124,28,135.84312115780472,0.5928587637146384,0.13045598128038477,0,0.08482720403583648,0.02747770278062217,14,0.826545950158245,0,0
威胜,TERM_01447,0,5.098984600648194,35.63937071052771,47.98378970507978,35.46633422636793,27.832105056859792,47.78347716278272,39.91521213747914,0.14585151835999627,5794.025349404908,54082.36089569191,-68.19753722,144,23,118.20559772759573,0.7327481266344761,0.0668762635228845,0,0.10239454655617647,0.03804709977239107,10,0.8901998862739066,0,0
鼎信,TERM_01448,0,6.7105545275365746,61.630762396621954,123.98292585726244,60.59371374514704,60.914920221014675,66.62925978558974,56.961408392167115,0.14030233832105754,1319.7112569988374,13278.9554082742,-122.1633452,400,64,433.7139325410245,0.3404102388955025,0.14975377844164064,0,0.2481165673259845,0.1526922876682639,30,0.692850522000981,0,0
威胜,TERM_01449,0,8.10368805786152,63.402429035509606,93.200758064685,44.78317160138306,39.644965113365316,65.44433812683877,53.30955331748612,0.12112195374595455,3950.1177904978836,26959.655818722298,-90.47409725,295,63,320.2949656030349,0.31530416207831147,0.12439147360015795,1,0.14323300575311013,0.11847893984579409,29,0.7456993155520493,1,1
中兴,TERM_01450,0,0.5,42.343236013688724,43.64334742392309,29.1096606594166,20.6469358784719,47.168723390175685,44.766518895264845,0.012216766946156386,6003.662519724673,53715.40504469193,-68.05642919,95,27,146.98858530796298,0.7325167837938783,0.02828398358331543,0,0.10805449382758718,0.06540391516292357,5,0.8980128622615317,0,0
鼎信,TERM_01451,0,7.567295849472385,53.89219485542513,104.56466153731344,49.52399832036272,44.39793308537534,81.52100100997703,75.44369447541678,0.09245657142685264,2205.0141327698148,14217.813379352312,-92.12767878,307,60,401.17166575073713,0.256645146033976,0.15836096345854053,1,0.17331341150487134,0.18519818693830853,20,0.7027103370110971,0,0
中兴,TERM_01452,1,6.710855943381501,82.17134689928109,102.99079121464251,64.28314568633526,58.576651207307414,79.00516380424641,78.95503819094698,0.10524597004818642,0,13117.76720470008,-111.248331,386,87,565.7885182575662,0.18867303656734702,0.19456185036630186,0,0.2487102713087912,0.21342711350292465,30,0.6942003946116838,0,1
华为,TERM_01453,0,6.79582920601933,56.84175364588653,72.0257302119462,47.218724926196764,41.301800007332204,32.58736581893349,24.884069295405055,0.1175617440598945,4503.979943531579,23185.49335915027,-83.53880011,195,37,252.57200729818516,0.46427663846442424,0.13553066044580972,1,0.08677346429302488,0.09503957848843128,11,0.8108481753873058,0,0
威胜,TERM_01454,0,13.918134773034446,76.18966940925068,118.14221247404937,53.91198471878289,52.297428520484814,81.07326241463251,79.84595501241442,0.10483346313605499,1111.3460577086742,2809.9459959994383,-114.2369161,366,57,429.68184928385006,0.18986364347942436,0.16375922912667848,0,0.17829289796094014,0.2372051149745803,35,0.5837580479086498,1,1
林洋,TERM_01455,0,4.4548403857608605,49.40326022514372,53.61341613660281,41.78483226929172,35.401627722764594,57.239357211410535,49.93621995451791,0.0851659619713147,3437.246616565673,27640.586870428255,-99.62692584,201,34,255.2547115755263,0.5277583891815079,0.13476956338457885,0,0.17053722476828367,0.11140908724585569,19,0.7236059847278755,0,0
鼎信,TERM_01456,0,3.0062551573451257,31.871919587540376,6.5625780375825045,13.572318995585986,5.716922481743713,49.12909606253733,43.152867017222384,0.005946623666611013,8077.260737073008,74902.13957955936,-62.38771483,49,1,3.9853231737811123,0.7908557872406874,0.02091630967164702,0,0.1253500089012734,0.022087219007577763,5,0.9710251300517128,0,0
中兴,TERM_01457,0,4.762318276668721,17.36454331801222,47.63846935111155,17.521535561693348,5.720956994574028,40.1273318949133,34.719390549084295,0.05738858431219919,6315.854430143916,46848.883838565984,-70.74095373,151,18,153.5574559650692,0.7585094165027013,0.036970085972142686,0,0.06850032049855367,0.06625401226184836,11,0.9326486454636301,0,0
中兴,TERM_01458,0,6.745088826126591,47.80738680921256,55.285282176855574,35.3123165177615,30.269341940790163,46.439814428310555,31.238004935106716,0.059479834645368435,2532.414535303567,25495.82632840979,-104.5918857,234,51,313.9486820384376,0.36709502460081367,0.14425720231490766,0,0.16698355893823946,0.15887755589792904,24,0.7494666453077805,0,0
中兴,TERM_01459,0,0.8882026473624163,27.709405188237604,14.608992231842224,14.855228069328206,16.08199462960652,25.01058723848628,19.170678321867875,0.04588581834034185,6384.143287949592,69385.72498941487,-61.83060252,49,5,35.288595264632846,0.9100905801880766,0.030574577552311844,0,0.07000241699128495,0,0,0.936047885854043,0,0
威胜,TERM_01460,1,10.55184890180692,52.11986991112674,75.90779617234999,25.775270050692598,20.156222426553235,55.32770091769889,53.700557855043385,0.08620439532447657,5828.072368853281,44983.15618722844,-76.80406199,94,15,170.76435273047616,0.7074891728529539,0.09982300494977059,0,0.13321281136327778,0.03924219759826546,13,0.7969661285550947,1,1
威胜,TERM_01461,0,3.853740684800885,46.28110879903474,42.681577019383056,36.078057552930815,28.569062420761878,53.82090813690108,42.89223867558962,0.033595013896109714,5507.390893591626,48116.95336335512,-70.40792312,126,15,159.18447069139603,0.6186062799366076,0.08786218111137774,0,0.14238131274232194,0.10407649744555873,18,0.9363188172099806,0,0
林洋,TERM_01462,0,3.84071672041999,38.83876349593278,16.595512298644834,92.53606198178242,15.327152083594848,97.15104711992532,46.639796697053015,0.05329640189853837,25.754131363426602,47462.63435301705,-117.4500616,491,20,557.41620754038,0.6388185828945523,0.6103816092214528,0,0.6841062336515554,0.13062198445752088,12,0.7726219502373554,0,0
威胜,TERM_01463,0,3.169349478090056,15.941035469484842,43.422928337102526,20.43967459322868,6.8205023382165315,10,8,0.029840087575496835,8760,66988.22391755412,-47.52462773,0,8,0,0.7470411865468227,0.04801068219911629,0,0.024625644703636426,0.010419171624894015,0,0.8701077177802278,0,0
华为,TERM_01464,0,4.309664523689773,97.36348592097771,103.80411175339276,62.2495046514184,63.13176565694246,77.10017693323199,68.33936386780029,0.14208089950827535,1638.6567210919275,8476.868519756657,-115.1776889,366,66,463.6357830620402,0.2586646991983241,0.18864274689783686,1,0.25268738311936434,0.14210981221877858,24,0.6154544702166557,0,0
华为,TERM_01465,0,3.2592884935476474,41.72599713126315,62.46350086215081,18.413131933015876,15.836640684137295,19.04524688812742,10.101722746787347,0,6061.104714701638,59531.374009656574,-72.56405682,1,20,14.863103126434183,0.9509454368387191,0.02712634508698328,0,0.0734276700811132,0.007031177434117165,10,0.93542440479644,0,0
威胜,TERM_01466,0,7.136855707179264,85.75239573070954,114.69262583668088,53.210480532649086,52.05863198437139,89.24143999338855,92.4645093490954,0.16104723165728532,1931.288034668288,10333.474989902337,-110.9689662,360,67,477.3182782326908,0.11361004456655321,0.2155540074891344,0,0.23187750728512158,0.21824110910952169,34,0.6049756107693368,0,0
威胜,TERM_01467,1,2.197513843521877,32.8138084740933,52.948630979411156,19.141296593389704,15.396644398274429,29.034902010808295,19.086061262157337,0.08933700566507033,6491.6512755165895,56168.78667844221,-71.75758084,222,30,153.29165130112926,0.7029373305735724,0.08967966190274058,0,0.11986346132913833,0.01306107272984388,2,0.83429580895619,0,1
中兴,TERM_01468,0,6.199962210632586,82.52216062469441,40.560415683220775,47.80446335836997,38.77767537511957,66.13730708082174,62.92589008877007,0.1792727056991914,882.7374149348509,7585.195244357804,-114.7255654,313,68,398.9630912788386,0.31730113008958916,0.1522921242251315,0,0.24191836962250315,0.18132560545599147,33,0.598917771860228,0,0
华为,TERM_01469,0,5.115188340435045,49.19031137191045,29.109617145595074,53.87279267369275,47.288576578134936,57.34930392795286,57.64752095830616,0.10745479420248126,4255.5345718459785,30731.15747254759,-95.61096889,222,45,222.5590817153842,0.2981810139666853,0.1012804398487428,1,0.12803261868437524,0.11782306091403726,20,0.8378940287900998,0,0
中兴,TERM_01470,0,0.5,61.117286487870835,55.11870641881033,48.82274786715949,41.320050324243155,60.333472838688344,58.658767267166006,0.1197190297622255,1866.875168063009,25184.7343575092,-95.36417459,261,49,340.3150977603508,0.4446360597835638,0.13524337660230357,0,0.1237009949024894,0.11126008895619768,30,0.749913832305727,0,0
鼎信,TERM_01471,0,2.3481110125269953,28.990812555141915,51.139853274034444,46.530076505252836,39.44577565169407,46.40976756572567,38.03370378031753,0.03099208283651994,5961.007555044608,60849.97241327446,-72.33016113,92,25,135.15283397709902,0.847223886998864,0.051390874981702715,0,0.017702182139904876,0.03625058563679934,5,0.9131343862940643,0,0
鼎信,TERM_01472,0,2.2460843456940154,36.685071188730085,64.75808265,24.502697072667708,17.449052622780385,45.40326731875851,45.43859776542402,0.018878349453851275,6118.798698273134,54563.36041892044,-67.76338503,86,24,102.02726712119826,0.6416391918898174,0.05710536600291784,0,0.049515616424535905,0.08767897356291376,11,0.9618721654378743,0,0
林洋,TERM_01473,1,8.675894520569045,81.75646586524607,117.65032717675125,71.24551640623332,71.76939824651241,64.94012616472352,60.87478489992853,0.14506223281918232,298.03500933923766,1238.449737675317,-112.7449812,425,81,502.05739475458614,0.07307834508502126,0.17246773124113815,0,0.24670784392058046,0.21962377798562535,41,0.7084490156761645,1,1
威胜,TERM_01474,0,3.9605285251523825,64.82882784644856,118.79159176144023,35.294873068773185,40.4034479995445,51.250302109295596,35.93065059768112,0.15187218391313376,4631.947498823287,35723.27064060024,-92.29213384,220,43,252.82505548349042,0.583768081339601,0.12023117008156685,0,0.18718861729249553,0.15008428821160344,21,0.7202323937401969,0,0
中兴,TERM_01475,0,6.60404539108009,89.75443539665949,50.694496193376565,48.8353856766322,39.474015200955215,57.22099004829565,59.560583683379505,0.10902680331107753,2121.2903958425723,22465.5445199069,-92.37544885,314,63,410.18527995216147,0.15580641697846787,0.17447003952011664,1,0.20599402956444748,0.18233170551527125,28,0.6750914618420449,0,0
华为,TERM_01476,0,11.624432603594382,78.46219142687623,96.84103430461965,78.44016102070817,72.59411232908003,68.23773179058112,59.55621685683921,0.15134825197321758,1108.7271056804307,2914.7531113701466,-119.137852,397,84,455.2207978024661,0.23572189222921214,0.14202108706969174,1,0.2434508132635964,0.1852046851839974,31,0.6685814049928345,1,1
中兴,TERM_01477,0,6.9272382534704615,47.905099660717845,67.06808022960671,36.22429002360073,32.308200382168764,37.50279327927152,31.44917075084869,0.10149946679347209,3380.5701079434334,34839.48033159975,-92.07606811,218,48,251.38764412703148,0.4719456323579408,0.11148327136501666,1,0.18003403075665966,0.12796915675609344,19,0.7550016409642923,0,0
林洋,TERM_01478,0,8.277703966741544,88.12445612573684,96.30610413368379,65.52199282849035,55.61972834864734,66.87968037921127,63.73647263856335,0.11367066264832193,2014.9370620848983,15121.047430203595,-121.3251568,307,72,442.39094287784366,0.334254133370642,0.15083703937916731,1,0.16192767929488588,0.1974536715434721,27,0.6289614699800674,1,1
威胜,TERM_01479,0,1.2680011890206915,22.97916359592459,66.49386047162974,19.862803458621944,15.126864471093262,34.11717136817817,25.92581975615373,0.05492433511815594,7777.22127518468,69211.54980921383,-56.02871002,23,3,0,0.8874256405504678,0.028843277524437473,0,0.013362739358415244,0,0,0.815634025220767,0,0
中兴,TERM_01480,0,4.067124776686645,29.11234966268661,87.93272131385105,19.73499503036003,16.49318286702432,50.72101958794822,50.262465919907385,0.08689109409510735,6816.0583805505175,52238.481288435476,-70.19810032,49,15,112.16099240493516,0.8558528456512828,0.0747245214886184,0,0.029396041120226347,0.07089615451894257,13,0.9442248595384509,0,0
华为,TERM_01481,1,7.269198878205025,106.20047712077796,103.18832854686619,46.02137555300808,40.63131911187657,64.74695646646522,53.12391391036253,0.22114611376557333,242.1170953464058,9228.660443039029,-116.2807511,432,96,492.89884605349,0.1198640545614175,0.2103045392977762,0,0.22259687494207228,0.1712535867838928,39,0.7145843378163594,0,1
中兴,TERM_01482,0,6.27596501501474,64.8423757883543,107.12002697210059,51.30883481671237,49.44397814630847,67.68122919716463,59.23494614245251,0.09268360966807472,2153.623853545435,18636.035265268492,-96.69369972,355,72,360.93977832076973,0.17276902936573263,0.14599613902713343,0,0.20817514274157495,0.16838760607858977,31,0.7202438925844612,0,0
鼎信,TERM_01483,0,3.896029473981258,5.056805612347414,47.056484356522176,19.555260292675307,14.556903911015965,47.99567753868496,50.35001675011816,0.052114617583040465,5663.422246276126,62768.153224648006,-55.44755542,106,14,103.5455665319088,0.605860223544002,0.07450210416796402,0,0.08012588248301035,0.02752818913349046,9,0.874063189031316,0,0
中兴,TERM_01484,0,8.327237964050905,9.673836084389519,6.5263463408771845,17.803199672139026,3,33.7559618370919,28.907623915982718,0.013243219150042358,8584.247785288264,76046.62096749787,-46.40790128,0,18,0,0.8093141955070003,0,0,0,0.046256029233124184,2,0.9208953790518947,1,1
华为,TERM_01485,1,10.007864574850421,111.57320953220187,95.9251898106414,43.219536631354934,33.417018956530555,72.17758933727728,60.83670425238494,0.12400265706833591,186.56644940064183,4704.709040797807,-118.3121828,357,86,537.4314758694284,0.18498894136786248,0.23301383172792836,1,0.2633281810670842,0.21067795275872733,26,0.6199923465337793,1,1
华为,TERM_01486,1,7.646437995275332,83.91183142184066,84.62268479272976,62.07951945816849,64.24155574635725,55.91203106140317,51.38440036362038,0.12736915624757394,0,0,-117.1974958,320,71,522.9997471661335,0.05502911467593287,0.17575672927442945,0,0.256360699991055,0.17543714946224373,38,0.6734040681615615,0,1
中兴,TERM_01487,0,2.9706994927639943,12.771928134496441,30.093526818414308,7.948163621037498,5.549573930040962,48.66741357282691,46.077336176869586,0.01601180215600046,7560.627128386088,80000,-45,56,9,31.392708233051884,0.8927337917052088,0,0,0.04872819691097602,0.007282705447177693,1,0.975058154989594,0,0
中兴,TERM_01488,0,5.5467631225695335,36.304941528445305,28.819176351825885,28.60839815218567,9.35255911595247,37.49748562888518,22.98137009391529,0.027803981639766034,6128.954298340543,51497.640685221304,-77.7787887,66,23,184.92602434316103,0.7254854128319146,0.04023334816393523,0,0.08621437674899479,0.044131057442646573,2,0.7616437129681995,0,0
中兴,TERM_01489,0,13.05326048126156,96.22134771644156,107.39888850630939,43.81845255177184,31.267651661426473,63.744543890015215,68.67024941680661,0.10272112871452863,666.1348893209729,13597.360459356605,-105.4151437,364,73,451.67321386418445,0.1402461724236112,0.22039255350429796,1,0.19183581648302878,0.178716475047656,36,0.7248989148633304,1,1
中兴,TERM_01490,0,0.9058211763804134,30.64716482743163,43.96514682693724,36.60169792190163,35.21079907804191,30.416983637549855,36.153405023389006,0.03748883724465335,7101.1506118820835,49750.60869219764,-73.14554822,78,23,79.85460084808119,0.7766120826076769,0.06962552708152189,0,0.018832823076861765,0.11146910778629267,6,0.9244719975606905,0,0
华为,TERM_01491,1,8.649930461216137,98.66705761347822,105.98824429955309,43.00464810118633,35.12387534441059,62.21630503099794,57.93630948968771,0.11640543397153526,0,8556.463832075091,-110.6664434,353,84,460.35405513523204,0.17759845402849272,0.25319036726196054,0,0.26490852135945825,0.14494659985839572,39,0.5474144515062876,1,1
威胜,TERM_01492,0,6.636669220368004,56.36789137051326,80.56996329859318,40.14037438826534,21.629163096457447,71.0388244113728,64.83833445372024,0.0744231023205607,4086.698340776504,21123.655380588643,-92.47723169,210,30,264.0633146355957,0.45478144523907366,0.1298482177708848,0,0.17018092708195648,0.1305883151810739,22,0.7835457151743345,0,0
林洋,TERM_01493,0,11.88900829387726,62.77148170344736,97.04766746705941,43.78001680864438,44.076969644592864,53.270558623909686,48.408223151990434,0.08841946150535525,4097.597882198664,35149.00403942468,-93.40738195,164,29,251.0872056646598,0.5873817966365806,0.14758178485477966,0,0.13925159904123843,0.11979478019050847,13,0.7914791764606544,1,1
中兴,TERM_01494,0,0.7603331770325314,27.723821904241582,73.37317450421384,25.739587776065193,24.35894215060362,34.54209562044762,34.90040153127176,0.015986922003938434,7884.838943593544,60169.339391647314,-64.92317953,57,0,68.79787734159073,0.8124563931390723,0.022162643156704083,0,0.12995495677917285,0.01697959494021319,7,0.9351134298465071,0,0
中兴,TERM_01495,0,6.460078897158509,77.56249382464743,91.69866048276502,46.32956752341704,37.18300532563816,63.74263271086645,61.45828880873507,0.12934212356529332,843.6500253972295,13945.181493107388,-117.9860794,393,90,439.18590227541387,0.19516080814979547,0.1441520790793191,0,0.2113267962037297,0.13316180014566906,29,0.5819376741397689,0,0
中兴,TERM_01496,0,5.807751542411811,50.89037851834612,74.1884194406673,21.52146526548374,22.746593444100316,48.52928761473941,44.9646568181744,0.11830369369033637,4882.426161630642,39770.140165403674,-72.46551916,152,38,245.5029521070204,0.5989831116117825,0.1004548805945303,0,0.1286549235974831,0.08344674766192092,6,0.8018437269127792,0,0
威胜,TERM_01497,0,6.428235402120706,76.8559042293002,149.47983528916777,95.39300822669537,54.43325169186868,74.72135379780627,78.01533427963255,0.7400046677941984,34.55376275404774,8150.438975782631,-118.1498128,351,80,423.05199702838496,0.24311929016383482,0.6710008928688409,1,0.23874786123112524,0.15059928096665887,37,0.34723896112028785,0,0
鼎信,TERM_01498,0,5.440208851514689,44.70762564846696,87.70174487615812,44.94230907526306,36.82778496119613,59.62861083453017,61.414243589901275,0.1032346127488546,2947.588872223227,26454.35028298296,-100.3543605,269,54,317.88204417332577,0.41533827532853657,0.15170275636374714,0,0.1712856533563864,0.15338592248684477,24,0.7843982581322264,0,0
华为,TERM_01499,0,9.258810887965883,76.8099834522021,96.80820506389779,44.05956985663374,36.63109282477796,65.70609908170104,54.946616971463726,0.093787085290592,1941.035098063762,6166.492787117897,-115.0087649,364,59,425.0302006153924,0.19597299463166215,0.19181793589874416,0,0.16689651964294078,0.12539068099834247,30,0.6216077321189181,1,1
中兴,TERM_01500,0,6.029753674732006,48.509664385259484,42.434432516947496,53.88539499034704,39.408032107212236,49.69341072417335,50.01778571571068,0.13002334029988455,2287.640413907654,27794.579796236907,-83.19407797,233,45,350.7228615743479,0.392168450330853,0.15511220994407635,0,0.1695946111239278,0.1415414614779626,28,0.7668601935520705,0,0
林洋,TERM_01501,1,6.68361100118844,96.32211879222403,97.06143353003738,53.99019739346267,51.05373622957988,65.7423471265454,67.65207076743039,0.22050673499292733,395.4018525960276,3059.4144495901746,-110.9970982,453,86,500.449442523487,0.05366115780999514,0.19036478158091544,1,0.2802432158265898,0.17008868602218127,28,0.6439193212264664,0,1
华为,TERM_01502,0,10.42412061717688,25.379108503599586,21.991376880029556,18.136072496750568,15.736597909141288,39.535939719420725,36.205497911194975,0.0628327112094498,7145.186125782439,72096.74995948674,-66.71971591,31,22,51.29445109997096,0.8644091694287577,0.03380655603377912,0,0.07226829632038138,0.06878715915273086,0,0.9004909178138032,1,1
林洋,TERM_01503,0,3.689666743335958,55.23956963086957,74.64605011605829,21.003822688894903,13.711184476815257,41.633186839195645,40.227387342897934,0,7480.658310158733,59677.28427406454,-65.02203389,80,23,123.66248488573424,0.7388074240524587,0.07016638441840534,0,0.10774838741078702,0.10281199183313305,2,0.8431213465524271,0,0
鼎信,TERM_01504,1,5.175520026082538,75.42426712061705,66.45389006722266,48.425955032119695,46.957221900093955,61.03016771902129,54.185539232480245,0.12482641790380486,1355.6734959476469,6322.021671611435,-114.3631867,398,67,428.9524283087203,0.22196357756700005,0.131356691820864,0,0.19541912401511363,0.16448498892734226,28,0.6585814340289835,0,1
华为,TERM_01505,0,3.4311424045929355,40.724632802452035,56.65134607017774,25.650313766115936,12.694683906024565,40.43747475790866,28.210953362752456,0.030060581212428605,5742.110136041004,48469.29734432975,-84.80463041,123,22,146.16114546132374,0.6565103681588649,0.053004208863656435,0,0.1330895860762814,0.04253181216981719,13,0.8991223165848228,0,0
中兴,TERM_01506,1,8.30065288255361,65.63169183360237,109.26700225167863,61.29850460542786,59.728906798427715,73.19368605443675,79.51735742767086,0.1175700043708858,122.71397506059066,1675.702392315061,-120.3224637,388,84,463.65119525594184,0.07784733687906753,0.25699001782155373,0,0.1989070879100366,0.2442001465171122,45,0.6522650211089773,1,1
威胜,TERM_01507,0,8.334122401591987,54.60157315809748,70.59916775132942,61.64107437784688,58.26806518279854,65.18345806297901,52.14668618947242,0.1463772769845622,2694.764856253923,23227.008401786363,-113.4738197,269,59,435.6612079894994,0.25665683944300755,0.13724917284619878,0,0.18295987960441518,0.1474711497777146,25,0.7224483582949713,1,1
中兴,TERM_01508,0,5.814830216873237,27.643419688484947,73.76929873733528,27.58288506801606,19.129445788799874,61.30625713168412,66.39380969038316,0.10906749689635314,4348.316573240504,41401.72619416666,-89.32400791,175,38,237.10424508350343,0.6113141182917858,0.12473215629887321,1,0.09241767835851461,0.1138298527697302,18,0.7777224325902026,0,0
鼎信,TERM_01509,0,0.9586443971816936,36.509398032333685,18.795002987004487,17.47022718401238,14.540804520471156,37.13133365578664,31.73983931977967,0.06395723902062286,8027.8900585215615,66786.98488341247,-58.41631366,0,0,20.544321261688697,1,0.009076149413756977,0,0.10204372482181406,0.017253408789329728,0,0.9890747462015452,0,0
华为,TERM_01510,0,9.071044688915837,74.97986858840787,111.09000063029394,54.04367888841982,44.635741823351154,45.174444823996396,47.659082596200655,0.15409683753058184,992.1349707383342,13362.645363973017,-116.7714706,305,67,440.6111646667434,0.21454197753750587,0.17296881856922006,1,0.23091315502075005,0.17293408515470488,29,0.5635027507787275,1,1
威胜,TERM_01511,0,1.742551532296135,42.14414397143682,41.369423378213014,24.995329078769764,25.52088359779072,59.701883258929264,54.83937918955805,0.013132518694424986,7291.245959152675,70295.02186415833,-49.79046227,0,3,68.74193776209631,0.8769657339784795,0,0,0.07488963142648053,0.010969294359244982,0,0.9511192238587989,0,0
林洋,TERM_01512,0,1.040688102892098,1,56.966757449050434,33.868202497958976,31.503460944272035,40.12840046742278,40.75286514466378,0.036502415498111916,7655.595785320416,63414.12834569827,-61.45300675,57,1,79.1839187598023,0.6825334368227769,0.065539138340932,0,0.07886278567123409,0,17,0.8982752713300824,0,0
华为,TERM_01513,0,2.8804789327124984,56.50409398028654,40.30619755076037,26.315376349634217,23.133589772247273,37.54126258441853,35.2343893078684,0.009398511110847486,7041.749062000298,59806.167271335544,-72.44818147,39,22,109.70304701463758,0.6074500679411812,0.038047532390420746,0,0.09308531397783373,0.1071810360545351,0,0.8224078915202505,0,0
华为,TERM_01514,0,4.191968423148987,19.384660556115225,1,15.134733210026718,7.82287236351235,34.62089499331336,25.60463534401576,0.05191299243401686,8058.173774016384,74240.09390266592,-52.79455521,26,0,0,0.7667424099271851,0,0,0,0.02698071204878895,0,0.930493266383365,0,0
威胜,TERM_01515,0,4.265074800022252,48.63188262527005,65.91513573160177,38.072662948629834,36.94857209422819,42.806145515884296,38.61086304456617,0.03483219254243511,5358.829034953215,42301.7691771584,-66.40551164,132,37,225.91516593108412,0.6734896423258611,0.038387087906238425,0,0.10141764666666186,0.0780713251900151,12,0.9169422494070775,0,0
威胜,TERM_01516,0,3.979313669258914,26.92871922950188,62.947554835945944,19.949424843161808,20.9679775201373,38.249389056851555,32.39180660651203,0.043487473947978326,5045.161751211447,48577.56893471653,-82.87853342,87,23,174.88740369571855,0.4965617923806622,0.08209029672729075,0,0.05863442850511721,0.1066598375676685,21,0.8641865842002276,0,0
中兴,TERM_01517,0,7.280220861513538,60.86072171791791,70.32942209693472,21.6773938619313,24.711857364342357,57.62122019009617,56.479102934106116,0.06679193798752647,3596.119862708853,42585.72045436586,-96.11035238,239,38,294.27284484689176,0.5760826097495716,0.08411266700228749,0,0.1148724145733857,0.08794717918192363,18,0.8321978180906031,0,0
华为,TERM_01518,0,0.5,15.909666628276696,37.43077811711969,41.59064084105195,33.864205488504886,34.27372658814805,30.122973913189423,0,7485.995985951655,74560.22599503878,-65.08629047,0,8,0,0.7948617999727462,0,0,0.035742898651756956,0.03499504611242393,0,0.9201149182306078,0,0
林洋,TERM_01519,0,8.09701723972712,10.499983445643483,18.58880510480418,18.34228711069256,17.434972372868312,38.310253484555474,35.02719478795275,0.05284545810304314,7710.751879495307,67661.59239165465,-59.7964889,68,9,51.80661571419572,0.8166627344312045,0.028657146564191275,0,0.018898978987909563,0.01853607864334299,3,0.8239752944357439,1,1
中兴,TERM_01520,0,11.550012923561024,57.05998380712673,88.35883027397045,48.218756905372004,50.195959358309764,37.55941479098017,26.404185661386464,0.09191786085027699,1600.93905863451,10895.40450757281,-94.3152904,369,59,383.29260355840245,0.23681619642167512,0.06787260358923648,0,0.1513977712489734,0.15152814081496,28,0.7491810777946951,1,1
中兴,TERM_01521,1,8.287179509982371,68.44882780432553,72.30238437510167,62.53857498216239,56.32335466893865,66.14965997623821,53.48086869656465,0.1643428746083597,1003.5848888118853,14062.152283345522,-110.273051,385,80,473.8405723714768,0.05138782426894781,0.14340120309871102,1,0.19104818025541692,0.20937872954245523,31,0.5792217294879732,1,1
威胜,TERM_01522,0,6.33454084043079,73.35960735079699,57.561493126555504,50.00796173805891,52.035105145738555,48.061923169491976,43.48569014168202,0.09185522617544789,2638.5977063790674,31669.409924580363,-88.97261663,277,74,365.51664707153606,0.2446032103947182,0.16175047698385553,1,0.2044030079713347,0.1507906750067772,21,0.6952313576925303,0,0
威胜,TERM_01523,0,9.742057656863459,73.7916453314203,98.88378755604003,63.268260485546804,59.062583851145895,61.43869526509562,57.52800793135874,0.12292967560320783,428.5224572773143,2846.3000944413116,-130,410,80,395.8802637898111,0.03842022351212229,0.1982886784226408,1,0.2156585322722625,0.17305703673950262,28,0.5659329136438521,1,1
威胜,TERM_01524,0,5.970029712190866,37.45479312335241,84.070346957361,51.53315195401525,41.43988304750195,58.390900669030486,47.081496946139445,0.060795262462785875,2926.574571316269,26948.683046898543,-100.7188932,236,44,303.9533725510791,0.33279391259631363,0.1449426731197646,0,0.10985213001599092,0.1500722450119943,18,0.8093411768444363,0,0
华为,TERM_01525,0,8.075946970904972,27.007211793980645,13.07027707031202,9.299060955942341,3,29.598744622587102,28.028084048819668,0.054588598601482734,8055.560467135772,72458.02387805149,-65.30545444,45,0,0,1,0.04201050366796767,0,0.03136392542470068,0.00045722143891296224,0,0.9591938955617492,1,1
中兴,TERM_01526,0,6.26005984286422,37.0783450433424,69.02089762806914,58.53669564656808,46.31962346527532,55.07922809170395,53.7694957035601,0.15767564852052993,1613.7637791119905,17223.509121085397,-96.65253447,286,54,333.1390942473976,0.43667552183242386,0.16084634378187085,0,0.21370727834343314,0.12029376240179106,21,0.695060395935939,0,0
中兴,TERM_01527,0,4.962513141028031,72.43885494383836,79.7048331541416,42.658692389915714,37.464166887813015,52.217158563971864,48.153959769133614,0.10500220835742208,4001.87949772099,40905.839631310664,-86.77588341,195,30,251.21011538940743,0.5430888388332816,0.14673060895646692,0,0.1262487931564001,0.08999919603715552,15,0.818154306855853,0,0
华为,TERM_01528,0,1.2327623530585403,70.100875046358,76.63669066969933,34.62682026908703,28.82590243791198,40.08722424016472,35.18165571855863,0.05856277782855581,5552.655946333416,51253.90662636208,-97.8505888,125,30,159.03416983518053,0.6386340722965426,0.09025189355044891,0,0.03548780877214015,0.06529930603539764,14,0.8299726242399895,0,0
华为,TERM_01529,0,6.387109348729483,4.065783493082272,54.05112853736754,25.524224369580452,21.466175944113186,26.32293901562619,13.717957520169152,0.02157582939275529,8081.458473730635,73191.31871980173,-52.4066085,15,3,57.69314561948293,0.8101882905432765,0.030749746910573934,0,0.03313031564785106,0.019675171472515587,0,0.9010043018083461,0,0
华为,TERM_01530,1,8.733990857479656,105.25224332802316,106.38236225707873,41.83624735355045,43.64475795321208,52.51768545751078,39.81210499779774,0.18152874898881044,302.5590029936328,3183.108029543285,-110.1590157,385,83,512.8035350191051,0.11488705347056091,0.24482824620832971,0,0.214412697402132,0.18581811381663757,31,0.5436162249428501,1,1
华为,TERM_01531,0,6.411918026730997,73.03370162421555,90.82874215711492,45.6333198468199,40.551153300816104,62.264373634224405,59.63262731984298,0.10182374456838741,2731.1585545673943,12550.09469481112,-83.30767348,258,35,351.8011270858566,0.30808056380786275,0.1589514893720819,1,0.18833671157041534,0.17001691363003818,25,0.6455545139695416,0,0
中兴,TERM_01532,0,4.810981773130425,34.528837480073946,75.73982310876713,24.85563546783225,18.519988914619383,40.84966287036124,30.88153507152299,0.09358848078143729,5814.042423244819,52783.817581469324,-74.13551244,92,32,145.5957308446146,0.6020309098936737,0.0938622202734354,1,0.08245032436377703,0.12175668201146085,14,0.8933997439689687,0,0
华为,TERM_01533,0,3.2019541049649938,14.807519421545095,6.588226296518401,12.034009347244506,6.03648332039805,19.148842358294253,9.602263755756999,0,8433.274853339555,75040.0396646226,-51.54104488,0,0,0,0.9205570162178881,0.00909929678747399,0,0.041606834651373936,0.020218886653156645,9,1,0,0
中兴,TERM_01534,0,6.151528705505863,80.71136225417925,112.97371754267414,45.179372086271044,30.912624525924137,72.90371920465421,69.57644203400041,0.1412358450989729,2308.805428258131,19290.414947516507,-111.3891333,287,52,386.5033406291124,0.23760010712271595,0.15182440218736162,0,0.11881384170606152,0.16862657441451706,29,0.6107457232182723,0,0
鼎信,TERM_01535,1,7.0374092658525775,89.21723268844045,120.88397537440679,66.49875700767346,64.91608339859056,73.28850229875111,80.51441728418493,0.18818577401740866,0,1422.8983919586067,-130,416,71,496.0142421314319,0,0.1653170372713818,0,0.2500778705019135,0.1774742035779489,36,0.5983567110752891,0,1
中兴,TERM_01536,0,3.750809437407564,1,53.09422427464529,27.975102275815743,22.221139901013608,28.088356260472008,20.703709692766324,0,7058.434800870463,61319.70331347064,-54.27798312,59,5,87.94593988715943,0.7396533645453947,0.00011583206148393227,0,0.04830108581184111,0.042708833882593666,5,0.905598362355212,0,0
鼎信,TERM_01537,1,8.24686387606416,117.22535488983429,82.6327486515392,61.288448083819446,56.690106891415574,61.018707462794396,68.32277950275818,0.11708940661237914,122.07321424127076,1443.262041059555,-112.0299492,415,74,477.2227642055121,0.2603847872495484,0.13850279798938822,0,0.2000335589731556,0.20395235482283847,33,0.5868465683566161,1,1
华为,TERM_01538,0,6.199557590697388,89.66552808197291,76.61896575030829,52.52528921832655,46.521464525691584,77.04807731789728,71.5905395400017,0.13500169819068836,0,19679.586681188466,-103.6664824,396,81,394.8914094326689,0.04781752815405535,0.1758087334996872,1,0.2286371845532525,0.15719837317506496,26,0.5934079362170718,0,0
中兴,TERM_01539,0,8.854499080043055,74.35587102265286,88.48520591736829,54.516686653476256,50.153612152611245,60.813731882307295,59.19685111267326,0.1329657364903717,1893.2058211675867,11451.953469612263,-108.24367,360,61,413.33382604732753,0.17080336724780087,0.20283089187725406,0,0.1884056837743113,0.18427596364527243,30,0.679388828762437,1,1
华为,TERM_01540,0,5.009980682849417,39.206432068984995,38.99173789425433,35.54062059970681,23.981827877330225,45.80768757143179,46.56598463841861,0.4094008496595045,5.33050423428259,45156.95946139844,-63.88060167,170,44,200.38644948666064,0.5064152069715891,0.6758526158456615,0,0.11902169749588276,0.07528569070574054,13,0.765251604850815,0,0
中兴,TERM_01541,0,7.770807539016984,71.71984156051815,70.23389976493203,58.7668453498064,53.761442563531425,69.7838761027768,70.97898094198149,0.12187440572866112,2038.6611556958992,20562.488093316406,-103.1528321,301,66,420.59915622804226,0.14869199460255245,0.1863037129823276,0,0.1594700257695096,0.19092219277446637,28,0.678831573486853,0,0
鼎信,TERM_01542,1,10.080961125283599,108.9570731433446,85.18410141593631,65.51914164615101,57.49898019392399,68.28146328684072,65.31585153755306,0.08785208959085691,361.8954840992221,0,-125.9538507,363,96,448.6571595575231,0.22120768636410396,0.17381416832443602,1,0.25318107461653094,0.22527950400142174,31,0.5463943207075459,1,1
威胜,TERM_01543,0,2.7526841415587477,32.32253713266047,23.975251038656623,26.077547047227167,21.252192716001062,51.495833571131286,45.11771926192702,0.04974629159703715,7697.539027520408,57419.786544104085,-65.34198973,92,7,121.95939882948065,0.8118451477531494,0.05066596118126615,1,0,0.07506324144132426,4,0.8788202906986996,0,0
威胜,TERM_01544,0,2.77750140928961,29.154809019543514,22.485065824872038,15.603476653687263,5.5286645875438545,32.63509240941214,32.60349431691341,0.04140943131248815,7212.700389152682,66443.43875579535,-71.10341705,0,9,12.29304530154955,0.7174426417526163,0.09005035974678711,0,0.030482180755138526,0.0597772188514204,0,0.9185472939653575,0,0
华为,TERM_01545,0,8.007221683454107,7.198669420068725,31.13658093977751,25.576049930079076,22.968872632080984,32.26442120919465,29.808465779596542,0.0675024469037254,7227.571949854848,68050.24592784217,-68.05093162,11,18,61.53745328912557,0.8219166926866159,0.05922906968147281,0,0.044306410637943945,0.09324401229169879,6,0.9036186501979201,1,1
威胜,TERM_01546,1,6.6526290958682335,81.72128760822949,143.6397952603375,60.205759770919684,55.31278637860956,68.64879006945944,61.0335953533752,0.1611446966761012,0,5068.1709277032005,-120.2792904,394,83,461.94938900880834,0.13154097349261723,0.1809758505791267,0,0.30459374268407774,0.20742122052513862,33,0.6724767113308081,0,1
威胜,TERM_01547,0,6.161021395457231,68.36511811501289,54.786083836458495,48.15429790449842,36.67690157737917,68.44644734057185,71.9009743418713,0.09409663146053207,2884.7459533916945,31979.918604564053,-86.80109523,267,55,327.69549687150936,0.33670305603041795,0.09159515248028369,0,0.16564300347221145,0.09899765170962818,25,0.6843930551325725,0,0
中兴,TERM_01548,0,4.83936454037054,61.37731452312432,65.16869774308435,33.8667065642005,33.59838437852407,52.959541179417926,50.70393300643518,0.041427802083255826,5179.684343818266,36632.952104556505,-84.24620783,225,33,246.47905911012597,0.5332853321870854,0.06013131322268404,0,0.18753697253549223,0.10339704339876193,14,0.8424925272639776,0,0
林洋,TERM_01549,0,2.494782550805105,36.26624459900581,44.33485373064809,27.62280000690998,20.051093704056917,47.28719528186183,37.79205611322846,0.030612806042064757,5255.935101486342,45179.599315683,-67.22115427,110,12,159.6786489482081,0.6324765748844348,0.09756477549738114,0,0.1426878880458905,0.0641360895050584,15,0.6886944161650388,0,0
华为,TERM_01550,0,5.966033843919472,39.629782526062506,11.358195013700588,25.842820937211698,19.04972119039644,29.782010294605627,19.585060095449197,0.018758882605092505,7808.381549826999,69196.65625108058,-61.10264432,38,6,41.82111468885563,0.8595092615606621,0.04131264457968322,0,0.03953809033697055,0,5,0.9215441055015547,0,0
华为,TERM_01551,0,4.374186033350896,55.16117419169586,83.67017833158414,43.03928398046934,42.030368748322644,51.62007374694892,58.37357349144298,0.08924782026982281,1735.1546543817658,9831.970912195806,-111.7975943,248,54,404.24438659567045,0.3318553855305255,0.20845804715045513,0,0.19152871604052454,0.1929170515533516,22,0.5836307330473531,0,0
中兴,TERM_01552,0,2.381895760397902,48.21531369880521,74.00798102604851,33.51284857073857,33.87974914643172,58.24389179747094,50.288201595836014,0.04129188509270425,5317.340587376508,40512.13540482741,-75.86736917,197,28,204.75561362120249,0.46969921600456954,0.09181235721247231,0,0.06867680497675355,0.08068492082516207,9,0.875806221207665,0,0
中兴,TERM_01553,0,5.164723215119351,32.45858258476965,69.01150382141024,32.650832497293244,25.321443273394504,52.66982641271255,52.18749672789438,0.03671240445345761,5391.8955160758915,55924.153192229765,-74.68672491,34,18,117.89637592446479,0.7456964104524824,0.011264108575677168,1,0.04672154794648745,0.011081148829042452,12,0.9816237786666261,0,0
威胜,TERM_01554,0,3.2656402010859855,1,1,96.26532356602758,20.394267232446026,97.80427803868413,43.78889594484245,0.7925422575215498,8600.332179315024,68145.11888853123,-120.3659737,508,0,2.5702901012128123,0.8884150631883507,0.4703113807659457,0,0.04296493068622098,0.006529225327081674,0,0.17718838398639508,0,0
中兴,TERM_01555,0,1.1692033327320546,27.54613417098247,36.95405700451128,15.462865243360758,13.872709545828133,47.0413838149641,46.35508127702023,0,6610.662422590287,59699.78135611745,-46.41887204,48,3,84.00907350442746,0.756758354873783,0.04252115145496509,0,0.03969882067106037,0.10919604406592015,11,0.9948144323837211,0,0
中兴,TERM_01556,0,3.497347128801147,18.102424263241694,49.01925137462062,26.297621683739326,27.613928795395083,42.885913702980076,49.35679524234017,0.030236018995198045,7402.5867791220735,54537.68710380932,-56.51671489,35,12,57.21593555417087,0.9582902848906784,0.026041068086427095,0,0.08343878945546374,0.07861373118485944,0,0.8759465293305979,0,0
林洋,TERM_01557,0,7.993255100776985,85.44054763400581,98.83189034735146,61.53158077144815,56.97496735507392,61.42905892915567,62.412955416258875,0.10646284946155804,3747.0963649263995,33339.50336850377,-102.6368298,256,42,333.86860271116,0.3878169793798241,0.13364867502104702,0,0.19184676804617334,0.1556290779893941,26,0.7779546747526458,0,0
中兴,TERM_01558,0,2.088991193606896,15.413993561211392,32.712408398039045,26.300669328530383,23.6593514009075,37.11984948566642,37.13447382873128,0.03908215916596054,7336.806864080963,75741.87921563927,-50.59898926,0,3,27.1118750958942,0.9223992342312737,0.0352187166656957,0,0.043289332917697904,0.04295474260254968,3,0.9844521176011434,0,0
鼎信,TERM_01559,0,9.235196015716506,64.19427745094477,63.33368239860374,40.04970513962257,30.479988378082528,60.086331387839266,53.905094916860946,0.0925108956889131,4530.491415108604,23246.223528591956,-98.65265283,247,35,316.966761909002,0.4191506948253034,0.059318702174149966,0,0.17627540289629182,0.09300670521774053,18,0.7476780224930154,1,1
华为,TERM_01560,0,4.229598010661322,57.71742873900927,109.25460305525485,62.56456197627644,50.003045825158765,62.674622917360246,53.6871836344603,0.12329386158268069,2730.6228950496143,17686.109770210147,-121.2025347,313,70,421.45214991671884,0.23357594456000164,0.14433396073299448,1,0.22019299658617522,0.13510909068430718,30,0.6686357146804681,0,0
华为,TERM_01561,0,3.1244188929076415,24.524843375919886,42.40063312795203,38.151395717239275,35.9258853522786,41.08086501483566,50.597659108278926,0.031063551767554903,8332.913490515462,68848.24982006835,-47.16661553,1,8,0,0.9162464959877703,0.0603719545406898,0,0.03254618324519552,0.039251161456162406,1,0.9617285209981296,0,0
威胜,TERM_01562,0,4.849044249950405,26.598909069743932,50.29953303707113,34.23519708763033,25.20056549017891,50.58789995397381,45.33688281568837,0.041358261093825226,6642.736077627414,60472.715285794526,-64.54988616,116,26,78.76962303167889,0.6426694832366683,0.1013533741818755,0,0.039365485674908704,0.1006313288370255,11,0.8961702840463738,0,0
威胜,TERM_01563,0,8.109241817066106,64.03182232815978,100.78631285749466,37.96238384465177,28.340598185359372,50.26035520822242,44.62022089824205,0.09218876799385975,1644.6298146354354,16227.027038243497,-108.2770907,271,75,409.4751940555536,0.32330326393340425,0.12487342363199783,0,0.27744869784654247,0.1326734987115462,24,0.6888254843540355,1,1
鼎信,TERM_01564,0,7.21627864364655,126.94119287123691,100.8995887787375,61.75325285400891,59.9603516983425,78.17954381859428,74.91230094971445,0.11487896284468813,1023.3706043711761,0,-128.1538926,367,77,477.1867931806289,0.06513164815383753,0.14744362192914237,0,0.25735617597447763,0.18278771716909897,36,0.7348078307258548,0,0
中兴,TERM_01565,0,3.1881055909536284,33.64222239840607,85.70427682225959,41.61541974252366,35.878175203621055,43.893862887661115,40.04259355441009,0.09818521266785755,6308.07156841764,55566.19184670068,-75.11343866,109,9,100.56731250086561,0.7539995656393986,0.09161906211592263,0,0.1027028905414791,0.07574055467850027,0,0.9555221685649007,0,0
中兴,TERM_01566,0,3.845551976705717,30.57966529434726,55.932334542452566,11.350720697007308,7.488572111082794,56.46144820523583,61.01810549146418,0.13402730607211838,5521.01827819692,53981.238826951245,-66.23830788,87,17,73.50638747075372,0.7212852855183186,0.11618869333066398,0,0.0410719401742785,0.04093617088243406,10,0.9236277504703646,0,0
鼎信,TERM_01567,0,7.307543196391144,81.17553556607086,69.55886433116416,54.72300050662768,43.306787670897805,71.52747882827408,69.76511983846004,0.12737428422486655,2512.368763823293,9872.508569591846,-108.5669737,260,60,378.13293853363746,0.520335873458605,0.1491107444946816,1,0.27533085887027986,0.13724105518863414,24,0.8151717187788854,0,0
华为,TERM_01568,0,3.973190353500667,20.950868766343014,7.128702897714019,25.504894103667475,15.949538672269574,30.931114819513844,18.071568899717263,0.004702121276736065,6381.670699373151,59018.743973919045,-66.24796048,66,17,153.09749773645223,0.8360341539338992,0.05534912831887727,1,0.03999693928365235,0.021227527582640664,9,0.8328320490550016,0,0
威胜,TERM_01569,0,3.6680153897477488,27.3082506193358,22.799673239338574,31.24303138524187,34.396126285823684,35.63593175792653,26.67810343080703,0.6674024668264444,7591.379710223203,61424.88681288645,-45,515,16,0,0.9646425670631347,0.4218147974463333,0,0.0351284498619351,0.032500368846400375,4,0.9848756727347028,0,0
中兴,TERM_01570,0,0.7761669415668428,31.20697808694373,16.689907173991973,21.460564260080478,13.170535004969796,18.117749958867282,13.182006415503789,0.004197283740384529,7339.181683776374,72671.6934104404,-56.48550584,40,16,38.11818663855138,0.8709972539592974,0.05951698059456069,0,0.043864970498859554,0.03430222367902718,9,0.975339956757188,0,0
鼎信,TERM_01571,0,5.763893354889898,71.56858767197134,92.63555198888623,50.116137906905024,44.099675381500575,55.08827082722082,56.24211740709854,0.11854339152612325,1978.875831205534,21146.840955751635,-94.80208353,255,56,348.56559367622305,0.43335927605412083,0.13408329465676977,0,0.1260305966525529,0.16165462605242342,25,0.689919765734261,0,0
林洋,TERM_01572,0,1.5951212030794242,66.1717825870327,48.69066185306401,29.58090845713244,25.767723484488968,44.42074250027496,30.298163387410245,0.0328413224824033,7534.742383726224,59167.9301575733,-69.40772549,91,21,119.10433202300842,0.8267863669042164,0.0972506740460553,0,0.08430715409044255,0.04403007929604586,2,0.9991882694646519,0,0
中兴,TERM_01573,0,6.889453536723692,71.73656243368718,103.38818740363973,62.170370176400084,51.82056588712467,75.36984217166457,73.33313834592153,0.14318062984807567,514.8479666053669,9297.810697625238,-122.6521499,370,63,475.60965108979593,0.015907308449303714,0.19487801880698322,1,0.24378898522649575,0.20544243865195988,41,0.7118798390746046,0,0
华为,TERM_01574,0,11.696591372896128,53.47315181843457,47.15084220394631,29.524913962837488,31.288913191316087,40.8969325937012,40.28480928807504,0.01760981408824339,6837.963739116273,60615.53690210381,-69.15793806,86,15,104.22400008754116,0.7113686491635762,0.05453740064641058,0,0.01966221153508571,0.0569281155136466,7,0.9247495439216409,1,1
华为,TERM_01575,0,2.192580016125689,27.4391542784917,51.82708734464717,13.011250506029393,8.048765378437833,39.60611992494219,39.90031847039715,0.049650630102935606,7902.942112366724,67187.80332245634,-46.89208274,0,0,0,0.8214956339651392,0,0,0.060185597693429106,0.0579780123722466,5,0.9127938026717051,0,0
华为,TERM_01576,0,8.604031441983068,65.06874233253053,52.111693373550175,35.85328843270594,29.671215281312765,43.68912505691546,38.20859559629432,0.06732050606876995,4233.965010362622,44720.90452968709,-84.96038666,160,36,229.26449502995263,0.47861345975285163,0.07721075276551573,0,0.0897973942428418,0.0928635704845658,14,0.7160630951524862,1,1
林洋,TERM_01577,1,7.967890701341102,91.35929566507755,111.47674157287243,92.83830093623558,58.13979715305381,97.76093258015572,69.22563618077487,0.6189451999137684,23.922870407759916,3716.4468020442073,-122.6179071,333,72,450.963165826682,0.12241320450070055,0.17179541256266068,0,0.22514202600455177,0.21861714924813133,32,0.5671388168721698,0,1
林洋,TERM_01578,0,7.581377796182156,112.24562665480923,101.56686369762895,66.4551282831117,66.01412801516544,61.13414913145393,51.244074474383545,0.15587521981989633,621.4379900402788,807.5810427490951,-118.539733,405,70,436.23602457663304,0.20907774673876486,0.18197014849148704,0,0.20001080966293847,0.17802946580271808,33,0.7115875206321226,0,0
鼎信,TERM_01579,1,8.048575901332912,83.90734890959824,100.8431987121967,63.136613649438885,67.97156806129222,72.17984328419848,72.85279725646734,0.14410414989528741,550.2846675800033,3565.387590977426,-128.9723919,418,74,458.9937129007838,0.20874607788507324,0.22983578202418553,0,0.27006568838744155,0.21592559152008556,38,0.5928108237630232,1,1
鼎信,TERM_01580,1,6.81096591175946,94.74789133889311,60.617566642744855,53.19047074867733,46.00530928703001,82.54207270597333,77.17219714516021,0.09943777733369333,1194.7868473359035,2807.8628930348455,-106.5442202,400,75,492.4912819798542,0.17945272752626745,0.21768680872268295,0,0.2613830113433717,0.2328886766740894,36,0.671209413231365,0,1
华为,TERM_01581,0,5.176967955657465,77.65886097450513,76.17921101206903,34.40058994473522,40.36697746003827,53.46901631949188,48.72632991483828,0.061331077309315446,3198.2830455823914,32308.467234960575,-92.0215602,242,40,286.97990955950667,0.5641070155390822,0.10381614594405736,0,0.10432927192568388,0.15315850008812185,15,0.7778903465493686,0,0
鼎信,TERM_01582,1,9.64092241469793,81.02516390761986,139.6763058377388,64.89958024682815,63.130281549838614,55.992950319483484,51.18358367510138,0.17017485693982537,329.08792035609304,1720.9484364670543,-123.7024008,438,86,519.6983525633931,0.022262183419572965,0.1357157688624795,1,0.22421331803170652,0.19236115060111772,43,0.501725729466979,1,1
威胜,TERM_01583,0,5.486218972323579,73.68461814432278,68.15993318931119,38.303162860529014,41.7551800756011,56.3017965667341,55.20252625451477,0.0965786318452124,3826.2713966469237,32101.823437826442,-90.27757356,175,44,269.1797203771354,0.4176674336889994,0.09771137322831433,0,0.12822398129982274,0.10368857111076327,14,0.743572005918502,0,0
华为,TERM_01584,0,1.0928264874163611,23.022280458903204,25.591202235781445,27.91232743406464,27.841346985786153,43.705284613817724,32.07644706073598,0,7134.9499420683605,74485.573343358,-62.30245793,26,5,70.10890714991174,0.8414356552145407,0.03309866968681528,0,0.0662220681410085,0.05762453806962568,4,0.8855935854324276,0,0
华为,TERM_01585,0,5.535065291920422,58.90815485409871,78.6465630839606,52.37165833566632,44.16175346793891,54.53544020946147,54.84718330200452,0.12617391430907293,1859.4928057595844,9063.355322177264,-105.8260615,278,69,387.2628651272515,0.19025028925718385,0.17462998833274496,0,0.18191350165590106,0.15407574226394907,29,0.7044827512679364,0,0
威胜,TERM_01586,0,9.134102404007326,1,1,32.799695483961386,23.631149704168216,48.39740375631375,48.622576289891036,0.020205596793787528,7745.081702233502,58137.94570546762,-62.29476741,4,6,0,0.7878158686753881,0.0800258852706615,0,0.031151393333052165,0.054730606363300696,14,0.9846130104921941,1,1
威胜,TERM_01587,0,3.6928149713414533,37.094600396162434,36.798335600660565,24.650671791885454,10.630058193327418,38.26505547090509,31.45615599378007,0.0643966662787278,6780.288528648473,52046.04203969475,-71.14978141,120,14,143.39886786121636,0.720276858280693,0.11037994632780858,0,0.07861975670336144,0.031609258589896466,8,0.8484832217796588,0,0
华为,TERM_01588,0,9.151325298308572,37.29051370737426,51.20988695350112,32.89709740413492,17.84420676232544,28.611266273622544,23.626072249054772,0.06946246369749984,8322.102164281707,72231.99488460565,-57.67441492,8,2,1.8023163071289368,0.816003519868907,0.05006866887240368,0,0.024487679216117112,0.040453969704005964,0,1,1,1
林洋,TERM_01589,0,5.487748371802102,52.964405420424406,102.49089652884601,64.52435375017888,56.46302492362194,49.26827157600441,39.111597262992255,0.06981168183628603,768.4394499274565,0,-99.72311938,424,77,479.16072016201997,0.23141409902399468,0.16547069903645398,0,0.3004369388154055,0.17390746442094296,36,0.6833576725081205,0,0
威胜,TERM_01590,0,2.310253120809259,32.22333019276062,20.130035217930832,21.74344377271996,23.078468765830277,42.29628406166146,30.334032557992227,0.06475406441294744,6938.478030472872,63106.07508391689,-48.27454131,48,5,51.100438240766685,0.6968735993204523,0.05215226812342398,0,0.03186692210447947,0,3,0.8825193416400268,0,0
鼎信,TERM_01591,1,8.106389830277445,102.10144636972994,81.417911376875,52.239502947922304,44.74886714684684,87.51780986802197,83.70229891901998,0.15394719791132713,1113.0614036134418,0,-112.507725,374,72,478.4593233124502,0.18376802949058596,0.2120933334579224,0,0.23684844051402726,0.17347502631631875,40,0.6337079772731007,1,1
华为,TERM_01592,0,0.5,4.228521637077748,79.17371954082492,37.36308726158121,28.98094783118504,40.36638537797049,36.589620542938164,0,7422.02936751998,71321.02989744667,-58.86143353,25,0,9.465132386939558,0.8783581182203178,0.0682719405897038,1,0.05519662169139454,0.01712731813948075,7,0.8934136976233904,0,0
林洋,TERM_01593,0,4.226135381575348,51.05005001917448,50.00719060286578,35.955856370249975,34.45403775500863,47.93794306724367,40.91556636999949,0.09606567781135722,3596.851814022367,29994.394660020112,-86.23791683,205,49,272.75128478229436,0.45367255112977783,0.09462366760780026,0,0.14047309904647298,0.18203610114696028,24,0.7304046314292072,0,0
中兴,TERM_01594,0,1.9605809917122274,40.023665139024,43.93281549146972,28.987154414716386,19.679488573801756,45.8512539833959,33.352579708936446,0.07626871166345187,6760.218919789536,54662.53446755408,-59.45147001,44,12,86.64302799203305,0.7887882544591869,0.07614641188420962,0,0.04242432303190479,0,2,0.9232822425972861,0,0
林洋,TERM_01595,1,6.659718260211333,101.0209304549791,87.57993415514261,61.78734702578992,65.99017261632049,77.149962158126,74.89230653836889,0.19895658821844855,892.5334075754447,0,-122.1764151,423,78,499.9813079888409,0.11301032044380613,0.21347952734808254,1,0.25820528475862076,0.18562179163753867,39,0.6114714593614676,0,1
中兴,TERM_01596,0,7.564815746141882,105.62625666676199,38.00929858850662,55.259911756712434,48.95157431548423,77.38904398757239,70.22121910136313,0.10249477399854687,1699.8793082145019,19840.609560344146,-125.364439,386,58,422.73346619224264,0.19130064762624407,0.16304411928819929,0,0.254811713554784,0.16784236034797467,43,0.5713393726894177,0,0
林洋,TERM_01597,0,3.6931589770316617,33.76820254548327,25.5383968618962,39.14407012351796,38.79751329307815,33.93188564547092,24.43583694276129,0.02966859710705252,5792.5336706074695,59462.90730227663,-91.17581951,138,28,131.0471453394187,0.6205210345291223,0.11713154134955725,0,0.1530176827631033,0.048917829656917856,10,0.8580025488993905,0,0
林洋,TERM_01598,1,6.913543550474288,74.80852873447881,77.02700173214903,50.86525236711898,44.864915339099866,84.0516884759469,86.70728039111125,0.10529446770052747,174.1338619584253,0,-118.2055936,406,79,498.83318413201476,0.15772468244521193,0.13549650754752696,0,0.23278707375855234,0.18075088385506807,33,0.5988640699586781,0,1
中兴,TERM_01599,0,3.8212272385370114,58.54858712182318,52.78961852146584,43.32641046374005,38.449296175105765,44.013613335688994,33.162684841472164,0.044507215158255786,6449.373920095197,51228.623969466535,-71.81528466,146,19,114.91076369049493,0.786897961689296,0.12056741676158918,0,0.04242776942408706,0.05094102761187776,7,0.8413605463822514,0,0
鼎信,TERM_01600,1,10.528781506171802,78.02451535383202,125.61428163164031,53.03164777027959,53.66707689804076,87.20626725838396,85.57777291523402,0.15716789779109988,0,1546.7729017728052,-123.7481715,399,92,521.7864350960671,0.07124298006946668,0.23781760955903442,0,0.21685095540556337,0.1782266728369019,34,0.5485116689798843,1,1
华为,TERM_01601,0,4.78069202138996,31.36370048724512,19.286084792837478,20.993914569720335,17.14066670653402,38.43309107526651,24.435860981425463,0.047133668691827474,7795.367933202458,64817.54492982731,-64.92351967,0,0,0.5165715709948664,0.9681513370868408,0.023831779769108427,1,0.09791007329171525,0.040375070457143086,3,0.9215661295533265,0,0
中兴,TERM_01602,1,4.781908760320121,118.85083106130747,101.32326256667014,46.26836089559245,48.73733263493308,73.81968447546977,60.20238965403841,0.15544761752078495,141.9519367126125,2765.4743232745477,-123.1670909,398,81,452.3681685289148,0.11523128954435871,0.17729243535700537,0,0.2507589934910748,0.23743427624947072,34,0.63222776122256,0,1
林洋,TERM_01603,0,4.949651469905022,55.60446766920309,26.638554314006374,42.26252614112934,33.346107247127776,37.67063934471693,35.566709793292546,0.08543257742692648,6440.692188572655,47604.8295839412,-72.33841258,168,32,203.36749769689536,0.5659438736395226,0.08148905921679199,1,0.07364303462235122,0.08103428435054018,12,0.8168840128532004,0,0
华为,TERM_01604,0,2.2727477065488055,38.04651740657084,17.75298665036199,38.70343797479725,27.208290559536614,47.997138726237296,40.98031829074081,0,7106.462509996959,73791.25122658143,-85.08091925,68,12,76.86330227254517,0.8159181620143944,0.013637196196824419,0,0.022617364095273113,0.01559596955740165,0,0.9338230507582322,0,0
华为,TERM_01605,0,6.60954626618445,90.2338128434896,67.73202824156566,65.2438905016756,51.497259087527276,49.76228086204268,37.74919410999331,0.16470861912922644,2777.1437124018876,26247.710666298775,-97.70933721,331,57,357.4611999054164,0.25516204667779896,0.14451618978221878,1,0.14605265724990518,0.14800695684751788,32,0.6815952333899711,0,0
鼎信,TERM_01606,0,4.096049247022609,59.29687463720467,45.17812359369568,47.0342602661298,48.30908890927137,53.39971690429744,54.09932941284053,0.11176470203991896,5272.943501826326,37474.86018697245,-86.38762024,214,44,200.87775339145244,0.5781730388855233,0.12543366154275198,1,0.1255996019526079,0.09036619468738959,18,0.8224423548486515,0,0
华为,TERM_01607,0,3.362227257515147,45.65590633869509,58.08538515643118,24.936492135589976,24.44443438170108,37.61202739834893,34.83991690127189,0.021793770857157908,6933.292692355228,60275.7190493608,-56.32070516,99,11,82.77526431534275,0.7305822828060085,0.03432856192573123,0,0.09277493316051619,0.08847827960822668,12,0.8734749270808866,0,0
鼎信,TERM_01608,0,7.8111611338472,80.00840625156422,122.25444535496936,57.24075574538139,50.912566098820015,66.69257642956006,48.925247261498114,0.11667783703803514,401.2810257289948,0,-113.3633206,396,72,441.3727903056111,0.21415131616289568,0.21572851193657389,0,0.2965772437751022,0.17359423546542682,36,0.5424853410284378,0,0
威胜,TERM_01609,1,11.919629394996463,103.27712915615346,89.03422634658364,55.061159948571046,51.554936508511986,78.79109381244393,79.5475030864933,0.16414219917580153,282.0754284513408,5301.807280787214,-130,393,75,499.49261591800973,0.14224706726028427,0.18198951767190857,1,0.2804293667546141,0.20402255266218605,20,0.5606441840045752,1,1
华为,TERM_01610,1,6.562929993915631,95.12283958748313,133.70468782297735,49.67800327262077,50.025219650400885,65.91008257401653,54.52677519300839,0.10099257450156306,1695.4162502867632,396.14012585599085,-130,351,78,518.6771260655984,0.10484621512180353,0.23002101992719948,1,0.24806925509517383,0.2058919624563712,39,0.5791024977631123,0,1
华为,TERM_01611,0,2.314776984398269,9.353536238265995,28.239635253619063,24.221624179303753,18.270463643106478,51.819036177549805,36.57167496791766,0.010992918518642612,7769.87893960785,63792.70077900743,-74.84072978,19,18,89.75752149245845,0.7356453031085629,0.09051901764373288,0,0.038537629990812075,0.05283597391517775,10,0.9553878645606968,0,0
中兴,TERM_01612,1,8.322183127636245,91.89150398820986,94.3228560268153,66.26857487117123,52.46831097040716,65.05403817746244,55.13067252004562,0.11566188307762323,452.0391223017638,5362.306527185485,-116.2554173,363,82,472.14661844536676,0.18617641944346056,0.16551868866585254,0,0.2628473105864823,0.16140893681750867,36,0.5609957165739416,1,1
威胜,TERM_01613,0,5.915953567512124,22.658967742065173,102.7512980553685,33.18052153520482,19.44399469204292,53.91090438897043,48.66009090246065,0.07750248554071912,3907.535168626886,36840.703132910116,-101.3921161,230,44,230.02029900321972,0.47820973723951987,0.04722693092531427,0,0.06984492526430755,0.0920947124112923,29,0.7936344060465378,0,0
威胜,TERM_01614,0,7.556330264151081,80.59894046319299,138.3177586567406,30.260816539583665,19.787483843686875,81.44329319718088,76.9075511628977,0.09646134244072985,1963.2518425699805,22910.98109809435,-100.4437049,276,69,342.8902138795868,0.3509875342059793,0.15325291113054879,0,0.15528073354082672,0.14258027035380952,31,0.7208840878408631,0,0
华为,TERM_01615,0,1.7362874160125292,22.068405436838088,58.278622140899195,13.159789782629604,8.670812329731877,39.00305920464454,24.19386778531486,0,7153.343108993098,62760.60131079877,-54.55439653,40,6,18.139427931704862,0.9200113064541054,0.042021794708735,1,0.07291818427458532,0,8,0.86129666040807,0,0
林洋,TERM_01616,0,7.3357824633934765,105.86680548561532,79.66081134302826,59.27918074862767,49.571056734392684,62.883126809295995,49.40451695890059,0.09805700968895262,1908.4666817193968,18054.708748569647,-112.4153616,379,75,420.9663385222979,0.2382997030307558,0.1306052044354831,1,0.24507248147276967,0.137908538383889,21,0.6500917773533161,0,0
鼎信,TERM_01617,0,8.773629282772287,89.52634857684625,119.8375503230885,41.786871467913286,41.95430793175508,67.49041371648548,57.92497903636652,0.11519219764367519,2149.954788423984,10618.805414231067,-119.8445495,392,64,472.0273924350932,0.18136385834247834,0.22993353526034793,0,0.27776791102789,0.1655023993510604,38,0.6468208078456115,1,1
中兴,TERM_01618,0,9.880433368847338,41.638875586171466,53.94181614008938,20.66757788804901,9.299582882870098,35.585580637112216,26.403475251694445,0,7151.89744245678,61912.61550991026,-79.42840785,0,9,84.36077406617648,0.7927032318408618,0.029132099592021767,0,0.04991288899777104,0.05024997465150423,8,0.8971414092438884,1,1
鼎信,TERM_01619,0,5.52166518831428,46.37732006026296,88.16374169579177,40.997121007382304,32.52980586565015,46.04427862943265,45.61507163314811,0.11051152991366944,3886.018975367613,28878.0435319481,-82.02663716,267,49,279.29618448832167,0.4338819693233175,0.1474854569334186,0,0.21421640403177897,0.17054365668944876,15,0.7677656504692297,0,0
中兴,TERM_01620,0,3.235051037467764,48.54385483243817,20.253157965422798,32.50699881387051,18.400247768159804,64.7290989059753,57.249169393283736,0.08033520910313535,6460.6455528442375,56445.2152672948,-57.3557001,111,12,117.60539532426267,0.7556960630911467,0.04500924668062901,0,0.07207408382616459,0.07501027687671265,11,0.8850636004063613,0,0
林洋,TERM_01621,0,4.66123850032068,38.093238072562954,54.39033667523351,37.707186392274586,30.481227831539535,44.788311926112094,44.24409188959683,0.077452336660487,4787.690299686005,47490.356597745835,-70.96571682,143,34,186.28358105712283,0.6455766207519027,0.04644672815448788,0,0.09854399295668097,0.09504438010705878,6,0.8220701970213177,0,0
威胜,TERM_01622,1,6.176552941777146,105.20409688424466,79.10179898104994,62.542508134197746,57.57811497827382,54.198389359447866,55.77333837535291,0.18917685800457193,731.3839749292616,0,-121.141766,388,81,527.3328172276925,0.1524860632566447,0.23206441373541492,0,0.2586699869005865,0.19912589116820917,38,0.6516518641778488,0,1
威胜,TERM_01623,0,2.682767442796239,14.578503219070289,11.331380411774374,25.298445351358566,25.687238271950182,39.12282921148032,37.456852228625394,0.007490753146328456,7317.494315575289,54677.62612713084,-65.97208863,60,19,46.07265152818793,0.8670347337944089,0.021416956209401934,0,0.11138382990233661,0.038964992385841404,7,0.8930459187228351,0,0
威胜,TERM_01624,0,4.4209843487223335,36.861665721334774,26.007982629013686,21.13779601182318,16.73771793101384,46.176010847419306,22.73135088572573,0.017969292222524066,6819.598113258423,53007.203544233016,-63.64297308,52,23,113.58656949211644,0.7327325042114186,0.08269542830368524,0,0.11537958808036956,0.0562642520537379,5,0.8795932432316858,0,0
林洋,TERM_01625,1,8.747780146898622,70.12179046980366,105.66237284342776,65.77694640617821,64.4814480355193,66.66705743255433,59.84295606095839,0.1582481095678932,180.54977584861481,989.3330473656251,-116.4962127,397,68,460.8253996071117,0.24105635083339522,0.1687197077767153,0,0.28344938918074686,0.2104459712379485,38,0.6266822668612987,1,1
林洋,TERM_01626,0,6.3693529542846195,77.59261684530136,102.8865797735292,37.72190472697374,37.74747084909917,62.36529279066565,56.3674580932157,0.13857799608681232,2092.215899659518,15410.79375974787,-130,388,75,397.15109936003336,0.3473578332961355,0.15664427650643903,0,0.2261432602703013,0.19162870773104848,25,0.6165575036282083,0,0
威胜,TERM_01627,0,5.843762683557099,91.37113304581612,72.95922232168286,49.69796007414571,46.65933384852267,53.877885627652,48.551342972337046,0.092526418770489,4004.9415178792688,35453.27224146718,-85.75784486,269,45,318.9142718380582,0.3787461552998785,0.12074333624225146,0,0.19732625642085072,0.052303866146667335,22,0.7738403474391076,0,0
鼎信,TERM_01628,0,5.743544786708919,88.92509133720567,84.05070221865209,62.35621020396336,52.87315158677195,68.30840299363916,50.81532852726909,0.12546755159933168,1937.18451360421,10041.267168386123,-99.20410465,276,63,410.3494619160637,0.29892376746866034,0.16863192345577988,0,0.21374155022612337,0.1910616017653957,35,0.6288057153306525,0,0
中兴,TERM_01629,0,4.571000655284047,37.19446752240227,44.53656231488962,48.79905451851005,45.82207469372506,52.03172610486731,42.447212899285105,0.013383668038159907,6617.891642931771,54756.201065024165,-62.84648181,114,26,108.71323969870448,0.5493756496435565,0.046197878847142326,0,0.09820773947424782,0.05663542188032349,8,0.8509288398806011,0,0
林洋,TERM_01630,0,2.2181143764190607,1,38.872914671915666,16.19877325379731,18.637794995399872,35.02863139391772,21.855166130767497,0,7552.0267201815395,65672.32103088382,-55.00926722,36,13,55.33307649876215,0.9515298615925938,0.051638140797804,0,0.15376326469115872,0.044881705397978984,0,0.9578081537783909,0,0
华为,TERM_01631,0,1.7698973005120777,14.109312138503165,23.532341821912922,16.743967074980787,10.169261276067235,61.968772938683784,51.409397326794924,0.03101685999155374,8391.173951897277,68450.94637069371,-49.32689009,0,0,24.216183435961952,0.8697864698834478,0.05379551935109136,0,0.07188797777767097,0.03632796444699682,7,0.9616163899646037,0,0
中兴,TERM_01632,1,7.181025799114186,93.89527280765995,100.0499923442321,58.584034081823944,56.357288777889735,78.7966504997643,72.24451678743486,0.1730056494291013,1113.5504469326506,5239.341463263689,-128.3086686,350,77,496.43624738463575,0.07469081323643459,0.22835010640947442,1,0.24066642919331588,0.18775559225965766,34,0.5450710133864292,0,1
威胜,TERM_01633,0,3.185431391632429,27.267810439090102,42.81444905299251,28.3617021971176,26.005871365866405,42.410771568431485,32.9614559446626,0.02677724433639749,6165.179360672464,61577.27980136556,-69.61269184,117,26,119.58761218925791,0.5895630206752042,0.04499660714841203,0,0.10905371913769238,0.0741623169779821,18,0.8047510070864615,0,0
中兴,TERM_01634,0,1.4921199263656335,43.3198449800266,12.192182344476695,27.76989474973977,20.92501149217292,22.771949318641276,12.653873938626324,0,7189.385039773877,69824.1394406729,-62.12516859,19,0,0,0.867327242115005,0,0,0,0.03347424009991253,4,0.8906312001438201,0,0
林洋,TERM_01635,0,5.662954277698572,52.29003587986419,52.114548708265474,42.01797776375227,41.70462312592269,51.7512083208394,45.56339166991174,0.052670596114143126,5350.140034561838,26375.191277968435,-72.37601894,169,15,267.13309216436835,0.6404651865225987,0.1066864961398964,0,0.115249318978042,0.09914229616418746,20,0.8039757623350601,0,0
中兴,TERM_01636,0,1.6978047842655095,39.57077798172555,68.17570307491742,19.123143315474923,12.199685191438839,44.834782107152414,36.88153536134415,0.005528150615735012,7481.094463217443,66112.55858079607,-56.6778344,42,10,23.260172312629834,0.8806548482162645,0.03983809834426283,0,0.032543255789901054,0.025441710895663893,4,0.9983691055034702,0,0
中兴,TERM_01637,0,4.419825477299714,23.427938424341026,34.035129753400675,19.417845589220793,16.683103420530404,43.39271450914444,39.59085396106516,0.040896037812119694,7688.200923710277,77991.0913352856,-56.60134324,70,9,32.805111605165955,0.8642609373261049,0.03220074920625819,0,0.0024271470120095055,0,3,0.9241457240160282,0,0
华为,TERM_01638,0,4.409342202200682,18.328076401482544,13.039165079142297,28.87674259040595,22.679872878162264,17.707301034318363,10.188163887632157,0,7924.1103981014685,73742.60646523867,-65.43474661,26,0,12.123605810120518,0.8565983793375105,0.07235237776625805,0,0.10855649015767276,0.026775901807120788,5,0.8905845347310869,0,0
鼎信,TERM_01639,0,4.573168519548002,58.552412913624636,91.5949070174117,35.94032441582239,31.15846427131918,58.96477099492254,44.55911692261207,0.12060870668283118,2751.0341280141647,28830.83261633195,-105.8379267,274,53,347.8456371105467,0.48499750250214135,0.14063778420315323,0,0.19235032805117674,0.0775890617518559,27,0.6750373076585121,0,0
鼎信,TERM_01640,0,3.3273467700430372,19.083577027322185,73.17759988874401,26.282345264451354,25.950211941692846,37.32707684196588,26.140582929100788,0.023599972433273872,5506.496869606595,62130.80068972827,-77.27568044,85,14,137.2236754525917,0.7928684986377695,0.11963904672297479,0,0.0982375051692243,0.0653209961820635,2,0.9005281852956288,0,0
华为,TERM_01641,0,2.508758996025251,53.771210245608785,55.420226014857626,34.33607927473765,19.601236296046523,58.632967934490466,51.66466389815283,0,6566.250518329179,57298.101736506214,-65.12351637,92,22,155.201907386827,0.6987043177113497,0.09092914523230375,0,0.0802745979066017,0.08701485904555481,5,0.9171489477161331,0,0
威胜,TERM_01642,0,4.794534685882745,51.89905804361968,85.23320903397014,33.363356968906324,31.4483408737017,55.39641122416754,47.70855841755003,0.0763398790743329,4154.052513572655,37980.50961908644,-85.79849118,248,29,281.87036592286745,0.5368263860200798,0.14584789315395308,1,0.10431892444267472,0.07507319825101175,23,0.8092914900259537,0,0
威胜,TERM_01643,0,9.537052477732754,80.72425084734707,52.77135874358908,21.895052670997902,20.430894245541708,38.60280601868642,25.121912399919545,0.16496231469733486,1539.7677310219774,12022.687075358624,-102.1111206,301,52,372.59874462195376,0.359020220145306,0.15862869977710511,0,0.19370372668016397,0.14769694394318217,27,0.651804532690221,1,1
林洋,TERM_01644,0,1.7831809875800884,14.966769905606812,76.02896390266895,33.20286571637286,25.328361451120664,40.109742313860195,39.16922483469264,0,7761.218626946038,67347.75962280498,-51.31996865,36,8,0,0.7962720632992082,0.01799028315042227,0,0.022063481634487667,0.06991982889462886,0,0.8598644709988134,0,0
华为,TERM_01645,0,7.251377705607273,58.71668401434506,113.8500977123021,51.24313871751988,46.08636228063975,42.98224636818925,39.85558709737119,0.11280783384547931,1310.00754628319,16275.653383128289,-112.4804088,364,63,360.4526917568298,0.2441675485786351,0.14302068496403864,0,0.16209844682314103,0.2268159176440047,29,0.679376592770016,0,0
林洋,TERM_01646,0,3.0753892137289114,31.40019700774264,18.55154800115898,11.695513045894096,3,41.037700833331535,32.43294564587234,0.016388707632109194,7319.407386753123,67697.14887308925,-72.60292297,44,17,60.44335112448701,0.9784302220452035,0.03339576906211501,0,0.07003678864447414,0.02500420489342229,10,1,0,0
林洋,TERM_01647,0,2.7647789453658174,35.232876603511144,22.707230820389725,42.46817445377939,33.473098916711955,74.08869995224997,68.10655537359548,0.06878765765021685,4778.083147872187,41181.228529050524,-74.07885649,117,36,169.0970169831512,0.6519981475007669,0.11425224866017705,0,0.10242792358940607,0.08984515762715758,15,0.8394270995577191,0,0
中兴,TERM_01648,1,6.493021189584863,81.37544267431076,110.69467681693436,56.837964085566846,53.19274708177052,82.2948372241649,70.86359609832502,0.19103585818067112,663.4018852726706,3848.8506707950664,-118.0197121,350,71,510.43202265490567,0.271709965432719,0.18736397756728598,1,0.17056413236324663,0.19112990134062996,36,0.5452053248256841,0,1
鼎信,TERM_01649,0,3.6828025983726778,42.007761199227815,74.54983291411077,35.00038859463565,43.12608567762872,57.95732317404854,58.07573037664441,0.06768805454866604,4449.812300958944,21260.74810243739,-86.16544334,275,54,323.4174407626284,0.4823511891916515,0.1136361830859144,1,0.1580645816390445,0.12927079199136332,23,0.742949568838602,0,0
威胜,TERM_01650,1,6.6466246845649835,82.31826038944388,66.17465934840571,62.795035164349194,61.11485611647287,63.26295079632205,70.67653293484881,0.14974905781814785,0,3050.721399422475,-116.3267528,400,95,516.6249172097474,0.04645960373807343,0.16833466326153723,0,0.24987631483451936,0.23633543498457973,32,0.5509415594925078,0,1
华为,TERM_01651,0,0.5,26.660832964989048,51.93085393777005,24.011982852358383,14.770410916846362,50.891265526268285,42.02374390326644,0.04535786614915606,7799.567956643396,60831.83950287397,-61.43751131,48,8,61.73118234785292,0.8263367668372553,0.05155908634680326,0,0.07995739700624652,0.03629855605708699,3,0.9349986444572251,0,0
华为,TERM_01652,0,3.111605618343812,19.126175498254696,42.80165494851344,17.0593695992566,15.938345159145355,43.07817409739068,45.421768190587436,0,8105.838924898379,56181.25622921073,-56.54824041,0,9,0,0.9236915666571749,0,0,0.045612641532419666,0,0,0.9306593171941787,0,0
华为,TERM_01653,0,9.131293895330888,79.52343580377337,47.72490834617426,40.843118785426945,38.74756144388619,55.9566128602332,45.79185963772103,0.1066928341626747,1635.1116908042081,23332.533502116974,-87.60232218,293,62,302.0184914128315,0.3592930775083236,0.153439171414761,0,0.1539879494517348,0.14921425029801427,19,0.7001160630681094,1,1
鼎信,TERM_01654,0,6.5376991631028485,72.53577178237671,111.85580913738585,40.56400374292286,26.929675271024806,54.7888840632874,46.597115318921965,0.14016945753319585,1652.8705592673437,27887.61310054859,-104.0772756,349,58,344.90252274074635,0.329385708742789,0.15797665512936238,0,0.2081683162057129,0.1379334008202154,25,0.6666977209686937,0,0
华为,TERM_01655,0,0.5,66.55866760939963,33.56389501017896,26.026680193964342,19.447275169717443,26.057090588320882,29.659231979345606,0,8760,60746.699031235294,-49.33708243,10,0,56.36284356215821,1,0.016472876928864982,0,0.004829448905460911,0,0,0.9700552854415198,0,0
鼎信,TERM_01656,0,6.5866926225991,91.12375944610471,61.460772703919176,47.018862824633295,41.30612663532626,71.1268398298275,65.40780560851124,0.13432325596424705,445.7527119576869,4524.7807866798175,-112.6615983,394,80,508.8144683363033,0.1409151064949075,0.2226839426623825,0,0.26174437072678924,0.15293780945111202,33,0.6858995733514205,0,0
威胜,TERM_01657,1,6.99795233449366,60.3074756628488,117.56747146884237,51.528398036375634,47.11880353586958,64.00226157296514,63.12416369338357,0.108132202046803,744.8484773346566,0,-129.9985621,421,84,479.9711342421229,0.16758554382483404,0.23828985112642745,1,0.2847265761484322,0.18728650839769545,32,0.6992116307874442,0,1
鼎信,TERM_01658,0,0.9484326963479512,22.346212153300492,61.70907995966841,23.974633438716612,18.81705814281425,39.44820255675791,32.8314371039609,0.049486450995979654,7635.318409915201,66245.82274164548,-70.65617933,87,20,83.39871655967404,0.8575265710131537,0,0,0,0.05304786975268683,10,0.9429712421017709,0,0
华为,TERM_01659,0,3.311169963288341,18.35006451687158,58.932065316589096,31.8103730031674,27.54920775049977,44.39957227693946,28.583158496830578,0.015244169984694099,7008.107009398272,74611.41942262964,-55.54328105,0,0,0,0.9702645591301453,0,0,0.0007950653786865901,0.03776023768392566,11,1,0,0
中兴,TERM_01660,0,5.828694529886398,41.28408349640203,46.2851649727772,38.4852296476927,28.809504655749357,45.82719232794192,54.85166314640411,0.0582149808577339,4274.570562495242,35965.245010965155,-87.29236475,191,28,211.69259790084104,0.5724150992284711,0.11593920720740543,0,0.14441118192093894,0.1345707585287506,15,0.7469962870022296,0,0
鼎信,TERM_01661,0,1.5734952193759852,36.33367979807216,50.63207512991288,33.41653870957876,26.790888717916612,49.073256404272755,42.77261752686485,0.031239127970536767,6721.10020425625,53137.418261640836,-76.75628858,130,13,161.50683205133,0.7361344975833454,0.109996090991346,0,0.08160514413074901,0.036493767714570254,10,0.8570158207173467,0,0
威胜,TERM_01662,0,3.345353433240147,13.355915843631347,27.95764290005214,22.53588444172303,16.2069477572239,48.726727943842505,44.66343321096956,0.015743087136072705,7287.459199063774,66749.71583134224,-49.22617648,68,4,89.54300741241263,1,0,0,0.09133453130119645,0.0166370887211906,8,0.8870426168766643,0,0
华为,TERM_01663,0,8.79875082674245,77.59183501687438,74.35142772061664,57.308373819300094,58.10818485650539,65.25157521209678,55.85640889322399,0.12522468403442005,1899.575797738848,24097.50482869982,-115.8056782,292,66,403.8595337110108,0.29067371308303236,0.1679008274509094,0,0.24534953526889378,0.1743199127744759,27,0.6625792898899348,1,1
华为,TERM_01664,0,8.536567353504381,34.33486817447145,41.107144743268584,60.05203540086083,51.56453944877652,63.478258081532346,63.15904782501339,0.07634861433823906,2587.6485145325414,20543.95862770681,-96.48536721,230,42,264.21134377590766,0.4676255292262674,0.07811734171828319,0,0.20207903599052818,0.15210501449949396,24,0.6838877742077473,1,1
威胜,TERM_01665,0,6.6330538665604,41.073461782745724,9.552178313576478,18.733100943114923,12.510669590125076,40.98193733111362,40.22145518365242,0.0005994496239911697,7232.758510611049,64319.536710231354,-65.62374764,22,14,73.42249982576931,0.7523370659800726,0,0,0,0.014428246796040153,0,1,0,0
中兴,TERM_01666,0,0.7154205439506982,1,35.91029120562749,20.56838999816602,13.788382929526449,35.56167586923153,21.218147833563194,0.003696368511282161,7745.417713738386,77555.43766997954,-45,0,10,2.6662238632247277,0.8910562886627387,0.08410920207194142,0,0.02598637277191187,0.0014428638755528134,3,0.9273703412209147,0,0
林洋,TERM_01667,0,8.284540976041537,39.94245397832051,46.866003351328324,35.042959785400846,37.979838120134175,55.31927700646546,51.345874530294715,0.062322171106866386,4439.471366139448,42967.43922807553,-57.04880965,133,36,197.36144148408914,0.6192027197125453,0.09311063760521657,0,0.13072139461741122,0.0955819873992674,19,0.8234505735166627,1,1
中兴,TERM_01668,0,6.721066572290072,70.28711997249702,41.45753071623513,59.254321559157475,57.58014977886937,81.73100235081732,81.99360836597307,0.18073346777977212,1682.6112984974407,7249.770522110882,-114.3905313,367,69,445.6714091808843,0.19391629552967124,0.1314415211816211,1,0.22152959430751204,0.20394957095856517,26,0.5663174586256543,0,0
林洋,TERM_01669,0,1.1984174421640799,25.605150026784457,32.46494751604213,21.640090647328083,11.971602191670097,44.05808855276394,46.260709752802136,0,7289.550217632062,70384.30153841422,-49.15479531,0,0,42.455982807961,0.7507317842892807,0.016136605287938196,0,0.028145844441128942,0.015487946922896366,0,0.8445519221417033,0,0
鼎信,TERM_01670,0,8.066976346154181,82.30900748373989,129.441450432946,52.82585634265535,49.813089630419164,65.59261755544388,64.47131141887077,0.09052594147100207,578.6296739644765,17078.235010700413,-105.2526486,423,89,471.09867413808,0.12812468981154748,0.1638643709075937,0,0.2839701054751868,0.20107417243071377,39,0.7096947599902081,1,1
中兴,TERM_01671,0,8.896591412852114,68.77568871366762,53.891668752032146,45.65804953968958,35.599945380124254,55.82583751492607,55.23186232452039,0.14199952126757423,2584.598094877242,19912.20463667197,-89.59677473,250,48,408.303086459584,0.31622353824764543,0.12290505352952756,0,0.18576419017917517,0.13580181367629088,21,0.713044576686509,1,1
华为,TERM_01672,0,3.601564237214382,48.36952981133441,26.263005150874793,46.140032248548664,42.442898278701094,39.55026045538869,31.309698217868334,0.007065894770732606,7301.095897815655,62575.15323526406,-59.53744334,53,21,117.53733870185751,0.8531831645890142,0.040689815027429736,0,0.05668150264496903,0.03054236706369138,2,1,0,0
林洋,TERM_01673,0,0.5,34.44615864950775,16.773364897633407,24.177885653850844,26.008034790240785,45.93273926539012,33.558507053738325,0.05986020799938282,7150.445902886846,61644.10856126126,-71.89125343,0,6,0,0.7974597555657312,0.03383512226335709,0,0,0.0495571370125744,2,0.9278918685717762,0,0
华为,TERM_01674,0,1.9592895560359744,24.247825482653187,8.96949336876244,6.829959575497055,3,31.58921093459453,24.7239680453328,0.0547138823291033,7285.7437472053325,61759.037788213056,-49.0282574,63,15,0,0.9079282466823424,0.043002408591408615,0,0.11045578469007326,0.022702104874858846,0,0.8692884411334566,0,0
林洋,TERM_01675,0,11.481058218779204,56.901502340595556,39.898803670234784,33.98878293114455,23.947714423236324,39.760724283633444,27.250131963949904,0.08634679012695681,4001.8470714013292,37923.91169431904,-79.99119462,137,35,169.37189828234392,0.6110733241234337,0.07658008222578924,0,0.13641218922506423,0.05169872030116144,10,0.8010404318619422,1,1
威胜,TERM_01676,0,3.638591744599982,69.5155890692789,63.86252250226917,31.601718916076813,27.380933993882017,49.746972102401045,40.312785586370566,0.08669573262870259,4597.039033513473,52708.73855173274,-75.51100885,133,25,166.5308015467584,0.6224546224292168,0.04961214795216865,0,0.07455819986658996,0.05198410994297907,3,0.8531238382424795,0,0
威胜,TERM_01677,0,11.970590928364375,69.53070922579727,60.16628805353744,40.285195787622456,33.30516611428085,53.94999701620032,44.426133243877615,0.02998706171936226,4072.5864020365275,30284.158338650275,-90.4157243,239,46,301.49351020314487,0.4037721962227777,0.12847464829353117,0,0.18500698653239664,0.048873023930679604,28,0.7698406179559537,1,1
华为,TERM_01678,0,3.3414878792200753,22.930597327373004,9.783208770019854,23.64315953036211,19.712871035757,53.479998321428056,42.83577118774339,0,7278.017404326626,63830.90823777614,-59.74701845,0,13,0,0.7935973538107863,0.01933381864188433,0,0,0.11997747409096608,12,0.9098559504673736,0,0
华为,TERM_01679,1,9.733304672190377,108.90327439001395,82.3598658617037,62.13888430952411,56.72222693514706,47.30122420139112,45.494941727874725,0.15799401751882955,239.79202006309708,0,-121.7862557,364,71,539.7404423144171,0.07117730951922437,0.17956771185125495,0,0.31925151177012306,0.23829373419733357,34,0.5256436079049225,1,1
中兴,TERM_01680,0,3.239947661405768,69.3021433253407,45.35853594307714,48.887457420410826,35.48351793264921,58.79709289908188,47.720729318604526,0.0852617211071495,3541.530150894746,27474.95248004775,-98.16946901,241,66,325.74502540271925,0.32496333846106185,0.13485255305464242,0,0.19094322930147528,0.09209845062539639,35,0.6560972143103657,0,0
鼎信,TERM_01681,0,6.814378112840025,51.496950973639215,65.90476489407979,48.321304815773225,46.43120978587892,53.93201354470299,59.945496171839494,0.07832562524055228,2903.9279181174184,18072.918293622268,-105.4787395,324,53,381.6507636807112,0.3513230295077487,0.13904461098272797,0,0.2621513690348361,0.12043326510515118,30,0.7784875838699119,0,0
鼎信,TERM_01682,1,7.502590756392811,86.1784927419203,106.29194920244981,66.97032612973103,55.29618321433944,77.54745475033661,78.48235499119205,0.17201776216675774,4.927248697614232,0,-114.887311,387,85,468.02564020225805,0.1376513293702272,0.18381772754975295,0,0.2718300555358793,0.20389420255821206,35,0.7039069341460811,0,1
华为,TERM_01683,0,3.1644280630927737,8.584970449213923,88.22543088098537,95.31407449388969,10.161273155675563,95.36728907960891,39.671447169952025,0.4815675611533471,32.89640693756328,57263.492571631934,-66.19935649,50,26,427.16453547709534,0.6827981049223063,0.6336121154675198,0,0.5765002549781687,0.09542054085792606,17,0.39595430855401065,0,0
鼎信,TERM_01684,0,8.71006810402808,45.4596983505051,80.51604603170925,52.1130279368854,44.84051943266745,59.10699534713694,49.97205781034883,0.16094943525774708,1019.8987800814907,13820.416728486736,-116.8114584,323,70,440.16993309478255,0.20169566742620126,0.1884203671910039,1,0.1935652031300317,0.1953312099122966,20,0.55985120759997,1,1
中兴,TERM_01685,0,0.5,6.43483774760546,37.267911421526605,23.857247933629424,30.862599574815583,44.694021786695195,40.89580117547894,0.0001838824235675246,8579.55358261573,70798.53967981914,-54.84037199,0,0,0,0.8503332355642869,0.08226674826125255,0,0.014577076821460307,0.028347717872558437,0,1,0,0
华为,TERM_01686,0,0.5360564113069299,22.480651887375345,8.936354896433006,22.416124647033026,16.811690288469155,48.110832085190665,36.853463923556376,0.010791044532407217,7845.597230758458,65986.198778397,-55.25345833,0,0,0,0.9001317431661526,0.01419919134916983,0,0,0.003997286502025167,10,0.9044023173767488,0,0
鼎信,TERM_01687,0,4.604419388866528,86.13755028233392,64.12921868162739,51.49870028695841,48.25369824580704,66.1506516179384,62.454786382610216,0.18469887436363935,696.9631867282518,587.235538440289,-110.6187224,352,71,491.9042661673502,0.31642646703486615,0.20638592695487762,1,0.3110394882089449,0.1995750153180207,31,0.6461026258578026,0,0
威胜,TERM_01688,0,5.087243430294397,44.454486224091454,115.58342931665354,41.8180543433608,39.5878989717705,57.02906669551431,41.422741507881994,0.06275448369318475,3203.643081581672,30040.930674462634,-97.60802041,244,56,337.7889707724387,0.2573094165630984,0.18106056263969528,0,0.1787078840176318,0.15046869420923795,29,0.6956463336333514,0,0
华为,TERM_01689,0,6.169814868722303,9.683845199583708,46.913446820348085,27.760664203721138,24.448771856240445,60.38844310678539,61.76222439825317,0.058145218513422275,6369.168602386386,51950.94218274305,-73.61888414,128,34,197.99882579853315,0.6016225171979774,0.058433405933911865,0,0.14453041609098327,0.08625463841097035,8,0.7984622092404693,0,0
林洋,TERM_01690,0,7.024199093362134,102.78736900232138,111.26351191428357,62.513864468961884,57.38045879976982,76.95138751374256,68.08201557071327,0.10521969688308694,648.801957851875,12312.69003323873,-113.5731127,340,80,479.6387351867405,0.22834979699392563,0.1653963185944873,0,0.2620349707408756,0.17376181864169807,28,0.6032143259133924,0,0
鼎信,TERM_01691,0,4.08110895244377,69.16118690653958,73.90357141079912,32.458482603310145,22.505607662269107,69.18015193600951,65.99722097161289,0.15632820539233175,2035.759694407985,24545.922407738275,-100.931503,306,44,344.7498855304129,0.31370499118640904,0.17952656100816267,1,0.1710517017292571,0.1293262234653742,26,0.7811775368011069,0,0
华为,TERM_01692,0,5.823835333230608,96.4464699198308,90.3913303653241,40.09675542083304,34.53770900915417,57.52808633640633,55.45893124259722,0.18839420871203855,1907.6938972967203,6700.215474099434,-102.0966756,274,64,393.80925740365944,0.32245357275899467,0.17677035675634883,0,0.16483303905751084,0.19517649045107544,30,0.7070465068840082,0,0
中兴,TERM_01693,0,5.344225113111307,107.5324059165867,100.10363010563321,60.522589661757394,46.19316092186448,60.94208321267119,52.61829894050698,0.14640315544126106,291.19510515480187,8414.657858,-112.3096848,357,81,480.2406765557982,0.039779351156004755,0.18659457206324023,0,0.20579168338050682,0.13653334359369407,34,0.6412789144873089,0,0
鼎信,TERM_01694,0,2.855629080118424,60.69374106193854,67.07617777088919,41.30145640289617,38.73924642872299,66.2029852722457,56.413419699051275,0.08412563118242797,5058.7705562081655,48768.97790393507,-72.86065336,158,40,228.32109996108593,0.5328711689703205,0.05485398635783419,0,0.0613687826835657,0.10555806827184343,13,0.8035310382054317,0,0
中兴,TERM_01695,0,3.417082327581002,30.615449950873593,55.37745017270045,12.883657389152683,22.48610941125574,45.96125566911547,40.240009260341196,0.026345204881226176,7086.9157052030205,66132.76894666908,-55.65164582,60,0,32.2244945482381,0.5753706924779656,0.006077474792978384,0,0.015823572983645624,0.04551964008576719,1,0.9206129961666039,0,0
威胜,TERM_01696,0,5.672652922266784,77.42563842386974,124.94409051558311,61.2346040818037,57.11805675295459,59.28041852094002,59.09821262378509,0.13251052434920418,295.6566750689277,12199.882733494162,-114.2113296,344,71,457.1910410538491,0.1561137605589888,0.16940852267567288,0,0.25063099857134263,0.12394890646752046,44,0.5738164829365764,0,0
华为,TERM_01697,0,3.956670680007501,34.135672107780294,18.514483946673966,23.362165219129686,20.059705286564725,35.61478215521689,29.732869583486554,0.019220056075379924,8091.104640242016,58866.65713899072,-69.39810791,86,12,63.72856387364537,0.7630543124362097,0.004547254022874616,0,0.08147310555463726,0.017284260736421656,4,0.9593550678237476,0,0
威胜,TERM_01698,0,7.063135069438479,77.91664624544373,132.27077772523438,58.59073914406033,45.83120195339815,66.00697773243377,64.6247244482141,0.09016038433568062,2130.7472101473004,6663.924719519507,-105.5341696,367,64,431.9778312321095,0.23574338154211288,0.15171148468039852,0,0.21978312776085115,0.14452181901846778,36,0.7088926640320954,0,0
华为,TERM_01699,0,3.33164136423771,25.193619658670126,46.2251215967414,28.60128709396032,19.521488285026024,40.96249549052193,40.727044725520685,0.057884650624535544,6096.152726885995,55737.89395527197,-63.81268023,114,8,91.09077651108402,0.8526928225259186,0.00111019993554283,0,0.11106181449244237,0.02512059959727935,12,0.8907985288658619,0,0
威胜,TERM_01700,0,2.4329189850260025,1,46.31490112396263,29.073627375559703,28.547810816282542,37.03854395715284,30.88382666658732,0.00028347652757420433,7128.661353504296,57019.52729246315,-62.47732498,68,17,104.92879721923563,0.8086628243896523,0.004818312217584032,0,0.09907136905933464,0.022015231726170127,3,0.9436977712695587,0,0
威胜,TERM_01701,0,6.655711499162175,59.5452173561278,95.27363115805119,46.989822956576646,34.75342609058554,67.70191628384262,62.02585727543383,0.08096808815790044,2340.744505179827,23908.82784438334,-86.69249546,280,51,296.7806498520099,0.42786619125953335,0.09846058747982915,1,0.14563599159111604,0.1622454608135746,21,0.7257130512215816,0,0
中兴,TERM_01702,0,4.374204318847649,50.443815662900164,18.397131413912184,31.77171323594069,23.13180744371096,47.28091752113225,43.11376179356469,0.038982935937228305,6316.660184560139,58601.82701282641,-70.94284332,50,19,86.06629626125104,0.6984624374187842,0.05950439343699834,0,0.11747446689490879,0.054207041369717344,4,0.9004993818918527,0,0
华为,TERM_01703,0,6.294955013689469,83.13410603300657,100.04359330288155,47.235015589419845,45.07436740110755,79.65529803591212,81.50972578940778,0.07562424144395771,3198.3335488878415,31239.350173655264,-108.8442411,241,47,295.1895517018067,0.37195496838529457,0.12345045097432379,0,0.1625500268964092,0.15612387217805293,26,0.709419079961871,0,0
中兴,TERM_01704,0,6.207190166411913,59.99925657989486,73.40143808447769,41.715548649798734,40.76112031457403,67.4538765259538,60.39418696017799,0.10633317079071845,3549.312234708103,24317.931251304617,-98.39494656,204,36,283.38486265175777,0.4308023848441265,0.12255394998261523,1,0.13604905824153513,0.08473230167964835,19,0.6716445400696301,0,0
林洋,TERM_01705,0,6.360817273588736,61.25711548970847,137.70258340543342,50.55587603081621,45.010555051626625,63.657001246025786,65.48350440099858,0.10491280770397853,1917.6912586610317,21101.81859389347,-128.8640414,311,71,375.06571961093357,0.2774304547776133,0.16081812054130384,1,0.2050092568671508,0.14178911249280776,36,0.6653035257416768,0,0
中兴,TERM_01706,0,7.819130837904103,91.94246498742153,126.45705671257546,55.213505145572014,50.82699548929631,78.37172448627074,74.90248919783858,0.15876952782721837,1036.5405803440094,13214.958095976122,-105.6790968,386,95,449.1965417417276,0.27071434320146887,0.11915726508112875,0,0.15716843041245673,0.15741493366842776,22,0.7142864026746247,0,0
华为,TERM_01707,0,4.034706657479691,49.42062369335356,57.53843111625581,43.54680175059257,39.14865058197667,53.353818681968356,43.93415308092325,0.0431659299167908,5341.31110879015,48964.06106647678,-83.06137286,240,22,193.967041085125,0.4996880527727878,0.12815749319175282,0,0.12172260941516301,0.1010400566045733,18,0.7350372326378736,0,0
林洋,TERM_01708,1,12.326815121594262,83.83294798720515,133.3119929073017,75.32825830353949,64.16141089498885,93.84195720936185,88.58999410199024,0.1436295788107181,0,5156.076060857125,-112.4811679,429,89,508.4777330333146,0.19958555002577832,0.2202377458146887,0,0.15552206976922328,0.2141989893775173,48,0.6850159514265739,1,1
中兴,TERM_01709,0,5.948163738198023,49.02945210090005,96.91425068370042,53.29527552140615,47.92860551029415,57.284652841507906,45.56084863028575,0.07957998206089312,1671.7637913085782,20281.29314936983,-96.20625352,292,58,380.93970434379264,0.30146461932089513,0.15208587010543712,0,0.216886992469023,0.15893096630081227,22,0.6680811253616122,0,0
华为,TERM_01710,0,4.257462047499126,85.89480381309596,50.61094702735779,42.641193047638964,38.850662020831,56.69964000066472,43.62359637098464,0.10815111612097852,4156.212105568683,36850.27380447973,-90.8040999,234,43,269.2618425490312,0.508706458175228,0.09241566494535483,0,0.08615842568749513,0.08407234318375885,18,0.8064389098791287,0,0
华为,TERM_01711,0,3.8021705225305915,64.16075595889629,36.12976634223054,48.6290266369103,43.18700126571953,45.5353482584872,44.176443749811554,0.06684210186498879,4780.3349790253305,37425.87213967004,-92.31769725,238,39,288.41098751853633,0.6247707125008828,0.14587937935371176,0,0.1337216269823202,0.1272804959478818,15,0.8604872344463856,0,0
鼎信,TERM_01712,0,7.888931440000816,93.21335094439986,69.20961518492241,57.75431959907745,43.126509510226434,61.44918412629601,61.23579765412464,0.11432552670122885,1460.709750958511,19073.26619985824,-117.4987874,386,88,396.70580527944173,0.0380618524493605,0.14514815159212838,1,0.279578774887644,0.15734438708439624,35,0.7387888378245576,0,0
华为,TERM_01713,0,6.098029230810552,31.932598597765924,57.93039231143497,25.73165747352322,28.40988764862758,44.02342503347305,38.82528255521154,0.054050845385069934,4998.306746818418,48685.53463892312,-62.77728759,143,24,200.91373477932342,0.4120766245295538,0.11333701283439787,0,0.11103145235213721,0.09195146234030857,3,0.9060407438330885,0,0
华为,TERM_01714,0,4.504887037066496,29.925642607219306,19.4673413489665,19.12158164965797,8.654718217922422,51.72706585853361,47.01315406285063,0.02417324211075457,7988.934610377383,59930.677519219775,-64.31655354,51,7,86.0423033556558,0.831393721809207,0.016388310004892364,0,0,0.0012260536081828213,0,0.8684218106137289,0,0
威胜,TERM_01715,0,0.8714862526325313,27.601491670365608,46.263570208106735,39.67358577865676,35.03422707103566,41.49226979869673,33.03168779486726,0.0398072384056509,7054.185591670914,64522.49542696735,-65.38128615,35,12,35.43615957036277,0.7998328759575928,0.0821806447686377,0,0.06290347711425634,0.03501042730723424,0,0.9630735642034945,0,0
华为,TERM_01716,0,8.16778338726168,81.1278386170594,107.02469626100844,42.519058192116916,39.128011804300286,35.10865352862599,31.12793007943254,0.1249664440656589,1598.5214998312786,23434.01703951062,-98.53652125,279,62,365.64993992975343,0.45433712147397043,0.1609571740681079,1,0.1750235170582184,0.16254171816408838,30,0.6733432802702438,1,1
林洋,TERM_01717,1,7.385971783386415,108.79988809332734,119.49913693791298,63.64924216926441,56.37513441649853,70.13864439772722,77.02751702291395,0.14226069986938172,579.5784709692018,0,-130,371,90,481.0140191222687,0.028230236702348005,0.22274996276989323,0,0.28225382646944863,0.19897881631281494,34,0.5610166790124385,0,1
中兴,TERM_01718,0,8.381137260745957,62.42053964996711,92.41703266781452,48.623935995591395,44.84647994086719,57.22804494398669,58.2862252655077,0.1366944261348761,724.6192023890552,2465.4858464951412,-117.5447359,368,79,503.7288037257102,0.20817682403374305,0.19076330930002225,0,0.2264057670817063,0.15986591550049206,29,0.6009971526499726,1,1
华为,TERM_01719,0,4.3301490224562755,46.92367626973615,90.11524617428233,54.87083008132964,45.99448277145283,52.1152283870125,46.658884413451304,0.0028798999029898825,3143.680135537612,33365.93024827493,-101.8224565,250,52,295.40099704355055,0.3792903751670399,0.14409304566223669,1,0.2098908427425477,0.1469446655075034,24,0.7980064515611304,0,0
威胜,TERM_01720,0,6.7477854466450635,82.59224947373255,66.0774392752268,46.5507440905503,52.28623644326558,72.95933095615987,66.98019482759436,0.10225213324438662,2497.9871400600664,16281.834837029877,-112.6578656,281,58,376.444698772339,0.37120868988751565,0.15698103609015196,0,0.21370289953373647,0.13271101413024228,28,0.661972532257306,0,0
林洋,TERM_01721,1,8.083792620645587,77.86698448186594,65.72772781440777,58.08362193529448,51.78108316888628,54.309127957342845,47.05078192871384,0.18389540924258282,485.21076473297524,3419.8326812472114,-117.9069043,459,80,461.3562127249778,0,0.15790040321009088,0,0.2708128322711903,0.13597218187049587,32,0.5836259113497283,1,1
鼎信,TERM_01722,1,5.706535183774106,101.44660610408002,114.22964624581971,57.730354895941986,57.225402928281554,57.33021012366428,43.863805988621706,0.16190784467847363,43.65573476293417,4185.59950360761,-118.901037,409,75,474.3089186414099,0.08770610424707645,0.23082769072893647,0,0.24382803656403476,0.22899572929985437,33,0.6839519504028729,0,1
林洋,TERM_01723,0,8.125140559934257,75.21940762247954,80.14713931543673,58.790531794482064,48.32738932234202,48.80293559607111,40.90545851270076,0.09943653277622558,2.523201572304312,7095.820333643012,-128.4431499,416,73,392.91262438055674,0.26321970352049373,0.5510059017264769,0,0.5335372842209969,0.14627704559847296,26,0.30334204398657993,1,1
鼎信,TERM_01724,0,8.154168781631077,49.513153688400436,67.14034187032557,48.94080220366393,47.54719176303589,55.24816057306672,54.293551328087474,0.09486401280979422,2321.5904183249795,23398.427545875144,-102.7234629,316,55,324.62284587192596,0.2850776437384392,0.14698452503536444,1,0.16116064309197933,0.16773631669513483,32,0.7414577593762495,1,1
威胜,TERM_01725,0,3.087179722816402,9.349860150532084,57.19449670055096,36.274057374882666,27.688025555875377,25.97398303776052,15.38187345691036,0.023579205689398693,6423.619595704057,52858.683694699095,-68.97597543,153,12,121.74520475876066,0.7157466759573876,0.012875819340741994,1,0.006156118288123125,0.05336482903866722,16,0.8242490589999959,0,0
林洋,TERM_01726,0,9.410643550028434,89.91648459476329,100.34081298355015,61.04474413606571,49.07901371583182,50.27011111588125,43.58976718877446,0.16741239687804588,645.535203237991,0,-109.5665073,335,86,461.00423083607967,0.1879325992043163,0.17578919450225589,0,0.1830985686442919,0.20047674076827945,25,0.6169621221256464,1,1
威胜,TERM_01727,0,6.412704394245731,82.43094555482861,62.71500468345671,53.56961624202767,43.24419932877798,60.10260196028075,48.39351510700361,0.14866087010512974,1002.3196829737092,17630.56416551966,-108.0695529,301,56,420.8081720408379,0.3006063290419125,0.1728309995569581,0,0.2070589721076478,0.1373652333015343,26,0.6658886876828627,0,0
华为,TERM_01728,0,8.238291980874031,92.46557995094949,49.849543145911746,58.3038615928554,49.064310029310946,67.09327770805473,66.80594548838577,0.10239445945148179,1807.191995588356,13896.770855639845,-106.1354954,281,65,450.1545106964062,0.1510029355504091,0.22069282391160772,1,0.22284052946372715,0.19456527736096726,32,0.631507134285096,1,1
林洋,TERM_01729,0,2.8484953733438267,73.64219118781244,69.69578004848353,53.445291238984645,49.002557225061004,50.250788314654,37.61139854582481,0.10774445606551174,2877.772521214545,23545.04258304803,-103.0618219,234,45,365.04859665684774,0.30437501073470447,0.14334431461618213,1,0.18934805751535985,0.12893599045883064,20,0.7023094544939833,0,0
中兴,TERM_01730,0,10.82765998987406,24.29922559165731,132.66841004791365,51.483615447748676,60.86256486822199,68.94143128763686,67.49749873120788,0.09730820512531568,1517.3453937308564,0,-101.0760519,321,69,462.19041530669506,0.24630823973643706,0.16570931153231053,0,0.26939732722275955,0.1677702897045261,35,0.6022537198879633,1,1
林洋,TERM_01731,0,6.256981184815951,51.04577281547134,74.10257318743622,29.63561900793321,38.313997532626416,47.85384669519142,49.025690355629905,0.03819006312334705,4952.170403206362,40252.358945065644,-72.46395563,134,32,188.5376961701278,0.6910306957063828,0.060644390111417854,0,0.11139952442365719,0.015748120552230627,13,0.8287475429144722,0,0
华为,TERM_01732,1,7.430357108661331,66.47325062452651,138.681324339907,71.46539582832209,64.85613513876858,74.56907701958721,67.62882194416038,0.12897756079037534,279.95223991276225,7977.494657089379,-123.8233916,392,72,460.069935186923,0.1328248792361802,0.17669114481808534,0,0.2579483821914625,0.14710950291501032,39,0.6653202368170993,0,1
中兴,TERM_01733,0,2.982677267176997,37.96035611093657,83.53285897601027,51.922337192768154,51.71943512643328,47.58144865502369,38.45990816226756,0.08088438443243431,2965.4083779211974,24893.38325466343,-101.6547284,362,39,344.842345300571,0.3471017463280038,0.1917955939163106,0,0.21369924432688936,0.16096681449705344,35,0.6364788470521757,0,0
华为,TERM_01734,0,3.5241205372534976,2.9185905387889832,31.102705972717697,30.515716066060396,19.246830705152682,61.20999278745355,59.060700507483986,0.04646795579233197,6941.192441082027,48291.57583855241,-63.69258039,92,13,96.36267704766016,0.7619005742679215,0.02082076002655934,0,0.0029792507082536945,0.03276579005155579,0,0.8797079216241103,0,0
华为,TERM_01735,0,1.212757240674121,4.881378625360739,58.58856788829465,22.77753811522276,7.257226427170355,31.648619365809495,36.26317023956793,0.08264273065740615,6570.269673630405,54838.75211645175,-74.13558738,126,19,102.94222562283296,0.7835957653863739,0.04892822308364328,0,0.10946830844980805,0.0025119505529071495,16,0.8455368412965628,0,0
中兴,TERM_01736,0,2.6728425586366535,24.249564472239662,53.847953780119525,5.731101794929064,3,28.778352124425986,31.828417490725915,0.008321587733671549,7386.178573628344,62586.12137227129,-70.50071157,9,0,5.829390522050059,0.9153841738569187,0.06287125504204914,0,0.08285593673855082,0.0014453413130488743,0,0.9207817234935146,0,0
鼎信,TERM_01737,0,6.1740722946478,50.5273464051388,58.29871208653389,41.370142540056044,39.10159112460095,60.897299931728966,55.45473728409465,0.06134185073058029,4218.773325059592,26138.418212217774,-91.16539524,202,62,312.1115970846081,0.3313272600204621,0.1612818670013171,0,0.18911675320479512,0.14284922109950812,25,0.8401656141111177,0,0
中兴,TERM_01738,0,6.02102310009284,60.59991225664679,86.7462475259069,52.59957942452322,51.51586034475026,67.8713264865217,57.57223106963222,0.14301618562772378,251.59228091301918,8381.406406750764,-116.9253337,376,77,451.70527246911496,0.08566582496404426,0.2524763270089828,0,0.24181481334551136,0.14710077375218922,35,0.705387501161646,0,0
林洋,TERM_01739,0,9.531387301511392,71.36386850332957,53.96401483606982,46.67032786582442,47.068818783207206,68.97800400577502,62.585449191638915,0.1183194772708778,1453.8317005698837,20757.485456929113,-96.93460769,248,62,399.16544570019363,0.3198714804856143,0.18337449271578432,0,0.22245464507350152,0.18227388151251483,33,0.670431707625837,1,1
林洋,TERM_01740,1,8.535498509819504,73.02335989301842,82.28647328316474,66.60134195048141,59.949114627482764,66.70703897838968,51.567585819532425,0.14356228154803435,0,5921.914060345414,-119.3133263,397,84,512.4666534924626,0,0.20635274654040442,0,0.16293610199078884,0.18248061152712028,36,0.5341714121039697,1,1
鼎信,TERM_01741,0,8.325109496332882,91.43209957951449,97.84158282073764,64.6284369394484,59.98864411937905,51.09002800127006,42.755797252565955,0.1792055155819025,1967.4329066720497,16110.324758051982,-102.4977386,348,69,436.340239193027,0.315206400543516,0.1844340877591684,0,0.20306517687270587,0.15429031005810429,25,0.7424674909024278,1,1
威胜,TERM_01742,0,7.482553231194794,105.5614018239059,87.5088273560805,65.33750729358019,64.44370114198213,51.65345090136148,49.35672657552489,0.14494003305938297,1532.0669480019774,9333.266408565873,-94.09810964,352,71,498.466853603284,0.09653500207706717,0.15372847641247409,1,0.1786073502215513,0.16082805841740164,34,0.6510128770904611,0,0
威胜,TERM_01743,0,0.5680461289656886,24.801509138899867,64.7876805594304,19.76314619571956,20.7304883384556,56.82888707514489,49.62264457092548,0.04334574075794072,6861.992990505606,60527.10475923253,-52.23279456,56,3,50.73778261759988,0.7153272474147245,0.037730343666335445,1,0.07067967228136061,0,13,0.8519179316307235,0,0
林洋,TERM_01744,0,8.826007316848491,103.18310306383118,117.12027330778471,60.03338429576531,50.497716046953535,63.23206989437383,54.629375054214265,0.06778167752422898,70.40823649106403,3724.0172067253443,-115.8635862,344,93,438.2586045797317,0.32047484473382415,0.15181420614331617,0,0.18634070192352034,0.17145673480723564,34,0.5918545032141548,1,1
威胜,TERM_01745,0,5.387989305545831,84.89190279269715,73.3847524451501,41.39174507279312,37.44513212675377,55.455067882174305,50.122136255970915,0.06962934197709583,3479.207132384062,26486.569776409047,-92.71141686,224,51,355.8319636440946,0.35329234346410554,0.17670556615972305,0,0.20309098508492163,0.130884154445858,20,0.7339685401818284,0,0
鼎信,TERM_01746,1,5.583780487026029,87.40104101020289,96.53846104752353,43.06077748607303,41.308541933324435,86.07987657000731,79.46375366996756,0.1576811216594443,0,9468.537935322734,-115.4673338,397,77,454.2840622611908,0.16687841649032284,0.1459945947954565,0,0.22120194700571255,0.20079960464819008,33,0.7070867326552348,0,1
华为,TERM_01747,0,4.064521781245658,46.42720054238734,45.78273613039941,19.63140847517866,15.369171404715834,30.29176963533569,29.824728477917965,0.01936526014958121,8360.87818824802,74204.9264586127,-53.24781661,38,2,5.089473216786425,0.9430352175633162,0.013719392372192192,0,0,0,2,0.9294881845307632,0,0
林洋,TERM_01748,0,10.101283364960018,68.45041090669356,77.1912310448502,63.10028335381749,54.990065981607216,64.13008821635864,51.16955101309204,0.46856885867351283,15.905272355947586,11719.127259388282,-121.1892123,419,61,403.0593481250012,0.3558492670740201,0.6034032114063377,0,0.17380117121076785,0.11892354731208854,30,0.6838180749971429,1,1
威胜,TERM_01749,0,8.472101941651387,1,21.21968684405398,92.16803880735091,12.857046358957106,25.128759420772482,23.287564808460584,0.025423951465779367,38.80015967954245,69293.2934370579,-117.882796,2,4,522.7765197947002,0.8421856546034143,0.05259554343260989,0,0,0.07312956060597678,1,0.3318623774972774,1,1
林洋,TERM_01750,0,10.556909290704343,11.84884329640278,30.918687559097293,35.331233072735024,32.97988259285316,29.459162521732694,24.182332326990053,0.06814803473362763,6526.535186991197,50823.578083251356,-87.52356757,26,9,128.25587247036034,0.7408642715153093,0.06409326194215476,0,0.07624762285420082,0.06379579527207167,13,0.8978713511862071,1,1
威胜,TERM_01751,0,3.8040536197730264,29.434014659588353,20.090846129264186,25.7890322224337,16.985773077352007,63.62241112012647,61.22808008409371,0.03471377633467461,6040.547180551945,56803.24839784104,-73.197081,118,29,135.89711665474428,0.6681759198259039,0.06911973277343975,0,0.11578902749018087,0.06703153665293943,21,0.7712510408961382,0,0
鼎信,TERM_01752,0,4.917196213972748,68.7064648985457,94.9612319677381,48.76052152611481,37.77432732961665,74.38230978196457,61.04769790244971,0.0726938288283957,3502.8702225616844,37883.66366780534,-106.8385722,275,46,267.833098300778,0.6268148515768439,0.08919302904789853,0,0.13208973656633616,0.15548991168314952,26,0.7784726205945303,0,0
林洋,TERM_01753,0,3.704175399260561,33.59272625705817,57.51071811002992,35.716957808234014,41.01467191756374,60.66799170440372,60.96626963918166,0.06415062080863526,5301.937587440555,41781.57293782396,-89.33467539,142,46,253.57756600835452,0.3849010096471924,0.14227890324002535,0,0.06880550125356116,0.0695332004007918,19,0.8075001364201567,0,0
林洋,TERM_01754,1,10.432828937072292,79.597049324543,127.17647049194802,72.03498392559288,67.97263272710754,79.74216156782983,78.00040483286516,0.1644122399603308,987.5563172276413,0,-118.0758787,456,85,463.36631666398597,0.0902003152805976,0.17144715424551007,0,0.24861282334488177,0.1644464204103615,41,0.560075584223201,1,1
威胜,TERM_01755,0,5.153104790999295,51.69659315781594,97.66272683942276,46.31555668450664,46.007308249628295,67.7630544633764,72.80229952721189,0.09369962387965233,3231.7336416928047,23428.2551324105,-94.88697779,231,62,360.8441048926831,0.3221630399093351,0.13754934325222584,0,0.18709351215836773,0.16792109593586108,29,0.5302319752931278,0,0
中兴,TERM_01756,0,3.619181511236661,16.229708262188694,27.793804948922666,19.102760199036172,15.150241437677572,30.61864465632727,20.6222232348174,0.04763402634343962,7323.59603239736,72749.4034967961,-52.41707648,51,2,74.73285448316813,0.8222893200489412,0.03536023601966075,0,0.028970485976152562,0.08860840782008986,4,1,0,0
鼎信,TERM_01757,0,5.947708020911946,95.98260227500359,97.97504534939178,63.68159314472676,63.93318017491166,65.82826783505847,57.31841121730935,0.10722354342276513,1771.101883410462,9065.564828767958,-108.3975014,348,66,431.322265991353,0.1462294487345302,0.17970832356631916,0,0.1741084175457048,0.12040967163283794,26,0.5838051554370068,0,0
威胜,TERM_01758,1,7.173412497568723,93.77548584579263,88.5015489489521,54.47777832684571,49.87367064172057,64.16811925222865,48.46302336903315,0.13003679098461565,970.6435516329342,6317.387347547373,-110.601155,439,86,506.4818336361489,0,0.18726921495321294,0,0.2961970845240946,0.19395391210160945,32,0.6710297454344306,0,1
鼎信,TERM_01759,1,8.34029459591884,67.28589497570321,73.18251340331662,53.66879455676604,51.604361800044245,37.07284504071681,27.131254969701182,0.19227494865511285,1380.916573600941,13619.223565075908,-107.4459038,338,66,378.17434151699604,0.1374044432386467,0.2069546263598713,0,0.18211437740614242,0.17294697906886453,29,0.6289725382883671,1,1
林洋,TERM_01760,0,1.604074339352983,40.338578950316005,46.75279992539833,16.60380163024019,6.0561498449606,47.20845279110555,50.81427770658948,0,7652.949482057755,74687.71402627355,-62.58392252,6,0,24.32713238397684,0.945779484483059,0.02688897758393588,0,0,0.037381057022377415,3,0.9588911987497901,0,0
华为,TERM_01761,0,1.5157332271745716,21.81911869352215,1,28.212282349571698,14.386676923475546,41.26357064667272,38.03394782906685,0.03631982140563936,7946.523071719514,63277.00083291591,-53.34526084,18,11,25.91288125446915,0.8822557983543613,0.07367390848380889,0,0.030977282784787622,0.012965620757462605,7,0.9735600096180608,0,0
中兴,TERM_01762,0,6.556829122256996,55.3437567416162,73.77433819314724,49.42585121418654,42.04346200841626,38.497269363234835,29.139127875093983,0.02248465834447934,4280.1919525509575,34992.73977879947,-93.29756643,175,46,229.8798568837246,0.3782442974698782,0.0781306842589723,1,0.155872373489889,0.07667287140853615,17,0.8660759457110185,0,0
威胜,TERM_01763,0,5.0341705449221035,44.585832726059415,35.090778881661905,18.857606077276074,6.728636723541494,35.11922597688948,30.917774141419436,0.0446337384073657,7106.031872205336,55216.18699838069,-62.97800952,0,0,69.4707220424861,0.9294692924268876,0.05498406432385068,0,0.07182613584218639,0,3,0.8585823269852022,0,0
林洋,TERM_01764,0,8.013500029736097,73.73611184173134,117.44566702577252,58.01381300984456,42.42890420560302,74.95961827232388,69.59031575428995,0.20850469779332886,903.8895919084981,13322.2566166143,-113.4996702,334,70,381.2063602818795,0.3841980931181428,0.14922543538686617,0,0.15106069494140983,0.23015098339845974,32,0.6536539063005622,1,1
中兴,TERM_01765,1,13.67506645437629,102.49648355586811,128.5295790770273,64.40061371992485,60.9093521286326,70.69584071491109,54.24105409279055,0.17921702105852003,669.6589542896222,4512.634641876925,-130,412,87,443.4898697471707,0.1383480915362091,0.19210931212249996,0,0.294794875449695,0.24316602344777288,37,0.5580356792619149,1,1
威胜,TERM_01766,0,6.804007346098531,97.65633073534093,82.35654658551745,58.14240467825104,44.29559767156782,50.503407475953225,35.13446597588206,0.1801068718966108,479.74643589858937,7237.438233675589,-112.7042542,407,71,449.8938798282461,0.19151064931014983,0.14712778764353182,1,0.2426463555688086,0.165439404729448,30,0.5728776396020274,0,0
威胜,TERM_01767,0,2.2708028777756306,19.577675187335142,60.09930979350494,33.210929103415964,32.95840737981963,23.74854652807946,25.389194279641057,0.010639227990102747,7976.937785437693,66160.54641525871,-55.48309962,0,0,38.37066398003104,0.8869872536500436,0.06577211444522538,0,0.058367395619871906,0.023234119016962734,0,0.9458586178982497,0,0
中兴,TERM_01768,0,6.123772267712897,41.55150063226317,34.88254611216566,56.42672483139314,58.63265266542274,74.82004206775349,74.2397066529948,0.12325685390613825,3239.984390452726,25808.530578190937,-85.2549935,292,41,334.33824050634,0.36418083500870724,0.17049915203975455,0,0.2696162917665799,0.1091110671602716,25,0.779538538558826,0,0
中兴,TERM_01769,0,9.306374205482147,61.397107058087784,63.30703981682163,36.72554392085602,24.510595277043738,56.261967863156585,42.354788304423124,0.09987319887565678,3728.360746365871,27657.254401643495,-108.2111228,235,48,260.9577242664916,0.2826415945056613,0.16273672315779164,0,0.18986241011084756,0.11508112448573218,21,0.8682711835776061,1,1
中兴,TERM_01770,0,6.818742501192862,80.62429727089435,105.14640397888203,54.56383547916525,51.00716356189505,67.36791518912244,61.606714508895124,0.15790990521901027,3349.208813685312,31361.07437058913,-101.1600408,268,59,360.2184509688521,0.31550108665101795,0.16087578660104687,0,0.18980234901586385,0.1257969943455049,28,0.721170487809629,0,0
威胜,TERM_01771,0,2.1935208117410507,33.05778057708493,22.162687499808264,24.487930727929154,28.77760145473637,53.764014793768546,44.469785797439535,0,7885.355940462448,62475.551413470435,-46.68289193,31,0,13.137148422535047,0.8869559099200813,0.10433260288065191,0,0.02335559557105285,0,3,0.9426869427150252,0,0
威胜,TERM_01772,0,0.5,47.163284358765026,36.92116608355103,22.81464874691348,15.454751557926619,31.166208164120217,32.69923475651098,0.048643586357833606,7720.001162940082,67287.6776180064,-52.16514428,15,0,0,0.928787528137267,0.030227568538381024,0,0.034534690547776,0.019780156814824406,1,0.9421955296127421,0,0
威胜,TERM_01773,0,0.6365016465649234,12.99272955438946,7.890150615708105,18.34173984252015,16.395972121899295,38.69488143601172,36.380296504545875,0.023528547363731056,8004.772610451349,62789.63497232382,-49.52884287,4,0,16.598149690147974,0.8774551100737643,0.07148534437006485,0,0,0.022378293078221343,0,0.9564331361898335,0,0
威胜,TERM_01774,0,5.182641162266612,77.6425724396648,92.3088031590728,34.40055989836816,41.365077438689994,38.31014334720709,26.682513622274847,0.07452193656023254,2293.321397079386,22500.769281790337,-86.05672816,314,60,371.4035276636136,0.36722898483996014,0.137869238708013,0,0.17780706269086427,0.08705686198676726,24,0.7328236938361209,0,0
鼎信,TERM_01775,0,5.640872587815162,48.65754010499285,116.94235261399996,47.26523376276539,33.87948937526822,50.805333357933556,46.52677836387737,0.08926992061339248,2697.651680200405,26677.026608403616,-101.7422497,204,66,302.97061442482146,0.4035046177896321,0.1508128771064707,0,0.23254931783035954,0.10897390610926219,18,0.6734763803732358,0,0
威胜,TERM_01776,1,10.73032292016181,91.8151478901733,115.960596553485,61.77230554585671,51.67588497080736,75.15318642345092,69.90652203046673,0.09955426222750831,503.37824967947205,12210.916064184747,-125.7913382,399,81,525.6795704763445,0.12229454658854967,0.22159615956795012,0,0.26325719456513214,0.1527938664613151,29,0.468332023977567,1,1
林洋,TERM_01777,0,9.540449608049297,40.08818488731752,14.112157405130581,37.961870941147374,35.782326438054376,34.832647046115916,29.602415440349944,0,7848.884616618771,63654.44182048229,-51.40893917,0,0,73.32108368129661,0.8129704862378504,0,0,0.1302253618841932,0,10,0.918966477578392,1,1
威胜,TERM_01778,1,6.496851717707803,100.77314692416593,109.37441740974643,52.99377851826531,58.85597162605944,73.10719147172398,65.04647516147804,0.10836693309707768,0,8458.573125500323,-112.3083284,334,72,486.0494541066277,0.16530394186498923,0.18935912029829094,1,0.2623168755940416,0.18370157834715972,32,0.7121527391774733,0,1
林洋,TERM_01779,0,5.641916839432328,60.174086346863135,50.38436963312562,29.214967922698115,20.658883755458273,63.6127663174693,58.76171844243449,0.07561470290051582,3625.456587779488,23320.292948202066,-91.87050943,224,57,258.558133522861,0.36955690782183054,0.11267420726943655,1,0.16260569622176674,0.11278807303139497,25,0.7604933490170924,0,0
林洋,TERM_01780,1,7.294840064,83.91388722272356,94.42227646753688,49.38642548504834,56.565084782257784,74.5699334439013,64.46531459385423,0.1483049634572512,0,2764.297597059616,-119.3118023,377,69,525.357946462529,0.14812462755376496,0.19393939460056675,0,0.23798782578100222,0.18837617207107873,29,0.6036899369412564,0,1
威胜,TERM_01781,0,7.577583905512195,64.46607816859951,63.25664577949099,66.66609590622514,62.32587664320637,68.0024987725557,55.87565133004877,0.08948358810792117,1380.3636635755909,11299.584682860504,-117.9142524,406,71,464.2079498820186,0.09980759502299678,0.15117691077556483,1,0.29550073038448116,0.23363223734078314,27,0.6519584050768598,0,0
鼎信,TERM_01782,1,8.666131569577221,84.2250013645406,82.61391866722178,55.05288331325065,40.2166049942466,70.71440330416415,58.23511839920469,0.135725111260918,204.88776726022132,6614.595234030704,-105.1544691,383,89,450.1885678740038,0.03178033887414845,0.19881735344164536,1,0.22391106107262443,0.20143509220219788,31,0.5769966910797336,1,1
鼎信,TERM_01783,1,9.45994004916787,66.2180399574586,67.21127984213773,68.55122857768276,71.50363670804705,62.25349304818819,50.95886517292794,0.14883458462398252,1619.399865757203,1897.8676812458184,-99.95437013,415,76,472.4553666906822,0.08978936605702958,0.20008975617469688,0,0.20794195997158027,0.19920657947744957,37,0.6156749313909895,1,1
林洋,TERM_01784,0,7.30770920319743,77.20037698756248,92.8112990196024,55.677645305782356,48.35952603273236,56.937121300885636,54.470820077905806,0.11740440595298123,1268.0582878130917,4227.194265423595,-103.9580083,362,64,471.9695865617135,0.20301084703135588,0.15018536348510536,0,0.19068329549751883,0.18218954969805615,34,0.6405219894667812,0,0
鼎信,TERM_01785,0,10.051522003305672,58.15926590880398,98.13072848523605,49.4897175296322,46.7323439225924,81.18245084319085,78.87928186876147,0.1080795014011221,165.98097401348838,0,-110.368415,341,80,494.37500353291034,0.17312227139434996,0.18891835178556782,0,0.3255566828763112,0.14288757948305092,27,0.6257375679465288,1,1
中兴,TERM_01786,0,3.892431357833301,6.407960826575284,63.323062286247406,39.54652608178937,26.25067764412301,46.01811997635201,49.78127173720582,0.00043555179775844194,6909.345139821099,65967.26918992966,-56.02692318,0,9,40.52395479165119,0.7612268143652698,0.028462722969999982,0,0.055344663617474185,0.03059324069114785,0,0.9246377107794134,0,0
中兴,TERM_01787,0,6.4887788069236025,97.54136662334028,113.51730460211668,67.54180107608663,58.77554315279142,59.48322085944508,53.11240651551101,0.17959603536100083,1018.9487236186997,2540.42607484118,-112.4762638,334,79,438.73603025283006,0.046516245790093474,0.22266270556616147,0,0.23686236777190414,0.18504303155781032,36,0.6313910197401902,0,0
中兴,TERM_01788,0,7.173199811405414,52.80243502166153,9.013830949786293,30.953307795365816,18.468948179162425,46.481693852798,45.69014902084979,0.0015618580448995487,6061.774274466402,53945.65100724125,-89.2337091,138,31,206.98837766031326,0.7486919208444646,0.09311249282092635,0,0.11896005741631349,0.0963033447315547,18,0.838487064094475,0,0
鼎信,TERM_01789,0,3.3453314387523894,25.640411888904957,51.06346787048936,33.67331325466899,20.658345441115443,26.067637433988608,21.35001311309346,0.06457683456541474,7889.489980683011,63085.73659321753,-68.06712284,109,17,78.91782205722438,0.7913590016257148,0.022566059811895155,0,0.05128253844213812,0.01081892855938088,12,0.9569149751138779,0,0
华为,TERM_01790,0,4.528395787862408,65.08416152220336,76.68913891781773,46.19171589101535,41.68191388078244,52.27737649878647,49.074965895344135,0.13918584109372018,3636.736168518799,32314.85237685436,-89.40344008,229,54,314.73093012617755,0.3848783837406925,0.16276785088451154,1,0.13809288189551794,0.1148562270184233,19,0.8241523019021166,0,0
中兴,TERM_01791,0,9.424335691054022,80.67470641766884,84.20255715058944,56.467141678079884,54.30102902215761,69.20266721195813,69.05287179230567,0.11469515131335568,1745.2840169178312,8441.063362582441,-115.346243,359,73,399.4334734340635,0.2697965856648412,0.16680739296342845,0,0.17884430486453773,0.13420102403350775,27,0.5770802329394698,1,1
中兴,TERM_01792,0,8.601836299316076,67.56524160121585,51.90628536401161,57.33303936075055,49.599248620690275,57.93219576928819,56.424478252752685,0.10512494807509716,4164.690536397745,30862.289691528596,-91.51259442,231,59,289.3853841809494,0.35899457017884906,0.1264498670733741,0,0.12396543475810548,0.10296831300165599,23,0.7189023117767124,1,1
威胜,TERM_01793,0,2.3285455361878733,29.710723979392903,42.630694179263706,10.363482719640425,3,38.36322914586416,34.013869084229,0,7633.176833661778,67038.80275231184,-49.84025672,0,0,0,0.9352625410439337,0.0036305219488744246,0,0,0.020920096661581313,6,0.8170129967233799,0,0
威胜,TERM_01794,0,3.8932398465325546,30.8500395919907,64.63480904155682,34.78899045433463,23.408462085803485,41.61466980631296,32.93321428996728,0.07983476682707204,4583.412877694664,37117.752299073465,-74.31050485,192,35,255.69606997851096,0.5929203090730988,0.10552800216461697,0,0.1294727969057901,0.062022139964841044,17,0.8203954826252968,0,0
林洋,TERM_01795,0,7.073937371875229,45.56624343291579,90.33302793151725,55.7836868460574,52.6418350362226,55.24174713883615,51.89653759332235,0.20121823564143076,383.67013189791146,14439.338091151034,-105.2713697,408,79,441.24883978262125,0.1663316015854888,0.20831629002423252,0,0.1631754239004855,0.20325462042087752,30,0.7012856277874829,0,0
威胜,TERM_01796,0,4.733737233324809,24.13246758695967,35.2739424021214,33.7535432804178,29.30699613315223,54.19275208582402,57.37855910278674,0.0869061101423968,6638.665327223713,55020.88729461164,-70.73158911,113,23,80.44865708851935,0.673471890532057,0.0626308058607856,0,0.11290125767026479,0.038737628179894276,13,0.8586454211557684,0,0
华为,TERM_01797,0,8.605332812635154,79.38286368475137,39.83949764536406,45.26640563471243,42.20677900114435,82.78497673183924,78.83697111545004,0.11828997302689559,1115.0161379468018,18955.878026403498,-105.9085404,382,62,416.15346236461073,0.17570304347137836,0.2260647335317319,1,0.25735694491678973,0.19782961237996974,32,0.6476165436398368,1,1
威胜,TERM_01798,0,11.633421643363581,47.66628798863644,40.683386649213254,34.91459731555825,37.70662342858909,47.1313697248909,39.7593242463926,0,6534.859197668367,60709.73937368604,-69.24730075,90,19,128.46648245808046,0.855075296303898,0.08119821255115371,0,0.047581270746682114,0.03922630916308613,8,0.8548598797203676,1,1
华为,TERM_01799,0,3.024706526291156,33.69014868607558,11.180170899764027,16.582415230104388,14.459162966010418,38.36436950151005,38.2927713186467,0.02153931236867532,6540.168721213133,69669.67328933446,-50.8233072,72,9,73.40920332074731,0.8182190529744784,0.021131455911324596,0,0.07544244920790286,0.0305884018674733,10,0.908521210236307,0,0
威胜,TERM_01800,0,8.656293576792262,79.45720085818294,128.4002636770469,39.396741550703,36.441888540765476,72.97110982558353,59.6603694814759,0.12108193064156535,2833.653600556855,28289.132593560986,-115.4933238,274,77,348.7760827833764,0.3554875872939676,0.16012126860682666,0,0.2207396844040013,0.17653444749332206,32,0.6890470827250601,1,1
林洋,TERM_01801,1,7.201559131017496,72.7062704854235,98.1516320858668,55.79914507567355,62.642727401647306,59.65817030969936,52.49844928928741,0.16396734740042337,1032.1783141665233,1882.7646493347734,-115.8902638,397,85,481.53955951666103,0.14942513548435254,0.14882502545125542,1,0.2981161199739027,0.20788395919871508,35,0.6734061858624192,0,1
中兴,TERM_01802,0,8.80991780977048,80.34701919975294,111.08003115837413,70.25427803660747,63.880355857607135,76.23459874384092,65.34994922293103,0.1295394438407381,630.8302945300785,1744.32138283722,-115.7909372,312,81,434.6672479876292,0.19817606492561896,0.14891798291208005,1,0.20740169163380717,0.19049967276240956,33,0.7449559419501648,1,1
鼎信,TERM_01803,0,4.437423164719732,54.459975451402414,73.86274705253119,59.46324422703222,66.38162113072323,45.77265829181008,40.04374150861218,0.13053649469206666,4529.218230251646,45455.22849228117,-80.62715374,207,40,247.4407573267986,0.667725807379067,0.053877246418436636,0,0.0787144313758477,0.0531603974519113,16,0.8604875029135386,0,0
威胜,TERM_01804,0,2.983272085530708,12.59345331840083,41.59925502156113,26.153095092188597,28.272513542968934,31.489107075603354,33.96798708326882,0.01883512319775856,8049.008597904942,70040.5094425856,-61.36393082,68,8,42.64881554979504,0.8260886778163183,0,1,0.006120837603356709,0.06578985241055113,3,1,0,0
华为,TERM_01805,0,6.024576165799066,52.89733489666217,78.12632648728811,46.060549097757395,39.57092205297243,56.142450880172724,54.98772870371158,0.09362033243723902,1883.6351029593275,24165.640201608367,-81.09994823,338,55,330.086091671251,0.3582233012123745,0.13695843790788553,0,0.11734909970965499,0.18890898461127514,29,0.7379885364304596,0,0
林洋,TERM_01806,0,4.3299122497205085,44.75955612005621,47.14577018923324,37.34177174052563,36.36596594638305,48.067926215572214,31.860183529626774,0.0820556957904426,5202.36545724239,40097.03739531035,-73.82253845,134,27,188.85888344838523,0.7430840814114592,0.08671562683417432,0,0.13756521102502353,0.08352958957318507,17,0.8260682143069671,0,0
华为,TERM_01807,1,7.365850172066908,99.12439461809215,54.59514115024788,62.22547914674768,56.149474842655934,78.75230694695368,70.04002177905534,0.16941334589936316,411.2564130554461,3279.9074556356827,-127.2513327,413,73,477.29511697537305,0.21523719067674266,0.20477387959502064,1,0.11865385495277792,0.16805412857423888,32,0.6031864440605698,0,1
中兴,TERM_01808,0,8.640713561468173,60.36577367110271,72.24194560763789,62.554073228122284,50.37209618239658,48.92670551328025,34.93231712875938,0.09499495005883488,2247.0125569526354,21645.2323481233,-126.4155481,292,80,369.13796421602325,0.3138860080379275,0.13180884522381192,0,0.15942625518772094,0.12136653620677365,24,0.6989008558710323,1,1
中兴,TERM_01809,0,3.6427200222463103,48.86838160139526,72.3311513039076,28.535539899506574,23.495343623898517,44.951507209082834,46.301242277676,0.04582421286203568,5437.209768539169,41801.65913017686,-93.80977357,192,41,214.6697403437692,0.41360530848393645,0.12727572622676225,0,0.131022940514182,0.09220330268891995,13,0.8069570451882725,0,0
威胜,TERM_01810,0,6.444581215255392,105.13235644603941,87.67767825598146,66.58858240314436,54.2529507548518,69.50024980018017,61.00544681114399,0.09035636342319009,2174.2571821920915,2623.370950481834,-110.6866261,432,65,459.2002984569525,0.332846572630324,0.18023622435180117,0,0.1905600388150999,0.15284322680405962,39,0.6921813722481788,0,0
中兴,TERM_01811,0,10.52179857670977,74.51347632944096,91.0076404305321,44.18815434059214,40.35297809931674,71.73005056882785,67.18540749347697,0.12593882693684333,1597.704042217225,15908.148774155314,-114.9595227,387,80,431.790865750883,0.1687223649483673,0.18951571845071527,0,0.19140023883033408,0.17251855809631855,23,0.6296141970581187,1,1
中兴,TERM_01812,0,8.298283379335302,76.47688518321736,53.67257533396547,48.36291454518305,47.36531374114331,46.135384385371495,41.87963892685491,0.1592380279057547,1788.2305652904215,14756.501338963,-111.9311284,307,87,412.4226473518965,0.2625109173894393,0.06828892201183659,0,0.24032082940487837,0.14717667164877718,22,0.6158416629575825,1,1
林洋,TERM_01813,0,12.07923724368305,53.75593607786858,57.61993292028849,40.17460868623351,34.0900762122612,44.766773818969995,41.00190483805663,0.1006666197140594,4380.085680540239,38554.357482029285,-93.60427396,185,30,248.0305797510644,0.5786416629803329,0.11096876518408462,0,0.09627920505616921,0.06971455869088619,15,0.7717775892782337,1,1
林洋,TERM_01814,0,11.85758724896456,71.20690055555632,87.80705042263916,54.1598941390359,50.31468139431314,44.524627038373694,22.168189807706366,0.15176354482655458,2142.8680351554863,20679.11523254398,-98.52632298,314,68,369.6869027593559,0.2661036394565478,0.18253291469134908,1,0.18149777281403306,0.13761923421534156,31,0.633720088211296,1,1
林洋,TERM_01815,1,5.2715075014277435,114.90457338900308,115.9938321167541,59.90110724023123,55.97306548166565,62.944103236605955,60.11086785644284,0.13012369728875464,1289.8863079021826,11281.24518231376,-122.5350937,406,72,446.35842001627975,0.11841579334152072,0.13139428403080855,1,0.28676492186330926,0.2012296080986557,34,0.5898942198935271,0,1
中兴,TERM_01816,1,6.535819267488174,94.14127822430656,95.22155989067252,61.14622242508749,60.36797036154549,65.40412322054569,57.11334483708893,0.1442084066360816,219.56150450652416,3017.3381720106754,-123.0678114,406,90,474.72765704556474,0.11024468451087927,0.1998447933206017,0,0.23369893666912986,0.17043270523941537,31,0.5160011939480289,0,1
林洋,TERM_01817,0,2.7289523737461456,59.87571952340704,76.98177109566012,56.56834787006936,52.01572547939032,71.74173781637887,71.81654495050088,0.07968478586817931,643.9032418485388,6810.2014803826105,-105.9418602,322,57,447.12453008541485,0.1460158854009471,0.15942857812850791,0,0.32550105120863737,0.1714909755685912,34,0.6346678935776202,0,0
中兴,TERM_01818,0,2.9869284851396785,56.83778096820326,29.202627578669894,15.783438812732827,9.209807275040225,19.0459272510592,15.262494865516778,0.0680590171649594,6784.4841135053575,66157.07969042636,-55.42170688,144,18,133.0955595755043,0.7691178201815478,0.10199122569236588,0,0.117537674800688,0.08156327532585161,9,0.8363320748966896,0,0
华为,TERM_01819,1,6.273909203933446,93.96845779917547,70.010866975189,64.51322704704512,63.50792902403706,76.45581397769273,75.24600405822116,0.1899747584506341,1161.4309972714295,6193.710655229688,-128.7681986,467,85,501.80307972013605,0.051031895079907755,0.16098971487315158,0,0.2954636481239242,0.17601908336406447,39,0.6380412009366399,0,1
华为,TERM_01820,0,5.823662649774934,57.95744013197537,56.681419295539584,51.38247580945059,47.175266738097264,51.68695843215114,42.31796903132135,0.06512496449955445,2637.2712040402253,28469.372970352186,-86.02442301,268,40,270.75065965217084,0.3112471517805193,0.19684786350120478,1,0.11137829393862123,0.10313605070425638,29,0.7132825638234801,0,0
中兴,TERM_01821,0,4.024896115167566,92.30504762531483,95.87980593965548,60.49174598336752,44.81396184070588,57.62271575048292,45.84920407460238,0.16289930282931406,1813.9478727241105,19651.995122624416,-104.2283831,276,65,379.82075680286886,0.3482561534834159,0.19264545676622963,0,0.1897054262943047,0.156479076056957,33,0.5939134387404312,0,0
中兴,TERM_01822,0,2.2662142517833685,9.97452606008601,8.582673230697484,35.72218088994271,28.970748192972614,45.54039374140278,45.88248982528815,0.006275074077824556,7547.246092766772,59044.874579332885,-49.19114922,0,0,3.2447636567263487,0.9812248748938608,0.02766301219815353,0,0.02383183799308613,0.05811431194274011,4,0.9214008784352411,0,0
华为,TERM_01823,0,4.695262388835215,84.44126413005895,68.10341843866733,45.40424916901923,37.81839278423857,67.80176238881425,66.1821894182386,0.054913241046024644,3077.9454170263307,31356.88889800987,-85.69642994,197,60,298.5990075750076,0.3982460654430091,0.07646183711138263,0,0.13535467954910496,0.13150865108240978,19,0.7522969965651122,0,0
中兴,TERM_01824,0,5.633820899060625,37.509939903420275,34.07042751536619,40.4980373168363,36.235333518824035,36.504044367909394,32.837330815997255,0.032742575004439244,5783.226236159802,47377.41761309701,-69.79941101,66,9,76.2010896540144,0.6737473409135571,0.04766246964039552,0,0.05920127733148631,0.040286654433941284,11,0.886073407658291,0,0
鼎信,TERM_01825,0,8.378854600591977,84.80460796478397,46.959967309775,48.55692843441476,43.75688167173529,53.24206168620873,49.566723087054605,0.12829514502670397,2887.7617192620955,7430.372906988101,-100.6708356,270,66,396.4869180587784,0.3321442855487479,0.16844054702116984,0,0.18087704119848486,0.12661209268253443,23,0.7279428025490541,1,1
威胜,TERM_01826,1,9.155387428498129,135.74850362026464,127.85562925708784,48.24578089669454,33.49398593222641,66.32576299542609,63.84952863175038,0.14785623865739425,240.08101371201053,0,-114.4086613,416,80,516.5243334226265,0.1034915670448507,0.20262983605479928,1,0.153091809958399,0.18368471287074808,40,0.56101906212761,1,1
中兴,TERM_01827,0,2.124655705767954,29.8714308110303,53.008603493990954,31.785863591000936,19.327255148732785,31.91723088571889,19.163676333910402,0.0069990452084905674,6633.636749953667,56422.66926334328,-70.42980595,49,20,49.949692267975536,0.6602827712479631,0.005482514682903276,0,0.015456478379884862,0.027574003810945484,2,0.8760690429916398,0,0
鼎信,TERM_01828,0,9.002477290749436,65.498932974419,55.398736430335475,52.74556585816588,42.98126337413662,44.124804459032966,45.57821208703294,0.1216725647961997,3076.963541415906,21773.09511231928,-107.7401324,319,66,294.05186875415706,0.3294937738142887,0.17395786763837884,0,0.24487559810379977,0.21463707682440344,20,0.7137944167805728,1,1
中兴,TERM_01829,0,0.7466229490560945,16.549941032273445,39.6294008150144,27.179520426796856,22.501795842936826,40.963473551552894,35.03913911868323,0.0556449814774619,6837.826101172679,59484.916695751126,-50.01126096,31,14,50.85320823270961,0.9001285836978133,0.04940411815952619,0,0.04803024323736975,0.055055287485438524,12,0.90242224867535,0,0
鼎信,TERM_01830,0,0.5,18.204779129489033,17.109586796278823,19.509365969341808,19.878575109099817,28.406880673783498,22.653654594436755,0.004809047584098989,8574.295919044907,73032.43550204269,-45.67081292,0,1,25.656571170776186,1,0.0285155489750712,0,0.00389166069978375,0.07367344973869305,0,0.9735731762890723,0,0
中兴,TERM_01831,1,7.832552529119156,73.97007379210548,59.28471398748874,63.54550962592719,50.52729097156421,70.7348867477492,63.226192700152076,0.13832255366670304,0,440.90765637142,-111.6078879,342,88,525.6146890204833,0.24191348685853276,0.22859052612017972,0,0.24586719816561622,0.22333382461023776,32,0.6500029000833007,0,1
鼎信,TERM_01832,0,5.64933667735203,20.325401220968278,7.83379302770774,19.08799738404609,10.727422627858385,53.65187921243315,33.83455624340832,0,7128.748604435598,60926.11735346028,-59.15558057,27,9,58.60438371703311,0.9136383466151237,0.054515809193767445,0,0.04111389620220333,0,5,0.8505467432602271,0,0
中兴,TERM_01833,0,5.386832394480592,106.47423742960011,74.0054230030292,48.140330416127824,42.89795952757546,55.470491331600606,53.92167372550984,0.11046500791978663,3519.486221829581,26840.28621361233,-108.0896093,299,50,362.54650278208044,0.3653991759952682,0.16311055342198993,0,0.07521607497619265,0.11531529439304251,22,0.783240477910929,0,0
林洋,TERM_01834,0,13.166781458268687,57.348283398214775,61.027819671649326,32.93919119770972,23.282196202679955,45.22012700419974,34.22979693644815,0.03298167731062582,4449.198732587251,29616.976637018273,-92.25647425,193,35,281.4338989985405,0.5141771153624831,0.1323840873325799,0,0.1473816672291287,0.10924660819710974,18,0.813165437093018,1,1
中兴,TERM_01835,0,2.633120756653792,44.31452732072268,71.91788059597097,32.16130094936581,27.59820251213062,48.587686187482596,44.236035692251335,0.052360611927873106,3819.7969778452443,44896.98435694132,-82.00936206,232,42,250.22373849244235,0.5750746095255158,0.08379024988717375,0,0.1544473241945422,0.10875898721133516,12,0.8294080686855411,0,0
中兴,TERM_01836,0,7.572306736178833,65.3107063608456,87.42550365989473,37.12470132574319,35.3260760683102,60.51514277975565,50.59387245998964,0.10205174125450721,2681.166818836882,21305.3803965701,-90.78874017,302,48,422.771483567568,0.3198749700831001,0.14333330755379817,0,0.2058099375990751,0.14651028054871362,20,0.6965979338746032,0,0
华为,TERM_01837,0,7.404935122712491,60.19892099223502,76.49450158917952,64.45360637028372,55.66955074187074,56.53385922620121,49.47270457090694,0.07910709185106553,2491.6409371978034,18427.10419650583,-94.63771445,296,60,319.90043577620077,0.23201852900979852,0.17974216422541697,0,0.13821388457135958,0.08748268682352378,23,0.7308558802222332,0,0
中兴,TERM_01838,0,4.7117314823519765,53.554079366732374,24.7411714041135,94.50481809823727,27.41003227665449,38.28573414119542,30.89081580800912,0.5868570740854809,6548.085616256472,47416.85900662788,-122.8859992,124,31,129.32255046022735,0.7686876272489819,0.6033141863338949,0,0.5574542367548392,0.012917500989444747,2,0.8854954179629506,0,0
林洋,TERM_01839,1,10.91855501015643,87.90952601478872,108.35585511043745,69.244850994535,63.67225497807721,53.06406295020053,43.00401197381653,0.15342701401092684,515.327794824439,1271.8228154775031,-120.6868652,454,74,453.4969804294303,0.07253995628142151,0.16426399277307674,0,0.3047887886900875,0.19667637376521088,35,0.5944633520065469,1,1
林洋,TERM_01840,0,2.408843170278795,61.270526834310616,70.10417795729316,21.01842618360621,10.272916420622199,49.90528212904235,43.54990712646901,0.11869437760209536,6750.832850719346,53653.56845463487,-65.71524777,96,18,146.1430540844015,0.7542578275970498,0.08030393320057522,0,0.13744840086793822,0.05180035060534806,15,0.9118844638338104,0,0
华为,TERM_01841,0,3.4930073000079185,55.306568621413604,64.51568925630716,41.43111267829874,35.72670456576526,46.091701105822764,38.206241080026295,0.06725833853038393,3102.464579598751,29484.301164947443,-99.46015836,254,42,284.9539938436611,0.3158218378241371,0.12027383777585256,0,0.18737788908801276,0.16109171073378,26,0.6906832314895506,0,0
华为,TERM_01842,0,7.456608584385117,78.41897554827324,53.246976715942054,59.950653784924185,57.233983648373965,80.72109451578011,69.47830548251761,0.13405101157918087,647.4032206667222,13276.304738543755,-111.7564341,415,81,430.6285225485296,0.13789619778057954,0.1296614169089666,1,0.21154644497206476,0.1799951564074008,34,0.6750240365275635,0,0
威胜,TERM_01843,0,5.168540740607655,62.42167111696022,116.20116945650038,63.69777523181591,65.76649025563013,59.24739254165791,61.28461700479149,0.09303877746468062,1529.1686969989057,9818.299883410145,-108.7176141,293,66,386.11395008146746,0.29248104284932797,0.18464337343926526,0,0.2057739415718599,0.18666218091879513,29,0.6953630499146083,0,0
威胜,TERM_01844,0,0.5489172459669422,17.924761510891187,43.442588211759706,17.28032907430154,20.50154778878947,31.672555683649072,21.863913258754742,0.07554505478566338,7414.918647657364,71842.50191474515,-46.84973444,19,3,7.403891468785439,0.9084774053424696,0.04303889899683508,0,0.09849973064977438,0.04886128616634536,2,1,0,0
中兴,TERM_01845,0,5.852875367198156,46.36124673692686,24.481249950760464,46.70252696157418,38.8641033211959,56.467487076837145,54.83993111430704,0.16576620469279668,2299.677409897195,17665.43150366307,-126.469861,321,67,373.96625761867523,0.3614299967772756,0.23368306596492883,0,0.10332853273906673,0.15250276059376147,27,0.7851045542062258,0,0
中兴,TERM_01846,0,2.71344127934666,4.936561900203486,87.12115237281311,23.312214867381513,15.172484460161535,44.943765700602675,43.95319735003944,0,5631.89251207769,57929.05729453484,-71.89126188,75,17,82.34304977921724,0.7015334832399973,0.0692280802602865,0,0.053825810867363946,0.09646432316734446,5,0.8559958582265486,0,0
华为,TERM_01847,0,5.669031474718399,81.59009176491641,69.2279169473185,48.87508976258045,44.07704039647317,52.44578003089257,52.989373494999974,0.10950584754227544,2892.602784390644,15152.131319067465,-101.4961783,276,60,337.44721927509624,0.31862736338572395,0.2178810199873933,0,0.21248428981802042,0.14027507327867753,24,0.7658050072029478,0,0
华为,TERM_01848,0,3.0975265747361966,1,89.98938644758424,14.493609963303845,6.780125026281969,30.568881437139115,22.295974222018057,0.02036437871395816,8441.434349469455,69748.89239950209,-74.13847515,92,0,4.94026578440171,0.8781270973153221,0.06144413579312148,0,0.03548391797095408,0.03028293642649594,0,0.9419621887692479,0,0
威胜,TERM_01849,0,3.245920644980584,39.24188680822223,51.293216208618276,16.021721705634608,17.086884216719643,47.799760142327195,41.60732280971244,0.026099192529174024,7151.589442114661,53312.64214992503,-61.28886126,55,23,80.34252515279039,0.7752613219154694,0,0,0.05531984449393901,0.05581448078273929,11,0.9008161527034056,0,0
华为,TERM_01850,0,1.5955192993163503,12.816336278296845,15.026044075603037,22.254454984419404,17.75790867871894,24.98473090803212,18.97768108895481,0,8313.037394182893,78412.939994051,-56.35346583,0,0,0,0.9419939980772509,0.02175022485473261,0,0.09606235350465112,0,0,0.968148489900903,0,0
中兴,TERM_01851,0,5.55704448282105,72.38906063657926,75.21729118131861,47.248273611247406,42.52449116412695,59.63034022457413,57.79362712866481,0.10971932377713228,3661.7184048644876,31803.958175928692,-98.19231168,230,57,217.07773664920396,0.3702320923796798,0.11654874636519891,0,0.18377986738221935,0.08361858680420503,29,0.6915975504799973,0,0
华为,TERM_01852,0,1.001934899975777,1,33.439278309944896,14.149159968926794,12.365698871444616,46.12845604307091,39.67421607432648,0.0750513579079751,7542.153669647059,62638.317396420054,-52.15189409,50,10,30.314057395894487,0.9838294314905569,0.03200520963923017,0,0.08639872390634604,0,1,0.9782270307319347,0,0
林洋,TERM_01853,0,5.899481912824802,72.62534193642381,87.42660453382744,39.547822010734976,35.34700289160103,63.50218862073506,61.25306778360116,0.12151481350637822,2733.102313584737,20979.832336174237,-101.4841392,238,50,291.5592550176695,0.3863874685825493,0.1063194160550805,0,0.1362888929122694,0.10080895516229452,22,0.662352048805726,0,0
鼎信,TERM_01854,0,2.947648411696999,33.394353825869814,74.7999104062724,24.012051934538285,20.538275174808952,41.546430992383534,35.011679129020486,0.05276516900025427,7216.389441686539,62922.620918091474,-56.35047599,46,11,88.62833006679277,0.7961755458468202,0.06570926413955207,0,0.034264515168005674,0.03751857380529199,8,0.9331159795997975,0,0
华为,TERM_01855,0,4.186713538611856,77.25272136845406,58.26965191067455,63.262577688780354,59.57853256162908,42.86576244866659,44.568939434717365,0.1029849615277876,2345.961158430953,17941.86741085391,-101.6208033,271,74,348.10742785594806,0.2845457109516852,0.1429125707118454,1,0.2088800133886171,0.16239913224150024,28,0.5656405598381437,0,0
华为,TERM_01856,0,3.903565126631227,41.6421021125864,60.633857894312925,5,3,25.28465155883362,20.21419264670423,0.05008739447757693,7140.626620196503,59031.11801724974,-62.72174727,15,0,69.28795793649739,0.8638703128558762,0.06757700565006858,0,0.06234880143900416,0,3,0.9152283440659126,0,0
华为,TERM_01857,0,3.2852292044960967,51.47373656693056,58.55788343760821,40.94230209386566,31.430110288058135,36.655956437045326,30.86338657530784,0.10126029484953819,5434.197825383187,36398.87825470242,-91.32141224,199,26,274.5381373121531,0.43696079806579546,0.12908972554060943,0,0.19960099773428136,0.09981831259635608,24,0.7973831168268105,0,0
林洋,TERM_01858,0,6.414043220292784,33.19916616631497,80.29355133956595,53.95788229548923,57.75299237150783,56.17459896137909,53.211645571615854,0.09559434475430423,2353.1154232095846,10812.310856942086,-107.0591189,317,66,396.55274292135647,0.29054017197797216,0.14119318527610075,1,0.20172331360757081,0.14065695172222561,21,0.7323806173587716,0,0
华为,TERM_01859,0,8.806742244602386,45.84764211094069,74.94568854721784,25.22348719235816,15.694818636771654,44.86792160507192,49.68092338841291,0.04122937624062989,5401.521227167813,45740.54482919891,-65.70763491,144,16,112.05494810954747,0.5289397057377558,0.050945085354358294,0,0.1564202407749613,0.0969582370206155,13,0.9269854209351613,1,1
中兴,TERM_01860,0,5.1468346622129815,45.3088169877995,56.19239938549403,28.928294367624904,32.19944695902466,33.34604558273095,24.71493391754814,0.0037707775021177253,5652.919495965205,49371.51406101271,-64.82414575,122,19,167.11015962595363,0.6281215711119029,0.05599841775689475,0,0.120498425952762,0.0575875387340483,9,0.8436560158125763,0,0
林洋,TERM_01861,0,6.485262939061916,68.05785707681527,87.8922343066622,52.22233967961603,48.92955279343804,59.136843290923906,60.37339326247599,0.07287703077857871,1887.0578901658844,20540.775341096345,-97.47322809,294,57,345.54407434823344,0.3214576821125197,0.15382145484218943,0,0.18340631287547068,0.20055106232844402,26,0.6290460998224404,0,0
威胜,TERM_01862,0,4.029001299743434,37.388820765593124,75.9311926418979,36.91459066377496,28.9066707660314,56.84975126169479,46.9442339917169,0.05701883974221241,4249.522246877458,38865.6689679448,-83.10488968,137,45,194.63060305676146,0.6025260790054955,0.10684854653168127,0,0.09323650987120496,0.12002885674330631,17,0.7775224171855127,0,0
威胜,TERM_01863,0,3.566696134007172,16.28287331844532,73.40179795125523,34.56200782680122,32.33629579461627,25.8610722942355,21.124047180347343,0,8691.757828701595,71161.16747292645,-51.03240252,4,10,0,0.8758704310995322,0.010919449269235968,0,0.0674880633207573,0.014371702768359272,1,0.9533316672329406,0,0
林洋,TERM_01864,0,9.736430784226476,52.55949269547591,36.12500991422443,26.9289299927841,25.858510427302917,32.15972128972926,22.391067274718033,0.05550956665655029,6883.423340722814,55018.25442361826,-62.39411675,71,13,85.4313490271692,0.8007235046067156,0.035035787873571686,0,0.04888491552269885,0.031031672755759087,5,0.9042894248474153,1,1
中兴,TERM_01865,0,1.56111679447063,11.902466117654445,3.269447016903533,30.147549484377585,33.73855764147097,49.66013688167346,42.43226479375567,0.016633056288796844,7963.339278273275,67017.71778684478,-65.10937502,70,11,19.504031130480513,0.699970113022573,0.04321631990894794,0,0.04337747081398456,0.06123433509670162,0,0.8345408402577665,0,0
威胜,TERM_01866,0,5.610109926119617,49.922415849751005,110.16724483081097,55.618397506998946,44.04017366789653,53.7412918310439,44.67001546019411,0.13803444093910508,1902.4592171043043,14085.346394804923,-114.3543842,267,69,406.3644647034788,0.27214699583685587,0.19506671751449067,0,0.17308660774018775,0.15404136135129998,33,0.6442340854764892,0,0
威胜,TERM_01867,0,4.424874412084647,62.532476849570145,94.81913366132876,62.4423320616665,56.74231656800914,70.70095999160618,69.89026529642868,0.10248943634273155,960.4371057001983,4913.539718026795,-117.4539896,363,67,503.9913349435588,0.26277738224922875,0.1932999640451656,0,0.2330422044865607,0.18714415575699359,26,0.6005556535838636,0,0
华为,TERM_01868,0,2.4803880223670185,22.379530940322226,46.150104325764644,15.44315825143898,17.32920728718334,48.84703814371122,40.8635733064157,0.0547808138642444,7760.699135257558,67573.2243724893,-62.77824155,0,0,0,0.903859393051235,0.02664366732815164,0,0.06288819869764958,0.012146605942960487,8,0.9250756840593243,0,0
鼎信,TERM_01869,0,3.561213663513458,64.72412788713389,73.85875860676438,32.844581015477246,31.57734527374514,33.01574241702731,31.1969845016578,0.06400976094740676,5636.9883770850865,47842.34927662529,-72.21829146,69,8,97.19332496559653,0.6155848207182103,0.07767193574085998,1,0.07560769828668448,0.05385920053702214,10,0.8817112366134747,0,0
华为,TERM_01870,0,3.774815338374691,53.89559072263252,39.09206216248679,19.945677101167895,17.375764636997022,24.344594697479536,16.183620861728297,0.02377959066945022,8655.945606320854,62005.27199237323,-45,49,14,0,0.9041201788731941,0,1,0.004082277552855541,0,5,0.9064418830952146,0,0
鼎信,TERM_01871,1,8.18142017528748,95.58657721752404,151.45401714158254,51.889116825062075,54.28155508080524,65.60174159217948,60.568511466899345,0.17007203234198232,903.3398825976716,0,-113.8917557,342,71,518.0760988645308,0.25681049285823154,0.18233171021493702,0,0.2395805176257126,0.2303498079178871,23,0.6741721616844519,1,1
华为,TERM_01872,0,6.737832100989382,37.20700771784399,61.370386020607974,45.64339514318205,39.74369186626133,51.63885143575151,55.38444230657898,0.08341449482815189,4360.919245967003,31515.130595576495,-72.89174017,190,38,253.6978605114804,0.5806972152371969,0.06439489671776369,0,0.14904375684255713,0.09023999215840267,16,0.8273073411853362,0,0
威胜,TERM_01873,1,6.877402161760015,75.98052287844115,98.38218973987438,43.36644543599759,26.376271383732593,63.137400093967095,53.66445247805001,0.1178115806399222,699.2621124607267,253.81684232788075,-119.1665099,430,85,472.9843399568335,0.15794807885942622,0.18134678735531207,1,0.24680778241666157,0.2017408176901768,35,0.4998823758834606,0,1
威胜,TERM_01874,0,8.35137336187323,87.31928502807327,31.1537984230287,61.73661952338308,54.90408051950893,81.80368794343653,72.44451833307424,0.13717023477770432,2662.867509043958,19731.81759887665,-106.6537741,300,56,360.64867311726886,0.21788396626895962,0.13187826870406985,0,0.27600152005018824,0.17405725865357216,24,0.6581966508324762,1,1
华为,TERM_01875,0,1.4324426139609052,42.60906524672629,25.66927173892838,5,10.05878222939643,41.703532730236645,35.226281869223726,0,7981.93428310448,75283.65474054297,-69.56658907,0,0,33.52794321628861,0.840899331131244,0,0,0.04230677221336508,0.06747964680920701,6,0.947425399741926,0,0
华为,TERM_01876,0,6.781890857157452,52.550840668672144,27.81399725214897,42.87349847754845,39.36587826208291,48.04727514824723,42.94178645641782,0.10068828816935885,4055.043532334907,26013.320812695238,-89.04955876,249,42,309.2195226458813,0.4124423382948951,0.09891278077485968,0,0.18323568263914097,0.11169702326508832,19,0.8146324886450778,0,0
华为,TERM_01877,0,0.5,47.454690880798125,30.895586682699452,31.008114044367737,21.79596151721212,24.383887566891904,23.10871264700937,0,7165.645237481308,63608.17343194519,-65.90181691,86,0,67.16847286900001,0.9749762648142578,0.1054148516251552,0,0.08446731972019432,0,0,0.8596307059746087,0,0
中兴,TERM_01878,0,5.69064913047383,55.49930285489724,99.13256726671997,32.74591956558189,34.41656690596794,53.84132721541047,49.0992365739646,0.13775190372593932,3199.589412879589,40970.311470018394,-98.04612485,257,45,248.50489204429095,0.3819360631633068,0.1184444000100591,1,0.16825307265224299,0.12286496498878458,18,0.6690699637020971,0,0
华为,TERM_01879,0,0.5,42.86809294324702,41.853764690712836,30.33496501571726,29.55927953459321,45.46529967020788,41.93648221129891,0.054397315200639396,6539.504197029618,56332.5359192148,-74.39098316,66,34,89.29876639574648,0.7818696920188504,0.08738478602612562,0,0.02950795483502059,0.06622752041938103,11,0.9004041894069165,0,0
中兴,TERM_01880,0,7.1918270856486455,102.428226801605,92.9769355336466,59.80853407703558,55.54359283136637,86.02765621418645,74.10169121801282,0.17071571964361018,663.9117567146507,2120.262601547508,-112.7546501,361,72,497.9235782942604,0.20818534321874363,0.21059564164004518,0,0.2020101008168217,0.17154809304243945,34,0.5734162293857248,0,0
威胜,TERM_01881,0,5.71598923604893,33.42049512643695,98.98976662942894,42.982777332934745,40.90843752925356,53.58165410709359,50.39106527861178,0.058516936891234564,4803.743216668372,34200.97598669669,-92.72416109,243,38,293.48043779392,0.5519474050168383,0.13231741528868232,0,0.09785123970110962,0.12811142318410393,20,0.7681055140948031,0,0
中兴,TERM_01882,1,11.974579840528111,96.72079224537818,113.3080902482035,57.18136448640817,47.09508998528955,67.54571574542746,64.515521039708,0.1588656818134734,0,0,-106.7791502,360,78,467.4740590064001,0.08070502892895001,0.21618282636773745,0,0.19705172061195536,0.19988449869361993,39,0.5637882336049856,1,1
华为,TERM_01883,0,3.003007671730167,71.51405283363303,90.20930723273209,33.46870079121943,26.658208819759658,40.276482548564104,39.30608383990471,0.0758748923565731,4853.899787418997,37022.814094087196,-73.983416,205,38,217.32830711194052,0.5300895426158296,0.15993895421277673,0,0.13547899001641656,0.08681953584471368,15,0.8456247528223186,0,0
鼎信,TERM_01884,1,9.240143318617143,81.25129019911125,106.70743565900399,47.24543517798979,41.92077903663326,73.53445913231091,66.56434760087535,0.15263218042347498,689.197045010475,0,-123.958614,387,88,494.0012898317933,0.25807856283775704,0.2119546453510857,1,0.2985478281178412,0.23891503750907028,40,0.638835848196095,1,1
中兴,TERM_01885,0,2.065558380520858,6.726725061405995,15.088089842672153,20.63981737911151,21.135678865863092,46.45464192603716,41.41423705146293,0,8039.3854612570985,75887.68399089525,-76.38457575,0,0,0,0.8491159329039655,0,0,0.06681274464144267,0.017003308410617406,3,0.9068014226577528,0,0
林洋,TERM_01886,0,2.661425629159321,43.70590019318031,60.129123157189376,36.64529728135925,28.901563394558654,25.26839358094994,24.506534155321667,0.10149670099758665,5992.175464838919,56969.44725237596,-69.1739248,45,24,99.25148166290046,0.6804330416825619,0.056647475433535106,0,0.10936003126249502,0.11158113795377807,12,0.9441233890156003,0,0
华为,TERM_01887,0,2.8322390712156884,30.977926396309567,20.14045848689986,21.480493200737456,16.351744681989565,40.23505144764776,28.883199622934967,0.02679862270620041,6434.833584999507,69605.97966938962,-65.81549981,105,11,86.12688798408362,0.8717465926476107,0.011693294154195143,0,0.017185990536209235,0.044072633618250166,1,0.9082991549018148,0,0
林洋,TERM_01888,0,6.225657673325043,18.248069068962003,29.376741650019433,18.55456510105649,20.759522568546632,26.377320959471486,10.607441549131552,0.031369544824784365,8348.560778083733,72115.8579371154,-50.81268417,17,7,4.57542679500612,0.8741832932948962,0,0,0.0596483601382613,0.0031655705596249292,3,0.9507413053329242,0,0
中兴,TERM_01889,0,9.088560101191147,82.4803773266567,103.88124336529201,68.439331370206,76.06096620800436,52.68121452347238,41.02752080724641,0.09558480523974931,429.3469208225026,8064.436556985456,-112.9406254,335,77,447.82836191528213,0.08149528207524648,0.1936986598904528,0,0.24764974036337822,0.12357595766787988,36,0.6043200483871586,1,1
威胜,TERM_01890,0,3.839919955246349,1,35.86201815238363,19.332404683266162,9.97921104817311,52.500193146735555,43.664274167980366,0.05615394132712081,7782.589458755881,61028.68717396993,-46.83304743,10,0,27.60679099500656,0.9655521316734792,0,0,0.1005448349009383,0.058606287402877384,9,0.9075541425037795,0,0
林洋,TERM_01891,0,3.677685482220951,38.01806655296951,25.89530690659615,29.646384797439254,25.346172745961884,49.848432580481116,51.282869099462076,0.07528369705777688,6751.1497530230845,54003.47919639957,-62.1510961,56,11,142.93709861113248,0.7316013831277212,0.05399033244387995,0,0.08104712557221778,0.07936923085543174,11,0.9669015767079155,0,0
林洋,TERM_01892,0,7.006036753040228,99.3792376788079,57.29340608964718,55.99447561456165,43.45471104317088,56.68290943849494,63.85842180544702,0.14661185994154008,2389.9716915438153,13266.427624917513,-116.7401303,305,69,410.3399555303733,0.2331450176924114,0.11326302369721279,1,0.27394558554800097,0.18655656627384468,33,0.6783472075639398,0,0
华为,TERM_01893,0,0.5,11.161599607458673,48.139373505852774,19.762065295374107,14.689560651315004,34.326140056926526,23.86948237679325,0.021948923189824505,8383.798190207797,63798.816520512424,-62.72286343,0,3,40.06505124800815,1,0.019575639678024816,0,0.04090214473426904,0.06337434125391594,0,0.9519488590685979,0,0
鼎信,TERM_01894,1,6.875267043297255,76.3340176114848,70.21267769549657,64.74163360624644,58.29111135467014,66.20728662553088,60.7021322793006,0.2175861699491767,315.85477962220796,0,-122.4844359,398,86,504.03331969781624,0.09539642320398768,0.2201087401177695,0,0.264023446370236,0.25072212607809724,34,0.5806267778204799,0,1
中兴,TERM_01895,0,6.4362413113494625,82.75462702331696,96.2725220175579,62.29589471704551,63.55105955932429,53.82682931115853,45.66568246512299,0.15982535642123655,1830.2524185647069,5879.267114458844,-112.216244,371,68,428.59075357310286,0.21777350599239342,0.15512299524643025,0,0.2656891717860342,0.11053005289282951,33,0.6628075028051448,0,0
鼎信,TERM_01896,1,4.834350359391682,128.56619373473652,111.59746758475818,64.87316083937135,54.008632660662734,62.53100907314506,60.41817966797025,0.10077239766038754,1287.429826193717,3651.6155971676126,-118.3296368,335,85,468.8540887764922,0.2201641751309955,0.15392172140455895,0,0.24706066795078385,0.13630507662565391,27,0.6215043671331174,0,1
华为,TERM_01897,0,4.099838232002963,81.25113813877337,100.06242893796423,53.69613162791329,42.146216447133575,65.21614778011556,61.895521794006775,0.10624038083915052,2747.0472702562474,33696.70907762216,-90.80881547,301,37,321.17474163400914,0.3139720863910604,0.12486175290889326,0,0.11007556782858743,0.12664464587254443,25,0.7253314461061028,0,0
中兴,TERM_01898,0,4.52575750973673,82.71918741713513,135.94275614954466,39.98501802195494,42.589691664883546,61.40782998168317,51.14832605107491,0.15577612268603952,574.0507560153023,3002.592357052665,-110.5285207,343,77,398.89740522205847,0.2117313094781038,0.20348913940185026,0,0.19184397976948184,0.21426745881041087,31,0.7118725904304452,0,0
华为,TERM_01899,0,2.0728157317873666,22.114166266338685,36.24307051720855,11.493309107154577,3.327648058502577,40.40037738958513,31.67351411564872,0.016191891459086807,8300.861876268948,72256.63161081765,-59.78071314,21,0,6.0476310392857755,0.9565491869607637,0.03301165552655427,0,0.14136221405843263,0.03256984168827253,0,0.9490866859821108,0,0
华为,TERM_01900,0,6.0739888643853925,71.18416872889318,64.97978235390806,34.85644127473982,30.843596982581005,46.020139194148314,40.16201588518221,0.09359607867470822,5154.04552183113,32414.70793815169,-80.52791142,192,48,255.30189081413124,0.6266760307449434,0.10322563744267851,0,0.13834602440400842,0.11410157478327404,17,0.7273909763555721,0,0
林洋,TERM_01901,0,6.463550363889851,39.065571456519656,100.53027982515215,32.32161899806941,28.79684183431266,39.511122118361946,41.892640009157184,0.11864940190128799,4014.730343952865,36671.76414873836,-94.73910043,167,38,216.5066657324153,0.5789689735084421,0.0790022327707225,0,0.16057900882049536,0.09073916770270729,19,0.8113801581674848,0,0
中兴,TERM_01902,0,7.2074122305844135,82.67055370373085,118.49771721299001,44.80742079020592,35.87084267904795,73.69127053609162,64.76852644186769,0.11132919212228493,1065.2917089747334,16833.704058670475,-99.08025553,344,60,430.6872243364197,0.20023764015877465,0.1453485161859667,0,0.1555139112600864,0.13217067723170123,31,0.6641236071968829,0,0
华为,TERM_01903,1,6.423811404907974,71.70874389482182,87.89665596958471,66.24254884516277,57.3112940892359,47.93165680559987,33.623501480220405,0.1355440506867026,599.5907358084966,10030.175630685737,-111.6281093,372,73,497.8313533079516,0.15238059523144448,0.2167575006044891,0,0.25879881454829384,0.1931482397301342,29,0.5569494064509609,0,1
中兴,TERM_01904,0,0.8053685747018378,53.747493683898895,61.85723803935943,32.21175578537136,32.84630420888745,62.786714389618574,65.60485017024402,0.017182156610999463,6510.879177229716,37274.83862218846,-71.2502366,161,30,143.02023592516005,0.5652673285652703,0.06709238172217818,1,0.1456678484698942,0.0634693448577822,15,0.814882668530754,0,0
林洋,TERM_01905,1,5.341010062055313,85.3143370802917,93.77173757848419,58.74727197947823,57.13263242370488,79.84127011614544,77.82502920894474,0.09346921916933043,196.32290791175024,0,-115.5378738,423,86,528.102006700828,0.20156074341237637,0.20655035692402993,1,0.17439553809688085,0.18580799422607755,39,0.655870385652607,0,1
鼎信,TERM_01906,0,4.93004688732321,79.40148733270172,89.05201780631423,50.418971860985344,45.340534562193035,65.02266927496909,53.04534901423269,0.11341483697423235,2972.318279004236,15343.491536278923,-102.1060792,304,64,424.7155783684081,0.3414637694396231,0.15420056934561888,0,0.21558623338522787,0.183877144382461,27,0.6166512478469365,0,0
鼎信,TERM_01907,1,6.611042432714621,83.96739849093957,108.32128462202007,56.427778762296875,50.74381963817565,65.2164765197125,62.05453355593509,0.12838247862533034,0,3239.5651693660675,-111.0151786,365,86,534.3455977948388,0.1253999022620559,0.16442546170001826,0,0.25599483353502583,0.198031796158069,40,0.5543641444186306,0,1
威胜,TERM_01908,0,1.8134908558236174,31.099959339761362,3.1042321730582962,18.418621651002677,15.001676075264143,31.630448080327824,31.500452258087826,0.0050403877348478635,7658.086972406689,63994.9357919931,-49.64083905,40,4,49.25408752962548,0.907641912589363,0.08167090725022803,0,0.04488034865142368,0.03486225517546723,0,0.9500419108765327,0,0
中兴,TERM_01909,0,0.9220972497484268,22.552112982111144,52.27471637465188,34.05634128781146,30.967337347412077,39.610799049669325,35.17327217168077,0.002787927991666335,7130.991129504744,65135.050478637015,-50.14288272,0,8,85.90447693853994,0.8402808633770339,0.056825009822475174,0,0.130928221975729,0.029949168078530423,4,0.9077299737438965,0,0
威胜,TERM_01910,0,5.486887495268967,87.11785126270058,108.73904613598495,25.742377229366213,27.04810484045323,54.22187366900091,57.397334831533286,0.047263588086928356,4172.317933417092,35815.98937350132,-99.849771,199,47,266.9076756112121,0.5007534951341824,0.11767176644623162,0,0.12871808466379334,0.12994314757277617,15,0.7272322361269192,0,0
中兴,TERM_01911,0,11.67873184244936,43.52351150897504,20.553361181657046,31.475868798694172,26.371588240888457,26.528494535037588,24.86046341826102,0,7898.948757394446,75617.40623164983,-56.02094768,38,19,0,0.9518206172886337,0.020829514551865592,0,0.01820122236800338,0,0,0.984792222376235,1,1
中兴,TERM_01912,0,7.211640888852231,61.053597146600254,77.73620576730347,72.98823208599488,70.2031358269957,65.98678311228598,62.81975602872286,0.1466263320858214,787.3476389442735,10924.312253980188,-111.6556461,365,73,430.8352251662967,0.18231003768942283,0.21852532623650936,0,0.21353172653020236,0.13344658636022388,23,0.6257974941731783,0,0
威胜,TERM_01913,0,5.199057536721096,40.239795298915716,28.091757015286817,40.05928923249881,38.65018320839222,46.271078233914615,42.49438266447254,0.02867838465499691,6676.757949436356,52423.03688673354,-69.90938414,98,24,178.22674784654646,0.8768532821352903,0.040765575402222184,0,0.17929432021056482,0.054555715119106854,12,0.798408335530043,0,0
鼎信,TERM_01914,0,4.305344124287576,78.57706527836697,97.82935792614106,39.25181195797841,37.93068790817026,55.76832908602688,51.58369527114811,0.0994394175656474,2799.647496619416,19431.64283333745,-91.94585931,254,63,352.4226613342658,0.37041963349243,0.16236509185304293,0,0.1857855515375278,0.1652064430935115,27,0.7271851016226919,0,0
林洋,TERM_01915,0,5.762890663390271,49.700671023871855,73.3086433320627,37.00664180587113,39.255239732677275,75.678386126952,75.94679418082673,0.14598566549872466,3402.8125271015365,36965.06265143183,-87.92874617,235,36,253.2107567412999,0.5813443258871452,0.11517895933712739,0,0.16809371461141767,0.10317870676413929,25,0.8078595390891471,0,0
威胜,TERM_01916,0,2.2829270474650376,41.73249761152019,16.72921582444158,30.292304601629688,25.229360708390153,35.43293527953216,29.535442711549052,0.04934581607269963,8001.68340324899,65680.48327035538,-57.58361243,0,4,13.977110903758351,0.7270877127083375,0.021241294408000592,0,0,0.09013556265658057,6,0.9557875222359478,0,0
华为,TERM_01917,0,1.9219079098651564,41.344697770717254,1,20.82500340694246,12.995667247068383,19.828952247918195,20.52615185525807,0.026685549879487066,7326.970412175697,62742.01482884109,-55.83687608,40,4,7.8546124324046005,0.7975355002170669,0.02434043799386742,0,0.04997897684046519,0.002094402529157338,1,0.9582882798518741,0,0
华为,TERM_01918,0,4.447891201721038,31.8133067736982,58.97638529923541,23.4186291558521,16.628814039706178,31.430401289943738,28.30202704318751,0.04396309805279183,6657.446189974765,52532.68544385461,-79.18622949,40,19,125.91395798602133,0.8239774333965824,0.09277519662081865,0,0.06415549678604726,0.04779003380290711,21,0.916746122951879,0,0
中兴,TERM_01919,1,9.197978874015293,103.3119107531982,70.80803177777261,58.388541511923854,56.59267493239871,76.33211471331376,71.96548909374229,0.12587802254040611,704.3809987418605,421.94279099343316,-106.245905,370,82,481.4040237052757,0.14188803940494782,0.14024622509585033,0,0.24928453847977708,0.14128887945415802,40,0.5936557141083495,1,1
华为,TERM_01920,0,5.613703958965225,42.56352802743632,103.57538675987388,44.581461086315294,39.040954375997615,57.13747424831706,50.28924680247096,0.11484950723265969,1888.3008354216856,15269.043131171142,-110.366956,351,83,394.96928790055995,0.2311494663232447,0.22095839372095671,1,0.2016841416510622,0.2153393472938427,24,0.6331840878667708,0,0
林洋,TERM_01921,0,6.179198630987964,92.30895071819256,73.42733719321652,48.64086518567168,55.07485329814093,51.034657676144505,44.242530885647,0.10557162761547026,2621.696602354109,15989.530897651468,-91.41863867,279,73,349.94019042397304,0.3911122570268363,0.18428756487927164,0,0.1415377760228385,0.14995972229711924,26,0.6566964595358138,0,0
林洋,TERM_01922,0,6.179888420613096,77.14179249306453,82.76277002115192,35.40408051285451,30.467025179080615,70.87569094879878,67.78980805718983,0.10083853737062735,3114.087600852007,26828.05147913216,-102.5493484,290,39,239.89457370134514,0.5685513237127152,0.13386394185687944,0,0.15689382341865932,0.06211810125410874,24,0.7304344442288289,0,0
鼎信,TERM_01923,1,7.490290249344096,72.51583891177414,115.85988161258302,65.1117937631264,55.337027209051286,71.11337988536845,72.19200044874584,0.14633852843533227,0,0,-126.2133514,419,83,517.8336015199312,0.020901680157693836,0.18988143841491142,1,0.30668483598343244,0.18752324337134055,34,0.5240532868158222,0,1
威胜,TERM_01924,0,2.8960221198888485,23.99392348505959,14.719062094278177,13.368617515735671,9.982125852300568,29.09567326318397,27.122068442636696,0,7916.039919154394,71136.33336802569,-57.02081075,0,7,0,0.9776061425807948,0.020239023734039924,0,0.03563128657836922,0,11,0.8911713412676603,0,0
华为,TERM_01925,0,2.485090421660522,1,12.930476010476115,20.834037725087292,23.52809878886746,10,8,0.029358320592236222,8027.193864553259,70177.84520829772,-55.39927464,2,3,0,0.8561717530898779,0.03643760758926058,0,0,0.05847934983241975,0,1,0,0
威胜,TERM_01926,0,6.079550400885518,24.073578477924045,46.58811837693567,25.31585955432522,16.237060505702033,48.96585225282476,34.3722880571721,0.023845071253349184,7098.813127508084,51039.14437412615,-73.47790738,60,15,157.50690603681596,0.7909582210014866,0.09695369470169932,0,0.031816793421968304,0.03259268399180606,6,0.9172164517816158,0,0
中兴,TERM_01927,0,2.069207254790117,64.02189292255883,52.308900289470664,38.8205784783253,29.597471152820102,48.94847657115945,48.38702567502408,0.12284498083264463,4684.129051770106,47071.93302178426,-87.0529087,176,44,203.4475683496063,0.5483928582336286,0.10545567537294936,0,0.12793704446380524,0.0921552325185547,18,0.81981340678336,0,0
中兴,TERM_01928,0,5.234391807406792,59.68465853091476,102.66337141331637,49.36564450343251,43.43156765110719,67.94602049695345,79.04383014973533,0.12724331123908839,3643.483745259728,23342.306139197506,-89.06480113,279,50,222.59288600325564,0.4866105628264509,0.13088019933195338,0,0.11285844050526123,0.10032565567091849,21,0.8269994906305055,0,0
威胜,TERM_01929,1,6.2337748191077145,84.26978891986674,84.37280723870697,59.6021794501547,51.3726266559921,56.70036532448424,50.04519811004692,0.09073908876218131,21.480435521302866,10883.325478482682,-104.0306665,342,68,493.03169346769874,0.20341751000682945,0.18868990136892624,0,0.24455741916021423,0.18189691082781467,32,0.6426542089580509,0,1
中兴,TERM_01930,0,5.251317455335405,48.03854936842816,65.73047707533242,30.031855949759475,18.28076546519904,44.94764167850393,37.16596165168231,0.05712401757126276,5143.391210536867,44785.65431930674,-67.1321536,166,41,170.10696521369863,0.5315917481932431,0.03505839855123119,0,0.16599396074944375,0.11445566046518892,25,0.8145767409214772,0,0
华为,TERM_01931,0,0.7664974868108185,32.83820072836067,35.816406524953834,23.443071040456175,10.73896684925796,44.9410173817442,44.86417463206797,0.08606778560175898,6487.6132801012145,59529.75609451351,-70.26300549,94,21,122.21773391684766,0.703017968426185,0.0059672751157979,0,0.09261184884956747,0.04360761905791675,15,0.8127469122512956,0,0
华为,TERM_01932,0,7.999169717800037,98.74218669992916,81.54624430325194,75.41053938957145,71.57268240857277,79.52438012708232,69.35908154458085,0.15774072003071551,729.1195485281295,0,-122.9983236,332,69,476.7952127307361,0.15425591674727307,0.21740155322068133,0,0.19167078847436672,0.20110858588601718,25,0.616476216092406,0,0
华为,TERM_01933,0,2.075085017049714,22.616995197458024,17.053366327617113,34.38916373664249,32.96437927171532,43.53561533981435,47.512805468779334,0.0364758801767439,7163.103995335437,58343.04977723842,-68.15462721,42,9,94.13408845272703,0.6339573783944089,0.0647752464484575,1,0.07423967911432532,0,16,0.9394550273992354,0,0
中兴,TERM_01934,0,4.10564969729374,63.70393689713154,69.84558534421943,39.796419694947325,31.290598584129274,46.63247209388021,44.10633325808141,0.015070515865988746,3481.2713011731826,40754.86541968667,-76.04939597,164,38,234.6897746411276,0.5087128994356795,0.14102858551043657,0,0.17727030520610051,0.07801525968153797,18,0.7909501750413329,0,0
华为,TERM_01935,1,5.72438462928065,71.59560759708735,46.08364058717651,54.70092646689287,49.34833300190128,82.36009987736406,77.20042846559727,0.14100272764645086,941.5970491692291,1008.5110057198708,-110.6230665,414,90,459.19875860092884,0.2319372963649957,0.22109450477938095,1,0.21706232462835792,0.19839108549023957,41,0.7040458595755628,0,1
威胜,TERM_01936,0,6.803790110035481,95.29953543293223,67.05079914364872,45.16448395464708,41.08929359007456,63.96869216316723,54.3240007860559,0.14467696256033052,384.9885745268714,6968.527742891131,-111.5130303,360,80,461.9833039905895,0.06574287896847876,0.2034343156573425,0,0.1885244947887124,0.1634843552753245,43,0.6302893129768203,0,0
华为,TERM_01937,0,7.0499307520767704,55.11653296635491,46.94214224909511,51.8470671201989,41.32089677830102,56.76884261344606,57.06125659738515,0.02819502732749298,4218.7868572818625,24842.11621014559,-95.82072682,211,55,262.02372866649466,0.4962307130435628,0.14876004797148853,0,0.15193884108282968,0.15791083210968693,25,0.6223459044535633,0,0
中兴,TERM_01938,0,2.0036207084232434,19.86823056736785,34.12481633803301,14.588798589334196,13.88310207440751,42.74824408435232,35.0830602654957,0.02936739130106062,7246.713711186668,62821.58266372183,-48.15273142,69,4,45.03009622319693,0.9219263054639559,0,0,0.09353048328202028,0.046350461775056695,12,0.9668273709199001,0,0
华为,TERM_01939,0,3.5723559271014427,21.927181087170077,70.21537635234378,32.63545120978967,28.694952886877516,54.311854117593796,53.56714222091467,0.0036641545189470617,7411.808116920071,64292.17776118035,-45,0,4,54.525549100792375,0.7607491935787521,0.05591468611832286,1,0.013734408032493164,0.07982635145054129,8,0.7907582702173724,0,0
中兴,TERM_01940,1,10.235509016878137,83.41490563810707,70.72374148161757,64.8766936361876,62.49907618444127,72.16370833841937,69.5582444080131,0.15293832564086712,753.7533439305971,159.88235225559356,-118.3094079,426,72,453.06628616333006,0.2981325275841022,0.20574277201049035,1,0.22294039721923234,0.1951124853988176,37,0.5913093070396978,1,1
鼎信,TERM_01941,0,11.186018778457775,40.53995688977689,95.10705471764194,51.17147451427764,49.5713178382668,78.67825085646147,81.42679557200798,0.08517648587335086,3850.313951999069,32120.27175499416,-103.8292485,143,51,289.3199310899064,0.5850624777728752,0.15126086106802783,1,0.09428980040591003,0.08926697698097126,23,0.8166081530915451,1,1
林洋,TERM_01942,1,7.103159694685364,94.25460654814356,85.19058459044153,65.6797728027378,72.80858779301239,68.76244665277328,64.71631273900977,0.14096888164205112,317.0791928803602,1500.0985170214926,-127.5739882,385,84,442.7912016056034,0.2069025217650793,0.08965450864325512,0,0.21771734722425115,0.21661415551790536,29,0.6876141597714011,0,1
威胜,TERM_01943,0,3.1745660838703404,33.84631867332087,8.694634272161721,21.47918152723529,11.356191294756403,40.69883994533988,54.396928143447994,0.04479978047391225,7286.619151075269,68405.47935833098,-59.63152032,0,6,40.51896073618474,0.8400824116670299,0.1059077100235971,0,0.04214643912403942,0.0025697555197084013,2,0.8706329450430894,0,0
林洋,TERM_01944,0,6.42159779532178,61.15088786489723,63.34403126597708,55.047541057212584,45.58369984290362,59.36876878035417,57.698597954955,0.1406596006723907,1339.823603114354,12018.089274731894,-112.9909218,329,72,458.18863695957225,0.0805988862077164,0.20256628642263996,0,0.216154239617558,0.1684304293866689,26,0.6643859988246531,0,0
中兴,TERM_01945,0,4.219502186177117,45.775590540069715,74.09926592742404,40.03719276815856,43.45181709095792,55.586703907514504,51.46432396968552,0.1609201018508967,4256.999269337982,36276.69062570738,-76.35697696,187,49,222.14208870260993,0.5168810364872357,0.11697138772200749,1,0.02901322947947181,0.12152752674516003,17,0.8551749093643526,0,0
威胜,TERM_01946,0,0.5,23.571923165241355,21.107303843966942,19.63386951939411,17.895009927442455,39.53235692191678,32.19808650157501,0.06958084896566756,8760,71813.91386524815,-62.63143728,1,10,14.325243199018377,0.8543082535191013,0,0,0.03057409324196098,0.006869433103157099,4,0.9392045041523848,0,0
林洋,TERM_01947,1,9.278014953502781,79.72094629056555,108.09426183254755,46.271783219576236,41.61691933703016,79.80736310142746,80.06738631302932,0.11702792678751772,0,7018.907061662338,-120.1889811,405,79,475.487138979606,0.19659789504899278,0.1879089561836315,0,0.31650759441114906,0.26832180170744435,34,0.5757039608204527,1,1
鼎信,TERM_01948,1,7.369162319031648,86.05294791643355,112.9714411252147,42.41438588150776,35.023953230520796,74.14277699118361,66.9431284226662,0.18439502496113036,269.57501661925465,446.6910841593991,-124.618118,427,80,466.94697713042,0.059602827554017385,0.20885093827446746,1,0.25379621135063035,0.22006752260586646,34,0.6953714858071037,0,1
中兴,TERM_01949,0,6.893877356290762,98.15004262896487,80.96093525965269,56.8755007299864,50.71606870290134,56.68187253764347,47.03665087099023,0.09571806697723802,1728.6236837228992,24933.03005700591,-98.82602292,309,58,392.354752099027,0.39065109002137094,0.20873433524753915,0,0.18963892341097566,0.13104351562760985,21,0.730052085063241,0,0
鼎信,TERM_01950,0,1.68525964753092,19.184921189923877,41.7708097586377,26.813974048326898,20.751570872391955,44.792714217448804,36.980605947523124,0.0036853708487607426,6510.011007630302,50606.40302922446,-75.30857542,97,18,133.79758285088684,0.6850800819264787,0.10294647634819881,1,0.05269994046307338,0.08592056198406582,5,0.8810483827266138,0,0
中兴,TERM_01951,1,8.48611955514088,53.359506245881704,146.11769804027324,66.5616341842812,54.08674299046799,62.29746699808406,56.14454338504295,0.1018009444325316,255.80840403009256,0,-120.0607845,440,77,551.1288297036926,0.17883708486637392,0.21352699444109657,1,0.20689507874848515,0.24395446981234675,43,0.5333486554426613,1,1
中兴,TERM_01952,1,6.850612512808473,80.9433537988681,92.51290078727631,56.920517954031915,56.78651143854103,75.45716452945773,83.95586866614639,0.1391042241877533,0,7492.530129604591,-130,383,81,527.3190265113149,0.04111492543282595,0.22172701636417189,0,0.25403867770116134,0.1545623552019864,33,0.5825603208547675,0,1
华为,TERM_01953,0,5.347631838484773,56.6132121374089,112.59860177530861,43.72543628847941,28.67214966207502,50.1761602245992,46.93099847793774,0.12324737388645718,3091.5453191559086,25464.051737798836,-97.79783961,269,45,293.6026623061897,0.4222523470923832,0.132771267635319,0,0.1786048838906707,0.16519893515364487,20,0.7058166245864642,0,0
鼎信,TERM_01954,0,6.1229811340289775,45.38964178376748,83.60374867129714,46.144511831931,36.89920535129979,37.38972255612015,28.423690180746508,0.08022978660099864,4715.532937416491,24398.093464752805,-72.09881638,267,28,272.2930221917846,0.41921496095658534,0.07370988870412892,0,0.2024464093769554,0.06632685755411924,18,0.7004088924848039,0,0
中兴,TERM_01955,0,3.409959251000295,26.6434045886648,34.38167752650332,33.9348411334773,26.775969493812383,25.00456277490026,26.53732457368349,0.030476238346319955,7615.007025244042,66259.28332520579,-45,74,12,0,0.8759783545862116,0.0032338506057521636,0,0.008544670323530849,0.02645359425303287,4,1,0,0
中兴,TERM_01956,0,12.097786512132123,54.45873961853549,86.17038076338756,45.97340370292824,51.6908256421913,48.190006515158174,44.321062221760045,0.012947772504363547,2388.5699572712465,26763.367720930506,-95.92576352,338,63,345.1967766107224,0.2493247432518692,0.1772008286171837,0,0.2386346670566816,0.15351286423669014,25,0.7292572342484854,1,1
林洋,TERM_01957,0,4.480922068726298,62.25718212523056,31.794063655245413,46.2201448445465,40.716159001288325,59.662551814407564,62.43113240288113,0.12290226292520214,1348.717526880343,9076.25697589697,-107.0793076,369,68,461.3387585930011,0.2599809943954637,0.1951941030683501,0,0.26854298671277305,0.15422619221320533,23,0.6150735686216569,0,0
林洋,TERM_01958,0,7.12380421889181,17.286223295298306,24.439153151744136,33.934654235542986,30.516966729589416,30.22881004486726,36.69935685272664,0,6891.621341021593,54220.36040294202,-66.90871253,81,7,38.14080000904359,0.8711067229472016,0.020547045200987716,0,0.03708444569945188,0.01917374006462656,7,0.8837300674678199,0,0
华为,TERM_01959,1,10.502555291781242,78.83621537714721,98.15852658784044,56.92842531189997,47.54097775822528,69.10092028109345,55.15035570580649,0.09988846512883781,559.616479486996,408.0180256115764,-117.1485522,382,69,497.0469275687586,0.11458750893181914,0.17382387731741428,1,0.21651761703747652,0.17083361860765497,44,0.5838643212399219,1,1
威胜,TERM_01960,0,7.717767748321466,105.87309518077534,136.14330099648447,47.00979040628833,46.35343547052933,58.11057628399572,38.86000464929456,0.08200520928129298,1442.3382321312806,15511.074279786286,-103.8734048,311,72,370.1124326866294,0.22988552202119225,0.17842123445060667,0,0.14249229362234764,0.14280437318220662,37,0.6297747836302793,0,0
华为,TERM_01961,0,2.23142518774294,59.16773992043432,29.90012412984915,25.876525564962066,35.63593170744093,48.102336973792276,55.0511506130871,0.043889804324103825,6531.695162982924,52938.57848175652,-69.60753759,89,30,111.96677884271942,0.7509085728069416,0.05180510133873047,1,0.08121952730265745,0.031013135648609535,5,1,0,0
林洋,TERM_01962,0,4.27644183040178,23.503446611716935,69.75682849073272,30.563129045942357,28.020634443970103,53.100447267126064,43.97651271558133,0.08682552895861693,5038.503285951516,38358.09196717865,-75.05470525,148,33,206.82549240115515,0.6497983309254534,0.06970141773331201,1,0.10821655191328963,0.12679646417701013,17,0.7714701345631381,0,0
中兴,TERM_01963,0,11.824345102239796,42.562469210094044,81.80627845443453,55.62402213916693,48.94649939011314,57.51582199646092,42.32476248248503,0.08570727529834415,2146.6787126387608,15631.92030763557,-110.3778669,303,63,387.06581875065086,0.29772740495264644,0.16271131650575862,1,0.2347532635481779,0.10833889626080731,39,0.6763447318231901,1,1
中兴,TERM_01964,1,6.396323081811521,47.886662805973934,44.12060424598326,25.96442619062408,10.805728753246509,62.00966718618815,53.86048955741408,0.08601849628979981,4218.520515688349,44965.71047267873,-61.59281799,155,27,218.34938635003087,0.5322359474423028,0.11530407929169348,0,0.13580634752938414,0.14895216100842396,15,0.7697443675394331,0,1
华为,TERM_01965,1,8.368613400993734,118.38061426841854,89.56967185028341,60.64880302327603,59.11726419956403,60.58895554961874,49.78329038853915,0.17390575010641973,136.89051969890195,0,-106.7293651,405,82,524.3546809206393,0.002539756599570356,0.16617174725212042,0,0.16979923362504548,0.1952403416671109,37,0.511847569915392,1,1
华为,TERM_01966,0,5.084046967650993,79.69476160462263,94.62389469992944,50.39962215253099,40.46988978771143,69.91614763764551,60.28104371665695,0.11929537798639486,1903.4342844620526,21603.653036546875,-107.6489968,247,53,371.78803337107496,0.3493878300802297,0.13764951327095926,0,0.18363784995852767,0.08496448186189341,18,0.6398561605617632,0,0
威胜,TERM_01967,0,3.0482480511499617,39.97448934339132,5.57993374599539,26.907508797559274,18.12862878274913,46.79545572468903,46.92991638602996,0.025187805988969615,5704.829776233096,50821.45053508632,-73.14527224,105,19,145.20258388704406,0.7508825207178119,0.09456885529496901,0,0.10659221386125307,0.0958156640956926,16,0.90064886573942,0,0
华为,TERM_01968,0,8.759475933510307,72.39864597197247,75.87007141979647,66.54835107600474,66.20690482805695,60.675949009647645,53.51956679428488,0.1135592928972207,1724.190237358203,8178.884104730296,-114.7989158,382,67,409.86253929842115,0.33737323699764504,0.21956488428059973,0,0.20696293901198176,0.1606808615205748,32,0.6375035827199731,1,1
威胜,TERM_01969,0,13.28794933678971,72.95030682413474,56.18009762700686,48.21117093146967,40.84302255887242,64.69065373304716,49.9834166585202,0.09341899445221716,3887.3770621044123,29945.164627279817,-84.07537304,221,40,240.3686271876755,0.4984950589554212,0.12337777756711511,1,0.1812608240101675,0.07882559669158401,14,0.786764646412836,1,1
华为,TERM_01970,0,5.095706618376244,32.04061554742978,59.712349727606735,21.718496708519908,16.247784087482845,45.256914872097944,40.45215547982142,0.0072709384639041315,7656.072027128403,61478.98036735729,-64.4151389,98,11,0,0.6808156899803276,0.02881071976118502,0,0.0368740512221857,0.03385746844030398,9,0.9259898770348219,0,0
中兴,TERM_01971,0,7.018226046918387,91.27428515664184,90.87493637503604,45.03534850366283,43.78428022420529,46.89287222840825,36.78596206762667,0.11999506851986555,3070.63782367359,16940.608340520732,-112.1159755,245,62,325.10386728988533,0.34470713777307954,0.11158692174282618,1,0.2138609973388172,0.11325416908559713,28,0.7464827804049543,0,0
威胜,TERM_01972,0,4.357504767278739,26.609584552577534,44.92146471009243,45.39727136092316,36.86695204100721,54.60238478297885,48.10629858001803,0.04061047233721806,4838.063509251831,48544.176434869165,-92.0123401,179,21,198.74533395329075,0.6287823314731079,0.10203402723895262,1,0.10815055271611934,0.1407163294161916,13,0.7556858590330406,0,0
华为,TERM_01973,0,2.1766024577496506,85.14154077833669,75.84349342392022,54.232704678402584,42.78791700592298,68.02327097255053,61.87064363325116,0.13900223457703997,1739.8582064435027,8849.606070732652,-98.97588348,347,64,398.6217786771573,0.29391921372164787,0.17001805482848661,0,0.20155110332157705,0.14774632533797383,22,0.7405393809540551,0,0
中兴,TERM_01974,0,5.84318234701188,51.18736195197314,73.61508660290025,53.86224052065921,51.18375844807233,64.89225476215857,64.9651484670299,0.11648183352131646,4273.63389760426,28910.03041179387,-93.55653534,225,52,279.1040822767363,0.3643102177520494,0.05717241017284716,0,0.23250228456100042,0.08219096929667202,21,0.7978754351124562,0,0
威胜,TERM_01975,0,3.3071186510209407,41.495849137720086,47.264988182722405,33.262089521774215,32.033841186879364,48.49445283817541,40.46212533835325,0.04630736481687419,5700.960620934866,58901.16047729711,-71.01418312,50,21,98.52301905970953,0.8834844120817803,0.008406198376966066,0,0.025308802112646855,0.03803001497160258,12,0.8973990960160838,0,0
林洋,TERM_01976,0,5.740682089038119,64.9544481271003,70.35363862864403,45.56112584741457,37.6733016152704,62.1648464034205,61.35154674369394,0.062668634728879,3130.892437114232,28459.37967488365,-87.89598778,257,42,315.6540060385119,0.34265131060540377,0.057405122237824485,0,0.1632120848126798,0.09614595870616832,22,0.7565968652223507,0,0
华为,TERM_01977,0,6.111633684920535,74.67084921932549,87.17908838422545,48.82613079423572,40.69047582159488,54.09912295692862,39.52842862272347,0.055138688378827155,2739.5656048515098,21386.31362060433,-91.14723151,244,72,335.9002501477976,0.3314135445465418,0.1413643297615859,0,0.19171792990665137,0.17324046234243584,30,0.645997906028815,0,0
中兴,TERM_01978,1,1.8572580865282906,56.20799771191649,63.35111421463121,57.5021820233885,47.00170531854818,43.67507553894869,44.06766355138667,0.01987028537160942,6038.138905228366,42269.12038687324,-75.71808302,127,48,207.69156011093446,0.6940263612850934,0.10697001547129517,0,0.0730597619031664,0.0814349042984798,3,0.8837507048678146,0,1
威胜,TERM_01979,1,3.8983593256392917,53.2397644173234,62.689877424465855,18.933939029684026,17.501393804881587,38.67504836933542,41.46863032372825,0.04940747704364595,6767.854979427022,58616.65503455134,-83.83564285,11,16,159.34223692481734,0.7520118277458611,0.07920904244830622,0,0.08770716107991888,0.00787008180922761,2,0.8814374591516058,0,1
林洋,TERM_01980,1,8.931516448859444,119.07975396385703,96.39384324190546,51.13245812619722,55.72694854896391,53.914961947416295,47.53355119782125,0.1434289959409306,119.20354536234366,0,-126.2424582,384,73,494.4161635873806,0.07623832762236016,0.16110882587406272,0,0.27884063667073533,0.16781418053086625,37,0.5604692771241755,1,1
华为,TERM_01981,0,3.175847702859819,22.014209029847777,34.77763399310571,19.08405238180477,18.74177781107103,48.75519866247207,38.84365726297797,0,8412.07173387888,79129.38586275872,-73.80209936,11,2,0,0.8807705153732928,0,0,0.046761067285818775,0.011212086426067004,0,0.8900577087395454,0,0
林洋,TERM_01982,0,8.404099609778942,70.014148280732,74.35077680285717,64.46573401341081,59.00979929907425,52.883080599378886,41.41747527459058,0.13823085307974353,1285.4927283946804,11324.040175933213,-120.1925308,354,59,367.4556415309318,0.31746832687462495,0.13046840012426145,0,0.22056387089598906,0.11424938610094246,26,0.7083777706694631,1,1
中兴,TERM_01983,0,4.177262741070235,16.443168329465163,78.2701590634592,8.76347493377752,7.345751830357703,45.10246137356481,39.94953915123114,0,6212.96366383091,44334.826563038245,-68.15449521,52,22,165.76624834107224,0.8843522956006296,0.06080430653516645,1,0.09753646715370493,0.024903212841317766,5,0.8060215598032251,0,0
威胜,TERM_01984,0,1.7478151086860803,30.756652742055635,102.04291515131428,7.187945233628037,3,33.805755707061756,36.10218722178403,0.010602319081586294,7876.594504797007,71017.5000564071,-58.56118379,2,11,13.520259890445182,0.8758987906854365,0.05864164388369343,0,0.013205598858686565,0.04061200370743358,8,0.9088650371129748,0,0
威胜,TERM_01985,1,7.746012657105869,100.8002193828347,80.02158987957465,55.81729566721396,52.6593137923656,66.75384222339977,59.19917324951289,0.11335110059767407,1493.98600218247,0,-108.1962897,448,87,476.48045587116604,0.06940591940012486,0.22969380021813934,1,0.21934359572229384,0.25000534110066674,41,0.6166178813191376,0,1
华为,TERM_01986,0,6.550729679195146,51.27044484487599,79.1935348038576,66.38822685175661,55.96189155977147,67.52400460575437,69.19265808403833,0.07247833226141728,2204.7555180476015,19534.146723008205,-103.0807995,358,64,351.8474133661472,0.3198726940218798,0.1320306403757434,0,0.2103518414452978,0.09729005334127785,30,0.6851168895716175,0,0
林洋,TERM_01987,0,7.041143938716919,94.09858035606266,107.73544571805407,52.73415722364687,47.12323043480288,55.66113018844113,43.75282777779982,0.10841979738944639,1270.8002331476016,20595.79481105909,-114.8873014,345,68,401.83293792837327,0.40734373352936554,0.16969829660714783,0,0.1941626954548101,0.2481866129255219,38,0.6861814768697708,0,0
华为,TERM_01988,0,8.118465895325139,72.39303847686416,97.97853860771522,41.50824436435119,41.88671150450049,66.52244477767354,59.41318727898307,0.19199172980611864,1655.0153809244346,15042.687625985305,-95.43900515,351,55,375.7866229084983,0.3488204969611156,0.1363087635471829,0,0.19742524342674733,0.16988116785456298,34,0.7391659550033702,1,1
威胜,TERM_01989,0,3.0645436243526585,2.318220675919193,42.487948000085105,27.23665748843608,26.296847848644504,40.23895241227568,34.97737620557079,0.03127528613223552,7784.990522025108,68320.9300293548,-45,0,0,38.05724452423976,0.9939570810334244,0.023662658715143763,0,0,0,5,0.9751563698487649,0,0
华为,TERM_01990,0,9.921416451268044,63.33870715489992,62.44164392549117,65.3314467755323,63.173822834279086,55.27555991126504,51.57392915675273,0.08820807324802679,2355.8213648377005,19110.265086668463,-99.72592001,344,49,323.07535804867825,0.3257310775546146,0.14513287612265213,1,0.2330406633576415,0.2099800219897296,32,0.6729181941182577,1,1
华为,TERM_01991,0,9.236687197375588,51.666168715076765,106.07020190512684,41.070372791840114,38.15175694660127,67.01903385616318,60.022472855909136,0.13795716172891698,2680.9963435527525,31813.059386097724,-98.08039043,284,55,326.61973609369596,0.4516549083560499,0.12101982350955987,0,0.2270007532733852,0.1503613568718978,20,0.6986094273680181,1,1
林洋,TERM_01992,0,5.476318125270211,45.28134837758957,90.31151612596902,46.014202816900166,37.33359134494851,68.255884292149,70.7357441298671,0.04912627726885704,3776.499062594129,30650.20824705655,-93.83003419,200,53,306.2767807345031,0.456167920870438,0.08103956642441147,0,0.17756850216851164,0.14608323239272336,13,0.6825096166681078,0,0
威胜,TERM_01993,1,2.0222110798163673,95.94912230920288,93.4479434374284,59.768688431473194,55.48109179677363,88.94754488944172,91.5216076698831,0.1903203220727981,351.0963968240253,13212.439742966933,-127.1188412,396,88,465.7210550122316,0.24497201123048074,0.10312947588858845,1,0.27246003640242017,0.21807640248455673,31,0.6097881277870327,0,1
林洋,TERM_01994,0,8.95876258860237,92.4984113067954,67.11069549256251,58.60154891262303,57.517926678185724,62.150172218370436,56.10124955798594,0.10263617149036897,638.7420329336807,2266.1737349161012,-116.608994,336,76,447.94247896994284,0,0.1616491249996291,0,0.25414749922952085,0.2053653304617744,34,0.6335592207984179,1,1
威胜,TERM_01995,0,3.3934924338997554,71.20118138395196,60.93931248344816,31.02205427884801,24.80628203527331,49.768227428068016,41.64524717488716,0.06471408477116836,4997.402995202999,40272.74089026952,-82.46408811,162,28,191.35646021719955,0.6516486074486247,0.09628469400953442,0,0.10342826087820461,0.04859364026703344,12,0.8478381210721664,0,0
威胜,TERM_01996,0,5.279179075185119,61.80972435745822,56.74468193366969,54.905081067108114,48.882172010755994,63.663415504192166,55.060924997090225,0.17713497334713868,887.5625602593359,15829.158149184554,-114.1427754,287,76,356.91648017630797,0.34077160246065186,0.1605635583987767,0,0.1586962986511571,0.17865371726154622,30,0.681782333065188,0,0
威胜,TERM_01997,0,5.113729624597569,68.4439819444485,89.41116188166536,51.450394663943385,44.099267998516346,63.30752957468421,64.51387930848158,0.08608812769631474,3239.020328073734,32482.869993921955,-97.88623833,208,43,259.91694898379666,0.33569297548824295,0.08643974239208349,0,0.18691526681483278,0.13294417432069577,13,0.7854818205250704,0,0
中兴,TERM_01998,0,11.516098264869779,62.460693896174654,88.9340215764079,55.52358415889445,49.09883869541155,78.56843790145369,69.57834422279797,0.1694644702603208,2382.934713855621,19486.2465351415,-105.69279,303,53,389.8107931153966,0.33139534424349115,0.08645074197217784,1,0.23660419702726762,0.17156817132525393,29,0.6671584967550418,1,1
林洋,TERM_01999,1,12.671608152203339,89.55980794319052,109.33260875231953,46.59724595808916,37.73062923088064,74.49725098023848,60.728910596623955,0.14635182251122242,0,0,-109.1158298,425,87,509.24878373789346,0.15605355627512119,0.19569900352423056,0,0.204314883554916,0.17783018226778438,31,0.575733836206916,1,1
威胜,TERM_02000,0,1.85049119513487,23.340150934730882,31.60001198465709,23.1267232045736,18.247081802854314,52.91352518103707,40.04057547821584,0.0584785573284756,4909.426098043319,39324.38734393619,-91.67344751,175,42,165.25156598173504,0.4695156417173173,0.05090148263745724,0,0.13902679235579452,0.06628286558554891,10,0.8434154408017103,0,0
