user_id,stat_date,kwh
USR00001,2026-05-22,41.81
USR00001,2026-05-21,47.07
USR00001,2026-05-20,52.99
USR00001,2026-05-19,46.05
USR00001,2026-05-18,45.31
USR00001,2026-05-17,53.66
USR00001,2026-05-16,46.59
USR00001,2026-05-15,53.37
USR00001,2026-05-14,50.13
USR00001,2026-05-13,46.42
USR00001,2026-05-12,50.37
USR00001,2026-05-11,49.6
USR00001,2026-05-10,52.97
USR00001,2026-05-09,45.43
USR00001,2026-05-08,48.26
USR00001,2026-05-07,47.77
USR00001,2026-05-06,51.45
USR00001,2026-05-05,43.14
USR00001,2026-05-04,52.95
USR00001,2026-05-03,50.31
USR00001,2026-05-02,41.73
USR00001,2026-05-01,53.87
USR00001,2026-04-30,58.8
USR00001,2026-04-29,52.88
USR00001,2026-04-28,54.92
USR00001,2026-04-27,48.48
USR00001,2026-04-26,40.08
USR00001,2026-04-25,39.2
USR00001,2026-04-24,49.29
USR00001,2026-04-23,45.22
USR00002,2026-05-22,17.21
USR00002,2026-05-21,18.39
USR00002,2026-05-20,14.8
USR00002,2026-05-19,16.54
USR00002,2026-05-18,19.94
USR00002,2026-05-17,15.46
USR00002,2026-05-16,18.83
USR00002,2026-05-15,16.48
USR00002,2026-05-14,18.27
USR00002,2026-05-13,19.22
USR00002,2026-05-12,18.6
USR00002,2026-05-11,18.9
USR00002,2026-05-10,15.33
USR00002,2026-05-09,19.25
USR00002,2026-05-08,15.84
USR00002,2026-05-07,17.77
USR00002,2026-05-06,17.77
USR00002,2026-05-05,18.16
USR00002,2026-05-04,17.9
USR00002,2026-05-03,15.86
USR00002,2026-05-02,14.98
USR00002,2026-05-01,18.83
USR00002,2026-04-30,17.64
USR00002,2026-04-29,19.31
USR00002,2026-04-28,17.24
USR00002,2026-04-27,14.89
USR00002,2026-04-26,18.99
USR00002,2026-04-25,16.68
USR00002,2026-04-24,17.91
USR00002,2026-04-23,16.2
USR00003,2026-05-22,17.88
USR00003,2026-05-21,18.94
USR00003,2026-05-20,19.81
USR00003,2026-05-19,17.46
USR00003,2026-05-18,20.25
USR00003,2026-05-17,22.76
USR00003,2026-05-16,18.64
USR00003,2026-05-15,20.38
USR00003,2026-05-14,14.21
USR00003,2026-05-13,19.52
USR00003,2026-05-12,18.99
USR00003,2026-05-11,18.0
USR00003,2026-05-10,21.72
USR00003,2026-05-09,18.96
USR00003,2026-05-08,19.25
USR00003,2026-05-07,18.86
USR00003,2026-05-06,15.84
USR00003,2026-05-05,17.38
USR00003,2026-05-04,21.48
USR00003,2026-05-03,15.47
USR00003,2026-05-02,18.1
USR00003,2026-05-01,18.82
USR00003,2026-04-30,23.02
USR00003,2026-04-29,21.11
USR00003,2026-04-28,18.51
USR00003,2026-04-27,22.16
USR00003,2026-04-26,18.15
USR00003,2026-04-25,21.58
USR00003,2026-04-24,16.94
USR00003,2026-04-23,21.7
USR00004,2026-05-22,178.21
USR00004,2026-05-21,194.33
USR00004,2026-05-20,204.15
USR00004,2026-05-19,188.82
USR00004,2026-05-18,209.65
USR00004,2026-05-17,187.06
USR00004,2026-05-16,210.97
USR00004,2026-05-15,207.43
USR00004,2026-05-14,197.43
USR00004,2026-05-13,189.88
USR00004,2026-05-12,201.65
USR00004,2026-05-11,209.57
USR00004,2026-05-10,239.6
USR00004,2026-05-09,217.3
USR00004,2026-05-08,218.03
USR00004,2026-05-07,259.99
USR00004,2026-05-06,208.89
USR00004,2026-05-05,208.27
USR00004,2026-05-04,212.63
USR00004,2026-05-03,178.6
USR00004,2026-05-02,189.83
USR00004,2026-05-01,188.59
USR00004,2026-04-30,211.51
USR00004,2026-04-29,195.18
USR00004,2026-04-28,201.39
USR00004,2026-04-27,220.24
USR00004,2026-04-26,215.79
USR00004,2026-04-25,195.43
USR00004,2026-04-24,185.33
USR00004,2026-04-23,221.19
USR00005,2026-05-22,4.69
USR00005,2026-05-21,5.41
USR00005,2026-05-20,5.68
USR00005,2026-05-19,6.02
USR00005,2026-05-18,6.1
USR00005,2026-05-17,5.75
USR00005,2026-05-16,5.92
USR00005,2026-05-15,5.63
USR00005,2026-05-14,5.21
USR00005,2026-05-13,5.44
USR00005,2026-05-12,5.6
USR00005,2026-05-11,5.57
USR00005,2026-05-10,4.54
USR00005,2026-05-09,5.37
USR00005,2026-05-08,5.62
USR00005,2026-05-07,5.43
USR00005,2026-05-06,5.45
USR00005,2026-05-05,5.86
USR00005,2026-05-04,4.99
USR00005,2026-05-03,4.68
USR00005,2026-05-02,5.39
USR00005,2026-05-01,6.02
USR00005,2026-04-30,6.53
USR00005,2026-04-29,6.03
USR00005,2026-04-28,4.77
USR00005,2026-04-27,5.46
USR00005,2026-04-26,5.73
USR00005,2026-04-25,5.69
USR00005,2026-04-24,5.89
USR00005,2026-04-23,5.08
USR00006,2026-05-22,464.03
USR00006,2026-05-21,482.08
USR00006,2026-05-20,409.43
USR00006,2026-05-19,429.94
USR00006,2026-05-18,324.91
USR00006,2026-05-17,417.64
USR00006,2026-05-16,421.96
USR00006,2026-05-15,399.91
USR00006,2026-05-14,452.69
USR00006,2026-05-13,442.82
USR00006,2026-05-12,344.71
USR00006,2026-05-11,454.91
USR00006,2026-05-10,403.97
USR00006,2026-05-09,466.94
USR00006,2026-05-08,388.23
USR00006,2026-05-07,446.65
USR00006,2026-05-06,432.7
USR00006,2026-05-05,458.81
USR00006,2026-05-04,450.87
USR00006,2026-05-03,433.95
USR00006,2026-05-02,376.9
USR00006,2026-05-01,379.53
USR00006,2026-04-30,419.31
USR00006,2026-04-29,444.94
USR00006,2026-04-28,418.23
USR00006,2026-04-27,473.15
USR00006,2026-04-26,432.88
USR00006,2026-04-25,402.34
USR00006,2026-04-24,432.93
USR00006,2026-04-23,455.37
USR00007,2026-05-22,47.52
USR00007,2026-05-21,37.33
USR00007,2026-05-20,39.71
USR00007,2026-05-19,41.71
USR00007,2026-05-18,39.91
USR00007,2026-05-17,38.01
USR00007,2026-05-16,33.81
USR00007,2026-05-15,37.96
USR00007,2026-05-14,35.71
USR00007,2026-05-13,33.1
USR00007,2026-05-12,36.83
USR00007,2026-05-11,35.82
USR00007,2026-05-10,42.34
USR00007,2026-05-09,42.41
USR00007,2026-05-08,36.39
USR00007,2026-05-07,38.97
USR00007,2026-05-06,32.57
USR00007,2026-05-05,38.03
USR00007,2026-05-04,41.6
USR00007,2026-05-03,43.31
USR00007,2026-05-02,37.16
USR00007,2026-05-01,44.22
USR00007,2026-04-30,33.94
USR00007,2026-04-29,35.02
USR00007,2026-04-28,42.85
USR00007,2026-04-27,46.69
USR00007,2026-04-26,41.98
USR00007,2026-04-25,39.85
USR00007,2026-04-24,31.23
USR00007,2026-04-23,31.92
USR00008,2026-05-22,104.24
USR00008,2026-05-21,96.16
USR00008,2026-05-20,108.82
USR00008,2026-05-19,109.36
USR00008,2026-05-18,118.32
USR00008,2026-05-17,109.59
USR00008,2026-05-16,121.39
USR00008,2026-05-15,108.2
USR00008,2026-05-14,106.86
USR00008,2026-05-13,119.62
USR00008,2026-05-12,97.53
USR00008,2026-05-11,138.54
USR00008,2026-05-10,112.17
USR00008,2026-05-09,112.23
USR00008,2026-05-08,113.79
USR00008,2026-05-07,128.41
USR00008,2026-05-06,116.68
USR00008,2026-05-05,90.76
USR00008,2026-05-04,123.28
USR00008,2026-05-03,104.43
USR00008,2026-05-02,109.27
USR00008,2026-05-01,94.28
USR00008,2026-04-30,113.8
USR00008,2026-04-29,101.07
USR00008,2026-04-28,109.19
USR00008,2026-04-27,105.04
USR00008,2026-04-26,128.92
USR00008,2026-04-25,129.54
USR00008,2026-04-24,108.61
USR00008,2026-04-23,108.8
USR00009,2026-05-22,25.27
USR00009,2026-05-21,22.0
USR00009,2026-05-20,21.79
USR00009,2026-05-19,24.98
USR00009,2026-05-18,21.53
USR00009,2026-05-17,22.67
USR00009,2026-05-16,19.15
USR00009,2026-05-15,24.35
USR00009,2026-05-14,27.17
USR00009,2026-05-13,24.39
USR00009,2026-05-12,26.08
USR00009,2026-05-11,20.83
USR00009,2026-05-10,23.29
USR00009,2026-05-09,20.61
USR00009,2026-05-08,22.23
USR00009,2026-05-07,24.51
USR00009,2026-05-06,22.98
USR00009,2026-05-05,19.54
USR00009,2026-05-04,19.76
USR00009,2026-05-03,19.61
USR00009,2026-05-02,23.87
USR00009,2026-05-01,27.45
USR00009,2026-04-30,25.85
USR00009,2026-04-29,18.44
USR00009,2026-04-28,25.98
USR00009,2026-04-27,24.88
USR00009,2026-04-26,19.24
USR00009,2026-04-25,22.06
USR00009,2026-04-24,25.24
USR00009,2026-04-23,24.0
USR00010,2026-05-22,27.5
USR00010,2026-05-21,20.38
USR00010,2026-05-20,25.34
USR00010,2026-05-19,28.87
USR00010,2026-05-18,25.97
USR00010,2026-05-17,24.62
USR00010,2026-05-16,28.22
USR00010,2026-05-15,28.44
USR00010,2026-05-14,29.31
USR00010,2026-05-13,28.18
USR00010,2026-05-12,28.72
USR00010,2026-05-11,27.82
USR00010,2026-05-10,26.61
USR00010,2026-05-09,26.15
USR00010,2026-05-08,25.3
USR00010,2026-05-07,22.78
USR00010,2026-05-06,23.44
USR00010,2026-05-05,25.19
USR00010,2026-05-04,26.54
USR00010,2026-05-03,29.65
USR00010,2026-05-02,25.81
USR00010,2026-05-01,28.52
USR00010,2026-04-30,28.71
USR00010,2026-04-29,25.32
USR00010,2026-04-28,27.46
USR00010,2026-04-27,25.29
USR00010,2026-04-26,29.34
USR00010,2026-04-25,27.57
USR00010,2026-04-24,22.83
USR00010,2026-04-23,26.34
USR00011,2026-05-22,263.04
USR00011,2026-05-21,279.89
USR00011,2026-05-20,282.52
USR00011,2026-05-19,240.13
USR00011,2026-05-18,281.58
USR00011,2026-05-17,230.56
USR00011,2026-05-16,251.14
USR00011,2026-05-15,296.71
USR00011,2026-05-14,277.45
USR00011,2026-05-13,259.74
USR00011,2026-05-12,279.86
USR00011,2026-05-11,266.29
USR00011,2026-05-10,268.23
USR00011,2026-05-09,285.49
USR00011,2026-05-08,248.41
USR00011,2026-05-07,268.98
USR00011,2026-05-06,259.53
USR00011,2026-05-05,225.42
USR00011,2026-05-04,243.24
USR00011,2026-05-03,309.91
USR00011,2026-05-02,278.2
USR00011,2026-05-01,232.44
USR00011,2026-04-30,226.63
USR00011,2026-04-29,264.89
USR00011,2026-04-28,309.72
USR00011,2026-04-27,262.89
USR00011,2026-04-26,302.91
USR00011,2026-04-25,277.32
USR00011,2026-04-24,280.52
USR00011,2026-04-23,232.11
USR00012,2026-05-22,30.78
USR00012,2026-05-21,34.6
USR00012,2026-05-20,29.25
USR00012,2026-05-19,32.41
USR00012,2026-05-18,32.97
USR00012,2026-05-17,31.36
USR00012,2026-05-16,33.14
USR00012,2026-05-15,31.0
USR00012,2026-05-14,29.78
USR00012,2026-05-13,36.96
USR00012,2026-05-12,35.19
USR00012,2026-05-11,29.42
USR00012,2026-05-10,33.66
USR00012,2026-05-09,29.48
USR00012,2026-05-08,28.07
USR00012,2026-05-07,35.14
USR00012,2026-05-06,26.42
USR00012,2026-05-05,34.8
USR00012,2026-05-04,31.04
USR00012,2026-05-03,31.17
USR00012,2026-05-02,33.15
USR00012,2026-05-01,33.7
USR00012,2026-04-30,29.22
USR00012,2026-04-29,34.13
USR00012,2026-04-28,32.21
USR00012,2026-04-27,27.85
USR00012,2026-04-26,31.31
USR00012,2026-04-25,36.25
USR00012,2026-04-24,37.19
USR00012,2026-04-23,34.13
USR00013,2026-05-22,12.68
USR00013,2026-05-21,13.12
USR00013,2026-05-20,12.97
USR00013,2026-05-19,13.04
USR00013,2026-05-18,12.53
USR00013,2026-05-17,12.0
USR00013,2026-05-16,11.35
USR00013,2026-05-15,9.79
USR00013,2026-05-14,12.5
USR00013,2026-05-13,12.31
USR00013,2026-05-12,12.76
USR00013,2026-05-11,10.47
USR00013,2026-05-10,12.87
USR00013,2026-05-09,14.57
USR00013,2026-05-08,12.18
USR00013,2026-05-07,12.01
USR00013,2026-05-06,12.46
USR00013,2026-05-05,14.55
USR00013,2026-05-04,10.85
USR00013,2026-05-03,12.33
USR00013,2026-05-02,11.12
USR00013,2026-05-01,11.43
USR00013,2026-04-30,12.03
USR00013,2026-04-29,13.72
USR00013,2026-04-28,14.27
USR00013,2026-04-27,12.63
USR00013,2026-04-26,11.63
USR00013,2026-04-25,15.1
USR00013,2026-04-24,11.57
USR00013,2026-04-23,11.4
USR00014,2026-05-22,306.75
USR00014,2026-05-21,295.23
USR00014,2026-05-20,334.25
USR00014,2026-05-19,231.77
USR00014,2026-05-18,308.42
USR00014,2026-05-17,271.06
USR00014,2026-05-16,290.87
USR00014,2026-05-15,224.82
USR00014,2026-05-14,308.69
USR00014,2026-05-13,290.34
USR00014,2026-05-12,268.12
USR00014,2026-05-11,286.54
USR00014,2026-05-10,248.57
USR00014,2026-05-09,253.57
USR00014,2026-05-08,256.7
USR00014,2026-05-07,219.3
USR00014,2026-05-06,292.37
USR00014,2026-05-05,301.24
USR00014,2026-05-04,250.29
USR00014,2026-05-03,278.54
USR00014,2026-05-02,262.02
USR00014,2026-05-01,278.01
USR00014,2026-04-30,252.28
USR00014,2026-04-29,245.39
USR00014,2026-04-28,297.49
USR00014,2026-04-27,267.45
USR00014,2026-04-26,323.6
USR00014,2026-04-25,270.42
USR00014,2026-04-24,244.24
USR00014,2026-04-23,302.2
USR00015,2026-05-22,406.14
USR00015,2026-05-21,423.7
USR00015,2026-05-20,353.9
USR00015,2026-05-19,373.8
USR00015,2026-05-18,372.13
USR00015,2026-05-17,329.75
USR00015,2026-05-16,368.64
USR00015,2026-05-15,429.22
USR00015,2026-05-14,387.61
USR00015,2026-05-13,327.66
USR00015,2026-05-12,319.71
USR00015,2026-05-11,441.65
USR00015,2026-05-10,375.2
USR00015,2026-05-09,354.11
USR00015,2026-05-08,368.25
USR00015,2026-05-07,322.69
USR00015,2026-05-06,432.5
USR00015,2026-05-05,363.74
USR00015,2026-05-04,430.39
USR00015,2026-05-03,380.58
USR00015,2026-05-02,432.74
USR00015,2026-05-01,388.34
USR00015,2026-04-30,410.92
USR00015,2026-04-29,405.85
USR00015,2026-04-28,402.22
USR00015,2026-04-27,391.79
USR00015,2026-04-26,369.8
USR00015,2026-04-25,451.14
USR00015,2026-04-24,344.28
USR00015,2026-04-23,378.78
USR00016,2026-05-22,45.84
USR00016,2026-05-21,42.17
USR00016,2026-05-20,45.45
USR00016,2026-05-19,43.32
USR00016,2026-05-18,37.1
USR00016,2026-05-17,44.11
USR00016,2026-05-16,39.22
USR00016,2026-05-15,36.42
USR00016,2026-05-14,44.67
USR00016,2026-05-13,46.22
USR00016,2026-05-12,46.39
USR00016,2026-05-11,46.57
USR00016,2026-05-10,35.55
USR00016,2026-05-09,38.07
USR00016,2026-05-08,52.76
USR00016,2026-05-07,39.45
USR00016,2026-05-06,46.76
USR00016,2026-05-05,41.04
USR00016,2026-05-04,44.42
USR00016,2026-05-03,41.28
USR00016,2026-05-02,46.54
USR00016,2026-05-01,44.67
USR00016,2026-04-30,42.09
USR00016,2026-04-29,39.44
USR00016,2026-04-28,45.25
USR00016,2026-04-27,38.72
USR00016,2026-04-26,45.95
USR00016,2026-04-25,55.64
USR00016,2026-04-24,50.02
USR00016,2026-04-23,47.23
USR00017,2026-05-22,30.94
USR00017,2026-05-21,33.31
USR00017,2026-05-20,43.31
USR00017,2026-05-19,35.35
USR00017,2026-05-18,35.7
USR00017,2026-05-17,37.75
USR00017,2026-05-16,34.31
USR00017,2026-05-15,33.68
USR00017,2026-05-14,38.19
USR00017,2026-05-13,34.96
USR00017,2026-05-12,35.54
USR00017,2026-05-11,35.39
USR00017,2026-05-10,40.39
USR00017,2026-05-09,37.49
USR00017,2026-05-08,37.7
USR00017,2026-05-07,40.68
USR00017,2026-05-06,37.84
USR00017,2026-05-05,37.32
USR00017,2026-05-04,40.19
USR00017,2026-05-03,40.95
USR00017,2026-05-02,37.82
USR00017,2026-05-01,38.69
USR00017,2026-04-30,35.38
USR00017,2026-04-29,35.08
USR00017,2026-04-28,41.34
USR00017,2026-04-27,40.09
USR00017,2026-04-26,40.13
USR00017,2026-04-25,39.46
USR00017,2026-04-24,38.56
USR00017,2026-04-23,41.06
USR00018,2026-05-22,43.99
USR00018,2026-05-21,39.91
USR00018,2026-05-20,45.9
USR00018,2026-05-19,41.23
USR00018,2026-05-18,42.86
USR00018,2026-05-17,41.45
USR00018,2026-05-16,41.31
USR00018,2026-05-15,37.35
USR00018,2026-05-14,43.14
USR00018,2026-05-13,51.78
USR00018,2026-05-12,38.8
USR00018,2026-05-11,40.6
USR00018,2026-05-10,38.51
USR00018,2026-05-09,38.34
USR00018,2026-05-08,46.54
USR00018,2026-05-07,37.6
USR00018,2026-05-06,38.4
USR00018,2026-05-05,33.91
USR00018,2026-05-04,37.26
USR00018,2026-05-03,33.43
USR00018,2026-05-02,42.86
USR00018,2026-05-01,51.6
USR00018,2026-04-30,38.83
USR00018,2026-04-29,33.59
USR00018,2026-04-28,43.94
USR00018,2026-04-27,37.38
USR00018,2026-04-26,45.55
USR00018,2026-04-25,39.18
USR00018,2026-04-24,37.77
USR00018,2026-04-23,39.59
USR00019,2026-05-22,349.03
USR00019,2026-05-21,339.41
USR00019,2026-05-20,350.05
USR00019,2026-05-19,311.73
USR00019,2026-05-18,371.33
USR00019,2026-05-17,293.34
USR00019,2026-05-16,341.29
USR00019,2026-05-15,384.27
USR00019,2026-05-14,367.98
USR00019,2026-05-13,378.24
USR00019,2026-05-12,354.83
USR00019,2026-05-11,398.93
USR00019,2026-05-10,390.18
USR00019,2026-05-09,373.09
USR00019,2026-05-08,390.28
USR00019,2026-05-07,383.95
USR00019,2026-05-06,341.46
USR00019,2026-05-05,309.15
USR00019,2026-05-04,372.17
USR00019,2026-05-03,376.66
USR00019,2026-05-02,396.1
USR00019,2026-05-01,323.71
USR00019,2026-04-30,324.78
USR00019,2026-04-29,373.58
USR00019,2026-04-28,354.61
USR00019,2026-04-27,289.8
USR00019,2026-04-26,370.55
USR00019,2026-04-25,290.99
USR00019,2026-04-24,323.39
USR00019,2026-04-23,405.43
USR00020,2026-05-22,6.81
USR00020,2026-05-21,7.5
USR00020,2026-05-20,7.79
USR00020,2026-05-19,9.14
USR00020,2026-05-18,7.37
USR00020,2026-05-17,7.38
USR00020,2026-05-16,8.96
USR00020,2026-05-15,7.46
USR00020,2026-05-14,8.31
USR00020,2026-05-13,6.61
USR00020,2026-05-12,7.62
USR00020,2026-05-11,6.47
USR00020,2026-05-10,6.94
USR00020,2026-05-09,8.4
USR00020,2026-05-08,7.72
USR00020,2026-05-07,7.51
USR00020,2026-05-06,7.17
USR00020,2026-05-05,7.58
USR00020,2026-05-04,7.99
USR00020,2026-05-03,8.52
USR00020,2026-05-02,5.72
USR00020,2026-05-01,7.11
USR00020,2026-04-30,7.88
USR00020,2026-04-29,7.68
USR00020,2026-04-28,8.07
USR00020,2026-04-27,7.96
USR00020,2026-04-26,7.52
USR00020,2026-04-25,7.35
USR00020,2026-04-24,7.56
USR00020,2026-04-23,8.64
USR00021,2026-05-22,413.2
USR00021,2026-05-21,423.43
USR00021,2026-05-20,480.69
USR00021,2026-05-19,403.32
USR00021,2026-05-18,455.68
USR00021,2026-05-17,467.03
USR00021,2026-05-16,413.16
USR00021,2026-05-15,407.05
USR00021,2026-05-14,402.13
USR00021,2026-05-13,405.17
USR00021,2026-05-12,451.33
USR00021,2026-05-11,425.41
USR00021,2026-05-10,425.59
USR00021,2026-05-09,369.02
USR00021,2026-05-08,375.58
USR00021,2026-05-07,504.93
USR00021,2026-05-06,408.41
USR00021,2026-05-05,383.59
USR00021,2026-05-04,475.31
USR00021,2026-05-03,427.53
USR00021,2026-05-02,439.85
USR00021,2026-05-01,410.07
USR00021,2026-04-30,402.56
USR00021,2026-04-29,408.76
USR00021,2026-04-28,358.31
USR00021,2026-04-27,412.15
USR00021,2026-04-26,428.12
USR00021,2026-04-25,492.75
USR00021,2026-04-24,419.38
USR00021,2026-04-23,318.75
USR00022,2026-05-22,435.81
USR00022,2026-05-21,371.73
USR00022,2026-05-20,314.36
USR00022,2026-05-19,362.32
USR00022,2026-05-18,316.71
USR00022,2026-05-17,295.78
USR00022,2026-05-16,330.18
USR00022,2026-05-15,345.23
USR00022,2026-05-14,278.05
USR00022,2026-05-13,302.78
USR00022,2026-05-12,342.45
USR00022,2026-05-11,328.13
USR00022,2026-05-10,355.6
USR00022,2026-05-09,300.54
USR00022,2026-05-08,366.53
USR00022,2026-05-07,301.6
USR00022,2026-05-06,398.29
USR00022,2026-05-05,283.4
USR00022,2026-05-04,304.72
USR00022,2026-05-03,356.37
USR00022,2026-05-02,399.03
USR00022,2026-05-01,352.87
USR00022,2026-04-30,361.35
USR00022,2026-04-29,342.7
USR00022,2026-04-28,306.98
USR00022,2026-04-27,325.33
USR00022,2026-04-26,300.64
USR00022,2026-04-25,298.35
USR00022,2026-04-24,355.84
USR00022,2026-04-23,303.67
USR00023,2026-05-22,7.72
USR00023,2026-05-21,9.14
USR00023,2026-05-20,8.45
USR00023,2026-05-19,10.13
USR00023,2026-05-18,9.17
USR00023,2026-05-17,9.98
USR00023,2026-05-16,8.21
USR00023,2026-05-15,8.93
USR00023,2026-05-14,8.01
USR00023,2026-05-13,8.51
USR00023,2026-05-12,8.65
USR00023,2026-05-11,8.24
USR00023,2026-05-10,7.8
USR00023,2026-05-09,7.63
USR00023,2026-05-08,6.8
USR00023,2026-05-07,7.94
USR00023,2026-05-06,9.44
USR00023,2026-05-05,7.46
USR00023,2026-05-04,7.67
USR00023,2026-05-03,10.47
USR00023,2026-05-02,8.32
USR00023,2026-05-01,9.17
USR00023,2026-04-30,9.45
USR00023,2026-04-29,9.47
USR00023,2026-04-28,7.53
USR00023,2026-04-27,8.68
USR00023,2026-04-26,7.44
USR00023,2026-04-25,11.05
USR00023,2026-04-24,7.46
USR00023,2026-04-23,7.95
USR00024,2026-05-22,316.53
USR00024,2026-05-21,422.59
USR00024,2026-05-20,462.42
USR00024,2026-05-19,354.54
USR00024,2026-05-18,323.09
USR00024,2026-05-17,288.98
USR00024,2026-05-16,363.16
USR00024,2026-05-15,360.47
USR00024,2026-05-14,348.0
USR00024,2026-05-13,380.49
USR00024,2026-05-12,386.96
USR00024,2026-05-11,384.27
USR00024,2026-05-10,360.48
USR00024,2026-05-09,331.24
USR00024,2026-05-08,397.03
USR00024,2026-05-07,372.71
USR00024,2026-05-06,405.31
USR00024,2026-05-05,401.66
USR00024,2026-05-04,319.32
USR00024,2026-05-03,318.86
USR00024,2026-05-02,344.12
USR00024,2026-05-01,332.93
USR00024,2026-04-30,400.36
USR00024,2026-04-29,385.32
USR00024,2026-04-28,413.16
USR00024,2026-04-27,387.0
USR00024,2026-04-26,380.01
USR00024,2026-04-25,416.9
USR00024,2026-04-24,389.73
USR00024,2026-04-23,374.78
USR00025,2026-05-22,212.19
USR00025,2026-05-21,203.39
USR00025,2026-05-20,192.2
USR00025,2026-05-19,224.52
USR00025,2026-05-18,235.73
USR00025,2026-05-17,208.72
USR00025,2026-05-16,237.21
USR00025,2026-05-15,168.45
USR00025,2026-05-14,208.61
USR00025,2026-05-13,208.94
USR00025,2026-05-12,194.53
USR00025,2026-05-11,259.78
USR00025,2026-05-10,208.39
USR00025,2026-05-09,201.22
USR00025,2026-05-08,210.32
USR00025,2026-05-07,167.76
USR00025,2026-05-06,193.84
USR00025,2026-05-05,230.4
USR00025,2026-05-04,196.58
USR00025,2026-05-03,192.39
USR00025,2026-05-02,237.25
USR00025,2026-05-01,237.89
USR00025,2026-04-30,220.62
USR00025,2026-04-29,200.23
USR00025,2026-04-28,204.75
USR00025,2026-04-27,192.91
USR00025,2026-04-26,188.91
USR00025,2026-04-25,187.87
USR00025,2026-04-24,196.81
USR00025,2026-04-23,188.07
USR00026,2026-05-22,7.87
USR00026,2026-05-21,7.88
USR00026,2026-05-20,9.01
USR00026,2026-05-19,7.19
USR00026,2026-05-18,7.93
USR00026,2026-05-17,7.94
USR00026,2026-05-16,7.51
USR00026,2026-05-15,8.27
USR00026,2026-05-14,8.3
USR00026,2026-05-13,7.95
USR00026,2026-05-12,7.5
USR00026,2026-05-11,7.43
USR00026,2026-05-10,6.65
USR00026,2026-05-09,7.08
USR00026,2026-05-08,7.22
USR00026,2026-05-07,6.84
USR00026,2026-05-06,8.04
USR00026,2026-05-05,8.62
USR00026,2026-05-04,7.0
USR00026,2026-05-03,7.92
USR00026,2026-05-02,6.9
USR00026,2026-05-01,7.47
USR00026,2026-04-30,7.17
USR00026,2026-04-29,8.16
USR00026,2026-04-28,7.18
USR00026,2026-04-27,8.48
USR00026,2026-04-26,7.51
USR00026,2026-04-25,7.2
USR00026,2026-04-24,6.74
USR00026,2026-04-23,7.9
USR00027,2026-05-22,200.79
USR00027,2026-05-21,239.2
USR00027,2026-05-20,223.39
USR00027,2026-05-19,189.43
USR00027,2026-05-18,189.23
USR00027,2026-05-17,204.62
USR00027,2026-05-16,179.06
USR00027,2026-05-15,218.24
USR00027,2026-05-14,202.51
USR00027,2026-05-13,200.46
USR00027,2026-05-12,208.87
USR00027,2026-05-11,229.11
USR00027,2026-05-10,198.78
USR00027,2026-05-09,193.23
USR00027,2026-05-08,224.93
USR00027,2026-05-07,214.35
USR00027,2026-05-06,189.17
USR00027,2026-05-05,195.54
USR00027,2026-05-04,199.26
USR00027,2026-05-03,202.51
USR00027,2026-05-02,168.93
USR00027,2026-05-01,165.3
USR00027,2026-04-30,178.1
USR00027,2026-04-29,176.59
USR00027,2026-04-28,182.86
USR00027,2026-04-27,207.85
USR00027,2026-04-26,192.14
USR00027,2026-04-25,199.28
USR00027,2026-04-24,171.52
USR00027,2026-04-23,186.42
USR00028,2026-05-22,300.31
USR00028,2026-05-21,262.91
USR00028,2026-05-20,288.03
USR00028,2026-05-19,345.77
USR00028,2026-05-18,282.95
USR00028,2026-05-17,263.8
USR00028,2026-05-16,278.52
USR00028,2026-05-15,286.06
USR00028,2026-05-14,279.16
USR00028,2026-05-13,282.56
USR00028,2026-05-12,242.53
USR00028,2026-05-11,256.16
USR00028,2026-05-10,279.21
USR00028,2026-05-09,278.76
USR00028,2026-05-08,267.4
USR00028,2026-05-07,278.43
USR00028,2026-05-06,285.18
USR00028,2026-05-05,308.66
USR00028,2026-05-04,280.63
USR00028,2026-05-03,294.76
USR00028,2026-05-02,268.1
USR00028,2026-05-01,299.66
USR00028,2026-04-30,294.1
USR00028,2026-04-29,307.99
USR00028,2026-04-28,303.67
USR00028,2026-04-27,300.13
USR00028,2026-04-26,280.66
USR00028,2026-04-25,290.39
USR00028,2026-04-24,313.59
USR00028,2026-04-23,264.96
USR00029,2026-05-22,12.17
USR00029,2026-05-21,12.45
USR00029,2026-05-20,10.97
USR00029,2026-05-19,11.86
USR00029,2026-05-18,11.84
USR00029,2026-05-17,9.31
USR00029,2026-05-16,11.69
USR00029,2026-05-15,11.77
USR00029,2026-05-14,11.76
USR00029,2026-05-13,13.65
USR00029,2026-05-12,10.5
USR00029,2026-05-11,10.97
USR00029,2026-05-10,8.83
USR00029,2026-05-09,11.38
USR00029,2026-05-08,11.48
USR00029,2026-05-07,11.34
USR00029,2026-05-06,13.28
USR00029,2026-05-05,12.98
USR00029,2026-05-04,12.05
USR00029,2026-05-03,11.51
USR00029,2026-05-02,13.18
USR00029,2026-05-01,11.93
USR00029,2026-04-30,10.98
USR00029,2026-04-29,9.9
USR00029,2026-04-28,11.43
USR00029,2026-04-27,12.86
USR00029,2026-04-26,14.68
USR00029,2026-04-25,12.03
USR00029,2026-04-24,11.04
USR00029,2026-04-23,10.54
USR00030,2026-05-22,4.84
USR00030,2026-05-21,6.2
USR00030,2026-05-20,6.36
USR00030,2026-05-19,6.13
USR00030,2026-05-18,5.75
USR00030,2026-05-17,6.21
USR00030,2026-05-16,5.98
USR00030,2026-05-15,5.42
USR00030,2026-05-14,6.96
USR00030,2026-05-13,5.67
USR00030,2026-05-12,6.33
USR00030,2026-05-11,4.46
USR00030,2026-05-10,6.63
USR00030,2026-05-09,6.74
USR00030,2026-05-08,5.89
USR00030,2026-05-07,6.21
USR00030,2026-05-06,6.21
USR00030,2026-05-05,5.5
USR00030,2026-05-04,6.2
USR00030,2026-05-03,5.4
USR00030,2026-05-02,5.52
USR00030,2026-05-01,6.54
USR00030,2026-04-30,6.45
USR00030,2026-04-29,5.46
USR00030,2026-04-28,5.45
USR00030,2026-04-27,5.5
USR00030,2026-04-26,6.31
USR00030,2026-04-25,5.29
USR00030,2026-04-24,6.09
USR00030,2026-04-23,6.32
USR00031,2026-05-22,2.95
USR00031,2026-05-21,2.6
USR00031,2026-05-20,2.62
USR00031,2026-05-19,2.41
USR00031,2026-05-18,2.95
USR00031,2026-05-17,2.47
USR00031,2026-05-16,2.77
USR00031,2026-05-15,2.66
USR00031,2026-05-14,2.39
USR00031,2026-05-13,2.51
USR00031,2026-05-12,3.05
USR00031,2026-05-11,2.73
USR00031,2026-05-10,2.41
USR00031,2026-05-09,2.76
USR00031,2026-05-08,2.64
USR00031,2026-05-07,3.6
USR00031,2026-05-06,2.75
USR00031,2026-05-05,2.57
USR00031,2026-05-04,3.06
USR00031,2026-05-03,2.18
USR00031,2026-05-02,2.7
USR00031,2026-05-01,3.21
USR00031,2026-04-30,2.65
USR00031,2026-04-29,2.21
USR00031,2026-04-28,2.57
USR00031,2026-04-27,3.07
USR00031,2026-04-26,2.78
USR00031,2026-04-25,2.45
USR00031,2026-04-24,2.49
USR00031,2026-04-23,2.53
USR00032,2026-05-22,327.49
USR00032,2026-05-21,319.24
USR00032,2026-05-20,302.01
USR00032,2026-05-19,250.38
USR00032,2026-05-18,250.48
USR00032,2026-05-17,304.24
USR00032,2026-05-16,249.98
USR00032,2026-05-15,282.33
USR00032,2026-05-14,297.63
USR00032,2026-05-13,255.98
USR00032,2026-05-12,259.26
USR00032,2026-05-11,286.12
USR00032,2026-05-10,303.39
USR00032,2026-05-09,319.5
USR00032,2026-05-08,306.37
USR00032,2026-05-07,290.97
USR00032,2026-05-06,267.29
USR00032,2026-05-05,257.91
USR00032,2026-05-04,274.08
USR00032,2026-05-03,300.68
USR00032,2026-05-02,298.56
USR00032,2026-05-01,228.19
USR00032,2026-04-30,266.15
USR00032,2026-04-29,323.63
USR00032,2026-04-28,291.13
USR00032,2026-04-27,247.91
USR00032,2026-04-26,356.89
USR00032,2026-04-25,288.0
USR00032,2026-04-24,299.94
USR00032,2026-04-23,300.38
USR00033,2026-05-22,425.98
USR00033,2026-05-21,556.88
USR00033,2026-05-20,505.5
USR00033,2026-05-19,497.17
USR00033,2026-05-18,485.88
USR00033,2026-05-17,413.31
USR00033,2026-05-16,518.1
USR00033,2026-05-15,420.67
USR00033,2026-05-14,472.42
USR00033,2026-05-13,384.09
USR00033,2026-05-12,365.65
USR00033,2026-05-11,474.03
USR00033,2026-05-10,422.24
USR00033,2026-05-09,368.02
USR00033,2026-05-08,484.24
USR00033,2026-05-07,556.81
USR00033,2026-05-06,523.24
USR00033,2026-05-05,447.59
USR00033,2026-05-04,459.81
USR00033,2026-05-03,500.19
USR00033,2026-05-02,510.96
USR00033,2026-05-01,443.62
USR00033,2026-04-30,460.98
USR00033,2026-04-29,473.22
USR00033,2026-04-28,484.85
USR00033,2026-04-27,453.29
USR00033,2026-04-26,453.89
USR00033,2026-04-25,522.8
USR00033,2026-04-24,514.97
USR00033,2026-04-23,481.34
USR00034,2026-05-22,417.36
USR00034,2026-05-21,504.59
USR00034,2026-05-20,457.69
USR00034,2026-05-19,576.14
USR00034,2026-05-18,382.37
USR00034,2026-05-17,404.21
USR00034,2026-05-16,452.32
USR00034,2026-05-15,451.38
USR00034,2026-05-14,518.8
USR00034,2026-05-13,405.12
USR00034,2026-05-12,473.42
USR00034,2026-05-11,484.6
USR00034,2026-05-10,464.73
USR00034,2026-05-09,392.42
USR00034,2026-05-08,495.25
USR00034,2026-05-07,487.5
USR00034,2026-05-06,460.17
USR00034,2026-05-05,443.01
USR00034,2026-05-04,443.95
USR00034,2026-05-03,430.72
USR00034,2026-05-02,461.95
USR00034,2026-05-01,435.49
USR00034,2026-04-30,397.3
USR00034,2026-04-29,388.61
USR00034,2026-04-28,401.49
USR00034,2026-04-27,443.78
USR00034,2026-04-26,432.97
USR00034,2026-04-25,443.48
USR00034,2026-04-24,455.88
USR00034,2026-04-23,406.9
USR00035,2026-05-22,5.14
USR00035,2026-05-21,5.05
USR00035,2026-05-20,5.54
USR00035,2026-05-19,4.31
USR00035,2026-05-18,4.86
USR00035,2026-05-17,5.8
USR00035,2026-05-16,4.36
USR00035,2026-05-15,5.87
USR00035,2026-05-14,6.08
USR00035,2026-05-13,5.09
USR00035,2026-05-12,5.43
USR00035,2026-05-11,5.87
USR00035,2026-05-10,5.03
USR00035,2026-05-09,5.74
USR00035,2026-05-08,4.93
USR00035,2026-05-07,5.03
USR00035,2026-05-06,4.86
USR00035,2026-05-05,5.46
USR00035,2026-05-04,5.89
USR00035,2026-05-03,5.18
USR00035,2026-05-02,4.61
USR00035,2026-05-01,4.71
USR00035,2026-04-30,5.49
USR00035,2026-04-29,6.25
USR00035,2026-04-28,5.49
USR00035,2026-04-27,5.08
USR00035,2026-04-26,5.69
USR00035,2026-04-25,5.15
USR00035,2026-04-24,5.08
USR00035,2026-04-23,4.77
USR00036,2026-05-22,195.64
USR00036,2026-05-21,283.14
USR00036,2026-05-20,250.06
USR00036,2026-05-19,251.46
USR00036,2026-05-18,306.6
USR00036,2026-05-17,243.5
USR00036,2026-05-16,244.39
USR00036,2026-05-15,258.8
USR00036,2026-05-14,273.07
USR00036,2026-05-13,250.63
USR00036,2026-05-12,220.95
USR00036,2026-05-11,239.52
USR00036,2026-05-10,295.82
USR00036,2026-05-09,264.18
USR00036,2026-05-08,274.05
USR00036,2026-05-07,255.37
USR00036,2026-05-06,244.93
USR00036,2026-05-05,306.21
USR00036,2026-05-04,257.29
USR00036,2026-05-03,250.6
USR00036,2026-05-02,290.96
USR00036,2026-05-01,243.28
USR00036,2026-04-30,246.63
USR00036,2026-04-29,262.49
USR00036,2026-04-28,262.23
USR00036,2026-04-27,269.03
USR00036,2026-04-26,317.07
USR00036,2026-04-25,271.04
USR00036,2026-04-24,199.86
USR00036,2026-04-23,270.78
USR00037,2026-05-22,14.4
USR00037,2026-05-21,14.69
USR00037,2026-05-20,14.3
USR00037,2026-05-19,14.26
USR00037,2026-05-18,15.22
USR00037,2026-05-17,13.56
USR00037,2026-05-16,12.98
USR00037,2026-05-15,18.67
USR00037,2026-05-14,13.31
USR00037,2026-05-13,14.48
USR00037,2026-05-12,12.19
USR00037,2026-05-11,14.5
USR00037,2026-05-10,13.0
USR00037,2026-05-09,13.7
USR00037,2026-05-08,15.84
USR00037,2026-05-07,15.01
USR00037,2026-05-06,15.15
USR00037,2026-05-05,11.8
USR00037,2026-05-04,16.97
USR00037,2026-05-03,12.63
USR00037,2026-05-02,16.53
USR00037,2026-05-01,15.8
USR00037,2026-04-30,15.16
USR00037,2026-04-29,13.11
USR00037,2026-04-28,14.55
USR00037,2026-04-27,13.66
USR00037,2026-04-26,14.38
USR00037,2026-04-25,13.98
USR00037,2026-04-24,11.41
USR00037,2026-04-23,15.95
USR00038,2026-05-22,210.86
USR00038,2026-05-21,209.19
USR00038,2026-05-20,229.55
USR00038,2026-05-19,201.8
USR00038,2026-05-18,171.63
USR00038,2026-05-17,230.63
USR00038,2026-05-16,233.11
USR00038,2026-05-15,217.18
USR00038,2026-05-14,196.17
USR00038,2026-05-13,223.58
USR00038,2026-05-12,189.15
USR00038,2026-05-11,198.84
USR00038,2026-05-10,204.97
USR00038,2026-05-09,240.31
USR00038,2026-05-08,213.57
USR00038,2026-05-07,211.68
USR00038,2026-05-06,264.92
USR00038,2026-05-05,229.42
USR00038,2026-05-04,229.12
USR00038,2026-05-03,213.41
USR00038,2026-05-02,208.39
USR00038,2026-05-01,173.15
USR00038,2026-04-30,243.07
USR00038,2026-04-29,231.54
USR00038,2026-04-28,217.64
USR00038,2026-04-27,218.57
USR00038,2026-04-26,237.92
USR00038,2026-04-25,187.15
USR00038,2026-04-24,208.53
USR00038,2026-04-23,196.43
USR00039,2026-05-22,14.59
USR00039,2026-05-21,10.46
USR00039,2026-05-20,11.39
USR00039,2026-05-19,13.24
USR00039,2026-05-18,12.78
USR00039,2026-05-17,11.64
USR00039,2026-05-16,16.03
USR00039,2026-05-15,13.84
USR00039,2026-05-14,14.05
USR00039,2026-05-13,12.49
USR00039,2026-05-12,14.39
USR00039,2026-05-11,12.91
USR00039,2026-05-10,13.04
USR00039,2026-05-09,14.24
USR00039,2026-05-08,11.23
USR00039,2026-05-07,15.56
USR00039,2026-05-06,13.66
USR00039,2026-05-05,15.13
USR00039,2026-05-04,11.97
USR00039,2026-05-03,12.18
USR00039,2026-05-02,11.86
USR00039,2026-05-01,13.75
USR00039,2026-04-30,13.5
USR00039,2026-04-29,12.79
USR00039,2026-04-28,12.06
USR00039,2026-04-27,11.72
USR00039,2026-04-26,13.35
USR00039,2026-04-25,12.79
USR00039,2026-04-24,12.5
USR00039,2026-04-23,15.49
USR00040,2026-05-22,43.17
USR00040,2026-05-21,36.26
USR00040,2026-05-20,39.24
USR00040,2026-05-19,38.09
USR00040,2026-05-18,31.8
USR00040,2026-05-17,43.77
USR00040,2026-05-16,37.79
USR00040,2026-05-15,41.16
USR00040,2026-05-14,35.42
USR00040,2026-05-13,37.67
USR00040,2026-05-12,34.98
USR00040,2026-05-11,43.04
USR00040,2026-05-10,39.5
USR00040,2026-05-09,39.71
USR00040,2026-05-08,43.5
USR00040,2026-05-07,42.73
USR00040,2026-05-06,41.23
USR00040,2026-05-05,32.86
USR00040,2026-05-04,35.64
USR00040,2026-05-03,34.46
USR00040,2026-05-02,41.09
USR00040,2026-05-01,38.96
USR00040,2026-04-30,32.98
USR00040,2026-04-29,37.58
USR00040,2026-04-28,32.58
USR00040,2026-04-27,38.1
USR00040,2026-04-26,31.96
USR00040,2026-04-25,40.33
USR00040,2026-04-24,39.75
USR00040,2026-04-23,45.61
USR00041,2026-05-22,4.15
USR00041,2026-05-21,4.69
USR00041,2026-05-20,3.73
USR00041,2026-05-19,3.92
USR00041,2026-05-18,4.48
USR00041,2026-05-17,3.4
USR00041,2026-05-16,4.32
USR00041,2026-05-15,3.89
USR00041,2026-05-14,4.38
USR00041,2026-05-13,3.87
USR00041,2026-05-12,4.52
USR00041,2026-05-11,4.34
USR00041,2026-05-10,4.94
USR00041,2026-05-09,4.34
USR00041,2026-05-08,4.0
USR00041,2026-05-07,4.23
USR00041,2026-05-06,3.75
USR00041,2026-05-05,4.51
USR00041,2026-05-04,4.59
USR00041,2026-05-03,5.41
USR00041,2026-05-02,4.07
USR00041,2026-05-01,4.22
USR00041,2026-04-30,4.09
USR00041,2026-04-29,4.43
USR00041,2026-04-28,4.5
USR00041,2026-04-27,4.31
USR00041,2026-04-26,4.81
USR00041,2026-04-25,4.07
USR00041,2026-04-24,4.76
USR00041,2026-04-23,4.57
USR00042,2026-05-22,42.68
USR00042,2026-05-21,54.76
USR00042,2026-05-20,40.46
USR00042,2026-05-19,45.38
USR00042,2026-05-18,40.76
USR00042,2026-05-17,51.93
USR00042,2026-05-16,47.97
USR00042,2026-05-15,41.08
USR00042,2026-05-14,46.32
USR00042,2026-05-13,45.2
USR00042,2026-05-12,41.79
USR00042,2026-05-11,47.41
USR00042,2026-05-10,45.78
USR00042,2026-05-09,45.02
USR00042,2026-05-08,43.88
USR00042,2026-05-07,45.96
USR00042,2026-05-06,45.08
USR00042,2026-05-05,44.32
USR00042,2026-05-04,41.24
USR00042,2026-05-03,51.53
USR00042,2026-05-02,39.44
USR00042,2026-05-01,45.95
USR00042,2026-04-30,42.65
USR00042,2026-04-29,51.82
USR00042,2026-04-28,40.08
USR00042,2026-04-27,40.82
USR00042,2026-04-26,39.79
USR00042,2026-04-25,45.49
USR00042,2026-04-24,38.01
USR00042,2026-04-23,41.96
USR00043,2026-05-22,505.84
USR00043,2026-05-21,469.26
USR00043,2026-05-20,420.46
USR00043,2026-05-19,547.59
USR00043,2026-05-18,429.37
USR00043,2026-05-17,533.33
USR00043,2026-05-16,459.34
USR00043,2026-05-15,573.08
USR00043,2026-05-14,530.99
USR00043,2026-05-13,444.17
USR00043,2026-05-12,448.66
USR00043,2026-05-11,523.88
USR00043,2026-05-10,481.0
USR00043,2026-05-09,485.6
USR00043,2026-05-08,556.81
USR00043,2026-05-07,456.98
USR00043,2026-05-06,498.48
USR00043,2026-05-05,541.12
USR00043,2026-05-04,533.93
USR00043,2026-05-03,486.08
USR00043,2026-05-02,479.69
USR00043,2026-05-01,408.07
USR00043,2026-04-30,441.79
USR00043,2026-04-29,509.69
USR00043,2026-04-28,487.15
USR00043,2026-04-27,497.67
USR00043,2026-04-26,545.3
USR00043,2026-04-25,435.32
USR00043,2026-04-24,482.3
USR00043,2026-04-23,503.29
USR00044,2026-05-22,5.2
USR00044,2026-05-21,4.96
USR00044,2026-05-20,4.68
USR00044,2026-05-19,5.36
USR00044,2026-05-18,3.86
USR00044,2026-05-17,4.54
USR00044,2026-05-16,4.71
USR00044,2026-05-15,4.13
USR00044,2026-05-14,4.68
USR00044,2026-05-13,4.04
USR00044,2026-05-12,4.86
USR00044,2026-05-11,5.03
USR00044,2026-05-10,4.67
USR00044,2026-05-09,3.7
USR00044,2026-05-08,4.11
USR00044,2026-05-07,4.8
USR00044,2026-05-06,4.56
USR00044,2026-05-05,3.32
USR00044,2026-05-04,5.11
USR00044,2026-05-03,4.61
USR00044,2026-05-02,4.17
USR00044,2026-05-01,5.0
USR00044,2026-04-30,4.24
USR00044,2026-04-29,4.23
USR00044,2026-04-28,4.71
USR00044,2026-04-27,5.36
USR00044,2026-04-26,5.28
USR00044,2026-04-25,4.71
USR00044,2026-04-24,4.76
USR00044,2026-04-23,4.91
USR00045,2026-05-22,19.52
USR00045,2026-05-21,16.99
USR00045,2026-05-20,18.92
USR00045,2026-05-19,17.92
USR00045,2026-05-18,19.26
USR00045,2026-05-17,18.55
USR00045,2026-05-16,12.7
USR00045,2026-05-15,18.66
USR00045,2026-05-14,19.51
USR00045,2026-05-13,19.15
USR00045,2026-05-12,18.15
USR00045,2026-05-11,21.35
USR00045,2026-05-10,18.91
USR00045,2026-05-09,19.14
USR00045,2026-05-08,20.25
USR00045,2026-05-07,19.0
USR00045,2026-05-06,16.69
USR00045,2026-05-05,13.87
USR00045,2026-05-04,17.46
USR00045,2026-05-03,19.73
USR00045,2026-05-02,17.69
USR00045,2026-05-01,19.81
USR00045,2026-04-30,18.61
USR00045,2026-04-29,20.7
USR00045,2026-04-28,17.8
USR00045,2026-04-27,19.19
USR00045,2026-04-26,19.26
USR00045,2026-04-25,21.09
USR00045,2026-04-24,15.21
USR00045,2026-04-23,17.5
USR00046,2026-05-22,18.77
USR00046,2026-05-21,16.64
USR00046,2026-05-20,15.78
USR00046,2026-05-19,17.48
USR00046,2026-05-18,17.66
USR00046,2026-05-17,15.67
USR00046,2026-05-16,16.79
USR00046,2026-05-15,18.17
USR00046,2026-05-14,19.33
USR00046,2026-05-13,17.46
USR00046,2026-05-12,16.32
USR00046,2026-05-11,16.17
USR00046,2026-05-10,17.16
USR00046,2026-05-09,16.07
USR00046,2026-05-08,16.56
USR00046,2026-05-07,14.53
USR00046,2026-05-06,18.36
USR00046,2026-05-05,14.4
USR00046,2026-05-04,15.55
USR00046,2026-05-03,16.41
USR00046,2026-05-02,19.49
USR00046,2026-05-01,15.57
USR00046,2026-04-30,15.17
USR00046,2026-04-29,15.36
USR00046,2026-04-28,18.95
USR00046,2026-04-27,11.68
USR00046,2026-04-26,14.62
USR00046,2026-04-25,20.69
USR00046,2026-04-24,17.21
USR00046,2026-04-23,14.46
USR00047,2026-05-22,109.78
USR00047,2026-05-21,118.27
USR00047,2026-05-20,129.1
USR00047,2026-05-19,113.28
USR00047,2026-05-18,103.16
USR00047,2026-05-17,117.62
USR00047,2026-05-16,101.43
USR00047,2026-05-15,97.77
USR00047,2026-05-14,89.85
USR00047,2026-05-13,91.98
USR00047,2026-05-12,99.27
USR00047,2026-05-11,96.2
USR00047,2026-05-10,112.46
USR00047,2026-05-09,95.96
USR00047,2026-05-08,74.76
USR00047,2026-05-07,97.66
USR00047,2026-05-06,103.9
USR00047,2026-05-05,102.44
USR00047,2026-05-04,125.61
USR00047,2026-05-03,102.35
USR00047,2026-05-02,118.65
USR00047,2026-05-01,108.84
USR00047,2026-04-30,108.58
USR00047,2026-04-29,99.93
USR00047,2026-04-28,108.4
USR00047,2026-04-27,100.7
USR00047,2026-04-26,110.9
USR00047,2026-04-25,106.47
USR00047,2026-04-24,98.74
USR00047,2026-04-23,119.86
USR00048,2026-05-22,34.44
USR00048,2026-05-21,36.58
USR00048,2026-05-20,35.75
USR00048,2026-05-19,32.92
USR00048,2026-05-18,36.31
USR00048,2026-05-17,33.81
USR00048,2026-05-16,32.65
USR00048,2026-05-15,30.2
USR00048,2026-05-14,34.76
USR00048,2026-05-13,38.1
USR00048,2026-05-12,33.55
USR00048,2026-05-11,45.14
USR00048,2026-05-10,39.24
USR00048,2026-05-09,40.75
USR00048,2026-05-08,38.92
USR00048,2026-05-07,42.73
USR00048,2026-05-06,33.21
USR00048,2026-05-05,26.82
USR00048,2026-05-04,34.44
USR00048,2026-05-03,38.06
USR00048,2026-05-02,36.6
USR00048,2026-05-01,37.04
USR00048,2026-04-30,40.81
USR00048,2026-04-29,37.43
USR00048,2026-04-28,38.93
USR00048,2026-04-27,32.66
USR00048,2026-04-26,32.1
USR00048,2026-04-25,41.87
USR00048,2026-04-24,36.42
USR00048,2026-04-23,33.8
USR00049,2026-05-22,11.24
USR00049,2026-05-21,11.17
USR00049,2026-05-20,10.48
USR00049,2026-05-19,10.22
USR00049,2026-05-18,11.78
USR00049,2026-05-17,11.31
USR00049,2026-05-16,13.35
USR00049,2026-05-15,12.37
USR00049,2026-05-14,12.34
USR00049,2026-05-13,11.13
USR00049,2026-05-12,11.87
USR00049,2026-05-11,12.45
USR00049,2026-05-10,12.88
USR00049,2026-05-09,11.91
USR00049,2026-05-08,13.32
USR00049,2026-05-07,12.03
USR00049,2026-05-06,12.97
USR00049,2026-05-05,11.43
USR00049,2026-05-04,9.84
USR00049,2026-05-03,12.34
USR00049,2026-05-02,12.89
USR00049,2026-05-01,12.71
USR00049,2026-04-30,12.53
USR00049,2026-04-29,11.6
USR00049,2026-04-28,11.05
USR00049,2026-04-27,12.68
USR00049,2026-04-26,12.53
USR00049,2026-04-25,11.34
USR00049,2026-04-24,13.35
USR00049,2026-04-23,10.96
USR00050,2026-05-22,40.44
USR00050,2026-05-21,37.77
USR00050,2026-05-20,33.51
USR00050,2026-05-19,35.75
USR00050,2026-05-18,35.29
USR00050,2026-05-17,25.21
USR00050,2026-05-16,31.6
USR00050,2026-05-15,34.57
USR00050,2026-05-14,33.51
USR00050,2026-05-13,35.61
USR00050,2026-05-12,38.67
USR00050,2026-05-11,33.63
USR00050,2026-05-10,31.07
USR00050,2026-05-09,35.88
USR00050,2026-05-08,33.61
USR00050,2026-05-07,34.21
USR00050,2026-05-06,33.74
USR00050,2026-05-05,42.54
USR00050,2026-05-04,26.96
USR00050,2026-05-03,33.4
USR00050,2026-05-02,34.74
USR00050,2026-05-01,32.04
USR00050,2026-04-30,37.88
USR00050,2026-04-29,37.58
USR00050,2026-04-28,34.58
USR00050,2026-04-27,33.81
USR00050,2026-04-26,34.36
USR00050,2026-04-25,34.39
USR00050,2026-04-24,34.48
USR00050,2026-04-23,34.1
USR00051,2026-05-22,42.16
USR00051,2026-05-21,34.39
USR00051,2026-05-20,35.09
USR00051,2026-05-19,32.35
USR00051,2026-05-18,42.61
USR00051,2026-05-17,40.19
USR00051,2026-05-16,41.19
USR00051,2026-05-15,33.6
USR00051,2026-05-14,46.21
USR00051,2026-05-13,36.82
USR00051,2026-05-12,39.87
USR00051,2026-05-11,42.56
USR00051,2026-05-10,35.34
USR00051,2026-05-09,37.07
USR00051,2026-05-08,39.91
USR00051,2026-05-07,50.41
USR00051,2026-05-06,40.39
USR00051,2026-05-05,45.51
USR00051,2026-05-04,43.94
USR00051,2026-05-03,40.65
USR00051,2026-05-02,35.33
USR00051,2026-05-01,43.36
USR00051,2026-04-30,33.34
USR00051,2026-04-29,45.49
USR00051,2026-04-28,39.99
USR00051,2026-04-27,28.82
USR00051,2026-04-26,37.87
USR00051,2026-04-25,41.77
USR00051,2026-04-24,38.28
USR00051,2026-04-23,42.01
USR00052,2026-05-22,21.81
USR00052,2026-05-21,24.9
USR00052,2026-05-20,25.16
USR00052,2026-05-19,24.21
USR00052,2026-05-18,28.16
USR00052,2026-05-17,22.95
USR00052,2026-05-16,25.87
USR00052,2026-05-15,25.25
USR00052,2026-05-14,21.18
USR00052,2026-05-13,21.77
USR00052,2026-05-12,25.11
USR00052,2026-05-11,30.05
USR00052,2026-05-10,26.54
USR00052,2026-05-09,20.76
USR00052,2026-05-08,17.28
USR00052,2026-05-07,26.92
USR00052,2026-05-06,24.84
USR00052,2026-05-05,27.95
USR00052,2026-05-04,22.87
USR00052,2026-05-03,25.96
USR00052,2026-05-02,27.21
USR00052,2026-05-01,23.96
USR00052,2026-04-30,24.01
USR00052,2026-04-29,25.15
USR00052,2026-04-28,26.44
USR00052,2026-04-27,25.05
USR00052,2026-04-26,27.53
USR00052,2026-04-25,23.92
USR00052,2026-04-24,21.75
USR00052,2026-04-23,30.04
USR00053,2026-05-22,351.32
USR00053,2026-05-21,370.05
USR00053,2026-05-20,375.0
USR00053,2026-05-19,358.1
USR00053,2026-05-18,371.85
USR00053,2026-05-17,371.02
USR00053,2026-05-16,379.01
USR00053,2026-05-15,284.68
USR00053,2026-05-14,442.56
USR00053,2026-05-13,367.01
USR00053,2026-05-12,394.13
USR00053,2026-05-11,321.17
USR00053,2026-05-10,354.95
USR00053,2026-05-09,347.46
USR00053,2026-05-08,427.25
USR00053,2026-05-07,350.68
USR00053,2026-05-06,400.74
USR00053,2026-05-05,348.27
USR00053,2026-05-04,355.64
USR00053,2026-05-03,363.35
USR00053,2026-05-02,420.32
USR00053,2026-05-01,302.1
USR00053,2026-04-30,323.49
USR00053,2026-04-29,299.96
USR00053,2026-04-28,331.99
USR00053,2026-04-27,342.27
USR00053,2026-04-26,312.36
USR00053,2026-04-25,345.15
USR00053,2026-04-24,297.45
USR00053,2026-04-23,334.58
USR00054,2026-05-22,386.58
USR00054,2026-05-21,378.55
USR00054,2026-05-20,334.33
USR00054,2026-05-19,314.51
USR00054,2026-05-18,329.26
USR00054,2026-05-17,369.98
USR00054,2026-05-16,403.85
USR00054,2026-05-15,405.12
USR00054,2026-05-14,395.02
USR00054,2026-05-13,344.18
USR00054,2026-05-12,372.5
USR00054,2026-05-11,359.65
USR00054,2026-05-10,364.11
USR00054,2026-05-09,447.29
USR00054,2026-05-08,306.11
USR00054,2026-05-07,362.87
USR00054,2026-05-06,416.62
USR00054,2026-05-05,317.12
USR00054,2026-05-04,347.67
USR00054,2026-05-03,351.93
USR00054,2026-05-02,363.29
USR00054,2026-05-01,312.28
USR00054,2026-04-30,393.71
USR00054,2026-04-29,396.35
USR00054,2026-04-28,390.48
USR00054,2026-04-27,339.25
USR00054,2026-04-26,374.8
USR00054,2026-04-25,338.17
USR00054,2026-04-24,359.23
USR00054,2026-04-23,451.61
USR00055,2026-05-22,2.05
USR00055,2026-05-21,2.37
USR00055,2026-05-20,2.02
USR00055,2026-05-19,2.05
USR00055,2026-05-18,2.09
USR00055,2026-05-17,2.23
USR00055,2026-05-16,2.55
USR00055,2026-05-15,2.46
USR00055,2026-05-14,2.45
USR00055,2026-05-13,2.07
USR00055,2026-05-12,2.2
USR00055,2026-05-11,2.39
USR00055,2026-05-10,2.18
USR00055,2026-05-09,2.27
USR00055,2026-05-08,2.43
USR00055,2026-05-07,2.25
USR00055,2026-05-06,2.38
USR00055,2026-05-05,2.7
USR00055,2026-05-04,2.29
USR00055,2026-05-03,2.6
USR00055,2026-05-02,2.46
USR00055,2026-05-01,1.99
USR00055,2026-04-30,2.07
USR00055,2026-04-29,2.14
USR00055,2026-04-28,2.13
USR00055,2026-04-27,2.31
USR00055,2026-04-26,2.47
USR00055,2026-04-25,2.62
USR00055,2026-04-24,2.4
USR00055,2026-04-23,2.23
USR00056,2026-05-22,42.62
USR00056,2026-05-21,42.43
USR00056,2026-05-20,43.09
USR00056,2026-05-19,51.23
USR00056,2026-05-18,47.57
USR00056,2026-05-17,45.64
USR00056,2026-05-16,38.25
USR00056,2026-05-15,40.15
USR00056,2026-05-14,41.92
USR00056,2026-05-13,39.04
USR00056,2026-05-12,44.43
USR00056,2026-05-11,43.83
USR00056,2026-05-10,37.71
USR00056,2026-05-09,47.38
USR00056,2026-05-08,42.75
USR00056,2026-05-07,35.0
USR00056,2026-05-06,42.1
USR00056,2026-05-05,43.51
USR00056,2026-05-04,46.43
USR00056,2026-05-03,40.89
USR00056,2026-05-02,45.82
USR00056,2026-05-01,43.11
USR00056,2026-04-30,36.75
USR00056,2026-04-29,36.33
USR00056,2026-04-28,47.07
USR00056,2026-04-27,47.38
USR00056,2026-04-26,43.68
USR00056,2026-04-25,48.65
USR00056,2026-04-24,46.79
USR00056,2026-04-23,45.21
USR00057,2026-05-22,353.53
USR00057,2026-05-21,317.52
USR00057,2026-05-20,289.73
USR00057,2026-05-19,281.22
USR00057,2026-05-18,309.09
USR00057,2026-05-17,251.0
USR00057,2026-05-16,322.44
USR00057,2026-05-15,272.62
USR00057,2026-05-14,312.52
USR00057,2026-05-13,285.63
USR00057,2026-05-12,293.39
USR00057,2026-05-11,278.54
USR00057,2026-05-10,296.5
USR00057,2026-05-09,358.29
USR00057,2026-05-08,343.09
USR00057,2026-05-07,312.04
USR00057,2026-05-06,300.59
USR00057,2026-05-05,326.79
USR00057,2026-05-04,335.41
USR00057,2026-05-03,276.35
USR00057,2026-05-02,299.02
USR00057,2026-05-01,246.45
USR00057,2026-04-30,335.2
USR00057,2026-04-29,363.58
USR00057,2026-04-28,303.77
USR00057,2026-04-27,237.32
USR00057,2026-04-26,319.7
USR00057,2026-04-25,274.11
USR00057,2026-04-24,281.36
USR00057,2026-04-23,320.24
USR00058,2026-05-22,69.64
USR00058,2026-05-21,68.45
USR00058,2026-05-20,74.13
USR00058,2026-05-19,70.21
USR00058,2026-05-18,65.09
USR00058,2026-05-17,70.78
USR00058,2026-05-16,75.7
USR00058,2026-05-15,71.91
USR00058,2026-05-14,62.86
USR00058,2026-05-13,80.45
USR00058,2026-05-12,53.16
USR00058,2026-05-11,69.94
USR00058,2026-05-10,68.67
USR00058,2026-05-09,74.3
USR00058,2026-05-08,77.32
USR00058,2026-05-07,81.46
USR00058,2026-05-06,68.0
USR00058,2026-05-05,77.51
USR00058,2026-05-04,74.64
USR00058,2026-05-03,60.68
USR00058,2026-05-02,87.12
USR00058,2026-05-01,62.68
USR00058,2026-04-30,76.28
USR00058,2026-04-29,76.07
USR00058,2026-04-28,75.23
USR00058,2026-04-27,69.59
USR00058,2026-04-26,79.27
USR00058,2026-04-25,61.79
USR00058,2026-04-24,72.73
USR00058,2026-04-23,69.08
USR00059,2026-05-22,106.91
USR00059,2026-05-21,113.56
USR00059,2026-05-20,99.0
USR00059,2026-05-19,110.52
USR00059,2026-05-18,103.03
USR00059,2026-05-17,93.36
USR00059,2026-05-16,99.87
USR00059,2026-05-15,99.45
USR00059,2026-05-14,95.37
USR00059,2026-05-13,106.91
USR00059,2026-05-12,104.92
USR00059,2026-05-11,86.21
USR00059,2026-05-10,85.59
USR00059,2026-05-09,106.87
USR00059,2026-05-08,94.16
USR00059,2026-05-07,105.61
USR00059,2026-05-06,110.52
USR00059,2026-05-05,89.49
USR00059,2026-05-04,88.05
USR00059,2026-05-03,119.68
USR00059,2026-05-02,106.12
USR00059,2026-05-01,98.22
USR00059,2026-04-30,92.94
USR00059,2026-04-29,97.28
USR00059,2026-04-28,90.31
USR00059,2026-04-27,111.57
USR00059,2026-04-26,94.55
USR00059,2026-04-25,113.73
USR00059,2026-04-24,98.41
USR00059,2026-04-23,91.82
USR00060,2026-05-22,334.24
USR00060,2026-05-21,447.68
USR00060,2026-05-20,445.45
USR00060,2026-05-19,490.53
USR00060,2026-05-18,367.68
USR00060,2026-05-17,505.81
USR00060,2026-05-16,490.34
USR00060,2026-05-15,509.89
USR00060,2026-05-14,450.77
USR00060,2026-05-13,499.1
USR00060,2026-05-12,386.49
USR00060,2026-05-11,485.47
USR00060,2026-05-10,418.21
USR00060,2026-05-09,378.32
USR00060,2026-05-08,402.22
USR00060,2026-05-07,453.41
USR00060,2026-05-06,415.8
USR00060,2026-05-05,470.2
USR00060,2026-05-04,371.22
USR00060,2026-05-03,356.77
USR00060,2026-05-02,515.35
USR00060,2026-05-01,494.11
USR00060,2026-04-30,405.61
USR00060,2026-04-29,453.02
USR00060,2026-04-28,499.36
USR00060,2026-04-27,472.15
USR00060,2026-04-26,459.87
USR00060,2026-04-25,502.78
USR00060,2026-04-24,420.04
USR00060,2026-04-23,454.57
USR00061,2026-05-22,25.49
USR00061,2026-05-21,25.18
USR00061,2026-05-20,26.39
USR00061,2026-05-19,26.29
USR00061,2026-05-18,23.45
USR00061,2026-05-17,28.3
USR00061,2026-05-16,23.64
USR00061,2026-05-15,25.63
USR00061,2026-05-14,25.43
USR00061,2026-05-13,27.14
USR00061,2026-05-12,20.65
USR00061,2026-05-11,28.54
USR00061,2026-05-10,24.43
USR00061,2026-05-09,29.4
USR00061,2026-05-08,24.95
USR00061,2026-05-07,26.07
USR00061,2026-05-06,31.22
USR00061,2026-05-05,25.48
USR00061,2026-05-04,29.45
USR00061,2026-05-03,26.3
USR00061,2026-05-02,27.29
USR00061,2026-05-01,26.39
USR00061,2026-04-30,28.42
USR00061,2026-04-29,24.41
USR00061,2026-04-28,23.62
USR00061,2026-04-27,24.53
USR00061,2026-04-26,26.46
USR00061,2026-04-25,25.62
USR00061,2026-04-24,28.06
USR00061,2026-04-23,29.62
USR00062,2026-05-22,5.11
USR00062,2026-05-21,4.72
USR00062,2026-05-20,6.63
USR00062,2026-05-19,5.68
USR00062,2026-05-18,5.78
USR00062,2026-05-17,4.77
USR00062,2026-05-16,5.51
USR00062,2026-05-15,5.79
USR00062,2026-05-14,5.37
USR00062,2026-05-13,6.11
USR00062,2026-05-12,6.79
USR00062,2026-05-11,4.99
USR00062,2026-05-10,4.95
USR00062,2026-05-09,5.03
USR00062,2026-05-08,6.4
USR00062,2026-05-07,6.09
USR00062,2026-05-06,5.44
USR00062,2026-05-05,5.53
USR00062,2026-05-04,5.06
USR00062,2026-05-03,6.0
USR00062,2026-05-02,5.3
USR00062,2026-05-01,5.37
USR00062,2026-04-30,5.85
USR00062,2026-04-29,5.41
USR00062,2026-04-28,5.38
USR00062,2026-04-27,5.52
USR00062,2026-04-26,5.95
USR00062,2026-04-25,6.42
USR00062,2026-04-24,5.84
USR00062,2026-04-23,5.96
USR00063,2026-05-22,8.05
USR00063,2026-05-21,9.22
USR00063,2026-05-20,8.81
USR00063,2026-05-19,7.43
USR00063,2026-05-18,8.37
USR00063,2026-05-17,8.59
USR00063,2026-05-16,8.22
USR00063,2026-05-15,9.94
USR00063,2026-05-14,9.07
USR00063,2026-05-13,9.85
USR00063,2026-05-12,8.89
USR00063,2026-05-11,8.73
USR00063,2026-05-10,7.85
USR00063,2026-05-09,8.67
USR00063,2026-05-08,8.67
USR00063,2026-05-07,7.47
USR00063,2026-05-06,8.19
USR00063,2026-05-05,8.38
USR00063,2026-05-04,9.02
USR00063,2026-05-03,9.06
USR00063,2026-05-02,8.15
USR00063,2026-05-01,9.06
USR00063,2026-04-30,8.5
USR00063,2026-04-29,6.17
USR00063,2026-04-28,8.24
USR00063,2026-04-27,9.59
USR00063,2026-04-26,7.2
USR00063,2026-04-25,8.76
USR00063,2026-04-24,10.03
USR00063,2026-04-23,8.0
USR00064,2026-05-22,38.27
USR00064,2026-05-21,51.17
USR00064,2026-05-20,43.64
USR00064,2026-05-19,44.22
USR00064,2026-05-18,49.97
USR00064,2026-05-17,46.92
USR00064,2026-05-16,40.16
USR00064,2026-05-15,41.16
USR00064,2026-05-14,46.19
USR00064,2026-05-13,41.26
USR00064,2026-05-12,34.69
USR00064,2026-05-11,43.78
USR00064,2026-05-10,37.5
USR00064,2026-05-09,51.13
USR00064,2026-05-08,44.79
USR00064,2026-05-07,40.03
USR00064,2026-05-06,40.94
USR00064,2026-05-05,35.7
USR00064,2026-05-04,39.17
USR00064,2026-05-03,48.48
USR00064,2026-05-02,53.83
USR00064,2026-05-01,47.21
USR00064,2026-04-30,43.61
USR00064,2026-04-29,42.11
USR00064,2026-04-28,39.8
USR00064,2026-04-27,53.08
USR00064,2026-04-26,43.18
USR00064,2026-04-25,53.32
USR00064,2026-04-24,50.14
USR00064,2026-04-23,36.35
USR00065,2026-05-22,351.48
USR00065,2026-05-21,373.68
USR00065,2026-05-20,374.41
USR00065,2026-05-19,489.55
USR00065,2026-05-18,336.11
USR00065,2026-05-17,385.31
USR00065,2026-05-16,399.91
USR00065,2026-05-15,376.62
USR00065,2026-05-14,380.83
USR00065,2026-05-13,337.33
USR00065,2026-05-12,380.69
USR00065,2026-05-11,395.95
USR00065,2026-05-10,389.02
USR00065,2026-05-09,398.16
USR00065,2026-05-08,429.89
USR00065,2026-05-07,411.98
USR00065,2026-05-06,379.37
USR00065,2026-05-05,332.54
USR00065,2026-05-04,354.08
USR00065,2026-05-03,368.41
USR00065,2026-05-02,386.19
USR00065,2026-05-01,358.66
USR00065,2026-04-30,341.44
USR00065,2026-04-29,331.93
USR00065,2026-04-28,314.49
USR00065,2026-04-27,367.83
USR00065,2026-04-26,321.32
USR00065,2026-04-25,338.99
USR00065,2026-04-24,361.85
USR00065,2026-04-23,326.36
USR00066,2026-05-22,42.13
USR00066,2026-05-21,37.07
USR00066,2026-05-20,37.51
USR00066,2026-05-19,41.34
USR00066,2026-05-18,36.43
USR00066,2026-05-17,36.16
USR00066,2026-05-16,43.92
USR00066,2026-05-15,42.7
USR00066,2026-05-14,41.59
USR00066,2026-05-13,42.86
USR00066,2026-05-12,31.47
USR00066,2026-05-11,44.54
USR00066,2026-05-10,40.77
USR00066,2026-05-09,43.19
USR00066,2026-05-08,40.75
USR00066,2026-05-07,39.42
USR00066,2026-05-06,38.15
USR00066,2026-05-05,40.67
USR00066,2026-05-04,38.01
USR00066,2026-05-03,42.63
USR00066,2026-05-02,33.01
USR00066,2026-05-01,37.1
USR00066,2026-04-30,47.25
USR00066,2026-04-29,36.77
USR00066,2026-04-28,38.29
USR00066,2026-04-27,35.77
USR00066,2026-04-26,40.55
USR00066,2026-04-25,36.34
USR00066,2026-04-24,38.5
USR00066,2026-04-23,42.56
USR00067,2026-05-22,24.31
USR00067,2026-05-21,24.39
USR00067,2026-05-20,24.91
USR00067,2026-05-19,22.85
USR00067,2026-05-18,29.84
USR00067,2026-05-17,24.91
USR00067,2026-05-16,23.27
USR00067,2026-05-15,20.56
USR00067,2026-05-14,22.32
USR00067,2026-05-13,25.75
USR00067,2026-05-12,26.39
USR00067,2026-05-11,25.87
USR00067,2026-05-10,24.31
USR00067,2026-05-09,19.71
USR00067,2026-05-08,23.63
USR00067,2026-05-07,19.74
USR00067,2026-05-06,19.18
USR00067,2026-05-05,23.08
USR00067,2026-05-04,23.72
USR00067,2026-05-03,24.57
USR00067,2026-05-02,23.66
USR00067,2026-05-01,23.73
USR00067,2026-04-30,20.32
USR00067,2026-04-29,22.3
USR00067,2026-04-28,19.14
USR00067,2026-04-27,18.02
USR00067,2026-04-26,24.21
USR00067,2026-04-25,20.84
USR00067,2026-04-24,24.5
USR00067,2026-04-23,25.03
USR00068,2026-05-22,37.08
USR00068,2026-05-21,32.7
USR00068,2026-05-20,28.55
USR00068,2026-05-19,35.45
USR00068,2026-05-18,33.37
USR00068,2026-05-17,33.48
USR00068,2026-05-16,41.93
USR00068,2026-05-15,29.67
USR00068,2026-05-14,36.36
USR00068,2026-05-13,31.53
USR00068,2026-05-12,38.2
USR00068,2026-05-11,36.06
USR00068,2026-05-10,36.34
USR00068,2026-05-09,31.71
USR00068,2026-05-08,32.34
USR00068,2026-05-07,38.26
USR00068,2026-05-06,41.22
USR00068,2026-05-05,36.7
USR00068,2026-05-04,31.87
USR00068,2026-05-03,36.2
USR00068,2026-05-02,43.52
USR00068,2026-05-01,35.37
USR00068,2026-04-30,40.13
USR00068,2026-04-29,32.42
USR00068,2026-04-28,34.87
USR00068,2026-04-27,37.19
USR00068,2026-04-26,36.41
USR00068,2026-04-25,32.33
USR00068,2026-04-24,32.18
USR00068,2026-04-23,38.48
USR00069,2026-05-22,35.51
USR00069,2026-05-21,36.41
USR00069,2026-05-20,31.26
USR00069,2026-05-19,29.89
USR00069,2026-05-18,35.02
USR00069,2026-05-17,33.05
USR00069,2026-05-16,27.82
USR00069,2026-05-15,27.66
USR00069,2026-05-14,32.37
USR00069,2026-05-13,30.3
USR00069,2026-05-12,30.77
USR00069,2026-05-11,34.16
USR00069,2026-05-10,33.19
USR00069,2026-05-09,34.95
USR00069,2026-05-08,24.89
USR00069,2026-05-07,31.63
USR00069,2026-05-06,32.99
USR00069,2026-05-05,26.14
USR00069,2026-05-04,28.83
USR00069,2026-05-03,28.26
USR00069,2026-05-02,30.91
USR00069,2026-05-01,35.87
USR00069,2026-04-30,37.09
USR00069,2026-04-29,28.34
USR00069,2026-04-28,32.47
USR00069,2026-04-27,32.57
USR00069,2026-04-26,32.04
USR00069,2026-04-25,32.08
USR00069,2026-04-24,31.79
USR00069,2026-04-23,36.05
USR00070,2026-05-22,320.4
USR00070,2026-05-21,386.91
USR00070,2026-05-20,390.37
USR00070,2026-05-19,369.68
USR00070,2026-05-18,398.94
USR00070,2026-05-17,365.13
USR00070,2026-05-16,365.58
USR00070,2026-05-15,362.74
USR00070,2026-05-14,286.06
USR00070,2026-05-13,355.51
USR00070,2026-05-12,334.44
USR00070,2026-05-11,315.87
USR00070,2026-05-10,409.79
USR00070,2026-05-09,376.46
USR00070,2026-05-08,357.32
USR00070,2026-05-07,338.15
USR00070,2026-05-06,369.01
USR00070,2026-05-05,393.92
USR00070,2026-05-04,328.75
USR00070,2026-05-03,358.22
USR00070,2026-05-02,389.5
USR00070,2026-05-01,289.01
USR00070,2026-04-30,356.33
USR00070,2026-04-29,343.01
USR00070,2026-04-28,353.6
USR00070,2026-04-27,340.41
USR00070,2026-04-26,363.32
USR00070,2026-04-25,427.33
USR00070,2026-04-24,346.78
USR00070,2026-04-23,368.85
USR00071,2026-05-22,12.65
USR00071,2026-05-21,15.81
USR00071,2026-05-20,13.39
USR00071,2026-05-19,15.77
USR00071,2026-05-18,14.39
USR00071,2026-05-17,13.79
USR00071,2026-05-16,13.3
USR00071,2026-05-15,12.55
USR00071,2026-05-14,13.48
USR00071,2026-05-13,14.58
USR00071,2026-05-12,13.37
USR00071,2026-05-11,12.96
USR00071,2026-05-10,13.05
USR00071,2026-05-09,14.71
USR00071,2026-05-08,15.02
USR00071,2026-05-07,12.49
USR00071,2026-05-06,12.49
USR00071,2026-05-05,13.89
USR00071,2026-05-04,15.43
USR00071,2026-05-03,14.92
USR00071,2026-05-02,11.71
USR00071,2026-05-01,13.03
USR00071,2026-04-30,12.14
USR00071,2026-04-29,13.02
USR00071,2026-04-28,15.53
USR00071,2026-04-27,11.48
USR00071,2026-04-26,11.22
USR00071,2026-04-25,12.27
USR00071,2026-04-24,13.77
USR00071,2026-04-23,14.21
USR00072,2026-05-22,18.67
USR00072,2026-05-21,13.76
USR00072,2026-05-20,18.69
USR00072,2026-05-19,16.18
USR00072,2026-05-18,17.93
USR00072,2026-05-17,14.49
USR00072,2026-05-16,16.71
USR00072,2026-05-15,17.1
USR00072,2026-05-14,18.64
USR00072,2026-05-13,14.06
USR00072,2026-05-12,16.76
USR00072,2026-05-11,14.89
USR00072,2026-05-10,17.55
USR00072,2026-05-09,18.0
USR00072,2026-05-08,18.85
USR00072,2026-05-07,15.81
USR00072,2026-05-06,18.25
USR00072,2026-05-05,18.98
USR00072,2026-05-04,13.96
USR00072,2026-05-03,17.73
USR00072,2026-05-02,18.31
USR00072,2026-05-01,16.27
USR00072,2026-04-30,14.68
USR00072,2026-04-29,18.28
USR00072,2026-04-28,14.7
USR00072,2026-04-27,16.41
USR00072,2026-04-26,16.64
USR00072,2026-04-25,17.9
USR00072,2026-04-24,15.66
USR00072,2026-04-23,15.56
USR00073,2026-05-22,128.96
USR00073,2026-05-21,143.97
USR00073,2026-05-20,99.51
USR00073,2026-05-19,120.87
USR00073,2026-05-18,104.44
USR00073,2026-05-17,129.11
USR00073,2026-05-16,106.18
USR00073,2026-05-15,109.27
USR00073,2026-05-14,110.27
USR00073,2026-05-13,116.28
USR00073,2026-05-12,120.96
USR00073,2026-05-11,122.84
USR00073,2026-05-10,117.1
USR00073,2026-05-09,101.59
USR00073,2026-05-08,125.7
USR00073,2026-05-07,116.55
USR00073,2026-05-06,130.78
USR00073,2026-05-05,108.88
USR00073,2026-05-04,98.4
USR00073,2026-05-03,116.77
USR00073,2026-05-02,132.36
USR00073,2026-05-01,119.06
USR00073,2026-04-30,114.83
USR00073,2026-04-29,106.97
USR00073,2026-04-28,137.77
USR00073,2026-04-27,105.11
USR00073,2026-04-26,108.67
USR00073,2026-04-25,123.85
USR00073,2026-04-24,95.42
USR00073,2026-04-23,132.11
USR00074,2026-05-22,0.0
USR00074,2026-05-21,0.0
USR00074,2026-05-20,0.0
USR00074,2026-05-19,0.0
USR00074,2026-05-18,0.0
USR00074,2026-05-17,0.0
USR00074,2026-05-16,0.0
USR00074,2026-05-15,0.0
USR00074,2026-05-14,0.0
USR00074,2026-05-13,0.0
USR00074,2026-05-12,0.0
USR00074,2026-05-11,0.0
USR00074,2026-05-10,0.0
USR00074,2026-05-09,0.0
USR00074,2026-05-08,0.0
USR00074,2026-05-07,0.0
USR00074,2026-05-06,0.0
USR00074,2026-05-05,0.0
USR00074,2026-05-04,0.0
USR00074,2026-05-03,0.0
USR00074,2026-05-02,0.0
USR00074,2026-05-01,0.0
USR00074,2026-04-30,0.0
USR00074,2026-04-29,0.0
USR00074,2026-04-28,0.0
USR00074,2026-04-27,0.0
USR00074,2026-04-26,0.0
USR00074,2026-04-25,0.0
USR00074,2026-04-24,0.0
USR00074,2026-04-23,0.0
USR00075,2026-05-22,16.53
USR00075,2026-05-21,12.97
USR00075,2026-05-20,16.61
USR00075,2026-05-19,16.04
USR00075,2026-05-18,18.29
USR00075,2026-05-17,17.56
USR00075,2026-05-16,15.95
USR00075,2026-05-15,17.97
USR00075,2026-05-14,18.19
USR00075,2026-05-13,15.66
USR00075,2026-05-12,16.13
USR00075,2026-05-11,13.19
USR00075,2026-05-10,15.11
USR00075,2026-05-09,15.71
USR00075,2026-05-08,17.09
USR00075,2026-05-07,15.36
USR00075,2026-05-06,16.09
USR00075,2026-05-05,14.89
USR00075,2026-05-04,17.26
USR00075,2026-05-03,17.69
USR00075,2026-05-02,17.65
USR00075,2026-05-01,16.99
USR00075,2026-04-30,14.35
USR00075,2026-04-29,15.91
USR00075,2026-04-28,16.27
USR00075,2026-04-27,16.28
USR00075,2026-04-26,17.09
USR00075,2026-04-25,19.38
USR00075,2026-04-24,18.34
USR00075,2026-04-23,15.29
USR00076,2026-05-22,191.45
USR00076,2026-05-21,165.43
USR00076,2026-05-20,195.21
USR00076,2026-05-19,177.05
USR00076,2026-05-18,154.56
USR00076,2026-05-17,188.12
USR00076,2026-05-16,183.84
USR00076,2026-05-15,175.84
USR00076,2026-05-14,179.26
USR00076,2026-05-13,166.99
USR00076,2026-05-12,190.91
USR00076,2026-05-11,179.15
USR00076,2026-05-10,182.93
USR00076,2026-05-09,186.36
USR00076,2026-05-08,159.16
USR00076,2026-05-07,163.84
USR00076,2026-05-06,140.17
USR00076,2026-05-05,190.1
USR00076,2026-05-04,158.12
USR00076,2026-05-03,182.32
USR00076,2026-05-02,186.61
USR00076,2026-05-01,190.77
USR00076,2026-04-30,158.27
USR00076,2026-04-29,178.76
USR00076,2026-04-28,209.99
USR00076,2026-04-27,210.78
USR00076,2026-04-26,197.7
USR00076,2026-04-25,186.01
USR00076,2026-04-24,161.85
USR00076,2026-04-23,192.86
USR00077,2026-05-22,2.88
USR00077,2026-05-21,2.56
USR00077,2026-05-20,2.68
USR00077,2026-05-19,2.77
USR00077,2026-05-18,2.8
USR00077,2026-05-17,2.86
USR00077,2026-05-16,2.57
USR00077,2026-05-15,2.36
USR00077,2026-05-14,3.17
USR00077,2026-05-13,3.41
USR00077,2026-05-12,2.85
USR00077,2026-05-11,2.37
USR00077,2026-05-10,2.52
USR00077,2026-05-09,2.87
USR00077,2026-05-08,3.1
USR00077,2026-05-07,2.4
USR00077,2026-05-06,2.7
USR00077,2026-05-05,2.78
USR00077,2026-05-04,2.97
USR00077,2026-05-03,2.64
USR00077,2026-05-02,2.3
USR00077,2026-05-01,2.9
USR00077,2026-04-30,3.04
USR00077,2026-04-29,2.71
USR00077,2026-04-28,2.84
USR00077,2026-04-27,2.6
USR00077,2026-04-26,2.5
USR00077,2026-04-25,3.01
USR00077,2026-04-24,2.83
USR00077,2026-04-23,2.86
USR00078,2026-05-22,445.95
USR00078,2026-05-21,471.02
USR00078,2026-05-20,506.41
USR00078,2026-05-19,470.41
USR00078,2026-05-18,537.58
USR00078,2026-05-17,489.2
USR00078,2026-05-16,449.06
USR00078,2026-05-15,501.82
USR00078,2026-05-14,507.03
USR00078,2026-05-13,545.14
USR00078,2026-05-12,518.14
USR00078,2026-05-11,521.53
USR00078,2026-05-10,514.51
USR00078,2026-05-09,489.16
USR00078,2026-05-08,462.83
USR00078,2026-05-07,512.94
USR00078,2026-05-06,481.93
USR00078,2026-05-05,582.79
USR00078,2026-05-04,565.45
USR00078,2026-05-03,530.09
USR00078,2026-05-02,517.41
USR00078,2026-05-01,494.16
USR00078,2026-04-30,435.67
USR00078,2026-04-29,487.76
USR00078,2026-04-28,503.6
USR00078,2026-04-27,509.98
USR00078,2026-04-26,521.95
USR00078,2026-04-25,544.47
USR00078,2026-04-24,464.03
USR00078,2026-04-23,464.49
USR00079,2026-05-22,52.23
USR00079,2026-05-21,46.6
USR00079,2026-05-20,47.98
USR00079,2026-05-19,48.0
USR00079,2026-05-18,48.65
USR00079,2026-05-17,50.79
USR00079,2026-05-16,60.79
USR00079,2026-05-15,49.42
USR00079,2026-05-14,51.71
USR00079,2026-05-13,40.32
USR00079,2026-05-12,46.14
USR00079,2026-05-11,54.45
USR00079,2026-05-10,50.45
USR00079,2026-05-09,27.21
USR00079,2026-05-08,51.76
USR00079,2026-05-07,57.8
USR00079,2026-05-06,38.82
USR00079,2026-05-05,55.86
USR00079,2026-05-04,35.05
USR00079,2026-05-03,53.04
USR00079,2026-05-02,48.45
USR00079,2026-05-01,37.1
USR00079,2026-04-30,50.66
USR00079,2026-04-29,54.08
USR00079,2026-04-28,50.26
USR00079,2026-04-27,51.33
USR00079,2026-04-26,46.5
USR00079,2026-04-25,39.47
USR00079,2026-04-24,51.85
USR00079,2026-04-23,56.98
USR00080,2026-05-22,39.84
USR00080,2026-05-21,42.2
USR00080,2026-05-20,45.52
USR00080,2026-05-19,41.81
USR00080,2026-05-18,49.95
USR00080,2026-05-17,51.69
USR00080,2026-05-16,42.62
USR00080,2026-05-15,53.59
USR00080,2026-05-14,52.72
USR00080,2026-05-13,47.0
USR00080,2026-05-12,48.87
USR00080,2026-05-11,40.03
USR00080,2026-05-10,48.08
USR00080,2026-05-09,49.77
USR00080,2026-05-08,50.57
USR00080,2026-05-07,51.61
USR00080,2026-05-06,50.94
USR00080,2026-05-05,48.41
USR00080,2026-05-04,51.15
USR00080,2026-05-03,54.71
USR00080,2026-05-02,49.25
USR00080,2026-05-01,51.31
USR00080,2026-04-30,48.8
USR00080,2026-04-29,46.51
USR00080,2026-04-28,52.33
USR00080,2026-04-27,46.97
USR00080,2026-04-26,51.65
USR00080,2026-04-25,49.87
USR00080,2026-04-24,48.22
USR00080,2026-04-23,48.1
USR00081,2026-05-22,297.04
USR00081,2026-05-21,369.17
USR00081,2026-05-20,363.79
USR00081,2026-05-19,385.76
USR00081,2026-05-18,336.66
USR00081,2026-05-17,422.95
USR00081,2026-05-16,342.05
USR00081,2026-05-15,324.44
USR00081,2026-05-14,320.22
USR00081,2026-05-13,293.9
USR00081,2026-05-12,410.05
USR00081,2026-05-11,404.3
USR00081,2026-05-10,376.91
USR00081,2026-05-09,323.69
USR00081,2026-05-08,419.95
USR00081,2026-05-07,343.05
USR00081,2026-05-06,345.99
USR00081,2026-05-05,406.66
USR00081,2026-05-04,378.98
USR00081,2026-05-03,433.82
USR00081,2026-05-02,364.4
USR00081,2026-05-01,341.44
USR00081,2026-04-30,333.8
USR00081,2026-04-29,289.88
USR00081,2026-04-28,345.65
USR00081,2026-04-27,396.25
USR00081,2026-04-26,376.85
USR00081,2026-04-25,356.28
USR00081,2026-04-24,320.18
USR00081,2026-04-23,363.62
USR00082,2026-05-22,318.48
USR00082,2026-05-21,310.42
USR00082,2026-05-20,281.0
USR00082,2026-05-19,331.81
USR00082,2026-05-18,209.71
USR00082,2026-05-17,317.02
USR00082,2026-05-16,383.81
USR00082,2026-05-15,259.28
USR00082,2026-05-14,297.96
USR00082,2026-05-13,305.09
USR00082,2026-05-12,291.21
USR00082,2026-05-11,336.98
USR00082,2026-05-10,319.76
USR00082,2026-05-09,309.98
USR00082,2026-05-08,329.68
USR00082,2026-05-07,305.84
USR00082,2026-05-06,402.42
USR00082,2026-05-05,309.95
USR00082,2026-05-04,311.3
USR00082,2026-05-03,253.11
USR00082,2026-05-02,288.74
USR00082,2026-05-01,340.37
USR00082,2026-04-30,264.56
USR00082,2026-04-29,239.46
USR00082,2026-04-28,306.32
USR00082,2026-04-27,347.19
USR00082,2026-04-26,306.63
USR00082,2026-04-25,295.07
USR00082,2026-04-24,248.59
USR00082,2026-04-23,319.14
USR00083,2026-05-22,8.18
USR00083,2026-05-21,11.08
USR00083,2026-05-20,10.71
USR00083,2026-05-19,11.08
USR00083,2026-05-18,10.53
USR00083,2026-05-17,10.6
USR00083,2026-05-16,10.47
USR00083,2026-05-15,10.81
USR00083,2026-05-14,8.14
USR00083,2026-05-13,8.46
USR00083,2026-05-12,9.22
USR00083,2026-05-11,9.82
USR00083,2026-05-10,10.34
USR00083,2026-05-09,10.27
USR00083,2026-05-08,11.06
USR00083,2026-05-07,11.09
USR00083,2026-05-06,9.08
USR00083,2026-05-05,10.19
USR00083,2026-05-04,9.11
USR00083,2026-05-03,9.76
USR00083,2026-05-02,10.27
USR00083,2026-05-01,6.56
USR00083,2026-04-30,12.35
USR00083,2026-04-29,10.51
USR00083,2026-04-28,9.36
USR00083,2026-04-27,11.87
USR00083,2026-04-26,9.6
USR00083,2026-04-25,10.08
USR00083,2026-04-24,9.46
USR00083,2026-04-23,11.59
USR00084,2026-05-22,44.97
USR00084,2026-05-21,49.64
USR00084,2026-05-20,46.9
USR00084,2026-05-19,44.07
USR00084,2026-05-18,49.23
USR00084,2026-05-17,55.55
USR00084,2026-05-16,45.71
USR00084,2026-05-15,44.82
USR00084,2026-05-14,45.06
USR00084,2026-05-13,50.11
USR00084,2026-05-12,41.65
USR00084,2026-05-11,43.07
USR00084,2026-05-10,37.49
USR00084,2026-05-09,39.06
USR00084,2026-05-08,42.01
USR00084,2026-05-07,44.06
USR00084,2026-05-06,52.14
USR00084,2026-05-05,46.68
USR00084,2026-05-04,40.27
USR00084,2026-05-03,41.08
USR00084,2026-05-02,50.4
USR00084,2026-05-01,49.3
USR00084,2026-04-30,44.43
USR00084,2026-04-29,42.35
USR00084,2026-04-28,49.29
USR00084,2026-04-27,39.91
USR00084,2026-04-26,46.04
USR00084,2026-04-25,54.38
USR00084,2026-04-24,45.22
USR00084,2026-04-23,40.87
USR00085,2026-05-22,19.92
USR00085,2026-05-21,17.99
USR00085,2026-05-20,22.37
USR00085,2026-05-19,23.24
USR00085,2026-05-18,20.25
USR00085,2026-05-17,20.11
USR00085,2026-05-16,18.89
USR00085,2026-05-15,20.59
USR00085,2026-05-14,19.73
USR00085,2026-05-13,18.79
USR00085,2026-05-12,24.86
USR00085,2026-05-11,21.88
USR00085,2026-05-10,22.1
USR00085,2026-05-09,22.75
USR00085,2026-05-08,22.51
USR00085,2026-05-07,20.04
USR00085,2026-05-06,21.47
USR00085,2026-05-05,20.34
USR00085,2026-05-04,21.82
USR00085,2026-05-03,21.62
USR00085,2026-05-02,20.1
USR00085,2026-05-01,18.12
USR00085,2026-04-30,21.21
USR00085,2026-04-29,20.47
USR00085,2026-04-28,16.95
USR00085,2026-04-27,21.96
USR00085,2026-04-26,22.92
USR00085,2026-04-25,26.19
USR00085,2026-04-24,20.08
USR00085,2026-04-23,19.78
USR00086,2026-05-22,32.46
USR00086,2026-05-21,32.44
USR00086,2026-05-20,29.22
USR00086,2026-05-19,31.25
USR00086,2026-05-18,25.51
USR00086,2026-05-17,34.75
USR00086,2026-05-16,29.35
USR00086,2026-05-15,31.69
USR00086,2026-05-14,27.26
USR00086,2026-05-13,29.95
USR00086,2026-05-12,30.91
USR00086,2026-05-11,31.77
USR00086,2026-05-10,33.33
USR00086,2026-05-09,36.38
USR00086,2026-05-08,34.13
USR00086,2026-05-07,34.86
USR00086,2026-05-06,36.4
USR00086,2026-05-05,33.61
USR00086,2026-05-04,31.68
USR00086,2026-05-03,35.01
USR00086,2026-05-02,35.21
USR00086,2026-05-01,33.86
USR00086,2026-04-30,27.18
USR00086,2026-04-29,29.13
USR00086,2026-04-28,30.93
USR00086,2026-04-27,34.28
USR00086,2026-04-26,31.73
USR00086,2026-04-25,35.42
USR00086,2026-04-24,35.98
USR00086,2026-04-23,35.61
USR00087,2026-05-22,375.08
USR00087,2026-05-21,438.68
USR00087,2026-05-20,393.06
USR00087,2026-05-19,349.47
USR00087,2026-05-18,406.45
USR00087,2026-05-17,473.92
USR00087,2026-05-16,437.76
USR00087,2026-05-15,502.92
USR00087,2026-05-14,425.9
USR00087,2026-05-13,520.92
USR00087,2026-05-12,425.91
USR00087,2026-05-11,419.42
USR00087,2026-05-10,364.94
USR00087,2026-05-09,464.95
USR00087,2026-05-08,397.47
USR00087,2026-05-07,391.4
USR00087,2026-05-06,472.1
USR00087,2026-05-05,466.95
USR00087,2026-05-04,465.85
USR00087,2026-05-03,403.32
USR00087,2026-05-02,416.35
USR00087,2026-05-01,415.97
USR00087,2026-04-30,451.23
USR00087,2026-04-29,483.49
USR00087,2026-04-28,433.89
USR00087,2026-04-27,501.12
USR00087,2026-04-26,456.03
USR00087,2026-04-25,408.65
USR00087,2026-04-24,453.16
USR00087,2026-04-23,489.87
USR00088,2026-05-22,103.34
USR00088,2026-05-21,118.58
USR00088,2026-05-20,106.27
USR00088,2026-05-19,103.7
USR00088,2026-05-18,112.11
USR00088,2026-05-17,123.74
USR00088,2026-05-16,110.6
USR00088,2026-05-15,110.82
USR00088,2026-05-14,106.54
USR00088,2026-05-13,102.52
USR00088,2026-05-12,104.28
USR00088,2026-05-11,107.43
USR00088,2026-05-10,124.21
USR00088,2026-05-09,103.46
USR00088,2026-05-08,106.56
USR00088,2026-05-07,96.83
USR00088,2026-05-06,113.6
USR00088,2026-05-05,120.49
USR00088,2026-05-04,123.22
USR00088,2026-05-03,108.15
USR00088,2026-05-02,112.09
USR00088,2026-05-01,104.37
USR00088,2026-04-30,111.6
USR00088,2026-04-29,109.33
USR00088,2026-04-28,106.62
USR00088,2026-04-27,107.46
USR00088,2026-04-26,110.79
USR00088,2026-04-25,102.88
USR00088,2026-04-24,103.43
USR00088,2026-04-23,124.1
USR00089,2026-05-22,38.49
USR00089,2026-05-21,38.25
USR00089,2026-05-20,39.57
USR00089,2026-05-19,43.31
USR00089,2026-05-18,47.68
USR00089,2026-05-17,46.35
USR00089,2026-05-16,44.51
USR00089,2026-05-15,46.08
USR00089,2026-05-14,40.73
USR00089,2026-05-13,42.69
USR00089,2026-05-12,43.67
USR00089,2026-05-11,36.83
USR00089,2026-05-10,38.68
USR00089,2026-05-09,38.85
USR00089,2026-05-08,47.11
USR00089,2026-05-07,44.83
USR00089,2026-05-06,46.44
USR00089,2026-05-05,35.71
USR00089,2026-05-04,37.27
USR00089,2026-05-03,46.66
USR00089,2026-05-02,31.6
USR00089,2026-05-01,49.12
USR00089,2026-04-30,35.78
USR00089,2026-04-29,47.45
USR00089,2026-04-28,39.87
USR00089,2026-04-27,48.35
USR00089,2026-04-26,57.8
USR00089,2026-04-25,33.81
USR00089,2026-04-24,46.8
USR00089,2026-04-23,35.85
USR00090,2026-05-22,27.23
USR00090,2026-05-21,28.16
USR00090,2026-05-20,25.27
USR00090,2026-05-19,29.97
USR00090,2026-05-18,23.78
USR00090,2026-05-17,31.25
USR00090,2026-05-16,26.66
USR00090,2026-05-15,23.9
USR00090,2026-05-14,32.24
USR00090,2026-05-13,27.61
USR00090,2026-05-12,33.11
USR00090,2026-05-11,31.2
USR00090,2026-05-10,25.58
USR00090,2026-05-09,27.57
USR00090,2026-05-08,28.14
USR00090,2026-05-07,32.05
USR00090,2026-05-06,29.02
USR00090,2026-05-05,28.29
USR00090,2026-05-04,27.25
USR00090,2026-05-03,27.66
USR00090,2026-05-02,31.43
USR00090,2026-05-01,27.81
USR00090,2026-04-30,26.7
USR00090,2026-04-29,26.23
USR00090,2026-04-28,26.26
USR00090,2026-04-27,23.9
USR00090,2026-04-26,25.72
USR00090,2026-04-25,31.97
USR00090,2026-04-24,27.23
USR00090,2026-04-23,29.76
USR00091,2026-05-22,8.03
USR00091,2026-05-21,7.48
USR00091,2026-05-20,7.23
USR00091,2026-05-19,7.74
USR00091,2026-05-18,7.22
USR00091,2026-05-17,5.99
USR00091,2026-05-16,8.3
USR00091,2026-05-15,7.78
USR00091,2026-05-14,7.36
USR00091,2026-05-13,6.86
USR00091,2026-05-12,6.48
USR00091,2026-05-11,7.77
USR00091,2026-05-10,8.83
USR00091,2026-05-09,7.75
USR00091,2026-05-08,6.55
USR00091,2026-05-07,7.77
USR00091,2026-05-06,7.56
USR00091,2026-05-05,8.26
USR00091,2026-05-04,8.06
USR00091,2026-05-03,5.33
USR00091,2026-05-02,8.01
USR00091,2026-05-01,6.84
USR00091,2026-04-30,6.52
USR00091,2026-04-29,7.46
USR00091,2026-04-28,7.91
USR00091,2026-04-27,6.35
USR00091,2026-04-26,8.13
USR00091,2026-04-25,8.18
USR00091,2026-04-24,7.63
USR00091,2026-04-23,6.94
USR00092,2026-05-22,38.69
USR00092,2026-05-21,29.79
USR00092,2026-05-20,38.82
USR00092,2026-05-19,34.51
USR00092,2026-05-18,34.75
USR00092,2026-05-17,29.09
USR00092,2026-05-16,34.57
USR00092,2026-05-15,37.24
USR00092,2026-05-14,30.4
USR00092,2026-05-13,36.84
USR00092,2026-05-12,35.4
USR00092,2026-05-11,32.83
USR00092,2026-05-10,38.09
USR00092,2026-05-09,27.36
USR00092,2026-05-08,36.3
USR00092,2026-05-07,40.77
USR00092,2026-05-06,40.14
USR00092,2026-05-05,36.46
USR00092,2026-05-04,34.03
USR00092,2026-05-03,32.86
USR00092,2026-05-02,34.03
USR00092,2026-05-01,37.0
USR00092,2026-04-30,32.26
USR00092,2026-04-29,37.75
USR00092,2026-04-28,42.57
USR00092,2026-04-27,34.87
USR00092,2026-04-26,30.37
USR00092,2026-04-25,30.37
USR00092,2026-04-24,37.81
USR00092,2026-04-23,34.88
USR00093,2026-05-22,130.33
USR00093,2026-05-21,149.11
USR00093,2026-05-20,135.5
USR00093,2026-05-19,127.59
USR00093,2026-05-18,132.16
USR00093,2026-05-17,121.2
USR00093,2026-05-16,165.07
USR00093,2026-05-15,136.35
USR00093,2026-05-14,146.55
USR00093,2026-05-13,130.29
USR00093,2026-05-12,123.19
USR00093,2026-05-11,134.46
USR00093,2026-05-10,152.84
USR00093,2026-05-09,130.51
USR00093,2026-05-08,125.69
USR00093,2026-05-07,139.82
USR00093,2026-05-06,144.55
USR00093,2026-05-05,160.3
USR00093,2026-05-04,142.55
USR00093,2026-05-03,146.54
USR00093,2026-05-02,147.58
USR00093,2026-05-01,121.8
USR00093,2026-04-30,124.41
USR00093,2026-04-29,122.75
USR00093,2026-04-28,119.34
USR00093,2026-04-27,148.63
USR00093,2026-04-26,141.67
USR00093,2026-04-25,138.77
USR00093,2026-04-24,101.98
USR00093,2026-04-23,165.98
USR00094,2026-05-22,20.44
USR00094,2026-05-21,14.5
USR00094,2026-05-20,15.58
USR00094,2026-05-19,13.22
USR00094,2026-05-18,17.57
USR00094,2026-05-17,15.09
USR00094,2026-05-16,15.14
USR00094,2026-05-15,14.63
USR00094,2026-05-14,18.27
USR00094,2026-05-13,18.16
USR00094,2026-05-12,20.03
USR00094,2026-05-11,15.79
USR00094,2026-05-10,17.33
USR00094,2026-05-09,14.77
USR00094,2026-05-08,16.39
USR00094,2026-05-07,16.08
USR00094,2026-05-06,17.74
USR00094,2026-05-05,18.68
USR00094,2026-05-04,18.64
USR00094,2026-05-03,15.53
USR00094,2026-05-02,18.65
USR00094,2026-05-01,16.88
USR00094,2026-04-30,16.41
USR00094,2026-04-29,15.76
USR00094,2026-04-28,16.01
USR00094,2026-04-27,19.91
USR00094,2026-04-26,17.48
USR00094,2026-04-25,17.25
USR00094,2026-04-24,16.51
USR00094,2026-04-23,21.1
USR00095,2026-05-22,23.33
USR00095,2026-05-21,24.46
USR00095,2026-05-20,24.61
USR00095,2026-05-19,25.51
USR00095,2026-05-18,23.38
USR00095,2026-05-17,26.25
USR00095,2026-05-16,28.8
USR00095,2026-05-15,21.84
USR00095,2026-05-14,22.31
USR00095,2026-05-13,23.93
USR00095,2026-05-12,24.05
USR00095,2026-05-11,30.17
USR00095,2026-05-10,27.66
USR00095,2026-05-09,27.52
USR00095,2026-05-08,24.48
USR00095,2026-05-07,24.43
USR00095,2026-05-06,21.49
USR00095,2026-05-05,27.11
USR00095,2026-05-04,26.38
USR00095,2026-05-03,28.38
USR00095,2026-05-02,24.62
USR00095,2026-05-01,24.79
USR00095,2026-04-30,25.57
USR00095,2026-04-29,27.39
USR00095,2026-04-28,21.45
USR00095,2026-04-27,27.0
USR00095,2026-04-26,25.09
USR00095,2026-04-25,22.48
USR00095,2026-04-24,19.9
USR00095,2026-04-23,24.8
USR00096,2026-05-22,42.67
USR00096,2026-05-21,37.84
USR00096,2026-05-20,43.72
USR00096,2026-05-19,36.39
USR00096,2026-05-18,40.03
USR00096,2026-05-17,34.9
USR00096,2026-05-16,34.66
USR00096,2026-05-15,34.07
USR00096,2026-05-14,29.01
USR00096,2026-05-13,41.25
USR00096,2026-05-12,34.2
USR00096,2026-05-11,33.62
USR00096,2026-05-10,32.23
USR00096,2026-05-09,35.8
USR00096,2026-05-08,42.99
USR00096,2026-05-07,44.2
USR00096,2026-05-06,30.48
USR00096,2026-05-05,35.25
USR00096,2026-05-04,32.76
USR00096,2026-05-03,40.16
USR00096,2026-05-02,37.59
USR00096,2026-05-01,34.22
USR00096,2026-04-30,36.81
USR00096,2026-04-29,34.8
USR00096,2026-04-28,42.44
USR00096,2026-04-27,38.54
USR00096,2026-04-26,38.99
USR00096,2026-04-25,26.8
USR00096,2026-04-24,36.3
USR00096,2026-04-23,44.16
USR00097,2026-05-22,5.93
USR00097,2026-05-21,7.05
USR00097,2026-05-20,6.4
USR00097,2026-05-19,8.52
USR00097,2026-05-18,7.45
USR00097,2026-05-17,6.72
USR00097,2026-05-16,7.3
USR00097,2026-05-15,5.38
USR00097,2026-05-14,6.49
USR00097,2026-05-13,7.3
USR00097,2026-05-12,7.89
USR00097,2026-05-11,5.86
USR00097,2026-05-10,7.0
USR00097,2026-05-09,8.01
USR00097,2026-05-08,6.22
USR00097,2026-05-07,7.44
USR00097,2026-05-06,7.32
USR00097,2026-05-05,8.52
USR00097,2026-05-04,7.11
USR00097,2026-05-03,7.15
USR00097,2026-05-02,7.9
USR00097,2026-05-01,6.31
USR00097,2026-04-30,7.11
USR00097,2026-04-29,6.94
USR00097,2026-04-28,7.17
USR00097,2026-04-27,7.89
USR00097,2026-04-26,7.68
USR00097,2026-04-25,6.73
USR00097,2026-04-24,7.37
USR00097,2026-04-23,8.36
USR00098,2026-05-22,18.99
USR00098,2026-05-21,18.35
USR00098,2026-05-20,18.6
USR00098,2026-05-19,15.66
USR00098,2026-05-18,21.35
USR00098,2026-05-17,17.26
USR00098,2026-05-16,20.63
USR00098,2026-05-15,17.55
USR00098,2026-05-14,17.54
USR00098,2026-05-13,20.98
USR00098,2026-05-12,20.57
USR00098,2026-05-11,19.1
USR00098,2026-05-10,20.14
USR00098,2026-05-09,18.17
USR00098,2026-05-08,18.7
USR00098,2026-05-07,17.48
USR00098,2026-05-06,20.41
USR00098,2026-05-05,17.42
USR00098,2026-05-04,21.49
USR00098,2026-05-03,18.12
USR00098,2026-05-02,18.75
USR00098,2026-05-01,20.13
USR00098,2026-04-30,18.76
USR00098,2026-04-29,18.16
USR00098,2026-04-28,18.66
USR00098,2026-04-27,20.39
USR00098,2026-04-26,17.47
USR00098,2026-04-25,18.48
USR00098,2026-04-24,18.73
USR00098,2026-04-23,20.33
USR00099,2026-05-22,129.9
USR00099,2026-05-21,108.29
USR00099,2026-05-20,107.39
USR00099,2026-05-19,108.13
USR00099,2026-05-18,95.52
USR00099,2026-05-17,98.6
USR00099,2026-05-16,104.17
USR00099,2026-05-15,122.5
USR00099,2026-05-14,109.64
USR00099,2026-05-13,104.68
USR00099,2026-05-12,123.5
USR00099,2026-05-11,127.07
USR00099,2026-05-10,123.82
USR00099,2026-05-09,100.62
USR00099,2026-05-08,104.56
USR00099,2026-05-07,129.96
USR00099,2026-05-06,112.66
USR00099,2026-05-05,107.06
USR00099,2026-05-04,117.91
USR00099,2026-05-03,121.09
USR00099,2026-05-02,103.72
USR00099,2026-05-01,112.42
USR00099,2026-04-30,120.2
USR00099,2026-04-29,97.24
USR00099,2026-04-28,110.14
USR00099,2026-04-27,97.75
USR00099,2026-04-26,99.19
USR00099,2026-04-25,103.81
USR00099,2026-04-24,115.26
USR00099,2026-04-23,106.46
USR00100,2026-05-22,5.88
USR00100,2026-05-21,5.18
USR00100,2026-05-20,6.1
USR00100,2026-05-19,6.51
USR00100,2026-05-18,5.8
USR00100,2026-05-17,5.73
USR00100,2026-05-16,6.07
USR00100,2026-05-15,4.66
USR00100,2026-05-14,6.16
USR00100,2026-05-13,7.66
USR00100,2026-05-12,5.78
USR00100,2026-05-11,5.78
USR00100,2026-05-10,6.28
USR00100,2026-05-09,6.81
USR00100,2026-05-08,6.42
USR00100,2026-05-07,4.59
USR00100,2026-05-06,6.18
USR00100,2026-05-05,7.35
USR00100,2026-05-04,6.21
USR00100,2026-05-03,5.17
USR00100,2026-05-02,6.01
USR00100,2026-05-01,5.1
USR00100,2026-04-30,6.57
USR00100,2026-04-29,5.29
USR00100,2026-04-28,5.89
USR00100,2026-04-27,5.35
USR00100,2026-04-26,5.53
USR00100,2026-04-25,6.72
USR00100,2026-04-24,5.91
USR00100,2026-04-23,5.52
USR00101,2026-05-22,30.76
USR00101,2026-05-21,33.11
USR00101,2026-05-20,38.27
USR00101,2026-05-19,41.55
USR00101,2026-05-18,35.72
USR00101,2026-05-17,43.79
USR00101,2026-05-16,35.13
USR00101,2026-05-15,36.94
USR00101,2026-05-14,33.76
USR00101,2026-05-13,41.59
USR00101,2026-05-12,45.78
USR00101,2026-05-11,31.18
USR00101,2026-05-10,36.53
USR00101,2026-05-09,42.63
USR00101,2026-05-08,32.37
USR00101,2026-05-07,39.99
USR00101,2026-05-06,42.47
USR00101,2026-05-05,38.14
USR00101,2026-05-04,39.93
USR00101,2026-05-03,44.51
USR00101,2026-05-02,45.22
USR00101,2026-05-01,37.61
USR00101,2026-04-30,35.83
USR00101,2026-04-29,34.36
USR00101,2026-04-28,41.54
USR00101,2026-04-27,32.65
USR00101,2026-04-26,36.89
USR00101,2026-04-25,38.23
USR00101,2026-04-24,35.94
USR00101,2026-04-23,38.9
USR00102,2026-05-22,48.97
USR00102,2026-05-21,47.41
USR00102,2026-05-20,54.61
USR00102,2026-05-19,50.76
USR00102,2026-05-18,56.71
USR00102,2026-05-17,50.39
USR00102,2026-05-16,48.34
USR00102,2026-05-15,40.73
USR00102,2026-05-14,41.54
USR00102,2026-05-13,40.47
USR00102,2026-05-12,51.45
USR00102,2026-05-11,42.82
USR00102,2026-05-10,55.8
USR00102,2026-05-09,49.72
USR00102,2026-05-08,48.36
USR00102,2026-05-07,45.39
USR00102,2026-05-06,52.66
USR00102,2026-05-05,45.58
USR00102,2026-05-04,44.69
USR00102,2026-05-03,55.46
USR00102,2026-05-02,51.33
USR00102,2026-05-01,48.41
USR00102,2026-04-30,52.75
USR00102,2026-04-29,49.62
USR00102,2026-04-28,51.47
USR00102,2026-04-27,45.52
USR00102,2026-04-26,59.84
USR00102,2026-04-25,46.7
USR00102,2026-04-24,57.29
USR00102,2026-04-23,48.64
USR00103,2026-05-22,52.07
USR00103,2026-05-21,54.07
USR00103,2026-05-20,44.43
USR00103,2026-05-19,53.73
USR00103,2026-05-18,57.47
USR00103,2026-05-17,47.26
USR00103,2026-05-16,48.68
USR00103,2026-05-15,45.97
USR00103,2026-05-14,46.83
USR00103,2026-05-13,56.81
USR00103,2026-05-12,43.64
USR00103,2026-05-11,43.94
USR00103,2026-05-10,56.33
USR00103,2026-05-09,51.54
USR00103,2026-05-08,58.8
USR00103,2026-05-07,46.33
USR00103,2026-05-06,49.12
USR00103,2026-05-05,45.31
USR00103,2026-05-04,49.21
USR00103,2026-05-03,39.9
USR00103,2026-05-02,51.83
USR00103,2026-05-01,50.08
USR00103,2026-04-30,48.23
USR00103,2026-04-29,46.62
USR00103,2026-04-28,44.17
USR00103,2026-04-27,52.04
USR00103,2026-04-26,42.83
USR00103,2026-04-25,50.99
USR00103,2026-04-24,58.57
USR00103,2026-04-23,55.72
USR00104,2026-05-22,404.97
USR00104,2026-05-21,445.98
USR00104,2026-05-20,424.94
USR00104,2026-05-19,368.06
USR00104,2026-05-18,444.43
USR00104,2026-05-17,427.51
USR00104,2026-05-16,509.87
USR00104,2026-05-15,417.11
USR00104,2026-05-14,477.93
USR00104,2026-05-13,373.72
USR00104,2026-05-12,383.95
USR00104,2026-05-11,458.83
USR00104,2026-05-10,474.32
USR00104,2026-05-09,386.97
USR00104,2026-05-08,428.97
USR00104,2026-05-07,368.82
USR00104,2026-05-06,420.19
USR00104,2026-05-05,463.76
USR00104,2026-05-04,409.33
USR00104,2026-05-03,417.29
USR00104,2026-05-02,379.59
USR00104,2026-05-01,400.2
USR00104,2026-04-30,503.18
USR00104,2026-04-29,431.06
USR00104,2026-04-28,385.05
USR00104,2026-04-27,414.47
USR00104,2026-04-26,359.58
USR00104,2026-04-25,384.54
USR00104,2026-04-24,486.16
USR00104,2026-04-23,421.85
USR00105,2026-05-22,0.0
USR00105,2026-05-21,0.0
USR00105,2026-05-20,194.59
USR00105,2026-05-19,0.0
USR00105,2026-05-18,0.0
USR00105,2026-05-17,0.0
USR00105,2026-05-16,0.0
USR00105,2026-05-15,0.0
USR00105,2026-05-14,221.91
USR00105,2026-05-13,0.0
USR00105,2026-05-12,0.0
USR00105,2026-05-11,0.0
USR00105,2026-05-10,0.0
USR00105,2026-05-09,0.0
USR00105,2026-05-08,0.0
USR00105,2026-05-07,0.0
USR00105,2026-05-06,0.0
USR00105,2026-05-05,0.0
USR00105,2026-05-04,0.0
USR00105,2026-05-03,0.0
USR00105,2026-05-02,0.0
USR00105,2026-05-01,0.0
USR00105,2026-04-30,0.0
USR00105,2026-04-29,0.0
USR00105,2026-04-28,0.0
USR00105,2026-04-27,0.0
USR00105,2026-04-26,0.0
USR00105,2026-04-25,265.34
USR00105,2026-04-24,0.0
USR00105,2026-04-23,0.0
USR00106,2026-05-22,14.19
USR00106,2026-05-21,13.31
USR00106,2026-05-20,14.21
USR00106,2026-05-19,13.72
USR00106,2026-05-18,12.84
USR00106,2026-05-17,13.93
USR00106,2026-05-16,14.12
USR00106,2026-05-15,13.24
USR00106,2026-05-14,15.0
USR00106,2026-05-13,15.53
USR00106,2026-05-12,15.09
USR00106,2026-05-11,13.37
USR00106,2026-05-10,14.79
USR00106,2026-05-09,13.86
USR00106,2026-05-08,12.05
USR00106,2026-05-07,14.68
USR00106,2026-05-06,13.96
USR00106,2026-05-05,17.32
USR00106,2026-05-04,15.76
USR00106,2026-05-03,14.73
USR00106,2026-05-02,14.1
USR00106,2026-05-01,13.98
USR00106,2026-04-30,12.37
USR00106,2026-04-29,11.36
USR00106,2026-04-28,12.55
USR00106,2026-04-27,13.69
USR00106,2026-04-26,10.86
USR00106,2026-04-25,13.01
USR00106,2026-04-24,13.41
USR00106,2026-04-23,13.46
USR00107,2026-05-22,183.63
USR00107,2026-05-21,222.9
USR00107,2026-05-20,202.71
USR00107,2026-05-19,179.47
USR00107,2026-05-18,188.82
USR00107,2026-05-17,189.58
USR00107,2026-05-16,175.52
USR00107,2026-05-15,175.5
USR00107,2026-05-14,209.33
USR00107,2026-05-13,182.14
USR00107,2026-05-12,169.31
USR00107,2026-05-11,189.3
USR00107,2026-05-10,192.37
USR00107,2026-05-09,152.62
USR00107,2026-05-08,189.35
USR00107,2026-05-07,206.62
USR00107,2026-05-06,198.7
USR00107,2026-05-05,232.52
USR00107,2026-05-04,213.91
USR00107,2026-05-03,217.67
USR00107,2026-05-02,243.36
USR00107,2026-05-01,204.54
USR00107,2026-04-30,193.22
USR00107,2026-04-29,208.64
USR00107,2026-04-28,179.49
USR00107,2026-04-27,192.17
USR00107,2026-04-26,177.81
USR00107,2026-04-25,197.69
USR00107,2026-04-24,177.73
USR00107,2026-04-23,177.06
USR00108,2026-05-22,33.24
USR00108,2026-05-21,27.21
USR00108,2026-05-20,28.8
USR00108,2026-05-19,29.84
USR00108,2026-05-18,30.73
USR00108,2026-05-17,35.1
USR00108,2026-05-16,34.44
USR00108,2026-05-15,37.3
USR00108,2026-05-14,36.24
USR00108,2026-05-13,37.32
USR00108,2026-05-12,35.76
USR00108,2026-05-11,34.41
USR00108,2026-05-10,37.41
USR00108,2026-05-09,36.8
USR00108,2026-05-08,34.97
USR00108,2026-05-07,37.99
USR00108,2026-05-06,25.8
USR00108,2026-05-05,32.73
USR00108,2026-05-04,32.67
USR00108,2026-05-03,37.59
USR00108,2026-05-02,39.0
USR00108,2026-05-01,28.82
USR00108,2026-04-30,38.46
USR00108,2026-04-29,29.76
USR00108,2026-04-28,29.86
USR00108,2026-04-27,32.92
USR00108,2026-04-26,32.63
USR00108,2026-04-25,28.45
USR00108,2026-04-24,35.9
USR00108,2026-04-23,36.0
USR00109,2026-05-22,41.24
USR00109,2026-05-21,42.93
USR00109,2026-05-20,42.97
USR00109,2026-05-19,50.38
USR00109,2026-05-18,30.89
USR00109,2026-05-17,38.98
USR00109,2026-05-16,43.13
USR00109,2026-05-15,38.43
USR00109,2026-05-14,41.99
USR00109,2026-05-13,42.56
USR00109,2026-05-12,40.27
USR00109,2026-05-11,43.38
USR00109,2026-05-10,45.81
USR00109,2026-05-09,42.09
USR00109,2026-05-08,41.15
USR00109,2026-05-07,42.39
USR00109,2026-05-06,43.07
USR00109,2026-05-05,35.6
USR00109,2026-05-04,45.09
USR00109,2026-05-03,41.16
USR00109,2026-05-02,48.54
USR00109,2026-05-01,45.65
USR00109,2026-04-30,48.15
USR00109,2026-04-29,38.75
USR00109,2026-04-28,41.5
USR00109,2026-04-27,37.75
USR00109,2026-04-26,40.07
USR00109,2026-04-25,48.5
USR00109,2026-04-24,49.52
USR00109,2026-04-23,38.16
USR00110,2026-05-22,76.69
USR00110,2026-05-21,81.8
USR00110,2026-05-20,63.68
USR00110,2026-05-19,64.89
USR00110,2026-05-18,81.06
USR00110,2026-05-17,62.22
USR00110,2026-05-16,73.82
USR00110,2026-05-15,78.53
USR00110,2026-05-14,80.49
USR00110,2026-05-13,76.18
USR00110,2026-05-12,74.45
USR00110,2026-05-11,83.8
USR00110,2026-05-10,79.48
USR00110,2026-05-09,72.28
USR00110,2026-05-08,77.57
USR00110,2026-05-07,80.24
USR00110,2026-05-06,90.55
USR00110,2026-05-05,83.35
USR00110,2026-05-04,86.66
USR00110,2026-05-03,72.56
USR00110,2026-05-02,73.23
USR00110,2026-05-01,75.46
USR00110,2026-04-30,76.17
USR00110,2026-04-29,69.49
USR00110,2026-04-28,87.06
USR00110,2026-04-27,84.1
USR00110,2026-04-26,74.91
USR00110,2026-04-25,82.24
USR00110,2026-04-24,79.0
USR00110,2026-04-23,82.84
USR00111,2026-05-22,482.57
USR00111,2026-05-21,486.86
USR00111,2026-05-20,520.24
USR00111,2026-05-19,458.93
USR00111,2026-05-18,367.28
USR00111,2026-05-17,436.73
USR00111,2026-05-16,486.71
USR00111,2026-05-15,492.83
USR00111,2026-05-14,572.15
USR00111,2026-05-13,518.24
USR00111,2026-05-12,493.69
USR00111,2026-05-11,488.11
USR00111,2026-05-10,543.77
USR00111,2026-05-09,460.8
USR00111,2026-05-08,482.83
USR00111,2026-05-07,436.36
USR00111,2026-05-06,559.18
USR00111,2026-05-05,508.92
USR00111,2026-05-04,455.05
USR00111,2026-05-03,484.1
USR00111,2026-05-02,514.66
USR00111,2026-05-01,477.42
USR00111,2026-04-30,463.53
USR00111,2026-04-29,457.66
USR00111,2026-04-28,506.3
USR00111,2026-04-27,472.17
USR00111,2026-04-26,467.48
USR00111,2026-04-25,424.27
USR00111,2026-04-24,493.5
USR00111,2026-04-23,480.83
USR00112,2026-05-22,405.68
USR00112,2026-05-21,427.52
USR00112,2026-05-20,425.68
USR00112,2026-05-19,419.76
USR00112,2026-05-18,388.2
USR00112,2026-05-17,375.22
USR00112,2026-05-16,356.25
USR00112,2026-05-15,374.18
USR00112,2026-05-14,398.55
USR00112,2026-05-13,366.5
USR00112,2026-05-12,401.59
USR00112,2026-05-11,359.37
USR00112,2026-05-10,331.7
USR00112,2026-05-09,430.37
USR00112,2026-05-08,378.9
USR00112,2026-05-07,364.48
USR00112,2026-05-06,354.26
USR00112,2026-05-05,414.6
USR00112,2026-05-04,452.46
USR00112,2026-05-03,381.74
USR00112,2026-05-02,389.2
USR00112,2026-05-01,440.4
USR00112,2026-04-30,325.76
USR00112,2026-04-29,476.01
USR00112,2026-04-28,494.99
USR00112,2026-04-27,290.12
USR00112,2026-04-26,393.89
USR00112,2026-04-25,369.17
USR00112,2026-04-24,387.24
USR00112,2026-04-23,381.13
USR00113,2026-05-22,74.32
USR00113,2026-05-21,68.32
USR00113,2026-05-20,73.87
USR00113,2026-05-19,79.03
USR00113,2026-05-18,66.26
USR00113,2026-05-17,62.79
USR00113,2026-05-16,90.14
USR00113,2026-05-15,70.33
USR00113,2026-05-14,74.13
USR00113,2026-05-13,72.17
USR00113,2026-05-12,79.28
USR00113,2026-05-11,88.49
USR00113,2026-05-10,79.52
USR00113,2026-05-09,63.75
USR00113,2026-05-08,64.76
USR00113,2026-05-07,72.16
USR00113,2026-05-06,73.15
USR00113,2026-05-05,62.22
USR00113,2026-05-04,81.32
USR00113,2026-05-03,67.0
USR00113,2026-05-02,86.39
USR00113,2026-05-01,88.85
USR00113,2026-04-30,73.3
USR00113,2026-04-29,78.46
USR00113,2026-04-28,65.9
USR00113,2026-04-27,79.85
USR00113,2026-04-26,71.42
USR00113,2026-04-25,66.99
USR00113,2026-04-24,72.99
USR00113,2026-04-23,71.66
USR00114,2026-05-22,36.28
USR00114,2026-05-21,30.53
USR00114,2026-05-20,38.88
USR00114,2026-05-19,28.74
USR00114,2026-05-18,38.48
USR00114,2026-05-17,29.76
USR00114,2026-05-16,33.13
USR00114,2026-05-15,31.51
USR00114,2026-05-14,31.99
USR00114,2026-05-13,35.79
USR00114,2026-05-12,38.1
USR00114,2026-05-11,37.08
USR00114,2026-05-10,31.79
USR00114,2026-05-09,33.74
USR00114,2026-05-08,30.54
USR00114,2026-05-07,29.85
USR00114,2026-05-06,29.33
USR00114,2026-05-05,31.68
USR00114,2026-05-04,33.96
USR00114,2026-05-03,26.8
USR00114,2026-05-02,32.98
USR00114,2026-05-01,38.15
USR00114,2026-04-30,36.85
USR00114,2026-04-29,31.19
USR00114,2026-04-28,28.5
USR00114,2026-04-27,34.65
USR00114,2026-04-26,25.45
USR00114,2026-04-25,36.81
USR00114,2026-04-24,32.42
USR00114,2026-04-23,39.2
USR00115,2026-05-22,51.84
USR00115,2026-05-21,47.0
USR00115,2026-05-20,45.91
USR00115,2026-05-19,40.97
USR00115,2026-05-18,50.31
USR00115,2026-05-17,50.69
USR00115,2026-05-16,55.95
USR00115,2026-05-15,52.26
USR00115,2026-05-14,44.66
USR00115,2026-05-13,42.71
USR00115,2026-05-12,40.98
USR00115,2026-05-11,54.47
USR00115,2026-05-10,43.78
USR00115,2026-05-09,54.51
USR00115,2026-05-08,49.97
USR00115,2026-05-07,49.05
USR00115,2026-05-06,46.02
USR00115,2026-05-05,50.62
USR00115,2026-05-04,47.41
USR00115,2026-05-03,45.73
USR00115,2026-05-02,50.78
USR00115,2026-05-01,46.8
USR00115,2026-04-30,43.69
USR00115,2026-04-29,50.33
USR00115,2026-04-28,47.17
USR00115,2026-04-27,49.8
USR00115,2026-04-26,45.32
USR00115,2026-04-25,41.74
USR00115,2026-04-24,55.72
USR00115,2026-04-23,54.82
USR00116,2026-05-22,296.3
USR00116,2026-05-21,299.0
USR00116,2026-05-20,350.87
USR00116,2026-05-19,297.35
USR00116,2026-05-18,288.76
USR00116,2026-05-17,365.97
USR00116,2026-05-16,306.79
USR00116,2026-05-15,362.77
USR00116,2026-05-14,265.15
USR00116,2026-05-13,324.23
USR00116,2026-05-12,372.1
USR00116,2026-05-11,309.17
USR00116,2026-05-10,300.12
USR00116,2026-05-09,272.26
USR00116,2026-05-08,341.62
USR00116,2026-05-07,284.52
USR00116,2026-05-06,305.33
USR00116,2026-05-05,270.2
USR00116,2026-05-04,356.25
USR00116,2026-05-03,343.86
USR00116,2026-05-02,307.28
USR00116,2026-05-01,272.68
USR00116,2026-04-30,355.6
USR00116,2026-04-29,296.98
USR00116,2026-04-28,274.19
USR00116,2026-04-27,253.94
USR00116,2026-04-26,288.34
USR00116,2026-04-25,263.42
USR00116,2026-04-24,289.06
USR00116,2026-04-23,331.2
USR00117,2026-05-22,21.75
USR00117,2026-05-21,19.49
USR00117,2026-05-20,21.14
USR00117,2026-05-19,25.04
USR00117,2026-05-18,20.28
USR00117,2026-05-17,21.82
USR00117,2026-05-16,17.72
USR00117,2026-05-15,24.2
USR00117,2026-05-14,20.01
USR00117,2026-05-13,23.21
USR00117,2026-05-12,20.75
USR00117,2026-05-11,22.29
USR00117,2026-05-10,22.42
USR00117,2026-05-09,20.06
USR00117,2026-05-08,23.3
USR00117,2026-05-07,19.41
USR00117,2026-05-06,22.64
USR00117,2026-05-05,20.19
USR00117,2026-05-04,21.74
USR00117,2026-05-03,20.04
USR00117,2026-05-02,21.11
USR00117,2026-05-01,18.75
USR00117,2026-04-30,21.53
USR00117,2026-04-29,21.1
USR00117,2026-04-28,19.87
USR00117,2026-04-27,20.89
USR00117,2026-04-26,21.29
USR00117,2026-04-25,19.71
USR00117,2026-04-24,20.74
USR00117,2026-04-23,18.9
USR00118,2026-05-22,46.71
USR00118,2026-05-21,43.39
USR00118,2026-05-20,47.19
USR00118,2026-05-19,33.88
USR00118,2026-05-18,31.44
USR00118,2026-05-17,40.55
USR00118,2026-05-16,36.42
USR00118,2026-05-15,41.24
USR00118,2026-05-14,43.11
USR00118,2026-05-13,46.13
USR00118,2026-05-12,37.43
USR00118,2026-05-11,43.93
USR00118,2026-05-10,42.3
USR00118,2026-05-09,43.71
USR00118,2026-05-08,40.04
USR00118,2026-05-07,48.08
USR00118,2026-05-06,41.8
USR00118,2026-05-05,49.73
USR00118,2026-05-04,38.9
USR00118,2026-05-03,45.38
USR00118,2026-05-02,41.99
USR00118,2026-05-01,40.85
USR00118,2026-04-30,44.91
USR00118,2026-04-29,40.98
USR00118,2026-04-28,31.0
USR00118,2026-04-27,29.3
USR00118,2026-04-26,47.61
USR00118,2026-04-25,47.44
USR00118,2026-04-24,50.21
USR00118,2026-04-23,42.16
USR00119,2026-05-22,30.06
USR00119,2026-05-21,31.42
USR00119,2026-05-20,28.22
USR00119,2026-05-19,36.55
USR00119,2026-05-18,38.41
USR00119,2026-05-17,32.88
USR00119,2026-05-16,31.35
USR00119,2026-05-15,27.32
USR00119,2026-05-14,36.23
USR00119,2026-05-13,31.62
USR00119,2026-05-12,30.47
USR00119,2026-05-11,32.89
USR00119,2026-05-10,29.54
USR00119,2026-05-09,31.84
USR00119,2026-05-08,26.85
USR00119,2026-05-07,34.79
USR00119,2026-05-06,31.05
USR00119,2026-05-05,35.02
USR00119,2026-05-04,30.75
USR00119,2026-05-03,30.95
USR00119,2026-05-02,27.58
USR00119,2026-05-01,33.77
USR00119,2026-04-30,28.63
USR00119,2026-04-29,29.86
USR00119,2026-04-28,31.38
USR00119,2026-04-27,31.76
USR00119,2026-04-26,26.03
USR00119,2026-04-25,30.66
USR00119,2026-04-24,33.88
USR00119,2026-04-23,30.19
USR00120,2026-05-22,128.8
USR00120,2026-05-21,125.15
USR00120,2026-05-20,113.68
USR00120,2026-05-19,126.28
USR00120,2026-05-18,139.34
USR00120,2026-05-17,113.42
USR00120,2026-05-16,122.0
USR00120,2026-05-15,109.23
USR00120,2026-05-14,138.67
USR00120,2026-05-13,125.57
USR00120,2026-05-12,115.97
USR00120,2026-05-11,127.91
USR00120,2026-05-10,111.49
USR00120,2026-05-09,113.64
USR00120,2026-05-08,108.24
USR00120,2026-05-07,113.22
USR00120,2026-05-06,143.94
USR00120,2026-05-05,117.45
USR00120,2026-05-04,132.65
USR00120,2026-05-03,116.14
USR00120,2026-05-02,136.37
USR00120,2026-05-01,113.74
USR00120,2026-04-30,127.24
USR00120,2026-04-29,127.41
USR00120,2026-04-28,156.24
USR00120,2026-04-27,134.73
USR00120,2026-04-26,119.23
USR00120,2026-04-25,135.42
USR00120,2026-04-24,153.84
USR00120,2026-04-23,106.09
USR00121,2026-05-22,416.52
USR00121,2026-05-21,408.83
USR00121,2026-05-20,412.43
USR00121,2026-05-19,370.99
USR00121,2026-05-18,486.52
USR00121,2026-05-17,365.94
USR00121,2026-05-16,418.09
USR00121,2026-05-15,471.25
USR00121,2026-05-14,425.34
USR00121,2026-05-13,384.84
USR00121,2026-05-12,369.09
USR00121,2026-05-11,416.82
USR00121,2026-05-10,394.33
USR00121,2026-05-09,435.38
USR00121,2026-05-08,366.84
USR00121,2026-05-07,461.31
USR00121,2026-05-06,431.56
USR00121,2026-05-05,434.73
USR00121,2026-05-04,488.11
USR00121,2026-05-03,407.95
USR00121,2026-05-02,395.66
USR00121,2026-05-01,403.26
USR00121,2026-04-30,418.41
USR00121,2026-04-29,422.75
USR00121,2026-04-28,391.19
USR00121,2026-04-27,340.32
USR00121,2026-04-26,402.7
USR00121,2026-04-25,441.98
USR00121,2026-04-24,432.44
USR00121,2026-04-23,477.8
USR00122,2026-05-22,47.0
USR00122,2026-05-21,49.72
USR00122,2026-05-20,47.03
USR00122,2026-05-19,51.15
USR00122,2026-05-18,51.77
USR00122,2026-05-17,47.84
USR00122,2026-05-16,46.77
USR00122,2026-05-15,42.79
USR00122,2026-05-14,43.5
USR00122,2026-05-13,42.21
USR00122,2026-05-12,46.4
USR00122,2026-05-11,40.54
USR00122,2026-05-10,42.85
USR00122,2026-05-09,33.4
USR00122,2026-05-08,51.21
USR00122,2026-05-07,42.72
USR00122,2026-05-06,45.68
USR00122,2026-05-05,50.05
USR00122,2026-05-04,45.0
USR00122,2026-05-03,49.99
USR00122,2026-05-02,38.26
USR00122,2026-05-01,54.16
USR00122,2026-04-30,48.43
USR00122,2026-04-29,44.6
USR00122,2026-04-28,49.91
USR00122,2026-04-27,38.58
USR00122,2026-04-26,42.42
USR00122,2026-04-25,49.99
USR00122,2026-04-24,35.53
USR00122,2026-04-23,46.13
USR00123,2026-05-22,48.86
USR00123,2026-05-21,34.36
USR00123,2026-05-20,47.39
USR00123,2026-05-19,38.53
USR00123,2026-05-18,38.99
USR00123,2026-05-17,35.83
USR00123,2026-05-16,36.38
USR00123,2026-05-15,42.47
USR00123,2026-05-14,36.28
USR00123,2026-05-13,43.84
USR00123,2026-05-12,38.11
USR00123,2026-05-11,35.87
USR00123,2026-05-10,38.66
USR00123,2026-05-09,42.19
USR00123,2026-05-08,39.69
USR00123,2026-05-07,40.96
USR00123,2026-05-06,43.66
USR00123,2026-05-05,45.24
USR00123,2026-05-04,39.55
USR00123,2026-05-03,36.56
USR00123,2026-05-02,41.13
USR00123,2026-05-01,42.74
USR00123,2026-04-30,34.86
USR00123,2026-04-29,37.18
USR00123,2026-04-28,37.88
USR00123,2026-04-27,39.97
USR00123,2026-04-26,37.71
USR00123,2026-04-25,43.7
USR00123,2026-04-24,34.27
USR00123,2026-04-23,34.37
USR00124,2026-05-22,227.2
USR00124,2026-05-21,197.62
USR00124,2026-05-20,217.23
USR00124,2026-05-19,221.98
USR00124,2026-05-18,222.16
USR00124,2026-05-17,234.77
USR00124,2026-05-16,215.96
USR00124,2026-05-15,265.43
USR00124,2026-05-14,242.55
USR00124,2026-05-13,212.59
USR00124,2026-05-12,233.44
USR00124,2026-05-11,234.13
USR00124,2026-05-10,259.35
USR00124,2026-05-09,217.37
USR00124,2026-05-08,249.0
USR00124,2026-05-07,232.23
USR00124,2026-05-06,265.75
USR00124,2026-05-05,261.11
USR00124,2026-05-04,235.81
USR00124,2026-05-03,225.19
USR00124,2026-05-02,242.97
USR00124,2026-05-01,227.08
USR00124,2026-04-30,270.12
USR00124,2026-04-29,233.07
USR00124,2026-04-28,221.88
USR00124,2026-04-27,220.63
USR00124,2026-04-26,203.21
USR00124,2026-04-25,244.13
USR00124,2026-04-24,212.29
USR00124,2026-04-23,256.65
USR00125,2026-05-22,36.81
USR00125,2026-05-21,40.53
USR00125,2026-05-20,28.53
USR00125,2026-05-19,43.68
USR00125,2026-05-18,34.8
USR00125,2026-05-17,36.86
USR00125,2026-05-16,38.43
USR00125,2026-05-15,38.99
USR00125,2026-05-14,37.34
USR00125,2026-05-13,39.97
USR00125,2026-05-12,38.24
USR00125,2026-05-11,42.75
USR00125,2026-05-10,38.25
USR00125,2026-05-09,43.49
USR00125,2026-05-08,39.62
USR00125,2026-05-07,29.78
USR00125,2026-05-06,45.84
USR00125,2026-05-05,34.26
USR00125,2026-05-04,41.78
USR00125,2026-05-03,36.45
USR00125,2026-05-02,40.21
USR00125,2026-05-01,33.85
USR00125,2026-04-30,38.62
USR00125,2026-04-29,35.43
USR00125,2026-04-28,42.09
USR00125,2026-04-27,37.94
USR00125,2026-04-26,39.75
USR00125,2026-04-25,28.48
USR00125,2026-04-24,36.04
USR00125,2026-04-23,37.84
USR00126,2026-05-22,442.87
USR00126,2026-05-21,389.26
USR00126,2026-05-20,406.01
USR00126,2026-05-19,451.77
USR00126,2026-05-18,311.97
USR00126,2026-05-17,427.85
USR00126,2026-05-16,390.55
USR00126,2026-05-15,367.18
USR00126,2026-05-14,417.64
USR00126,2026-05-13,453.63
USR00126,2026-05-12,446.03
USR00126,2026-05-11,398.58
USR00126,2026-05-10,439.42
USR00126,2026-05-09,439.11
USR00126,2026-05-08,400.51
USR00126,2026-05-07,376.04
USR00126,2026-05-06,378.37
USR00126,2026-05-05,437.89
USR00126,2026-05-04,402.34
USR00126,2026-05-03,361.77
USR00126,2026-05-02,335.96
USR00126,2026-05-01,437.65
USR00126,2026-04-30,381.95
USR00126,2026-04-29,417.39
USR00126,2026-04-28,454.13
USR00126,2026-04-27,351.15
USR00126,2026-04-26,402.22
USR00126,2026-04-25,397.14
USR00126,2026-04-24,419.38
USR00126,2026-04-23,454.11
USR00127,2026-05-22,39.65
USR00127,2026-05-21,41.38
USR00127,2026-05-20,36.81
USR00127,2026-05-19,36.99
USR00127,2026-05-18,39.08
USR00127,2026-05-17,38.8
USR00127,2026-05-16,39.69
USR00127,2026-05-15,39.61
USR00127,2026-05-14,33.83
USR00127,2026-05-13,41.22
USR00127,2026-05-12,41.89
USR00127,2026-05-11,38.21
USR00127,2026-05-10,31.9
USR00127,2026-05-09,37.08
USR00127,2026-05-08,38.24
USR00127,2026-05-07,33.22
USR00127,2026-05-06,36.16
USR00127,2026-05-05,32.22
USR00127,2026-05-04,39.79
USR00127,2026-05-03,38.13
USR00127,2026-05-02,31.34
USR00127,2026-05-01,38.83
USR00127,2026-04-30,37.3
USR00127,2026-04-29,39.45
USR00127,2026-04-28,36.04
USR00127,2026-04-27,34.5
USR00127,2026-04-26,34.62
USR00127,2026-04-25,35.49
USR00127,2026-04-24,37.58
USR00127,2026-04-23,38.06
USR00128,2026-05-22,214.58
USR00128,2026-05-21,216.2
USR00128,2026-05-20,280.26
USR00128,2026-05-19,206.8
USR00128,2026-05-18,211.57
USR00128,2026-05-17,297.88
USR00128,2026-05-16,233.5
USR00128,2026-05-15,193.15
USR00128,2026-05-14,242.95
USR00128,2026-05-13,203.68
USR00128,2026-05-12,244.44
USR00128,2026-05-11,219.34
USR00128,2026-05-10,214.22
USR00128,2026-05-09,260.13
USR00128,2026-05-08,236.76
USR00128,2026-05-07,245.87
USR00128,2026-05-06,233.82
USR00128,2026-05-05,214.11
USR00128,2026-05-04,237.77
USR00128,2026-05-03,251.17
USR00128,2026-05-02,227.09
USR00128,2026-05-01,264.44
USR00128,2026-04-30,243.13
USR00128,2026-04-29,228.82
USR00128,2026-04-28,229.71
USR00128,2026-04-27,227.15
USR00128,2026-04-26,196.03
USR00128,2026-04-25,222.05
USR00128,2026-04-24,229.03
USR00128,2026-04-23,214.75
USR00129,2026-05-22,15.72
USR00129,2026-05-21,16.9
USR00129,2026-05-20,16.72
USR00129,2026-05-19,15.94
USR00129,2026-05-18,13.54
USR00129,2026-05-17,18.49
USR00129,2026-05-16,15.46
USR00129,2026-05-15,15.56
USR00129,2026-05-14,15.15
USR00129,2026-05-13,14.92
USR00129,2026-05-12,18.1
USR00129,2026-05-11,17.86
USR00129,2026-05-10,16.38
USR00129,2026-05-09,15.51
USR00129,2026-05-08,16.65
USR00129,2026-05-07,15.8
USR00129,2026-05-06,15.38
USR00129,2026-05-05,16.21
USR00129,2026-05-04,14.99
USR00129,2026-05-03,16.08
USR00129,2026-05-02,16.0
USR00129,2026-05-01,16.63
USR00129,2026-04-30,14.71
USR00129,2026-04-29,16.8
USR00129,2026-04-28,14.26
USR00129,2026-04-27,14.78
USR00129,2026-04-26,14.85
USR00129,2026-04-25,14.0
USR00129,2026-04-24,17.28
USR00129,2026-04-23,14.16
USR00130,2026-05-22,31.22
USR00130,2026-05-21,26.16
USR00130,2026-05-20,27.22
USR00130,2026-05-19,24.93
USR00130,2026-05-18,30.05
USR00130,2026-05-17,30.09
USR00130,2026-05-16,29.79
USR00130,2026-05-15,29.23
USR00130,2026-05-14,27.94
USR00130,2026-05-13,26.28
USR00130,2026-05-12,25.48
USR00130,2026-05-11,31.32
USR00130,2026-05-10,29.86
USR00130,2026-05-09,25.82
USR00130,2026-05-08,27.85
USR00130,2026-05-07,26.91
USR00130,2026-05-06,24.61
USR00130,2026-05-05,28.23
USR00130,2026-05-04,26.59
USR00130,2026-05-03,25.1
USR00130,2026-05-02,23.64
USR00130,2026-05-01,23.4
USR00130,2026-04-30,26.71
USR00130,2026-04-29,27.5
USR00130,2026-04-28,25.31
USR00130,2026-04-27,29.54
USR00130,2026-04-26,27.56
USR00130,2026-04-25,29.34
USR00130,2026-04-24,27.23
USR00130,2026-04-23,25.56
USR00131,2026-05-22,49.06
USR00131,2026-05-21,59.18
USR00131,2026-05-20,50.89
USR00131,2026-05-19,61.31
USR00131,2026-05-18,54.25
USR00131,2026-05-17,62.12
USR00131,2026-05-16,49.85
USR00131,2026-05-15,52.35
USR00131,2026-05-14,58.29
USR00131,2026-05-13,62.73
USR00131,2026-05-12,65.51
USR00131,2026-05-11,56.39
USR00131,2026-05-10,66.48
USR00131,2026-05-09,54.53
USR00131,2026-05-08,62.33
USR00131,2026-05-07,50.86
USR00131,2026-05-06,58.52
USR00131,2026-05-05,43.01
USR00131,2026-05-04,49.86
USR00131,2026-05-03,58.78
USR00131,2026-05-02,48.79
USR00131,2026-05-01,58.55
USR00131,2026-04-30,61.25
USR00131,2026-04-29,53.34
USR00131,2026-04-28,50.71
USR00131,2026-04-27,53.49
USR00131,2026-04-26,50.73
USR00131,2026-04-25,55.59
USR00131,2026-04-24,56.73
USR00131,2026-04-23,54.44
USR00132,2026-05-22,83.79
USR00132,2026-05-21,102.85
USR00132,2026-05-20,80.88
USR00132,2026-05-19,90.94
USR00132,2026-05-18,100.97
USR00132,2026-05-17,100.5
USR00132,2026-05-16,86.49
USR00132,2026-05-15,95.29
USR00132,2026-05-14,94.09
USR00132,2026-05-13,85.41
USR00132,2026-05-12,95.84
USR00132,2026-05-11,107.1
USR00132,2026-05-10,94.54
USR00132,2026-05-09,95.4
USR00132,2026-05-08,96.35
USR00132,2026-05-07,77.09
USR00132,2026-05-06,94.44
USR00132,2026-05-05,81.1
USR00132,2026-05-04,84.96
USR00132,2026-05-03,109.8
USR00132,2026-05-02,88.0
USR00132,2026-05-01,83.6
USR00132,2026-04-30,100.69
USR00132,2026-04-29,81.73
USR00132,2026-04-28,86.24
USR00132,2026-04-27,101.56
USR00132,2026-04-26,90.67
USR00132,2026-04-25,76.18
USR00132,2026-04-24,95.19
USR00132,2026-04-23,86.7
USR00133,2026-05-22,299.79
USR00133,2026-05-21,352.68
USR00133,2026-05-20,375.8
USR00133,2026-05-19,291.98
USR00133,2026-05-18,312.97
USR00133,2026-05-17,331.54
USR00133,2026-05-16,291.78
USR00133,2026-05-15,327.76
USR00133,2026-05-14,311.96
USR00133,2026-05-13,311.32
USR00133,2026-05-12,320.7
USR00133,2026-05-11,321.41
USR00133,2026-05-10,324.37
USR00133,2026-05-09,300.03
USR00133,2026-05-08,301.42
USR00133,2026-05-07,315.35
USR00133,2026-05-06,317.71
USR00133,2026-05-05,305.13
USR00133,2026-05-04,329.47
USR00133,2026-05-03,261.22
USR00133,2026-05-02,295.82
USR00133,2026-05-01,310.2
USR00133,2026-04-30,291.81
USR00133,2026-04-29,371.13
USR00133,2026-04-28,319.74
USR00133,2026-04-27,324.78
USR00133,2026-04-26,303.71
USR00133,2026-04-25,318.63
USR00133,2026-04-24,280.35
USR00133,2026-04-23,313.72
USR00134,2026-05-22,22.66
USR00134,2026-05-21,17.34
USR00134,2026-05-20,20.67
USR00134,2026-05-19,26.71
USR00134,2026-05-18,25.24
USR00134,2026-05-17,26.38
USR00134,2026-05-16,26.54
USR00134,2026-05-15,24.87
USR00134,2026-05-14,22.25
USR00134,2026-05-13,20.88
USR00134,2026-05-12,25.97
USR00134,2026-05-11,23.45
USR00134,2026-05-10,29.11
USR00134,2026-05-09,22.45
USR00134,2026-05-08,27.9
USR00134,2026-05-07,22.94
USR00134,2026-05-06,26.42
USR00134,2026-05-05,27.26
USR00134,2026-05-04,20.92
USR00134,2026-05-03,22.17
USR00134,2026-05-02,20.89
USR00134,2026-05-01,20.44
USR00134,2026-04-30,24.86
USR00134,2026-04-29,22.84
USR00134,2026-04-28,23.42
USR00134,2026-04-27,24.6
USR00134,2026-04-26,18.97
USR00134,2026-04-25,26.3
USR00134,2026-04-24,22.49
USR00134,2026-04-23,24.54
USR00135,2026-05-22,20.48
USR00135,2026-05-21,17.83
USR00135,2026-05-20,14.19
USR00135,2026-05-19,18.12
USR00135,2026-05-18,18.38
USR00135,2026-05-17,16.15
USR00135,2026-05-16,18.28
USR00135,2026-05-15,17.36
USR00135,2026-05-14,15.6
USR00135,2026-05-13,19.22
USR00135,2026-05-12,17.0
USR00135,2026-05-11,17.28
USR00135,2026-05-10,17.18
USR00135,2026-05-09,20.24
USR00135,2026-05-08,17.94
USR00135,2026-05-07,18.16
USR00135,2026-05-06,17.22
USR00135,2026-05-05,18.85
USR00135,2026-05-04,20.45
USR00135,2026-05-03,19.18
USR00135,2026-05-02,19.25
USR00135,2026-05-01,19.11
USR00135,2026-04-30,15.53
USR00135,2026-04-29,16.44
USR00135,2026-04-28,17.65
USR00135,2026-04-27,16.71
USR00135,2026-04-26,16.1
USR00135,2026-04-25,14.64
USR00135,2026-04-24,15.59
USR00135,2026-04-23,17.55
USR00136,2026-05-22,412.23
USR00136,2026-05-21,451.27
USR00136,2026-05-20,428.32
USR00136,2026-05-19,496.57
USR00136,2026-05-18,440.5
USR00136,2026-05-17,478.92
USR00136,2026-05-16,456.84
USR00136,2026-05-15,384.96
USR00136,2026-05-14,443.68
USR00136,2026-05-13,392.42
USR00136,2026-05-12,442.9
USR00136,2026-05-11,414.38
USR00136,2026-05-10,464.84
USR00136,2026-05-09,387.64
USR00136,2026-05-08,448.4
USR00136,2026-05-07,473.37
USR00136,2026-05-06,488.38
USR00136,2026-05-05,413.53
USR00136,2026-05-04,448.53
USR00136,2026-05-03,455.98
USR00136,2026-05-02,517.01
USR00136,2026-05-01,381.41
USR00136,2026-04-30,406.95
USR00136,2026-04-29,573.31
USR00136,2026-04-28,435.51
USR00136,2026-04-27,363.07
USR00136,2026-04-26,421.66
USR00136,2026-04-25,323.77
USR00136,2026-04-24,458.53
USR00136,2026-04-23,484.0
USR00137,2026-05-22,34.09
USR00137,2026-05-21,39.08
USR00137,2026-05-20,29.52
USR00137,2026-05-19,31.05
USR00137,2026-05-18,34.96
USR00137,2026-05-17,33.09
USR00137,2026-05-16,34.73
USR00137,2026-05-15,31.26
USR00137,2026-05-14,36.54
USR00137,2026-05-13,35.24
USR00137,2026-05-12,37.74
USR00137,2026-05-11,36.49
USR00137,2026-05-10,36.52
USR00137,2026-05-09,30.6
USR00137,2026-05-08,37.54
USR00137,2026-05-07,34.59
USR00137,2026-05-06,35.18
USR00137,2026-05-05,39.53
USR00137,2026-05-04,33.2
USR00137,2026-05-03,40.61
USR00137,2026-05-02,40.95
USR00137,2026-05-01,38.47
USR00137,2026-04-30,32.27
USR00137,2026-04-29,27.96
USR00137,2026-04-28,39.64
USR00137,2026-04-27,36.18
USR00137,2026-04-26,33.11
USR00137,2026-04-25,39.98
USR00137,2026-04-24,32.7
USR00137,2026-04-23,34.26
USR00138,2026-05-22,64.0
USR00138,2026-05-21,71.23
USR00138,2026-05-20,79.86
USR00138,2026-05-19,73.54
USR00138,2026-05-18,81.0
USR00138,2026-05-17,80.18
USR00138,2026-05-16,72.08
USR00138,2026-05-15,55.19
USR00138,2026-05-14,64.06
USR00138,2026-05-13,77.52
USR00138,2026-05-12,60.86
USR00138,2026-05-11,69.67
USR00138,2026-05-10,74.46
USR00138,2026-05-09,82.6
USR00138,2026-05-08,67.88
USR00138,2026-05-07,67.39
USR00138,2026-05-06,71.64
USR00138,2026-05-05,74.55
USR00138,2026-05-04,70.91
USR00138,2026-05-03,79.58
USR00138,2026-05-02,66.26
USR00138,2026-05-01,72.89
USR00138,2026-04-30,75.23
USR00138,2026-04-29,69.14
USR00138,2026-04-28,78.07
USR00138,2026-04-27,73.09
USR00138,2026-04-26,77.7
USR00138,2026-04-25,73.42
USR00138,2026-04-24,74.73
USR00138,2026-04-23,67.47
USR00139,2026-05-22,269.63
USR00139,2026-05-21,255.48
USR00139,2026-05-20,215.65
USR00139,2026-05-19,244.56
USR00139,2026-05-18,183.2
USR00139,2026-05-17,226.43
USR00139,2026-05-16,263.3
USR00139,2026-05-15,237.21
USR00139,2026-05-14,243.05
USR00139,2026-05-13,167.76
USR00139,2026-05-12,230.8
USR00139,2026-05-11,248.34
USR00139,2026-05-10,251.4
USR00139,2026-05-09,263.34
USR00139,2026-05-08,235.17
USR00139,2026-05-07,236.24
USR00139,2026-05-06,208.22
USR00139,2026-05-05,235.31
USR00139,2026-05-04,209.91
USR00139,2026-05-03,195.83
USR00139,2026-05-02,214.15
USR00139,2026-05-01,276.46
USR00139,2026-04-30,233.72
USR00139,2026-04-29,245.5
USR00139,2026-04-28,227.88
USR00139,2026-04-27,197.21
USR00139,2026-04-26,262.71
USR00139,2026-04-25,188.04
USR00139,2026-04-24,226.89
USR00139,2026-04-23,238.91
USR00140,2026-05-22,20.03
USR00140,2026-05-21,17.63
USR00140,2026-05-20,19.87
USR00140,2026-05-19,19.98
USR00140,2026-05-18,19.93
USR00140,2026-05-17,23.7
USR00140,2026-05-16,18.98
USR00140,2026-05-15,22.25
USR00140,2026-05-14,21.94
USR00140,2026-05-13,23.68
USR00140,2026-05-12,21.31
USR00140,2026-05-11,23.31
USR00140,2026-05-10,21.23
USR00140,2026-05-09,22.54
USR00140,2026-05-08,18.35
USR00140,2026-05-07,15.9
USR00140,2026-05-06,22.42
USR00140,2026-05-05,22.53
USR00140,2026-05-04,22.63
USR00140,2026-05-03,20.47
USR00140,2026-05-02,24.82
USR00140,2026-05-01,20.61
USR00140,2026-04-30,22.51
USR00140,2026-04-29,22.89
USR00140,2026-04-28,25.31
USR00140,2026-04-27,20.92
USR00140,2026-04-26,20.19
USR00140,2026-04-25,18.36
USR00140,2026-04-24,24.95
USR00140,2026-04-23,22.51
USR00141,2026-05-22,27.76
USR00141,2026-05-21,21.85
USR00141,2026-05-20,18.41
USR00141,2026-05-19,20.75
USR00141,2026-05-18,19.1
USR00141,2026-05-17,20.32
USR00141,2026-05-16,20.31
USR00141,2026-05-15,19.92
USR00141,2026-05-14,18.21
USR00141,2026-05-13,24.53
USR00141,2026-05-12,21.8
USR00141,2026-05-11,20.69
USR00141,2026-05-10,22.77
USR00141,2026-05-09,22.16
USR00141,2026-05-08,21.75
USR00141,2026-05-07,22.61
USR00141,2026-05-06,21.45
USR00141,2026-05-05,22.58
USR00141,2026-05-04,22.76
USR00141,2026-05-03,21.51
USR00141,2026-05-02,20.7
USR00141,2026-05-01,24.4
USR00141,2026-04-30,20.15
USR00141,2026-04-29,21.99
USR00141,2026-04-28,22.04
USR00141,2026-04-27,19.87
USR00141,2026-04-26,19.45
USR00141,2026-04-25,20.41
USR00141,2026-04-24,20.12
USR00141,2026-04-23,18.08
USR00142,2026-05-22,22.97
USR00142,2026-05-21,25.21
USR00142,2026-05-20,23.62
USR00142,2026-05-19,16.56
USR00142,2026-05-18,23.81
USR00142,2026-05-17,21.13
USR00142,2026-05-16,23.39
USR00142,2026-05-15,22.34
USR00142,2026-05-14,21.94
USR00142,2026-05-13,22.15
USR00142,2026-05-12,22.33
USR00142,2026-05-11,25.38
USR00142,2026-05-10,22.33
USR00142,2026-05-09,24.8
USR00142,2026-05-08,24.48
USR00142,2026-05-07,23.87
USR00142,2026-05-06,18.38
USR00142,2026-05-05,24.87
USR00142,2026-05-04,21.35
USR00142,2026-05-03,23.98
USR00142,2026-05-02,20.2
USR00142,2026-05-01,19.72
USR00142,2026-04-30,26.8
USR00142,2026-04-29,20.23
USR00142,2026-04-28,24.94
USR00142,2026-04-27,22.64
USR00142,2026-04-26,21.44
USR00142,2026-04-25,22.28
USR00142,2026-04-24,19.46
USR00142,2026-04-23,22.34
USR00143,2026-05-22,46.42
USR00143,2026-05-21,52.8
USR00143,2026-05-20,49.55
USR00143,2026-05-19,41.16
USR00143,2026-05-18,52.44
USR00143,2026-05-17,48.29
USR00143,2026-05-16,45.71
USR00143,2026-05-15,51.93
USR00143,2026-05-14,47.52
USR00143,2026-05-13,42.69
USR00143,2026-05-12,57.26
USR00143,2026-05-11,48.24
USR00143,2026-05-10,47.93
USR00143,2026-05-09,46.37
USR00143,2026-05-08,54.03
USR00143,2026-05-07,45.79
USR00143,2026-05-06,40.86
USR00143,2026-05-05,45.05
USR00143,2026-05-04,54.74
USR00143,2026-05-03,52.35
USR00143,2026-05-02,47.09
USR00143,2026-05-01,54.96
USR00143,2026-04-30,51.94
USR00143,2026-04-29,47.04
USR00143,2026-04-28,47.52
USR00143,2026-04-27,49.92
USR00143,2026-04-26,44.31
USR00143,2026-04-25,48.35
USR00143,2026-04-24,49.82
USR00143,2026-04-23,40.17
USR00144,2026-05-22,27.73
USR00144,2026-05-21,31.54
USR00144,2026-05-20,23.32
USR00144,2026-05-19,27.51
USR00144,2026-05-18,27.22
USR00144,2026-05-17,31.34
USR00144,2026-05-16,28.47
USR00144,2026-05-15,33.73
USR00144,2026-05-14,30.49
USR00144,2026-05-13,27.42
USR00144,2026-05-12,29.28
USR00144,2026-05-11,27.58
USR00144,2026-05-10,31.05
USR00144,2026-05-09,24.79
USR00144,2026-05-08,26.24
USR00144,2026-05-07,29.9
USR00144,2026-05-06,32.1
USR00144,2026-05-05,22.3
USR00144,2026-05-04,32.53
USR00144,2026-05-03,28.2
USR00144,2026-05-02,23.21
USR00144,2026-05-01,20.01
USR00144,2026-04-30,24.22
USR00144,2026-04-29,28.54
USR00144,2026-04-28,28.41
USR00144,2026-04-27,30.41
USR00144,2026-04-26,27.02
USR00144,2026-04-25,25.43
USR00144,2026-04-24,27.42
USR00144,2026-04-23,28.69
USR00145,2026-05-22,164.75
USR00145,2026-05-21,194.99
USR00145,2026-05-20,167.75
USR00145,2026-05-19,163.31
USR00145,2026-05-18,169.16
USR00145,2026-05-17,198.09
USR00145,2026-05-16,176.49
USR00145,2026-05-15,166.44
USR00145,2026-05-14,195.43
USR00145,2026-05-13,217.19
USR00145,2026-05-12,182.61
USR00145,2026-05-11,200.93
USR00145,2026-05-10,197.39
USR00145,2026-05-09,168.03
USR00145,2026-05-08,179.34
USR00145,2026-05-07,155.92
USR00145,2026-05-06,175.2
USR00145,2026-05-05,167.66
USR00145,2026-05-04,171.66
USR00145,2026-05-03,165.45
USR00145,2026-05-02,173.73
USR00145,2026-05-01,188.38
USR00145,2026-04-30,176.72
USR00145,2026-04-29,145.52
USR00145,2026-04-28,165.52
USR00145,2026-04-27,151.69
USR00145,2026-04-26,183.23
USR00145,2026-04-25,187.86
USR00145,2026-04-24,183.45
USR00145,2026-04-23,164.78
USR00146,2026-05-22,164.88
USR00146,2026-05-21,153.32
USR00146,2026-05-20,185.85
USR00146,2026-05-19,187.17
USR00146,2026-05-18,189.43
USR00146,2026-05-17,162.49
USR00146,2026-05-16,193.42
USR00146,2026-05-15,164.47
USR00146,2026-05-14,184.32
USR00146,2026-05-13,164.17
USR00146,2026-05-12,169.14
USR00146,2026-05-11,131.12
USR00146,2026-05-10,167.79
USR00146,2026-05-09,174.59
USR00146,2026-05-08,165.92
USR00146,2026-05-07,203.4
USR00146,2026-05-06,152.9
USR00146,2026-05-05,163.26
USR00146,2026-05-04,157.36
USR00146,2026-05-03,163.26
USR00146,2026-05-02,190.86
USR00146,2026-05-01,198.59
USR00146,2026-04-30,160.89
USR00146,2026-04-29,160.51
USR00146,2026-04-28,152.99
USR00146,2026-04-27,195.61
USR00146,2026-04-26,192.41
USR00146,2026-04-25,171.18
USR00146,2026-04-24,148.86
USR00146,2026-04-23,150.41
USR00147,2026-05-22,9.25
USR00147,2026-05-21,6.96
USR00147,2026-05-20,8.49
USR00147,2026-05-19,10.19
USR00147,2026-05-18,8.58
USR00147,2026-05-17,10.07
USR00147,2026-05-16,9.34
USR00147,2026-05-15,7.82
USR00147,2026-05-14,8.51
USR00147,2026-05-13,8.65
USR00147,2026-05-12,7.93
USR00147,2026-05-11,7.92
USR00147,2026-05-10,10.09
USR00147,2026-05-09,7.91
USR00147,2026-05-08,9.71
USR00147,2026-05-07,8.38
USR00147,2026-05-06,8.74
USR00147,2026-05-05,9.26
USR00147,2026-05-04,8.24
USR00147,2026-05-03,9.27
USR00147,2026-05-02,6.97
USR00147,2026-05-01,9.15
USR00147,2026-04-30,6.6
USR00147,2026-04-29,8.57
USR00147,2026-04-28,9.52
USR00147,2026-04-27,9.31
USR00147,2026-04-26,7.63
USR00147,2026-04-25,7.74
USR00147,2026-04-24,8.16
USR00147,2026-04-23,8.93
USR00148,2026-05-22,30.63
USR00148,2026-05-21,31.62
USR00148,2026-05-20,29.8
USR00148,2026-05-19,32.28
USR00148,2026-05-18,31.36
USR00148,2026-05-17,29.01
USR00148,2026-05-16,24.73
USR00148,2026-05-15,31.08
USR00148,2026-05-14,27.75
USR00148,2026-05-13,28.9
USR00148,2026-05-12,32.14
USR00148,2026-05-11,35.02
USR00148,2026-05-10,30.55
USR00148,2026-05-09,32.37
USR00148,2026-05-08,26.24
USR00148,2026-05-07,31.42
USR00148,2026-05-06,30.49
USR00148,2026-05-05,34.44
USR00148,2026-05-04,29.01
USR00148,2026-05-03,29.93
USR00148,2026-05-02,33.92
USR00148,2026-05-01,30.39
USR00148,2026-04-30,27.27
USR00148,2026-04-29,38.5
USR00148,2026-04-28,27.36
USR00148,2026-04-27,30.47
USR00148,2026-04-26,31.73
USR00148,2026-04-25,31.49
USR00148,2026-04-24,30.09
USR00148,2026-04-23,30.1
USR00149,2026-05-22,404.04
USR00149,2026-05-21,552.58
USR00149,2026-05-20,444.78
USR00149,2026-05-19,481.94
USR00149,2026-05-18,439.57
USR00149,2026-05-17,438.65
USR00149,2026-05-16,434.08
USR00149,2026-05-15,384.3
USR00149,2026-05-14,447.48
USR00149,2026-05-13,436.28
USR00149,2026-05-12,508.07
USR00149,2026-05-11,400.36
USR00149,2026-05-10,428.54
USR00149,2026-05-09,413.93
USR00149,2026-05-08,520.39
USR00149,2026-05-07,415.25
USR00149,2026-05-06,480.36
USR00149,2026-05-05,498.91
USR00149,2026-05-04,448.14
USR00149,2026-05-03,392.17
USR00149,2026-05-02,392.75
USR00149,2026-05-01,493.89
USR00149,2026-04-30,397.46
USR00149,2026-04-29,472.62
USR00149,2026-04-28,459.99
USR00149,2026-04-27,471.94
USR00149,2026-04-26,476.24
USR00149,2026-04-25,412.33
USR00149,2026-04-24,410.42
USR00149,2026-04-23,487.3
USR00150,2026-05-22,30.68
USR00150,2026-05-21,45.07
USR00150,2026-05-20,37.94
USR00150,2026-05-19,44.3
USR00150,2026-05-18,48.22
USR00150,2026-05-17,42.39
USR00150,2026-05-16,46.54
USR00150,2026-05-15,42.97
USR00150,2026-05-14,49.04
USR00150,2026-05-13,37.83
USR00150,2026-05-12,42.29
USR00150,2026-05-11,45.17
USR00150,2026-05-10,41.52
USR00150,2026-05-09,47.2
USR00150,2026-05-08,40.5
USR00150,2026-05-07,51.08
USR00150,2026-05-06,51.31
USR00150,2026-05-05,43.52
USR00150,2026-05-04,44.66
USR00150,2026-05-03,47.37
USR00150,2026-05-02,37.3
USR00150,2026-05-01,36.77
USR00150,2026-04-30,47.64
USR00150,2026-04-29,43.48
USR00150,2026-04-28,41.37
USR00150,2026-04-27,42.37
USR00150,2026-04-26,32.23
USR00150,2026-04-25,41.52
USR00150,2026-04-24,39.14
USR00150,2026-04-23,46.21
USR00151,2026-05-22,44.61
USR00151,2026-05-21,43.85
USR00151,2026-05-20,35.87
USR00151,2026-05-19,44.67
USR00151,2026-05-18,44.84
USR00151,2026-05-17,47.43
USR00151,2026-05-16,51.12
USR00151,2026-05-15,35.04
USR00151,2026-05-14,40.54
USR00151,2026-05-13,39.05
USR00151,2026-05-12,42.91
USR00151,2026-05-11,42.24
USR00151,2026-05-10,41.19
USR00151,2026-05-09,46.52
USR00151,2026-05-08,37.54
USR00151,2026-05-07,37.79
USR00151,2026-05-06,37.86
USR00151,2026-05-05,40.66
USR00151,2026-05-04,37.0
USR00151,2026-05-03,41.98
USR00151,2026-05-02,41.48
USR00151,2026-05-01,38.86
USR00151,2026-04-30,45.87
USR00151,2026-04-29,41.93
USR00151,2026-04-28,46.66
USR00151,2026-04-27,41.36
USR00151,2026-04-26,42.08
USR00151,2026-04-25,39.81
USR00151,2026-04-24,42.15
USR00151,2026-04-23,45.19
USR00152,2026-05-22,23.53
USR00152,2026-05-21,20.55
USR00152,2026-05-20,24.06
USR00152,2026-05-19,21.07
USR00152,2026-05-18,24.27
USR00152,2026-05-17,22.5
USR00152,2026-05-16,25.77
USR00152,2026-05-15,19.79
USR00152,2026-05-14,19.06
USR00152,2026-05-13,20.99
USR00152,2026-05-12,19.27
USR00152,2026-05-11,19.27
USR00152,2026-05-10,23.76
USR00152,2026-05-09,22.36
USR00152,2026-05-08,21.29
USR00152,2026-05-07,21.5
USR00152,2026-05-06,21.03
USR00152,2026-05-05,26.06
USR00152,2026-05-04,20.72
USR00152,2026-05-03,19.41
USR00152,2026-05-02,24.15
USR00152,2026-05-01,21.88
USR00152,2026-04-30,26.93
USR00152,2026-04-29,21.19
USR00152,2026-04-28,24.26
USR00152,2026-04-27,24.79
USR00152,2026-04-26,21.2
USR00152,2026-04-25,20.7
USR00152,2026-04-24,24.02
USR00152,2026-04-23,23.65
USR00153,2026-05-22,9.43
USR00153,2026-05-21,7.93
USR00153,2026-05-20,11.26
USR00153,2026-05-19,10.35
USR00153,2026-05-18,10.45
USR00153,2026-05-17,8.83
USR00153,2026-05-16,9.46
USR00153,2026-05-15,10.12
USR00153,2026-05-14,9.91
USR00153,2026-05-13,10.75
USR00153,2026-05-12,11.24
USR00153,2026-05-11,13.04
USR00153,2026-05-10,10.6
USR00153,2026-05-09,11.81
USR00153,2026-05-08,9.74
USR00153,2026-05-07,8.85
USR00153,2026-05-06,10.25
USR00153,2026-05-05,8.93
USR00153,2026-05-04,10.64
USR00153,2026-05-03,9.8
USR00153,2026-05-02,8.55
USR00153,2026-05-01,12.47
USR00153,2026-04-30,10.05
USR00153,2026-04-29,8.88
USR00153,2026-04-28,11.58
USR00153,2026-04-27,9.85
USR00153,2026-04-26,11.78
USR00153,2026-04-25,9.85
USR00153,2026-04-24,10.05
USR00153,2026-04-23,10.99
USR00154,2026-05-22,441.65
USR00154,2026-05-21,406.45
USR00154,2026-05-20,431.81
USR00154,2026-05-19,440.71
USR00154,2026-05-18,418.35
USR00154,2026-05-17,404.28
USR00154,2026-05-16,350.85
USR00154,2026-05-15,434.7
USR00154,2026-05-14,411.86
USR00154,2026-05-13,393.16
USR00154,2026-05-12,462.53
USR00154,2026-05-11,351.57
USR00154,2026-05-10,477.55
USR00154,2026-05-09,409.21
USR00154,2026-05-08,423.15
USR00154,2026-05-07,393.93
USR00154,2026-05-06,341.76
USR00154,2026-05-05,404.4
USR00154,2026-05-04,423.86
USR00154,2026-05-03,437.86
USR00154,2026-05-02,402.01
USR00154,2026-05-01,320.21
USR00154,2026-04-30,346.9
USR00154,2026-04-29,494.29
USR00154,2026-04-28,365.32
USR00154,2026-04-27,468.65
USR00154,2026-04-26,371.82
USR00154,2026-04-25,402.64
USR00154,2026-04-24,435.77
USR00154,2026-04-23,376.49
USR00155,2026-05-22,12.77
USR00155,2026-05-21,13.26
USR00155,2026-05-20,12.33
USR00155,2026-05-19,13.51
USR00155,2026-05-18,14.67
USR00155,2026-05-17,12.51
USR00155,2026-05-16,14.86
USR00155,2026-05-15,11.9
USR00155,2026-05-14,13.64
USR00155,2026-05-13,13.29
USR00155,2026-05-12,11.32
USR00155,2026-05-11,12.94
USR00155,2026-05-10,12.68
USR00155,2026-05-09,11.59
USR00155,2026-05-08,13.13
USR00155,2026-05-07,12.86
USR00155,2026-05-06,12.58
USR00155,2026-05-05,12.59
USR00155,2026-05-04,12.56
USR00155,2026-05-03,12.21
USR00155,2026-05-02,12.85
USR00155,2026-05-01,11.86
USR00155,2026-04-30,16.04
USR00155,2026-04-29,10.89
USR00155,2026-04-28,11.93
USR00155,2026-04-27,12.03
USR00155,2026-04-26,15.26
USR00155,2026-04-25,11.0
USR00155,2026-04-24,13.21
USR00155,2026-04-23,12.99
USR00156,2026-05-22,0.0
USR00156,2026-05-21,0.0
USR00156,2026-05-20,0.0
USR00156,2026-05-19,0.0
USR00156,2026-05-18,0.0
USR00156,2026-05-17,27.19
USR00156,2026-05-16,0.0
USR00156,2026-05-15,0.0
USR00156,2026-05-14,0.0
USR00156,2026-05-13,0.0
USR00156,2026-05-12,0.0
USR00156,2026-05-11,0.0
USR00156,2026-05-10,24.63
USR00156,2026-05-09,28.5
USR00156,2026-05-08,0.0
USR00156,2026-05-07,0.0
USR00156,2026-05-06,0.0
USR00156,2026-05-05,0.0
USR00156,2026-05-04,0.0
USR00156,2026-05-03,0.0
USR00156,2026-05-02,0.0
USR00156,2026-05-01,0.0
USR00156,2026-04-30,0.0
USR00156,2026-04-29,0.0
USR00156,2026-04-28,0.0
USR00156,2026-04-27,0.0
USR00156,2026-04-26,0.0
USR00156,2026-04-25,0.0
USR00156,2026-04-24,0.0
USR00156,2026-04-23,0.0
USR00157,2026-05-22,374.08
USR00157,2026-05-21,288.86
USR00157,2026-05-20,340.47
USR00157,2026-05-19,297.26
USR00157,2026-05-18,354.55
USR00157,2026-05-17,401.65
USR00157,2026-05-16,328.64
USR00157,2026-05-15,349.39
USR00157,2026-05-14,371.1
USR00157,2026-05-13,273.66
USR00157,2026-05-12,326.99
USR00157,2026-05-11,357.58
USR00157,2026-05-10,245.05
USR00157,2026-05-09,311.3
USR00157,2026-05-08,382.98
USR00157,2026-05-07,379.6
USR00157,2026-05-06,357.91
USR00157,2026-05-05,375.44
USR00157,2026-05-04,352.42
USR00157,2026-05-03,364.16
USR00157,2026-05-02,334.11
USR00157,2026-05-01,349.0
USR00157,2026-04-30,323.18
USR00157,2026-04-29,388.59
USR00157,2026-04-28,397.49
USR00157,2026-04-27,392.61
USR00157,2026-04-26,330.92
USR00157,2026-04-25,312.09
USR00157,2026-04-24,389.06
USR00157,2026-04-23,363.76
USR00158,2026-05-22,395.62
USR00158,2026-05-21,440.36
USR00158,2026-05-20,376.54
USR00158,2026-05-19,449.16
USR00158,2026-05-18,480.62
USR00158,2026-05-17,491.27
USR00158,2026-05-16,452.31
USR00158,2026-05-15,364.01
USR00158,2026-05-14,430.71
USR00158,2026-05-13,512.76
USR00158,2026-05-12,385.69
USR00158,2026-05-11,419.88
USR00158,2026-05-10,482.08
USR00158,2026-05-09,448.45
USR00158,2026-05-08,527.14
USR00158,2026-05-07,391.42
USR00158,2026-05-06,380.57
USR00158,2026-05-05,474.08
USR00158,2026-05-04,371.87
USR00158,2026-05-03,414.07
USR00158,2026-05-02,419.61
USR00158,2026-05-01,466.14
USR00158,2026-04-30,448.32
USR00158,2026-04-29,441.68
USR00158,2026-04-28,405.38
USR00158,2026-04-27,473.7
USR00158,2026-04-26,592.42
USR00158,2026-04-25,451.58
USR00158,2026-04-24,426.59
USR00158,2026-04-23,367.56
USR00159,2026-05-22,231.72
USR00159,2026-05-21,224.12
USR00159,2026-05-20,236.4
USR00159,2026-05-19,278.88
USR00159,2026-05-18,266.31
USR00159,2026-05-17,233.02
USR00159,2026-05-16,208.17
USR00159,2026-05-15,268.44
USR00159,2026-05-14,235.62
USR00159,2026-05-13,195.9
USR00159,2026-05-12,253.65
USR00159,2026-05-11,261.06
USR00159,2026-05-10,179.34
USR00159,2026-05-09,217.25
USR00159,2026-05-08,234.16
USR00159,2026-05-07,254.17
USR00159,2026-05-06,224.57
USR00159,2026-05-05,217.07
USR00159,2026-05-04,254.0
USR00159,2026-05-03,225.69
USR00159,2026-05-02,249.61
USR00159,2026-05-01,210.46
USR00159,2026-04-30,204.76
USR00159,2026-04-29,254.66
USR00159,2026-04-28,242.76
USR00159,2026-04-27,258.62
USR00159,2026-04-26,224.17
USR00159,2026-04-25,217.95
USR00159,2026-04-24,269.0
USR00159,2026-04-23,200.72
USR00160,2026-05-22,40.27
USR00160,2026-05-21,38.63
USR00160,2026-05-20,33.12
USR00160,2026-05-19,32.67
USR00160,2026-05-18,34.82
USR00160,2026-05-17,30.96
USR00160,2026-05-16,32.15
USR00160,2026-05-15,37.86
USR00160,2026-05-14,37.88
USR00160,2026-05-13,31.84
USR00160,2026-05-12,37.97
USR00160,2026-05-11,37.19
USR00160,2026-05-10,40.94
USR00160,2026-05-09,37.59
USR00160,2026-05-08,39.34
USR00160,2026-05-07,37.27
USR00160,2026-05-06,39.06
USR00160,2026-05-05,30.99
USR00160,2026-05-04,35.14
USR00160,2026-05-03,35.43
USR00160,2026-05-02,34.7
USR00160,2026-05-01,37.15
USR00160,2026-04-30,37.83
USR00160,2026-04-29,36.96
USR00160,2026-04-28,34.94
USR00160,2026-04-27,32.95
USR00160,2026-04-26,39.47
USR00160,2026-04-25,36.81
USR00160,2026-04-24,31.95
USR00160,2026-04-23,34.88
USR00161,2026-05-22,7.57
USR00161,2026-05-21,7.4
USR00161,2026-05-20,7.11
USR00161,2026-05-19,8.74
USR00161,2026-05-18,6.67
USR00161,2026-05-17,8.08
USR00161,2026-05-16,9.19
USR00161,2026-05-15,8.36
USR00161,2026-05-14,7.52
USR00161,2026-05-13,6.69
USR00161,2026-05-12,6.52
USR00161,2026-05-11,7.23
USR00161,2026-05-10,7.03
USR00161,2026-05-09,7.0
USR00161,2026-05-08,7.3
USR00161,2026-05-07,7.47
USR00161,2026-05-06,7.91
USR00161,2026-05-05,6.61
USR00161,2026-05-04,7.03
USR00161,2026-05-03,7.42
USR00161,2026-05-02,7.4
USR00161,2026-05-01,8.93
USR00161,2026-04-30,7.72
USR00161,2026-04-29,6.33
USR00161,2026-04-28,7.86
USR00161,2026-04-27,7.96
USR00161,2026-04-26,7.45
USR00161,2026-04-25,6.63
USR00161,2026-04-24,8.87
USR00161,2026-04-23,6.74
USR00162,2026-05-22,310.77
USR00162,2026-05-21,322.98
USR00162,2026-05-20,356.67
USR00162,2026-05-19,321.78
USR00162,2026-05-18,287.65
USR00162,2026-05-17,338.37
USR00162,2026-05-16,285.44
USR00162,2026-05-15,309.65
USR00162,2026-05-14,265.28
USR00162,2026-05-13,273.19
USR00162,2026-05-12,306.24
USR00162,2026-05-11,315.89
USR00162,2026-05-10,252.8
USR00162,2026-05-09,319.82
USR00162,2026-05-08,279.71
USR00162,2026-05-07,343.66
USR00162,2026-05-06,293.95
USR00162,2026-05-05,270.44
USR00162,2026-05-04,306.98
USR00162,2026-05-03,276.76
USR00162,2026-05-02,343.33
USR00162,2026-05-01,304.69
USR00162,2026-04-30,300.05
USR00162,2026-04-29,322.7
USR00162,2026-04-28,274.05
USR00162,2026-04-27,265.39
USR00162,2026-04-26,317.11
USR00162,2026-04-25,271.17
USR00162,2026-04-24,271.16
USR00162,2026-04-23,330.17
USR00163,2026-05-22,13.51
USR00163,2026-05-21,14.49
USR00163,2026-05-20,14.05
USR00163,2026-05-19,18.19
USR00163,2026-05-18,16.85
USR00163,2026-05-17,14.8
USR00163,2026-05-16,16.34
USR00163,2026-05-15,13.35
USR00163,2026-05-14,14.41
USR00163,2026-05-13,15.61
USR00163,2026-05-12,16.15
USR00163,2026-05-11,15.3
USR00163,2026-05-10,15.83
USR00163,2026-05-09,15.57
USR00163,2026-05-08,15.19
USR00163,2026-05-07,14.99
USR00163,2026-05-06,14.79
USR00163,2026-05-05,15.8
USR00163,2026-05-04,16.08
USR00163,2026-05-03,15.75
USR00163,2026-05-02,13.63
USR00163,2026-05-01,13.9
USR00163,2026-04-30,16.06
USR00163,2026-04-29,17.72
USR00163,2026-04-28,15.68
USR00163,2026-04-27,14.81
USR00163,2026-04-26,15.79
USR00163,2026-04-25,13.69
USR00163,2026-04-24,17.47
USR00163,2026-04-23,15.73
USR00164,2026-05-22,480.2
USR00164,2026-05-21,462.61
USR00164,2026-05-20,552.4
USR00164,2026-05-19,478.47
USR00164,2026-05-18,495.93
USR00164,2026-05-17,516.36
USR00164,2026-05-16,452.17
USR00164,2026-05-15,497.8
USR00164,2026-05-14,501.75
USR00164,2026-05-13,412.45
USR00164,2026-05-12,500.68
USR00164,2026-05-11,486.11
USR00164,2026-05-10,494.69
USR00164,2026-05-09,490.08
USR00164,2026-05-08,501.0
USR00164,2026-05-07,553.65
USR00164,2026-05-06,430.74
USR00164,2026-05-05,471.63
USR00164,2026-05-04,520.9
USR00164,2026-05-03,511.83
USR00164,2026-05-02,510.78
USR00164,2026-05-01,622.81
USR00164,2026-04-30,518.33
USR00164,2026-04-29,543.57
USR00164,2026-04-28,473.35
USR00164,2026-04-27,439.86
USR00164,2026-04-26,472.99
USR00164,2026-04-25,523.11
USR00164,2026-04-24,508.21
USR00164,2026-04-23,508.04
USR00165,2026-05-22,37.67
USR00165,2026-05-21,38.43
USR00165,2026-05-20,41.97
USR00165,2026-05-19,42.43
USR00165,2026-05-18,35.2
USR00165,2026-05-17,42.12
USR00165,2026-05-16,36.59
USR00165,2026-05-15,40.97
USR00165,2026-05-14,38.38
USR00165,2026-05-13,45.26
USR00165,2026-05-12,37.5
USR00165,2026-05-11,39.83
USR00165,2026-05-10,41.51
USR00165,2026-05-09,35.71
USR00165,2026-05-08,38.85
USR00165,2026-05-07,38.09
USR00165,2026-05-06,37.12
USR00165,2026-05-05,37.41
USR00165,2026-05-04,43.49
USR00165,2026-05-03,36.79
USR00165,2026-05-02,41.35
USR00165,2026-05-01,40.37
USR00165,2026-04-30,33.67
USR00165,2026-04-29,41.17
USR00165,2026-04-28,33.6
USR00165,2026-04-27,41.59
USR00165,2026-04-26,37.15
USR00165,2026-04-25,39.17
USR00165,2026-04-24,34.07
USR00165,2026-04-23,39.61
USR00166,2026-05-22,278.55
USR00166,2026-05-21,284.61
USR00166,2026-05-20,316.78
USR00166,2026-05-19,317.53
USR00166,2026-05-18,229.25
USR00166,2026-05-17,364.07
USR00166,2026-05-16,319.02
USR00166,2026-05-15,324.12
USR00166,2026-05-14,298.65
USR00166,2026-05-13,246.78
USR00166,2026-05-12,323.45
USR00166,2026-05-11,285.88
USR00166,2026-05-10,319.48
USR00166,2026-05-09,296.37
USR00166,2026-05-08,310.22
USR00166,2026-05-07,279.52
USR00166,2026-05-06,329.19
USR00166,2026-05-05,266.99
USR00166,2026-05-04,371.04
USR00166,2026-05-03,370.81
USR00166,2026-05-02,352.47
USR00166,2026-05-01,341.65
USR00166,2026-04-30,300.44
USR00166,2026-04-29,338.35
USR00166,2026-04-28,300.09
USR00166,2026-04-27,255.93
USR00166,2026-04-26,348.55
USR00166,2026-04-25,337.21
USR00166,2026-04-24,302.05
USR00166,2026-04-23,265.88
USR00167,2026-05-22,23.27
USR00167,2026-05-21,31.14
USR00167,2026-05-20,23.89
USR00167,2026-05-19,29.27
USR00167,2026-05-18,26.05
USR00167,2026-05-17,24.39
USR00167,2026-05-16,29.13
USR00167,2026-05-15,27.5
USR00167,2026-05-14,30.84
USR00167,2026-05-13,24.85
USR00167,2026-05-12,26.3
USR00167,2026-05-11,21.66
USR00167,2026-05-10,22.24
USR00167,2026-05-09,33.57
USR00167,2026-05-08,34.38
USR00167,2026-05-07,28.72
USR00167,2026-05-06,26.11
USR00167,2026-05-05,27.6
USR00167,2026-05-04,30.94
USR00167,2026-05-03,26.99
USR00167,2026-05-02,29.13
USR00167,2026-05-01,28.42
USR00167,2026-04-30,26.83
USR00167,2026-04-29,26.95
USR00167,2026-04-28,29.29
USR00167,2026-04-27,25.67
USR00167,2026-04-26,29.74
USR00167,2026-04-25,27.11
USR00167,2026-04-24,28.81
USR00167,2026-04-23,32.39
USR00168,2026-05-22,10.4
USR00168,2026-05-21,7.82
USR00168,2026-05-20,9.08
USR00168,2026-05-19,9.55
USR00168,2026-05-18,11.36
USR00168,2026-05-17,7.66
USR00168,2026-05-16,9.44
USR00168,2026-05-15,10.91
USR00168,2026-05-14,8.78
USR00168,2026-05-13,9.32
USR00168,2026-05-12,9.84
USR00168,2026-05-11,9.7
USR00168,2026-05-10,11.02
USR00168,2026-05-09,9.95
USR00168,2026-05-08,10.79
USR00168,2026-05-07,9.18
USR00168,2026-05-06,8.82
USR00168,2026-05-05,9.31
USR00168,2026-05-04,8.42
USR00168,2026-05-03,9.99
USR00168,2026-05-02,9.16
USR00168,2026-05-01,8.89
USR00168,2026-04-30,10.0
USR00168,2026-04-29,8.44
USR00168,2026-04-28,10.26
USR00168,2026-04-27,9.07
USR00168,2026-04-26,10.63
USR00168,2026-04-25,9.15
USR00168,2026-04-24,10.13
USR00168,2026-04-23,9.7
USR00169,2026-05-22,382.33
USR00169,2026-05-21,315.26
USR00169,2026-05-20,416.32
USR00169,2026-05-19,374.85
USR00169,2026-05-18,408.03
USR00169,2026-05-17,404.27
USR00169,2026-05-16,348.92
USR00169,2026-05-15,343.57
USR00169,2026-05-14,402.95
USR00169,2026-05-13,366.7
USR00169,2026-05-12,413.58
USR00169,2026-05-11,371.43
USR00169,2026-05-10,416.87
USR00169,2026-05-09,394.18
USR00169,2026-05-08,389.06
USR00169,2026-05-07,364.02
USR00169,2026-05-06,386.96
USR00169,2026-05-05,423.28
USR00169,2026-05-04,376.12
USR00169,2026-05-03,398.26
USR00169,2026-05-02,379.92
USR00169,2026-05-01,382.88
USR00169,2026-04-30,443.34
USR00169,2026-04-29,423.61
USR00169,2026-04-28,381.17
USR00169,2026-04-27,386.28
USR00169,2026-04-26,351.63
USR00169,2026-04-25,371.63
USR00169,2026-04-24,389.87
USR00169,2026-04-23,410.34
USR00170,2026-05-22,4.23
USR00170,2026-05-21,5.22
USR00170,2026-05-20,4.71
USR00170,2026-05-19,4.29
USR00170,2026-05-18,5.39
USR00170,2026-05-17,5.45
USR00170,2026-05-16,4.88
USR00170,2026-05-15,5.09
USR00170,2026-05-14,5.12
USR00170,2026-05-13,5.42
USR00170,2026-05-12,5.1
USR00170,2026-05-11,4.12
USR00170,2026-05-10,5.71
USR00170,2026-05-09,5.26
USR00170,2026-05-08,4.51
USR00170,2026-05-07,4.27
USR00170,2026-05-06,5.0
USR00170,2026-05-05,4.62
USR00170,2026-05-04,4.91
USR00170,2026-05-03,5.11
USR00170,2026-05-02,4.49
USR00170,2026-05-01,4.22
USR00170,2026-04-30,4.94
USR00170,2026-04-29,4.5
USR00170,2026-04-28,4.82
USR00170,2026-04-27,4.12
USR00170,2026-04-26,4.64
USR00170,2026-04-25,5.1
USR00170,2026-04-24,5.04
USR00170,2026-04-23,4.38
USR00171,2026-05-22,132.24
USR00171,2026-05-21,139.44
USR00171,2026-05-20,137.38
USR00171,2026-05-19,125.27
USR00171,2026-05-18,135.96
USR00171,2026-05-17,151.86
USR00171,2026-05-16,134.74
USR00171,2026-05-15,110.47
USR00171,2026-05-14,134.71
USR00171,2026-05-13,159.01
USR00171,2026-05-12,115.03
USR00171,2026-05-11,132.42
USR00171,2026-05-10,129.04
USR00171,2026-05-09,133.29
USR00171,2026-05-08,134.59
USR00171,2026-05-07,147.08
USR00171,2026-05-06,133.15
USR00171,2026-05-05,148.89
USR00171,2026-05-04,130.48
USR00171,2026-05-03,127.41
USR00171,2026-05-02,123.19
USR00171,2026-05-01,108.04
USR00171,2026-04-30,135.67
USR00171,2026-04-29,159.15
USR00171,2026-04-28,138.08
USR00171,2026-04-27,141.1
USR00171,2026-04-26,126.58
USR00171,2026-04-25,128.8
USR00171,2026-04-24,145.03
USR00171,2026-04-23,158.55
USR00172,2026-05-22,286.41
USR00172,2026-05-21,266.0
USR00172,2026-05-20,270.63
USR00172,2026-05-19,245.1
USR00172,2026-05-18,226.68
USR00172,2026-05-17,235.2
USR00172,2026-05-16,266.39
USR00172,2026-05-15,257.33
USR00172,2026-05-14,226.12
USR00172,2026-05-13,264.08
USR00172,2026-05-12,256.63
USR00172,2026-05-11,233.98
USR00172,2026-05-10,255.26
USR00172,2026-05-09,256.56
USR00172,2026-05-08,248.72
USR00172,2026-05-07,289.63
USR00172,2026-05-06,214.63
USR00172,2026-05-05,212.43
USR00172,2026-05-04,265.16
USR00172,2026-05-03,267.62
USR00172,2026-05-02,275.78
USR00172,2026-05-01,250.78
USR00172,2026-04-30,240.74
USR00172,2026-04-29,264.87
USR00172,2026-04-28,253.36
USR00172,2026-04-27,306.18
USR00172,2026-04-26,256.47
USR00172,2026-04-25,263.66
USR00172,2026-04-24,330.68
USR00172,2026-04-23,259.91
USR00173,2026-05-22,184.51
USR00173,2026-05-21,185.99
USR00173,2026-05-20,178.33
USR00173,2026-05-19,176.67
USR00173,2026-05-18,175.05
USR00173,2026-05-17,163.33
USR00173,2026-05-16,178.95
USR00173,2026-05-15,208.47
USR00173,2026-05-14,194.29
USR00173,2026-05-13,178.58
USR00173,2026-05-12,188.14
USR00173,2026-05-11,158.25
USR00173,2026-05-10,168.79
USR00173,2026-05-09,189.74
USR00173,2026-05-08,199.08
USR00173,2026-05-07,159.95
USR00173,2026-05-06,164.93
USR00173,2026-05-05,211.11
USR00173,2026-05-04,174.98
USR00173,2026-05-03,204.91
USR00173,2026-05-02,176.89
USR00173,2026-05-01,177.58
USR00173,2026-04-30,168.01
USR00173,2026-04-29,189.64
USR00173,2026-04-28,196.84
USR00173,2026-04-27,155.37
USR00173,2026-04-26,167.2
USR00173,2026-04-25,189.17
USR00173,2026-04-24,171.06
USR00173,2026-04-23,164.76
USR00174,2026-05-22,454.2
USR00174,2026-05-21,390.67
USR00174,2026-05-20,417.75
USR00174,2026-05-19,359.63
USR00174,2026-05-18,372.44
USR00174,2026-05-17,414.15
USR00174,2026-05-16,410.35
USR00174,2026-05-15,369.51
USR00174,2026-05-14,379.78
USR00174,2026-05-13,365.5
USR00174,2026-05-12,427.68
USR00174,2026-05-11,328.58
USR00174,2026-05-10,367.69
USR00174,2026-05-09,332.86
USR00174,2026-05-08,426.21
USR00174,2026-05-07,335.32
USR00174,2026-05-06,410.36
USR00174,2026-05-05,476.13
USR00174,2026-05-04,477.52
USR00174,2026-05-03,335.19
USR00174,2026-05-02,421.27
USR00174,2026-05-01,368.61
USR00174,2026-04-30,360.26
USR00174,2026-04-29,404.42
USR00174,2026-04-28,459.31
USR00174,2026-04-27,433.6
USR00174,2026-04-26,379.81
USR00174,2026-04-25,437.91
USR00174,2026-04-24,317.28
USR00174,2026-04-23,378.27
USR00175,2026-05-22,322.62
USR00175,2026-05-21,313.62
USR00175,2026-05-20,315.59
USR00175,2026-05-19,314.52
USR00175,2026-05-18,320.83
USR00175,2026-05-17,337.41
USR00175,2026-05-16,324.9
USR00175,2026-05-15,311.01
USR00175,2026-05-14,332.98
USR00175,2026-05-13,346.56
USR00175,2026-05-12,302.32
USR00175,2026-05-11,318.22
USR00175,2026-05-10,357.31
USR00175,2026-05-09,284.82
USR00175,2026-05-08,377.89
USR00175,2026-05-07,277.25
USR00175,2026-05-06,309.06
USR00175,2026-05-05,289.7
USR00175,2026-05-04,390.16
USR00175,2026-05-03,304.0
USR00175,2026-05-02,304.08
USR00175,2026-05-01,308.25
USR00175,2026-04-30,323.18
USR00175,2026-04-29,309.6
USR00175,2026-04-28,315.86
USR00175,2026-04-27,207.14
USR00175,2026-04-26,321.95
USR00175,2026-04-25,320.69
USR00175,2026-04-24,353.36
USR00175,2026-04-23,362.02
USR00176,2026-05-22,11.44
USR00176,2026-05-21,9.41
USR00176,2026-05-20,11.39
USR00176,2026-05-19,9.97
USR00176,2026-05-18,9.32
USR00176,2026-05-17,10.38
USR00176,2026-05-16,12.06
USR00176,2026-05-15,10.77
USR00176,2026-05-14,12.16
USR00176,2026-05-13,9.78
USR00176,2026-05-12,11.68
USR00176,2026-05-11,9.88
USR00176,2026-05-10,10.81
USR00176,2026-05-09,10.8
USR00176,2026-05-08,11.27
USR00176,2026-05-07,10.84
USR00176,2026-05-06,9.79
USR00176,2026-05-05,11.51
USR00176,2026-05-04,12.41
USR00176,2026-05-03,9.96
USR00176,2026-05-02,8.63
USR00176,2026-05-01,11.1
USR00176,2026-04-30,10.22
USR00176,2026-04-29,10.44
USR00176,2026-04-28,11.16
USR00176,2026-04-27,10.09
USR00176,2026-04-26,10.29
USR00176,2026-04-25,10.47
USR00176,2026-04-24,12.13
USR00176,2026-04-23,10.61
USR00177,2026-05-22,10.5
USR00177,2026-05-21,12.1
USR00177,2026-05-20,10.58
USR00177,2026-05-19,10.07
USR00177,2026-05-18,12.69
USR00177,2026-05-17,12.75
USR00177,2026-05-16,11.49
USR00177,2026-05-15,12.28
USR00177,2026-05-14,12.15
USR00177,2026-05-13,12.65
USR00177,2026-05-12,12.65
USR00177,2026-05-11,8.82
USR00177,2026-05-10,11.64
USR00177,2026-05-09,12.55
USR00177,2026-05-08,11.44
USR00177,2026-05-07,11.97
USR00177,2026-05-06,12.83
USR00177,2026-05-05,12.03
USR00177,2026-05-04,13.73
USR00177,2026-05-03,13.27
USR00177,2026-05-02,11.79
USR00177,2026-05-01,11.69
USR00177,2026-04-30,8.53
USR00177,2026-04-29,11.54
USR00177,2026-04-28,10.32
USR00177,2026-04-27,12.19
USR00177,2026-04-26,12.11
USR00177,2026-04-25,12.76
USR00177,2026-04-24,13.6
USR00177,2026-04-23,11.9
USR00178,2026-05-22,163.85
USR00178,2026-05-21,139.15
USR00178,2026-05-20,151.13
USR00178,2026-05-19,154.16
USR00178,2026-05-18,169.61
USR00178,2026-05-17,144.96
USR00178,2026-05-16,155.36
USR00178,2026-05-15,157.55
USR00178,2026-05-14,152.95
USR00178,2026-05-13,173.12
USR00178,2026-05-12,170.4
USR00178,2026-05-11,178.81
USR00178,2026-05-10,154.83
USR00178,2026-05-09,179.38
USR00178,2026-05-08,138.29
USR00178,2026-05-07,137.9
USR00178,2026-05-06,140.69
USR00178,2026-05-05,160.28
USR00178,2026-05-04,179.38
USR00178,2026-05-03,150.49
USR00178,2026-05-02,152.49
USR00178,2026-05-01,156.67
USR00178,2026-04-30,169.3
USR00178,2026-04-29,152.48
USR00178,2026-04-28,151.59
USR00178,2026-04-27,138.58
USR00178,2026-04-26,150.97
USR00178,2026-04-25,178.98
USR00178,2026-04-24,161.58
USR00178,2026-04-23,148.28
USR00179,2026-05-22,21.78
USR00179,2026-05-21,26.42
USR00179,2026-05-20,26.38
USR00179,2026-05-19,23.26
USR00179,2026-05-18,19.67
USR00179,2026-05-17,28.43
USR00179,2026-05-16,24.03
USR00179,2026-05-15,22.39
USR00179,2026-05-14,25.35
USR00179,2026-05-13,24.76
USR00179,2026-05-12,26.17
USR00179,2026-05-11,21.6
USR00179,2026-05-10,23.87
USR00179,2026-05-09,20.39
USR00179,2026-05-08,24.68
USR00179,2026-05-07,23.08
USR00179,2026-05-06,23.78
USR00179,2026-05-05,22.8
USR00179,2026-05-04,22.55
USR00179,2026-05-03,21.13
USR00179,2026-05-02,24.96
USR00179,2026-05-01,26.58
USR00179,2026-04-30,21.85
USR00179,2026-04-29,24.42
USR00179,2026-04-28,24.13
USR00179,2026-04-27,23.15
USR00179,2026-04-26,19.6
USR00179,2026-04-25,20.12
USR00179,2026-04-24,21.33
USR00179,2026-04-23,18.19
USR00180,2026-05-22,35.57
USR00180,2026-05-21,34.21
USR00180,2026-05-20,26.8
USR00180,2026-05-19,28.05
USR00180,2026-05-18,34.3
USR00180,2026-05-17,41.07
USR00180,2026-05-16,31.91
USR00180,2026-05-15,37.28
USR00180,2026-05-14,32.67
USR00180,2026-05-13,34.5
USR00180,2026-05-12,38.48
USR00180,2026-05-11,33.12
USR00180,2026-05-10,31.94
USR00180,2026-05-09,39.18
USR00180,2026-05-08,34.47
USR00180,2026-05-07,38.06
USR00180,2026-05-06,31.96
USR00180,2026-05-05,39.14
USR00180,2026-05-04,35.25
USR00180,2026-05-03,35.8
USR00180,2026-05-02,34.76
USR00180,2026-05-01,32.58
USR00180,2026-04-30,34.31
USR00180,2026-04-29,32.79
USR00180,2026-04-28,37.6
USR00180,2026-04-27,33.62
USR00180,2026-04-26,29.18
USR00180,2026-04-25,28.55
USR00180,2026-04-24,28.39
USR00180,2026-04-23,36.43
USR00181,2026-05-22,50.35
USR00181,2026-05-21,49.55
USR00181,2026-05-20,48.57
USR00181,2026-05-19,51.03
USR00181,2026-05-18,49.66
USR00181,2026-05-17,35.64
USR00181,2026-05-16,47.3
USR00181,2026-05-15,50.96
USR00181,2026-05-14,56.9
USR00181,2026-05-13,57.13
USR00181,2026-05-12,42.22
USR00181,2026-05-11,47.17
USR00181,2026-05-10,41.23
USR00181,2026-05-09,56.31
USR00181,2026-05-08,53.84
USR00181,2026-05-07,50.6
USR00181,2026-05-06,49.7
USR00181,2026-05-05,55.63
USR00181,2026-05-04,54.81
USR00181,2026-05-03,54.55
USR00181,2026-05-02,51.12
USR00181,2026-05-01,47.18
USR00181,2026-04-30,52.63
USR00181,2026-04-29,52.87
USR00181,2026-04-28,47.95
USR00181,2026-04-27,47.17
USR00181,2026-04-26,54.42
USR00181,2026-04-25,57.02
USR00181,2026-04-24,45.22
USR00181,2026-04-23,47.6
USR00182,2026-05-22,388.0
USR00182,2026-05-21,350.67
USR00182,2026-05-20,439.69
USR00182,2026-05-19,385.62
USR00182,2026-05-18,389.66
USR00182,2026-05-17,435.08
USR00182,2026-05-16,353.38
USR00182,2026-05-15,366.73
USR00182,2026-05-14,323.63
USR00182,2026-05-13,363.62
USR00182,2026-05-12,314.91
USR00182,2026-05-11,397.67
USR00182,2026-05-10,385.54
USR00182,2026-05-09,359.75
USR00182,2026-05-08,366.28
USR00182,2026-05-07,398.17
USR00182,2026-05-06,327.98
USR00182,2026-05-05,377.55
USR00182,2026-05-04,395.88
USR00182,2026-05-03,304.06
USR00182,2026-05-02,395.34
USR00182,2026-05-01,308.06
USR00182,2026-04-30,365.65
USR00182,2026-04-29,326.95
USR00182,2026-04-28,422.96
USR00182,2026-04-27,327.19
USR00182,2026-04-26,308.94
USR00182,2026-04-25,374.93
USR00182,2026-04-24,354.69
USR00182,2026-04-23,314.33
USR00183,2026-05-22,16.71
USR00183,2026-05-21,18.7
USR00183,2026-05-20,19.66
USR00183,2026-05-19,22.54
USR00183,2026-05-18,23.57
USR00183,2026-05-17,23.16
USR00183,2026-05-16,20.54
USR00183,2026-05-15,15.8
USR00183,2026-05-14,21.68
USR00183,2026-05-13,23.93
USR00183,2026-05-12,23.44
USR00183,2026-05-11,21.83
USR00183,2026-05-10,18.38
USR00183,2026-05-09,19.77
USR00183,2026-05-08,24.9
USR00183,2026-05-07,17.91
USR00183,2026-05-06,18.47
USR00183,2026-05-05,22.83
USR00183,2026-05-04,19.96
USR00183,2026-05-03,18.4
USR00183,2026-05-02,24.05
USR00183,2026-05-01,21.83
USR00183,2026-04-30,20.07
USR00183,2026-04-29,18.47
USR00183,2026-04-28,25.13
USR00183,2026-04-27,20.81
USR00183,2026-04-26,23.78
USR00183,2026-04-25,22.73
USR00183,2026-04-24,19.78
USR00183,2026-04-23,19.79
USR00184,2026-05-22,27.97
USR00184,2026-05-21,19.82
USR00184,2026-05-20,25.74
USR00184,2026-05-19,24.11
USR00184,2026-05-18,21.88
USR00184,2026-05-17,25.04
USR00184,2026-05-16,21.11
USR00184,2026-05-15,23.26
USR00184,2026-05-14,22.45
USR00184,2026-05-13,23.18
USR00184,2026-05-12,24.23
USR00184,2026-05-11,21.92
USR00184,2026-05-10,28.24
USR00184,2026-05-09,25.61
USR00184,2026-05-08,28.78
USR00184,2026-05-07,24.01
USR00184,2026-05-06,23.06
USR00184,2026-05-05,28.69
USR00184,2026-05-04,22.99
USR00184,2026-05-03,23.97
USR00184,2026-05-02,26.16
USR00184,2026-05-01,21.38
USR00184,2026-04-30,26.14
USR00184,2026-04-29,25.83
USR00184,2026-04-28,27.5
USR00184,2026-04-27,26.57
USR00184,2026-04-26,27.57
USR00184,2026-04-25,24.13
USR00184,2026-04-24,22.3
USR00184,2026-04-23,29.55
USR00185,2026-05-22,234.87
USR00185,2026-05-21,289.43
USR00185,2026-05-20,318.47
USR00185,2026-05-19,279.14
USR00185,2026-05-18,301.33
USR00185,2026-05-17,219.28
USR00185,2026-05-16,260.27
USR00185,2026-05-15,222.61
USR00185,2026-05-14,295.33
USR00185,2026-05-13,231.56
USR00185,2026-05-12,238.94
USR00185,2026-05-11,288.03
USR00185,2026-05-10,303.04
USR00185,2026-05-09,269.6
USR00185,2026-05-08,289.57
USR00185,2026-05-07,288.68
USR00185,2026-05-06,268.05
USR00185,2026-05-05,243.96
USR00185,2026-05-04,289.43
USR00185,2026-05-03,290.75
USR00185,2026-05-02,298.44
USR00185,2026-05-01,282.5
USR00185,2026-04-30,241.94
USR00185,2026-04-29,292.86
USR00185,2026-04-28,273.91
USR00185,2026-04-27,260.73
USR00185,2026-04-26,265.88
USR00185,2026-04-25,255.04
USR00185,2026-04-24,298.3
USR00185,2026-04-23,235.1
USR00186,2026-05-22,342.48
USR00186,2026-05-21,411.27
USR00186,2026-05-20,391.46
USR00186,2026-05-19,296.02
USR00186,2026-05-18,401.98
USR00186,2026-05-17,401.91
USR00186,2026-05-16,312.55
USR00186,2026-05-15,264.84
USR00186,2026-05-14,351.57
USR00186,2026-05-13,393.88
USR00186,2026-05-12,410.48
USR00186,2026-05-11,323.29
USR00186,2026-05-10,416.17
USR00186,2026-05-09,275.23
USR00186,2026-05-08,341.09
USR00186,2026-05-07,339.35
USR00186,2026-05-06,394.93
USR00186,2026-05-05,400.1
USR00186,2026-05-04,387.92
USR00186,2026-05-03,306.3
USR00186,2026-05-02,384.68
USR00186,2026-05-01,372.15
USR00186,2026-04-30,294.94
USR00186,2026-04-29,280.93
USR00186,2026-04-28,390.89
USR00186,2026-04-27,347.75
USR00186,2026-04-26,308.62
USR00186,2026-04-25,346.76
USR00186,2026-04-24,367.02
USR00186,2026-04-23,351.19
USR00187,2026-05-22,592.96
USR00187,2026-05-21,548.99
USR00187,2026-05-20,482.16
USR00187,2026-05-19,484.17
USR00187,2026-05-18,516.83
USR00187,2026-05-17,442.54
USR00187,2026-05-16,514.99
USR00187,2026-05-15,432.5
USR00187,2026-05-14,495.38
USR00187,2026-05-13,440.6
USR00187,2026-05-12,443.11
USR00187,2026-05-11,581.0
USR00187,2026-05-10,501.85
USR00187,2026-05-09,509.24
USR00187,2026-05-08,398.55
USR00187,2026-05-07,469.11
USR00187,2026-05-06,521.9
USR00187,2026-05-05,508.58
USR00187,2026-05-04,391.43
USR00187,2026-05-03,509.23
USR00187,2026-05-02,517.18
USR00187,2026-05-01,562.94
USR00187,2026-04-30,466.21
USR00187,2026-04-29,387.04
USR00187,2026-04-28,449.17
USR00187,2026-04-27,444.16
USR00187,2026-04-26,535.65
USR00187,2026-04-25,363.36
USR00187,2026-04-24,476.53
USR00187,2026-04-23,570.03
USR00188,2026-05-22,34.91
USR00188,2026-05-21,26.78
USR00188,2026-05-20,26.91
USR00188,2026-05-19,36.64
USR00188,2026-05-18,32.36
USR00188,2026-05-17,32.37
USR00188,2026-05-16,28.46
USR00188,2026-05-15,32.36
USR00188,2026-05-14,28.37
USR00188,2026-05-13,35.84
USR00188,2026-05-12,40.78
USR00188,2026-05-11,33.59
USR00188,2026-05-10,30.01
USR00188,2026-05-09,23.92
USR00188,2026-05-08,26.64
USR00188,2026-05-07,37.02
USR00188,2026-05-06,28.74
USR00188,2026-05-05,30.85
USR00188,2026-05-04,34.14
USR00188,2026-05-03,36.79
USR00188,2026-05-02,31.4
USR00188,2026-05-01,30.74
USR00188,2026-04-30,32.27
USR00188,2026-04-29,30.03
USR00188,2026-04-28,30.2
USR00188,2026-04-27,33.36
USR00188,2026-04-26,32.63
USR00188,2026-04-25,38.87
USR00188,2026-04-24,33.45
USR00188,2026-04-23,35.73
USR00189,2026-05-22,376.25
USR00189,2026-05-21,331.63
USR00189,2026-05-20,371.61
USR00189,2026-05-19,382.09
USR00189,2026-05-18,359.26
USR00189,2026-05-17,443.53
USR00189,2026-05-16,408.52
USR00189,2026-05-15,399.56
USR00189,2026-05-14,384.8
USR00189,2026-05-13,420.51
USR00189,2026-05-12,306.11
USR00189,2026-05-11,406.46
USR00189,2026-05-10,322.04
USR00189,2026-05-09,337.3
USR00189,2026-05-08,377.54
USR00189,2026-05-07,401.56
USR00189,2026-05-06,316.24
USR00189,2026-05-05,339.15
USR00189,2026-05-04,360.96
USR00189,2026-05-03,350.81
USR00189,2026-05-02,388.01
USR00189,2026-05-01,480.3
USR00189,2026-04-30,372.47
USR00189,2026-04-29,331.19
USR00189,2026-04-28,311.13
USR00189,2026-04-27,345.85
USR00189,2026-04-26,323.86
USR00189,2026-04-25,374.19
USR00189,2026-04-24,373.63
USR00189,2026-04-23,340.92
USR00190,2026-05-22,40.65
USR00190,2026-05-21,43.36
USR00190,2026-05-20,46.68
USR00190,2026-05-19,47.79
USR00190,2026-05-18,49.49
USR00190,2026-05-17,45.76
USR00190,2026-05-16,48.49
USR00190,2026-05-15,40.96
USR00190,2026-05-14,47.91
USR00190,2026-05-13,47.85
USR00190,2026-05-12,50.52
USR00190,2026-05-11,36.56
USR00190,2026-05-10,39.9
USR00190,2026-05-09,47.49
USR00190,2026-05-08,32.25
USR00190,2026-05-07,46.04
USR00190,2026-05-06,48.53
USR00190,2026-05-05,41.35
USR00190,2026-05-04,41.99
USR00190,2026-05-03,39.17
USR00190,2026-05-02,41.59
USR00190,2026-05-01,41.72
USR00190,2026-04-30,40.88
USR00190,2026-04-29,40.64
USR00190,2026-04-28,42.69
USR00190,2026-04-27,42.64
USR00190,2026-04-26,52.1
USR00190,2026-04-25,42.15
USR00190,2026-04-24,45.39
USR00190,2026-04-23,41.35
USR00191,2026-05-22,33.04
USR00191,2026-05-21,33.57
USR00191,2026-05-20,35.02
USR00191,2026-05-19,40.56
USR00191,2026-05-18,44.11
USR00191,2026-05-17,32.71
USR00191,2026-05-16,37.64
USR00191,2026-05-15,34.38
USR00191,2026-05-14,38.77
USR00191,2026-05-13,44.11
USR00191,2026-05-12,38.05
USR00191,2026-05-11,39.64
USR00191,2026-05-10,45.62
USR00191,2026-05-09,41.65
USR00191,2026-05-08,36.8
USR00191,2026-05-07,40.46
USR00191,2026-05-06,36.53
USR00191,2026-05-05,41.5
USR00191,2026-05-04,41.88
USR00191,2026-05-03,34.38
USR00191,2026-05-02,40.52
USR00191,2026-05-01,39.36
USR00191,2026-04-30,42.0
USR00191,2026-04-29,43.14
USR00191,2026-04-28,41.73
USR00191,2026-04-27,38.62
USR00191,2026-04-26,43.54
USR00191,2026-04-25,36.35
USR00191,2026-04-24,34.57
USR00191,2026-04-23,27.1
USR00192,2026-05-22,202.2
USR00192,2026-05-21,229.06
USR00192,2026-05-20,176.87
USR00192,2026-05-19,206.04
USR00192,2026-05-18,230.66
USR00192,2026-05-17,197.61
USR00192,2026-05-16,229.31
USR00192,2026-05-15,208.03
USR00192,2026-05-14,219.57
USR00192,2026-05-13,233.41
USR00192,2026-05-12,241.29
USR00192,2026-05-11,222.34
USR00192,2026-05-10,202.37
USR00192,2026-05-09,210.21
USR00192,2026-05-08,234.33
USR00192,2026-05-07,197.8
USR00192,2026-05-06,216.37
USR00192,2026-05-05,211.8
USR00192,2026-05-04,218.02
USR00192,2026-05-03,198.06
USR00192,2026-05-02,179.5
USR00192,2026-05-01,231.77
USR00192,2026-04-30,241.54
USR00192,2026-04-29,180.82
USR00192,2026-04-28,228.43
USR00192,2026-04-27,244.16
USR00192,2026-04-26,233.43
USR00192,2026-04-25,211.12
USR00192,2026-04-24,199.51
USR00192,2026-04-23,222.08
USR00193,2026-05-22,283.43
USR00193,2026-05-21,275.69
USR00193,2026-05-20,250.35
USR00193,2026-05-19,292.61
USR00193,2026-05-18,293.96
USR00193,2026-05-17,286.38
USR00193,2026-05-16,283.86
USR00193,2026-05-15,327.89
USR00193,2026-05-14,263.21
USR00193,2026-05-13,316.72
USR00193,2026-05-12,260.14
USR00193,2026-05-11,311.88
USR00193,2026-05-10,315.37
USR00193,2026-05-09,272.52
USR00193,2026-05-08,327.37
USR00193,2026-05-07,293.91
USR00193,2026-05-06,256.11
USR00193,2026-05-05,270.24
USR00193,2026-05-04,312.55
USR00193,2026-05-03,306.66
USR00193,2026-05-02,251.04
USR00193,2026-05-01,276.83
USR00193,2026-04-30,286.46
USR00193,2026-04-29,266.49
USR00193,2026-04-28,346.94
USR00193,2026-04-27,287.3
USR00193,2026-04-26,279.01
USR00193,2026-04-25,314.18
USR00193,2026-04-24,270.49
USR00193,2026-04-23,309.03
USR00194,2026-05-22,35.88
USR00194,2026-05-21,41.53
USR00194,2026-05-20,43.49
USR00194,2026-05-19,34.68
USR00194,2026-05-18,34.24
USR00194,2026-05-17,39.72
USR00194,2026-05-16,35.24
USR00194,2026-05-15,36.58
USR00194,2026-05-14,40.88
USR00194,2026-05-13,35.54
USR00194,2026-05-12,30.2
USR00194,2026-05-11,32.69
USR00194,2026-05-10,37.62
USR00194,2026-05-09,30.58
USR00194,2026-05-08,36.47
USR00194,2026-05-07,32.35
USR00194,2026-05-06,43.75
USR00194,2026-05-05,45.72
USR00194,2026-05-04,33.61
USR00194,2026-05-03,38.55
USR00194,2026-05-02,33.98
USR00194,2026-05-01,36.42
USR00194,2026-04-30,44.36
USR00194,2026-04-29,35.83
USR00194,2026-04-28,36.51
USR00194,2026-04-27,34.04
USR00194,2026-04-26,41.89
USR00194,2026-04-25,25.32
USR00194,2026-04-24,35.92
USR00194,2026-04-23,37.41
USR00195,2026-05-22,269.71
USR00195,2026-05-21,278.12
USR00195,2026-05-20,213.22
USR00195,2026-05-19,300.25
USR00195,2026-05-18,212.94
USR00195,2026-05-17,280.27
USR00195,2026-05-16,251.99
USR00195,2026-05-15,235.77
USR00195,2026-05-14,238.11
USR00195,2026-05-13,247.44
USR00195,2026-05-12,253.45
USR00195,2026-05-11,225.43
USR00195,2026-05-10,242.47
USR00195,2026-05-09,229.14
USR00195,2026-05-08,218.11
USR00195,2026-05-07,227.98
USR00195,2026-05-06,219.72
USR00195,2026-05-05,237.84
USR00195,2026-05-04,259.01
USR00195,2026-05-03,251.27
USR00195,2026-05-02,297.29
USR00195,2026-05-01,193.39
USR00195,2026-04-30,259.93
USR00195,2026-04-29,248.43
USR00195,2026-04-28,268.52
USR00195,2026-04-27,266.06
USR00195,2026-04-26,244.18
USR00195,2026-04-25,252.56
USR00195,2026-04-24,229.8
USR00195,2026-04-23,263.51
USR00196,2026-05-22,32.51
USR00196,2026-05-21,30.1
USR00196,2026-05-20,28.7
USR00196,2026-05-19,29.46
USR00196,2026-05-18,29.69
USR00196,2026-05-17,34.08
USR00196,2026-05-16,39.92
USR00196,2026-05-15,33.85
USR00196,2026-05-14,28.46
USR00196,2026-05-13,32.07
USR00196,2026-05-12,32.2
USR00196,2026-05-11,27.38
USR00196,2026-05-10,26.36
USR00196,2026-05-09,29.98
USR00196,2026-05-08,32.6
USR00196,2026-05-07,25.3
USR00196,2026-05-06,27.99
USR00196,2026-05-05,31.89
USR00196,2026-05-04,30.29
USR00196,2026-05-03,34.44
USR00196,2026-05-02,25.91
USR00196,2026-05-01,37.26
USR00196,2026-04-30,25.53
USR00196,2026-04-29,24.04
USR00196,2026-04-28,29.99
USR00196,2026-04-27,26.74
USR00196,2026-04-26,30.05
USR00196,2026-04-25,29.94
USR00196,2026-04-24,29.58
USR00196,2026-04-23,27.62
USR00197,2026-05-22,442.6
USR00197,2026-05-21,507.55
USR00197,2026-05-20,448.86
USR00197,2026-05-19,413.01
USR00197,2026-05-18,379.96
USR00197,2026-05-17,449.24
USR00197,2026-05-16,399.09
USR00197,2026-05-15,395.4
USR00197,2026-05-14,481.21
USR00197,2026-05-13,375.85
USR00197,2026-05-12,521.66
USR00197,2026-05-11,464.4
USR00197,2026-05-10,455.1
USR00197,2026-05-09,409.8
USR00197,2026-05-08,492.04
USR00197,2026-05-07,456.97
USR00197,2026-05-06,425.74
USR00197,2026-05-05,466.24
USR00197,2026-05-04,380.18
USR00197,2026-05-03,382.35
USR00197,2026-05-02,405.9
USR00197,2026-05-01,473.08
USR00197,2026-04-30,456.95
USR00197,2026-04-29,505.05
USR00197,2026-04-28,415.05
USR00197,2026-04-27,483.37
USR00197,2026-04-26,451.9
USR00197,2026-04-25,414.0
USR00197,2026-04-24,474.72
USR00197,2026-04-23,454.09
USR00198,2026-05-22,46.18
USR00198,2026-05-21,45.39
USR00198,2026-05-20,45.28
USR00198,2026-05-19,44.09
USR00198,2026-05-18,39.98
USR00198,2026-05-17,46.33
USR00198,2026-05-16,42.29
USR00198,2026-05-15,41.29
USR00198,2026-05-14,44.88
USR00198,2026-05-13,49.36
USR00198,2026-05-12,46.84
USR00198,2026-05-11,43.54
USR00198,2026-05-10,43.36
USR00198,2026-05-09,48.91
USR00198,2026-05-08,34.96
USR00198,2026-05-07,49.65
USR00198,2026-05-06,37.37
USR00198,2026-05-05,39.48
USR00198,2026-05-04,43.62
USR00198,2026-05-03,55.96
USR00198,2026-05-02,53.7
USR00198,2026-05-01,49.23
USR00198,2026-04-30,47.62
USR00198,2026-04-29,37.42
USR00198,2026-04-28,46.7
USR00198,2026-04-27,43.46
USR00198,2026-04-26,42.23
USR00198,2026-04-25,46.7
USR00198,2026-04-24,43.82
USR00198,2026-04-23,49.98
USR00199,2026-05-22,7.58
USR00199,2026-05-21,6.86
USR00199,2026-05-20,7.21
USR00199,2026-05-19,7.75
USR00199,2026-05-18,6.68
USR00199,2026-05-17,7.65
USR00199,2026-05-16,7.36
USR00199,2026-05-15,7.03
USR00199,2026-05-14,7.17
USR00199,2026-05-13,7.41
USR00199,2026-05-12,6.94
USR00199,2026-05-11,7.53
USR00199,2026-05-10,7.31
USR00199,2026-05-09,7.06
USR00199,2026-05-08,8.72
USR00199,2026-05-07,7.83
USR00199,2026-05-06,7.23
USR00199,2026-05-05,7.63
USR00199,2026-05-04,6.75
USR00199,2026-05-03,7.19
USR00199,2026-05-02,7.28
USR00199,2026-05-01,6.58
USR00199,2026-04-30,7.81
USR00199,2026-04-29,7.14
USR00199,2026-04-28,7.25
USR00199,2026-04-27,7.09
USR00199,2026-04-26,9.75
USR00199,2026-04-25,7.02
USR00199,2026-04-24,5.97
USR00199,2026-04-23,6.32
USR00200,2026-05-22,14.49
USR00200,2026-05-21,11.91
USR00200,2026-05-20,14.41
USR00200,2026-05-19,13.73
USR00200,2026-05-18,12.54
USR00200,2026-05-17,12.44
USR00200,2026-05-16,13.01
USR00200,2026-05-15,13.9
USR00200,2026-05-14,13.29
USR00200,2026-05-13,11.91
USR00200,2026-05-12,12.55
USR00200,2026-05-11,15.31
USR00200,2026-05-10,13.1
USR00200,2026-05-09,13.89
USR00200,2026-05-08,13.47
USR00200,2026-05-07,13.13
USR00200,2026-05-06,12.92
USR00200,2026-05-05,13.92
USR00200,2026-05-04,13.7
USR00200,2026-05-03,13.11
USR00200,2026-05-02,11.89
USR00200,2026-05-01,13.27
USR00200,2026-04-30,12.69
USR00200,2026-04-29,12.38
USR00200,2026-04-28,16.2
USR00200,2026-04-27,10.81
USR00200,2026-04-26,14.0
USR00200,2026-04-25,11.68
USR00200,2026-04-24,12.95
USR00200,2026-04-23,16.06
USR00201,2026-05-22,4.16
USR00201,2026-05-21,4.48
USR00201,2026-05-20,4.1
USR00201,2026-05-19,4.88
USR00201,2026-05-18,4.24
USR00201,2026-05-17,4.78
USR00201,2026-05-16,3.89
USR00201,2026-05-15,3.67
USR00201,2026-05-14,4.38
USR00201,2026-05-13,3.78
USR00201,2026-05-12,5.17
USR00201,2026-05-11,3.8
USR00201,2026-05-10,4.02
USR00201,2026-05-09,4.67
USR00201,2026-05-08,4.22
USR00201,2026-05-07,3.8
USR00201,2026-05-06,5.4
USR00201,2026-05-05,4.04
USR00201,2026-05-04,4.4
USR00201,2026-05-03,4.39
USR00201,2026-05-02,4.8
USR00201,2026-05-01,4.69
USR00201,2026-04-30,4.11
USR00201,2026-04-29,4.34
USR00201,2026-04-28,4.38
USR00201,2026-04-27,4.82
USR00201,2026-04-26,3.96
USR00201,2026-04-25,5.39
USR00201,2026-04-24,4.14
USR00201,2026-04-23,4.48
USR00202,2026-05-22,121.91
USR00202,2026-05-21,127.84
USR00202,2026-05-20,126.5
USR00202,2026-05-19,134.29
USR00202,2026-05-18,126.38
USR00202,2026-05-17,149.84
USR00202,2026-05-16,129.12
USR00202,2026-05-15,127.57
USR00202,2026-05-14,134.59
USR00202,2026-05-13,154.0
USR00202,2026-05-12,143.1
USR00202,2026-05-11,138.7
USR00202,2026-05-10,120.02
USR00202,2026-05-09,124.08
USR00202,2026-05-08,122.18
USR00202,2026-05-07,158.4
USR00202,2026-05-06,147.53
USR00202,2026-05-05,128.02
USR00202,2026-05-04,132.19
USR00202,2026-05-03,128.53
USR00202,2026-05-02,127.68
USR00202,2026-05-01,146.54
USR00202,2026-04-30,136.06
USR00202,2026-04-29,169.25
USR00202,2026-04-28,157.61
USR00202,2026-04-27,158.44
USR00202,2026-04-26,149.5
USR00202,2026-04-25,134.17
USR00202,2026-04-24,148.47
USR00202,2026-04-23,135.21
USR00203,2026-05-22,500.49
USR00203,2026-05-21,493.66
USR00203,2026-05-20,487.15
USR00203,2026-05-19,564.75
USR00203,2026-05-18,412.07
USR00203,2026-05-17,569.47
USR00203,2026-05-16,472.08
USR00203,2026-05-15,413.4
USR00203,2026-05-14,444.86
USR00203,2026-05-13,401.63
USR00203,2026-05-12,512.48
USR00203,2026-05-11,431.09
USR00203,2026-05-10,489.15
USR00203,2026-05-09,535.6
USR00203,2026-05-08,448.71
USR00203,2026-05-07,468.14
USR00203,2026-05-06,418.34
USR00203,2026-05-05,462.36
USR00203,2026-05-04,604.86
USR00203,2026-05-03,518.46
USR00203,2026-05-02,468.31
USR00203,2026-05-01,451.62
USR00203,2026-04-30,478.99
USR00203,2026-04-29,487.3
USR00203,2026-04-28,460.88
USR00203,2026-04-27,506.54
USR00203,2026-04-26,435.18
USR00203,2026-04-25,434.94
USR00203,2026-04-24,498.85
USR00203,2026-04-23,424.82
USR00204,2026-05-22,408.75
USR00204,2026-05-21,334.51
USR00204,2026-05-20,413.82
USR00204,2026-05-19,340.35
USR00204,2026-05-18,437.72
USR00204,2026-05-17,399.15
USR00204,2026-05-16,485.1
USR00204,2026-05-15,453.19
USR00204,2026-05-14,365.92
USR00204,2026-05-13,326.62
USR00204,2026-05-12,378.42
USR00204,2026-05-11,359.34
USR00204,2026-05-10,484.07
USR00204,2026-05-09,408.91
USR00204,2026-05-08,447.54
USR00204,2026-05-07,397.67
USR00204,2026-05-06,401.98
USR00204,2026-05-05,408.0
USR00204,2026-05-04,454.63
USR00204,2026-05-03,422.09
USR00204,2026-05-02,366.05
USR00204,2026-05-01,475.75
USR00204,2026-04-30,397.35
USR00204,2026-04-29,390.69
USR00204,2026-04-28,293.51
USR00204,2026-04-27,435.3
USR00204,2026-04-26,413.47
USR00204,2026-04-25,413.42
USR00204,2026-04-24,392.84
USR00204,2026-04-23,385.79
USR00205,2026-05-22,42.45
USR00205,2026-05-21,43.16
USR00205,2026-05-20,39.63
USR00205,2026-05-19,44.42
USR00205,2026-05-18,40.25
USR00205,2026-05-17,38.52
USR00205,2026-05-16,41.37
USR00205,2026-05-15,35.05
USR00205,2026-05-14,41.51
USR00205,2026-05-13,34.31
USR00205,2026-05-12,36.4
USR00205,2026-05-11,32.38
USR00205,2026-05-10,39.86
USR00205,2026-05-09,47.1
USR00205,2026-05-08,40.09
USR00205,2026-05-07,43.18
USR00205,2026-05-06,50.11
USR00205,2026-05-05,42.21
USR00205,2026-05-04,37.46
USR00205,2026-05-03,38.02
USR00205,2026-05-02,40.57
USR00205,2026-05-01,38.0
USR00205,2026-04-30,38.3
USR00205,2026-04-29,44.56
USR00205,2026-04-28,44.73
USR00205,2026-04-27,33.89
USR00205,2026-04-26,37.25
USR00205,2026-04-25,38.68
USR00205,2026-04-24,43.0
USR00205,2026-04-23,45.2
USR00206,2026-05-22,98.39
USR00206,2026-05-21,98.9
USR00206,2026-05-20,109.27
USR00206,2026-05-19,96.15
USR00206,2026-05-18,101.74
USR00206,2026-05-17,98.91
USR00206,2026-05-16,76.14
USR00206,2026-05-15,104.47
USR00206,2026-05-14,101.31
USR00206,2026-05-13,116.31
USR00206,2026-05-12,103.25
USR00206,2026-05-11,90.25
USR00206,2026-05-10,100.53
USR00206,2026-05-09,81.62
USR00206,2026-05-08,90.7
USR00206,2026-05-07,109.75
USR00206,2026-05-06,100.64
USR00206,2026-05-05,112.71
USR00206,2026-05-04,82.9
USR00206,2026-05-03,100.69
USR00206,2026-05-02,98.29
USR00206,2026-05-01,113.06
USR00206,2026-04-30,110.14
USR00206,2026-04-29,109.82
USR00206,2026-04-28,119.1
USR00206,2026-04-27,99.4
USR00206,2026-04-26,116.97
USR00206,2026-04-25,92.42
USR00206,2026-04-24,92.04
USR00206,2026-04-23,110.96
USR00207,2026-05-22,4.99
USR00207,2026-05-21,4.77
USR00207,2026-05-20,5.23
USR00207,2026-05-19,4.69
USR00207,2026-05-18,4.75
USR00207,2026-05-17,4.96
USR00207,2026-05-16,4.41
USR00207,2026-05-15,4.39
USR00207,2026-05-14,4.94
USR00207,2026-05-13,4.71
USR00207,2026-05-12,4.53
USR00207,2026-05-11,4.68
USR00207,2026-05-10,5.47
USR00207,2026-05-09,4.51
USR00207,2026-05-08,4.5
USR00207,2026-05-07,3.91
USR00207,2026-05-06,4.7
USR00207,2026-05-05,5.03
USR00207,2026-05-04,5.11
USR00207,2026-05-03,4.77
USR00207,2026-05-02,5.17
USR00207,2026-05-01,5.06
USR00207,2026-04-30,5.24
USR00207,2026-04-29,5.18
USR00207,2026-04-28,5.46
USR00207,2026-04-27,4.64
USR00207,2026-04-26,4.09
USR00207,2026-04-25,5.03
USR00207,2026-04-24,5.09
USR00207,2026-04-23,5.46
USR00208,2026-05-22,36.5
USR00208,2026-05-21,32.45
USR00208,2026-05-20,31.25
USR00208,2026-05-19,26.32
USR00208,2026-05-18,31.5
USR00208,2026-05-17,28.87
USR00208,2026-05-16,31.2
USR00208,2026-05-15,30.72
USR00208,2026-05-14,32.0
USR00208,2026-05-13,30.26
USR00208,2026-05-12,33.41
USR00208,2026-05-11,22.23
USR00208,2026-05-10,31.13
USR00208,2026-05-09,34.23
USR00208,2026-05-08,36.27
USR00208,2026-05-07,32.79
USR00208,2026-05-06,35.7
USR00208,2026-05-05,31.07
USR00208,2026-05-04,30.56
USR00208,2026-05-03,32.17
USR00208,2026-05-02,30.54
USR00208,2026-05-01,28.16
USR00208,2026-04-30,28.98
USR00208,2026-04-29,27.16
USR00208,2026-04-28,32.17
USR00208,2026-04-27,30.59
USR00208,2026-04-26,29.45
USR00208,2026-04-25,28.82
USR00208,2026-04-24,32.1
USR00208,2026-04-23,32.94
USR00209,2026-05-22,11.89
USR00209,2026-05-21,12.19
USR00209,2026-05-20,15.32
USR00209,2026-05-19,12.06
USR00209,2026-05-18,14.75
USR00209,2026-05-17,16.25
USR00209,2026-05-16,16.25
USR00209,2026-05-15,15.02
USR00209,2026-05-14,14.98
USR00209,2026-05-13,17.14
USR00209,2026-05-12,10.72
USR00209,2026-05-11,13.34
USR00209,2026-05-10,15.17
USR00209,2026-05-09,13.52
USR00209,2026-05-08,15.72
USR00209,2026-05-07,13.93
USR00209,2026-05-06,14.17
USR00209,2026-05-05,13.6
USR00209,2026-05-04,13.26
USR00209,2026-05-03,13.22
USR00209,2026-05-02,14.37
USR00209,2026-05-01,12.9
USR00209,2026-04-30,15.32
USR00209,2026-04-29,14.9
USR00209,2026-04-28,15.53
USR00209,2026-04-27,12.41
USR00209,2026-04-26,11.61
USR00209,2026-04-25,13.98
USR00209,2026-04-24,18.04
USR00209,2026-04-23,15.76
USR00210,2026-05-22,308.92
USR00210,2026-05-21,317.9
USR00210,2026-05-20,255.79
USR00210,2026-05-19,336.93
USR00210,2026-05-18,291.38
USR00210,2026-05-17,293.66
USR00210,2026-05-16,297.05
USR00210,2026-05-15,330.26
USR00210,2026-05-14,273.96
USR00210,2026-05-13,245.76
USR00210,2026-05-12,305.91
USR00210,2026-05-11,235.78
USR00210,2026-05-10,287.42
USR00210,2026-05-09,331.51
USR00210,2026-05-08,313.5
USR00210,2026-05-07,327.23
USR00210,2026-05-06,314.73
USR00210,2026-05-05,367.77
USR00210,2026-05-04,278.91
USR00210,2026-05-03,308.14
USR00210,2026-05-02,283.36
USR00210,2026-05-01,324.7
USR00210,2026-04-30,294.52
USR00210,2026-04-29,347.28
USR00210,2026-04-28,280.61
USR00210,2026-04-27,338.04
USR00210,2026-04-26,313.92
USR00210,2026-04-25,295.38
USR00210,2026-04-24,312.42
USR00210,2026-04-23,304.09
USR00211,2026-05-22,169.17
USR00211,2026-05-21,160.63
USR00211,2026-05-20,166.96
USR00211,2026-05-19,143.67
USR00211,2026-05-18,187.29
USR00211,2026-05-17,151.41
USR00211,2026-05-16,168.99
USR00211,2026-05-15,183.94
USR00211,2026-05-14,187.25
USR00211,2026-05-13,142.09
USR00211,2026-05-12,171.16
USR00211,2026-05-11,180.69
USR00211,2026-05-10,173.65
USR00211,2026-05-09,195.97
USR00211,2026-05-08,158.55
USR00211,2026-05-07,137.35
USR00211,2026-05-06,186.75
USR00211,2026-05-05,163.47
USR00211,2026-05-04,142.37
USR00211,2026-05-03,170.01
USR00211,2026-05-02,194.01
USR00211,2026-05-01,150.93
USR00211,2026-04-30,213.1
USR00211,2026-04-29,158.27
USR00211,2026-04-28,174.25
USR00211,2026-04-27,151.69
USR00211,2026-04-26,173.47
USR00211,2026-04-25,170.44
USR00211,2026-04-24,147.02
USR00211,2026-04-23,221.56
USR00212,2026-05-22,124.37
USR00212,2026-05-21,143.52
USR00212,2026-05-20,154.58
USR00212,2026-05-19,145.58
USR00212,2026-05-18,115.13
USR00212,2026-05-17,133.64
USR00212,2026-05-16,106.23
USR00212,2026-05-15,142.64
USR00212,2026-05-14,109.45
USR00212,2026-05-13,120.33
USR00212,2026-05-12,130.8
USR00212,2026-05-11,136.67
USR00212,2026-05-10,127.43
USR00212,2026-05-09,150.72
USR00212,2026-05-08,140.31
USR00212,2026-05-07,139.28
USR00212,2026-05-06,114.76
USR00212,2026-05-05,153.08
USR00212,2026-05-04,120.34
USR00212,2026-05-03,153.58
USR00212,2026-05-02,157.3
USR00212,2026-05-01,137.55
USR00212,2026-04-30,144.35
USR00212,2026-04-29,90.51
USR00212,2026-04-28,128.29
USR00212,2026-04-27,145.27
USR00212,2026-04-26,142.94
USR00212,2026-04-25,114.88
USR00212,2026-04-24,127.0
USR00212,2026-04-23,97.66
USR00213,2026-05-22,20.36
USR00213,2026-05-21,27.92
USR00213,2026-05-20,28.05
USR00213,2026-05-19,23.89
USR00213,2026-05-18,26.39
USR00213,2026-05-17,24.54
USR00213,2026-05-16,25.69
USR00213,2026-05-15,22.21
USR00213,2026-05-14,26.65
USR00213,2026-05-13,20.97
USR00213,2026-05-12,20.49
USR00213,2026-05-11,24.78
USR00213,2026-05-10,24.55
USR00213,2026-05-09,25.77
USR00213,2026-05-08,23.45
USR00213,2026-05-07,29.81
USR00213,2026-05-06,25.49
USR00213,2026-05-05,25.67
USR00213,2026-05-04,25.58
USR00213,2026-05-03,27.6
USR00213,2026-05-02,26.53
USR00213,2026-05-01,26.19
USR00213,2026-04-30,26.93
USR00213,2026-04-29,20.51
USR00213,2026-04-28,20.6
USR00213,2026-04-27,24.89
USR00213,2026-04-26,24.59
USR00213,2026-04-25,26.54
USR00213,2026-04-24,25.13
USR00213,2026-04-23,26.54
USR00214,2026-05-22,29.66
USR00214,2026-05-21,25.71
USR00214,2026-05-20,30.84
USR00214,2026-05-19,24.11
USR00214,2026-05-18,30.72
USR00214,2026-05-17,25.33
USR00214,2026-05-16,28.55
USR00214,2026-05-15,32.35
USR00214,2026-05-14,30.36
USR00214,2026-05-13,24.8
USR00214,2026-05-12,27.69
USR00214,2026-05-11,25.23
USR00214,2026-05-10,24.66
USR00214,2026-05-09,30.04
USR00214,2026-05-08,31.35
USR00214,2026-05-07,31.0
USR00214,2026-05-06,31.48
USR00214,2026-05-05,29.65
USR00214,2026-05-04,28.88
USR00214,2026-05-03,26.5
USR00214,2026-05-02,28.38
USR00214,2026-05-01,25.77
USR00214,2026-04-30,27.18
USR00214,2026-04-29,29.95
USR00214,2026-04-28,29.34
USR00214,2026-04-27,38.79
USR00214,2026-04-26,25.69
USR00214,2026-04-25,29.32
USR00214,2026-04-24,25.46
USR00214,2026-04-23,28.54
USR00215,2026-05-22,88.55
USR00215,2026-05-21,77.98
USR00215,2026-05-20,80.09
USR00215,2026-05-19,78.14
USR00215,2026-05-18,70.21
USR00215,2026-05-17,76.32
USR00215,2026-05-16,78.53
USR00215,2026-05-15,82.25
USR00215,2026-05-14,86.21
USR00215,2026-05-13,79.73
USR00215,2026-05-12,79.59
USR00215,2026-05-11,67.6
USR00215,2026-05-10,86.06
USR00215,2026-05-09,75.97
USR00215,2026-05-08,87.75
USR00215,2026-05-07,92.4
USR00215,2026-05-06,80.11
USR00215,2026-05-05,73.29
USR00215,2026-05-04,81.51
USR00215,2026-05-03,84.5
USR00215,2026-05-02,79.07
USR00215,2026-05-01,77.04
USR00215,2026-04-30,86.25
USR00215,2026-04-29,85.71
USR00215,2026-04-28,78.82
USR00215,2026-04-27,68.14
USR00215,2026-04-26,85.37
USR00215,2026-04-25,75.38
USR00215,2026-04-24,83.4
USR00215,2026-04-23,82.88
USR00216,2026-05-22,44.05
USR00216,2026-05-21,45.95
USR00216,2026-05-20,46.48
USR00216,2026-05-19,44.21
USR00216,2026-05-18,35.06
USR00216,2026-05-17,49.28
USR00216,2026-05-16,45.49
USR00216,2026-05-15,38.44
USR00216,2026-05-14,40.26
USR00216,2026-05-13,44.71
USR00216,2026-05-12,46.67
USR00216,2026-05-11,41.57
USR00216,2026-05-10,47.31
USR00216,2026-05-09,35.86
USR00216,2026-05-08,39.14
USR00216,2026-05-07,34.68
USR00216,2026-05-06,39.78
USR00216,2026-05-05,50.29
USR00216,2026-05-04,52.69
USR00216,2026-05-03,44.72
USR00216,2026-05-02,40.91
USR00216,2026-05-01,42.73
USR00216,2026-04-30,45.77
USR00216,2026-04-29,36.87
USR00216,2026-04-28,41.2
USR00216,2026-04-27,49.97
USR00216,2026-04-26,39.13
USR00216,2026-04-25,40.42
USR00216,2026-04-24,43.76
USR00216,2026-04-23,44.94
USR00217,2026-05-22,16.62
USR00217,2026-05-21,17.5
USR00217,2026-05-20,19.73
USR00217,2026-05-19,16.29
USR00217,2026-05-18,16.43
USR00217,2026-05-17,19.02
USR00217,2026-05-16,15.59
USR00217,2026-05-15,14.31
USR00217,2026-05-14,16.91
USR00217,2026-05-13,18.27
USR00217,2026-05-12,17.09
USR00217,2026-05-11,16.34
USR00217,2026-05-10,14.11
USR00217,2026-05-09,16.4
USR00217,2026-05-08,18.53
USR00217,2026-05-07,14.46
USR00217,2026-05-06,16.09
USR00217,2026-05-05,15.86
USR00217,2026-05-04,15.35
USR00217,2026-05-03,16.91
USR00217,2026-05-02,17.23
USR00217,2026-05-01,17.21
USR00217,2026-04-30,14.89
USR00217,2026-04-29,13.78
USR00217,2026-04-28,16.93
USR00217,2026-04-27,15.66
USR00217,2026-04-26,19.53
USR00217,2026-04-25,19.61
USR00217,2026-04-24,19.78
USR00217,2026-04-23,14.95
USR00218,2026-05-22,441.1
USR00218,2026-05-21,436.53
USR00218,2026-05-20,391.38
USR00218,2026-05-19,457.66
USR00218,2026-05-18,405.78
USR00218,2026-05-17,410.96
USR00218,2026-05-16,343.36
USR00218,2026-05-15,431.92
USR00218,2026-05-14,395.19
USR00218,2026-05-13,424.62
USR00218,2026-05-12,415.3
USR00218,2026-05-11,413.1
USR00218,2026-05-10,403.9
USR00218,2026-05-09,437.68
USR00218,2026-05-08,397.69
USR00218,2026-05-07,346.71
USR00218,2026-05-06,428.85
USR00218,2026-05-05,372.93
USR00218,2026-05-04,352.03
USR00218,2026-05-03,364.28
USR00218,2026-05-02,417.26
USR00218,2026-05-01,401.84
USR00218,2026-04-30,319.22
USR00218,2026-04-29,390.19
USR00218,2026-04-28,453.2
USR00218,2026-04-27,387.45
USR00218,2026-04-26,399.05
USR00218,2026-04-25,448.08
USR00218,2026-04-24,438.04
USR00218,2026-04-23,447.22
USR00219,2026-05-22,16.04
USR00219,2026-05-21,14.54
USR00219,2026-05-20,17.03
USR00219,2026-05-19,12.6
USR00219,2026-05-18,11.26
USR00219,2026-05-17,13.68
USR00219,2026-05-16,13.29
USR00219,2026-05-15,14.56
USR00219,2026-05-14,15.14
USR00219,2026-05-13,13.55
USR00219,2026-05-12,13.34
USR00219,2026-05-11,14.38
USR00219,2026-05-10,13.32
USR00219,2026-05-09,13.2
USR00219,2026-05-08,15.09
USR00219,2026-05-07,15.39
USR00219,2026-05-06,15.15
USR00219,2026-05-05,13.44
USR00219,2026-05-04,10.74
USR00219,2026-05-03,13.47
USR00219,2026-05-02,12.63
USR00219,2026-05-01,13.49
USR00219,2026-04-30,12.75
USR00219,2026-04-29,13.64
USR00219,2026-04-28,12.25
USR00219,2026-04-27,11.92
USR00219,2026-04-26,15.34
USR00219,2026-04-25,12.34
USR00219,2026-04-24,13.67
USR00219,2026-04-23,14.97
USR00220,2026-05-22,38.35
USR00220,2026-05-21,36.6
USR00220,2026-05-20,38.1
USR00220,2026-05-19,40.4
USR00220,2026-05-18,37.04
USR00220,2026-05-17,29.0
USR00220,2026-05-16,33.65
USR00220,2026-05-15,38.0
USR00220,2026-05-14,33.3
USR00220,2026-05-13,41.28
USR00220,2026-05-12,35.3
USR00220,2026-05-11,35.83
USR00220,2026-05-10,39.52
USR00220,2026-05-09,34.88
USR00220,2026-05-08,36.15
USR00220,2026-05-07,38.72
USR00220,2026-05-06,30.3
USR00220,2026-05-05,34.51
USR00220,2026-05-04,38.47
USR00220,2026-05-03,35.76
USR00220,2026-05-02,40.74
USR00220,2026-05-01,29.93
USR00220,2026-04-30,29.52
USR00220,2026-04-29,38.26
USR00220,2026-04-28,38.6
USR00220,2026-04-27,34.84
USR00220,2026-04-26,36.95
USR00220,2026-04-25,38.17
USR00220,2026-04-24,32.63
USR00220,2026-04-23,33.02
USR00221,2026-05-22,49.82
USR00221,2026-05-21,40.36
USR00221,2026-05-20,44.78
USR00221,2026-05-19,44.57
USR00221,2026-05-18,47.6
USR00221,2026-05-17,45.65
USR00221,2026-05-16,43.19
USR00221,2026-05-15,51.39
USR00221,2026-05-14,43.22
USR00221,2026-05-13,44.35
USR00221,2026-05-12,38.42
USR00221,2026-05-11,42.43
USR00221,2026-05-10,48.05
USR00221,2026-05-09,47.15
USR00221,2026-05-08,48.43
USR00221,2026-05-07,48.21
USR00221,2026-05-06,55.23
USR00221,2026-05-05,42.27
USR00221,2026-05-04,38.29
USR00221,2026-05-03,40.89
USR00221,2026-05-02,42.47
USR00221,2026-05-01,41.24
USR00221,2026-04-30,46.12
USR00221,2026-04-29,51.41
USR00221,2026-04-28,52.72
USR00221,2026-04-27,47.99
USR00221,2026-04-26,55.47
USR00221,2026-04-25,44.06
USR00221,2026-04-24,38.23
USR00221,2026-04-23,50.5
USR00222,2026-05-22,44.25
USR00222,2026-05-21,50.35
USR00222,2026-05-20,47.37
USR00222,2026-05-19,46.95
USR00222,2026-05-18,42.21
USR00222,2026-05-17,47.81
USR00222,2026-05-16,52.66
USR00222,2026-05-15,47.96
USR00222,2026-05-14,43.89
USR00222,2026-05-13,41.89
USR00222,2026-05-12,43.99
USR00222,2026-05-11,49.74
USR00222,2026-05-10,49.51
USR00222,2026-05-09,44.03
USR00222,2026-05-08,37.28
USR00222,2026-05-07,49.87
USR00222,2026-05-06,43.56
USR00222,2026-05-05,51.16
USR00222,2026-05-04,44.24
USR00222,2026-05-03,43.13
USR00222,2026-05-02,48.59
USR00222,2026-05-01,59.15
USR00222,2026-04-30,51.45
USR00222,2026-04-29,48.51
USR00222,2026-04-28,49.58
USR00222,2026-04-27,39.48
USR00222,2026-04-26,42.49
USR00222,2026-04-25,35.84
USR00222,2026-04-24,56.14
USR00222,2026-04-23,55.17
USR00223,2026-05-22,208.66
USR00223,2026-05-21,173.93
USR00223,2026-05-20,201.36
USR00223,2026-05-19,242.78
USR00223,2026-05-18,208.58
USR00223,2026-05-17,194.25
USR00223,2026-05-16,169.68
USR00223,2026-05-15,234.29
USR00223,2026-05-14,204.43
USR00223,2026-05-13,169.71
USR00223,2026-05-12,186.85
USR00223,2026-05-11,179.57
USR00223,2026-05-10,203.16
USR00223,2026-05-09,210.14
USR00223,2026-05-08,195.51
USR00223,2026-05-07,221.87
USR00223,2026-05-06,207.5
USR00223,2026-05-05,227.74
USR00223,2026-05-04,198.52
USR00223,2026-05-03,268.57
USR00223,2026-05-02,194.25
USR00223,2026-05-01,187.28
USR00223,2026-04-30,184.75
USR00223,2026-04-29,201.53
USR00223,2026-04-28,170.47
USR00223,2026-04-27,211.94
USR00223,2026-04-26,166.65
USR00223,2026-04-25,209.2
USR00223,2026-04-24,178.06
USR00223,2026-04-23,198.02
USR00224,2026-05-22,35.81
USR00224,2026-05-21,25.97
USR00224,2026-05-20,28.67
USR00224,2026-05-19,27.0
USR00224,2026-05-18,26.57
USR00224,2026-05-17,27.02
USR00224,2026-05-16,31.5
USR00224,2026-05-15,27.68
USR00224,2026-05-14,35.65
USR00224,2026-05-13,30.31
USR00224,2026-05-12,26.16
USR00224,2026-05-11,28.04
USR00224,2026-05-10,26.77
USR00224,2026-05-09,31.43
USR00224,2026-05-08,24.33
USR00224,2026-05-07,25.2
USR00224,2026-05-06,27.38
USR00224,2026-05-05,31.09
USR00224,2026-05-04,32.69
USR00224,2026-05-03,33.12
USR00224,2026-05-02,30.65
USR00224,2026-05-01,28.86
USR00224,2026-04-30,31.42
USR00224,2026-04-29,25.77
USR00224,2026-04-28,23.73
USR00224,2026-04-27,30.37
USR00224,2026-04-26,26.18
USR00224,2026-04-25,28.91
USR00224,2026-04-24,29.45
USR00224,2026-04-23,29.83
USR00225,2026-05-22,386.5
USR00225,2026-05-21,363.77
USR00225,2026-05-20,341.04
USR00225,2026-05-19,360.66
USR00225,2026-05-18,335.54
USR00225,2026-05-17,349.8
USR00225,2026-05-16,450.23
USR00225,2026-05-15,363.31
USR00225,2026-05-14,372.88
USR00225,2026-05-13,331.64
USR00225,2026-05-12,393.21
USR00225,2026-05-11,383.94
USR00225,2026-05-10,384.19
USR00225,2026-05-09,364.48
USR00225,2026-05-08,393.71
USR00225,2026-05-07,402.19
USR00225,2026-05-06,366.91
USR00225,2026-05-05,352.72
USR00225,2026-05-04,388.73
USR00225,2026-05-03,324.55
USR00225,2026-05-02,331.19
USR00225,2026-05-01,354.91
USR00225,2026-04-30,294.68
USR00225,2026-04-29,386.34
USR00225,2026-04-28,322.45
USR00225,2026-04-27,339.99
USR00225,2026-04-26,349.2
USR00225,2026-04-25,358.21
USR00225,2026-04-24,344.55
USR00225,2026-04-23,354.41
USR00226,2026-05-22,25.67
USR00226,2026-05-21,24.8
USR00226,2026-05-20,29.78
USR00226,2026-05-19,21.22
USR00226,2026-05-18,26.32
USR00226,2026-05-17,25.62
USR00226,2026-05-16,28.0
USR00226,2026-05-15,22.97
USR00226,2026-05-14,25.53
USR00226,2026-05-13,26.6
USR00226,2026-05-12,29.75
USR00226,2026-05-11,27.77
USR00226,2026-05-10,23.7
USR00226,2026-05-09,25.57
USR00226,2026-05-08,29.26
USR00226,2026-05-07,23.65
USR00226,2026-05-06,26.66
USR00226,2026-05-05,26.85
USR00226,2026-05-04,25.84
USR00226,2026-05-03,34.12
USR00226,2026-05-02,25.77
USR00226,2026-05-01,28.08
USR00226,2026-04-30,24.82
USR00226,2026-04-29,28.29
USR00226,2026-04-28,29.22
USR00226,2026-04-27,25.3
USR00226,2026-04-26,26.73
USR00226,2026-04-25,24.47
USR00226,2026-04-24,23.8
USR00226,2026-04-23,29.66
USR00227,2026-05-22,50.19
USR00227,2026-05-21,77.84
USR00227,2026-05-20,60.86
USR00227,2026-05-19,64.53
USR00227,2026-05-18,77.02
USR00227,2026-05-17,65.23
USR00227,2026-05-16,65.08
USR00227,2026-05-15,58.04
USR00227,2026-05-14,55.35
USR00227,2026-05-13,65.06
USR00227,2026-05-12,68.56
USR00227,2026-05-11,68.18
USR00227,2026-05-10,62.98
USR00227,2026-05-09,66.3
USR00227,2026-05-08,54.01
USR00227,2026-05-07,69.21
USR00227,2026-05-06,67.23
USR00227,2026-05-05,79.22
USR00227,2026-05-04,66.21
USR00227,2026-05-03,59.93
USR00227,2026-05-02,65.83
USR00227,2026-05-01,63.99
USR00227,2026-04-30,69.04
USR00227,2026-04-29,66.34
USR00227,2026-04-28,57.83
USR00227,2026-04-27,55.34
USR00227,2026-04-26,67.9
USR00227,2026-04-25,75.31
USR00227,2026-04-24,66.69
USR00227,2026-04-23,71.54
USR00228,2026-05-22,274.93
USR00228,2026-05-21,245.98
USR00228,2026-05-20,273.02
USR00228,2026-05-19,300.11
USR00228,2026-05-18,281.98
USR00228,2026-05-17,287.83
USR00228,2026-05-16,255.4
USR00228,2026-05-15,262.37
USR00228,2026-05-14,264.61
USR00228,2026-05-13,266.41
USR00228,2026-05-12,299.07
USR00228,2026-05-11,204.93
USR00228,2026-05-10,268.61
USR00228,2026-05-09,265.66
USR00228,2026-05-08,231.06
USR00228,2026-05-07,285.78
USR00228,2026-05-06,248.39
USR00228,2026-05-05,258.23
USR00228,2026-05-04,317.3
USR00228,2026-05-03,294.83
USR00228,2026-05-02,283.17
USR00228,2026-05-01,277.99
USR00228,2026-04-30,263.38
USR00228,2026-04-29,321.33
USR00228,2026-04-28,289.27
USR00228,2026-04-27,247.72
USR00228,2026-04-26,230.3
USR00228,2026-04-25,282.97
USR00228,2026-04-24,266.29
USR00228,2026-04-23,229.52
USR00229,2026-05-22,85.77
USR00229,2026-05-21,92.82
USR00229,2026-05-20,92.03
USR00229,2026-05-19,82.78
USR00229,2026-05-18,93.72
USR00229,2026-05-17,83.75
USR00229,2026-05-16,84.33
USR00229,2026-05-15,83.45
USR00229,2026-05-14,98.11
USR00229,2026-05-13,85.67
USR00229,2026-05-12,100.24
USR00229,2026-05-11,103.86
USR00229,2026-05-10,81.63
USR00229,2026-05-09,62.4
USR00229,2026-05-08,97.35
USR00229,2026-05-07,85.13
USR00229,2026-05-06,80.51
USR00229,2026-05-05,82.95
USR00229,2026-05-04,84.48
USR00229,2026-05-03,99.57
USR00229,2026-05-02,89.55
USR00229,2026-05-01,99.45
USR00229,2026-04-30,92.5
USR00229,2026-04-29,85.42
USR00229,2026-04-28,84.7
USR00229,2026-04-27,93.09
USR00229,2026-04-26,95.37
USR00229,2026-04-25,96.93
USR00229,2026-04-24,85.84
USR00229,2026-04-23,89.69
USR00230,2026-05-22,46.09
USR00230,2026-05-21,42.49
USR00230,2026-05-20,44.06
USR00230,2026-05-19,46.77
USR00230,2026-05-18,51.1
USR00230,2026-05-17,53.96
USR00230,2026-05-16,41.43
USR00230,2026-05-15,45.07
USR00230,2026-05-14,46.21
USR00230,2026-05-13,51.74
USR00230,2026-05-12,45.4
USR00230,2026-05-11,45.87
USR00230,2026-05-10,41.16
USR00230,2026-05-09,50.25
USR00230,2026-05-08,47.16
USR00230,2026-05-07,44.79
USR00230,2026-05-06,46.69
USR00230,2026-05-05,53.33
USR00230,2026-05-04,43.11
USR00230,2026-05-03,43.9
USR00230,2026-05-02,53.93
USR00230,2026-05-01,48.29
USR00230,2026-04-30,51.14
USR00230,2026-04-29,49.85
USR00230,2026-04-28,47.76
USR00230,2026-04-27,46.26
USR00230,2026-04-26,51.91
USR00230,2026-04-25,53.5
USR00230,2026-04-24,53.13
USR00230,2026-04-23,42.25
USR00231,2026-05-22,295.07
USR00231,2026-05-21,282.91
USR00231,2026-05-20,300.84
USR00231,2026-05-19,331.45
USR00231,2026-05-18,322.56
USR00231,2026-05-17,298.2
USR00231,2026-05-16,331.65
USR00231,2026-05-15,310.3
USR00231,2026-05-14,288.49
USR00231,2026-05-13,284.35
USR00231,2026-05-12,318.57
USR00231,2026-05-11,303.5
USR00231,2026-05-10,263.93
USR00231,2026-05-09,331.95
USR00231,2026-05-08,291.32
USR00231,2026-05-07,354.74
USR00231,2026-05-06,263.09
USR00231,2026-05-05,300.49
USR00231,2026-05-04,284.6
USR00231,2026-05-03,276.17
USR00231,2026-05-02,291.12
USR00231,2026-05-01,360.2
USR00231,2026-04-30,310.41
USR00231,2026-04-29,281.79
USR00231,2026-04-28,250.06
USR00231,2026-04-27,253.34
USR00231,2026-04-26,289.6
USR00231,2026-04-25,286.63
USR00231,2026-04-24,299.16
USR00231,2026-04-23,236.49
USR00232,2026-05-22,42.45
USR00232,2026-05-21,44.74
USR00232,2026-05-20,31.2
USR00232,2026-05-19,35.41
USR00232,2026-05-18,35.21
USR00232,2026-05-17,39.06
USR00232,2026-05-16,33.8
USR00232,2026-05-15,44.97
USR00232,2026-05-14,38.66
USR00232,2026-05-13,38.02
USR00232,2026-05-12,44.63
USR00232,2026-05-11,38.43
USR00232,2026-05-10,40.04
USR00232,2026-05-09,35.6
USR00232,2026-05-08,33.22
USR00232,2026-05-07,36.15
USR00232,2026-05-06,46.91
USR00232,2026-05-05,40.93
USR00232,2026-05-04,39.55
USR00232,2026-05-03,34.74
USR00232,2026-05-02,42.0
USR00232,2026-05-01,33.27
USR00232,2026-04-30,32.46
USR00232,2026-04-29,36.34
USR00232,2026-04-28,46.02
USR00232,2026-04-27,45.8
USR00232,2026-04-26,36.76
USR00232,2026-04-25,35.9
USR00232,2026-04-24,32.18
USR00232,2026-04-23,38.8
USR00233,2026-05-22,35.1
USR00233,2026-05-21,35.5
USR00233,2026-05-20,31.89
USR00233,2026-05-19,34.34
USR00233,2026-05-18,30.25
USR00233,2026-05-17,34.28
USR00233,2026-05-16,30.88
USR00233,2026-05-15,34.03
USR00233,2026-05-14,33.76
USR00233,2026-05-13,32.76
USR00233,2026-05-12,35.12
USR00233,2026-05-11,27.42
USR00233,2026-05-10,29.07
USR00233,2026-05-09,31.65
USR00233,2026-05-08,27.84
USR00233,2026-05-07,31.21
USR00233,2026-05-06,31.31
USR00233,2026-05-05,36.79
USR00233,2026-05-04,33.0
USR00233,2026-05-03,35.88
USR00233,2026-05-02,33.51
USR00233,2026-05-01,30.79
USR00233,2026-04-30,32.97
USR00233,2026-04-29,34.91
USR00233,2026-04-28,36.42
USR00233,2026-04-27,32.1
USR00233,2026-04-26,27.17
USR00233,2026-04-25,26.94
USR00233,2026-04-24,31.47
USR00233,2026-04-23,24.93
USR00234,2026-05-22,350.13
USR00234,2026-05-21,309.4
USR00234,2026-05-20,293.74
USR00234,2026-05-19,364.37
USR00234,2026-05-18,293.61
USR00234,2026-05-17,296.76
USR00234,2026-05-16,305.1
USR00234,2026-05-15,334.17
USR00234,2026-05-14,350.92
USR00234,2026-05-13,369.81
USR00234,2026-05-12,364.93
USR00234,2026-05-11,330.43
USR00234,2026-05-10,364.12
USR00234,2026-05-09,308.24
USR00234,2026-05-08,270.24
USR00234,2026-05-07,308.23
USR00234,2026-05-06,303.77
USR00234,2026-05-05,309.52
USR00234,2026-05-04,298.71
USR00234,2026-05-03,315.17
USR00234,2026-05-02,350.89
USR00234,2026-05-01,387.08
USR00234,2026-04-30,273.4
USR00234,2026-04-29,287.86
USR00234,2026-04-28,304.26
USR00234,2026-04-27,355.71
USR00234,2026-04-26,323.63
USR00234,2026-04-25,306.48
USR00234,2026-04-24,354.09
USR00234,2026-04-23,362.0
USR00235,2026-05-22,40.56
USR00235,2026-05-21,45.35
USR00235,2026-05-20,43.13
USR00235,2026-05-19,43.1
USR00235,2026-05-18,41.9
USR00235,2026-05-17,48.25
USR00235,2026-05-16,45.26
USR00235,2026-05-15,48.73
USR00235,2026-05-14,50.06
USR00235,2026-05-13,46.19
USR00235,2026-05-12,41.92
USR00235,2026-05-11,48.75
USR00235,2026-05-10,46.22
USR00235,2026-05-09,55.66
USR00235,2026-05-08,45.53
USR00235,2026-05-07,47.24
USR00235,2026-05-06,45.44
USR00235,2026-05-05,43.72
USR00235,2026-05-04,43.02
USR00235,2026-05-03,45.46
USR00235,2026-05-02,46.46
USR00235,2026-05-01,49.26
USR00235,2026-04-30,45.52
USR00235,2026-04-29,42.12
USR00235,2026-04-28,42.72
USR00235,2026-04-27,38.32
USR00235,2026-04-26,51.5
USR00235,2026-04-25,41.77
USR00235,2026-04-24,48.43
USR00235,2026-04-23,45.38
USR00236,2026-05-22,44.51
USR00236,2026-05-21,41.49
USR00236,2026-05-20,40.67
USR00236,2026-05-19,52.82
USR00236,2026-05-18,45.55
USR00236,2026-05-17,50.1
USR00236,2026-05-16,51.27
USR00236,2026-05-15,43.18
USR00236,2026-05-14,46.94
USR00236,2026-05-13,45.24
USR00236,2026-05-12,39.82
USR00236,2026-05-11,44.2
USR00236,2026-05-10,47.68
USR00236,2026-05-09,42.79
USR00236,2026-05-08,43.57
USR00236,2026-05-07,44.25
USR00236,2026-05-06,54.54
USR00236,2026-05-05,36.78
USR00236,2026-05-04,47.29
USR00236,2026-05-03,43.89
USR00236,2026-05-02,42.15
USR00236,2026-05-01,43.78
USR00236,2026-04-30,48.04
USR00236,2026-04-29,48.3
USR00236,2026-04-28,45.87
USR00236,2026-04-27,49.96
USR00236,2026-04-26,50.75
USR00236,2026-04-25,48.71
USR00236,2026-04-24,42.57
USR00236,2026-04-23,47.26
USR00237,2026-05-22,122.5
USR00237,2026-05-21,112.45
USR00237,2026-05-20,106.4
USR00237,2026-05-19,134.31
USR00237,2026-05-18,137.35
USR00237,2026-05-17,117.62
USR00237,2026-05-16,147.33
USR00237,2026-05-15,135.41
USR00237,2026-05-14,151.38
USR00237,2026-05-13,138.32
USR00237,2026-05-12,119.16
USR00237,2026-05-11,139.49
USR00237,2026-05-10,142.32
USR00237,2026-05-09,126.08
USR00237,2026-05-08,114.14
USR00237,2026-05-07,134.72
USR00237,2026-05-06,120.03
USR00237,2026-05-05,148.33
USR00237,2026-05-04,127.95
USR00237,2026-05-03,156.38
USR00237,2026-05-02,105.05
USR00237,2026-05-01,135.18
USR00237,2026-04-30,152.44
USR00237,2026-04-29,121.5
USR00237,2026-04-28,131.26
USR00237,2026-04-27,128.0
USR00237,2026-04-26,124.26
USR00237,2026-04-25,136.64
USR00237,2026-04-24,116.1
USR00237,2026-04-23,131.9
USR00238,2026-05-22,47.46
USR00238,2026-05-21,43.65
USR00238,2026-05-20,53.5
USR00238,2026-05-19,52.04
USR00238,2026-05-18,43.45
USR00238,2026-05-17,42.22
USR00238,2026-05-16,43.88
USR00238,2026-05-15,51.15
USR00238,2026-05-14,49.84
USR00238,2026-05-13,52.33
USR00238,2026-05-12,46.92
USR00238,2026-05-11,44.02
USR00238,2026-05-10,52.96
USR00238,2026-05-09,45.82
USR00238,2026-05-08,49.41
USR00238,2026-05-07,40.98
USR00238,2026-05-06,45.74
USR00238,2026-05-05,53.4
USR00238,2026-05-04,45.03
USR00238,2026-05-03,52.45
USR00238,2026-05-02,37.2
USR00238,2026-05-01,45.79
USR00238,2026-04-30,47.67
USR00238,2026-04-29,56.95
USR00238,2026-04-28,42.83
USR00238,2026-04-27,51.76
USR00238,2026-04-26,53.63
USR00238,2026-04-25,45.0
USR00238,2026-04-24,46.69
USR00238,2026-04-23,49.19
USR00239,2026-05-22,33.55
USR00239,2026-05-21,39.63
USR00239,2026-05-20,36.99
USR00239,2026-05-19,34.6
USR00239,2026-05-18,35.55
USR00239,2026-05-17,37.19
USR00239,2026-05-16,37.86
USR00239,2026-05-15,33.19
USR00239,2026-05-14,40.54
USR00239,2026-05-13,39.78
USR00239,2026-05-12,37.53
USR00239,2026-05-11,32.19
USR00239,2026-05-10,31.56
USR00239,2026-05-09,34.0
USR00239,2026-05-08,35.36
USR00239,2026-05-07,28.93
USR00239,2026-05-06,36.89
USR00239,2026-05-05,39.67
USR00239,2026-05-04,37.18
USR00239,2026-05-03,32.77
USR00239,2026-05-02,32.36
USR00239,2026-05-01,36.2
USR00239,2026-04-30,34.61
USR00239,2026-04-29,36.71
USR00239,2026-04-28,37.26
USR00239,2026-04-27,38.99
USR00239,2026-04-26,31.17
USR00239,2026-04-25,35.93
USR00239,2026-04-24,33.87
USR00239,2026-04-23,34.8
USR00240,2026-05-22,38.34
USR00240,2026-05-21,39.83
USR00240,2026-05-20,36.43
USR00240,2026-05-19,34.56
USR00240,2026-05-18,34.06
USR00240,2026-05-17,28.88
USR00240,2026-05-16,39.63
USR00240,2026-05-15,33.82
USR00240,2026-05-14,36.71
USR00240,2026-05-13,37.32
USR00240,2026-05-12,30.59
USR00240,2026-05-11,31.72
USR00240,2026-05-10,40.35
USR00240,2026-05-09,35.96
USR00240,2026-05-08,32.92
USR00240,2026-05-07,34.5
USR00240,2026-05-06,38.74
USR00240,2026-05-05,38.21
USR00240,2026-05-04,29.82
USR00240,2026-05-03,40.66
USR00240,2026-05-02,38.32
USR00240,2026-05-01,34.41
USR00240,2026-04-30,30.78
USR00240,2026-04-29,38.63
USR00240,2026-04-28,36.61
USR00240,2026-04-27,29.85
USR00240,2026-04-26,34.13
USR00240,2026-04-25,45.87
USR00240,2026-04-24,35.0
USR00240,2026-04-23,32.35
USR00241,2026-05-22,18.83
USR00241,2026-05-21,17.35
USR00241,2026-05-20,18.25
USR00241,2026-05-19,16.4
USR00241,2026-05-18,18.0
USR00241,2026-05-17,14.64
USR00241,2026-05-16,16.26
USR00241,2026-05-15,16.46
USR00241,2026-05-14,18.21
USR00241,2026-05-13,16.51
USR00241,2026-05-12,15.0
USR00241,2026-05-11,16.1
USR00241,2026-05-10,13.32
USR00241,2026-05-09,12.29
USR00241,2026-05-08,17.33
USR00241,2026-05-07,15.4
USR00241,2026-05-06,15.58
USR00241,2026-05-05,17.33
USR00241,2026-05-04,18.23
USR00241,2026-05-03,16.85
USR00241,2026-05-02,19.08
USR00241,2026-05-01,16.8
USR00241,2026-04-30,16.48
USR00241,2026-04-29,16.38
USR00241,2026-04-28,13.94
USR00241,2026-04-27,17.53
USR00241,2026-04-26,12.09
USR00241,2026-04-25,15.06
USR00241,2026-04-24,16.04
USR00241,2026-04-23,14.73
USR00242,2026-05-22,407.03
USR00242,2026-05-21,381.75
USR00242,2026-05-20,320.22
USR00242,2026-05-19,327.65
USR00242,2026-05-18,299.89
USR00242,2026-05-17,368.03
USR00242,2026-05-16,335.21
USR00242,2026-05-15,276.19
USR00242,2026-05-14,347.26
USR00242,2026-05-13,358.89
USR00242,2026-05-12,376.91
USR00242,2026-05-11,341.27
USR00242,2026-05-10,330.98
USR00242,2026-05-09,412.08
USR00242,2026-05-08,344.02
USR00242,2026-05-07,368.53
USR00242,2026-05-06,325.25
USR00242,2026-05-05,367.51
USR00242,2026-05-04,293.75
USR00242,2026-05-03,327.91
USR00242,2026-05-02,302.25
USR00242,2026-05-01,323.0
USR00242,2026-04-30,386.78
USR00242,2026-04-29,322.74
USR00242,2026-04-28,368.49
USR00242,2026-04-27,395.96
USR00242,2026-04-26,342.85
USR00242,2026-04-25,377.96
USR00242,2026-04-24,362.05
USR00242,2026-04-23,347.8
USR00243,2026-05-22,550.97
USR00243,2026-05-21,435.7
USR00243,2026-05-20,420.72
USR00243,2026-05-19,417.98
USR00243,2026-05-18,511.63
USR00243,2026-05-17,517.91
USR00243,2026-05-16,440.36
USR00243,2026-05-15,365.95
USR00243,2026-05-14,433.95
USR00243,2026-05-13,490.85
USR00243,2026-05-12,462.25
USR00243,2026-05-11,473.74
USR00243,2026-05-10,441.0
USR00243,2026-05-09,512.54
USR00243,2026-05-08,481.32
USR00243,2026-05-07,492.64
USR00243,2026-05-06,472.75
USR00243,2026-05-05,489.75
USR00243,2026-05-04,486.69
USR00243,2026-05-03,422.16
USR00243,2026-05-02,482.71
USR00243,2026-05-01,502.18
USR00243,2026-04-30,519.11
USR00243,2026-04-29,484.72
USR00243,2026-04-28,420.43
USR00243,2026-04-27,427.6
USR00243,2026-04-26,445.1
USR00243,2026-04-25,474.17
USR00243,2026-04-24,459.66
USR00243,2026-04-23,413.06
USR00244,2026-05-22,9.99
USR00244,2026-05-21,8.7
USR00244,2026-05-20,12.47
USR00244,2026-05-19,15.57
USR00244,2026-05-18,14.91
USR00244,2026-05-17,11.4
USR00244,2026-05-16,12.83
USR00244,2026-05-15,10.79
USR00244,2026-05-14,10.98
USR00244,2026-05-13,11.13
USR00244,2026-05-12,12.35
USR00244,2026-05-11,12.41
USR00244,2026-05-10,12.96
USR00244,2026-05-09,13.48
USR00244,2026-05-08,12.21
USR00244,2026-05-07,12.68
USR00244,2026-05-06,11.26
USR00244,2026-05-05,10.94
USR00244,2026-05-04,10.74
USR00244,2026-05-03,13.46
USR00244,2026-05-02,12.21
USR00244,2026-05-01,10.27
USR00244,2026-04-30,12.56
USR00244,2026-04-29,11.06
USR00244,2026-04-28,14.74
USR00244,2026-04-27,11.91
USR00244,2026-04-26,13.5
USR00244,2026-04-25,14.01
USR00244,2026-04-24,11.43
USR00244,2026-04-23,12.73
USR00245,2026-05-22,234.26
USR00245,2026-05-21,239.94
USR00245,2026-05-20,200.79
USR00245,2026-05-19,244.41
USR00245,2026-05-18,220.32
USR00245,2026-05-17,239.67
USR00245,2026-05-16,252.88
USR00245,2026-05-15,247.07
USR00245,2026-05-14,239.65
USR00245,2026-05-13,246.45
USR00245,2026-05-12,247.52
USR00245,2026-05-11,266.21
USR00245,2026-05-10,230.79
USR00245,2026-05-09,235.38
USR00245,2026-05-08,253.16
USR00245,2026-05-07,220.22
USR00245,2026-05-06,200.66
USR00245,2026-05-05,243.0
USR00245,2026-05-04,226.81
USR00245,2026-05-03,203.62
USR00245,2026-05-02,243.17
USR00245,2026-05-01,264.72
USR00245,2026-04-30,193.84
USR00245,2026-04-29,255.25
USR00245,2026-04-28,172.83
USR00245,2026-04-27,222.31
USR00245,2026-04-26,274.2
USR00245,2026-04-25,223.98
USR00245,2026-04-24,233.66
USR00245,2026-04-23,249.25
USR00246,2026-05-22,217.95
USR00246,2026-05-21,217.78
USR00246,2026-05-20,256.69
USR00246,2026-05-19,189.65
USR00246,2026-05-18,208.13
USR00246,2026-05-17,196.3
USR00246,2026-05-16,194.01
USR00246,2026-05-15,240.79
USR00246,2026-05-14,216.97
USR00246,2026-05-13,204.37
USR00246,2026-05-12,205.18
USR00246,2026-05-11,204.2
USR00246,2026-05-10,206.14
USR00246,2026-05-09,189.03
USR00246,2026-05-08,210.79
USR00246,2026-05-07,208.62
USR00246,2026-05-06,199.99
USR00246,2026-05-05,219.75
USR00246,2026-05-04,221.58
USR00246,2026-05-03,204.34
USR00246,2026-05-02,213.27
USR00246,2026-05-01,263.1
USR00246,2026-04-30,262.27
USR00246,2026-04-29,193.58
USR00246,2026-04-28,196.6
USR00246,2026-04-27,193.47
USR00246,2026-04-26,239.26
USR00246,2026-04-25,207.77
USR00246,2026-04-24,221.58
USR00246,2026-04-23,259.6
USR00247,2026-05-22,40.84
USR00247,2026-05-21,40.13
USR00247,2026-05-20,35.9
USR00247,2026-05-19,42.18
USR00247,2026-05-18,34.9
USR00247,2026-05-17,43.25
USR00247,2026-05-16,35.9
USR00247,2026-05-15,36.32
USR00247,2026-05-14,33.99
USR00247,2026-05-13,34.62
USR00247,2026-05-12,36.52
USR00247,2026-05-11,28.87
USR00247,2026-05-10,37.25
USR00247,2026-05-09,36.21
USR00247,2026-05-08,41.16
USR00247,2026-05-07,39.76
USR00247,2026-05-06,35.44
USR00247,2026-05-05,36.39
USR00247,2026-05-04,37.25
USR00247,2026-05-03,43.81
USR00247,2026-05-02,35.01
USR00247,2026-05-01,35.4
USR00247,2026-04-30,33.84
USR00247,2026-04-29,32.49
USR00247,2026-04-28,39.31
USR00247,2026-04-27,38.92
USR00247,2026-04-26,43.04
USR00247,2026-04-25,42.12
USR00247,2026-04-24,47.29
USR00247,2026-04-23,37.86
USR00248,2026-05-22,23.45
USR00248,2026-05-21,28.84
USR00248,2026-05-20,27.28
USR00248,2026-05-19,28.71
USR00248,2026-05-18,23.89
USR00248,2026-05-17,27.91
USR00248,2026-05-16,27.51
USR00248,2026-05-15,27.33
USR00248,2026-05-14,25.12
USR00248,2026-05-13,30.16
USR00248,2026-05-12,32.49
USR00248,2026-05-11,23.96
USR00248,2026-05-10,28.9
USR00248,2026-05-09,19.2
USR00248,2026-05-08,28.76
USR00248,2026-05-07,21.92
USR00248,2026-05-06,25.54
USR00248,2026-05-05,23.42
USR00248,2026-05-04,26.38
USR00248,2026-05-03,29.22
USR00248,2026-05-02,21.95
USR00248,2026-05-01,25.99
USR00248,2026-04-30,25.57
USR00248,2026-04-29,31.22
USR00248,2026-04-28,28.12
USR00248,2026-04-27,23.78
USR00248,2026-04-26,25.69
USR00248,2026-04-25,31.15
USR00248,2026-04-24,28.88
USR00248,2026-04-23,24.48
USR00249,2026-05-22,3.16
USR00249,2026-05-21,3.06
USR00249,2026-05-20,2.68
USR00249,2026-05-19,3.01
USR00249,2026-05-18,3.68
USR00249,2026-05-17,3.11
USR00249,2026-05-16,3.2
USR00249,2026-05-15,3.28
USR00249,2026-05-14,3.95
USR00249,2026-05-13,3.24
USR00249,2026-05-12,3.59
USR00249,2026-05-11,3.04
USR00249,2026-05-10,3.15
USR00249,2026-05-09,3.24
USR00249,2026-05-08,2.98
USR00249,2026-05-07,3.17
USR00249,2026-05-06,3.52
USR00249,2026-05-05,2.97
USR00249,2026-05-04,3.23
USR00249,2026-05-03,3.46
USR00249,2026-05-02,2.97
USR00249,2026-05-01,3.59
USR00249,2026-04-30,3.26
USR00249,2026-04-29,3.18
USR00249,2026-04-28,2.58
USR00249,2026-04-27,3.11
USR00249,2026-04-26,3.35
USR00249,2026-04-25,3.8
USR00249,2026-04-24,3.42
USR00249,2026-04-23,3.6
USR00250,2026-05-22,307.26
USR00250,2026-05-21,349.2
USR00250,2026-05-20,283.58
USR00250,2026-05-19,341.25
USR00250,2026-05-18,334.03
USR00250,2026-05-17,319.76
USR00250,2026-05-16,300.98
USR00250,2026-05-15,280.52
USR00250,2026-05-14,366.46
USR00250,2026-05-13,330.88
USR00250,2026-05-12,321.81
USR00250,2026-05-11,298.36
USR00250,2026-05-10,312.39
USR00250,2026-05-09,316.34
USR00250,2026-05-08,323.66
USR00250,2026-05-07,334.07
USR00250,2026-05-06,286.86
USR00250,2026-05-05,265.57
USR00250,2026-05-04,313.83
USR00250,2026-05-03,256.84
USR00250,2026-05-02,301.14
USR00250,2026-05-01,295.37
USR00250,2026-04-30,326.52
USR00250,2026-04-29,372.91
USR00250,2026-04-28,250.69
USR00250,2026-04-27,381.99
USR00250,2026-04-26,303.96
USR00250,2026-04-25,322.04
USR00250,2026-04-24,267.18
USR00250,2026-04-23,342.24
USR00251,2026-05-22,26.24
USR00251,2026-05-21,21.29
USR00251,2026-05-20,26.6
USR00251,2026-05-19,28.64
USR00251,2026-05-18,25.78
USR00251,2026-05-17,29.5
USR00251,2026-05-16,29.39
USR00251,2026-05-15,24.71
USR00251,2026-05-14,30.62
USR00251,2026-05-13,26.52
USR00251,2026-05-12,26.53
USR00251,2026-05-11,26.66
USR00251,2026-05-10,26.59
USR00251,2026-05-09,19.46
USR00251,2026-05-08,25.91
USR00251,2026-05-07,22.8
USR00251,2026-05-06,30.7
USR00251,2026-05-05,30.59
USR00251,2026-05-04,28.65
USR00251,2026-05-03,25.77
USR00251,2026-05-02,23.74
USR00251,2026-05-01,24.67
USR00251,2026-04-30,31.53
USR00251,2026-04-29,24.58
USR00251,2026-04-28,20.18
USR00251,2026-04-27,29.12
USR00251,2026-04-26,30.37
USR00251,2026-04-25,30.78
USR00251,2026-04-24,29.14
USR00251,2026-04-23,29.58
USR00252,2026-05-22,309.59
USR00252,2026-05-21,391.8
USR00252,2026-05-20,415.0
USR00252,2026-05-19,385.42
USR00252,2026-05-18,383.64
USR00252,2026-05-17,353.04
USR00252,2026-05-16,351.57
USR00252,2026-05-15,462.53
USR00252,2026-05-14,463.94
USR00252,2026-05-13,390.61
USR00252,2026-05-12,401.71
USR00252,2026-05-11,352.39
USR00252,2026-05-10,415.82
USR00252,2026-05-09,459.46
USR00252,2026-05-08,330.96
USR00252,2026-05-07,408.83
USR00252,2026-05-06,411.77
USR00252,2026-05-05,411.32
USR00252,2026-05-04,454.9
USR00252,2026-05-03,470.26
USR00252,2026-05-02,381.59
USR00252,2026-05-01,417.01
USR00252,2026-04-30,394.0
USR00252,2026-04-29,366.01
USR00252,2026-04-28,401.29
USR00252,2026-04-27,416.95
USR00252,2026-04-26,399.19
USR00252,2026-04-25,356.28
USR00252,2026-04-24,372.6
USR00252,2026-04-23,372.9
USR00253,2026-05-22,11.25
USR00253,2026-05-21,11.36
USR00253,2026-05-20,11.97
USR00253,2026-05-19,9.97
USR00253,2026-05-18,10.28
USR00253,2026-05-17,12.6
USR00253,2026-05-16,10.73
USR00253,2026-05-15,10.94
USR00253,2026-05-14,10.72
USR00253,2026-05-13,12.14
USR00253,2026-05-12,12.18
USR00253,2026-05-11,12.12
USR00253,2026-05-10,10.94
USR00253,2026-05-09,9.95
USR00253,2026-05-08,13.01
USR00253,2026-05-07,11.84
USR00253,2026-05-06,10.41
USR00253,2026-05-05,12.46
USR00253,2026-05-04,10.32
USR00253,2026-05-03,12.44
USR00253,2026-05-02,12.52
USR00253,2026-05-01,9.9
USR00253,2026-04-30,11.54
USR00253,2026-04-29,11.76
USR00253,2026-04-28,13.76
USR00253,2026-04-27,10.1
USR00253,2026-04-26,12.47
USR00253,2026-04-25,10.93
USR00253,2026-04-24,9.55
USR00253,2026-04-23,10.78
USR00254,2026-05-22,23.25
USR00254,2026-05-21,26.82
USR00254,2026-05-20,28.5
USR00254,2026-05-19,26.63
USR00254,2026-05-18,24.6
USR00254,2026-05-17,25.62
USR00254,2026-05-16,26.0
USR00254,2026-05-15,26.57
USR00254,2026-05-14,28.9
USR00254,2026-05-13,26.72
USR00254,2026-05-12,22.36
USR00254,2026-05-11,24.55
USR00254,2026-05-10,26.44
USR00254,2026-05-09,28.93
USR00254,2026-05-08,29.38
USR00254,2026-05-07,30.62
USR00254,2026-05-06,26.35
USR00254,2026-05-05,27.99
USR00254,2026-05-04,22.23
USR00254,2026-05-03,27.13
USR00254,2026-05-02,23.21
USR00254,2026-05-01,25.85
USR00254,2026-04-30,33.89
USR00254,2026-04-29,26.8
USR00254,2026-04-28,23.76
USR00254,2026-04-27,27.07
USR00254,2026-04-26,24.66
USR00254,2026-04-25,23.51
USR00254,2026-04-24,31.48
USR00254,2026-04-23,28.78
USR00255,2026-05-22,46.04
USR00255,2026-05-21,46.42
USR00255,2026-05-20,55.3
USR00255,2026-05-19,49.38
USR00255,2026-05-18,33.14
USR00255,2026-05-17,59.51
USR00255,2026-05-16,48.79
USR00255,2026-05-15,49.56
USR00255,2026-05-14,53.12
USR00255,2026-05-13,50.14
USR00255,2026-05-12,51.49
USR00255,2026-05-11,45.88
USR00255,2026-05-10,42.02
USR00255,2026-05-09,49.26
USR00255,2026-05-08,54.77
USR00255,2026-05-07,44.81
USR00255,2026-05-06,44.42
USR00255,2026-05-05,53.76
USR00255,2026-05-04,45.72
USR00255,2026-05-03,45.95
USR00255,2026-05-02,46.12
USR00255,2026-05-01,47.6
USR00255,2026-04-30,40.37
USR00255,2026-04-29,45.33
USR00255,2026-04-28,49.02
USR00255,2026-04-27,48.98
USR00255,2026-04-26,53.46
USR00255,2026-04-25,56.73
USR00255,2026-04-24,55.16
USR00255,2026-04-23,52.29
USR00256,2026-05-22,41.6
USR00256,2026-05-21,44.44
USR00256,2026-05-20,46.96
USR00256,2026-05-19,48.01
USR00256,2026-05-18,47.13
USR00256,2026-05-17,43.83
USR00256,2026-05-16,47.86
USR00256,2026-05-15,49.96
USR00256,2026-05-14,48.27
USR00256,2026-05-13,44.22
USR00256,2026-05-12,40.67
USR00256,2026-05-11,40.56
USR00256,2026-05-10,41.34
USR00256,2026-05-09,45.51
USR00256,2026-05-08,46.67
USR00256,2026-05-07,38.09
USR00256,2026-05-06,42.13
USR00256,2026-05-05,45.44
USR00256,2026-05-04,40.37
USR00256,2026-05-03,46.29
USR00256,2026-05-02,43.0
USR00256,2026-05-01,41.16
USR00256,2026-04-30,44.6
USR00256,2026-04-29,46.11
USR00256,2026-04-28,40.6
USR00256,2026-04-27,43.29
USR00256,2026-04-26,46.44
USR00256,2026-04-25,40.98
USR00256,2026-04-24,37.01
USR00256,2026-04-23,37.55
USR00257,2026-05-22,210.59
USR00257,2026-05-21,234.14
USR00257,2026-05-20,282.96
USR00257,2026-05-19,209.13
USR00257,2026-05-18,235.72
USR00257,2026-05-17,294.3
USR00257,2026-05-16,252.48
USR00257,2026-05-15,233.66
USR00257,2026-05-14,238.77
USR00257,2026-05-13,252.99
USR00257,2026-05-12,283.71
USR00257,2026-05-11,229.7
USR00257,2026-05-10,224.2
USR00257,2026-05-09,209.13
USR00257,2026-05-08,245.08
USR00257,2026-05-07,208.48
USR00257,2026-05-06,231.33
USR00257,2026-05-05,220.53
USR00257,2026-05-04,268.63
USR00257,2026-05-03,230.24
USR00257,2026-05-02,252.2
USR00257,2026-05-01,203.66
USR00257,2026-04-30,245.77
USR00257,2026-04-29,213.39
USR00257,2026-04-28,232.25
USR00257,2026-04-27,296.21
USR00257,2026-04-26,265.19
USR00257,2026-04-25,239.46
USR00257,2026-04-24,320.17
USR00257,2026-04-23,220.38
USR00258,2026-05-22,306.35
USR00258,2026-05-21,352.98
USR00258,2026-05-20,313.04
USR00258,2026-05-19,371.11
USR00258,2026-05-18,363.83
USR00258,2026-05-17,350.67
USR00258,2026-05-16,401.32
USR00258,2026-05-15,341.29
USR00258,2026-05-14,373.63
USR00258,2026-05-13,391.49
USR00258,2026-05-12,308.14
USR00258,2026-05-11,334.73
USR00258,2026-05-10,363.75
USR00258,2026-05-09,384.6
USR00258,2026-05-08,413.23
USR00258,2026-05-07,353.99
USR00258,2026-05-06,350.36
USR00258,2026-05-05,330.23
USR00258,2026-05-04,373.74
USR00258,2026-05-03,351.06
USR00258,2026-05-02,351.89
USR00258,2026-05-01,358.41
USR00258,2026-04-30,381.76
USR00258,2026-04-29,341.41
USR00258,2026-04-28,333.87
USR00258,2026-04-27,377.43
USR00258,2026-04-26,252.33
USR00258,2026-04-25,339.96
USR00258,2026-04-24,320.15
USR00258,2026-04-23,405.34
USR00259,2026-05-22,4.3
USR00259,2026-05-21,4.53
USR00259,2026-05-20,4.28
USR00259,2026-05-19,4.37
USR00259,2026-05-18,4.6
USR00259,2026-05-17,4.36
USR00259,2026-05-16,4.36
USR00259,2026-05-15,4.1
USR00259,2026-05-14,4.03
USR00259,2026-05-13,4.58
USR00259,2026-05-12,4.7
USR00259,2026-05-11,3.91
USR00259,2026-05-10,4.9
USR00259,2026-05-09,4.9
USR00259,2026-05-08,5.0
USR00259,2026-05-07,4.69
USR00259,2026-05-06,4.85
USR00259,2026-05-05,5.55
USR00259,2026-05-04,4.42
USR00259,2026-05-03,4.08
USR00259,2026-05-02,3.86
USR00259,2026-05-01,5.36
USR00259,2026-04-30,5.36
USR00259,2026-04-29,4.13
USR00259,2026-04-28,4.22
USR00259,2026-04-27,4.41
USR00259,2026-04-26,5.11
USR00259,2026-04-25,3.97
USR00259,2026-04-24,3.66
USR00259,2026-04-23,5.54
USR00260,2026-05-22,7.31
USR00260,2026-05-21,6.85
USR00260,2026-05-20,7.32
USR00260,2026-05-19,5.94
USR00260,2026-05-18,6.41
USR00260,2026-05-17,7.07
USR00260,2026-05-16,5.41
USR00260,2026-05-15,6.78
USR00260,2026-05-14,6.74
USR00260,2026-05-13,6.78
USR00260,2026-05-12,6.61
USR00260,2026-05-11,6.3
USR00260,2026-05-10,5.72
USR00260,2026-05-09,7.1
USR00260,2026-05-08,6.79
USR00260,2026-05-07,6.03
USR00260,2026-05-06,7.04
USR00260,2026-05-05,6.79
USR00260,2026-05-04,6.67
USR00260,2026-05-03,5.49
USR00260,2026-05-02,7.47
USR00260,2026-05-01,6.13
USR00260,2026-04-30,7.04
USR00260,2026-04-29,6.43
USR00260,2026-04-28,6.72
USR00260,2026-04-27,7.8
USR00260,2026-04-26,7.37
USR00260,2026-04-25,7.79
USR00260,2026-04-24,7.23
USR00260,2026-04-23,7.27
USR00261,2026-05-22,41.95
USR00261,2026-05-21,42.35
USR00261,2026-05-20,48.63
USR00261,2026-05-19,41.13
USR00261,2026-05-18,44.47
USR00261,2026-05-17,44.3
USR00261,2026-05-16,48.34
USR00261,2026-05-15,42.74
USR00261,2026-05-14,46.91
USR00261,2026-05-13,35.94
USR00261,2026-05-12,36.33
USR00261,2026-05-11,33.43
USR00261,2026-05-10,46.73
USR00261,2026-05-09,46.24
USR00261,2026-05-08,47.21
USR00261,2026-05-07,40.39
USR00261,2026-05-06,40.88
USR00261,2026-05-05,42.8
USR00261,2026-05-04,49.58
USR00261,2026-05-03,50.66
USR00261,2026-05-02,46.76
USR00261,2026-05-01,44.76
USR00261,2026-04-30,49.11
USR00261,2026-04-29,42.22
USR00261,2026-04-28,41.63
USR00261,2026-04-27,42.77
USR00261,2026-04-26,39.08
USR00261,2026-04-25,42.57
USR00261,2026-04-24,38.48
USR00261,2026-04-23,47.76
USR00262,2026-05-22,25.94
USR00262,2026-05-21,19.0
USR00262,2026-05-20,27.01
USR00262,2026-05-19,19.12
USR00262,2026-05-18,19.97
USR00262,2026-05-17,21.28
USR00262,2026-05-16,25.66
USR00262,2026-05-15,23.21
USR00262,2026-05-14,22.14
USR00262,2026-05-13,20.89
USR00262,2026-05-12,19.57
USR00262,2026-05-11,25.26
USR00262,2026-05-10,24.51
USR00262,2026-05-09,25.76
USR00262,2026-05-08,23.59
USR00262,2026-05-07,16.7
USR00262,2026-05-06,19.87
USR00262,2026-05-05,23.75
USR00262,2026-05-04,21.85
USR00262,2026-05-03,21.43
USR00262,2026-05-02,20.19
USR00262,2026-05-01,24.84
USR00262,2026-04-30,23.73
USR00262,2026-04-29,23.83
USR00262,2026-04-28,21.26
USR00262,2026-04-27,23.09
USR00262,2026-04-26,19.66
USR00262,2026-04-25,22.4
USR00262,2026-04-24,16.96
USR00262,2026-04-23,19.13
USR00263,2026-05-22,48.59
USR00263,2026-05-21,32.19
USR00263,2026-05-20,34.38
USR00263,2026-05-19,40.12
USR00263,2026-05-18,46.21
USR00263,2026-05-17,40.06
USR00263,2026-05-16,42.02
USR00263,2026-05-15,37.94
USR00263,2026-05-14,37.26
USR00263,2026-05-13,39.59
USR00263,2026-05-12,36.68
USR00263,2026-05-11,42.11
USR00263,2026-05-10,32.96
USR00263,2026-05-09,42.76
USR00263,2026-05-08,39.42
USR00263,2026-05-07,38.42
USR00263,2026-05-06,32.81
USR00263,2026-05-05,35.42
USR00263,2026-05-04,43.97
USR00263,2026-05-03,38.45
USR00263,2026-05-02,40.36
USR00263,2026-05-01,35.81
USR00263,2026-04-30,39.15
USR00263,2026-04-29,33.88
USR00263,2026-04-28,39.66
USR00263,2026-04-27,40.72
USR00263,2026-04-26,40.52
USR00263,2026-04-25,35.72
USR00263,2026-04-24,37.92
USR00263,2026-04-23,41.37
USR00264,2026-05-22,8.78
USR00264,2026-05-21,10.76
USR00264,2026-05-20,8.18
USR00264,2026-05-19,10.01
USR00264,2026-05-18,7.99
USR00264,2026-05-17,9.63
USR00264,2026-05-16,9.68
USR00264,2026-05-15,8.57
USR00264,2026-05-14,7.94
USR00264,2026-05-13,7.26
USR00264,2026-05-12,8.48
USR00264,2026-05-11,9.51
USR00264,2026-05-10,8.06
USR00264,2026-05-09,9.12
USR00264,2026-05-08,7.7
USR00264,2026-05-07,8.82
USR00264,2026-05-06,8.0
USR00264,2026-05-05,8.97
USR00264,2026-05-04,8.58
USR00264,2026-05-03,7.96
USR00264,2026-05-02,8.44
USR00264,2026-05-01,8.19
USR00264,2026-04-30,7.85
USR00264,2026-04-29,10.01
USR00264,2026-04-28,8.71
USR00264,2026-04-27,7.05
USR00264,2026-04-26,8.47
USR00264,2026-04-25,9.86
USR00264,2026-04-24,8.35
USR00264,2026-04-23,10.39
USR00265,2026-05-22,212.71
USR00265,2026-05-21,223.51
USR00265,2026-05-20,211.63
USR00265,2026-05-19,174.68
USR00265,2026-05-18,183.43
USR00265,2026-05-17,226.21
USR00265,2026-05-16,186.22
USR00265,2026-05-15,222.28
USR00265,2026-05-14,193.8
USR00265,2026-05-13,205.38
USR00265,2026-05-12,174.45
USR00265,2026-05-11,190.2
USR00265,2026-05-10,184.79
USR00265,2026-05-09,207.09
USR00265,2026-05-08,204.4
USR00265,2026-05-07,211.89
USR00265,2026-05-06,192.58
USR00265,2026-05-05,183.68
USR00265,2026-05-04,206.22
USR00265,2026-05-03,181.67
USR00265,2026-05-02,224.36
USR00265,2026-05-01,200.2
USR00265,2026-04-30,195.91
USR00265,2026-04-29,211.88
USR00265,2026-04-28,200.97
USR00265,2026-04-27,168.94
USR00265,2026-04-26,181.02
USR00265,2026-04-25,223.94
USR00265,2026-04-24,204.22
USR00265,2026-04-23,168.46
USR00266,2026-05-22,218.97
USR00266,2026-05-21,211.66
USR00266,2026-05-20,205.39
USR00266,2026-05-19,255.13
USR00266,2026-05-18,186.35
USR00266,2026-05-17,212.51
USR00266,2026-05-16,234.73
USR00266,2026-05-15,268.55
USR00266,2026-05-14,244.79
USR00266,2026-05-13,212.32
USR00266,2026-05-12,267.41
USR00266,2026-05-11,200.51
USR00266,2026-05-10,238.09
USR00266,2026-05-09,243.25
USR00266,2026-05-08,211.5
USR00266,2026-05-07,248.12
USR00266,2026-05-06,220.02
USR00266,2026-05-05,248.06
USR00266,2026-05-04,189.27
USR00266,2026-05-03,239.71
USR00266,2026-05-02,222.38
USR00266,2026-05-01,258.61
USR00266,2026-04-30,230.92
USR00266,2026-04-29,260.92
USR00266,2026-04-28,243.71
USR00266,2026-04-27,228.98
USR00266,2026-04-26,250.21
USR00266,2026-04-25,250.36
USR00266,2026-04-24,242.89
USR00266,2026-04-23,178.77
USR00267,2026-05-22,84.77
USR00267,2026-05-21,65.11
USR00267,2026-05-20,81.03
USR00267,2026-05-19,79.72
USR00267,2026-05-18,69.06
USR00267,2026-05-17,59.6
USR00267,2026-05-16,70.22
USR00267,2026-05-15,89.93
USR00267,2026-05-14,68.03
USR00267,2026-05-13,68.55
USR00267,2026-05-12,67.03
USR00267,2026-05-11,83.5
USR00267,2026-05-10,72.65
USR00267,2026-05-09,69.8
USR00267,2026-05-08,84.98
USR00267,2026-05-07,78.77
USR00267,2026-05-06,67.61
USR00267,2026-05-05,65.35
USR00267,2026-05-04,83.08
USR00267,2026-05-03,74.58
USR00267,2026-05-02,62.93
USR00267,2026-05-01,61.18
USR00267,2026-04-30,66.15
USR00267,2026-04-29,65.23
USR00267,2026-04-28,59.22
USR00267,2026-04-27,66.27
USR00267,2026-04-26,67.62
USR00267,2026-04-25,71.01
USR00267,2026-04-24,87.06
USR00267,2026-04-23,72.47
USR00268,2026-05-22,22.94
USR00268,2026-05-21,21.31
USR00268,2026-05-20,22.7
USR00268,2026-05-19,22.44
USR00268,2026-05-18,22.1
USR00268,2026-05-17,27.87
USR00268,2026-05-16,23.82
USR00268,2026-05-15,19.47
USR00268,2026-05-14,22.64
USR00268,2026-05-13,20.1
USR00268,2026-05-12,22.81
USR00268,2026-05-11,18.83
USR00268,2026-05-10,19.41
USR00268,2026-05-09,22.58
USR00268,2026-05-08,24.01
USR00268,2026-05-07,22.93
USR00268,2026-05-06,23.7
USR00268,2026-05-05,22.65
USR00268,2026-05-04,22.21
USR00268,2026-05-03,20.73
USR00268,2026-05-02,23.61
USR00268,2026-05-01,24.07
USR00268,2026-04-30,21.69
USR00268,2026-04-29,21.58
USR00268,2026-04-28,25.31
USR00268,2026-04-27,21.79
USR00268,2026-04-26,22.0
USR00268,2026-04-25,22.89
USR00268,2026-04-24,21.62
USR00268,2026-04-23,20.04
USR00269,2026-05-22,61.23
USR00269,2026-05-21,72.79
USR00269,2026-05-20,66.31
USR00269,2026-05-19,57.81
USR00269,2026-05-18,65.95
USR00269,2026-05-17,63.36
USR00269,2026-05-16,69.52
USR00269,2026-05-15,58.24
USR00269,2026-05-14,62.63
USR00269,2026-05-13,60.86
USR00269,2026-05-12,61.83
USR00269,2026-05-11,56.03
USR00269,2026-05-10,65.01
USR00269,2026-05-09,64.04
USR00269,2026-05-08,69.37
USR00269,2026-05-07,61.41
USR00269,2026-05-06,58.94
USR00269,2026-05-05,66.32
USR00269,2026-05-04,56.59
USR00269,2026-05-03,68.14
USR00269,2026-05-02,68.12
USR00269,2026-05-01,69.2
USR00269,2026-04-30,63.78
USR00269,2026-04-29,58.48
USR00269,2026-04-28,62.14
USR00269,2026-04-27,63.8
USR00269,2026-04-26,58.02
USR00269,2026-04-25,69.66
USR00269,2026-04-24,65.03
USR00269,2026-04-23,55.98
USR00270,2026-05-22,31.62
USR00270,2026-05-21,27.89
USR00270,2026-05-20,28.72
USR00270,2026-05-19,35.98
USR00270,2026-05-18,37.03
USR00270,2026-05-17,34.48
USR00270,2026-05-16,35.45
USR00270,2026-05-15,35.13
USR00270,2026-05-14,33.06
USR00270,2026-05-13,32.35
USR00270,2026-05-12,33.01
USR00270,2026-05-11,33.62
USR00270,2026-05-10,29.0
USR00270,2026-05-09,33.61
USR00270,2026-05-08,35.89
USR00270,2026-05-07,30.67
USR00270,2026-05-06,30.34
USR00270,2026-05-05,32.81
USR00270,2026-05-04,29.28
USR00270,2026-05-03,27.19
USR00270,2026-05-02,34.91
USR00270,2026-05-01,29.91
USR00270,2026-04-30,31.38
USR00270,2026-04-29,29.41
USR00270,2026-04-28,35.32
USR00270,2026-04-27,33.99
USR00270,2026-04-26,30.56
USR00270,2026-04-25,27.62
USR00270,2026-04-24,30.23
USR00270,2026-04-23,33.1
USR00271,2026-05-22,32.83
USR00271,2026-05-21,33.17
USR00271,2026-05-20,34.94
USR00271,2026-05-19,32.34
USR00271,2026-05-18,33.94
USR00271,2026-05-17,29.27
USR00271,2026-05-16,40.77
USR00271,2026-05-15,31.56
USR00271,2026-05-14,33.14
USR00271,2026-05-13,34.32
USR00271,2026-05-12,31.14
USR00271,2026-05-11,32.5
USR00271,2026-05-10,32.46
USR00271,2026-05-09,29.51
USR00271,2026-05-08,33.9
USR00271,2026-05-07,27.12
USR00271,2026-05-06,38.17
USR00271,2026-05-05,35.05
USR00271,2026-05-04,34.55
USR00271,2026-05-03,26.84
USR00271,2026-05-02,29.9
USR00271,2026-05-01,36.99
USR00271,2026-04-30,45.96
USR00271,2026-04-29,36.36
USR00271,2026-04-28,35.85
USR00271,2026-04-27,34.18
USR00271,2026-04-26,29.73
USR00271,2026-04-25,35.71
USR00271,2026-04-24,28.9
USR00271,2026-04-23,28.55
USR00272,2026-05-22,34.28
USR00272,2026-05-21,31.05
USR00272,2026-05-20,31.54
USR00272,2026-05-19,31.18
USR00272,2026-05-18,27.71
USR00272,2026-05-17,29.13
USR00272,2026-05-16,29.29
USR00272,2026-05-15,26.84
USR00272,2026-05-14,29.65
USR00272,2026-05-13,27.85
USR00272,2026-05-12,33.03
USR00272,2026-05-11,33.29
USR00272,2026-05-10,27.19
USR00272,2026-05-09,30.3
USR00272,2026-05-08,37.03
USR00272,2026-05-07,28.17
USR00272,2026-05-06,32.56
USR00272,2026-05-05,31.56
USR00272,2026-05-04,34.64
USR00272,2026-05-03,32.15
USR00272,2026-05-02,29.88
USR00272,2026-05-01,31.44
USR00272,2026-04-30,31.48
USR00272,2026-04-29,30.94
USR00272,2026-04-28,27.11
USR00272,2026-04-27,35.11
USR00272,2026-04-26,34.56
USR00272,2026-04-25,27.97
USR00272,2026-04-24,30.29
USR00272,2026-04-23,30.53
USR00273,2026-05-22,29.53
USR00273,2026-05-21,33.87
USR00273,2026-05-20,35.01
USR00273,2026-05-19,31.08
USR00273,2026-05-18,36.95
USR00273,2026-05-17,40.53
USR00273,2026-05-16,39.37
USR00273,2026-05-15,35.85
USR00273,2026-05-14,29.63
USR00273,2026-05-13,38.91
USR00273,2026-05-12,36.84
USR00273,2026-05-11,37.85
USR00273,2026-05-10,43.34
USR00273,2026-05-09,33.31
USR00273,2026-05-08,25.87
USR00273,2026-05-07,32.48
USR00273,2026-05-06,38.07
USR00273,2026-05-05,36.41
USR00273,2026-05-04,31.89
USR00273,2026-05-03,31.15
USR00273,2026-05-02,35.02
USR00273,2026-05-01,31.78
USR00273,2026-04-30,38.2
USR00273,2026-04-29,34.81
USR00273,2026-04-28,34.03
USR00273,2026-04-27,33.55
USR00273,2026-04-26,37.26
USR00273,2026-04-25,36.46
USR00273,2026-04-24,37.04
USR00273,2026-04-23,36.96
USR00274,2026-05-22,40.34
USR00274,2026-05-21,41.7
USR00274,2026-05-20,43.21
USR00274,2026-05-19,54.28
USR00274,2026-05-18,38.92
USR00274,2026-05-17,43.11
USR00274,2026-05-16,45.43
USR00274,2026-05-15,43.63
USR00274,2026-05-14,49.82
USR00274,2026-05-13,43.6
USR00274,2026-05-12,43.93
USR00274,2026-05-11,48.66
USR00274,2026-05-10,53.14
USR00274,2026-05-09,51.32
USR00274,2026-05-08,44.38
USR00274,2026-05-07,44.77
USR00274,2026-05-06,45.2
USR00274,2026-05-05,45.65
USR00274,2026-05-04,41.18
USR00274,2026-05-03,49.2
USR00274,2026-05-02,45.92
USR00274,2026-05-01,44.79
USR00274,2026-04-30,39.27
USR00274,2026-04-29,45.27
USR00274,2026-04-28,36.47
USR00274,2026-04-27,42.37
USR00274,2026-04-26,42.46
USR00274,2026-04-25,46.28
USR00274,2026-04-24,53.45
USR00274,2026-04-23,47.56
USR00275,2026-05-22,13.7
USR00275,2026-05-21,14.32
USR00275,2026-05-20,15.26
USR00275,2026-05-19,11.93
USR00275,2026-05-18,11.85
USR00275,2026-05-17,13.73
USR00275,2026-05-16,12.87
USR00275,2026-05-15,13.15
USR00275,2026-05-14,12.55
USR00275,2026-05-13,12.1
USR00275,2026-05-12,14.96
USR00275,2026-05-11,11.46
USR00275,2026-05-10,13.75
USR00275,2026-05-09,13.55
USR00275,2026-05-08,10.84
USR00275,2026-05-07,11.8
USR00275,2026-05-06,12.02
USR00275,2026-05-05,13.6
USR00275,2026-05-04,12.4
USR00275,2026-05-03,12.76
USR00275,2026-05-02,11.0
USR00275,2026-05-01,15.86
USR00275,2026-04-30,12.96
USR00275,2026-04-29,13.51
USR00275,2026-04-28,12.18
USR00275,2026-04-27,12.03
USR00275,2026-04-26,15.33
USR00275,2026-04-25,10.4
USR00275,2026-04-24,13.23
USR00275,2026-04-23,11.31
USR00276,2026-05-22,5.25
USR00276,2026-05-21,5.05
USR00276,2026-05-20,5.62
USR00276,2026-05-19,4.16
USR00276,2026-05-18,5.43
USR00276,2026-05-17,5.55
USR00276,2026-05-16,4.84
USR00276,2026-05-15,6.45
USR00276,2026-05-14,5.27
USR00276,2026-05-13,5.47
USR00276,2026-05-12,5.27
USR00276,2026-05-11,5.56
USR00276,2026-05-10,6.34
USR00276,2026-05-09,6.99
USR00276,2026-05-08,6.02
USR00276,2026-05-07,6.21
USR00276,2026-05-06,6.56
USR00276,2026-05-05,5.74
USR00276,2026-05-04,6.48
USR00276,2026-05-03,6.05
USR00276,2026-05-02,5.68
USR00276,2026-05-01,5.8
USR00276,2026-04-30,4.58
USR00276,2026-04-29,5.77
USR00276,2026-04-28,4.74
USR00276,2026-04-27,4.69
USR00276,2026-04-26,5.71
USR00276,2026-04-25,4.98
USR00276,2026-04-24,5.6
USR00276,2026-04-23,5.68
USR00277,2026-05-22,108.29
USR00277,2026-05-21,129.76
USR00277,2026-05-20,118.0
USR00277,2026-05-19,124.31
USR00277,2026-05-18,104.81
USR00277,2026-05-17,116.93
USR00277,2026-05-16,132.12
USR00277,2026-05-15,130.61
USR00277,2026-05-14,109.57
USR00277,2026-05-13,112.56
USR00277,2026-05-12,107.29
USR00277,2026-05-11,111.24
USR00277,2026-05-10,102.4
USR00277,2026-05-09,117.41
USR00277,2026-05-08,126.6
USR00277,2026-05-07,109.71
USR00277,2026-05-06,117.98
USR00277,2026-05-05,116.43
USR00277,2026-05-04,131.62
USR00277,2026-05-03,111.78
USR00277,2026-05-02,112.21
USR00277,2026-05-01,108.99
USR00277,2026-04-30,105.51
USR00277,2026-04-29,125.36
USR00277,2026-04-28,117.45
USR00277,2026-04-27,119.71
USR00277,2026-04-26,134.23
USR00277,2026-04-25,134.92
USR00277,2026-04-24,99.46
USR00277,2026-04-23,126.77
USR00278,2026-05-22,16.8
USR00278,2026-05-21,18.19
USR00278,2026-05-20,14.57
USR00278,2026-05-19,20.18
USR00278,2026-05-18,18.52
USR00278,2026-05-17,16.09
USR00278,2026-05-16,16.58
USR00278,2026-05-15,14.61
USR00278,2026-05-14,17.06
USR00278,2026-05-13,16.76
USR00278,2026-05-12,15.28
USR00278,2026-05-11,18.98
USR00278,2026-05-10,19.86
USR00278,2026-05-09,17.56
USR00278,2026-05-08,17.07
USR00278,2026-05-07,18.38
USR00278,2026-05-06,17.57
USR00278,2026-05-05,15.7
USR00278,2026-05-04,16.46
USR00278,2026-05-03,17.09
USR00278,2026-05-02,18.05
USR00278,2026-05-01,17.63
USR00278,2026-04-30,17.98
USR00278,2026-04-29,14.92
USR00278,2026-04-28,18.78
USR00278,2026-04-27,17.62
USR00278,2026-04-26,22.1
USR00278,2026-04-25,16.93
USR00278,2026-04-24,18.18
USR00278,2026-04-23,22.59
USR00279,2026-05-22,20.59
USR00279,2026-05-21,18.69
USR00279,2026-05-20,23.9
USR00279,2026-05-19,18.33
USR00279,2026-05-18,21.62
USR00279,2026-05-17,19.75
USR00279,2026-05-16,20.34
USR00279,2026-05-15,17.78
USR00279,2026-05-14,23.52
USR00279,2026-05-13,20.16
USR00279,2026-05-12,18.21
USR00279,2026-05-11,23.33
USR00279,2026-05-10,19.69
USR00279,2026-05-09,21.43
USR00279,2026-05-08,22.48
USR00279,2026-05-07,21.72
USR00279,2026-05-06,16.18
USR00279,2026-05-05,22.17
USR00279,2026-05-04,20.52
USR00279,2026-05-03,20.05
USR00279,2026-05-02,20.51
USR00279,2026-05-01,17.39
USR00279,2026-04-30,21.13
USR00279,2026-04-29,17.9
USR00279,2026-04-28,20.14
USR00279,2026-04-27,21.06
USR00279,2026-04-26,22.96
USR00279,2026-04-25,19.03
USR00279,2026-04-24,23.74
USR00279,2026-04-23,22.7
USR00280,2026-05-22,30.11
USR00280,2026-05-21,28.98
USR00280,2026-05-20,34.79
USR00280,2026-05-19,31.37
USR00280,2026-05-18,37.93
USR00280,2026-05-17,31.56
USR00280,2026-05-16,30.82
USR00280,2026-05-15,34.66
USR00280,2026-05-14,31.54
USR00280,2026-05-13,33.89
USR00280,2026-05-12,37.2
USR00280,2026-05-11,34.26
USR00280,2026-05-10,34.28
USR00280,2026-05-09,34.56
USR00280,2026-05-08,28.13
USR00280,2026-05-07,35.19
USR00280,2026-05-06,34.41
USR00280,2026-05-05,36.89
USR00280,2026-05-04,35.92
USR00280,2026-05-03,33.18
USR00280,2026-05-02,37.36
USR00280,2026-05-01,32.87
USR00280,2026-04-30,34.7
USR00280,2026-04-29,32.81
USR00280,2026-04-28,35.43
USR00280,2026-04-27,32.59
USR00280,2026-04-26,39.45
USR00280,2026-04-25,40.7
USR00280,2026-04-24,36.83
USR00280,2026-04-23,39.09
USR00281,2026-05-22,89.21
USR00281,2026-05-21,100.64
USR00281,2026-05-20,104.41
USR00281,2026-05-19,101.92
USR00281,2026-05-18,86.91
USR00281,2026-05-17,115.96
USR00281,2026-05-16,126.39
USR00281,2026-05-15,117.31
USR00281,2026-05-14,115.27
USR00281,2026-05-13,106.34
USR00281,2026-05-12,95.22
USR00281,2026-05-11,104.74
USR00281,2026-05-10,125.88
USR00281,2026-05-09,100.33
USR00281,2026-05-08,99.25
USR00281,2026-05-07,115.5
USR00281,2026-05-06,116.19
USR00281,2026-05-05,95.17
USR00281,2026-05-04,101.27
USR00281,2026-05-03,98.77
USR00281,2026-05-02,104.71
USR00281,2026-05-01,115.46
USR00281,2026-04-30,95.62
USR00281,2026-04-29,115.32
USR00281,2026-04-28,105.04
USR00281,2026-04-27,128.17
USR00281,2026-04-26,107.3
USR00281,2026-04-25,102.98
USR00281,2026-04-24,109.96
USR00281,2026-04-23,100.48
USR00282,2026-05-22,7.38
USR00282,2026-05-21,7.37
USR00282,2026-05-20,6.36
USR00282,2026-05-19,7.51
USR00282,2026-05-18,6.0
USR00282,2026-05-17,7.3
USR00282,2026-05-16,7.75
USR00282,2026-05-15,7.64
USR00282,2026-05-14,7.25
USR00282,2026-05-13,7.5
USR00282,2026-05-12,6.97
USR00282,2026-05-11,7.57
USR00282,2026-05-10,7.61
USR00282,2026-05-09,6.88
USR00282,2026-05-08,7.76
USR00282,2026-05-07,7.76
USR00282,2026-05-06,7.44
USR00282,2026-05-05,9.39
USR00282,2026-05-04,7.46
USR00282,2026-05-03,7.35
USR00282,2026-05-02,7.24
USR00282,2026-05-01,6.83
USR00282,2026-04-30,8.08
USR00282,2026-04-29,7.04
USR00282,2026-04-28,7.13
USR00282,2026-04-27,7.16
USR00282,2026-04-26,6.82
USR00282,2026-04-25,6.24
USR00282,2026-04-24,7.21
USR00282,2026-04-23,8.22
USR00283,2026-05-22,326.15
USR00283,2026-05-21,303.31
USR00283,2026-05-20,296.9
USR00283,2026-05-19,335.24
USR00283,2026-05-18,279.38
USR00283,2026-05-17,283.9
USR00283,2026-05-16,281.8
USR00283,2026-05-15,325.68
USR00283,2026-05-14,282.19
USR00283,2026-05-13,263.83
USR00283,2026-05-12,298.7
USR00283,2026-05-11,259.09
USR00283,2026-05-10,297.17
USR00283,2026-05-09,293.8
USR00283,2026-05-08,276.78
USR00283,2026-05-07,298.08
USR00283,2026-05-06,240.15
USR00283,2026-05-05,286.72
USR00283,2026-05-04,269.07
USR00283,2026-05-03,362.87
USR00283,2026-05-02,286.52
USR00283,2026-05-01,265.3
USR00283,2026-04-30,243.24
USR00283,2026-04-29,318.95
USR00283,2026-04-28,272.25
USR00283,2026-04-27,259.8
USR00283,2026-04-26,291.61
USR00283,2026-04-25,300.45
USR00283,2026-04-24,300.01
USR00283,2026-04-23,282.68
USR00284,2026-05-22,39.39
USR00284,2026-05-21,39.79
USR00284,2026-05-20,40.13
USR00284,2026-05-19,42.71
USR00284,2026-05-18,38.71
USR00284,2026-05-17,35.35
USR00284,2026-05-16,37.94
USR00284,2026-05-15,41.39
USR00284,2026-05-14,31.62
USR00284,2026-05-13,31.64
USR00284,2026-05-12,42.03
USR00284,2026-05-11,44.34
USR00284,2026-05-10,33.62
USR00284,2026-05-09,38.88
USR00284,2026-05-08,36.96
USR00284,2026-05-07,37.49
USR00284,2026-05-06,39.67
USR00284,2026-05-05,33.52
USR00284,2026-05-04,34.23
USR00284,2026-05-03,37.33
USR00284,2026-05-02,37.93
USR00284,2026-05-01,34.16
USR00284,2026-04-30,41.53
USR00284,2026-04-29,36.89
USR00284,2026-04-28,36.87
USR00284,2026-04-27,39.58
USR00284,2026-04-26,38.0
USR00284,2026-04-25,41.72
USR00284,2026-04-24,34.9
USR00284,2026-04-23,33.11
USR00285,2026-05-22,15.35
USR00285,2026-05-21,13.36
USR00285,2026-05-20,13.14
USR00285,2026-05-19,15.53
USR00285,2026-05-18,14.1
USR00285,2026-05-17,13.04
USR00285,2026-05-16,16.73
USR00285,2026-05-15,14.29
USR00285,2026-05-14,17.01
USR00285,2026-05-13,15.3
USR00285,2026-05-12,15.7
USR00285,2026-05-11,14.93
USR00285,2026-05-10,11.2
USR00285,2026-05-09,13.52
USR00285,2026-05-08,15.06
USR00285,2026-05-07,15.81
USR00285,2026-05-06,12.52
USR00285,2026-05-05,15.17
USR00285,2026-05-04,13.54
USR00285,2026-05-03,15.61
USR00285,2026-05-02,15.23
USR00285,2026-05-01,16.39
USR00285,2026-04-30,16.88
USR00285,2026-04-29,15.95
USR00285,2026-04-28,16.57
USR00285,2026-04-27,14.72
USR00285,2026-04-26,19.56
USR00285,2026-04-25,13.4
USR00285,2026-04-24,14.45
USR00285,2026-04-23,16.63
USR00286,2026-05-22,450.65
USR00286,2026-05-21,458.72
USR00286,2026-05-20,340.17
USR00286,2026-05-19,498.0
USR00286,2026-05-18,420.94
USR00286,2026-05-17,483.24
USR00286,2026-05-16,342.32
USR00286,2026-05-15,440.73
USR00286,2026-05-14,405.49
USR00286,2026-05-13,454.29
USR00286,2026-05-12,443.33
USR00286,2026-05-11,445.43
USR00286,2026-05-10,384.2
USR00286,2026-05-09,427.26
USR00286,2026-05-08,421.96
USR00286,2026-05-07,450.99
USR00286,2026-05-06,472.21
USR00286,2026-05-05,436.17
USR00286,2026-05-04,374.87
USR00286,2026-05-03,434.33
USR00286,2026-05-02,541.9
USR00286,2026-05-01,500.43
USR00286,2026-04-30,301.89
USR00286,2026-04-29,432.43
USR00286,2026-04-28,469.76
USR00286,2026-04-27,421.87
USR00286,2026-04-26,409.93
USR00286,2026-04-25,418.23
USR00286,2026-04-24,453.43
USR00286,2026-04-23,380.35
USR00287,2026-05-22,440.87
USR00287,2026-05-21,401.9
USR00287,2026-05-20,493.2
USR00287,2026-05-19,374.85
USR00287,2026-05-18,418.74
USR00287,2026-05-17,418.01
USR00287,2026-05-16,538.4
USR00287,2026-05-15,412.98
USR00287,2026-05-14,347.81
USR00287,2026-05-13,417.56
USR00287,2026-05-12,463.55
USR00287,2026-05-11,478.11
USR00287,2026-05-10,544.28
USR00287,2026-05-09,505.73
USR00287,2026-05-08,451.68
USR00287,2026-05-07,403.83
USR00287,2026-05-06,515.35
USR00287,2026-05-05,427.01
USR00287,2026-05-04,414.17
USR00287,2026-05-03,424.86
USR00287,2026-05-02,387.83
USR00287,2026-05-01,422.74
USR00287,2026-04-30,433.02
USR00287,2026-04-29,475.75
USR00287,2026-04-28,426.15
USR00287,2026-04-27,387.16
USR00287,2026-04-26,372.25
USR00287,2026-04-25,452.64
USR00287,2026-04-24,446.57
USR00287,2026-04-23,418.78
USR00288,2026-05-22,249.3
USR00288,2026-05-21,273.34
USR00288,2026-05-20,221.25
USR00288,2026-05-19,242.11
USR00288,2026-05-18,262.97
USR00288,2026-05-17,221.35
USR00288,2026-05-16,239.6
USR00288,2026-05-15,239.06
USR00288,2026-05-14,208.51
USR00288,2026-05-13,244.02
USR00288,2026-05-12,240.73
USR00288,2026-05-11,253.29
USR00288,2026-05-10,211.49
USR00288,2026-05-09,240.21
USR00288,2026-05-08,273.13
USR00288,2026-05-07,289.83
USR00288,2026-05-06,270.69
USR00288,2026-05-05,211.73
USR00288,2026-05-04,250.8
USR00288,2026-05-03,228.38
USR00288,2026-05-02,246.79
USR00288,2026-05-01,221.44
USR00288,2026-04-30,198.86
USR00288,2026-04-29,231.71
USR00288,2026-04-28,257.31
USR00288,2026-04-27,246.89
USR00288,2026-04-26,249.64
USR00288,2026-04-25,245.17
USR00288,2026-04-24,249.68
USR00288,2026-04-23,252.68
USR00289,2026-05-22,47.95
USR00289,2026-05-21,55.84
USR00289,2026-05-20,48.23
USR00289,2026-05-19,47.76
USR00289,2026-05-18,48.04
USR00289,2026-05-17,46.52
USR00289,2026-05-16,45.48
USR00289,2026-05-15,48.55
USR00289,2026-05-14,45.15
USR00289,2026-05-13,46.86
USR00289,2026-05-12,43.8
USR00289,2026-05-11,48.07
USR00289,2026-05-10,50.33
USR00289,2026-05-09,46.55
USR00289,2026-05-08,38.0
USR00289,2026-05-07,50.36
USR00289,2026-05-06,48.13
USR00289,2026-05-05,42.83
USR00289,2026-05-04,51.23
USR00289,2026-05-03,40.9
USR00289,2026-05-02,52.53
USR00289,2026-05-01,47.28
USR00289,2026-04-30,36.77
USR00289,2026-04-29,48.4
USR00289,2026-04-28,45.62
USR00289,2026-04-27,44.91
USR00289,2026-04-26,44.05
USR00289,2026-04-25,46.95
USR00289,2026-04-24,45.25
USR00289,2026-04-23,38.73
USR00290,2026-05-22,259.69
USR00290,2026-05-21,246.71
USR00290,2026-05-20,236.15
USR00290,2026-05-19,286.71
USR00290,2026-05-18,231.63
USR00290,2026-05-17,269.76
USR00290,2026-05-16,250.65
USR00290,2026-05-15,252.2
USR00290,2026-05-14,236.81
USR00290,2026-05-13,249.68
USR00290,2026-05-12,266.42
USR00290,2026-05-11,272.45
USR00290,2026-05-10,245.28
USR00290,2026-05-09,263.77
USR00290,2026-05-08,289.84
USR00290,2026-05-07,221.93
USR00290,2026-05-06,266.02
USR00290,2026-05-05,240.88
USR00290,2026-05-04,238.17
USR00290,2026-05-03,273.14
USR00290,2026-05-02,251.68
USR00290,2026-05-01,233.8
USR00290,2026-04-30,301.44
USR00290,2026-04-29,290.68
USR00290,2026-04-28,214.75
USR00290,2026-04-27,226.94
USR00290,2026-04-26,281.99
USR00290,2026-04-25,258.61
USR00290,2026-04-24,306.13
USR00290,2026-04-23,282.6
USR00291,2026-05-22,29.96
USR00291,2026-05-21,35.01
USR00291,2026-05-20,29.11
USR00291,2026-05-19,37.72
USR00291,2026-05-18,34.78
USR00291,2026-05-17,30.62
USR00291,2026-05-16,36.05
USR00291,2026-05-15,40.85
USR00291,2026-05-14,32.64
USR00291,2026-05-13,35.2
USR00291,2026-05-12,31.93
USR00291,2026-05-11,33.65
USR00291,2026-05-10,28.34
USR00291,2026-05-09,33.37
USR00291,2026-05-08,33.51
USR00291,2026-05-07,39.37
USR00291,2026-05-06,27.38
USR00291,2026-05-05,32.43
USR00291,2026-05-04,37.67
USR00291,2026-05-03,32.56
USR00291,2026-05-02,32.8
USR00291,2026-05-01,30.59
USR00291,2026-04-30,30.26
USR00291,2026-04-29,27.28
USR00291,2026-04-28,31.27
USR00291,2026-04-27,30.07
USR00291,2026-04-26,33.76
USR00291,2026-04-25,30.74
USR00291,2026-04-24,31.77
USR00291,2026-04-23,31.86
USR00292,2026-05-22,24.93
USR00292,2026-05-21,23.53
USR00292,2026-05-20,26.55
USR00292,2026-05-19,29.13
USR00292,2026-05-18,26.66
USR00292,2026-05-17,24.72
USR00292,2026-05-16,26.0
USR00292,2026-05-15,20.92
USR00292,2026-05-14,25.95
USR00292,2026-05-13,25.27
USR00292,2026-05-12,23.86
USR00292,2026-05-11,24.34
USR00292,2026-05-10,25.24
USR00292,2026-05-09,28.93
USR00292,2026-05-08,29.2
USR00292,2026-05-07,23.88
USR00292,2026-05-06,24.96
USR00292,2026-05-05,25.02
USR00292,2026-05-04,28.45
USR00292,2026-05-03,26.7
USR00292,2026-05-02,26.56
USR00292,2026-05-01,27.73
USR00292,2026-04-30,24.75
USR00292,2026-04-29,29.91
USR00292,2026-04-28,26.32
USR00292,2026-04-27,24.07
USR00292,2026-04-26,25.72
USR00292,2026-04-25,29.56
USR00292,2026-04-24,25.2
USR00292,2026-04-23,28.82
USR00293,2026-05-22,39.72
USR00293,2026-05-21,45.85
USR00293,2026-05-20,39.25
USR00293,2026-05-19,46.55
USR00293,2026-05-18,44.52
USR00293,2026-05-17,39.25
USR00293,2026-05-16,42.7
USR00293,2026-05-15,40.65
USR00293,2026-05-14,44.51
USR00293,2026-05-13,51.13
USR00293,2026-05-12,41.41
USR00293,2026-05-11,45.3
USR00293,2026-05-10,43.11
USR00293,2026-05-09,43.11
USR00293,2026-05-08,42.3
USR00293,2026-05-07,39.32
USR00293,2026-05-06,44.45
USR00293,2026-05-05,41.77
USR00293,2026-05-04,39.12
USR00293,2026-05-03,47.37
USR00293,2026-05-02,43.43
USR00293,2026-05-01,42.03
USR00293,2026-04-30,48.77
USR00293,2026-04-29,35.11
USR00293,2026-04-28,48.48
USR00293,2026-04-27,39.22
USR00293,2026-04-26,43.92
USR00293,2026-04-25,40.48
USR00293,2026-04-24,39.04
USR00293,2026-04-23,48.66
USR00294,2026-05-22,253.02
USR00294,2026-05-21,267.42
USR00294,2026-05-20,260.22
USR00294,2026-05-19,303.52
USR00294,2026-05-18,204.06
USR00294,2026-05-17,268.5
USR00294,2026-05-16,239.93
USR00294,2026-05-15,197.78
USR00294,2026-05-14,249.41
USR00294,2026-05-13,306.56
USR00294,2026-05-12,241.77
USR00294,2026-05-11,279.2
USR00294,2026-05-10,289.76
USR00294,2026-05-09,258.41
USR00294,2026-05-08,261.86
USR00294,2026-05-07,214.33
USR00294,2026-05-06,240.21
USR00294,2026-05-05,282.21
USR00294,2026-05-04,260.31
USR00294,2026-05-03,268.25
USR00294,2026-05-02,262.19
USR00294,2026-05-01,315.46
USR00294,2026-04-30,247.6
USR00294,2026-04-29,300.28
USR00294,2026-04-28,262.19
USR00294,2026-04-27,302.58
USR00294,2026-04-26,227.05
USR00294,2026-04-25,263.52
USR00294,2026-04-24,248.55
USR00294,2026-04-23,262.35
USR00295,2026-05-22,396.49
USR00295,2026-05-21,428.64
USR00295,2026-05-20,356.42
USR00295,2026-05-19,350.59
USR00295,2026-05-18,382.64
USR00295,2026-05-17,380.55
USR00295,2026-05-16,374.92
USR00295,2026-05-15,345.4
USR00295,2026-05-14,427.81
USR00295,2026-05-13,368.16
USR00295,2026-05-12,436.5
USR00295,2026-05-11,382.51
USR00295,2026-05-10,406.79
USR00295,2026-05-09,403.33
USR00295,2026-05-08,350.53
USR00295,2026-05-07,396.05
USR00295,2026-05-06,455.69
USR00295,2026-05-05,391.63
USR00295,2026-05-04,416.45
USR00295,2026-05-03,408.51
USR00295,2026-05-02,393.75
USR00295,2026-05-01,389.15
USR00295,2026-04-30,402.93
USR00295,2026-04-29,411.18
USR00295,2026-04-28,330.37
USR00295,2026-04-27,391.47
USR00295,2026-04-26,374.99
USR00295,2026-04-25,367.07
USR00295,2026-04-24,431.53
USR00295,2026-04-23,354.01
USR00296,2026-05-22,39.92
USR00296,2026-05-21,31.73
USR00296,2026-05-20,29.85
USR00296,2026-05-19,40.34
USR00296,2026-05-18,37.57
USR00296,2026-05-17,38.73
USR00296,2026-05-16,35.34
USR00296,2026-05-15,31.86
USR00296,2026-05-14,32.59
USR00296,2026-05-13,35.97
USR00296,2026-05-12,32.27
USR00296,2026-05-11,38.11
USR00296,2026-05-10,35.27
USR00296,2026-05-09,37.66
USR00296,2026-05-08,37.55
USR00296,2026-05-07,38.41
USR00296,2026-05-06,38.83
USR00296,2026-05-05,35.71
USR00296,2026-05-04,37.66
USR00296,2026-05-03,37.85
USR00296,2026-05-02,28.0
USR00296,2026-05-01,39.37
USR00296,2026-04-30,37.53
USR00296,2026-04-29,39.06
USR00296,2026-04-28,32.22
USR00296,2026-04-27,35.81
USR00296,2026-04-26,32.94
USR00296,2026-04-25,39.73
USR00296,2026-04-24,31.78
USR00296,2026-04-23,33.54
USR00297,2026-05-22,282.09
USR00297,2026-05-21,273.08
USR00297,2026-05-20,328.33
USR00297,2026-05-19,329.56
USR00297,2026-05-18,322.77
USR00297,2026-05-17,326.58
USR00297,2026-05-16,294.06
USR00297,2026-05-15,294.87
USR00297,2026-05-14,281.52
USR00297,2026-05-13,306.08
USR00297,2026-05-12,285.14
USR00297,2026-05-11,287.99
USR00297,2026-05-10,319.09
USR00297,2026-05-09,336.69
USR00297,2026-05-08,313.02
USR00297,2026-05-07,355.05
USR00297,2026-05-06,279.79
USR00297,2026-05-05,245.7
USR00297,2026-05-04,322.54
USR00297,2026-05-03,277.8
USR00297,2026-05-02,292.79
USR00297,2026-05-01,247.75
USR00297,2026-04-30,273.96
USR00297,2026-04-29,255.81
USR00297,2026-04-28,287.96
USR00297,2026-04-27,289.15
USR00297,2026-04-26,303.74
USR00297,2026-04-25,338.35
USR00297,2026-04-24,321.41
USR00297,2026-04-23,252.2
USR00298,2026-05-22,16.16
USR00298,2026-05-21,15.83
USR00298,2026-05-20,15.95
USR00298,2026-05-19,16.31
USR00298,2026-05-18,14.88
USR00298,2026-05-17,15.69
USR00298,2026-05-16,17.88
USR00298,2026-05-15,14.86
USR00298,2026-05-14,14.34
USR00298,2026-05-13,15.89
USR00298,2026-05-12,14.18
USR00298,2026-05-11,13.23
USR00298,2026-05-10,15.43
USR00298,2026-05-09,18.3
USR00298,2026-05-08,15.92
USR00298,2026-05-07,16.27
USR00298,2026-05-06,12.58
USR00298,2026-05-05,16.68
USR00298,2026-05-04,16.13
USR00298,2026-05-03,14.92
USR00298,2026-05-02,16.27
USR00298,2026-05-01,16.26
USR00298,2026-04-30,14.29
USR00298,2026-04-29,16.52
USR00298,2026-04-28,17.9
USR00298,2026-04-27,15.62
USR00298,2026-04-26,14.6
USR00298,2026-04-25,15.7
USR00298,2026-04-24,17.35
USR00298,2026-04-23,14.02
USR00299,2026-05-22,9.44
USR00299,2026-05-21,8.46
USR00299,2026-05-20,7.45
USR00299,2026-05-19,8.19
USR00299,2026-05-18,7.54
USR00299,2026-05-17,7.54
USR00299,2026-05-16,9.21
USR00299,2026-05-15,6.87
USR00299,2026-05-14,8.38
USR00299,2026-05-13,9.38
USR00299,2026-05-12,8.54
USR00299,2026-05-11,6.93
USR00299,2026-05-10,6.97
USR00299,2026-05-09,7.39
USR00299,2026-05-08,8.12
USR00299,2026-05-07,8.18
USR00299,2026-05-06,6.98
USR00299,2026-05-05,7.3
USR00299,2026-05-04,7.35
USR00299,2026-05-03,7.85
USR00299,2026-05-02,9.58
USR00299,2026-05-01,7.25
USR00299,2026-04-30,7.21
USR00299,2026-04-29,7.09
USR00299,2026-04-28,8.5
USR00299,2026-04-27,7.96
USR00299,2026-04-26,7.28
USR00299,2026-04-25,7.7
USR00299,2026-04-24,7.36
USR00299,2026-04-23,8.23
USR00300,2026-05-22,13.95
USR00300,2026-05-21,13.1
USR00300,2026-05-20,12.34
USR00300,2026-05-19,11.45
USR00300,2026-05-18,14.19
USR00300,2026-05-17,14.12
USR00300,2026-05-16,12.61
USR00300,2026-05-15,14.83
USR00300,2026-05-14,13.25
USR00300,2026-05-13,14.25
USR00300,2026-05-12,13.61
USR00300,2026-05-11,12.99
USR00300,2026-05-10,11.96
USR00300,2026-05-09,13.03
USR00300,2026-05-08,14.34
USR00300,2026-05-07,12.55
USR00300,2026-05-06,13.8
USR00300,2026-05-05,11.79
USR00300,2026-05-04,14.25
USR00300,2026-05-03,13.64
USR00300,2026-05-02,11.63
USR00300,2026-05-01,12.93
USR00300,2026-04-30,14.45
USR00300,2026-04-29,11.56
USR00300,2026-04-28,11.81
USR00300,2026-04-27,13.13
USR00300,2026-04-26,16.04
USR00300,2026-04-25,12.33
USR00300,2026-04-24,13.88
USR00300,2026-04-23,13.57
USR00301,2026-05-22,39.99
USR00301,2026-05-21,37.59
USR00301,2026-05-20,37.95
USR00301,2026-05-19,32.82
USR00301,2026-05-18,39.26
USR00301,2026-05-17,42.89
USR00301,2026-05-16,39.58
USR00301,2026-05-15,43.65
USR00301,2026-05-14,41.64
USR00301,2026-05-13,39.12
USR00301,2026-05-12,36.88
USR00301,2026-05-11,37.44
USR00301,2026-05-10,33.57
USR00301,2026-05-09,38.3
USR00301,2026-05-08,39.93
USR00301,2026-05-07,46.11
USR00301,2026-05-06,41.43
USR00301,2026-05-05,35.95
USR00301,2026-05-04,33.69
USR00301,2026-05-03,38.54
USR00301,2026-05-02,42.55
USR00301,2026-05-01,38.49
USR00301,2026-04-30,41.49
USR00301,2026-04-29,38.64
USR00301,2026-04-28,42.18
USR00301,2026-04-27,33.07
USR00301,2026-04-26,45.67
USR00301,2026-04-25,34.98
USR00301,2026-04-24,42.48
USR00301,2026-04-23,38.28
USR00302,2026-05-22,10.63
USR00302,2026-05-21,10.96
USR00302,2026-05-20,11.52
USR00302,2026-05-19,11.74
USR00302,2026-05-18,12.42
USR00302,2026-05-17,12.81
USR00302,2026-05-16,11.6
USR00302,2026-05-15,13.15
USR00302,2026-05-14,11.33
USR00302,2026-05-13,12.44
USR00302,2026-05-12,11.71
USR00302,2026-05-11,10.61
USR00302,2026-05-10,11.43
USR00302,2026-05-09,11.79
USR00302,2026-05-08,11.19
USR00302,2026-05-07,11.69
USR00302,2026-05-06,12.2
USR00302,2026-05-05,11.2
USR00302,2026-05-04,7.92
USR00302,2026-05-03,13.11
USR00302,2026-05-02,10.89
USR00302,2026-05-01,10.3
USR00302,2026-04-30,9.97
USR00302,2026-04-29,10.85
USR00302,2026-04-28,10.6
USR00302,2026-04-27,10.4
USR00302,2026-04-26,10.46
USR00302,2026-04-25,11.82
USR00302,2026-04-24,13.51
USR00302,2026-04-23,12.15
USR00303,2026-05-22,46.82
USR00303,2026-05-21,49.16
USR00303,2026-05-20,50.73
USR00303,2026-05-19,45.44
USR00303,2026-05-18,46.58
USR00303,2026-05-17,52.81
USR00303,2026-05-16,53.96
USR00303,2026-05-15,48.98
USR00303,2026-05-14,42.84
USR00303,2026-05-13,47.21
USR00303,2026-05-12,41.64
USR00303,2026-05-11,49.02
USR00303,2026-05-10,49.89
USR00303,2026-05-09,47.33
USR00303,2026-05-08,49.83
USR00303,2026-05-07,50.68
USR00303,2026-05-06,49.9
USR00303,2026-05-05,42.81
USR00303,2026-05-04,47.42
USR00303,2026-05-03,50.65
USR00303,2026-05-02,56.33
USR00303,2026-05-01,47.33
USR00303,2026-04-30,51.33
USR00303,2026-04-29,52.92
USR00303,2026-04-28,47.7
USR00303,2026-04-27,54.24
USR00303,2026-04-26,54.5
USR00303,2026-04-25,55.37
USR00303,2026-04-24,50.88
USR00303,2026-04-23,60.13
USR00304,2026-05-22,55.91
USR00304,2026-05-21,49.66
USR00304,2026-05-20,52.29
USR00304,2026-05-19,44.64
USR00304,2026-05-18,50.01
USR00304,2026-05-17,52.69
USR00304,2026-05-16,41.1
USR00304,2026-05-15,45.36
USR00304,2026-05-14,36.24
USR00304,2026-05-13,45.29
USR00304,2026-05-12,42.35
USR00304,2026-05-11,45.11
USR00304,2026-05-10,59.6
USR00304,2026-05-09,54.04
USR00304,2026-05-08,39.48
USR00304,2026-05-07,48.68
USR00304,2026-05-06,49.8
USR00304,2026-05-05,44.56
USR00304,2026-05-04,46.94
USR00304,2026-05-03,47.39
USR00304,2026-05-02,39.9
USR00304,2026-05-01,41.36
USR00304,2026-04-30,46.91
USR00304,2026-04-29,46.57
USR00304,2026-04-28,42.85
USR00304,2026-04-27,42.45
USR00304,2026-04-26,45.7
USR00304,2026-04-25,50.2
USR00304,2026-04-24,45.76
USR00304,2026-04-23,53.6
USR00305,2026-05-22,15.91
USR00305,2026-05-21,15.06
USR00305,2026-05-20,16.53
USR00305,2026-05-19,14.39
USR00305,2026-05-18,18.62
USR00305,2026-05-17,12.97
USR00305,2026-05-16,18.29
USR00305,2026-05-15,15.75
USR00305,2026-05-14,16.47
USR00305,2026-05-13,17.7
USR00305,2026-05-12,16.95
USR00305,2026-05-11,14.47
USR00305,2026-05-10,16.55
USR00305,2026-05-09,18.53
USR00305,2026-05-08,14.23
USR00305,2026-05-07,18.92
USR00305,2026-05-06,16.21
USR00305,2026-05-05,14.94
USR00305,2026-05-04,14.22
USR00305,2026-05-03,15.26
USR00305,2026-05-02,12.56
USR00305,2026-05-01,14.96
USR00305,2026-04-30,15.2
USR00305,2026-04-29,13.93
USR00305,2026-04-28,16.78
USR00305,2026-04-27,15.27
USR00305,2026-04-26,14.62
USR00305,2026-04-25,15.1
USR00305,2026-04-24,16.17
USR00305,2026-04-23,15.73
USR00306,2026-05-22,435.0
USR00306,2026-05-21,427.43
USR00306,2026-05-20,380.65
USR00306,2026-05-19,417.21
USR00306,2026-05-18,454.5
USR00306,2026-05-17,454.19
USR00306,2026-05-16,419.73
USR00306,2026-05-15,458.68
USR00306,2026-05-14,387.51
USR00306,2026-05-13,388.84
USR00306,2026-05-12,418.81
USR00306,2026-05-11,493.94
USR00306,2026-05-10,436.62
USR00306,2026-05-09,417.78
USR00306,2026-05-08,495.94
USR00306,2026-05-07,417.28
USR00306,2026-05-06,525.61
USR00306,2026-05-05,407.64
USR00306,2026-05-04,386.14
USR00306,2026-05-03,422.46
USR00306,2026-05-02,418.91
USR00306,2026-05-01,394.91
USR00306,2026-04-30,541.39
USR00306,2026-04-29,443.29
USR00306,2026-04-28,449.55
USR00306,2026-04-27,409.76
USR00306,2026-04-26,404.79
USR00306,2026-04-25,473.67
USR00306,2026-04-24,357.61
USR00306,2026-04-23,380.51
USR00307,2026-05-22,258.24
USR00307,2026-05-21,218.98
USR00307,2026-05-20,236.97
USR00307,2026-05-19,228.13
USR00307,2026-05-18,256.99
USR00307,2026-05-17,191.45
USR00307,2026-05-16,244.24
USR00307,2026-05-15,222.97
USR00307,2026-05-14,248.54
USR00307,2026-05-13,208.86
USR00307,2026-05-12,228.05
USR00307,2026-05-11,225.17
USR00307,2026-05-10,204.69
USR00307,2026-05-09,198.37
USR00307,2026-05-08,214.29
USR00307,2026-05-07,230.46
USR00307,2026-05-06,210.28
USR00307,2026-05-05,219.99
USR00307,2026-05-04,184.6
USR00307,2026-05-03,219.07
USR00307,2026-05-02,250.79
USR00307,2026-05-01,243.54
USR00307,2026-04-30,225.52
USR00307,2026-04-29,233.04
USR00307,2026-04-28,208.66
USR00307,2026-04-27,264.46
USR00307,2026-04-26,274.54
USR00307,2026-04-25,231.25
USR00307,2026-04-24,286.44
USR00307,2026-04-23,212.03
USR00308,2026-05-22,32.6
USR00308,2026-05-21,34.32
USR00308,2026-05-20,43.21
USR00308,2026-05-19,34.11
USR00308,2026-05-18,32.08
USR00308,2026-05-17,31.94
USR00308,2026-05-16,39.09
USR00308,2026-05-15,38.59
USR00308,2026-05-14,33.39
USR00308,2026-05-13,28.51
USR00308,2026-05-12,31.13
USR00308,2026-05-11,41.13
USR00308,2026-05-10,37.51
USR00308,2026-05-09,35.32
USR00308,2026-05-08,41.65
USR00308,2026-05-07,41.97
USR00308,2026-05-06,34.97
USR00308,2026-05-05,35.03
USR00308,2026-05-04,33.05
USR00308,2026-05-03,34.09
USR00308,2026-05-02,29.88
USR00308,2026-05-01,29.86
USR00308,2026-04-30,29.05
USR00308,2026-04-29,38.9
USR00308,2026-04-28,29.61
USR00308,2026-04-27,41.94
USR00308,2026-04-26,32.53
USR00308,2026-04-25,41.19
USR00308,2026-04-24,33.81
USR00308,2026-04-23,29.6
USR00309,2026-05-22,35.71
USR00309,2026-05-21,28.48
USR00309,2026-05-20,30.28
USR00309,2026-05-19,28.48
USR00309,2026-05-18,30.94
USR00309,2026-05-17,31.66
USR00309,2026-05-16,30.22
USR00309,2026-05-15,25.62
USR00309,2026-05-14,29.5
USR00309,2026-05-13,33.52
USR00309,2026-05-12,30.67
USR00309,2026-05-11,30.29
USR00309,2026-05-10,28.4
USR00309,2026-05-09,29.41
USR00309,2026-05-08,35.73
USR00309,2026-05-07,27.75
USR00309,2026-05-06,33.58
USR00309,2026-05-05,31.47
USR00309,2026-05-04,32.09
USR00309,2026-05-03,29.03
USR00309,2026-05-02,30.22
USR00309,2026-05-01,31.3
USR00309,2026-04-30,29.69
USR00309,2026-04-29,32.36
USR00309,2026-04-28,32.75
USR00309,2026-04-27,38.12
USR00309,2026-04-26,32.19
USR00309,2026-04-25,25.33
USR00309,2026-04-24,34.96
USR00309,2026-04-23,30.68
USR00310,2026-05-22,42.1
USR00310,2026-05-21,34.84
USR00310,2026-05-20,39.35
USR00310,2026-05-19,34.52
USR00310,2026-05-18,36.71
USR00310,2026-05-17,39.18
USR00310,2026-05-16,40.78
USR00310,2026-05-15,39.98
USR00310,2026-05-14,36.97
USR00310,2026-05-13,45.81
USR00310,2026-05-12,35.36
USR00310,2026-05-11,30.8
USR00310,2026-05-10,31.51
USR00310,2026-05-09,42.11
USR00310,2026-05-08,36.42
USR00310,2026-05-07,37.28
USR00310,2026-05-06,34.71
USR00310,2026-05-05,35.04
USR00310,2026-05-04,33.81
USR00310,2026-05-03,38.43
USR00310,2026-05-02,36.34
USR00310,2026-05-01,38.3
USR00310,2026-04-30,37.94
USR00310,2026-04-29,35.14
USR00310,2026-04-28,31.35
USR00310,2026-04-27,31.03
USR00310,2026-04-26,47.81
USR00310,2026-04-25,42.12
USR00310,2026-04-24,41.62
USR00310,2026-04-23,34.22
USR00311,2026-05-22,98.36
USR00311,2026-05-21,93.04
USR00311,2026-05-20,100.79
USR00311,2026-05-19,121.3
USR00311,2026-05-18,116.1
USR00311,2026-05-17,96.71
USR00311,2026-05-16,103.72
USR00311,2026-05-15,115.12
USR00311,2026-05-14,100.98
USR00311,2026-05-13,107.95
USR00311,2026-05-12,111.4
USR00311,2026-05-11,111.28
USR00311,2026-05-10,109.82
USR00311,2026-05-09,100.1
USR00311,2026-05-08,101.2
USR00311,2026-05-07,94.96
USR00311,2026-05-06,90.37
USR00311,2026-05-05,105.87
USR00311,2026-05-04,115.84
USR00311,2026-05-03,92.31
USR00311,2026-05-02,110.02
USR00311,2026-05-01,115.5
USR00311,2026-04-30,87.43
USR00311,2026-04-29,104.2
USR00311,2026-04-28,124.73
USR00311,2026-04-27,113.01
USR00311,2026-04-26,87.06
USR00311,2026-04-25,114.15
USR00311,2026-04-24,99.09
USR00311,2026-04-23,114.5
USR00312,2026-05-22,35.44
USR00312,2026-05-21,33.72
USR00312,2026-05-20,35.64
USR00312,2026-05-19,33.61
USR00312,2026-05-18,34.83
USR00312,2026-05-17,31.44
USR00312,2026-05-16,37.38
USR00312,2026-05-15,36.26
USR00312,2026-05-14,29.87
USR00312,2026-05-13,39.17
USR00312,2026-05-12,35.0
USR00312,2026-05-11,36.21
USR00312,2026-05-10,38.36
USR00312,2026-05-09,36.8
USR00312,2026-05-08,39.78
USR00312,2026-05-07,34.59
USR00312,2026-05-06,39.32
USR00312,2026-05-05,36.07
USR00312,2026-05-04,37.44
USR00312,2026-05-03,37.07
USR00312,2026-05-02,40.05
USR00312,2026-05-01,38.2
USR00312,2026-04-30,34.05
USR00312,2026-04-29,33.35
USR00312,2026-04-28,35.45
USR00312,2026-04-27,32.92
USR00312,2026-04-26,31.88
USR00312,2026-04-25,28.05
USR00312,2026-04-24,30.11
USR00312,2026-04-23,42.71
USR00313,2026-05-22,11.72
USR00313,2026-05-21,10.24
USR00313,2026-05-20,9.8
USR00313,2026-05-19,8.37
USR00313,2026-05-18,9.85
USR00313,2026-05-17,11.71
USR00313,2026-05-16,11.38
USR00313,2026-05-15,10.12
USR00313,2026-05-14,8.71
USR00313,2026-05-13,8.9
USR00313,2026-05-12,9.01
USR00313,2026-05-11,11.1
USR00313,2026-05-10,11.45
USR00313,2026-05-09,10.04
USR00313,2026-05-08,9.55
USR00313,2026-05-07,11.37
USR00313,2026-05-06,8.88
USR00313,2026-05-05,9.9
USR00313,2026-05-04,10.3
USR00313,2026-05-03,9.0
USR00313,2026-05-02,9.22
USR00313,2026-05-01,9.14
USR00313,2026-04-30,11.24
USR00313,2026-04-29,11.73
USR00313,2026-04-28,9.96
USR00313,2026-04-27,9.58
USR00313,2026-04-26,9.25
USR00313,2026-04-25,9.85
USR00313,2026-04-24,9.3
USR00313,2026-04-23,9.75
USR00314,2026-05-22,20.93
USR00314,2026-05-21,21.4
USR00314,2026-05-20,21.41
USR00314,2026-05-19,21.12
USR00314,2026-05-18,20.85
USR00314,2026-05-17,23.48
USR00314,2026-05-16,17.95
USR00314,2026-05-15,25.25
USR00314,2026-05-14,22.11
USR00314,2026-05-13,23.14
USR00314,2026-05-12,23.39
USR00314,2026-05-11,20.27
USR00314,2026-05-10,19.82
USR00314,2026-05-09,19.56
USR00314,2026-05-08,21.27
USR00314,2026-05-07,23.34
USR00314,2026-05-06,20.54
USR00314,2026-05-05,23.14
USR00314,2026-05-04,16.65
USR00314,2026-05-03,20.97
USR00314,2026-05-02,24.36
USR00314,2026-05-01,21.44
USR00314,2026-04-30,20.0
USR00314,2026-04-29,20.38
USR00314,2026-04-28,15.21
USR00314,2026-04-27,19.61
USR00314,2026-04-26,24.12
USR00314,2026-04-25,20.54
USR00314,2026-04-24,20.8
USR00314,2026-04-23,16.73
USR00315,2026-05-22,13.34
USR00315,2026-05-21,12.66
USR00315,2026-05-20,10.38
USR00315,2026-05-19,11.17
USR00315,2026-05-18,11.89
USR00315,2026-05-17,10.5
USR00315,2026-05-16,9.53
USR00315,2026-05-15,11.73
USR00315,2026-05-14,12.61
USR00315,2026-05-13,12.63
USR00315,2026-05-12,12.97
USR00315,2026-05-11,10.07
USR00315,2026-05-10,11.99
USR00315,2026-05-09,11.6
USR00315,2026-05-08,11.82
USR00315,2026-05-07,11.67
USR00315,2026-05-06,11.14
USR00315,2026-05-05,8.33
USR00315,2026-05-04,13.31
USR00315,2026-05-03,12.32
USR00315,2026-05-02,10.15
USR00315,2026-05-01,12.49
USR00315,2026-04-30,11.39
USR00315,2026-04-29,11.42
USR00315,2026-04-28,11.01
USR00315,2026-04-27,12.56
USR00315,2026-04-26,10.97
USR00315,2026-04-25,10.62
USR00315,2026-04-24,13.27
USR00315,2026-04-23,11.71
USR00316,2026-05-22,358.0
USR00316,2026-05-21,312.47
USR00316,2026-05-20,319.14
USR00316,2026-05-19,345.06
USR00316,2026-05-18,283.21
USR00316,2026-05-17,342.22
USR00316,2026-05-16,309.52
USR00316,2026-05-15,363.46
USR00316,2026-05-14,353.12
USR00316,2026-05-13,348.7
USR00316,2026-05-12,281.02
USR00316,2026-05-11,331.36
USR00316,2026-05-10,295.4
USR00316,2026-05-09,333.59
USR00316,2026-05-08,257.3
USR00316,2026-05-07,283.23
USR00316,2026-05-06,374.63
USR00316,2026-05-05,347.18
USR00316,2026-05-04,322.97
USR00316,2026-05-03,304.39
USR00316,2026-05-02,298.52
USR00316,2026-05-01,341.52
USR00316,2026-04-30,323.31
USR00316,2026-04-29,386.6
USR00316,2026-04-28,328.63
USR00316,2026-04-27,336.79
USR00316,2026-04-26,288.33
USR00316,2026-04-25,322.74
USR00316,2026-04-24,340.75
USR00316,2026-04-23,322.34
USR00317,2026-05-22,34.57
USR00317,2026-05-21,38.55
USR00317,2026-05-20,33.96
USR00317,2026-05-19,37.31
USR00317,2026-05-18,35.56
USR00317,2026-05-17,37.11
USR00317,2026-05-16,31.44
USR00317,2026-05-15,32.79
USR00317,2026-05-14,32.8
USR00317,2026-05-13,35.31
USR00317,2026-05-12,36.13
USR00317,2026-05-11,33.9
USR00317,2026-05-10,36.41
USR00317,2026-05-09,31.59
USR00317,2026-05-08,36.44
USR00317,2026-05-07,36.88
USR00317,2026-05-06,35.75
USR00317,2026-05-05,33.93
USR00317,2026-05-04,35.87
USR00317,2026-05-03,30.49
USR00317,2026-05-02,34.14
USR00317,2026-05-01,34.48
USR00317,2026-04-30,29.03
USR00317,2026-04-29,35.07
USR00317,2026-04-28,29.3
USR00317,2026-04-27,32.05
USR00317,2026-04-26,33.61
USR00317,2026-04-25,31.03
USR00317,2026-04-24,33.75
USR00317,2026-04-23,33.7
USR00318,2026-05-22,25.0
USR00318,2026-05-21,21.84
USR00318,2026-05-20,29.06
USR00318,2026-05-19,23.39
USR00318,2026-05-18,20.88
USR00318,2026-05-17,21.32
USR00318,2026-05-16,26.37
USR00318,2026-05-15,22.68
USR00318,2026-05-14,20.43
USR00318,2026-05-13,25.67
USR00318,2026-05-12,22.67
USR00318,2026-05-11,25.2
USR00318,2026-05-10,25.86
USR00318,2026-05-09,24.3
USR00318,2026-05-08,29.32
USR00318,2026-05-07,19.57
USR00318,2026-05-06,21.72
USR00318,2026-05-05,23.05
USR00318,2026-05-04,29.0
USR00318,2026-05-03,27.9
USR00318,2026-05-02,26.7
USR00318,2026-05-01,21.77
USR00318,2026-04-30,22.05
USR00318,2026-04-29,21.69
USR00318,2026-04-28,21.8
USR00318,2026-04-27,27.18
USR00318,2026-04-26,23.08
USR00318,2026-04-25,23.39
USR00318,2026-04-24,25.48
USR00318,2026-04-23,19.72
USR00319,2026-05-22,17.97
USR00319,2026-05-21,19.59
USR00319,2026-05-20,19.0
USR00319,2026-05-19,18.9
USR00319,2026-05-18,20.64
USR00319,2026-05-17,20.64
USR00319,2026-05-16,19.74
USR00319,2026-05-15,20.94
USR00319,2026-05-14,18.44
USR00319,2026-05-13,21.56
USR00319,2026-05-12,19.77
USR00319,2026-05-11,19.21
USR00319,2026-05-10,18.58
USR00319,2026-05-09,19.7
USR00319,2026-05-08,23.97
USR00319,2026-05-07,20.06
USR00319,2026-05-06,17.88
USR00319,2026-05-05,22.04
USR00319,2026-05-04,19.24
USR00319,2026-05-03,20.76
USR00319,2026-05-02,18.97
USR00319,2026-05-01,22.77
USR00319,2026-04-30,19.0
USR00319,2026-04-29,23.01
USR00319,2026-04-28,18.07
USR00319,2026-04-27,19.6
USR00319,2026-04-26,23.02
USR00319,2026-04-25,20.53
USR00319,2026-04-24,24.77
USR00319,2026-04-23,19.65
USR00320,2026-05-22,269.12
USR00320,2026-05-21,191.83
USR00320,2026-05-20,189.03
USR00320,2026-05-19,208.07
USR00320,2026-05-18,244.44
USR00320,2026-05-17,189.66
USR00320,2026-05-16,239.55
USR00320,2026-05-15,237.96
USR00320,2026-05-14,271.59
USR00320,2026-05-13,249.69
USR00320,2026-05-12,234.28
USR00320,2026-05-11,256.78
USR00320,2026-05-10,238.23
USR00320,2026-05-09,215.65
USR00320,2026-05-08,200.18
USR00320,2026-05-07,213.18
USR00320,2026-05-06,225.15
USR00320,2026-05-05,230.01
USR00320,2026-05-04,177.79
USR00320,2026-05-03,221.09
USR00320,2026-05-02,226.7
USR00320,2026-05-01,238.43
USR00320,2026-04-30,262.83
USR00320,2026-04-29,230.25
USR00320,2026-04-28,205.49
USR00320,2026-04-27,184.95
USR00320,2026-04-26,241.58
USR00320,2026-04-25,206.41
USR00320,2026-04-24,245.65
USR00320,2026-04-23,257.64
USR00321,2026-05-22,50.79
USR00321,2026-05-21,54.34
USR00321,2026-05-20,53.03
USR00321,2026-05-19,38.03
USR00321,2026-05-18,44.01
USR00321,2026-05-17,41.96
USR00321,2026-05-16,50.64
USR00321,2026-05-15,50.11
USR00321,2026-05-14,35.14
USR00321,2026-05-13,46.67
USR00321,2026-05-12,51.98
USR00321,2026-05-11,48.83
USR00321,2026-05-10,48.83
USR00321,2026-05-09,46.37
USR00321,2026-05-08,43.03
USR00321,2026-05-07,48.04
USR00321,2026-05-06,48.37
USR00321,2026-05-05,51.08
USR00321,2026-05-04,51.47
USR00321,2026-05-03,48.54
USR00321,2026-05-02,53.39
USR00321,2026-05-01,46.32
USR00321,2026-04-30,41.17
USR00321,2026-04-29,50.42
USR00321,2026-04-28,48.73
USR00321,2026-04-27,50.51
USR00321,2026-04-26,42.04
USR00321,2026-04-25,56.74
USR00321,2026-04-24,51.54
USR00321,2026-04-23,46.74
USR00322,2026-05-22,393.15
USR00322,2026-05-21,315.81
USR00322,2026-05-20,435.18
USR00322,2026-05-19,333.15
USR00322,2026-05-18,415.98
USR00322,2026-05-17,348.37
USR00322,2026-05-16,411.02
USR00322,2026-05-15,328.83
USR00322,2026-05-14,355.58
USR00322,2026-05-13,383.48
USR00322,2026-05-12,378.41
USR00322,2026-05-11,393.98
USR00322,2026-05-10,337.61
USR00322,2026-05-09,357.93
USR00322,2026-05-08,399.22
USR00322,2026-05-07,329.89
USR00322,2026-05-06,375.24
USR00322,2026-05-05,347.14
USR00322,2026-05-04,362.22
USR00322,2026-05-03,357.92
USR00322,2026-05-02,326.94
USR00322,2026-05-01,345.66
USR00322,2026-04-30,360.06
USR00322,2026-04-29,351.27
USR00322,2026-04-28,410.73
USR00322,2026-04-27,390.76
USR00322,2026-04-26,365.21
USR00322,2026-04-25,327.83
USR00322,2026-04-24,325.67
USR00322,2026-04-23,424.97
USR00323,2026-05-22,247.35
USR00323,2026-05-21,253.4
USR00323,2026-05-20,236.95
USR00323,2026-05-19,220.06
USR00323,2026-05-18,225.37
USR00323,2026-05-17,231.2
USR00323,2026-05-16,227.22
USR00323,2026-05-15,277.04
USR00323,2026-05-14,244.34
USR00323,2026-05-13,231.76
USR00323,2026-05-12,247.18
USR00323,2026-05-11,260.9
USR00323,2026-05-10,236.14
USR00323,2026-05-09,266.63
USR00323,2026-05-08,213.48
USR00323,2026-05-07,273.21
USR00323,2026-05-06,244.35
USR00323,2026-05-05,243.39
USR00323,2026-05-04,227.62
USR00323,2026-05-03,214.54
USR00323,2026-05-02,203.81
USR00323,2026-05-01,225.91
USR00323,2026-04-30,258.94
USR00323,2026-04-29,221.06
USR00323,2026-04-28,206.7
USR00323,2026-04-27,222.34
USR00323,2026-04-26,235.16
USR00323,2026-04-25,236.12
USR00323,2026-04-24,241.42
USR00323,2026-04-23,269.82
USR00324,2026-05-22,44.81
USR00324,2026-05-21,31.26
USR00324,2026-05-20,34.13
USR00324,2026-05-19,39.93
USR00324,2026-05-18,35.63
USR00324,2026-05-17,40.54
USR00324,2026-05-16,38.1
USR00324,2026-05-15,43.22
USR00324,2026-05-14,41.22
USR00324,2026-05-13,41.28
USR00324,2026-05-12,35.79
USR00324,2026-05-11,36.96
USR00324,2026-05-10,36.19
USR00324,2026-05-09,31.7
USR00324,2026-05-08,42.82
USR00324,2026-05-07,40.11
USR00324,2026-05-06,36.04
USR00324,2026-05-05,42.19
USR00324,2026-05-04,34.97
USR00324,2026-05-03,30.46
USR00324,2026-05-02,41.08
USR00324,2026-05-01,32.55
USR00324,2026-04-30,36.59
USR00324,2026-04-29,38.09
USR00324,2026-04-28,38.76
USR00324,2026-04-27,40.49
USR00324,2026-04-26,39.49
USR00324,2026-04-25,39.38
USR00324,2026-04-24,34.37
USR00324,2026-04-23,38.42
USR00325,2026-05-22,57.41
USR00325,2026-05-21,42.69
USR00325,2026-05-20,47.94
USR00325,2026-05-19,43.11
USR00325,2026-05-18,46.03
USR00325,2026-05-17,49.72
USR00325,2026-05-16,47.03
USR00325,2026-05-15,55.34
USR00325,2026-05-14,50.78
USR00325,2026-05-13,47.36
USR00325,2026-05-12,48.99
USR00325,2026-05-11,55.71
USR00325,2026-05-10,54.17
USR00325,2026-05-09,44.0
USR00325,2026-05-08,46.28
USR00325,2026-05-07,52.01
USR00325,2026-05-06,51.41
USR00325,2026-05-05,44.44
USR00325,2026-05-04,53.38
USR00325,2026-05-03,45.23
USR00325,2026-05-02,56.13
USR00325,2026-05-01,52.29
USR00325,2026-04-30,44.04
USR00325,2026-04-29,47.03
USR00325,2026-04-28,46.94
USR00325,2026-04-27,50.45
USR00325,2026-04-26,48.64
USR00325,2026-04-25,43.97
USR00325,2026-04-24,42.73
USR00325,2026-04-23,52.38
USR00326,2026-05-22,33.94
USR00326,2026-05-21,34.5
USR00326,2026-05-20,31.51
USR00326,2026-05-19,34.21
USR00326,2026-05-18,42.12
USR00326,2026-05-17,37.53
USR00326,2026-05-16,32.62
USR00326,2026-05-15,31.83
USR00326,2026-05-14,23.98
USR00326,2026-05-13,37.18
USR00326,2026-05-12,36.23
USR00326,2026-05-11,31.76
USR00326,2026-05-10,28.78
USR00326,2026-05-09,29.71
USR00326,2026-05-08,35.08
USR00326,2026-05-07,33.29
USR00326,2026-05-06,35.91
USR00326,2026-05-05,33.88
USR00326,2026-05-04,36.84
USR00326,2026-05-03,34.83
USR00326,2026-05-02,36.37
USR00326,2026-05-01,26.57
USR00326,2026-04-30,29.44
USR00326,2026-04-29,32.36
USR00326,2026-04-28,37.21
USR00326,2026-04-27,39.9
USR00326,2026-04-26,33.04
USR00326,2026-04-25,31.53
USR00326,2026-04-24,27.02
USR00326,2026-04-23,36.49
USR00327,2026-05-22,523.03
USR00327,2026-05-21,373.78
USR00327,2026-05-20,488.6
USR00327,2026-05-19,433.83
USR00327,2026-05-18,362.12
USR00327,2026-05-17,412.99
USR00327,2026-05-16,434.76
USR00327,2026-05-15,394.53
USR00327,2026-05-14,437.45
USR00327,2026-05-13,436.56
USR00327,2026-05-12,427.69
USR00327,2026-05-11,402.96
USR00327,2026-05-10,356.2
USR00327,2026-05-09,400.52
USR00327,2026-05-08,410.73
USR00327,2026-05-07,327.9
USR00327,2026-05-06,410.45
USR00327,2026-05-05,399.72
USR00327,2026-05-04,351.29
USR00327,2026-05-03,390.18
USR00327,2026-05-02,391.04
USR00327,2026-05-01,481.53
USR00327,2026-04-30,412.51
USR00327,2026-04-29,445.44
USR00327,2026-04-28,398.87
USR00327,2026-04-27,327.99
USR00327,2026-04-26,430.76
USR00327,2026-04-25,377.06
USR00327,2026-04-24,390.08
USR00327,2026-04-23,361.12
USR00328,2026-05-22,22.49
USR00328,2026-05-21,22.22
USR00328,2026-05-20,23.55
USR00328,2026-05-19,23.84
USR00328,2026-05-18,16.17
USR00328,2026-05-17,17.9
USR00328,2026-05-16,16.65
USR00328,2026-05-15,21.61
USR00328,2026-05-14,18.92
USR00328,2026-05-13,19.33
USR00328,2026-05-12,19.89
USR00328,2026-05-11,21.1
USR00328,2026-05-10,17.31
USR00328,2026-05-09,17.77
USR00328,2026-05-08,20.33
USR00328,2026-05-07,22.76
USR00328,2026-05-06,20.27
USR00328,2026-05-05,18.72
USR00328,2026-05-04,15.96
USR00328,2026-05-03,22.26
USR00328,2026-05-02,18.83
USR00328,2026-05-01,17.99
USR00328,2026-04-30,16.84
USR00328,2026-04-29,17.4
USR00328,2026-04-28,18.37
USR00328,2026-04-27,19.84
USR00328,2026-04-26,17.87
USR00328,2026-04-25,20.7
USR00328,2026-04-24,19.82
USR00328,2026-04-23,24.84
USR00329,2026-05-22,199.64
USR00329,2026-05-21,199.88
USR00329,2026-05-20,176.22
USR00329,2026-05-19,198.33
USR00329,2026-05-18,211.58
USR00329,2026-05-17,198.36
USR00329,2026-05-16,223.66
USR00329,2026-05-15,153.68
USR00329,2026-05-14,179.92
USR00329,2026-05-13,225.44
USR00329,2026-05-12,214.38
USR00329,2026-05-11,207.08
USR00329,2026-05-10,220.69
USR00329,2026-05-09,158.81
USR00329,2026-05-08,212.09
USR00329,2026-05-07,217.37
USR00329,2026-05-06,183.52
USR00329,2026-05-05,248.12
USR00329,2026-05-04,200.32
USR00329,2026-05-03,153.38
USR00329,2026-05-02,203.95
USR00329,2026-05-01,182.32
USR00329,2026-04-30,219.35
USR00329,2026-04-29,207.23
USR00329,2026-04-28,184.72
USR00329,2026-04-27,225.98
USR00329,2026-04-26,214.92
USR00329,2026-04-25,180.2
USR00329,2026-04-24,193.48
USR00329,2026-04-23,206.62
USR00330,2026-05-22,114.58
USR00330,2026-05-21,118.98
USR00330,2026-05-20,105.91
USR00330,2026-05-19,92.07
USR00330,2026-05-18,121.38
USR00330,2026-05-17,94.97
USR00330,2026-05-16,106.77
USR00330,2026-05-15,97.54
USR00330,2026-05-14,99.0
USR00330,2026-05-13,123.6
USR00330,2026-05-12,115.91
USR00330,2026-05-11,115.48
USR00330,2026-05-10,102.94
USR00330,2026-05-09,110.77
USR00330,2026-05-08,123.01
USR00330,2026-05-07,117.93
USR00330,2026-05-06,128.29
USR00330,2026-05-05,129.98
USR00330,2026-05-04,115.55
USR00330,2026-05-03,96.59
USR00330,2026-05-02,109.57
USR00330,2026-05-01,117.38
USR00330,2026-04-30,109.34
USR00330,2026-04-29,106.04
USR00330,2026-04-28,119.37
USR00330,2026-04-27,147.35
USR00330,2026-04-26,112.76
USR00330,2026-04-25,118.51
USR00330,2026-04-24,102.99
USR00330,2026-04-23,133.28
USR00331,2026-05-22,10.9
USR00331,2026-05-21,11.46
USR00331,2026-05-20,9.66
USR00331,2026-05-19,9.78
USR00331,2026-05-18,11.81
USR00331,2026-05-17,10.73
USR00331,2026-05-16,7.85
USR00331,2026-05-15,10.55
USR00331,2026-05-14,9.5
USR00331,2026-05-13,11.0
USR00331,2026-05-12,10.5
USR00331,2026-05-11,8.33
USR00331,2026-05-10,10.36
USR00331,2026-05-09,10.3
USR00331,2026-05-08,10.46
USR00331,2026-05-07,10.67
USR00331,2026-05-06,11.6
USR00331,2026-05-05,10.51
USR00331,2026-05-04,10.11
USR00331,2026-05-03,11.25
USR00331,2026-05-02,12.35
USR00331,2026-05-01,11.01
USR00331,2026-04-30,10.3
USR00331,2026-04-29,10.53
USR00331,2026-04-28,10.35
USR00331,2026-04-27,10.11
USR00331,2026-04-26,12.27
USR00331,2026-04-25,9.33
USR00331,2026-04-24,11.26
USR00331,2026-04-23,9.96
USR00332,2026-05-22,29.95
USR00332,2026-05-21,28.86
USR00332,2026-05-20,32.29
USR00332,2026-05-19,30.8
USR00332,2026-05-18,27.41
USR00332,2026-05-17,35.02
USR00332,2026-05-16,33.85
USR00332,2026-05-15,35.37
USR00332,2026-05-14,31.25
USR00332,2026-05-13,30.42
USR00332,2026-05-12,32.67
USR00332,2026-05-11,28.76
USR00332,2026-05-10,30.92
USR00332,2026-05-09,29.99
USR00332,2026-05-08,26.07
USR00332,2026-05-07,30.92
USR00332,2026-05-06,29.18
USR00332,2026-05-05,29.79
USR00332,2026-05-04,31.64
USR00332,2026-05-03,34.41
USR00332,2026-05-02,27.94
USR00332,2026-05-01,29.5
USR00332,2026-04-30,28.19
USR00332,2026-04-29,27.99
USR00332,2026-04-28,28.71
USR00332,2026-04-27,29.93
USR00332,2026-04-26,32.31
USR00332,2026-04-25,31.5
USR00332,2026-04-24,27.3
USR00332,2026-04-23,34.48
USR00333,2026-05-22,5.78
USR00333,2026-05-21,7.14
USR00333,2026-05-20,6.57
USR00333,2026-05-19,6.26
USR00333,2026-05-18,6.59
USR00333,2026-05-17,6.34
USR00333,2026-05-16,6.7
USR00333,2026-05-15,6.48
USR00333,2026-05-14,6.14
USR00333,2026-05-13,5.07
USR00333,2026-05-12,6.69
USR00333,2026-05-11,6.12
USR00333,2026-05-10,6.85
USR00333,2026-05-09,6.66
USR00333,2026-05-08,6.14
USR00333,2026-05-07,7.01
USR00333,2026-05-06,6.49
USR00333,2026-05-05,6.46
USR00333,2026-05-04,6.27
USR00333,2026-05-03,7.43
USR00333,2026-05-02,5.9
USR00333,2026-05-01,6.15
USR00333,2026-04-30,5.57
USR00333,2026-04-29,6.82
USR00333,2026-04-28,5.99
USR00333,2026-04-27,6.06
USR00333,2026-04-26,6.03
USR00333,2026-04-25,6.4
USR00333,2026-04-24,5.56
USR00333,2026-04-23,4.93
USR00334,2026-05-22,295.02
USR00334,2026-05-21,406.03
USR00334,2026-05-20,432.38
USR00334,2026-05-19,367.94
USR00334,2026-05-18,422.69
USR00334,2026-05-17,373.17
USR00334,2026-05-16,433.91
USR00334,2026-05-15,357.01
USR00334,2026-05-14,285.62
USR00334,2026-05-13,371.09
USR00334,2026-05-12,437.97
USR00334,2026-05-11,394.09
USR00334,2026-05-10,354.8
USR00334,2026-05-09,386.38
USR00334,2026-05-08,410.41
USR00334,2026-05-07,370.88
USR00334,2026-05-06,472.33
USR00334,2026-05-05,354.73
USR00334,2026-05-04,411.58
USR00334,2026-05-03,402.58
USR00334,2026-05-02,347.9
USR00334,2026-05-01,358.2
USR00334,2026-04-30,412.17
USR00334,2026-04-29,379.5
USR00334,2026-04-28,386.73
USR00334,2026-04-27,312.88
USR00334,2026-04-26,398.62
USR00334,2026-04-25,384.83
USR00334,2026-04-24,371.69
USR00334,2026-04-23,387.58
USR00335,2026-05-22,14.38
USR00335,2026-05-21,14.92
USR00335,2026-05-20,14.58
USR00335,2026-05-19,18.62
USR00335,2026-05-18,16.68
USR00335,2026-05-17,13.8
USR00335,2026-05-16,18.4
USR00335,2026-05-15,14.62
USR00335,2026-05-14,15.33
USR00335,2026-05-13,16.66
USR00335,2026-05-12,12.27
USR00335,2026-05-11,14.92
USR00335,2026-05-10,14.41
USR00335,2026-05-09,15.6
USR00335,2026-05-08,15.85
USR00335,2026-05-07,15.17
USR00335,2026-05-06,15.1
USR00335,2026-05-05,16.91
USR00335,2026-05-04,15.75
USR00335,2026-05-03,15.35
USR00335,2026-05-02,15.51
USR00335,2026-05-01,18.09
USR00335,2026-04-30,15.55
USR00335,2026-04-29,14.5
USR00335,2026-04-28,12.37
USR00335,2026-04-27,13.09
USR00335,2026-04-26,14.57
USR00335,2026-04-25,15.12
USR00335,2026-04-24,14.44
USR00335,2026-04-23,15.82
USR00336,2026-05-22,19.77
USR00336,2026-05-21,23.09
USR00336,2026-05-20,24.74
USR00336,2026-05-19,19.35
USR00336,2026-05-18,22.29
USR00336,2026-05-17,17.62
USR00336,2026-05-16,18.55
USR00336,2026-05-15,20.48
USR00336,2026-05-14,24.23
USR00336,2026-05-13,20.07
USR00336,2026-05-12,19.99
USR00336,2026-05-11,21.84
USR00336,2026-05-10,21.84
USR00336,2026-05-09,20.05
USR00336,2026-05-08,26.08
USR00336,2026-05-07,21.18
USR00336,2026-05-06,22.01
USR00336,2026-05-05,20.89
USR00336,2026-05-04,22.72
USR00336,2026-05-03,24.45
USR00336,2026-05-02,25.38
USR00336,2026-05-01,20.1
USR00336,2026-04-30,24.16
USR00336,2026-04-29,22.96
USR00336,2026-04-28,23.88
USR00336,2026-04-27,21.56
USR00336,2026-04-26,21.35
USR00336,2026-04-25,23.8
USR00336,2026-04-24,23.84
USR00336,2026-04-23,25.17
USR00337,2026-05-22,447.01
USR00337,2026-05-21,340.69
USR00337,2026-05-20,379.03
USR00337,2026-05-19,434.02
USR00337,2026-05-18,402.09
USR00337,2026-05-17,488.62
USR00337,2026-05-16,392.65
USR00337,2026-05-15,429.19
USR00337,2026-05-14,430.96
USR00337,2026-05-13,506.27
USR00337,2026-05-12,424.35
USR00337,2026-05-11,472.28
USR00337,2026-05-10,460.68
USR00337,2026-05-09,492.65
USR00337,2026-05-08,490.25
USR00337,2026-05-07,450.33
USR00337,2026-05-06,375.19
USR00337,2026-05-05,441.37
USR00337,2026-05-04,450.94
USR00337,2026-05-03,464.76
USR00337,2026-05-02,418.51
USR00337,2026-05-01,503.39
USR00337,2026-04-30,452.45
USR00337,2026-04-29,410.25
USR00337,2026-04-28,431.13
USR00337,2026-04-27,538.98
USR00337,2026-04-26,481.86
USR00337,2026-04-25,499.21
USR00337,2026-04-24,404.77
USR00337,2026-04-23,420.71
USR00338,2026-05-22,42.12
USR00338,2026-05-21,40.64
USR00338,2026-05-20,39.33
USR00338,2026-05-19,39.85
USR00338,2026-05-18,38.07
USR00338,2026-05-17,40.61
USR00338,2026-05-16,45.96
USR00338,2026-05-15,35.1
USR00338,2026-05-14,42.79
USR00338,2026-05-13,47.06
USR00338,2026-05-12,40.6
USR00338,2026-05-11,39.17
USR00338,2026-05-10,45.18
USR00338,2026-05-09,37.29
USR00338,2026-05-08,41.26
USR00338,2026-05-07,37.06
USR00338,2026-05-06,33.62
USR00338,2026-05-05,40.73
USR00338,2026-05-04,36.13
USR00338,2026-05-03,41.31
USR00338,2026-05-02,45.97
USR00338,2026-05-01,49.02
USR00338,2026-04-30,41.74
USR00338,2026-04-29,45.57
USR00338,2026-04-28,43.01
USR00338,2026-04-27,39.77
USR00338,2026-04-26,33.4
USR00338,2026-04-25,48.08
USR00338,2026-04-24,37.02
USR00338,2026-04-23,47.08
USR00339,2026-05-22,320.09
USR00339,2026-05-21,365.78
USR00339,2026-05-20,430.37
USR00339,2026-05-19,409.19
USR00339,2026-05-18,336.53
USR00339,2026-05-17,329.46
USR00339,2026-05-16,358.27
USR00339,2026-05-15,348.84
USR00339,2026-05-14,397.27
USR00339,2026-05-13,380.95
USR00339,2026-05-12,294.69
USR00339,2026-05-11,370.99
USR00339,2026-05-10,348.36
USR00339,2026-05-09,356.03
USR00339,2026-05-08,363.55
USR00339,2026-05-07,397.24
USR00339,2026-05-06,389.4
USR00339,2026-05-05,328.12
USR00339,2026-05-04,352.64
USR00339,2026-05-03,338.81
USR00339,2026-05-02,295.06
USR00339,2026-05-01,350.84
USR00339,2026-04-30,420.15
USR00339,2026-04-29,293.99
USR00339,2026-04-28,353.86
USR00339,2026-04-27,352.72
USR00339,2026-04-26,364.92
USR00339,2026-04-25,320.57
USR00339,2026-04-24,304.16
USR00339,2026-04-23,305.81
USR00340,2026-05-22,323.65
USR00340,2026-05-21,340.99
USR00340,2026-05-20,434.46
USR00340,2026-05-19,332.56
USR00340,2026-05-18,371.21
USR00340,2026-05-17,397.1
USR00340,2026-05-16,395.37
USR00340,2026-05-15,311.12
USR00340,2026-05-14,333.31
USR00340,2026-05-13,369.77
USR00340,2026-05-12,428.15
USR00340,2026-05-11,331.59
USR00340,2026-05-10,341.2
USR00340,2026-05-09,373.98
USR00340,2026-05-08,381.16
USR00340,2026-05-07,383.33
USR00340,2026-05-06,328.54
USR00340,2026-05-05,339.82
USR00340,2026-05-04,366.65
USR00340,2026-05-03,404.22
USR00340,2026-05-02,350.36
USR00340,2026-05-01,358.12
USR00340,2026-04-30,322.09
USR00340,2026-04-29,425.79
USR00340,2026-04-28,364.45
USR00340,2026-04-27,397.6
USR00340,2026-04-26,359.99
USR00340,2026-04-25,361.98
USR00340,2026-04-24,305.07
USR00340,2026-04-23,281.72
USR00341,2026-05-22,48.46
USR00341,2026-05-21,49.08
USR00341,2026-05-20,42.08
USR00341,2026-05-19,43.74
USR00341,2026-05-18,53.19
USR00341,2026-05-17,56.45
USR00341,2026-05-16,45.1
USR00341,2026-05-15,51.32
USR00341,2026-05-14,49.0
USR00341,2026-05-13,47.51
USR00341,2026-05-12,56.99
USR00341,2026-05-11,45.91
USR00341,2026-05-10,54.05
USR00341,2026-05-09,49.92
USR00341,2026-05-08,48.01
USR00341,2026-05-07,54.68
USR00341,2026-05-06,49.48
USR00341,2026-05-05,47.62
USR00341,2026-05-04,54.72
USR00341,2026-05-03,54.09
USR00341,2026-05-02,53.87
USR00341,2026-05-01,29.39
USR00341,2026-04-30,50.2
USR00341,2026-04-29,49.11
USR00341,2026-04-28,47.92
USR00341,2026-04-27,51.02
USR00341,2026-04-26,49.34
USR00341,2026-04-25,51.35
USR00341,2026-04-24,46.8
USR00341,2026-04-23,55.29
USR00342,2026-05-22,14.34
USR00342,2026-05-21,14.27
USR00342,2026-05-20,15.17
USR00342,2026-05-19,14.99
USR00342,2026-05-18,13.45
USR00342,2026-05-17,14.95
USR00342,2026-05-16,13.84
USR00342,2026-05-15,16.21
USR00342,2026-05-14,15.09
USR00342,2026-05-13,12.75
USR00342,2026-05-12,16.77
USR00342,2026-05-11,10.74
USR00342,2026-05-10,14.47
USR00342,2026-05-09,12.65
USR00342,2026-05-08,16.16
USR00342,2026-05-07,13.94
USR00342,2026-05-06,12.52
USR00342,2026-05-05,13.24
USR00342,2026-05-04,12.63
USR00342,2026-05-03,13.18
USR00342,2026-05-02,13.15
USR00342,2026-05-01,12.58
USR00342,2026-04-30,13.97
USR00342,2026-04-29,14.13
USR00342,2026-04-28,12.25
USR00342,2026-04-27,11.34
USR00342,2026-04-26,14.02
USR00342,2026-04-25,14.32
USR00342,2026-04-24,14.59
USR00342,2026-04-23,14.35
USR00343,2026-05-22,46.94
USR00343,2026-05-21,54.12
USR00343,2026-05-20,55.91
USR00343,2026-05-19,35.18
USR00343,2026-05-18,33.3
USR00343,2026-05-17,42.65
USR00343,2026-05-16,44.83
USR00343,2026-05-15,42.36
USR00343,2026-05-14,45.68
USR00343,2026-05-13,41.53
USR00343,2026-05-12,39.72
USR00343,2026-05-11,40.36
USR00343,2026-05-10,41.83
USR00343,2026-05-09,46.28
USR00343,2026-05-08,40.6
USR00343,2026-05-07,41.45
USR00343,2026-05-06,45.11
USR00343,2026-05-05,41.83
USR00343,2026-05-04,47.45
USR00343,2026-05-03,38.76
USR00343,2026-05-02,37.83
USR00343,2026-05-01,43.98
USR00343,2026-04-30,44.41
USR00343,2026-04-29,38.99
USR00343,2026-04-28,48.41
USR00343,2026-04-27,50.9
USR00343,2026-04-26,40.0
USR00343,2026-04-25,49.03
USR00343,2026-04-24,32.51
USR00343,2026-04-23,47.27
USR00344,2026-05-22,7.57
USR00344,2026-05-21,6.24
USR00344,2026-05-20,6.85
USR00344,2026-05-19,6.34
USR00344,2026-05-18,6.75
USR00344,2026-05-17,8.16
USR00344,2026-05-16,6.82
USR00344,2026-05-15,8.35
USR00344,2026-05-14,6.63
USR00344,2026-05-13,7.93
USR00344,2026-05-12,5.78
USR00344,2026-05-11,6.7
USR00344,2026-05-10,6.53
USR00344,2026-05-09,7.96
USR00344,2026-05-08,7.03
USR00344,2026-05-07,5.46
USR00344,2026-05-06,5.99
USR00344,2026-05-05,6.2
USR00344,2026-05-04,7.54
USR00344,2026-05-03,7.45
USR00344,2026-05-02,6.69
USR00344,2026-05-01,6.52
USR00344,2026-04-30,7.39
USR00344,2026-04-29,6.12
USR00344,2026-04-28,7.21
USR00344,2026-04-27,7.16
USR00344,2026-04-26,6.71
USR00344,2026-04-25,7.17
USR00344,2026-04-24,6.97
USR00344,2026-04-23,7.24
USR00345,2026-05-22,18.11
USR00345,2026-05-21,18.82
USR00345,2026-05-20,17.61
USR00345,2026-05-19,18.09
USR00345,2026-05-18,16.88
USR00345,2026-05-17,18.59
USR00345,2026-05-16,17.18
USR00345,2026-05-15,15.11
USR00345,2026-05-14,18.47
USR00345,2026-05-13,14.28
USR00345,2026-05-12,17.55
USR00345,2026-05-11,16.41
USR00345,2026-05-10,16.3
USR00345,2026-05-09,17.36
USR00345,2026-05-08,15.86
USR00345,2026-05-07,17.94
USR00345,2026-05-06,17.16
USR00345,2026-05-05,16.01
USR00345,2026-05-04,19.35
USR00345,2026-05-03,17.42
USR00345,2026-05-02,18.14
USR00345,2026-05-01,19.48
USR00345,2026-04-30,19.46
USR00345,2026-04-29,18.06
USR00345,2026-04-28,16.55
USR00345,2026-04-27,14.63
USR00345,2026-04-26,17.42
USR00345,2026-04-25,18.93
USR00345,2026-04-24,17.67
USR00345,2026-04-23,11.19
USR00346,2026-05-22,50.51
USR00346,2026-05-21,44.81
USR00346,2026-05-20,50.77
USR00346,2026-05-19,49.11
USR00346,2026-05-18,43.04
USR00346,2026-05-17,52.08
USR00346,2026-05-16,40.35
USR00346,2026-05-15,45.94
USR00346,2026-05-14,45.48
USR00346,2026-05-13,42.39
USR00346,2026-05-12,47.61
USR00346,2026-05-11,52.26
USR00346,2026-05-10,51.97
USR00346,2026-05-09,49.55
USR00346,2026-05-08,38.37
USR00346,2026-05-07,40.03
USR00346,2026-05-06,46.97
USR00346,2026-05-05,46.05
USR00346,2026-05-04,43.9
USR00346,2026-05-03,55.01
USR00346,2026-05-02,46.7
USR00346,2026-05-01,48.71
USR00346,2026-04-30,50.77
USR00346,2026-04-29,46.46
USR00346,2026-04-28,58.18
USR00346,2026-04-27,41.86
USR00346,2026-04-26,43.41
USR00346,2026-04-25,41.85
USR00346,2026-04-24,53.43
USR00346,2026-04-23,49.91
USR00347,2026-05-22,77.36
USR00347,2026-05-21,96.41
USR00347,2026-05-20,87.74
USR00347,2026-05-19,96.62
USR00347,2026-05-18,84.17
USR00347,2026-05-17,89.01
USR00347,2026-05-16,87.22
USR00347,2026-05-15,79.39
USR00347,2026-05-14,83.46
USR00347,2026-05-13,74.65
USR00347,2026-05-12,88.86
USR00347,2026-05-11,91.13
USR00347,2026-05-10,93.06
USR00347,2026-05-09,90.32
USR00347,2026-05-08,83.59
USR00347,2026-05-07,97.82
USR00347,2026-05-06,92.24
USR00347,2026-05-05,96.44
USR00347,2026-05-04,96.97
USR00347,2026-05-03,83.62
USR00347,2026-05-02,87.96
USR00347,2026-05-01,91.24
USR00347,2026-04-30,74.95
USR00347,2026-04-29,75.14
USR00347,2026-04-28,73.68
USR00347,2026-04-27,83.76
USR00347,2026-04-26,81.86
USR00347,2026-04-25,72.52
USR00347,2026-04-24,85.94
USR00347,2026-04-23,83.87
USR00348,2026-05-22,23.44
USR00348,2026-05-21,20.4
USR00348,2026-05-20,18.15
USR00348,2026-05-19,20.77
USR00348,2026-05-18,19.53
USR00348,2026-05-17,19.04
USR00348,2026-05-16,17.83
USR00348,2026-05-15,18.61
USR00348,2026-05-14,19.17
USR00348,2026-05-13,21.08
USR00348,2026-05-12,20.51
USR00348,2026-05-11,23.07
USR00348,2026-05-10,20.83
USR00348,2026-05-09,20.34
USR00348,2026-05-08,18.91
USR00348,2026-05-07,17.49
USR00348,2026-05-06,18.4
USR00348,2026-05-05,18.15
USR00348,2026-05-04,14.52
USR00348,2026-05-03,17.54
USR00348,2026-05-02,22.64
USR00348,2026-05-01,20.23
USR00348,2026-04-30,18.78
USR00348,2026-04-29,20.29
USR00348,2026-04-28,15.7
USR00348,2026-04-27,20.06
USR00348,2026-04-26,22.01
USR00348,2026-04-25,19.28
USR00348,2026-04-24,16.05
USR00348,2026-04-23,18.7
USR00349,2026-05-22,49.63
USR00349,2026-05-21,41.51
USR00349,2026-05-20,59.83
USR00349,2026-05-19,42.31
USR00349,2026-05-18,47.2
USR00349,2026-05-17,43.36
USR00349,2026-05-16,43.36
USR00349,2026-05-15,46.19
USR00349,2026-05-14,51.45
USR00349,2026-05-13,54.62
USR00349,2026-05-12,46.51
USR00349,2026-05-11,43.49
USR00349,2026-05-10,50.69
USR00349,2026-05-09,50.83
USR00349,2026-05-08,49.54
USR00349,2026-05-07,49.71
USR00349,2026-05-06,47.83
USR00349,2026-05-05,48.85
USR00349,2026-05-04,47.5
USR00349,2026-05-03,53.55
USR00349,2026-05-02,59.16
USR00349,2026-05-01,49.25
USR00349,2026-04-30,48.34
USR00349,2026-04-29,49.61
USR00349,2026-04-28,45.19
USR00349,2026-04-27,52.08
USR00349,2026-04-26,50.51
USR00349,2026-04-25,46.34
USR00349,2026-04-24,52.74
USR00349,2026-04-23,48.47
USR00350,2026-05-22,24.66
USR00350,2026-05-21,24.39
USR00350,2026-05-20,26.11
USR00350,2026-05-19,25.81
USR00350,2026-05-18,23.56
USR00350,2026-05-17,22.7
USR00350,2026-05-16,23.83
USR00350,2026-05-15,24.69
USR00350,2026-05-14,24.98
USR00350,2026-05-13,24.54
USR00350,2026-05-12,23.61
USR00350,2026-05-11,26.2
USR00350,2026-05-10,22.22
USR00350,2026-05-09,29.73
USR00350,2026-05-08,25.64
USR00350,2026-05-07,21.14
USR00350,2026-05-06,24.27
USR00350,2026-05-05,25.67
USR00350,2026-05-04,22.99
USR00350,2026-05-03,20.26
USR00350,2026-05-02,21.35
USR00350,2026-05-01,25.12
USR00350,2026-04-30,19.64
USR00350,2026-04-29,20.37
USR00350,2026-04-28,25.1
USR00350,2026-04-27,23.29
USR00350,2026-04-26,22.17
USR00350,2026-04-25,22.65
USR00350,2026-04-24,20.32
USR00350,2026-04-23,24.98
USR00351,2026-05-22,337.16
USR00351,2026-05-21,368.6
USR00351,2026-05-20,347.11
USR00351,2026-05-19,331.15
USR00351,2026-05-18,285.38
USR00351,2026-05-17,369.34
USR00351,2026-05-16,359.06
USR00351,2026-05-15,337.82
USR00351,2026-05-14,319.29
USR00351,2026-05-13,356.7
USR00351,2026-05-12,373.37
USR00351,2026-05-11,359.73
USR00351,2026-05-10,414.61
USR00351,2026-05-09,381.36
USR00351,2026-05-08,352.43
USR00351,2026-05-07,382.55
USR00351,2026-05-06,357.98
USR00351,2026-05-05,357.86
USR00351,2026-05-04,402.43
USR00351,2026-05-03,324.26
USR00351,2026-05-02,357.08
USR00351,2026-05-01,398.63
USR00351,2026-04-30,367.26
USR00351,2026-04-29,343.1
USR00351,2026-04-28,295.47
USR00351,2026-04-27,275.37
USR00351,2026-04-26,430.21
USR00351,2026-04-25,367.24
USR00351,2026-04-24,335.44
USR00351,2026-04-23,368.7
USR00352,2026-05-22,28.22
USR00352,2026-05-21,26.44
USR00352,2026-05-20,25.06
USR00352,2026-05-19,23.04
USR00352,2026-05-18,24.52
USR00352,2026-05-17,32.17
USR00352,2026-05-16,26.31
USR00352,2026-05-15,30.75
USR00352,2026-05-14,31.98
USR00352,2026-05-13,29.24
USR00352,2026-05-12,28.32
USR00352,2026-05-11,29.58
USR00352,2026-05-10,27.97
USR00352,2026-05-09,32.7
USR00352,2026-05-08,34.66
USR00352,2026-05-07,33.42
USR00352,2026-05-06,22.91
USR00352,2026-05-05,27.91
USR00352,2026-05-04,29.2
USR00352,2026-05-03,30.54
USR00352,2026-05-02,24.15
USR00352,2026-05-01,24.1
USR00352,2026-04-30,33.0
USR00352,2026-04-29,27.56
USR00352,2026-04-28,24.85
USR00352,2026-04-27,25.97
USR00352,2026-04-26,30.33
USR00352,2026-04-25,26.79
USR00352,2026-04-24,29.89
USR00352,2026-04-23,26.33
USR00353,2026-05-22,442.07
USR00353,2026-05-21,402.36
USR00353,2026-05-20,374.04
USR00353,2026-05-19,366.78
USR00353,2026-05-18,443.63
USR00353,2026-05-17,409.84
USR00353,2026-05-16,431.33
USR00353,2026-05-15,364.36
USR00353,2026-05-14,388.91
USR00353,2026-05-13,402.51
USR00353,2026-05-12,365.66
USR00353,2026-05-11,383.25
USR00353,2026-05-10,364.37
USR00353,2026-05-09,402.39
USR00353,2026-05-08,335.82
USR00353,2026-05-07,409.08
USR00353,2026-05-06,398.97
USR00353,2026-05-05,379.08
USR00353,2026-05-04,404.34
USR00353,2026-05-03,372.83
USR00353,2026-05-02,361.02
USR00353,2026-05-01,407.99
USR00353,2026-04-30,409.66
USR00353,2026-04-29,367.32
USR00353,2026-04-28,364.0
USR00353,2026-04-27,379.87
USR00353,2026-04-26,365.59
USR00353,2026-04-25,445.96
USR00353,2026-04-24,399.2
USR00353,2026-04-23,387.51
USR00354,2026-05-22,37.04
USR00354,2026-05-21,32.38
USR00354,2026-05-20,32.24
USR00354,2026-05-19,37.15
USR00354,2026-05-18,35.83
USR00354,2026-05-17,25.86
USR00354,2026-05-16,33.95
USR00354,2026-05-15,34.92
USR00354,2026-05-14,33.32
USR00354,2026-05-13,35.04
USR00354,2026-05-12,28.25
USR00354,2026-05-11,24.73
USR00354,2026-05-10,31.13
USR00354,2026-05-09,35.46
USR00354,2026-05-08,23.37
USR00354,2026-05-07,31.58
USR00354,2026-05-06,27.86
USR00354,2026-05-05,33.65
USR00354,2026-05-04,41.24
USR00354,2026-05-03,33.74
USR00354,2026-05-02,34.12
USR00354,2026-05-01,37.38
USR00354,2026-04-30,34.56
USR00354,2026-04-29,33.75
USR00354,2026-04-28,37.69
USR00354,2026-04-27,36.12
USR00354,2026-04-26,35.49
USR00354,2026-04-25,34.01
USR00354,2026-04-24,33.3
USR00354,2026-04-23,37.65
USR00355,2026-05-22,29.97
USR00355,2026-05-21,35.25
USR00355,2026-05-20,28.1
USR00355,2026-05-19,35.88
USR00355,2026-05-18,32.86
USR00355,2026-05-17,28.34
USR00355,2026-05-16,32.98
USR00355,2026-05-15,29.34
USR00355,2026-05-14,31.49
USR00355,2026-05-13,29.85
USR00355,2026-05-12,30.96
USR00355,2026-05-11,34.34
USR00355,2026-05-10,33.01
USR00355,2026-05-09,27.85
USR00355,2026-05-08,28.03
USR00355,2026-05-07,32.23
USR00355,2026-05-06,32.46
USR00355,2026-05-05,29.27
USR00355,2026-05-04,36.38
USR00355,2026-05-03,33.93
USR00355,2026-05-02,29.42
USR00355,2026-05-01,29.12
USR00355,2026-04-30,30.67
USR00355,2026-04-29,30.34
USR00355,2026-04-28,35.32
USR00355,2026-04-27,34.47
USR00355,2026-04-26,31.49
USR00355,2026-04-25,33.51
USR00355,2026-04-24,33.96
USR00355,2026-04-23,31.56
USR00356,2026-05-22,70.96
USR00356,2026-05-21,70.24
USR00356,2026-05-20,61.76
USR00356,2026-05-19,62.44
USR00356,2026-05-18,65.04
USR00356,2026-05-17,62.24
USR00356,2026-05-16,57.11
USR00356,2026-05-15,71.5
USR00356,2026-05-14,69.3
USR00356,2026-05-13,58.01
USR00356,2026-05-12,65.36
USR00356,2026-05-11,65.74
USR00356,2026-05-10,68.19
USR00356,2026-05-09,59.73
USR00356,2026-05-08,57.91
USR00356,2026-05-07,70.46
USR00356,2026-05-06,56.7
USR00356,2026-05-05,65.42
USR00356,2026-05-04,64.79
USR00356,2026-05-03,66.15
USR00356,2026-05-02,68.67
USR00356,2026-05-01,77.68
USR00356,2026-04-30,56.26
USR00356,2026-04-29,72.85
USR00356,2026-04-28,50.15
USR00356,2026-04-27,76.31
USR00356,2026-04-26,53.29
USR00356,2026-04-25,83.29
USR00356,2026-04-24,64.37
USR00356,2026-04-23,75.62
USR00357,2026-05-22,92.44
USR00357,2026-05-21,93.18
USR00357,2026-05-20,88.56
USR00357,2026-05-19,104.27
USR00357,2026-05-18,92.56
USR00357,2026-05-17,88.74
USR00357,2026-05-16,101.85
USR00357,2026-05-15,87.98
USR00357,2026-05-14,93.47
USR00357,2026-05-13,97.69
USR00357,2026-05-12,90.45
USR00357,2026-05-11,91.9
USR00357,2026-05-10,111.49
USR00357,2026-05-09,94.68
USR00357,2026-05-08,93.18
USR00357,2026-05-07,94.96
USR00357,2026-05-06,101.05
USR00357,2026-05-05,86.66
USR00357,2026-05-04,100.78
USR00357,2026-05-03,99.13
USR00357,2026-05-02,79.37
USR00357,2026-05-01,114.0
USR00357,2026-04-30,110.77
USR00357,2026-04-29,88.92
USR00357,2026-04-28,85.81
USR00357,2026-04-27,98.86
USR00357,2026-04-26,82.87
USR00357,2026-04-25,109.84
USR00357,2026-04-24,92.13
USR00357,2026-04-23,112.33
USR00358,2026-05-22,48.3
USR00358,2026-05-21,55.04
USR00358,2026-05-20,47.27
USR00358,2026-05-19,50.18
USR00358,2026-05-18,54.19
USR00358,2026-05-17,46.14
USR00358,2026-05-16,42.69
USR00358,2026-05-15,41.73
USR00358,2026-05-14,51.7
USR00358,2026-05-13,50.75
USR00358,2026-05-12,54.04
USR00358,2026-05-11,47.51
USR00358,2026-05-10,41.86
USR00358,2026-05-09,37.36
USR00358,2026-05-08,62.86
USR00358,2026-05-07,51.43
USR00358,2026-05-06,49.52
USR00358,2026-05-05,50.21
USR00358,2026-05-04,41.86
USR00358,2026-05-03,44.97
USR00358,2026-05-02,57.37
USR00358,2026-05-01,52.07
USR00358,2026-04-30,45.12
USR00358,2026-04-29,42.86
USR00358,2026-04-28,46.33
USR00358,2026-04-27,47.31
USR00358,2026-04-26,58.86
USR00358,2026-04-25,47.93
USR00358,2026-04-24,43.04
USR00358,2026-04-23,48.57
USR00359,2026-05-22,28.63
USR00359,2026-05-21,34.16
USR00359,2026-05-20,36.81
USR00359,2026-05-19,33.29
USR00359,2026-05-18,30.22
USR00359,2026-05-17,31.1
USR00359,2026-05-16,27.39
USR00359,2026-05-15,32.4
USR00359,2026-05-14,33.86
USR00359,2026-05-13,29.89
USR00359,2026-05-12,39.21
USR00359,2026-05-11,35.44
USR00359,2026-05-10,26.95
USR00359,2026-05-09,27.02
USR00359,2026-05-08,29.61
USR00359,2026-05-07,38.0
USR00359,2026-05-06,35.76
USR00359,2026-05-05,38.17
USR00359,2026-05-04,32.87
USR00359,2026-05-03,32.15
USR00359,2026-05-02,28.74
USR00359,2026-05-01,33.99
USR00359,2026-04-30,32.19
USR00359,2026-04-29,32.07
USR00359,2026-04-28,38.15
USR00359,2026-04-27,32.42
USR00359,2026-04-26,37.21
USR00359,2026-04-25,27.62
USR00359,2026-04-24,41.66
USR00359,2026-04-23,31.61
USR00360,2026-05-22,12.35
USR00360,2026-05-21,10.8
USR00360,2026-05-20,12.3
USR00360,2026-05-19,12.36
USR00360,2026-05-18,10.56
USR00360,2026-05-17,10.57
USR00360,2026-05-16,11.42
USR00360,2026-05-15,11.24
USR00360,2026-05-14,12.95
USR00360,2026-05-13,12.17
USR00360,2026-05-12,11.29
USR00360,2026-05-11,12.06
USR00360,2026-05-10,9.04
USR00360,2026-05-09,10.67
USR00360,2026-05-08,11.7
USR00360,2026-05-07,12.64
USR00360,2026-05-06,11.6
USR00360,2026-05-05,13.03
USR00360,2026-05-04,12.36
USR00360,2026-05-03,10.81
USR00360,2026-05-02,11.21
USR00360,2026-05-01,11.83
USR00360,2026-04-30,10.86
USR00360,2026-04-29,13.11
USR00360,2026-04-28,10.11
USR00360,2026-04-27,11.73
USR00360,2026-04-26,12.2
USR00360,2026-04-25,11.01
USR00360,2026-04-24,10.76
USR00360,2026-04-23,11.28
USR00361,2026-05-22,10.98
USR00361,2026-05-21,10.33
USR00361,2026-05-20,12.89
USR00361,2026-05-19,12.02
USR00361,2026-05-18,12.73
USR00361,2026-05-17,12.44
USR00361,2026-05-16,14.08
USR00361,2026-05-15,12.85
USR00361,2026-05-14,10.73
USR00361,2026-05-13,12.11
USR00361,2026-05-12,10.92
USR00361,2026-05-11,11.04
USR00361,2026-05-10,9.93
USR00361,2026-05-09,11.23
USR00361,2026-05-08,12.19
USR00361,2026-05-07,11.49
USR00361,2026-05-06,10.29
USR00361,2026-05-05,9.8
USR00361,2026-05-04,14.0
USR00361,2026-05-03,11.94
USR00361,2026-05-02,10.61
USR00361,2026-05-01,12.1
USR00361,2026-04-30,14.09
USR00361,2026-04-29,12.28
USR00361,2026-04-28,8.34
USR00361,2026-04-27,14.63
USR00361,2026-04-26,9.42
USR00361,2026-04-25,11.32
USR00361,2026-04-24,10.25
USR00361,2026-04-23,10.71
USR00362,2026-05-22,0.0
USR00362,2026-05-21,0.0
USR00362,2026-05-20,0.0
USR00362,2026-05-19,0.0
USR00362,2026-05-18,0.0
USR00362,2026-05-17,0.0
USR00362,2026-05-16,0.0
USR00362,2026-05-15,0.0
USR00362,2026-05-14,0.0
USR00362,2026-05-13,0.0
USR00362,2026-05-12,0.0
USR00362,2026-05-11,0.0
USR00362,2026-05-10,15.36
USR00362,2026-05-09,0.0
USR00362,2026-05-08,0.0
USR00362,2026-05-07,0.0
USR00362,2026-05-06,0.0
USR00362,2026-05-05,0.0
USR00362,2026-05-04,0.0
USR00362,2026-05-03,0.0
USR00362,2026-05-02,0.0
USR00362,2026-05-01,0.0
USR00362,2026-04-30,0.0
USR00362,2026-04-29,0.0
USR00362,2026-04-28,0.0
USR00362,2026-04-27,0.0
USR00362,2026-04-26,0.0
USR00362,2026-04-25,0.0
USR00362,2026-04-24,0.0
USR00362,2026-04-23,0.0
USR00363,2026-05-22,23.1
USR00363,2026-05-21,28.57
USR00363,2026-05-20,26.05
USR00363,2026-05-19,24.2
USR00363,2026-05-18,25.05
USR00363,2026-05-17,23.2
USR00363,2026-05-16,28.39
USR00363,2026-05-15,27.43
USR00363,2026-05-14,26.14
USR00363,2026-05-13,25.57
USR00363,2026-05-12,23.93
USR00363,2026-05-11,20.21
USR00363,2026-05-10,22.05
USR00363,2026-05-09,23.77
USR00363,2026-05-08,23.38
USR00363,2026-05-07,26.42
USR00363,2026-05-06,27.76
USR00363,2026-05-05,25.35
USR00363,2026-05-04,29.3
USR00363,2026-05-03,23.67
USR00363,2026-05-02,25.33
USR00363,2026-05-01,25.55
USR00363,2026-04-30,28.48
USR00363,2026-04-29,25.95
USR00363,2026-04-28,26.02
USR00363,2026-04-27,21.43
USR00363,2026-04-26,23.37
USR00363,2026-04-25,28.49
USR00363,2026-04-24,20.35
USR00363,2026-04-23,29.13
USR00364,2026-05-22,31.91
USR00364,2026-05-21,31.62
USR00364,2026-05-20,41.03
USR00364,2026-05-19,39.36
USR00364,2026-05-18,34.08
USR00364,2026-05-17,34.95
USR00364,2026-05-16,32.26
USR00364,2026-05-15,34.95
USR00364,2026-05-14,32.17
USR00364,2026-05-13,34.22
USR00364,2026-05-12,40.73
USR00364,2026-05-11,34.16
USR00364,2026-05-10,30.88
USR00364,2026-05-09,29.78
USR00364,2026-05-08,34.93
USR00364,2026-05-07,31.87
USR00364,2026-05-06,35.34
USR00364,2026-05-05,28.9
USR00364,2026-05-04,36.87
USR00364,2026-05-03,30.83
USR00364,2026-05-02,34.65
USR00364,2026-05-01,33.32
USR00364,2026-04-30,40.42
USR00364,2026-04-29,35.08
USR00364,2026-04-28,41.2
USR00364,2026-04-27,36.42
USR00364,2026-04-26,39.41
USR00364,2026-04-25,33.77
USR00364,2026-04-24,35.68
USR00364,2026-04-23,38.69
USR00365,2026-05-22,46.24
USR00365,2026-05-21,42.47
USR00365,2026-05-20,43.21
USR00365,2026-05-19,48.9
USR00365,2026-05-18,49.82
USR00365,2026-05-17,41.31
USR00365,2026-05-16,40.64
USR00365,2026-05-15,39.94
USR00365,2026-05-14,47.55
USR00365,2026-05-13,39.83
USR00365,2026-05-12,47.5
USR00365,2026-05-11,46.31
USR00365,2026-05-10,41.52
USR00365,2026-05-09,50.78
USR00365,2026-05-08,37.49
USR00365,2026-05-07,51.2
USR00365,2026-05-06,45.31
USR00365,2026-05-05,34.8
USR00365,2026-05-04,50.9
USR00365,2026-05-03,48.18
USR00365,2026-05-02,42.03
USR00365,2026-05-01,39.67
USR00365,2026-04-30,37.02
USR00365,2026-04-29,54.51
USR00365,2026-04-28,39.85
USR00365,2026-04-27,38.36
USR00365,2026-04-26,45.09
USR00365,2026-04-25,36.72
USR00365,2026-04-24,39.6
USR00365,2026-04-23,48.28
USR00366,2026-05-22,113.79
USR00366,2026-05-21,118.58
USR00366,2026-05-20,113.13
USR00366,2026-05-19,117.63
USR00366,2026-05-18,109.35
USR00366,2026-05-17,111.49
USR00366,2026-05-16,111.13
USR00366,2026-05-15,109.77
USR00366,2026-05-14,130.72
USR00366,2026-05-13,127.48
USR00366,2026-05-12,107.33
USR00366,2026-05-11,104.23
USR00366,2026-05-10,116.5
USR00366,2026-05-09,143.87
USR00366,2026-05-08,106.2
USR00366,2026-05-07,116.45
USR00366,2026-05-06,119.41
USR00366,2026-05-05,117.08
USR00366,2026-05-04,112.94
USR00366,2026-05-03,132.03
USR00366,2026-05-02,123.74
USR00366,2026-05-01,128.37
USR00366,2026-04-30,125.34
USR00366,2026-04-29,128.94
USR00366,2026-04-28,137.12
USR00366,2026-04-27,134.12
USR00366,2026-04-26,145.88
USR00366,2026-04-25,132.77
USR00366,2026-04-24,110.44
USR00366,2026-04-23,128.39
USR00367,2026-05-22,26.16
USR00367,2026-05-21,19.82
USR00367,2026-05-20,23.17
USR00367,2026-05-19,20.45
USR00367,2026-05-18,23.07
USR00367,2026-05-17,21.48
USR00367,2026-05-16,23.0
USR00367,2026-05-15,18.85
USR00367,2026-05-14,23.69
USR00367,2026-05-13,22.4
USR00367,2026-05-12,22.28
USR00367,2026-05-11,26.23
USR00367,2026-05-10,21.11
USR00367,2026-05-09,22.7
USR00367,2026-05-08,22.17
USR00367,2026-05-07,22.38
USR00367,2026-05-06,26.82
USR00367,2026-05-05,22.09
USR00367,2026-05-04,20.7
USR00367,2026-05-03,26.05
USR00367,2026-05-02,21.27
USR00367,2026-05-01,18.42
USR00367,2026-04-30,20.32
USR00367,2026-04-29,19.21
USR00367,2026-04-28,18.0
USR00367,2026-04-27,21.15
USR00367,2026-04-26,21.79
USR00367,2026-04-25,24.54
USR00367,2026-04-24,23.33
USR00367,2026-04-23,23.23
USR00368,2026-05-22,284.61
USR00368,2026-05-21,297.85
USR00368,2026-05-20,271.79
USR00368,2026-05-19,272.52
USR00368,2026-05-18,228.41
USR00368,2026-05-17,289.04
USR00368,2026-05-16,308.04
USR00368,2026-05-15,269.92
USR00368,2026-05-14,245.93
USR00368,2026-05-13,257.24
USR00368,2026-05-12,250.48
USR00368,2026-05-11,252.05
USR00368,2026-05-10,278.42
USR00368,2026-05-09,268.78
USR00368,2026-05-08,287.72
USR00368,2026-05-07,271.17
USR00368,2026-05-06,238.88
USR00368,2026-05-05,248.38
USR00368,2026-05-04,246.76
USR00368,2026-05-03,256.6
USR00368,2026-05-02,308.4
USR00368,2026-05-01,312.59
USR00368,2026-04-30,283.35
USR00368,2026-04-29,264.58
USR00368,2026-04-28,225.87
USR00368,2026-04-27,267.23
USR00368,2026-04-26,240.82
USR00368,2026-04-25,304.11
USR00368,2026-04-24,219.48
USR00368,2026-04-23,271.53
USR00369,2026-05-22,194.2
USR00369,2026-05-21,207.34
USR00369,2026-05-20,214.25
USR00369,2026-05-19,193.21
USR00369,2026-05-18,209.19
USR00369,2026-05-17,181.51
USR00369,2026-05-16,199.16
USR00369,2026-05-15,213.87
USR00369,2026-05-14,200.84
USR00369,2026-05-13,184.1
USR00369,2026-05-12,188.96
USR00369,2026-05-11,214.13
USR00369,2026-05-10,173.16
USR00369,2026-05-09,176.03
USR00369,2026-05-08,206.08
USR00369,2026-05-07,185.85
USR00369,2026-05-06,166.14
USR00369,2026-05-05,220.65
USR00369,2026-05-04,173.01
USR00369,2026-05-03,190.51
USR00369,2026-05-02,182.35
USR00369,2026-05-01,188.6
USR00369,2026-04-30,177.19
USR00369,2026-04-29,208.27
USR00369,2026-04-28,196.54
USR00369,2026-04-27,213.51
USR00369,2026-04-26,182.55
USR00369,2026-04-25,235.85
USR00369,2026-04-24,157.36
USR00369,2026-04-23,163.58
USR00370,2026-05-22,44.73
USR00370,2026-05-21,44.16
USR00370,2026-05-20,44.55
USR00370,2026-05-19,45.14
USR00370,2026-05-18,43.99
USR00370,2026-05-17,38.58
USR00370,2026-05-16,46.2
USR00370,2026-05-15,45.53
USR00370,2026-05-14,48.81
USR00370,2026-05-13,50.24
USR00370,2026-05-12,44.12
USR00370,2026-05-11,37.46
USR00370,2026-05-10,50.28
USR00370,2026-05-09,38.36
USR00370,2026-05-08,44.15
USR00370,2026-05-07,41.61
USR00370,2026-05-06,40.87
USR00370,2026-05-05,45.97
USR00370,2026-05-04,43.75
USR00370,2026-05-03,44.9
USR00370,2026-05-02,39.22
USR00370,2026-05-01,41.96
USR00370,2026-04-30,39.42
USR00370,2026-04-29,41.86
USR00370,2026-04-28,42.2
USR00370,2026-04-27,50.58
USR00370,2026-04-26,41.6
USR00370,2026-04-25,33.63
USR00370,2026-04-24,48.66
USR00370,2026-04-23,44.62
USR00371,2026-05-22,36.63
USR00371,2026-05-21,34.68
USR00371,2026-05-20,45.73
USR00371,2026-05-19,38.51
USR00371,2026-05-18,31.65
USR00371,2026-05-17,39.56
USR00371,2026-05-16,42.93
USR00371,2026-05-15,38.91
USR00371,2026-05-14,34.85
USR00371,2026-05-13,34.51
USR00371,2026-05-12,34.79
USR00371,2026-05-11,44.14
USR00371,2026-05-10,38.03
USR00371,2026-05-09,31.88
USR00371,2026-05-08,39.78
USR00371,2026-05-07,38.85
USR00371,2026-05-06,36.59
USR00371,2026-05-05,34.4
USR00371,2026-05-04,34.23
USR00371,2026-05-03,42.47
USR00371,2026-05-02,39.26
USR00371,2026-05-01,40.14
USR00371,2026-04-30,39.25
USR00371,2026-04-29,39.56
USR00371,2026-04-28,36.51
USR00371,2026-04-27,37.52
USR00371,2026-04-26,42.77
USR00371,2026-04-25,43.73
USR00371,2026-04-24,33.63
USR00371,2026-04-23,37.51
USR00372,2026-05-22,34.56
USR00372,2026-05-21,34.27
USR00372,2026-05-20,26.77
USR00372,2026-05-19,32.8
USR00372,2026-05-18,29.26
USR00372,2026-05-17,32.12
USR00372,2026-05-16,31.38
USR00372,2026-05-15,25.41
USR00372,2026-05-14,30.69
USR00372,2026-05-13,32.01
USR00372,2026-05-12,29.03
USR00372,2026-05-11,28.37
USR00372,2026-05-10,24.51
USR00372,2026-05-09,31.07
USR00372,2026-05-08,29.69
USR00372,2026-05-07,26.4
USR00372,2026-05-06,28.14
USR00372,2026-05-05,29.54
USR00372,2026-05-04,27.46
USR00372,2026-05-03,29.09
USR00372,2026-05-02,24.0
USR00372,2026-05-01,33.01
USR00372,2026-04-30,29.13
USR00372,2026-04-29,25.89
USR00372,2026-04-28,21.93
USR00372,2026-04-27,32.08
USR00372,2026-04-26,30.71
USR00372,2026-04-25,29.7
USR00372,2026-04-24,31.6
USR00372,2026-04-23,31.59
USR00373,2026-05-22,113.08
USR00373,2026-05-21,111.19
USR00373,2026-05-20,120.91
USR00373,2026-05-19,132.24
USR00373,2026-05-18,114.84
USR00373,2026-05-17,133.16
USR00373,2026-05-16,120.36
USR00373,2026-05-15,120.45
USR00373,2026-05-14,143.94
USR00373,2026-05-13,135.21
USR00373,2026-05-12,135.51
USR00373,2026-05-11,106.78
USR00373,2026-05-10,141.47
USR00373,2026-05-09,115.08
USR00373,2026-05-08,113.39
USR00373,2026-05-07,90.98
USR00373,2026-05-06,119.82
USR00373,2026-05-05,103.46
USR00373,2026-05-04,120.77
USR00373,2026-05-03,102.55
USR00373,2026-05-02,136.89
USR00373,2026-05-01,122.43
USR00373,2026-04-30,142.48
USR00373,2026-04-29,104.16
USR00373,2026-04-28,134.01
USR00373,2026-04-27,95.11
USR00373,2026-04-26,118.44
USR00373,2026-04-25,108.7
USR00373,2026-04-24,110.83
USR00373,2026-04-23,110.04
USR00374,2026-05-22,40.51
USR00374,2026-05-21,44.3
USR00374,2026-05-20,46.89
USR00374,2026-05-19,51.74
USR00374,2026-05-18,47.72
USR00374,2026-05-17,51.75
USR00374,2026-05-16,39.5
USR00374,2026-05-15,44.34
USR00374,2026-05-14,49.64
USR00374,2026-05-13,47.94
USR00374,2026-05-12,42.36
USR00374,2026-05-11,50.68
USR00374,2026-05-10,43.89
USR00374,2026-05-09,42.74
USR00374,2026-05-08,48.6
USR00374,2026-05-07,46.38
USR00374,2026-05-06,43.92
USR00374,2026-05-05,43.77
USR00374,2026-05-04,41.39
USR00374,2026-05-03,44.51
USR00374,2026-05-02,51.45
USR00374,2026-05-01,47.48
USR00374,2026-04-30,50.79
USR00374,2026-04-29,48.74
USR00374,2026-04-28,43.51
USR00374,2026-04-27,38.7
USR00374,2026-04-26,42.05
USR00374,2026-04-25,43.24
USR00374,2026-04-24,42.88
USR00374,2026-04-23,50.89
USR00375,2026-05-22,3.41
USR00375,2026-05-21,0.0
USR00375,2026-05-20,0.0
USR00375,2026-05-19,0.0
USR00375,2026-05-18,0.0
USR00375,2026-05-17,0.0
USR00375,2026-05-16,0.0
USR00375,2026-05-15,0.0
USR00375,2026-05-14,0.0
USR00375,2026-05-13,0.0
USR00375,2026-05-12,0.0
USR00375,2026-05-11,0.0
USR00375,2026-05-10,0.0
USR00375,2026-05-09,0.0
USR00375,2026-05-08,0.0
USR00375,2026-05-07,0.0
USR00375,2026-05-06,0.0
USR00375,2026-05-05,0.0
USR00375,2026-05-04,0.0
USR00375,2026-05-03,0.0
USR00375,2026-05-02,0.0
USR00375,2026-05-01,0.0
USR00375,2026-04-30,0.0
USR00375,2026-04-29,0.0
USR00375,2026-04-28,0.0
USR00375,2026-04-27,0.0
USR00375,2026-04-26,0.0
USR00375,2026-04-25,0.0
USR00375,2026-04-24,0.0
USR00375,2026-04-23,0.0
USR00376,2026-05-22,422.81
USR00376,2026-05-21,457.29
USR00376,2026-05-20,452.45
USR00376,2026-05-19,383.26
USR00376,2026-05-18,345.72
USR00376,2026-05-17,352.69
USR00376,2026-05-16,393.53
USR00376,2026-05-15,465.59
USR00376,2026-05-14,376.61
USR00376,2026-05-13,381.97
USR00376,2026-05-12,381.14
USR00376,2026-05-11,384.6
USR00376,2026-05-10,405.74
USR00376,2026-05-09,354.2
USR00376,2026-05-08,450.24
USR00376,2026-05-07,400.31
USR00376,2026-05-06,506.9
USR00376,2026-05-05,358.53
USR00376,2026-05-04,470.78
USR00376,2026-05-03,462.71
USR00376,2026-05-02,389.47
USR00376,2026-05-01,390.15
USR00376,2026-04-30,368.77
USR00376,2026-04-29,369.24
USR00376,2026-04-28,406.17
USR00376,2026-04-27,407.04
USR00376,2026-04-26,341.11
USR00376,2026-04-25,499.36
USR00376,2026-04-24,395.65
USR00376,2026-04-23,408.86
USR00377,2026-05-22,246.55
USR00377,2026-05-21,244.24
USR00377,2026-05-20,253.24
USR00377,2026-05-19,252.94
USR00377,2026-05-18,273.7
USR00377,2026-05-17,259.07
USR00377,2026-05-16,271.15
USR00377,2026-05-15,253.06
USR00377,2026-05-14,259.17
USR00377,2026-05-13,247.2
USR00377,2026-05-12,278.72
USR00377,2026-05-11,261.48
USR00377,2026-05-10,249.31
USR00377,2026-05-09,248.55
USR00377,2026-05-08,250.54
USR00377,2026-05-07,254.08
USR00377,2026-05-06,251.88
USR00377,2026-05-05,239.15
USR00377,2026-05-04,272.69
USR00377,2026-05-03,274.29
USR00377,2026-05-02,298.5
USR00377,2026-05-01,238.02
USR00377,2026-04-30,270.19
USR00377,2026-04-29,204.95
USR00377,2026-04-28,274.31
USR00377,2026-04-27,216.41
USR00377,2026-04-26,228.38
USR00377,2026-04-25,261.73
USR00377,2026-04-24,237.57
USR00377,2026-04-23,234.1
USR00378,2026-05-22,195.75
USR00378,2026-05-21,165.42
USR00378,2026-05-20,181.45
USR00378,2026-05-19,175.53
USR00378,2026-05-18,197.4
USR00378,2026-05-17,197.91
USR00378,2026-05-16,148.96
USR00378,2026-05-15,201.51
USR00378,2026-05-14,171.3
USR00378,2026-05-13,186.75
USR00378,2026-05-12,165.31
USR00378,2026-05-11,189.21
USR00378,2026-05-10,228.99
USR00378,2026-05-09,184.76
USR00378,2026-05-08,174.05
USR00378,2026-05-07,178.2
USR00378,2026-05-06,155.64
USR00378,2026-05-05,208.87
USR00378,2026-05-04,188.15
USR00378,2026-05-03,163.3
USR00378,2026-05-02,163.9
USR00378,2026-05-01,182.72
USR00378,2026-04-30,199.44
USR00378,2026-04-29,161.44
USR00378,2026-04-28,202.75
USR00378,2026-04-27,180.77
USR00378,2026-04-26,165.47
USR00378,2026-04-25,173.91
USR00378,2026-04-24,214.34
USR00378,2026-04-23,157.11
USR00379,2026-05-22,44.7
USR00379,2026-05-21,41.69
USR00379,2026-05-20,37.58
USR00379,2026-05-19,44.75
USR00379,2026-05-18,44.94
USR00379,2026-05-17,42.16
USR00379,2026-05-16,38.31
USR00379,2026-05-15,38.94
USR00379,2026-05-14,41.97
USR00379,2026-05-13,35.46
USR00379,2026-05-12,46.23
USR00379,2026-05-11,47.75
USR00379,2026-05-10,39.85
USR00379,2026-05-09,42.26
USR00379,2026-05-08,45.65
USR00379,2026-05-07,48.79
USR00379,2026-05-06,47.16
USR00379,2026-05-05,33.73
USR00379,2026-05-04,39.52
USR00379,2026-05-03,42.85
USR00379,2026-05-02,38.79
USR00379,2026-05-01,48.09
USR00379,2026-04-30,47.46
USR00379,2026-04-29,37.48
USR00379,2026-04-28,40.15
USR00379,2026-04-27,37.75
USR00379,2026-04-26,40.01
USR00379,2026-04-25,39.89
USR00379,2026-04-24,44.7
USR00379,2026-04-23,37.18
USR00380,2026-05-22,179.68
USR00380,2026-05-21,192.01
USR00380,2026-05-20,199.98
USR00380,2026-05-19,218.02
USR00380,2026-05-18,190.91
USR00380,2026-05-17,188.1
USR00380,2026-05-16,194.13
USR00380,2026-05-15,190.14
USR00380,2026-05-14,202.15
USR00380,2026-05-13,201.23
USR00380,2026-05-12,228.76
USR00380,2026-05-11,192.84
USR00380,2026-05-10,206.36
USR00380,2026-05-09,202.35
USR00380,2026-05-08,231.33
USR00380,2026-05-07,210.72
USR00380,2026-05-06,236.5
USR00380,2026-05-05,189.35
USR00380,2026-05-04,212.96
USR00380,2026-05-03,201.69
USR00380,2026-05-02,187.78
USR00380,2026-05-01,212.57
USR00380,2026-04-30,251.1
USR00380,2026-04-29,195.76
USR00380,2026-04-28,211.29
USR00380,2026-04-27,185.93
USR00380,2026-04-26,182.79
USR00380,2026-04-25,197.17
USR00380,2026-04-24,204.39
USR00380,2026-04-23,205.34
USR00381,2026-05-22,22.41
USR00381,2026-05-21,25.15
USR00381,2026-05-20,28.17
USR00381,2026-05-19,23.18
USR00381,2026-05-18,25.87
USR00381,2026-05-17,27.61
USR00381,2026-05-16,24.73
USR00381,2026-05-15,27.74
USR00381,2026-05-14,22.75
USR00381,2026-05-13,29.21
USR00381,2026-05-12,27.81
USR00381,2026-05-11,26.98
USR00381,2026-05-10,29.85
USR00381,2026-05-09,25.94
USR00381,2026-05-08,25.17
USR00381,2026-05-07,30.51
USR00381,2026-05-06,31.77
USR00381,2026-05-05,24.97
USR00381,2026-05-04,26.52
USR00381,2026-05-03,29.63
USR00381,2026-05-02,26.62
USR00381,2026-05-01,28.42
USR00381,2026-04-30,28.92
USR00381,2026-04-29,25.32
USR00381,2026-04-28,27.95
USR00381,2026-04-27,26.81
USR00381,2026-04-26,23.56
USR00381,2026-04-25,24.17
USR00381,2026-04-24,25.08
USR00381,2026-04-23,29.32
USR00382,2026-05-22,213.4
USR00382,2026-05-21,207.25
USR00382,2026-05-20,206.71
USR00382,2026-05-19,204.02
USR00382,2026-05-18,206.6
USR00382,2026-05-17,207.95
USR00382,2026-05-16,170.63
USR00382,2026-05-15,182.83
USR00382,2026-05-14,178.09
USR00382,2026-05-13,220.49
USR00382,2026-05-12,231.35
USR00382,2026-05-11,155.45
USR00382,2026-05-10,229.58
USR00382,2026-05-09,200.23
USR00382,2026-05-08,218.62
USR00382,2026-05-07,208.57
USR00382,2026-05-06,227.11
USR00382,2026-05-05,202.68
USR00382,2026-05-04,171.45
USR00382,2026-05-03,196.42
USR00382,2026-05-02,208.75
USR00382,2026-05-01,194.23
USR00382,2026-04-30,211.57
USR00382,2026-04-29,197.21
USR00382,2026-04-28,186.69
USR00382,2026-04-27,176.96
USR00382,2026-04-26,190.74
USR00382,2026-04-25,202.57
USR00382,2026-04-24,159.62
USR00382,2026-04-23,183.03
USR00383,2026-05-22,18.03
USR00383,2026-05-21,21.51
USR00383,2026-05-20,16.93
USR00383,2026-05-19,20.56
USR00383,2026-05-18,24.69
USR00383,2026-05-17,22.01
USR00383,2026-05-16,19.47
USR00383,2026-05-15,20.86
USR00383,2026-05-14,16.58
USR00383,2026-05-13,16.19
USR00383,2026-05-12,19.27
USR00383,2026-05-11,19.98
USR00383,2026-05-10,21.32
USR00383,2026-05-09,18.12
USR00383,2026-05-08,19.59
USR00383,2026-05-07,19.52
USR00383,2026-05-06,18.96
USR00383,2026-05-05,19.07
USR00383,2026-05-04,17.57
USR00383,2026-05-03,19.75
USR00383,2026-05-02,19.59
USR00383,2026-05-01,18.37
USR00383,2026-04-30,20.49
USR00383,2026-04-29,21.19
USR00383,2026-04-28,20.52
USR00383,2026-04-27,17.21
USR00383,2026-04-26,19.41
USR00383,2026-04-25,17.46
USR00383,2026-04-24,19.4
USR00383,2026-04-23,17.47
USR00384,2026-05-22,34.02
USR00384,2026-05-21,35.19
USR00384,2026-05-20,34.87
USR00384,2026-05-19,30.7
USR00384,2026-05-18,30.21
USR00384,2026-05-17,37.04
USR00384,2026-05-16,31.03
USR00384,2026-05-15,27.28
USR00384,2026-05-14,34.73
USR00384,2026-05-13,32.0
USR00384,2026-05-12,36.3
USR00384,2026-05-11,32.32
USR00384,2026-05-10,31.49
USR00384,2026-05-09,36.36
USR00384,2026-05-08,26.7
USR00384,2026-05-07,29.7
USR00384,2026-05-06,28.75
USR00384,2026-05-05,24.62
USR00384,2026-05-04,34.3
USR00384,2026-05-03,29.79
USR00384,2026-05-02,34.41
USR00384,2026-05-01,32.78
USR00384,2026-04-30,33.46
USR00384,2026-04-29,30.11
USR00384,2026-04-28,29.14
USR00384,2026-04-27,31.83
USR00384,2026-04-26,34.45
USR00384,2026-04-25,31.39
USR00384,2026-04-24,29.33
USR00384,2026-04-23,27.77
USR00385,2026-05-22,218.01
USR00385,2026-05-21,229.14
USR00385,2026-05-20,225.28
USR00385,2026-05-19,220.54
USR00385,2026-05-18,237.57
USR00385,2026-05-17,243.59
USR00385,2026-05-16,276.15
USR00385,2026-05-15,248.29
USR00385,2026-05-14,267.57
USR00385,2026-05-13,211.9
USR00385,2026-05-12,193.84
USR00385,2026-05-11,230.46
USR00385,2026-05-10,250.6
USR00385,2026-05-09,246.98
USR00385,2026-05-08,258.75
USR00385,2026-05-07,172.25
USR00385,2026-05-06,259.71
USR00385,2026-05-05,238.54
USR00385,2026-05-04,195.16
USR00385,2026-05-03,247.49
USR00385,2026-05-02,234.7
USR00385,2026-05-01,239.59
USR00385,2026-04-30,253.85
USR00385,2026-04-29,240.72
USR00385,2026-04-28,196.8
USR00385,2026-04-27,227.49
USR00385,2026-04-26,193.46
USR00385,2026-04-25,245.77
USR00385,2026-04-24,263.06
USR00385,2026-04-23,202.14
USR00386,2026-05-22,20.06
USR00386,2026-05-21,21.0
USR00386,2026-05-20,22.91
USR00386,2026-05-19,21.02
USR00386,2026-05-18,23.43
USR00386,2026-05-17,24.34
USR00386,2026-05-16,24.42
USR00386,2026-05-15,19.54
USR00386,2026-05-14,25.05
USR00386,2026-05-13,25.22
USR00386,2026-05-12,25.41
USR00386,2026-05-11,21.65
USR00386,2026-05-10,20.34
USR00386,2026-05-09,19.83
USR00386,2026-05-08,19.57
USR00386,2026-05-07,22.02
USR00386,2026-05-06,23.86
USR00386,2026-05-05,24.87
USR00386,2026-05-04,20.93
USR00386,2026-05-03,21.91
USR00386,2026-05-02,21.77
USR00386,2026-05-01,20.6
USR00386,2026-04-30,23.62
USR00386,2026-04-29,22.8
USR00386,2026-04-28,22.31
USR00386,2026-04-27,22.79
USR00386,2026-04-26,23.35
USR00386,2026-04-25,23.33
USR00386,2026-04-24,20.15
USR00386,2026-04-23,23.97
USR00387,2026-05-22,37.52
USR00387,2026-05-21,40.14
USR00387,2026-05-20,40.57
USR00387,2026-05-19,43.47
USR00387,2026-05-18,35.12
USR00387,2026-05-17,44.42
USR00387,2026-05-16,39.31
USR00387,2026-05-15,37.24
USR00387,2026-05-14,37.12
USR00387,2026-05-13,35.3
USR00387,2026-05-12,32.39
USR00387,2026-05-11,41.88
USR00387,2026-05-10,46.99
USR00387,2026-05-09,32.88
USR00387,2026-05-08,35.5
USR00387,2026-05-07,42.17
USR00387,2026-05-06,39.04
USR00387,2026-05-05,42.5
USR00387,2026-05-04,38.82
USR00387,2026-05-03,36.95
USR00387,2026-05-02,38.34
USR00387,2026-05-01,29.88
USR00387,2026-04-30,34.74
USR00387,2026-04-29,42.94
USR00387,2026-04-28,43.9
USR00387,2026-04-27,44.74
USR00387,2026-04-26,40.95
USR00387,2026-04-25,30.37
USR00387,2026-04-24,36.73
USR00387,2026-04-23,44.42
USR00388,2026-05-22,476.61
USR00388,2026-05-21,409.54
USR00388,2026-05-20,364.65
USR00388,2026-05-19,417.75
USR00388,2026-05-18,420.08
USR00388,2026-05-17,485.12
USR00388,2026-05-16,429.01
USR00388,2026-05-15,420.15
USR00388,2026-05-14,422.54
USR00388,2026-05-13,436.23
USR00388,2026-05-12,445.73
USR00388,2026-05-11,389.06
USR00388,2026-05-10,375.09
USR00388,2026-05-09,476.94
USR00388,2026-05-08,350.62
USR00388,2026-05-07,488.15
USR00388,2026-05-06,339.31
USR00388,2026-05-05,394.94
USR00388,2026-05-04,460.22
USR00388,2026-05-03,419.47
USR00388,2026-05-02,364.23
USR00388,2026-05-01,437.34
USR00388,2026-04-30,422.26
USR00388,2026-04-29,410.39
USR00388,2026-04-28,393.28
USR00388,2026-04-27,418.0
USR00388,2026-04-26,395.04
USR00388,2026-04-25,521.57
USR00388,2026-04-24,409.39
USR00388,2026-04-23,403.78
USR00389,2026-05-22,77.66
USR00389,2026-05-21,55.13
USR00389,2026-05-20,68.31
USR00389,2026-05-19,64.36
USR00389,2026-05-18,56.56
USR00389,2026-05-17,60.54
USR00389,2026-05-16,68.03
USR00389,2026-05-15,60.24
USR00389,2026-05-14,67.65
USR00389,2026-05-13,77.34
USR00389,2026-05-12,67.07
USR00389,2026-05-11,56.36
USR00389,2026-05-10,60.36
USR00389,2026-05-09,64.06
USR00389,2026-05-08,63.62
USR00389,2026-05-07,66.94
USR00389,2026-05-06,68.0
USR00389,2026-05-05,77.35
USR00389,2026-05-04,65.92
USR00389,2026-05-03,58.34
USR00389,2026-05-02,73.55
USR00389,2026-05-01,74.27
USR00389,2026-04-30,67.47
USR00389,2026-04-29,64.32
USR00389,2026-04-28,70.05
USR00389,2026-04-27,64.55
USR00389,2026-04-26,52.39
USR00389,2026-04-25,69.66
USR00389,2026-04-24,71.83
USR00389,2026-04-23,75.44
USR00390,2026-05-22,313.01
USR00390,2026-05-21,306.98
USR00390,2026-05-20,338.68
USR00390,2026-05-19,339.39
USR00390,2026-05-18,334.01
USR00390,2026-05-17,334.99
USR00390,2026-05-16,332.42
USR00390,2026-05-15,338.2
USR00390,2026-05-14,355.72
USR00390,2026-05-13,371.6
USR00390,2026-05-12,306.14
USR00390,2026-05-11,325.48
USR00390,2026-05-10,317.19
USR00390,2026-05-09,312.45
USR00390,2026-05-08,277.67
USR00390,2026-05-07,331.99
USR00390,2026-05-06,347.06
USR00390,2026-05-05,326.05
USR00390,2026-05-04,330.89
USR00390,2026-05-03,345.04
USR00390,2026-05-02,377.92
USR00390,2026-05-01,317.28
USR00390,2026-04-30,292.38
USR00390,2026-04-29,328.19
USR00390,2026-04-28,393.57
USR00390,2026-04-27,292.74
USR00390,2026-04-26,352.72
USR00390,2026-04-25,369.53
USR00390,2026-04-24,252.84
USR00390,2026-04-23,344.77
USR00391,2026-05-22,346.43
USR00391,2026-05-21,332.94
USR00391,2026-05-20,334.92
USR00391,2026-05-19,344.25
USR00391,2026-05-18,345.19
USR00391,2026-05-17,338.48
USR00391,2026-05-16,343.69
USR00391,2026-05-15,398.33
USR00391,2026-05-14,312.72
USR00391,2026-05-13,293.69
USR00391,2026-05-12,398.9
USR00391,2026-05-11,349.11
USR00391,2026-05-10,342.13
USR00391,2026-05-09,351.99
USR00391,2026-05-08,363.4
USR00391,2026-05-07,337.29
USR00391,2026-05-06,373.96
USR00391,2026-05-05,321.7
USR00391,2026-05-04,345.2
USR00391,2026-05-03,277.12
USR00391,2026-05-02,397.67
USR00391,2026-05-01,349.68
USR00391,2026-04-30,379.8
USR00391,2026-04-29,372.91
USR00391,2026-04-28,375.52
USR00391,2026-04-27,355.67
USR00391,2026-04-26,369.77
USR00391,2026-04-25,321.73
USR00391,2026-04-24,314.26
USR00391,2026-04-23,352.35
USR00392,2026-05-22,557.58
USR00392,2026-05-21,506.32
USR00392,2026-05-20,453.05
USR00392,2026-05-19,474.77
USR00392,2026-05-18,494.51
USR00392,2026-05-17,484.7
USR00392,2026-05-16,501.28
USR00392,2026-05-15,491.37
USR00392,2026-05-14,420.15
USR00392,2026-05-13,383.05
USR00392,2026-05-12,469.78
USR00392,2026-05-11,515.37
USR00392,2026-05-10,470.33
USR00392,2026-05-09,548.36
USR00392,2026-05-08,485.73
USR00392,2026-05-07,554.25
USR00392,2026-05-06,544.23
USR00392,2026-05-05,539.32
USR00392,2026-05-04,429.28
USR00392,2026-05-03,488.85
USR00392,2026-05-02,547.69
USR00392,2026-05-01,501.31
USR00392,2026-04-30,515.07
USR00392,2026-04-29,420.29
USR00392,2026-04-28,581.66
USR00392,2026-04-27,449.4
USR00392,2026-04-26,390.69
USR00392,2026-04-25,470.88
USR00392,2026-04-24,368.58
USR00392,2026-04-23,435.06
USR00393,2026-05-22,41.66
USR00393,2026-05-21,37.12
USR00393,2026-05-20,43.41
USR00393,2026-05-19,39.42
USR00393,2026-05-18,47.05
USR00393,2026-05-17,39.45
USR00393,2026-05-16,44.48
USR00393,2026-05-15,38.34
USR00393,2026-05-14,54.56
USR00393,2026-05-13,45.49
USR00393,2026-05-12,42.67
USR00393,2026-05-11,42.04
USR00393,2026-05-10,40.91
USR00393,2026-05-09,40.01
USR00393,2026-05-08,39.89
USR00393,2026-05-07,50.57
USR00393,2026-05-06,40.91
USR00393,2026-05-05,34.08
USR00393,2026-05-04,38.26
USR00393,2026-05-03,47.32
USR00393,2026-05-02,42.21
USR00393,2026-05-01,42.72
USR00393,2026-04-30,48.37
USR00393,2026-04-29,39.94
USR00393,2026-04-28,46.04
USR00393,2026-04-27,40.41
USR00393,2026-04-26,45.8
USR00393,2026-04-25,41.61
USR00393,2026-04-24,42.26
USR00393,2026-04-23,46.86
USR00394,2026-05-22,277.88
USR00394,2026-05-21,294.21
USR00394,2026-05-20,269.21
USR00394,2026-05-19,260.83
USR00394,2026-05-18,317.51
USR00394,2026-05-17,289.87
USR00394,2026-05-16,263.03
USR00394,2026-05-15,255.86
USR00394,2026-05-14,301.79
USR00394,2026-05-13,276.9
USR00394,2026-05-12,269.26
USR00394,2026-05-11,276.88
USR00394,2026-05-10,282.98
USR00394,2026-05-09,272.19
USR00394,2026-05-08,306.69
USR00394,2026-05-07,308.21
USR00394,2026-05-06,288.3
USR00394,2026-05-05,311.37
USR00394,2026-05-04,273.97
USR00394,2026-05-03,292.63
USR00394,2026-05-02,301.23
USR00394,2026-05-01,301.63
USR00394,2026-04-30,298.81
USR00394,2026-04-29,291.02
USR00394,2026-04-28,327.31
USR00394,2026-04-27,258.96
USR00394,2026-04-26,269.49
USR00394,2026-04-25,267.87
USR00394,2026-04-24,263.66
USR00394,2026-04-23,219.3
USR00395,2026-05-22,11.07
USR00395,2026-05-21,12.54
USR00395,2026-05-20,10.58
USR00395,2026-05-19,13.1
USR00395,2026-05-18,11.37
USR00395,2026-05-17,10.93
USR00395,2026-05-16,12.57
USR00395,2026-05-15,11.47
USR00395,2026-05-14,11.63
USR00395,2026-05-13,12.55
USR00395,2026-05-12,13.32
USR00395,2026-05-11,11.33
USR00395,2026-05-10,11.11
USR00395,2026-05-09,12.36
USR00395,2026-05-08,13.0
USR00395,2026-05-07,14.14
USR00395,2026-05-06,11.01
USR00395,2026-05-05,11.94
USR00395,2026-05-04,13.79
USR00395,2026-05-03,14.77
USR00395,2026-05-02,11.11
USR00395,2026-05-01,11.42
USR00395,2026-04-30,12.81
USR00395,2026-04-29,11.62
USR00395,2026-04-28,11.4
USR00395,2026-04-27,12.64
USR00395,2026-04-26,14.25
USR00395,2026-04-25,10.72
USR00395,2026-04-24,14.18
USR00395,2026-04-23,11.63
USR00396,2026-05-22,463.08
USR00396,2026-05-21,412.52
USR00396,2026-05-20,387.64
USR00396,2026-05-19,428.22
USR00396,2026-05-18,392.61
USR00396,2026-05-17,420.35
USR00396,2026-05-16,391.35
USR00396,2026-05-15,433.93
USR00396,2026-05-14,343.82
USR00396,2026-05-13,359.03
USR00396,2026-05-12,343.23
USR00396,2026-05-11,397.27
USR00396,2026-05-10,338.42
USR00396,2026-05-09,371.88
USR00396,2026-05-08,355.28
USR00396,2026-05-07,458.64
USR00396,2026-05-06,359.94
USR00396,2026-05-05,348.12
USR00396,2026-05-04,409.45
USR00396,2026-05-03,466.92
USR00396,2026-05-02,394.89
USR00396,2026-05-01,397.98
USR00396,2026-04-30,451.09
USR00396,2026-04-29,434.61
USR00396,2026-04-28,416.52
USR00396,2026-04-27,376.26
USR00396,2026-04-26,417.74
USR00396,2026-04-25,345.16
USR00396,2026-04-24,374.61
USR00396,2026-04-23,456.71
USR00397,2026-05-22,199.13
USR00397,2026-05-21,153.97
USR00397,2026-05-20,167.73
USR00397,2026-05-19,177.82
USR00397,2026-05-18,187.51
USR00397,2026-05-17,166.93
USR00397,2026-05-16,186.08
USR00397,2026-05-15,224.5
USR00397,2026-05-14,198.43
USR00397,2026-05-13,194.96
USR00397,2026-05-12,171.37
USR00397,2026-05-11,159.51
USR00397,2026-05-10,167.35
USR00397,2026-05-09,158.74
USR00397,2026-05-08,192.21
USR00397,2026-05-07,198.11
USR00397,2026-05-06,172.37
USR00397,2026-05-05,193.6
USR00397,2026-05-04,218.81
USR00397,2026-05-03,228.13
USR00397,2026-05-02,205.48
USR00397,2026-05-01,187.45
USR00397,2026-04-30,204.86
USR00397,2026-04-29,216.57
USR00397,2026-04-28,152.49
USR00397,2026-04-27,219.06
USR00397,2026-04-26,180.39
USR00397,2026-04-25,180.58
USR00397,2026-04-24,184.01
USR00397,2026-04-23,196.89
USR00398,2026-05-22,48.16
USR00398,2026-05-21,52.17
USR00398,2026-05-20,50.65
USR00398,2026-05-19,51.46
USR00398,2026-05-18,47.96
USR00398,2026-05-17,53.01
USR00398,2026-05-16,54.81
USR00398,2026-05-15,54.51
USR00398,2026-05-14,51.69
USR00398,2026-05-13,54.22
USR00398,2026-05-12,53.89
USR00398,2026-05-11,62.84
USR00398,2026-05-10,55.61
USR00398,2026-05-09,49.13
USR00398,2026-05-08,45.05
USR00398,2026-05-07,48.28
USR00398,2026-05-06,47.92
USR00398,2026-05-05,52.1
USR00398,2026-05-04,46.1
USR00398,2026-05-03,55.48
USR00398,2026-05-02,42.68
USR00398,2026-05-01,41.48
USR00398,2026-04-30,48.9
USR00398,2026-04-29,45.39
USR00398,2026-04-28,43.33
USR00398,2026-04-27,46.41
USR00398,2026-04-26,45.79
USR00398,2026-04-25,49.62
USR00398,2026-04-24,46.49
USR00398,2026-04-23,46.9
USR00399,2026-05-22,22.07
USR00399,2026-05-21,22.98
USR00399,2026-05-20,20.33
USR00399,2026-05-19,20.49
USR00399,2026-05-18,19.67
USR00399,2026-05-17,21.0
USR00399,2026-05-16,20.82
USR00399,2026-05-15,22.69
USR00399,2026-05-14,16.25
USR00399,2026-05-13,19.57
USR00399,2026-05-12,20.72
USR00399,2026-05-11,19.98
USR00399,2026-05-10,18.15
USR00399,2026-05-09,17.43
USR00399,2026-05-08,21.65
USR00399,2026-05-07,18.52
USR00399,2026-05-06,16.52
USR00399,2026-05-05,21.75
USR00399,2026-05-04,20.96
USR00399,2026-05-03,19.8
USR00399,2026-05-02,18.2
USR00399,2026-05-01,19.81
USR00399,2026-04-30,22.47
USR00399,2026-04-29,16.8
USR00399,2026-04-28,16.9
USR00399,2026-04-27,18.78
USR00399,2026-04-26,19.98
USR00399,2026-04-25,19.04
USR00399,2026-04-24,21.32
USR00399,2026-04-23,22.22
USR00400,2026-05-22,9.85
USR00400,2026-05-21,9.58
USR00400,2026-05-20,9.34
USR00400,2026-05-19,8.12
USR00400,2026-05-18,8.37
USR00400,2026-05-17,8.07
USR00400,2026-05-16,9.19
USR00400,2026-05-15,9.54
USR00400,2026-05-14,7.98
USR00400,2026-05-13,9.4
USR00400,2026-05-12,8.51
USR00400,2026-05-11,8.33
USR00400,2026-05-10,8.74
USR00400,2026-05-09,8.28
USR00400,2026-05-08,9.89
USR00400,2026-05-07,9.17
USR00400,2026-05-06,10.09
USR00400,2026-05-05,8.91
USR00400,2026-05-04,8.95
USR00400,2026-05-03,11.08
USR00400,2026-05-02,7.81
USR00400,2026-05-01,10.53
USR00400,2026-04-30,10.87
USR00400,2026-04-29,10.04
USR00400,2026-04-28,9.02
USR00400,2026-04-27,10.66
USR00400,2026-04-26,9.03
USR00400,2026-04-25,8.67
USR00400,2026-04-24,8.97
USR00400,2026-04-23,8.8
USR00401,2026-05-22,39.59
USR00401,2026-05-21,32.88
USR00401,2026-05-20,35.53
USR00401,2026-05-19,30.49
USR00401,2026-05-18,35.74
USR00401,2026-05-17,31.52
USR00401,2026-05-16,31.43
USR00401,2026-05-15,35.25
USR00401,2026-05-14,39.4
USR00401,2026-05-13,37.2
USR00401,2026-05-12,37.45
USR00401,2026-05-11,35.17
USR00401,2026-05-10,34.44
USR00401,2026-05-09,38.45
USR00401,2026-05-08,33.63
USR00401,2026-05-07,38.61
USR00401,2026-05-06,40.04
USR00401,2026-05-05,32.64
USR00401,2026-05-04,33.16
USR00401,2026-05-03,33.69
USR00401,2026-05-02,30.41
USR00401,2026-05-01,33.96
USR00401,2026-04-30,40.27
USR00401,2026-04-29,31.91
USR00401,2026-04-28,40.36
USR00401,2026-04-27,34.09
USR00401,2026-04-26,43.17
USR00401,2026-04-25,33.21
USR00401,2026-04-24,35.12
USR00401,2026-04-23,32.39
USR00402,2026-05-22,45.18
USR00402,2026-05-21,41.74
USR00402,2026-05-20,43.95
USR00402,2026-05-19,34.6
USR00402,2026-05-18,42.46
USR00402,2026-05-17,35.98
USR00402,2026-05-16,34.52
USR00402,2026-05-15,40.8
USR00402,2026-05-14,40.76
USR00402,2026-05-13,40.06
USR00402,2026-05-12,42.71
USR00402,2026-05-11,43.33
USR00402,2026-05-10,45.7
USR00402,2026-05-09,35.1
USR00402,2026-05-08,45.83
USR00402,2026-05-07,47.35
USR00402,2026-05-06,38.39
USR00402,2026-05-05,33.2
USR00402,2026-05-04,34.33
USR00402,2026-05-03,38.01
USR00402,2026-05-02,47.87
USR00402,2026-05-01,39.91
USR00402,2026-04-30,37.39
USR00402,2026-04-29,37.11
USR00402,2026-04-28,34.58
USR00402,2026-04-27,43.33
USR00402,2026-04-26,39.48
USR00402,2026-04-25,48.21
USR00402,2026-04-24,42.35
USR00402,2026-04-23,43.15
USR00403,2026-05-22,23.97
USR00403,2026-05-21,24.55
USR00403,2026-05-20,23.22
USR00403,2026-05-19,29.35
USR00403,2026-05-18,25.87
USR00403,2026-05-17,29.46
USR00403,2026-05-16,27.27
USR00403,2026-05-15,26.11
USR00403,2026-05-14,23.76
USR00403,2026-05-13,27.71
USR00403,2026-05-12,26.31
USR00403,2026-05-11,29.33
USR00403,2026-05-10,24.98
USR00403,2026-05-09,28.56
USR00403,2026-05-08,31.32
USR00403,2026-05-07,27.64
USR00403,2026-05-06,29.01
USR00403,2026-05-05,28.44
USR00403,2026-05-04,32.01
USR00403,2026-05-03,27.9
USR00403,2026-05-02,28.78
USR00403,2026-05-01,26.8
USR00403,2026-04-30,24.82
USR00403,2026-04-29,23.65
USR00403,2026-04-28,30.31
USR00403,2026-04-27,24.19
USR00403,2026-04-26,28.91
USR00403,2026-04-25,28.02
USR00403,2026-04-24,29.37
USR00403,2026-04-23,25.52
USR00404,2026-05-22,65.27
USR00404,2026-05-21,61.06
USR00404,2026-05-20,55.15
USR00404,2026-05-19,75.09
USR00404,2026-05-18,57.92
USR00404,2026-05-17,56.65
USR00404,2026-05-16,61.37
USR00404,2026-05-15,70.77
USR00404,2026-05-14,49.27
USR00404,2026-05-13,70.25
USR00404,2026-05-12,57.16
USR00404,2026-05-11,64.56
USR00404,2026-05-10,58.64
USR00404,2026-05-09,75.42
USR00404,2026-05-08,63.68
USR00404,2026-05-07,58.44
USR00404,2026-05-06,61.0
USR00404,2026-05-05,63.46
USR00404,2026-05-04,64.01
USR00404,2026-05-03,65.65
USR00404,2026-05-02,62.89
USR00404,2026-05-01,54.23
USR00404,2026-04-30,60.75
USR00404,2026-04-29,66.71
USR00404,2026-04-28,58.68
USR00404,2026-04-27,67.13
USR00404,2026-04-26,63.09
USR00404,2026-04-25,61.53
USR00404,2026-04-24,70.41
USR00404,2026-04-23,51.96
USR00405,2026-05-22,27.79
USR00405,2026-05-21,29.27
USR00405,2026-05-20,30.4
USR00405,2026-05-19,24.87
USR00405,2026-05-18,25.88
USR00405,2026-05-17,26.77
USR00405,2026-05-16,27.9
USR00405,2026-05-15,25.52
USR00405,2026-05-14,27.04
USR00405,2026-05-13,25.88
USR00405,2026-05-12,26.04
USR00405,2026-05-11,22.47
USR00405,2026-05-10,23.93
USR00405,2026-05-09,23.45
USR00405,2026-05-08,21.8
USR00405,2026-05-07,20.66
USR00405,2026-05-06,23.7
USR00405,2026-05-05,24.09
USR00405,2026-05-04,25.0
USR00405,2026-05-03,26.12
USR00405,2026-05-02,25.21
USR00405,2026-05-01,24.11
USR00405,2026-04-30,22.48
USR00405,2026-04-29,26.91
USR00405,2026-04-28,24.49
USR00405,2026-04-27,23.67
USR00405,2026-04-26,24.28
USR00405,2026-04-25,22.93
USR00405,2026-04-24,23.43
USR00405,2026-04-23,23.35
USR00406,2026-05-22,19.42
USR00406,2026-05-21,18.96
USR00406,2026-05-20,21.04
USR00406,2026-05-19,20.43
USR00406,2026-05-18,21.79
USR00406,2026-05-17,19.24
USR00406,2026-05-16,19.21
USR00406,2026-05-15,17.33
USR00406,2026-05-14,19.73
USR00406,2026-05-13,17.03
USR00406,2026-05-12,15.54
USR00406,2026-05-11,21.0
USR00406,2026-05-10,15.95
USR00406,2026-05-09,19.02
USR00406,2026-05-08,16.62
USR00406,2026-05-07,20.27
USR00406,2026-05-06,20.52
USR00406,2026-05-05,19.19
USR00406,2026-05-04,20.49
USR00406,2026-05-03,18.23
USR00406,2026-05-02,22.29
USR00406,2026-05-01,19.58
USR00406,2026-04-30,16.58
USR00406,2026-04-29,18.35
USR00406,2026-04-28,17.94
USR00406,2026-04-27,17.77
USR00406,2026-04-26,15.2
USR00406,2026-04-25,18.93
USR00406,2026-04-24,15.7
USR00406,2026-04-23,13.62
USR00407,2026-05-22,104.83
USR00407,2026-05-21,103.63
USR00407,2026-05-20,78.21
USR00407,2026-05-19,103.75
USR00407,2026-05-18,111.43
USR00407,2026-05-17,106.21
USR00407,2026-05-16,117.79
USR00407,2026-05-15,129.19
USR00407,2026-05-14,119.26
USR00407,2026-05-13,125.04
USR00407,2026-05-12,125.98
USR00407,2026-05-11,101.85
USR00407,2026-05-10,118.38
USR00407,2026-05-09,124.69
USR00407,2026-05-08,108.46
USR00407,2026-05-07,104.44
USR00407,2026-05-06,119.42
USR00407,2026-05-05,96.6
USR00407,2026-05-04,101.06
USR00407,2026-05-03,105.84
USR00407,2026-05-02,118.51
USR00407,2026-05-01,115.88
USR00407,2026-04-30,125.11
USR00407,2026-04-29,102.95
USR00407,2026-04-28,102.34
USR00407,2026-04-27,119.34
USR00407,2026-04-26,104.34
USR00407,2026-04-25,106.56
USR00407,2026-04-24,92.35
USR00407,2026-04-23,116.7
USR00408,2026-05-22,22.49
USR00408,2026-05-21,27.64
USR00408,2026-05-20,24.93
USR00408,2026-05-19,20.65
USR00408,2026-05-18,22.83
USR00408,2026-05-17,22.68
USR00408,2026-05-16,24.28
USR00408,2026-05-15,26.13
USR00408,2026-05-14,29.71
USR00408,2026-05-13,21.49
USR00408,2026-05-12,23.86
USR00408,2026-05-11,22.83
USR00408,2026-05-10,21.89
USR00408,2026-05-09,25.31
USR00408,2026-05-08,25.08
USR00408,2026-05-07,20.53
USR00408,2026-05-06,25.12
USR00408,2026-05-05,22.05
USR00408,2026-05-04,25.1
USR00408,2026-05-03,28.26
USR00408,2026-05-02,26.24
USR00408,2026-05-01,25.52
USR00408,2026-04-30,23.75
USR00408,2026-04-29,25.24
USR00408,2026-04-28,26.49
USR00408,2026-04-27,26.24
USR00408,2026-04-26,24.83
USR00408,2026-04-25,25.62
USR00408,2026-04-24,21.77
USR00408,2026-04-23,23.23
USR00409,2026-05-22,266.97
USR00409,2026-05-21,248.54
USR00409,2026-05-20,282.66
USR00409,2026-05-19,258.75
USR00409,2026-05-18,240.5
USR00409,2026-05-17,216.2
USR00409,2026-05-16,281.67
USR00409,2026-05-15,265.21
USR00409,2026-05-14,290.52
USR00409,2026-05-13,299.59
USR00409,2026-05-12,214.55
USR00409,2026-05-11,214.61
USR00409,2026-05-10,175.74
USR00409,2026-05-09,268.85
USR00409,2026-05-08,262.4
USR00409,2026-05-07,248.65
USR00409,2026-05-06,216.05
USR00409,2026-05-05,244.05
USR00409,2026-05-04,250.79
USR00409,2026-05-03,265.51
USR00409,2026-05-02,252.96
USR00409,2026-05-01,262.58
USR00409,2026-04-30,243.18
USR00409,2026-04-29,275.33
USR00409,2026-04-28,261.79
USR00409,2026-04-27,217.01
USR00409,2026-04-26,280.45
USR00409,2026-04-25,276.42
USR00409,2026-04-24,257.7
USR00409,2026-04-23,253.15
USR00410,2026-05-22,275.16
USR00410,2026-05-21,369.69
USR00410,2026-05-20,313.21
USR00410,2026-05-19,364.89
USR00410,2026-05-18,332.83
USR00410,2026-05-17,288.0
USR00410,2026-05-16,312.54
USR00410,2026-05-15,362.47
USR00410,2026-05-14,321.96
USR00410,2026-05-13,308.43
USR00410,2026-05-12,308.21
USR00410,2026-05-11,349.99
USR00410,2026-05-10,386.45
USR00410,2026-05-09,258.47
USR00410,2026-05-08,420.98
USR00410,2026-05-07,335.57
USR00410,2026-05-06,347.96
USR00410,2026-05-05,314.53
USR00410,2026-05-04,328.76
USR00410,2026-05-03,335.2
USR00410,2026-05-02,294.37
USR00410,2026-05-01,302.38
USR00410,2026-04-30,367.83
USR00410,2026-04-29,277.82
USR00410,2026-04-28,343.38
USR00410,2026-04-27,316.69
USR00410,2026-04-26,297.28
USR00410,2026-04-25,393.72
USR00410,2026-04-24,297.48
USR00410,2026-04-23,291.71
USR00411,2026-05-22,24.55
USR00411,2026-05-21,26.61
USR00411,2026-05-20,27.01
USR00411,2026-05-19,27.22
USR00411,2026-05-18,26.27
USR00411,2026-05-17,24.73
USR00411,2026-05-16,28.31
USR00411,2026-05-15,26.3
USR00411,2026-05-14,25.28
USR00411,2026-05-13,30.53
USR00411,2026-05-12,26.27
USR00411,2026-05-11,29.5
USR00411,2026-05-10,29.86
USR00411,2026-05-09,30.02
USR00411,2026-05-08,28.43
USR00411,2026-05-07,26.59
USR00411,2026-05-06,26.42
USR00411,2026-05-05,25.95
USR00411,2026-05-04,20.83
USR00411,2026-05-03,28.51
USR00411,2026-05-02,27.24
USR00411,2026-05-01,28.79
USR00411,2026-04-30,26.28
USR00411,2026-04-29,28.36
USR00411,2026-04-28,22.93
USR00411,2026-04-27,23.49
USR00411,2026-04-26,20.01
USR00411,2026-04-25,26.24
USR00411,2026-04-24,24.54
USR00411,2026-04-23,24.19
USR00412,2026-05-22,38.87
USR00412,2026-05-21,34.78
USR00412,2026-05-20,50.93
USR00412,2026-05-19,40.45
USR00412,2026-05-18,36.2
USR00412,2026-05-17,37.88
USR00412,2026-05-16,39.9
USR00412,2026-05-15,39.89
USR00412,2026-05-14,45.89
USR00412,2026-05-13,40.28
USR00412,2026-05-12,48.13
USR00412,2026-05-11,38.85
USR00412,2026-05-10,42.33
USR00412,2026-05-09,44.75
USR00412,2026-05-08,45.45
USR00412,2026-05-07,45.93
USR00412,2026-05-06,39.5
USR00412,2026-05-05,40.58
USR00412,2026-05-04,30.54
USR00412,2026-05-03,39.81
USR00412,2026-05-02,45.03
USR00412,2026-05-01,44.24
USR00412,2026-04-30,40.25
USR00412,2026-04-29,47.5
USR00412,2026-04-28,39.04
USR00412,2026-04-27,37.69
USR00412,2026-04-26,38.7
USR00412,2026-04-25,36.04
USR00412,2026-04-24,43.13
USR00412,2026-04-23,41.77
USR00413,2026-05-22,24.6
USR00413,2026-05-21,25.51
USR00413,2026-05-20,20.07
USR00413,2026-05-19,26.62
USR00413,2026-05-18,25.91
USR00413,2026-05-17,22.84
USR00413,2026-05-16,25.39
USR00413,2026-05-15,25.0
USR00413,2026-05-14,30.19
USR00413,2026-05-13,22.94
USR00413,2026-05-12,26.51
USR00413,2026-05-11,22.86
USR00413,2026-05-10,24.23
USR00413,2026-05-09,26.37
USR00413,2026-05-08,25.12
USR00413,2026-05-07,25.64
USR00413,2026-05-06,26.51
USR00413,2026-05-05,24.39
USR00413,2026-05-04,27.93
USR00413,2026-05-03,24.88
USR00413,2026-05-02,25.41
USR00413,2026-05-01,26.59
USR00413,2026-04-30,26.24
USR00413,2026-04-29,27.31
USR00413,2026-04-28,26.47
USR00413,2026-04-27,26.86
USR00413,2026-04-26,24.82
USR00413,2026-04-25,22.92
USR00413,2026-04-24,22.0
USR00413,2026-04-23,21.37
USR00414,2026-05-22,33.69
USR00414,2026-05-21,48.43
USR00414,2026-05-20,39.72
USR00414,2026-05-19,48.4
USR00414,2026-05-18,33.74
USR00414,2026-05-17,42.25
USR00414,2026-05-16,49.56
USR00414,2026-05-15,46.36
USR00414,2026-05-14,41.81
USR00414,2026-05-13,34.86
USR00414,2026-05-12,37.55
USR00414,2026-05-11,49.28
USR00414,2026-05-10,41.76
USR00414,2026-05-09,42.96
USR00414,2026-05-08,44.5
USR00414,2026-05-07,37.63
USR00414,2026-05-06,45.03
USR00414,2026-05-05,41.45
USR00414,2026-05-04,44.54
USR00414,2026-05-03,40.77
USR00414,2026-05-02,36.46
USR00414,2026-05-01,41.42
USR00414,2026-04-30,46.04
USR00414,2026-04-29,44.97
USR00414,2026-04-28,43.4
USR00414,2026-04-27,47.16
USR00414,2026-04-26,42.39
USR00414,2026-04-25,43.51
USR00414,2026-04-24,41.19
USR00414,2026-04-23,47.41
USR00415,2026-05-22,25.89
USR00415,2026-05-21,23.33
USR00415,2026-05-20,30.44
USR00415,2026-05-19,25.37
USR00415,2026-05-18,27.61
USR00415,2026-05-17,33.86
USR00415,2026-05-16,29.61
USR00415,2026-05-15,31.83
USR00415,2026-05-14,25.94
USR00415,2026-05-13,30.35
USR00415,2026-05-12,27.48
USR00415,2026-05-11,28.42
USR00415,2026-05-10,32.95
USR00415,2026-05-09,26.65
USR00415,2026-05-08,27.46
USR00415,2026-05-07,24.94
USR00415,2026-05-06,29.85
USR00415,2026-05-05,25.88
USR00415,2026-05-04,30.22
USR00415,2026-05-03,22.89
USR00415,2026-05-02,28.92
USR00415,2026-05-01,25.65
USR00415,2026-04-30,29.41
USR00415,2026-04-29,27.37
USR00415,2026-04-28,25.94
USR00415,2026-04-27,26.35
USR00415,2026-04-26,25.08
USR00415,2026-04-25,29.71
USR00415,2026-04-24,24.54
USR00415,2026-04-23,26.68
USR00416,2026-05-22,293.8
USR00416,2026-05-21,252.74
USR00416,2026-05-20,246.84
USR00416,2026-05-19,259.9
USR00416,2026-05-18,200.53
USR00416,2026-05-17,222.66
USR00416,2026-05-16,243.48
USR00416,2026-05-15,234.94
USR00416,2026-05-14,212.48
USR00416,2026-05-13,274.68
USR00416,2026-05-12,259.55
USR00416,2026-05-11,256.53
USR00416,2026-05-10,235.42
USR00416,2026-05-09,254.99
USR00416,2026-05-08,265.99
USR00416,2026-05-07,246.28
USR00416,2026-05-06,264.23
USR00416,2026-05-05,232.84
USR00416,2026-05-04,255.45
USR00416,2026-05-03,281.88
USR00416,2026-05-02,284.15
USR00416,2026-05-01,286.56
USR00416,2026-04-30,260.2
USR00416,2026-04-29,253.78
USR00416,2026-04-28,241.63
USR00416,2026-04-27,207.25
USR00416,2026-04-26,218.96
USR00416,2026-04-25,248.73
USR00416,2026-04-24,250.24
USR00416,2026-04-23,288.71
USR00417,2026-05-22,247.24
USR00417,2026-05-21,287.19
USR00417,2026-05-20,252.8
USR00417,2026-05-19,283.59
USR00417,2026-05-18,286.86
USR00417,2026-05-17,298.44
USR00417,2026-05-16,252.39
USR00417,2026-05-15,292.39
USR00417,2026-05-14,215.75
USR00417,2026-05-13,299.88
USR00417,2026-05-12,264.8
USR00417,2026-05-11,265.37
USR00417,2026-05-10,211.38
USR00417,2026-05-09,255.15
USR00417,2026-05-08,301.45
USR00417,2026-05-07,254.14
USR00417,2026-05-06,284.41
USR00417,2026-05-05,266.38
USR00417,2026-05-04,293.68
USR00417,2026-05-03,270.55
USR00417,2026-05-02,240.73
USR00417,2026-05-01,266.97
USR00417,2026-04-30,307.97
USR00417,2026-04-29,278.68
USR00417,2026-04-28,262.38
USR00417,2026-04-27,325.35
USR00417,2026-04-26,296.24
USR00417,2026-04-25,287.15
USR00417,2026-04-24,273.89
USR00417,2026-04-23,284.85
USR00418,2026-05-22,232.14
USR00418,2026-05-21,308.69
USR00418,2026-05-20,292.18
USR00418,2026-05-19,282.12
USR00418,2026-05-18,291.16
USR00418,2026-05-17,250.76
USR00418,2026-05-16,243.37
USR00418,2026-05-15,333.98
USR00418,2026-05-14,310.68
USR00418,2026-05-13,225.3
USR00418,2026-05-12,279.84
USR00418,2026-05-11,323.11
USR00418,2026-05-10,288.64
USR00418,2026-05-09,333.93
USR00418,2026-05-08,328.13
USR00418,2026-05-07,256.67
USR00418,2026-05-06,292.7
USR00418,2026-05-05,283.65
USR00418,2026-05-04,255.7
USR00418,2026-05-03,253.77
USR00418,2026-05-02,273.02
USR00418,2026-05-01,277.93
USR00418,2026-04-30,305.37
USR00418,2026-04-29,327.97
USR00418,2026-04-28,312.21
USR00418,2026-04-27,319.24
USR00418,2026-04-26,289.04
USR00418,2026-04-25,314.87
USR00418,2026-04-24,292.55
USR00418,2026-04-23,283.85
USR00419,2026-05-22,75.74
USR00419,2026-05-21,80.25
USR00419,2026-05-20,102.53
USR00419,2026-05-19,96.13
USR00419,2026-05-18,84.56
USR00419,2026-05-17,88.34
USR00419,2026-05-16,89.62
USR00419,2026-05-15,107.56
USR00419,2026-05-14,110.72
USR00419,2026-05-13,114.94
USR00419,2026-05-12,83.06
USR00419,2026-05-11,85.25
USR00419,2026-05-10,84.57
USR00419,2026-05-09,111.48
USR00419,2026-05-08,102.87
USR00419,2026-05-07,99.54
USR00419,2026-05-06,101.02
USR00419,2026-05-05,98.19
USR00419,2026-05-04,87.68
USR00419,2026-05-03,103.82
USR00419,2026-05-02,96.91
USR00419,2026-05-01,86.9
USR00419,2026-04-30,104.42
USR00419,2026-04-29,94.55
USR00419,2026-04-28,101.0
USR00419,2026-04-27,97.52
USR00419,2026-04-26,107.55
USR00419,2026-04-25,100.93
USR00419,2026-04-24,90.02
USR00419,2026-04-23,101.93
USR00420,2026-05-22,9.68
USR00420,2026-05-21,10.16
USR00420,2026-05-20,8.64
USR00420,2026-05-19,9.82
USR00420,2026-05-18,7.62
USR00420,2026-05-17,9.1
USR00420,2026-05-16,8.96
USR00420,2026-05-15,10.54
USR00420,2026-05-14,9.06
USR00420,2026-05-13,9.77
USR00420,2026-05-12,7.59
USR00420,2026-05-11,8.88
USR00420,2026-05-10,8.43
USR00420,2026-05-09,11.49
USR00420,2026-05-08,8.59
USR00420,2026-05-07,9.28
USR00420,2026-05-06,9.32
USR00420,2026-05-05,7.74
USR00420,2026-05-04,8.72
USR00420,2026-05-03,9.58
USR00420,2026-05-02,9.29
USR00420,2026-05-01,7.09
USR00420,2026-04-30,8.69
USR00420,2026-04-29,10.15
USR00420,2026-04-28,9.75
USR00420,2026-04-27,10.33
USR00420,2026-04-26,8.3
USR00420,2026-04-25,10.39
USR00420,2026-04-24,9.17
USR00420,2026-04-23,10.67
USR00421,2026-05-22,25.47
USR00421,2026-05-21,34.74
USR00421,2026-05-20,30.6
USR00421,2026-05-19,30.82
USR00421,2026-05-18,27.37
USR00421,2026-05-17,37.22
USR00421,2026-05-16,30.35
USR00421,2026-05-15,37.07
USR00421,2026-05-14,30.64
USR00421,2026-05-13,29.05
USR00421,2026-05-12,36.25
USR00421,2026-05-11,31.79
USR00421,2026-05-10,31.82
USR00421,2026-05-09,27.92
USR00421,2026-05-08,30.56
USR00421,2026-05-07,33.4
USR00421,2026-05-06,27.86
USR00421,2026-05-05,30.3
USR00421,2026-05-04,30.68
USR00421,2026-05-03,32.24
USR00421,2026-05-02,36.76
USR00421,2026-05-01,31.06
USR00421,2026-04-30,29.81
USR00421,2026-04-29,40.82
USR00421,2026-04-28,30.64
USR00421,2026-04-27,31.41
USR00421,2026-04-26,30.88
USR00421,2026-04-25,31.14
USR00421,2026-04-24,32.27
USR00421,2026-04-23,34.97
USR00422,2026-05-22,23.5
USR00422,2026-05-21,23.43
USR00422,2026-05-20,21.66
USR00422,2026-05-19,22.01
USR00422,2026-05-18,23.57
USR00422,2026-05-17,18.86
USR00422,2026-05-16,26.51
USR00422,2026-05-15,20.13
USR00422,2026-05-14,20.47
USR00422,2026-05-13,18.64
USR00422,2026-05-12,18.71
USR00422,2026-05-11,23.28
USR00422,2026-05-10,26.03
USR00422,2026-05-09,20.01
USR00422,2026-05-08,21.95
USR00422,2026-05-07,21.68
USR00422,2026-05-06,23.33
USR00422,2026-05-05,25.92
USR00422,2026-05-04,24.44
USR00422,2026-05-03,20.71
USR00422,2026-05-02,22.33
USR00422,2026-05-01,22.55
USR00422,2026-04-30,21.17
USR00422,2026-04-29,18.89
USR00422,2026-04-28,19.52
USR00422,2026-04-27,23.65
USR00422,2026-04-26,23.87
USR00422,2026-04-25,20.77
USR00422,2026-04-24,21.77
USR00422,2026-04-23,23.75
USR00423,2026-05-22,35.82
USR00423,2026-05-21,45.06
USR00423,2026-05-20,38.61
USR00423,2026-05-19,33.26
USR00423,2026-05-18,37.93
USR00423,2026-05-17,41.32
USR00423,2026-05-16,27.94
USR00423,2026-05-15,38.15
USR00423,2026-05-14,36.1
USR00423,2026-05-13,31.34
USR00423,2026-05-12,37.8
USR00423,2026-05-11,36.98
USR00423,2026-05-10,37.4
USR00423,2026-05-09,36.19
USR00423,2026-05-08,33.66
USR00423,2026-05-07,32.04
USR00423,2026-05-06,34.9
USR00423,2026-05-05,40.71
USR00423,2026-05-04,38.37
USR00423,2026-05-03,37.23
USR00423,2026-05-02,33.59
USR00423,2026-05-01,36.09
USR00423,2026-04-30,40.26
USR00423,2026-04-29,39.38
USR00423,2026-04-28,35.7
USR00423,2026-04-27,27.7
USR00423,2026-04-26,34.96
USR00423,2026-04-25,35.68
USR00423,2026-04-24,34.09
USR00423,2026-04-23,35.94
USR00424,2026-05-22,469.32
USR00424,2026-05-21,517.69
USR00424,2026-05-20,400.02
USR00424,2026-05-19,456.7
USR00424,2026-05-18,379.73
USR00424,2026-05-17,450.98
USR00424,2026-05-16,421.81
USR00424,2026-05-15,531.43
USR00424,2026-05-14,490.37
USR00424,2026-05-13,518.88
USR00424,2026-05-12,450.85
USR00424,2026-05-11,423.04
USR00424,2026-05-10,421.54
USR00424,2026-05-09,483.58
USR00424,2026-05-08,556.34
USR00424,2026-05-07,490.5
USR00424,2026-05-06,453.42
USR00424,2026-05-05,462.18
USR00424,2026-05-04,469.6
USR00424,2026-05-03,566.54
USR00424,2026-05-02,529.18
USR00424,2026-05-01,483.32
USR00424,2026-04-30,476.24
USR00424,2026-04-29,485.17
USR00424,2026-04-28,494.36
USR00424,2026-04-27,451.61
USR00424,2026-04-26,431.31
USR00424,2026-04-25,519.7
USR00424,2026-04-24,472.11
USR00424,2026-04-23,515.76
USR00425,2026-05-22,7.35
USR00425,2026-05-21,7.24
USR00425,2026-05-20,9.22
USR00425,2026-05-19,7.13
USR00425,2026-05-18,6.23
USR00425,2026-05-17,6.79
USR00425,2026-05-16,8.07
USR00425,2026-05-15,6.08
USR00425,2026-05-14,6.46
USR00425,2026-05-13,7.76
USR00425,2026-05-12,6.8
USR00425,2026-05-11,6.91
USR00425,2026-05-10,7.74
USR00425,2026-05-09,6.49
USR00425,2026-05-08,5.96
USR00425,2026-05-07,6.02
USR00425,2026-05-06,7.39
USR00425,2026-05-05,7.17
USR00425,2026-05-04,6.5
USR00425,2026-05-03,6.18
USR00425,2026-05-02,6.8
USR00425,2026-05-01,7.77
USR00425,2026-04-30,6.4
USR00425,2026-04-29,6.52
USR00425,2026-04-28,6.16
USR00425,2026-04-27,6.73
USR00425,2026-04-26,7.22
USR00425,2026-04-25,8.47
USR00425,2026-04-24,7.14
USR00425,2026-04-23,6.95
USR00426,2026-05-22,18.55
USR00426,2026-05-21,16.34
USR00426,2026-05-20,21.34
USR00426,2026-05-19,17.3
USR00426,2026-05-18,17.75
USR00426,2026-05-17,18.3
USR00426,2026-05-16,17.94
USR00426,2026-05-15,19.99
USR00426,2026-05-14,16.32
USR00426,2026-05-13,18.7
USR00426,2026-05-12,17.63
USR00426,2026-05-11,19.05
USR00426,2026-05-10,16.97
USR00426,2026-05-09,16.74
USR00426,2026-05-08,18.61
USR00426,2026-05-07,17.96
USR00426,2026-05-06,15.92
USR00426,2026-05-05,19.68
USR00426,2026-05-04,18.61
USR00426,2026-05-03,17.21
USR00426,2026-05-02,16.53
USR00426,2026-05-01,17.97
USR00426,2026-04-30,18.49
USR00426,2026-04-29,14.58
USR00426,2026-04-28,17.99
USR00426,2026-04-27,18.47
USR00426,2026-04-26,13.26
USR00426,2026-04-25,17.68
USR00426,2026-04-24,18.55
USR00426,2026-04-23,18.35
USR00427,2026-05-22,305.29
USR00427,2026-05-21,282.81
USR00427,2026-05-20,258.82
USR00427,2026-05-19,350.1
USR00427,2026-05-18,337.82
USR00427,2026-05-17,352.51
USR00427,2026-05-16,292.74
USR00427,2026-05-15,341.0
USR00427,2026-05-14,268.2
USR00427,2026-05-13,288.19
USR00427,2026-05-12,319.61
USR00427,2026-05-11,336.56
USR00427,2026-05-10,368.62
USR00427,2026-05-09,308.05
USR00427,2026-05-08,288.3
USR00427,2026-05-07,286.68
USR00427,2026-05-06,293.92
USR00427,2026-05-05,385.73
USR00427,2026-05-04,339.52
USR00427,2026-05-03,350.75
USR00427,2026-05-02,308.09
USR00427,2026-05-01,315.58
USR00427,2026-04-30,337.7
USR00427,2026-04-29,299.67
USR00427,2026-04-28,306.44
USR00427,2026-04-27,294.33
USR00427,2026-04-26,301.51
USR00427,2026-04-25,317.18
USR00427,2026-04-24,289.69
USR00427,2026-04-23,324.66
USR00428,2026-05-22,2.61
USR00428,2026-05-21,2.44
USR00428,2026-05-20,2.69
USR00428,2026-05-19,2.53
USR00428,2026-05-18,2.67
USR00428,2026-05-17,2.95
USR00428,2026-05-16,2.33
USR00428,2026-05-15,3.24
USR00428,2026-05-14,2.64
USR00428,2026-05-13,2.77
USR00428,2026-05-12,2.46
USR00428,2026-05-11,2.96
USR00428,2026-05-10,2.63
USR00428,2026-05-09,2.55
USR00428,2026-05-08,2.51
USR00428,2026-05-07,2.59
USR00428,2026-05-06,2.77
USR00428,2026-05-05,2.71
USR00428,2026-05-04,2.65
USR00428,2026-05-03,2.47
USR00428,2026-05-02,2.45
USR00428,2026-05-01,2.54
USR00428,2026-04-30,2.78
USR00428,2026-04-29,2.84
USR00428,2026-04-28,2.87
USR00428,2026-04-27,2.66
USR00428,2026-04-26,2.76
USR00428,2026-04-25,2.61
USR00428,2026-04-24,2.2
USR00428,2026-04-23,2.6
USR00429,2026-05-22,54.44
USR00429,2026-05-21,57.31
USR00429,2026-05-20,61.58
USR00429,2026-05-19,53.87
USR00429,2026-05-18,56.44
USR00429,2026-05-17,70.16
USR00429,2026-05-16,51.02
USR00429,2026-05-15,59.64
USR00429,2026-05-14,53.67
USR00429,2026-05-13,56.19
USR00429,2026-05-12,59.56
USR00429,2026-05-11,54.76
USR00429,2026-05-10,64.24
USR00429,2026-05-09,68.97
USR00429,2026-05-08,65.87
USR00429,2026-05-07,66.98
USR00429,2026-05-06,52.37
USR00429,2026-05-05,59.28
USR00429,2026-05-04,63.6
USR00429,2026-05-03,66.05
USR00429,2026-05-02,71.41
USR00429,2026-05-01,67.25
USR00429,2026-04-30,66.2
USR00429,2026-04-29,76.76
USR00429,2026-04-28,61.34
USR00429,2026-04-27,59.0
USR00429,2026-04-26,61.84
USR00429,2026-04-25,55.2
USR00429,2026-04-24,61.17
USR00429,2026-04-23,50.27
USR00430,2026-05-22,39.28
USR00430,2026-05-21,43.52
USR00430,2026-05-20,44.16
USR00430,2026-05-19,35.91
USR00430,2026-05-18,47.99
USR00430,2026-05-17,40.33
USR00430,2026-05-16,40.7
USR00430,2026-05-15,33.31
USR00430,2026-05-14,37.28
USR00430,2026-05-13,43.92
USR00430,2026-05-12,40.42
USR00430,2026-05-11,40.17
USR00430,2026-05-10,40.65
USR00430,2026-05-09,34.01
USR00430,2026-05-08,39.36
USR00430,2026-05-07,45.34
USR00430,2026-05-06,44.06
USR00430,2026-05-05,39.25
USR00430,2026-05-04,45.96
USR00430,2026-05-03,34.74
USR00430,2026-05-02,35.88
USR00430,2026-05-01,47.15
USR00430,2026-04-30,42.04
USR00430,2026-04-29,38.6
USR00430,2026-04-28,39.52
USR00430,2026-04-27,36.54
USR00430,2026-04-26,40.84
USR00430,2026-04-25,40.53
USR00430,2026-04-24,39.82
USR00430,2026-04-23,35.13
USR00431,2026-05-22,9.38
USR00431,2026-05-21,8.93
USR00431,2026-05-20,11.16
USR00431,2026-05-19,12.05
USR00431,2026-05-18,11.83
USR00431,2026-05-17,10.55
USR00431,2026-05-16,9.64
USR00431,2026-05-15,9.83
USR00431,2026-05-14,10.31
USR00431,2026-05-13,9.49
USR00431,2026-05-12,11.21
USR00431,2026-05-11,7.89
USR00431,2026-05-10,9.61
USR00431,2026-05-09,10.7
USR00431,2026-05-08,9.07
USR00431,2026-05-07,9.67
USR00431,2026-05-06,10.49
USR00431,2026-05-05,11.41
USR00431,2026-05-04,8.62
USR00431,2026-05-03,8.55
USR00431,2026-05-02,8.97
USR00431,2026-05-01,8.38
USR00431,2026-04-30,8.45
USR00431,2026-04-29,8.94
USR00431,2026-04-28,11.13
USR00431,2026-04-27,9.59
USR00431,2026-04-26,9.93
USR00431,2026-04-25,8.96
USR00431,2026-04-24,10.53
USR00431,2026-04-23,11.76
USR00432,2026-05-22,48.87
USR00432,2026-05-21,43.2
USR00432,2026-05-20,41.75
USR00432,2026-05-19,43.35
USR00432,2026-05-18,43.31
USR00432,2026-05-17,49.42
USR00432,2026-05-16,43.85
USR00432,2026-05-15,43.93
USR00432,2026-05-14,39.92
USR00432,2026-05-13,45.18
USR00432,2026-05-12,37.69
USR00432,2026-05-11,42.13
USR00432,2026-05-10,53.7
USR00432,2026-05-09,31.24
USR00432,2026-05-08,42.65
USR00432,2026-05-07,42.81
USR00432,2026-05-06,40.73
USR00432,2026-05-05,40.83
USR00432,2026-05-04,42.06
USR00432,2026-05-03,40.63
USR00432,2026-05-02,42.6
USR00432,2026-05-01,39.65
USR00432,2026-04-30,50.11
USR00432,2026-04-29,40.63
USR00432,2026-04-28,44.05
USR00432,2026-04-27,38.89
USR00432,2026-04-26,45.57
USR00432,2026-04-25,44.74
USR00432,2026-04-24,43.43
USR00432,2026-04-23,37.4
USR00433,2026-05-22,34.98
USR00433,2026-05-21,27.65
USR00433,2026-05-20,31.85
USR00433,2026-05-19,27.11
USR00433,2026-05-18,32.95
USR00433,2026-05-17,27.88
USR00433,2026-05-16,27.05
USR00433,2026-05-15,27.8
USR00433,2026-05-14,28.28
USR00433,2026-05-13,31.15
USR00433,2026-05-12,30.14
USR00433,2026-05-11,26.66
USR00433,2026-05-10,29.85
USR00433,2026-05-09,26.51
USR00433,2026-05-08,31.86
USR00433,2026-05-07,32.41
USR00433,2026-05-06,29.86
USR00433,2026-05-05,30.75
USR00433,2026-05-04,35.18
USR00433,2026-05-03,29.46
USR00433,2026-05-02,27.11
USR00433,2026-05-01,31.67
USR00433,2026-04-30,26.54
USR00433,2026-04-29,29.3
USR00433,2026-04-28,28.14
USR00433,2026-04-27,27.83
USR00433,2026-04-26,29.19
USR00433,2026-04-25,32.63
USR00433,2026-04-24,33.24
USR00433,2026-04-23,32.71
USR00434,2026-05-22,2.95
USR00434,2026-05-21,2.32
USR00434,2026-05-20,3.14
USR00434,2026-05-19,2.34
USR00434,2026-05-18,2.45
USR00434,2026-05-17,2.98
USR00434,2026-05-16,3.11
USR00434,2026-05-15,2.9
USR00434,2026-05-14,3.5
USR00434,2026-05-13,3.17
USR00434,2026-05-12,2.96
USR00434,2026-05-11,3.45
USR00434,2026-05-10,3.51
USR00434,2026-05-09,3.19
USR00434,2026-05-08,2.8
USR00434,2026-05-07,2.87
USR00434,2026-05-06,2.59
USR00434,2026-05-05,3.02
USR00434,2026-05-04,2.71
USR00434,2026-05-03,2.93
USR00434,2026-05-02,3.11
USR00434,2026-05-01,2.43
USR00434,2026-04-30,2.65
USR00434,2026-04-29,2.88
USR00434,2026-04-28,3.02
USR00434,2026-04-27,2.88
USR00434,2026-04-26,2.95
USR00434,2026-04-25,2.82
USR00434,2026-04-24,2.59
USR00434,2026-04-23,2.87
USR00435,2026-05-22,216.45
USR00435,2026-05-21,225.88
USR00435,2026-05-20,232.74
USR00435,2026-05-19,238.61
USR00435,2026-05-18,209.23
USR00435,2026-05-17,188.18
USR00435,2026-05-16,251.79
USR00435,2026-05-15,231.99
USR00435,2026-05-14,202.06
USR00435,2026-05-13,229.58
USR00435,2026-05-12,247.24
USR00435,2026-05-11,262.01
USR00435,2026-05-10,228.98
USR00435,2026-05-09,247.05
USR00435,2026-05-08,196.36
USR00435,2026-05-07,222.58
USR00435,2026-05-06,215.9
USR00435,2026-05-05,231.03
USR00435,2026-05-04,259.37
USR00435,2026-05-03,228.96
USR00435,2026-05-02,202.43
USR00435,2026-05-01,195.16
USR00435,2026-04-30,260.14
USR00435,2026-04-29,234.86
USR00435,2026-04-28,233.39
USR00435,2026-04-27,215.7
USR00435,2026-04-26,229.36
USR00435,2026-04-25,201.33
USR00435,2026-04-24,232.03
USR00435,2026-04-23,197.14
USR00436,2026-05-22,11.45
USR00436,2026-05-21,8.25
USR00436,2026-05-20,11.81
USR00436,2026-05-19,11.13
USR00436,2026-05-18,11.97
USR00436,2026-05-17,12.23
USR00436,2026-05-16,14.39
USR00436,2026-05-15,12.6
USR00436,2026-05-14,12.64
USR00436,2026-05-13,12.84
USR00436,2026-05-12,13.3
USR00436,2026-05-11,12.79
USR00436,2026-05-10,12.58
USR00436,2026-05-09,13.1
USR00436,2026-05-08,9.26
USR00436,2026-05-07,14.79
USR00436,2026-05-06,14.18
USR00436,2026-05-05,12.5
USR00436,2026-05-04,10.5
USR00436,2026-05-03,13.71
USR00436,2026-05-02,11.38
USR00436,2026-05-01,12.88
USR00436,2026-04-30,10.66
USR00436,2026-04-29,14.95
USR00436,2026-04-28,10.47
USR00436,2026-04-27,12.32
USR00436,2026-04-26,9.64
USR00436,2026-04-25,12.18
USR00436,2026-04-24,11.71
USR00436,2026-04-23,13.62
USR00437,2026-05-22,30.38
USR00437,2026-05-21,24.48
USR00437,2026-05-20,26.5
USR00437,2026-05-19,26.56
USR00437,2026-05-18,28.62
USR00437,2026-05-17,28.28
USR00437,2026-05-16,29.24
USR00437,2026-05-15,28.0
USR00437,2026-05-14,29.08
USR00437,2026-05-13,24.82
USR00437,2026-05-12,28.33
USR00437,2026-05-11,31.66
USR00437,2026-05-10,22.69
USR00437,2026-05-09,28.61
USR00437,2026-05-08,29.12
USR00437,2026-05-07,31.26
USR00437,2026-05-06,29.25
USR00437,2026-05-05,27.55
USR00437,2026-05-04,28.44
USR00437,2026-05-03,25.27
USR00437,2026-05-02,26.21
USR00437,2026-05-01,23.63
USR00437,2026-04-30,31.33
USR00437,2026-04-29,28.5
USR00437,2026-04-28,24.77
USR00437,2026-04-27,28.01
USR00437,2026-04-26,30.43
USR00437,2026-04-25,29.98
USR00437,2026-04-24,24.74
USR00437,2026-04-23,18.73
USR00438,2026-05-22,25.0
USR00438,2026-05-21,29.14
USR00438,2026-05-20,30.04
USR00438,2026-05-19,30.48
USR00438,2026-05-18,32.22
USR00438,2026-05-17,30.82
USR00438,2026-05-16,32.23
USR00438,2026-05-15,31.21
USR00438,2026-05-14,31.45
USR00438,2026-05-13,27.32
USR00438,2026-05-12,23.89
USR00438,2026-05-11,34.24
USR00438,2026-05-10,27.6
USR00438,2026-05-09,30.8
USR00438,2026-05-08,25.92
USR00438,2026-05-07,30.07
USR00438,2026-05-06,20.72
USR00438,2026-05-05,26.3
USR00438,2026-05-04,27.16
USR00438,2026-05-03,28.7
USR00438,2026-05-02,30.37
USR00438,2026-05-01,24.43
USR00438,2026-04-30,29.24
USR00438,2026-04-29,30.79
USR00438,2026-04-28,33.86
USR00438,2026-04-27,29.37
USR00438,2026-04-26,26.17
USR00438,2026-04-25,23.94
USR00438,2026-04-24,32.45
USR00438,2026-04-23,29.45
USR00439,2026-05-22,12.06
USR00439,2026-05-21,13.05
USR00439,2026-05-20,15.3
USR00439,2026-05-19,14.9
USR00439,2026-05-18,11.59
USR00439,2026-05-17,15.3
USR00439,2026-05-16,12.14
USR00439,2026-05-15,16.34
USR00439,2026-05-14,14.69
USR00439,2026-05-13,13.73
USR00439,2026-05-12,15.82
USR00439,2026-05-11,14.9
USR00439,2026-05-10,16.3
USR00439,2026-05-09,14.51
USR00439,2026-05-08,14.59
USR00439,2026-05-07,13.98
USR00439,2026-05-06,14.77
USR00439,2026-05-05,16.84
USR00439,2026-05-04,13.67
USR00439,2026-05-03,15.33
USR00439,2026-05-02,13.13
USR00439,2026-05-01,11.42
USR00439,2026-04-30,14.69
USR00439,2026-04-29,14.93
USR00439,2026-04-28,14.23
USR00439,2026-04-27,12.24
USR00439,2026-04-26,14.83
USR00439,2026-04-25,14.78
USR00439,2026-04-24,13.11
USR00439,2026-04-23,12.44
USR00440,2026-05-22,482.4
USR00440,2026-05-21,471.7
USR00440,2026-05-20,412.95
USR00440,2026-05-19,459.04
USR00440,2026-05-18,493.01
USR00440,2026-05-17,399.73
USR00440,2026-05-16,455.7
USR00440,2026-05-15,513.5
USR00440,2026-05-14,395.1
USR00440,2026-05-13,505.16
USR00440,2026-05-12,526.16
USR00440,2026-05-11,442.77
USR00440,2026-05-10,437.3
USR00440,2026-05-09,499.62
USR00440,2026-05-08,444.41
USR00440,2026-05-07,346.28
USR00440,2026-05-06,448.36
USR00440,2026-05-05,474.14
USR00440,2026-05-04,486.35
USR00440,2026-05-03,412.96
USR00440,2026-05-02,440.62
USR00440,2026-05-01,497.07
USR00440,2026-04-30,450.12
USR00440,2026-04-29,383.61
USR00440,2026-04-28,508.88
USR00440,2026-04-27,443.14
USR00440,2026-04-26,502.25
USR00440,2026-04-25,389.64
USR00440,2026-04-24,447.36
USR00440,2026-04-23,475.92
USR00441,2026-05-22,48.03
USR00441,2026-05-21,41.47
USR00441,2026-05-20,62.77
USR00441,2026-05-19,55.82
USR00441,2026-05-18,60.83
USR00441,2026-05-17,59.53
USR00441,2026-05-16,57.72
USR00441,2026-05-15,52.72
USR00441,2026-05-14,57.14
USR00441,2026-05-13,62.28
USR00441,2026-05-12,54.92
USR00441,2026-05-11,64.83
USR00441,2026-05-10,46.3
USR00441,2026-05-09,45.72
USR00441,2026-05-08,59.85
USR00441,2026-05-07,50.01
USR00441,2026-05-06,65.6
USR00441,2026-05-05,61.76
USR00441,2026-05-04,63.12
USR00441,2026-05-03,59.29
USR00441,2026-05-02,49.45
USR00441,2026-05-01,45.43
USR00441,2026-04-30,62.62
USR00441,2026-04-29,46.3
USR00441,2026-04-28,63.11
USR00441,2026-04-27,58.12
USR00441,2026-04-26,54.06
USR00441,2026-04-25,56.88
USR00441,2026-04-24,57.01
USR00441,2026-04-23,53.37
USR00442,2026-05-22,27.99
USR00442,2026-05-21,24.96
USR00442,2026-05-20,23.1
USR00442,2026-05-19,27.78
USR00442,2026-05-18,19.6
USR00442,2026-05-17,25.67
USR00442,2026-05-16,26.39
USR00442,2026-05-15,22.54
USR00442,2026-05-14,26.97
USR00442,2026-05-13,24.51
USR00442,2026-05-12,23.23
USR00442,2026-05-11,26.94
USR00442,2026-05-10,21.91
USR00442,2026-05-09,26.71
USR00442,2026-05-08,19.7
USR00442,2026-05-07,25.28
USR00442,2026-05-06,24.68
USR00442,2026-05-05,23.25
USR00442,2026-05-04,25.53
USR00442,2026-05-03,24.38
USR00442,2026-05-02,27.17
USR00442,2026-05-01,25.95
USR00442,2026-04-30,25.69
USR00442,2026-04-29,25.29
USR00442,2026-04-28,23.41
USR00442,2026-04-27,23.83
USR00442,2026-04-26,25.18
USR00442,2026-04-25,24.15
USR00442,2026-04-24,27.31
USR00442,2026-04-23,24.8
USR00443,2026-05-22,39.33
USR00443,2026-05-21,50.06
USR00443,2026-05-20,43.09
USR00443,2026-05-19,40.97
USR00443,2026-05-18,53.27
USR00443,2026-05-17,48.94
USR00443,2026-05-16,50.21
USR00443,2026-05-15,47.82
USR00443,2026-05-14,45.32
USR00443,2026-05-13,44.46
USR00443,2026-05-12,49.31
USR00443,2026-05-11,50.92
USR00443,2026-05-10,45.43
USR00443,2026-05-09,55.22
USR00443,2026-05-08,44.84
USR00443,2026-05-07,39.37
USR00443,2026-05-06,37.87
USR00443,2026-05-05,38.02
USR00443,2026-05-04,43.85
USR00443,2026-05-03,44.68
USR00443,2026-05-02,48.87
USR00443,2026-05-01,45.61
USR00443,2026-04-30,49.6
USR00443,2026-04-29,45.95
USR00443,2026-04-28,45.81
USR00443,2026-04-27,43.1
USR00443,2026-04-26,52.25
USR00443,2026-04-25,38.74
USR00443,2026-04-24,47.12
USR00443,2026-04-23,44.91
USR00444,2026-05-22,46.14
USR00444,2026-05-21,46.28
USR00444,2026-05-20,45.01
USR00444,2026-05-19,52.68
USR00444,2026-05-18,46.25
USR00444,2026-05-17,55.35
USR00444,2026-05-16,47.5
USR00444,2026-05-15,46.34
USR00444,2026-05-14,45.57
USR00444,2026-05-13,48.85
USR00444,2026-05-12,43.52
USR00444,2026-05-11,46.91
USR00444,2026-05-10,46.28
USR00444,2026-05-09,47.74
USR00444,2026-05-08,47.86
USR00444,2026-05-07,48.1
USR00444,2026-05-06,46.68
USR00444,2026-05-05,53.5
USR00444,2026-05-04,48.19
USR00444,2026-05-03,58.29
USR00444,2026-05-02,46.47
USR00444,2026-05-01,50.67
USR00444,2026-04-30,42.88
USR00444,2026-04-29,52.72
USR00444,2026-04-28,42.98
USR00444,2026-04-27,48.35
USR00444,2026-04-26,45.02
USR00444,2026-04-25,48.33
USR00444,2026-04-24,45.15
USR00444,2026-04-23,42.59
USR00445,2026-05-22,200.83
USR00445,2026-05-21,182.14
USR00445,2026-05-20,151.58
USR00445,2026-05-19,193.07
USR00445,2026-05-18,158.5
USR00445,2026-05-17,186.94
USR00445,2026-05-16,183.63
USR00445,2026-05-15,184.73
USR00445,2026-05-14,206.26
USR00445,2026-05-13,159.59
USR00445,2026-05-12,184.64
USR00445,2026-05-11,195.93
USR00445,2026-05-10,162.81
USR00445,2026-05-09,161.03
USR00445,2026-05-08,169.01
USR00445,2026-05-07,179.66
USR00445,2026-05-06,149.47
USR00445,2026-05-05,183.6
USR00445,2026-05-04,149.5
USR00445,2026-05-03,196.51
USR00445,2026-05-02,182.95
USR00445,2026-05-01,207.3
USR00445,2026-04-30,185.65
USR00445,2026-04-29,168.71
USR00445,2026-04-28,160.11
USR00445,2026-04-27,178.17
USR00445,2026-04-26,173.48
USR00445,2026-04-25,194.65
USR00445,2026-04-24,157.85
USR00445,2026-04-23,209.17
USR00446,2026-05-22,422.3
USR00446,2026-05-21,508.57
USR00446,2026-05-20,397.32
USR00446,2026-05-19,439.94
USR00446,2026-05-18,376.05
USR00446,2026-05-17,510.67
USR00446,2026-05-16,360.06
USR00446,2026-05-15,368.98
USR00446,2026-05-14,403.71
USR00446,2026-05-13,488.08
USR00446,2026-05-12,472.23
USR00446,2026-05-11,436.34
USR00446,2026-05-10,475.0
USR00446,2026-05-09,426.1
USR00446,2026-05-08,449.28
USR00446,2026-05-07,502.28
USR00446,2026-05-06,420.44
USR00446,2026-05-05,398.04
USR00446,2026-05-04,451.35
USR00446,2026-05-03,462.99
USR00446,2026-05-02,435.83
USR00446,2026-05-01,474.33
USR00446,2026-04-30,422.4
USR00446,2026-04-29,436.57
USR00446,2026-04-28,447.22
USR00446,2026-04-27,443.46
USR00446,2026-04-26,500.62
USR00446,2026-04-25,447.0
USR00446,2026-04-24,417.97
USR00446,2026-04-23,453.83
USR00447,2026-05-22,140.78
USR00447,2026-05-21,140.06
USR00447,2026-05-20,111.09
USR00447,2026-05-19,98.1
USR00447,2026-05-18,147.33
USR00447,2026-05-17,136.4
USR00447,2026-05-16,130.38
USR00447,2026-05-15,139.74
USR00447,2026-05-14,155.85
USR00447,2026-05-13,149.13
USR00447,2026-05-12,143.24
USR00447,2026-05-11,119.08
USR00447,2026-05-10,120.78
USR00447,2026-05-09,99.48
USR00447,2026-05-08,138.94
USR00447,2026-05-07,145.15
USR00447,2026-05-06,146.22
USR00447,2026-05-05,139.49
USR00447,2026-05-04,128.65
USR00447,2026-05-03,123.29
USR00447,2026-05-02,119.88
USR00447,2026-05-01,128.53
USR00447,2026-04-30,117.89
USR00447,2026-04-29,153.61
USR00447,2026-04-28,113.65
USR00447,2026-04-27,128.09
USR00447,2026-04-26,105.37
USR00447,2026-04-25,134.54
USR00447,2026-04-24,130.63
USR00447,2026-04-23,126.0
USR00448,2026-05-22,154.16
USR00448,2026-05-21,145.73
USR00448,2026-05-20,152.01
USR00448,2026-05-19,184.29
USR00448,2026-05-18,156.77
USR00448,2026-05-17,162.33
USR00448,2026-05-16,146.96
USR00448,2026-05-15,142.03
USR00448,2026-05-14,153.76
USR00448,2026-05-13,192.71
USR00448,2026-05-12,149.69
USR00448,2026-05-11,159.69
USR00448,2026-05-10,141.35
USR00448,2026-05-09,111.65
USR00448,2026-05-08,141.95
USR00448,2026-05-07,190.81
USR00448,2026-05-06,163.29
USR00448,2026-05-05,179.41
USR00448,2026-05-04,148.76
USR00448,2026-05-03,117.8
USR00448,2026-05-02,137.03
USR00448,2026-05-01,160.24
USR00448,2026-04-30,157.78
USR00448,2026-04-29,153.96
USR00448,2026-04-28,145.95
USR00448,2026-04-27,168.6
USR00448,2026-04-26,146.39
USR00448,2026-04-25,158.86
USR00448,2026-04-24,157.13
USR00448,2026-04-23,148.44
USR00449,2026-05-22,44.25
USR00449,2026-05-21,54.88
USR00449,2026-05-20,51.36
USR00449,2026-05-19,50.94
USR00449,2026-05-18,42.59
USR00449,2026-05-17,39.58
USR00449,2026-05-16,51.29
USR00449,2026-05-15,50.4
USR00449,2026-05-14,46.86
USR00449,2026-05-13,44.51
USR00449,2026-05-12,39.45
USR00449,2026-05-11,50.23
USR00449,2026-05-10,51.7
USR00449,2026-05-09,43.08
USR00449,2026-05-08,42.7
USR00449,2026-05-07,51.96
USR00449,2026-05-06,43.25
USR00449,2026-05-05,54.44
USR00449,2026-05-04,45.72
USR00449,2026-05-03,44.43
USR00449,2026-05-02,46.43
USR00449,2026-05-01,44.43
USR00449,2026-04-30,51.43
USR00449,2026-04-29,50.32
USR00449,2026-04-28,51.25
USR00449,2026-04-27,47.07
USR00449,2026-04-26,44.11
USR00449,2026-04-25,46.18
USR00449,2026-04-24,44.25
USR00449,2026-04-23,53.0
USR00450,2026-05-22,351.24
USR00450,2026-05-21,321.64
USR00450,2026-05-20,409.1
USR00450,2026-05-19,359.33
USR00450,2026-05-18,349.87
USR00450,2026-05-17,409.42
USR00450,2026-05-16,336.41
USR00450,2026-05-15,343.18
USR00450,2026-05-14,346.3
USR00450,2026-05-13,307.81
USR00450,2026-05-12,365.67
USR00450,2026-05-11,327.46
USR00450,2026-05-10,334.25
USR00450,2026-05-09,329.51
USR00450,2026-05-08,333.67
USR00450,2026-05-07,324.74
USR00450,2026-05-06,363.25
USR00450,2026-05-05,348.97
USR00450,2026-05-04,356.18
USR00450,2026-05-03,437.92
USR00450,2026-05-02,348.97
USR00450,2026-05-01,375.93
USR00450,2026-04-30,379.96
USR00450,2026-04-29,352.25
USR00450,2026-04-28,364.19
USR00450,2026-04-27,355.22
USR00450,2026-04-26,361.66
USR00450,2026-04-25,333.69
USR00450,2026-04-24,336.96
USR00450,2026-04-23,355.08
USR00451,2026-05-22,376.47
USR00451,2026-05-21,398.24
USR00451,2026-05-20,333.06
USR00451,2026-05-19,349.27
USR00451,2026-05-18,362.88
USR00451,2026-05-17,284.1
USR00451,2026-05-16,357.88
USR00451,2026-05-15,313.51
USR00451,2026-05-14,402.49
USR00451,2026-05-13,321.31
USR00451,2026-05-12,357.22
USR00451,2026-05-11,321.63
USR00451,2026-05-10,399.41
USR00451,2026-05-09,310.7
USR00451,2026-05-08,365.63
USR00451,2026-05-07,348.0
USR00451,2026-05-06,340.72
USR00451,2026-05-05,334.98
USR00451,2026-05-04,305.63
USR00451,2026-05-03,242.79
USR00451,2026-05-02,362.66
USR00451,2026-05-01,311.47
USR00451,2026-04-30,365.78
USR00451,2026-04-29,338.99
USR00451,2026-04-28,366.78
USR00451,2026-04-27,353.74
USR00451,2026-04-26,246.76
USR00451,2026-04-25,347.61
USR00451,2026-04-24,316.22
USR00451,2026-04-23,365.63
USR00452,2026-05-22,4.71
USR00452,2026-05-21,4.32
USR00452,2026-05-20,4.03
USR00452,2026-05-19,4.25
USR00452,2026-05-18,3.64
USR00452,2026-05-17,4.18
USR00452,2026-05-16,3.79
USR00452,2026-05-15,3.8
USR00452,2026-05-14,4.49
USR00452,2026-05-13,4.68
USR00452,2026-05-12,4.42
USR00452,2026-05-11,4.22
USR00452,2026-05-10,4.02
USR00452,2026-05-09,4.3
USR00452,2026-05-08,4.07
USR00452,2026-05-07,4.41
USR00452,2026-05-06,3.76
USR00452,2026-05-05,4.75
USR00452,2026-05-04,4.19
USR00452,2026-05-03,4.61
USR00452,2026-05-02,4.83
USR00452,2026-05-01,4.58
USR00452,2026-04-30,4.79
USR00452,2026-04-29,3.52
USR00452,2026-04-28,4.22
USR00452,2026-04-27,4.93
USR00452,2026-04-26,4.66
USR00452,2026-04-25,5.26
USR00452,2026-04-24,5.2
USR00452,2026-04-23,4.57
USR00453,2026-05-22,408.31
USR00453,2026-05-21,430.11
USR00453,2026-05-20,433.16
USR00453,2026-05-19,424.8
USR00453,2026-05-18,410.12
USR00453,2026-05-17,469.73
USR00453,2026-05-16,528.21
USR00453,2026-05-15,493.74
USR00453,2026-05-14,437.03
USR00453,2026-05-13,497.39
USR00453,2026-05-12,467.25
USR00453,2026-05-11,449.76
USR00453,2026-05-10,446.94
USR00453,2026-05-09,442.56
USR00453,2026-05-08,481.0
USR00453,2026-05-07,457.9
USR00453,2026-05-06,418.7
USR00453,2026-05-05,416.51
USR00453,2026-05-04,465.41
USR00453,2026-05-03,470.95
USR00453,2026-05-02,437.45
USR00453,2026-05-01,400.47
USR00453,2026-04-30,508.09
USR00453,2026-04-29,498.5
USR00453,2026-04-28,361.85
USR00453,2026-04-27,512.09
USR00453,2026-04-26,442.16
USR00453,2026-04-25,460.17
USR00453,2026-04-24,503.0
USR00453,2026-04-23,526.22
USR00454,2026-05-22,11.91
USR00454,2026-05-21,10.03
USR00454,2026-05-20,9.27
USR00454,2026-05-19,12.65
USR00454,2026-05-18,13.19
USR00454,2026-05-17,10.68
USR00454,2026-05-16,11.31
USR00454,2026-05-15,10.98
USR00454,2026-05-14,10.95
USR00454,2026-05-13,12.88
USR00454,2026-05-12,11.88
USR00454,2026-05-11,11.36
USR00454,2026-05-10,14.71
USR00454,2026-05-09,9.96
USR00454,2026-05-08,12.26
USR00454,2026-05-07,10.41
USR00454,2026-05-06,11.44
USR00454,2026-05-05,11.8
USR00454,2026-05-04,12.61
USR00454,2026-05-03,11.32
USR00454,2026-05-02,11.2
USR00454,2026-05-01,11.3
USR00454,2026-04-30,10.37
USR00454,2026-04-29,12.36
USR00454,2026-04-28,11.95
USR00454,2026-04-27,12.13
USR00454,2026-04-26,11.54
USR00454,2026-04-25,11.4
USR00454,2026-04-24,12.99
USR00454,2026-04-23,12.81
USR00455,2026-05-22,27.11
USR00455,2026-05-21,29.08
USR00455,2026-05-20,26.42
USR00455,2026-05-19,28.92
USR00455,2026-05-18,24.41
USR00455,2026-05-17,24.96
USR00455,2026-05-16,28.52
USR00455,2026-05-15,27.62
USR00455,2026-05-14,24.73
USR00455,2026-05-13,22.81
USR00455,2026-05-12,24.95
USR00455,2026-05-11,23.73
USR00455,2026-05-10,29.87
USR00455,2026-05-09,27.41
USR00455,2026-05-08,23.52
USR00455,2026-05-07,22.81
USR00455,2026-05-06,23.49
USR00455,2026-05-05,24.05
USR00455,2026-05-04,25.05
USR00455,2026-05-03,28.31
USR00455,2026-05-02,23.01
USR00455,2026-05-01,31.31
USR00455,2026-04-30,23.07
USR00455,2026-04-29,21.88
USR00455,2026-04-28,29.77
USR00455,2026-04-27,28.84
USR00455,2026-04-26,25.01
USR00455,2026-04-25,26.44
USR00455,2026-04-24,26.51
USR00455,2026-04-23,25.82
USR00456,2026-05-22,26.53
USR00456,2026-05-21,32.31
USR00456,2026-05-20,41.7
USR00456,2026-05-19,41.83
USR00456,2026-05-18,34.36
USR00456,2026-05-17,31.91
USR00456,2026-05-16,36.27
USR00456,2026-05-15,36.84
USR00456,2026-05-14,37.41
USR00456,2026-05-13,26.37
USR00456,2026-05-12,46.43
USR00456,2026-05-11,39.28
USR00456,2026-05-10,34.59
USR00456,2026-05-09,32.75
USR00456,2026-05-08,38.77
USR00456,2026-05-07,37.04
USR00456,2026-05-06,35.61
USR00456,2026-05-05,36.9
USR00456,2026-05-04,34.89
USR00456,2026-05-03,36.71
USR00456,2026-05-02,37.85
USR00456,2026-05-01,36.5
USR00456,2026-04-30,36.31
USR00456,2026-04-29,40.2
USR00456,2026-04-28,29.65
USR00456,2026-04-27,32.47
USR00456,2026-04-26,35.38
USR00456,2026-04-25,32.71
USR00456,2026-04-24,33.89
USR00456,2026-04-23,39.83
USR00457,2026-05-22,36.41
USR00457,2026-05-21,42.67
USR00457,2026-05-20,44.82
USR00457,2026-05-19,44.73
USR00457,2026-05-18,47.03
USR00457,2026-05-17,46.67
USR00457,2026-05-16,43.94
USR00457,2026-05-15,39.24
USR00457,2026-05-14,42.59
USR00457,2026-05-13,41.78
USR00457,2026-05-12,43.29
USR00457,2026-05-11,47.64
USR00457,2026-05-10,46.36
USR00457,2026-05-09,48.23
USR00457,2026-05-08,42.85
USR00457,2026-05-07,51.28
USR00457,2026-05-06,47.56
USR00457,2026-05-05,45.06
USR00457,2026-05-04,47.25
USR00457,2026-05-03,41.55
USR00457,2026-05-02,35.16
USR00457,2026-05-01,41.85
USR00457,2026-04-30,47.89
USR00457,2026-04-29,44.91
USR00457,2026-04-28,43.95
USR00457,2026-04-27,40.78
USR00457,2026-04-26,35.84
USR00457,2026-04-25,50.91
USR00457,2026-04-24,43.63
USR00457,2026-04-23,42.64
USR00458,2026-05-22,47.29
USR00458,2026-05-21,45.72
USR00458,2026-05-20,37.95
USR00458,2026-05-19,46.91
USR00458,2026-05-18,41.41
USR00458,2026-05-17,39.45
USR00458,2026-05-16,40.78
USR00458,2026-05-15,38.73
USR00458,2026-05-14,36.47
USR00458,2026-05-13,45.28
USR00458,2026-05-12,41.09
USR00458,2026-05-11,44.61
USR00458,2026-05-10,43.22
USR00458,2026-05-09,44.32
USR00458,2026-05-08,33.42
USR00458,2026-05-07,38.37
USR00458,2026-05-06,44.41
USR00458,2026-05-05,36.66
USR00458,2026-05-04,43.58
USR00458,2026-05-03,36.17
USR00458,2026-05-02,42.09
USR00458,2026-05-01,48.78
USR00458,2026-04-30,45.27
USR00458,2026-04-29,34.24
USR00458,2026-04-28,45.58
USR00458,2026-04-27,49.67
USR00458,2026-04-26,53.77
USR00458,2026-04-25,44.01
USR00458,2026-04-24,36.28
USR00458,2026-04-23,43.84
USR00459,2026-05-22,135.83
USR00459,2026-05-21,152.86
USR00459,2026-05-20,126.8
USR00459,2026-05-19,143.57
USR00459,2026-05-18,103.96
USR00459,2026-05-17,125.26
USR00459,2026-05-16,138.33
USR00459,2026-05-15,133.39
USR00459,2026-05-14,120.41
USR00459,2026-05-13,131.5
USR00459,2026-05-12,142.98
USR00459,2026-05-11,137.22
USR00459,2026-05-10,139.26
USR00459,2026-05-09,148.55
USR00459,2026-05-08,133.67
USR00459,2026-05-07,157.23
USR00459,2026-05-06,124.72
USR00459,2026-05-05,165.1
USR00459,2026-05-04,153.82
USR00459,2026-05-03,133.49
USR00459,2026-05-02,134.41
USR00459,2026-05-01,141.28
USR00459,2026-04-30,146.7
USR00459,2026-04-29,153.57
USR00459,2026-04-28,119.86
USR00459,2026-04-27,144.47
USR00459,2026-04-26,109.12
USR00459,2026-04-25,135.96
USR00459,2026-04-24,158.54
USR00459,2026-04-23,118.8
USR00460,2026-05-22,395.65
USR00460,2026-05-21,440.81
USR00460,2026-05-20,399.7
USR00460,2026-05-19,313.37
USR00460,2026-05-18,321.95
USR00460,2026-05-17,390.88
USR00460,2026-05-16,341.45
USR00460,2026-05-15,392.39
USR00460,2026-05-14,394.69
USR00460,2026-05-13,368.14
USR00460,2026-05-12,457.35
USR00460,2026-05-11,409.96
USR00460,2026-05-10,434.0
USR00460,2026-05-09,422.73
USR00460,2026-05-08,381.29
USR00460,2026-05-07,379.57
USR00460,2026-05-06,375.58
USR00460,2026-05-05,413.46
USR00460,2026-05-04,361.92
USR00460,2026-05-03,453.88
USR00460,2026-05-02,358.23
USR00460,2026-05-01,395.4
USR00460,2026-04-30,378.23
USR00460,2026-04-29,369.65
USR00460,2026-04-28,471.19
USR00460,2026-04-27,370.1
USR00460,2026-04-26,375.3
USR00460,2026-04-25,361.39
USR00460,2026-04-24,388.69
USR00460,2026-04-23,383.18
USR00461,2026-05-22,23.95
USR00461,2026-05-21,26.53
USR00461,2026-05-20,27.58
USR00461,2026-05-19,25.07
USR00461,2026-05-18,25.16
USR00461,2026-05-17,24.11
USR00461,2026-05-16,23.75
USR00461,2026-05-15,22.71
USR00461,2026-05-14,21.12
USR00461,2026-05-13,23.25
USR00461,2026-05-12,27.27
USR00461,2026-05-11,23.95
USR00461,2026-05-10,24.14
USR00461,2026-05-09,24.09
USR00461,2026-05-08,28.12
USR00461,2026-05-07,22.69
USR00461,2026-05-06,25.7
USR00461,2026-05-05,24.84
USR00461,2026-05-04,25.18
USR00461,2026-05-03,25.62
USR00461,2026-05-02,25.15
USR00461,2026-05-01,26.99
USR00461,2026-04-30,24.94
USR00461,2026-04-29,29.37
USR00461,2026-04-28,25.12
USR00461,2026-04-27,20.75
USR00461,2026-04-26,26.6
USR00461,2026-04-25,25.99
USR00461,2026-04-24,25.09
USR00461,2026-04-23,24.36
USR00462,2026-05-22,255.4
USR00462,2026-05-21,369.39
USR00462,2026-05-20,298.57
USR00462,2026-05-19,347.76
USR00462,2026-05-18,266.3
USR00462,2026-05-17,283.94
USR00462,2026-05-16,338.66
USR00462,2026-05-15,313.89
USR00462,2026-05-14,334.19
USR00462,2026-05-13,316.7
USR00462,2026-05-12,310.55
USR00462,2026-05-11,295.57
USR00462,2026-05-10,279.27
USR00462,2026-05-09,361.62
USR00462,2026-05-08,366.84
USR00462,2026-05-07,284.2
USR00462,2026-05-06,282.12
USR00462,2026-05-05,306.11
USR00462,2026-05-04,327.93
USR00462,2026-05-03,311.37
USR00462,2026-05-02,332.98
USR00462,2026-05-01,315.58
USR00462,2026-04-30,313.5
USR00462,2026-04-29,393.66
USR00462,2026-04-28,300.48
USR00462,2026-04-27,369.15
USR00462,2026-04-26,363.02
USR00462,2026-04-25,333.12
USR00462,2026-04-24,256.05
USR00462,2026-04-23,318.12
USR00463,2026-05-22,48.43
USR00463,2026-05-21,43.19
USR00463,2026-05-20,51.98
USR00463,2026-05-19,53.09
USR00463,2026-05-18,53.98
USR00463,2026-05-17,46.48
USR00463,2026-05-16,43.21
USR00463,2026-05-15,50.03
USR00463,2026-05-14,56.82
USR00463,2026-05-13,48.67
USR00463,2026-05-12,50.52
USR00463,2026-05-11,47.19
USR00463,2026-05-10,45.9
USR00463,2026-05-09,51.51
USR00463,2026-05-08,47.82
USR00463,2026-05-07,50.28
USR00463,2026-05-06,50.78
USR00463,2026-05-05,50.01
USR00463,2026-05-04,51.03
USR00463,2026-05-03,44.21
USR00463,2026-05-02,43.91
USR00463,2026-05-01,48.12
USR00463,2026-04-30,48.24
USR00463,2026-04-29,45.81
USR00463,2026-04-28,49.49
USR00463,2026-04-27,52.72
USR00463,2026-04-26,54.07
USR00463,2026-04-25,55.16
USR00463,2026-04-24,41.98
USR00463,2026-04-23,42.71
USR00464,2026-05-22,46.53
USR00464,2026-05-21,45.06
USR00464,2026-05-20,43.61
USR00464,2026-05-19,44.76
USR00464,2026-05-18,48.39
USR00464,2026-05-17,40.02
USR00464,2026-05-16,56.98
USR00464,2026-05-15,46.26
USR00464,2026-05-14,51.01
USR00464,2026-05-13,43.48
USR00464,2026-05-12,48.81
USR00464,2026-05-11,46.62
USR00464,2026-05-10,50.12
USR00464,2026-05-09,45.24
USR00464,2026-05-08,53.32
USR00464,2026-05-07,39.27
USR00464,2026-05-06,50.54
USR00464,2026-05-05,46.71
USR00464,2026-05-04,41.46
USR00464,2026-05-03,55.17
USR00464,2026-05-02,54.7
USR00464,2026-05-01,36.59
USR00464,2026-04-30,46.98
USR00464,2026-04-29,49.42
USR00464,2026-04-28,48.2
USR00464,2026-04-27,53.16
USR00464,2026-04-26,52.2
USR00464,2026-04-25,47.39
USR00464,2026-04-24,56.67
USR00464,2026-04-23,50.49
USR00465,2026-05-22,72.56
USR00465,2026-05-21,86.36
USR00465,2026-05-20,70.72
USR00465,2026-05-19,73.66
USR00465,2026-05-18,74.97
USR00465,2026-05-17,79.54
USR00465,2026-05-16,75.32
USR00465,2026-05-15,66.69
USR00465,2026-05-14,85.73
USR00465,2026-05-13,73.7
USR00465,2026-05-12,92.32
USR00465,2026-05-11,79.14
USR00465,2026-05-10,86.54
USR00465,2026-05-09,81.65
USR00465,2026-05-08,86.91
USR00465,2026-05-07,81.19
USR00465,2026-05-06,78.61
USR00465,2026-05-05,85.2
USR00465,2026-05-04,95.9
USR00465,2026-05-03,74.73
USR00465,2026-05-02,82.91
USR00465,2026-05-01,76.77
USR00465,2026-04-30,80.69
USR00465,2026-04-29,77.13
USR00465,2026-04-28,60.23
USR00465,2026-04-27,75.27
USR00465,2026-04-26,84.48
USR00465,2026-04-25,70.93
USR00465,2026-04-24,83.88
USR00465,2026-04-23,78.22
USR00466,2026-05-22,495.65
USR00466,2026-05-21,485.44
USR00466,2026-05-20,473.6
USR00466,2026-05-19,500.66
USR00466,2026-05-18,463.72
USR00466,2026-05-17,379.74
USR00466,2026-05-16,437.3
USR00466,2026-05-15,372.48
USR00466,2026-05-14,484.36
USR00466,2026-05-13,495.22
USR00466,2026-05-12,497.29
USR00466,2026-05-11,476.72
USR00466,2026-05-10,498.48
USR00466,2026-05-09,382.83
USR00466,2026-05-08,449.6
USR00466,2026-05-07,390.18
USR00466,2026-05-06,438.2
USR00466,2026-05-05,527.94
USR00466,2026-05-04,504.17
USR00466,2026-05-03,484.59
USR00466,2026-05-02,446.23
USR00466,2026-05-01,409.33
USR00466,2026-04-30,462.99
USR00466,2026-04-29,504.97
USR00466,2026-04-28,473.11
USR00466,2026-04-27,382.42
USR00466,2026-04-26,459.24
USR00466,2026-04-25,367.53
USR00466,2026-04-24,491.04
USR00466,2026-04-23,422.99
USR00467,2026-05-22,27.41
USR00467,2026-05-21,26.76
USR00467,2026-05-20,25.93
USR00467,2026-05-19,30.89
USR00467,2026-05-18,26.95
USR00467,2026-05-17,23.71
USR00467,2026-05-16,26.66
USR00467,2026-05-15,24.61
USR00467,2026-05-14,28.55
USR00467,2026-05-13,26.05
USR00467,2026-05-12,26.3
USR00467,2026-05-11,21.68
USR00467,2026-05-10,25.5
USR00467,2026-05-09,25.2
USR00467,2026-05-08,22.74
USR00467,2026-05-07,24.78
USR00467,2026-05-06,26.44
USR00467,2026-05-05,25.33
USR00467,2026-05-04,21.76
USR00467,2026-05-03,24.65
USR00467,2026-05-02,24.15
USR00467,2026-05-01,25.83
USR00467,2026-04-30,25.56
USR00467,2026-04-29,24.3
USR00467,2026-04-28,24.2
USR00467,2026-04-27,25.51
USR00467,2026-04-26,27.78
USR00467,2026-04-25,26.05
USR00467,2026-04-24,28.95
USR00467,2026-04-23,28.21
USR00468,2026-05-22,34.81
USR00468,2026-05-21,35.4
USR00468,2026-05-20,27.09
USR00468,2026-05-19,32.6
USR00468,2026-05-18,34.35
USR00468,2026-05-17,34.9
USR00468,2026-05-16,28.26
USR00468,2026-05-15,32.63
USR00468,2026-05-14,30.85
USR00468,2026-05-13,36.27
USR00468,2026-05-12,26.37
USR00468,2026-05-11,28.26
USR00468,2026-05-10,25.07
USR00468,2026-05-09,31.06
USR00468,2026-05-08,37.55
USR00468,2026-05-07,30.48
USR00468,2026-05-06,30.93
USR00468,2026-05-05,32.3
USR00468,2026-05-04,30.26
USR00468,2026-05-03,31.74
USR00468,2026-05-02,31.82
USR00468,2026-05-01,28.03
USR00468,2026-04-30,30.33
USR00468,2026-04-29,32.89
USR00468,2026-04-28,33.46
USR00468,2026-04-27,34.59
USR00468,2026-04-26,31.64
USR00468,2026-04-25,31.71
USR00468,2026-04-24,32.91
USR00468,2026-04-23,28.8
USR00469,2026-05-22,17.07
USR00469,2026-05-21,15.08
USR00469,2026-05-20,17.99
USR00469,2026-05-19,19.1
USR00469,2026-05-18,16.06
USR00469,2026-05-17,18.04
USR00469,2026-05-16,16.2
USR00469,2026-05-15,15.53
USR00469,2026-05-14,20.84
USR00469,2026-05-13,15.55
USR00469,2026-05-12,15.07
USR00469,2026-05-11,17.65
USR00469,2026-05-10,17.75
USR00469,2026-05-09,18.44
USR00469,2026-05-08,20.74
USR00469,2026-05-07,15.94
USR00469,2026-05-06,16.28
USR00469,2026-05-05,20.06
USR00469,2026-05-04,18.91
USR00469,2026-05-03,18.67
USR00469,2026-05-02,16.26
USR00469,2026-05-01,19.23
USR00469,2026-04-30,18.67
USR00469,2026-04-29,17.61
USR00469,2026-04-28,16.27
USR00469,2026-04-27,17.47
USR00469,2026-04-26,20.13
USR00469,2026-04-25,15.39
USR00469,2026-04-24,15.9
USR00469,2026-04-23,16.2
USR00470,2026-05-22,37.26
USR00470,2026-05-21,40.89
USR00470,2026-05-20,39.04
USR00470,2026-05-19,37.54
USR00470,2026-05-18,38.35
USR00470,2026-05-17,39.65
USR00470,2026-05-16,31.04
USR00470,2026-05-15,41.32
USR00470,2026-05-14,34.23
USR00470,2026-05-13,35.66
USR00470,2026-05-12,38.59
USR00470,2026-05-11,37.04
USR00470,2026-05-10,39.13
USR00470,2026-05-09,37.85
USR00470,2026-05-08,36.24
USR00470,2026-05-07,43.02
USR00470,2026-05-06,39.96
USR00470,2026-05-05,38.44
USR00470,2026-05-04,39.9
USR00470,2026-05-03,34.68
USR00470,2026-05-02,45.43
USR00470,2026-05-01,33.26
USR00470,2026-04-30,37.74
USR00470,2026-04-29,36.25
USR00470,2026-04-28,36.11
USR00470,2026-04-27,35.62
USR00470,2026-04-26,34.44
USR00470,2026-04-25,41.75
USR00470,2026-04-24,32.82
USR00470,2026-04-23,40.99
USR00471,2026-05-22,16.08
USR00471,2026-05-21,17.6
USR00471,2026-05-20,16.45
USR00471,2026-05-19,14.87
USR00471,2026-05-18,14.89
USR00471,2026-05-17,17.81
USR00471,2026-05-16,17.72
USR00471,2026-05-15,17.12
USR00471,2026-05-14,16.06
USR00471,2026-05-13,16.39
USR00471,2026-05-12,16.17
USR00471,2026-05-11,13.79
USR00471,2026-05-10,16.81
USR00471,2026-05-09,17.59
USR00471,2026-05-08,16.83
USR00471,2026-05-07,19.67
USR00471,2026-05-06,15.03
USR00471,2026-05-05,15.61
USR00471,2026-05-04,16.93
USR00471,2026-05-03,17.12
USR00471,2026-05-02,13.54
USR00471,2026-05-01,17.72
USR00471,2026-04-30,17.13
USR00471,2026-04-29,13.17
USR00471,2026-04-28,16.52
USR00471,2026-04-27,15.36
USR00471,2026-04-26,15.95
USR00471,2026-04-25,14.48
USR00471,2026-04-24,17.41
USR00471,2026-04-23,19.66
USR00472,2026-05-22,25.67
USR00472,2026-05-21,33.67
USR00472,2026-05-20,32.1
USR00472,2026-05-19,29.13
USR00472,2026-05-18,33.89
USR00472,2026-05-17,35.61
USR00472,2026-05-16,30.55
USR00472,2026-05-15,27.35
USR00472,2026-05-14,26.15
USR00472,2026-05-13,30.55
USR00472,2026-05-12,32.22
USR00472,2026-05-11,31.04
USR00472,2026-05-10,30.5
USR00472,2026-05-09,34.59
USR00472,2026-05-08,34.25
USR00472,2026-05-07,33.39
USR00472,2026-05-06,35.41
USR00472,2026-05-05,30.59
USR00472,2026-05-04,29.15
USR00472,2026-05-03,31.02
USR00472,2026-05-02,30.8
USR00472,2026-05-01,26.02
USR00472,2026-04-30,30.95
USR00472,2026-04-29,36.35
USR00472,2026-04-28,35.36
USR00472,2026-04-27,34.45
USR00472,2026-04-26,33.16
USR00472,2026-04-25,37.48
USR00472,2026-04-24,29.26
USR00472,2026-04-23,29.58
USR00473,2026-05-22,36.49
USR00473,2026-05-21,33.95
USR00473,2026-05-20,38.4
USR00473,2026-05-19,34.8
USR00473,2026-05-18,33.35
USR00473,2026-05-17,33.24
USR00473,2026-05-16,37.56
USR00473,2026-05-15,37.14
USR00473,2026-05-14,41.91
USR00473,2026-05-13,35.34
USR00473,2026-05-12,35.28
USR00473,2026-05-11,41.63
USR00473,2026-05-10,39.98
USR00473,2026-05-09,36.92
USR00473,2026-05-08,30.71
USR00473,2026-05-07,33.44
USR00473,2026-05-06,32.56
USR00473,2026-05-05,36.53
USR00473,2026-05-04,34.54
USR00473,2026-05-03,42.23
USR00473,2026-05-02,30.67
USR00473,2026-05-01,32.17
USR00473,2026-04-30,37.28
USR00473,2026-04-29,38.29
USR00473,2026-04-28,26.98
USR00473,2026-04-27,30.08
USR00473,2026-04-26,35.43
USR00473,2026-04-25,41.33
USR00473,2026-04-24,43.26
USR00473,2026-04-23,34.89
USR00474,2026-05-22,13.62
USR00474,2026-05-21,15.8
USR00474,2026-05-20,17.13
USR00474,2026-05-19,16.73
USR00474,2026-05-18,14.82
USR00474,2026-05-17,13.61
USR00474,2026-05-16,14.87
USR00474,2026-05-15,16.91
USR00474,2026-05-14,14.27
USR00474,2026-05-13,12.16
USR00474,2026-05-12,14.33
USR00474,2026-05-11,14.45
USR00474,2026-05-10,12.15
USR00474,2026-05-09,15.21
USR00474,2026-05-08,15.61
USR00474,2026-05-07,17.62
USR00474,2026-05-06,12.88
USR00474,2026-05-05,15.95
USR00474,2026-05-04,16.3
USR00474,2026-05-03,15.63
USR00474,2026-05-02,13.36
USR00474,2026-05-01,13.28
USR00474,2026-04-30,15.0
USR00474,2026-04-29,14.99
USR00474,2026-04-28,14.03
USR00474,2026-04-27,16.78
USR00474,2026-04-26,14.26
USR00474,2026-04-25,12.05
USR00474,2026-04-24,14.53
USR00474,2026-04-23,15.57
USR00475,2026-05-22,310.33
USR00475,2026-05-21,345.16
USR00475,2026-05-20,266.82
USR00475,2026-05-19,287.57
USR00475,2026-05-18,346.69
USR00475,2026-05-17,241.22
USR00475,2026-05-16,298.68
USR00475,2026-05-15,337.2
USR00475,2026-05-14,336.75
USR00475,2026-05-13,320.12
USR00475,2026-05-12,320.88
USR00475,2026-05-11,269.03
USR00475,2026-05-10,341.53
USR00475,2026-05-09,264.26
USR00475,2026-05-08,266.05
USR00475,2026-05-07,311.94
USR00475,2026-05-06,285.49
USR00475,2026-05-05,306.5
USR00475,2026-05-04,313.23
USR00475,2026-05-03,353.69
USR00475,2026-05-02,313.32
USR00475,2026-05-01,281.72
USR00475,2026-04-30,320.61
USR00475,2026-04-29,275.32
USR00475,2026-04-28,327.72
USR00475,2026-04-27,302.23
USR00475,2026-04-26,312.32
USR00475,2026-04-25,246.82
USR00475,2026-04-24,232.71
USR00475,2026-04-23,255.21
USR00476,2026-05-22,284.35
USR00476,2026-05-21,344.76
USR00476,2026-05-20,300.61
USR00476,2026-05-19,313.52
USR00476,2026-05-18,319.8
USR00476,2026-05-17,374.04
USR00476,2026-05-16,340.01
USR00476,2026-05-15,333.6
USR00476,2026-05-14,362.89
USR00476,2026-05-13,300.89
USR00476,2026-05-12,355.55
USR00476,2026-05-11,350.19
USR00476,2026-05-10,349.82
USR00476,2026-05-09,316.25
USR00476,2026-05-08,307.18
USR00476,2026-05-07,293.29
USR00476,2026-05-06,295.3
USR00476,2026-05-05,291.78
USR00476,2026-05-04,333.02
USR00476,2026-05-03,313.9
USR00476,2026-05-02,335.09
USR00476,2026-05-01,336.91
USR00476,2026-04-30,287.19
USR00476,2026-04-29,286.23
USR00476,2026-04-28,313.89
USR00476,2026-04-27,296.33
USR00476,2026-04-26,292.95
USR00476,2026-04-25,375.7
USR00476,2026-04-24,271.98
USR00476,2026-04-23,386.22
USR00477,2026-05-22,165.48
USR00477,2026-05-21,169.9
USR00477,2026-05-20,168.08
USR00477,2026-05-19,164.19
USR00477,2026-05-18,180.35
USR00477,2026-05-17,137.91
USR00477,2026-05-16,152.23
USR00477,2026-05-15,141.46
USR00477,2026-05-14,128.42
USR00477,2026-05-13,144.42
USR00477,2026-05-12,183.61
USR00477,2026-05-11,151.97
USR00477,2026-05-10,185.32
USR00477,2026-05-09,186.91
USR00477,2026-05-08,200.97
USR00477,2026-05-07,184.12
USR00477,2026-05-06,191.12
USR00477,2026-05-05,159.68
USR00477,2026-05-04,158.18
USR00477,2026-05-03,159.21
USR00477,2026-05-02,154.65
USR00477,2026-05-01,156.96
USR00477,2026-04-30,166.28
USR00477,2026-04-29,147.44
USR00477,2026-04-28,133.34
USR00477,2026-04-27,160.27
USR00477,2026-04-26,143.93
USR00477,2026-04-25,145.54
USR00477,2026-04-24,152.44
USR00477,2026-04-23,148.89
USR00478,2026-05-22,6.58
USR00478,2026-05-21,7.46
USR00478,2026-05-20,6.82
USR00478,2026-05-19,6.63
USR00478,2026-05-18,6.79
USR00478,2026-05-17,5.82
USR00478,2026-05-16,6.91
USR00478,2026-05-15,7.25
USR00478,2026-05-14,7.35
USR00478,2026-05-13,5.78
USR00478,2026-05-12,5.67
USR00478,2026-05-11,6.33
USR00478,2026-05-10,7.61
USR00478,2026-05-09,6.83
USR00478,2026-05-08,6.17
USR00478,2026-05-07,5.72
USR00478,2026-05-06,6.23
USR00478,2026-05-05,6.18
USR00478,2026-05-04,7.31
USR00478,2026-05-03,7.36
USR00478,2026-05-02,5.98
USR00478,2026-05-01,7.19
USR00478,2026-04-30,7.12
USR00478,2026-04-29,5.9
USR00478,2026-04-28,6.63
USR00478,2026-04-27,6.91
USR00478,2026-04-26,6.8
USR00478,2026-04-25,5.54
USR00478,2026-04-24,6.77
USR00478,2026-04-23,7.11
USR00479,2026-05-22,35.37
USR00479,2026-05-21,35.84
USR00479,2026-05-20,37.12
USR00479,2026-05-19,39.01
USR00479,2026-05-18,38.28
USR00479,2026-05-17,40.2
USR00479,2026-05-16,33.64
USR00479,2026-05-15,39.41
USR00479,2026-05-14,35.1
USR00479,2026-05-13,37.37
USR00479,2026-05-12,44.38
USR00479,2026-05-11,32.61
USR00479,2026-05-10,36.85
USR00479,2026-05-09,33.08
USR00479,2026-05-08,38.49
USR00479,2026-05-07,41.88
USR00479,2026-05-06,38.55
USR00479,2026-05-05,37.47
USR00479,2026-05-04,42.95
USR00479,2026-05-03,39.16
USR00479,2026-05-02,41.02
USR00479,2026-05-01,40.62
USR00479,2026-04-30,27.01
USR00479,2026-04-29,37.62
USR00479,2026-04-28,33.82
USR00479,2026-04-27,34.77
USR00479,2026-04-26,43.5
USR00479,2026-04-25,36.49
USR00479,2026-04-24,45.08
USR00479,2026-04-23,32.57
USR00480,2026-05-22,13.47
USR00480,2026-05-21,12.08
USR00480,2026-05-20,12.9
USR00480,2026-05-19,12.37
USR00480,2026-05-18,12.33
USR00480,2026-05-17,12.13
USR00480,2026-05-16,12.74
USR00480,2026-05-15,13.31
USR00480,2026-05-14,14.53
USR00480,2026-05-13,12.26
USR00480,2026-05-12,12.02
USR00480,2026-05-11,11.86
USR00480,2026-05-10,14.35
USR00480,2026-05-09,13.38
USR00480,2026-05-08,10.14
USR00480,2026-05-07,10.08
USR00480,2026-05-06,11.47
USR00480,2026-05-05,12.8
USR00480,2026-05-04,12.47
USR00480,2026-05-03,13.16
USR00480,2026-05-02,12.29
USR00480,2026-05-01,14.26
USR00480,2026-04-30,13.48
USR00480,2026-04-29,12.61
USR00480,2026-04-28,13.94
USR00480,2026-04-27,10.45
USR00480,2026-04-26,12.41
USR00480,2026-04-25,12.68
USR00480,2026-04-24,13.26
USR00480,2026-04-23,10.37
USR00481,2026-05-22,34.74
USR00481,2026-05-21,35.0
USR00481,2026-05-20,37.37
USR00481,2026-05-19,35.95
USR00481,2026-05-18,33.2
USR00481,2026-05-17,35.66
USR00481,2026-05-16,32.73
USR00481,2026-05-15,33.9
USR00481,2026-05-14,36.06
USR00481,2026-05-13,33.26
USR00481,2026-05-12,34.62
USR00481,2026-05-11,36.62
USR00481,2026-05-10,35.79
USR00481,2026-05-09,37.53
USR00481,2026-05-08,41.18
USR00481,2026-05-07,35.75
USR00481,2026-05-06,31.87
USR00481,2026-05-05,35.12
USR00481,2026-05-04,34.97
USR00481,2026-05-03,35.46
USR00481,2026-05-02,38.4
USR00481,2026-05-01,27.78
USR00481,2026-04-30,38.46
USR00481,2026-04-29,39.59
USR00481,2026-04-28,35.3
USR00481,2026-04-27,35.38
USR00481,2026-04-26,32.6
USR00481,2026-04-25,33.43
USR00481,2026-04-24,35.74
USR00481,2026-04-23,35.52
USR00482,2026-05-22,390.28
USR00482,2026-05-21,400.26
USR00482,2026-05-20,396.16
USR00482,2026-05-19,329.64
USR00482,2026-05-18,397.83
USR00482,2026-05-17,435.53
USR00482,2026-05-16,366.29
USR00482,2026-05-15,422.34
USR00482,2026-05-14,333.58
USR00482,2026-05-13,366.17
USR00482,2026-05-12,343.72
USR00482,2026-05-11,417.92
USR00482,2026-05-10,427.51
USR00482,2026-05-09,363.62
USR00482,2026-05-08,410.27
USR00482,2026-05-07,427.89
USR00482,2026-05-06,366.06
USR00482,2026-05-05,372.03
USR00482,2026-05-04,394.21
USR00482,2026-05-03,336.32
USR00482,2026-05-02,371.31
USR00482,2026-05-01,445.96
USR00482,2026-04-30,348.9
USR00482,2026-04-29,398.62
USR00482,2026-04-28,386.5
USR00482,2026-04-27,361.25
USR00482,2026-04-26,375.41
USR00482,2026-04-25,431.63
USR00482,2026-04-24,387.6
USR00482,2026-04-23,393.33
USR00483,2026-05-22,12.42
USR00483,2026-05-21,11.45
USR00483,2026-05-20,15.05
USR00483,2026-05-19,12.96
USR00483,2026-05-18,13.93
USR00483,2026-05-17,11.81
USR00483,2026-05-16,13.28
USR00483,2026-05-15,11.38
USR00483,2026-05-14,12.87
USR00483,2026-05-13,11.96
USR00483,2026-05-12,11.66
USR00483,2026-05-11,12.4
USR00483,2026-05-10,9.85
USR00483,2026-05-09,11.3
USR00483,2026-05-08,13.79
USR00483,2026-05-07,13.23
USR00483,2026-05-06,11.41
USR00483,2026-05-05,13.49
USR00483,2026-05-04,11.66
USR00483,2026-05-03,13.71
USR00483,2026-05-02,12.64
USR00483,2026-05-01,12.37
USR00483,2026-04-30,12.67
USR00483,2026-04-29,16.06
USR00483,2026-04-28,11.82
USR00483,2026-04-27,13.07
USR00483,2026-04-26,13.78
USR00483,2026-04-25,11.55
USR00483,2026-04-24,10.75
USR00483,2026-04-23,12.02
USR00484,2026-05-22,33.73
USR00484,2026-05-21,34.12
USR00484,2026-05-20,38.11
USR00484,2026-05-19,32.11
USR00484,2026-05-18,34.62
USR00484,2026-05-17,29.64
USR00484,2026-05-16,36.05
USR00484,2026-05-15,35.73
USR00484,2026-05-14,37.71
USR00484,2026-05-13,30.93
USR00484,2026-05-12,34.26
USR00484,2026-05-11,30.46
USR00484,2026-05-10,34.07
USR00484,2026-05-09,40.1
USR00484,2026-05-08,33.81
USR00484,2026-05-07,30.16
USR00484,2026-05-06,32.55
USR00484,2026-05-05,29.3
USR00484,2026-05-04,30.4
USR00484,2026-05-03,37.27
USR00484,2026-05-02,29.88
USR00484,2026-05-01,36.02
USR00484,2026-04-30,35.02
USR00484,2026-04-29,33.07
USR00484,2026-04-28,35.72
USR00484,2026-04-27,31.65
USR00484,2026-04-26,37.87
USR00484,2026-04-25,32.49
USR00484,2026-04-24,33.58
USR00484,2026-04-23,33.16
USR00485,2026-05-22,37.75
USR00485,2026-05-21,26.41
USR00485,2026-05-20,36.71
USR00485,2026-05-19,29.55
USR00485,2026-05-18,34.58
USR00485,2026-05-17,35.41
USR00485,2026-05-16,34.54
USR00485,2026-05-15,37.59
USR00485,2026-05-14,38.38
USR00485,2026-05-13,33.03
USR00485,2026-05-12,32.9
USR00485,2026-05-11,35.67
USR00485,2026-05-10,30.27
USR00485,2026-05-09,34.09
USR00485,2026-05-08,40.63
USR00485,2026-05-07,30.41
USR00485,2026-05-06,34.58
USR00485,2026-05-05,33.68
USR00485,2026-05-04,42.98
USR00485,2026-05-03,33.87
USR00485,2026-05-02,34.08
USR00485,2026-05-01,32.11
USR00485,2026-04-30,35.83
USR00485,2026-04-29,36.77
USR00485,2026-04-28,32.63
USR00485,2026-04-27,39.34
USR00485,2026-04-26,36.77
USR00485,2026-04-25,38.85
USR00485,2026-04-24,34.63
USR00485,2026-04-23,36.67
USR00486,2026-05-22,37.59
USR00486,2026-05-21,33.19
USR00486,2026-05-20,32.83
USR00486,2026-05-19,31.3
USR00486,2026-05-18,31.11
USR00486,2026-05-17,33.58
USR00486,2026-05-16,35.49
USR00486,2026-05-15,30.56
USR00486,2026-05-14,33.22
USR00486,2026-05-13,33.41
USR00486,2026-05-12,33.98
USR00486,2026-05-11,27.2
USR00486,2026-05-10,29.77
USR00486,2026-05-09,28.32
USR00486,2026-05-08,32.91
USR00486,2026-05-07,29.85
USR00486,2026-05-06,31.18
USR00486,2026-05-05,28.89
USR00486,2026-05-04,31.48
USR00486,2026-05-03,29.12
USR00486,2026-05-02,35.29
USR00486,2026-05-01,34.38
USR00486,2026-04-30,33.3
USR00486,2026-04-29,31.81
USR00486,2026-04-28,26.12
USR00486,2026-04-27,31.3
USR00486,2026-04-26,30.31
USR00486,2026-04-25,33.62
USR00486,2026-04-24,34.84
USR00486,2026-04-23,33.87
USR00487,2026-05-22,91.19
USR00487,2026-05-21,90.79
USR00487,2026-05-20,106.72
USR00487,2026-05-19,98.29
USR00487,2026-05-18,94.3
USR00487,2026-05-17,114.54
USR00487,2026-05-16,102.27
USR00487,2026-05-15,94.84
USR00487,2026-05-14,90.05
USR00487,2026-05-13,109.51
USR00487,2026-05-12,98.69
USR00487,2026-05-11,96.92
USR00487,2026-05-10,103.22
USR00487,2026-05-09,105.19
USR00487,2026-05-08,102.0
USR00487,2026-05-07,105.23
USR00487,2026-05-06,101.05
USR00487,2026-05-05,102.05
USR00487,2026-05-04,89.61
USR00487,2026-05-03,114.19
USR00487,2026-05-02,84.76
USR00487,2026-05-01,99.68
USR00487,2026-04-30,83.76
USR00487,2026-04-29,95.74
USR00487,2026-04-28,91.16
USR00487,2026-04-27,98.0
USR00487,2026-04-26,99.99
USR00487,2026-04-25,87.44
USR00487,2026-04-24,96.4
USR00487,2026-04-23,110.16
USR00488,2026-05-22,330.22
USR00488,2026-05-21,392.14
USR00488,2026-05-20,363.86
USR00488,2026-05-19,366.52
USR00488,2026-05-18,397.97
USR00488,2026-05-17,332.39
USR00488,2026-05-16,342.31
USR00488,2026-05-15,337.86
USR00488,2026-05-14,348.49
USR00488,2026-05-13,409.43
USR00488,2026-05-12,299.64
USR00488,2026-05-11,317.94
USR00488,2026-05-10,311.75
USR00488,2026-05-09,411.67
USR00488,2026-05-08,338.88
USR00488,2026-05-07,349.27
USR00488,2026-05-06,302.76
USR00488,2026-05-05,351.59
USR00488,2026-05-04,392.35
USR00488,2026-05-03,370.19
USR00488,2026-05-02,357.17
USR00488,2026-05-01,304.56
USR00488,2026-04-30,349.22
USR00488,2026-04-29,366.36
USR00488,2026-04-28,325.25
USR00488,2026-04-27,384.71
USR00488,2026-04-26,393.02
USR00488,2026-04-25,341.97
USR00488,2026-04-24,387.27
USR00488,2026-04-23,357.1
USR00489,2026-05-22,429.55
USR00489,2026-05-21,317.9
USR00489,2026-05-20,384.41
USR00489,2026-05-19,403.52
USR00489,2026-05-18,322.29
USR00489,2026-05-17,336.41
USR00489,2026-05-16,336.01
USR00489,2026-05-15,352.2
USR00489,2026-05-14,344.22
USR00489,2026-05-13,349.86
USR00489,2026-05-12,386.85
USR00489,2026-05-11,289.27
USR00489,2026-05-10,322.18
USR00489,2026-05-09,380.85
USR00489,2026-05-08,376.67
USR00489,2026-05-07,319.16
USR00489,2026-05-06,376.92
USR00489,2026-05-05,404.3
USR00489,2026-05-04,355.19
USR00489,2026-05-03,320.96
USR00489,2026-05-02,388.17
USR00489,2026-05-01,418.44
USR00489,2026-04-30,325.31
USR00489,2026-04-29,358.34
USR00489,2026-04-28,395.85
USR00489,2026-04-27,361.06
USR00489,2026-04-26,294.57
USR00489,2026-04-25,372.77
USR00489,2026-04-24,322.0
USR00489,2026-04-23,311.58
USR00490,2026-05-22,242.55
USR00490,2026-05-21,198.65
USR00490,2026-05-20,223.97
USR00490,2026-05-19,229.29
USR00490,2026-05-18,220.25
USR00490,2026-05-17,223.17
USR00490,2026-05-16,225.0
USR00490,2026-05-15,219.74
USR00490,2026-05-14,200.27
USR00490,2026-05-13,198.34
USR00490,2026-05-12,214.47
USR00490,2026-05-11,214.01
USR00490,2026-05-10,226.05
USR00490,2026-05-09,240.62
USR00490,2026-05-08,224.2
USR00490,2026-05-07,199.17
USR00490,2026-05-06,169.47
USR00490,2026-05-05,200.08
USR00490,2026-05-04,187.6
USR00490,2026-05-03,200.91
USR00490,2026-05-02,222.0
USR00490,2026-05-01,218.57
USR00490,2026-04-30,257.02
USR00490,2026-04-29,227.21
USR00490,2026-04-28,258.12
USR00490,2026-04-27,232.24
USR00490,2026-04-26,240.28
USR00490,2026-04-25,208.97
USR00490,2026-04-24,193.45
USR00490,2026-04-23,207.01
USR00491,2026-05-22,416.89
USR00491,2026-05-21,400.3
USR00491,2026-05-20,463.37
USR00491,2026-05-19,400.11
USR00491,2026-05-18,376.62
USR00491,2026-05-17,394.92
USR00491,2026-05-16,434.41
USR00491,2026-05-15,400.75
USR00491,2026-05-14,434.69
USR00491,2026-05-13,471.54
USR00491,2026-05-12,470.39
USR00491,2026-05-11,415.44
USR00491,2026-05-10,386.83
USR00491,2026-05-09,419.23
USR00491,2026-05-08,474.0
USR00491,2026-05-07,484.39
USR00491,2026-05-06,460.53
USR00491,2026-05-05,498.28
USR00491,2026-05-04,521.75
USR00491,2026-05-03,423.34
USR00491,2026-05-02,510.96
USR00491,2026-05-01,433.24
USR00491,2026-04-30,490.2
USR00491,2026-04-29,476.35
USR00491,2026-04-28,356.89
USR00491,2026-04-27,401.85
USR00491,2026-04-26,390.51
USR00491,2026-04-25,365.56
USR00491,2026-04-24,483.95
USR00491,2026-04-23,536.86
USR00492,2026-05-22,122.7
USR00492,2026-05-21,129.82
USR00492,2026-05-20,115.4
USR00492,2026-05-19,112.75
USR00492,2026-05-18,110.26
USR00492,2026-05-17,119.12
USR00492,2026-05-16,122.93
USR00492,2026-05-15,118.26
USR00492,2026-05-14,117.87
USR00492,2026-05-13,112.46
USR00492,2026-05-12,95.03
USR00492,2026-05-11,123.19
USR00492,2026-05-10,98.52
USR00492,2026-05-09,120.04
USR00492,2026-05-08,121.58
USR00492,2026-05-07,100.15
USR00492,2026-05-06,106.17
USR00492,2026-05-05,137.02
USR00492,2026-05-04,112.14
USR00492,2026-05-03,99.25
USR00492,2026-05-02,122.09
USR00492,2026-05-01,104.31
USR00492,2026-04-30,91.33
USR00492,2026-04-29,118.92
USR00492,2026-04-28,102.68
USR00492,2026-04-27,116.67
USR00492,2026-04-26,103.85
USR00492,2026-04-25,121.03
USR00492,2026-04-24,115.11
USR00492,2026-04-23,83.77
USR00493,2026-05-22,442.54
USR00493,2026-05-21,520.31
USR00493,2026-05-20,473.75
USR00493,2026-05-19,490.2
USR00493,2026-05-18,423.36
USR00493,2026-05-17,419.74
USR00493,2026-05-16,454.57
USR00493,2026-05-15,439.31
USR00493,2026-05-14,516.72
USR00493,2026-05-13,448.76
USR00493,2026-05-12,399.92
USR00493,2026-05-11,418.03
USR00493,2026-05-10,499.73
USR00493,2026-05-09,448.12
USR00493,2026-05-08,445.68
USR00493,2026-05-07,504.06
USR00493,2026-05-06,414.05
USR00493,2026-05-05,353.88
USR00493,2026-05-04,416.87
USR00493,2026-05-03,466.78
USR00493,2026-05-02,444.37
USR00493,2026-05-01,384.63
USR00493,2026-04-30,502.05
USR00493,2026-04-29,463.19
USR00493,2026-04-28,473.47
USR00493,2026-04-27,474.87
USR00493,2026-04-26,396.56
USR00493,2026-04-25,469.55
USR00493,2026-04-24,497.1
USR00493,2026-04-23,507.71
USR00494,2026-05-22,11.96
USR00494,2026-05-21,9.4
USR00494,2026-05-20,11.36
USR00494,2026-05-19,10.29
USR00494,2026-05-18,12.84
USR00494,2026-05-17,12.67
USR00494,2026-05-16,10.3
USR00494,2026-05-15,11.33
USR00494,2026-05-14,11.66
USR00494,2026-05-13,12.41
USR00494,2026-05-12,9.47
USR00494,2026-05-11,8.87
USR00494,2026-05-10,11.42
USR00494,2026-05-09,8.5
USR00494,2026-05-08,11.56
USR00494,2026-05-07,12.05
USR00494,2026-05-06,12.79
USR00494,2026-05-05,10.67
USR00494,2026-05-04,11.56
USR00494,2026-05-03,12.12
USR00494,2026-05-02,10.04
USR00494,2026-05-01,12.42
USR00494,2026-04-30,11.69
USR00494,2026-04-29,10.69
USR00494,2026-04-28,11.54
USR00494,2026-04-27,11.22
USR00494,2026-04-26,12.27
USR00494,2026-04-25,10.97
USR00494,2026-04-24,11.64
USR00494,2026-04-23,10.67
USR00495,2026-05-22,22.79
USR00495,2026-05-21,20.4
USR00495,2026-05-20,24.2
USR00495,2026-05-19,23.73
USR00495,2026-05-18,20.69
USR00495,2026-05-17,22.89
USR00495,2026-05-16,20.68
USR00495,2026-05-15,18.81
USR00495,2026-05-14,21.07
USR00495,2026-05-13,22.29
USR00495,2026-05-12,23.58
USR00495,2026-05-11,22.74
USR00495,2026-05-10,24.44
USR00495,2026-05-09,20.21
USR00495,2026-05-08,21.56
USR00495,2026-05-07,26.09
USR00495,2026-05-06,18.08
USR00495,2026-05-05,21.39
USR00495,2026-05-04,20.01
USR00495,2026-05-03,21.97
USR00495,2026-05-02,21.43
USR00495,2026-05-01,23.76
USR00495,2026-04-30,22.98
USR00495,2026-04-29,19.48
USR00495,2026-04-28,21.09
USR00495,2026-04-27,22.41
USR00495,2026-04-26,24.06
USR00495,2026-04-25,27.86
USR00495,2026-04-24,23.98
USR00495,2026-04-23,20.14
USR00496,2026-05-22,26.78
USR00496,2026-05-21,24.94
USR00496,2026-05-20,27.54
USR00496,2026-05-19,20.33
USR00496,2026-05-18,27.76
USR00496,2026-05-17,25.05
USR00496,2026-05-16,26.02
USR00496,2026-05-15,30.16
USR00496,2026-05-14,22.99
USR00496,2026-05-13,27.02
USR00496,2026-05-12,28.39
USR00496,2026-05-11,26.75
USR00496,2026-05-10,22.06
USR00496,2026-05-09,29.86
USR00496,2026-05-08,25.75
USR00496,2026-05-07,24.92
USR00496,2026-05-06,25.49
USR00496,2026-05-05,25.3
USR00496,2026-05-04,23.17
USR00496,2026-05-03,26.74
USR00496,2026-05-02,24.73
USR00496,2026-05-01,28.07
USR00496,2026-04-30,27.67
USR00496,2026-04-29,30.58
USR00496,2026-04-28,25.75
USR00496,2026-04-27,24.19
USR00496,2026-04-26,22.44
USR00496,2026-04-25,32.07
USR00496,2026-04-24,28.05
USR00496,2026-04-23,24.48
USR00497,2026-05-22,14.41
USR00497,2026-05-21,10.97
USR00497,2026-05-20,11.73
USR00497,2026-05-19,12.52
USR00497,2026-05-18,11.33
USR00497,2026-05-17,12.57
USR00497,2026-05-16,13.59
USR00497,2026-05-15,10.95
USR00497,2026-05-14,13.06
USR00497,2026-05-13,14.17
USR00497,2026-05-12,13.2
USR00497,2026-05-11,12.59
USR00497,2026-05-10,11.84
USR00497,2026-05-09,13.74
USR00497,2026-05-08,11.2
USR00497,2026-05-07,13.0
USR00497,2026-05-06,12.72
USR00497,2026-05-05,14.12
USR00497,2026-05-04,11.95
USR00497,2026-05-03,12.06
USR00497,2026-05-02,11.11
USR00497,2026-05-01,13.24
USR00497,2026-04-30,12.15
USR00497,2026-04-29,11.59
USR00497,2026-04-28,11.72
USR00497,2026-04-27,13.37
USR00497,2026-04-26,11.29
USR00497,2026-04-25,11.4
USR00497,2026-04-24,13.83
USR00497,2026-04-23,12.48
USR00498,2026-05-22,30.18
USR00498,2026-05-21,31.3
USR00498,2026-05-20,31.79
USR00498,2026-05-19,35.65
USR00498,2026-05-18,35.39
USR00498,2026-05-17,34.91
USR00498,2026-05-16,29.33
USR00498,2026-05-15,28.21
USR00498,2026-05-14,33.68
USR00498,2026-05-13,35.61
USR00498,2026-05-12,34.94
USR00498,2026-05-11,31.34
USR00498,2026-05-10,33.58
USR00498,2026-05-09,33.64
USR00498,2026-05-08,31.77
USR00498,2026-05-07,31.9
USR00498,2026-05-06,31.61
USR00498,2026-05-05,28.84
USR00498,2026-05-04,29.16
USR00498,2026-05-03,29.11
USR00498,2026-05-02,26.3
USR00498,2026-05-01,31.75
USR00498,2026-04-30,31.18
USR00498,2026-04-29,33.69
USR00498,2026-04-28,35.25
USR00498,2026-04-27,35.45
USR00498,2026-04-26,35.74
USR00498,2026-04-25,28.93
USR00498,2026-04-24,26.82
USR00498,2026-04-23,34.22
USR00499,2026-05-22,177.14
USR00499,2026-05-21,160.73
USR00499,2026-05-20,122.68
USR00499,2026-05-19,158.9
USR00499,2026-05-18,161.81
USR00499,2026-05-17,172.49
USR00499,2026-05-16,175.21
USR00499,2026-05-15,167.24
USR00499,2026-05-14,144.29
USR00499,2026-05-13,137.52
USR00499,2026-05-12,161.48
USR00499,2026-05-11,141.14
USR00499,2026-05-10,175.9
USR00499,2026-05-09,127.16
USR00499,2026-05-08,161.98
USR00499,2026-05-07,158.19
USR00499,2026-05-06,150.12
USR00499,2026-05-05,139.11
USR00499,2026-05-04,121.69
USR00499,2026-05-03,145.15
USR00499,2026-05-02,145.41
USR00499,2026-05-01,170.33
USR00499,2026-04-30,141.29
USR00499,2026-04-29,160.23
USR00499,2026-04-28,133.48
USR00499,2026-04-27,160.65
USR00499,2026-04-26,118.99
USR00499,2026-04-25,185.41
USR00499,2026-04-24,151.13
USR00499,2026-04-23,110.45
USR00500,2026-05-22,6.14
USR00500,2026-05-21,6.29
USR00500,2026-05-20,6.49
USR00500,2026-05-19,6.29
USR00500,2026-05-18,6.18
USR00500,2026-05-17,5.95
USR00500,2026-05-16,7.29
USR00500,2026-05-15,7.54
USR00500,2026-05-14,6.56
USR00500,2026-05-13,6.72
USR00500,2026-05-12,5.97
USR00500,2026-05-11,6.78
USR00500,2026-05-10,6.89
USR00500,2026-05-09,6.58
USR00500,2026-05-08,7.0
USR00500,2026-05-07,6.94
USR00500,2026-05-06,6.02
USR00500,2026-05-05,7.54
USR00500,2026-05-04,6.59
USR00500,2026-05-03,7.86
USR00500,2026-05-02,7.02
USR00500,2026-05-01,8.06
USR00500,2026-04-30,7.52
USR00500,2026-04-29,6.89
USR00500,2026-04-28,6.25
USR00500,2026-04-27,6.26
USR00500,2026-04-26,7.09
USR00500,2026-04-25,6.83
USR00500,2026-04-24,6.34
USR00500,2026-04-23,7.29
