user_id,stat_date,measure_point_id,meter_id,expected_points,actual_points,completeness
USR00001,2026-05-22,MP000183,MTR000183,96,96,1.0
USR00001,2026-05-21,MP000183,MTR000183,96,92,0.961
USR00001,2026-05-20,MP000183,MTR000183,96,96,1.0
USR00001,2026-05-19,MP000183,MTR000183,96,96,1.0
USR00001,2026-05-18,MP000183,MTR000183,96,96,1.0
USR00001,2026-05-17,MP000183,MTR000183,96,96,1.0
USR00001,2026-05-16,MP000183,MTR000183,96,95,0.9877
USR00001,2026-05-15,MP000183,MTR000183,96,95,0.9853
USR00001,2026-05-14,MP000183,MTR000183,96,96,1.0
USR00001,2026-05-13,MP000183,MTR000183,96,94,0.9816
USR00001,2026-05-12,MP000183,MTR000183,96,96,1.0
USR00001,2026-05-11,MP000183,MTR000183,96,94,0.9789
USR00001,2026-05-10,MP000183,MTR000183,96,90,0.9344
USR00001,2026-05-09,MP000183,MTR000183,96,92,0.9535
USR00001,2026-05-08,MP000183,MTR000183,96,96,1.0
USR00001,2026-05-07,MP000183,MTR000183,96,96,1.0
USR00001,2026-05-06,MP000183,MTR000183,96,96,1.0
USR00001,2026-05-05,MP000183,MTR000183,96,96,1.0
USR00001,2026-05-04,MP000183,MTR000183,96,96,1.0
USR00001,2026-05-03,MP000183,MTR000183,96,93,0.967
USR00001,2026-05-02,MP000183,MTR000183,96,96,1.0
USR00001,2026-05-01,MP000183,MTR000183,96,96,0.9954
USR00001,2026-04-30,MP000183,MTR000183,96,93,0.973
USR00001,2026-04-29,MP000183,MTR000183,96,96,1.0
USR00001,2026-04-28,MP000183,MTR000183,96,95,0.9927
USR00001,2026-04-27,MP000183,MTR000183,96,93,0.9721
USR00001,2026-04-26,MP000183,MTR000183,96,95,0.985
USR00001,2026-04-25,MP000183,MTR000183,96,96,1.0
USR00001,2026-04-24,MP000183,MTR000183,96,96,1.0
USR00001,2026-04-23,MP000183,MTR000183,96,96,0.9959
USR00002,2026-05-22,MP000600,MTR000600,96,90,0.9374
USR00002,2026-05-21,MP000600,MTR000600,96,96,1.0
USR00002,2026-05-20,MP000600,MTR000600,96,96,1.0
USR00002,2026-05-19,MP000600,MTR000600,96,96,1.0
USR00002,2026-05-18,MP000600,MTR000600,96,88,0.9122
USR00002,2026-05-17,MP000600,MTR000600,96,94,0.9816
USR00002,2026-05-16,MP000600,MTR000600,96,94,0.9766
USR00002,2026-05-15,MP000600,MTR000600,96,96,1.0
USR00002,2026-05-14,MP000600,MTR000600,96,93,0.9669
USR00002,2026-05-13,MP000600,MTR000600,96,93,0.9735
USR00002,2026-05-12,MP000600,MTR000600,96,96,0.999
USR00002,2026-05-11,MP000600,MTR000600,96,92,0.9572
USR00002,2026-05-10,MP000600,MTR000600,96,92,0.9632
USR00002,2026-05-09,MP000600,MTR000600,96,95,0.9862
USR00002,2026-05-08,MP000600,MTR000600,96,96,1.0
USR00002,2026-05-07,MP000600,MTR000600,96,96,1.0
USR00002,2026-05-06,MP000600,MTR000600,96,96,1.0
USR00002,2026-05-05,MP000600,MTR000600,96,94,0.9823
USR00002,2026-05-04,MP000600,MTR000600,96,96,1.0
USR00002,2026-05-03,MP000600,MTR000600,96,89,0.9282
USR00002,2026-05-02,MP000600,MTR000600,96,96,1.0
USR00002,2026-05-01,MP000600,MTR000600,96,96,1.0
USR00002,2026-04-30,MP000600,MTR000600,96,95,0.9941
USR00002,2026-04-29,MP000600,MTR000600,96,96,1.0
USR00002,2026-04-28,MP000600,MTR000600,96,94,0.9793
USR00002,2026-04-27,MP000600,MTR000600,96,94,0.9741
USR00002,2026-04-26,MP000600,MTR000600,96,92,0.9621
USR00002,2026-04-25,MP000600,MTR000600,96,94,0.9789
USR00002,2026-04-24,MP000600,MTR000600,96,96,0.9971
USR00002,2026-04-23,MP000600,MTR000600,96,95,0.993
USR00003,2026-05-22,MP000488,MTR000488,96,96,0.9998
USR00003,2026-05-21,MP000488,MTR000488,96,91,0.9521
USR00003,2026-05-20,MP000488,MTR000488,96,96,1.0
USR00003,2026-05-19,MP000488,MTR000488,96,92,0.9601
USR00003,2026-05-18,MP000488,MTR000488,96,94,0.98
USR00003,2026-05-17,MP000488,MTR000488,96,96,1.0
USR00003,2026-05-16,MP000488,MTR000488,96,96,1.0
USR00003,2026-05-15,MP000488,MTR000488,96,92,0.9534
USR00003,2026-05-14,MP000488,MTR000488,96,94,0.9744
USR00003,2026-05-13,MP000488,MTR000488,96,91,0.9523
USR00003,2026-05-12,MP000488,MTR000488,96,96,1.0
USR00003,2026-05-11,MP000488,MTR000488,96,96,1.0
USR00003,2026-05-10,MP000488,MTR000488,96,92,0.9601
USR00003,2026-05-09,MP000488,MTR000488,96,96,1.0
USR00003,2026-05-08,MP000488,MTR000488,96,96,1.0
USR00003,2026-05-07,MP000488,MTR000488,96,94,0.977
USR00003,2026-05-06,MP000488,MTR000488,96,90,0.9373
USR00003,2026-05-05,MP000488,MTR000488,96,93,0.9646
USR00003,2026-05-04,MP000488,MTR000488,96,94,0.9789
USR00003,2026-05-03,MP000488,MTR000488,96,96,1.0
USR00003,2026-05-02,MP000488,MTR000488,96,95,0.9932
USR00003,2026-05-01,MP000488,MTR000488,96,93,0.9666
USR00003,2026-04-30,MP000488,MTR000488,96,96,1.0
USR00003,2026-04-29,MP000488,MTR000488,96,92,0.9579
USR00003,2026-04-28,MP000488,MTR000488,96,96,1.0
USR00003,2026-04-27,MP000488,MTR000488,96,93,0.9674
USR00003,2026-04-26,MP000488,MTR000488,96,93,0.9718
USR00003,2026-04-25,MP000488,MTR000488,96,96,1.0
USR00003,2026-04-24,MP000488,MTR000488,96,96,1.0
USR00003,2026-04-23,MP000488,MTR000488,96,96,1.0
USR00004,2026-05-22,MP000003,MTR000003,96,93,0.9693
USR00004,2026-05-21,MP000003,MTR000003,96,96,1.0
USR00004,2026-05-20,MP000003,MTR000003,96,96,1.0
USR00004,2026-05-19,MP000003,MTR000003,96,89,0.9223
USR00004,2026-05-18,MP000003,MTR000003,96,95,0.9898
USR00004,2026-05-17,MP000003,MTR000003,96,93,0.9726
USR00004,2026-05-16,MP000003,MTR000003,96,89,0.9295
USR00004,2026-05-15,MP000003,MTR000003,96,91,0.9471
USR00004,2026-05-14,MP000003,MTR000003,96,93,0.9702
USR00004,2026-05-13,MP000003,MTR000003,96,95,0.989
USR00004,2026-05-12,MP000003,MTR000003,96,96,1.0
USR00004,2026-05-11,MP000003,MTR000003,96,96,0.9978
USR00004,2026-05-10,MP000003,MTR000003,96,96,1.0
USR00004,2026-05-09,MP000003,MTR000003,96,95,0.988
USR00004,2026-05-08,MP000003,MTR000003,96,93,0.9661
USR00004,2026-05-07,MP000003,MTR000003,96,94,0.9817
USR00004,2026-05-06,MP000003,MTR000003,96,96,1.0
USR00004,2026-05-05,MP000003,MTR000003,96,96,1.0
USR00004,2026-05-04,MP000003,MTR000003,96,94,0.9828
USR00004,2026-05-03,MP000003,MTR000003,96,92,0.9593
USR00004,2026-05-02,MP000003,MTR000003,96,96,0.9973
USR00004,2026-05-01,MP000003,MTR000003,96,96,1.0
USR00004,2026-04-30,MP000003,MTR000003,96,96,1.0
USR00004,2026-04-29,MP000003,MTR000003,96,93,0.9669
USR00004,2026-04-28,MP000003,MTR000003,96,93,0.9672
USR00004,2026-04-27,MP000003,MTR000003,96,96,1.0
USR00004,2026-04-26,MP000003,MTR000003,96,94,0.975
USR00004,2026-04-25,MP000003,MTR000003,96,93,0.9737
USR00004,2026-04-24,MP000003,MTR000003,96,96,1.0
USR00004,2026-04-23,MP000003,MTR000003,96,91,0.9461
USR00005,2026-05-22,MP000321,MTR000321,96,92,0.9607
USR00005,2026-05-21,MP000321,MTR000321,96,96,1.0
USR00005,2026-05-20,MP000321,MTR000321,96,94,0.9758
USR00005,2026-05-19,MP000321,MTR000321,96,95,0.9872
USR00005,2026-05-18,MP000321,MTR000321,96,93,0.9712
USR00005,2026-05-17,MP000321,MTR000321,96,96,1.0
USR00005,2026-05-16,MP000321,MTR000321,96,93,0.9687
USR00005,2026-05-15,MP000321,MTR000321,96,92,0.9619
USR00005,2026-05-14,MP000321,MTR000321,96,96,1.0
USR00005,2026-05-13,MP000321,MTR000321,96,94,0.98
USR00005,2026-05-12,MP000321,MTR000321,96,92,0.9588
USR00005,2026-05-11,MP000321,MTR000321,96,90,0.9344
USR00005,2026-05-10,MP000321,MTR000321,96,96,1.0
USR00005,2026-05-09,MP000321,MTR000321,96,92,0.9625
USR00005,2026-05-08,MP000321,MTR000321,96,96,1.0
USR00005,2026-05-07,MP000321,MTR000321,96,95,0.9911
USR00005,2026-05-06,MP000321,MTR000321,96,94,0.9834
USR00005,2026-05-05,MP000321,MTR000321,96,94,0.9842
USR00005,2026-05-04,MP000321,MTR000321,96,96,1.0
USR00005,2026-05-03,MP000321,MTR000321,96,88,0.9133
USR00005,2026-05-02,MP000321,MTR000321,96,95,0.9855
USR00005,2026-05-01,MP000321,MTR000321,96,93,0.9711
USR00005,2026-04-30,MP000321,MTR000321,96,93,0.9727
USR00005,2026-04-29,MP000321,MTR000321,96,94,0.9836
USR00005,2026-04-28,MP000321,MTR000321,96,93,0.9711
USR00005,2026-04-27,MP000321,MTR000321,96,95,0.9847
USR00005,2026-04-26,MP000321,MTR000321,96,94,0.9784
USR00005,2026-04-25,MP000321,MTR000321,96,90,0.9397
USR00005,2026-04-24,MP000321,MTR000321,96,95,0.9905
USR00005,2026-04-23,MP000321,MTR000321,96,96,1.0
USR00006,2026-05-22,MP000072,MTR000072,96,96,1.0
USR00006,2026-05-21,MP000072,MTR000072,96,96,1.0
USR00006,2026-05-20,MP000072,MTR000072,96,96,1.0
USR00006,2026-05-19,MP000072,MTR000072,96,96,1.0
USR00006,2026-05-18,MP000072,MTR000072,96,95,0.9946
USR00006,2026-05-17,MP000072,MTR000072,96,96,1.0
USR00006,2026-05-16,MP000072,MTR000072,96,96,1.0
USR00006,2026-05-15,MP000072,MTR000072,96,96,1.0
USR00006,2026-05-14,MP000072,MTR000072,96,94,0.9766
USR00006,2026-05-13,MP000072,MTR000072,96,95,0.9925
USR00006,2026-05-12,MP000072,MTR000072,96,96,1.0
USR00006,2026-05-11,MP000072,MTR000072,96,96,1.0
USR00006,2026-05-10,MP000072,MTR000072,96,95,0.9914
USR00006,2026-05-09,MP000072,MTR000072,96,94,0.9767
USR00006,2026-05-08,MP000072,MTR000072,96,96,1.0
USR00006,2026-05-07,MP000072,MTR000072,96,92,0.9615
USR00006,2026-05-06,MP000072,MTR000072,96,93,0.9655
USR00006,2026-05-05,MP000072,MTR000072,96,92,0.9539
USR00006,2026-05-04,MP000072,MTR000072,96,93,0.9654
USR00006,2026-05-03,MP000072,MTR000072,96,96,1.0
USR00006,2026-05-02,MP000072,MTR000072,96,96,1.0
USR00006,2026-05-01,MP000072,MTR000072,96,95,0.9915
USR00006,2026-04-30,MP000072,MTR000072,96,96,1.0
USR00006,2026-04-29,MP000072,MTR000072,96,95,0.9934
USR00006,2026-04-28,MP000072,MTR000072,96,92,0.958
USR00006,2026-04-27,MP000072,MTR000072,96,96,1.0
USR00006,2026-04-26,MP000072,MTR000072,96,96,1.0
USR00006,2026-04-25,MP000072,MTR000072,96,96,1.0
USR00006,2026-04-24,MP000072,MTR000072,96,93,0.968
USR00006,2026-04-23,MP000072,MTR000072,96,95,0.987
USR00007,2026-05-22,,,96,95,0.9857
USR00007,2026-05-21,,,96,95,0.992
USR00007,2026-05-20,,,96,93,0.9725
USR00007,2026-05-19,,,96,90,0.9391
USR00007,2026-05-18,,,96,96,1.0
USR00007,2026-05-17,,,96,95,0.9899
USR00007,2026-05-16,,,96,96,0.9964
USR00007,2026-05-15,,,96,93,0.9701
USR00007,2026-05-14,,,96,90,0.9359
USR00007,2026-05-13,,,96,94,0.9802
USR00007,2026-05-12,,,96,93,0.973
USR00007,2026-05-11,,,96,96,1.0
USR00007,2026-05-10,,,96,96,1.0
USR00007,2026-05-09,,,96,96,1.0
USR00007,2026-05-08,,,96,96,1.0
USR00007,2026-05-07,,,96,96,1.0
USR00007,2026-05-06,,,96,95,0.9944
USR00007,2026-05-05,,,96,96,1.0
USR00007,2026-05-04,,,96,96,0.9976
USR00007,2026-05-03,,,96,89,0.9257
USR00007,2026-05-02,,,96,94,0.9781
USR00007,2026-05-01,,,96,92,0.9567
USR00007,2026-04-30,,,96,95,0.9897
USR00007,2026-04-29,,,96,92,0.959
USR00007,2026-04-28,,,96,96,1.0
USR00007,2026-04-27,,,96,96,1.0
USR00007,2026-04-26,,,96,96,1.0
USR00007,2026-04-25,,,96,96,1.0
USR00007,2026-04-24,,,96,90,0.9325
USR00007,2026-04-23,,,96,91,0.9468
USR00008,2026-05-22,MP000455,MTR000455,96,96,1.0
USR00008,2026-05-21,MP000455,MTR000455,96,96,0.996
USR00008,2026-05-20,MP000455,MTR000455,96,95,0.9903
USR00008,2026-05-19,MP000455,MTR000455,96,95,0.9876
USR00008,2026-05-18,MP000455,MTR000455,96,89,0.9313
USR00008,2026-05-17,MP000455,MTR000455,96,93,0.9661
USR00008,2026-05-16,MP000455,MTR000455,96,95,0.9859
USR00008,2026-05-15,MP000455,MTR000455,96,93,0.9678
USR00008,2026-05-14,MP000455,MTR000455,96,93,0.9717
USR00008,2026-05-13,MP000455,MTR000455,96,96,1.0
USR00008,2026-05-12,MP000455,MTR000455,96,94,0.9818
USR00008,2026-05-11,MP000455,MTR000455,96,96,0.9976
USR00008,2026-05-10,MP000455,MTR000455,96,96,0.9966
USR00008,2026-05-09,MP000455,MTR000455,96,96,1.0
USR00008,2026-05-08,MP000455,MTR000455,96,94,0.975
USR00008,2026-05-07,MP000455,MTR000455,96,96,1.0
USR00008,2026-05-06,MP000455,MTR000455,96,96,1.0
USR00008,2026-05-05,MP000455,MTR000455,96,91,0.9507
USR00008,2026-05-04,MP000455,MTR000455,96,95,0.9861
USR00008,2026-05-03,MP000455,MTR000455,96,94,0.9841
USR00008,2026-05-02,MP000455,MTR000455,96,94,0.9828
USR00008,2026-05-01,MP000455,MTR000455,96,96,1.0
USR00008,2026-04-30,MP000455,MTR000455,96,96,1.0
USR00008,2026-04-29,MP000455,MTR000455,96,96,1.0
USR00008,2026-04-28,MP000455,MTR000455,96,96,0.9995
USR00008,2026-04-27,MP000455,MTR000455,96,95,0.9919
USR00008,2026-04-26,MP000455,MTR000455,96,89,0.9248
USR00008,2026-04-25,MP000455,MTR000455,96,96,1.0
USR00008,2026-04-24,MP000455,MTR000455,96,96,1.0
USR00008,2026-04-23,MP000455,MTR000455,96,92,0.9598
USR00009,2026-05-22,,,96,93,0.973
USR00009,2026-05-21,,,96,95,0.9887
USR00009,2026-05-20,,,96,93,0.9689
USR00009,2026-05-19,,,96,92,0.9632
USR00009,2026-05-18,,,96,94,0.982
USR00009,2026-05-17,,,96,91,0.9444
USR00009,2026-05-16,,,96,93,0.9659
USR00009,2026-05-15,,,96,90,0.935
USR00009,2026-05-14,,,96,95,0.9869
USR00009,2026-05-13,,,96,87,0.9053
USR00009,2026-05-12,,,96,94,0.9781
USR00009,2026-05-11,,,96,92,0.9541
USR00009,2026-05-10,,,96,94,0.9825
USR00009,2026-05-09,,,96,89,0.9302
USR00009,2026-05-08,,,96,92,0.9563
USR00009,2026-05-07,,,96,92,0.9554
USR00009,2026-05-06,,,96,93,0.9666
USR00009,2026-05-05,,,96,89,0.9222
USR00009,2026-05-04,,,96,93,0.9727
USR00009,2026-05-03,,,96,86,0.8982
USR00009,2026-05-02,,,96,90,0.9335
USR00009,2026-05-01,,,96,87,0.9067
USR00009,2026-04-30,,,96,94,0.9784
USR00009,2026-04-29,,,96,93,0.9656
USR00009,2026-04-28,,,96,93,0.9673
USR00009,2026-04-27,,,96,96,0.9978
USR00009,2026-04-26,,,96,91,0.9441
USR00009,2026-04-25,,,96,93,0.9719
USR00009,2026-04-24,,,96,92,0.9556
USR00009,2026-04-23,,,96,91,0.951
USR00010,2026-05-22,,,96,96,1.0
USR00010,2026-05-21,,,96,95,0.9851
USR00010,2026-05-20,,,96,96,1.0
USR00010,2026-05-19,,,96,96,1.0
USR00010,2026-05-18,,,96,96,1.0
USR00010,2026-05-17,,,96,96,1.0
USR00010,2026-05-16,,,96,95,0.9881
USR00010,2026-05-15,,,96,85,0.8905
USR00010,2026-05-14,,,96,96,1.0
USR00010,2026-05-13,,,96,94,0.9772
USR00010,2026-05-12,,,96,95,0.9908
USR00010,2026-05-11,,,96,95,0.9914
USR00010,2026-05-10,,,96,94,0.9745
USR00010,2026-05-09,,,96,96,1.0
USR00010,2026-05-08,,,96,96,0.9967
USR00010,2026-05-07,,,96,94,0.9765
USR00010,2026-05-06,,,96,96,1.0
USR00010,2026-05-05,,,96,96,0.9971
USR00010,2026-05-04,,,96,96,1.0
USR00010,2026-05-03,,,96,92,0.9578
USR00010,2026-05-02,,,96,93,0.9739
USR00010,2026-05-01,,,96,96,1.0
USR00010,2026-04-30,,,96,94,0.9789
USR00010,2026-04-29,,,96,93,0.9709
USR00010,2026-04-28,,,96,94,0.9803
USR00010,2026-04-27,,,96,96,0.995
USR00010,2026-04-26,,,96,96,0.9951
USR00010,2026-04-25,,,96,95,0.9917
USR00010,2026-04-24,,,96,93,0.9672
USR00010,2026-04-23,,,96,96,1.0
USR00011,2026-05-22,,,96,84,0.8703
USR00011,2026-05-21,,,96,85,0.881
USR00011,2026-05-20,,,96,92,0.9577
USR00011,2026-05-19,,,96,94,0.9747
USR00011,2026-05-18,,,96,83,0.8637
USR00011,2026-05-17,,,96,91,0.9521
USR00011,2026-05-16,,,96,94,0.9767
USR00011,2026-05-15,,,96,87,0.9017
USR00011,2026-05-14,,,96,94,0.975
USR00011,2026-05-13,,,96,89,0.9223
USR00011,2026-05-12,,,96,90,0.937
USR00011,2026-05-11,,,96,87,0.906
USR00011,2026-05-10,,,96,92,0.9576
USR00011,2026-05-09,,,96,91,0.9526
USR00011,2026-05-08,,,96,94,0.9793
USR00011,2026-05-07,,,96,93,0.9708
USR00011,2026-05-06,,,96,89,0.9273
USR00011,2026-05-05,,,96,96,1.0
USR00011,2026-05-04,,,96,93,0.9681
USR00011,2026-05-03,,,96,91,0.9438
USR00011,2026-05-02,,,96,86,0.8977
USR00011,2026-05-01,,,96,85,0.8817
USR00011,2026-04-30,,,96,85,0.8842
USR00011,2026-04-29,,,96,86,0.8996
USR00011,2026-04-28,,,96,93,0.9689
USR00011,2026-04-27,,,96,90,0.9422
USR00011,2026-04-26,,,96,87,0.9092
USR00011,2026-04-25,,,96,89,0.9235
USR00011,2026-04-24,,,96,88,0.9199
USR00011,2026-04-23,,,96,91,0.9516
USR00012,2026-05-22,,,96,95,0.9947
USR00012,2026-05-21,,,96,95,0.9933
USR00012,2026-05-20,,,96,92,0.9588
USR00012,2026-05-19,,,96,96,1.0
USR00012,2026-05-18,,,96,94,0.9754
USR00012,2026-05-17,,,96,92,0.9545
USR00012,2026-05-16,,,96,96,1.0
USR00012,2026-05-15,,,96,95,0.9859
USR00012,2026-05-14,,,96,96,0.9965
USR00012,2026-05-13,,,96,91,0.9487
USR00012,2026-05-12,,,96,96,1.0
USR00012,2026-05-11,,,96,96,1.0
USR00012,2026-05-10,,,96,91,0.9464
USR00012,2026-05-09,,,96,96,0.9949
USR00012,2026-05-08,,,96,92,0.9607
USR00012,2026-05-07,,,96,96,1.0
USR00012,2026-05-06,,,96,96,1.0
USR00012,2026-05-05,,,96,95,0.9927
USR00012,2026-05-04,,,96,91,0.9474
USR00012,2026-05-03,,,96,92,0.9547
USR00012,2026-05-02,,,96,96,1.0
USR00012,2026-05-01,,,96,91,0.9434
USR00012,2026-04-30,,,96,91,0.9443
USR00012,2026-04-29,,,96,95,0.9845
USR00012,2026-04-28,,,96,95,0.9883
USR00012,2026-04-27,,,96,96,0.9957
USR00012,2026-04-26,,,96,93,0.9711
USR00012,2026-04-25,,,96,96,1.0
USR00012,2026-04-24,,,96,92,0.9584
USR00012,2026-04-23,,,96,96,1.0
USR00013,2026-05-22,,,96,90,0.9402
USR00013,2026-05-21,,,96,92,0.9576
USR00013,2026-05-20,,,96,87,0.9085
USR00013,2026-05-19,,,96,87,0.9023
USR00013,2026-05-18,,,96,84,0.8715
USR00013,2026-05-17,,,96,83,0.8616
USR00013,2026-05-16,,,96,88,0.9169
USR00013,2026-05-15,,,96,88,0.9189
USR00013,2026-05-14,,,96,85,0.8896
USR00013,2026-05-13,,,96,86,0.896
USR00013,2026-05-12,,,96,93,0.9679
USR00013,2026-05-11,,,96,91,0.9484
USR00013,2026-05-10,,,96,85,0.8843
USR00013,2026-05-09,,,96,87,0.9089
USR00013,2026-05-08,,,96,90,0.9343
USR00013,2026-05-07,,,96,87,0.9034
USR00013,2026-05-06,,,96,86,0.8979
USR00013,2026-05-05,,,96,88,0.912
USR00013,2026-05-04,,,96,92,0.9549
USR00013,2026-05-03,,,96,92,0.9576
USR00013,2026-05-02,,,96,86,0.9001
USR00013,2026-05-01,,,96,90,0.936
USR00013,2026-04-30,,,96,89,0.922
USR00013,2026-04-29,,,96,86,0.8919
USR00013,2026-04-28,,,96,88,0.9133
USR00013,2026-04-27,,,96,85,0.8842
USR00013,2026-04-26,,,96,92,0.9571
USR00013,2026-04-25,,,96,93,0.9687
USR00013,2026-04-24,,,96,87,0.9099
USR00013,2026-04-23,,,96,87,0.9027
USR00014,2026-05-22,MP000140,MTR000140,96,93,0.97
USR00014,2026-05-21,MP000140,MTR000140,96,86,0.9001
USR00014,2026-05-20,MP000140,MTR000140,96,89,0.9291
USR00014,2026-05-19,MP000140,MTR000140,96,89,0.9318
USR00014,2026-05-18,MP000140,MTR000140,96,87,0.9104
USR00014,2026-05-17,MP000140,MTR000140,96,91,0.9451
USR00014,2026-05-16,MP000140,MTR000140,96,88,0.9125
USR00014,2026-05-15,MP000140,MTR000140,96,88,0.9173
USR00014,2026-05-14,MP000140,MTR000140,96,89,0.9305
USR00014,2026-05-13,MP000140,MTR000140,96,85,0.8889
USR00014,2026-05-12,MP000140,MTR000140,96,84,0.8718
USR00014,2026-05-11,MP000140,MTR000140,96,92,0.9611
USR00014,2026-05-10,MP000140,MTR000140,96,87,0.9113
USR00014,2026-05-09,MP000140,MTR000140,96,96,0.9976
USR00014,2026-05-08,MP000140,MTR000140,96,95,0.9927
USR00014,2026-05-07,MP000140,MTR000140,96,88,0.9183
USR00014,2026-05-06,MP000140,MTR000140,96,96,1.0
USR00014,2026-05-05,MP000140,MTR000140,96,92,0.9617
USR00014,2026-05-04,MP000140,MTR000140,96,88,0.9142
USR00014,2026-05-03,MP000140,MTR000140,96,82,0.8561
USR00014,2026-05-02,MP000140,MTR000140,96,92,0.9542
USR00014,2026-05-01,MP000140,MTR000140,96,90,0.9345
USR00014,2026-04-30,MP000140,MTR000140,96,91,0.9465
USR00014,2026-04-29,MP000140,MTR000140,96,89,0.9267
USR00014,2026-04-28,MP000140,MTR000140,96,86,0.8992
USR00014,2026-04-27,MP000140,MTR000140,96,88,0.9207
USR00014,2026-04-26,MP000140,MTR000140,96,92,0.9547
USR00014,2026-04-25,MP000140,MTR000140,96,89,0.9229
USR00014,2026-04-24,MP000140,MTR000140,96,89,0.9227
USR00014,2026-04-23,MP000140,MTR000140,96,85,0.888
USR00015,2026-05-22,MP000091,MTR000091,96,86,0.8974
USR00015,2026-05-21,MP000091,MTR000091,96,92,0.9583
USR00015,2026-05-20,MP000091,MTR000091,96,87,0.9088
USR00015,2026-05-19,MP000091,MTR000091,96,89,0.9219
USR00015,2026-05-18,MP000091,MTR000091,96,96,0.9957
USR00015,2026-05-17,MP000091,MTR000091,96,88,0.9216
USR00015,2026-05-16,MP000091,MTR000091,96,88,0.9176
USR00015,2026-05-15,MP000091,MTR000091,96,91,0.9484
USR00015,2026-05-14,MP000091,MTR000091,96,84,0.8772
USR00015,2026-05-13,MP000091,MTR000091,96,93,0.9683
USR00015,2026-05-12,MP000091,MTR000091,96,92,0.9606
USR00015,2026-05-11,MP000091,MTR000091,96,91,0.9465
USR00015,2026-05-10,MP000091,MTR000091,96,80,0.8295
USR00015,2026-05-09,MP000091,MTR000091,96,89,0.923
USR00015,2026-05-08,MP000091,MTR000091,96,86,0.8926
USR00015,2026-05-07,MP000091,MTR000091,96,93,0.9645
USR00015,2026-05-06,MP000091,MTR000091,96,92,0.9624
USR00015,2026-05-05,MP000091,MTR000091,96,90,0.9424
USR00015,2026-05-04,MP000091,MTR000091,96,86,0.8947
USR00015,2026-05-03,MP000091,MTR000091,96,94,0.9756
USR00015,2026-05-02,MP000091,MTR000091,96,89,0.9229
USR00015,2026-05-01,MP000091,MTR000091,96,95,0.985
USR00015,2026-04-30,MP000091,MTR000091,96,90,0.9388
USR00015,2026-04-29,MP000091,MTR000091,96,91,0.946
USR00015,2026-04-28,MP000091,MTR000091,96,88,0.917
USR00015,2026-04-27,MP000091,MTR000091,96,93,0.973
USR00015,2026-04-26,MP000091,MTR000091,96,91,0.949
USR00015,2026-04-25,MP000091,MTR000091,96,94,0.9741
USR00015,2026-04-24,MP000091,MTR000091,96,90,0.9361
USR00015,2026-04-23,MP000091,MTR000091,96,89,0.9294
USR00016,2026-05-22,MP000156,MTR000156,96,96,0.9961
USR00016,2026-05-21,MP000156,MTR000156,96,94,0.9833
USR00016,2026-05-20,MP000156,MTR000156,96,92,0.9569
USR00016,2026-05-19,MP000156,MTR000156,96,86,0.8971
USR00016,2026-05-18,MP000156,MTR000156,96,94,0.9771
USR00016,2026-05-17,MP000156,MTR000156,96,87,0.9096
USR00016,2026-05-16,MP000156,MTR000156,96,92,0.9538
USR00016,2026-05-15,MP000156,MTR000156,96,91,0.9493
USR00016,2026-05-14,MP000156,MTR000156,96,87,0.9102
USR00016,2026-05-13,MP000156,MTR000156,96,93,0.9639
USR00016,2026-05-12,MP000156,MTR000156,96,96,1.0
USR00016,2026-05-11,MP000156,MTR000156,96,91,0.9434
USR00016,2026-05-10,MP000156,MTR000156,96,94,0.9758
USR00016,2026-05-09,MP000156,MTR000156,96,96,1.0
USR00016,2026-05-08,MP000156,MTR000156,96,94,0.9787
USR00016,2026-05-07,MP000156,MTR000156,96,90,0.9334
USR00016,2026-05-06,MP000156,MTR000156,96,92,0.9599
USR00016,2026-05-05,MP000156,MTR000156,96,93,0.9672
USR00016,2026-05-04,MP000156,MTR000156,96,96,0.9958
USR00016,2026-05-03,MP000156,MTR000156,96,95,0.9892
USR00016,2026-05-02,MP000156,MTR000156,96,83,0.8697
USR00016,2026-05-01,MP000156,MTR000156,96,89,0.9271
USR00016,2026-04-30,MP000156,MTR000156,96,91,0.9507
USR00016,2026-04-29,MP000156,MTR000156,96,89,0.9223
USR00016,2026-04-28,MP000156,MTR000156,96,81,0.8418
USR00016,2026-04-27,MP000156,MTR000156,96,89,0.931
USR00016,2026-04-26,MP000156,MTR000156,96,91,0.9527
USR00016,2026-04-25,MP000156,MTR000156,96,90,0.937
USR00016,2026-04-24,MP000156,MTR000156,96,89,0.9229
USR00016,2026-04-23,MP000156,MTR000156,96,92,0.954
USR00017,2026-05-22,,,96,90,0.939
USR00017,2026-05-21,,,96,95,0.9942
USR00017,2026-05-20,,,96,92,0.9548
USR00017,2026-05-19,,,96,89,0.9269
USR00017,2026-05-18,,,96,88,0.9193
USR00017,2026-05-17,,,96,91,0.9466
USR00017,2026-05-16,,,96,95,0.9864
USR00017,2026-05-15,,,96,89,0.9283
USR00017,2026-05-14,,,96,93,0.9709
USR00017,2026-05-13,,,96,92,0.9559
USR00017,2026-05-12,,,96,96,1.0
USR00017,2026-05-11,,,96,93,0.9647
USR00017,2026-05-10,,,96,89,0.9321
USR00017,2026-05-09,,,96,94,0.9751
USR00017,2026-05-08,,,96,94,0.9761
USR00017,2026-05-07,,,96,90,0.9411
USR00017,2026-05-06,,,96,88,0.9181
USR00017,2026-05-05,,,96,93,0.9691
USR00017,2026-05-04,,,96,92,0.9549
USR00017,2026-05-03,,,96,87,0.9075
USR00017,2026-05-02,,,96,92,0.9607
USR00017,2026-05-01,,,96,90,0.9339
USR00017,2026-04-30,,,96,87,0.9076
USR00017,2026-04-29,,,96,90,0.9425
USR00017,2026-04-28,,,96,95,0.9915
USR00017,2026-04-27,,,96,95,0.9893
USR00017,2026-04-26,,,96,94,0.9814
USR00017,2026-04-25,,,96,92,0.9611
USR00017,2026-04-24,,,96,93,0.9709
USR00017,2026-04-23,,,96,92,0.956
USR00018,2026-05-22,MP000087,MTR000087,96,90,0.9384
USR00018,2026-05-21,MP000087,MTR000087,96,91,0.9473
USR00018,2026-05-20,MP000087,MTR000087,96,96,1.0
USR00018,2026-05-19,MP000087,MTR000087,96,96,0.9979
USR00018,2026-05-18,MP000087,MTR000087,96,90,0.9332
USR00018,2026-05-17,MP000087,MTR000087,96,93,0.9672
USR00018,2026-05-16,MP000087,MTR000087,96,92,0.9535
USR00018,2026-05-15,MP000087,MTR000087,96,92,0.9609
USR00018,2026-05-14,MP000087,MTR000087,96,91,0.9495
USR00018,2026-05-13,MP000087,MTR000087,96,96,1.0
USR00018,2026-05-12,MP000087,MTR000087,96,93,0.965
USR00018,2026-05-11,MP000087,MTR000087,96,93,0.972
USR00018,2026-05-10,MP000087,MTR000087,96,93,0.9723
USR00018,2026-05-09,MP000087,MTR000087,96,90,0.9347
USR00018,2026-05-08,MP000087,MTR000087,96,93,0.9688
USR00018,2026-05-07,MP000087,MTR000087,96,96,0.9974
USR00018,2026-05-06,MP000087,MTR000087,96,96,1.0
USR00018,2026-05-05,MP000087,MTR000087,96,89,0.9311
USR00018,2026-05-04,MP000087,MTR000087,96,88,0.92
USR00018,2026-05-03,MP000087,MTR000087,96,93,0.9674
USR00018,2026-05-02,MP000087,MTR000087,96,96,0.9988
USR00018,2026-05-01,MP000087,MTR000087,96,94,0.9763
USR00018,2026-04-30,MP000087,MTR000087,96,95,0.986
USR00018,2026-04-29,MP000087,MTR000087,96,89,0.9247
USR00018,2026-04-28,MP000087,MTR000087,96,91,0.9484
USR00018,2026-04-27,MP000087,MTR000087,96,86,0.8997
USR00018,2026-04-26,MP000087,MTR000087,96,92,0.9613
USR00018,2026-04-25,MP000087,MTR000087,96,86,0.9006
USR00018,2026-04-24,MP000087,MTR000087,96,96,1.0
USR00018,2026-04-23,MP000087,MTR000087,96,96,1.0
USR00019,2026-05-22,,,96,86,0.8953
USR00019,2026-05-21,,,96,91,0.9519
USR00019,2026-05-20,,,96,96,0.9964
USR00019,2026-05-19,,,96,92,0.9549
USR00019,2026-05-18,,,96,94,0.9762
USR00019,2026-05-17,,,96,89,0.9261
USR00019,2026-05-16,,,96,88,0.9145
USR00019,2026-05-15,,,96,90,0.9385
USR00019,2026-05-14,,,96,85,0.8829
USR00019,2026-05-13,,,96,96,1.0
USR00019,2026-05-12,,,96,91,0.9449
USR00019,2026-05-11,,,96,93,0.9667
USR00019,2026-05-10,,,96,89,0.9268
USR00019,2026-05-09,,,96,86,0.8944
USR00019,2026-05-08,,,96,94,0.9834
USR00019,2026-05-07,,,96,87,0.9069
USR00019,2026-05-06,,,96,91,0.9511
USR00019,2026-05-05,,,96,92,0.954
USR00019,2026-05-04,,,96,91,0.9429
USR00019,2026-05-03,,,96,88,0.9171
USR00019,2026-05-02,,,96,90,0.9362
USR00019,2026-05-01,,,96,88,0.9122
USR00019,2026-04-30,,,96,93,0.9649
USR00019,2026-04-29,,,96,92,0.9578
USR00019,2026-04-28,,,96,90,0.94
USR00019,2026-04-27,,,96,89,0.9236
USR00019,2026-04-26,,,96,96,1.0
USR00019,2026-04-25,,,96,87,0.9016
USR00019,2026-04-24,,,96,86,0.8943
USR00019,2026-04-23,,,96,90,0.9382
USR00020,2026-05-22,MP000166,MTR000166,96,96,1.0
USR00020,2026-05-21,MP000166,MTR000166,96,95,0.9907
USR00020,2026-05-20,MP000166,MTR000166,96,93,0.9722
USR00020,2026-05-19,MP000166,MTR000166,96,95,0.9863
USR00020,2026-05-18,MP000166,MTR000166,96,95,0.9858
USR00020,2026-05-17,MP000166,MTR000166,96,96,1.0
USR00020,2026-05-16,MP000166,MTR000166,96,94,0.9789
USR00020,2026-05-15,MP000166,MTR000166,96,91,0.9509
USR00020,2026-05-14,MP000166,MTR000166,96,94,0.9773
USR00020,2026-05-13,MP000166,MTR000166,96,86,0.8928
USR00020,2026-05-12,MP000166,MTR000166,96,93,0.9703
USR00020,2026-05-11,MP000166,MTR000166,96,96,1.0
USR00020,2026-05-10,MP000166,MTR000166,96,95,0.9894
USR00020,2026-05-09,MP000166,MTR000166,96,94,0.9803
USR00020,2026-05-08,MP000166,MTR000166,96,95,0.9908
USR00020,2026-05-07,MP000166,MTR000166,96,96,1.0
USR00020,2026-05-06,MP000166,MTR000166,96,96,1.0
USR00020,2026-05-05,MP000166,MTR000166,96,95,0.9848
USR00020,2026-05-04,MP000166,MTR000166,96,92,0.9618
USR00020,2026-05-03,MP000166,MTR000166,96,87,0.9019
USR00020,2026-05-02,MP000166,MTR000166,96,96,1.0
USR00020,2026-05-01,MP000166,MTR000166,96,95,0.9868
USR00020,2026-04-30,MP000166,MTR000166,96,94,0.9759
USR00020,2026-04-29,MP000166,MTR000166,96,91,0.9507
USR00020,2026-04-28,MP000166,MTR000166,96,96,1.0
USR00020,2026-04-27,MP000166,MTR000166,96,93,0.9636
USR00020,2026-04-26,MP000166,MTR000166,96,93,0.9703
USR00020,2026-04-25,MP000166,MTR000166,96,93,0.9696
USR00020,2026-04-24,MP000166,MTR000166,96,95,0.9848
USR00020,2026-04-23,MP000166,MTR000166,96,90,0.9369
USR00021,2026-05-22,,,96,89,0.9219
USR00021,2026-05-21,,,96,89,0.923
USR00021,2026-05-20,,,96,93,0.9701
USR00021,2026-05-19,,,96,88,0.9137
USR00021,2026-05-18,,,96,93,0.97
USR00021,2026-05-17,,,96,91,0.9466
USR00021,2026-05-16,,,96,86,0.8941
USR00021,2026-05-15,,,96,95,0.9845
USR00021,2026-05-14,,,96,91,0.9528
USR00021,2026-05-13,,,96,92,0.9554
USR00021,2026-05-12,,,96,93,0.9738
USR00021,2026-05-11,,,96,95,0.9885
USR00021,2026-05-10,,,96,91,0.9496
USR00021,2026-05-09,,,96,92,0.9621
USR00021,2026-05-08,,,96,92,0.9547
USR00021,2026-05-07,,,96,90,0.9333
USR00021,2026-05-06,,,96,86,0.896
USR00021,2026-05-05,,,96,91,0.95
USR00021,2026-05-04,,,96,95,0.9849
USR00021,2026-05-03,,,96,92,0.961
USR00021,2026-05-02,,,96,88,0.9115
USR00021,2026-05-01,,,96,94,0.9765
USR00021,2026-04-30,,,96,90,0.9343
USR00021,2026-04-29,,,96,85,0.8808
USR00021,2026-04-28,,,96,94,0.9741
USR00021,2026-04-27,,,96,88,0.9152
USR00021,2026-04-26,,,96,96,0.997
USR00021,2026-04-25,,,96,94,0.978
USR00021,2026-04-24,,,96,90,0.9367
USR00021,2026-04-23,,,96,92,0.9573
USR00022,2026-05-22,,,96,92,0.9599
USR00022,2026-05-21,,,96,90,0.9371
USR00022,2026-05-20,,,96,96,1.0
USR00022,2026-05-19,,,96,90,0.9335
USR00022,2026-05-18,,,96,91,0.9474
USR00022,2026-05-17,,,96,87,0.9018
USR00022,2026-05-16,,,96,84,0.8797
USR00022,2026-05-15,,,96,88,0.9213
USR00022,2026-05-14,,,96,89,0.9311
USR00022,2026-05-13,,,96,90,0.9398
USR00022,2026-05-12,,,96,85,0.8873
USR00022,2026-05-11,,,96,91,0.9497
USR00022,2026-05-10,,,96,87,0.905
USR00022,2026-05-09,,,96,91,0.9482
USR00022,2026-05-08,,,96,92,0.958
USR00022,2026-05-07,,,96,88,0.9181
USR00022,2026-05-06,,,96,86,0.901
USR00022,2026-05-05,,,96,94,0.9762
USR00022,2026-05-04,,,96,92,0.9561
USR00022,2026-05-03,,,96,90,0.9345
USR00022,2026-05-02,,,96,94,0.974
USR00022,2026-05-01,,,96,90,0.9324
USR00022,2026-04-30,,,96,87,0.9113
USR00022,2026-04-29,,,96,86,0.8999
USR00022,2026-04-28,,,96,89,0.9267
USR00022,2026-04-27,,,96,91,0.9531
USR00022,2026-04-26,,,96,93,0.9716
USR00022,2026-04-25,,,96,89,0.9306
USR00022,2026-04-24,,,96,93,0.9663
USR00022,2026-04-23,,,96,89,0.9235
USR00023,2026-05-22,MP000570,MTR000570,96,92,0.9605
USR00023,2026-05-21,MP000570,MTR000570,96,95,0.9845
USR00023,2026-05-20,MP000570,MTR000570,96,92,0.9617
USR00023,2026-05-19,MP000570,MTR000570,96,96,1.0
USR00023,2026-05-18,MP000570,MTR000570,96,96,1.0
USR00023,2026-05-17,MP000570,MTR000570,96,96,0.9969
USR00023,2026-05-16,MP000570,MTR000570,96,96,1.0
USR00023,2026-05-15,MP000570,MTR000570,96,92,0.9607
USR00023,2026-05-14,MP000570,MTR000570,96,96,0.9956
USR00023,2026-05-13,MP000570,MTR000570,96,96,1.0
USR00023,2026-05-12,MP000570,MTR000570,96,96,0.9954
USR00023,2026-05-11,MP000570,MTR000570,96,96,1.0
USR00023,2026-05-10,MP000570,MTR000570,96,96,1.0
USR00023,2026-05-09,MP000570,MTR000570,96,96,1.0
USR00023,2026-05-08,MP000570,MTR000570,96,96,1.0
USR00023,2026-05-07,MP000570,MTR000570,96,96,0.9998
USR00023,2026-05-06,MP000570,MTR000570,96,95,0.9851
USR00023,2026-05-05,MP000570,MTR000570,96,96,0.9963
USR00023,2026-05-04,MP000570,MTR000570,96,93,0.9701
USR00023,2026-05-03,MP000570,MTR000570,96,96,0.9977
USR00023,2026-05-02,MP000570,MTR000570,96,96,0.9996
USR00023,2026-05-01,MP000570,MTR000570,96,96,1.0
USR00023,2026-04-30,MP000570,MTR000570,96,96,1.0
USR00023,2026-04-29,MP000570,MTR000570,96,96,1.0
USR00023,2026-04-28,MP000570,MTR000570,96,90,0.9349
USR00023,2026-04-27,MP000570,MTR000570,96,92,0.9632
USR00023,2026-04-26,MP000570,MTR000570,96,95,0.9891
USR00023,2026-04-25,MP000570,MTR000570,96,96,1.0
USR00023,2026-04-24,MP000570,MTR000570,96,96,0.9964
USR00023,2026-04-23,MP000570,MTR000570,96,92,0.9557
USR00024,2026-05-22,MP000094,MTR000094,96,91,0.9468
USR00024,2026-05-21,MP000094,MTR000094,96,90,0.9409
USR00024,2026-05-20,MP000094,MTR000094,96,96,1.0
USR00024,2026-05-19,MP000094,MTR000094,96,93,0.9722
USR00024,2026-05-18,MP000094,MTR000094,96,95,0.9879
USR00024,2026-05-17,MP000094,MTR000094,96,94,0.9799
USR00024,2026-05-16,MP000094,MTR000094,96,94,0.9752
USR00024,2026-05-15,MP000094,MTR000094,96,92,0.9575
USR00024,2026-05-14,MP000094,MTR000094,96,93,0.9734
USR00024,2026-05-13,MP000094,MTR000094,96,95,0.9928
USR00024,2026-05-12,MP000094,MTR000094,96,96,1.0
USR00024,2026-05-11,MP000094,MTR000094,96,96,1.0
USR00024,2026-05-10,MP000094,MTR000094,96,91,0.9461
USR00024,2026-05-09,MP000094,MTR000094,96,96,1.0
USR00024,2026-05-08,MP000094,MTR000094,96,96,0.997
USR00024,2026-05-07,MP000094,MTR000094,96,93,0.964
USR00024,2026-05-06,MP000094,MTR000094,96,95,0.9882
USR00024,2026-05-05,MP000094,MTR000094,96,96,0.9999
USR00024,2026-05-04,MP000094,MTR000094,96,94,0.9841
USR00024,2026-05-03,MP000094,MTR000094,96,96,0.9971
USR00024,2026-05-02,MP000094,MTR000094,96,92,0.9568
USR00024,2026-05-01,MP000094,MTR000094,96,96,1.0
USR00024,2026-04-30,MP000094,MTR000094,96,89,0.9248
USR00024,2026-04-29,MP000094,MTR000094,96,96,1.0
USR00024,2026-04-28,MP000094,MTR000094,96,95,0.9937
USR00024,2026-04-27,MP000094,MTR000094,96,96,1.0
USR00024,2026-04-26,MP000094,MTR000094,96,92,0.9615
USR00024,2026-04-25,MP000094,MTR000094,96,96,1.0
USR00024,2026-04-24,MP000094,MTR000094,96,94,0.9795
USR00024,2026-04-23,MP000094,MTR000094,96,91,0.9471
USR00025,2026-05-22,,,96,90,0.9405
USR00025,2026-05-21,,,96,85,0.8888
USR00025,2026-05-20,,,96,95,0.9907
USR00025,2026-05-19,,,96,93,0.9682
USR00025,2026-05-18,,,96,95,0.9915
USR00025,2026-05-17,,,96,95,0.9884
USR00025,2026-05-16,,,96,89,0.9262
USR00025,2026-05-15,,,96,87,0.9106
USR00025,2026-05-14,,,96,82,0.8564
USR00025,2026-05-13,,,96,89,0.9245
USR00025,2026-05-12,,,96,95,0.9897
USR00025,2026-05-11,,,96,88,0.9119
USR00025,2026-05-10,,,96,89,0.9304
USR00025,2026-05-09,,,96,88,0.9201
USR00025,2026-05-08,,,96,91,0.948
USR00025,2026-05-07,,,96,94,0.9753
USR00025,2026-05-06,,,96,85,0.8905
USR00025,2026-05-05,,,96,86,0.8963
USR00025,2026-05-04,,,96,94,0.9813
USR00025,2026-05-03,,,96,92,0.9587
USR00025,2026-05-02,,,96,89,0.9289
USR00025,2026-05-01,,,96,95,0.9879
USR00025,2026-04-30,,,96,86,0.8958
USR00025,2026-04-29,,,96,93,0.9646
USR00025,2026-04-28,,,96,90,0.9347
USR00025,2026-04-27,,,96,92,0.9549
USR00025,2026-04-26,,,96,83,0.8651
USR00025,2026-04-25,,,96,89,0.9289
USR00025,2026-04-24,,,96,92,0.9588
USR00025,2026-04-23,,,96,90,0.9348
USR00026,2026-05-22,MP000097,MTR000097,96,96,1.0
USR00026,2026-05-21,MP000097,MTR000097,96,91,0.9489
USR00026,2026-05-20,MP000097,MTR000097,96,96,1.0
USR00026,2026-05-19,MP000097,MTR000097,96,91,0.9478
USR00026,2026-05-18,MP000097,MTR000097,96,94,0.9792
USR00026,2026-05-17,MP000097,MTR000097,96,96,0.9973
USR00026,2026-05-16,MP000097,MTR000097,96,91,0.9526
USR00026,2026-05-15,MP000097,MTR000097,96,96,1.0
USR00026,2026-05-14,MP000097,MTR000097,96,92,0.9625
USR00026,2026-05-13,MP000097,MTR000097,96,92,0.9602
USR00026,2026-05-12,MP000097,MTR000097,96,96,0.9988
USR00026,2026-05-11,MP000097,MTR000097,96,91,0.9525
USR00026,2026-05-10,MP000097,MTR000097,96,91,0.951
USR00026,2026-05-09,MP000097,MTR000097,96,96,1.0
USR00026,2026-05-08,MP000097,MTR000097,96,94,0.9809
USR00026,2026-05-07,MP000097,MTR000097,96,90,0.934
USR00026,2026-05-06,MP000097,MTR000097,96,96,1.0
USR00026,2026-05-05,MP000097,MTR000097,96,93,0.9654
USR00026,2026-05-04,MP000097,MTR000097,96,90,0.9355
USR00026,2026-05-03,MP000097,MTR000097,96,87,0.9024
USR00026,2026-05-02,MP000097,MTR000097,96,96,1.0
USR00026,2026-05-01,MP000097,MTR000097,96,91,0.9518
USR00026,2026-04-30,MP000097,MTR000097,96,90,0.9403
USR00026,2026-04-29,MP000097,MTR000097,96,96,0.9968
USR00026,2026-04-28,MP000097,MTR000097,96,96,1.0
USR00026,2026-04-27,MP000097,MTR000097,96,92,0.954
USR00026,2026-04-26,MP000097,MTR000097,96,96,1.0
USR00026,2026-04-25,MP000097,MTR000097,96,96,1.0
USR00026,2026-04-24,MP000097,MTR000097,96,96,1.0
USR00026,2026-04-23,MP000097,MTR000097,96,96,1.0
USR00027,2026-05-22,MP000587,MTR000587,96,92,0.9584
USR00027,2026-05-21,MP000587,MTR000587,96,93,0.9701
USR00027,2026-05-20,MP000587,MTR000587,96,95,0.985
USR00027,2026-05-19,MP000587,MTR000587,96,90,0.934
USR00027,2026-05-18,MP000587,MTR000587,96,91,0.9487
USR00027,2026-05-17,MP000587,MTR000587,96,89,0.9289
USR00027,2026-05-16,MP000587,MTR000587,96,94,0.9788
USR00027,2026-05-15,MP000587,MTR000587,96,94,0.9743
USR00027,2026-05-14,MP000587,MTR000587,96,91,0.9522
USR00027,2026-05-13,MP000587,MTR000587,96,96,0.9964
USR00027,2026-05-12,MP000587,MTR000587,96,90,0.9404
USR00027,2026-05-11,MP000587,MTR000587,96,91,0.9511
USR00027,2026-05-10,MP000587,MTR000587,96,96,0.9952
USR00027,2026-05-09,MP000587,MTR000587,96,96,0.9996
USR00027,2026-05-08,MP000587,MTR000587,96,91,0.9479
USR00027,2026-05-07,MP000587,MTR000587,96,94,0.9787
USR00027,2026-05-06,MP000587,MTR000587,96,91,0.9484
USR00027,2026-05-05,MP000587,MTR000587,96,93,0.9658
USR00027,2026-05-04,MP000587,MTR000587,96,94,0.9761
USR00027,2026-05-03,MP000587,MTR000587,96,95,0.9886
USR00027,2026-05-02,MP000587,MTR000587,96,94,0.9813
USR00027,2026-05-01,MP000587,MTR000587,96,94,0.98
USR00027,2026-04-30,MP000587,MTR000587,96,90,0.9394
USR00027,2026-04-29,MP000587,MTR000587,96,94,0.9834
USR00027,2026-04-28,MP000587,MTR000587,96,95,0.9883
USR00027,2026-04-27,MP000587,MTR000587,96,95,0.9924
USR00027,2026-04-26,MP000587,MTR000587,96,91,0.9502
USR00027,2026-04-25,MP000587,MTR000587,96,96,0.9992
USR00027,2026-04-24,MP000587,MTR000587,96,89,0.9322
USR00027,2026-04-23,MP000587,MTR000587,96,92,0.9588
USR00028,2026-05-22,,,96,89,0.9244
USR00028,2026-05-21,,,96,92,0.9535
USR00028,2026-05-20,,,96,93,0.9689
USR00028,2026-05-19,,,96,87,0.9075
USR00028,2026-05-18,,,96,91,0.9504
USR00028,2026-05-17,,,96,87,0.9098
USR00028,2026-05-16,,,96,96,1.0
USR00028,2026-05-15,,,96,93,0.9686
USR00028,2026-05-14,,,96,93,0.966
USR00028,2026-05-13,,,96,93,0.9692
USR00028,2026-05-12,,,96,94,0.9804
USR00028,2026-05-11,,,96,95,0.9916
USR00028,2026-05-10,,,96,88,0.9153
USR00028,2026-05-09,,,96,96,1.0
USR00028,2026-05-08,,,96,96,0.9996
USR00028,2026-05-07,,,96,92,0.9602
USR00028,2026-05-06,,,96,92,0.9587
USR00028,2026-05-05,,,96,83,0.8692
USR00028,2026-05-04,,,96,89,0.9249
USR00028,2026-05-03,,,96,94,0.9778
USR00028,2026-05-02,,,96,96,0.9983
USR00028,2026-05-01,,,96,94,0.9841
USR00028,2026-04-30,,,96,92,0.96
USR00028,2026-04-29,,,96,96,1.0
USR00028,2026-04-28,,,96,95,0.9924
USR00028,2026-04-27,,,96,91,0.9504
USR00028,2026-04-26,,,96,96,1.0
USR00028,2026-04-25,,,96,89,0.9294
USR00028,2026-04-24,,,96,88,0.9181
USR00028,2026-04-23,,,96,91,0.9496
USR00029,2026-05-22,MP000599,MTR000599,96,93,0.9645
USR00029,2026-05-21,MP000599,MTR000599,96,96,0.9994
USR00029,2026-05-20,MP000599,MTR000599,96,94,0.9744
USR00029,2026-05-19,MP000599,MTR000599,96,94,0.9752
USR00029,2026-05-18,MP000599,MTR000599,96,94,0.9772
USR00029,2026-05-17,MP000599,MTR000599,96,87,0.9061
USR00029,2026-05-16,MP000599,MTR000599,96,89,0.93
USR00029,2026-05-15,MP000599,MTR000599,96,93,0.9639
USR00029,2026-05-14,MP000599,MTR000599,96,91,0.9502
USR00029,2026-05-13,MP000599,MTR000599,96,93,0.9685
USR00029,2026-05-12,MP000599,MTR000599,96,96,1.0
USR00029,2026-05-11,MP000599,MTR000599,96,93,0.9732
USR00029,2026-05-10,MP000599,MTR000599,96,90,0.9358
USR00029,2026-05-09,MP000599,MTR000599,96,91,0.9516
USR00029,2026-05-08,MP000599,MTR000599,96,96,1.0
USR00029,2026-05-07,MP000599,MTR000599,96,96,1.0
USR00029,2026-05-06,MP000599,MTR000599,96,95,0.9933
USR00029,2026-05-05,MP000599,MTR000599,96,89,0.9286
USR00029,2026-05-04,MP000599,MTR000599,96,95,0.9846
USR00029,2026-05-03,MP000599,MTR000599,96,95,0.987
USR00029,2026-05-02,MP000599,MTR000599,96,94,0.9762
USR00029,2026-05-01,MP000599,MTR000599,96,92,0.9583
USR00029,2026-04-30,MP000599,MTR000599,96,93,0.9646
USR00029,2026-04-29,MP000599,MTR000599,96,92,0.9562
USR00029,2026-04-28,MP000599,MTR000599,96,90,0.9411
USR00029,2026-04-27,MP000599,MTR000599,96,96,1.0
USR00029,2026-04-26,MP000599,MTR000599,96,96,1.0
USR00029,2026-04-25,MP000599,MTR000599,96,93,0.9669
USR00029,2026-04-24,MP000599,MTR000599,96,95,0.986
USR00029,2026-04-23,MP000599,MTR000599,96,95,0.9871
USR00030,2026-05-22,,,96,96,1.0
USR00030,2026-05-21,,,96,96,1.0
USR00030,2026-05-20,,,96,96,0.9999
USR00030,2026-05-19,,,96,95,0.9857
USR00030,2026-05-18,,,96,96,1.0
USR00030,2026-05-17,,,96,96,1.0
USR00030,2026-05-16,,,96,93,0.9739
USR00030,2026-05-15,,,96,96,1.0
USR00030,2026-05-14,,,96,96,1.0
USR00030,2026-05-13,,,96,90,0.9359
USR00030,2026-05-12,,,96,93,0.9711
USR00030,2026-05-11,,,96,96,1.0
USR00030,2026-05-10,,,96,90,0.941
USR00030,2026-05-09,,,96,91,0.9458
USR00030,2026-05-08,,,96,95,0.9906
USR00030,2026-05-07,,,96,96,1.0
USR00030,2026-05-06,,,96,96,1.0
USR00030,2026-05-05,,,96,96,1.0
USR00030,2026-05-04,,,96,96,1.0
USR00030,2026-05-03,,,96,95,0.9876
USR00030,2026-05-02,,,96,92,0.9595
USR00030,2026-05-01,,,96,95,0.9872
USR00030,2026-04-30,,,96,96,1.0
USR00030,2026-04-29,,,96,96,1.0
USR00030,2026-04-28,,,96,96,1.0
USR00030,2026-04-27,,,96,96,1.0
USR00030,2026-04-26,,,96,96,1.0
USR00030,2026-04-25,,,96,96,1.0
USR00030,2026-04-24,,,96,96,1.0
USR00030,2026-04-23,,,96,94,0.9769
USR00031,2026-05-22,MP000134,MTR000134,96,87,0.9069
USR00031,2026-05-21,MP000134,MTR000134,96,91,0.9451
USR00031,2026-05-20,MP000134,MTR000134,96,86,0.8909
USR00031,2026-05-19,MP000134,MTR000134,96,88,0.9116
USR00031,2026-05-18,MP000134,MTR000134,96,83,0.8655
USR00031,2026-05-17,MP000134,MTR000134,96,90,0.9391
USR00031,2026-05-16,MP000134,MTR000134,96,92,0.9587
USR00031,2026-05-15,MP000134,MTR000134,96,91,0.9486
USR00031,2026-05-14,MP000134,MTR000134,96,91,0.9457
USR00031,2026-05-13,MP000134,MTR000134,96,91,0.9465
USR00031,2026-05-12,MP000134,MTR000134,96,90,0.9423
USR00031,2026-05-11,MP000134,MTR000134,96,90,0.9397
USR00031,2026-05-10,MP000134,MTR000134,96,90,0.9417
USR00031,2026-05-09,MP000134,MTR000134,96,87,0.9016
USR00031,2026-05-08,MP000134,MTR000134,96,88,0.9153
USR00031,2026-05-07,MP000134,MTR000134,96,89,0.9234
USR00031,2026-05-06,MP000134,MTR000134,96,87,0.9112
USR00031,2026-05-05,MP000134,MTR000134,96,84,0.8743
USR00031,2026-05-04,MP000134,MTR000134,96,85,0.8842
USR00031,2026-05-03,MP000134,MTR000134,96,89,0.9282
USR00031,2026-05-02,MP000134,MTR000134,96,91,0.9485
USR00031,2026-05-01,MP000134,MTR000134,96,88,0.9216
USR00031,2026-04-30,MP000134,MTR000134,96,96,1.0
USR00031,2026-04-29,MP000134,MTR000134,96,86,0.8937
USR00031,2026-04-28,MP000134,MTR000134,96,90,0.9346
USR00031,2026-04-27,MP000134,MTR000134,96,92,0.96
USR00031,2026-04-26,MP000134,MTR000134,96,92,0.9533
USR00031,2026-04-25,MP000134,MTR000134,96,90,0.9409
USR00031,2026-04-24,MP000134,MTR000134,96,92,0.9534
USR00031,2026-04-23,MP000134,MTR000134,96,89,0.923
USR00032,2026-05-22,MP000124,MTR000124,96,96,1.0
USR00032,2026-05-21,MP000124,MTR000124,96,93,0.9703
USR00032,2026-05-20,MP000124,MTR000124,96,96,1.0
USR00032,2026-05-19,MP000124,MTR000124,96,91,0.9494
USR00032,2026-05-18,MP000124,MTR000124,96,96,1.0
USR00032,2026-05-17,MP000124,MTR000124,96,96,1.0
USR00032,2026-05-16,MP000124,MTR000124,96,96,1.0
USR00032,2026-05-15,MP000124,MTR000124,96,95,0.9925
USR00032,2026-05-14,MP000124,MTR000124,96,90,0.9401
USR00032,2026-05-13,MP000124,MTR000124,96,96,1.0
USR00032,2026-05-12,MP000124,MTR000124,96,96,0.9998
USR00032,2026-05-11,MP000124,MTR000124,96,93,0.9658
USR00032,2026-05-10,MP000124,MTR000124,96,96,1.0
USR00032,2026-05-09,MP000124,MTR000124,96,96,1.0
USR00032,2026-05-08,MP000124,MTR000124,96,95,0.9897
USR00032,2026-05-07,MP000124,MTR000124,96,95,0.9928
USR00032,2026-05-06,MP000124,MTR000124,96,96,1.0
USR00032,2026-05-05,MP000124,MTR000124,96,92,0.9625
USR00032,2026-05-04,MP000124,MTR000124,96,94,0.9751
USR00032,2026-05-03,MP000124,MTR000124,96,96,1.0
USR00032,2026-05-02,MP000124,MTR000124,96,95,0.9919
USR00032,2026-05-01,MP000124,MTR000124,96,93,0.9707
USR00032,2026-04-30,MP000124,MTR000124,96,94,0.9823
USR00032,2026-04-29,MP000124,MTR000124,96,96,1.0
USR00032,2026-04-28,MP000124,MTR000124,96,90,0.9365
USR00032,2026-04-27,MP000124,MTR000124,96,96,1.0
USR00032,2026-04-26,MP000124,MTR000124,96,96,1.0
USR00032,2026-04-25,MP000124,MTR000124,96,96,1.0
USR00032,2026-04-24,MP000124,MTR000124,96,96,1.0
USR00032,2026-04-23,MP000124,MTR000124,96,96,1.0
USR00033,2026-05-22,,,96,89,0.9262
USR00033,2026-05-21,,,96,92,0.9577
USR00033,2026-05-20,,,96,94,0.9836
USR00033,2026-05-19,,,96,86,0.892
USR00033,2026-05-18,,,96,91,0.9472
USR00033,2026-05-17,,,96,90,0.9408
USR00033,2026-05-16,,,96,90,0.933
USR00033,2026-05-15,,,96,89,0.9304
USR00033,2026-05-14,,,96,90,0.9369
USR00033,2026-05-13,,,96,90,0.9394
USR00033,2026-05-12,,,96,92,0.9635
USR00033,2026-05-11,,,96,91,0.9442
USR00033,2026-05-10,,,96,89,0.9246
USR00033,2026-05-09,,,96,87,0.9047
USR00033,2026-05-08,,,96,88,0.9158
USR00033,2026-05-07,,,96,90,0.9378
USR00033,2026-05-06,,,96,87,0.9088
USR00033,2026-05-05,,,96,92,0.9583
USR00033,2026-05-04,,,96,91,0.9428
USR00033,2026-05-03,,,96,93,0.9643
USR00033,2026-05-02,,,96,87,0.9108
USR00033,2026-05-01,,,96,87,0.905
USR00033,2026-04-30,,,96,93,0.964
USR00033,2026-04-29,,,96,90,0.9338
USR00033,2026-04-28,,,96,89,0.9239
USR00033,2026-04-27,,,96,91,0.9509
USR00033,2026-04-26,,,96,91,0.9498
USR00033,2026-04-25,,,96,86,0.8923
USR00033,2026-04-24,,,96,93,0.9715
USR00033,2026-04-23,,,96,88,0.9176
USR00034,2026-05-22,,,96,88,0.9187
USR00034,2026-05-21,,,96,93,0.9683
USR00034,2026-05-20,,,96,92,0.9532
USR00034,2026-05-19,,,96,86,0.8995
USR00034,2026-05-18,,,96,94,0.9785
USR00034,2026-05-17,,,96,86,0.901
USR00034,2026-05-16,,,96,91,0.95
USR00034,2026-05-15,,,96,95,0.9919
USR00034,2026-05-14,,,96,91,0.9428
USR00034,2026-05-13,,,96,89,0.9316
USR00034,2026-05-12,,,96,94,0.9828
USR00034,2026-05-11,,,96,91,0.9513
USR00034,2026-05-10,,,96,91,0.9466
USR00034,2026-05-09,,,96,96,0.997
USR00034,2026-05-08,,,96,89,0.9237
USR00034,2026-05-07,,,96,91,0.945
USR00034,2026-05-06,,,96,95,0.9847
USR00034,2026-05-05,,,96,88,0.9218
USR00034,2026-05-04,,,96,96,1.0
USR00034,2026-05-03,,,96,91,0.9522
USR00034,2026-05-02,,,96,95,0.985
USR00034,2026-05-01,,,96,95,0.9849
USR00034,2026-04-30,,,96,92,0.9542
USR00034,2026-04-29,,,96,91,0.9444
USR00034,2026-04-28,,,96,92,0.9575
USR00034,2026-04-27,,,96,94,0.9801
USR00034,2026-04-26,,,96,89,0.9291
USR00034,2026-04-25,,,96,89,0.9226
USR00034,2026-04-24,,,96,96,1.0
USR00034,2026-04-23,,,96,90,0.9367
USR00035,2026-05-22,,,96,88,0.9171
USR00035,2026-05-21,,,96,88,0.9184
USR00035,2026-05-20,,,96,93,0.9661
USR00035,2026-05-19,,,96,88,0.9206
USR00035,2026-05-18,,,96,88,0.9125
USR00035,2026-05-17,,,96,88,0.9151
USR00035,2026-05-16,,,96,87,0.9081
USR00035,2026-05-15,,,96,87,0.9031
USR00035,2026-05-14,,,96,87,0.9082
USR00035,2026-05-13,,,96,93,0.9731
USR00035,2026-05-12,,,96,91,0.9445
USR00035,2026-05-11,,,96,88,0.9128
USR00035,2026-05-10,,,96,91,0.9526
USR00035,2026-05-09,,,96,84,0.8756
USR00035,2026-05-08,,,96,93,0.9644
USR00035,2026-05-07,,,96,92,0.962
USR00035,2026-05-06,,,96,95,0.9903
USR00035,2026-05-05,,,96,92,0.9535
USR00035,2026-05-04,,,96,90,0.9363
USR00035,2026-05-03,,,96,92,0.9619
USR00035,2026-05-02,,,96,87,0.9044
USR00035,2026-05-01,,,96,87,0.9113
USR00035,2026-04-30,,,96,88,0.9212
USR00035,2026-04-29,,,96,93,0.9642
USR00035,2026-04-28,,,96,86,0.8975
USR00035,2026-04-27,,,96,86,0.8943
USR00035,2026-04-26,,,96,89,0.9303
USR00035,2026-04-25,,,96,91,0.9447
USR00035,2026-04-24,,,96,87,0.9021
USR00035,2026-04-23,,,96,91,0.9433
USR00036,2026-05-22,MP000401,MTR000401,96,96,1.0
USR00036,2026-05-21,MP000401,MTR000401,96,96,1.0
USR00036,2026-05-20,MP000401,MTR000401,96,95,0.991
USR00036,2026-05-19,MP000401,MTR000401,96,96,1.0
USR00036,2026-05-18,MP000401,MTR000401,96,95,0.9942
USR00036,2026-05-17,MP000401,MTR000401,96,96,1.0
USR00036,2026-05-16,MP000401,MTR000401,96,96,1.0
USR00036,2026-05-15,MP000401,MTR000401,96,96,1.0
USR00036,2026-05-14,MP000401,MTR000401,96,93,0.9638
USR00036,2026-05-13,MP000401,MTR000401,96,92,0.9566
USR00036,2026-05-12,MP000401,MTR000401,96,95,0.9848
USR00036,2026-05-11,MP000401,MTR000401,96,96,1.0
USR00036,2026-05-10,MP000401,MTR000401,96,96,1.0
USR00036,2026-05-09,MP000401,MTR000401,96,96,1.0
USR00036,2026-05-08,MP000401,MTR000401,96,96,1.0
USR00036,2026-05-07,MP000401,MTR000401,96,94,0.9839
USR00036,2026-05-06,MP000401,MTR000401,96,92,0.9597
USR00036,2026-05-05,MP000401,MTR000401,96,96,1.0
USR00036,2026-05-04,MP000401,MTR000401,96,95,0.9936
USR00036,2026-05-03,MP000401,MTR000401,96,91,0.9486
USR00036,2026-05-02,MP000401,MTR000401,96,95,0.9944
USR00036,2026-05-01,MP000401,MTR000401,96,93,0.9639
USR00036,2026-04-30,MP000401,MTR000401,96,94,0.981
USR00036,2026-04-29,MP000401,MTR000401,96,95,0.9939
USR00036,2026-04-28,MP000401,MTR000401,96,93,0.9666
USR00036,2026-04-27,MP000401,MTR000401,96,94,0.9791
USR00036,2026-04-26,MP000401,MTR000401,96,93,0.9714
USR00036,2026-04-25,MP000401,MTR000401,96,93,0.9722
USR00036,2026-04-24,MP000401,MTR000401,96,92,0.9635
USR00036,2026-04-23,MP000401,MTR000401,96,94,0.9793
USR00037,2026-05-22,MP000176,MTR000176,96,95,0.993
USR00037,2026-05-21,MP000176,MTR000176,96,94,0.9814
USR00037,2026-05-20,MP000176,MTR000176,96,96,1.0
USR00037,2026-05-19,MP000176,MTR000176,96,96,1.0
USR00037,2026-05-18,MP000176,MTR000176,96,96,0.9957
USR00037,2026-05-17,MP000176,MTR000176,96,95,0.9889
USR00037,2026-05-16,MP000176,MTR000176,96,96,0.9976
USR00037,2026-05-15,MP000176,MTR000176,96,95,0.9894
USR00037,2026-05-14,MP000176,MTR000176,96,94,0.9769
USR00037,2026-05-13,MP000176,MTR000176,96,94,0.9745
USR00037,2026-05-12,MP000176,MTR000176,96,91,0.9448
USR00037,2026-05-11,MP000176,MTR000176,96,96,1.0
USR00037,2026-05-10,MP000176,MTR000176,96,94,0.9745
USR00037,2026-05-09,MP000176,MTR000176,96,96,1.0
USR00037,2026-05-08,MP000176,MTR000176,96,96,1.0
USR00037,2026-05-07,MP000176,MTR000176,96,92,0.9566
USR00037,2026-05-06,MP000176,MTR000176,96,96,1.0
USR00037,2026-05-05,MP000176,MTR000176,96,86,0.8986
USR00037,2026-05-04,MP000176,MTR000176,96,96,1.0
USR00037,2026-05-03,MP000176,MTR000176,96,90,0.9353
USR00037,2026-05-02,MP000176,MTR000176,96,95,0.9903
USR00037,2026-05-01,MP000176,MTR000176,96,95,0.9882
USR00037,2026-04-30,MP000176,MTR000176,96,96,1.0
USR00037,2026-04-29,MP000176,MTR000176,96,93,0.9656
USR00037,2026-04-28,MP000176,MTR000176,96,87,0.911
USR00037,2026-04-27,MP000176,MTR000176,96,93,0.9656
USR00037,2026-04-26,MP000176,MTR000176,96,93,0.9688
USR00037,2026-04-25,MP000176,MTR000176,96,88,0.9139
USR00037,2026-04-24,MP000176,MTR000176,96,94,0.9768
USR00037,2026-04-23,MP000176,MTR000176,96,91,0.9431
USR00038,2026-05-22,MP000017,MTR000017,96,91,0.9461
USR00038,2026-05-21,MP000017,MTR000017,96,96,1.0
USR00038,2026-05-20,MP000017,MTR000017,96,91,0.9458
USR00038,2026-05-19,MP000017,MTR000017,96,93,0.9664
USR00038,2026-05-18,MP000017,MTR000017,96,91,0.9471
USR00038,2026-05-17,MP000017,MTR000017,96,87,0.9048
USR00038,2026-05-16,MP000017,MTR000017,96,91,0.9473
USR00038,2026-05-15,MP000017,MTR000017,96,94,0.9761
USR00038,2026-05-14,MP000017,MTR000017,96,93,0.9715
USR00038,2026-05-13,MP000017,MTR000017,96,91,0.9447
USR00038,2026-05-12,MP000017,MTR000017,96,87,0.9098
USR00038,2026-05-11,MP000017,MTR000017,96,93,0.9728
USR00038,2026-05-10,MP000017,MTR000017,96,93,0.9661
USR00038,2026-05-09,MP000017,MTR000017,96,94,0.9788
USR00038,2026-05-08,MP000017,MTR000017,96,91,0.9453
USR00038,2026-05-07,MP000017,MTR000017,96,87,0.903
USR00038,2026-05-06,MP000017,MTR000017,96,93,0.9695
USR00038,2026-05-05,MP000017,MTR000017,96,92,0.9532
USR00038,2026-05-04,MP000017,MTR000017,96,96,0.9952
USR00038,2026-05-03,MP000017,MTR000017,96,92,0.9543
USR00038,2026-05-02,MP000017,MTR000017,96,91,0.9521
USR00038,2026-05-01,MP000017,MTR000017,96,93,0.966
USR00038,2026-04-30,MP000017,MTR000017,96,90,0.9356
USR00038,2026-04-29,MP000017,MTR000017,96,90,0.9341
USR00038,2026-04-28,MP000017,MTR000017,96,91,0.9505
USR00038,2026-04-27,MP000017,MTR000017,96,89,0.9259
USR00038,2026-04-26,MP000017,MTR000017,96,91,0.9466
USR00038,2026-04-25,MP000017,MTR000017,96,96,1.0
USR00038,2026-04-24,MP000017,MTR000017,96,95,0.9848
USR00038,2026-04-23,MP000017,MTR000017,96,92,0.9627
USR00039,2026-05-22,,,96,91,0.9438
USR00039,2026-05-21,,,96,96,1.0
USR00039,2026-05-20,,,96,92,0.9547
USR00039,2026-05-19,,,96,96,1.0
USR00039,2026-05-18,,,96,96,1.0
USR00039,2026-05-17,,,96,88,0.916
USR00039,2026-05-16,,,96,96,1.0
USR00039,2026-05-15,,,96,92,0.96
USR00039,2026-05-14,,,96,91,0.9515
USR00039,2026-05-13,,,96,94,0.9843
USR00039,2026-05-12,,,96,90,0.9383
USR00039,2026-05-11,,,96,94,0.9836
USR00039,2026-05-10,,,96,90,0.9403
USR00039,2026-05-09,,,96,93,0.9739
USR00039,2026-05-08,,,96,96,1.0
USR00039,2026-05-07,,,96,94,0.9801
USR00039,2026-05-06,,,96,92,0.9578
USR00039,2026-05-05,,,96,95,0.9848
USR00039,2026-05-04,,,96,89,0.9264
USR00039,2026-05-03,,,96,91,0.9434
USR00039,2026-05-02,,,96,92,0.9556
USR00039,2026-05-01,,,96,95,0.9922
USR00039,2026-04-30,,,96,94,0.9807
USR00039,2026-04-29,,,96,95,0.9846
USR00039,2026-04-28,,,96,93,0.9677
USR00039,2026-04-27,,,96,91,0.9449
USR00039,2026-04-26,,,96,96,1.0
USR00039,2026-04-25,,,96,91,0.9476
USR00039,2026-04-24,,,96,94,0.9811
USR00039,2026-04-23,,,96,93,0.9652
USR00040,2026-05-22,MP000491,MTR000491,96,93,0.9643
USR00040,2026-05-21,MP000491,MTR000491,96,96,1.0
USR00040,2026-05-20,MP000491,MTR000491,96,96,1.0
USR00040,2026-05-19,MP000491,MTR000491,96,96,1.0
USR00040,2026-05-18,MP000491,MTR000491,96,95,0.9872
USR00040,2026-05-17,MP000491,MTR000491,96,93,0.9694
USR00040,2026-05-16,MP000491,MTR000491,96,96,1.0
USR00040,2026-05-15,MP000491,MTR000491,96,91,0.9527
USR00040,2026-05-14,MP000491,MTR000491,96,96,1.0
USR00040,2026-05-13,MP000491,MTR000491,96,95,0.9925
USR00040,2026-05-12,MP000491,MTR000491,96,94,0.9806
USR00040,2026-05-11,MP000491,MTR000491,96,95,0.988
USR00040,2026-05-10,MP000491,MTR000491,96,93,0.9672
USR00040,2026-05-09,MP000491,MTR000491,96,96,0.9953
USR00040,2026-05-08,MP000491,MTR000491,96,95,0.992
USR00040,2026-05-07,MP000491,MTR000491,96,96,1.0
USR00040,2026-05-06,MP000491,MTR000491,96,96,1.0
USR00040,2026-05-05,MP000491,MTR000491,96,96,0.998
USR00040,2026-05-04,MP000491,MTR000491,96,96,0.9998
USR00040,2026-05-03,MP000491,MTR000491,96,96,1.0
USR00040,2026-05-02,MP000491,MTR000491,96,92,0.9534
USR00040,2026-05-01,MP000491,MTR000491,96,94,0.977
USR00040,2026-04-30,MP000491,MTR000491,96,89,0.9253
USR00040,2026-04-29,MP000491,MTR000491,96,96,0.9993
USR00040,2026-04-28,MP000491,MTR000491,96,96,1.0
USR00040,2026-04-27,MP000491,MTR000491,96,91,0.9526
USR00040,2026-04-26,MP000491,MTR000491,96,96,1.0
USR00040,2026-04-25,MP000491,MTR000491,96,92,0.9609
USR00040,2026-04-24,MP000491,MTR000491,96,93,0.9722
USR00040,2026-04-23,MP000491,MTR000491,96,95,0.9861
USR00041,2026-05-22,MP000084,MTR000084,96,87,0.9028
USR00041,2026-05-21,MP000084,MTR000084,96,90,0.9373
USR00041,2026-05-20,MP000084,MTR000084,96,91,0.9518
USR00041,2026-05-19,MP000084,MTR000084,96,91,0.9456
USR00041,2026-05-18,MP000084,MTR000084,96,91,0.9467
USR00041,2026-05-17,MP000084,MTR000084,96,91,0.9514
USR00041,2026-05-16,MP000084,MTR000084,96,88,0.9119
USR00041,2026-05-15,MP000084,MTR000084,96,94,0.9792
USR00041,2026-05-14,MP000084,MTR000084,96,89,0.9252
USR00041,2026-05-13,MP000084,MTR000084,96,88,0.9212
USR00041,2026-05-12,MP000084,MTR000084,96,93,0.969
USR00041,2026-05-11,MP000084,MTR000084,96,87,0.9096
USR00041,2026-05-10,MP000084,MTR000084,96,90,0.9382
USR00041,2026-05-09,MP000084,MTR000084,96,87,0.9069
USR00041,2026-05-08,MP000084,MTR000084,96,96,1.0
USR00041,2026-05-07,MP000084,MTR000084,96,96,0.9978
USR00041,2026-05-06,MP000084,MTR000084,96,89,0.9253
USR00041,2026-05-05,MP000084,MTR000084,96,91,0.9442
USR00041,2026-05-04,MP000084,MTR000084,96,89,0.9287
USR00041,2026-05-03,MP000084,MTR000084,96,88,0.9181
USR00041,2026-05-02,MP000084,MTR000084,96,89,0.9322
USR00041,2026-05-01,MP000084,MTR000084,96,89,0.9273
USR00041,2026-04-30,MP000084,MTR000084,96,85,0.8829
USR00041,2026-04-29,MP000084,MTR000084,96,90,0.9365
USR00041,2026-04-28,MP000084,MTR000084,96,89,0.9273
USR00041,2026-04-27,MP000084,MTR000084,96,90,0.9379
USR00041,2026-04-26,MP000084,MTR000084,96,89,0.9262
USR00041,2026-04-25,MP000084,MTR000084,96,88,0.9178
USR00041,2026-04-24,MP000084,MTR000084,96,92,0.9548
USR00041,2026-04-23,MP000084,MTR000084,96,91,0.9446
USR00042,2026-05-22,MP000182,MTR000182,96,91,0.9512
USR00042,2026-05-21,MP000182,MTR000182,96,89,0.9304
USR00042,2026-05-20,MP000182,MTR000182,96,92,0.9548
USR00042,2026-05-19,MP000182,MTR000182,96,84,0.8769
USR00042,2026-05-18,MP000182,MTR000182,96,96,0.9995
USR00042,2026-05-17,MP000182,MTR000182,96,91,0.9446
USR00042,2026-05-16,MP000182,MTR000182,96,96,1.0
USR00042,2026-05-15,MP000182,MTR000182,96,87,0.9103
USR00042,2026-05-14,MP000182,MTR000182,96,87,0.9028
USR00042,2026-05-13,MP000182,MTR000182,96,91,0.9473
USR00042,2026-05-12,MP000182,MTR000182,96,91,0.9472
USR00042,2026-05-11,MP000182,MTR000182,96,91,0.9465
USR00042,2026-05-10,MP000182,MTR000182,96,90,0.9419
USR00042,2026-05-09,MP000182,MTR000182,96,88,0.9175
USR00042,2026-05-08,MP000182,MTR000182,96,86,0.8918
USR00042,2026-05-07,MP000182,MTR000182,96,91,0.9448
USR00042,2026-05-06,MP000182,MTR000182,96,86,0.8979
USR00042,2026-05-05,MP000182,MTR000182,96,86,0.895
USR00042,2026-05-04,MP000182,MTR000182,96,89,0.9249
USR00042,2026-05-03,MP000182,MTR000182,96,91,0.9493
USR00042,2026-05-02,MP000182,MTR000182,96,96,0.996
USR00042,2026-05-01,MP000182,MTR000182,96,93,0.9657
USR00042,2026-04-30,MP000182,MTR000182,96,94,0.9793
USR00042,2026-04-29,MP000182,MTR000182,96,92,0.956
USR00042,2026-04-28,MP000182,MTR000182,96,91,0.9474
USR00042,2026-04-27,MP000182,MTR000182,96,96,1.0
USR00042,2026-04-26,MP000182,MTR000182,96,86,0.8967
USR00042,2026-04-25,MP000182,MTR000182,96,89,0.9239
USR00042,2026-04-24,MP000182,MTR000182,96,89,0.9263
USR00042,2026-04-23,MP000182,MTR000182,96,92,0.9632
USR00043,2026-05-22,MP000373,MTR000373,96,96,1.0
USR00043,2026-05-21,MP000373,MTR000373,96,96,0.9969
USR00043,2026-05-20,MP000373,MTR000373,96,96,1.0
USR00043,2026-05-19,MP000373,MTR000373,96,96,1.0
USR00043,2026-05-18,MP000373,MTR000373,96,96,1.0
USR00043,2026-05-17,MP000373,MTR000373,96,94,0.9781
USR00043,2026-05-16,MP000373,MTR000373,96,96,0.9954
USR00043,2026-05-15,MP000373,MTR000373,96,92,0.9574
USR00043,2026-05-14,MP000373,MTR000373,96,91,0.9506
USR00043,2026-05-13,MP000373,MTR000373,96,96,1.0
USR00043,2026-05-12,MP000373,MTR000373,96,92,0.9552
USR00043,2026-05-11,MP000373,MTR000373,96,96,0.9988
USR00043,2026-05-10,MP000373,MTR000373,96,96,0.9955
USR00043,2026-05-09,MP000373,MTR000373,96,96,1.0
USR00043,2026-05-08,MP000373,MTR000373,96,89,0.9298
USR00043,2026-05-07,MP000373,MTR000373,96,96,1.0
USR00043,2026-05-06,MP000373,MTR000373,96,94,0.9778
USR00043,2026-05-05,MP000373,MTR000373,96,92,0.9615
USR00043,2026-05-04,MP000373,MTR000373,96,93,0.972
USR00043,2026-05-03,MP000373,MTR000373,96,96,1.0
USR00043,2026-05-02,MP000373,MTR000373,96,96,1.0
USR00043,2026-05-01,MP000373,MTR000373,96,94,0.9757
USR00043,2026-04-30,MP000373,MTR000373,96,91,0.9454
USR00043,2026-04-29,MP000373,MTR000373,96,91,0.9475
USR00043,2026-04-28,MP000373,MTR000373,96,96,1.0
USR00043,2026-04-27,MP000373,MTR000373,96,90,0.9412
USR00043,2026-04-26,MP000373,MTR000373,96,94,0.976
USR00043,2026-04-25,MP000373,MTR000373,96,96,1.0
USR00043,2026-04-24,MP000373,MTR000373,96,95,0.9933
USR00043,2026-04-23,MP000373,MTR000373,96,96,1.0
USR00044,2026-05-22,MP000019,MTR000019,96,91,0.9504
USR00044,2026-05-21,MP000019,MTR000019,96,96,1.0
USR00044,2026-05-20,MP000019,MTR000019,96,94,0.9788
USR00044,2026-05-19,MP000019,MTR000019,96,96,1.0
USR00044,2026-05-18,MP000019,MTR000019,96,95,0.9916
USR00044,2026-05-17,MP000019,MTR000019,96,96,1.0
USR00044,2026-05-16,MP000019,MTR000019,96,93,0.9731
USR00044,2026-05-15,MP000019,MTR000019,96,96,0.9989
USR00044,2026-05-14,MP000019,MTR000019,96,92,0.9634
USR00044,2026-05-13,MP000019,MTR000019,96,96,1.0
USR00044,2026-05-12,MP000019,MTR000019,96,96,1.0
USR00044,2026-05-11,MP000019,MTR000019,96,92,0.9614
USR00044,2026-05-10,MP000019,MTR000019,96,94,0.9807
USR00044,2026-05-09,MP000019,MTR000019,96,96,1.0
USR00044,2026-05-08,MP000019,MTR000019,96,96,1.0
USR00044,2026-05-07,MP000019,MTR000019,96,91,0.9478
USR00044,2026-05-06,MP000019,MTR000019,96,94,0.9763
USR00044,2026-05-05,MP000019,MTR000019,96,96,1.0
USR00044,2026-05-04,MP000019,MTR000019,96,95,0.9852
USR00044,2026-05-03,MP000019,MTR000019,96,96,0.9958
USR00044,2026-05-02,MP000019,MTR000019,96,96,1.0
USR00044,2026-05-01,MP000019,MTR000019,96,91,0.9503
USR00044,2026-04-30,MP000019,MTR000019,96,92,0.9621
USR00044,2026-04-29,MP000019,MTR000019,96,94,0.9806
USR00044,2026-04-28,MP000019,MTR000019,96,96,1.0
USR00044,2026-04-27,MP000019,MTR000019,96,96,1.0
USR00044,2026-04-26,MP000019,MTR000019,96,96,1.0
USR00044,2026-04-25,MP000019,MTR000019,96,95,0.9861
USR00044,2026-04-24,MP000019,MTR000019,96,96,1.0
USR00044,2026-04-23,MP000019,MTR000019,96,95,0.9857
USR00045,2026-05-22,MP000257,MTR000257,96,91,0.9526
USR00045,2026-05-21,MP000257,MTR000257,96,94,0.9761
USR00045,2026-05-20,MP000257,MTR000257,96,89,0.9235
USR00045,2026-05-19,MP000257,MTR000257,96,88,0.9144
USR00045,2026-05-18,MP000257,MTR000257,96,93,0.9641
USR00045,2026-05-17,MP000257,MTR000257,96,93,0.9664
USR00045,2026-05-16,MP000257,MTR000257,96,87,0.9089
USR00045,2026-05-15,MP000257,MTR000257,96,86,0.8921
USR00045,2026-05-14,MP000257,MTR000257,96,92,0.9618
USR00045,2026-05-13,MP000257,MTR000257,96,84,0.876
USR00045,2026-05-12,MP000257,MTR000257,96,84,0.8745
USR00045,2026-05-11,MP000257,MTR000257,96,88,0.9172
USR00045,2026-05-10,MP000257,MTR000257,96,89,0.9253
USR00045,2026-05-09,MP000257,MTR000257,96,85,0.8904
USR00045,2026-05-08,MP000257,MTR000257,96,89,0.9289
USR00045,2026-05-07,MP000257,MTR000257,96,89,0.9302
USR00045,2026-05-06,MP000257,MTR000257,96,87,0.9078
USR00045,2026-05-05,MP000257,MTR000257,96,94,0.9832
USR00045,2026-05-04,MP000257,MTR000257,96,90,0.9351
USR00045,2026-05-03,MP000257,MTR000257,96,92,0.9561
USR00045,2026-05-02,MP000257,MTR000257,96,84,0.8786
USR00045,2026-05-01,MP000257,MTR000257,96,84,0.8783
USR00045,2026-04-30,MP000257,MTR000257,96,90,0.936
USR00045,2026-04-29,MP000257,MTR000257,96,94,0.9779
USR00045,2026-04-28,MP000257,MTR000257,96,86,0.8919
USR00045,2026-04-27,MP000257,MTR000257,96,89,0.9265
USR00045,2026-04-26,MP000257,MTR000257,96,85,0.8852
USR00045,2026-04-25,MP000257,MTR000257,96,86,0.9007
USR00045,2026-04-24,MP000257,MTR000257,96,89,0.928
USR00045,2026-04-23,MP000257,MTR000257,96,87,0.9075
USR00046,2026-05-22,,,96,88,0.9195
USR00046,2026-05-21,,,96,87,0.9028
USR00046,2026-05-20,,,96,93,0.9737
USR00046,2026-05-19,,,96,94,0.9773
USR00046,2026-05-18,,,96,94,0.9771
USR00046,2026-05-17,,,96,89,0.9321
USR00046,2026-05-16,,,96,95,0.9895
USR00046,2026-05-15,,,96,94,0.9806
USR00046,2026-05-14,,,96,92,0.9596
USR00046,2026-05-13,,,96,92,0.9547
USR00046,2026-05-12,,,96,90,0.9399
USR00046,2026-05-11,,,96,93,0.9651
USR00046,2026-05-10,,,96,96,1.0
USR00046,2026-05-09,,,96,95,0.9935
USR00046,2026-05-08,,,96,91,0.9517
USR00046,2026-05-07,,,96,94,0.9755
USR00046,2026-05-06,,,96,89,0.9263
USR00046,2026-05-05,,,96,94,0.9813
USR00046,2026-05-04,,,96,90,0.9344
USR00046,2026-05-03,,,96,94,0.9801
USR00046,2026-05-02,,,96,96,1.0
USR00046,2026-05-01,,,96,90,0.9423
USR00046,2026-04-30,,,96,96,1.0
USR00046,2026-04-29,,,96,94,0.9741
USR00046,2026-04-28,,,96,90,0.9369
USR00046,2026-04-27,,,96,90,0.9355
USR00046,2026-04-26,,,96,96,1.0
USR00046,2026-04-25,,,96,94,0.9742
USR00046,2026-04-24,,,96,90,0.9424
USR00046,2026-04-23,,,96,92,0.9533
USR00047,2026-05-22,,,96,95,0.9943
USR00047,2026-05-21,,,96,96,1.0
USR00047,2026-05-20,,,96,96,1.0
USR00047,2026-05-19,,,96,92,0.9608
USR00047,2026-05-18,,,96,96,1.0
USR00047,2026-05-17,,,96,95,0.9924
USR00047,2026-05-16,,,96,94,0.9796
USR00047,2026-05-15,,,96,96,1.0
USR00047,2026-05-14,,,96,91,0.9508
USR00047,2026-05-13,,,96,89,0.9236
USR00047,2026-05-12,,,96,96,1.0
USR00047,2026-05-11,,,96,95,0.9905
USR00047,2026-05-10,,,96,92,0.954
USR00047,2026-05-09,,,96,91,0.9433
USR00047,2026-05-08,,,96,96,1.0
USR00047,2026-05-07,,,96,96,1.0
USR00047,2026-05-06,,,96,96,0.9952
USR00047,2026-05-05,,,96,96,1.0
USR00047,2026-05-04,,,96,96,1.0
USR00047,2026-05-03,,,96,96,1.0
USR00047,2026-05-02,,,96,92,0.9592
USR00047,2026-05-01,,,96,92,0.9581
USR00047,2026-04-30,,,96,96,1.0
USR00047,2026-04-29,,,96,96,1.0
USR00047,2026-04-28,,,96,96,1.0
USR00047,2026-04-27,,,96,91,0.9457
USR00047,2026-04-26,,,96,96,1.0
USR00047,2026-04-25,,,96,96,1.0
USR00047,2026-04-24,,,96,96,1.0
USR00047,2026-04-23,,,96,94,0.9824
USR00048,2026-05-22,,,96,89,0.9225
USR00048,2026-05-21,,,96,90,0.937
USR00048,2026-05-20,,,96,88,0.9145
USR00048,2026-05-19,,,96,89,0.923
USR00048,2026-05-18,,,96,90,0.9385
USR00048,2026-05-17,,,96,89,0.931
USR00048,2026-05-16,,,96,89,0.923
USR00048,2026-05-15,,,96,87,0.9068
USR00048,2026-05-14,,,96,96,1.0
USR00048,2026-05-13,,,96,89,0.9307
USR00048,2026-05-12,,,96,92,0.9557
USR00048,2026-05-11,,,96,86,0.893
USR00048,2026-05-10,,,96,95,0.9865
USR00048,2026-05-09,,,96,91,0.9508
USR00048,2026-05-08,,,96,90,0.9324
USR00048,2026-05-07,,,96,90,0.9327
USR00048,2026-05-06,,,96,93,0.9718
USR00048,2026-05-05,,,96,82,0.8572
USR00048,2026-05-04,,,96,88,0.921
USR00048,2026-05-03,,,96,90,0.9422
USR00048,2026-05-02,,,96,90,0.9418
USR00048,2026-05-01,,,96,96,1.0
USR00048,2026-04-30,,,96,90,0.9356
USR00048,2026-04-29,,,96,94,0.9755
USR00048,2026-04-28,,,96,96,1.0
USR00048,2026-04-27,,,96,93,0.9659
USR00048,2026-04-26,,,96,89,0.9255
USR00048,2026-04-25,,,96,87,0.9072
USR00048,2026-04-24,,,96,93,0.9681
USR00048,2026-04-23,,,96,96,0.9951
USR00049,2026-05-22,MP000052,MTR000052,96,96,1.0
USR00049,2026-05-21,MP000052,MTR000052,96,96,1.0
USR00049,2026-05-20,MP000052,MTR000052,96,96,1.0
USR00049,2026-05-19,MP000052,MTR000052,96,92,0.9607
USR00049,2026-05-18,MP000052,MTR000052,96,96,0.9953
USR00049,2026-05-17,MP000052,MTR000052,96,96,1.0
USR00049,2026-05-16,MP000052,MTR000052,96,95,0.9863
USR00049,2026-05-15,MP000052,MTR000052,96,96,1.0
USR00049,2026-05-14,MP000052,MTR000052,96,95,0.9917
USR00049,2026-05-13,MP000052,MTR000052,96,96,1.0
USR00049,2026-05-12,MP000052,MTR000052,96,94,0.9832
USR00049,2026-05-11,MP000052,MTR000052,96,96,0.9985
USR00049,2026-05-10,MP000052,MTR000052,96,96,1.0
USR00049,2026-05-09,MP000052,MTR000052,96,91,0.9455
USR00049,2026-05-08,MP000052,MTR000052,96,94,0.9805
USR00049,2026-05-07,MP000052,MTR000052,96,92,0.9567
USR00049,2026-05-06,MP000052,MTR000052,96,94,0.9815
USR00049,2026-05-05,MP000052,MTR000052,96,93,0.9699
USR00049,2026-05-04,MP000052,MTR000052,96,96,1.0
USR00049,2026-05-03,MP000052,MTR000052,96,96,1.0
USR00049,2026-05-02,MP000052,MTR000052,96,96,1.0
USR00049,2026-05-01,MP000052,MTR000052,96,92,0.9557
USR00049,2026-04-30,MP000052,MTR000052,96,95,0.9908
USR00049,2026-04-29,MP000052,MTR000052,96,92,0.9533
USR00049,2026-04-28,MP000052,MTR000052,96,95,0.9893
USR00049,2026-04-27,MP000052,MTR000052,96,96,1.0
USR00049,2026-04-26,MP000052,MTR000052,96,96,1.0
USR00049,2026-04-25,MP000052,MTR000052,96,96,1.0
USR00049,2026-04-24,MP000052,MTR000052,96,96,1.0
USR00049,2026-04-23,MP000052,MTR000052,96,96,1.0
USR00050,2026-05-22,MP000184,MTR000184,96,94,0.9791
USR00050,2026-05-21,MP000184,MTR000184,96,94,0.9801
USR00050,2026-05-20,MP000184,MTR000184,96,90,0.9372
USR00050,2026-05-19,MP000184,MTR000184,96,93,0.9643
USR00050,2026-05-18,MP000184,MTR000184,96,91,0.9441
USR00050,2026-05-17,MP000184,MTR000184,96,86,0.8926
USR00050,2026-05-16,MP000184,MTR000184,96,93,0.9661
USR00050,2026-05-15,MP000184,MTR000184,96,88,0.9141
USR00050,2026-05-14,MP000184,MTR000184,96,92,0.9628
USR00050,2026-05-13,MP000184,MTR000184,96,87,0.9068
USR00050,2026-05-12,MP000184,MTR000184,96,89,0.9313
USR00050,2026-05-11,MP000184,MTR000184,96,90,0.9399
USR00050,2026-05-10,MP000184,MTR000184,96,95,0.989
USR00050,2026-05-09,MP000184,MTR000184,96,90,0.9369
USR00050,2026-05-08,MP000184,MTR000184,96,88,0.9207
USR00050,2026-05-07,MP000184,MTR000184,96,93,0.9638
USR00050,2026-05-06,MP000184,MTR000184,96,91,0.9464
USR00050,2026-05-05,MP000184,MTR000184,96,94,0.9766
USR00050,2026-05-04,MP000184,MTR000184,96,89,0.9225
USR00050,2026-05-03,MP000184,MTR000184,96,92,0.9592
USR00050,2026-05-02,MP000184,MTR000184,96,96,1.0
USR00050,2026-05-01,MP000184,MTR000184,96,91,0.9457
USR00050,2026-04-30,MP000184,MTR000184,96,92,0.9585
USR00050,2026-04-29,MP000184,MTR000184,96,87,0.9031
USR00050,2026-04-28,MP000184,MTR000184,96,89,0.9273
USR00050,2026-04-27,MP000184,MTR000184,96,93,0.9667
USR00050,2026-04-26,MP000184,MTR000184,96,91,0.943
USR00050,2026-04-25,MP000184,MTR000184,96,93,0.9713
USR00050,2026-04-24,MP000184,MTR000184,96,93,0.9657
USR00050,2026-04-23,MP000184,MTR000184,96,88,0.9134
USR00051,2026-05-22,,,96,92,0.9616
USR00051,2026-05-21,,,96,94,0.9759
USR00051,2026-05-20,,,96,96,1.0
USR00051,2026-05-19,,,96,96,1.0
USR00051,2026-05-18,,,96,93,0.9687
USR00051,2026-05-17,,,96,96,1.0
USR00051,2026-05-16,,,96,96,1.0
USR00051,2026-05-15,,,96,96,1.0
USR00051,2026-05-14,,,96,96,1.0
USR00051,2026-05-13,,,96,95,0.9867
USR00051,2026-05-12,,,96,96,1.0
USR00051,2026-05-11,,,96,96,1.0
USR00051,2026-05-10,,,96,96,1.0
USR00051,2026-05-09,,,96,96,1.0
USR00051,2026-05-08,,,96,96,1.0
USR00051,2026-05-07,,,96,95,0.9846
USR00051,2026-05-06,,,96,92,0.9551
USR00051,2026-05-05,,,96,95,0.9905
USR00051,2026-05-04,,,96,96,1.0
USR00051,2026-05-03,,,96,96,0.9956
USR00051,2026-05-02,,,96,96,1.0
USR00051,2026-05-01,,,96,92,0.9552
USR00051,2026-04-30,,,96,95,0.9934
USR00051,2026-04-29,,,96,96,1.0
USR00051,2026-04-28,,,96,96,1.0
USR00051,2026-04-27,,,96,96,1.0
USR00051,2026-04-26,,,96,96,1.0
USR00051,2026-04-25,,,96,95,0.9879
USR00051,2026-04-24,,,96,91,0.9462
USR00051,2026-04-23,,,96,96,1.0
USR00052,2026-05-22,,,96,88,0.9188
USR00052,2026-05-21,,,96,89,0.9285
USR00052,2026-05-20,,,96,88,0.9152
USR00052,2026-05-19,,,96,95,0.9937
USR00052,2026-05-18,,,96,94,0.9833
USR00052,2026-05-17,,,96,92,0.9596
USR00052,2026-05-16,,,96,86,0.9008
USR00052,2026-05-15,,,96,95,0.9862
USR00052,2026-05-14,,,96,91,0.9471
USR00052,2026-05-13,,,96,86,0.9003
USR00052,2026-05-12,,,96,89,0.9296
USR00052,2026-05-11,,,96,92,0.9573
USR00052,2026-05-10,,,96,87,0.9106
USR00052,2026-05-09,,,96,90,0.9328
USR00052,2026-05-08,,,96,90,0.9381
USR00052,2026-05-07,,,96,86,0.8955
USR00052,2026-05-06,,,96,88,0.9205
USR00052,2026-05-05,,,96,86,0.8978
USR00052,2026-05-04,,,96,92,0.9546
USR00052,2026-05-03,,,96,87,0.9013
USR00052,2026-05-02,,,96,90,0.9373
USR00052,2026-05-01,,,96,85,0.8869
USR00052,2026-04-30,,,96,86,0.8946
USR00052,2026-04-29,,,96,86,0.8931
USR00052,2026-04-28,,,96,88,0.9199
USR00052,2026-04-27,,,96,90,0.934
USR00052,2026-04-26,,,96,90,0.9395
USR00052,2026-04-25,,,96,84,0.8754
USR00052,2026-04-24,,,96,89,0.9235
USR00052,2026-04-23,,,96,87,0.9061
USR00053,2026-05-22,MP000006,MTR000006,96,92,0.9573
USR00053,2026-05-21,MP000006,MTR000006,96,92,0.9629
USR00053,2026-05-20,MP000006,MTR000006,96,91,0.943
USR00053,2026-05-19,MP000006,MTR000006,96,96,1.0
USR00053,2026-05-18,MP000006,MTR000006,96,89,0.9269
USR00053,2026-05-17,MP000006,MTR000006,96,92,0.9534
USR00053,2026-05-16,MP000006,MTR000006,96,93,0.9686
USR00053,2026-05-15,MP000006,MTR000006,96,92,0.9578
USR00053,2026-05-14,MP000006,MTR000006,96,90,0.9424
USR00053,2026-05-13,MP000006,MTR000006,96,87,0.911
USR00053,2026-05-12,MP000006,MTR000006,96,91,0.9446
USR00053,2026-05-11,MP000006,MTR000006,96,90,0.9366
USR00053,2026-05-10,MP000006,MTR000006,96,96,1.0
USR00053,2026-05-09,MP000006,MTR000006,96,96,1.0
USR00053,2026-05-08,MP000006,MTR000006,96,93,0.9638
USR00053,2026-05-07,MP000006,MTR000006,96,89,0.9232
USR00053,2026-05-06,MP000006,MTR000006,96,95,0.9875
USR00053,2026-05-05,MP000006,MTR000006,96,90,0.9359
USR00053,2026-05-04,MP000006,MTR000006,96,91,0.9489
USR00053,2026-05-03,MP000006,MTR000006,96,91,0.9465
USR00053,2026-05-02,MP000006,MTR000006,96,91,0.9504
USR00053,2026-05-01,MP000006,MTR000006,96,92,0.9547
USR00053,2026-04-30,MP000006,MTR000006,96,89,0.926
USR00053,2026-04-29,MP000006,MTR000006,96,91,0.9443
USR00053,2026-04-28,MP000006,MTR000006,96,96,0.996
USR00053,2026-04-27,MP000006,MTR000006,96,93,0.9644
USR00053,2026-04-26,MP000006,MTR000006,96,93,0.9691
USR00053,2026-04-25,MP000006,MTR000006,96,86,0.8984
USR00053,2026-04-24,MP000006,MTR000006,96,95,0.9938
USR00053,2026-04-23,MP000006,MTR000006,96,91,0.9448
USR00054,2026-05-22,MP000145,MTR000145,96,92,0.9635
USR00054,2026-05-21,MP000145,MTR000145,96,90,0.942
USR00054,2026-05-20,MP000145,MTR000145,96,87,0.9085
USR00054,2026-05-19,MP000145,MTR000145,96,96,1.0
USR00054,2026-05-18,MP000145,MTR000145,96,94,0.9829
USR00054,2026-05-17,MP000145,MTR000145,96,95,0.9847
USR00054,2026-05-16,MP000145,MTR000145,96,96,1.0
USR00054,2026-05-15,MP000145,MTR000145,96,93,0.9656
USR00054,2026-05-14,MP000145,MTR000145,96,96,0.9994
USR00054,2026-05-13,MP000145,MTR000145,96,91,0.9445
USR00054,2026-05-12,MP000145,MTR000145,96,94,0.981
USR00054,2026-05-11,MP000145,MTR000145,96,90,0.9399
USR00054,2026-05-10,MP000145,MTR000145,96,91,0.9437
USR00054,2026-05-09,MP000145,MTR000145,96,92,0.9617
USR00054,2026-05-08,MP000145,MTR000145,96,88,0.9208
USR00054,2026-05-07,MP000145,MTR000145,96,93,0.9687
USR00054,2026-05-06,MP000145,MTR000145,96,91,0.9495
USR00054,2026-05-05,MP000145,MTR000145,96,86,0.8992
USR00054,2026-05-04,MP000145,MTR000145,96,91,0.9451
USR00054,2026-05-03,MP000145,MTR000145,96,91,0.9485
USR00054,2026-05-02,MP000145,MTR000145,96,95,0.9844
USR00054,2026-05-01,MP000145,MTR000145,96,93,0.9674
USR00054,2026-04-30,MP000145,MTR000145,96,96,1.0
USR00054,2026-04-29,MP000145,MTR000145,96,94,0.9744
USR00054,2026-04-28,MP000145,MTR000145,96,90,0.9422
USR00054,2026-04-27,MP000145,MTR000145,96,92,0.9571
USR00054,2026-04-26,MP000145,MTR000145,96,91,0.9484
USR00054,2026-04-25,MP000145,MTR000145,96,93,0.9735
USR00054,2026-04-24,MP000145,MTR000145,96,92,0.9606
USR00054,2026-04-23,MP000145,MTR000145,96,90,0.94
USR00055,2026-05-22,MP000529,MTR000529,96,94,0.9741
USR00055,2026-05-21,MP000529,MTR000529,96,89,0.9301
USR00055,2026-05-20,MP000529,MTR000529,96,93,0.9698
USR00055,2026-05-19,MP000529,MTR000529,96,88,0.9129
USR00055,2026-05-18,MP000529,MTR000529,96,95,0.9934
USR00055,2026-05-17,MP000529,MTR000529,96,94,0.9761
USR00055,2026-05-16,MP000529,MTR000529,96,96,1.0
USR00055,2026-05-15,MP000529,MTR000529,96,89,0.9268
USR00055,2026-05-14,MP000529,MTR000529,96,95,0.9943
USR00055,2026-05-13,MP000529,MTR000529,96,95,0.9883
USR00055,2026-05-12,MP000529,MTR000529,96,92,0.9548
USR00055,2026-05-11,MP000529,MTR000529,96,91,0.949
USR00055,2026-05-10,MP000529,MTR000529,96,89,0.9277
USR00055,2026-05-09,MP000529,MTR000529,96,88,0.9199
USR00055,2026-05-08,MP000529,MTR000529,96,90,0.9377
USR00055,2026-05-07,MP000529,MTR000529,96,89,0.9226
USR00055,2026-05-06,MP000529,MTR000529,96,96,1.0
USR00055,2026-05-05,MP000529,MTR000529,96,88,0.9152
USR00055,2026-05-04,MP000529,MTR000529,96,93,0.9647
USR00055,2026-05-03,MP000529,MTR000529,96,93,0.9733
USR00055,2026-05-02,MP000529,MTR000529,96,93,0.971
USR00055,2026-05-01,MP000529,MTR000529,96,93,0.9736
USR00055,2026-04-30,MP000529,MTR000529,96,95,0.9886
USR00055,2026-04-29,MP000529,MTR000529,96,91,0.9469
USR00055,2026-04-28,MP000529,MTR000529,96,92,0.9629
USR00055,2026-04-27,MP000529,MTR000529,96,91,0.9514
USR00055,2026-04-26,MP000529,MTR000529,96,96,0.9993
USR00055,2026-04-25,MP000529,MTR000529,96,96,1.0
USR00055,2026-04-24,MP000529,MTR000529,96,89,0.9244
USR00055,2026-04-23,MP000529,MTR000529,96,86,0.8993
USR00056,2026-05-22,MP000040,MTR000040,96,96,1.0
USR00056,2026-05-21,MP000040,MTR000040,96,96,1.0
USR00056,2026-05-20,MP000040,MTR000040,96,96,0.9961
USR00056,2026-05-19,MP000040,MTR000040,96,96,1.0
USR00056,2026-05-18,MP000040,MTR000040,96,96,1.0
USR00056,2026-05-17,MP000040,MTR000040,96,96,1.0
USR00056,2026-05-16,MP000040,MTR000040,96,96,1.0
USR00056,2026-05-15,MP000040,MTR000040,96,90,0.9355
USR00056,2026-05-14,MP000040,MTR000040,96,93,0.9737
USR00056,2026-05-13,MP000040,MTR000040,96,94,0.983
USR00056,2026-05-12,MP000040,MTR000040,96,93,0.971
USR00056,2026-05-11,MP000040,MTR000040,96,93,0.9728
USR00056,2026-05-10,MP000040,MTR000040,96,96,1.0
USR00056,2026-05-09,MP000040,MTR000040,96,91,0.9512
USR00056,2026-05-08,MP000040,MTR000040,96,96,0.9979
USR00056,2026-05-07,MP000040,MTR000040,96,94,0.9834
USR00056,2026-05-06,MP000040,MTR000040,96,91,0.9482
USR00056,2026-05-05,MP000040,MTR000040,96,90,0.9417
USR00056,2026-05-04,MP000040,MTR000040,96,89,0.9229
USR00056,2026-05-03,MP000040,MTR000040,96,95,0.9885
USR00056,2026-05-02,MP000040,MTR000040,96,93,0.9721
USR00056,2026-05-01,MP000040,MTR000040,96,91,0.9492
USR00056,2026-04-30,MP000040,MTR000040,96,88,0.9177
USR00056,2026-04-29,MP000040,MTR000040,96,95,0.9869
USR00056,2026-04-28,MP000040,MTR000040,96,93,0.9687
USR00056,2026-04-27,MP000040,MTR000040,96,91,0.9525
USR00056,2026-04-26,MP000040,MTR000040,96,91,0.945
USR00056,2026-04-25,MP000040,MTR000040,96,93,0.9668
USR00056,2026-04-24,MP000040,MTR000040,96,95,0.988
USR00056,2026-04-23,MP000040,MTR000040,96,93,0.964
USR00057,2026-05-22,,,96,93,0.966
USR00057,2026-05-21,,,96,96,0.9991
USR00057,2026-05-20,,,96,93,0.9689
USR00057,2026-05-19,,,96,93,0.9698
USR00057,2026-05-18,,,96,92,0.9579
USR00057,2026-05-17,,,96,90,0.941
USR00057,2026-05-16,,,96,90,0.94
USR00057,2026-05-15,,,96,88,0.9179
USR00057,2026-05-14,,,96,96,1.0
USR00057,2026-05-13,,,96,94,0.9816
USR00057,2026-05-12,,,96,93,0.9702
USR00057,2026-05-11,,,96,94,0.9766
USR00057,2026-05-10,,,96,94,0.9779
USR00057,2026-05-09,,,96,91,0.9457
USR00057,2026-05-08,,,96,92,0.9579
USR00057,2026-05-07,,,96,92,0.9535
USR00057,2026-05-06,,,96,96,1.0
USR00057,2026-05-05,,,96,96,0.9983
USR00057,2026-05-04,,,96,93,0.9727
USR00057,2026-05-03,,,96,96,1.0
USR00057,2026-05-02,,,96,96,1.0
USR00057,2026-05-01,,,96,89,0.9263
USR00057,2026-04-30,,,96,92,0.961
USR00057,2026-04-29,,,96,93,0.9672
USR00057,2026-04-28,,,96,95,0.9861
USR00057,2026-04-27,,,96,92,0.961
USR00057,2026-04-26,,,96,93,0.9648
USR00057,2026-04-25,,,96,92,0.9539
USR00057,2026-04-24,,,96,96,0.9992
USR00057,2026-04-23,,,96,89,0.9244
USR00058,2026-05-22,,,96,90,0.938
USR00058,2026-05-21,,,96,92,0.9624
USR00058,2026-05-20,,,96,96,1.0
USR00058,2026-05-19,,,96,96,1.0
USR00058,2026-05-18,,,96,94,0.9839
USR00058,2026-05-17,,,96,96,1.0
USR00058,2026-05-16,,,96,96,1.0
USR00058,2026-05-15,,,96,95,0.9912
USR00058,2026-05-14,,,96,96,1.0
USR00058,2026-05-13,,,96,94,0.9797
USR00058,2026-05-12,,,96,96,1.0
USR00058,2026-05-11,,,96,92,0.9575
USR00058,2026-05-10,,,96,96,1.0
USR00058,2026-05-09,,,96,96,1.0
USR00058,2026-05-08,,,96,92,0.9573
USR00058,2026-05-07,,,96,93,0.9696
USR00058,2026-05-06,,,96,96,1.0
USR00058,2026-05-05,,,96,94,0.9832
USR00058,2026-05-04,,,96,96,1.0
USR00058,2026-05-03,,,96,94,0.9825
USR00058,2026-05-02,,,96,96,1.0
USR00058,2026-05-01,,,96,95,0.9936
USR00058,2026-04-30,,,96,96,1.0
USR00058,2026-04-29,,,96,96,1.0
USR00058,2026-04-28,,,96,91,0.9528
USR00058,2026-04-27,,,96,96,1.0
USR00058,2026-04-26,,,96,96,1.0
USR00058,2026-04-25,,,96,96,1.0
USR00058,2026-04-24,,,96,96,1.0
USR00058,2026-04-23,,,96,92,0.9576
USR00059,2026-05-22,,,96,95,0.9879
USR00059,2026-05-21,,,96,96,1.0
USR00059,2026-05-20,,,96,96,1.0
USR00059,2026-05-19,,,96,96,1.0
USR00059,2026-05-18,,,96,96,1.0
USR00059,2026-05-17,,,96,95,0.9898
USR00059,2026-05-16,,,96,96,1.0
USR00059,2026-05-15,,,96,96,1.0
USR00059,2026-05-14,,,96,95,0.9868
USR00059,2026-05-13,,,96,94,0.9828
USR00059,2026-05-12,,,96,95,0.9934
USR00059,2026-05-11,,,96,88,0.9168
USR00059,2026-05-10,,,96,96,0.9976
USR00059,2026-05-09,,,96,96,1.0
USR00059,2026-05-08,,,96,95,0.9935
USR00059,2026-05-07,,,96,96,0.9995
USR00059,2026-05-06,,,96,95,0.9879
USR00059,2026-05-05,,,96,89,0.9293
USR00059,2026-05-04,,,96,96,1.0
USR00059,2026-05-03,,,96,94,0.9782
USR00059,2026-05-02,,,96,93,0.9707
USR00059,2026-05-01,,,96,96,1.0
USR00059,2026-04-30,,,96,96,1.0
USR00059,2026-04-29,,,96,96,0.9974
USR00059,2026-04-28,,,96,96,1.0
USR00059,2026-04-27,,,96,92,0.9545
USR00059,2026-04-26,,,96,95,0.9868
USR00059,2026-04-25,,,96,96,1.0
USR00059,2026-04-24,,,96,93,0.9689
USR00059,2026-04-23,,,96,92,0.9592
USR00060,2026-05-22,MP000417,MTR000417,96,91,0.944
USR00060,2026-05-21,MP000417,MTR000417,96,92,0.9603
USR00060,2026-05-20,MP000417,MTR000417,96,86,0.8996
USR00060,2026-05-19,MP000417,MTR000417,96,83,0.8644
USR00060,2026-05-18,MP000417,MTR000417,96,93,0.9685
USR00060,2026-05-17,MP000417,MTR000417,96,87,0.9084
USR00060,2026-05-16,MP000417,MTR000417,96,89,0.9226
USR00060,2026-05-15,MP000417,MTR000417,96,84,0.8754
USR00060,2026-05-14,MP000417,MTR000417,96,93,0.9716
USR00060,2026-05-13,MP000417,MTR000417,96,91,0.9514
USR00060,2026-05-12,MP000417,MTR000417,96,91,0.9502
USR00060,2026-05-11,MP000417,MTR000417,96,91,0.95
USR00060,2026-05-10,MP000417,MTR000417,96,84,0.8791
USR00060,2026-05-09,MP000417,MTR000417,96,87,0.9114
USR00060,2026-05-08,MP000417,MTR000417,96,89,0.9274
USR00060,2026-05-07,MP000417,MTR000417,96,88,0.9184
USR00060,2026-05-06,MP000417,MTR000417,96,90,0.9328
USR00060,2026-05-05,MP000417,MTR000417,96,91,0.9483
USR00060,2026-05-04,MP000417,MTR000417,96,93,0.9711
USR00060,2026-05-03,MP000417,MTR000417,96,86,0.8965
USR00060,2026-05-02,MP000417,MTR000417,96,90,0.9406
USR00060,2026-05-01,MP000417,MTR000417,96,92,0.9623
USR00060,2026-04-30,MP000417,MTR000417,96,88,0.9132
USR00060,2026-04-29,MP000417,MTR000417,96,90,0.9351
USR00060,2026-04-28,MP000417,MTR000417,96,92,0.9549
USR00060,2026-04-27,MP000417,MTR000417,96,90,0.9412
USR00060,2026-04-26,MP000417,MTR000417,96,92,0.9611
USR00060,2026-04-25,MP000417,MTR000417,96,91,0.9438
USR00060,2026-04-24,MP000417,MTR000417,96,89,0.9316
USR00060,2026-04-23,MP000417,MTR000417,96,87,0.9057
USR00061,2026-05-22,,,96,93,0.9662
USR00061,2026-05-21,,,96,90,0.9334
USR00061,2026-05-20,,,96,94,0.9806
USR00061,2026-05-19,,,96,96,1.0
USR00061,2026-05-18,,,96,91,0.9434
USR00061,2026-05-17,,,96,90,0.9413
USR00061,2026-05-16,,,96,90,0.9402
USR00061,2026-05-15,,,96,88,0.9128
USR00061,2026-05-14,,,96,96,1.0
USR00061,2026-05-13,,,96,91,0.9497
USR00061,2026-05-12,,,96,90,0.9374
USR00061,2026-05-11,,,96,89,0.9294
USR00061,2026-05-10,,,96,91,0.9515
USR00061,2026-05-09,,,96,90,0.9423
USR00061,2026-05-08,,,96,96,1.0
USR00061,2026-05-07,,,96,89,0.9257
USR00061,2026-05-06,,,96,88,0.917
USR00061,2026-05-05,,,96,94,0.9797
USR00061,2026-05-04,,,96,92,0.9599
USR00061,2026-05-03,,,96,92,0.9565
USR00061,2026-05-02,,,96,94,0.9799
USR00061,2026-05-01,,,96,93,0.9673
USR00061,2026-04-30,,,96,92,0.9618
USR00061,2026-04-29,,,96,88,0.921
USR00061,2026-04-28,,,96,88,0.9131
USR00061,2026-04-27,,,96,90,0.9421
USR00061,2026-04-26,,,96,89,0.9306
USR00061,2026-04-25,,,96,93,0.9712
USR00061,2026-04-24,,,96,87,0.9092
USR00061,2026-04-23,,,96,91,0.9497
USR00062,2026-05-22,,,96,94,0.9795
USR00062,2026-05-21,,,96,95,0.9926
USR00062,2026-05-20,,,96,93,0.9709
USR00062,2026-05-19,,,96,92,0.9606
USR00062,2026-05-18,,,96,96,1.0
USR00062,2026-05-17,,,96,93,0.9711
USR00062,2026-05-16,,,96,96,1.0
USR00062,2026-05-15,,,96,93,0.9709
USR00062,2026-05-14,,,96,94,0.9802
USR00062,2026-05-13,,,96,94,0.9765
USR00062,2026-05-12,,,96,95,0.9876
USR00062,2026-05-11,,,96,93,0.9681
USR00062,2026-05-10,,,96,94,0.9835
USR00062,2026-05-09,,,96,96,1.0
USR00062,2026-05-08,,,96,96,1.0
USR00062,2026-05-07,,,96,96,1.0
USR00062,2026-05-06,,,96,90,0.9404
USR00062,2026-05-05,,,96,91,0.9453
USR00062,2026-05-04,,,96,95,0.9872
USR00062,2026-05-03,,,96,96,1.0
USR00062,2026-05-02,,,96,93,0.9651
USR00062,2026-05-01,,,96,92,0.9597
USR00062,2026-04-30,,,96,96,1.0
USR00062,2026-04-29,,,96,96,1.0
USR00062,2026-04-28,,,96,96,1.0
USR00062,2026-04-27,,,96,93,0.9674
USR00062,2026-04-26,,,96,93,0.9651
USR00062,2026-04-25,,,96,96,1.0
USR00062,2026-04-24,,,96,93,0.9728
USR00062,2026-04-23,,,96,92,0.9623
USR00063,2026-05-22,MP000576,MTR000576,96,91,0.9517
USR00063,2026-05-21,MP000576,MTR000576,96,95,0.9933
USR00063,2026-05-20,MP000576,MTR000576,96,88,0.9218
USR00063,2026-05-19,MP000576,MTR000576,96,95,0.9859
USR00063,2026-05-18,MP000576,MTR000576,96,91,0.9458
USR00063,2026-05-17,MP000576,MTR000576,96,92,0.9608
USR00063,2026-05-16,MP000576,MTR000576,96,92,0.9627
USR00063,2026-05-15,MP000576,MTR000576,96,92,0.9604
USR00063,2026-05-14,MP000576,MTR000576,96,92,0.9584
USR00063,2026-05-13,MP000576,MTR000576,96,92,0.9537
USR00063,2026-05-12,MP000576,MTR000576,96,91,0.9499
USR00063,2026-05-11,MP000576,MTR000576,96,96,1.0
USR00063,2026-05-10,MP000576,MTR000576,96,93,0.9678
USR00063,2026-05-09,MP000576,MTR000576,96,92,0.9633
USR00063,2026-05-08,MP000576,MTR000576,96,91,0.9477
USR00063,2026-05-07,MP000576,MTR000576,96,92,0.9548
USR00063,2026-05-06,MP000576,MTR000576,96,91,0.9478
USR00063,2026-05-05,MP000576,MTR000576,96,95,0.99
USR00063,2026-05-04,MP000576,MTR000576,96,91,0.9445
USR00063,2026-05-03,MP000576,MTR000576,96,86,0.8997
USR00063,2026-05-02,MP000576,MTR000576,96,93,0.9688
USR00063,2026-05-01,MP000576,MTR000576,96,92,0.9587
USR00063,2026-04-30,MP000576,MTR000576,96,91,0.9495
USR00063,2026-04-29,MP000576,MTR000576,96,95,0.9944
USR00063,2026-04-28,MP000576,MTR000576,96,85,0.8851
USR00063,2026-04-27,MP000576,MTR000576,96,96,1.0
USR00063,2026-04-26,MP000576,MTR000576,96,96,0.9987
USR00063,2026-04-25,MP000576,MTR000576,96,91,0.9482
USR00063,2026-04-24,MP000576,MTR000576,96,92,0.9535
USR00063,2026-04-23,MP000576,MTR000576,96,94,0.9822
USR00064,2026-05-22,MP000511,MTR000511,96,93,0.965
USR00064,2026-05-21,MP000511,MTR000511,96,90,0.9355
USR00064,2026-05-20,MP000511,MTR000511,96,96,1.0
USR00064,2026-05-19,MP000511,MTR000511,96,96,1.0
USR00064,2026-05-18,MP000511,MTR000511,96,95,0.9887
USR00064,2026-05-17,MP000511,MTR000511,96,95,0.9893
USR00064,2026-05-16,MP000511,MTR000511,96,96,1.0
USR00064,2026-05-15,MP000511,MTR000511,96,96,1.0
USR00064,2026-05-14,MP000511,MTR000511,96,88,0.9214
USR00064,2026-05-13,MP000511,MTR000511,96,93,0.9735
USR00064,2026-05-12,MP000511,MTR000511,96,93,0.9704
USR00064,2026-05-11,MP000511,MTR000511,96,94,0.9792
USR00064,2026-05-10,MP000511,MTR000511,96,96,1.0
USR00064,2026-05-09,MP000511,MTR000511,96,89,0.9303
USR00064,2026-05-08,MP000511,MTR000511,96,91,0.9435
USR00064,2026-05-07,MP000511,MTR000511,96,93,0.9635
USR00064,2026-05-06,MP000511,MTR000511,96,95,0.9886
USR00064,2026-05-05,MP000511,MTR000511,96,96,1.0
USR00064,2026-05-04,MP000511,MTR000511,96,96,1.0
USR00064,2026-05-03,MP000511,MTR000511,96,94,0.9754
USR00064,2026-05-02,MP000511,MTR000511,96,96,1.0
USR00064,2026-05-01,MP000511,MTR000511,96,96,1.0
USR00064,2026-04-30,MP000511,MTR000511,96,96,1.0
USR00064,2026-04-29,MP000511,MTR000511,96,94,0.9833
USR00064,2026-04-28,MP000511,MTR000511,96,93,0.972
USR00064,2026-04-27,MP000511,MTR000511,96,91,0.952
USR00064,2026-04-26,MP000511,MTR000511,96,91,0.9501
USR00064,2026-04-25,MP000511,MTR000511,96,95,0.9944
USR00064,2026-04-24,MP000511,MTR000511,96,94,0.9824
USR00064,2026-04-23,MP000511,MTR000511,96,93,0.9715
USR00065,2026-05-22,MP000469,MTR000469,96,95,0.9879
USR00065,2026-05-21,MP000469,MTR000469,96,93,0.9665
USR00065,2026-05-20,MP000469,MTR000469,96,95,0.9859
USR00065,2026-05-19,MP000469,MTR000469,96,96,1.0
USR00065,2026-05-18,MP000469,MTR000469,96,92,0.9632
USR00065,2026-05-17,MP000469,MTR000469,96,96,1.0
USR00065,2026-05-16,MP000469,MTR000469,96,95,0.9922
USR00065,2026-05-15,MP000469,MTR000469,96,93,0.971
USR00065,2026-05-14,MP000469,MTR000469,96,95,0.9851
USR00065,2026-05-13,MP000469,MTR000469,96,91,0.9467
USR00065,2026-05-12,MP000469,MTR000469,96,96,0.9972
USR00065,2026-05-11,MP000469,MTR000469,96,91,0.9529
USR00065,2026-05-10,MP000469,MTR000469,96,96,1.0
USR00065,2026-05-09,MP000469,MTR000469,96,95,0.9911
USR00065,2026-05-08,MP000469,MTR000469,96,94,0.9767
USR00065,2026-05-07,MP000469,MTR000469,96,96,1.0
USR00065,2026-05-06,MP000469,MTR000469,96,92,0.9629
USR00065,2026-05-05,MP000469,MTR000469,96,93,0.9714
USR00065,2026-05-04,MP000469,MTR000469,96,90,0.939
USR00065,2026-05-03,MP000469,MTR000469,96,96,1.0
USR00065,2026-05-02,MP000469,MTR000469,96,96,1.0
USR00065,2026-05-01,MP000469,MTR000469,96,91,0.9437
USR00065,2026-04-30,MP000469,MTR000469,96,93,0.9694
USR00065,2026-04-29,MP000469,MTR000469,96,96,0.996
USR00065,2026-04-28,MP000469,MTR000469,96,94,0.9784
USR00065,2026-04-27,MP000469,MTR000469,96,95,0.9929
USR00065,2026-04-26,MP000469,MTR000469,96,95,0.9903
USR00065,2026-04-25,MP000469,MTR000469,96,96,1.0
USR00065,2026-04-24,MP000469,MTR000469,96,93,0.965
USR00065,2026-04-23,MP000469,MTR000469,96,96,0.9997
USR00066,2026-05-22,MP000033,MTR000033,96,89,0.9248
USR00066,2026-05-21,MP000033,MTR000033,96,85,0.8851
USR00066,2026-05-20,MP000033,MTR000033,96,89,0.925
USR00066,2026-05-19,MP000033,MTR000033,96,88,0.92
USR00066,2026-05-18,MP000033,MTR000033,96,93,0.9655
USR00066,2026-05-17,MP000033,MTR000033,96,90,0.9354
USR00066,2026-05-16,MP000033,MTR000033,96,90,0.9408
USR00066,2026-05-15,MP000033,MTR000033,96,90,0.9365
USR00066,2026-05-14,MP000033,MTR000033,96,84,0.8733
USR00066,2026-05-13,MP000033,MTR000033,96,84,0.8773
USR00066,2026-05-12,MP000033,MTR000033,96,89,0.9276
USR00066,2026-05-11,MP000033,MTR000033,96,91,0.9455
USR00066,2026-05-10,MP000033,MTR000033,96,89,0.9301
USR00066,2026-05-09,MP000033,MTR000033,96,87,0.9113
USR00066,2026-05-08,MP000033,MTR000033,96,89,0.93
USR00066,2026-05-07,MP000033,MTR000033,96,89,0.9274
USR00066,2026-05-06,MP000033,MTR000033,96,92,0.9605
USR00066,2026-05-05,MP000033,MTR000033,96,92,0.9589
USR00066,2026-05-04,MP000033,MTR000033,96,88,0.9206
USR00066,2026-05-03,MP000033,MTR000033,96,90,0.9357
USR00066,2026-05-02,MP000033,MTR000033,96,91,0.9455
USR00066,2026-05-01,MP000033,MTR000033,96,91,0.9499
USR00066,2026-04-30,MP000033,MTR000033,96,95,0.9868
USR00066,2026-04-29,MP000033,MTR000033,96,90,0.9363
USR00066,2026-04-28,MP000033,MTR000033,96,93,0.9722
USR00066,2026-04-27,MP000033,MTR000033,96,87,0.9024
USR00066,2026-04-26,MP000033,MTR000033,96,88,0.918
USR00066,2026-04-25,MP000033,MTR000033,96,84,0.8731
USR00066,2026-04-24,MP000033,MTR000033,96,90,0.9417
USR00066,2026-04-23,MP000033,MTR000033,96,92,0.9566
USR00067,2026-05-22,MP000369,MTR000369,96,93,0.9655
USR00067,2026-05-21,MP000369,MTR000369,96,94,0.978
USR00067,2026-05-20,MP000369,MTR000369,96,94,0.9763
USR00067,2026-05-19,MP000369,MTR000369,96,89,0.924
USR00067,2026-05-18,MP000369,MTR000369,96,94,0.9831
USR00067,2026-05-17,MP000369,MTR000369,96,92,0.9601
USR00067,2026-05-16,MP000369,MTR000369,96,94,0.9776
USR00067,2026-05-15,MP000369,MTR000369,96,92,0.9561
USR00067,2026-05-14,MP000369,MTR000369,96,93,0.9713
USR00067,2026-05-13,MP000369,MTR000369,96,95,0.9931
USR00067,2026-05-12,MP000369,MTR000369,96,92,0.9537
USR00067,2026-05-11,MP000369,MTR000369,96,93,0.9684
USR00067,2026-05-10,MP000369,MTR000369,96,96,0.9974
USR00067,2026-05-09,MP000369,MTR000369,96,92,0.9559
USR00067,2026-05-08,MP000369,MTR000369,96,89,0.9261
USR00067,2026-05-07,MP000369,MTR000369,96,94,0.9801
USR00067,2026-05-06,MP000369,MTR000369,96,96,1.0
USR00067,2026-05-05,MP000369,MTR000369,96,96,0.9985
USR00067,2026-05-04,MP000369,MTR000369,96,94,0.9813
USR00067,2026-05-03,MP000369,MTR000369,96,85,0.8895
USR00067,2026-05-02,MP000369,MTR000369,96,90,0.9408
USR00067,2026-05-01,MP000369,MTR000369,96,90,0.9423
USR00067,2026-04-30,MP000369,MTR000369,96,92,0.9612
USR00067,2026-04-29,MP000369,MTR000369,96,96,1.0
USR00067,2026-04-28,MP000369,MTR000369,96,89,0.9275
USR00067,2026-04-27,MP000369,MTR000369,96,96,1.0
USR00067,2026-04-26,MP000369,MTR000369,96,91,0.9484
USR00067,2026-04-25,MP000369,MTR000369,96,90,0.9369
USR00067,2026-04-24,MP000369,MTR000369,96,95,0.9852
USR00067,2026-04-23,MP000369,MTR000369,96,95,0.9876
USR00068,2026-05-22,MP000283,MTR000283,96,88,0.9195
USR00068,2026-05-21,MP000283,MTR000283,96,92,0.9577
USR00068,2026-05-20,MP000283,MTR000283,96,88,0.9116
USR00068,2026-05-19,MP000283,MTR000283,96,88,0.9187
USR00068,2026-05-18,MP000283,MTR000283,96,90,0.9398
USR00068,2026-05-17,MP000283,MTR000283,96,88,0.918
USR00068,2026-05-16,MP000283,MTR000283,96,94,0.9742
USR00068,2026-05-15,MP000283,MTR000283,96,89,0.9253
USR00068,2026-05-14,MP000283,MTR000283,96,90,0.936
USR00068,2026-05-13,MP000283,MTR000283,96,88,0.9162
USR00068,2026-05-12,MP000283,MTR000283,96,93,0.9738
USR00068,2026-05-11,MP000283,MTR000283,96,89,0.9226
USR00068,2026-05-10,MP000283,MTR000283,96,94,0.9769
USR00068,2026-05-09,MP000283,MTR000283,96,94,0.9747
USR00068,2026-05-08,MP000283,MTR000283,96,89,0.9292
USR00068,2026-05-07,MP000283,MTR000283,96,91,0.9435
USR00068,2026-05-06,MP000283,MTR000283,96,89,0.9284
USR00068,2026-05-05,MP000283,MTR000283,96,92,0.959
USR00068,2026-05-04,MP000283,MTR000283,96,90,0.9368
USR00068,2026-05-03,MP000283,MTR000283,96,89,0.9301
USR00068,2026-05-02,MP000283,MTR000283,96,91,0.944
USR00068,2026-05-01,MP000283,MTR000283,96,86,0.8952
USR00068,2026-04-30,MP000283,MTR000283,96,90,0.9403
USR00068,2026-04-29,MP000283,MTR000283,96,92,0.9621
USR00068,2026-04-28,MP000283,MTR000283,96,91,0.9468
USR00068,2026-04-27,MP000283,MTR000283,96,93,0.9712
USR00068,2026-04-26,MP000283,MTR000283,96,89,0.9313
USR00068,2026-04-25,MP000283,MTR000283,96,89,0.9288
USR00068,2026-04-24,MP000283,MTR000283,96,87,0.9091
USR00068,2026-04-23,MP000283,MTR000283,96,89,0.9305
USR00069,2026-05-22,MP000264,MTR000264,96,90,0.9342
USR00069,2026-05-21,MP000264,MTR000264,96,87,0.9084
USR00069,2026-05-20,MP000264,MTR000264,96,86,0.8957
USR00069,2026-05-19,MP000264,MTR000264,96,84,0.878
USR00069,2026-05-18,MP000264,MTR000264,96,86,0.901
USR00069,2026-05-17,MP000264,MTR000264,96,91,0.9487
USR00069,2026-05-16,MP000264,MTR000264,96,88,0.9131
USR00069,2026-05-15,MP000264,MTR000264,96,86,0.8972
USR00069,2026-05-14,MP000264,MTR000264,96,86,0.9005
USR00069,2026-05-13,MP000264,MTR000264,96,91,0.9454
USR00069,2026-05-12,MP000264,MTR000264,96,89,0.9235
USR00069,2026-05-11,MP000264,MTR000264,96,87,0.9071
USR00069,2026-05-10,MP000264,MTR000264,96,88,0.9167
USR00069,2026-05-09,MP000264,MTR000264,96,95,0.9921
USR00069,2026-05-08,MP000264,MTR000264,96,92,0.9625
USR00069,2026-05-07,MP000264,MTR000264,96,93,0.97
USR00069,2026-05-06,MP000264,MTR000264,96,84,0.8734
USR00069,2026-05-05,MP000264,MTR000264,96,88,0.9214
USR00069,2026-05-04,MP000264,MTR000264,96,87,0.9066
USR00069,2026-05-03,MP000264,MTR000264,96,90,0.9422
USR00069,2026-05-02,MP000264,MTR000264,96,92,0.9577
USR00069,2026-05-01,MP000264,MTR000264,96,90,0.9357
USR00069,2026-04-30,MP000264,MTR000264,96,86,0.8997
USR00069,2026-04-29,MP000264,MTR000264,96,87,0.9061
USR00069,2026-04-28,MP000264,MTR000264,96,91,0.9445
USR00069,2026-04-27,MP000264,MTR000264,96,91,0.9475
USR00069,2026-04-26,MP000264,MTR000264,96,89,0.9301
USR00069,2026-04-25,MP000264,MTR000264,96,89,0.9298
USR00069,2026-04-24,MP000264,MTR000264,96,89,0.9274
USR00069,2026-04-23,MP000264,MTR000264,96,90,0.934
USR00070,2026-05-22,MP000025,MTR000025,96,96,1.0
USR00070,2026-05-21,MP000025,MTR000025,96,96,0.999
USR00070,2026-05-20,MP000025,MTR000025,96,96,0.9968
USR00070,2026-05-19,MP000025,MTR000025,96,96,0.9957
USR00070,2026-05-18,MP000025,MTR000025,96,94,0.9749
USR00070,2026-05-17,MP000025,MTR000025,96,94,0.9745
USR00070,2026-05-16,MP000025,MTR000025,96,96,1.0
USR00070,2026-05-15,MP000025,MTR000025,96,94,0.9769
USR00070,2026-05-14,MP000025,MTR000025,96,96,1.0
USR00070,2026-05-13,MP000025,MTR000025,96,96,0.9967
USR00070,2026-05-12,MP000025,MTR000025,96,96,1.0
USR00070,2026-05-11,MP000025,MTR000025,96,96,1.0
USR00070,2026-05-10,MP000025,MTR000025,96,96,1.0
USR00070,2026-05-09,MP000025,MTR000025,96,94,0.984
USR00070,2026-05-08,MP000025,MTR000025,96,96,1.0
USR00070,2026-05-07,MP000025,MTR000025,96,96,1.0
USR00070,2026-05-06,MP000025,MTR000025,96,91,0.9517
USR00070,2026-05-05,MP000025,MTR000025,96,96,1.0
USR00070,2026-05-04,MP000025,MTR000025,96,96,1.0
USR00070,2026-05-03,MP000025,MTR000025,96,96,1.0
USR00070,2026-05-02,MP000025,MTR000025,96,96,1.0
USR00070,2026-05-01,MP000025,MTR000025,96,96,1.0
USR00070,2026-04-30,MP000025,MTR000025,96,95,0.9886
USR00070,2026-04-29,MP000025,MTR000025,96,96,0.995
USR00070,2026-04-28,MP000025,MTR000025,96,96,1.0
USR00070,2026-04-27,MP000025,MTR000025,96,93,0.9691
USR00070,2026-04-26,MP000025,MTR000025,96,93,0.9665
USR00070,2026-04-25,MP000025,MTR000025,96,95,0.9864
USR00070,2026-04-24,MP000025,MTR000025,96,96,1.0
USR00070,2026-04-23,MP000025,MTR000025,96,93,0.9723
USR00071,2026-05-22,,,96,93,0.9679
USR00071,2026-05-21,,,96,90,0.9407
USR00071,2026-05-20,,,96,86,0.8979
USR00071,2026-05-19,,,96,90,0.9403
USR00071,2026-05-18,,,96,94,0.9789
USR00071,2026-05-17,,,96,95,0.9857
USR00071,2026-05-16,,,96,95,0.9859
USR00071,2026-05-15,,,96,95,0.9894
USR00071,2026-05-14,,,96,91,0.9523
USR00071,2026-05-13,,,96,91,0.9459
USR00071,2026-05-12,,,96,94,0.9823
USR00071,2026-05-11,,,96,93,0.9647
USR00071,2026-05-10,,,96,96,0.9983
USR00071,2026-05-09,,,96,94,0.9825
USR00071,2026-05-08,,,96,96,1.0
USR00071,2026-05-07,,,96,92,0.9571
USR00071,2026-05-06,,,96,96,1.0
USR00071,2026-05-05,,,96,96,1.0
USR00071,2026-05-04,,,96,93,0.9727
USR00071,2026-05-03,,,96,95,0.9861
USR00071,2026-05-02,,,96,91,0.9432
USR00071,2026-05-01,,,96,96,0.9979
USR00071,2026-04-30,,,96,96,1.0
USR00071,2026-04-29,,,96,92,0.9563
USR00071,2026-04-28,,,96,95,0.9887
USR00071,2026-04-27,,,96,94,0.9795
USR00071,2026-04-26,,,96,94,0.9828
USR00071,2026-04-25,,,96,96,0.9955
USR00071,2026-04-24,,,96,95,0.9867
USR00071,2026-04-23,,,96,93,0.9669
USR00072,2026-05-22,MP000218,MTR000218,96,93,0.9683
USR00072,2026-05-21,MP000218,MTR000218,96,88,0.9183
USR00072,2026-05-20,MP000218,MTR000218,96,90,0.9349
USR00072,2026-05-19,MP000218,MTR000218,96,85,0.8819
USR00072,2026-05-18,MP000218,MTR000218,96,91,0.9524
USR00072,2026-05-17,MP000218,MTR000218,96,93,0.9716
USR00072,2026-05-16,MP000218,MTR000218,96,89,0.9272
USR00072,2026-05-15,MP000218,MTR000218,96,90,0.9389
USR00072,2026-05-14,MP000218,MTR000218,96,89,0.9283
USR00072,2026-05-13,MP000218,MTR000218,96,89,0.9234
USR00072,2026-05-12,MP000218,MTR000218,96,90,0.9419
USR00072,2026-05-11,MP000218,MTR000218,96,87,0.9114
USR00072,2026-05-10,MP000218,MTR000218,96,89,0.9279
USR00072,2026-05-09,MP000218,MTR000218,96,87,0.9078
USR00072,2026-05-08,MP000218,MTR000218,96,91,0.9526
USR00072,2026-05-07,MP000218,MTR000218,96,90,0.9421
USR00072,2026-05-06,MP000218,MTR000218,96,89,0.922
USR00072,2026-05-05,MP000218,MTR000218,96,90,0.936
USR00072,2026-05-04,MP000218,MTR000218,96,89,0.9283
USR00072,2026-05-03,MP000218,MTR000218,96,93,0.9692
USR00072,2026-05-02,MP000218,MTR000218,96,88,0.9217
USR00072,2026-05-01,MP000218,MTR000218,96,92,0.954
USR00072,2026-04-30,MP000218,MTR000218,96,88,0.9138
USR00072,2026-04-29,MP000218,MTR000218,96,92,0.9593
USR00072,2026-04-28,MP000218,MTR000218,96,93,0.966
USR00072,2026-04-27,MP000218,MTR000218,96,93,0.9675
USR00072,2026-04-26,MP000218,MTR000218,96,94,0.979
USR00072,2026-04-25,MP000218,MTR000218,96,91,0.9437
USR00072,2026-04-24,MP000218,MTR000218,96,93,0.9721
USR00072,2026-04-23,MP000218,MTR000218,96,94,0.9836
USR00073,2026-05-22,MP000005,MTR000005,96,87,0.9088
USR00073,2026-05-21,MP000005,MTR000005,96,85,0.8821
USR00073,2026-05-20,MP000005,MTR000005,96,92,0.9588
USR00073,2026-05-19,MP000005,MTR000005,96,85,0.8817
USR00073,2026-05-18,MP000005,MTR000005,96,84,0.8735
USR00073,2026-05-17,MP000005,MTR000005,96,86,0.894
USR00073,2026-05-16,MP000005,MTR000005,96,84,0.8748
USR00073,2026-05-15,MP000005,MTR000005,96,90,0.9351
USR00073,2026-05-14,MP000005,MTR000005,96,86,0.8944
USR00073,2026-05-13,MP000005,MTR000005,96,84,0.8762
USR00073,2026-05-12,MP000005,MTR000005,96,89,0.9257
USR00073,2026-05-11,MP000005,MTR000005,96,89,0.9274
USR00073,2026-05-10,MP000005,MTR000005,96,84,0.8708
USR00073,2026-05-09,MP000005,MTR000005,96,87,0.9055
USR00073,2026-05-08,MP000005,MTR000005,96,89,0.9247
USR00073,2026-05-07,MP000005,MTR000005,96,88,0.9162
USR00073,2026-05-06,MP000005,MTR000005,96,88,0.9171
USR00073,2026-05-05,MP000005,MTR000005,96,92,0.9623
USR00073,2026-05-04,MP000005,MTR000005,96,95,0.9913
USR00073,2026-05-03,MP000005,MTR000005,96,88,0.9175
USR00073,2026-05-02,MP000005,MTR000005,96,85,0.8873
USR00073,2026-05-01,MP000005,MTR000005,96,88,0.9199
USR00073,2026-04-30,MP000005,MTR000005,96,90,0.9328
USR00073,2026-04-29,MP000005,MTR000005,96,89,0.9253
USR00073,2026-04-28,MP000005,MTR000005,96,91,0.9453
USR00073,2026-04-27,MP000005,MTR000005,96,95,0.9933
USR00073,2026-04-26,MP000005,MTR000005,96,84,0.8755
USR00073,2026-04-25,MP000005,MTR000005,96,88,0.9117
USR00073,2026-04-24,MP000005,MTR000005,96,93,0.9732
USR00073,2026-04-23,MP000005,MTR000005,96,87,0.9113
USR00074,2026-05-22,,,96,96,1.0
USR00074,2026-05-21,,,96,96,1.0
USR00074,2026-05-20,,,96,96,1.0
USR00074,2026-05-19,,,96,96,1.0
USR00074,2026-05-18,,,96,91,0.9462
USR00074,2026-05-17,,,96,94,0.9776
USR00074,2026-05-16,,,96,96,1.0
USR00074,2026-05-15,,,96,92,0.9562
USR00074,2026-05-14,,,96,96,1.0
USR00074,2026-05-13,,,96,89,0.9232
USR00074,2026-05-12,,,96,92,0.9581
USR00074,2026-05-11,,,96,96,1.0
USR00074,2026-05-10,,,96,96,0.9997
USR00074,2026-05-09,,,96,95,0.9873
USR00074,2026-05-08,,,96,94,0.9742
USR00074,2026-05-07,,,96,90,0.9387
USR00074,2026-05-06,,,96,96,1.0
USR00074,2026-05-05,,,96,95,0.9901
USR00074,2026-05-04,,,96,91,0.9529
USR00074,2026-05-03,,,96,96,0.9995
USR00074,2026-05-02,,,96,96,1.0
USR00074,2026-05-01,,,96,95,0.9926
USR00074,2026-04-30,,,96,96,1.0
USR00074,2026-04-29,,,96,96,0.9997
USR00074,2026-04-28,,,96,94,0.9774
USR00074,2026-04-27,,,96,96,1.0
USR00074,2026-04-26,,,96,96,1.0
USR00074,2026-04-25,,,96,96,1.0
USR00074,2026-04-24,,,96,96,1.0
USR00074,2026-04-23,,,96,94,0.9783
USR00075,2026-05-22,MP000088,MTR000088,96,91,0.9473
USR00075,2026-05-21,MP000088,MTR000088,96,88,0.912
USR00075,2026-05-20,MP000088,MTR000088,96,88,0.9194
USR00075,2026-05-19,MP000088,MTR000088,96,92,0.9537
USR00075,2026-05-18,MP000088,MTR000088,96,94,0.9746
USR00075,2026-05-17,MP000088,MTR000088,96,84,0.879
USR00075,2026-05-16,MP000088,MTR000088,96,94,0.9825
USR00075,2026-05-15,MP000088,MTR000088,96,93,0.9683
USR00075,2026-05-14,MP000088,MTR000088,96,90,0.9393
USR00075,2026-05-13,MP000088,MTR000088,96,89,0.9261
USR00075,2026-05-12,MP000088,MTR000088,96,91,0.945
USR00075,2026-05-11,MP000088,MTR000088,96,88,0.9141
USR00075,2026-05-10,MP000088,MTR000088,96,89,0.928
USR00075,2026-05-09,MP000088,MTR000088,96,85,0.8891
USR00075,2026-05-08,MP000088,MTR000088,96,85,0.8811
USR00075,2026-05-07,MP000088,MTR000088,96,96,1.0
USR00075,2026-05-06,MP000088,MTR000088,96,90,0.9352
USR00075,2026-05-05,MP000088,MTR000088,96,90,0.9394
USR00075,2026-05-04,MP000088,MTR000088,96,90,0.9324
USR00075,2026-05-03,MP000088,MTR000088,96,87,0.9085
USR00075,2026-05-02,MP000088,MTR000088,96,89,0.9241
USR00075,2026-05-01,MP000088,MTR000088,96,90,0.9361
USR00075,2026-04-30,MP000088,MTR000088,96,89,0.9274
USR00075,2026-04-29,MP000088,MTR000088,96,87,0.9108
USR00075,2026-04-28,MP000088,MTR000088,96,91,0.9477
USR00075,2026-04-27,MP000088,MTR000088,96,90,0.939
USR00075,2026-04-26,MP000088,MTR000088,96,91,0.9451
USR00075,2026-04-25,MP000088,MTR000088,96,92,0.9545
USR00075,2026-04-24,MP000088,MTR000088,96,89,0.9282
USR00075,2026-04-23,MP000088,MTR000088,96,89,0.9283
USR00076,2026-05-22,MP000421,MTR000421,96,93,0.9675
USR00076,2026-05-21,MP000421,MTR000421,96,90,0.9397
USR00076,2026-05-20,MP000421,MTR000421,96,96,1.0
USR00076,2026-05-19,MP000421,MTR000421,96,94,0.977
USR00076,2026-05-18,MP000421,MTR000421,96,92,0.9635
USR00076,2026-05-17,MP000421,MTR000421,96,96,1.0
USR00076,2026-05-16,MP000421,MTR000421,96,95,0.9915
USR00076,2026-05-15,MP000421,MTR000421,96,92,0.958
USR00076,2026-05-14,MP000421,MTR000421,96,96,1.0
USR00076,2026-05-13,MP000421,MTR000421,96,91,0.9475
USR00076,2026-05-12,MP000421,MTR000421,96,95,0.9933
USR00076,2026-05-11,MP000421,MTR000421,96,90,0.9392
USR00076,2026-05-10,MP000421,MTR000421,96,96,1.0
USR00076,2026-05-09,MP000421,MTR000421,96,94,0.9766
USR00076,2026-05-08,MP000421,MTR000421,96,96,1.0
USR00076,2026-05-07,MP000421,MTR000421,96,96,0.9953
USR00076,2026-05-06,MP000421,MTR000421,96,96,1.0
USR00076,2026-05-05,MP000421,MTR000421,96,94,0.983
USR00076,2026-05-04,MP000421,MTR000421,96,91,0.9477
USR00076,2026-05-03,MP000421,MTR000421,96,96,1.0
USR00076,2026-05-02,MP000421,MTR000421,96,95,0.9883
USR00076,2026-05-01,MP000421,MTR000421,96,90,0.9413
USR00076,2026-04-30,MP000421,MTR000421,96,93,0.9642
USR00076,2026-04-29,MP000421,MTR000421,96,93,0.9737
USR00076,2026-04-28,MP000421,MTR000421,96,96,1.0
USR00076,2026-04-27,MP000421,MTR000421,96,96,1.0
USR00076,2026-04-26,MP000421,MTR000421,96,95,0.9854
USR00076,2026-04-25,MP000421,MTR000421,96,96,1.0
USR00076,2026-04-24,MP000421,MTR000421,96,90,0.9347
USR00076,2026-04-23,MP000421,MTR000421,96,94,0.9789
USR00077,2026-05-22,,,96,96,1.0
USR00077,2026-05-21,,,96,94,0.9814
USR00077,2026-05-20,,,96,96,0.9964
USR00077,2026-05-19,,,96,96,1.0
USR00077,2026-05-18,,,96,96,0.9973
USR00077,2026-05-17,,,96,96,1.0
USR00077,2026-05-16,,,96,96,1.0
USR00077,2026-05-15,,,96,96,1.0
USR00077,2026-05-14,,,96,96,1.0
USR00077,2026-05-13,,,96,96,1.0
USR00077,2026-05-12,,,96,96,1.0
USR00077,2026-05-11,,,96,94,0.9774
USR00077,2026-05-10,,,96,91,0.9498
USR00077,2026-05-09,,,96,95,0.9934
USR00077,2026-05-08,,,96,95,0.9908
USR00077,2026-05-07,,,96,96,1.0
USR00077,2026-05-06,,,96,93,0.9637
USR00077,2026-05-05,,,96,96,0.9952
USR00077,2026-05-04,,,96,96,1.0
USR00077,2026-05-03,,,96,96,1.0
USR00077,2026-05-02,,,96,95,0.9924
USR00077,2026-05-01,,,96,96,1.0
USR00077,2026-04-30,,,96,96,1.0
USR00077,2026-04-29,,,96,96,1.0
USR00077,2026-04-28,,,96,96,0.9986
USR00077,2026-04-27,,,96,93,0.9731
USR00077,2026-04-26,,,96,96,1.0
USR00077,2026-04-25,,,96,93,0.9652
USR00077,2026-04-24,,,96,96,1.0
USR00077,2026-04-23,,,96,96,1.0
USR00078,2026-05-22,MP000070,MTR000070,96,53,0.5506
USR00078,2026-05-21,MP000070,MTR000070,96,45,0.4667
USR00078,2026-05-20,MP000070,MTR000070,96,48,0.4989
USR00078,2026-05-19,MP000070,MTR000070,96,52,0.5393
USR00078,2026-05-18,MP000070,MTR000070,96,49,0.5098
USR00078,2026-05-17,MP000070,MTR000070,96,50,0.5206
USR00078,2026-05-16,MP000070,MTR000070,96,53,0.5485
USR00078,2026-05-15,MP000070,MTR000070,96,50,0.525
USR00078,2026-05-14,MP000070,MTR000070,96,47,0.4935
USR00078,2026-05-13,MP000070,MTR000070,96,53,0.5566
USR00078,2026-05-12,MP000070,MTR000070,96,52,0.5455
USR00078,2026-05-11,MP000070,MTR000070,96,50,0.5226
USR00078,2026-05-10,MP000070,MTR000070,96,53,0.5514
USR00078,2026-05-09,MP000070,MTR000070,96,51,0.5329
USR00078,2026-05-08,MP000070,MTR000070,96,55,0.57
USR00078,2026-05-07,MP000070,MTR000070,96,51,0.5346
USR00078,2026-05-06,MP000070,MTR000070,96,55,0.5698
USR00078,2026-05-05,MP000070,MTR000070,96,45,0.4739
USR00078,2026-05-04,MP000070,MTR000070,96,52,0.5439
USR00078,2026-05-03,MP000070,MTR000070,96,50,0.5181
USR00078,2026-05-02,MP000070,MTR000070,96,48,0.5043
USR00078,2026-05-01,MP000070,MTR000070,96,54,0.5648
USR00078,2026-04-30,MP000070,MTR000070,96,53,0.5567
USR00078,2026-04-29,MP000070,MTR000070,96,45,0.4699
USR00078,2026-04-28,MP000070,MTR000070,96,53,0.5515
USR00078,2026-04-27,MP000070,MTR000070,96,53,0.5479
USR00078,2026-04-26,MP000070,MTR000070,96,49,0.5084
USR00078,2026-04-25,MP000070,MTR000070,96,48,0.505
USR00078,2026-04-24,MP000070,MTR000070,96,46,0.4824
USR00078,2026-04-23,MP000070,MTR000070,96,50,0.5199
USR00079,2026-05-22,,,96,91,0.9456
USR00079,2026-05-21,,,96,89,0.9297
USR00079,2026-05-20,,,96,85,0.8899
USR00079,2026-05-19,,,96,89,0.9288
USR00079,2026-05-18,,,96,88,0.914
USR00079,2026-05-17,,,96,86,0.8936
USR00079,2026-05-16,,,96,84,0.874
USR00079,2026-05-15,,,96,90,0.9404
USR00079,2026-05-14,,,96,90,0.9351
USR00079,2026-05-13,,,96,90,0.9384
USR00079,2026-05-12,,,96,86,0.8998
USR00079,2026-05-11,,,96,89,0.9268
USR00079,2026-05-10,,,96,85,0.8804
USR00079,2026-05-09,,,96,86,0.8921
USR00079,2026-05-08,,,96,89,0.9227
USR00079,2026-05-07,,,96,89,0.9295
USR00079,2026-05-06,,,96,84,0.8728
USR00079,2026-05-05,,,96,85,0.8899
USR00079,2026-05-04,,,96,87,0.9107
USR00079,2026-05-03,,,96,91,0.9504
USR00079,2026-05-02,,,96,86,0.8973
USR00079,2026-05-01,,,96,89,0.9259
USR00079,2026-04-30,,,96,89,0.929
USR00079,2026-04-29,,,96,88,0.9142
USR00079,2026-04-28,,,96,89,0.9297
USR00079,2026-04-27,,,96,85,0.8813
USR00079,2026-04-26,,,96,87,0.902
USR00079,2026-04-25,,,96,93,0.9647
USR00079,2026-04-24,,,96,93,0.9668
USR00079,2026-04-23,,,96,91,0.947
USR00080,2026-05-22,,,96,83,0.8694
USR00080,2026-05-21,,,96,86,0.8957
USR00080,2026-05-20,,,96,88,0.9148
USR00080,2026-05-19,,,96,96,0.9966
USR00080,2026-05-18,,,96,88,0.9148
USR00080,2026-05-17,,,96,91,0.9465
USR00080,2026-05-16,,,96,90,0.9355
USR00080,2026-05-15,,,96,90,0.9348
USR00080,2026-05-14,,,96,89,0.9234
USR00080,2026-05-13,,,96,85,0.8881
USR00080,2026-05-12,,,96,81,0.8431
USR00080,2026-05-11,,,96,92,0.9626
USR00080,2026-05-10,,,96,87,0.9056
USR00080,2026-05-09,,,96,83,0.8681
USR00080,2026-05-08,,,96,90,0.9373
USR00080,2026-05-07,,,96,90,0.9367
USR00080,2026-05-06,,,96,91,0.9472
USR00080,2026-05-05,,,96,92,0.9576
USR00080,2026-05-04,,,96,86,0.8966
USR00080,2026-05-03,,,96,86,0.8979
USR00080,2026-05-02,,,96,88,0.9146
USR00080,2026-05-01,,,96,91,0.9488
USR00080,2026-04-30,,,96,83,0.8611
USR00080,2026-04-29,,,96,89,0.928
USR00080,2026-04-28,,,96,91,0.9521
USR00080,2026-04-27,,,96,91,0.9509
USR00080,2026-04-26,,,96,91,0.9454
USR00080,2026-04-25,,,96,92,0.956
USR00080,2026-04-24,,,96,81,0.8417
USR00080,2026-04-23,,,96,93,0.9725
USR00081,2026-05-22,MP000208,MTR000208,96,94,0.9822
USR00081,2026-05-21,MP000208,MTR000208,96,87,0.907
USR00081,2026-05-20,MP000208,MTR000208,96,85,0.8896
USR00081,2026-05-19,MP000208,MTR000208,96,96,0.9958
USR00081,2026-05-18,MP000208,MTR000208,96,88,0.9144
USR00081,2026-05-17,MP000208,MTR000208,96,90,0.9329
USR00081,2026-05-16,MP000208,MTR000208,96,92,0.958
USR00081,2026-05-15,MP000208,MTR000208,96,93,0.9654
USR00081,2026-05-14,MP000208,MTR000208,96,94,0.9745
USR00081,2026-05-13,MP000208,MTR000208,96,91,0.9489
USR00081,2026-05-12,MP000208,MTR000208,96,87,0.9106
USR00081,2026-05-11,MP000208,MTR000208,96,92,0.9634
USR00081,2026-05-10,MP000208,MTR000208,96,93,0.9639
USR00081,2026-05-09,MP000208,MTR000208,96,85,0.8877
USR00081,2026-05-08,MP000208,MTR000208,96,95,0.9848
USR00081,2026-05-07,MP000208,MTR000208,96,83,0.8676
USR00081,2026-05-06,MP000208,MTR000208,96,93,0.9732
USR00081,2026-05-05,MP000208,MTR000208,96,89,0.9232
USR00081,2026-05-04,MP000208,MTR000208,96,92,0.9634
USR00081,2026-05-03,MP000208,MTR000208,96,92,0.9575
USR00081,2026-05-02,MP000208,MTR000208,96,90,0.9411
USR00081,2026-05-01,MP000208,MTR000208,96,92,0.9557
USR00081,2026-04-30,MP000208,MTR000208,96,90,0.9396
USR00081,2026-04-29,MP000208,MTR000208,96,93,0.9636
USR00081,2026-04-28,MP000208,MTR000208,96,96,1.0
USR00081,2026-04-27,MP000208,MTR000208,96,87,0.902
USR00081,2026-04-26,MP000208,MTR000208,96,81,0.8465
USR00081,2026-04-25,MP000208,MTR000208,96,89,0.9297
USR00081,2026-04-24,MP000208,MTR000208,96,89,0.9277
USR00081,2026-04-23,MP000208,MTR000208,96,89,0.9309
USR00082,2026-05-22,MP000381,MTR000381,96,96,1.0
USR00082,2026-05-21,MP000381,MTR000381,96,91,0.9438
USR00082,2026-05-20,MP000381,MTR000381,96,96,0.9987
USR00082,2026-05-19,MP000381,MTR000381,96,96,1.0
USR00082,2026-05-18,MP000381,MTR000381,96,95,0.9947
USR00082,2026-05-17,MP000381,MTR000381,96,96,0.9998
USR00082,2026-05-16,MP000381,MTR000381,96,96,1.0
USR00082,2026-05-15,MP000381,MTR000381,96,95,0.9868
USR00082,2026-05-14,MP000381,MTR000381,96,94,0.9748
USR00082,2026-05-13,MP000381,MTR000381,96,96,0.9998
USR00082,2026-05-12,MP000381,MTR000381,96,96,1.0
USR00082,2026-05-11,MP000381,MTR000381,96,96,1.0
USR00082,2026-05-10,MP000381,MTR000381,96,90,0.9338
USR00082,2026-05-09,MP000381,MTR000381,96,94,0.9797
USR00082,2026-05-08,MP000381,MTR000381,96,92,0.9532
USR00082,2026-05-07,MP000381,MTR000381,96,96,1.0
USR00082,2026-05-06,MP000381,MTR000381,96,96,1.0
USR00082,2026-05-05,MP000381,MTR000381,96,94,0.977
USR00082,2026-05-04,MP000381,MTR000381,96,92,0.9633
USR00082,2026-05-03,MP000381,MTR000381,96,96,1.0
USR00082,2026-05-02,MP000381,MTR000381,96,94,0.9812
USR00082,2026-05-01,MP000381,MTR000381,96,96,1.0
USR00082,2026-04-30,MP000381,MTR000381,96,96,1.0
USR00082,2026-04-29,MP000381,MTR000381,96,96,1.0
USR00082,2026-04-28,MP000381,MTR000381,96,95,0.9922
USR00082,2026-04-27,MP000381,MTR000381,96,96,1.0
USR00082,2026-04-26,MP000381,MTR000381,96,95,0.9924
USR00082,2026-04-25,MP000381,MTR000381,96,93,0.9708
USR00082,2026-04-24,MP000381,MTR000381,96,93,0.9649
USR00082,2026-04-23,MP000381,MTR000381,96,93,0.9641
USR00083,2026-05-22,MP000153,MTR000153,96,90,0.934
USR00083,2026-05-21,MP000153,MTR000153,96,84,0.8777
USR00083,2026-05-20,MP000153,MTR000153,96,87,0.9067
USR00083,2026-05-19,MP000153,MTR000153,96,89,0.9265
USR00083,2026-05-18,MP000153,MTR000153,96,90,0.9394
USR00083,2026-05-17,MP000153,MTR000153,96,88,0.9194
USR00083,2026-05-16,MP000153,MTR000153,96,89,0.9275
USR00083,2026-05-15,MP000153,MTR000153,96,85,0.883
USR00083,2026-05-14,MP000153,MTR000153,96,86,0.8928
USR00083,2026-05-13,MP000153,MTR000153,96,88,0.9183
USR00083,2026-05-12,MP000153,MTR000153,96,90,0.9355
USR00083,2026-05-11,MP000153,MTR000153,96,89,0.9271
USR00083,2026-05-10,MP000153,MTR000153,96,86,0.8947
USR00083,2026-05-09,MP000153,MTR000153,96,88,0.913
USR00083,2026-05-08,MP000153,MTR000153,96,93,0.9655
USR00083,2026-05-07,MP000153,MTR000153,96,90,0.9365
USR00083,2026-05-06,MP000153,MTR000153,96,88,0.9153
USR00083,2026-05-05,MP000153,MTR000153,96,85,0.8894
USR00083,2026-05-04,MP000153,MTR000153,96,86,0.8987
USR00083,2026-05-03,MP000153,MTR000153,96,88,0.9203
USR00083,2026-05-02,MP000153,MTR000153,96,89,0.9284
USR00083,2026-05-01,MP000153,MTR000153,96,90,0.9371
USR00083,2026-04-30,MP000153,MTR000153,96,89,0.9318
USR00083,2026-04-29,MP000153,MTR000153,96,87,0.909
USR00083,2026-04-28,MP000153,MTR000153,96,87,0.9048
USR00083,2026-04-27,MP000153,MTR000153,96,94,0.9815
USR00083,2026-04-26,MP000153,MTR000153,96,87,0.9034
USR00083,2026-04-25,MP000153,MTR000153,96,85,0.8814
USR00083,2026-04-24,MP000153,MTR000153,96,84,0.871
USR00083,2026-04-23,MP000153,MTR000153,96,87,0.9095
USR00084,2026-05-22,,,96,88,0.9197
USR00084,2026-05-21,,,96,94,0.9813
USR00084,2026-05-20,,,96,90,0.9367
USR00084,2026-05-19,,,96,93,0.9702
USR00084,2026-05-18,,,96,88,0.9142
USR00084,2026-05-17,,,96,88,0.9147
USR00084,2026-05-16,,,96,90,0.9397
USR00084,2026-05-15,,,96,91,0.9514
USR00084,2026-05-14,,,96,89,0.9316
USR00084,2026-05-13,,,96,91,0.9457
USR00084,2026-05-12,,,96,92,0.9546
USR00084,2026-05-11,,,96,86,0.8943
USR00084,2026-05-10,,,96,89,0.9267
USR00084,2026-05-09,,,96,88,0.9214
USR00084,2026-05-08,,,96,89,0.9228
USR00084,2026-05-07,,,96,91,0.9491
USR00084,2026-05-06,,,96,88,0.9218
USR00084,2026-05-05,,,96,84,0.8768
USR00084,2026-05-04,,,96,89,0.9298
USR00084,2026-05-03,,,96,87,0.905
USR00084,2026-05-02,,,96,91,0.9518
USR00084,2026-05-01,,,96,92,0.9611
USR00084,2026-04-30,,,96,84,0.8717
USR00084,2026-04-29,,,96,88,0.9137
USR00084,2026-04-28,,,96,91,0.9475
USR00084,2026-04-27,,,96,86,0.8947
USR00084,2026-04-26,,,96,92,0.9604
USR00084,2026-04-25,,,96,93,0.9684
USR00084,2026-04-24,,,96,89,0.9321
USR00084,2026-04-23,,,96,88,0.9137
USR00085,2026-05-22,MP000480,MTR000480,96,92,0.9618
USR00085,2026-05-21,MP000480,MTR000480,96,96,0.9974
USR00085,2026-05-20,MP000480,MTR000480,96,95,0.9912
USR00085,2026-05-19,MP000480,MTR000480,96,89,0.9315
USR00085,2026-05-18,MP000480,MTR000480,96,87,0.9046
USR00085,2026-05-17,MP000480,MTR000480,96,92,0.9625
USR00085,2026-05-16,MP000480,MTR000480,96,90,0.9335
USR00085,2026-05-15,MP000480,MTR000480,96,91,0.9517
USR00085,2026-05-14,MP000480,MTR000480,96,91,0.9464
USR00085,2026-05-13,MP000480,MTR000480,96,90,0.9401
USR00085,2026-05-12,MP000480,MTR000480,96,93,0.9682
USR00085,2026-05-11,MP000480,MTR000480,96,93,0.9693
USR00085,2026-05-10,MP000480,MTR000480,96,88,0.9217
USR00085,2026-05-09,MP000480,MTR000480,96,87,0.9096
USR00085,2026-05-08,MP000480,MTR000480,96,83,0.8624
USR00085,2026-05-07,MP000480,MTR000480,96,89,0.927
USR00085,2026-05-06,MP000480,MTR000480,96,87,0.9045
USR00085,2026-05-05,MP000480,MTR000480,96,91,0.9499
USR00085,2026-05-04,MP000480,MTR000480,96,89,0.9273
USR00085,2026-05-03,MP000480,MTR000480,96,89,0.9305
USR00085,2026-05-02,MP000480,MTR000480,96,92,0.9617
USR00085,2026-05-01,MP000480,MTR000480,96,91,0.9493
USR00085,2026-04-30,MP000480,MTR000480,96,90,0.9338
USR00085,2026-04-29,MP000480,MTR000480,96,95,0.9879
USR00085,2026-04-28,MP000480,MTR000480,96,92,0.9595
USR00085,2026-04-27,MP000480,MTR000480,96,89,0.9249
USR00085,2026-04-26,MP000480,MTR000480,96,89,0.9262
USR00085,2026-04-25,MP000480,MTR000480,96,92,0.961
USR00085,2026-04-24,MP000480,MTR000480,96,91,0.9434
USR00085,2026-04-23,MP000480,MTR000480,96,87,0.9037
USR00086,2026-05-22,,,96,96,0.9969
USR00086,2026-05-21,,,96,95,0.9946
USR00086,2026-05-20,,,96,96,1.0
USR00086,2026-05-19,,,96,96,1.0
USR00086,2026-05-18,,,96,96,1.0
USR00086,2026-05-17,,,96,93,0.9694
USR00086,2026-05-16,,,96,91,0.9529
USR00086,2026-05-15,,,96,87,0.9043
USR00086,2026-05-14,,,96,92,0.9595
USR00086,2026-05-13,,,96,94,0.9747
USR00086,2026-05-12,,,96,92,0.9604
USR00086,2026-05-11,,,96,87,0.9025
USR00086,2026-05-10,,,96,91,0.9505
USR00086,2026-05-09,,,96,94,0.9785
USR00086,2026-05-08,,,96,89,0.9284
USR00086,2026-05-07,,,96,93,0.9641
USR00086,2026-05-06,,,96,93,0.9721
USR00086,2026-05-05,,,96,95,0.9927
USR00086,2026-05-04,,,96,96,1.0
USR00086,2026-05-03,,,96,91,0.9478
USR00086,2026-05-02,,,96,93,0.9647
USR00086,2026-05-01,,,96,93,0.9656
USR00086,2026-04-30,,,96,94,0.9786
USR00086,2026-04-29,,,96,94,0.9753
USR00086,2026-04-28,,,96,96,1.0
USR00086,2026-04-27,,,96,85,0.8892
USR00086,2026-04-26,,,96,93,0.9717
USR00086,2026-04-25,,,96,93,0.9738
USR00086,2026-04-24,,,96,91,0.9521
USR00086,2026-04-23,,,96,86,0.8912
USR00087,2026-05-22,MP000249,MTR000249,96,92,0.9591
USR00087,2026-05-21,MP000249,MTR000249,96,96,1.0
USR00087,2026-05-20,MP000249,MTR000249,96,95,0.9916
USR00087,2026-05-19,MP000249,MTR000249,96,92,0.9565
USR00087,2026-05-18,MP000249,MTR000249,96,88,0.9188
USR00087,2026-05-17,MP000249,MTR000249,96,96,0.9981
USR00087,2026-05-16,MP000249,MTR000249,96,96,1.0
USR00087,2026-05-15,MP000249,MTR000249,96,93,0.9739
USR00087,2026-05-14,MP000249,MTR000249,96,96,0.9985
USR00087,2026-05-13,MP000249,MTR000249,96,93,0.9699
USR00087,2026-05-12,MP000249,MTR000249,96,96,1.0
USR00087,2026-05-11,MP000249,MTR000249,96,96,1.0
USR00087,2026-05-10,MP000249,MTR000249,96,89,0.9312
USR00087,2026-05-09,MP000249,MTR000249,96,90,0.9385
USR00087,2026-05-08,MP000249,MTR000249,96,96,1.0
USR00087,2026-05-07,MP000249,MTR000249,96,96,1.0
USR00087,2026-05-06,MP000249,MTR000249,96,90,0.9425
USR00087,2026-05-05,MP000249,MTR000249,96,90,0.9333
USR00087,2026-05-04,MP000249,MTR000249,96,95,0.9866
USR00087,2026-05-03,MP000249,MTR000249,96,91,0.9461
USR00087,2026-05-02,MP000249,MTR000249,96,93,0.9709
USR00087,2026-05-01,MP000249,MTR000249,96,94,0.979
USR00087,2026-04-30,MP000249,MTR000249,96,94,0.9777
USR00087,2026-04-29,MP000249,MTR000249,96,96,1.0
USR00087,2026-04-28,MP000249,MTR000249,96,96,1.0
USR00087,2026-04-27,MP000249,MTR000249,96,93,0.966
USR00087,2026-04-26,MP000249,MTR000249,96,91,0.9465
USR00087,2026-04-25,MP000249,MTR000249,96,95,0.9921
USR00087,2026-04-24,MP000249,MTR000249,96,96,1.0
USR00087,2026-04-23,MP000249,MTR000249,96,93,0.9683
USR00088,2026-05-22,MP000228,MTR000228,96,93,0.9697
USR00088,2026-05-21,MP000228,MTR000228,96,96,0.9955
USR00088,2026-05-20,MP000228,MTR000228,96,92,0.96
USR00088,2026-05-19,MP000228,MTR000228,96,96,0.9952
USR00088,2026-05-18,MP000228,MTR000228,96,95,0.9913
USR00088,2026-05-17,MP000228,MTR000228,96,96,1.0
USR00088,2026-05-16,MP000228,MTR000228,96,96,1.0
USR00088,2026-05-15,MP000228,MTR000228,96,94,0.9832
USR00088,2026-05-14,MP000228,MTR000228,96,90,0.9348
USR00088,2026-05-13,MP000228,MTR000228,96,95,0.9888
USR00088,2026-05-12,MP000228,MTR000228,96,96,1.0
USR00088,2026-05-11,MP000228,MTR000228,96,96,1.0
USR00088,2026-05-10,MP000228,MTR000228,96,95,0.9901
USR00088,2026-05-09,MP000228,MTR000228,96,96,1.0
USR00088,2026-05-08,MP000228,MTR000228,96,96,0.9989
USR00088,2026-05-07,MP000228,MTR000228,96,95,0.9917
USR00088,2026-05-06,MP000228,MTR000228,96,93,0.9715
USR00088,2026-05-05,MP000228,MTR000228,96,90,0.9424
USR00088,2026-05-04,MP000228,MTR000228,96,96,1.0
USR00088,2026-05-03,MP000228,MTR000228,96,96,1.0
USR00088,2026-05-02,MP000228,MTR000228,96,92,0.963
USR00088,2026-05-01,MP000228,MTR000228,96,95,0.9935
USR00088,2026-04-30,MP000228,MTR000228,96,95,0.9905
USR00088,2026-04-29,MP000228,MTR000228,96,94,0.9761
USR00088,2026-04-28,MP000228,MTR000228,96,93,0.971
USR00088,2026-04-27,MP000228,MTR000228,96,96,1.0
USR00088,2026-04-26,MP000228,MTR000228,96,95,0.9881
USR00088,2026-04-25,MP000228,MTR000228,96,94,0.9771
USR00088,2026-04-24,MP000228,MTR000228,96,93,0.969
USR00088,2026-04-23,MP000228,MTR000228,96,95,0.9909
USR00089,2026-05-22,,,96,94,0.9808
USR00089,2026-05-21,,,96,93,0.9675
USR00089,2026-05-20,,,96,94,0.9839
USR00089,2026-05-19,,,96,96,1.0
USR00089,2026-05-18,,,96,95,0.9893
USR00089,2026-05-17,,,96,94,0.9824
USR00089,2026-05-16,,,96,95,0.9938
USR00089,2026-05-15,,,96,93,0.9699
USR00089,2026-05-14,,,96,94,0.9801
USR00089,2026-05-13,,,96,92,0.9599
USR00089,2026-05-12,,,96,89,0.9281
USR00089,2026-05-11,,,96,95,0.9849
USR00089,2026-05-10,,,96,95,0.985
USR00089,2026-05-09,,,96,93,0.966
USR00089,2026-05-08,,,96,96,1.0
USR00089,2026-05-07,,,96,91,0.953
USR00089,2026-05-06,,,96,88,0.9215
USR00089,2026-05-05,,,96,92,0.9537
USR00089,2026-05-04,,,96,89,0.9284
USR00089,2026-05-03,,,96,95,0.9847
USR00089,2026-05-02,,,96,91,0.952
USR00089,2026-05-01,,,96,96,1.0
USR00089,2026-04-30,,,96,96,1.0
USR00089,2026-04-29,,,96,91,0.9469
USR00089,2026-04-28,,,96,91,0.9504
USR00089,2026-04-27,,,96,95,0.9906
USR00089,2026-04-26,,,96,96,1.0
USR00089,2026-04-25,,,96,88,0.9142
USR00089,2026-04-24,,,96,94,0.9831
USR00089,2026-04-23,,,96,87,0.9087
USR00090,2026-05-22,MP000338,MTR000338,96,93,0.9722
USR00090,2026-05-21,MP000338,MTR000338,96,96,1.0
USR00090,2026-05-20,MP000338,MTR000338,96,89,0.9322
USR00090,2026-05-19,MP000338,MTR000338,96,87,0.902
USR00090,2026-05-18,MP000338,MTR000338,96,89,0.924
USR00090,2026-05-17,MP000338,MTR000338,96,90,0.9414
USR00090,2026-05-16,MP000338,MTR000338,96,88,0.9193
USR00090,2026-05-15,MP000338,MTR000338,96,88,0.9116
USR00090,2026-05-14,MP000338,MTR000338,96,89,0.9266
USR00090,2026-05-13,MP000338,MTR000338,96,91,0.9512
USR00090,2026-05-12,MP000338,MTR000338,96,90,0.9343
USR00090,2026-05-11,MP000338,MTR000338,96,88,0.9129
USR00090,2026-05-10,MP000338,MTR000338,96,88,0.9193
USR00090,2026-05-09,MP000338,MTR000338,96,89,0.927
USR00090,2026-05-08,MP000338,MTR000338,96,87,0.9094
USR00090,2026-05-07,MP000338,MTR000338,96,88,0.9182
USR00090,2026-05-06,MP000338,MTR000338,96,92,0.9587
USR00090,2026-05-05,MP000338,MTR000338,96,90,0.9325
USR00090,2026-05-04,MP000338,MTR000338,96,85,0.8868
USR00090,2026-05-03,MP000338,MTR000338,96,93,0.9701
USR00090,2026-05-02,MP000338,MTR000338,96,91,0.9519
USR00090,2026-05-01,MP000338,MTR000338,96,86,0.8979
USR00090,2026-04-30,MP000338,MTR000338,96,89,0.9284
USR00090,2026-04-29,MP000338,MTR000338,96,88,0.9156
USR00090,2026-04-28,MP000338,MTR000338,96,92,0.9597
USR00090,2026-04-27,MP000338,MTR000338,96,89,0.9282
USR00090,2026-04-26,MP000338,MTR000338,96,90,0.9372
USR00090,2026-04-25,MP000338,MTR000338,96,90,0.9337
USR00090,2026-04-24,MP000338,MTR000338,96,86,0.895
USR00090,2026-04-23,MP000338,MTR000338,96,94,0.9815
USR00091,2026-05-22,MP000211,MTR000211,96,87,0.907
USR00091,2026-05-21,MP000211,MTR000211,96,90,0.9352
USR00091,2026-05-20,MP000211,MTR000211,96,92,0.9587
USR00091,2026-05-19,MP000211,MTR000211,96,89,0.9311
USR00091,2026-05-18,MP000211,MTR000211,96,94,0.9762
USR00091,2026-05-17,MP000211,MTR000211,96,96,1.0
USR00091,2026-05-16,MP000211,MTR000211,96,89,0.9257
USR00091,2026-05-15,MP000211,MTR000211,96,88,0.912
USR00091,2026-05-14,MP000211,MTR000211,96,86,0.8998
USR00091,2026-05-13,MP000211,MTR000211,96,83,0.863
USR00091,2026-05-12,MP000211,MTR000211,96,93,0.9669
USR00091,2026-05-11,MP000211,MTR000211,96,88,0.9188
USR00091,2026-05-10,MP000211,MTR000211,96,92,0.9557
USR00091,2026-05-09,MP000211,MTR000211,96,92,0.9617
USR00091,2026-05-08,MP000211,MTR000211,96,86,0.897
USR00091,2026-05-07,MP000211,MTR000211,96,87,0.9015
USR00091,2026-05-06,MP000211,MTR000211,96,94,0.9818
USR00091,2026-05-05,MP000211,MTR000211,96,89,0.9274
USR00091,2026-05-04,MP000211,MTR000211,96,87,0.9096
USR00091,2026-05-03,MP000211,MTR000211,96,86,0.8981
USR00091,2026-05-02,MP000211,MTR000211,96,89,0.9252
USR00091,2026-05-01,MP000211,MTR000211,96,94,0.9747
USR00091,2026-04-30,MP000211,MTR000211,96,91,0.95
USR00091,2026-04-29,MP000211,MTR000211,96,90,0.9349
USR00091,2026-04-28,MP000211,MTR000211,96,94,0.9771
USR00091,2026-04-27,MP000211,MTR000211,96,93,0.9713
USR00091,2026-04-26,MP000211,MTR000211,96,90,0.9395
USR00091,2026-04-25,MP000211,MTR000211,96,96,1.0
USR00091,2026-04-24,MP000211,MTR000211,96,89,0.922
USR00091,2026-04-23,MP000211,MTR000211,96,92,0.9624
USR00092,2026-05-22,MP000337,MTR000337,96,96,1.0
USR00092,2026-05-21,MP000337,MTR000337,96,95,0.9861
USR00092,2026-05-20,MP000337,MTR000337,96,96,1.0
USR00092,2026-05-19,MP000337,MTR000337,96,96,1.0
USR00092,2026-05-18,MP000337,MTR000337,96,96,1.0
USR00092,2026-05-17,MP000337,MTR000337,96,96,1.0
USR00092,2026-05-16,MP000337,MTR000337,96,93,0.9703
USR00092,2026-05-15,MP000337,MTR000337,96,96,0.9992
USR00092,2026-05-14,MP000337,MTR000337,96,92,0.9633
USR00092,2026-05-13,MP000337,MTR000337,96,96,1.0
USR00092,2026-05-12,MP000337,MTR000337,96,96,1.0
USR00092,2026-05-11,MP000337,MTR000337,96,95,0.9882
USR00092,2026-05-10,MP000337,MTR000337,96,96,1.0
USR00092,2026-05-09,MP000337,MTR000337,96,96,1.0
USR00092,2026-05-08,MP000337,MTR000337,96,96,0.9981
USR00092,2026-05-07,MP000337,MTR000337,96,96,1.0
USR00092,2026-05-06,MP000337,MTR000337,96,94,0.9759
USR00092,2026-05-05,MP000337,MTR000337,96,95,0.9854
USR00092,2026-05-04,MP000337,MTR000337,96,92,0.9612
USR00092,2026-05-03,MP000337,MTR000337,96,94,0.9792
USR00092,2026-05-02,MP000337,MTR000337,96,95,0.9904
USR00092,2026-05-01,MP000337,MTR000337,96,91,0.9438
USR00092,2026-04-30,MP000337,MTR000337,96,96,1.0
USR00092,2026-04-29,MP000337,MTR000337,96,96,1.0
USR00092,2026-04-28,MP000337,MTR000337,96,95,0.9933
USR00092,2026-04-27,MP000337,MTR000337,96,88,0.9126
USR00092,2026-04-26,MP000337,MTR000337,96,95,0.986
USR00092,2026-04-25,MP000337,MTR000337,96,91,0.9518
USR00092,2026-04-24,MP000337,MTR000337,96,94,0.9753
USR00092,2026-04-23,MP000337,MTR000337,96,96,1.0
USR00093,2026-05-22,MP000499,MTR000499,96,88,0.9153
USR00093,2026-05-21,MP000499,MTR000499,96,93,0.9647
USR00093,2026-05-20,MP000499,MTR000499,96,88,0.9187
USR00093,2026-05-19,MP000499,MTR000499,96,88,0.9164
USR00093,2026-05-18,MP000499,MTR000499,96,96,1.0
USR00093,2026-05-17,MP000499,MTR000499,96,91,0.9511
USR00093,2026-05-16,MP000499,MTR000499,96,93,0.9678
USR00093,2026-05-15,MP000499,MTR000499,96,92,0.9546
USR00093,2026-05-14,MP000499,MTR000499,96,91,0.9446
USR00093,2026-05-13,MP000499,MTR000499,96,94,0.9777
USR00093,2026-05-12,MP000499,MTR000499,96,96,0.9969
USR00093,2026-05-11,MP000499,MTR000499,96,85,0.8893
USR00093,2026-05-10,MP000499,MTR000499,96,90,0.9387
USR00093,2026-05-09,MP000499,MTR000499,96,90,0.9385
USR00093,2026-05-08,MP000499,MTR000499,96,89,0.9269
USR00093,2026-05-07,MP000499,MTR000499,96,93,0.9692
USR00093,2026-05-06,MP000499,MTR000499,96,91,0.9475
USR00093,2026-05-05,MP000499,MTR000499,96,96,0.9975
USR00093,2026-05-04,MP000499,MTR000499,96,93,0.9728
USR00093,2026-05-03,MP000499,MTR000499,96,94,0.9807
USR00093,2026-05-02,MP000499,MTR000499,96,87,0.9038
USR00093,2026-05-01,MP000499,MTR000499,96,88,0.9156
USR00093,2026-04-30,MP000499,MTR000499,96,88,0.9181
USR00093,2026-04-29,MP000499,MTR000499,96,94,0.9795
USR00093,2026-04-28,MP000499,MTR000499,96,87,0.9107
USR00093,2026-04-27,MP000499,MTR000499,96,88,0.9116
USR00093,2026-04-26,MP000499,MTR000499,96,87,0.9061
USR00093,2026-04-25,MP000499,MTR000499,96,96,1.0
USR00093,2026-04-24,MP000499,MTR000499,96,90,0.9355
USR00093,2026-04-23,MP000499,MTR000499,96,92,0.9557
USR00094,2026-05-22,,,96,66,0.6907
USR00094,2026-05-21,,,96,58,0.6088
USR00094,2026-05-20,,,96,61,0.6326
USR00094,2026-05-19,,,96,61,0.64
USR00094,2026-05-18,,,96,64,0.6685
USR00094,2026-05-17,,,96,61,0.6382
USR00094,2026-05-16,,,96,68,0.7077
USR00094,2026-05-15,,,96,65,0.6771
USR00094,2026-05-14,,,96,62,0.6413
USR00094,2026-05-13,,,96,66,0.6919
USR00094,2026-05-12,,,96,62,0.6502
USR00094,2026-05-11,,,96,62,0.6443
USR00094,2026-05-10,,,96,66,0.6888
USR00094,2026-05-09,,,96,56,0.5884
USR00094,2026-05-08,,,96,66,0.684
USR00094,2026-05-07,,,96,61,0.6406
USR00094,2026-05-06,,,96,61,0.6405
USR00094,2026-05-05,,,96,69,0.7207
USR00094,2026-05-04,,,96,62,0.646
USR00094,2026-05-03,,,96,66,0.6906
USR00094,2026-05-02,,,96,64,0.6703
USR00094,2026-05-01,,,96,65,0.6735
USR00094,2026-04-30,,,96,63,0.6544
USR00094,2026-04-29,,,96,63,0.6529
USR00094,2026-04-28,,,96,68,0.7078
USR00094,2026-04-27,,,96,66,0.6899
USR00094,2026-04-26,,,96,62,0.647
USR00094,2026-04-25,,,96,61,0.6306
USR00094,2026-04-24,,,96,62,0.6444
USR00094,2026-04-23,,,96,66,0.6914
USR00095,2026-05-22,MP000039,MTR000039,96,93,0.9727
USR00095,2026-05-21,MP000039,MTR000039,96,87,0.9075
USR00095,2026-05-20,MP000039,MTR000039,96,94,0.9786
USR00095,2026-05-19,MP000039,MTR000039,96,96,0.9951
USR00095,2026-05-18,MP000039,MTR000039,96,92,0.9612
USR00095,2026-05-17,MP000039,MTR000039,96,96,1.0
USR00095,2026-05-16,MP000039,MTR000039,96,88,0.9164
USR00095,2026-05-15,MP000039,MTR000039,96,94,0.9766
USR00095,2026-05-14,MP000039,MTR000039,96,89,0.9254
USR00095,2026-05-13,MP000039,MTR000039,96,95,0.9878
USR00095,2026-05-12,MP000039,MTR000039,96,94,0.9744
USR00095,2026-05-11,MP000039,MTR000039,96,96,1.0
USR00095,2026-05-10,MP000039,MTR000039,96,93,0.971
USR00095,2026-05-09,MP000039,MTR000039,96,91,0.9439
USR00095,2026-05-08,MP000039,MTR000039,96,90,0.9413
USR00095,2026-05-07,MP000039,MTR000039,96,91,0.9485
USR00095,2026-05-06,MP000039,MTR000039,96,90,0.9407
USR00095,2026-05-05,MP000039,MTR000039,96,96,0.9964
USR00095,2026-05-04,MP000039,MTR000039,96,95,0.9943
USR00095,2026-05-03,MP000039,MTR000039,96,87,0.9111
USR00095,2026-05-02,MP000039,MTR000039,96,92,0.9572
USR00095,2026-05-01,MP000039,MTR000039,96,92,0.9579
USR00095,2026-04-30,MP000039,MTR000039,96,90,0.9326
USR00095,2026-04-29,MP000039,MTR000039,96,93,0.9692
USR00095,2026-04-28,MP000039,MTR000039,96,96,0.9999
USR00095,2026-04-27,MP000039,MTR000039,96,94,0.9828
USR00095,2026-04-26,MP000039,MTR000039,96,96,0.9964
USR00095,2026-04-25,MP000039,MTR000039,96,90,0.9345
USR00095,2026-04-24,MP000039,MTR000039,96,92,0.9571
USR00095,2026-04-23,MP000039,MTR000039,96,90,0.9331
USR00096,2026-05-22,MP000015,MTR000015,96,89,0.9311
USR00096,2026-05-21,MP000015,MTR000015,96,91,0.95
USR00096,2026-05-20,MP000015,MTR000015,96,92,0.9606
USR00096,2026-05-19,MP000015,MTR000015,96,90,0.9419
USR00096,2026-05-18,MP000015,MTR000015,96,86,0.8954
USR00096,2026-05-17,MP000015,MTR000015,96,85,0.8807
USR00096,2026-05-16,MP000015,MTR000015,96,90,0.9368
USR00096,2026-05-15,MP000015,MTR000015,96,93,0.9662
USR00096,2026-05-14,MP000015,MTR000015,96,88,0.9205
USR00096,2026-05-13,MP000015,MTR000015,96,84,0.8754
USR00096,2026-05-12,MP000015,MTR000015,96,94,0.9838
USR00096,2026-05-11,MP000015,MTR000015,96,90,0.9359
USR00096,2026-05-10,MP000015,MTR000015,96,89,0.9264
USR00096,2026-05-09,MP000015,MTR000015,96,85,0.8862
USR00096,2026-05-08,MP000015,MTR000015,96,88,0.9217
USR00096,2026-05-07,MP000015,MTR000015,96,90,0.9418
USR00096,2026-05-06,MP000015,MTR000015,96,90,0.9363
USR00096,2026-05-05,MP000015,MTR000015,96,86,0.9008
USR00096,2026-05-04,MP000015,MTR000015,96,88,0.9195
USR00096,2026-05-03,MP000015,MTR000015,96,87,0.9027
USR00096,2026-05-02,MP000015,MTR000015,96,93,0.9711
USR00096,2026-05-01,MP000015,MTR000015,96,91,0.9481
USR00096,2026-04-30,MP000015,MTR000015,96,87,0.9055
USR00096,2026-04-29,MP000015,MTR000015,96,85,0.8862
USR00096,2026-04-28,MP000015,MTR000015,96,89,0.9296
USR00096,2026-04-27,MP000015,MTR000015,96,87,0.9064
USR00096,2026-04-26,MP000015,MTR000015,96,87,0.9087
USR00096,2026-04-25,MP000015,MTR000015,96,85,0.8872
USR00096,2026-04-24,MP000015,MTR000015,96,86,0.8909
USR00096,2026-04-23,MP000015,MTR000015,96,89,0.9261
USR00097,2026-05-22,MP000048,MTR000048,96,96,1.0
USR00097,2026-05-21,MP000048,MTR000048,96,91,0.952
USR00097,2026-05-20,MP000048,MTR000048,96,86,0.8996
USR00097,2026-05-19,MP000048,MTR000048,96,85,0.8881
USR00097,2026-05-18,MP000048,MTR000048,96,91,0.9461
USR00097,2026-05-17,MP000048,MTR000048,96,89,0.9222
USR00097,2026-05-16,MP000048,MTR000048,96,94,0.9741
USR00097,2026-05-15,MP000048,MTR000048,96,90,0.9426
USR00097,2026-05-14,MP000048,MTR000048,96,84,0.8747
USR00097,2026-05-13,MP000048,MTR000048,96,87,0.9035
USR00097,2026-05-12,MP000048,MTR000048,96,88,0.9139
USR00097,2026-05-11,MP000048,MTR000048,96,91,0.9474
USR00097,2026-05-10,MP000048,MTR000048,96,87,0.9025
USR00097,2026-05-09,MP000048,MTR000048,96,90,0.9387
USR00097,2026-05-08,MP000048,MTR000048,96,86,0.894
USR00097,2026-05-07,MP000048,MTR000048,96,90,0.9343
USR00097,2026-05-06,MP000048,MTR000048,96,91,0.9452
USR00097,2026-05-05,MP000048,MTR000048,96,94,0.978
USR00097,2026-05-04,MP000048,MTR000048,96,90,0.9415
USR00097,2026-05-03,MP000048,MTR000048,96,87,0.9096
USR00097,2026-05-02,MP000048,MTR000048,96,94,0.9789
USR00097,2026-05-01,MP000048,MTR000048,96,89,0.9286
USR00097,2026-04-30,MP000048,MTR000048,96,92,0.9573
USR00097,2026-04-29,MP000048,MTR000048,96,88,0.9157
USR00097,2026-04-28,MP000048,MTR000048,96,90,0.9369
USR00097,2026-04-27,MP000048,MTR000048,96,87,0.9101
USR00097,2026-04-26,MP000048,MTR000048,96,91,0.9438
USR00097,2026-04-25,MP000048,MTR000048,96,92,0.9582
USR00097,2026-04-24,MP000048,MTR000048,96,88,0.9193
USR00097,2026-04-23,MP000048,MTR000048,96,88,0.9176
USR00098,2026-05-22,MP000342,MTR000342,96,92,0.9575
USR00098,2026-05-21,MP000342,MTR000342,96,90,0.9367
USR00098,2026-05-20,MP000342,MTR000342,96,95,0.9928
USR00098,2026-05-19,MP000342,MTR000342,96,94,0.979
USR00098,2026-05-18,MP000342,MTR000342,96,94,0.9784
USR00098,2026-05-17,MP000342,MTR000342,96,96,0.9979
USR00098,2026-05-16,MP000342,MTR000342,96,96,1.0
USR00098,2026-05-15,MP000342,MTR000342,96,94,0.9774
USR00098,2026-05-14,MP000342,MTR000342,96,91,0.9486
USR00098,2026-05-13,MP000342,MTR000342,96,92,0.9631
USR00098,2026-05-12,MP000342,MTR000342,96,96,0.9998
USR00098,2026-05-11,MP000342,MTR000342,96,95,0.9863
USR00098,2026-05-10,MP000342,MTR000342,96,93,0.9657
USR00098,2026-05-09,MP000342,MTR000342,96,92,0.9587
USR00098,2026-05-08,MP000342,MTR000342,96,96,1.0
USR00098,2026-05-07,MP000342,MTR000342,96,94,0.9756
USR00098,2026-05-06,MP000342,MTR000342,96,96,1.0
USR00098,2026-05-05,MP000342,MTR000342,96,96,1.0
USR00098,2026-05-04,MP000342,MTR000342,96,93,0.9728
USR00098,2026-05-03,MP000342,MTR000342,96,96,1.0
USR00098,2026-05-02,MP000342,MTR000342,96,95,0.9864
USR00098,2026-05-01,MP000342,MTR000342,96,95,0.9903
USR00098,2026-04-30,MP000342,MTR000342,96,88,0.9166
USR00098,2026-04-29,MP000342,MTR000342,96,91,0.9531
USR00098,2026-04-28,MP000342,MTR000342,96,92,0.9547
USR00098,2026-04-27,MP000342,MTR000342,96,93,0.9727
USR00098,2026-04-26,MP000342,MTR000342,96,95,0.9857
USR00098,2026-04-25,MP000342,MTR000342,96,95,0.9869
USR00098,2026-04-24,MP000342,MTR000342,96,95,0.9908
USR00098,2026-04-23,MP000342,MTR000342,96,92,0.9617
USR00099,2026-05-22,MP000230,MTR000230,96,96,1.0
USR00099,2026-05-21,MP000230,MTR000230,96,91,0.945
USR00099,2026-05-20,MP000230,MTR000230,96,90,0.9357
USR00099,2026-05-19,MP000230,MTR000230,96,90,0.9351
USR00099,2026-05-18,MP000230,MTR000230,96,92,0.9582
USR00099,2026-05-17,MP000230,MTR000230,96,90,0.9398
USR00099,2026-05-16,MP000230,MTR000230,96,87,0.9037
USR00099,2026-05-15,MP000230,MTR000230,96,88,0.9119
USR00099,2026-05-14,MP000230,MTR000230,96,95,0.9862
USR00099,2026-05-13,MP000230,MTR000230,96,95,0.9941
USR00099,2026-05-12,MP000230,MTR000230,96,96,1.0
USR00099,2026-05-11,MP000230,MTR000230,96,92,0.9624
USR00099,2026-05-10,MP000230,MTR000230,96,89,0.9259
USR00099,2026-05-09,MP000230,MTR000230,96,90,0.9425
USR00099,2026-05-08,MP000230,MTR000230,96,87,0.9109
USR00099,2026-05-07,MP000230,MTR000230,96,87,0.9097
USR00099,2026-05-06,MP000230,MTR000230,96,92,0.9633
USR00099,2026-05-05,MP000230,MTR000230,96,93,0.9718
USR00099,2026-05-04,MP000230,MTR000230,96,96,1.0
USR00099,2026-05-03,MP000230,MTR000230,96,91,0.9531
USR00099,2026-05-02,MP000230,MTR000230,96,88,0.9149
USR00099,2026-05-01,MP000230,MTR000230,96,91,0.952
USR00099,2026-04-30,MP000230,MTR000230,96,91,0.9471
USR00099,2026-04-29,MP000230,MTR000230,96,90,0.9409
USR00099,2026-04-28,MP000230,MTR000230,96,93,0.9659
USR00099,2026-04-27,MP000230,MTR000230,96,88,0.9192
USR00099,2026-04-26,MP000230,MTR000230,96,92,0.9595
USR00099,2026-04-25,MP000230,MTR000230,96,94,0.9752
USR00099,2026-04-24,MP000230,MTR000230,96,96,0.9982
USR00099,2026-04-23,MP000230,MTR000230,96,93,0.9649
USR00100,2026-05-22,,,96,88,0.9206
USR00100,2026-05-21,,,96,89,0.9248
USR00100,2026-05-20,,,96,94,0.9743
USR00100,2026-05-19,,,96,86,0.8927
USR00100,2026-05-18,,,96,88,0.9218
USR00100,2026-05-17,,,96,93,0.9677
USR00100,2026-05-16,,,96,89,0.9276
USR00100,2026-05-15,,,96,89,0.9253
USR00100,2026-05-14,,,96,89,0.9259
USR00100,2026-05-13,,,96,90,0.9374
USR00100,2026-05-12,,,96,93,0.9665
USR00100,2026-05-11,,,96,92,0.9616
USR00100,2026-05-10,,,96,90,0.9342
USR00100,2026-05-09,,,96,93,0.9667
USR00100,2026-05-08,,,96,91,0.9441
USR00100,2026-05-07,,,96,92,0.9597
USR00100,2026-05-06,,,96,87,0.903
USR00100,2026-05-05,,,96,95,0.986
USR00100,2026-05-04,,,96,90,0.9405
USR00100,2026-05-03,,,96,82,0.8514
USR00100,2026-05-02,,,96,94,0.9837
USR00100,2026-05-01,,,96,90,0.934
USR00100,2026-04-30,,,96,89,0.922
USR00100,2026-04-29,,,96,88,0.9157
USR00100,2026-04-28,,,96,91,0.9471
USR00100,2026-04-27,,,96,87,0.9072
USR00100,2026-04-26,,,96,88,0.9166
USR00100,2026-04-25,,,96,88,0.9173
USR00100,2026-04-24,,,96,89,0.9251
USR00100,2026-04-23,,,96,88,0.9184
USR00101,2026-05-22,MP000062,MTR000062,96,90,0.9337
USR00101,2026-05-21,MP000062,MTR000062,96,90,0.9373
USR00101,2026-05-20,MP000062,MTR000062,96,91,0.9439
USR00101,2026-05-19,MP000062,MTR000062,96,89,0.9228
USR00101,2026-05-18,MP000062,MTR000062,96,86,0.8949
USR00101,2026-05-17,MP000062,MTR000062,96,94,0.9797
USR00101,2026-05-16,MP000062,MTR000062,96,92,0.9534
USR00101,2026-05-15,MP000062,MTR000062,96,93,0.9739
USR00101,2026-05-14,MP000062,MTR000062,96,92,0.9566
USR00101,2026-05-13,MP000062,MTR000062,96,88,0.9117
USR00101,2026-05-12,MP000062,MTR000062,96,82,0.8551
USR00101,2026-05-11,MP000062,MTR000062,96,85,0.8887
USR00101,2026-05-10,MP000062,MTR000062,96,91,0.9447
USR00101,2026-05-09,MP000062,MTR000062,96,89,0.9225
USR00101,2026-05-08,MP000062,MTR000062,96,88,0.913
USR00101,2026-05-07,MP000062,MTR000062,96,82,0.8507
USR00101,2026-05-06,MP000062,MTR000062,96,89,0.9252
USR00101,2026-05-05,MP000062,MTR000062,96,86,0.8931
USR00101,2026-05-04,MP000062,MTR000062,96,87,0.9038
USR00101,2026-05-03,MP000062,MTR000062,96,91,0.9511
USR00101,2026-05-02,MP000062,MTR000062,96,86,0.8947
USR00101,2026-05-01,MP000062,MTR000062,96,86,0.8975
USR00101,2026-04-30,MP000062,MTR000062,96,89,0.9311
USR00101,2026-04-29,MP000062,MTR000062,96,91,0.9517
USR00101,2026-04-28,MP000062,MTR000062,96,88,0.9135
USR00101,2026-04-27,MP000062,MTR000062,96,93,0.9696
USR00101,2026-04-26,MP000062,MTR000062,96,85,0.8872
USR00101,2026-04-25,MP000062,MTR000062,96,85,0.8819
USR00101,2026-04-24,MP000062,MTR000062,96,84,0.8794
USR00101,2026-04-23,MP000062,MTR000062,96,84,0.876
USR00102,2026-05-22,MP000222,MTR000222,96,92,0.9628
USR00102,2026-05-21,MP000222,MTR000222,96,91,0.9498
USR00102,2026-05-20,MP000222,MTR000222,96,96,1.0
USR00102,2026-05-19,MP000222,MTR000222,96,96,1.0
USR00102,2026-05-18,MP000222,MTR000222,96,96,1.0
USR00102,2026-05-17,MP000222,MTR000222,96,96,1.0
USR00102,2026-05-16,MP000222,MTR000222,96,93,0.9646
USR00102,2026-05-15,MP000222,MTR000222,96,96,1.0
USR00102,2026-05-14,MP000222,MTR000222,96,96,1.0
USR00102,2026-05-13,MP000222,MTR000222,96,94,0.9779
USR00102,2026-05-12,MP000222,MTR000222,96,96,0.9971
USR00102,2026-05-11,MP000222,MTR000222,96,92,0.9546
USR00102,2026-05-10,MP000222,MTR000222,96,93,0.9733
USR00102,2026-05-09,MP000222,MTR000222,96,96,1.0
USR00102,2026-05-08,MP000222,MTR000222,96,96,1.0
USR00102,2026-05-07,MP000222,MTR000222,96,96,1.0
USR00102,2026-05-06,MP000222,MTR000222,96,96,1.0
USR00102,2026-05-05,MP000222,MTR000222,96,95,0.9945
USR00102,2026-05-04,MP000222,MTR000222,96,95,0.9899
USR00102,2026-05-03,MP000222,MTR000222,96,91,0.9487
USR00102,2026-05-02,MP000222,MTR000222,96,93,0.9671
USR00102,2026-05-01,MP000222,MTR000222,96,93,0.968
USR00102,2026-04-30,MP000222,MTR000222,96,96,1.0
USR00102,2026-04-29,MP000222,MTR000222,96,96,1.0
USR00102,2026-04-28,MP000222,MTR000222,96,96,1.0
USR00102,2026-04-27,MP000222,MTR000222,96,96,1.0
USR00102,2026-04-26,MP000222,MTR000222,96,95,0.9943
USR00102,2026-04-25,MP000222,MTR000222,96,92,0.9626
USR00102,2026-04-24,MP000222,MTR000222,96,95,0.9906
USR00102,2026-04-23,MP000222,MTR000222,96,93,0.9704
USR00103,2026-05-22,,,96,89,0.9317
USR00103,2026-05-21,,,96,90,0.9395
USR00103,2026-05-20,,,96,92,0.9633
USR00103,2026-05-19,,,96,88,0.9203
USR00103,2026-05-18,,,96,93,0.9714
USR00103,2026-05-17,,,96,87,0.9021
USR00103,2026-05-16,,,96,91,0.9517
USR00103,2026-05-15,,,96,90,0.9398
USR00103,2026-05-14,,,96,93,0.9673
USR00103,2026-05-13,,,96,87,0.9013
USR00103,2026-05-12,,,96,86,0.8966
USR00103,2026-05-11,,,96,93,0.965
USR00103,2026-05-10,,,96,89,0.9308
USR00103,2026-05-09,,,96,90,0.9398
USR00103,2026-05-08,,,96,89,0.9227
USR00103,2026-05-07,,,96,93,0.9699
USR00103,2026-05-06,,,96,91,0.9515
USR00103,2026-05-05,,,96,91,0.9497
USR00103,2026-05-04,,,96,87,0.9074
USR00103,2026-05-03,,,96,92,0.9575
USR00103,2026-05-02,,,96,88,0.9127
USR00103,2026-05-01,,,96,89,0.9227
USR00103,2026-04-30,,,96,87,0.9015
USR00103,2026-04-29,,,96,90,0.9378
USR00103,2026-04-28,,,96,94,0.9744
USR00103,2026-04-27,,,96,91,0.9493
USR00103,2026-04-26,,,96,89,0.9292
USR00103,2026-04-25,,,96,91,0.9458
USR00103,2026-04-24,,,96,91,0.9456
USR00103,2026-04-23,,,96,91,0.9445
USR00104,2026-05-22,,,96,91,0.9505
USR00104,2026-05-21,,,96,95,0.9849
USR00104,2026-05-20,,,96,89,0.9291
USR00104,2026-05-19,,,96,96,0.999
USR00104,2026-05-18,,,96,91,0.9486
USR00104,2026-05-17,,,96,96,1.0
USR00104,2026-05-16,,,96,87,0.9084
USR00104,2026-05-15,,,96,96,1.0
USR00104,2026-05-14,,,96,90,0.9325
USR00104,2026-05-13,,,96,91,0.9457
USR00104,2026-05-12,,,96,95,0.9907
USR00104,2026-05-11,,,96,96,1.0
USR00104,2026-05-10,,,96,93,0.9732
USR00104,2026-05-09,,,96,96,1.0
USR00104,2026-05-08,,,96,92,0.9578
USR00104,2026-05-07,,,96,93,0.9697
USR00104,2026-05-06,,,96,93,0.9727
USR00104,2026-05-05,,,96,93,0.9656
USR00104,2026-05-04,,,96,89,0.9237
USR00104,2026-05-03,,,96,94,0.981
USR00104,2026-05-02,,,96,94,0.9783
USR00104,2026-05-01,,,96,96,1.0
USR00104,2026-04-30,,,96,91,0.9431
USR00104,2026-04-29,,,96,92,0.9625
USR00104,2026-04-28,,,96,96,1.0
USR00104,2026-04-27,,,96,95,0.9905
USR00104,2026-04-26,,,96,96,0.9982
USR00104,2026-04-25,,,96,96,0.9953
USR00104,2026-04-24,,,96,96,0.9954
USR00104,2026-04-23,,,96,96,1.0
USR00105,2026-05-22,MP000060,MTR000060,96,86,0.9002
USR00105,2026-05-21,MP000060,MTR000060,96,91,0.9498
USR00105,2026-05-20,MP000060,MTR000060,96,88,0.9136
USR00105,2026-05-19,MP000060,MTR000060,96,89,0.9273
USR00105,2026-05-18,MP000060,MTR000060,96,90,0.9417
USR00105,2026-05-17,MP000060,MTR000060,96,87,0.9059
USR00105,2026-05-16,MP000060,MTR000060,96,88,0.9153
USR00105,2026-05-15,MP000060,MTR000060,96,91,0.9449
USR00105,2026-05-14,MP000060,MTR000060,96,88,0.9141
USR00105,2026-05-13,MP000060,MTR000060,96,92,0.9598
USR00105,2026-05-12,MP000060,MTR000060,96,86,0.901
USR00105,2026-05-11,MP000060,MTR000060,96,86,0.9009
USR00105,2026-05-10,MP000060,MTR000060,96,95,0.9878
USR00105,2026-05-09,MP000060,MTR000060,96,85,0.8847
USR00105,2026-05-08,MP000060,MTR000060,96,89,0.9298
USR00105,2026-05-07,MP000060,MTR000060,96,95,0.9861
USR00105,2026-05-06,MP000060,MTR000060,96,89,0.9297
USR00105,2026-05-05,MP000060,MTR000060,96,93,0.971
USR00105,2026-05-04,MP000060,MTR000060,96,91,0.9502
USR00105,2026-05-03,MP000060,MTR000060,96,89,0.9304
USR00105,2026-05-02,MP000060,MTR000060,96,89,0.9267
USR00105,2026-05-01,MP000060,MTR000060,96,83,0.867
USR00105,2026-04-30,MP000060,MTR000060,96,88,0.921
USR00105,2026-04-29,MP000060,MTR000060,96,90,0.9376
USR00105,2026-04-28,MP000060,MTR000060,96,90,0.9375
USR00105,2026-04-27,MP000060,MTR000060,96,96,1.0
USR00105,2026-04-26,MP000060,MTR000060,96,90,0.939
USR00105,2026-04-25,MP000060,MTR000060,96,91,0.9495
USR00105,2026-04-24,MP000060,MTR000060,96,93,0.9655
USR00105,2026-04-23,MP000060,MTR000060,96,91,0.9468
USR00106,2026-05-22,,,96,89,0.9282
USR00106,2026-05-21,,,96,88,0.9201
USR00106,2026-05-20,,,96,91,0.9439
USR00106,2026-05-19,,,96,89,0.9255
USR00106,2026-05-18,,,96,91,0.9494
USR00106,2026-05-17,,,96,86,0.9003
USR00106,2026-05-16,,,96,90,0.935
USR00106,2026-05-15,,,96,94,0.9772
USR00106,2026-05-14,,,96,89,0.9239
USR00106,2026-05-13,,,96,95,0.9859
USR00106,2026-05-12,,,96,90,0.9355
USR00106,2026-05-11,,,96,89,0.9289
USR00106,2026-05-10,,,96,90,0.9341
USR00106,2026-05-09,,,96,88,0.9213
USR00106,2026-05-08,,,96,84,0.8712
USR00106,2026-05-07,,,96,92,0.957
USR00106,2026-05-06,,,96,96,0.9964
USR00106,2026-05-05,,,96,91,0.945
USR00106,2026-05-04,,,96,91,0.9469
USR00106,2026-05-03,,,96,89,0.9251
USR00106,2026-05-02,,,96,93,0.9653
USR00106,2026-05-01,,,96,89,0.9294
USR00106,2026-04-30,,,96,90,0.9386
USR00106,2026-04-29,,,96,85,0.8837
USR00106,2026-04-28,,,96,88,0.9147
USR00106,2026-04-27,,,96,90,0.9416
USR00106,2026-04-26,,,96,92,0.9578
USR00106,2026-04-25,,,96,92,0.9587
USR00106,2026-04-24,,,96,85,0.8832
USR00106,2026-04-23,,,96,85,0.8863
USR00107,2026-05-22,,,96,90,0.9403
USR00107,2026-05-21,,,96,95,0.9895
USR00107,2026-05-20,,,96,88,0.9138
USR00107,2026-05-19,,,96,92,0.9597
USR00107,2026-05-18,,,96,92,0.9617
USR00107,2026-05-17,,,96,94,0.9771
USR00107,2026-05-16,,,96,89,0.9317
USR00107,2026-05-15,,,96,87,0.9037
USR00107,2026-05-14,,,96,93,0.9678
USR00107,2026-05-13,,,96,94,0.9785
USR00107,2026-05-12,,,96,95,0.9929
USR00107,2026-05-11,,,96,91,0.9519
USR00107,2026-05-10,,,96,95,0.986
USR00107,2026-05-09,,,96,94,0.9773
USR00107,2026-05-08,,,96,96,1.0
USR00107,2026-05-07,,,96,92,0.961
USR00107,2026-05-06,,,96,87,0.9108
USR00107,2026-05-05,,,96,92,0.9607
USR00107,2026-05-04,,,96,93,0.9653
USR00107,2026-05-03,,,96,94,0.9782
USR00107,2026-05-02,,,96,88,0.9167
USR00107,2026-05-01,,,96,92,0.9533
USR00107,2026-04-30,,,96,95,0.9887
USR00107,2026-04-29,,,96,92,0.9596
USR00107,2026-04-28,,,96,92,0.9535
USR00107,2026-04-27,,,96,96,1.0
USR00107,2026-04-26,,,96,89,0.9306
USR00107,2026-04-25,,,96,96,0.9997
USR00107,2026-04-24,,,96,95,0.9933
USR00107,2026-04-23,,,96,92,0.9559
USR00108,2026-05-22,,,96,94,0.9793
USR00108,2026-05-21,,,96,95,0.9858
USR00108,2026-05-20,,,96,92,0.9625
USR00108,2026-05-19,,,96,93,0.9675
USR00108,2026-05-18,,,96,93,0.9697
USR00108,2026-05-17,,,96,93,0.9706
USR00108,2026-05-16,,,96,93,0.971
USR00108,2026-05-15,,,96,88,0.9131
USR00108,2026-05-14,,,96,94,0.9833
USR00108,2026-05-13,,,96,93,0.9645
USR00108,2026-05-12,,,96,89,0.9243
USR00108,2026-05-11,,,96,93,0.9698
USR00108,2026-05-10,,,96,93,0.9689
USR00108,2026-05-09,,,96,96,1.0
USR00108,2026-05-08,,,96,93,0.9642
USR00108,2026-05-07,,,96,96,1.0
USR00108,2026-05-06,,,96,96,1.0
USR00108,2026-05-05,,,96,92,0.9615
USR00108,2026-05-04,,,96,94,0.9789
USR00108,2026-05-03,,,96,96,1.0
USR00108,2026-05-02,,,96,95,0.9872
USR00108,2026-05-01,,,96,95,0.9916
USR00108,2026-04-30,,,96,93,0.9681
USR00108,2026-04-29,,,96,96,1.0
USR00108,2026-04-28,,,96,94,0.9792
USR00108,2026-04-27,,,96,89,0.9254
USR00108,2026-04-26,,,96,93,0.9697
USR00108,2026-04-25,,,96,91,0.9449
USR00108,2026-04-24,,,96,94,0.9837
USR00108,2026-04-23,,,96,91,0.9528
USR00109,2026-05-22,,,96,92,0.9557
USR00109,2026-05-21,,,96,88,0.9169
USR00109,2026-05-20,,,96,90,0.9396
USR00109,2026-05-19,,,96,93,0.9729
USR00109,2026-05-18,,,96,95,0.9888
USR00109,2026-05-17,,,96,89,0.9273
USR00109,2026-05-16,,,96,88,0.9214
USR00109,2026-05-15,,,96,96,1.0
USR00109,2026-05-14,,,96,92,0.954
USR00109,2026-05-13,,,96,92,0.9571
USR00109,2026-05-12,,,96,89,0.9322
USR00109,2026-05-11,,,96,92,0.9608
USR00109,2026-05-10,,,96,96,1.0
USR00109,2026-05-09,,,96,92,0.962
USR00109,2026-05-08,,,96,95,0.9863
USR00109,2026-05-07,,,96,92,0.9552
USR00109,2026-05-06,,,96,89,0.9236
USR00109,2026-05-05,,,96,90,0.9338
USR00109,2026-05-04,,,96,88,0.9208
USR00109,2026-05-03,,,96,92,0.9609
USR00109,2026-05-02,,,96,95,0.991
USR00109,2026-05-01,,,96,92,0.9592
USR00109,2026-04-30,,,96,91,0.9451
USR00109,2026-04-29,,,96,89,0.9306
USR00109,2026-04-28,,,96,93,0.965
USR00109,2026-04-27,,,96,88,0.9172
USR00109,2026-04-26,,,96,88,0.9203
USR00109,2026-04-25,,,96,94,0.9813
USR00109,2026-04-24,,,96,91,0.946
USR00109,2026-04-23,,,96,91,0.9454
USR00110,2026-05-22,MP000232,MTR000232,96,93,0.973
USR00110,2026-05-21,MP000232,MTR000232,96,92,0.9562
USR00110,2026-05-20,MP000232,MTR000232,96,89,0.9289
USR00110,2026-05-19,MP000232,MTR000232,96,89,0.93
USR00110,2026-05-18,MP000232,MTR000232,96,91,0.9454
USR00110,2026-05-17,MP000232,MTR000232,96,92,0.9603
USR00110,2026-05-16,MP000232,MTR000232,96,91,0.9502
USR00110,2026-05-15,MP000232,MTR000232,96,91,0.9475
USR00110,2026-05-14,MP000232,MTR000232,96,91,0.9526
USR00110,2026-05-13,MP000232,MTR000232,96,91,0.9501
USR00110,2026-05-12,MP000232,MTR000232,96,89,0.9278
USR00110,2026-05-11,MP000232,MTR000232,96,95,0.9844
USR00110,2026-05-10,MP000232,MTR000232,96,90,0.9368
USR00110,2026-05-09,MP000232,MTR000232,96,92,0.9551
USR00110,2026-05-08,MP000232,MTR000232,96,85,0.8894
USR00110,2026-05-07,MP000232,MTR000232,96,91,0.9448
USR00110,2026-05-06,MP000232,MTR000232,96,88,0.9182
USR00110,2026-05-05,MP000232,MTR000232,96,88,0.9219
USR00110,2026-05-04,MP000232,MTR000232,96,96,1.0
USR00110,2026-05-03,MP000232,MTR000232,96,92,0.9587
USR00110,2026-05-02,MP000232,MTR000232,96,95,0.988
USR00110,2026-05-01,MP000232,MTR000232,96,94,0.9769
USR00110,2026-04-30,MP000232,MTR000232,96,94,0.9807
USR00110,2026-04-29,MP000232,MTR000232,96,91,0.9453
USR00110,2026-04-28,MP000232,MTR000232,96,96,0.9994
USR00110,2026-04-27,MP000232,MTR000232,96,94,0.9766
USR00110,2026-04-26,MP000232,MTR000232,96,91,0.9525
USR00110,2026-04-25,MP000232,MTR000232,96,92,0.9591
USR00110,2026-04-24,MP000232,MTR000232,96,91,0.9471
USR00110,2026-04-23,MP000232,MTR000232,96,91,0.9528
USR00111,2026-05-22,,,96,89,0.9318
USR00111,2026-05-21,,,96,93,0.9725
USR00111,2026-05-20,,,96,85,0.8842
USR00111,2026-05-19,,,96,92,0.9546
USR00111,2026-05-18,,,96,87,0.9093
USR00111,2026-05-17,,,96,92,0.9584
USR00111,2026-05-16,,,96,87,0.9103
USR00111,2026-05-15,,,96,90,0.9327
USR00111,2026-05-14,,,96,88,0.9155
USR00111,2026-05-13,,,96,83,0.8684
USR00111,2026-05-12,,,96,93,0.9725
USR00111,2026-05-11,,,96,86,0.892
USR00111,2026-05-10,,,96,89,0.9228
USR00111,2026-05-09,,,96,85,0.8887
USR00111,2026-05-08,,,96,84,0.8802
USR00111,2026-05-07,,,96,88,0.9142
USR00111,2026-05-06,,,96,87,0.9025
USR00111,2026-05-05,,,96,85,0.8852
USR00111,2026-05-04,,,96,88,0.9192
USR00111,2026-05-03,,,96,84,0.8759
USR00111,2026-05-02,,,96,89,0.9241
USR00111,2026-05-01,,,96,88,0.9165
USR00111,2026-04-30,,,96,81,0.8459
USR00111,2026-04-29,,,96,87,0.9046
USR00111,2026-04-28,,,96,90,0.9344
USR00111,2026-04-27,,,96,85,0.8884
USR00111,2026-04-26,,,96,90,0.9357
USR00111,2026-04-25,,,96,90,0.9333
USR00111,2026-04-24,,,96,85,0.8898
USR00111,2026-04-23,,,96,88,0.9199
USR00112,2026-05-22,MP000142,MTR000142,96,86,0.8988
USR00112,2026-05-21,MP000142,MTR000142,96,88,0.9189
USR00112,2026-05-20,MP000142,MTR000142,96,92,0.9596
USR00112,2026-05-19,MP000142,MTR000142,96,86,0.8994
USR00112,2026-05-18,MP000142,MTR000142,96,90,0.9389
USR00112,2026-05-17,MP000142,MTR000142,96,86,0.8927
USR00112,2026-05-16,MP000142,MTR000142,96,88,0.9203
USR00112,2026-05-15,MP000142,MTR000142,96,90,0.9385
USR00112,2026-05-14,MP000142,MTR000142,96,82,0.853
USR00112,2026-05-13,MP000142,MTR000142,96,87,0.9091
USR00112,2026-05-12,MP000142,MTR000142,96,90,0.938
USR00112,2026-05-11,MP000142,MTR000142,96,89,0.9319
USR00112,2026-05-10,MP000142,MTR000142,96,87,0.9094
USR00112,2026-05-09,MP000142,MTR000142,96,86,0.892
USR00112,2026-05-08,MP000142,MTR000142,96,91,0.944
USR00112,2026-05-07,MP000142,MTR000142,96,88,0.9154
USR00112,2026-05-06,MP000142,MTR000142,96,90,0.9415
USR00112,2026-05-05,MP000142,MTR000142,96,90,0.9365
USR00112,2026-05-04,MP000142,MTR000142,96,88,0.9117
USR00112,2026-05-03,MP000142,MTR000142,96,92,0.9573
USR00112,2026-05-02,MP000142,MTR000142,96,87,0.9073
USR00112,2026-05-01,MP000142,MTR000142,96,92,0.9608
USR00112,2026-04-30,MP000142,MTR000142,96,93,0.9647
USR00112,2026-04-29,MP000142,MTR000142,96,92,0.9566
USR00112,2026-04-28,MP000142,MTR000142,96,88,0.9197
USR00112,2026-04-27,MP000142,MTR000142,96,96,1.0
USR00112,2026-04-26,MP000142,MTR000142,96,89,0.9297
USR00112,2026-04-25,MP000142,MTR000142,96,90,0.9323
USR00112,2026-04-24,MP000142,MTR000142,96,89,0.9244
USR00112,2026-04-23,MP000142,MTR000142,96,86,0.8912
USR00113,2026-05-22,MP000473,MTR000473,96,94,0.9779
USR00113,2026-05-21,MP000473,MTR000473,96,96,1.0
USR00113,2026-05-20,MP000473,MTR000473,96,96,1.0
USR00113,2026-05-19,MP000473,MTR000473,96,96,1.0
USR00113,2026-05-18,MP000473,MTR000473,96,94,0.9743
USR00113,2026-05-17,MP000473,MTR000473,96,95,0.9848
USR00113,2026-05-16,MP000473,MTR000473,96,88,0.9147
USR00113,2026-05-15,MP000473,MTR000473,96,95,0.9915
USR00113,2026-05-14,MP000473,MTR000473,96,96,1.0
USR00113,2026-05-13,MP000473,MTR000473,96,95,0.9879
USR00113,2026-05-12,MP000473,MTR000473,96,94,0.9773
USR00113,2026-05-11,MP000473,MTR000473,96,95,0.9861
USR00113,2026-05-10,MP000473,MTR000473,96,96,1.0
USR00113,2026-05-09,MP000473,MTR000473,96,95,0.9934
USR00113,2026-05-08,MP000473,MTR000473,96,96,1.0
USR00113,2026-05-07,MP000473,MTR000473,96,94,0.9779
USR00113,2026-05-06,MP000473,MTR000473,96,96,1.0
USR00113,2026-05-05,MP000473,MTR000473,96,94,0.982
USR00113,2026-05-04,MP000473,MTR000473,96,96,1.0
USR00113,2026-05-03,MP000473,MTR000473,96,96,1.0
USR00113,2026-05-02,MP000473,MTR000473,96,96,1.0
USR00113,2026-05-01,MP000473,MTR000473,96,94,0.9824
USR00113,2026-04-30,MP000473,MTR000473,96,96,1.0
USR00113,2026-04-29,MP000473,MTR000473,96,96,0.9986
USR00113,2026-04-28,MP000473,MTR000473,96,96,1.0
USR00113,2026-04-27,MP000473,MTR000473,96,92,0.9584
USR00113,2026-04-26,MP000473,MTR000473,96,96,1.0
USR00113,2026-04-25,MP000473,MTR000473,96,92,0.963
USR00113,2026-04-24,MP000473,MTR000473,96,96,1.0
USR00113,2026-04-23,MP000473,MTR000473,96,91,0.9495
USR00114,2026-05-22,MP000035,MTR000035,96,94,0.9834
USR00114,2026-05-21,MP000035,MTR000035,96,93,0.9669
USR00114,2026-05-20,MP000035,MTR000035,96,88,0.9135
USR00114,2026-05-19,MP000035,MTR000035,96,86,0.8936
USR00114,2026-05-18,MP000035,MTR000035,96,93,0.9654
USR00114,2026-05-17,MP000035,MTR000035,96,96,0.998
USR00114,2026-05-16,MP000035,MTR000035,96,88,0.9216
USR00114,2026-05-15,MP000035,MTR000035,96,96,1.0
USR00114,2026-05-14,MP000035,MTR000035,96,91,0.9503
USR00114,2026-05-13,MP000035,MTR000035,96,86,0.8918
USR00114,2026-05-12,MP000035,MTR000035,96,87,0.9037
USR00114,2026-05-11,MP000035,MTR000035,96,93,0.9736
USR00114,2026-05-10,MP000035,MTR000035,96,92,0.9544
USR00114,2026-05-09,MP000035,MTR000035,96,96,0.995
USR00114,2026-05-08,MP000035,MTR000035,96,88,0.9146
USR00114,2026-05-07,MP000035,MTR000035,96,92,0.9541
USR00114,2026-05-06,MP000035,MTR000035,96,91,0.9507
USR00114,2026-05-05,MP000035,MTR000035,96,91,0.9462
USR00114,2026-05-04,MP000035,MTR000035,96,90,0.939
USR00114,2026-05-03,MP000035,MTR000035,96,90,0.9396
USR00114,2026-05-02,MP000035,MTR000035,96,92,0.9558
USR00114,2026-05-01,MP000035,MTR000035,96,92,0.9596
USR00114,2026-04-30,MP000035,MTR000035,96,92,0.9581
USR00114,2026-04-29,MP000035,MTR000035,96,95,0.9867
USR00114,2026-04-28,MP000035,MTR000035,96,88,0.9145
USR00114,2026-04-27,MP000035,MTR000035,96,86,0.8962
USR00114,2026-04-26,MP000035,MTR000035,96,94,0.981
USR00114,2026-04-25,MP000035,MTR000035,96,89,0.9222
USR00114,2026-04-24,MP000035,MTR000035,96,90,0.9391
USR00114,2026-04-23,MP000035,MTR000035,96,89,0.9322
USR00115,2026-05-22,MP000593,MTR000593,96,88,0.912
USR00115,2026-05-21,MP000593,MTR000593,96,90,0.9386
USR00115,2026-05-20,MP000593,MTR000593,96,94,0.9752
USR00115,2026-05-19,MP000593,MTR000593,96,92,0.9556
USR00115,2026-05-18,MP000593,MTR000593,96,93,0.9708
USR00115,2026-05-17,MP000593,MTR000593,96,90,0.9408
USR00115,2026-05-16,MP000593,MTR000593,96,94,0.9828
USR00115,2026-05-15,MP000593,MTR000593,96,90,0.9405
USR00115,2026-05-14,MP000593,MTR000593,96,86,0.8924
USR00115,2026-05-13,MP000593,MTR000593,96,93,0.9652
USR00115,2026-05-12,MP000593,MTR000593,96,94,0.9787
USR00115,2026-05-11,MP000593,MTR000593,96,90,0.9389
USR00115,2026-05-10,MP000593,MTR000593,96,95,0.9917
USR00115,2026-05-09,MP000593,MTR000593,96,89,0.9302
USR00115,2026-05-08,MP000593,MTR000593,96,94,0.9758
USR00115,2026-05-07,MP000593,MTR000593,96,96,1.0
USR00115,2026-05-06,MP000593,MTR000593,96,92,0.9568
USR00115,2026-05-05,MP000593,MTR000593,96,91,0.9489
USR00115,2026-05-04,MP000593,MTR000593,96,91,0.9525
USR00115,2026-05-03,MP000593,MTR000593,96,96,1.0
USR00115,2026-05-02,MP000593,MTR000593,96,93,0.9678
USR00115,2026-05-01,MP000593,MTR000593,96,96,1.0
USR00115,2026-04-30,MP000593,MTR000593,96,93,0.9641
USR00115,2026-04-29,MP000593,MTR000593,96,90,0.9361
USR00115,2026-04-28,MP000593,MTR000593,96,90,0.9382
USR00115,2026-04-27,MP000593,MTR000593,96,92,0.9576
USR00115,2026-04-26,MP000593,MTR000593,96,86,0.8945
USR00115,2026-04-25,MP000593,MTR000593,96,90,0.9415
USR00115,2026-04-24,MP000593,MTR000593,96,90,0.9421
USR00115,2026-04-23,MP000593,MTR000593,96,92,0.9629
USR00116,2026-05-22,MP000104,MTR000104,96,91,0.9513
USR00116,2026-05-21,MP000104,MTR000104,96,86,0.892
USR00116,2026-05-20,MP000104,MTR000104,96,89,0.9222
USR00116,2026-05-19,MP000104,MTR000104,96,92,0.9575
USR00116,2026-05-18,MP000104,MTR000104,96,91,0.9524
USR00116,2026-05-17,MP000104,MTR000104,96,96,0.9984
USR00116,2026-05-16,MP000104,MTR000104,96,94,0.9784
USR00116,2026-05-15,MP000104,MTR000104,96,94,0.9775
USR00116,2026-05-14,MP000104,MTR000104,96,91,0.9431
USR00116,2026-05-13,MP000104,MTR000104,96,94,0.9826
USR00116,2026-05-12,MP000104,MTR000104,96,89,0.9228
USR00116,2026-05-11,MP000104,MTR000104,96,94,0.9787
USR00116,2026-05-10,MP000104,MTR000104,96,90,0.9412
USR00116,2026-05-09,MP000104,MTR000104,96,87,0.9062
USR00116,2026-05-08,MP000104,MTR000104,96,93,0.9674
USR00116,2026-05-07,MP000104,MTR000104,96,95,0.9916
USR00116,2026-05-06,MP000104,MTR000104,96,90,0.9374
USR00116,2026-05-05,MP000104,MTR000104,96,96,0.9965
USR00116,2026-05-04,MP000104,MTR000104,96,86,0.9
USR00116,2026-05-03,MP000104,MTR000104,96,88,0.9137
USR00116,2026-05-02,MP000104,MTR000104,96,91,0.9452
USR00116,2026-05-01,MP000104,MTR000104,96,90,0.9385
USR00116,2026-04-30,MP000104,MTR000104,96,89,0.9296
USR00116,2026-04-29,MP000104,MTR000104,96,92,0.9536
USR00116,2026-04-28,MP000104,MTR000104,96,90,0.9338
USR00116,2026-04-27,MP000104,MTR000104,96,90,0.9389
USR00116,2026-04-26,MP000104,MTR000104,96,92,0.958
USR00116,2026-04-25,MP000104,MTR000104,96,89,0.9296
USR00116,2026-04-24,MP000104,MTR000104,96,91,0.9464
USR00116,2026-04-23,MP000104,MTR000104,96,89,0.9303
USR00117,2026-05-22,MP000219,MTR000219,96,94,0.9807
USR00117,2026-05-21,MP000219,MTR000219,96,96,1.0
USR00117,2026-05-20,MP000219,MTR000219,96,95,0.9898
USR00117,2026-05-19,MP000219,MTR000219,96,93,0.9678
USR00117,2026-05-18,MP000219,MTR000219,96,90,0.9386
USR00117,2026-05-17,MP000219,MTR000219,96,91,0.9492
USR00117,2026-05-16,MP000219,MTR000219,96,95,0.9895
USR00117,2026-05-15,MP000219,MTR000219,96,85,0.8894
USR00117,2026-05-14,MP000219,MTR000219,96,91,0.9469
USR00117,2026-05-13,MP000219,MTR000219,96,94,0.9798
USR00117,2026-05-12,MP000219,MTR000219,96,89,0.9237
USR00117,2026-05-11,MP000219,MTR000219,96,93,0.9705
USR00117,2026-05-10,MP000219,MTR000219,96,93,0.9691
USR00117,2026-05-09,MP000219,MTR000219,96,88,0.9142
USR00117,2026-05-08,MP000219,MTR000219,96,92,0.9604
USR00117,2026-05-07,MP000219,MTR000219,96,90,0.9393
USR00117,2026-05-06,MP000219,MTR000219,96,93,0.9703
USR00117,2026-05-05,MP000219,MTR000219,96,94,0.9779
USR00117,2026-05-04,MP000219,MTR000219,96,93,0.9698
USR00117,2026-05-03,MP000219,MTR000219,96,92,0.96
USR00117,2026-05-02,MP000219,MTR000219,96,93,0.9665
USR00117,2026-05-01,MP000219,MTR000219,96,89,0.9225
USR00117,2026-04-30,MP000219,MTR000219,96,92,0.9569
USR00117,2026-04-29,MP000219,MTR000219,96,90,0.9339
USR00117,2026-04-28,MP000219,MTR000219,96,95,0.9888
USR00117,2026-04-27,MP000219,MTR000219,96,94,0.9783
USR00117,2026-04-26,MP000219,MTR000219,96,94,0.9782
USR00117,2026-04-25,MP000219,MTR000219,96,96,1.0
USR00117,2026-04-24,MP000219,MTR000219,96,91,0.9479
USR00117,2026-04-23,MP000219,MTR000219,96,90,0.9413
USR00118,2026-05-22,,,96,88,0.9166
USR00118,2026-05-21,,,96,88,0.9189
USR00118,2026-05-20,,,96,94,0.9833
USR00118,2026-05-19,,,96,89,0.9228
USR00118,2026-05-18,,,96,90,0.9324
USR00118,2026-05-17,,,96,92,0.9616
USR00118,2026-05-16,,,96,91,0.9523
USR00118,2026-05-15,,,96,95,0.9912
USR00118,2026-05-14,,,96,93,0.9665
USR00118,2026-05-13,,,96,90,0.9407
USR00118,2026-05-12,,,96,95,0.9938
USR00118,2026-05-11,,,96,95,0.9865
USR00118,2026-05-10,,,96,89,0.9223
USR00118,2026-05-09,,,96,93,0.9722
USR00118,2026-05-08,,,96,91,0.9432
USR00118,2026-05-07,,,96,90,0.9424
USR00118,2026-05-06,,,96,96,1.0
USR00118,2026-05-05,,,96,93,0.9684
USR00118,2026-05-04,,,96,92,0.9581
USR00118,2026-05-03,,,96,93,0.9672
USR00118,2026-05-02,,,96,95,0.9909
USR00118,2026-05-01,,,96,91,0.9436
USR00118,2026-04-30,,,96,91,0.9487
USR00118,2026-04-29,,,96,94,0.9843
USR00118,2026-04-28,,,96,88,0.9192
USR00118,2026-04-27,,,96,95,0.9944
USR00118,2026-04-26,,,96,88,0.9165
USR00118,2026-04-25,,,96,92,0.9573
USR00118,2026-04-24,,,96,88,0.9167
USR00118,2026-04-23,,,96,90,0.933
USR00119,2026-05-22,,,96,95,0.9882
USR00119,2026-05-21,,,96,95,0.9914
USR00119,2026-05-20,,,96,88,0.9134
USR00119,2026-05-19,,,96,89,0.9253
USR00119,2026-05-18,,,96,93,0.967
USR00119,2026-05-17,,,96,94,0.9783
USR00119,2026-05-16,,,96,90,0.9329
USR00119,2026-05-15,,,96,90,0.9395
USR00119,2026-05-14,,,96,89,0.9229
USR00119,2026-05-13,,,96,96,1.0
USR00119,2026-05-12,,,96,90,0.9426
USR00119,2026-05-11,,,96,92,0.9578
USR00119,2026-05-10,,,96,92,0.9594
USR00119,2026-05-09,,,96,95,0.99
USR00119,2026-05-08,,,96,89,0.9283
USR00119,2026-05-07,,,96,95,0.9919
USR00119,2026-05-06,,,96,88,0.9185
USR00119,2026-05-05,,,96,95,0.9918
USR00119,2026-05-04,,,96,87,0.9054
USR00119,2026-05-03,,,96,92,0.9537
USR00119,2026-05-02,,,96,96,1.0
USR00119,2026-05-01,,,96,94,0.9778
USR00119,2026-04-30,,,96,93,0.9695
USR00119,2026-04-29,,,96,89,0.9254
USR00119,2026-04-28,,,96,90,0.9348
USR00119,2026-04-27,,,96,96,0.9972
USR00119,2026-04-26,,,96,93,0.971
USR00119,2026-04-25,,,96,94,0.9836
USR00119,2026-04-24,,,96,92,0.9591
USR00119,2026-04-23,,,96,91,0.9484
USR00120,2026-05-22,,,96,92,0.9565
USR00120,2026-05-21,,,96,91,0.9436
USR00120,2026-05-20,,,96,87,0.9063
USR00120,2026-05-19,,,96,94,0.9773
USR00120,2026-05-18,,,96,92,0.9619
USR00120,2026-05-17,,,96,89,0.9305
USR00120,2026-05-16,,,96,94,0.9841
USR00120,2026-05-15,,,96,92,0.956
USR00120,2026-05-14,,,96,92,0.9566
USR00120,2026-05-13,,,96,94,0.9752
USR00120,2026-05-12,,,96,93,0.9687
USR00120,2026-05-11,,,96,92,0.9575
USR00120,2026-05-10,,,96,91,0.943
USR00120,2026-05-09,,,96,96,1.0
USR00120,2026-05-08,,,96,89,0.9267
USR00120,2026-05-07,,,96,93,0.9711
USR00120,2026-05-06,,,96,91,0.9462
USR00120,2026-05-05,,,96,92,0.9623
USR00120,2026-05-04,,,96,95,0.9857
USR00120,2026-05-03,,,96,90,0.9393
USR00120,2026-05-02,,,96,93,0.9667
USR00120,2026-05-01,,,96,92,0.9567
USR00120,2026-04-30,,,96,89,0.9294
USR00120,2026-04-29,,,96,95,0.9864
USR00120,2026-04-28,,,96,93,0.97
USR00120,2026-04-27,,,96,90,0.9356
USR00120,2026-04-26,,,96,94,0.9818
USR00120,2026-04-25,,,96,89,0.9237
USR00120,2026-04-24,,,96,91,0.9478
USR00120,2026-04-23,,,96,90,0.9358
USR00121,2026-05-22,MP000109,MTR000109,96,89,0.9219
USR00121,2026-05-21,MP000109,MTR000109,96,92,0.959
USR00121,2026-05-20,MP000109,MTR000109,96,92,0.9541
USR00121,2026-05-19,MP000109,MTR000109,96,89,0.925
USR00121,2026-05-18,MP000109,MTR000109,96,95,0.9912
USR00121,2026-05-17,MP000109,MTR000109,96,88,0.9139
USR00121,2026-05-16,MP000109,MTR000109,96,86,0.894
USR00121,2026-05-15,MP000109,MTR000109,96,92,0.962
USR00121,2026-05-14,MP000109,MTR000109,96,84,0.8718
USR00121,2026-05-13,MP000109,MTR000109,96,94,0.981
USR00121,2026-05-12,MP000109,MTR000109,96,90,0.9393
USR00121,2026-05-11,MP000109,MTR000109,96,86,0.8935
USR00121,2026-05-10,MP000109,MTR000109,96,87,0.9078
USR00121,2026-05-09,MP000109,MTR000109,96,85,0.8873
USR00121,2026-05-08,MP000109,MTR000109,96,91,0.9478
USR00121,2026-05-07,MP000109,MTR000109,96,86,0.8965
USR00121,2026-05-06,MP000109,MTR000109,96,91,0.9513
USR00121,2026-05-05,MP000109,MTR000109,96,89,0.9271
USR00121,2026-05-04,MP000109,MTR000109,96,89,0.922
USR00121,2026-05-03,MP000109,MTR000109,96,91,0.9516
USR00121,2026-05-02,MP000109,MTR000109,96,92,0.955
USR00121,2026-05-01,MP000109,MTR000109,96,93,0.9706
USR00121,2026-04-30,MP000109,MTR000109,96,88,0.9173
USR00121,2026-04-29,MP000109,MTR000109,96,90,0.9354
USR00121,2026-04-28,MP000109,MTR000109,96,88,0.9172
USR00121,2026-04-27,MP000109,MTR000109,96,90,0.9412
USR00121,2026-04-26,MP000109,MTR000109,96,88,0.9129
USR00121,2026-04-25,MP000109,MTR000109,96,89,0.9236
USR00121,2026-04-24,MP000109,MTR000109,96,89,0.9237
USR00121,2026-04-23,MP000109,MTR000109,96,91,0.9451
USR00122,2026-05-22,,,96,91,0.9453
USR00122,2026-05-21,,,96,89,0.9269
USR00122,2026-05-20,,,96,88,0.9127
USR00122,2026-05-19,,,96,90,0.9358
USR00122,2026-05-18,,,96,87,0.9026
USR00122,2026-05-17,,,96,91,0.9471
USR00122,2026-05-16,,,96,88,0.9215
USR00122,2026-05-15,,,96,90,0.9362
USR00122,2026-05-14,,,96,90,0.9367
USR00122,2026-05-13,,,96,94,0.9781
USR00122,2026-05-12,,,96,90,0.9415
USR00122,2026-05-11,,,96,89,0.9323
USR00122,2026-05-10,,,96,87,0.9093
USR00122,2026-05-09,,,96,92,0.9541
USR00122,2026-05-08,,,96,89,0.922
USR00122,2026-05-07,,,96,85,0.8843
USR00122,2026-05-06,,,96,89,0.9242
USR00122,2026-05-05,,,96,90,0.9358
USR00122,2026-05-04,,,96,87,0.9055
USR00122,2026-05-03,,,96,89,0.9265
USR00122,2026-05-02,,,96,89,0.9279
USR00122,2026-05-01,,,96,89,0.9284
USR00122,2026-04-30,,,96,93,0.9671
USR00122,2026-04-29,,,96,86,0.8907
USR00122,2026-04-28,,,96,95,0.9911
USR00122,2026-04-27,,,96,89,0.9291
USR00122,2026-04-26,,,96,91,0.9475
USR00122,2026-04-25,,,96,90,0.9339
USR00122,2026-04-24,,,96,84,0.8783
USR00122,2026-04-23,,,96,86,0.8984
USR00123,2026-05-22,MP000036,MTR000036,96,96,1.0
USR00123,2026-05-21,MP000036,MTR000036,96,92,0.9541
USR00123,2026-05-20,MP000036,MTR000036,96,93,0.97
USR00123,2026-05-19,MP000036,MTR000036,96,96,1.0
USR00123,2026-05-18,MP000036,MTR000036,96,96,1.0
USR00123,2026-05-17,MP000036,MTR000036,96,96,1.0
USR00123,2026-05-16,MP000036,MTR000036,96,93,0.9661
USR00123,2026-05-15,MP000036,MTR000036,96,91,0.9477
USR00123,2026-05-14,MP000036,MTR000036,96,96,1.0
USR00123,2026-05-13,MP000036,MTR000036,96,96,1.0
USR00123,2026-05-12,MP000036,MTR000036,96,95,0.9853
USR00123,2026-05-11,MP000036,MTR000036,96,92,0.9613
USR00123,2026-05-10,MP000036,MTR000036,96,94,0.9828
USR00123,2026-05-09,MP000036,MTR000036,96,96,1.0
USR00123,2026-05-08,MP000036,MTR000036,96,95,0.9887
USR00123,2026-05-07,MP000036,MTR000036,96,96,1.0
USR00123,2026-05-06,MP000036,MTR000036,96,96,1.0
USR00123,2026-05-05,MP000036,MTR000036,96,96,1.0
USR00123,2026-05-04,MP000036,MTR000036,96,90,0.937
USR00123,2026-05-03,MP000036,MTR000036,96,94,0.9749
USR00123,2026-05-02,MP000036,MTR000036,96,94,0.9792
USR00123,2026-05-01,MP000036,MTR000036,96,93,0.9733
USR00123,2026-04-30,MP000036,MTR000036,96,96,1.0
USR00123,2026-04-29,MP000036,MTR000036,96,96,1.0
USR00123,2026-04-28,MP000036,MTR000036,96,91,0.9454
USR00123,2026-04-27,MP000036,MTR000036,96,96,1.0
USR00123,2026-04-26,MP000036,MTR000036,96,96,0.9961
USR00123,2026-04-25,MP000036,MTR000036,96,96,1.0
USR00123,2026-04-24,MP000036,MTR000036,96,96,1.0
USR00123,2026-04-23,MP000036,MTR000036,96,93,0.9726
USR00124,2026-05-22,MP000055,MTR000055,96,95,0.9929
USR00124,2026-05-21,MP000055,MTR000055,96,96,1.0
USR00124,2026-05-20,MP000055,MTR000055,96,93,0.9703
USR00124,2026-05-19,MP000055,MTR000055,96,96,1.0
USR00124,2026-05-18,MP000055,MTR000055,96,93,0.97
USR00124,2026-05-17,MP000055,MTR000055,96,96,1.0
USR00124,2026-05-16,MP000055,MTR000055,96,93,0.9686
USR00124,2026-05-15,MP000055,MTR000055,96,96,1.0
USR00124,2026-05-14,MP000055,MTR000055,96,95,0.9863
USR00124,2026-05-13,MP000055,MTR000055,96,96,1.0
USR00124,2026-05-12,MP000055,MTR000055,96,96,0.9959
USR00124,2026-05-11,MP000055,MTR000055,96,93,0.9644
USR00124,2026-05-10,MP000055,MTR000055,96,88,0.9132
USR00124,2026-05-09,MP000055,MTR000055,96,96,1.0
USR00124,2026-05-08,MP000055,MTR000055,96,96,0.9993
USR00124,2026-05-07,MP000055,MTR000055,96,87,0.9088
USR00124,2026-05-06,MP000055,MTR000055,96,96,1.0
USR00124,2026-05-05,MP000055,MTR000055,96,96,1.0
USR00124,2026-05-04,MP000055,MTR000055,96,94,0.9757
USR00124,2026-05-03,MP000055,MTR000055,96,94,0.9759
USR00124,2026-05-02,MP000055,MTR000055,96,96,0.9966
USR00124,2026-05-01,MP000055,MTR000055,96,96,1.0
USR00124,2026-04-30,MP000055,MTR000055,96,96,1.0
USR00124,2026-04-29,MP000055,MTR000055,96,96,1.0
USR00124,2026-04-28,MP000055,MTR000055,96,96,1.0
USR00124,2026-04-27,MP000055,MTR000055,96,95,0.9903
USR00124,2026-04-26,MP000055,MTR000055,96,91,0.95
USR00124,2026-04-25,MP000055,MTR000055,96,95,0.9903
USR00124,2026-04-24,MP000055,MTR000055,96,96,1.0
USR00124,2026-04-23,MP000055,MTR000055,96,96,0.9989
USR00125,2026-05-22,,,96,96,1.0
USR00125,2026-05-21,,,96,96,0.9983
USR00125,2026-05-20,,,96,94,0.9741
USR00125,2026-05-19,,,96,96,0.998
USR00125,2026-05-18,,,96,96,1.0
USR00125,2026-05-17,,,96,90,0.9377
USR00125,2026-05-16,,,96,96,0.997
USR00125,2026-05-15,,,96,96,1.0
USR00125,2026-05-14,,,96,91,0.9472
USR00125,2026-05-13,,,96,96,1.0
USR00125,2026-05-12,,,96,96,1.0
USR00125,2026-05-11,,,96,90,0.9381
USR00125,2026-05-10,,,96,96,1.0
USR00125,2026-05-09,,,96,94,0.9742
USR00125,2026-05-08,,,96,94,0.9806
USR00125,2026-05-07,,,96,93,0.9726
USR00125,2026-05-06,,,96,96,1.0
USR00125,2026-05-05,,,96,94,0.979
USR00125,2026-05-04,,,96,93,0.9685
USR00125,2026-05-03,,,96,93,0.969
USR00125,2026-05-02,,,96,93,0.9722
USR00125,2026-05-01,,,96,91,0.95
USR00125,2026-04-30,,,96,93,0.9682
USR00125,2026-04-29,,,96,95,0.9859
USR00125,2026-04-28,,,96,95,0.9945
USR00125,2026-04-27,,,96,96,1.0
USR00125,2026-04-26,,,96,95,0.9896
USR00125,2026-04-25,,,96,93,0.9682
USR00125,2026-04-24,,,96,91,0.9521
USR00125,2026-04-23,,,96,95,0.9912
USR00126,2026-05-22,,,96,93,0.9694
USR00126,2026-05-21,,,96,94,0.9798
USR00126,2026-05-20,,,96,95,0.9875
USR00126,2026-05-19,,,96,94,0.98
USR00126,2026-05-18,,,96,93,0.9668
USR00126,2026-05-17,,,96,91,0.9479
USR00126,2026-05-16,,,96,92,0.9536
USR00126,2026-05-15,,,96,96,0.9974
USR00126,2026-05-14,,,96,92,0.9592
USR00126,2026-05-13,,,96,89,0.9316
USR00126,2026-05-12,,,96,96,1.0
USR00126,2026-05-11,,,96,91,0.9437
USR00126,2026-05-10,,,96,93,0.973
USR00126,2026-05-09,,,96,95,0.9867
USR00126,2026-05-08,,,96,93,0.972
USR00126,2026-05-07,,,96,86,0.8976
USR00126,2026-05-06,,,96,94,0.9837
USR00126,2026-05-05,,,96,96,1.0
USR00126,2026-05-04,,,96,96,0.9955
USR00126,2026-05-03,,,96,87,0.9082
USR00126,2026-05-02,,,96,96,1.0
USR00126,2026-05-01,,,96,89,0.9322
USR00126,2026-04-30,,,96,90,0.9396
USR00126,2026-04-29,,,96,96,0.9954
USR00126,2026-04-28,,,96,95,0.9855
USR00126,2026-04-27,,,96,94,0.9744
USR00126,2026-04-26,,,96,92,0.9549
USR00126,2026-04-25,,,96,96,1.0
USR00126,2026-04-24,,,96,93,0.9708
USR00126,2026-04-23,,,96,89,0.925
USR00127,2026-05-22,MP000101,MTR000101,96,94,0.9815
USR00127,2026-05-21,MP000101,MTR000101,96,96,1.0
USR00127,2026-05-20,MP000101,MTR000101,96,95,0.9921
USR00127,2026-05-19,MP000101,MTR000101,96,96,1.0
USR00127,2026-05-18,MP000101,MTR000101,96,93,0.9656
USR00127,2026-05-17,MP000101,MTR000101,96,94,0.9754
USR00127,2026-05-16,MP000101,MTR000101,96,96,0.9965
USR00127,2026-05-15,MP000101,MTR000101,96,93,0.9658
USR00127,2026-05-14,MP000101,MTR000101,96,96,0.999
USR00127,2026-05-13,MP000101,MTR000101,96,85,0.8865
USR00127,2026-05-12,MP000101,MTR000101,96,93,0.9728
USR00127,2026-05-11,MP000101,MTR000101,96,93,0.9719
USR00127,2026-05-10,MP000101,MTR000101,96,93,0.9708
USR00127,2026-05-09,MP000101,MTR000101,96,91,0.9486
USR00127,2026-05-08,MP000101,MTR000101,96,96,1.0
USR00127,2026-05-07,MP000101,MTR000101,96,92,0.9598
USR00127,2026-05-06,MP000101,MTR000101,96,94,0.981
USR00127,2026-05-05,MP000101,MTR000101,96,93,0.9738
USR00127,2026-05-04,MP000101,MTR000101,96,95,0.99
USR00127,2026-05-03,MP000101,MTR000101,96,96,1.0
USR00127,2026-05-02,MP000101,MTR000101,96,94,0.9808
USR00127,2026-05-01,MP000101,MTR000101,96,96,1.0
USR00127,2026-04-30,MP000101,MTR000101,96,94,0.9793
USR00127,2026-04-29,MP000101,MTR000101,96,92,0.9598
USR00127,2026-04-28,MP000101,MTR000101,96,93,0.9707
USR00127,2026-04-27,MP000101,MTR000101,96,93,0.9664
USR00127,2026-04-26,MP000101,MTR000101,96,95,0.992
USR00127,2026-04-25,MP000101,MTR000101,96,94,0.9781
USR00127,2026-04-24,MP000101,MTR000101,96,91,0.9511
USR00127,2026-04-23,MP000101,MTR000101,96,93,0.9683
USR00128,2026-05-22,,,96,91,0.9433
USR00128,2026-05-21,,,96,91,0.9489
USR00128,2026-05-20,,,96,96,1.0
USR00128,2026-05-19,,,96,95,0.9893
USR00128,2026-05-18,,,96,88,0.9178
USR00128,2026-05-17,,,96,92,0.9549
USR00128,2026-05-16,,,96,92,0.9554
USR00128,2026-05-15,,,96,90,0.9419
USR00128,2026-05-14,,,96,91,0.9438
USR00128,2026-05-13,,,96,90,0.9382
USR00128,2026-05-12,,,96,96,1.0
USR00128,2026-05-11,,,96,90,0.9364
USR00128,2026-05-10,,,96,92,0.9591
USR00128,2026-05-09,,,96,84,0.873
USR00128,2026-05-08,,,96,93,0.9736
USR00128,2026-05-07,,,96,95,0.9844
USR00128,2026-05-06,,,96,88,0.9173
USR00128,2026-05-05,,,96,90,0.9335
USR00128,2026-05-04,,,96,92,0.9624
USR00128,2026-05-03,,,96,91,0.9494
USR00128,2026-05-02,,,96,92,0.9628
USR00128,2026-05-01,,,96,90,0.9402
USR00128,2026-04-30,,,96,96,1.0
USR00128,2026-04-29,,,96,89,0.9288
USR00128,2026-04-28,,,96,96,1.0
USR00128,2026-04-27,,,96,95,0.9861
USR00128,2026-04-26,,,96,93,0.9738
USR00128,2026-04-25,,,96,88,0.9176
USR00128,2026-04-24,,,96,94,0.9761
USR00128,2026-04-23,,,96,93,0.967
USR00129,2026-05-22,,,96,86,0.8967
USR00129,2026-05-21,,,96,91,0.9496
USR00129,2026-05-20,,,96,90,0.9348
USR00129,2026-05-19,,,96,89,0.9234
USR00129,2026-05-18,,,96,93,0.9712
USR00129,2026-05-17,,,96,88,0.9123
USR00129,2026-05-16,,,96,89,0.9252
USR00129,2026-05-15,,,96,88,0.9194
USR00129,2026-05-14,,,96,92,0.9542
USR00129,2026-05-13,,,96,85,0.8873
USR00129,2026-05-12,,,96,89,0.9239
USR00129,2026-05-11,,,96,85,0.8872
USR00129,2026-05-10,,,96,89,0.9295
USR00129,2026-05-09,,,96,92,0.9605
USR00129,2026-05-08,,,96,92,0.9611
USR00129,2026-05-07,,,96,88,0.917
USR00129,2026-05-06,,,96,92,0.9548
USR00129,2026-05-05,,,96,90,0.9333
USR00129,2026-05-04,,,96,94,0.9797
USR00129,2026-05-03,,,96,90,0.9349
USR00129,2026-05-02,,,96,82,0.8497
USR00129,2026-05-01,,,96,93,0.9657
USR00129,2026-04-30,,,96,89,0.9251
USR00129,2026-04-29,,,96,89,0.9306
USR00129,2026-04-28,,,96,91,0.9489
USR00129,2026-04-27,,,96,86,0.8961
USR00129,2026-04-26,,,96,90,0.9411
USR00129,2026-04-25,,,96,92,0.9549
USR00129,2026-04-24,,,96,91,0.9498
USR00129,2026-04-23,,,96,88,0.9209
USR00130,2026-05-22,,,96,87,0.904
USR00130,2026-05-21,,,96,88,0.9151
USR00130,2026-05-20,,,96,89,0.9298
USR00130,2026-05-19,,,96,91,0.9428
USR00130,2026-05-18,,,96,89,0.9242
USR00130,2026-05-17,,,96,93,0.9707
USR00130,2026-05-16,,,96,91,0.9427
USR00130,2026-05-15,,,96,90,0.9362
USR00130,2026-05-14,,,96,90,0.9417
USR00130,2026-05-13,,,96,92,0.9559
USR00130,2026-05-12,,,96,90,0.9411
USR00130,2026-05-11,,,96,84,0.8796
USR00130,2026-05-10,,,96,93,0.9666
USR00130,2026-05-09,,,96,90,0.9375
USR00130,2026-05-08,,,96,92,0.9544
USR00130,2026-05-07,,,96,88,0.9217
USR00130,2026-05-06,,,96,84,0.8791
USR00130,2026-05-05,,,96,83,0.8655
USR00130,2026-05-04,,,96,87,0.9056
USR00130,2026-05-03,,,96,91,0.9494
USR00130,2026-05-02,,,96,93,0.9728
USR00130,2026-05-01,,,96,91,0.943
USR00130,2026-04-30,,,96,87,0.9023
USR00130,2026-04-29,,,96,87,0.9104
USR00130,2026-04-28,,,96,94,0.9747
USR00130,2026-04-27,,,96,86,0.8946
USR00130,2026-04-26,,,96,96,0.9969
USR00130,2026-04-25,,,96,95,0.9902
USR00130,2026-04-24,,,96,96,0.9979
USR00130,2026-04-23,,,96,91,0.9453
USR00131,2026-05-22,,,96,95,0.9852
USR00131,2026-05-21,,,96,96,1.0
USR00131,2026-05-20,,,96,92,0.955
USR00131,2026-05-19,,,96,90,0.9415
USR00131,2026-05-18,,,96,93,0.966
USR00131,2026-05-17,,,96,91,0.9513
USR00131,2026-05-16,,,96,96,1.0
USR00131,2026-05-15,,,96,92,0.956
USR00131,2026-05-14,,,96,94,0.9774
USR00131,2026-05-13,,,96,96,1.0
USR00131,2026-05-12,,,96,96,1.0
USR00131,2026-05-11,,,96,94,0.9807
USR00131,2026-05-10,,,96,95,0.986
USR00131,2026-05-09,,,96,91,0.944
USR00131,2026-05-08,,,96,96,1.0
USR00131,2026-05-07,,,96,96,1.0
USR00131,2026-05-06,,,96,88,0.9184
USR00131,2026-05-05,,,96,96,1.0
USR00131,2026-05-04,,,96,92,0.9535
USR00131,2026-05-03,,,96,95,0.9923
USR00131,2026-05-02,,,96,94,0.9768
USR00131,2026-05-01,,,96,93,0.9727
USR00131,2026-04-30,,,96,93,0.9683
USR00131,2026-04-29,,,96,91,0.9447
USR00131,2026-04-28,,,96,95,0.9902
USR00131,2026-04-27,,,96,93,0.9659
USR00131,2026-04-26,,,96,90,0.9352
USR00131,2026-04-25,,,96,91,0.9434
USR00131,2026-04-24,,,96,90,0.9357
USR00131,2026-04-23,,,96,92,0.9588
USR00132,2026-05-22,,,96,92,0.9621
USR00132,2026-05-21,,,96,96,1.0
USR00132,2026-05-20,,,96,94,0.9799
USR00132,2026-05-19,,,96,94,0.9748
USR00132,2026-05-18,,,96,94,0.9839
USR00132,2026-05-17,,,96,96,1.0
USR00132,2026-05-16,,,96,90,0.9423
USR00132,2026-05-15,,,96,96,1.0
USR00132,2026-05-14,,,96,96,1.0
USR00132,2026-05-13,,,96,94,0.9828
USR00132,2026-05-12,,,96,96,1.0
USR00132,2026-05-11,,,96,93,0.9738
USR00132,2026-05-10,,,96,95,0.992
USR00132,2026-05-09,,,96,93,0.9672
USR00132,2026-05-08,,,96,96,1.0
USR00132,2026-05-07,,,96,92,0.9622
USR00132,2026-05-06,,,96,94,0.9819
USR00132,2026-05-05,,,96,96,1.0
USR00132,2026-05-04,,,96,96,1.0
USR00132,2026-05-03,,,96,92,0.9588
USR00132,2026-05-02,,,96,96,1.0
USR00132,2026-05-01,,,96,92,0.954
USR00132,2026-04-30,,,96,88,0.9189
USR00132,2026-04-29,,,96,92,0.961
USR00132,2026-04-28,,,96,96,1.0
USR00132,2026-04-27,,,96,94,0.9831
USR00132,2026-04-26,,,96,93,0.9674
USR00132,2026-04-25,,,96,95,0.9851
USR00132,2026-04-24,,,96,94,0.9841
USR00132,2026-04-23,,,96,96,1.0
USR00133,2026-05-22,,,96,93,0.9637
USR00133,2026-05-21,,,96,93,0.9705
USR00133,2026-05-20,,,96,89,0.9259
USR00133,2026-05-19,,,96,89,0.9254
USR00133,2026-05-18,,,96,92,0.9559
USR00133,2026-05-17,,,96,93,0.9671
USR00133,2026-05-16,,,96,93,0.9672
USR00133,2026-05-15,,,96,91,0.9501
USR00133,2026-05-14,,,96,91,0.9489
USR00133,2026-05-13,,,96,92,0.955
USR00133,2026-05-12,,,96,94,0.9758
USR00133,2026-05-11,,,96,96,1.0
USR00133,2026-05-10,,,96,86,0.9002
USR00133,2026-05-09,,,96,95,0.9855
USR00133,2026-05-08,,,96,92,0.9635
USR00133,2026-05-07,,,96,94,0.9826
USR00133,2026-05-06,,,96,96,1.0
USR00133,2026-05-05,,,96,91,0.9442
USR00133,2026-05-04,,,96,96,0.9951
USR00133,2026-05-03,,,96,89,0.9292
USR00133,2026-05-02,,,96,93,0.9706
USR00133,2026-05-01,,,96,92,0.9595
USR00133,2026-04-30,,,96,93,0.9682
USR00133,2026-04-29,,,96,90,0.9371
USR00133,2026-04-28,,,96,94,0.9799
USR00133,2026-04-27,,,96,96,1.0
USR00133,2026-04-26,,,96,90,0.9377
USR00133,2026-04-25,,,96,93,0.9725
USR00133,2026-04-24,,,96,95,0.9925
USR00133,2026-04-23,,,96,92,0.9579
USR00134,2026-05-22,MP000028,MTR000028,96,93,0.9732
USR00134,2026-05-21,MP000028,MTR000028,96,94,0.9826
USR00134,2026-05-20,MP000028,MTR000028,96,92,0.9563
USR00134,2026-05-19,MP000028,MTR000028,96,95,0.9899
USR00134,2026-05-18,MP000028,MTR000028,96,95,0.9862
USR00134,2026-05-17,MP000028,MTR000028,96,96,1.0
USR00134,2026-05-16,MP000028,MTR000028,96,93,0.967
USR00134,2026-05-15,MP000028,MTR000028,96,93,0.9657
USR00134,2026-05-14,MP000028,MTR000028,96,96,1.0
USR00134,2026-05-13,MP000028,MTR000028,96,96,1.0
USR00134,2026-05-12,MP000028,MTR000028,96,96,1.0
USR00134,2026-05-11,MP000028,MTR000028,96,96,1.0
USR00134,2026-05-10,MP000028,MTR000028,96,96,1.0
USR00134,2026-05-09,MP000028,MTR000028,96,96,1.0
USR00134,2026-05-08,MP000028,MTR000028,96,96,1.0
USR00134,2026-05-07,MP000028,MTR000028,96,96,1.0
USR00134,2026-05-06,MP000028,MTR000028,96,96,1.0
USR00134,2026-05-05,MP000028,MTR000028,96,92,0.9536
USR00134,2026-05-04,MP000028,MTR000028,96,96,1.0
USR00134,2026-05-03,MP000028,MTR000028,96,95,0.9941
USR00134,2026-05-02,MP000028,MTR000028,96,94,0.9803
USR00134,2026-05-01,MP000028,MTR000028,96,90,0.9329
USR00134,2026-04-30,MP000028,MTR000028,96,90,0.9399
USR00134,2026-04-29,MP000028,MTR000028,96,94,0.9752
USR00134,2026-04-28,MP000028,MTR000028,96,90,0.9422
USR00134,2026-04-27,MP000028,MTR000028,96,94,0.9758
USR00134,2026-04-26,MP000028,MTR000028,96,96,1.0
USR00134,2026-04-25,MP000028,MTR000028,96,93,0.9687
USR00134,2026-04-24,MP000028,MTR000028,96,95,0.9886
USR00134,2026-04-23,MP000028,MTR000028,96,92,0.954
USR00135,2026-05-22,MP000216,MTR000216,96,90,0.9388
USR00135,2026-05-21,MP000216,MTR000216,96,85,0.8809
USR00135,2026-05-20,MP000216,MTR000216,96,86,0.901
USR00135,2026-05-19,MP000216,MTR000216,96,85,0.8855
USR00135,2026-05-18,MP000216,MTR000216,96,90,0.9388
USR00135,2026-05-17,MP000216,MTR000216,96,89,0.9285
USR00135,2026-05-16,MP000216,MTR000216,96,89,0.922
USR00135,2026-05-15,MP000216,MTR000216,96,88,0.9197
USR00135,2026-05-14,MP000216,MTR000216,96,90,0.9332
USR00135,2026-05-13,MP000216,MTR000216,96,90,0.9338
USR00135,2026-05-12,MP000216,MTR000216,96,87,0.9087
USR00135,2026-05-11,MP000216,MTR000216,96,87,0.9045
USR00135,2026-05-10,MP000216,MTR000216,96,88,0.9218
USR00135,2026-05-09,MP000216,MTR000216,96,88,0.9178
USR00135,2026-05-08,MP000216,MTR000216,96,95,0.9854
USR00135,2026-05-07,MP000216,MTR000216,96,88,0.912
USR00135,2026-05-06,MP000216,MTR000216,96,89,0.9322
USR00135,2026-05-05,MP000216,MTR000216,96,90,0.9375
USR00135,2026-05-04,MP000216,MTR000216,96,93,0.9656
USR00135,2026-05-03,MP000216,MTR000216,96,86,0.8992
USR00135,2026-05-02,MP000216,MTR000216,96,93,0.9637
USR00135,2026-05-01,MP000216,MTR000216,96,88,0.9191
USR00135,2026-04-30,MP000216,MTR000216,96,96,0.9986
USR00135,2026-04-29,MP000216,MTR000216,96,90,0.9344
USR00135,2026-04-28,MP000216,MTR000216,96,85,0.8867
USR00135,2026-04-27,MP000216,MTR000216,96,88,0.9176
USR00135,2026-04-26,MP000216,MTR000216,96,93,0.9636
USR00135,2026-04-25,MP000216,MTR000216,96,89,0.926
USR00135,2026-04-24,MP000216,MTR000216,96,88,0.9217
USR00135,2026-04-23,MP000216,MTR000216,96,91,0.9451
USR00136,2026-05-22,,,96,88,0.9173
USR00136,2026-05-21,,,96,86,0.8953
USR00136,2026-05-20,,,96,94,0.9755
USR00136,2026-05-19,,,96,85,0.887
USR00136,2026-05-18,,,96,89,0.9287
USR00136,2026-05-17,,,96,90,0.938
USR00136,2026-05-16,,,96,89,0.9232
USR00136,2026-05-15,,,96,85,0.886
USR00136,2026-05-14,,,96,86,0.8937
USR00136,2026-05-13,,,96,90,0.9393
USR00136,2026-05-12,,,96,86,0.9003
USR00136,2026-05-11,,,96,83,0.8615
USR00136,2026-05-10,,,96,90,0.9353
USR00136,2026-05-09,,,96,86,0.8975
USR00136,2026-05-08,,,96,90,0.9426
USR00136,2026-05-07,,,96,88,0.9176
USR00136,2026-05-06,,,96,88,0.9162
USR00136,2026-05-05,,,96,89,0.9252
USR00136,2026-05-04,,,96,85,0.8895
USR00136,2026-05-03,,,96,86,0.8989
USR00136,2026-05-02,,,96,88,0.9159
USR00136,2026-05-01,,,96,85,0.8893
USR00136,2026-04-30,,,96,91,0.9451
USR00136,2026-04-29,,,96,88,0.9144
USR00136,2026-04-28,,,96,84,0.8802
USR00136,2026-04-27,,,96,87,0.9069
USR00136,2026-04-26,,,96,89,0.9267
USR00136,2026-04-25,,,96,87,0.9103
USR00136,2026-04-24,,,96,90,0.9356
USR00136,2026-04-23,,,96,90,0.9409
USR00137,2026-05-22,MP000518,MTR000518,96,96,1.0
USR00137,2026-05-21,MP000518,MTR000518,96,88,0.9208
USR00137,2026-05-20,MP000518,MTR000518,96,92,0.9591
USR00137,2026-05-19,MP000518,MTR000518,96,92,0.9619
USR00137,2026-05-18,MP000518,MTR000518,96,95,0.9871
USR00137,2026-05-17,MP000518,MTR000518,96,90,0.9419
USR00137,2026-05-16,MP000518,MTR000518,96,92,0.954
USR00137,2026-05-15,MP000518,MTR000518,96,90,0.9326
USR00137,2026-05-14,MP000518,MTR000518,96,91,0.9518
USR00137,2026-05-13,MP000518,MTR000518,96,91,0.9529
USR00137,2026-05-12,MP000518,MTR000518,96,92,0.9605
USR00137,2026-05-11,MP000518,MTR000518,96,90,0.9343
USR00137,2026-05-10,MP000518,MTR000518,96,96,0.9994
USR00137,2026-05-09,MP000518,MTR000518,96,94,0.9841
USR00137,2026-05-08,MP000518,MTR000518,96,89,0.9264
USR00137,2026-05-07,MP000518,MTR000518,96,93,0.9707
USR00137,2026-05-06,MP000518,MTR000518,96,89,0.9229
USR00137,2026-05-05,MP000518,MTR000518,96,96,1.0
USR00137,2026-05-04,MP000518,MTR000518,96,96,1.0
USR00137,2026-05-03,MP000518,MTR000518,96,93,0.9682
USR00137,2026-05-02,MP000518,MTR000518,96,91,0.9443
USR00137,2026-05-01,MP000518,MTR000518,96,91,0.95
USR00137,2026-04-30,MP000518,MTR000518,96,92,0.9563
USR00137,2026-04-29,MP000518,MTR000518,96,93,0.9667
USR00137,2026-04-28,MP000518,MTR000518,96,96,1.0
USR00137,2026-04-27,MP000518,MTR000518,96,96,0.9986
USR00137,2026-04-26,MP000518,MTR000518,96,96,0.999
USR00137,2026-04-25,MP000518,MTR000518,96,94,0.975
USR00137,2026-04-24,MP000518,MTR000518,96,90,0.9353
USR00137,2026-04-23,MP000518,MTR000518,96,91,0.9468
USR00138,2026-05-22,,,96,92,0.9545
USR00138,2026-05-21,,,96,96,0.9997
USR00138,2026-05-20,,,96,96,1.0
USR00138,2026-05-19,,,96,96,1.0
USR00138,2026-05-18,,,96,96,1.0
USR00138,2026-05-17,,,96,90,0.9346
USR00138,2026-05-16,,,96,96,1.0
USR00138,2026-05-15,,,96,91,0.9435
USR00138,2026-05-14,,,96,95,0.986
USR00138,2026-05-13,,,96,96,1.0
USR00138,2026-05-12,,,96,96,1.0
USR00138,2026-05-11,,,96,91,0.9522
USR00138,2026-05-10,,,96,92,0.9576
USR00138,2026-05-09,,,96,96,0.9992
USR00138,2026-05-08,,,96,96,1.0
USR00138,2026-05-07,,,96,92,0.9574
USR00138,2026-05-06,,,96,96,1.0
USR00138,2026-05-05,,,96,91,0.9451
USR00138,2026-05-04,,,96,96,1.0
USR00138,2026-05-03,,,96,93,0.9641
USR00138,2026-05-02,,,96,95,0.993
USR00138,2026-05-01,,,96,95,0.9879
USR00138,2026-04-30,,,96,96,1.0
USR00138,2026-04-29,,,96,96,0.9978
USR00138,2026-04-28,,,96,93,0.9726
USR00138,2026-04-27,,,96,96,1.0
USR00138,2026-04-26,,,96,96,1.0
USR00138,2026-04-25,,,96,96,1.0
USR00138,2026-04-24,,,96,95,0.9888
USR00138,2026-04-23,,,96,93,0.9656
USR00139,2026-05-22,,,96,94,0.9769
USR00139,2026-05-21,,,96,89,0.9299
USR00139,2026-05-20,,,96,92,0.9566
USR00139,2026-05-19,,,96,96,0.9997
USR00139,2026-05-18,,,96,92,0.961
USR00139,2026-05-17,,,96,89,0.9241
USR00139,2026-05-16,,,96,96,1.0
USR00139,2026-05-15,,,96,96,1.0
USR00139,2026-05-14,,,96,93,0.9716
USR00139,2026-05-13,,,96,96,0.9948
USR00139,2026-05-12,,,96,91,0.9485
USR00139,2026-05-11,,,96,94,0.9783
USR00139,2026-05-10,,,96,91,0.9438
USR00139,2026-05-09,,,96,88,0.9159
USR00139,2026-05-08,,,96,96,1.0
USR00139,2026-05-07,,,96,88,0.9143
USR00139,2026-05-06,,,96,93,0.9655
USR00139,2026-05-05,,,96,93,0.9651
USR00139,2026-05-04,,,96,93,0.972
USR00139,2026-05-03,,,96,92,0.9538
USR00139,2026-05-02,,,96,92,0.9541
USR00139,2026-05-01,,,96,92,0.9607
USR00139,2026-04-30,,,96,93,0.9709
USR00139,2026-04-29,,,96,92,0.9565
USR00139,2026-04-28,,,96,92,0.9545
USR00139,2026-04-27,,,96,88,0.9169
USR00139,2026-04-26,,,96,96,1.0
USR00139,2026-04-25,,,96,93,0.9726
USR00139,2026-04-24,,,96,92,0.9628
USR00139,2026-04-23,,,96,90,0.9378
USR00140,2026-05-22,MP000368,MTR000368,96,96,1.0
USR00140,2026-05-21,MP000368,MTR000368,96,94,0.9838
USR00140,2026-05-20,MP000368,MTR000368,96,96,1.0
USR00140,2026-05-19,MP000368,MTR000368,96,91,0.948
USR00140,2026-05-18,MP000368,MTR000368,96,96,1.0
USR00140,2026-05-17,MP000368,MTR000368,96,96,1.0
USR00140,2026-05-16,MP000368,MTR000368,96,95,0.9862
USR00140,2026-05-15,MP000368,MTR000368,96,96,1.0
USR00140,2026-05-14,MP000368,MTR000368,96,96,1.0
USR00140,2026-05-13,MP000368,MTR000368,96,91,0.9485
USR00140,2026-05-12,MP000368,MTR000368,96,96,1.0
USR00140,2026-05-11,MP000368,MTR000368,96,96,1.0
USR00140,2026-05-10,MP000368,MTR000368,96,93,0.9675
USR00140,2026-05-09,MP000368,MTR000368,96,92,0.9557
USR00140,2026-05-08,MP000368,MTR000368,96,96,1.0
USR00140,2026-05-07,MP000368,MTR000368,96,96,0.9949
USR00140,2026-05-06,MP000368,MTR000368,96,96,1.0
USR00140,2026-05-05,MP000368,MTR000368,96,95,0.9894
USR00140,2026-05-04,MP000368,MTR000368,96,92,0.9585
USR00140,2026-05-03,MP000368,MTR000368,96,96,1.0
USR00140,2026-05-02,MP000368,MTR000368,96,94,0.9827
USR00140,2026-05-01,MP000368,MTR000368,96,95,0.9879
USR00140,2026-04-30,MP000368,MTR000368,96,96,1.0
USR00140,2026-04-29,MP000368,MTR000368,96,96,1.0
USR00140,2026-04-28,MP000368,MTR000368,96,96,1.0
USR00140,2026-04-27,MP000368,MTR000368,96,96,1.0
USR00140,2026-04-26,MP000368,MTR000368,96,96,1.0
USR00140,2026-04-25,MP000368,MTR000368,96,95,0.9922
USR00140,2026-04-24,MP000368,MTR000368,96,93,0.9682
USR00140,2026-04-23,MP000368,MTR000368,96,94,0.975
USR00141,2026-05-22,,,96,96,1.0
USR00141,2026-05-21,,,96,91,0.9489
USR00141,2026-05-20,,,96,96,1.0
USR00141,2026-05-19,,,96,95,0.9856
USR00141,2026-05-18,,,96,95,0.9907
USR00141,2026-05-17,,,96,95,0.9856
USR00141,2026-05-16,,,96,96,1.0
USR00141,2026-05-15,,,96,96,1.0
USR00141,2026-05-14,,,96,95,0.986
USR00141,2026-05-13,,,96,92,0.9599
USR00141,2026-05-12,,,96,96,1.0
USR00141,2026-05-11,,,96,92,0.9576
USR00141,2026-05-10,,,96,90,0.9402
USR00141,2026-05-09,,,96,96,1.0
USR00141,2026-05-08,,,96,96,1.0
USR00141,2026-05-07,,,96,94,0.9747
USR00141,2026-05-06,,,96,96,0.999
USR00141,2026-05-05,,,96,94,0.9744
USR00141,2026-05-04,,,96,96,1.0
USR00141,2026-05-03,,,96,96,1.0
USR00141,2026-05-02,,,96,94,0.979
USR00141,2026-05-01,,,96,92,0.956
USR00141,2026-04-30,,,96,91,0.9432
USR00141,2026-04-29,,,96,96,1.0
USR00141,2026-04-28,,,96,91,0.9528
USR00141,2026-04-27,,,96,96,0.998
USR00141,2026-04-26,,,96,96,1.0
USR00141,2026-04-25,,,96,93,0.9718
USR00141,2026-04-24,,,96,94,0.9819
USR00141,2026-04-23,,,96,96,1.0
USR00142,2026-05-22,MP000102,MTR000102,96,88,0.9155
USR00142,2026-05-21,MP000102,MTR000102,96,90,0.9357
USR00142,2026-05-20,MP000102,MTR000102,96,94,0.9811
USR00142,2026-05-19,MP000102,MTR000102,96,95,0.9911
USR00142,2026-05-18,MP000102,MTR000102,96,90,0.9398
USR00142,2026-05-17,MP000102,MTR000102,96,88,0.9214
USR00142,2026-05-16,MP000102,MTR000102,96,94,0.9747
USR00142,2026-05-15,MP000102,MTR000102,96,86,0.8927
USR00142,2026-05-14,MP000102,MTR000102,96,91,0.9502
USR00142,2026-05-13,MP000102,MTR000102,96,90,0.9414
USR00142,2026-05-12,MP000102,MTR000102,96,94,0.9816
USR00142,2026-05-11,MP000102,MTR000102,96,95,0.9846
USR00142,2026-05-10,MP000102,MTR000102,96,88,0.9145
USR00142,2026-05-09,MP000102,MTR000102,96,91,0.9478
USR00142,2026-05-08,MP000102,MTR000102,96,89,0.9256
USR00142,2026-05-07,MP000102,MTR000102,96,90,0.934
USR00142,2026-05-06,MP000102,MTR000102,96,92,0.9613
USR00142,2026-05-05,MP000102,MTR000102,96,90,0.9327
USR00142,2026-05-04,MP000102,MTR000102,96,91,0.9486
USR00142,2026-05-03,MP000102,MTR000102,96,93,0.9715
USR00142,2026-05-02,MP000102,MTR000102,96,95,0.9882
USR00142,2026-05-01,MP000102,MTR000102,96,91,0.9514
USR00142,2026-04-30,MP000102,MTR000102,96,91,0.9463
USR00142,2026-04-29,MP000102,MTR000102,96,87,0.9095
USR00142,2026-04-28,MP000102,MTR000102,96,95,0.9903
USR00142,2026-04-27,MP000102,MTR000102,96,92,0.9576
USR00142,2026-04-26,MP000102,MTR000102,96,91,0.9468
USR00142,2026-04-25,MP000102,MTR000102,96,91,0.9453
USR00142,2026-04-24,MP000102,MTR000102,96,92,0.9536
USR00142,2026-04-23,MP000102,MTR000102,96,93,0.9659
USR00143,2026-05-22,MP000396,MTR000396,96,96,1.0
USR00143,2026-05-21,MP000396,MTR000396,96,94,0.974
USR00143,2026-05-20,MP000396,MTR000396,96,96,1.0
USR00143,2026-05-19,MP000396,MTR000396,96,96,0.9984
USR00143,2026-05-18,MP000396,MTR000396,96,93,0.9649
USR00143,2026-05-17,MP000396,MTR000396,96,88,0.9167
USR00143,2026-05-16,MP000396,MTR000396,96,93,0.9692
USR00143,2026-05-15,MP000396,MTR000396,96,96,1.0
USR00143,2026-05-14,MP000396,MTR000396,96,91,0.9434
USR00143,2026-05-13,MP000396,MTR000396,96,93,0.9692
USR00143,2026-05-12,MP000396,MTR000396,96,93,0.9716
USR00143,2026-05-11,MP000396,MTR000396,96,96,0.9949
USR00143,2026-05-10,MP000396,MTR000396,96,92,0.955
USR00143,2026-05-09,MP000396,MTR000396,96,90,0.9406
USR00143,2026-05-08,MP000396,MTR000396,96,94,0.9838
USR00143,2026-05-07,MP000396,MTR000396,96,91,0.9444
USR00143,2026-05-06,MP000396,MTR000396,96,88,0.9116
USR00143,2026-05-05,MP000396,MTR000396,96,96,1.0
USR00143,2026-05-04,MP000396,MTR000396,96,95,0.9945
USR00143,2026-05-03,MP000396,MTR000396,96,96,1.0
USR00143,2026-05-02,MP000396,MTR000396,96,95,0.9929
USR00143,2026-05-01,MP000396,MTR000396,96,95,0.9871
USR00143,2026-04-30,MP000396,MTR000396,96,94,0.9778
USR00143,2026-04-29,MP000396,MTR000396,96,92,0.9611
USR00143,2026-04-28,MP000396,MTR000396,96,94,0.982
USR00143,2026-04-27,MP000396,MTR000396,96,91,0.9501
USR00143,2026-04-26,MP000396,MTR000396,96,90,0.9346
USR00143,2026-04-25,MP000396,MTR000396,96,92,0.9567
USR00143,2026-04-24,MP000396,MTR000396,96,96,1.0
USR00143,2026-04-23,MP000396,MTR000396,96,89,0.9297
USR00144,2026-05-22,MP000286,MTR000286,96,95,0.994
USR00144,2026-05-21,MP000286,MTR000286,96,93,0.9638
USR00144,2026-05-20,MP000286,MTR000286,96,95,0.9908
USR00144,2026-05-19,MP000286,MTR000286,96,96,1.0
USR00144,2026-05-18,MP000286,MTR000286,96,95,0.9901
USR00144,2026-05-17,MP000286,MTR000286,96,92,0.9573
USR00144,2026-05-16,MP000286,MTR000286,96,96,1.0
USR00144,2026-05-15,MP000286,MTR000286,96,96,0.9985
USR00144,2026-05-14,MP000286,MTR000286,96,94,0.977
USR00144,2026-05-13,MP000286,MTR000286,96,94,0.9756
USR00144,2026-05-12,MP000286,MTR000286,96,95,0.9874
USR00144,2026-05-11,MP000286,MTR000286,96,93,0.9669
USR00144,2026-05-10,MP000286,MTR000286,96,89,0.9273
USR00144,2026-05-09,MP000286,MTR000286,96,96,0.9987
USR00144,2026-05-08,MP000286,MTR000286,96,96,0.9969
USR00144,2026-05-07,MP000286,MTR000286,96,87,0.9072
USR00144,2026-05-06,MP000286,MTR000286,96,95,0.9915
USR00144,2026-05-05,MP000286,MTR000286,96,96,1.0
USR00144,2026-05-04,MP000286,MTR000286,96,90,0.9424
USR00144,2026-05-03,MP000286,MTR000286,96,94,0.974
USR00144,2026-05-02,MP000286,MTR000286,96,93,0.9708
USR00144,2026-05-01,MP000286,MTR000286,96,96,1.0
USR00144,2026-04-30,MP000286,MTR000286,96,96,1.0
USR00144,2026-04-29,MP000286,MTR000286,96,91,0.9499
USR00144,2026-04-28,MP000286,MTR000286,96,95,0.9865
USR00144,2026-04-27,MP000286,MTR000286,96,96,1.0
USR00144,2026-04-26,MP000286,MTR000286,96,92,0.9575
USR00144,2026-04-25,MP000286,MTR000286,96,94,0.9759
USR00144,2026-04-24,MP000286,MTR000286,96,95,0.9916
USR00144,2026-04-23,MP000286,MTR000286,96,92,0.9579
USR00145,2026-05-22,,,96,88,0.9155
USR00145,2026-05-21,,,96,85,0.888
USR00145,2026-05-20,,,96,88,0.9139
USR00145,2026-05-19,,,96,91,0.9492
USR00145,2026-05-18,,,96,87,0.9057
USR00145,2026-05-17,,,96,90,0.9387
USR00145,2026-05-16,,,96,91,0.9465
USR00145,2026-05-15,,,96,86,0.8934
USR00145,2026-05-14,,,96,88,0.9127
USR00145,2026-05-13,,,96,90,0.9401
USR00145,2026-05-12,,,96,91,0.9507
USR00145,2026-05-11,,,96,88,0.9135
USR00145,2026-05-10,,,96,90,0.9342
USR00145,2026-05-09,,,96,88,0.9211
USR00145,2026-05-08,,,96,91,0.9515
USR00145,2026-05-07,,,96,91,0.9452
USR00145,2026-05-06,,,96,88,0.9184
USR00145,2026-05-05,,,96,91,0.944
USR00145,2026-05-04,,,96,88,0.9173
USR00145,2026-05-03,,,96,91,0.9434
USR00145,2026-05-02,,,96,91,0.9438
USR00145,2026-05-01,,,96,96,1.0
USR00145,2026-04-30,,,96,88,0.9195
USR00145,2026-04-29,,,96,89,0.9254
USR00145,2026-04-28,,,96,87,0.9102
USR00145,2026-04-27,,,96,86,0.8986
USR00145,2026-04-26,,,96,88,0.9159
USR00145,2026-04-25,,,96,91,0.9496
USR00145,2026-04-24,,,96,91,0.9518
USR00145,2026-04-23,,,96,90,0.9385
USR00146,2026-05-22,MP000049,MTR000049,96,92,0.9606
USR00146,2026-05-21,MP000049,MTR000049,96,91,0.9479
USR00146,2026-05-20,MP000049,MTR000049,96,92,0.9587
USR00146,2026-05-19,MP000049,MTR000049,96,90,0.9365
USR00146,2026-05-18,MP000049,MTR000049,96,96,1.0
USR00146,2026-05-17,MP000049,MTR000049,96,96,1.0
USR00146,2026-05-16,MP000049,MTR000049,96,88,0.9173
USR00146,2026-05-15,MP000049,MTR000049,96,94,0.9841
USR00146,2026-05-14,MP000049,MTR000049,96,94,0.9836
USR00146,2026-05-13,MP000049,MTR000049,96,94,0.9817
USR00146,2026-05-12,MP000049,MTR000049,96,92,0.9576
USR00146,2026-05-11,MP000049,MTR000049,96,96,1.0
USR00146,2026-05-10,MP000049,MTR000049,96,95,0.9877
USR00146,2026-05-09,MP000049,MTR000049,96,96,1.0
USR00146,2026-05-08,MP000049,MTR000049,96,92,0.9533
USR00146,2026-05-07,MP000049,MTR000049,96,90,0.9339
USR00146,2026-05-06,MP000049,MTR000049,96,95,0.9884
USR00146,2026-05-05,MP000049,MTR000049,96,91,0.9465
USR00146,2026-05-04,MP000049,MTR000049,96,96,1.0
USR00146,2026-05-03,MP000049,MTR000049,96,88,0.9116
USR00146,2026-05-02,MP000049,MTR000049,96,92,0.9613
USR00146,2026-05-01,MP000049,MTR000049,96,92,0.9569
USR00146,2026-04-30,MP000049,MTR000049,96,93,0.9654
USR00146,2026-04-29,MP000049,MTR000049,96,94,0.9832
USR00146,2026-04-28,MP000049,MTR000049,96,95,0.9873
USR00146,2026-04-27,MP000049,MTR000049,96,95,0.9946
USR00146,2026-04-26,MP000049,MTR000049,96,96,0.998
USR00146,2026-04-25,MP000049,MTR000049,96,93,0.9702
USR00146,2026-04-24,MP000049,MTR000049,96,96,1.0
USR00146,2026-04-23,MP000049,MTR000049,96,96,1.0
USR00147,2026-05-22,MP000545,MTR000545,96,91,0.9479
USR00147,2026-05-21,MP000545,MTR000545,96,90,0.942
USR00147,2026-05-20,MP000545,MTR000545,96,92,0.9629
USR00147,2026-05-19,MP000545,MTR000545,96,89,0.9228
USR00147,2026-05-18,MP000545,MTR000545,96,89,0.9283
USR00147,2026-05-17,MP000545,MTR000545,96,85,0.887
USR00147,2026-05-16,MP000545,MTR000545,96,90,0.94
USR00147,2026-05-15,MP000545,MTR000545,96,94,0.9839
USR00147,2026-05-14,MP000545,MTR000545,96,91,0.9474
USR00147,2026-05-13,MP000545,MTR000545,96,91,0.9491
USR00147,2026-05-12,MP000545,MTR000545,96,92,0.9604
USR00147,2026-05-11,MP000545,MTR000545,96,89,0.9219
USR00147,2026-05-10,MP000545,MTR000545,96,91,0.9528
USR00147,2026-05-09,MP000545,MTR000545,96,94,0.9787
USR00147,2026-05-08,MP000545,MTR000545,96,92,0.9612
USR00147,2026-05-07,MP000545,MTR000545,96,94,0.9814
USR00147,2026-05-06,MP000545,MTR000545,96,95,0.9899
USR00147,2026-05-05,MP000545,MTR000545,96,93,0.9719
USR00147,2026-05-04,MP000545,MTR000545,96,89,0.9306
USR00147,2026-05-03,MP000545,MTR000545,96,90,0.9417
USR00147,2026-05-02,MP000545,MTR000545,96,96,1.0
USR00147,2026-05-01,MP000545,MTR000545,96,92,0.9614
USR00147,2026-04-30,MP000545,MTR000545,96,92,0.9574
USR00147,2026-04-29,MP000545,MTR000545,96,89,0.9262
USR00147,2026-04-28,MP000545,MTR000545,96,91,0.9493
USR00147,2026-04-27,MP000545,MTR000545,96,93,0.9735
USR00147,2026-04-26,MP000545,MTR000545,96,91,0.9525
USR00147,2026-04-25,MP000545,MTR000545,96,90,0.9364
USR00147,2026-04-24,MP000545,MTR000545,96,91,0.9434
USR00147,2026-04-23,MP000545,MTR000545,96,95,0.9878
USR00148,2026-05-22,,,96,94,0.9808
USR00148,2026-05-21,,,96,94,0.978
USR00148,2026-05-20,,,96,89,0.9293
USR00148,2026-05-19,,,96,93,0.973
USR00148,2026-05-18,,,96,96,0.9968
USR00148,2026-05-17,,,96,92,0.957
USR00148,2026-05-16,,,96,95,0.9941
USR00148,2026-05-15,,,96,94,0.9811
USR00148,2026-05-14,,,96,95,0.9896
USR00148,2026-05-13,,,96,93,0.9663
USR00148,2026-05-12,,,96,95,0.9914
USR00148,2026-05-11,,,96,88,0.9208
USR00148,2026-05-10,,,96,93,0.9658
USR00148,2026-05-09,,,96,95,0.9862
USR00148,2026-05-08,,,96,93,0.9737
USR00148,2026-05-07,,,96,96,0.9977
USR00148,2026-05-06,,,96,92,0.9601
USR00148,2026-05-05,,,96,91,0.9484
USR00148,2026-05-04,,,96,88,0.9156
USR00148,2026-05-03,,,96,92,0.9566
USR00148,2026-05-02,,,96,94,0.9803
USR00148,2026-05-01,,,96,95,0.9876
USR00148,2026-04-30,,,96,89,0.9228
USR00148,2026-04-29,,,96,96,1.0
USR00148,2026-04-28,,,96,90,0.9356
USR00148,2026-04-27,,,96,92,0.9612
USR00148,2026-04-26,,,96,91,0.9477
USR00148,2026-04-25,,,96,94,0.9773
USR00148,2026-04-24,,,96,93,0.9676
USR00148,2026-04-23,,,96,95,0.9851
USR00149,2026-05-22,,,96,92,0.9618
USR00149,2026-05-21,,,96,90,0.9325
USR00149,2026-05-20,,,96,93,0.9636
USR00149,2026-05-19,,,96,96,1.0
USR00149,2026-05-18,,,96,93,0.9695
USR00149,2026-05-17,,,96,94,0.9782
USR00149,2026-05-16,,,96,87,0.902
USR00149,2026-05-15,,,96,92,0.9614
USR00149,2026-05-14,,,96,90,0.9418
USR00149,2026-05-13,,,96,89,0.9294
USR00149,2026-05-12,,,96,91,0.9491
USR00149,2026-05-11,,,96,91,0.9531
USR00149,2026-05-10,,,96,89,0.9311
USR00149,2026-05-09,,,96,92,0.9555
USR00149,2026-05-08,,,96,91,0.9446
USR00149,2026-05-07,,,96,93,0.9709
USR00149,2026-05-06,,,96,92,0.9566
USR00149,2026-05-05,,,96,92,0.9611
USR00149,2026-05-04,,,96,94,0.9792
USR00149,2026-05-03,,,96,93,0.9665
USR00149,2026-05-02,,,96,91,0.9496
USR00149,2026-05-01,,,96,85,0.8872
USR00149,2026-04-30,,,96,93,0.9652
USR00149,2026-04-29,,,96,89,0.9225
USR00149,2026-04-28,,,96,91,0.9472
USR00149,2026-04-27,,,96,92,0.9609
USR00149,2026-04-26,,,96,95,0.9898
USR00149,2026-04-25,,,96,96,1.0
USR00149,2026-04-24,,,96,89,0.9222
USR00149,2026-04-23,,,96,87,0.9103
USR00150,2026-05-22,MP000430,MTR000430,96,89,0.9295
USR00150,2026-05-21,MP000430,MTR000430,96,85,0.8862
USR00150,2026-05-20,MP000430,MTR000430,96,88,0.9217
USR00150,2026-05-19,MP000430,MTR000430,96,90,0.9402
USR00150,2026-05-18,MP000430,MTR000430,96,85,0.8853
USR00150,2026-05-17,MP000430,MTR000430,96,86,0.8924
USR00150,2026-05-16,MP000430,MTR000430,96,87,0.9029
USR00150,2026-05-15,MP000430,MTR000430,96,88,0.9159
USR00150,2026-05-14,MP000430,MTR000430,96,91,0.943
USR00150,2026-05-13,MP000430,MTR000430,96,88,0.9124
USR00150,2026-05-12,MP000430,MTR000430,96,89,0.9239
USR00150,2026-05-11,MP000430,MTR000430,96,95,0.9896
USR00150,2026-05-10,MP000430,MTR000430,96,86,0.8935
USR00150,2026-05-09,MP000430,MTR000430,96,87,0.9026
USR00150,2026-05-08,MP000430,MTR000430,96,90,0.9426
USR00150,2026-05-07,MP000430,MTR000430,96,91,0.9519
USR00150,2026-05-06,MP000430,MTR000430,96,90,0.9347
USR00150,2026-05-05,MP000430,MTR000430,96,94,0.9765
USR00150,2026-05-04,MP000430,MTR000430,96,89,0.9318
USR00150,2026-05-03,MP000430,MTR000430,96,83,0.8629
USR00150,2026-05-02,MP000430,MTR000430,96,89,0.9251
USR00150,2026-05-01,MP000430,MTR000430,96,87,0.9051
USR00150,2026-04-30,MP000430,MTR000430,96,93,0.9637
USR00150,2026-04-29,MP000430,MTR000430,96,91,0.9512
USR00150,2026-04-28,MP000430,MTR000430,96,84,0.8745
USR00150,2026-04-27,MP000430,MTR000430,96,92,0.9627
USR00150,2026-04-26,MP000430,MTR000430,96,91,0.9504
USR00150,2026-04-25,MP000430,MTR000430,96,88,0.9125
USR00150,2026-04-24,MP000430,MTR000430,96,88,0.9199
USR00150,2026-04-23,MP000430,MTR000430,96,93,0.964
USR00151,2026-05-22,MP000265,MTR000265,96,93,0.9708
USR00151,2026-05-21,MP000265,MTR000265,96,95,0.9903
USR00151,2026-05-20,MP000265,MTR000265,96,92,0.9548
USR00151,2026-05-19,MP000265,MTR000265,96,94,0.9769
USR00151,2026-05-18,MP000265,MTR000265,96,92,0.9606
USR00151,2026-05-17,MP000265,MTR000265,96,90,0.934
USR00151,2026-05-16,MP000265,MTR000265,96,90,0.9332
USR00151,2026-05-15,MP000265,MTR000265,96,94,0.9788
USR00151,2026-05-14,MP000265,MTR000265,96,90,0.9384
USR00151,2026-05-13,MP000265,MTR000265,96,88,0.9117
USR00151,2026-05-12,MP000265,MTR000265,96,92,0.9612
USR00151,2026-05-11,MP000265,MTR000265,96,90,0.9421
USR00151,2026-05-10,MP000265,MTR000265,96,88,0.9215
USR00151,2026-05-09,MP000265,MTR000265,96,92,0.9596
USR00151,2026-05-08,MP000265,MTR000265,96,94,0.9805
USR00151,2026-05-07,MP000265,MTR000265,96,92,0.9581
USR00151,2026-05-06,MP000265,MTR000265,96,89,0.9255
USR00151,2026-05-05,MP000265,MTR000265,96,93,0.9719
USR00151,2026-05-04,MP000265,MTR000265,96,95,0.9885
USR00151,2026-05-03,MP000265,MTR000265,96,96,1.0
USR00151,2026-05-02,MP000265,MTR000265,96,96,1.0
USR00151,2026-05-01,MP000265,MTR000265,96,89,0.9273
USR00151,2026-04-30,MP000265,MTR000265,96,94,0.9832
USR00151,2026-04-29,MP000265,MTR000265,96,93,0.9652
USR00151,2026-04-28,MP000265,MTR000265,96,89,0.9229
USR00151,2026-04-27,MP000265,MTR000265,96,93,0.966
USR00151,2026-04-26,MP000265,MTR000265,96,96,1.0
USR00151,2026-04-25,MP000265,MTR000265,96,95,0.9934
USR00151,2026-04-24,MP000265,MTR000265,96,89,0.9271
USR00151,2026-04-23,MP000265,MTR000265,96,92,0.9579
USR00152,2026-05-22,,,96,87,0.9017
USR00152,2026-05-21,,,96,87,0.9027
USR00152,2026-05-20,,,96,92,0.9582
USR00152,2026-05-19,,,96,92,0.9586
USR00152,2026-05-18,,,96,86,0.8984
USR00152,2026-05-17,,,96,93,0.9652
USR00152,2026-05-16,,,96,95,0.9862
USR00152,2026-05-15,,,96,91,0.947
USR00152,2026-05-14,,,96,92,0.9554
USR00152,2026-05-13,,,96,93,0.9707
USR00152,2026-05-12,,,96,93,0.9667
USR00152,2026-05-11,,,96,87,0.9035
USR00152,2026-05-10,,,96,89,0.9264
USR00152,2026-05-09,,,96,90,0.9417
USR00152,2026-05-08,,,96,89,0.9277
USR00152,2026-05-07,,,96,96,0.9976
USR00152,2026-05-06,,,96,93,0.9726
USR00152,2026-05-05,,,96,88,0.9203
USR00152,2026-05-04,,,96,91,0.9471
USR00152,2026-05-03,,,96,95,0.9875
USR00152,2026-05-02,,,96,90,0.9342
USR00152,2026-05-01,,,96,94,0.9791
USR00152,2026-04-30,,,96,96,0.9951
USR00152,2026-04-29,,,96,95,0.99
USR00152,2026-04-28,,,96,92,0.959
USR00152,2026-04-27,,,96,95,0.9911
USR00152,2026-04-26,,,96,90,0.9379
USR00152,2026-04-25,,,96,96,1.0
USR00152,2026-04-24,,,96,92,0.9608
USR00152,2026-04-23,,,96,95,0.988
USR00153,2026-05-22,MP000234,MTR000234,96,94,0.9787
USR00153,2026-05-21,MP000234,MTR000234,96,94,0.98
USR00153,2026-05-20,MP000234,MTR000234,96,90,0.9358
USR00153,2026-05-19,MP000234,MTR000234,96,90,0.9349
USR00153,2026-05-18,MP000234,MTR000234,96,92,0.9575
USR00153,2026-05-17,MP000234,MTR000234,96,96,0.9968
USR00153,2026-05-16,MP000234,MTR000234,96,87,0.9087
USR00153,2026-05-15,MP000234,MTR000234,96,91,0.9528
USR00153,2026-05-14,MP000234,MTR000234,96,96,1.0
USR00153,2026-05-13,MP000234,MTR000234,96,89,0.9267
USR00153,2026-05-12,MP000234,MTR000234,96,96,1.0
USR00153,2026-05-11,MP000234,MTR000234,96,89,0.9298
USR00153,2026-05-10,MP000234,MTR000234,96,90,0.9362
USR00153,2026-05-09,MP000234,MTR000234,96,92,0.9593
USR00153,2026-05-08,MP000234,MTR000234,96,96,1.0
USR00153,2026-05-07,MP000234,MTR000234,96,91,0.9445
USR00153,2026-05-06,MP000234,MTR000234,96,88,0.9117
USR00153,2026-05-05,MP000234,MTR000234,96,88,0.9216
USR00153,2026-05-04,MP000234,MTR000234,96,95,0.9916
USR00153,2026-05-03,MP000234,MTR000234,96,89,0.923
USR00153,2026-05-02,MP000234,MTR000234,96,96,0.9993
USR00153,2026-05-01,MP000234,MTR000234,96,93,0.9658
USR00153,2026-04-30,MP000234,MTR000234,96,92,0.9627
USR00153,2026-04-29,MP000234,MTR000234,96,93,0.9726
USR00153,2026-04-28,MP000234,MTR000234,96,90,0.9396
USR00153,2026-04-27,MP000234,MTR000234,96,93,0.9678
USR00153,2026-04-26,MP000234,MTR000234,96,89,0.9279
USR00153,2026-04-25,MP000234,MTR000234,96,96,1.0
USR00153,2026-04-24,MP000234,MTR000234,96,90,0.9328
USR00153,2026-04-23,MP000234,MTR000234,96,94,0.9768
USR00154,2026-05-22,MP000433,MTR000433,96,89,0.9308
USR00154,2026-05-21,MP000433,MTR000433,96,90,0.9356
USR00154,2026-05-20,MP000433,MTR000433,96,96,1.0
USR00154,2026-05-19,MP000433,MTR000433,96,91,0.9464
USR00154,2026-05-18,MP000433,MTR000433,96,89,0.9222
USR00154,2026-05-17,MP000433,MTR000433,96,90,0.9335
USR00154,2026-05-16,MP000433,MTR000433,96,87,0.9017
USR00154,2026-05-15,MP000433,MTR000433,96,90,0.9419
USR00154,2026-05-14,MP000433,MTR000433,96,96,1.0
USR00154,2026-05-13,MP000433,MTR000433,96,92,0.9569
USR00154,2026-05-12,MP000433,MTR000433,96,93,0.9739
USR00154,2026-05-11,MP000433,MTR000433,96,88,0.9195
USR00154,2026-05-10,MP000433,MTR000433,96,90,0.9407
USR00154,2026-05-09,MP000433,MTR000433,96,91,0.9529
USR00154,2026-05-08,MP000433,MTR000433,96,89,0.925
USR00154,2026-05-07,MP000433,MTR000433,96,92,0.9588
USR00154,2026-05-06,MP000433,MTR000433,96,93,0.9653
USR00154,2026-05-05,MP000433,MTR000433,96,92,0.9631
USR00154,2026-05-04,MP000433,MTR000433,96,90,0.9423
USR00154,2026-05-03,MP000433,MTR000433,96,94,0.9795
USR00154,2026-05-02,MP000433,MTR000433,96,90,0.9391
USR00154,2026-05-01,MP000433,MTR000433,96,90,0.9363
USR00154,2026-04-30,MP000433,MTR000433,96,95,0.99
USR00154,2026-04-29,MP000433,MTR000433,96,88,0.9136
USR00154,2026-04-28,MP000433,MTR000433,96,86,0.8957
USR00154,2026-04-27,MP000433,MTR000433,96,88,0.9208
USR00154,2026-04-26,MP000433,MTR000433,96,92,0.9584
USR00154,2026-04-25,MP000433,MTR000433,96,95,0.9853
USR00154,2026-04-24,MP000433,MTR000433,96,89,0.927
USR00154,2026-04-23,MP000433,MTR000433,96,96,1.0
USR00155,2026-05-22,MP000012,MTR000012,96,90,0.9371
USR00155,2026-05-21,MP000012,MTR000012,96,88,0.9151
USR00155,2026-05-20,MP000012,MTR000012,96,96,0.9991
USR00155,2026-05-19,MP000012,MTR000012,96,90,0.9361
USR00155,2026-05-18,MP000012,MTR000012,96,86,0.9006
USR00155,2026-05-17,MP000012,MTR000012,96,96,1.0
USR00155,2026-05-16,MP000012,MTR000012,96,91,0.9524
USR00155,2026-05-15,MP000012,MTR000012,96,93,0.9646
USR00155,2026-05-14,MP000012,MTR000012,96,95,0.991
USR00155,2026-05-13,MP000012,MTR000012,96,92,0.959
USR00155,2026-05-12,MP000012,MTR000012,96,93,0.9698
USR00155,2026-05-11,MP000012,MTR000012,96,90,0.9422
USR00155,2026-05-10,MP000012,MTR000012,96,92,0.9626
USR00155,2026-05-09,MP000012,MTR000012,96,90,0.9396
USR00155,2026-05-08,MP000012,MTR000012,96,90,0.94
USR00155,2026-05-07,MP000012,MTR000012,96,91,0.9442
USR00155,2026-05-06,MP000012,MTR000012,96,89,0.9287
USR00155,2026-05-05,MP000012,MTR000012,96,92,0.9557
USR00155,2026-05-04,MP000012,MTR000012,96,92,0.9556
USR00155,2026-05-03,MP000012,MTR000012,96,93,0.9652
USR00155,2026-05-02,MP000012,MTR000012,96,92,0.9598
USR00155,2026-05-01,MP000012,MTR000012,96,96,1.0
USR00155,2026-04-30,MP000012,MTR000012,96,93,0.9722
USR00155,2026-04-29,MP000012,MTR000012,96,90,0.9344
USR00155,2026-04-28,MP000012,MTR000012,96,92,0.9542
USR00155,2026-04-27,MP000012,MTR000012,96,94,0.983
USR00155,2026-04-26,MP000012,MTR000012,96,88,0.9121
USR00155,2026-04-25,MP000012,MTR000012,96,96,1.0
USR00155,2026-04-24,MP000012,MTR000012,96,88,0.9173
USR00155,2026-04-23,MP000012,MTR000012,96,93,0.9676
USR00156,2026-05-22,MP000022,MTR000022,96,90,0.9385
USR00156,2026-05-21,MP000022,MTR000022,96,86,0.901
USR00156,2026-05-20,MP000022,MTR000022,96,93,0.9673
USR00156,2026-05-19,MP000022,MTR000022,96,87,0.9014
USR00156,2026-05-18,MP000022,MTR000022,96,86,0.8968
USR00156,2026-05-17,MP000022,MTR000022,96,94,0.9748
USR00156,2026-05-16,MP000022,MTR000022,96,95,0.9937
USR00156,2026-05-15,MP000022,MTR000022,96,88,0.92
USR00156,2026-05-14,MP000022,MTR000022,96,93,0.9701
USR00156,2026-05-13,MP000022,MTR000022,96,93,0.964
USR00156,2026-05-12,MP000022,MTR000022,96,90,0.9373
USR00156,2026-05-11,MP000022,MTR000022,96,94,0.9801
USR00156,2026-05-10,MP000022,MTR000022,96,90,0.9351
USR00156,2026-05-09,MP000022,MTR000022,96,92,0.9556
USR00156,2026-05-08,MP000022,MTR000022,96,87,0.9024
USR00156,2026-05-07,MP000022,MTR000022,96,87,0.9037
USR00156,2026-05-06,MP000022,MTR000022,96,94,0.9751
USR00156,2026-05-05,MP000022,MTR000022,96,92,0.9566
USR00156,2026-05-04,MP000022,MTR000022,96,90,0.9358
USR00156,2026-05-03,MP000022,MTR000022,96,96,0.9973
USR00156,2026-05-02,MP000022,MTR000022,96,96,0.997
USR00156,2026-05-01,MP000022,MTR000022,96,92,0.9532
USR00156,2026-04-30,MP000022,MTR000022,96,86,0.8964
USR00156,2026-04-29,MP000022,MTR000022,96,90,0.9367
USR00156,2026-04-28,MP000022,MTR000022,96,88,0.9151
USR00156,2026-04-27,MP000022,MTR000022,96,91,0.9427
USR00156,2026-04-26,MP000022,MTR000022,96,88,0.912
USR00156,2026-04-25,MP000022,MTR000022,96,87,0.9042
USR00156,2026-04-24,MP000022,MTR000022,96,84,0.8722
USR00156,2026-04-23,MP000022,MTR000022,96,91,0.9451
USR00157,2026-05-22,MP000081,MTR000081,96,92,0.9577
USR00157,2026-05-21,MP000081,MTR000081,96,95,0.9881
USR00157,2026-05-20,MP000081,MTR000081,96,91,0.9456
USR00157,2026-05-19,MP000081,MTR000081,96,90,0.9348
USR00157,2026-05-18,MP000081,MTR000081,96,93,0.9653
USR00157,2026-05-17,MP000081,MTR000081,96,90,0.9424
USR00157,2026-05-16,MP000081,MTR000081,96,93,0.9729
USR00157,2026-05-15,MP000081,MTR000081,96,90,0.9363
USR00157,2026-05-14,MP000081,MTR000081,96,93,0.9642
USR00157,2026-05-13,MP000081,MTR000081,96,92,0.9569
USR00157,2026-05-12,MP000081,MTR000081,96,93,0.967
USR00157,2026-05-11,MP000081,MTR000081,96,96,1.0
USR00157,2026-05-10,MP000081,MTR000081,96,93,0.9733
USR00157,2026-05-09,MP000081,MTR000081,96,94,0.9824
USR00157,2026-05-08,MP000081,MTR000081,96,91,0.9486
USR00157,2026-05-07,MP000081,MTR000081,96,94,0.974
USR00157,2026-05-06,MP000081,MTR000081,96,92,0.9591
USR00157,2026-05-05,MP000081,MTR000081,96,93,0.9682
USR00157,2026-05-04,MP000081,MTR000081,96,95,0.9868
USR00157,2026-05-03,MP000081,MTR000081,96,91,0.9523
USR00157,2026-05-02,MP000081,MTR000081,96,92,0.9554
USR00157,2026-05-01,MP000081,MTR000081,96,91,0.9527
USR00157,2026-04-30,MP000081,MTR000081,96,91,0.9521
USR00157,2026-04-29,MP000081,MTR000081,96,93,0.9725
USR00157,2026-04-28,MP000081,MTR000081,96,92,0.9564
USR00157,2026-04-27,MP000081,MTR000081,96,96,1.0
USR00157,2026-04-26,MP000081,MTR000081,96,96,1.0
USR00157,2026-04-25,MP000081,MTR000081,96,91,0.9503
USR00157,2026-04-24,MP000081,MTR000081,96,94,0.9761
USR00157,2026-04-23,MP000081,MTR000081,96,96,0.9984
USR00158,2026-05-22,,,96,86,0.8915
USR00158,2026-05-21,,,96,93,0.9734
USR00158,2026-05-20,,,96,90,0.9419
USR00158,2026-05-19,,,96,89,0.9308
USR00158,2026-05-18,,,96,93,0.9648
USR00158,2026-05-17,,,96,91,0.9444
USR00158,2026-05-16,,,96,88,0.9198
USR00158,2026-05-15,,,96,86,0.892
USR00158,2026-05-14,,,96,87,0.9065
USR00158,2026-05-13,,,96,92,0.9574
USR00158,2026-05-12,,,96,90,0.9418
USR00158,2026-05-11,,,96,88,0.9157
USR00158,2026-05-10,,,96,94,0.9743
USR00158,2026-05-09,,,96,88,0.9166
USR00158,2026-05-08,,,96,91,0.9509
USR00158,2026-05-07,,,96,89,0.9279
USR00158,2026-05-06,,,96,94,0.9793
USR00158,2026-05-05,,,96,91,0.9439
USR00158,2026-05-04,,,96,89,0.9227
USR00158,2026-05-03,,,96,88,0.9159
USR00158,2026-05-02,,,96,88,0.9208
USR00158,2026-05-01,,,96,86,0.8995
USR00158,2026-04-30,,,96,85,0.8803
USR00158,2026-04-29,,,96,89,0.9305
USR00158,2026-04-28,,,96,87,0.9053
USR00158,2026-04-27,,,96,87,0.9052
USR00158,2026-04-26,,,96,88,0.9186
USR00158,2026-04-25,,,96,89,0.9229
USR00158,2026-04-24,,,96,88,0.9215
USR00158,2026-04-23,,,96,93,0.9734
USR00159,2026-05-22,MP000504,MTR000504,96,96,1.0
USR00159,2026-05-21,MP000504,MTR000504,96,93,0.9734
USR00159,2026-05-20,MP000504,MTR000504,96,96,1.0
USR00159,2026-05-19,MP000504,MTR000504,96,94,0.975
USR00159,2026-05-18,MP000504,MTR000504,96,93,0.9697
USR00159,2026-05-17,MP000504,MTR000504,96,96,1.0
USR00159,2026-05-16,MP000504,MTR000504,96,92,0.9635
USR00159,2026-05-15,MP000504,MTR000504,96,88,0.9196
USR00159,2026-05-14,MP000504,MTR000504,96,93,0.9653
USR00159,2026-05-13,MP000504,MTR000504,96,89,0.9263
USR00159,2026-05-12,MP000504,MTR000504,96,92,0.958
USR00159,2026-05-11,MP000504,MTR000504,96,92,0.9608
USR00159,2026-05-10,MP000504,MTR000504,96,95,0.9876
USR00159,2026-05-09,MP000504,MTR000504,96,89,0.9251
USR00159,2026-05-08,MP000504,MTR000504,96,96,1.0
USR00159,2026-05-07,MP000504,MTR000504,96,89,0.9303
USR00159,2026-05-06,MP000504,MTR000504,96,94,0.9827
USR00159,2026-05-05,MP000504,MTR000504,96,94,0.9768
USR00159,2026-05-04,MP000504,MTR000504,96,96,1.0
USR00159,2026-05-03,MP000504,MTR000504,96,96,0.9971
USR00159,2026-05-02,MP000504,MTR000504,96,96,1.0
USR00159,2026-05-01,MP000504,MTR000504,96,94,0.9757
USR00159,2026-04-30,MP000504,MTR000504,96,93,0.9726
USR00159,2026-04-29,MP000504,MTR000504,96,96,0.9989
USR00159,2026-04-28,MP000504,MTR000504,96,96,1.0
USR00159,2026-04-27,MP000504,MTR000504,96,96,1.0
USR00159,2026-04-26,MP000504,MTR000504,96,96,0.9962
USR00159,2026-04-25,MP000504,MTR000504,96,95,0.9935
USR00159,2026-04-24,MP000504,MTR000504,96,95,0.9855
USR00159,2026-04-23,MP000504,MTR000504,96,96,0.9988
USR00160,2026-05-22,MP000336,MTR000336,96,88,0.9214
USR00160,2026-05-21,MP000336,MTR000336,96,88,0.9177
USR00160,2026-05-20,MP000336,MTR000336,96,88,0.9154
USR00160,2026-05-19,MP000336,MTR000336,96,90,0.9403
USR00160,2026-05-18,MP000336,MTR000336,96,83,0.865
USR00160,2026-05-17,MP000336,MTR000336,96,89,0.9246
USR00160,2026-05-16,MP000336,MTR000336,96,92,0.9551
USR00160,2026-05-15,MP000336,MTR000336,96,88,0.9129
USR00160,2026-05-14,MP000336,MTR000336,96,90,0.9343
USR00160,2026-05-13,MP000336,MTR000336,96,95,0.9919
USR00160,2026-05-12,MP000336,MTR000336,96,90,0.9386
USR00160,2026-05-11,MP000336,MTR000336,96,83,0.8615
USR00160,2026-05-10,MP000336,MTR000336,96,85,0.8864
USR00160,2026-05-09,MP000336,MTR000336,96,88,0.9211
USR00160,2026-05-08,MP000336,MTR000336,96,87,0.9045
USR00160,2026-05-07,MP000336,MTR000336,96,89,0.9318
USR00160,2026-05-06,MP000336,MTR000336,96,88,0.9198
USR00160,2026-05-05,MP000336,MTR000336,96,93,0.9636
USR00160,2026-05-04,MP000336,MTR000336,96,86,0.8959
USR00160,2026-05-03,MP000336,MTR000336,96,89,0.9224
USR00160,2026-05-02,MP000336,MTR000336,96,90,0.9352
USR00160,2026-05-01,MP000336,MTR000336,96,90,0.9389
USR00160,2026-04-30,MP000336,MTR000336,96,90,0.9331
USR00160,2026-04-29,MP000336,MTR000336,96,82,0.8563
USR00160,2026-04-28,MP000336,MTR000336,96,89,0.9312
USR00160,2026-04-27,MP000336,MTR000336,96,89,0.9241
USR00160,2026-04-26,MP000336,MTR000336,96,92,0.9546
USR00160,2026-04-25,MP000336,MTR000336,96,91,0.9503
USR00160,2026-04-24,MP000336,MTR000336,96,90,0.9359
USR00160,2026-04-23,MP000336,MTR000336,96,90,0.938
USR00161,2026-05-22,,,96,96,1.0
USR00161,2026-05-21,,,96,96,1.0
USR00161,2026-05-20,,,96,96,1.0
USR00161,2026-05-19,,,96,94,0.9774
USR00161,2026-05-18,,,96,92,0.9607
USR00161,2026-05-17,,,96,96,0.9959
USR00161,2026-05-16,,,96,95,0.9851
USR00161,2026-05-15,,,96,89,0.9223
USR00161,2026-05-14,,,96,94,0.9767
USR00161,2026-05-13,,,96,96,1.0
USR00161,2026-05-12,,,96,95,0.9945
USR00161,2026-05-11,,,96,93,0.973
USR00161,2026-05-10,,,96,96,0.9975
USR00161,2026-05-09,,,96,96,1.0
USR00161,2026-05-08,,,96,96,1.0
USR00161,2026-05-07,,,96,94,0.977
USR00161,2026-05-06,,,96,96,1.0
USR00161,2026-05-05,,,96,93,0.9636
USR00161,2026-05-04,,,96,94,0.9812
USR00161,2026-05-03,,,96,96,1.0
USR00161,2026-05-02,,,96,93,0.9656
USR00161,2026-05-01,,,96,94,0.9765
USR00161,2026-04-30,,,96,92,0.9587
USR00161,2026-04-29,,,96,93,0.9715
USR00161,2026-04-28,,,96,96,1.0
USR00161,2026-04-27,,,96,96,1.0
USR00161,2026-04-26,,,96,96,0.9957
USR00161,2026-04-25,,,96,95,0.9865
USR00161,2026-04-24,,,96,92,0.959
USR00161,2026-04-23,,,96,94,0.9745
USR00162,2026-05-22,,,96,95,0.9891
USR00162,2026-05-21,,,96,95,0.9912
USR00162,2026-05-20,,,96,93,0.9658
USR00162,2026-05-19,,,96,94,0.9802
USR00162,2026-05-18,,,96,95,0.9933
USR00162,2026-05-17,,,96,93,0.97
USR00162,2026-05-16,,,96,96,1.0
USR00162,2026-05-15,,,96,90,0.9363
USR00162,2026-05-14,,,96,92,0.9565
USR00162,2026-05-13,,,96,91,0.953
USR00162,2026-05-12,,,96,95,0.9864
USR00162,2026-05-11,,,96,89,0.924
USR00162,2026-05-10,,,96,96,1.0
USR00162,2026-05-09,,,96,94,0.9838
USR00162,2026-05-08,,,96,96,1.0
USR00162,2026-05-07,,,96,93,0.9658
USR00162,2026-05-06,,,96,91,0.9505
USR00162,2026-05-05,,,96,95,0.9867
USR00162,2026-05-04,,,96,96,0.9979
USR00162,2026-05-03,,,96,91,0.9456
USR00162,2026-05-02,,,96,87,0.9071
USR00162,2026-05-01,,,96,88,0.9122
USR00162,2026-04-30,,,96,94,0.9748
USR00162,2026-04-29,,,96,96,1.0
USR00162,2026-04-28,,,96,89,0.928
USR00162,2026-04-27,,,96,92,0.9588
USR00162,2026-04-26,,,96,92,0.9565
USR00162,2026-04-25,,,96,96,1.0
USR00162,2026-04-24,,,96,96,1.0
USR00162,2026-04-23,,,96,94,0.9797
USR00163,2026-05-22,MP000519,MTR000519,96,95,0.9934
USR00163,2026-05-21,MP000519,MTR000519,96,89,0.9289
USR00163,2026-05-20,MP000519,MTR000519,96,95,0.9882
USR00163,2026-05-19,MP000519,MTR000519,96,90,0.9367
USR00163,2026-05-18,MP000519,MTR000519,96,92,0.9621
USR00163,2026-05-17,MP000519,MTR000519,96,96,1.0
USR00163,2026-05-16,MP000519,MTR000519,96,93,0.9697
USR00163,2026-05-15,MP000519,MTR000519,96,96,1.0
USR00163,2026-05-14,MP000519,MTR000519,96,96,1.0
USR00163,2026-05-13,MP000519,MTR000519,96,88,0.9146
USR00163,2026-05-12,MP000519,MTR000519,96,87,0.902
USR00163,2026-05-11,MP000519,MTR000519,96,96,1.0
USR00163,2026-05-10,MP000519,MTR000519,96,96,1.0
USR00163,2026-05-09,MP000519,MTR000519,96,94,0.975
USR00163,2026-05-08,MP000519,MTR000519,96,94,0.9791
USR00163,2026-05-07,MP000519,MTR000519,96,95,0.9941
USR00163,2026-05-06,MP000519,MTR000519,96,95,0.9935
USR00163,2026-05-05,MP000519,MTR000519,96,92,0.9582
USR00163,2026-05-04,MP000519,MTR000519,96,96,0.996
USR00163,2026-05-03,MP000519,MTR000519,96,92,0.9569
USR00163,2026-05-02,MP000519,MTR000519,96,94,0.9746
USR00163,2026-05-01,MP000519,MTR000519,96,93,0.9733
USR00163,2026-04-30,MP000519,MTR000519,96,90,0.9415
USR00163,2026-04-29,MP000519,MTR000519,96,91,0.945
USR00163,2026-04-28,MP000519,MTR000519,96,96,1.0
USR00163,2026-04-27,MP000519,MTR000519,96,90,0.9405
USR00163,2026-04-26,MP000519,MTR000519,96,94,0.9784
USR00163,2026-04-25,MP000519,MTR000519,96,95,0.9847
USR00163,2026-04-24,MP000519,MTR000519,96,93,0.9657
USR00163,2026-04-23,MP000519,MTR000519,96,95,0.9874
USR00164,2026-05-22,MP000530,MTR000530,96,87,0.9089
USR00164,2026-05-21,MP000530,MTR000530,96,91,0.9511
USR00164,2026-05-20,MP000530,MTR000530,96,88,0.9186
USR00164,2026-05-19,MP000530,MTR000530,96,95,0.9872
USR00164,2026-05-18,MP000530,MTR000530,96,91,0.9479
USR00164,2026-05-17,MP000530,MTR000530,96,88,0.914
USR00164,2026-05-16,MP000530,MTR000530,96,91,0.9452
USR00164,2026-05-15,MP000530,MTR000530,96,87,0.9072
USR00164,2026-05-14,MP000530,MTR000530,96,91,0.9427
USR00164,2026-05-13,MP000530,MTR000530,96,89,0.9282
USR00164,2026-05-12,MP000530,MTR000530,96,87,0.9102
USR00164,2026-05-11,MP000530,MTR000530,96,87,0.9098
USR00164,2026-05-10,MP000530,MTR000530,96,96,1.0
USR00164,2026-05-09,MP000530,MTR000530,96,90,0.9377
USR00164,2026-05-08,MP000530,MTR000530,96,89,0.922
USR00164,2026-05-07,MP000530,MTR000530,96,88,0.9168
USR00164,2026-05-06,MP000530,MTR000530,96,91,0.9491
USR00164,2026-05-05,MP000530,MTR000530,96,88,0.9158
USR00164,2026-05-04,MP000530,MTR000530,96,87,0.9021
USR00164,2026-05-03,MP000530,MTR000530,96,90,0.934
USR00164,2026-05-02,MP000530,MTR000530,96,90,0.9338
USR00164,2026-05-01,MP000530,MTR000530,96,89,0.9225
USR00164,2026-04-30,MP000530,MTR000530,96,87,0.9082
USR00164,2026-04-29,MP000530,MTR000530,96,89,0.9232
USR00164,2026-04-28,MP000530,MTR000530,96,88,0.9209
USR00164,2026-04-27,MP000530,MTR000530,96,88,0.9167
USR00164,2026-04-26,MP000530,MTR000530,96,91,0.9433
USR00164,2026-04-25,MP000530,MTR000530,96,96,1.0
USR00164,2026-04-24,MP000530,MTR000530,96,94,0.9749
USR00164,2026-04-23,MP000530,MTR000530,96,95,0.9932
USR00165,2026-05-22,MP000268,MTR000268,96,94,0.9767
USR00165,2026-05-21,MP000268,MTR000268,96,90,0.9333
USR00165,2026-05-20,MP000268,MTR000268,96,92,0.956
USR00165,2026-05-19,MP000268,MTR000268,96,90,0.9402
USR00165,2026-05-18,MP000268,MTR000268,96,88,0.9161
USR00165,2026-05-17,MP000268,MTR000268,96,91,0.948
USR00165,2026-05-16,MP000268,MTR000268,96,90,0.941
USR00165,2026-05-15,MP000268,MTR000268,96,84,0.8734
USR00165,2026-05-14,MP000268,MTR000268,96,89,0.9227
USR00165,2026-05-13,MP000268,MTR000268,96,91,0.9526
USR00165,2026-05-12,MP000268,MTR000268,96,90,0.9348
USR00165,2026-05-11,MP000268,MTR000268,96,90,0.9405
USR00165,2026-05-10,MP000268,MTR000268,96,87,0.9039
USR00165,2026-05-09,MP000268,MTR000268,96,90,0.9341
USR00165,2026-05-08,MP000268,MTR000268,96,89,0.9235
USR00165,2026-05-07,MP000268,MTR000268,96,88,0.9203
USR00165,2026-05-06,MP000268,MTR000268,96,87,0.9061
USR00165,2026-05-05,MP000268,MTR000268,96,92,0.9539
USR00165,2026-05-04,MP000268,MTR000268,96,90,0.9368
USR00165,2026-05-03,MP000268,MTR000268,96,90,0.9338
USR00165,2026-05-02,MP000268,MTR000268,96,95,0.988
USR00165,2026-05-01,MP000268,MTR000268,96,90,0.9406
USR00165,2026-04-30,MP000268,MTR000268,96,92,0.9624
USR00165,2026-04-29,MP000268,MTR000268,96,90,0.9346
USR00165,2026-04-28,MP000268,MTR000268,96,88,0.9158
USR00165,2026-04-27,MP000268,MTR000268,96,86,0.8947
USR00165,2026-04-26,MP000268,MTR000268,96,90,0.9337
USR00165,2026-04-25,MP000268,MTR000268,96,81,0.8465
USR00165,2026-04-24,MP000268,MTR000268,96,90,0.9346
USR00165,2026-04-23,MP000268,MTR000268,96,90,0.9359
USR00166,2026-05-22,MP000357,MTR000357,96,94,0.9802
USR00166,2026-05-21,MP000357,MTR000357,96,91,0.9454
USR00166,2026-05-20,MP000357,MTR000357,96,96,1.0
USR00166,2026-05-19,MP000357,MTR000357,96,93,0.9728
USR00166,2026-05-18,MP000357,MTR000357,96,92,0.9538
USR00166,2026-05-17,MP000357,MTR000357,96,96,0.9993
USR00166,2026-05-16,MP000357,MTR000357,96,95,0.9863
USR00166,2026-05-15,MP000357,MTR000357,96,93,0.9722
USR00166,2026-05-14,MP000357,MTR000357,96,93,0.969
USR00166,2026-05-13,MP000357,MTR000357,96,94,0.9828
USR00166,2026-05-12,MP000357,MTR000357,96,96,1.0
USR00166,2026-05-11,MP000357,MTR000357,96,96,0.997
USR00166,2026-05-10,MP000357,MTR000357,96,94,0.9819
USR00166,2026-05-09,MP000357,MTR000357,96,96,1.0
USR00166,2026-05-08,MP000357,MTR000357,96,94,0.9838
USR00166,2026-05-07,MP000357,MTR000357,96,96,0.995
USR00166,2026-05-06,MP000357,MTR000357,96,95,0.9875
USR00166,2026-05-05,MP000357,MTR000357,96,96,1.0
USR00166,2026-05-04,MP000357,MTR000357,96,93,0.9696
USR00166,2026-05-03,MP000357,MTR000357,96,91,0.9488
USR00166,2026-05-02,MP000357,MTR000357,96,96,1.0
USR00166,2026-05-01,MP000357,MTR000357,96,96,1.0
USR00166,2026-04-30,MP000357,MTR000357,96,91,0.9502
USR00166,2026-04-29,MP000357,MTR000357,96,95,0.9883
USR00166,2026-04-28,MP000357,MTR000357,96,93,0.9695
USR00166,2026-04-27,MP000357,MTR000357,96,96,1.0
USR00166,2026-04-26,MP000357,MTR000357,96,95,0.9903
USR00166,2026-04-25,MP000357,MTR000357,96,96,1.0
USR00166,2026-04-24,MP000357,MTR000357,96,93,0.9739
USR00166,2026-04-23,MP000357,MTR000357,96,96,1.0
USR00167,2026-05-22,,,96,93,0.9725
USR00167,2026-05-21,,,96,92,0.9576
USR00167,2026-05-20,,,96,92,0.9593
USR00167,2026-05-19,,,96,92,0.9568
USR00167,2026-05-18,,,96,95,0.9905
USR00167,2026-05-17,,,96,89,0.9303
USR00167,2026-05-16,,,96,91,0.9516
USR00167,2026-05-15,,,96,91,0.948
USR00167,2026-05-14,,,96,87,0.9047
USR00167,2026-05-13,,,96,94,0.9822
USR00167,2026-05-12,,,96,95,0.9883
USR00167,2026-05-11,,,96,90,0.9374
USR00167,2026-05-10,,,96,95,0.9874
USR00167,2026-05-09,,,96,87,0.909
USR00167,2026-05-08,,,96,92,0.9572
USR00167,2026-05-07,,,96,91,0.9527
USR00167,2026-05-06,,,96,92,0.9591
USR00167,2026-05-05,,,96,92,0.9589
USR00167,2026-05-04,,,96,92,0.9541
USR00167,2026-05-03,,,96,91,0.9448
USR00167,2026-05-02,,,96,92,0.9532
USR00167,2026-05-01,,,96,96,0.9974
USR00167,2026-04-30,,,96,90,0.9391
USR00167,2026-04-29,,,96,96,1.0
USR00167,2026-04-28,,,96,90,0.9374
USR00167,2026-04-27,,,96,93,0.9637
USR00167,2026-04-26,,,96,93,0.9736
USR00167,2026-04-25,,,96,91,0.9477
USR00167,2026-04-24,,,96,96,0.9979
USR00167,2026-04-23,,,96,93,0.9728
USR00168,2026-05-22,MP000303,MTR000303,96,96,1.0
USR00168,2026-05-21,MP000303,MTR000303,96,90,0.9415
USR00168,2026-05-20,MP000303,MTR000303,96,92,0.955
USR00168,2026-05-19,MP000303,MTR000303,96,95,0.9888
USR00168,2026-05-18,MP000303,MTR000303,96,96,0.996
USR00168,2026-05-17,MP000303,MTR000303,96,94,0.9816
USR00168,2026-05-16,MP000303,MTR000303,96,93,0.9681
USR00168,2026-05-15,MP000303,MTR000303,96,93,0.9644
USR00168,2026-05-14,MP000303,MTR000303,96,96,1.0
USR00168,2026-05-13,MP000303,MTR000303,96,94,0.9792
USR00168,2026-05-12,MP000303,MTR000303,96,91,0.9458
USR00168,2026-05-11,MP000303,MTR000303,96,91,0.9441
USR00168,2026-05-10,MP000303,MTR000303,96,96,1.0
USR00168,2026-05-09,MP000303,MTR000303,96,91,0.9504
USR00168,2026-05-08,MP000303,MTR000303,96,94,0.9801
USR00168,2026-05-07,MP000303,MTR000303,96,96,1.0
USR00168,2026-05-06,MP000303,MTR000303,96,95,0.9882
USR00168,2026-05-05,MP000303,MTR000303,96,91,0.9492
USR00168,2026-05-04,MP000303,MTR000303,96,90,0.9415
USR00168,2026-05-03,MP000303,MTR000303,96,96,1.0
USR00168,2026-05-02,MP000303,MTR000303,96,90,0.9407
USR00168,2026-05-01,MP000303,MTR000303,96,92,0.9554
USR00168,2026-04-30,MP000303,MTR000303,96,94,0.9831
USR00168,2026-04-29,MP000303,MTR000303,96,93,0.9654
USR00168,2026-04-28,MP000303,MTR000303,96,95,0.9892
USR00168,2026-04-27,MP000303,MTR000303,96,89,0.9279
USR00168,2026-04-26,MP000303,MTR000303,96,93,0.9656
USR00168,2026-04-25,MP000303,MTR000303,96,95,0.9923
USR00168,2026-04-24,MP000303,MTR000303,96,95,0.9924
USR00168,2026-04-23,MP000303,MTR000303,96,92,0.9548
USR00169,2026-05-22,MP000420,MTR000420,96,95,0.9923
USR00169,2026-05-21,MP000420,MTR000420,96,91,0.9465
USR00169,2026-05-20,MP000420,MTR000420,96,96,1.0
USR00169,2026-05-19,MP000420,MTR000420,96,95,0.9906
USR00169,2026-05-18,MP000420,MTR000420,96,93,0.9649
USR00169,2026-05-17,MP000420,MTR000420,96,92,0.9542
USR00169,2026-05-16,MP000420,MTR000420,96,93,0.9669
USR00169,2026-05-15,MP000420,MTR000420,96,90,0.939
USR00169,2026-05-14,MP000420,MTR000420,96,96,1.0
USR00169,2026-05-13,MP000420,MTR000420,96,92,0.9618
USR00169,2026-05-12,MP000420,MTR000420,96,96,0.9978
USR00169,2026-05-11,MP000420,MTR000420,96,96,1.0
USR00169,2026-05-10,MP000420,MTR000420,96,96,1.0
USR00169,2026-05-09,MP000420,MTR000420,96,95,0.9934
USR00169,2026-05-08,MP000420,MTR000420,96,96,1.0
USR00169,2026-05-07,MP000420,MTR000420,96,96,1.0
USR00169,2026-05-06,MP000420,MTR000420,96,95,0.9936
USR00169,2026-05-05,MP000420,MTR000420,96,96,0.9954
USR00169,2026-05-04,MP000420,MTR000420,96,93,0.9691
USR00169,2026-05-03,MP000420,MTR000420,96,92,0.9562
USR00169,2026-05-02,MP000420,MTR000420,96,96,1.0
USR00169,2026-05-01,MP000420,MTR000420,96,96,1.0
USR00169,2026-04-30,MP000420,MTR000420,96,96,1.0
USR00169,2026-04-29,MP000420,MTR000420,96,93,0.9681
USR00169,2026-04-28,MP000420,MTR000420,96,96,1.0
USR00169,2026-04-27,MP000420,MTR000420,96,94,0.979
USR00169,2026-04-26,MP000420,MTR000420,96,92,0.9618
USR00169,2026-04-25,MP000420,MTR000420,96,93,0.9686
USR00169,2026-04-24,MP000420,MTR000420,96,96,1.0
USR00169,2026-04-23,MP000420,MTR000420,96,91,0.9525
USR00170,2026-05-22,MP000479,MTR000479,96,96,1.0
USR00170,2026-05-21,MP000479,MTR000479,96,95,0.9931
USR00170,2026-05-20,MP000479,MTR000479,96,91,0.9429
USR00170,2026-05-19,MP000479,MTR000479,96,90,0.9324
USR00170,2026-05-18,MP000479,MTR000479,96,88,0.9147
USR00170,2026-05-17,MP000479,MTR000479,96,93,0.9678
USR00170,2026-05-16,MP000479,MTR000479,96,95,0.9867
USR00170,2026-05-15,MP000479,MTR000479,96,96,1.0
USR00170,2026-05-14,MP000479,MTR000479,96,87,0.9081
USR00170,2026-05-13,MP000479,MTR000479,96,89,0.9251
USR00170,2026-05-12,MP000479,MTR000479,96,92,0.9613
USR00170,2026-05-11,MP000479,MTR000479,96,96,1.0
USR00170,2026-05-10,MP000479,MTR000479,96,95,0.9915
USR00170,2026-05-09,MP000479,MTR000479,96,94,0.9761
USR00170,2026-05-08,MP000479,MTR000479,96,89,0.9281
USR00170,2026-05-07,MP000479,MTR000479,96,87,0.9013
USR00170,2026-05-06,MP000479,MTR000479,96,93,0.9661
USR00170,2026-05-05,MP000479,MTR000479,96,92,0.9619
USR00170,2026-05-04,MP000479,MTR000479,96,92,0.9569
USR00170,2026-05-03,MP000479,MTR000479,96,92,0.9535
USR00170,2026-05-02,MP000479,MTR000479,96,90,0.9424
USR00170,2026-05-01,MP000479,MTR000479,96,90,0.9356
USR00170,2026-04-30,MP000479,MTR000479,96,96,1.0
USR00170,2026-04-29,MP000479,MTR000479,96,90,0.9383
USR00170,2026-04-28,MP000479,MTR000479,96,92,0.9566
USR00170,2026-04-27,MP000479,MTR000479,96,93,0.9637
USR00170,2026-04-26,MP000479,MTR000479,96,95,0.9861
USR00170,2026-04-25,MP000479,MTR000479,96,90,0.9393
USR00170,2026-04-24,MP000479,MTR000479,96,95,0.9942
USR00170,2026-04-23,MP000479,MTR000479,96,91,0.9475
USR00171,2026-05-22,,,96,96,1.0
USR00171,2026-05-21,,,96,91,0.9528
USR00171,2026-05-20,,,96,96,1.0
USR00171,2026-05-19,,,96,96,1.0
USR00171,2026-05-18,,,96,95,0.9912
USR00171,2026-05-17,,,96,94,0.9784
USR00171,2026-05-16,,,96,96,1.0
USR00171,2026-05-15,,,96,94,0.9815
USR00171,2026-05-14,,,96,95,0.988
USR00171,2026-05-13,,,96,93,0.9718
USR00171,2026-05-12,,,96,95,0.9864
USR00171,2026-05-11,,,96,96,1.0
USR00171,2026-05-10,,,96,93,0.9736
USR00171,2026-05-09,,,96,88,0.9186
USR00171,2026-05-08,,,96,96,0.9973
USR00171,2026-05-07,,,96,91,0.9495
USR00171,2026-05-06,,,96,96,1.0
USR00171,2026-05-05,,,96,94,0.9819
USR00171,2026-05-04,,,96,96,1.0
USR00171,2026-05-03,,,96,92,0.9534
USR00171,2026-05-02,,,96,93,0.9658
USR00171,2026-05-01,,,96,93,0.9717
USR00171,2026-04-30,,,96,90,0.9374
USR00171,2026-04-29,,,96,96,1.0
USR00171,2026-04-28,,,96,90,0.9331
USR00171,2026-04-27,,,96,96,1.0
USR00171,2026-04-26,,,96,95,0.9946
USR00171,2026-04-25,,,96,94,0.9759
USR00171,2026-04-24,,,96,95,0.9922
USR00171,2026-04-23,,,96,95,0.9914
USR00172,2026-05-22,MP000414,MTR000414,96,96,1.0
USR00172,2026-05-21,MP000414,MTR000414,96,96,1.0
USR00172,2026-05-20,MP000414,MTR000414,96,93,0.9643
USR00172,2026-05-19,MP000414,MTR000414,96,96,1.0
USR00172,2026-05-18,MP000414,MTR000414,96,88,0.9138
USR00172,2026-05-17,MP000414,MTR000414,96,90,0.9347
USR00172,2026-05-16,MP000414,MTR000414,96,96,1.0
USR00172,2026-05-15,MP000414,MTR000414,96,94,0.9801
USR00172,2026-05-14,MP000414,MTR000414,96,93,0.967
USR00172,2026-05-13,MP000414,MTR000414,96,95,0.991
USR00172,2026-05-12,MP000414,MTR000414,96,94,0.9807
USR00172,2026-05-11,MP000414,MTR000414,96,92,0.963
USR00172,2026-05-10,MP000414,MTR000414,96,91,0.9434
USR00172,2026-05-09,MP000414,MTR000414,96,90,0.9336
USR00172,2026-05-08,MP000414,MTR000414,96,96,1.0
USR00172,2026-05-07,MP000414,MTR000414,96,94,0.9799
USR00172,2026-05-06,MP000414,MTR000414,96,96,1.0
USR00172,2026-05-05,MP000414,MTR000414,96,94,0.9796
USR00172,2026-05-04,MP000414,MTR000414,96,96,1.0
USR00172,2026-05-03,MP000414,MTR000414,96,95,0.9889
USR00172,2026-05-02,MP000414,MTR000414,96,95,0.994
USR00172,2026-05-01,MP000414,MTR000414,96,96,0.9954
USR00172,2026-04-30,MP000414,MTR000414,96,94,0.9792
USR00172,2026-04-29,MP000414,MTR000414,96,92,0.9557
USR00172,2026-04-28,MP000414,MTR000414,96,96,1.0
USR00172,2026-04-27,MP000414,MTR000414,96,96,1.0
USR00172,2026-04-26,MP000414,MTR000414,96,96,1.0
USR00172,2026-04-25,MP000414,MTR000414,96,94,0.976
USR00172,2026-04-24,MP000414,MTR000414,96,93,0.9706
USR00172,2026-04-23,MP000414,MTR000414,96,94,0.976
USR00173,2026-05-22,MP000322,MTR000322,96,93,0.9701
USR00173,2026-05-21,MP000322,MTR000322,96,90,0.9417
USR00173,2026-05-20,MP000322,MTR000322,96,89,0.9273
USR00173,2026-05-19,MP000322,MTR000322,96,93,0.9732
USR00173,2026-05-18,MP000322,MTR000322,96,83,0.8658
USR00173,2026-05-17,MP000322,MTR000322,96,93,0.9687
USR00173,2026-05-16,MP000322,MTR000322,96,91,0.9433
USR00173,2026-05-15,MP000322,MTR000322,96,96,0.9951
USR00173,2026-05-14,MP000322,MTR000322,96,96,1.0
USR00173,2026-05-13,MP000322,MTR000322,96,96,1.0
USR00173,2026-05-12,MP000322,MTR000322,96,92,0.9613
USR00173,2026-05-11,MP000322,MTR000322,96,90,0.9376
USR00173,2026-05-10,MP000322,MTR000322,96,91,0.9472
USR00173,2026-05-09,MP000322,MTR000322,96,94,0.9803
USR00173,2026-05-08,MP000322,MTR000322,96,89,0.9223
USR00173,2026-05-07,MP000322,MTR000322,96,96,1.0
USR00173,2026-05-06,MP000322,MTR000322,96,92,0.9618
USR00173,2026-05-05,MP000322,MTR000322,96,95,0.9867
USR00173,2026-05-04,MP000322,MTR000322,96,88,0.9182
USR00173,2026-05-03,MP000322,MTR000322,96,91,0.9439
USR00173,2026-05-02,MP000322,MTR000322,96,88,0.9145
USR00173,2026-05-01,MP000322,MTR000322,96,96,1.0
USR00173,2026-04-30,MP000322,MTR000322,96,93,0.9669
USR00173,2026-04-29,MP000322,MTR000322,96,95,0.9888
USR00173,2026-04-28,MP000322,MTR000322,96,93,0.9736
USR00173,2026-04-27,MP000322,MTR000322,96,95,0.9857
USR00173,2026-04-26,MP000322,MTR000322,96,92,0.9616
USR00173,2026-04-25,MP000322,MTR000322,96,93,0.9656
USR00173,2026-04-24,MP000322,MTR000322,96,93,0.9689
USR00173,2026-04-23,MP000322,MTR000322,96,94,0.9838
USR00174,2026-05-22,MP000186,MTR000186,96,96,1.0
USR00174,2026-05-21,MP000186,MTR000186,96,95,0.9933
USR00174,2026-05-20,MP000186,MTR000186,96,85,0.8894
USR00174,2026-05-19,MP000186,MTR000186,96,90,0.9385
USR00174,2026-05-18,MP000186,MTR000186,96,89,0.9306
USR00174,2026-05-17,MP000186,MTR000186,96,94,0.9812
USR00174,2026-05-16,MP000186,MTR000186,96,90,0.9333
USR00174,2026-05-15,MP000186,MTR000186,96,92,0.9567
USR00174,2026-05-14,MP000186,MTR000186,96,84,0.8727
USR00174,2026-05-13,MP000186,MTR000186,96,86,0.8974
USR00174,2026-05-12,MP000186,MTR000186,96,96,1.0
USR00174,2026-05-11,MP000186,MTR000186,96,91,0.9443
USR00174,2026-05-10,MP000186,MTR000186,96,88,0.9128
USR00174,2026-05-09,MP000186,MTR000186,96,91,0.9501
USR00174,2026-05-08,MP000186,MTR000186,96,87,0.9112
USR00174,2026-05-07,MP000186,MTR000186,96,90,0.9343
USR00174,2026-05-06,MP000186,MTR000186,96,86,0.8992
USR00174,2026-05-05,MP000186,MTR000186,96,88,0.9191
USR00174,2026-05-04,MP000186,MTR000186,96,89,0.9303
USR00174,2026-05-03,MP000186,MTR000186,96,94,0.9764
USR00174,2026-05-02,MP000186,MTR000186,96,92,0.9567
USR00174,2026-05-01,MP000186,MTR000186,96,92,0.962
USR00174,2026-04-30,MP000186,MTR000186,96,90,0.942
USR00174,2026-04-29,MP000186,MTR000186,96,93,0.9675
USR00174,2026-04-28,MP000186,MTR000186,96,88,0.9166
USR00174,2026-04-27,MP000186,MTR000186,96,88,0.9208
USR00174,2026-04-26,MP000186,MTR000186,96,92,0.955
USR00174,2026-04-25,MP000186,MTR000186,96,90,0.9344
USR00174,2026-04-24,MP000186,MTR000186,96,90,0.9424
USR00174,2026-04-23,MP000186,MTR000186,96,90,0.9379
USR00175,2026-05-22,,,96,95,0.9853
USR00175,2026-05-21,,,96,89,0.9273
USR00175,2026-05-20,,,96,86,0.8933
USR00175,2026-05-19,,,96,89,0.9248
USR00175,2026-05-18,,,96,88,0.9192
USR00175,2026-05-17,,,96,93,0.9711
USR00175,2026-05-16,,,96,93,0.9737
USR00175,2026-05-15,,,96,88,0.9152
USR00175,2026-05-14,,,96,89,0.9235
USR00175,2026-05-13,,,96,87,0.9018
USR00175,2026-05-12,,,96,91,0.9502
USR00175,2026-05-11,,,96,91,0.9448
USR00175,2026-05-10,,,96,93,0.9698
USR00175,2026-05-09,,,96,92,0.961
USR00175,2026-05-08,,,96,93,0.9644
USR00175,2026-05-07,,,96,86,0.8999
USR00175,2026-05-06,,,96,89,0.9273
USR00175,2026-05-05,,,96,94,0.9746
USR00175,2026-05-04,,,96,89,0.93
USR00175,2026-05-03,,,96,86,0.8973
USR00175,2026-05-02,,,96,93,0.9704
USR00175,2026-05-01,,,96,89,0.9288
USR00175,2026-04-30,,,96,94,0.978
USR00175,2026-04-29,,,96,91,0.9456
USR00175,2026-04-28,,,96,90,0.9378
USR00175,2026-04-27,,,96,95,0.987
USR00175,2026-04-26,,,96,87,0.9071
USR00175,2026-04-25,,,96,95,0.9892
USR00175,2026-04-24,,,96,89,0.927
USR00175,2026-04-23,,,96,91,0.951
USR00176,2026-05-22,MP000093,MTR000093,96,88,0.92
USR00176,2026-05-21,MP000093,MTR000093,96,87,0.91
USR00176,2026-05-20,MP000093,MTR000093,96,88,0.9218
USR00176,2026-05-19,MP000093,MTR000093,96,87,0.9024
USR00176,2026-05-18,MP000093,MTR000093,96,95,0.9917
USR00176,2026-05-17,MP000093,MTR000093,96,88,0.9184
USR00176,2026-05-16,MP000093,MTR000093,96,93,0.9676
USR00176,2026-05-15,MP000093,MTR000093,96,93,0.9637
USR00176,2026-05-14,MP000093,MTR000093,96,91,0.9437
USR00176,2026-05-13,MP000093,MTR000093,96,89,0.9288
USR00176,2026-05-12,MP000093,MTR000093,96,90,0.9387
USR00176,2026-05-11,MP000093,MTR000093,96,91,0.95
USR00176,2026-05-10,MP000093,MTR000093,96,90,0.9359
USR00176,2026-05-09,MP000093,MTR000093,96,85,0.8859
USR00176,2026-05-08,MP000093,MTR000093,96,84,0.8783
USR00176,2026-05-07,MP000093,MTR000093,96,94,0.9781
USR00176,2026-05-06,MP000093,MTR000093,96,82,0.8538
USR00176,2026-05-05,MP000093,MTR000093,96,90,0.9387
USR00176,2026-05-04,MP000093,MTR000093,96,89,0.9258
USR00176,2026-05-03,MP000093,MTR000093,96,90,0.9377
USR00176,2026-05-02,MP000093,MTR000093,96,86,0.8987
USR00176,2026-05-01,MP000093,MTR000093,96,91,0.9434
USR00176,2026-04-30,MP000093,MTR000093,96,90,0.939
USR00176,2026-04-29,MP000093,MTR000093,96,96,1.0
USR00176,2026-04-28,MP000093,MTR000093,96,90,0.9368
USR00176,2026-04-27,MP000093,MTR000093,96,93,0.9733
USR00176,2026-04-26,MP000093,MTR000093,96,85,0.8879
USR00176,2026-04-25,MP000093,MTR000093,96,92,0.9635
USR00176,2026-04-24,MP000093,MTR000093,96,90,0.9396
USR00176,2026-04-23,MP000093,MTR000093,96,90,0.941
USR00177,2026-05-22,MP000325,MTR000325,96,95,0.9928
USR00177,2026-05-21,MP000325,MTR000325,96,91,0.9493
USR00177,2026-05-20,MP000325,MTR000325,96,88,0.9181
USR00177,2026-05-19,MP000325,MTR000325,96,89,0.9231
USR00177,2026-05-18,MP000325,MTR000325,96,93,0.9661
USR00177,2026-05-17,MP000325,MTR000325,96,92,0.955
USR00177,2026-05-16,MP000325,MTR000325,96,86,0.8957
USR00177,2026-05-15,MP000325,MTR000325,96,92,0.957
USR00177,2026-05-14,MP000325,MTR000325,96,87,0.9091
USR00177,2026-05-13,MP000325,MTR000325,96,92,0.9548
USR00177,2026-05-12,MP000325,MTR000325,96,88,0.9174
USR00177,2026-05-11,MP000325,MTR000325,96,90,0.9332
USR00177,2026-05-10,MP000325,MTR000325,96,89,0.9253
USR00177,2026-05-09,MP000325,MTR000325,96,95,0.9872
USR00177,2026-05-08,MP000325,MTR000325,96,92,0.9537
USR00177,2026-05-07,MP000325,MTR000325,96,94,0.9794
USR00177,2026-05-06,MP000325,MTR000325,96,96,1.0
USR00177,2026-05-05,MP000325,MTR000325,96,91,0.943
USR00177,2026-05-04,MP000325,MTR000325,96,95,0.9867
USR00177,2026-05-03,MP000325,MTR000325,96,88,0.9206
USR00177,2026-05-02,MP000325,MTR000325,96,94,0.9792
USR00177,2026-05-01,MP000325,MTR000325,96,88,0.9174
USR00177,2026-04-30,MP000325,MTR000325,96,90,0.9411
USR00177,2026-04-29,MP000325,MTR000325,96,92,0.9577
USR00177,2026-04-28,MP000325,MTR000325,96,92,0.9624
USR00177,2026-04-27,MP000325,MTR000325,96,87,0.9034
USR00177,2026-04-26,MP000325,MTR000325,96,88,0.9156
USR00177,2026-04-25,MP000325,MTR000325,96,92,0.9599
USR00177,2026-04-24,MP000325,MTR000325,96,89,0.9306
USR00177,2026-04-23,MP000325,MTR000325,96,86,0.8997
USR00178,2026-05-22,MP000173,MTR000173,96,88,0.9171
USR00178,2026-05-21,MP000173,MTR000173,96,89,0.926
USR00178,2026-05-20,MP000173,MTR000173,96,90,0.9366
USR00178,2026-05-19,MP000173,MTR000173,96,90,0.9347
USR00178,2026-05-18,MP000173,MTR000173,96,86,0.8976
USR00178,2026-05-17,MP000173,MTR000173,96,87,0.9084
USR00178,2026-05-16,MP000173,MTR000173,96,91,0.9485
USR00178,2026-05-15,MP000173,MTR000173,96,87,0.9044
USR00178,2026-05-14,MP000173,MTR000173,96,87,0.9088
USR00178,2026-05-13,MP000173,MTR000173,96,84,0.8756
USR00178,2026-05-12,MP000173,MTR000173,96,88,0.9198
USR00178,2026-05-11,MP000173,MTR000173,96,89,0.931
USR00178,2026-05-10,MP000173,MTR000173,96,83,0.8614
USR00178,2026-05-09,MP000173,MTR000173,96,85,0.8886
USR00178,2026-05-08,MP000173,MTR000173,96,84,0.878
USR00178,2026-05-07,MP000173,MTR000173,96,91,0.9443
USR00178,2026-05-06,MP000173,MTR000173,96,83,0.8633
USR00178,2026-05-05,MP000173,MTR000173,96,88,0.9183
USR00178,2026-05-04,MP000173,MTR000173,96,90,0.9422
USR00178,2026-05-03,MP000173,MTR000173,96,89,0.9263
USR00178,2026-05-02,MP000173,MTR000173,96,87,0.9075
USR00178,2026-05-01,MP000173,MTR000173,96,89,0.9311
USR00178,2026-04-30,MP000173,MTR000173,96,91,0.9518
USR00178,2026-04-29,MP000173,MTR000173,96,88,0.9175
USR00178,2026-04-28,MP000173,MTR000173,96,82,0.8535
USR00178,2026-04-27,MP000173,MTR000173,96,92,0.9551
USR00178,2026-04-26,MP000173,MTR000173,96,90,0.9327
USR00178,2026-04-25,MP000173,MTR000173,96,88,0.9197
USR00178,2026-04-24,MP000173,MTR000173,96,83,0.8613
USR00178,2026-04-23,MP000173,MTR000173,96,88,0.9117
USR00179,2026-05-22,MP000235,MTR000235,96,85,0.8883
USR00179,2026-05-21,MP000235,MTR000235,96,88,0.9206
USR00179,2026-05-20,MP000235,MTR000235,96,87,0.9087
USR00179,2026-05-19,MP000235,MTR000235,96,87,0.9106
USR00179,2026-05-18,MP000235,MTR000235,96,91,0.9469
USR00179,2026-05-17,MP000235,MTR000235,96,90,0.9324
USR00179,2026-05-16,MP000235,MTR000235,96,87,0.9099
USR00179,2026-05-15,MP000235,MTR000235,96,87,0.9061
USR00179,2026-05-14,MP000235,MTR000235,96,87,0.9111
USR00179,2026-05-13,MP000235,MTR000235,96,88,0.9173
USR00179,2026-05-12,MP000235,MTR000235,96,90,0.9423
USR00179,2026-05-11,MP000235,MTR000235,96,86,0.8935
USR00179,2026-05-10,MP000235,MTR000235,96,93,0.9685
USR00179,2026-05-09,MP000235,MTR000235,96,90,0.9423
USR00179,2026-05-08,MP000235,MTR000235,96,81,0.8426
USR00179,2026-05-07,MP000235,MTR000235,96,89,0.9273
USR00179,2026-05-06,MP000235,MTR000235,96,92,0.956
USR00179,2026-05-05,MP000235,MTR000235,96,90,0.9364
USR00179,2026-05-04,MP000235,MTR000235,96,88,0.9124
USR00179,2026-05-03,MP000235,MTR000235,96,89,0.9229
USR00179,2026-05-02,MP000235,MTR000235,96,89,0.9301
USR00179,2026-05-01,MP000235,MTR000235,96,91,0.9478
USR00179,2026-04-30,MP000235,MTR000235,96,85,0.8823
USR00179,2026-04-29,MP000235,MTR000235,96,87,0.9066
USR00179,2026-04-28,MP000235,MTR000235,96,93,0.9739
USR00179,2026-04-27,MP000235,MTR000235,96,89,0.9257
USR00179,2026-04-26,MP000235,MTR000235,96,93,0.9706
USR00179,2026-04-25,MP000235,MTR000235,96,96,1.0
USR00179,2026-04-24,MP000235,MTR000235,96,87,0.91
USR00179,2026-04-23,MP000235,MTR000235,96,85,0.8888
USR00180,2026-05-22,,,96,94,0.9771
USR00180,2026-05-21,,,96,94,0.9813
USR00180,2026-05-20,,,96,96,1.0
USR00180,2026-05-19,,,96,91,0.943
USR00180,2026-05-18,,,96,92,0.9587
USR00180,2026-05-17,,,96,89,0.9228
USR00180,2026-05-16,,,96,83,0.8689
USR00180,2026-05-15,,,96,91,0.9429
USR00180,2026-05-14,,,96,87,0.9095
USR00180,2026-05-13,,,96,92,0.9634
USR00180,2026-05-12,,,96,85,0.8877
USR00180,2026-05-11,,,96,89,0.9219
USR00180,2026-05-10,,,96,91,0.9521
USR00180,2026-05-09,,,96,92,0.9553
USR00180,2026-05-08,,,96,90,0.9427
USR00180,2026-05-07,,,96,96,1.0
USR00180,2026-05-06,,,96,95,0.9912
USR00180,2026-05-05,,,96,89,0.9236
USR00180,2026-05-04,,,96,95,0.9924
USR00180,2026-05-03,,,96,96,0.997
USR00180,2026-05-02,,,96,90,0.9404
USR00180,2026-05-01,,,96,91,0.9455
USR00180,2026-04-30,,,96,90,0.9426
USR00180,2026-04-29,,,96,89,0.9248
USR00180,2026-04-28,,,96,89,0.9277
USR00180,2026-04-27,,,96,94,0.9837
USR00180,2026-04-26,,,96,92,0.9572
USR00180,2026-04-25,,,96,89,0.9275
USR00180,2026-04-24,,,96,88,0.9163
USR00180,2026-04-23,,,96,88,0.9214
USR00181,2026-05-22,MP000454,MTR000454,96,92,0.9588
USR00181,2026-05-21,MP000454,MTR000454,96,87,0.9056
USR00181,2026-05-20,MP000454,MTR000454,96,92,0.9585
USR00181,2026-05-19,MP000454,MTR000454,96,90,0.9373
USR00181,2026-05-18,MP000454,MTR000454,96,90,0.9357
USR00181,2026-05-17,MP000454,MTR000454,96,92,0.9622
USR00181,2026-05-16,MP000454,MTR000454,96,92,0.9567
USR00181,2026-05-15,MP000454,MTR000454,96,85,0.8893
USR00181,2026-05-14,MP000454,MTR000454,96,86,0.8989
USR00181,2026-05-13,MP000454,MTR000454,96,89,0.9245
USR00181,2026-05-12,MP000454,MTR000454,96,90,0.9421
USR00181,2026-05-11,MP000454,MTR000454,96,93,0.9724
USR00181,2026-05-10,MP000454,MTR000454,96,90,0.9334
USR00181,2026-05-09,MP000454,MTR000454,96,94,0.9825
USR00181,2026-05-08,MP000454,MTR000454,96,87,0.9102
USR00181,2026-05-07,MP000454,MTR000454,96,88,0.9153
USR00181,2026-05-06,MP000454,MTR000454,96,89,0.9223
USR00181,2026-05-05,MP000454,MTR000454,96,87,0.9069
USR00181,2026-05-04,MP000454,MTR000454,96,93,0.9662
USR00181,2026-05-03,MP000454,MTR000454,96,81,0.8483
USR00181,2026-05-02,MP000454,MTR000454,96,88,0.9163
USR00181,2026-05-01,MP000454,MTR000454,96,93,0.9659
USR00181,2026-04-30,MP000454,MTR000454,96,89,0.9221
USR00181,2026-04-29,MP000454,MTR000454,96,93,0.9636
USR00181,2026-04-28,MP000454,MTR000454,96,96,0.9974
USR00181,2026-04-27,MP000454,MTR000454,96,90,0.9338
USR00181,2026-04-26,MP000454,MTR000454,96,93,0.9665
USR00181,2026-04-25,MP000454,MTR000454,96,96,1.0
USR00181,2026-04-24,MP000454,MTR000454,96,91,0.9435
USR00181,2026-04-23,MP000454,MTR000454,96,89,0.93
USR00182,2026-05-22,MP000450,MTR000450,96,96,1.0
USR00182,2026-05-21,MP000450,MTR000450,96,95,0.9852
USR00182,2026-05-20,MP000450,MTR000450,96,93,0.9718
USR00182,2026-05-19,MP000450,MTR000450,96,96,1.0
USR00182,2026-05-18,MP000450,MTR000450,96,94,0.9782
USR00182,2026-05-17,MP000450,MTR000450,96,96,1.0
USR00182,2026-05-16,MP000450,MTR000450,96,95,0.9942
USR00182,2026-05-15,MP000450,MTR000450,96,96,1.0
USR00182,2026-05-14,MP000450,MTR000450,96,92,0.9608
USR00182,2026-05-13,MP000450,MTR000450,96,92,0.9608
USR00182,2026-05-12,MP000450,MTR000450,96,96,1.0
USR00182,2026-05-11,MP000450,MTR000450,96,91,0.9524
USR00182,2026-05-10,MP000450,MTR000450,96,95,0.9898
USR00182,2026-05-09,MP000450,MTR000450,96,96,1.0
USR00182,2026-05-08,MP000450,MTR000450,96,90,0.9328
USR00182,2026-05-07,MP000450,MTR000450,96,96,0.9984
USR00182,2026-05-06,MP000450,MTR000450,96,96,1.0
USR00182,2026-05-05,MP000450,MTR000450,96,95,0.9855
USR00182,2026-05-04,MP000450,MTR000450,96,92,0.9585
USR00182,2026-05-03,MP000450,MTR000450,96,94,0.9784
USR00182,2026-05-02,MP000450,MTR000450,96,92,0.9612
USR00182,2026-05-01,MP000450,MTR000450,96,95,0.9884
USR00182,2026-04-30,MP000450,MTR000450,96,94,0.978
USR00182,2026-04-29,MP000450,MTR000450,96,93,0.9709
USR00182,2026-04-28,MP000450,MTR000450,96,96,1.0
USR00182,2026-04-27,MP000450,MTR000450,96,96,1.0
USR00182,2026-04-26,MP000450,MTR000450,96,96,0.9962
USR00182,2026-04-25,MP000450,MTR000450,96,96,1.0
USR00182,2026-04-24,MP000450,MTR000450,96,96,1.0
USR00182,2026-04-23,MP000450,MTR000450,96,93,0.9687
USR00183,2026-05-22,MP000050,MTR000050,96,94,0.9786
USR00183,2026-05-21,MP000050,MTR000050,96,91,0.9469
USR00183,2026-05-20,MP000050,MTR000050,96,96,1.0
USR00183,2026-05-19,MP000050,MTR000050,96,92,0.9598
USR00183,2026-05-18,MP000050,MTR000050,96,96,1.0
USR00183,2026-05-17,MP000050,MTR000050,96,91,0.9447
USR00183,2026-05-16,MP000050,MTR000050,96,96,0.9965
USR00183,2026-05-15,MP000050,MTR000050,96,91,0.9442
USR00183,2026-05-14,MP000050,MTR000050,96,96,1.0
USR00183,2026-05-13,MP000050,MTR000050,96,94,0.9795
USR00183,2026-05-12,MP000050,MTR000050,96,94,0.9766
USR00183,2026-05-11,MP000050,MTR000050,96,96,1.0
USR00183,2026-05-10,MP000050,MTR000050,96,94,0.9817
USR00183,2026-05-09,MP000050,MTR000050,96,95,0.9947
USR00183,2026-05-08,MP000050,MTR000050,96,95,0.9854
USR00183,2026-05-07,MP000050,MTR000050,96,96,1.0
USR00183,2026-05-06,MP000050,MTR000050,96,96,1.0
USR00183,2026-05-05,MP000050,MTR000050,96,96,1.0
USR00183,2026-05-04,MP000050,MTR000050,96,94,0.9773
USR00183,2026-05-03,MP000050,MTR000050,96,96,1.0
USR00183,2026-05-02,MP000050,MTR000050,96,93,0.9638
USR00183,2026-05-01,MP000050,MTR000050,96,93,0.9691
USR00183,2026-04-30,MP000050,MTR000050,96,95,0.9875
USR00183,2026-04-29,MP000050,MTR000050,96,96,1.0
USR00183,2026-04-28,MP000050,MTR000050,96,92,0.9562
USR00183,2026-04-27,MP000050,MTR000050,96,96,1.0
USR00183,2026-04-26,MP000050,MTR000050,96,95,0.9897
USR00183,2026-04-25,MP000050,MTR000050,96,94,0.9783
USR00183,2026-04-24,MP000050,MTR000050,96,96,1.0
USR00183,2026-04-23,MP000050,MTR000050,96,93,0.9673
USR00184,2026-05-22,MP000189,MTR000189,96,94,0.9842
USR00184,2026-05-21,MP000189,MTR000189,96,95,0.994
USR00184,2026-05-20,MP000189,MTR000189,96,96,1.0
USR00184,2026-05-19,MP000189,MTR000189,96,95,0.9948
USR00184,2026-05-18,MP000189,MTR000189,96,96,1.0
USR00184,2026-05-17,MP000189,MTR000189,96,89,0.9309
USR00184,2026-05-16,MP000189,MTR000189,96,94,0.9762
USR00184,2026-05-15,MP000189,MTR000189,96,96,1.0
USR00184,2026-05-14,MP000189,MTR000189,96,96,1.0
USR00184,2026-05-13,MP000189,MTR000189,96,96,1.0
USR00184,2026-05-12,MP000189,MTR000189,96,96,1.0
USR00184,2026-05-11,MP000189,MTR000189,96,96,1.0
USR00184,2026-05-10,MP000189,MTR000189,96,96,1.0
USR00184,2026-05-09,MP000189,MTR000189,96,89,0.9252
USR00184,2026-05-08,MP000189,MTR000189,96,96,1.0
USR00184,2026-05-07,MP000189,MTR000189,96,93,0.9644
USR00184,2026-05-06,MP000189,MTR000189,96,96,0.9989
USR00184,2026-05-05,MP000189,MTR000189,96,96,0.9949
USR00184,2026-05-04,MP000189,MTR000189,96,95,0.9909
USR00184,2026-05-03,MP000189,MTR000189,96,92,0.9563
USR00184,2026-05-02,MP000189,MTR000189,96,89,0.9313
USR00184,2026-05-01,MP000189,MTR000189,96,92,0.9594
USR00184,2026-04-30,MP000189,MTR000189,96,96,1.0
USR00184,2026-04-29,MP000189,MTR000189,96,91,0.9461
USR00184,2026-04-28,MP000189,MTR000189,96,92,0.9631
USR00184,2026-04-27,MP000189,MTR000189,96,96,1.0
USR00184,2026-04-26,MP000189,MTR000189,96,92,0.9587
USR00184,2026-04-25,MP000189,MTR000189,96,93,0.9732
USR00184,2026-04-24,MP000189,MTR000189,96,95,0.9919
USR00184,2026-04-23,MP000189,MTR000189,96,96,0.998
USR00185,2026-05-22,MP000256,MTR000256,96,93,0.9725
USR00185,2026-05-21,MP000256,MTR000256,96,94,0.9803
USR00185,2026-05-20,MP000256,MTR000256,96,89,0.9301
USR00185,2026-05-19,MP000256,MTR000256,96,94,0.9748
USR00185,2026-05-18,MP000256,MTR000256,96,91,0.9468
USR00185,2026-05-17,MP000256,MTR000256,96,93,0.972
USR00185,2026-05-16,MP000256,MTR000256,96,95,0.99
USR00185,2026-05-15,MP000256,MTR000256,96,92,0.963
USR00185,2026-05-14,MP000256,MTR000256,96,96,0.9957
USR00185,2026-05-13,MP000256,MTR000256,96,95,0.992
USR00185,2026-05-12,MP000256,MTR000256,96,96,0.9955
USR00185,2026-05-11,MP000256,MTR000256,96,94,0.9804
USR00185,2026-05-10,MP000256,MTR000256,96,96,1.0
USR00185,2026-05-09,MP000256,MTR000256,96,94,0.9799
USR00185,2026-05-08,MP000256,MTR000256,96,88,0.9183
USR00185,2026-05-07,MP000256,MTR000256,96,91,0.9446
USR00185,2026-05-06,MP000256,MTR000256,96,92,0.962
USR00185,2026-05-05,MP000256,MTR000256,96,93,0.9657
USR00185,2026-05-04,MP000256,MTR000256,96,94,0.979
USR00185,2026-05-03,MP000256,MTR000256,96,91,0.9441
USR00185,2026-05-02,MP000256,MTR000256,96,96,1.0
USR00185,2026-05-01,MP000256,MTR000256,96,93,0.9652
USR00185,2026-04-30,MP000256,MTR000256,96,93,0.9681
USR00185,2026-04-29,MP000256,MTR000256,96,91,0.9482
USR00185,2026-04-28,MP000256,MTR000256,96,90,0.9382
USR00185,2026-04-27,MP000256,MTR000256,96,93,0.9645
USR00185,2026-04-26,MP000256,MTR000256,96,93,0.9691
USR00185,2026-04-25,MP000256,MTR000256,96,93,0.9657
USR00185,2026-04-24,MP000256,MTR000256,96,96,1.0
USR00185,2026-04-23,MP000256,MTR000256,96,93,0.9645
USR00186,2026-05-22,MP000030,MTR000030,96,72,0.7496
USR00186,2026-05-21,MP000030,MTR000030,96,69,0.72
USR00186,2026-05-20,MP000030,MTR000030,96,71,0.7414
USR00186,2026-05-19,MP000030,MTR000030,96,66,0.6868
USR00186,2026-05-18,MP000030,MTR000030,96,66,0.687
USR00186,2026-05-17,MP000030,MTR000030,96,70,0.7288
USR00186,2026-05-16,MP000030,MTR000030,96,69,0.7182
USR00186,2026-05-15,MP000030,MTR000030,96,67,0.7009
USR00186,2026-05-14,MP000030,MTR000030,96,70,0.7288
USR00186,2026-05-13,MP000030,MTR000030,96,70,0.7315
USR00186,2026-05-12,MP000030,MTR000030,96,68,0.7039
USR00186,2026-05-11,MP000030,MTR000030,96,68,0.7096
USR00186,2026-05-10,MP000030,MTR000030,96,70,0.7317
USR00186,2026-05-09,MP000030,MTR000030,96,67,0.6945
USR00186,2026-05-08,MP000030,MTR000030,96,68,0.7071
USR00186,2026-05-07,MP000030,MTR000030,96,71,0.7412
USR00186,2026-05-06,MP000030,MTR000030,96,70,0.7245
USR00186,2026-05-05,MP000030,MTR000030,96,68,0.7109
USR00186,2026-05-04,MP000030,MTR000030,96,67,0.6981
USR00186,2026-05-03,MP000030,MTR000030,96,67,0.6948
USR00186,2026-05-02,MP000030,MTR000030,96,69,0.7212
USR00186,2026-05-01,MP000030,MTR000030,96,75,0.786
USR00186,2026-04-30,MP000030,MTR000030,96,71,0.7422
USR00186,2026-04-29,MP000030,MTR000030,96,66,0.6852
USR00186,2026-04-28,MP000030,MTR000030,96,72,0.7464
USR00186,2026-04-27,MP000030,MTR000030,96,67,0.7024
USR00186,2026-04-26,MP000030,MTR000030,96,70,0.725
USR00186,2026-04-25,MP000030,MTR000030,96,68,0.7075
USR00186,2026-04-24,MP000030,MTR000030,96,75,0.7859
USR00186,2026-04-23,MP000030,MTR000030,96,66,0.6912
USR00187,2026-05-22,,,96,92,0.9625
USR00187,2026-05-21,,,96,96,1.0
USR00187,2026-05-20,,,96,95,0.9919
USR00187,2026-05-19,,,96,96,1.0
USR00187,2026-05-18,,,96,96,1.0
USR00187,2026-05-17,,,96,92,0.9623
USR00187,2026-05-16,,,96,96,1.0
USR00187,2026-05-15,,,96,96,0.9998
USR00187,2026-05-14,,,96,93,0.9666
USR00187,2026-05-13,,,96,95,0.9893
USR00187,2026-05-12,,,96,96,1.0
USR00187,2026-05-11,,,96,96,1.0
USR00187,2026-05-10,,,96,96,0.998
USR00187,2026-05-09,,,96,96,1.0
USR00187,2026-05-08,,,96,96,1.0
USR00187,2026-05-07,,,96,92,0.9577
USR00187,2026-05-06,,,96,96,1.0
USR00187,2026-05-05,,,96,96,1.0
USR00187,2026-05-04,,,96,96,1.0
USR00187,2026-05-03,,,96,94,0.9843
USR00187,2026-05-02,,,96,95,0.9848
USR00187,2026-05-01,,,96,93,0.9734
USR00187,2026-04-30,,,96,94,0.9773
USR00187,2026-04-29,,,96,88,0.9175
USR00187,2026-04-28,,,96,96,1.0
USR00187,2026-04-27,,,96,96,1.0
USR00187,2026-04-26,,,96,90,0.9328
USR00187,2026-04-25,,,96,96,1.0
USR00187,2026-04-24,,,96,94,0.9829
USR00187,2026-04-23,,,96,94,0.9771
USR00188,2026-05-22,MP000044,MTR000044,96,86,0.8933
USR00188,2026-05-21,MP000044,MTR000044,96,91,0.9452
USR00188,2026-05-20,MP000044,MTR000044,96,91,0.948
USR00188,2026-05-19,MP000044,MTR000044,96,91,0.948
USR00188,2026-05-18,MP000044,MTR000044,96,87,0.9046
USR00188,2026-05-17,MP000044,MTR000044,96,92,0.959
USR00188,2026-05-16,MP000044,MTR000044,96,94,0.9774
USR00188,2026-05-15,MP000044,MTR000044,96,92,0.9578
USR00188,2026-05-14,MP000044,MTR000044,96,90,0.9387
USR00188,2026-05-13,MP000044,MTR000044,96,96,1.0
USR00188,2026-05-12,MP000044,MTR000044,96,88,0.9178
USR00188,2026-05-11,MP000044,MTR000044,96,93,0.9688
USR00188,2026-05-10,MP000044,MTR000044,96,91,0.9529
USR00188,2026-05-09,MP000044,MTR000044,96,96,1.0
USR00188,2026-05-08,MP000044,MTR000044,96,92,0.9572
USR00188,2026-05-07,MP000044,MTR000044,96,93,0.9636
USR00188,2026-05-06,MP000044,MTR000044,96,92,0.9608
USR00188,2026-05-05,MP000044,MTR000044,96,88,0.9138
USR00188,2026-05-04,MP000044,MTR000044,96,88,0.9195
USR00188,2026-05-03,MP000044,MTR000044,96,90,0.9373
USR00188,2026-05-02,MP000044,MTR000044,96,94,0.9743
USR00188,2026-05-01,MP000044,MTR000044,96,91,0.9526
USR00188,2026-04-30,MP000044,MTR000044,96,90,0.9394
USR00188,2026-04-29,MP000044,MTR000044,96,95,0.9867
USR00188,2026-04-28,MP000044,MTR000044,96,85,0.8861
USR00188,2026-04-27,MP000044,MTR000044,96,87,0.9067
USR00188,2026-04-26,MP000044,MTR000044,96,84,0.8707
USR00188,2026-04-25,MP000044,MTR000044,96,94,0.9818
USR00188,2026-04-24,MP000044,MTR000044,96,90,0.9427
USR00188,2026-04-23,MP000044,MTR000044,96,94,0.9746
USR00189,2026-05-22,MP000223,MTR000223,96,91,0.952
USR00189,2026-05-21,MP000223,MTR000223,96,88,0.9175
USR00189,2026-05-20,MP000223,MTR000223,96,90,0.9336
USR00189,2026-05-19,MP000223,MTR000223,96,89,0.9292
USR00189,2026-05-18,MP000223,MTR000223,96,89,0.9314
USR00189,2026-05-17,MP000223,MTR000223,96,93,0.9719
USR00189,2026-05-16,MP000223,MTR000223,96,84,0.8726
USR00189,2026-05-15,MP000223,MTR000223,96,88,0.9193
USR00189,2026-05-14,MP000223,MTR000223,96,89,0.9272
USR00189,2026-05-13,MP000223,MTR000223,96,89,0.9228
USR00189,2026-05-12,MP000223,MTR000223,96,87,0.9094
USR00189,2026-05-11,MP000223,MTR000223,96,87,0.9053
USR00189,2026-05-10,MP000223,MTR000223,96,93,0.9672
USR00189,2026-05-09,MP000223,MTR000223,96,88,0.9192
USR00189,2026-05-08,MP000223,MTR000223,96,95,0.9944
USR00189,2026-05-07,MP000223,MTR000223,96,90,0.9372
USR00189,2026-05-06,MP000223,MTR000223,96,88,0.9126
USR00189,2026-05-05,MP000223,MTR000223,96,90,0.9379
USR00189,2026-05-04,MP000223,MTR000223,96,89,0.9246
USR00189,2026-05-03,MP000223,MTR000223,96,92,0.9616
USR00189,2026-05-02,MP000223,MTR000223,96,85,0.8863
USR00189,2026-05-01,MP000223,MTR000223,96,83,0.8673
USR00189,2026-04-30,MP000223,MTR000223,96,89,0.9321
USR00189,2026-04-29,MP000223,MTR000223,96,91,0.9464
USR00189,2026-04-28,MP000223,MTR000223,96,89,0.9299
USR00189,2026-04-27,MP000223,MTR000223,96,90,0.9415
USR00189,2026-04-26,MP000223,MTR000223,96,90,0.9371
USR00189,2026-04-25,MP000223,MTR000223,96,84,0.8769
USR00189,2026-04-24,MP000223,MTR000223,96,89,0.9297
USR00189,2026-04-23,MP000223,MTR000223,96,92,0.9608
USR00190,2026-05-22,MP000254,MTR000254,96,89,0.9239
USR00190,2026-05-21,MP000254,MTR000254,96,92,0.9532
USR00190,2026-05-20,MP000254,MTR000254,96,94,0.9799
USR00190,2026-05-19,MP000254,MTR000254,96,96,1.0
USR00190,2026-05-18,MP000254,MTR000254,96,87,0.9046
USR00190,2026-05-17,MP000254,MTR000254,96,94,0.9741
USR00190,2026-05-16,MP000254,MTR000254,96,90,0.9353
USR00190,2026-05-15,MP000254,MTR000254,96,94,0.9785
USR00190,2026-05-14,MP000254,MTR000254,96,94,0.9809
USR00190,2026-05-13,MP000254,MTR000254,96,92,0.9562
USR00190,2026-05-12,MP000254,MTR000254,96,94,0.9822
USR00190,2026-05-11,MP000254,MTR000254,96,96,0.9974
USR00190,2026-05-10,MP000254,MTR000254,96,92,0.9583
USR00190,2026-05-09,MP000254,MTR000254,96,89,0.9231
USR00190,2026-05-08,MP000254,MTR000254,96,96,1.0
USR00190,2026-05-07,MP000254,MTR000254,96,95,0.9881
USR00190,2026-05-06,MP000254,MTR000254,96,94,0.9802
USR00190,2026-05-05,MP000254,MTR000254,96,90,0.9425
USR00190,2026-05-04,MP000254,MTR000254,96,95,0.9928
USR00190,2026-05-03,MP000254,MTR000254,96,96,1.0
USR00190,2026-05-02,MP000254,MTR000254,96,92,0.9596
USR00190,2026-05-01,MP000254,MTR000254,96,93,0.9661
USR00190,2026-04-30,MP000254,MTR000254,96,89,0.9313
USR00190,2026-04-29,MP000254,MTR000254,96,90,0.9417
USR00190,2026-04-28,MP000254,MTR000254,96,89,0.931
USR00190,2026-04-27,MP000254,MTR000254,96,93,0.9672
USR00190,2026-04-26,MP000254,MTR000254,96,91,0.953
USR00190,2026-04-25,MP000254,MTR000254,96,94,0.9744
USR00190,2026-04-24,MP000254,MTR000254,96,90,0.9365
USR00190,2026-04-23,MP000254,MTR000254,96,92,0.9582
USR00191,2026-05-22,,,96,90,0.9418
USR00191,2026-05-21,,,96,85,0.8872
USR00191,2026-05-20,,,96,90,0.9407
USR00191,2026-05-19,,,96,89,0.9278
USR00191,2026-05-18,,,96,90,0.9416
USR00191,2026-05-17,,,96,85,0.8866
USR00191,2026-05-16,,,96,92,0.9558
USR00191,2026-05-15,,,96,89,0.9272
USR00191,2026-05-14,,,96,90,0.9426
USR00191,2026-05-13,,,96,84,0.88
USR00191,2026-05-12,,,96,86,0.8988
USR00191,2026-05-11,,,96,89,0.9244
USR00191,2026-05-10,,,96,94,0.9774
USR00191,2026-05-09,,,96,91,0.9519
USR00191,2026-05-08,,,96,90,0.94
USR00191,2026-05-07,,,96,87,0.9084
USR00191,2026-05-06,,,96,87,0.9029
USR00191,2026-05-05,,,96,91,0.9444
USR00191,2026-05-04,,,96,92,0.9571
USR00191,2026-05-03,,,96,90,0.9424
USR00191,2026-05-02,,,96,95,0.9874
USR00191,2026-05-01,,,96,88,0.9157
USR00191,2026-04-30,,,96,90,0.9415
USR00191,2026-04-29,,,96,85,0.8853
USR00191,2026-04-28,,,96,90,0.9425
USR00191,2026-04-27,,,96,94,0.9802
USR00191,2026-04-26,,,96,87,0.9049
USR00191,2026-04-25,,,96,92,0.9614
USR00191,2026-04-24,,,96,94,0.9794
USR00191,2026-04-23,,,96,88,0.9154
USR00192,2026-05-22,MP000389,MTR000389,96,93,0.9692
USR00192,2026-05-21,MP000389,MTR000389,96,89,0.9287
USR00192,2026-05-20,MP000389,MTR000389,96,91,0.9454
USR00192,2026-05-19,MP000389,MTR000389,96,83,0.8686
USR00192,2026-05-18,MP000389,MTR000389,96,90,0.9397
USR00192,2026-05-17,MP000389,MTR000389,96,90,0.9373
USR00192,2026-05-16,MP000389,MTR000389,96,85,0.882
USR00192,2026-05-15,MP000389,MTR000389,96,86,0.8929
USR00192,2026-05-14,MP000389,MTR000389,96,90,0.94
USR00192,2026-05-13,MP000389,MTR000389,96,88,0.9128
USR00192,2026-05-12,MP000389,MTR000389,96,92,0.9552
USR00192,2026-05-11,MP000389,MTR000389,96,89,0.9312
USR00192,2026-05-10,MP000389,MTR000389,96,89,0.9235
USR00192,2026-05-09,MP000389,MTR000389,96,88,0.9167
USR00192,2026-05-08,MP000389,MTR000389,96,89,0.9306
USR00192,2026-05-07,MP000389,MTR000389,96,91,0.9459
USR00192,2026-05-06,MP000389,MTR000389,96,90,0.9378
USR00192,2026-05-05,MP000389,MTR000389,96,87,0.9091
USR00192,2026-05-04,MP000389,MTR000389,96,92,0.959
USR00192,2026-05-03,MP000389,MTR000389,96,90,0.9416
USR00192,2026-05-02,MP000389,MTR000389,96,90,0.9334
USR00192,2026-05-01,MP000389,MTR000389,96,89,0.9246
USR00192,2026-04-30,MP000389,MTR000389,96,90,0.9368
USR00192,2026-04-29,MP000389,MTR000389,96,83,0.8669
USR00192,2026-04-28,MP000389,MTR000389,96,89,0.9291
USR00192,2026-04-27,MP000389,MTR000389,96,93,0.971
USR00192,2026-04-26,MP000389,MTR000389,96,89,0.9284
USR00192,2026-04-25,MP000389,MTR000389,96,89,0.9243
USR00192,2026-04-24,MP000389,MTR000389,96,87,0.904
USR00192,2026-04-23,MP000389,MTR000389,96,90,0.9366
USR00193,2026-05-22,MP000041,MTR000041,96,96,1.0
USR00193,2026-05-21,MP000041,MTR000041,96,90,0.9351
USR00193,2026-05-20,MP000041,MTR000041,96,91,0.9475
USR00193,2026-05-19,MP000041,MTR000041,96,91,0.943
USR00193,2026-05-18,MP000041,MTR000041,96,96,1.0
USR00193,2026-05-17,MP000041,MTR000041,96,92,0.9554
USR00193,2026-05-16,MP000041,MTR000041,96,91,0.9446
USR00193,2026-05-15,MP000041,MTR000041,96,86,0.8983
USR00193,2026-05-14,MP000041,MTR000041,96,90,0.9337
USR00193,2026-05-13,MP000041,MTR000041,96,94,0.9769
USR00193,2026-05-12,MP000041,MTR000041,96,94,0.9768
USR00193,2026-05-11,MP000041,MTR000041,96,90,0.9415
USR00193,2026-05-10,MP000041,MTR000041,96,91,0.9432
USR00193,2026-05-09,MP000041,MTR000041,96,96,1.0
USR00193,2026-05-08,MP000041,MTR000041,96,96,1.0
USR00193,2026-05-07,MP000041,MTR000041,96,96,0.9955
USR00193,2026-05-06,MP000041,MTR000041,96,96,1.0
USR00193,2026-05-05,MP000041,MTR000041,96,96,1.0
USR00193,2026-05-04,MP000041,MTR000041,96,96,1.0
USR00193,2026-05-03,MP000041,MTR000041,96,91,0.952
USR00193,2026-05-02,MP000041,MTR000041,96,90,0.9347
USR00193,2026-05-01,MP000041,MTR000041,96,96,1.0
USR00193,2026-04-30,MP000041,MTR000041,96,89,0.9321
USR00193,2026-04-29,MP000041,MTR000041,96,89,0.9302
USR00193,2026-04-28,MP000041,MTR000041,96,89,0.9309
USR00193,2026-04-27,MP000041,MTR000041,96,92,0.9571
USR00193,2026-04-26,MP000041,MTR000041,96,87,0.9015
USR00193,2026-04-25,MP000041,MTR000041,96,88,0.9181
USR00193,2026-04-24,MP000041,MTR000041,96,90,0.9424
USR00193,2026-04-23,MP000041,MTR000041,96,89,0.9252
USR00194,2026-05-22,MP000591,MTR000591,96,95,0.9899
USR00194,2026-05-21,MP000591,MTR000591,96,96,1.0
USR00194,2026-05-20,MP000591,MTR000591,96,96,1.0
USR00194,2026-05-19,MP000591,MTR000591,96,94,0.9835
USR00194,2026-05-18,MP000591,MTR000591,96,96,1.0
USR00194,2026-05-17,MP000591,MTR000591,96,96,1.0
USR00194,2026-05-16,MP000591,MTR000591,96,94,0.9801
USR00194,2026-05-15,MP000591,MTR000591,96,90,0.9392
USR00194,2026-05-14,MP000591,MTR000591,96,96,1.0
USR00194,2026-05-13,MP000591,MTR000591,96,91,0.9519
USR00194,2026-05-12,MP000591,MTR000591,96,96,1.0
USR00194,2026-05-11,MP000591,MTR000591,96,95,0.9921
USR00194,2026-05-10,MP000591,MTR000591,96,91,0.9489
USR00194,2026-05-09,MP000591,MTR000591,96,96,0.9974
USR00194,2026-05-08,MP000591,MTR000591,96,96,0.9954
USR00194,2026-05-07,MP000591,MTR000591,96,96,0.9955
USR00194,2026-05-06,MP000591,MTR000591,96,95,0.9941
USR00194,2026-05-05,MP000591,MTR000591,96,93,0.9701
USR00194,2026-05-04,MP000591,MTR000591,96,96,1.0
USR00194,2026-05-03,MP000591,MTR000591,96,93,0.9691
USR00194,2026-05-02,MP000591,MTR000591,96,92,0.9575
USR00194,2026-05-01,MP000591,MTR000591,96,96,1.0
USR00194,2026-04-30,MP000591,MTR000591,96,96,1.0
USR00194,2026-04-29,MP000591,MTR000591,96,96,1.0
USR00194,2026-04-28,MP000591,MTR000591,96,94,0.9835
USR00194,2026-04-27,MP000591,MTR000591,96,89,0.9315
USR00194,2026-04-26,MP000591,MTR000591,96,96,1.0
USR00194,2026-04-25,MP000591,MTR000591,96,89,0.931
USR00194,2026-04-24,MP000591,MTR000591,96,96,1.0
USR00194,2026-04-23,MP000591,MTR000591,96,96,1.0
USR00195,2026-05-22,MP000037,MTR000037,96,91,0.9527
USR00195,2026-05-21,MP000037,MTR000037,96,92,0.9554
USR00195,2026-05-20,MP000037,MTR000037,96,91,0.9499
USR00195,2026-05-19,MP000037,MTR000037,96,96,1.0
USR00195,2026-05-18,MP000037,MTR000037,96,88,0.9187
USR00195,2026-05-17,MP000037,MTR000037,96,88,0.9149
USR00195,2026-05-16,MP000037,MTR000037,96,90,0.9342
USR00195,2026-05-15,MP000037,MTR000037,96,96,0.9962
USR00195,2026-05-14,MP000037,MTR000037,96,89,0.9267
USR00195,2026-05-13,MP000037,MTR000037,96,92,0.9569
USR00195,2026-05-12,MP000037,MTR000037,96,94,0.9761
USR00195,2026-05-11,MP000037,MTR000037,96,93,0.9674
USR00195,2026-05-10,MP000037,MTR000037,96,94,0.9745
USR00195,2026-05-09,MP000037,MTR000037,96,95,0.9865
USR00195,2026-05-08,MP000037,MTR000037,96,92,0.9532
USR00195,2026-05-07,MP000037,MTR000037,96,89,0.9303
USR00195,2026-05-06,MP000037,MTR000037,96,91,0.9484
USR00195,2026-05-05,MP000037,MTR000037,96,90,0.9338
USR00195,2026-05-04,MP000037,MTR000037,96,96,1.0
USR00195,2026-05-03,MP000037,MTR000037,96,89,0.928
USR00195,2026-05-02,MP000037,MTR000037,96,92,0.9585
USR00195,2026-05-01,MP000037,MTR000037,96,86,0.899
USR00195,2026-04-30,MP000037,MTR000037,96,91,0.948
USR00195,2026-04-29,MP000037,MTR000037,96,90,0.9354
USR00195,2026-04-28,MP000037,MTR000037,96,93,0.9643
USR00195,2026-04-27,MP000037,MTR000037,96,93,0.965
USR00195,2026-04-26,MP000037,MTR000037,96,95,0.9865
USR00195,2026-04-25,MP000037,MTR000037,96,94,0.9841
USR00195,2026-04-24,MP000037,MTR000037,96,90,0.942
USR00195,2026-04-23,MP000037,MTR000037,96,88,0.9157
USR00196,2026-05-22,,,96,95,0.9861
USR00196,2026-05-21,,,96,94,0.9818
USR00196,2026-05-20,,,96,95,0.9848
USR00196,2026-05-19,,,96,92,0.961
USR00196,2026-05-18,,,96,96,1.0
USR00196,2026-05-17,,,96,90,0.9329
USR00196,2026-05-16,,,96,92,0.9593
USR00196,2026-05-15,,,96,91,0.9447
USR00196,2026-05-14,,,96,93,0.9708
USR00196,2026-05-13,,,96,96,1.0
USR00196,2026-05-12,,,96,93,0.9684
USR00196,2026-05-11,,,96,94,0.9801
USR00196,2026-05-10,,,96,96,0.997
USR00196,2026-05-09,,,96,93,0.967
USR00196,2026-05-08,,,96,95,0.9885
USR00196,2026-05-07,,,96,95,0.9846
USR00196,2026-05-06,,,96,91,0.9431
USR00196,2026-05-05,,,96,92,0.9631
USR00196,2026-05-04,,,96,95,0.9877
USR00196,2026-05-03,,,96,96,1.0
USR00196,2026-05-02,,,96,96,1.0
USR00196,2026-05-01,,,96,96,1.0
USR00196,2026-04-30,,,96,95,0.9916
USR00196,2026-04-29,,,96,93,0.9646
USR00196,2026-04-28,,,96,94,0.9751
USR00196,2026-04-27,,,96,93,0.9736
USR00196,2026-04-26,,,96,93,0.9648
USR00196,2026-04-25,,,96,95,0.9885
USR00196,2026-04-24,,,96,95,0.9899
USR00196,2026-04-23,,,96,90,0.9418
USR00197,2026-05-22,MP000010,MTR000010,96,86,0.8999
USR00197,2026-05-21,MP000010,MTR000010,96,91,0.9484
USR00197,2026-05-20,MP000010,MTR000010,96,95,0.9895
USR00197,2026-05-19,MP000010,MTR000010,96,93,0.9733
USR00197,2026-05-18,MP000010,MTR000010,96,91,0.9443
USR00197,2026-05-17,MP000010,MTR000010,96,96,1.0
USR00197,2026-05-16,MP000010,MTR000010,96,90,0.9418
USR00197,2026-05-15,MP000010,MTR000010,96,86,0.895
USR00197,2026-05-14,MP000010,MTR000010,96,93,0.9686
USR00197,2026-05-13,MP000010,MTR000010,96,87,0.9017
USR00197,2026-05-12,MP000010,MTR000010,96,89,0.9301
USR00197,2026-05-11,MP000010,MTR000010,96,93,0.9737
USR00197,2026-05-10,MP000010,MTR000010,96,90,0.9412
USR00197,2026-05-09,MP000010,MTR000010,96,93,0.9725
USR00197,2026-05-08,MP000010,MTR000010,96,88,0.9203
USR00197,2026-05-07,MP000010,MTR000010,96,94,0.9808
USR00197,2026-05-06,MP000010,MTR000010,96,87,0.9043
USR00197,2026-05-05,MP000010,MTR000010,96,95,0.9946
USR00197,2026-05-04,MP000010,MTR000010,96,90,0.9408
USR00197,2026-05-03,MP000010,MTR000010,96,96,1.0
USR00197,2026-05-02,MP000010,MTR000010,96,89,0.9298
USR00197,2026-05-01,MP000010,MTR000010,96,96,1.0
USR00197,2026-04-30,MP000010,MTR000010,96,89,0.9263
USR00197,2026-04-29,MP000010,MTR000010,96,87,0.9012
USR00197,2026-04-28,MP000010,MTR000010,96,92,0.9563
USR00197,2026-04-27,MP000010,MTR000010,96,95,0.9921
USR00197,2026-04-26,MP000010,MTR000010,96,94,0.9788
USR00197,2026-04-25,MP000010,MTR000010,96,95,0.9899
USR00197,2026-04-24,MP000010,MTR000010,96,94,0.9794
USR00197,2026-04-23,MP000010,MTR000010,96,89,0.9304
USR00198,2026-05-22,,,96,92,0.9596
USR00198,2026-05-21,,,96,90,0.9356
USR00198,2026-05-20,,,96,92,0.9622
USR00198,2026-05-19,,,96,92,0.9552
USR00198,2026-05-18,,,96,96,0.9993
USR00198,2026-05-17,,,96,90,0.9414
USR00198,2026-05-16,,,96,90,0.94
USR00198,2026-05-15,,,96,90,0.9359
USR00198,2026-05-14,,,96,96,1.0
USR00198,2026-05-13,,,96,90,0.9376
USR00198,2026-05-12,,,96,96,0.9958
USR00198,2026-05-11,,,96,89,0.9259
USR00198,2026-05-10,,,96,93,0.9721
USR00198,2026-05-09,,,96,93,0.9647
USR00198,2026-05-08,,,96,95,0.9939
USR00198,2026-05-07,,,96,95,0.9895
USR00198,2026-05-06,,,96,92,0.9593
USR00198,2026-05-05,,,96,90,0.9407
USR00198,2026-05-04,,,96,96,1.0
USR00198,2026-05-03,,,96,90,0.9377
USR00198,2026-05-02,,,96,85,0.8888
USR00198,2026-05-01,,,96,87,0.9011
USR00198,2026-04-30,,,96,87,0.9084
USR00198,2026-04-29,,,96,94,0.9747
USR00198,2026-04-28,,,96,96,1.0
USR00198,2026-04-27,,,96,86,0.8957
USR00198,2026-04-26,,,96,90,0.9334
USR00198,2026-04-25,,,96,92,0.9595
USR00198,2026-04-24,,,96,96,1.0
USR00198,2026-04-23,,,96,90,0.9332
USR00199,2026-05-22,,,96,92,0.9558
USR00199,2026-05-21,,,96,96,1.0
USR00199,2026-05-20,,,96,93,0.9676
USR00199,2026-05-19,,,96,93,0.9739
USR00199,2026-05-18,,,96,93,0.9658
USR00199,2026-05-17,,,96,91,0.9508
USR00199,2026-05-16,,,96,95,0.9918
USR00199,2026-05-15,,,96,89,0.9285
USR00199,2026-05-14,,,96,87,0.9032
USR00199,2026-05-13,,,96,92,0.9587
USR00199,2026-05-12,,,96,95,0.9877
USR00199,2026-05-11,,,96,91,0.9458
USR00199,2026-05-10,,,96,93,0.9689
USR00199,2026-05-09,,,96,89,0.9266
USR00199,2026-05-08,,,96,96,0.9951
USR00199,2026-05-07,,,96,94,0.9828
USR00199,2026-05-06,,,96,93,0.9638
USR00199,2026-05-05,,,96,93,0.9683
USR00199,2026-05-04,,,96,88,0.9214
USR00199,2026-05-03,,,96,89,0.9228
USR00199,2026-05-02,,,96,92,0.9596
USR00199,2026-05-01,,,96,94,0.9787
USR00199,2026-04-30,,,96,94,0.9802
USR00199,2026-04-29,,,96,91,0.9524
USR00199,2026-04-28,,,96,95,0.9856
USR00199,2026-04-27,,,96,96,1.0
USR00199,2026-04-26,,,96,92,0.9606
USR00199,2026-04-25,,,96,93,0.9725
USR00199,2026-04-24,,,96,92,0.957
USR00199,2026-04-23,,,96,92,0.9595
USR00200,2026-05-22,MP000282,MTR000282,96,96,1.0
USR00200,2026-05-21,MP000282,MTR000282,96,96,0.9987
USR00200,2026-05-20,MP000282,MTR000282,96,96,0.996
USR00200,2026-05-19,MP000282,MTR000282,96,92,0.9576
USR00200,2026-05-18,MP000282,MTR000282,96,91,0.9443
USR00200,2026-05-17,MP000282,MTR000282,96,94,0.9829
USR00200,2026-05-16,MP000282,MTR000282,96,96,1.0
USR00200,2026-05-15,MP000282,MTR000282,96,96,1.0
USR00200,2026-05-14,MP000282,MTR000282,96,86,0.8976
USR00200,2026-05-13,MP000282,MTR000282,96,96,1.0
USR00200,2026-05-12,MP000282,MTR000282,96,94,0.9837
USR00200,2026-05-11,MP000282,MTR000282,96,96,0.9985
USR00200,2026-05-10,MP000282,MTR000282,96,88,0.919
USR00200,2026-05-09,MP000282,MTR000282,96,93,0.9641
USR00200,2026-05-08,MP000282,MTR000282,96,96,0.9959
USR00200,2026-05-07,MP000282,MTR000282,96,90,0.936
USR00200,2026-05-06,MP000282,MTR000282,96,85,0.8846
USR00200,2026-05-05,MP000282,MTR000282,96,94,0.9813
USR00200,2026-05-04,MP000282,MTR000282,96,93,0.9697
USR00200,2026-05-03,MP000282,MTR000282,96,96,1.0
USR00200,2026-05-02,MP000282,MTR000282,96,93,0.9664
USR00200,2026-05-01,MP000282,MTR000282,96,93,0.9686
USR00200,2026-04-30,MP000282,MTR000282,96,95,0.9921
USR00200,2026-04-29,MP000282,MTR000282,96,96,1.0
USR00200,2026-04-28,MP000282,MTR000282,96,91,0.95
USR00200,2026-04-27,MP000282,MTR000282,96,96,0.9996
USR00200,2026-04-26,MP000282,MTR000282,96,92,0.9556
USR00200,2026-04-25,MP000282,MTR000282,96,93,0.9717
USR00200,2026-04-24,MP000282,MTR000282,96,95,0.9913
USR00200,2026-04-23,MP000282,MTR000282,96,96,0.9966
USR00201,2026-05-22,MP000002,MTR000002,96,86,0.8994
USR00201,2026-05-21,MP000002,MTR000002,96,84,0.8757
USR00201,2026-05-20,MP000002,MTR000002,96,89,0.9262
USR00201,2026-05-19,MP000002,MTR000002,96,92,0.961
USR00201,2026-05-18,MP000002,MTR000002,96,91,0.9453
USR00201,2026-05-17,MP000002,MTR000002,96,90,0.9391
USR00201,2026-05-16,MP000002,MTR000002,96,89,0.9316
USR00201,2026-05-15,MP000002,MTR000002,96,90,0.9411
USR00201,2026-05-14,MP000002,MTR000002,96,87,0.902
USR00201,2026-05-13,MP000002,MTR000002,96,92,0.9552
USR00201,2026-05-12,MP000002,MTR000002,96,92,0.9572
USR00201,2026-05-11,MP000002,MTR000002,96,88,0.9212
USR00201,2026-05-10,MP000002,MTR000002,96,91,0.9449
USR00201,2026-05-09,MP000002,MTR000002,96,85,0.8803
USR00201,2026-05-08,MP000002,MTR000002,96,90,0.9372
USR00201,2026-05-07,MP000002,MTR000002,96,89,0.9278
USR00201,2026-05-06,MP000002,MTR000002,96,93,0.9696
USR00201,2026-05-05,MP000002,MTR000002,96,89,0.9259
USR00201,2026-05-04,MP000002,MTR000002,96,92,0.9579
USR00201,2026-05-03,MP000002,MTR000002,96,88,0.9201
USR00201,2026-05-02,MP000002,MTR000002,96,83,0.8632
USR00201,2026-05-01,MP000002,MTR000002,96,89,0.9251
USR00201,2026-04-30,MP000002,MTR000002,96,90,0.9377
USR00201,2026-04-29,MP000002,MTR000002,96,90,0.9364
USR00201,2026-04-28,MP000002,MTR000002,96,90,0.9368
USR00201,2026-04-27,MP000002,MTR000002,96,88,0.9166
USR00201,2026-04-26,MP000002,MTR000002,96,89,0.9221
USR00201,2026-04-25,MP000002,MTR000002,96,86,0.898
USR00201,2026-04-24,MP000002,MTR000002,96,84,0.8719
USR00201,2026-04-23,MP000002,MTR000002,96,89,0.9286
USR00202,2026-05-22,MP000113,MTR000113,96,94,0.9768
USR00202,2026-05-21,MP000113,MTR000113,96,84,0.8789
USR00202,2026-05-20,MP000113,MTR000113,96,91,0.9531
USR00202,2026-05-19,MP000113,MTR000113,96,96,1.0
USR00202,2026-05-18,MP000113,MTR000113,96,90,0.9389
USR00202,2026-05-17,MP000113,MTR000113,96,91,0.9443
USR00202,2026-05-16,MP000113,MTR000113,96,92,0.9571
USR00202,2026-05-15,MP000113,MTR000113,96,92,0.9595
USR00202,2026-05-14,MP000113,MTR000113,96,89,0.9321
USR00202,2026-05-13,MP000113,MTR000113,96,88,0.9141
USR00202,2026-05-12,MP000113,MTR000113,96,93,0.9639
USR00202,2026-05-11,MP000113,MTR000113,96,85,0.8871
USR00202,2026-05-10,MP000113,MTR000113,96,93,0.9693
USR00202,2026-05-09,MP000113,MTR000113,96,90,0.9326
USR00202,2026-05-08,MP000113,MTR000113,96,91,0.9445
USR00202,2026-05-07,MP000113,MTR000113,96,89,0.9286
USR00202,2026-05-06,MP000113,MTR000113,96,95,0.9873
USR00202,2026-05-05,MP000113,MTR000113,96,91,0.9518
USR00202,2026-05-04,MP000113,MTR000113,96,90,0.9347
USR00202,2026-05-03,MP000113,MTR000113,96,90,0.9339
USR00202,2026-05-02,MP000113,MTR000113,96,90,0.9399
USR00202,2026-05-01,MP000113,MTR000113,96,96,1.0
USR00202,2026-04-30,MP000113,MTR000113,96,87,0.9048
USR00202,2026-04-29,MP000113,MTR000113,96,94,0.9768
USR00202,2026-04-28,MP000113,MTR000113,96,92,0.9614
USR00202,2026-04-27,MP000113,MTR000113,96,95,0.9906
USR00202,2026-04-26,MP000113,MTR000113,96,92,0.9632
USR00202,2026-04-25,MP000113,MTR000113,96,91,0.9445
USR00202,2026-04-24,MP000113,MTR000113,96,94,0.975
USR00202,2026-04-23,MP000113,MTR000113,96,91,0.9513
USR00203,2026-05-22,MP000116,MTR000116,96,94,0.9761
USR00203,2026-05-21,MP000116,MTR000116,96,90,0.936
USR00203,2026-05-20,MP000116,MTR000116,96,88,0.9205
USR00203,2026-05-19,MP000116,MTR000116,96,88,0.9139
USR00203,2026-05-18,MP000116,MTR000116,96,91,0.9467
USR00203,2026-05-17,MP000116,MTR000116,96,87,0.9069
USR00203,2026-05-16,MP000116,MTR000116,96,89,0.9227
USR00203,2026-05-15,MP000116,MTR000116,96,87,0.9042
USR00203,2026-05-14,MP000116,MTR000116,96,91,0.9485
USR00203,2026-05-13,MP000116,MTR000116,96,87,0.9107
USR00203,2026-05-12,MP000116,MTR000116,96,86,0.8946
USR00203,2026-05-11,MP000116,MTR000116,96,86,0.8999
USR00203,2026-05-10,MP000116,MTR000116,96,88,0.9161
USR00203,2026-05-09,MP000116,MTR000116,96,88,0.9188
USR00203,2026-05-08,MP000116,MTR000116,96,90,0.9408
USR00203,2026-05-07,MP000116,MTR000116,96,89,0.9284
USR00203,2026-05-06,MP000116,MTR000116,96,91,0.9443
USR00203,2026-05-05,MP000116,MTR000116,96,91,0.9467
USR00203,2026-05-04,MP000116,MTR000116,96,92,0.9554
USR00203,2026-05-03,MP000116,MTR000116,96,84,0.876
USR00203,2026-05-02,MP000116,MTR000116,96,86,0.8994
USR00203,2026-05-01,MP000116,MTR000116,96,91,0.9499
USR00203,2026-04-30,MP000116,MTR000116,96,90,0.9396
USR00203,2026-04-29,MP000116,MTR000116,96,92,0.9625
USR00203,2026-04-28,MP000116,MTR000116,96,85,0.8869
USR00203,2026-04-27,MP000116,MTR000116,96,88,0.919
USR00203,2026-04-26,MP000116,MTR000116,96,89,0.9243
USR00203,2026-04-25,MP000116,MTR000116,96,90,0.9382
USR00203,2026-04-24,MP000116,MTR000116,96,90,0.9343
USR00203,2026-04-23,MP000116,MTR000116,96,91,0.9473
USR00204,2026-05-22,MP000451,MTR000451,96,92,0.9622
USR00204,2026-05-21,MP000451,MTR000451,96,93,0.9718
USR00204,2026-05-20,MP000451,MTR000451,96,85,0.8875
USR00204,2026-05-19,MP000451,MTR000451,96,89,0.9224
USR00204,2026-05-18,MP000451,MTR000451,96,91,0.945
USR00204,2026-05-17,MP000451,MTR000451,96,90,0.9386
USR00204,2026-05-16,MP000451,MTR000451,96,87,0.9088
USR00204,2026-05-15,MP000451,MTR000451,96,89,0.9287
USR00204,2026-05-14,MP000451,MTR000451,96,84,0.8735
USR00204,2026-05-13,MP000451,MTR000451,96,88,0.9205
USR00204,2026-05-12,MP000451,MTR000451,96,84,0.8772
USR00204,2026-05-11,MP000451,MTR000451,96,90,0.9363
USR00204,2026-05-10,MP000451,MTR000451,96,85,0.8876
USR00204,2026-05-09,MP000451,MTR000451,96,89,0.9259
USR00204,2026-05-08,MP000451,MTR000451,96,89,0.9306
USR00204,2026-05-07,MP000451,MTR000451,96,89,0.9233
USR00204,2026-05-06,MP000451,MTR000451,96,87,0.9021
USR00204,2026-05-05,MP000451,MTR000451,96,88,0.9147
USR00204,2026-05-04,MP000451,MTR000451,96,92,0.9565
USR00204,2026-05-03,MP000451,MTR000451,96,87,0.9083
USR00204,2026-05-02,MP000451,MTR000451,96,88,0.9217
USR00204,2026-05-01,MP000451,MTR000451,96,87,0.9043
USR00204,2026-04-30,MP000451,MTR000451,96,91,0.9517
USR00204,2026-04-29,MP000451,MTR000451,96,89,0.9234
USR00204,2026-04-28,MP000451,MTR000451,96,86,0.8981
USR00204,2026-04-27,MP000451,MTR000451,96,88,0.9213
USR00204,2026-04-26,MP000451,MTR000451,96,88,0.9138
USR00204,2026-04-25,MP000451,MTR000451,96,92,0.9628
USR00204,2026-04-24,MP000451,MTR000451,96,88,0.9197
USR00204,2026-04-23,MP000451,MTR000451,96,84,0.8796
USR00205,2026-05-22,MP000120,MTR000120,96,95,0.9865
USR00205,2026-05-21,MP000120,MTR000120,96,93,0.9688
USR00205,2026-05-20,MP000120,MTR000120,96,86,0.8998
USR00205,2026-05-19,MP000120,MTR000120,96,89,0.9248
USR00205,2026-05-18,MP000120,MTR000120,96,89,0.932
USR00205,2026-05-17,MP000120,MTR000120,96,90,0.9323
USR00205,2026-05-16,MP000120,MTR000120,96,91,0.9443
USR00205,2026-05-15,MP000120,MTR000120,96,89,0.9226
USR00205,2026-05-14,MP000120,MTR000120,96,87,0.9054
USR00205,2026-05-13,MP000120,MTR000120,96,92,0.9614
USR00205,2026-05-12,MP000120,MTR000120,96,86,0.8992
USR00205,2026-05-11,MP000120,MTR000120,96,87,0.9088
USR00205,2026-05-10,MP000120,MTR000120,96,86,0.899
USR00205,2026-05-09,MP000120,MTR000120,96,91,0.9512
USR00205,2026-05-08,MP000120,MTR000120,96,90,0.9361
USR00205,2026-05-07,MP000120,MTR000120,96,92,0.9594
USR00205,2026-05-06,MP000120,MTR000120,96,87,0.9093
USR00205,2026-05-05,MP000120,MTR000120,96,86,0.8953
USR00205,2026-05-04,MP000120,MTR000120,96,88,0.9196
USR00205,2026-05-03,MP000120,MTR000120,96,89,0.9274
USR00205,2026-05-02,MP000120,MTR000120,96,90,0.9392
USR00205,2026-05-01,MP000120,MTR000120,96,85,0.8824
USR00205,2026-04-30,MP000120,MTR000120,96,91,0.9472
USR00205,2026-04-29,MP000120,MTR000120,96,87,0.9061
USR00205,2026-04-28,MP000120,MTR000120,96,88,0.9135
USR00205,2026-04-27,MP000120,MTR000120,96,93,0.9681
USR00205,2026-04-26,MP000120,MTR000120,96,83,0.8674
USR00205,2026-04-25,MP000120,MTR000120,96,90,0.9426
USR00205,2026-04-24,MP000120,MTR000120,96,90,0.9424
USR00205,2026-04-23,MP000120,MTR000120,96,87,0.9083
USR00206,2026-05-22,MP000318,MTR000318,96,96,1.0
USR00206,2026-05-21,MP000318,MTR000318,96,96,1.0
USR00206,2026-05-20,MP000318,MTR000318,96,96,1.0
USR00206,2026-05-19,MP000318,MTR000318,96,96,1.0
USR00206,2026-05-18,MP000318,MTR000318,96,91,0.9512
USR00206,2026-05-17,MP000318,MTR000318,96,89,0.9246
USR00206,2026-05-16,MP000318,MTR000318,96,93,0.9704
USR00206,2026-05-15,MP000318,MTR000318,96,96,0.9961
USR00206,2026-05-14,MP000318,MTR000318,96,88,0.9163
USR00206,2026-05-13,MP000318,MTR000318,96,91,0.9442
USR00206,2026-05-12,MP000318,MTR000318,96,91,0.9475
USR00206,2026-05-11,MP000318,MTR000318,96,94,0.9827
USR00206,2026-05-10,MP000318,MTR000318,96,94,0.9788
USR00206,2026-05-09,MP000318,MTR000318,96,91,0.9487
USR00206,2026-05-08,MP000318,MTR000318,96,94,0.9774
USR00206,2026-05-07,MP000318,MTR000318,96,90,0.9376
USR00206,2026-05-06,MP000318,MTR000318,96,92,0.9592
USR00206,2026-05-05,MP000318,MTR000318,96,90,0.934
USR00206,2026-05-04,MP000318,MTR000318,96,93,0.9675
USR00206,2026-05-03,MP000318,MTR000318,96,91,0.948
USR00206,2026-05-02,MP000318,MTR000318,96,95,0.9927
USR00206,2026-05-01,MP000318,MTR000318,96,93,0.9712
USR00206,2026-04-30,MP000318,MTR000318,96,93,0.9652
USR00206,2026-04-29,MP000318,MTR000318,96,96,1.0
USR00206,2026-04-28,MP000318,MTR000318,96,94,0.9835
USR00206,2026-04-27,MP000318,MTR000318,96,92,0.9609
USR00206,2026-04-26,MP000318,MTR000318,96,92,0.9545
USR00206,2026-04-25,MP000318,MTR000318,96,90,0.9365
USR00206,2026-04-24,MP000318,MTR000318,96,93,0.97
USR00206,2026-04-23,MP000318,MTR000318,96,94,0.9812
USR00207,2026-05-22,MP000204,MTR000204,96,88,0.9154
USR00207,2026-05-21,MP000204,MTR000204,96,90,0.9408
USR00207,2026-05-20,MP000204,MTR000204,96,89,0.9234
USR00207,2026-05-19,MP000204,MTR000204,96,92,0.9576
USR00207,2026-05-18,MP000204,MTR000204,96,92,0.9618
USR00207,2026-05-17,MP000204,MTR000204,96,91,0.9527
USR00207,2026-05-16,MP000204,MTR000204,96,93,0.9728
USR00207,2026-05-15,MP000204,MTR000204,96,90,0.9388
USR00207,2026-05-14,MP000204,MTR000204,96,92,0.9549
USR00207,2026-05-13,MP000204,MTR000204,96,89,0.9262
USR00207,2026-05-12,MP000204,MTR000204,96,93,0.9649
USR00207,2026-05-11,MP000204,MTR000204,96,92,0.9586
USR00207,2026-05-10,MP000204,MTR000204,96,88,0.9204
USR00207,2026-05-09,MP000204,MTR000204,96,91,0.9517
USR00207,2026-05-08,MP000204,MTR000204,96,92,0.9552
USR00207,2026-05-07,MP000204,MTR000204,96,93,0.9648
USR00207,2026-05-06,MP000204,MTR000204,96,93,0.9659
USR00207,2026-05-05,MP000204,MTR000204,96,90,0.9347
USR00207,2026-05-04,MP000204,MTR000204,96,94,0.9792
USR00207,2026-05-03,MP000204,MTR000204,96,93,0.972
USR00207,2026-05-02,MP000204,MTR000204,96,90,0.9346
USR00207,2026-05-01,MP000204,MTR000204,96,89,0.922
USR00207,2026-04-30,MP000204,MTR000204,96,90,0.9369
USR00207,2026-04-29,MP000204,MTR000204,96,88,0.9122
USR00207,2026-04-28,MP000204,MTR000204,96,92,0.9626
USR00207,2026-04-27,MP000204,MTR000204,96,95,0.9918
USR00207,2026-04-26,MP000204,MTR000204,96,96,0.999
USR00207,2026-04-25,MP000204,MTR000204,96,89,0.9236
USR00207,2026-04-24,MP000204,MTR000204,96,94,0.9799
USR00207,2026-04-23,MP000204,MTR000204,96,92,0.9589
USR00208,2026-05-22,MP000171,MTR000171,96,91,0.9494
USR00208,2026-05-21,MP000171,MTR000171,96,91,0.9461
USR00208,2026-05-20,MP000171,MTR000171,96,96,0.9957
USR00208,2026-05-19,MP000171,MTR000171,96,90,0.9333
USR00208,2026-05-18,MP000171,MTR000171,96,94,0.9763
USR00208,2026-05-17,MP000171,MTR000171,96,92,0.9562
USR00208,2026-05-16,MP000171,MTR000171,96,88,0.916
USR00208,2026-05-15,MP000171,MTR000171,96,91,0.9428
USR00208,2026-05-14,MP000171,MTR000171,96,96,1.0
USR00208,2026-05-13,MP000171,MTR000171,96,92,0.9542
USR00208,2026-05-12,MP000171,MTR000171,96,95,0.9866
USR00208,2026-05-11,MP000171,MTR000171,96,95,0.9849
USR00208,2026-05-10,MP000171,MTR000171,96,91,0.946
USR00208,2026-05-09,MP000171,MTR000171,96,88,0.9209
USR00208,2026-05-08,MP000171,MTR000171,96,89,0.9248
USR00208,2026-05-07,MP000171,MTR000171,96,96,1.0
USR00208,2026-05-06,MP000171,MTR000171,96,93,0.964
USR00208,2026-05-05,MP000171,MTR000171,96,87,0.9074
USR00208,2026-05-04,MP000171,MTR000171,96,95,0.9844
USR00208,2026-05-03,MP000171,MTR000171,96,87,0.9058
USR00208,2026-05-02,MP000171,MTR000171,96,90,0.9346
USR00208,2026-05-01,MP000171,MTR000171,96,92,0.9618
USR00208,2026-04-30,MP000171,MTR000171,96,96,1.0
USR00208,2026-04-29,MP000171,MTR000171,96,94,0.9839
USR00208,2026-04-28,MP000171,MTR000171,96,91,0.9449
USR00208,2026-04-27,MP000171,MTR000171,96,92,0.9602
USR00208,2026-04-26,MP000171,MTR000171,96,95,0.987
USR00208,2026-04-25,MP000171,MTR000171,96,96,1.0
USR00208,2026-04-24,MP000171,MTR000171,96,91,0.952
USR00208,2026-04-23,MP000171,MTR000171,96,91,0.9528
USR00209,2026-05-22,MP000406,MTR000406,96,93,0.9647
USR00209,2026-05-21,MP000406,MTR000406,96,94,0.9756
USR00209,2026-05-20,MP000406,MTR000406,96,85,0.8866
USR00209,2026-05-19,MP000406,MTR000406,96,90,0.9329
USR00209,2026-05-18,MP000406,MTR000406,96,87,0.9084
USR00209,2026-05-17,MP000406,MTR000406,96,91,0.9493
USR00209,2026-05-16,MP000406,MTR000406,96,87,0.9077
USR00209,2026-05-15,MP000406,MTR000406,96,87,0.9052
USR00209,2026-05-14,MP000406,MTR000406,96,94,0.9785
USR00209,2026-05-13,MP000406,MTR000406,96,90,0.9398
USR00209,2026-05-12,MP000406,MTR000406,96,91,0.943
USR00209,2026-05-11,MP000406,MTR000406,96,92,0.9577
USR00209,2026-05-10,MP000406,MTR000406,96,93,0.9739
USR00209,2026-05-09,MP000406,MTR000406,96,89,0.9322
USR00209,2026-05-08,MP000406,MTR000406,96,90,0.9329
USR00209,2026-05-07,MP000406,MTR000406,96,90,0.933
USR00209,2026-05-06,MP000406,MTR000406,96,94,0.9772
USR00209,2026-05-05,MP000406,MTR000406,96,91,0.9427
USR00209,2026-05-04,MP000406,MTR000406,96,90,0.9361
USR00209,2026-05-03,MP000406,MTR000406,96,92,0.9565
USR00209,2026-05-02,MP000406,MTR000406,96,96,0.9997
USR00209,2026-05-01,MP000406,MTR000406,96,91,0.947
USR00209,2026-04-30,MP000406,MTR000406,96,90,0.9367
USR00209,2026-04-29,MP000406,MTR000406,96,96,1.0
USR00209,2026-04-28,MP000406,MTR000406,96,95,0.9847
USR00209,2026-04-27,MP000406,MTR000406,96,94,0.9803
USR00209,2026-04-26,MP000406,MTR000406,96,89,0.9298
USR00209,2026-04-25,MP000406,MTR000406,96,89,0.9268
USR00209,2026-04-24,MP000406,MTR000406,96,85,0.8898
USR00209,2026-04-23,MP000406,MTR000406,96,93,0.9737
USR00210,2026-05-22,MP000194,MTR000194,96,83,0.8668
USR00210,2026-05-21,MP000194,MTR000194,96,92,0.9569
USR00210,2026-05-20,MP000194,MTR000194,96,87,0.9107
USR00210,2026-05-19,MP000194,MTR000194,96,88,0.9144
USR00210,2026-05-18,MP000194,MTR000194,96,84,0.8754
USR00210,2026-05-17,MP000194,MTR000194,96,90,0.9356
USR00210,2026-05-16,MP000194,MTR000194,96,90,0.9359
USR00210,2026-05-15,MP000194,MTR000194,96,88,0.9194
USR00210,2026-05-14,MP000194,MTR000194,96,87,0.9083
USR00210,2026-05-13,MP000194,MTR000194,96,96,0.9996
USR00210,2026-05-12,MP000194,MTR000194,96,85,0.8847
USR00210,2026-05-11,MP000194,MTR000194,96,86,0.8992
USR00210,2026-05-10,MP000194,MTR000194,96,90,0.9421
USR00210,2026-05-09,MP000194,MTR000194,96,85,0.8904
USR00210,2026-05-08,MP000194,MTR000194,96,85,0.8882
USR00210,2026-05-07,MP000194,MTR000194,96,92,0.9548
USR00210,2026-05-06,MP000194,MTR000194,96,90,0.939
USR00210,2026-05-05,MP000194,MTR000194,96,90,0.9353
USR00210,2026-05-04,MP000194,MTR000194,96,89,0.9263
USR00210,2026-05-03,MP000194,MTR000194,96,86,0.9
USR00210,2026-05-02,MP000194,MTR000194,96,88,0.9132
USR00210,2026-05-01,MP000194,MTR000194,96,88,0.9184
USR00210,2026-04-30,MP000194,MTR000194,96,91,0.9462
USR00210,2026-04-29,MP000194,MTR000194,96,90,0.9336
USR00210,2026-04-28,MP000194,MTR000194,96,86,0.893
USR00210,2026-04-27,MP000194,MTR000194,96,91,0.9445
USR00210,2026-04-26,MP000194,MTR000194,96,84,0.8705
USR00210,2026-04-25,MP000194,MTR000194,96,87,0.9112
USR00210,2026-04-24,MP000194,MTR000194,96,85,0.8865
USR00210,2026-04-23,MP000194,MTR000194,96,86,0.8951
USR00211,2026-05-22,,,96,86,0.8932
USR00211,2026-05-21,,,96,88,0.9127
USR00211,2026-05-20,,,96,91,0.9526
USR00211,2026-05-19,,,96,89,0.9232
USR00211,2026-05-18,,,96,90,0.942
USR00211,2026-05-17,,,96,94,0.9802
USR00211,2026-05-16,,,96,92,0.957
USR00211,2026-05-15,,,96,89,0.9233
USR00211,2026-05-14,,,96,90,0.9333
USR00211,2026-05-13,,,96,92,0.9532
USR00211,2026-05-12,,,96,92,0.9564
USR00211,2026-05-11,,,96,90,0.9379
USR00211,2026-05-10,,,96,91,0.9481
USR00211,2026-05-09,,,96,91,0.9482
USR00211,2026-05-08,,,96,90,0.9345
USR00211,2026-05-07,,,96,88,0.9192
USR00211,2026-05-06,,,96,92,0.9596
USR00211,2026-05-05,,,96,91,0.9461
USR00211,2026-05-04,,,96,84,0.8749
USR00211,2026-05-03,,,96,88,0.9125
USR00211,2026-05-02,,,96,89,0.9229
USR00211,2026-05-01,,,96,89,0.9313
USR00211,2026-04-30,,,96,93,0.9734
USR00211,2026-04-29,,,96,96,1.0
USR00211,2026-04-28,,,96,83,0.8636
USR00211,2026-04-27,,,96,91,0.9464
USR00211,2026-04-26,,,96,90,0.9394
USR00211,2026-04-25,,,96,89,0.9319
USR00211,2026-04-24,,,96,92,0.9536
USR00211,2026-04-23,,,96,90,0.9418
USR00212,2026-05-22,,,96,95,0.9887
USR00212,2026-05-21,,,96,96,1.0
USR00212,2026-05-20,,,96,96,1.0
USR00212,2026-05-19,,,96,95,0.9935
USR00212,2026-05-18,,,96,93,0.9703
USR00212,2026-05-17,,,96,96,1.0
USR00212,2026-05-16,,,96,96,0.9986
USR00212,2026-05-15,,,96,96,1.0
USR00212,2026-05-14,,,96,93,0.9726
USR00212,2026-05-13,,,96,95,0.9935
USR00212,2026-05-12,,,96,95,0.9932
USR00212,2026-05-11,,,96,89,0.9304
USR00212,2026-05-10,,,96,93,0.9663
USR00212,2026-05-09,,,96,93,0.9657
USR00212,2026-05-08,,,96,93,0.9698
USR00212,2026-05-07,,,96,92,0.9557
USR00212,2026-05-06,,,96,95,0.9891
USR00212,2026-05-05,,,96,96,1.0
USR00212,2026-05-04,,,96,95,0.9917
USR00212,2026-05-03,,,96,91,0.9524
USR00212,2026-05-02,,,96,92,0.9569
USR00212,2026-05-01,,,96,94,0.9765
USR00212,2026-04-30,,,96,91,0.9453
USR00212,2026-04-29,,,96,96,0.9969
USR00212,2026-04-28,,,96,96,1.0
USR00212,2026-04-27,,,96,93,0.9705
USR00212,2026-04-26,,,96,95,0.9901
USR00212,2026-04-25,,,96,94,0.9749
USR00212,2026-04-24,,,96,93,0.9689
USR00212,2026-04-23,,,96,95,0.9935
USR00213,2026-05-22,MP000172,MTR000172,96,90,0.9379
USR00213,2026-05-21,MP000172,MTR000172,96,88,0.9136
USR00213,2026-05-20,MP000172,MTR000172,96,93,0.9641
USR00213,2026-05-19,MP000172,MTR000172,96,95,0.9942
USR00213,2026-05-18,MP000172,MTR000172,96,94,0.9834
USR00213,2026-05-17,MP000172,MTR000172,96,96,1.0
USR00213,2026-05-16,MP000172,MTR000172,96,90,0.9419
USR00213,2026-05-15,MP000172,MTR000172,96,95,0.9877
USR00213,2026-05-14,MP000172,MTR000172,96,89,0.9291
USR00213,2026-05-13,MP000172,MTR000172,96,94,0.9834
USR00213,2026-05-12,MP000172,MTR000172,96,96,1.0
USR00213,2026-05-11,MP000172,MTR000172,96,94,0.9771
USR00213,2026-05-10,MP000172,MTR000172,96,96,1.0
USR00213,2026-05-09,MP000172,MTR000172,96,91,0.9442
USR00213,2026-05-08,MP000172,MTR000172,96,92,0.9581
USR00213,2026-05-07,MP000172,MTR000172,96,90,0.9347
USR00213,2026-05-06,MP000172,MTR000172,96,92,0.9632
USR00213,2026-05-05,MP000172,MTR000172,96,93,0.9702
USR00213,2026-05-04,MP000172,MTR000172,96,92,0.9629
USR00213,2026-05-03,MP000172,MTR000172,96,91,0.9479
USR00213,2026-05-02,MP000172,MTR000172,96,91,0.9474
USR00213,2026-05-01,MP000172,MTR000172,96,93,0.9725
USR00213,2026-04-30,MP000172,MTR000172,96,92,0.9574
USR00213,2026-04-29,MP000172,MTR000172,96,89,0.9276
USR00213,2026-04-28,MP000172,MTR000172,96,87,0.9052
USR00213,2026-04-27,MP000172,MTR000172,96,91,0.9443
USR00213,2026-04-26,MP000172,MTR000172,96,88,0.9207
USR00213,2026-04-25,MP000172,MTR000172,96,90,0.9371
USR00213,2026-04-24,MP000172,MTR000172,96,91,0.9495
USR00213,2026-04-23,MP000172,MTR000172,96,92,0.9578
USR00214,2026-05-22,MP000201,MTR000201,96,96,1.0
USR00214,2026-05-21,MP000201,MTR000201,96,88,0.9152
USR00214,2026-05-20,MP000201,MTR000201,96,95,0.9893
USR00214,2026-05-19,MP000201,MTR000201,96,91,0.9481
USR00214,2026-05-18,MP000201,MTR000201,96,90,0.9333
USR00214,2026-05-17,MP000201,MTR000201,96,93,0.9706
USR00214,2026-05-16,MP000201,MTR000201,96,90,0.9394
USR00214,2026-05-15,MP000201,MTR000201,96,89,0.9288
USR00214,2026-05-14,MP000201,MTR000201,96,96,1.0
USR00214,2026-05-13,MP000201,MTR000201,96,85,0.8872
USR00214,2026-05-12,MP000201,MTR000201,96,91,0.9456
USR00214,2026-05-11,MP000201,MTR000201,96,92,0.9587
USR00214,2026-05-10,MP000201,MTR000201,96,96,0.9952
USR00214,2026-05-09,MP000201,MTR000201,96,90,0.941
USR00214,2026-05-08,MP000201,MTR000201,96,96,1.0
USR00214,2026-05-07,MP000201,MTR000201,96,94,0.9758
USR00214,2026-05-06,MP000201,MTR000201,96,85,0.882
USR00214,2026-05-05,MP000201,MTR000201,96,87,0.9094
USR00214,2026-05-04,MP000201,MTR000201,96,92,0.9601
USR00214,2026-05-03,MP000201,MTR000201,96,88,0.9187
USR00214,2026-05-02,MP000201,MTR000201,96,93,0.9694
USR00214,2026-05-01,MP000201,MTR000201,96,90,0.9394
USR00214,2026-04-30,MP000201,MTR000201,96,88,0.9171
USR00214,2026-04-29,MP000201,MTR000201,96,89,0.9241
USR00214,2026-04-28,MP000201,MTR000201,96,94,0.9786
USR00214,2026-04-27,MP000201,MTR000201,96,86,0.8923
USR00214,2026-04-26,MP000201,MTR000201,96,94,0.9844
USR00214,2026-04-25,MP000201,MTR000201,96,95,0.9852
USR00214,2026-04-24,MP000201,MTR000201,96,91,0.9431
USR00214,2026-04-23,MP000201,MTR000201,96,87,0.9109
USR00215,2026-05-22,MP000305,MTR000305,96,91,0.9437
USR00215,2026-05-21,MP000305,MTR000305,96,88,0.9128
USR00215,2026-05-20,MP000305,MTR000305,96,96,1.0
USR00215,2026-05-19,MP000305,MTR000305,96,89,0.9317
USR00215,2026-05-18,MP000305,MTR000305,96,88,0.9141
USR00215,2026-05-17,MP000305,MTR000305,96,93,0.9668
USR00215,2026-05-16,MP000305,MTR000305,96,92,0.9562
USR00215,2026-05-15,MP000305,MTR000305,96,96,1.0
USR00215,2026-05-14,MP000305,MTR000305,96,91,0.9468
USR00215,2026-05-13,MP000305,MTR000305,96,91,0.9471
USR00215,2026-05-12,MP000305,MTR000305,96,93,0.9683
USR00215,2026-05-11,MP000305,MTR000305,96,93,0.9642
USR00215,2026-05-10,MP000305,MTR000305,96,93,0.9651
USR00215,2026-05-09,MP000305,MTR000305,96,93,0.9664
USR00215,2026-05-08,MP000305,MTR000305,96,92,0.9632
USR00215,2026-05-07,MP000305,MTR000305,96,91,0.9457
USR00215,2026-05-06,MP000305,MTR000305,96,94,0.9832
USR00215,2026-05-05,MP000305,MTR000305,96,91,0.9474
USR00215,2026-05-04,MP000305,MTR000305,96,94,0.9824
USR00215,2026-05-03,MP000305,MTR000305,96,96,0.9999
USR00215,2026-05-02,MP000305,MTR000305,96,90,0.9379
USR00215,2026-05-01,MP000305,MTR000305,96,96,1.0
USR00215,2026-04-30,MP000305,MTR000305,96,90,0.9369
USR00215,2026-04-29,MP000305,MTR000305,96,90,0.9371
USR00215,2026-04-28,MP000305,MTR000305,96,94,0.9744
USR00215,2026-04-27,MP000305,MTR000305,96,93,0.9715
USR00215,2026-04-26,MP000305,MTR000305,96,92,0.9604
USR00215,2026-04-25,MP000305,MTR000305,96,94,0.9828
USR00215,2026-04-24,MP000305,MTR000305,96,93,0.9658
USR00215,2026-04-23,MP000305,MTR000305,96,96,1.0
USR00216,2026-05-22,MP000114,MTR000114,96,87,0.9047
USR00216,2026-05-21,MP000114,MTR000114,96,88,0.9138
USR00216,2026-05-20,MP000114,MTR000114,96,91,0.9444
USR00216,2026-05-19,MP000114,MTR000114,96,91,0.9449
USR00216,2026-05-18,MP000114,MTR000114,96,90,0.9365
USR00216,2026-05-17,MP000114,MTR000114,96,87,0.9048
USR00216,2026-05-16,MP000114,MTR000114,96,93,0.9636
USR00216,2026-05-15,MP000114,MTR000114,96,95,0.9884
USR00216,2026-05-14,MP000114,MTR000114,96,89,0.9312
USR00216,2026-05-13,MP000114,MTR000114,96,95,0.9846
USR00216,2026-05-12,MP000114,MTR000114,96,92,0.9563
USR00216,2026-05-11,MP000114,MTR000114,96,96,0.9969
USR00216,2026-05-10,MP000114,MTR000114,96,91,0.9445
USR00216,2026-05-09,MP000114,MTR000114,96,90,0.9344
USR00216,2026-05-08,MP000114,MTR000114,96,92,0.9556
USR00216,2026-05-07,MP000114,MTR000114,96,88,0.9173
USR00216,2026-05-06,MP000114,MTR000114,96,90,0.9425
USR00216,2026-05-05,MP000114,MTR000114,96,93,0.9702
USR00216,2026-05-04,MP000114,MTR000114,96,92,0.9549
USR00216,2026-05-03,MP000114,MTR000114,96,89,0.9294
USR00216,2026-05-02,MP000114,MTR000114,96,90,0.9363
USR00216,2026-05-01,MP000114,MTR000114,96,91,0.953
USR00216,2026-04-30,MP000114,MTR000114,96,91,0.952
USR00216,2026-04-29,MP000114,MTR000114,96,91,0.9528
USR00216,2026-04-28,MP000114,MTR000114,96,90,0.9405
USR00216,2026-04-27,MP000114,MTR000114,96,87,0.9056
USR00216,2026-04-26,MP000114,MTR000114,96,87,0.9103
USR00216,2026-04-25,MP000114,MTR000114,96,91,0.9441
USR00216,2026-04-24,MP000114,MTR000114,96,92,0.9552
USR00216,2026-04-23,MP000114,MTR000114,96,91,0.9514
USR00217,2026-05-22,MP000092,MTR000092,96,95,0.9883
USR00217,2026-05-21,MP000092,MTR000092,96,92,0.9576
USR00217,2026-05-20,MP000092,MTR000092,96,91,0.9511
USR00217,2026-05-19,MP000092,MTR000092,96,96,0.9953
USR00217,2026-05-18,MP000092,MTR000092,96,96,1.0
USR00217,2026-05-17,MP000092,MTR000092,96,96,0.9958
USR00217,2026-05-16,MP000092,MTR000092,96,96,1.0
USR00217,2026-05-15,MP000092,MTR000092,96,95,0.9879
USR00217,2026-05-14,MP000092,MTR000092,96,95,0.9938
USR00217,2026-05-13,MP000092,MTR000092,96,92,0.9631
USR00217,2026-05-12,MP000092,MTR000092,96,94,0.9824
USR00217,2026-05-11,MP000092,MTR000092,96,92,0.9572
USR00217,2026-05-10,MP000092,MTR000092,96,91,0.9465
USR00217,2026-05-09,MP000092,MTR000092,96,92,0.9577
USR00217,2026-05-08,MP000092,MTR000092,96,96,0.9954
USR00217,2026-05-07,MP000092,MTR000092,96,93,0.9708
USR00217,2026-05-06,MP000092,MTR000092,96,94,0.9779
USR00217,2026-05-05,MP000092,MTR000092,96,96,1.0
USR00217,2026-05-04,MP000092,MTR000092,96,91,0.9464
USR00217,2026-05-03,MP000092,MTR000092,96,96,0.9953
USR00217,2026-05-02,MP000092,MTR000092,96,96,1.0
USR00217,2026-05-01,MP000092,MTR000092,96,96,1.0
USR00217,2026-04-30,MP000092,MTR000092,96,96,1.0
USR00217,2026-04-29,MP000092,MTR000092,96,95,0.9913
USR00217,2026-04-28,MP000092,MTR000092,96,94,0.9741
USR00217,2026-04-27,MP000092,MTR000092,96,95,0.9904
USR00217,2026-04-26,MP000092,MTR000092,96,96,1.0
USR00217,2026-04-25,MP000092,MTR000092,96,96,1.0
USR00217,2026-04-24,MP000092,MTR000092,96,95,0.9896
USR00217,2026-04-23,MP000092,MTR000092,96,96,1.0
USR00218,2026-05-22,,,96,96,0.9971
USR00218,2026-05-21,,,96,94,0.9829
USR00218,2026-05-20,,,96,94,0.9778
USR00218,2026-05-19,,,96,96,1.0
USR00218,2026-05-18,,,96,89,0.9318
USR00218,2026-05-17,,,96,96,1.0
USR00218,2026-05-16,,,96,94,0.976
USR00218,2026-05-15,,,96,90,0.9331
USR00218,2026-05-14,,,96,92,0.961
USR00218,2026-05-13,,,96,95,0.9892
USR00218,2026-05-12,,,96,95,0.9933
USR00218,2026-05-11,,,96,96,1.0
USR00218,2026-05-10,,,96,96,1.0
USR00218,2026-05-09,,,96,91,0.9439
USR00218,2026-05-08,,,96,96,1.0
USR00218,2026-05-07,,,96,96,1.0
USR00218,2026-05-06,,,96,96,0.9969
USR00218,2026-05-05,,,96,96,1.0
USR00218,2026-05-04,,,96,90,0.9323
USR00218,2026-05-03,,,96,92,0.9606
USR00218,2026-05-02,,,96,96,1.0
USR00218,2026-05-01,,,96,94,0.9819
USR00218,2026-04-30,,,96,96,1.0
USR00218,2026-04-29,,,96,91,0.9519
USR00218,2026-04-28,,,96,96,1.0
USR00218,2026-04-27,,,96,93,0.972
USR00218,2026-04-26,,,96,96,1.0
USR00218,2026-04-25,,,96,94,0.9814
USR00218,2026-04-24,,,96,95,0.9938
USR00218,2026-04-23,,,96,96,1.0
USR00219,2026-05-22,MP000446,MTR000446,96,91,0.9501
USR00219,2026-05-21,MP000446,MTR000446,96,88,0.9181
USR00219,2026-05-20,MP000446,MTR000446,96,89,0.9315
USR00219,2026-05-19,MP000446,MTR000446,96,81,0.8468
USR00219,2026-05-18,MP000446,MTR000446,96,88,0.916
USR00219,2026-05-17,MP000446,MTR000446,96,93,0.964
USR00219,2026-05-16,MP000446,MTR000446,96,91,0.947
USR00219,2026-05-15,MP000446,MTR000446,96,91,0.9527
USR00219,2026-05-14,MP000446,MTR000446,96,89,0.9277
USR00219,2026-05-13,MP000446,MTR000446,96,94,0.9764
USR00219,2026-05-12,MP000446,MTR000446,96,90,0.9348
USR00219,2026-05-11,MP000446,MTR000446,96,87,0.9063
USR00219,2026-05-10,MP000446,MTR000446,96,91,0.9518
USR00219,2026-05-09,MP000446,MTR000446,96,92,0.9538
USR00219,2026-05-08,MP000446,MTR000446,96,91,0.945
USR00219,2026-05-07,MP000446,MTR000446,96,88,0.914
USR00219,2026-05-06,MP000446,MTR000446,96,90,0.9346
USR00219,2026-05-05,MP000446,MTR000446,96,93,0.9679
USR00219,2026-05-04,MP000446,MTR000446,96,90,0.9404
USR00219,2026-05-03,MP000446,MTR000446,96,85,0.8818
USR00219,2026-05-02,MP000446,MTR000446,96,87,0.9073
USR00219,2026-05-01,MP000446,MTR000446,96,87,0.9059
USR00219,2026-04-30,MP000446,MTR000446,96,87,0.9035
USR00219,2026-04-29,MP000446,MTR000446,96,83,0.8628
USR00219,2026-04-28,MP000446,MTR000446,96,94,0.9828
USR00219,2026-04-27,MP000446,MTR000446,96,86,0.8998
USR00219,2026-04-26,MP000446,MTR000446,96,87,0.902
USR00219,2026-04-25,MP000446,MTR000446,96,83,0.8679
USR00219,2026-04-24,MP000446,MTR000446,96,91,0.9521
USR00219,2026-04-23,MP000446,MTR000446,96,89,0.9234
USR00220,2026-05-22,MP000078,MTR000078,96,88,0.9138
USR00220,2026-05-21,MP000078,MTR000078,96,90,0.9404
USR00220,2026-05-20,MP000078,MTR000078,96,87,0.9084
USR00220,2026-05-19,MP000078,MTR000078,96,83,0.8631
USR00220,2026-05-18,MP000078,MTR000078,96,85,0.884
USR00220,2026-05-17,MP000078,MTR000078,96,85,0.8825
USR00220,2026-05-16,MP000078,MTR000078,96,89,0.931
USR00220,2026-05-15,MP000078,MTR000078,96,91,0.9507
USR00220,2026-05-14,MP000078,MTR000078,96,93,0.9667
USR00220,2026-05-13,MP000078,MTR000078,96,84,0.8737
USR00220,2026-05-12,MP000078,MTR000078,96,90,0.9414
USR00220,2026-05-11,MP000078,MTR000078,96,87,0.9043
USR00220,2026-05-10,MP000078,MTR000078,96,96,1.0
USR00220,2026-05-09,MP000078,MTR000078,96,93,0.9643
USR00220,2026-05-08,MP000078,MTR000078,96,93,0.9738
USR00220,2026-05-07,MP000078,MTR000078,96,91,0.9468
USR00220,2026-05-06,MP000078,MTR000078,96,90,0.9342
USR00220,2026-05-05,MP000078,MTR000078,96,87,0.9107
USR00220,2026-05-04,MP000078,MTR000078,96,87,0.9048
USR00220,2026-05-03,MP000078,MTR000078,96,86,0.8988
USR00220,2026-05-02,MP000078,MTR000078,96,90,0.9413
USR00220,2026-05-01,MP000078,MTR000078,96,93,0.9696
USR00220,2026-04-30,MP000078,MTR000078,96,88,0.9121
USR00220,2026-04-29,MP000078,MTR000078,96,87,0.9011
USR00220,2026-04-28,MP000078,MTR000078,96,84,0.8783
USR00220,2026-04-27,MP000078,MTR000078,96,89,0.9301
USR00220,2026-04-26,MP000078,MTR000078,96,92,0.9596
USR00220,2026-04-25,MP000078,MTR000078,96,92,0.9612
USR00220,2026-04-24,MP000078,MTR000078,96,93,0.9641
USR00220,2026-04-23,MP000078,MTR000078,96,90,0.9352
USR00221,2026-05-22,,,96,93,0.9688
USR00221,2026-05-21,,,96,86,0.897
USR00221,2026-05-20,,,96,88,0.9171
USR00221,2026-05-19,,,96,94,0.9817
USR00221,2026-05-18,,,96,86,0.8981
USR00221,2026-05-17,,,96,89,0.9293
USR00221,2026-05-16,,,96,91,0.9493
USR00221,2026-05-15,,,96,90,0.9328
USR00221,2026-05-14,,,96,93,0.9648
USR00221,2026-05-13,,,96,94,0.9761
USR00221,2026-05-12,,,96,91,0.9447
USR00221,2026-05-11,,,96,93,0.972
USR00221,2026-05-10,,,96,87,0.9025
USR00221,2026-05-09,,,96,89,0.9256
USR00221,2026-05-08,,,96,96,1.0
USR00221,2026-05-07,,,96,95,0.9886
USR00221,2026-05-06,,,96,86,0.892
USR00221,2026-05-05,,,96,89,0.93
USR00221,2026-05-04,,,96,90,0.9344
USR00221,2026-05-03,,,96,91,0.9428
USR00221,2026-05-02,,,96,93,0.9686
USR00221,2026-05-01,,,96,95,0.9855
USR00221,2026-04-30,,,96,89,0.9315
USR00221,2026-04-29,,,96,93,0.964
USR00221,2026-04-28,,,96,91,0.9498
USR00221,2026-04-27,,,96,89,0.9297
USR00221,2026-04-26,,,96,84,0.8794
USR00221,2026-04-25,,,96,92,0.9609
USR00221,2026-04-24,,,96,91,0.9485
USR00221,2026-04-23,,,96,90,0.942
USR00222,2026-05-22,MP000224,MTR000224,96,96,1.0
USR00222,2026-05-21,MP000224,MTR000224,96,94,0.9838
USR00222,2026-05-20,MP000224,MTR000224,96,91,0.945
USR00222,2026-05-19,MP000224,MTR000224,96,90,0.9401
USR00222,2026-05-18,MP000224,MTR000224,96,96,0.9995
USR00222,2026-05-17,MP000224,MTR000224,96,96,1.0
USR00222,2026-05-16,MP000224,MTR000224,96,93,0.9653
USR00222,2026-05-15,MP000224,MTR000224,96,95,0.9931
USR00222,2026-05-14,MP000224,MTR000224,96,96,0.9992
USR00222,2026-05-13,MP000224,MTR000224,96,94,0.9834
USR00222,2026-05-12,MP000224,MTR000224,96,92,0.9582
USR00222,2026-05-11,MP000224,MTR000224,96,96,1.0
USR00222,2026-05-10,MP000224,MTR000224,96,96,1.0
USR00222,2026-05-09,MP000224,MTR000224,96,96,0.9962
USR00222,2026-05-08,MP000224,MTR000224,96,92,0.9542
USR00222,2026-05-07,MP000224,MTR000224,96,90,0.9393
USR00222,2026-05-06,MP000224,MTR000224,96,94,0.9815
USR00222,2026-05-05,MP000224,MTR000224,96,96,1.0
USR00222,2026-05-04,MP000224,MTR000224,96,96,1.0
USR00222,2026-05-03,MP000224,MTR000224,96,96,0.9967
USR00222,2026-05-02,MP000224,MTR000224,96,93,0.9657
USR00222,2026-05-01,MP000224,MTR000224,96,92,0.9551
USR00222,2026-04-30,MP000224,MTR000224,96,94,0.9787
USR00222,2026-04-29,MP000224,MTR000224,96,94,0.979
USR00222,2026-04-28,MP000224,MTR000224,96,96,1.0
USR00222,2026-04-27,MP000224,MTR000224,96,93,0.9648
USR00222,2026-04-26,MP000224,MTR000224,96,93,0.9673
USR00222,2026-04-25,MP000224,MTR000224,96,96,1.0
USR00222,2026-04-24,MP000224,MTR000224,96,96,1.0
USR00222,2026-04-23,MP000224,MTR000224,96,91,0.9527
USR00223,2026-05-22,,,96,93,0.9672
USR00223,2026-05-21,,,96,93,0.9663
USR00223,2026-05-20,,,96,95,0.9869
USR00223,2026-05-19,,,96,95,0.9904
USR00223,2026-05-18,,,96,96,0.9976
USR00223,2026-05-17,,,96,96,1.0
USR00223,2026-05-16,,,96,96,1.0
USR00223,2026-05-15,,,96,96,1.0
USR00223,2026-05-14,,,96,95,0.9879
USR00223,2026-05-13,,,96,96,1.0
USR00223,2026-05-12,,,96,96,1.0
USR00223,2026-05-11,,,96,92,0.9583
USR00223,2026-05-10,,,96,96,1.0
USR00223,2026-05-09,,,96,96,1.0
USR00223,2026-05-08,,,96,94,0.9785
USR00223,2026-05-07,,,96,95,0.9872
USR00223,2026-05-06,,,96,95,0.988
USR00223,2026-05-05,,,96,95,0.9926
USR00223,2026-05-04,,,96,96,1.0
USR00223,2026-05-03,,,96,96,1.0
USR00223,2026-05-02,,,96,88,0.9182
USR00223,2026-05-01,,,96,96,1.0
USR00223,2026-04-30,,,96,96,1.0
USR00223,2026-04-29,,,96,95,0.9935
USR00223,2026-04-28,,,96,96,1.0
USR00223,2026-04-27,,,96,96,1.0
USR00223,2026-04-26,,,96,92,0.9588
USR00223,2026-04-25,,,96,96,1.0
USR00223,2026-04-24,,,96,96,1.0
USR00223,2026-04-23,,,96,92,0.9628
USR00224,2026-05-22,MP000506,MTR000506,96,91,0.9478
USR00224,2026-05-21,MP000506,MTR000506,96,95,0.9928
USR00224,2026-05-20,MP000506,MTR000506,96,96,0.997
USR00224,2026-05-19,MP000506,MTR000506,96,93,0.9661
USR00224,2026-05-18,MP000506,MTR000506,96,92,0.9622
USR00224,2026-05-17,MP000506,MTR000506,96,87,0.9096
USR00224,2026-05-16,MP000506,MTR000506,96,96,1.0
USR00224,2026-05-15,MP000506,MTR000506,96,91,0.9506
USR00224,2026-05-14,MP000506,MTR000506,96,92,0.9569
USR00224,2026-05-13,MP000506,MTR000506,96,95,0.9904
USR00224,2026-05-12,MP000506,MTR000506,96,93,0.9671
USR00224,2026-05-11,MP000506,MTR000506,96,95,0.9913
USR00224,2026-05-10,MP000506,MTR000506,96,94,0.9793
USR00224,2026-05-09,MP000506,MTR000506,96,93,0.9673
USR00224,2026-05-08,MP000506,MTR000506,96,93,0.9705
USR00224,2026-05-07,MP000506,MTR000506,96,89,0.9275
USR00224,2026-05-06,MP000506,MTR000506,96,92,0.9567
USR00224,2026-05-05,MP000506,MTR000506,96,95,0.9937
USR00224,2026-05-04,MP000506,MTR000506,96,90,0.9343
USR00224,2026-05-03,MP000506,MTR000506,96,90,0.9398
USR00224,2026-05-02,MP000506,MTR000506,96,90,0.9348
USR00224,2026-05-01,MP000506,MTR000506,96,93,0.9658
USR00224,2026-04-30,MP000506,MTR000506,96,96,1.0
USR00224,2026-04-29,MP000506,MTR000506,96,94,0.9776
USR00224,2026-04-28,MP000506,MTR000506,96,86,0.8959
USR00224,2026-04-27,MP000506,MTR000506,96,94,0.9807
USR00224,2026-04-26,MP000506,MTR000506,96,91,0.948
USR00224,2026-04-25,MP000506,MTR000506,96,94,0.9765
USR00224,2026-04-24,MP000506,MTR000506,96,92,0.9567
USR00224,2026-04-23,MP000506,MTR000506,96,90,0.9354
USR00225,2026-05-22,MP000135,MTR000135,96,88,0.9172
USR00225,2026-05-21,MP000135,MTR000135,96,90,0.9397
USR00225,2026-05-20,MP000135,MTR000135,96,87,0.9039
USR00225,2026-05-19,MP000135,MTR000135,96,86,0.8967
USR00225,2026-05-18,MP000135,MTR000135,96,91,0.9524
USR00225,2026-05-17,MP000135,MTR000135,96,93,0.9637
USR00225,2026-05-16,MP000135,MTR000135,96,91,0.9478
USR00225,2026-05-15,MP000135,MTR000135,96,87,0.911
USR00225,2026-05-14,MP000135,MTR000135,96,87,0.9082
USR00225,2026-05-13,MP000135,MTR000135,96,87,0.91
USR00225,2026-05-12,MP000135,MTR000135,96,92,0.9571
USR00225,2026-05-11,MP000135,MTR000135,96,87,0.9057
USR00225,2026-05-10,MP000135,MTR000135,96,92,0.957
USR00225,2026-05-09,MP000135,MTR000135,96,91,0.9495
USR00225,2026-05-08,MP000135,MTR000135,96,93,0.9676
USR00225,2026-05-07,MP000135,MTR000135,96,92,0.9623
USR00225,2026-05-06,MP000135,MTR000135,96,91,0.9467
USR00225,2026-05-05,MP000135,MTR000135,96,85,0.8864
USR00225,2026-05-04,MP000135,MTR000135,96,91,0.9487
USR00225,2026-05-03,MP000135,MTR000135,96,90,0.9339
USR00225,2026-05-02,MP000135,MTR000135,96,88,0.9192
USR00225,2026-05-01,MP000135,MTR000135,96,93,0.9713
USR00225,2026-04-30,MP000135,MTR000135,96,89,0.9259
USR00225,2026-04-29,MP000135,MTR000135,96,88,0.9145
USR00225,2026-04-28,MP000135,MTR000135,96,93,0.9642
USR00225,2026-04-27,MP000135,MTR000135,96,88,0.9183
USR00225,2026-04-26,MP000135,MTR000135,96,88,0.913
USR00225,2026-04-25,MP000135,MTR000135,96,86,0.8966
USR00225,2026-04-24,MP000135,MTR000135,96,87,0.9058
USR00225,2026-04-23,MP000135,MTR000135,96,87,0.9084
USR00226,2026-05-22,,,96,91,0.943
USR00226,2026-05-21,,,96,88,0.9179
USR00226,2026-05-20,,,96,94,0.9827
USR00226,2026-05-19,,,96,92,0.9546
USR00226,2026-05-18,,,96,93,0.9731
USR00226,2026-05-17,,,96,96,1.0
USR00226,2026-05-16,,,96,94,0.9757
USR00226,2026-05-15,,,96,96,1.0
USR00226,2026-05-14,,,96,93,0.9716
USR00226,2026-05-13,,,96,96,1.0
USR00226,2026-05-12,,,96,92,0.9572
USR00226,2026-05-11,,,96,94,0.9768
USR00226,2026-05-10,,,96,91,0.9456
USR00226,2026-05-09,,,96,91,0.9492
USR00226,2026-05-08,,,96,93,0.9669
USR00226,2026-05-07,,,96,90,0.9337
USR00226,2026-05-06,,,96,94,0.9784
USR00226,2026-05-05,,,96,93,0.9645
USR00226,2026-05-04,,,96,94,0.9806
USR00226,2026-05-03,,,96,90,0.9342
USR00226,2026-05-02,,,96,95,0.9947
USR00226,2026-05-01,,,96,96,1.0
USR00226,2026-04-30,,,96,96,1.0
USR00226,2026-04-29,,,96,96,1.0
USR00226,2026-04-28,,,96,94,0.9749
USR00226,2026-04-27,,,96,92,0.963
USR00226,2026-04-26,,,96,95,0.9882
USR00226,2026-04-25,,,96,93,0.9665
USR00226,2026-04-24,,,96,88,0.9214
USR00226,2026-04-23,,,96,96,0.9982
USR00227,2026-05-22,MP000239,MTR000239,96,91,0.9495
USR00227,2026-05-21,MP000239,MTR000239,96,94,0.9782
USR00227,2026-05-20,MP000239,MTR000239,96,95,0.9871
USR00227,2026-05-19,MP000239,MTR000239,96,95,0.9938
USR00227,2026-05-18,MP000239,MTR000239,96,95,0.9942
USR00227,2026-05-17,MP000239,MTR000239,96,96,1.0
USR00227,2026-05-16,MP000239,MTR000239,96,92,0.9548
USR00227,2026-05-15,MP000239,MTR000239,96,95,0.9889
USR00227,2026-05-14,MP000239,MTR000239,96,93,0.9671
USR00227,2026-05-13,MP000239,MTR000239,96,96,1.0
USR00227,2026-05-12,MP000239,MTR000239,96,94,0.9766
USR00227,2026-05-11,MP000239,MTR000239,96,94,0.9832
USR00227,2026-05-10,MP000239,MTR000239,96,96,1.0
USR00227,2026-05-09,MP000239,MTR000239,96,96,1.0
USR00227,2026-05-08,MP000239,MTR000239,96,96,1.0
USR00227,2026-05-07,MP000239,MTR000239,96,91,0.9442
USR00227,2026-05-06,MP000239,MTR000239,96,96,1.0
USR00227,2026-05-05,MP000239,MTR000239,96,96,1.0
USR00227,2026-05-04,MP000239,MTR000239,96,95,0.9919
USR00227,2026-05-03,MP000239,MTR000239,96,96,0.9955
USR00227,2026-05-02,MP000239,MTR000239,96,96,1.0
USR00227,2026-05-01,MP000239,MTR000239,96,96,1.0
USR00227,2026-04-30,MP000239,MTR000239,96,96,1.0
USR00227,2026-04-29,MP000239,MTR000239,96,96,0.9997
USR00227,2026-04-28,MP000239,MTR000239,96,96,1.0
USR00227,2026-04-27,MP000239,MTR000239,96,94,0.9815
USR00227,2026-04-26,MP000239,MTR000239,96,91,0.945
USR00227,2026-04-25,MP000239,MTR000239,96,95,0.9855
USR00227,2026-04-24,MP000239,MTR000239,96,96,0.9952
USR00227,2026-04-23,MP000239,MTR000239,96,96,1.0
USR00228,2026-05-22,MP000059,MTR000059,96,91,0.9479
USR00228,2026-05-21,MP000059,MTR000059,96,85,0.8889
USR00228,2026-05-20,MP000059,MTR000059,96,93,0.9656
USR00228,2026-05-19,MP000059,MTR000059,96,90,0.9352
USR00228,2026-05-18,MP000059,MTR000059,96,89,0.9248
USR00228,2026-05-17,MP000059,MTR000059,96,96,0.9971
USR00228,2026-05-16,MP000059,MTR000059,96,93,0.9653
USR00228,2026-05-15,MP000059,MTR000059,96,87,0.902
USR00228,2026-05-14,MP000059,MTR000059,96,89,0.9299
USR00228,2026-05-13,MP000059,MTR000059,96,96,1.0
USR00228,2026-05-12,MP000059,MTR000059,96,95,0.9926
USR00228,2026-05-11,MP000059,MTR000059,96,92,0.9609
USR00228,2026-05-10,MP000059,MTR000059,96,84,0.8778
USR00228,2026-05-09,MP000059,MTR000059,96,93,0.9732
USR00228,2026-05-08,MP000059,MTR000059,96,88,0.9141
USR00228,2026-05-07,MP000059,MTR000059,96,93,0.9729
USR00228,2026-05-06,MP000059,MTR000059,96,88,0.9115
USR00228,2026-05-05,MP000059,MTR000059,96,91,0.9479
USR00228,2026-05-04,MP000059,MTR000059,96,88,0.914
USR00228,2026-05-03,MP000059,MTR000059,96,89,0.9223
USR00228,2026-05-02,MP000059,MTR000059,96,91,0.9519
USR00228,2026-05-01,MP000059,MTR000059,96,86,0.8936
USR00228,2026-04-30,MP000059,MTR000059,96,96,1.0
USR00228,2026-04-29,MP000059,MTR000059,96,87,0.9024
USR00228,2026-04-28,MP000059,MTR000059,96,86,0.9007
USR00228,2026-04-27,MP000059,MTR000059,96,91,0.9519
USR00228,2026-04-26,MP000059,MTR000059,96,93,0.9719
USR00228,2026-04-25,MP000059,MTR000059,96,89,0.9235
USR00228,2026-04-24,MP000059,MTR000059,96,87,0.901
USR00228,2026-04-23,MP000059,MTR000059,96,87,0.9055
USR00229,2026-05-22,MP000240,MTR000240,96,92,0.9587
USR00229,2026-05-21,MP000240,MTR000240,96,91,0.9474
USR00229,2026-05-20,MP000240,MTR000240,96,92,0.9622
USR00229,2026-05-19,MP000240,MTR000240,96,92,0.9604
USR00229,2026-05-18,MP000240,MTR000240,96,94,0.9742
USR00229,2026-05-17,MP000240,MTR000240,96,90,0.9372
USR00229,2026-05-16,MP000240,MTR000240,96,89,0.9273
USR00229,2026-05-15,MP000240,MTR000240,96,92,0.9542
USR00229,2026-05-14,MP000240,MTR000240,96,91,0.9478
USR00229,2026-05-13,MP000240,MTR000240,96,92,0.9571
USR00229,2026-05-12,MP000240,MTR000240,96,89,0.9281
USR00229,2026-05-11,MP000240,MTR000240,96,93,0.9687
USR00229,2026-05-10,MP000240,MTR000240,96,88,0.9141
USR00229,2026-05-09,MP000240,MTR000240,96,90,0.9363
USR00229,2026-05-08,MP000240,MTR000240,96,94,0.9833
USR00229,2026-05-07,MP000240,MTR000240,96,88,0.9155
USR00229,2026-05-06,MP000240,MTR000240,96,94,0.981
USR00229,2026-05-05,MP000240,MTR000240,96,87,0.9072
USR00229,2026-05-04,MP000240,MTR000240,96,87,0.9019
USR00229,2026-05-03,MP000240,MTR000240,96,87,0.9046
USR00229,2026-05-02,MP000240,MTR000240,96,91,0.953
USR00229,2026-05-01,MP000240,MTR000240,96,93,0.9713
USR00229,2026-04-30,MP000240,MTR000240,96,95,0.9882
USR00229,2026-04-29,MP000240,MTR000240,96,95,0.9858
USR00229,2026-04-28,MP000240,MTR000240,96,94,0.9753
USR00229,2026-04-27,MP000240,MTR000240,96,89,0.9245
USR00229,2026-04-26,MP000240,MTR000240,96,89,0.9242
USR00229,2026-04-25,MP000240,MTR000240,96,93,0.9731
USR00229,2026-04-24,MP000240,MTR000240,96,95,0.9921
USR00229,2026-04-23,MP000240,MTR000240,96,88,0.9185
USR00230,2026-05-22,MP000157,MTR000157,96,86,0.8995
USR00230,2026-05-21,MP000157,MTR000157,96,93,0.9688
USR00230,2026-05-20,MP000157,MTR000157,96,92,0.954
USR00230,2026-05-19,MP000157,MTR000157,96,91,0.951
USR00230,2026-05-18,MP000157,MTR000157,96,92,0.9581
USR00230,2026-05-17,MP000157,MTR000157,96,89,0.9315
USR00230,2026-05-16,MP000157,MTR000157,96,93,0.9705
USR00230,2026-05-15,MP000157,MTR000157,96,92,0.959
USR00230,2026-05-14,MP000157,MTR000157,96,95,0.9852
USR00230,2026-05-13,MP000157,MTR000157,96,96,1.0
USR00230,2026-05-12,MP000157,MTR000157,96,92,0.9609
USR00230,2026-05-11,MP000157,MTR000157,96,90,0.9326
USR00230,2026-05-10,MP000157,MTR000157,96,89,0.923
USR00230,2026-05-09,MP000157,MTR000157,96,96,1.0
USR00230,2026-05-08,MP000157,MTR000157,96,96,1.0
USR00230,2026-05-07,MP000157,MTR000157,96,94,0.9838
USR00230,2026-05-06,MP000157,MTR000157,96,92,0.9589
USR00230,2026-05-05,MP000157,MTR000157,96,94,0.9816
USR00230,2026-05-04,MP000157,MTR000157,96,96,0.9963
USR00230,2026-05-03,MP000157,MTR000157,96,90,0.9386
USR00230,2026-05-02,MP000157,MTR000157,96,92,0.958
USR00230,2026-05-01,MP000157,MTR000157,96,89,0.9239
USR00230,2026-04-30,MP000157,MTR000157,96,92,0.9533
USR00230,2026-04-29,MP000157,MTR000157,96,96,1.0
USR00230,2026-04-28,MP000157,MTR000157,96,95,0.9895
USR00230,2026-04-27,MP000157,MTR000157,96,92,0.9612
USR00230,2026-04-26,MP000157,MTR000157,96,84,0.8763
USR00230,2026-04-25,MP000157,MTR000157,96,90,0.9375
USR00230,2026-04-24,MP000157,MTR000157,96,92,0.9602
USR00230,2026-04-23,MP000157,MTR000157,96,91,0.9507
USR00231,2026-05-22,MP000271,MTR000271,96,95,0.988
USR00231,2026-05-21,MP000271,MTR000271,96,93,0.9647
USR00231,2026-05-20,MP000271,MTR000271,96,94,0.9804
USR00231,2026-05-19,MP000271,MTR000271,96,94,0.9762
USR00231,2026-05-18,MP000271,MTR000271,96,92,0.9596
USR00231,2026-05-17,MP000271,MTR000271,96,96,1.0
USR00231,2026-05-16,MP000271,MTR000271,96,93,0.9664
USR00231,2026-05-15,MP000271,MTR000271,96,88,0.913
USR00231,2026-05-14,MP000271,MTR000271,96,96,1.0
USR00231,2026-05-13,MP000271,MTR000271,96,92,0.9553
USR00231,2026-05-12,MP000271,MTR000271,96,96,1.0
USR00231,2026-05-11,MP000271,MTR000271,96,92,0.9602
USR00231,2026-05-10,MP000271,MTR000271,96,96,0.9978
USR00231,2026-05-09,MP000271,MTR000271,96,94,0.9792
USR00231,2026-05-08,MP000271,MTR000271,96,96,1.0
USR00231,2026-05-07,MP000271,MTR000271,96,94,0.9743
USR00231,2026-05-06,MP000271,MTR000271,96,92,0.961
USR00231,2026-05-05,MP000271,MTR000271,96,95,0.9884
USR00231,2026-05-04,MP000271,MTR000271,96,93,0.9692
USR00231,2026-05-03,MP000271,MTR000271,96,89,0.9228
USR00231,2026-05-02,MP000271,MTR000271,96,92,0.9626
USR00231,2026-05-01,MP000271,MTR000271,96,96,1.0
USR00231,2026-04-30,MP000271,MTR000271,96,89,0.926
USR00231,2026-04-29,MP000271,MTR000271,96,95,0.9879
USR00231,2026-04-28,MP000271,MTR000271,96,93,0.9734
USR00231,2026-04-27,MP000271,MTR000271,96,96,1.0
USR00231,2026-04-26,MP000271,MTR000271,96,91,0.9473
USR00231,2026-04-25,MP000271,MTR000271,96,94,0.9837
USR00231,2026-04-24,MP000271,MTR000271,96,96,1.0
USR00231,2026-04-23,MP000271,MTR000271,96,94,0.9753
USR00232,2026-05-22,,,96,92,0.9633
USR00232,2026-05-21,,,96,92,0.9547
USR00232,2026-05-20,,,96,92,0.9546
USR00232,2026-05-19,,,96,95,0.9919
USR00232,2026-05-18,,,96,94,0.9761
USR00232,2026-05-17,,,96,94,0.9805
USR00232,2026-05-16,,,96,93,0.9739
USR00232,2026-05-15,,,96,95,0.9928
USR00232,2026-05-14,,,96,96,1.0
USR00232,2026-05-13,,,96,92,0.9554
USR00232,2026-05-12,,,96,95,0.9886
USR00232,2026-05-11,,,96,89,0.9251
USR00232,2026-05-10,,,96,86,0.8964
USR00232,2026-05-09,,,96,96,1.0
USR00232,2026-05-08,,,96,92,0.954
USR00232,2026-05-07,,,96,93,0.9716
USR00232,2026-05-06,,,96,89,0.9272
USR00232,2026-05-05,,,96,89,0.9258
USR00232,2026-05-04,,,96,90,0.9426
USR00232,2026-05-03,,,96,94,0.9833
USR00232,2026-05-02,,,96,91,0.9485
USR00232,2026-05-01,,,96,92,0.9539
USR00232,2026-04-30,,,96,90,0.9416
USR00232,2026-04-29,,,96,96,0.999
USR00232,2026-04-28,,,96,95,0.99
USR00232,2026-04-27,,,96,91,0.9495
USR00232,2026-04-26,,,96,95,0.9845
USR00232,2026-04-25,,,96,92,0.9566
USR00232,2026-04-24,,,96,92,0.9539
USR00232,2026-04-23,,,96,92,0.9625
USR00233,2026-05-22,MP000358,MTR000358,96,87,0.9077
USR00233,2026-05-21,MP000358,MTR000358,96,91,0.9495
USR00233,2026-05-20,MP000358,MTR000358,96,96,1.0
USR00233,2026-05-19,MP000358,MTR000358,96,90,0.94
USR00233,2026-05-18,MP000358,MTR000358,96,90,0.9355
USR00233,2026-05-17,MP000358,MTR000358,96,89,0.9319
USR00233,2026-05-16,MP000358,MTR000358,96,91,0.9488
USR00233,2026-05-15,MP000358,MTR000358,96,85,0.8862
USR00233,2026-05-14,MP000358,MTR000358,96,95,0.9855
USR00233,2026-05-13,MP000358,MTR000358,96,93,0.9639
USR00233,2026-05-12,MP000358,MTR000358,96,88,0.9151
USR00233,2026-05-11,MP000358,MTR000358,96,90,0.9354
USR00233,2026-05-10,MP000358,MTR000358,96,88,0.9177
USR00233,2026-05-09,MP000358,MTR000358,96,91,0.9434
USR00233,2026-05-08,MP000358,MTR000358,96,90,0.9363
USR00233,2026-05-07,MP000358,MTR000358,96,90,0.9413
USR00233,2026-05-06,MP000358,MTR000358,96,87,0.9036
USR00233,2026-05-05,MP000358,MTR000358,96,88,0.92
USR00233,2026-05-04,MP000358,MTR000358,96,93,0.9688
USR00233,2026-05-03,MP000358,MTR000358,96,88,0.9184
USR00233,2026-05-02,MP000358,MTR000358,96,82,0.8552
USR00233,2026-05-01,MP000358,MTR000358,96,89,0.9299
USR00233,2026-04-30,MP000358,MTR000358,96,96,1.0
USR00233,2026-04-29,MP000358,MTR000358,96,92,0.9599
USR00233,2026-04-28,MP000358,MTR000358,96,88,0.9169
USR00233,2026-04-27,MP000358,MTR000358,96,90,0.9329
USR00233,2026-04-26,MP000358,MTR000358,96,92,0.9549
USR00233,2026-04-25,MP000358,MTR000358,96,85,0.8818
USR00233,2026-04-24,MP000358,MTR000358,96,87,0.9088
USR00233,2026-04-23,MP000358,MTR000358,96,91,0.9464
USR00234,2026-05-22,MP000471,MTR000471,96,94,0.9828
USR00234,2026-05-21,MP000471,MTR000471,96,96,1.0
USR00234,2026-05-20,MP000471,MTR000471,96,93,0.9734
USR00234,2026-05-19,MP000471,MTR000471,96,86,0.8944
USR00234,2026-05-18,MP000471,MTR000471,96,96,1.0
USR00234,2026-05-17,MP000471,MTR000471,96,96,1.0
USR00234,2026-05-16,MP000471,MTR000471,96,96,1.0
USR00234,2026-05-15,MP000471,MTR000471,96,96,1.0
USR00234,2026-05-14,MP000471,MTR000471,96,96,1.0
USR00234,2026-05-13,MP000471,MTR000471,96,95,0.9882
USR00234,2026-05-12,MP000471,MTR000471,96,95,0.9894
USR00234,2026-05-11,MP000471,MTR000471,96,94,0.9822
USR00234,2026-05-10,MP000471,MTR000471,96,94,0.984
USR00234,2026-05-09,MP000471,MTR000471,96,90,0.9417
USR00234,2026-05-08,MP000471,MTR000471,96,92,0.9596
USR00234,2026-05-07,MP000471,MTR000471,96,95,0.9911
USR00234,2026-05-06,MP000471,MTR000471,96,89,0.9288
USR00234,2026-05-05,MP000471,MTR000471,96,90,0.9358
USR00234,2026-05-04,MP000471,MTR000471,96,95,0.986
USR00234,2026-05-03,MP000471,MTR000471,96,95,0.9922
USR00234,2026-05-02,MP000471,MTR000471,96,95,0.9866
USR00234,2026-05-01,MP000471,MTR000471,96,89,0.9246
USR00234,2026-04-30,MP000471,MTR000471,96,96,1.0
USR00234,2026-04-29,MP000471,MTR000471,96,91,0.9529
USR00234,2026-04-28,MP000471,MTR000471,96,93,0.9715
USR00234,2026-04-27,MP000471,MTR000471,96,92,0.9581
USR00234,2026-04-26,MP000471,MTR000471,96,96,1.0
USR00234,2026-04-25,MP000471,MTR000471,96,96,1.0
USR00234,2026-04-24,MP000471,MTR000471,96,94,0.9818
USR00234,2026-04-23,MP000471,MTR000471,96,94,0.9797
USR00235,2026-05-22,MP000372,MTR000372,96,87,0.9045
USR00235,2026-05-21,MP000372,MTR000372,96,92,0.9533
USR00235,2026-05-20,MP000372,MTR000372,96,89,0.9254
USR00235,2026-05-19,MP000372,MTR000372,96,92,0.9575
USR00235,2026-05-18,MP000372,MTR000372,96,92,0.9564
USR00235,2026-05-17,MP000372,MTR000372,96,89,0.9241
USR00235,2026-05-16,MP000372,MTR000372,96,85,0.8803
USR00235,2026-05-15,MP000372,MTR000372,96,90,0.9345
USR00235,2026-05-14,MP000372,MTR000372,96,86,0.8984
USR00235,2026-05-13,MP000372,MTR000372,96,91,0.9442
USR00235,2026-05-12,MP000372,MTR000372,96,90,0.9342
USR00235,2026-05-11,MP000372,MTR000372,96,89,0.9242
USR00235,2026-05-10,MP000372,MTR000372,96,87,0.903
USR00235,2026-05-09,MP000372,MTR000372,96,94,0.9775
USR00235,2026-05-08,MP000372,MTR000372,96,89,0.9283
USR00235,2026-05-07,MP000372,MTR000372,96,96,1.0
USR00235,2026-05-06,MP000372,MTR000372,96,91,0.9429
USR00235,2026-05-05,MP000372,MTR000372,96,91,0.9524
USR00235,2026-05-04,MP000372,MTR000372,96,91,0.943
USR00235,2026-05-03,MP000372,MTR000372,96,91,0.9521
USR00235,2026-05-02,MP000372,MTR000372,96,94,0.9746
USR00235,2026-05-01,MP000372,MTR000372,96,94,0.975
USR00235,2026-04-30,MP000372,MTR000372,96,85,0.8889
USR00235,2026-04-29,MP000372,MTR000372,96,93,0.9675
USR00235,2026-04-28,MP000372,MTR000372,96,92,0.9568
USR00235,2026-04-27,MP000372,MTR000372,96,91,0.9429
USR00235,2026-04-26,MP000372,MTR000372,96,95,0.9932
USR00235,2026-04-25,MP000372,MTR000372,96,95,0.9944
USR00235,2026-04-24,MP000372,MTR000372,96,93,0.969
USR00235,2026-04-23,MP000372,MTR000372,96,89,0.9256
USR00236,2026-05-22,MP000205,MTR000205,96,94,0.9824
USR00236,2026-05-21,MP000205,MTR000205,96,96,1.0
USR00236,2026-05-20,MP000205,MTR000205,96,86,0.8989
USR00236,2026-05-19,MP000205,MTR000205,96,95,0.9923
USR00236,2026-05-18,MP000205,MTR000205,96,91,0.9521
USR00236,2026-05-17,MP000205,MTR000205,96,87,0.9055
USR00236,2026-05-16,MP000205,MTR000205,96,93,0.9738
USR00236,2026-05-15,MP000205,MTR000205,96,95,0.987
USR00236,2026-05-14,MP000205,MTR000205,96,91,0.9492
USR00236,2026-05-13,MP000205,MTR000205,96,89,0.928
USR00236,2026-05-12,MP000205,MTR000205,96,96,1.0
USR00236,2026-05-11,MP000205,MTR000205,96,90,0.9397
USR00236,2026-05-10,MP000205,MTR000205,96,95,0.9945
USR00236,2026-05-09,MP000205,MTR000205,96,88,0.9143
USR00236,2026-05-08,MP000205,MTR000205,96,93,0.9722
USR00236,2026-05-07,MP000205,MTR000205,96,93,0.9714
USR00236,2026-05-06,MP000205,MTR000205,96,95,0.9859
USR00236,2026-05-05,MP000205,MTR000205,96,96,1.0
USR00236,2026-05-04,MP000205,MTR000205,96,90,0.9353
USR00236,2026-05-03,MP000205,MTR000205,96,94,0.9754
USR00236,2026-05-02,MP000205,MTR000205,96,88,0.9187
USR00236,2026-05-01,MP000205,MTR000205,96,88,0.9184
USR00236,2026-04-30,MP000205,MTR000205,96,90,0.9424
USR00236,2026-04-29,MP000205,MTR000205,96,93,0.972
USR00236,2026-04-28,MP000205,MTR000205,96,96,1.0
USR00236,2026-04-27,MP000205,MTR000205,96,96,1.0
USR00236,2026-04-26,MP000205,MTR000205,96,91,0.9491
USR00236,2026-04-25,MP000205,MTR000205,96,93,0.9689
USR00236,2026-04-24,MP000205,MTR000205,96,95,0.988
USR00236,2026-04-23,MP000205,MTR000205,96,94,0.9827
USR00237,2026-05-22,MP000008,MTR000008,96,90,0.9335
USR00237,2026-05-21,MP000008,MTR000008,96,89,0.9279
USR00237,2026-05-20,MP000008,MTR000008,96,89,0.925
USR00237,2026-05-19,MP000008,MTR000008,96,88,0.921
USR00237,2026-05-18,MP000008,MTR000008,96,89,0.9276
USR00237,2026-05-17,MP000008,MTR000008,96,88,0.919
USR00237,2026-05-16,MP000008,MTR000008,96,86,0.8971
USR00237,2026-05-15,MP000008,MTR000008,96,92,0.9571
USR00237,2026-05-14,MP000008,MTR000008,96,91,0.9467
USR00237,2026-05-13,MP000008,MTR000008,96,95,0.9875
USR00237,2026-05-12,MP000008,MTR000008,96,90,0.9423
USR00237,2026-05-11,MP000008,MTR000008,96,88,0.9187
USR00237,2026-05-10,MP000008,MTR000008,96,88,0.9124
USR00237,2026-05-09,MP000008,MTR000008,96,90,0.9326
USR00237,2026-05-08,MP000008,MTR000008,96,91,0.9478
USR00237,2026-05-07,MP000008,MTR000008,96,89,0.9239
USR00237,2026-05-06,MP000008,MTR000008,96,85,0.8871
USR00237,2026-05-05,MP000008,MTR000008,96,87,0.909
USR00237,2026-05-04,MP000008,MTR000008,96,89,0.9318
USR00237,2026-05-03,MP000008,MTR000008,96,92,0.9534
USR00237,2026-05-02,MP000008,MTR000008,96,85,0.8866
USR00237,2026-05-01,MP000008,MTR000008,96,90,0.9392
USR00237,2026-04-30,MP000008,MTR000008,96,90,0.9378
USR00237,2026-04-29,MP000008,MTR000008,96,88,0.9177
USR00237,2026-04-28,MP000008,MTR000008,96,88,0.9136
USR00237,2026-04-27,MP000008,MTR000008,96,87,0.9091
USR00237,2026-04-26,MP000008,MTR000008,96,90,0.9354
USR00237,2026-04-25,MP000008,MTR000008,96,93,0.965
USR00237,2026-04-24,MP000008,MTR000008,96,93,0.9671
USR00237,2026-04-23,MP000008,MTR000008,96,86,0.8975
USR00238,2026-05-22,MP000462,MTR000462,96,85,0.8858
USR00238,2026-05-21,MP000462,MTR000462,96,92,0.9548
USR00238,2026-05-20,MP000462,MTR000462,96,93,0.9695
USR00238,2026-05-19,MP000462,MTR000462,96,96,0.9987
USR00238,2026-05-18,MP000462,MTR000462,96,86,0.898
USR00238,2026-05-17,MP000462,MTR000462,96,88,0.9189
USR00238,2026-05-16,MP000462,MTR000462,96,92,0.9559
USR00238,2026-05-15,MP000462,MTR000462,96,87,0.903
USR00238,2026-05-14,MP000462,MTR000462,96,92,0.9567
USR00238,2026-05-13,MP000462,MTR000462,96,93,0.9703
USR00238,2026-05-12,MP000462,MTR000462,96,88,0.9131
USR00238,2026-05-11,MP000462,MTR000462,96,92,0.9555
USR00238,2026-05-10,MP000462,MTR000462,96,88,0.9152
USR00238,2026-05-09,MP000462,MTR000462,96,95,0.9928
USR00238,2026-05-08,MP000462,MTR000462,96,92,0.9578
USR00238,2026-05-07,MP000462,MTR000462,96,90,0.9324
USR00238,2026-05-06,MP000462,MTR000462,96,88,0.9144
USR00238,2026-05-05,MP000462,MTR000462,96,92,0.9632
USR00238,2026-05-04,MP000462,MTR000462,96,95,0.9923
USR00238,2026-05-03,MP000462,MTR000462,96,89,0.9284
USR00238,2026-05-02,MP000462,MTR000462,96,90,0.9384
USR00238,2026-05-01,MP000462,MTR000462,96,89,0.929
USR00238,2026-04-30,MP000462,MTR000462,96,96,0.9982
USR00238,2026-04-29,MP000462,MTR000462,96,86,0.8943
USR00238,2026-04-28,MP000462,MTR000462,96,95,0.9901
USR00238,2026-04-27,MP000462,MTR000462,96,90,0.9403
USR00238,2026-04-26,MP000462,MTR000462,96,91,0.9494
USR00238,2026-04-25,MP000462,MTR000462,96,90,0.9414
USR00238,2026-04-24,MP000462,MTR000462,96,92,0.9588
USR00238,2026-04-23,MP000462,MTR000462,96,89,0.9297
USR00239,2026-05-22,,,96,94,0.9781
USR00239,2026-05-21,,,96,88,0.9157
USR00239,2026-05-20,,,96,93,0.9652
USR00239,2026-05-19,,,96,90,0.9345
USR00239,2026-05-18,,,96,91,0.9467
USR00239,2026-05-17,,,96,95,0.9909
USR00239,2026-05-16,,,96,89,0.9249
USR00239,2026-05-15,,,96,93,0.9729
USR00239,2026-05-14,,,96,92,0.9589
USR00239,2026-05-13,,,96,90,0.9393
USR00239,2026-05-12,,,96,92,0.9562
USR00239,2026-05-11,,,96,91,0.9526
USR00239,2026-05-10,,,96,87,0.9104
USR00239,2026-05-09,,,96,89,0.927
USR00239,2026-05-08,,,96,88,0.9138
USR00239,2026-05-07,,,96,90,0.9369
USR00239,2026-05-06,,,96,95,0.9855
USR00239,2026-05-05,,,96,92,0.9626
USR00239,2026-05-04,,,96,87,0.9022
USR00239,2026-05-03,,,96,90,0.937
USR00239,2026-05-02,,,96,91,0.9522
USR00239,2026-05-01,,,96,93,0.9675
USR00239,2026-04-30,,,96,89,0.9256
USR00239,2026-04-29,,,96,87,0.908
USR00239,2026-04-28,,,96,91,0.9435
USR00239,2026-04-27,,,96,92,0.9622
USR00239,2026-04-26,,,96,91,0.9522
USR00239,2026-04-25,,,96,88,0.9186
USR00239,2026-04-24,,,96,96,0.9978
USR00239,2026-04-23,,,96,90,0.9422
USR00240,2026-05-22,MP000130,MTR000130,96,92,0.961
USR00240,2026-05-21,MP000130,MTR000130,96,96,1.0
USR00240,2026-05-20,MP000130,MTR000130,96,96,0.998
USR00240,2026-05-19,MP000130,MTR000130,96,95,0.9903
USR00240,2026-05-18,MP000130,MTR000130,96,91,0.9463
USR00240,2026-05-17,MP000130,MTR000130,96,96,1.0
USR00240,2026-05-16,MP000130,MTR000130,96,96,1.0
USR00240,2026-05-15,MP000130,MTR000130,96,96,1.0
USR00240,2026-05-14,MP000130,MTR000130,96,94,0.982
USR00240,2026-05-13,MP000130,MTR000130,96,94,0.9786
USR00240,2026-05-12,MP000130,MTR000130,96,94,0.9754
USR00240,2026-05-11,MP000130,MTR000130,96,96,1.0
USR00240,2026-05-10,MP000130,MTR000130,96,93,0.9646
USR00240,2026-05-09,MP000130,MTR000130,96,91,0.9453
USR00240,2026-05-08,MP000130,MTR000130,96,93,0.9697
USR00240,2026-05-07,MP000130,MTR000130,96,93,0.9649
USR00240,2026-05-06,MP000130,MTR000130,96,96,1.0
USR00240,2026-05-05,MP000130,MTR000130,96,90,0.9402
USR00240,2026-05-04,MP000130,MTR000130,96,93,0.964
USR00240,2026-05-03,MP000130,MTR000130,96,95,0.9866
USR00240,2026-05-02,MP000130,MTR000130,96,96,1.0
USR00240,2026-05-01,MP000130,MTR000130,96,96,1.0
USR00240,2026-04-30,MP000130,MTR000130,96,96,1.0
USR00240,2026-04-29,MP000130,MTR000130,96,95,0.9913
USR00240,2026-04-28,MP000130,MTR000130,96,94,0.9748
USR00240,2026-04-27,MP000130,MTR000130,96,96,1.0
USR00240,2026-04-26,MP000130,MTR000130,96,90,0.9399
USR00240,2026-04-25,MP000130,MTR000130,96,89,0.9296
USR00240,2026-04-24,MP000130,MTR000130,96,96,1.0
USR00240,2026-04-23,MP000130,MTR000130,96,95,0.9872
USR00241,2026-05-22,,,96,92,0.9574
USR00241,2026-05-21,,,96,96,1.0
USR00241,2026-05-20,,,96,96,1.0
USR00241,2026-05-19,,,96,94,0.9821
USR00241,2026-05-18,,,96,95,0.9892
USR00241,2026-05-17,,,96,95,0.9934
USR00241,2026-05-16,,,96,92,0.9573
USR00241,2026-05-15,,,96,93,0.9714
USR00241,2026-05-14,,,96,95,0.9929
USR00241,2026-05-13,,,96,93,0.9702
USR00241,2026-05-12,,,96,90,0.9389
USR00241,2026-05-11,,,96,95,0.9918
USR00241,2026-05-10,,,96,96,1.0
USR00241,2026-05-09,,,96,96,1.0
USR00241,2026-05-08,,,96,96,0.999
USR00241,2026-05-07,,,96,96,1.0
USR00241,2026-05-06,,,96,96,1.0
USR00241,2026-05-05,,,96,95,0.9854
USR00241,2026-05-04,,,96,88,0.9194
USR00241,2026-05-03,,,96,96,1.0
USR00241,2026-05-02,,,96,92,0.9562
USR00241,2026-05-01,,,96,91,0.9491
USR00241,2026-04-30,,,96,91,0.9499
USR00241,2026-04-29,,,96,96,1.0
USR00241,2026-04-28,,,96,96,0.9962
USR00241,2026-04-27,,,96,91,0.9517
USR00241,2026-04-26,,,96,92,0.9625
USR00241,2026-04-25,,,96,94,0.983
USR00241,2026-04-24,,,96,96,0.9993
USR00241,2026-04-23,,,96,95,0.9914
USR00242,2026-05-22,MP000047,MTR000047,96,91,0.9449
USR00242,2026-05-21,MP000047,MTR000047,96,88,0.917
USR00242,2026-05-20,MP000047,MTR000047,96,93,0.9667
USR00242,2026-05-19,MP000047,MTR000047,96,90,0.937
USR00242,2026-05-18,MP000047,MTR000047,96,88,0.9126
USR00242,2026-05-17,MP000047,MTR000047,96,92,0.956
USR00242,2026-05-16,MP000047,MTR000047,96,91,0.9468
USR00242,2026-05-15,MP000047,MTR000047,96,88,0.9211
USR00242,2026-05-14,MP000047,MTR000047,96,92,0.9572
USR00242,2026-05-13,MP000047,MTR000047,96,92,0.9542
USR00242,2026-05-12,MP000047,MTR000047,96,93,0.9714
USR00242,2026-05-11,MP000047,MTR000047,96,92,0.9566
USR00242,2026-05-10,MP000047,MTR000047,96,89,0.9289
USR00242,2026-05-09,MP000047,MTR000047,96,85,0.8846
USR00242,2026-05-08,MP000047,MTR000047,96,90,0.9409
USR00242,2026-05-07,MP000047,MTR000047,96,91,0.9456
USR00242,2026-05-06,MP000047,MTR000047,96,90,0.9369
USR00242,2026-05-05,MP000047,MTR000047,96,81,0.845
USR00242,2026-05-04,MP000047,MTR000047,96,92,0.9557
USR00242,2026-05-03,MP000047,MTR000047,96,87,0.908
USR00242,2026-05-02,MP000047,MTR000047,96,92,0.9559
USR00242,2026-05-01,MP000047,MTR000047,96,95,0.9864
USR00242,2026-04-30,MP000047,MTR000047,96,89,0.9278
USR00242,2026-04-29,MP000047,MTR000047,96,91,0.9485
USR00242,2026-04-28,MP000047,MTR000047,96,90,0.9363
USR00242,2026-04-27,MP000047,MTR000047,96,91,0.9511
USR00242,2026-04-26,MP000047,MTR000047,96,90,0.9384
USR00242,2026-04-25,MP000047,MTR000047,96,88,0.9198
USR00242,2026-04-24,MP000047,MTR000047,96,87,0.9082
USR00242,2026-04-23,MP000047,MTR000047,96,94,0.9831
USR00243,2026-05-22,,,96,95,0.9863
USR00243,2026-05-21,,,96,93,0.9734
USR00243,2026-05-20,,,96,95,0.9907
USR00243,2026-05-19,,,96,90,0.9345
USR00243,2026-05-18,,,96,93,0.9639
USR00243,2026-05-17,,,96,94,0.9766
USR00243,2026-05-16,,,96,96,1.0
USR00243,2026-05-15,,,96,96,1.0
USR00243,2026-05-14,,,96,93,0.9736
USR00243,2026-05-13,,,96,90,0.9416
USR00243,2026-05-12,,,96,89,0.9255
USR00243,2026-05-11,,,96,90,0.9342
USR00243,2026-05-10,,,96,90,0.9382
USR00243,2026-05-09,,,96,84,0.8744
USR00243,2026-05-08,,,96,90,0.9411
USR00243,2026-05-07,,,96,94,0.9829
USR00243,2026-05-06,,,96,93,0.9637
USR00243,2026-05-05,,,96,92,0.9536
USR00243,2026-05-04,,,96,88,0.9127
USR00243,2026-05-03,,,96,95,0.9929
USR00243,2026-05-02,,,96,94,0.9767
USR00243,2026-05-01,,,96,92,0.961
USR00243,2026-04-30,,,96,86,0.8953
USR00243,2026-04-29,,,96,91,0.9467
USR00243,2026-04-28,,,96,94,0.9744
USR00243,2026-04-27,,,96,92,0.9605
USR00243,2026-04-26,,,96,93,0.9672
USR00243,2026-04-25,,,96,94,0.982
USR00243,2026-04-24,,,96,93,0.966
USR00243,2026-04-23,,,96,94,0.9809
USR00244,2026-05-22,MP000231,MTR000231,96,88,0.9172
USR00244,2026-05-21,MP000231,MTR000231,96,93,0.9683
USR00244,2026-05-20,MP000231,MTR000231,96,94,0.9744
USR00244,2026-05-19,MP000231,MTR000231,96,93,0.9695
USR00244,2026-05-18,MP000231,MTR000231,96,92,0.9579
USR00244,2026-05-17,MP000231,MTR000231,96,91,0.9442
USR00244,2026-05-16,MP000231,MTR000231,96,92,0.9603
USR00244,2026-05-15,MP000231,MTR000231,96,93,0.9653
USR00244,2026-05-14,MP000231,MTR000231,96,93,0.9671
USR00244,2026-05-13,MP000231,MTR000231,96,96,1.0
USR00244,2026-05-12,MP000231,MTR000231,96,89,0.9263
USR00244,2026-05-11,MP000231,MTR000231,96,96,1.0
USR00244,2026-05-10,MP000231,MTR000231,96,88,0.9162
USR00244,2026-05-09,MP000231,MTR000231,96,93,0.9655
USR00244,2026-05-08,MP000231,MTR000231,96,88,0.9181
USR00244,2026-05-07,MP000231,MTR000231,96,92,0.9631
USR00244,2026-05-06,MP000231,MTR000231,96,94,0.9834
USR00244,2026-05-05,MP000231,MTR000231,96,92,0.9549
USR00244,2026-05-04,MP000231,MTR000231,96,94,0.9831
USR00244,2026-05-03,MP000231,MTR000231,96,90,0.9412
USR00244,2026-05-02,MP000231,MTR000231,96,86,0.8924
USR00244,2026-05-01,MP000231,MTR000231,96,93,0.9727
USR00244,2026-04-30,MP000231,MTR000231,96,92,0.9549
USR00244,2026-04-29,MP000231,MTR000231,96,90,0.9395
USR00244,2026-04-28,MP000231,MTR000231,96,90,0.9416
USR00244,2026-04-27,MP000231,MTR000231,96,93,0.9661
USR00244,2026-04-26,MP000231,MTR000231,96,89,0.9295
USR00244,2026-04-25,MP000231,MTR000231,96,93,0.9652
USR00244,2026-04-24,MP000231,MTR000231,96,95,0.9896
USR00244,2026-04-23,MP000231,MTR000231,96,96,1.0
USR00245,2026-05-22,,,96,92,0.9532
USR00245,2026-05-21,,,96,92,0.9561
USR00245,2026-05-20,,,96,90,0.9363
USR00245,2026-05-19,,,96,90,0.9344
USR00245,2026-05-18,,,96,94,0.9745
USR00245,2026-05-17,,,96,90,0.9391
USR00245,2026-05-16,,,96,92,0.9593
USR00245,2026-05-15,,,96,88,0.9195
USR00245,2026-05-14,,,96,95,0.9895
USR00245,2026-05-13,,,96,90,0.9387
USR00245,2026-05-12,,,96,94,0.981
USR00245,2026-05-11,,,96,89,0.9272
USR00245,2026-05-10,,,96,89,0.9257
USR00245,2026-05-09,,,96,95,0.9882
USR00245,2026-05-08,,,96,89,0.9296
USR00245,2026-05-07,,,96,87,0.9013
USR00245,2026-05-06,,,96,88,0.9172
USR00245,2026-05-05,,,96,94,0.9741
USR00245,2026-05-04,,,96,93,0.9712
USR00245,2026-05-03,,,96,89,0.9255
USR00245,2026-05-02,,,96,89,0.9294
USR00245,2026-05-01,,,96,93,0.9685
USR00245,2026-04-30,,,96,95,0.9878
USR00245,2026-04-29,,,96,91,0.9463
USR00245,2026-04-28,,,96,93,0.965
USR00245,2026-04-27,,,96,94,0.9746
USR00245,2026-04-26,,,96,96,1.0
USR00245,2026-04-25,,,96,88,0.9137
USR00245,2026-04-24,,,96,89,0.9283
USR00245,2026-04-23,,,96,90,0.9332
USR00246,2026-05-22,,,96,92,0.9566
USR00246,2026-05-21,,,96,93,0.9735
USR00246,2026-05-20,,,96,93,0.9678
USR00246,2026-05-19,,,96,93,0.9642
USR00246,2026-05-18,,,96,93,0.9673
USR00246,2026-05-17,,,96,96,0.995
USR00246,2026-05-16,,,96,90,0.935
USR00246,2026-05-15,,,96,92,0.9597
USR00246,2026-05-14,,,96,89,0.9277
USR00246,2026-05-13,,,96,93,0.9709
USR00246,2026-05-12,,,96,92,0.9583
USR00246,2026-05-11,,,96,96,0.9962
USR00246,2026-05-10,,,96,93,0.964
USR00246,2026-05-09,,,96,91,0.9508
USR00246,2026-05-08,,,96,92,0.9567
USR00246,2026-05-07,,,96,96,1.0
USR00246,2026-05-06,,,96,88,0.917
USR00246,2026-05-05,,,96,91,0.9453
USR00246,2026-05-04,,,96,93,0.9652
USR00246,2026-05-03,,,96,91,0.945
USR00246,2026-05-02,,,96,94,0.9788
USR00246,2026-05-01,,,96,92,0.9624
USR00246,2026-04-30,,,96,93,0.9718
USR00246,2026-04-29,,,96,93,0.9677
USR00246,2026-04-28,,,96,92,0.961
USR00246,2026-04-27,,,96,89,0.9254
USR00246,2026-04-26,,,96,93,0.9694
USR00246,2026-04-25,,,96,87,0.9112
USR00246,2026-04-24,,,96,91,0.944
USR00246,2026-04-23,,,96,94,0.9788
USR00247,2026-05-22,,,96,96,0.995
USR00247,2026-05-21,,,96,88,0.9117
USR00247,2026-05-20,,,96,86,0.8986
USR00247,2026-05-19,,,96,90,0.9402
USR00247,2026-05-18,,,96,94,0.9806
USR00247,2026-05-17,,,96,93,0.9705
USR00247,2026-05-16,,,96,86,0.8935
USR00247,2026-05-15,,,96,88,0.9203
USR00247,2026-05-14,,,96,91,0.95
USR00247,2026-05-13,,,96,91,0.9521
USR00247,2026-05-12,,,96,90,0.9423
USR00247,2026-05-11,,,96,87,0.9111
USR00247,2026-05-10,,,96,90,0.942
USR00247,2026-05-09,,,96,91,0.9524
USR00247,2026-05-08,,,96,86,0.8966
USR00247,2026-05-07,,,96,93,0.9644
USR00247,2026-05-06,,,96,92,0.9543
USR00247,2026-05-05,,,96,87,0.9023
USR00247,2026-05-04,,,96,91,0.9523
USR00247,2026-05-03,,,96,91,0.9489
USR00247,2026-05-02,,,96,91,0.9501
USR00247,2026-05-01,,,96,93,0.9718
USR00247,2026-04-30,,,96,89,0.9242
USR00247,2026-04-29,,,96,90,0.9345
USR00247,2026-04-28,,,96,81,0.8454
USR00247,2026-04-27,,,96,92,0.958
USR00247,2026-04-26,,,96,92,0.9551
USR00247,2026-04-25,,,96,93,0.9652
USR00247,2026-04-24,,,96,86,0.8964
USR00247,2026-04-23,,,96,92,0.9534
USR00248,2026-05-22,,,96,92,0.9556
USR00248,2026-05-21,,,96,96,1.0
USR00248,2026-05-20,,,96,95,0.989
USR00248,2026-05-19,,,96,89,0.9242
USR00248,2026-05-18,,,96,95,0.9927
USR00248,2026-05-17,,,96,91,0.9521
USR00248,2026-05-16,,,96,89,0.9249
USR00248,2026-05-15,,,96,95,0.9861
USR00248,2026-05-14,,,96,93,0.9732
USR00248,2026-05-13,,,96,96,1.0
USR00248,2026-05-12,,,96,94,0.9806
USR00248,2026-05-11,,,96,96,0.9985
USR00248,2026-05-10,,,96,95,0.9904
USR00248,2026-05-09,,,96,96,1.0
USR00248,2026-05-08,,,96,91,0.9486
USR00248,2026-05-07,,,96,94,0.9811
USR00248,2026-05-06,,,96,93,0.9709
USR00248,2026-05-05,,,96,95,0.9948
USR00248,2026-05-04,,,96,94,0.9828
USR00248,2026-05-03,,,96,92,0.9567
USR00248,2026-05-02,,,96,93,0.965
USR00248,2026-05-01,,,96,96,1.0
USR00248,2026-04-30,,,96,89,0.9243
USR00248,2026-04-29,,,96,96,0.9964
USR00248,2026-04-28,,,96,96,1.0
USR00248,2026-04-27,,,96,95,0.9925
USR00248,2026-04-26,,,96,96,1.0
USR00248,2026-04-25,,,96,96,1.0
USR00248,2026-04-24,,,96,95,0.9867
USR00248,2026-04-23,,,96,92,0.9611
USR00249,2026-05-22,MP000559,MTR000559,96,93,0.9723
USR00249,2026-05-21,MP000559,MTR000559,96,91,0.9519
USR00249,2026-05-20,MP000559,MTR000559,96,89,0.9295
USR00249,2026-05-19,MP000559,MTR000559,96,88,0.9157
USR00249,2026-05-18,MP000559,MTR000559,96,92,0.9574
USR00249,2026-05-17,MP000559,MTR000559,96,87,0.9074
USR00249,2026-05-16,MP000559,MTR000559,96,90,0.9377
USR00249,2026-05-15,MP000559,MTR000559,96,84,0.8788
USR00249,2026-05-14,MP000559,MTR000559,96,94,0.9768
USR00249,2026-05-13,MP000559,MTR000559,96,95,0.9864
USR00249,2026-05-12,MP000559,MTR000559,96,92,0.9542
USR00249,2026-05-11,MP000559,MTR000559,96,96,1.0
USR00249,2026-05-10,MP000559,MTR000559,96,95,0.9922
USR00249,2026-05-09,MP000559,MTR000559,96,93,0.9662
USR00249,2026-05-08,MP000559,MTR000559,96,91,0.9484
USR00249,2026-05-07,MP000559,MTR000559,96,90,0.9413
USR00249,2026-05-06,MP000559,MTR000559,96,93,0.9687
USR00249,2026-05-05,MP000559,MTR000559,96,91,0.9476
USR00249,2026-05-04,MP000559,MTR000559,96,93,0.9682
USR00249,2026-05-03,MP000559,MTR000559,96,93,0.9705
USR00249,2026-05-02,MP000559,MTR000559,96,91,0.9449
USR00249,2026-05-01,MP000559,MTR000559,96,95,0.9847
USR00249,2026-04-30,MP000559,MTR000559,96,91,0.9449
USR00249,2026-04-29,MP000559,MTR000559,96,91,0.9524
USR00249,2026-04-28,MP000559,MTR000559,96,89,0.9225
USR00249,2026-04-27,MP000559,MTR000559,96,91,0.9437
USR00249,2026-04-26,MP000559,MTR000559,96,96,1.0
USR00249,2026-04-25,MP000559,MTR000559,96,89,0.9248
USR00249,2026-04-24,MP000559,MTR000559,96,93,0.9649
USR00249,2026-04-23,MP000559,MTR000559,96,90,0.9382
USR00250,2026-05-22,,,96,96,0.9958
USR00250,2026-05-21,,,96,92,0.9624
USR00250,2026-05-20,,,96,95,0.9886
USR00250,2026-05-19,,,96,96,1.0
USR00250,2026-05-18,,,96,95,0.9861
USR00250,2026-05-17,,,96,95,0.9889
USR00250,2026-05-16,,,96,91,0.953
USR00250,2026-05-15,,,96,96,1.0
USR00250,2026-05-14,,,96,93,0.9734
USR00250,2026-05-13,,,96,88,0.9191
USR00250,2026-05-12,,,96,96,1.0
USR00250,2026-05-11,,,96,96,1.0
USR00250,2026-05-10,,,96,96,1.0
USR00250,2026-05-09,,,96,96,1.0
USR00250,2026-05-08,,,96,96,1.0
USR00250,2026-05-07,,,96,95,0.9945
USR00250,2026-05-06,,,96,96,1.0
USR00250,2026-05-05,,,96,91,0.9525
USR00250,2026-05-04,,,96,89,0.9289
USR00250,2026-05-03,,,96,93,0.9648
USR00250,2026-05-02,,,96,96,1.0
USR00250,2026-05-01,,,96,92,0.9592
USR00250,2026-04-30,,,96,95,0.993
USR00250,2026-04-29,,,96,96,0.9963
USR00250,2026-04-28,,,96,95,0.9864
USR00250,2026-04-27,,,96,90,0.9407
USR00250,2026-04-26,,,96,95,0.9893
USR00250,2026-04-25,,,96,93,0.9664
USR00250,2026-04-24,,,96,96,1.0
USR00250,2026-04-23,,,96,96,1.0
USR00251,2026-05-22,MP000034,MTR000034,96,96,1.0
USR00251,2026-05-21,MP000034,MTR000034,96,93,0.9734
USR00251,2026-05-20,MP000034,MTR000034,96,88,0.9129
USR00251,2026-05-19,MP000034,MTR000034,96,92,0.9607
USR00251,2026-05-18,MP000034,MTR000034,96,96,1.0
USR00251,2026-05-17,MP000034,MTR000034,96,90,0.9385
USR00251,2026-05-16,MP000034,MTR000034,96,92,0.961
USR00251,2026-05-15,MP000034,MTR000034,96,89,0.9223
USR00251,2026-05-14,MP000034,MTR000034,96,89,0.927
USR00251,2026-05-13,MP000034,MTR000034,96,90,0.9381
USR00251,2026-05-12,MP000034,MTR000034,96,89,0.9263
USR00251,2026-05-11,MP000034,MTR000034,96,91,0.9445
USR00251,2026-05-10,MP000034,MTR000034,96,96,1.0
USR00251,2026-05-09,MP000034,MTR000034,96,92,0.962
USR00251,2026-05-08,MP000034,MTR000034,96,95,0.9866
USR00251,2026-05-07,MP000034,MTR000034,96,96,0.9958
USR00251,2026-05-06,MP000034,MTR000034,96,89,0.9298
USR00251,2026-05-05,MP000034,MTR000034,96,90,0.9381
USR00251,2026-05-04,MP000034,MTR000034,96,95,0.9861
USR00251,2026-05-03,MP000034,MTR000034,96,91,0.9441
USR00251,2026-05-02,MP000034,MTR000034,96,94,0.9841
USR00251,2026-05-01,MP000034,MTR000034,96,96,1.0
USR00251,2026-04-30,MP000034,MTR000034,96,88,0.9194
USR00251,2026-04-29,MP000034,MTR000034,96,91,0.9524
USR00251,2026-04-28,MP000034,MTR000034,96,92,0.9571
USR00251,2026-04-27,MP000034,MTR000034,96,91,0.9473
USR00251,2026-04-26,MP000034,MTR000034,96,91,0.9448
USR00251,2026-04-25,MP000034,MTR000034,96,91,0.9483
USR00251,2026-04-24,MP000034,MTR000034,96,92,0.9626
USR00251,2026-04-23,MP000034,MTR000034,96,93,0.968
USR00252,2026-05-22,MP000299,MTR000299,96,95,0.9939
USR00252,2026-05-21,MP000299,MTR000299,96,96,1.0
USR00252,2026-05-20,MP000299,MTR000299,96,94,0.9769
USR00252,2026-05-19,MP000299,MTR000299,96,92,0.9586
USR00252,2026-05-18,MP000299,MTR000299,96,95,0.9855
USR00252,2026-05-17,MP000299,MTR000299,96,96,1.0
USR00252,2026-05-16,MP000299,MTR000299,96,96,1.0
USR00252,2026-05-15,MP000299,MTR000299,96,96,1.0
USR00252,2026-05-14,MP000299,MTR000299,96,96,1.0
USR00252,2026-05-13,MP000299,MTR000299,96,96,1.0
USR00252,2026-05-12,MP000299,MTR000299,96,96,1.0
USR00252,2026-05-11,MP000299,MTR000299,96,93,0.9713
USR00252,2026-05-10,MP000299,MTR000299,96,95,0.9883
USR00252,2026-05-09,MP000299,MTR000299,96,96,1.0
USR00252,2026-05-08,MP000299,MTR000299,96,96,1.0
USR00252,2026-05-07,MP000299,MTR000299,96,96,1.0
USR00252,2026-05-06,MP000299,MTR000299,96,96,1.0
USR00252,2026-05-05,MP000299,MTR000299,96,92,0.9546
USR00252,2026-05-04,MP000299,MTR000299,96,94,0.9752
USR00252,2026-05-03,MP000299,MTR000299,96,93,0.9643
USR00252,2026-05-02,MP000299,MTR000299,96,96,1.0
USR00252,2026-05-01,MP000299,MTR000299,96,94,0.9836
USR00252,2026-04-30,MP000299,MTR000299,96,96,0.9975
USR00252,2026-04-29,MP000299,MTR000299,96,95,0.9853
USR00252,2026-04-28,MP000299,MTR000299,96,91,0.9458
USR00252,2026-04-27,MP000299,MTR000299,96,96,1.0
USR00252,2026-04-26,MP000299,MTR000299,96,90,0.9418
USR00252,2026-04-25,MP000299,MTR000299,96,93,0.9728
USR00252,2026-04-24,MP000299,MTR000299,96,92,0.9552
USR00252,2026-04-23,MP000299,MTR000299,96,93,0.9682
USR00253,2026-05-22,MP000463,MTR000463,96,96,1.0
USR00253,2026-05-21,MP000463,MTR000463,96,91,0.9464
USR00253,2026-05-20,MP000463,MTR000463,96,94,0.9766
USR00253,2026-05-19,MP000463,MTR000463,96,90,0.9408
USR00253,2026-05-18,MP000463,MTR000463,96,94,0.9751
USR00253,2026-05-17,MP000463,MTR000463,96,96,0.9954
USR00253,2026-05-16,MP000463,MTR000463,96,96,1.0
USR00253,2026-05-15,MP000463,MTR000463,96,89,0.9297
USR00253,2026-05-14,MP000463,MTR000463,96,96,1.0
USR00253,2026-05-13,MP000463,MTR000463,96,93,0.9641
USR00253,2026-05-12,MP000463,MTR000463,96,92,0.9568
USR00253,2026-05-11,MP000463,MTR000463,96,96,0.9953
USR00253,2026-05-10,MP000463,MTR000463,96,96,1.0
USR00253,2026-05-09,MP000463,MTR000463,96,95,0.9903
USR00253,2026-05-08,MP000463,MTR000463,96,92,0.9605
USR00253,2026-05-07,MP000463,MTR000463,96,95,0.9902
USR00253,2026-05-06,MP000463,MTR000463,96,93,0.9715
USR00253,2026-05-05,MP000463,MTR000463,96,96,1.0
USR00253,2026-05-04,MP000463,MTR000463,96,96,1.0
USR00253,2026-05-03,MP000463,MTR000463,96,96,1.0
USR00253,2026-05-02,MP000463,MTR000463,96,95,0.9927
USR00253,2026-05-01,MP000463,MTR000463,96,96,1.0
USR00253,2026-04-30,MP000463,MTR000463,96,92,0.9626
USR00253,2026-04-29,MP000463,MTR000463,96,96,1.0
USR00253,2026-04-28,MP000463,MTR000463,96,92,0.9625
USR00253,2026-04-27,MP000463,MTR000463,96,90,0.9324
USR00253,2026-04-26,MP000463,MTR000463,96,96,1.0
USR00253,2026-04-25,MP000463,MTR000463,96,93,0.972
USR00253,2026-04-24,MP000463,MTR000463,96,96,0.9968
USR00253,2026-04-23,MP000463,MTR000463,96,92,0.9623
USR00254,2026-05-22,MP000158,MTR000158,96,96,1.0
USR00254,2026-05-21,MP000158,MTR000158,96,96,1.0
USR00254,2026-05-20,MP000158,MTR000158,96,94,0.9818
USR00254,2026-05-19,MP000158,MTR000158,96,96,1.0
USR00254,2026-05-18,MP000158,MTR000158,96,94,0.9775
USR00254,2026-05-17,MP000158,MTR000158,96,96,1.0
USR00254,2026-05-16,MP000158,MTR000158,96,93,0.9668
USR00254,2026-05-15,MP000158,MTR000158,96,96,1.0
USR00254,2026-05-14,MP000158,MTR000158,96,93,0.9653
USR00254,2026-05-13,MP000158,MTR000158,96,93,0.9687
USR00254,2026-05-12,MP000158,MTR000158,96,93,0.9651
USR00254,2026-05-11,MP000158,MTR000158,96,95,0.9849
USR00254,2026-05-10,MP000158,MTR000158,96,93,0.9675
USR00254,2026-05-09,MP000158,MTR000158,96,95,0.9937
USR00254,2026-05-08,MP000158,MTR000158,96,93,0.9647
USR00254,2026-05-07,MP000158,MTR000158,96,96,1.0
USR00254,2026-05-06,MP000158,MTR000158,96,96,1.0
USR00254,2026-05-05,MP000158,MTR000158,96,94,0.9815
USR00254,2026-05-04,MP000158,MTR000158,96,96,1.0
USR00254,2026-05-03,MP000158,MTR000158,96,96,1.0
USR00254,2026-05-02,MP000158,MTR000158,96,96,1.0
USR00254,2026-05-01,MP000158,MTR000158,96,94,0.9773
USR00254,2026-04-30,MP000158,MTR000158,96,89,0.9293
USR00254,2026-04-29,MP000158,MTR000158,96,92,0.9579
USR00254,2026-04-28,MP000158,MTR000158,96,92,0.961
USR00254,2026-04-27,MP000158,MTR000158,96,91,0.9505
USR00254,2026-04-26,MP000158,MTR000158,96,88,0.9133
USR00254,2026-04-25,MP000158,MTR000158,96,96,1.0
USR00254,2026-04-24,MP000158,MTR000158,96,89,0.9233
USR00254,2026-04-23,MP000158,MTR000158,96,96,1.0
USR00255,2026-05-22,,,96,93,0.9637
USR00255,2026-05-21,,,96,96,0.9987
USR00255,2026-05-20,,,96,94,0.9751
USR00255,2026-05-19,,,96,96,1.0
USR00255,2026-05-18,,,96,91,0.9513
USR00255,2026-05-17,,,96,94,0.9831
USR00255,2026-05-16,,,96,96,1.0
USR00255,2026-05-15,,,96,95,0.9856
USR00255,2026-05-14,,,96,90,0.9382
USR00255,2026-05-13,,,96,96,1.0
USR00255,2026-05-12,,,96,91,0.9482
USR00255,2026-05-11,,,96,95,0.9894
USR00255,2026-05-10,,,96,96,1.0
USR00255,2026-05-09,,,96,95,0.9907
USR00255,2026-05-08,,,96,96,1.0
USR00255,2026-05-07,,,96,96,1.0
USR00255,2026-05-06,,,96,94,0.981
USR00255,2026-05-05,,,96,96,1.0
USR00255,2026-05-04,,,96,95,0.9934
USR00255,2026-05-03,,,96,95,0.9884
USR00255,2026-05-02,,,96,95,0.9944
USR00255,2026-05-01,,,96,94,0.9741
USR00255,2026-04-30,,,96,95,0.9935
USR00255,2026-04-29,,,96,93,0.9719
USR00255,2026-04-28,,,96,89,0.9302
USR00255,2026-04-27,,,96,96,1.0
USR00255,2026-04-26,,,96,93,0.9701
USR00255,2026-04-25,,,96,95,0.9913
USR00255,2026-04-24,,,96,93,0.9643
USR00255,2026-04-23,,,96,93,0.9652
USR00256,2026-05-22,MP000150,MTR000150,96,96,1.0
USR00256,2026-05-21,MP000150,MTR000150,96,96,1.0
USR00256,2026-05-20,MP000150,MTR000150,96,94,0.9782
USR00256,2026-05-19,MP000150,MTR000150,96,92,0.9613
USR00256,2026-05-18,MP000150,MTR000150,96,89,0.9266
USR00256,2026-05-17,MP000150,MTR000150,96,96,1.0
USR00256,2026-05-16,MP000150,MTR000150,96,92,0.9571
USR00256,2026-05-15,MP000150,MTR000150,96,91,0.9439
USR00256,2026-05-14,MP000150,MTR000150,96,94,0.9783
USR00256,2026-05-13,MP000150,MTR000150,96,93,0.9674
USR00256,2026-05-12,MP000150,MTR000150,96,89,0.9319
USR00256,2026-05-11,MP000150,MTR000150,96,90,0.936
USR00256,2026-05-10,MP000150,MTR000150,96,95,0.9875
USR00256,2026-05-09,MP000150,MTR000150,96,92,0.9577
USR00256,2026-05-08,MP000150,MTR000150,96,95,0.9927
USR00256,2026-05-07,MP000150,MTR000150,96,94,0.9818
USR00256,2026-05-06,MP000150,MTR000150,96,96,1.0
USR00256,2026-05-05,MP000150,MTR000150,96,91,0.9525
USR00256,2026-05-04,MP000150,MTR000150,96,95,0.9844
USR00256,2026-05-03,MP000150,MTR000150,96,96,0.9966
USR00256,2026-05-02,MP000150,MTR000150,96,92,0.9586
USR00256,2026-05-01,MP000150,MTR000150,96,96,1.0
USR00256,2026-04-30,MP000150,MTR000150,96,89,0.9274
USR00256,2026-04-29,MP000150,MTR000150,96,91,0.9524
USR00256,2026-04-28,MP000150,MTR000150,96,89,0.9263
USR00256,2026-04-27,MP000150,MTR000150,96,92,0.9553
USR00256,2026-04-26,MP000150,MTR000150,96,93,0.9728
USR00256,2026-04-25,MP000150,MTR000150,96,96,1.0
USR00256,2026-04-24,MP000150,MTR000150,96,93,0.9728
USR00256,2026-04-23,MP000150,MTR000150,96,92,0.9596
USR00257,2026-05-22,,,96,90,0.9326
USR00257,2026-05-21,,,96,94,0.9783
USR00257,2026-05-20,,,96,96,0.9954
USR00257,2026-05-19,,,96,92,0.9564
USR00257,2026-05-18,,,96,96,1.0
USR00257,2026-05-17,,,96,90,0.9405
USR00257,2026-05-16,,,96,92,0.9573
USR00257,2026-05-15,,,96,92,0.9598
USR00257,2026-05-14,,,96,96,1.0
USR00257,2026-05-13,,,96,93,0.973
USR00257,2026-05-12,,,96,88,0.915
USR00257,2026-05-11,,,96,96,0.9975
USR00257,2026-05-10,,,96,96,1.0
USR00257,2026-05-09,,,96,92,0.9615
USR00257,2026-05-08,,,96,90,0.9421
USR00257,2026-05-07,,,96,96,0.9949
USR00257,2026-05-06,,,96,96,1.0
USR00257,2026-05-05,,,96,95,0.9944
USR00257,2026-05-04,,,96,88,0.9203
USR00257,2026-05-03,,,96,95,0.9916
USR00257,2026-05-02,,,96,94,0.9811
USR00257,2026-05-01,,,96,90,0.9403
USR00257,2026-04-30,,,96,96,1.0
USR00257,2026-04-29,,,96,94,0.9821
USR00257,2026-04-28,,,96,96,1.0
USR00257,2026-04-27,,,96,90,0.9371
USR00257,2026-04-26,,,96,94,0.9809
USR00257,2026-04-25,,,96,90,0.9421
USR00257,2026-04-24,,,96,94,0.9764
USR00257,2026-04-23,,,96,96,1.0
USR00258,2026-05-22,MP000512,MTR000512,96,86,0.8982
USR00258,2026-05-21,MP000512,MTR000512,96,93,0.968
USR00258,2026-05-20,MP000512,MTR000512,96,90,0.9389
USR00258,2026-05-19,MP000512,MTR000512,96,94,0.9744
USR00258,2026-05-18,MP000512,MTR000512,96,88,0.9151
USR00258,2026-05-17,MP000512,MTR000512,96,90,0.9408
USR00258,2026-05-16,MP000512,MTR000512,96,92,0.9599
USR00258,2026-05-15,MP000512,MTR000512,96,91,0.9456
USR00258,2026-05-14,MP000512,MTR000512,96,85,0.8856
USR00258,2026-05-13,MP000512,MTR000512,96,96,1.0
USR00258,2026-05-12,MP000512,MTR000512,96,91,0.9457
USR00258,2026-05-11,MP000512,MTR000512,96,86,0.8991
USR00258,2026-05-10,MP000512,MTR000512,96,91,0.9487
USR00258,2026-05-09,MP000512,MTR000512,96,91,0.9522
USR00258,2026-05-08,MP000512,MTR000512,96,93,0.9691
USR00258,2026-05-07,MP000512,MTR000512,96,93,0.9671
USR00258,2026-05-06,MP000512,MTR000512,96,90,0.9329
USR00258,2026-05-05,MP000512,MTR000512,96,85,0.8876
USR00258,2026-05-04,MP000512,MTR000512,96,92,0.9531
USR00258,2026-05-03,MP000512,MTR000512,96,85,0.89
USR00258,2026-05-02,MP000512,MTR000512,96,94,0.9757
USR00258,2026-05-01,MP000512,MTR000512,96,88,0.9173
USR00258,2026-04-30,MP000512,MTR000512,96,92,0.9583
USR00258,2026-04-29,MP000512,MTR000512,96,88,0.9196
USR00258,2026-04-28,MP000512,MTR000512,96,89,0.9245
USR00258,2026-04-27,MP000512,MTR000512,96,88,0.9153
USR00258,2026-04-26,MP000512,MTR000512,96,92,0.9608
USR00258,2026-04-25,MP000512,MTR000512,96,88,0.9207
USR00258,2026-04-24,MP000512,MTR000512,96,92,0.9623
USR00258,2026-04-23,MP000512,MTR000512,96,88,0.9214
USR00259,2026-05-22,,,96,92,0.9633
USR00259,2026-05-21,,,96,93,0.9668
USR00259,2026-05-20,,,96,90,0.9345
USR00259,2026-05-19,,,96,94,0.9833
USR00259,2026-05-18,,,96,92,0.954
USR00259,2026-05-17,,,96,94,0.9785
USR00259,2026-05-16,,,96,92,0.9617
USR00259,2026-05-15,,,96,94,0.9798
USR00259,2026-05-14,,,96,91,0.9498
USR00259,2026-05-13,,,96,90,0.9385
USR00259,2026-05-12,,,96,94,0.975
USR00259,2026-05-11,,,96,91,0.9474
USR00259,2026-05-10,,,96,96,1.0
USR00259,2026-05-09,,,96,93,0.9642
USR00259,2026-05-08,,,96,88,0.921
USR00259,2026-05-07,,,96,91,0.9446
USR00259,2026-05-06,,,96,89,0.9322
USR00259,2026-05-05,,,96,95,0.9944
USR00259,2026-05-04,,,96,95,0.9854
USR00259,2026-05-03,,,96,92,0.9604
USR00259,2026-05-02,,,96,93,0.9709
USR00259,2026-05-01,,,96,92,0.9596
USR00259,2026-04-30,,,96,95,0.988
USR00259,2026-04-29,,,96,94,0.9778
USR00259,2026-04-28,,,96,94,0.9832
USR00259,2026-04-27,,,96,92,0.9564
USR00259,2026-04-26,,,96,91,0.9432
USR00259,2026-04-25,,,96,94,0.9821
USR00259,2026-04-24,,,96,96,1.0
USR00259,2026-04-23,,,96,96,0.9954
USR00260,2026-05-22,,,96,93,0.9645
USR00260,2026-05-21,,,96,89,0.9305
USR00260,2026-05-20,,,96,90,0.9332
USR00260,2026-05-19,,,96,96,1.0
USR00260,2026-05-18,,,96,87,0.9038
USR00260,2026-05-17,,,96,96,1.0
USR00260,2026-05-16,,,96,90,0.936
USR00260,2026-05-15,,,96,96,1.0
USR00260,2026-05-14,,,96,92,0.9575
USR00260,2026-05-13,,,96,94,0.9813
USR00260,2026-05-12,,,96,96,1.0
USR00260,2026-05-11,,,96,91,0.9497
USR00260,2026-05-10,,,96,91,0.9492
USR00260,2026-05-09,,,96,90,0.9388
USR00260,2026-05-08,,,96,89,0.9296
USR00260,2026-05-07,,,96,91,0.9497
USR00260,2026-05-06,,,96,91,0.943
USR00260,2026-05-05,,,96,89,0.9221
USR00260,2026-05-04,,,96,92,0.9533
USR00260,2026-05-03,,,96,93,0.9731
USR00260,2026-05-02,,,96,90,0.9327
USR00260,2026-05-01,,,96,92,0.9547
USR00260,2026-04-30,,,96,96,1.0
USR00260,2026-04-29,,,96,88,0.917
USR00260,2026-04-28,,,96,96,1.0
USR00260,2026-04-27,,,96,90,0.9394
USR00260,2026-04-26,,,96,93,0.9656
USR00260,2026-04-25,,,96,96,0.998
USR00260,2026-04-24,,,96,96,1.0
USR00260,2026-04-23,,,96,93,0.9737
USR00261,2026-05-22,MP000080,MTR000080,96,90,0.9355
USR00261,2026-05-21,MP000080,MTR000080,96,90,0.9418
USR00261,2026-05-20,MP000080,MTR000080,96,96,1.0
USR00261,2026-05-19,MP000080,MTR000080,96,91,0.9475
USR00261,2026-05-18,MP000080,MTR000080,96,93,0.9687
USR00261,2026-05-17,MP000080,MTR000080,96,89,0.9277
USR00261,2026-05-16,MP000080,MTR000080,96,89,0.9243
USR00261,2026-05-15,MP000080,MTR000080,96,92,0.9598
USR00261,2026-05-14,MP000080,MTR000080,96,91,0.9493
USR00261,2026-05-13,MP000080,MTR000080,96,91,0.9514
USR00261,2026-05-12,MP000080,MTR000080,96,88,0.9146
USR00261,2026-05-11,MP000080,MTR000080,96,92,0.9568
USR00261,2026-05-10,MP000080,MTR000080,96,96,1.0
USR00261,2026-05-09,MP000080,MTR000080,96,90,0.9334
USR00261,2026-05-08,MP000080,MTR000080,96,95,0.9859
USR00261,2026-05-07,MP000080,MTR000080,96,82,0.8551
USR00261,2026-05-06,MP000080,MTR000080,96,90,0.9349
USR00261,2026-05-05,MP000080,MTR000080,96,87,0.9017
USR00261,2026-05-04,MP000080,MTR000080,96,96,0.9961
USR00261,2026-05-03,MP000080,MTR000080,96,95,0.9854
USR00261,2026-05-02,MP000080,MTR000080,96,89,0.928
USR00261,2026-05-01,MP000080,MTR000080,96,93,0.9677
USR00261,2026-04-30,MP000080,MTR000080,96,96,0.9951
USR00261,2026-04-29,MP000080,MTR000080,96,96,0.9997
USR00261,2026-04-28,MP000080,MTR000080,96,91,0.9468
USR00261,2026-04-27,MP000080,MTR000080,96,86,0.8927
USR00261,2026-04-26,MP000080,MTR000080,96,89,0.932
USR00261,2026-04-25,MP000080,MTR000080,96,94,0.982
USR00261,2026-04-24,MP000080,MTR000080,96,96,1.0
USR00261,2026-04-23,MP000080,MTR000080,96,92,0.9574
USR00262,2026-05-22,,,96,96,1.0
USR00262,2026-05-21,,,96,95,0.9894
USR00262,2026-05-20,,,96,90,0.9404
USR00262,2026-05-19,,,96,93,0.9737
USR00262,2026-05-18,,,96,96,1.0
USR00262,2026-05-17,,,96,94,0.9752
USR00262,2026-05-16,,,96,96,1.0
USR00262,2026-05-15,,,96,89,0.9291
USR00262,2026-05-14,,,96,90,0.9342
USR00262,2026-05-13,,,96,92,0.9552
USR00262,2026-05-12,,,96,93,0.9688
USR00262,2026-05-11,,,96,95,0.9873
USR00262,2026-05-10,,,96,96,0.9964
USR00262,2026-05-09,,,96,96,1.0
USR00262,2026-05-08,,,96,92,0.9551
USR00262,2026-05-07,,,96,93,0.9679
USR00262,2026-05-06,,,96,92,0.956
USR00262,2026-05-05,,,96,96,1.0
USR00262,2026-05-04,,,96,96,1.0
USR00262,2026-05-03,,,96,93,0.9638
USR00262,2026-05-02,,,96,96,1.0
USR00262,2026-05-01,,,96,92,0.956
USR00262,2026-04-30,,,96,96,1.0
USR00262,2026-04-29,,,96,96,1.0
USR00262,2026-04-28,,,96,90,0.9364
USR00262,2026-04-27,,,96,95,0.9946
USR00262,2026-04-26,,,96,86,0.8955
USR00262,2026-04-25,,,96,96,1.0
USR00262,2026-04-24,,,96,91,0.9442
USR00262,2026-04-23,,,96,95,0.9943
USR00263,2026-05-22,MP000085,MTR000085,96,94,0.9776
USR00263,2026-05-21,MP000085,MTR000085,96,93,0.9707
USR00263,2026-05-20,MP000085,MTR000085,96,91,0.9457
USR00263,2026-05-19,MP000085,MTR000085,96,90,0.9326
USR00263,2026-05-18,MP000085,MTR000085,96,90,0.9418
USR00263,2026-05-17,MP000085,MTR000085,96,87,0.9105
USR00263,2026-05-16,MP000085,MTR000085,96,90,0.9377
USR00263,2026-05-15,MP000085,MTR000085,96,90,0.9353
USR00263,2026-05-14,MP000085,MTR000085,96,88,0.9204
USR00263,2026-05-13,MP000085,MTR000085,96,86,0.8918
USR00263,2026-05-12,MP000085,MTR000085,96,87,0.9057
USR00263,2026-05-11,MP000085,MTR000085,96,82,0.8495
USR00263,2026-05-10,MP000085,MTR000085,96,90,0.9348
USR00263,2026-05-09,MP000085,MTR000085,96,92,0.9548
USR00263,2026-05-08,MP000085,MTR000085,96,83,0.8635
USR00263,2026-05-07,MP000085,MTR000085,96,91,0.9511
USR00263,2026-05-06,MP000085,MTR000085,96,90,0.9403
USR00263,2026-05-05,MP000085,MTR000085,96,87,0.9087
USR00263,2026-05-04,MP000085,MTR000085,96,89,0.9311
USR00263,2026-05-03,MP000085,MTR000085,96,94,0.9755
USR00263,2026-05-02,MP000085,MTR000085,96,88,0.9148
USR00263,2026-05-01,MP000085,MTR000085,96,91,0.9464
USR00263,2026-04-30,MP000085,MTR000085,96,92,0.9544
USR00263,2026-04-29,MP000085,MTR000085,96,88,0.9194
USR00263,2026-04-28,MP000085,MTR000085,96,94,0.9743
USR00263,2026-04-27,MP000085,MTR000085,96,92,0.9561
USR00263,2026-04-26,MP000085,MTR000085,96,90,0.9365
USR00263,2026-04-25,MP000085,MTR000085,96,96,1.0
USR00263,2026-04-24,MP000085,MTR000085,96,94,0.9744
USR00263,2026-04-23,MP000085,MTR000085,96,86,0.8934
USR00264,2026-05-22,MP000144,MTR000144,96,96,1.0
USR00264,2026-05-21,MP000144,MTR000144,96,87,0.9032
USR00264,2026-05-20,MP000144,MTR000144,96,90,0.9347
USR00264,2026-05-19,MP000144,MTR000144,96,93,0.9696
USR00264,2026-05-18,MP000144,MTR000144,96,91,0.9523
USR00264,2026-05-17,MP000144,MTR000144,96,92,0.9566
USR00264,2026-05-16,MP000144,MTR000144,96,92,0.9548
USR00264,2026-05-15,MP000144,MTR000144,96,90,0.9335
USR00264,2026-05-14,MP000144,MTR000144,96,87,0.9089
USR00264,2026-05-13,MP000144,MTR000144,96,91,0.9457
USR00264,2026-05-12,MP000144,MTR000144,96,88,0.9206
USR00264,2026-05-11,MP000144,MTR000144,96,88,0.9183
USR00264,2026-05-10,MP000144,MTR000144,96,94,0.9772
USR00264,2026-05-09,MP000144,MTR000144,96,88,0.9213
USR00264,2026-05-08,MP000144,MTR000144,96,94,0.9839
USR00264,2026-05-07,MP000144,MTR000144,96,90,0.9404
USR00264,2026-05-06,MP000144,MTR000144,96,89,0.9279
USR00264,2026-05-05,MP000144,MTR000144,96,84,0.8782
USR00264,2026-05-04,MP000144,MTR000144,96,96,0.9963
USR00264,2026-05-03,MP000144,MTR000144,96,90,0.9325
USR00264,2026-05-02,MP000144,MTR000144,96,83,0.8646
USR00264,2026-05-01,MP000144,MTR000144,96,92,0.9623
USR00264,2026-04-30,MP000144,MTR000144,96,89,0.9312
USR00264,2026-04-29,MP000144,MTR000144,96,87,0.9048
USR00264,2026-04-28,MP000144,MTR000144,96,92,0.9606
USR00264,2026-04-27,MP000144,MTR000144,96,82,0.8562
USR00264,2026-04-26,MP000144,MTR000144,96,87,0.9113
USR00264,2026-04-25,MP000144,MTR000144,96,89,0.9237
USR00264,2026-04-24,MP000144,MTR000144,96,92,0.9583
USR00264,2026-04-23,MP000144,MTR000144,96,96,0.9999
USR00265,2026-05-22,MP000032,MTR000032,96,91,0.9455
USR00265,2026-05-21,MP000032,MTR000032,96,96,1.0
USR00265,2026-05-20,MP000032,MTR000032,96,89,0.9318
USR00265,2026-05-19,MP000032,MTR000032,96,91,0.9457
USR00265,2026-05-18,MP000032,MTR000032,96,86,0.8946
USR00265,2026-05-17,MP000032,MTR000032,96,95,0.9905
USR00265,2026-05-16,MP000032,MTR000032,96,87,0.9103
USR00265,2026-05-15,MP000032,MTR000032,96,90,0.9397
USR00265,2026-05-14,MP000032,MTR000032,96,90,0.9389
USR00265,2026-05-13,MP000032,MTR000032,96,90,0.9343
USR00265,2026-05-12,MP000032,MTR000032,96,88,0.9187
USR00265,2026-05-11,MP000032,MTR000032,96,90,0.9389
USR00265,2026-05-10,MP000032,MTR000032,96,95,0.9844
USR00265,2026-05-09,MP000032,MTR000032,96,96,1.0
USR00265,2026-05-08,MP000032,MTR000032,96,89,0.9264
USR00265,2026-05-07,MP000032,MTR000032,96,88,0.9182
USR00265,2026-05-06,MP000032,MTR000032,96,87,0.9074
USR00265,2026-05-05,MP000032,MTR000032,96,96,1.0
USR00265,2026-05-04,MP000032,MTR000032,96,90,0.9356
USR00265,2026-05-03,MP000032,MTR000032,96,93,0.9651
USR00265,2026-05-02,MP000032,MTR000032,96,91,0.9526
USR00265,2026-05-01,MP000032,MTR000032,96,96,0.9979
USR00265,2026-04-30,MP000032,MTR000032,96,89,0.9243
USR00265,2026-04-29,MP000032,MTR000032,96,86,0.8985
USR00265,2026-04-28,MP000032,MTR000032,96,95,0.9875
USR00265,2026-04-27,MP000032,MTR000032,96,92,0.9588
USR00265,2026-04-26,MP000032,MTR000032,96,91,0.9454
USR00265,2026-04-25,MP000032,MTR000032,96,94,0.9777
USR00265,2026-04-24,MP000032,MTR000032,96,91,0.9471
USR00265,2026-04-23,MP000032,MTR000032,96,94,0.9788
USR00266,2026-05-22,,,96,96,1.0
USR00266,2026-05-21,,,96,96,1.0
USR00266,2026-05-20,,,96,94,0.9839
USR00266,2026-05-19,,,96,95,0.9875
USR00266,2026-05-18,,,96,94,0.9819
USR00266,2026-05-17,,,96,96,1.0
USR00266,2026-05-16,,,96,94,0.98
USR00266,2026-05-15,,,96,96,1.0
USR00266,2026-05-14,,,96,96,1.0
USR00266,2026-05-13,,,96,96,0.9998
USR00266,2026-05-12,,,96,96,1.0
USR00266,2026-05-11,,,96,94,0.9767
USR00266,2026-05-10,,,96,95,0.9852
USR00266,2026-05-09,,,96,91,0.9435
USR00266,2026-05-08,,,96,95,0.9901
USR00266,2026-05-07,,,96,93,0.9641
USR00266,2026-05-06,,,96,96,0.9967
USR00266,2026-05-05,,,96,93,0.9722
USR00266,2026-05-04,,,96,89,0.9321
USR00266,2026-05-03,,,96,96,1.0
USR00266,2026-05-02,,,96,95,0.9867
USR00266,2026-05-01,,,96,96,1.0
USR00266,2026-04-30,,,96,94,0.9778
USR00266,2026-04-29,,,96,96,1.0
USR00266,2026-04-28,,,96,92,0.9591
USR00266,2026-04-27,,,96,96,0.9989
USR00266,2026-04-26,,,96,92,0.9609
USR00266,2026-04-25,,,96,96,1.0
USR00266,2026-04-24,,,96,95,0.9862
USR00266,2026-04-23,,,96,96,1.0
USR00267,2026-05-22,MP000121,MTR000121,96,90,0.9362
USR00267,2026-05-21,MP000121,MTR000121,96,91,0.9525
USR00267,2026-05-20,MP000121,MTR000121,96,94,0.9777
USR00267,2026-05-19,MP000121,MTR000121,96,92,0.957
USR00267,2026-05-18,MP000121,MTR000121,96,90,0.9418
USR00267,2026-05-17,MP000121,MTR000121,96,91,0.9525
USR00267,2026-05-16,MP000121,MTR000121,96,95,0.9944
USR00267,2026-05-15,MP000121,MTR000121,96,89,0.9245
USR00267,2026-05-14,MP000121,MTR000121,96,85,0.8814
USR00267,2026-05-13,MP000121,MTR000121,96,87,0.9041
USR00267,2026-05-12,MP000121,MTR000121,96,87,0.9063
USR00267,2026-05-11,MP000121,MTR000121,96,87,0.9105
USR00267,2026-05-10,MP000121,MTR000121,96,88,0.9116
USR00267,2026-05-09,MP000121,MTR000121,96,90,0.9363
USR00267,2026-05-08,MP000121,MTR000121,96,91,0.9444
USR00267,2026-05-07,MP000121,MTR000121,96,91,0.9441
USR00267,2026-05-06,MP000121,MTR000121,96,88,0.9151
USR00267,2026-05-05,MP000121,MTR000121,96,93,0.9668
USR00267,2026-05-04,MP000121,MTR000121,96,91,0.953
USR00267,2026-05-03,MP000121,MTR000121,96,95,0.9844
USR00267,2026-05-02,MP000121,MTR000121,96,92,0.9624
USR00267,2026-05-01,MP000121,MTR000121,96,89,0.9265
USR00267,2026-04-30,MP000121,MTR000121,96,94,0.9761
USR00267,2026-04-29,MP000121,MTR000121,96,91,0.9452
USR00267,2026-04-28,MP000121,MTR000121,96,92,0.9609
USR00267,2026-04-27,MP000121,MTR000121,96,92,0.9586
USR00267,2026-04-26,MP000121,MTR000121,96,90,0.9332
USR00267,2026-04-25,MP000121,MTR000121,96,90,0.9401
USR00267,2026-04-24,MP000121,MTR000121,96,90,0.933
USR00267,2026-04-23,MP000121,MTR000121,96,87,0.9114
USR00268,2026-05-22,MP000075,MTR000075,96,88,0.9187
USR00268,2026-05-21,MP000075,MTR000075,96,91,0.9455
USR00268,2026-05-20,MP000075,MTR000075,96,93,0.9721
USR00268,2026-05-19,MP000075,MTR000075,96,92,0.9634
USR00268,2026-05-18,MP000075,MTR000075,96,89,0.9312
USR00268,2026-05-17,MP000075,MTR000075,96,88,0.9191
USR00268,2026-05-16,MP000075,MTR000075,96,90,0.9341
USR00268,2026-05-15,MP000075,MTR000075,96,87,0.9103
USR00268,2026-05-14,MP000075,MTR000075,96,84,0.8761
USR00268,2026-05-13,MP000075,MTR000075,96,86,0.8932
USR00268,2026-05-12,MP000075,MTR000075,96,94,0.9808
USR00268,2026-05-11,MP000075,MTR000075,96,96,0.9953
USR00268,2026-05-10,MP000075,MTR000075,96,92,0.9622
USR00268,2026-05-09,MP000075,MTR000075,96,90,0.9378
USR00268,2026-05-08,MP000075,MTR000075,96,86,0.8978
USR00268,2026-05-07,MP000075,MTR000075,96,90,0.9347
USR00268,2026-05-06,MP000075,MTR000075,96,92,0.9579
USR00268,2026-05-05,MP000075,MTR000075,96,93,0.9644
USR00268,2026-05-04,MP000075,MTR000075,96,92,0.9602
USR00268,2026-05-03,MP000075,MTR000075,96,94,0.9758
USR00268,2026-05-02,MP000075,MTR000075,96,96,0.9978
USR00268,2026-05-01,MP000075,MTR000075,96,89,0.9274
USR00268,2026-04-30,MP000075,MTR000075,96,96,1.0
USR00268,2026-04-29,MP000075,MTR000075,96,84,0.8789
USR00268,2026-04-28,MP000075,MTR000075,96,88,0.9162
USR00268,2026-04-27,MP000075,MTR000075,96,91,0.9455
USR00268,2026-04-26,MP000075,MTR000075,96,92,0.956
USR00268,2026-04-25,MP000075,MTR000075,96,90,0.9341
USR00268,2026-04-24,MP000075,MTR000075,96,89,0.9247
USR00268,2026-04-23,MP000075,MTR000075,96,96,1.0
USR00269,2026-05-22,MP000152,MTR000152,96,87,0.9055
USR00269,2026-05-21,MP000152,MTR000152,96,95,0.9868
USR00269,2026-05-20,MP000152,MTR000152,96,92,0.9615
USR00269,2026-05-19,MP000152,MTR000152,96,93,0.9689
USR00269,2026-05-18,MP000152,MTR000152,96,90,0.9419
USR00269,2026-05-17,MP000152,MTR000152,96,86,0.8948
USR00269,2026-05-16,MP000152,MTR000152,96,90,0.9386
USR00269,2026-05-15,MP000152,MTR000152,96,85,0.8906
USR00269,2026-05-14,MP000152,MTR000152,96,91,0.9433
USR00269,2026-05-13,MP000152,MTR000152,96,92,0.9556
USR00269,2026-05-12,MP000152,MTR000152,96,93,0.9683
USR00269,2026-05-11,MP000152,MTR000152,96,90,0.9333
USR00269,2026-05-10,MP000152,MTR000152,96,92,0.9585
USR00269,2026-05-09,MP000152,MTR000152,96,87,0.9089
USR00269,2026-05-08,MP000152,MTR000152,96,93,0.965
USR00269,2026-05-07,MP000152,MTR000152,96,92,0.9563
USR00269,2026-05-06,MP000152,MTR000152,96,88,0.912
USR00269,2026-05-05,MP000152,MTR000152,96,91,0.9519
USR00269,2026-05-04,MP000152,MTR000152,96,93,0.9687
USR00269,2026-05-03,MP000152,MTR000152,96,90,0.9384
USR00269,2026-05-02,MP000152,MTR000152,96,87,0.9114
USR00269,2026-05-01,MP000152,MTR000152,96,90,0.9414
USR00269,2026-04-30,MP000152,MTR000152,96,91,0.9526
USR00269,2026-04-29,MP000152,MTR000152,96,87,0.9111
USR00269,2026-04-28,MP000152,MTR000152,96,87,0.9058
USR00269,2026-04-27,MP000152,MTR000152,96,91,0.9517
USR00269,2026-04-26,MP000152,MTR000152,96,92,0.9607
USR00269,2026-04-25,MP000152,MTR000152,96,96,1.0
USR00269,2026-04-24,MP000152,MTR000152,96,92,0.956
USR00269,2026-04-23,MP000152,MTR000152,96,86,0.8998
USR00270,2026-05-22,MP000449,MTR000449,96,94,0.9813
USR00270,2026-05-21,MP000449,MTR000449,96,85,0.8895
USR00270,2026-05-20,MP000449,MTR000449,96,88,0.9187
USR00270,2026-05-19,MP000449,MTR000449,96,90,0.9349
USR00270,2026-05-18,MP000449,MTR000449,96,94,0.9748
USR00270,2026-05-17,MP000449,MTR000449,96,84,0.8783
USR00270,2026-05-16,MP000449,MTR000449,96,91,0.9461
USR00270,2026-05-15,MP000449,MTR000449,96,93,0.9731
USR00270,2026-05-14,MP000449,MTR000449,96,83,0.8646
USR00270,2026-05-13,MP000449,MTR000449,96,93,0.9721
USR00270,2026-05-12,MP000449,MTR000449,96,94,0.9757
USR00270,2026-05-11,MP000449,MTR000449,96,89,0.9243
USR00270,2026-05-10,MP000449,MTR000449,96,88,0.9151
USR00270,2026-05-09,MP000449,MTR000449,96,89,0.9238
USR00270,2026-05-08,MP000449,MTR000449,96,83,0.8695
USR00270,2026-05-07,MP000449,MTR000449,96,90,0.9399
USR00270,2026-05-06,MP000449,MTR000449,96,92,0.9562
USR00270,2026-05-05,MP000449,MTR000449,96,88,0.9131
USR00270,2026-05-04,MP000449,MTR000449,96,94,0.9788
USR00270,2026-05-03,MP000449,MTR000449,96,91,0.9527
USR00270,2026-05-02,MP000449,MTR000449,96,92,0.9575
USR00270,2026-05-01,MP000449,MTR000449,96,90,0.9376
USR00270,2026-04-30,MP000449,MTR000449,96,93,0.9719
USR00270,2026-04-29,MP000449,MTR000449,96,95,0.9884
USR00270,2026-04-28,MP000449,MTR000449,96,90,0.9374
USR00270,2026-04-27,MP000449,MTR000449,96,93,0.9725
USR00270,2026-04-26,MP000449,MTR000449,96,93,0.9728
USR00270,2026-04-25,MP000449,MTR000449,96,92,0.9622
USR00270,2026-04-24,MP000449,MTR000449,96,96,1.0
USR00270,2026-04-23,MP000449,MTR000449,96,89,0.9279
USR00271,2026-05-22,MP000236,MTR000236,96,96,1.0
USR00271,2026-05-21,MP000236,MTR000236,96,94,0.9763
USR00271,2026-05-20,MP000236,MTR000236,96,96,1.0
USR00271,2026-05-19,MP000236,MTR000236,96,95,0.9915
USR00271,2026-05-18,MP000236,MTR000236,96,94,0.9788
USR00271,2026-05-17,MP000236,MTR000236,96,96,1.0
USR00271,2026-05-16,MP000236,MTR000236,96,96,1.0
USR00271,2026-05-15,MP000236,MTR000236,96,95,0.9898
USR00271,2026-05-14,MP000236,MTR000236,96,92,0.9586
USR00271,2026-05-13,MP000236,MTR000236,96,96,1.0
USR00271,2026-05-12,MP000236,MTR000236,96,96,1.0
USR00271,2026-05-11,MP000236,MTR000236,96,96,1.0
USR00271,2026-05-10,MP000236,MTR000236,96,96,1.0
USR00271,2026-05-09,MP000236,MTR000236,96,94,0.9756
USR00271,2026-05-08,MP000236,MTR000236,96,95,0.9872
USR00271,2026-05-07,MP000236,MTR000236,96,96,1.0
USR00271,2026-05-06,MP000236,MTR000236,96,95,0.9862
USR00271,2026-05-05,MP000236,MTR000236,96,96,1.0
USR00271,2026-05-04,MP000236,MTR000236,96,96,1.0
USR00271,2026-05-03,MP000236,MTR000236,96,93,0.9679
USR00271,2026-05-02,MP000236,MTR000236,96,96,1.0
USR00271,2026-05-01,MP000236,MTR000236,96,96,1.0
USR00271,2026-04-30,MP000236,MTR000236,96,96,1.0
USR00271,2026-04-29,MP000236,MTR000236,96,96,1.0
USR00271,2026-04-28,MP000236,MTR000236,96,91,0.9458
USR00271,2026-04-27,MP000236,MTR000236,96,95,0.9848
USR00271,2026-04-26,MP000236,MTR000236,96,92,0.9538
USR00271,2026-04-25,MP000236,MTR000236,96,96,1.0
USR00271,2026-04-24,MP000236,MTR000236,96,96,1.0
USR00271,2026-04-23,MP000236,MTR000236,96,96,1.0
USR00272,2026-05-22,MP000077,MTR000077,96,92,0.9548
USR00272,2026-05-21,MP000077,MTR000077,96,94,0.9757
USR00272,2026-05-20,MP000077,MTR000077,96,96,1.0
USR00272,2026-05-19,MP000077,MTR000077,96,96,1.0
USR00272,2026-05-18,MP000077,MTR000077,96,92,0.9602
USR00272,2026-05-17,MP000077,MTR000077,96,96,1.0
USR00272,2026-05-16,MP000077,MTR000077,96,96,1.0
USR00272,2026-05-15,MP000077,MTR000077,96,96,1.0
USR00272,2026-05-14,MP000077,MTR000077,96,92,0.9544
USR00272,2026-05-13,MP000077,MTR000077,96,96,1.0
USR00272,2026-05-12,MP000077,MTR000077,96,96,1.0
USR00272,2026-05-11,MP000077,MTR000077,96,95,0.9915
USR00272,2026-05-10,MP000077,MTR000077,96,96,1.0
USR00272,2026-05-09,MP000077,MTR000077,96,96,0.9962
USR00272,2026-05-08,MP000077,MTR000077,96,96,1.0
USR00272,2026-05-07,MP000077,MTR000077,96,96,1.0
USR00272,2026-05-06,MP000077,MTR000077,96,96,1.0
USR00272,2026-05-05,MP000077,MTR000077,96,96,1.0
USR00272,2026-05-04,MP000077,MTR000077,96,96,1.0
USR00272,2026-05-03,MP000077,MTR000077,96,96,1.0
USR00272,2026-05-02,MP000077,MTR000077,96,96,0.9974
USR00272,2026-05-01,MP000077,MTR000077,96,94,0.9799
USR00272,2026-04-30,MP000077,MTR000077,96,93,0.966
USR00272,2026-04-29,MP000077,MTR000077,96,89,0.9265
USR00272,2026-04-28,MP000077,MTR000077,96,96,1.0
USR00272,2026-04-27,MP000077,MTR000077,96,95,0.988
USR00272,2026-04-26,MP000077,MTR000077,96,95,0.9897
USR00272,2026-04-25,MP000077,MTR000077,96,96,1.0
USR00272,2026-04-24,MP000077,MTR000077,96,96,0.9963
USR00272,2026-04-23,MP000077,MTR000077,96,96,1.0
USR00273,2026-05-22,MP000326,MTR000326,96,92,0.955
USR00273,2026-05-21,MP000326,MTR000326,96,91,0.9464
USR00273,2026-05-20,MP000326,MTR000326,96,96,1.0
USR00273,2026-05-19,MP000326,MTR000326,96,96,1.0
USR00273,2026-05-18,MP000326,MTR000326,96,93,0.9663
USR00273,2026-05-17,MP000326,MTR000326,96,91,0.9522
USR00273,2026-05-16,MP000326,MTR000326,96,96,1.0
USR00273,2026-05-15,MP000326,MTR000326,96,90,0.9406
USR00273,2026-05-14,MP000326,MTR000326,96,96,1.0
USR00273,2026-05-13,MP000326,MTR000326,96,93,0.967
USR00273,2026-05-12,MP000326,MTR000326,96,96,0.996
USR00273,2026-05-11,MP000326,MTR000326,96,96,1.0
USR00273,2026-05-10,MP000326,MTR000326,96,96,0.9984
USR00273,2026-05-09,MP000326,MTR000326,96,94,0.9753
USR00273,2026-05-08,MP000326,MTR000326,96,96,1.0
USR00273,2026-05-07,MP000326,MTR000326,96,95,0.9928
USR00273,2026-05-06,MP000326,MTR000326,96,96,1.0
USR00273,2026-05-05,MP000326,MTR000326,96,90,0.933
USR00273,2026-05-04,MP000326,MTR000326,96,90,0.9325
USR00273,2026-05-03,MP000326,MTR000326,96,96,1.0
USR00273,2026-05-02,MP000326,MTR000326,96,94,0.9832
USR00273,2026-05-01,MP000326,MTR000326,96,96,1.0
USR00273,2026-04-30,MP000326,MTR000326,96,91,0.9512
USR00273,2026-04-29,MP000326,MTR000326,96,95,0.9858
USR00273,2026-04-28,MP000326,MTR000326,96,96,0.9978
USR00273,2026-04-27,MP000326,MTR000326,96,93,0.9678
USR00273,2026-04-26,MP000326,MTR000326,96,95,0.9911
USR00273,2026-04-25,MP000326,MTR000326,96,91,0.9433
USR00273,2026-04-24,MP000326,MTR000326,96,96,0.996
USR00273,2026-04-23,MP000326,MTR000326,96,96,1.0
USR00274,2026-05-22,,,96,92,0.9576
USR00274,2026-05-21,,,96,96,1.0
USR00274,2026-05-20,,,96,92,0.9571
USR00274,2026-05-19,,,96,96,1.0
USR00274,2026-05-18,,,96,96,0.9982
USR00274,2026-05-17,,,96,94,0.984
USR00274,2026-05-16,,,96,96,1.0
USR00274,2026-05-15,,,96,96,1.0
USR00274,2026-05-14,,,96,96,1.0
USR00274,2026-05-13,,,96,89,0.932
USR00274,2026-05-12,,,96,96,1.0
USR00274,2026-05-11,,,96,93,0.9644
USR00274,2026-05-10,,,96,95,0.9899
USR00274,2026-05-09,,,96,96,0.9968
USR00274,2026-05-08,,,96,96,1.0
USR00274,2026-05-07,,,96,95,0.989
USR00274,2026-05-06,,,96,92,0.9539
USR00274,2026-05-05,,,96,96,1.0
USR00274,2026-05-04,,,96,96,1.0
USR00274,2026-05-03,,,96,96,1.0
USR00274,2026-05-02,,,96,96,1.0
USR00274,2026-05-01,,,96,96,1.0
USR00274,2026-04-30,,,96,93,0.9698
USR00274,2026-04-29,,,96,92,0.9548
USR00274,2026-04-28,,,96,96,1.0
USR00274,2026-04-27,,,96,95,0.9887
USR00274,2026-04-26,,,96,95,0.9914
USR00274,2026-04-25,,,96,92,0.9629
USR00274,2026-04-24,,,96,96,1.0
USR00274,2026-04-23,,,96,96,1.0
USR00275,2026-05-22,,,96,88,0.9195
USR00275,2026-05-21,,,96,96,0.9974
USR00275,2026-05-20,,,96,93,0.9688
USR00275,2026-05-19,,,96,95,0.9947
USR00275,2026-05-18,,,96,86,0.8981
USR00275,2026-05-17,,,96,92,0.9629
USR00275,2026-05-16,,,96,90,0.9396
USR00275,2026-05-15,,,96,92,0.9622
USR00275,2026-05-14,,,96,95,0.9894
USR00275,2026-05-13,,,96,93,0.9722
USR00275,2026-05-12,,,96,92,0.9617
USR00275,2026-05-11,,,96,92,0.9615
USR00275,2026-05-10,,,96,88,0.9144
USR00275,2026-05-09,,,96,90,0.934
USR00275,2026-05-08,,,96,95,0.9948
USR00275,2026-05-07,,,96,91,0.946
USR00275,2026-05-06,,,96,96,0.9954
USR00275,2026-05-05,,,96,95,0.9859
USR00275,2026-05-04,,,96,95,0.9875
USR00275,2026-05-03,,,96,93,0.9711
USR00275,2026-05-02,,,96,91,0.9481
USR00275,2026-05-01,,,96,92,0.9566
USR00275,2026-04-30,,,96,94,0.9804
USR00275,2026-04-29,,,96,86,0.8974
USR00275,2026-04-28,,,96,96,0.9985
USR00275,2026-04-27,,,96,91,0.9461
USR00275,2026-04-26,,,96,92,0.9586
USR00275,2026-04-25,,,96,92,0.9588
USR00275,2026-04-24,,,96,92,0.96
USR00275,2026-04-23,,,96,88,0.9217
USR00276,2026-05-22,MP000419,MTR000419,96,95,0.9885
USR00276,2026-05-21,MP000419,MTR000419,96,87,0.9094
USR00276,2026-05-20,MP000419,MTR000419,96,89,0.9317
USR00276,2026-05-19,MP000419,MTR000419,96,96,0.9976
USR00276,2026-05-18,MP000419,MTR000419,96,95,0.992
USR00276,2026-05-17,MP000419,MTR000419,96,94,0.9797
USR00276,2026-05-16,MP000419,MTR000419,96,91,0.9502
USR00276,2026-05-15,MP000419,MTR000419,96,95,0.9922
USR00276,2026-05-14,MP000419,MTR000419,96,90,0.9346
USR00276,2026-05-13,MP000419,MTR000419,96,93,0.9666
USR00276,2026-05-12,MP000419,MTR000419,96,89,0.9315
USR00276,2026-05-11,MP000419,MTR000419,96,93,0.9658
USR00276,2026-05-10,MP000419,MTR000419,96,90,0.9398
USR00276,2026-05-09,MP000419,MTR000419,96,95,0.9934
USR00276,2026-05-08,MP000419,MTR000419,96,94,0.9837
USR00276,2026-05-07,MP000419,MTR000419,96,92,0.9536
USR00276,2026-05-06,MP000419,MTR000419,96,96,1.0
USR00276,2026-05-05,MP000419,MTR000419,96,90,0.942
USR00276,2026-05-04,MP000419,MTR000419,96,93,0.9696
USR00276,2026-05-03,MP000419,MTR000419,96,91,0.9523
USR00276,2026-05-02,MP000419,MTR000419,96,95,0.993
USR00276,2026-05-01,MP000419,MTR000419,96,95,0.99
USR00276,2026-04-30,MP000419,MTR000419,96,96,1.0
USR00276,2026-04-29,MP000419,MTR000419,96,93,0.9732
USR00276,2026-04-28,MP000419,MTR000419,96,85,0.8819
USR00276,2026-04-27,MP000419,MTR000419,96,92,0.9578
USR00276,2026-04-26,MP000419,MTR000419,96,96,1.0
USR00276,2026-04-25,MP000419,MTR000419,96,92,0.961
USR00276,2026-04-24,MP000419,MTR000419,96,88,0.9132
USR00276,2026-04-23,MP000419,MTR000419,96,94,0.9842
USR00277,2026-05-22,MP000323,MTR000323,96,87,0.9018
USR00277,2026-05-21,MP000323,MTR000323,96,88,0.9162
USR00277,2026-05-20,MP000323,MTR000323,96,86,0.8982
USR00277,2026-05-19,MP000323,MTR000323,96,90,0.9393
USR00277,2026-05-18,MP000323,MTR000323,96,89,0.9253
USR00277,2026-05-17,MP000323,MTR000323,96,85,0.8886
USR00277,2026-05-16,MP000323,MTR000323,96,89,0.9233
USR00277,2026-05-15,MP000323,MTR000323,96,87,0.9016
USR00277,2026-05-14,MP000323,MTR000323,96,93,0.9674
USR00277,2026-05-13,MP000323,MTR000323,96,91,0.9504
USR00277,2026-05-12,MP000323,MTR000323,96,88,0.9199
USR00277,2026-05-11,MP000323,MTR000323,96,89,0.926
USR00277,2026-05-10,MP000323,MTR000323,96,92,0.954
USR00277,2026-05-09,MP000323,MTR000323,96,88,0.9184
USR00277,2026-05-08,MP000323,MTR000323,96,91,0.9463
USR00277,2026-05-07,MP000323,MTR000323,96,93,0.9679
USR00277,2026-05-06,MP000323,MTR000323,96,87,0.9089
USR00277,2026-05-05,MP000323,MTR000323,96,93,0.973
USR00277,2026-05-04,MP000323,MTR000323,96,93,0.9642
USR00277,2026-05-03,MP000323,MTR000323,96,89,0.931
USR00277,2026-05-02,MP000323,MTR000323,96,87,0.9103
USR00277,2026-05-01,MP000323,MTR000323,96,89,0.9307
USR00277,2026-04-30,MP000323,MTR000323,96,88,0.9163
USR00277,2026-04-29,MP000323,MTR000323,96,86,0.8998
USR00277,2026-04-28,MP000323,MTR000323,96,90,0.9396
USR00277,2026-04-27,MP000323,MTR000323,96,86,0.8929
USR00277,2026-04-26,MP000323,MTR000323,96,88,0.9134
USR00277,2026-04-25,MP000323,MTR000323,96,88,0.9138
USR00277,2026-04-24,MP000323,MTR000323,96,85,0.8826
USR00277,2026-04-23,MP000323,MTR000323,96,91,0.9433
USR00278,2026-05-22,MP000054,MTR000054,96,96,1.0
USR00278,2026-05-21,MP000054,MTR000054,96,92,0.9554
USR00278,2026-05-20,MP000054,MTR000054,96,91,0.9506
USR00278,2026-05-19,MP000054,MTR000054,96,90,0.9356
USR00278,2026-05-18,MP000054,MTR000054,96,93,0.9639
USR00278,2026-05-17,MP000054,MTR000054,96,93,0.9641
USR00278,2026-05-16,MP000054,MTR000054,96,95,0.985
USR00278,2026-05-15,MP000054,MTR000054,96,93,0.9648
USR00278,2026-05-14,MP000054,MTR000054,96,96,1.0
USR00278,2026-05-13,MP000054,MTR000054,96,94,0.9765
USR00278,2026-05-12,MP000054,MTR000054,96,90,0.9332
USR00278,2026-05-11,MP000054,MTR000054,96,89,0.9306
USR00278,2026-05-10,MP000054,MTR000054,96,94,0.9788
USR00278,2026-05-09,MP000054,MTR000054,96,89,0.9322
USR00278,2026-05-08,MP000054,MTR000054,96,94,0.9806
USR00278,2026-05-07,MP000054,MTR000054,96,95,0.9896
USR00278,2026-05-06,MP000054,MTR000054,96,95,0.9904
USR00278,2026-05-05,MP000054,MTR000054,96,90,0.9367
USR00278,2026-05-04,MP000054,MTR000054,96,95,0.9904
USR00278,2026-05-03,MP000054,MTR000054,96,93,0.9724
USR00278,2026-05-02,MP000054,MTR000054,96,91,0.9445
USR00278,2026-05-01,MP000054,MTR000054,96,92,0.958
USR00278,2026-04-30,MP000054,MTR000054,96,94,0.9769
USR00278,2026-04-29,MP000054,MTR000054,96,90,0.9426
USR00278,2026-04-28,MP000054,MTR000054,96,93,0.9718
USR00278,2026-04-27,MP000054,MTR000054,96,96,1.0
USR00278,2026-04-26,MP000054,MTR000054,96,95,0.9917
USR00278,2026-04-25,MP000054,MTR000054,96,93,0.9652
USR00278,2026-04-24,MP000054,MTR000054,96,93,0.9698
USR00278,2026-04-23,MP000054,MTR000054,96,91,0.9466
USR00279,2026-05-22,MP000192,MTR000192,96,84,0.8785
USR00279,2026-05-21,MP000192,MTR000192,96,89,0.9322
USR00279,2026-05-20,MP000192,MTR000192,96,91,0.9451
USR00279,2026-05-19,MP000192,MTR000192,96,89,0.9225
USR00279,2026-05-18,MP000192,MTR000192,96,86,0.8983
USR00279,2026-05-17,MP000192,MTR000192,96,89,0.9266
USR00279,2026-05-16,MP000192,MTR000192,96,93,0.9649
USR00279,2026-05-15,MP000192,MTR000192,96,91,0.9516
USR00279,2026-05-14,MP000192,MTR000192,96,89,0.9238
USR00279,2026-05-13,MP000192,MTR000192,96,95,0.9861
USR00279,2026-05-12,MP000192,MTR000192,96,96,1.0
USR00279,2026-05-11,MP000192,MTR000192,96,87,0.9102
USR00279,2026-05-10,MP000192,MTR000192,96,88,0.9173
USR00279,2026-05-09,MP000192,MTR000192,96,91,0.9455
USR00279,2026-05-08,MP000192,MTR000192,96,86,0.8973
USR00279,2026-05-07,MP000192,MTR000192,96,91,0.9501
USR00279,2026-05-06,MP000192,MTR000192,96,89,0.9277
USR00279,2026-05-05,MP000192,MTR000192,96,90,0.9358
USR00279,2026-05-04,MP000192,MTR000192,96,87,0.9074
USR00279,2026-05-03,MP000192,MTR000192,96,86,0.901
USR00279,2026-05-02,MP000192,MTR000192,96,83,0.8651
USR00279,2026-05-01,MP000192,MTR000192,96,93,0.9692
USR00279,2026-04-30,MP000192,MTR000192,96,91,0.9529
USR00279,2026-04-29,MP000192,MTR000192,96,91,0.9449
USR00279,2026-04-28,MP000192,MTR000192,96,90,0.9351
USR00279,2026-04-27,MP000192,MTR000192,96,82,0.8555
USR00279,2026-04-26,MP000192,MTR000192,96,87,0.9021
USR00279,2026-04-25,MP000192,MTR000192,96,88,0.917
USR00279,2026-04-24,MP000192,MTR000192,96,86,0.8922
USR00279,2026-04-23,MP000192,MTR000192,96,84,0.8738
USR00280,2026-05-22,MP000575,MTR000575,96,93,0.9663
USR00280,2026-05-21,MP000575,MTR000575,96,93,0.9664
USR00280,2026-05-20,MP000575,MTR000575,96,95,0.9921
USR00280,2026-05-19,MP000575,MTR000575,96,96,1.0
USR00280,2026-05-18,MP000575,MTR000575,96,95,0.9854
USR00280,2026-05-17,MP000575,MTR000575,96,92,0.9596
USR00280,2026-05-16,MP000575,MTR000575,96,96,1.0
USR00280,2026-05-15,MP000575,MTR000575,96,88,0.9174
USR00280,2026-05-14,MP000575,MTR000575,96,87,0.9025
USR00280,2026-05-13,MP000575,MTR000575,96,90,0.9383
USR00280,2026-05-12,MP000575,MTR000575,96,95,0.9892
USR00280,2026-05-11,MP000575,MTR000575,96,93,0.9699
USR00280,2026-05-10,MP000575,MTR000575,96,89,0.931
USR00280,2026-05-09,MP000575,MTR000575,96,91,0.9431
USR00280,2026-05-08,MP000575,MTR000575,96,89,0.9276
USR00280,2026-05-07,MP000575,MTR000575,96,89,0.9276
USR00280,2026-05-06,MP000575,MTR000575,96,96,1.0
USR00280,2026-05-05,MP000575,MTR000575,96,92,0.9606
USR00280,2026-05-04,MP000575,MTR000575,96,96,1.0
USR00280,2026-05-03,MP000575,MTR000575,96,90,0.9382
USR00280,2026-05-02,MP000575,MTR000575,96,94,0.9796
USR00280,2026-05-01,MP000575,MTR000575,96,93,0.9717
USR00280,2026-04-30,MP000575,MTR000575,96,95,0.9913
USR00280,2026-04-29,MP000575,MTR000575,96,93,0.9725
USR00280,2026-04-28,MP000575,MTR000575,96,95,0.9944
USR00280,2026-04-27,MP000575,MTR000575,96,94,0.9815
USR00280,2026-04-26,MP000575,MTR000575,96,89,0.9321
USR00280,2026-04-25,MP000575,MTR000575,96,95,0.9869
USR00280,2026-04-24,MP000575,MTR000575,96,92,0.9618
USR00280,2026-04-23,MP000575,MTR000575,96,90,0.9416
USR00281,2026-05-22,MP000066,MTR000066,96,92,0.9603
USR00281,2026-05-21,MP000066,MTR000066,96,88,0.9182
USR00281,2026-05-20,MP000066,MTR000066,96,89,0.9221
USR00281,2026-05-19,MP000066,MTR000066,96,86,0.891
USR00281,2026-05-18,MP000066,MTR000066,96,84,0.8785
USR00281,2026-05-17,MP000066,MTR000066,96,89,0.9254
USR00281,2026-05-16,MP000066,MTR000066,96,92,0.9564
USR00281,2026-05-15,MP000066,MTR000066,96,88,0.9155
USR00281,2026-05-14,MP000066,MTR000066,96,94,0.9755
USR00281,2026-05-13,MP000066,MTR000066,96,89,0.9265
USR00281,2026-05-12,MP000066,MTR000066,96,89,0.9266
USR00281,2026-05-11,MP000066,MTR000066,96,89,0.924
USR00281,2026-05-10,MP000066,MTR000066,96,92,0.9621
USR00281,2026-05-09,MP000066,MTR000066,96,87,0.9039
USR00281,2026-05-08,MP000066,MTR000066,96,89,0.9288
USR00281,2026-05-07,MP000066,MTR000066,96,88,0.9162
USR00281,2026-05-06,MP000066,MTR000066,96,88,0.9158
USR00281,2026-05-05,MP000066,MTR000066,96,90,0.9337
USR00281,2026-05-04,MP000066,MTR000066,96,89,0.9293
USR00281,2026-05-03,MP000066,MTR000066,96,93,0.9642
USR00281,2026-05-02,MP000066,MTR000066,96,90,0.9323
USR00281,2026-05-01,MP000066,MTR000066,96,91,0.9493
USR00281,2026-04-30,MP000066,MTR000066,96,90,0.9378
USR00281,2026-04-29,MP000066,MTR000066,96,94,0.9748
USR00281,2026-04-28,MP000066,MTR000066,96,89,0.9236
USR00281,2026-04-27,MP000066,MTR000066,96,89,0.9237
USR00281,2026-04-26,MP000066,MTR000066,96,92,0.955
USR00281,2026-04-25,MP000066,MTR000066,96,89,0.9232
USR00281,2026-04-24,MP000066,MTR000066,96,91,0.9476
USR00281,2026-04-23,MP000066,MTR000066,96,96,1.0
USR00282,2026-05-22,MP000343,MTR000343,96,96,1.0
USR00282,2026-05-21,MP000343,MTR000343,96,92,0.9611
USR00282,2026-05-20,MP000343,MTR000343,96,96,1.0
USR00282,2026-05-19,MP000343,MTR000343,96,96,0.9964
USR00282,2026-05-18,MP000343,MTR000343,96,95,0.9939
USR00282,2026-05-17,MP000343,MTR000343,96,93,0.9713
USR00282,2026-05-16,MP000343,MTR000343,96,93,0.9683
USR00282,2026-05-15,MP000343,MTR000343,96,92,0.9542
USR00282,2026-05-14,MP000343,MTR000343,96,94,0.976
USR00282,2026-05-13,MP000343,MTR000343,96,93,0.9703
USR00282,2026-05-12,MP000343,MTR000343,96,94,0.9816
USR00282,2026-05-11,MP000343,MTR000343,96,90,0.9335
USR00282,2026-05-10,MP000343,MTR000343,96,94,0.9765
USR00282,2026-05-09,MP000343,MTR000343,96,96,1.0
USR00282,2026-05-08,MP000343,MTR000343,96,96,1.0
USR00282,2026-05-07,MP000343,MTR000343,96,94,0.9765
USR00282,2026-05-06,MP000343,MTR000343,96,96,1.0
USR00282,2026-05-05,MP000343,MTR000343,96,92,0.9585
USR00282,2026-05-04,MP000343,MTR000343,96,93,0.9732
USR00282,2026-05-03,MP000343,MTR000343,96,90,0.9323
USR00282,2026-05-02,MP000343,MTR000343,96,93,0.9637
USR00282,2026-05-01,MP000343,MTR000343,96,96,1.0
USR00282,2026-04-30,MP000343,MTR000343,96,93,0.9649
USR00282,2026-04-29,MP000343,MTR000343,96,89,0.93
USR00282,2026-04-28,MP000343,MTR000343,96,96,1.0
USR00282,2026-04-27,MP000343,MTR000343,96,95,0.9875
USR00282,2026-04-26,MP000343,MTR000343,96,96,1.0
USR00282,2026-04-25,MP000343,MTR000343,96,93,0.9669
USR00282,2026-04-24,MP000343,MTR000343,96,91,0.9456
USR00282,2026-04-23,MP000343,MTR000343,96,93,0.9703
USR00283,2026-05-22,MP000181,MTR000181,96,92,0.9573
USR00283,2026-05-21,MP000181,MTR000181,96,93,0.9711
USR00283,2026-05-20,MP000181,MTR000181,96,91,0.9434
USR00283,2026-05-19,MP000181,MTR000181,96,93,0.9722
USR00283,2026-05-18,MP000181,MTR000181,96,92,0.9594
USR00283,2026-05-17,MP000181,MTR000181,96,90,0.9383
USR00283,2026-05-16,MP000181,MTR000181,96,93,0.9637
USR00283,2026-05-15,MP000181,MTR000181,96,91,0.9479
USR00283,2026-05-14,MP000181,MTR000181,96,94,0.978
USR00283,2026-05-13,MP000181,MTR000181,96,95,0.9857
USR00283,2026-05-12,MP000181,MTR000181,96,94,0.9745
USR00283,2026-05-11,MP000181,MTR000181,96,87,0.9104
USR00283,2026-05-10,MP000181,MTR000181,96,89,0.9305
USR00283,2026-05-09,MP000181,MTR000181,96,90,0.9404
USR00283,2026-05-08,MP000181,MTR000181,96,90,0.9356
USR00283,2026-05-07,MP000181,MTR000181,96,91,0.9432
USR00283,2026-05-06,MP000181,MTR000181,96,95,0.9872
USR00283,2026-05-05,MP000181,MTR000181,96,94,0.9805
USR00283,2026-05-04,MP000181,MTR000181,96,91,0.9468
USR00283,2026-05-03,MP000181,MTR000181,96,94,0.9772
USR00283,2026-05-02,MP000181,MTR000181,96,93,0.9694
USR00283,2026-05-01,MP000181,MTR000181,96,92,0.9585
USR00283,2026-04-30,MP000181,MTR000181,96,95,0.9939
USR00283,2026-04-29,MP000181,MTR000181,96,90,0.9397
USR00283,2026-04-28,MP000181,MTR000181,96,92,0.9611
USR00283,2026-04-27,MP000181,MTR000181,96,89,0.928
USR00283,2026-04-26,MP000181,MTR000181,96,89,0.9294
USR00283,2026-04-25,MP000181,MTR000181,96,88,0.9187
USR00283,2026-04-24,MP000181,MTR000181,96,89,0.9299
USR00283,2026-04-23,MP000181,MTR000181,96,92,0.962
USR00284,2026-05-22,MP000517,MTR000517,96,92,0.9543
USR00284,2026-05-21,MP000517,MTR000517,96,92,0.9535
USR00284,2026-05-20,MP000517,MTR000517,96,96,1.0
USR00284,2026-05-19,MP000517,MTR000517,96,89,0.9283
USR00284,2026-05-18,MP000517,MTR000517,96,89,0.9251
USR00284,2026-05-17,MP000517,MTR000517,96,90,0.9371
USR00284,2026-05-16,MP000517,MTR000517,96,92,0.9603
USR00284,2026-05-15,MP000517,MTR000517,96,94,0.9779
USR00284,2026-05-14,MP000517,MTR000517,96,94,0.981
USR00284,2026-05-13,MP000517,MTR000517,96,95,0.9908
USR00284,2026-05-12,MP000517,MTR000517,96,92,0.9592
USR00284,2026-05-11,MP000517,MTR000517,96,91,0.9505
USR00284,2026-05-10,MP000517,MTR000517,96,96,1.0
USR00284,2026-05-09,MP000517,MTR000517,96,84,0.8789
USR00284,2026-05-08,MP000517,MTR000517,96,93,0.9643
USR00284,2026-05-07,MP000517,MTR000517,96,94,0.9753
USR00284,2026-05-06,MP000517,MTR000517,96,96,1.0
USR00284,2026-05-05,MP000517,MTR000517,96,88,0.9126
USR00284,2026-05-04,MP000517,MTR000517,96,91,0.9498
USR00284,2026-05-03,MP000517,MTR000517,96,88,0.9217
USR00284,2026-05-02,MP000517,MTR000517,96,87,0.9085
USR00284,2026-05-01,MP000517,MTR000517,96,92,0.9563
USR00284,2026-04-30,MP000517,MTR000517,96,95,0.9874
USR00284,2026-04-29,MP000517,MTR000517,96,96,0.9986
USR00284,2026-04-28,MP000517,MTR000517,96,91,0.9465
USR00284,2026-04-27,MP000517,MTR000517,96,94,0.9824
USR00284,2026-04-26,MP000517,MTR000517,96,92,0.9565
USR00284,2026-04-25,MP000517,MTR000517,96,94,0.9791
USR00284,2026-04-24,MP000517,MTR000517,96,96,0.9971
USR00284,2026-04-23,MP000517,MTR000517,96,92,0.9566
USR00285,2026-05-22,MP000112,MTR000112,96,85,0.8894
USR00285,2026-05-21,MP000112,MTR000112,96,91,0.9455
USR00285,2026-05-20,MP000112,MTR000112,96,92,0.9568
USR00285,2026-05-19,MP000112,MTR000112,96,92,0.9537
USR00285,2026-05-18,MP000112,MTR000112,96,85,0.8903
USR00285,2026-05-17,MP000112,MTR000112,96,88,0.9196
USR00285,2026-05-16,MP000112,MTR000112,96,90,0.9349
USR00285,2026-05-15,MP000112,MTR000112,96,90,0.9391
USR00285,2026-05-14,MP000112,MTR000112,96,89,0.9293
USR00285,2026-05-13,MP000112,MTR000112,96,93,0.9687
USR00285,2026-05-12,MP000112,MTR000112,96,85,0.8869
USR00285,2026-05-11,MP000112,MTR000112,96,88,0.9186
USR00285,2026-05-10,MP000112,MTR000112,96,84,0.8752
USR00285,2026-05-09,MP000112,MTR000112,96,91,0.9444
USR00285,2026-05-08,MP000112,MTR000112,96,90,0.9424
USR00285,2026-05-07,MP000112,MTR000112,96,96,1.0
USR00285,2026-05-06,MP000112,MTR000112,96,92,0.9566
USR00285,2026-05-05,MP000112,MTR000112,96,90,0.9357
USR00285,2026-05-04,MP000112,MTR000112,96,90,0.9335
USR00285,2026-05-03,MP000112,MTR000112,96,88,0.9163
USR00285,2026-05-02,MP000112,MTR000112,96,89,0.9297
USR00285,2026-05-01,MP000112,MTR000112,96,90,0.9341
USR00285,2026-04-30,MP000112,MTR000112,96,83,0.8669
USR00285,2026-04-29,MP000112,MTR000112,96,89,0.9317
USR00285,2026-04-28,MP000112,MTR000112,96,89,0.9288
USR00285,2026-04-27,MP000112,MTR000112,96,94,0.9784
USR00285,2026-04-26,MP000112,MTR000112,96,88,0.9219
USR00285,2026-04-25,MP000112,MTR000112,96,87,0.9028
USR00285,2026-04-24,MP000112,MTR000112,96,90,0.9339
USR00285,2026-04-23,MP000112,MTR000112,96,89,0.928
USR00286,2026-05-22,MP000151,MTR000151,96,88,0.9135
USR00286,2026-05-21,MP000151,MTR000151,96,91,0.9472
USR00286,2026-05-20,MP000151,MTR000151,96,90,0.9345
USR00286,2026-05-19,MP000151,MTR000151,96,91,0.9453
USR00286,2026-05-18,MP000151,MTR000151,96,93,0.9738
USR00286,2026-05-17,MP000151,MTR000151,96,89,0.9316
USR00286,2026-05-16,MP000151,MTR000151,96,91,0.9452
USR00286,2026-05-15,MP000151,MTR000151,96,93,0.9681
USR00286,2026-05-14,MP000151,MTR000151,96,91,0.9437
USR00286,2026-05-13,MP000151,MTR000151,96,96,1.0
USR00286,2026-05-12,MP000151,MTR000151,96,92,0.9593
USR00286,2026-05-11,MP000151,MTR000151,96,88,0.9146
USR00286,2026-05-10,MP000151,MTR000151,96,89,0.9267
USR00286,2026-05-09,MP000151,MTR000151,96,89,0.9236
USR00286,2026-05-08,MP000151,MTR000151,96,89,0.9271
USR00286,2026-05-07,MP000151,MTR000151,96,93,0.9679
USR00286,2026-05-06,MP000151,MTR000151,96,88,0.9186
USR00286,2026-05-05,MP000151,MTR000151,96,90,0.9419
USR00286,2026-05-04,MP000151,MTR000151,96,95,0.9861
USR00286,2026-05-03,MP000151,MTR000151,96,90,0.9362
USR00286,2026-05-02,MP000151,MTR000151,96,93,0.972
USR00286,2026-05-01,MP000151,MTR000151,96,87,0.9013
USR00286,2026-04-30,MP000151,MTR000151,96,90,0.9407
USR00286,2026-04-29,MP000151,MTR000151,96,89,0.9253
USR00286,2026-04-28,MP000151,MTR000151,96,92,0.9608
USR00286,2026-04-27,MP000151,MTR000151,96,88,0.9208
USR00286,2026-04-26,MP000151,MTR000151,96,96,1.0
USR00286,2026-04-25,MP000151,MTR000151,96,87,0.9026
USR00286,2026-04-24,MP000151,MTR000151,96,95,0.9859
USR00286,2026-04-23,MP000151,MTR000151,96,94,0.9782
USR00287,2026-05-22,MP000442,MTR000442,96,89,0.9277
USR00287,2026-05-21,MP000442,MTR000442,96,94,0.9817
USR00287,2026-05-20,MP000442,MTR000442,96,96,1.0
USR00287,2026-05-19,MP000442,MTR000442,96,88,0.9199
USR00287,2026-05-18,MP000442,MTR000442,96,89,0.9308
USR00287,2026-05-17,MP000442,MTR000442,96,87,0.9095
USR00287,2026-05-16,MP000442,MTR000442,96,86,0.891
USR00287,2026-05-15,MP000442,MTR000442,96,90,0.94
USR00287,2026-05-14,MP000442,MTR000442,96,90,0.9336
USR00287,2026-05-13,MP000442,MTR000442,96,84,0.8778
USR00287,2026-05-12,MP000442,MTR000442,96,90,0.9398
USR00287,2026-05-11,MP000442,MTR000442,96,90,0.9346
USR00287,2026-05-10,MP000442,MTR000442,96,87,0.908
USR00287,2026-05-09,MP000442,MTR000442,96,87,0.9061
USR00287,2026-05-08,MP000442,MTR000442,96,90,0.9388
USR00287,2026-05-07,MP000442,MTR000442,96,94,0.9743
USR00287,2026-05-06,MP000442,MTR000442,96,90,0.938
USR00287,2026-05-05,MP000442,MTR000442,96,91,0.9495
USR00287,2026-05-04,MP000442,MTR000442,96,87,0.9011
USR00287,2026-05-03,MP000442,MTR000442,96,88,0.9137
USR00287,2026-05-02,MP000442,MTR000442,96,91,0.9443
USR00287,2026-05-01,MP000442,MTR000442,96,85,0.8853
USR00287,2026-04-30,MP000442,MTR000442,96,90,0.9323
USR00287,2026-04-29,MP000442,MTR000442,96,90,0.9409
USR00287,2026-04-28,MP000442,MTR000442,96,89,0.9249
USR00287,2026-04-27,MP000442,MTR000442,96,90,0.9357
USR00287,2026-04-26,MP000442,MTR000442,96,89,0.9278
USR00287,2026-04-25,MP000442,MTR000442,96,87,0.9074
USR00287,2026-04-24,MP000442,MTR000442,96,86,0.8907
USR00287,2026-04-23,MP000442,MTR000442,96,89,0.9234
USR00288,2026-05-22,MP000220,MTR000220,96,95,0.9907
USR00288,2026-05-21,MP000220,MTR000220,96,91,0.9496
USR00288,2026-05-20,MP000220,MTR000220,96,91,0.9489
USR00288,2026-05-19,MP000220,MTR000220,96,91,0.9467
USR00288,2026-05-18,MP000220,MTR000220,96,91,0.9467
USR00288,2026-05-17,MP000220,MTR000220,96,93,0.9686
USR00288,2026-05-16,MP000220,MTR000220,96,95,0.9917
USR00288,2026-05-15,MP000220,MTR000220,96,96,1.0
USR00288,2026-05-14,MP000220,MTR000220,96,90,0.935
USR00288,2026-05-13,MP000220,MTR000220,96,94,0.9795
USR00288,2026-05-12,MP000220,MTR000220,96,94,0.9762
USR00288,2026-05-11,MP000220,MTR000220,96,91,0.95
USR00288,2026-05-10,MP000220,MTR000220,96,89,0.9291
USR00288,2026-05-09,MP000220,MTR000220,96,93,0.9682
USR00288,2026-05-08,MP000220,MTR000220,96,96,1.0
USR00288,2026-05-07,MP000220,MTR000220,96,93,0.968
USR00288,2026-05-06,MP000220,MTR000220,96,90,0.9363
USR00288,2026-05-05,MP000220,MTR000220,96,92,0.9552
USR00288,2026-05-04,MP000220,MTR000220,96,89,0.9257
USR00288,2026-05-03,MP000220,MTR000220,96,92,0.9605
USR00288,2026-05-02,MP000220,MTR000220,96,94,0.9804
USR00288,2026-05-01,MP000220,MTR000220,96,90,0.9392
USR00288,2026-04-30,MP000220,MTR000220,96,83,0.8623
USR00288,2026-04-29,MP000220,MTR000220,96,93,0.9682
USR00288,2026-04-28,MP000220,MTR000220,96,91,0.9449
USR00288,2026-04-27,MP000220,MTR000220,96,90,0.9374
USR00288,2026-04-26,MP000220,MTR000220,96,90,0.9371
USR00288,2026-04-25,MP000220,MTR000220,96,93,0.9719
USR00288,2026-04-24,MP000220,MTR000220,96,91,0.9477
USR00288,2026-04-23,MP000220,MTR000220,96,95,0.9878
USR00289,2026-05-22,,,96,90,0.9367
USR00289,2026-05-21,,,96,89,0.9292
USR00289,2026-05-20,,,96,91,0.9486
USR00289,2026-05-19,,,96,90,0.9404
USR00289,2026-05-18,,,96,86,0.8922
USR00289,2026-05-17,,,96,96,1.0
USR00289,2026-05-16,,,96,93,0.9662
USR00289,2026-05-15,,,96,89,0.9309
USR00289,2026-05-14,,,96,85,0.8873
USR00289,2026-05-13,,,96,90,0.9394
USR00289,2026-05-12,,,96,89,0.9271
USR00289,2026-05-11,,,96,91,0.943
USR00289,2026-05-10,,,96,84,0.8799
USR00289,2026-05-09,,,96,89,0.9306
USR00289,2026-05-08,,,96,90,0.9324
USR00289,2026-05-07,,,96,90,0.939
USR00289,2026-05-06,,,96,90,0.9377
USR00289,2026-05-05,,,96,91,0.9464
USR00289,2026-05-04,,,96,95,0.9904
USR00289,2026-05-03,,,96,89,0.9293
USR00289,2026-05-02,,,96,88,0.9175
USR00289,2026-05-01,,,96,86,0.893
USR00289,2026-04-30,,,96,89,0.9295
USR00289,2026-04-29,,,96,87,0.9028
USR00289,2026-04-28,,,96,93,0.9736
USR00289,2026-04-27,,,96,90,0.9419
USR00289,2026-04-26,,,96,93,0.973
USR00289,2026-04-25,,,96,95,0.9888
USR00289,2026-04-24,,,96,88,0.9188
USR00289,2026-04-23,,,96,90,0.9344
USR00290,2026-05-22,MP000394,MTR000394,96,95,0.9854
USR00290,2026-05-21,MP000394,MTR000394,96,96,0.9954
USR00290,2026-05-20,MP000394,MTR000394,96,96,1.0
USR00290,2026-05-19,MP000394,MTR000394,96,96,1.0
USR00290,2026-05-18,MP000394,MTR000394,96,95,0.992
USR00290,2026-05-17,MP000394,MTR000394,96,96,1.0
USR00290,2026-05-16,MP000394,MTR000394,96,94,0.9777
USR00290,2026-05-15,MP000394,MTR000394,96,96,0.9953
USR00290,2026-05-14,MP000394,MTR000394,96,94,0.9744
USR00290,2026-05-13,MP000394,MTR000394,96,96,1.0
USR00290,2026-05-12,MP000394,MTR000394,96,92,0.9587
USR00290,2026-05-11,MP000394,MTR000394,96,89,0.9293
USR00290,2026-05-10,MP000394,MTR000394,96,96,0.9994
USR00290,2026-05-09,MP000394,MTR000394,96,91,0.9491
USR00290,2026-05-08,MP000394,MTR000394,96,91,0.9462
USR00290,2026-05-07,MP000394,MTR000394,96,96,1.0
USR00290,2026-05-06,MP000394,MTR000394,96,96,1.0
USR00290,2026-05-05,MP000394,MTR000394,96,93,0.9695
USR00290,2026-05-04,MP000394,MTR000394,96,85,0.8884
USR00290,2026-05-03,MP000394,MTR000394,96,96,0.9957
USR00290,2026-05-02,MP000394,MTR000394,96,96,0.9996
USR00290,2026-05-01,MP000394,MTR000394,96,96,0.9952
USR00290,2026-04-30,MP000394,MTR000394,96,95,0.9939
USR00290,2026-04-29,MP000394,MTR000394,96,94,0.9743
USR00290,2026-04-28,MP000394,MTR000394,96,93,0.9674
USR00290,2026-04-27,MP000394,MTR000394,96,91,0.9466
USR00290,2026-04-26,MP000394,MTR000394,96,92,0.9588
USR00290,2026-04-25,MP000394,MTR000394,96,95,0.9894
USR00290,2026-04-24,MP000394,MTR000394,96,95,0.9899
USR00290,2026-04-23,MP000394,MTR000394,96,96,1.0
USR00291,2026-05-22,MP000225,MTR000225,96,87,0.9088
USR00291,2026-05-21,MP000225,MTR000225,96,91,0.9472
USR00291,2026-05-20,MP000225,MTR000225,96,89,0.928
USR00291,2026-05-19,MP000225,MTR000225,96,93,0.9642
USR00291,2026-05-18,MP000225,MTR000225,96,88,0.9193
USR00291,2026-05-17,MP000225,MTR000225,96,95,0.994
USR00291,2026-05-16,MP000225,MTR000225,96,90,0.934
USR00291,2026-05-15,MP000225,MTR000225,96,96,1.0
USR00291,2026-05-14,MP000225,MTR000225,96,94,0.9743
USR00291,2026-05-13,MP000225,MTR000225,96,89,0.927
USR00291,2026-05-12,MP000225,MTR000225,96,96,1.0
USR00291,2026-05-11,MP000225,MTR000225,96,93,0.9666
USR00291,2026-05-10,MP000225,MTR000225,96,93,0.9636
USR00291,2026-05-09,MP000225,MTR000225,96,92,0.9567
USR00291,2026-05-08,MP000225,MTR000225,96,93,0.9726
USR00291,2026-05-07,MP000225,MTR000225,96,94,0.9744
USR00291,2026-05-06,MP000225,MTR000225,96,90,0.9327
USR00291,2026-05-05,MP000225,MTR000225,96,91,0.9522
USR00291,2026-05-04,MP000225,MTR000225,96,92,0.9621
USR00291,2026-05-03,MP000225,MTR000225,96,94,0.9761
USR00291,2026-05-02,MP000225,MTR000225,96,94,0.9766
USR00291,2026-05-01,MP000225,MTR000225,96,93,0.9636
USR00291,2026-04-30,MP000225,MTR000225,96,90,0.9421
USR00291,2026-04-29,MP000225,MTR000225,96,90,0.9406
USR00291,2026-04-28,MP000225,MTR000225,96,89,0.9229
USR00291,2026-04-27,MP000225,MTR000225,96,94,0.9764
USR00291,2026-04-26,MP000225,MTR000225,96,90,0.9401
USR00291,2026-04-25,MP000225,MTR000225,96,91,0.9529
USR00291,2026-04-24,MP000225,MTR000225,96,93,0.9658
USR00291,2026-04-23,MP000225,MTR000225,96,92,0.9587
USR00292,2026-05-22,,,96,88,0.9129
USR00292,2026-05-21,,,96,91,0.9481
USR00292,2026-05-20,,,96,89,0.9307
USR00292,2026-05-19,,,96,90,0.9374
USR00292,2026-05-18,,,96,94,0.9748
USR00292,2026-05-17,,,96,92,0.9552
USR00292,2026-05-16,,,96,89,0.9229
USR00292,2026-05-15,,,96,90,0.9356
USR00292,2026-05-14,,,96,95,0.988
USR00292,2026-05-13,,,96,89,0.9308
USR00292,2026-05-12,,,96,90,0.9412
USR00292,2026-05-11,,,96,92,0.96
USR00292,2026-05-10,,,96,91,0.9465
USR00292,2026-05-09,,,96,89,0.9289
USR00292,2026-05-08,,,96,88,0.9177
USR00292,2026-05-07,,,96,90,0.9397
USR00292,2026-05-06,,,96,92,0.9598
USR00292,2026-05-05,,,96,94,0.9797
USR00292,2026-05-04,,,96,86,0.8961
USR00292,2026-05-03,,,96,95,0.9929
USR00292,2026-05-02,,,96,89,0.9314
USR00292,2026-05-01,,,96,93,0.9678
USR00292,2026-04-30,,,96,88,0.9179
USR00292,2026-04-29,,,96,86,0.8917
USR00292,2026-04-28,,,96,86,0.9006
USR00292,2026-04-27,,,96,89,0.9301
USR00292,2026-04-26,,,96,92,0.9558
USR00292,2026-04-25,,,96,90,0.941
USR00292,2026-04-24,,,96,90,0.9325
USR00292,2026-04-23,,,96,93,0.9736
USR00293,2026-05-22,MP000179,MTR000179,96,89,0.9284
USR00293,2026-05-21,MP000179,MTR000179,96,96,1.0
USR00293,2026-05-20,MP000179,MTR000179,96,88,0.9198
USR00293,2026-05-19,MP000179,MTR000179,96,86,0.8991
USR00293,2026-05-18,MP000179,MTR000179,96,90,0.9344
USR00293,2026-05-17,MP000179,MTR000179,96,90,0.942
USR00293,2026-05-16,MP000179,MTR000179,96,89,0.929
USR00293,2026-05-15,MP000179,MTR000179,96,89,0.9247
USR00293,2026-05-14,MP000179,MTR000179,96,93,0.9645
USR00293,2026-05-13,MP000179,MTR000179,96,92,0.9607
USR00293,2026-05-12,MP000179,MTR000179,96,88,0.9165
USR00293,2026-05-11,MP000179,MTR000179,96,86,0.9007
USR00293,2026-05-10,MP000179,MTR000179,96,90,0.9329
USR00293,2026-05-09,MP000179,MTR000179,96,86,0.9005
USR00293,2026-05-08,MP000179,MTR000179,96,91,0.9466
USR00293,2026-05-07,MP000179,MTR000179,96,90,0.9327
USR00293,2026-05-06,MP000179,MTR000179,96,96,1.0
USR00293,2026-05-05,MP000179,MTR000179,96,93,0.9642
USR00293,2026-05-04,MP000179,MTR000179,96,85,0.8876
USR00293,2026-05-03,MP000179,MTR000179,96,87,0.9044
USR00293,2026-05-02,MP000179,MTR000179,96,83,0.8626
USR00293,2026-05-01,MP000179,MTR000179,96,82,0.8559
USR00293,2026-04-30,MP000179,MTR000179,96,89,0.9234
USR00293,2026-04-29,MP000179,MTR000179,96,85,0.8842
USR00293,2026-04-28,MP000179,MTR000179,96,93,0.9692
USR00293,2026-04-27,MP000179,MTR000179,96,92,0.9547
USR00293,2026-04-26,MP000179,MTR000179,96,88,0.9119
USR00293,2026-04-25,MP000179,MTR000179,96,87,0.9102
USR00293,2026-04-24,MP000179,MTR000179,96,93,0.9646
USR00293,2026-04-23,MP000179,MTR000179,96,93,0.9714
USR00294,2026-05-22,,,96,89,0.9252
USR00294,2026-05-21,,,96,91,0.948
USR00294,2026-05-20,,,96,93,0.97
USR00294,2026-05-19,,,96,90,0.9417
USR00294,2026-05-18,,,96,93,0.9706
USR00294,2026-05-17,,,96,96,1.0
USR00294,2026-05-16,,,96,88,0.9149
USR00294,2026-05-15,,,96,91,0.9437
USR00294,2026-05-14,,,96,88,0.9155
USR00294,2026-05-13,,,96,89,0.932
USR00294,2026-05-12,,,96,91,0.9482
USR00294,2026-05-11,,,96,90,0.9352
USR00294,2026-05-10,,,96,93,0.9727
USR00294,2026-05-09,,,96,92,0.9616
USR00294,2026-05-08,,,96,93,0.966
USR00294,2026-05-07,,,96,91,0.9479
USR00294,2026-05-06,,,96,91,0.9506
USR00294,2026-05-05,,,96,91,0.9465
USR00294,2026-05-04,,,96,91,0.9496
USR00294,2026-05-03,,,96,93,0.9696
USR00294,2026-05-02,,,96,86,0.8994
USR00294,2026-05-01,,,96,93,0.9657
USR00294,2026-04-30,,,96,89,0.931
USR00294,2026-04-29,,,96,91,0.9469
USR00294,2026-04-28,,,96,87,0.9102
USR00294,2026-04-27,,,96,91,0.9463
USR00294,2026-04-26,,,96,93,0.9654
USR00294,2026-04-25,,,96,93,0.9708
USR00294,2026-04-24,,,96,88,0.9215
USR00294,2026-04-23,,,96,93,0.9693
USR00295,2026-05-22,MP000360,MTR000360,96,91,0.9529
USR00295,2026-05-21,MP000360,MTR000360,96,93,0.9678
USR00295,2026-05-20,MP000360,MTR000360,96,87,0.9057
USR00295,2026-05-19,MP000360,MTR000360,96,90,0.9408
USR00295,2026-05-18,MP000360,MTR000360,96,94,0.9758
USR00295,2026-05-17,MP000360,MTR000360,96,96,0.9964
USR00295,2026-05-16,MP000360,MTR000360,96,91,0.9498
USR00295,2026-05-15,MP000360,MTR000360,96,96,1.0
USR00295,2026-05-14,MP000360,MTR000360,96,94,0.9771
USR00295,2026-05-13,MP000360,MTR000360,96,89,0.9295
USR00295,2026-05-12,MP000360,MTR000360,96,96,1.0
USR00295,2026-05-11,MP000360,MTR000360,96,89,0.9301
USR00295,2026-05-10,MP000360,MTR000360,96,94,0.9776
USR00295,2026-05-09,MP000360,MTR000360,96,90,0.9399
USR00295,2026-05-08,MP000360,MTR000360,96,89,0.927
USR00295,2026-05-07,MP000360,MTR000360,96,96,0.9966
USR00295,2026-05-06,MP000360,MTR000360,96,92,0.9599
USR00295,2026-05-05,MP000360,MTR000360,96,96,1.0
USR00295,2026-05-04,MP000360,MTR000360,96,90,0.9372
USR00295,2026-05-03,MP000360,MTR000360,96,88,0.9209
USR00295,2026-05-02,MP000360,MTR000360,96,92,0.9533
USR00295,2026-05-01,MP000360,MTR000360,96,96,1.0
USR00295,2026-04-30,MP000360,MTR000360,96,95,0.9927
USR00295,2026-04-29,MP000360,MTR000360,96,94,0.9843
USR00295,2026-04-28,MP000360,MTR000360,96,95,0.9853
USR00295,2026-04-27,MP000360,MTR000360,96,92,0.9532
USR00295,2026-04-26,MP000360,MTR000360,96,96,1.0
USR00295,2026-04-25,MP000360,MTR000360,96,94,0.9815
USR00295,2026-04-24,MP000360,MTR000360,96,94,0.9787
USR00295,2026-04-23,MP000360,MTR000360,96,96,0.9973
USR00296,2026-05-22,,,96,90,0.9419
USR00296,2026-05-21,,,96,92,0.9609
USR00296,2026-05-20,,,96,96,0.998
USR00296,2026-05-19,,,96,89,0.9293
USR00296,2026-05-18,,,96,93,0.9662
USR00296,2026-05-17,,,96,92,0.962
USR00296,2026-05-16,,,96,88,0.921
USR00296,2026-05-15,,,96,91,0.953
USR00296,2026-05-14,,,96,95,0.9845
USR00296,2026-05-13,,,96,89,0.9238
USR00296,2026-05-12,,,96,96,1.0
USR00296,2026-05-11,,,96,94,0.9823
USR00296,2026-05-10,,,96,94,0.9786
USR00296,2026-05-09,,,96,93,0.9685
USR00296,2026-05-08,,,96,90,0.9355
USR00296,2026-05-07,,,96,91,0.9488
USR00296,2026-05-06,,,96,94,0.9791
USR00296,2026-05-05,,,96,91,0.9487
USR00296,2026-05-04,,,96,93,0.9739
USR00296,2026-05-03,,,96,90,0.9413
USR00296,2026-05-02,,,96,94,0.9818
USR00296,2026-05-01,,,96,94,0.984
USR00296,2026-04-30,,,96,88,0.9194
USR00296,2026-04-29,,,96,93,0.9703
USR00296,2026-04-28,,,96,89,0.9226
USR00296,2026-04-27,,,96,88,0.9124
USR00296,2026-04-26,,,96,91,0.9504
USR00296,2026-04-25,,,96,96,1.0
USR00296,2026-04-24,,,96,95,0.9915
USR00296,2026-04-23,,,96,96,1.0
USR00297,2026-05-22,,,96,91,0.9507
USR00297,2026-05-21,,,96,93,0.9714
USR00297,2026-05-20,,,96,89,0.9253
USR00297,2026-05-19,,,96,92,0.9586
USR00297,2026-05-18,,,96,94,0.9798
USR00297,2026-05-17,,,96,93,0.9655
USR00297,2026-05-16,,,96,94,0.9818
USR00297,2026-05-15,,,96,91,0.95
USR00297,2026-05-14,,,96,96,0.9953
USR00297,2026-05-13,,,96,90,0.9383
USR00297,2026-05-12,,,96,96,1.0
USR00297,2026-05-11,,,96,92,0.9617
USR00297,2026-05-10,,,96,90,0.933
USR00297,2026-05-09,,,96,87,0.9091
USR00297,2026-05-08,,,96,88,0.9203
USR00297,2026-05-07,,,96,88,0.9157
USR00297,2026-05-06,,,96,90,0.9419
USR00297,2026-05-05,,,96,87,0.9063
USR00297,2026-05-04,,,96,94,0.9833
USR00297,2026-05-03,,,96,91,0.9478
USR00297,2026-05-02,,,96,91,0.9466
USR00297,2026-05-01,,,96,87,0.9096
USR00297,2026-04-30,,,96,88,0.9214
USR00297,2026-04-29,,,96,84,0.8779
USR00297,2026-04-28,,,96,95,0.993
USR00297,2026-04-27,,,96,87,0.902
USR00297,2026-04-26,,,96,87,0.9043
USR00297,2026-04-25,,,96,95,0.9869
USR00297,2026-04-24,,,96,92,0.9561
USR00297,2026-04-23,,,96,91,0.9481
USR00298,2026-05-22,,,96,95,0.9903
USR00298,2026-05-21,,,96,93,0.9647
USR00298,2026-05-20,,,96,88,0.9154
USR00298,2026-05-19,,,96,94,0.9837
USR00298,2026-05-18,,,96,94,0.9743
USR00298,2026-05-17,,,96,96,0.9968
USR00298,2026-05-16,,,96,89,0.9242
USR00298,2026-05-15,,,96,90,0.9398
USR00298,2026-05-14,,,96,93,0.9734
USR00298,2026-05-13,,,96,90,0.9333
USR00298,2026-05-12,,,96,86,0.8911
USR00298,2026-05-11,,,96,93,0.9676
USR00298,2026-05-10,,,96,95,0.9885
USR00298,2026-05-09,,,96,92,0.9578
USR00298,2026-05-08,,,96,94,0.9781
USR00298,2026-05-07,,,96,93,0.9738
USR00298,2026-05-06,,,96,92,0.962
USR00298,2026-05-05,,,96,93,0.9658
USR00298,2026-05-04,,,96,96,1.0
USR00298,2026-05-03,,,96,90,0.9327
USR00298,2026-05-02,,,96,95,0.9849
USR00298,2026-05-01,,,96,89,0.9262
USR00298,2026-04-30,,,96,90,0.9378
USR00298,2026-04-29,,,96,96,0.9975
USR00298,2026-04-28,,,96,89,0.9254
USR00298,2026-04-27,,,96,92,0.9544
USR00298,2026-04-26,,,96,96,1.0
USR00298,2026-04-25,,,96,95,0.9924
USR00298,2026-04-24,,,96,90,0.9396
USR00298,2026-04-23,,,96,91,0.9447
USR00299,2026-05-22,MP000522,MTR000522,96,96,1.0
USR00299,2026-05-21,MP000522,MTR000522,96,89,0.9306
USR00299,2026-05-20,MP000522,MTR000522,96,89,0.9288
USR00299,2026-05-19,MP000522,MTR000522,96,94,0.982
USR00299,2026-05-18,MP000522,MTR000522,96,87,0.9102
USR00299,2026-05-17,MP000522,MTR000522,96,90,0.9333
USR00299,2026-05-16,MP000522,MTR000522,96,92,0.9581
USR00299,2026-05-15,MP000522,MTR000522,96,92,0.9596
USR00299,2026-05-14,MP000522,MTR000522,96,88,0.9197
USR00299,2026-05-13,MP000522,MTR000522,96,93,0.9712
USR00299,2026-05-12,MP000522,MTR000522,96,94,0.9772
USR00299,2026-05-11,MP000522,MTR000522,96,90,0.9408
USR00299,2026-05-10,MP000522,MTR000522,96,96,1.0
USR00299,2026-05-09,MP000522,MTR000522,96,93,0.9708
USR00299,2026-05-08,MP000522,MTR000522,96,89,0.9305
USR00299,2026-05-07,MP000522,MTR000522,96,96,1.0
USR00299,2026-05-06,MP000522,MTR000522,96,91,0.9449
USR00299,2026-05-05,MP000522,MTR000522,96,93,0.966
USR00299,2026-05-04,MP000522,MTR000522,96,91,0.946
USR00299,2026-05-03,MP000522,MTR000522,96,94,0.9794
USR00299,2026-05-02,MP000522,MTR000522,96,91,0.9462
USR00299,2026-05-01,MP000522,MTR000522,96,91,0.948
USR00299,2026-04-30,MP000522,MTR000522,96,92,0.9558
USR00299,2026-04-29,MP000522,MTR000522,96,91,0.9456
USR00299,2026-04-28,MP000522,MTR000522,96,95,0.9928
USR00299,2026-04-27,MP000522,MTR000522,96,89,0.9229
USR00299,2026-04-26,MP000522,MTR000522,96,92,0.9595
USR00299,2026-04-25,MP000522,MTR000522,96,92,0.9633
USR00299,2026-04-24,MP000522,MTR000522,96,92,0.9569
USR00299,2026-04-23,MP000522,MTR000522,96,95,0.9897
USR00300,2026-05-22,MP000132,MTR000132,96,95,0.9912
USR00300,2026-05-21,MP000132,MTR000132,96,90,0.9368
USR00300,2026-05-20,MP000132,MTR000132,96,92,0.9589
USR00300,2026-05-19,MP000132,MTR000132,96,90,0.9337
USR00300,2026-05-18,MP000132,MTR000132,96,93,0.9642
USR00300,2026-05-17,MP000132,MTR000132,96,92,0.9568
USR00300,2026-05-16,MP000132,MTR000132,96,96,1.0
USR00300,2026-05-15,MP000132,MTR000132,96,94,0.9814
USR00300,2026-05-14,MP000132,MTR000132,96,95,0.9873
USR00300,2026-05-13,MP000132,MTR000132,96,90,0.9409
USR00300,2026-05-12,MP000132,MTR000132,96,96,0.9963
USR00300,2026-05-11,MP000132,MTR000132,96,96,1.0
USR00300,2026-05-10,MP000132,MTR000132,96,96,1.0
USR00300,2026-05-09,MP000132,MTR000132,96,90,0.9348
USR00300,2026-05-08,MP000132,MTR000132,96,92,0.9602
USR00300,2026-05-07,MP000132,MTR000132,96,94,0.9774
USR00300,2026-05-06,MP000132,MTR000132,96,92,0.9568
USR00300,2026-05-05,MP000132,MTR000132,96,96,1.0
USR00300,2026-05-04,MP000132,MTR000132,96,92,0.9596
USR00300,2026-05-03,MP000132,MTR000132,96,93,0.9728
USR00300,2026-05-02,MP000132,MTR000132,96,92,0.9561
USR00300,2026-05-01,MP000132,MTR000132,96,94,0.9811
USR00300,2026-04-30,MP000132,MTR000132,96,96,1.0
USR00300,2026-04-29,MP000132,MTR000132,96,94,0.9776
USR00300,2026-04-28,MP000132,MTR000132,96,93,0.9675
USR00300,2026-04-27,MP000132,MTR000132,96,90,0.9419
USR00300,2026-04-26,MP000132,MTR000132,96,96,1.0
USR00300,2026-04-25,MP000132,MTR000132,96,93,0.9698
USR00300,2026-04-24,MP000132,MTR000132,96,93,0.9685
USR00300,2026-04-23,MP000132,MTR000132,96,87,0.9039
USR00301,2026-05-22,MP000163,MTR000163,96,91,0.9494
USR00301,2026-05-21,MP000163,MTR000163,96,87,0.9067
USR00301,2026-05-20,MP000163,MTR000163,96,95,0.9911
USR00301,2026-05-19,MP000163,MTR000163,96,91,0.9454
USR00301,2026-05-18,MP000163,MTR000163,96,96,1.0
USR00301,2026-05-17,MP000163,MTR000163,96,96,1.0
USR00301,2026-05-16,MP000163,MTR000163,96,90,0.9398
USR00301,2026-05-15,MP000163,MTR000163,96,96,1.0
USR00301,2026-05-14,MP000163,MTR000163,96,96,1.0
USR00301,2026-05-13,MP000163,MTR000163,96,91,0.9447
USR00301,2026-05-12,MP000163,MTR000163,96,89,0.9305
USR00301,2026-05-11,MP000163,MTR000163,96,86,0.8968
USR00301,2026-05-10,MP000163,MTR000163,96,93,0.9729
USR00301,2026-05-09,MP000163,MTR000163,96,89,0.9322
USR00301,2026-05-08,MP000163,MTR000163,96,93,0.9738
USR00301,2026-05-07,MP000163,MTR000163,96,91,0.9444
USR00301,2026-05-06,MP000163,MTR000163,96,90,0.938
USR00301,2026-05-05,MP000163,MTR000163,96,91,0.9446
USR00301,2026-05-04,MP000163,MTR000163,96,89,0.9224
USR00301,2026-05-03,MP000163,MTR000163,96,91,0.9446
USR00301,2026-05-02,MP000163,MTR000163,96,90,0.9393
USR00301,2026-05-01,MP000163,MTR000163,96,92,0.961
USR00301,2026-04-30,MP000163,MTR000163,96,93,0.9646
USR00301,2026-04-29,MP000163,MTR000163,96,89,0.9293
USR00301,2026-04-28,MP000163,MTR000163,96,95,0.9945
USR00301,2026-04-27,MP000163,MTR000163,96,92,0.9567
USR00301,2026-04-26,MP000163,MTR000163,96,96,1.0
USR00301,2026-04-25,MP000163,MTR000163,96,93,0.9687
USR00301,2026-04-24,MP000163,MTR000163,96,92,0.9635
USR00301,2026-04-23,MP000163,MTR000163,96,91,0.9467
USR00302,2026-05-22,MP000395,MTR000395,96,90,0.9403
USR00302,2026-05-21,MP000395,MTR000395,96,93,0.9651
USR00302,2026-05-20,MP000395,MTR000395,96,95,0.9874
USR00302,2026-05-19,MP000395,MTR000395,96,88,0.9175
USR00302,2026-05-18,MP000395,MTR000395,96,92,0.9577
USR00302,2026-05-17,MP000395,MTR000395,96,92,0.9569
USR00302,2026-05-16,MP000395,MTR000395,96,91,0.953
USR00302,2026-05-15,MP000395,MTR000395,96,89,0.9263
USR00302,2026-05-14,MP000395,MTR000395,96,89,0.9269
USR00302,2026-05-13,MP000395,MTR000395,96,88,0.9218
USR00302,2026-05-12,MP000395,MTR000395,96,88,0.9212
USR00302,2026-05-11,MP000395,MTR000395,96,88,0.9141
USR00302,2026-05-10,MP000395,MTR000395,96,90,0.9362
USR00302,2026-05-09,MP000395,MTR000395,96,88,0.9166
USR00302,2026-05-08,MP000395,MTR000395,96,91,0.9524
USR00302,2026-05-07,MP000395,MTR000395,96,90,0.941
USR00302,2026-05-06,MP000395,MTR000395,96,91,0.9444
USR00302,2026-05-05,MP000395,MTR000395,96,89,0.9311
USR00302,2026-05-04,MP000395,MTR000395,96,90,0.9414
USR00302,2026-05-03,MP000395,MTR000395,96,89,0.9319
USR00302,2026-05-02,MP000395,MTR000395,96,92,0.9627
USR00302,2026-05-01,MP000395,MTR000395,96,89,0.926
USR00302,2026-04-30,MP000395,MTR000395,96,91,0.9506
USR00302,2026-04-29,MP000395,MTR000395,96,86,0.9001
USR00302,2026-04-28,MP000395,MTR000395,96,92,0.9607
USR00302,2026-04-27,MP000395,MTR000395,96,89,0.9225
USR00302,2026-04-26,MP000395,MTR000395,96,88,0.9119
USR00302,2026-04-25,MP000395,MTR000395,96,87,0.9051
USR00302,2026-04-24,MP000395,MTR000395,96,87,0.9028
USR00302,2026-04-23,MP000395,MTR000395,96,89,0.9249
USR00303,2026-05-22,,,96,88,0.9193
USR00303,2026-05-21,,,96,84,0.8723
USR00303,2026-05-20,,,96,91,0.9495
USR00303,2026-05-19,,,96,87,0.9052
USR00303,2026-05-18,,,96,92,0.963
USR00303,2026-05-17,,,96,89,0.9259
USR00303,2026-05-16,,,96,89,0.9304
USR00303,2026-05-15,,,96,94,0.9745
USR00303,2026-05-14,,,96,92,0.9571
USR00303,2026-05-13,,,96,87,0.9012
USR00303,2026-05-12,,,96,87,0.9056
USR00303,2026-05-11,,,96,85,0.8851
USR00303,2026-05-10,,,96,96,1.0
USR00303,2026-05-09,,,96,88,0.9127
USR00303,2026-05-08,,,96,93,0.9737
USR00303,2026-05-07,,,96,89,0.9226
USR00303,2026-05-06,,,96,87,0.9062
USR00303,2026-05-05,,,96,90,0.9392
USR00303,2026-05-04,,,96,89,0.9288
USR00303,2026-05-03,,,96,92,0.9626
USR00303,2026-05-02,,,96,92,0.963
USR00303,2026-05-01,,,96,88,0.9209
USR00303,2026-04-30,,,96,86,0.8954
USR00303,2026-04-29,,,96,87,0.9027
USR00303,2026-04-28,,,96,84,0.8701
USR00303,2026-04-27,,,96,89,0.9303
USR00303,2026-04-26,,,96,90,0.9382
USR00303,2026-04-25,,,96,87,0.9043
USR00303,2026-04-24,,,96,86,0.9007
USR00303,2026-04-23,,,96,90,0.9381
USR00304,2026-05-22,MP000111,MTR000111,96,89,0.9294
USR00304,2026-05-21,MP000111,MTR000111,96,89,0.9248
USR00304,2026-05-20,MP000111,MTR000111,96,91,0.9433
USR00304,2026-05-19,MP000111,MTR000111,96,88,0.9188
USR00304,2026-05-18,MP000111,MTR000111,96,88,0.9211
USR00304,2026-05-17,MP000111,MTR000111,96,84,0.8794
USR00304,2026-05-16,MP000111,MTR000111,96,90,0.9343
USR00304,2026-05-15,MP000111,MTR000111,96,90,0.9385
USR00304,2026-05-14,MP000111,MTR000111,96,89,0.9305
USR00304,2026-05-13,MP000111,MTR000111,96,95,0.9932
USR00304,2026-05-12,MP000111,MTR000111,96,90,0.9407
USR00304,2026-05-11,MP000111,MTR000111,96,89,0.9311
USR00304,2026-05-10,MP000111,MTR000111,96,91,0.9508
USR00304,2026-05-09,MP000111,MTR000111,96,96,0.9992
USR00304,2026-05-08,MP000111,MTR000111,96,91,0.9434
USR00304,2026-05-07,MP000111,MTR000111,96,83,0.8691
USR00304,2026-05-06,MP000111,MTR000111,96,91,0.9488
USR00304,2026-05-05,MP000111,MTR000111,96,87,0.9094
USR00304,2026-05-04,MP000111,MTR000111,96,84,0.8781
USR00304,2026-05-03,MP000111,MTR000111,96,95,0.9867
USR00304,2026-05-02,MP000111,MTR000111,96,94,0.9802
USR00304,2026-05-01,MP000111,MTR000111,96,87,0.9086
USR00304,2026-04-30,MP000111,MTR000111,96,87,0.9088
USR00304,2026-04-29,MP000111,MTR000111,96,90,0.9406
USR00304,2026-04-28,MP000111,MTR000111,96,87,0.9092
USR00304,2026-04-27,MP000111,MTR000111,96,89,0.9318
USR00304,2026-04-26,MP000111,MTR000111,96,88,0.9144
USR00304,2026-04-25,MP000111,MTR000111,96,89,0.9238
USR00304,2026-04-24,MP000111,MTR000111,96,86,0.8937
USR00304,2026-04-23,MP000111,MTR000111,96,92,0.9606
USR00305,2026-05-22,MP000139,MTR000139,96,91,0.9469
USR00305,2026-05-21,MP000139,MTR000139,96,91,0.9488
USR00305,2026-05-20,MP000139,MTR000139,96,93,0.9688
USR00305,2026-05-19,MP000139,MTR000139,96,91,0.9499
USR00305,2026-05-18,MP000139,MTR000139,96,96,1.0
USR00305,2026-05-17,MP000139,MTR000139,96,87,0.9104
USR00305,2026-05-16,MP000139,MTR000139,96,94,0.9757
USR00305,2026-05-15,MP000139,MTR000139,96,91,0.9465
USR00305,2026-05-14,MP000139,MTR000139,96,88,0.9162
USR00305,2026-05-13,MP000139,MTR000139,96,96,1.0
USR00305,2026-05-12,MP000139,MTR000139,96,96,1.0
USR00305,2026-05-11,MP000139,MTR000139,96,91,0.9436
USR00305,2026-05-10,MP000139,MTR000139,96,92,0.9632
USR00305,2026-05-09,MP000139,MTR000139,96,90,0.9357
USR00305,2026-05-08,MP000139,MTR000139,96,90,0.9406
USR00305,2026-05-07,MP000139,MTR000139,96,88,0.9159
USR00305,2026-05-06,MP000139,MTR000139,96,88,0.9115
USR00305,2026-05-05,MP000139,MTR000139,96,96,1.0
USR00305,2026-05-04,MP000139,MTR000139,96,91,0.9487
USR00305,2026-05-03,MP000139,MTR000139,96,91,0.9514
USR00305,2026-05-02,MP000139,MTR000139,96,89,0.9256
USR00305,2026-05-01,MP000139,MTR000139,96,92,0.9556
USR00305,2026-04-30,MP000139,MTR000139,96,87,0.9048
USR00305,2026-04-29,MP000139,MTR000139,96,89,0.9267
USR00305,2026-04-28,MP000139,MTR000139,96,88,0.9139
USR00305,2026-04-27,MP000139,MTR000139,96,95,0.9887
USR00305,2026-04-26,MP000139,MTR000139,96,86,0.9003
USR00305,2026-04-25,MP000139,MTR000139,96,88,0.9145
USR00305,2026-04-24,MP000139,MTR000139,96,85,0.8885
USR00305,2026-04-23,MP000139,MTR000139,96,89,0.9232
USR00306,2026-05-22,MP000467,MTR000467,96,93,0.9677
USR00306,2026-05-21,MP000467,MTR000467,96,89,0.9317
USR00306,2026-05-20,MP000467,MTR000467,96,89,0.9261
USR00306,2026-05-19,MP000467,MTR000467,96,91,0.9474
USR00306,2026-05-18,MP000467,MTR000467,96,89,0.9251
USR00306,2026-05-17,MP000467,MTR000467,96,96,1.0
USR00306,2026-05-16,MP000467,MTR000467,96,88,0.9206
USR00306,2026-05-15,MP000467,MTR000467,96,91,0.9508
USR00306,2026-05-14,MP000467,MTR000467,96,92,0.9632
USR00306,2026-05-13,MP000467,MTR000467,96,88,0.9198
USR00306,2026-05-12,MP000467,MTR000467,96,91,0.9433
USR00306,2026-05-11,MP000467,MTR000467,96,89,0.9233
USR00306,2026-05-10,MP000467,MTR000467,96,91,0.9466
USR00306,2026-05-09,MP000467,MTR000467,96,90,0.9414
USR00306,2026-05-08,MP000467,MTR000467,96,90,0.9342
USR00306,2026-05-07,MP000467,MTR000467,96,87,0.9037
USR00306,2026-05-06,MP000467,MTR000467,96,95,0.9943
USR00306,2026-05-05,MP000467,MTR000467,96,92,0.956
USR00306,2026-05-04,MP000467,MTR000467,96,86,0.8907
USR00306,2026-05-03,MP000467,MTR000467,96,89,0.9258
USR00306,2026-05-02,MP000467,MTR000467,96,86,0.8913
USR00306,2026-05-01,MP000467,MTR000467,96,92,0.9612
USR00306,2026-04-30,MP000467,MTR000467,96,90,0.9377
USR00306,2026-04-29,MP000467,MTR000467,96,90,0.9385
USR00306,2026-04-28,MP000467,MTR000467,96,88,0.9131
USR00306,2026-04-27,MP000467,MTR000467,96,89,0.9289
USR00306,2026-04-26,MP000467,MTR000467,96,92,0.962
USR00306,2026-04-25,MP000467,MTR000467,96,93,0.97
USR00306,2026-04-24,MP000467,MTR000467,96,93,0.9638
USR00306,2026-04-23,MP000467,MTR000467,96,86,0.8918
USR00307,2026-05-22,,,96,90,0.9411
USR00307,2026-05-21,,,96,88,0.9115
USR00307,2026-05-20,,,96,85,0.8837
USR00307,2026-05-19,,,96,86,0.8949
USR00307,2026-05-18,,,96,94,0.9785
USR00307,2026-05-17,,,96,86,0.8978
USR00307,2026-05-16,,,96,90,0.9349
USR00307,2026-05-15,,,96,89,0.9288
USR00307,2026-05-14,,,96,89,0.9289
USR00307,2026-05-13,,,96,89,0.9239
USR00307,2026-05-12,,,96,92,0.9572
USR00307,2026-05-11,,,96,90,0.9346
USR00307,2026-05-10,,,96,88,0.9147
USR00307,2026-05-09,,,96,90,0.9351
USR00307,2026-05-08,,,96,86,0.8952
USR00307,2026-05-07,,,96,91,0.9478
USR00307,2026-05-06,,,96,88,0.9131
USR00307,2026-05-05,,,96,88,0.9148
USR00307,2026-05-04,,,96,91,0.9489
USR00307,2026-05-03,,,96,88,0.9213
USR00307,2026-05-02,,,96,89,0.923
USR00307,2026-05-01,,,96,93,0.9685
USR00307,2026-04-30,,,96,87,0.9043
USR00307,2026-04-29,,,96,91,0.9485
USR00307,2026-04-28,,,96,92,0.962
USR00307,2026-04-27,,,96,93,0.9685
USR00307,2026-04-26,,,96,96,0.9988
USR00307,2026-04-25,,,96,88,0.9142
USR00307,2026-04-24,,,96,87,0.9075
USR00307,2026-04-23,,,96,92,0.958
USR00308,2026-05-22,,,96,94,0.9751
USR00308,2026-05-21,,,96,96,1.0
USR00308,2026-05-20,,,96,96,1.0
USR00308,2026-05-19,,,96,96,1.0
USR00308,2026-05-18,,,96,96,1.0
USR00308,2026-05-17,,,96,96,1.0
USR00308,2026-05-16,,,96,96,1.0
USR00308,2026-05-15,,,96,96,1.0
USR00308,2026-05-14,,,96,96,1.0
USR00308,2026-05-13,,,96,94,0.9752
USR00308,2026-05-12,,,96,96,0.9996
USR00308,2026-05-11,,,96,95,0.9854
USR00308,2026-05-10,,,96,90,0.9423
USR00308,2026-05-09,,,96,91,0.9507
USR00308,2026-05-08,,,96,96,1.0
USR00308,2026-05-07,,,96,96,1.0
USR00308,2026-05-06,,,96,93,0.9676
USR00308,2026-05-05,,,96,96,1.0
USR00308,2026-05-04,,,96,93,0.9655
USR00308,2026-05-03,,,96,96,1.0
USR00308,2026-05-02,,,96,95,0.9864
USR00308,2026-05-01,,,96,96,1.0
USR00308,2026-04-30,,,96,96,1.0
USR00308,2026-04-29,,,96,96,1.0
USR00308,2026-04-28,,,96,96,1.0
USR00308,2026-04-27,,,96,96,1.0
USR00308,2026-04-26,,,96,92,0.9606
USR00308,2026-04-25,,,96,96,1.0
USR00308,2026-04-24,,,96,93,0.967
USR00308,2026-04-23,,,96,96,0.9956
USR00309,2026-05-22,MP000038,MTR000038,96,93,0.9727
USR00309,2026-05-21,MP000038,MTR000038,96,91,0.9477
USR00309,2026-05-20,MP000038,MTR000038,96,92,0.9574
USR00309,2026-05-19,MP000038,MTR000038,96,96,1.0
USR00309,2026-05-18,MP000038,MTR000038,96,89,0.9233
USR00309,2026-05-17,MP000038,MTR000038,96,92,0.9621
USR00309,2026-05-16,MP000038,MTR000038,96,89,0.9288
USR00309,2026-05-15,MP000038,MTR000038,96,94,0.9824
USR00309,2026-05-14,MP000038,MTR000038,96,90,0.9404
USR00309,2026-05-13,MP000038,MTR000038,96,92,0.9634
USR00309,2026-05-12,MP000038,MTR000038,96,89,0.9225
USR00309,2026-05-11,MP000038,MTR000038,96,96,1.0
USR00309,2026-05-10,MP000038,MTR000038,96,93,0.9644
USR00309,2026-05-09,MP000038,MTR000038,96,93,0.9663
USR00309,2026-05-08,MP000038,MTR000038,96,95,0.9871
USR00309,2026-05-07,MP000038,MTR000038,96,89,0.9247
USR00309,2026-05-06,MP000038,MTR000038,96,91,0.9437
USR00309,2026-05-05,MP000038,MTR000038,96,93,0.9673
USR00309,2026-05-04,MP000038,MTR000038,96,87,0.9093
USR00309,2026-05-03,MP000038,MTR000038,96,88,0.9126
USR00309,2026-05-02,MP000038,MTR000038,96,90,0.9376
USR00309,2026-05-01,MP000038,MTR000038,96,89,0.928
USR00309,2026-04-30,MP000038,MTR000038,96,91,0.9519
USR00309,2026-04-29,MP000038,MTR000038,96,94,0.9779
USR00309,2026-04-28,MP000038,MTR000038,96,95,0.9847
USR00309,2026-04-27,MP000038,MTR000038,96,96,1.0
USR00309,2026-04-26,MP000038,MTR000038,96,92,0.9615
USR00309,2026-04-25,MP000038,MTR000038,96,93,0.9668
USR00309,2026-04-24,MP000038,MTR000038,96,92,0.9615
USR00309,2026-04-23,MP000038,MTR000038,96,93,0.9718
USR00310,2026-05-22,MP000536,MTR000536,96,91,0.951
USR00310,2026-05-21,MP000536,MTR000536,96,91,0.9509
USR00310,2026-05-20,MP000536,MTR000536,96,90,0.9389
USR00310,2026-05-19,MP000536,MTR000536,96,93,0.9686
USR00310,2026-05-18,MP000536,MTR000536,96,89,0.9241
USR00310,2026-05-17,MP000536,MTR000536,96,87,0.905
USR00310,2026-05-16,MP000536,MTR000536,96,87,0.9099
USR00310,2026-05-15,MP000536,MTR000536,96,88,0.9202
USR00310,2026-05-14,MP000536,MTR000536,96,86,0.8908
USR00310,2026-05-13,MP000536,MTR000536,96,87,0.9049
USR00310,2026-05-12,MP000536,MTR000536,96,85,0.8891
USR00310,2026-05-11,MP000536,MTR000536,96,90,0.9336
USR00310,2026-05-10,MP000536,MTR000536,96,90,0.9339
USR00310,2026-05-09,MP000536,MTR000536,96,84,0.8703
USR00310,2026-05-08,MP000536,MTR000536,96,87,0.9037
USR00310,2026-05-07,MP000536,MTR000536,96,94,0.9781
USR00310,2026-05-06,MP000536,MTR000536,96,90,0.9422
USR00310,2026-05-05,MP000536,MTR000536,96,90,0.937
USR00310,2026-05-04,MP000536,MTR000536,96,87,0.9034
USR00310,2026-05-03,MP000536,MTR000536,96,89,0.9319
USR00310,2026-05-02,MP000536,MTR000536,96,89,0.9229
USR00310,2026-05-01,MP000536,MTR000536,96,86,0.8994
USR00310,2026-04-30,MP000536,MTR000536,96,87,0.9085
USR00310,2026-04-29,MP000536,MTR000536,96,87,0.9092
USR00310,2026-04-28,MP000536,MTR000536,96,84,0.8787
USR00310,2026-04-27,MP000536,MTR000536,96,85,0.8836
USR00310,2026-04-26,MP000536,MTR000536,96,88,0.9173
USR00310,2026-04-25,MP000536,MTR000536,96,86,0.8979
USR00310,2026-04-24,MP000536,MTR000536,96,88,0.9143
USR00310,2026-04-23,MP000536,MTR000536,96,84,0.8752
USR00311,2026-05-22,MP000131,MTR000131,96,96,1.0
USR00311,2026-05-21,MP000131,MTR000131,96,94,0.9778
USR00311,2026-05-20,MP000131,MTR000131,96,94,0.9809
USR00311,2026-05-19,MP000131,MTR000131,96,93,0.9657
USR00311,2026-05-18,MP000131,MTR000131,96,92,0.9549
USR00311,2026-05-17,MP000131,MTR000131,96,91,0.9495
USR00311,2026-05-16,MP000131,MTR000131,96,88,0.9195
USR00311,2026-05-15,MP000131,MTR000131,96,93,0.9676
USR00311,2026-05-14,MP000131,MTR000131,96,93,0.9659
USR00311,2026-05-13,MP000131,MTR000131,96,90,0.9331
USR00311,2026-05-12,MP000131,MTR000131,96,92,0.9627
USR00311,2026-05-11,MP000131,MTR000131,96,89,0.9261
USR00311,2026-05-10,MP000131,MTR000131,96,89,0.928
USR00311,2026-05-09,MP000131,MTR000131,96,93,0.9702
USR00311,2026-05-08,MP000131,MTR000131,96,92,0.9599
USR00311,2026-05-07,MP000131,MTR000131,96,90,0.94
USR00311,2026-05-06,MP000131,MTR000131,96,90,0.9365
USR00311,2026-05-05,MP000131,MTR000131,96,91,0.9522
USR00311,2026-05-04,MP000131,MTR000131,96,86,0.8919
USR00311,2026-05-03,MP000131,MTR000131,96,89,0.9242
USR00311,2026-05-02,MP000131,MTR000131,96,87,0.909
USR00311,2026-05-01,MP000131,MTR000131,96,91,0.9473
USR00311,2026-04-30,MP000131,MTR000131,96,94,0.9796
USR00311,2026-04-29,MP000131,MTR000131,96,92,0.9613
USR00311,2026-04-28,MP000131,MTR000131,96,89,0.9316
USR00311,2026-04-27,MP000131,MTR000131,96,89,0.9257
USR00311,2026-04-26,MP000131,MTR000131,96,89,0.9243
USR00311,2026-04-25,MP000131,MTR000131,96,96,1.0
USR00311,2026-04-24,MP000131,MTR000131,96,91,0.949
USR00311,2026-04-23,MP000131,MTR000131,96,91,0.9529
USR00312,2026-05-22,MP000165,MTR000165,96,92,0.9534
USR00312,2026-05-21,MP000165,MTR000165,96,95,0.9875
USR00312,2026-05-20,MP000165,MTR000165,96,93,0.9739
USR00312,2026-05-19,MP000165,MTR000165,96,95,0.9928
USR00312,2026-05-18,MP000165,MTR000165,96,95,0.9924
USR00312,2026-05-17,MP000165,MTR000165,96,96,1.0
USR00312,2026-05-16,MP000165,MTR000165,96,90,0.9327
USR00312,2026-05-15,MP000165,MTR000165,96,92,0.9557
USR00312,2026-05-14,MP000165,MTR000165,96,95,0.9858
USR00312,2026-05-13,MP000165,MTR000165,96,93,0.9694
USR00312,2026-05-12,MP000165,MTR000165,96,94,0.9795
USR00312,2026-05-11,MP000165,MTR000165,96,95,0.9921
USR00312,2026-05-10,MP000165,MTR000165,96,93,0.9665
USR00312,2026-05-09,MP000165,MTR000165,96,95,0.9946
USR00312,2026-05-08,MP000165,MTR000165,96,96,1.0
USR00312,2026-05-07,MP000165,MTR000165,96,95,0.9908
USR00312,2026-05-06,MP000165,MTR000165,96,96,1.0
USR00312,2026-05-05,MP000165,MTR000165,96,89,0.9236
USR00312,2026-05-04,MP000165,MTR000165,96,93,0.9712
USR00312,2026-05-03,MP000165,MTR000165,96,96,1.0
USR00312,2026-05-02,MP000165,MTR000165,96,92,0.9629
USR00312,2026-05-01,MP000165,MTR000165,96,92,0.9588
USR00312,2026-04-30,MP000165,MTR000165,96,95,0.985
USR00312,2026-04-29,MP000165,MTR000165,96,95,0.9883
USR00312,2026-04-28,MP000165,MTR000165,96,93,0.9728
USR00312,2026-04-27,MP000165,MTR000165,96,96,1.0
USR00312,2026-04-26,MP000165,MTR000165,96,96,0.9974
USR00312,2026-04-25,MP000165,MTR000165,96,92,0.9617
USR00312,2026-04-24,MP000165,MTR000165,96,91,0.9456
USR00312,2026-04-23,MP000165,MTR000165,96,96,1.0
USR00313,2026-05-22,MP000380,MTR000380,96,96,1.0
USR00313,2026-05-21,MP000380,MTR000380,96,96,0.999
USR00313,2026-05-20,MP000380,MTR000380,96,96,1.0
USR00313,2026-05-19,MP000380,MTR000380,96,95,0.9936
USR00313,2026-05-18,MP000380,MTR000380,96,96,1.0
USR00313,2026-05-17,MP000380,MTR000380,96,88,0.9143
USR00313,2026-05-16,MP000380,MTR000380,96,91,0.95
USR00313,2026-05-15,MP000380,MTR000380,96,96,1.0
USR00313,2026-05-14,MP000380,MTR000380,96,96,1.0
USR00313,2026-05-13,MP000380,MTR000380,96,91,0.9491
USR00313,2026-05-12,MP000380,MTR000380,96,89,0.9316
USR00313,2026-05-11,MP000380,MTR000380,96,95,0.9912
USR00313,2026-05-10,MP000380,MTR000380,96,96,1.0
USR00313,2026-05-09,MP000380,MTR000380,96,95,0.9906
USR00313,2026-05-08,MP000380,MTR000380,96,94,0.9844
USR00313,2026-05-07,MP000380,MTR000380,96,89,0.9306
USR00313,2026-05-06,MP000380,MTR000380,96,94,0.9749
USR00313,2026-05-05,MP000380,MTR000380,96,94,0.9794
USR00313,2026-05-04,MP000380,MTR000380,96,93,0.9697
USR00313,2026-05-03,MP000380,MTR000380,96,89,0.9286
USR00313,2026-05-02,MP000380,MTR000380,96,96,1.0
USR00313,2026-05-01,MP000380,MTR000380,96,96,1.0
USR00313,2026-04-30,MP000380,MTR000380,96,92,0.9623
USR00313,2026-04-29,MP000380,MTR000380,96,94,0.9806
USR00313,2026-04-28,MP000380,MTR000380,96,93,0.9712
USR00313,2026-04-27,MP000380,MTR000380,96,93,0.9715
USR00313,2026-04-26,MP000380,MTR000380,96,96,1.0
USR00313,2026-04-25,MP000380,MTR000380,96,96,1.0
USR00313,2026-04-24,MP000380,MTR000380,96,96,1.0
USR00313,2026-04-23,MP000380,MTR000380,96,96,1.0
USR00314,2026-05-22,,,96,96,1.0
USR00314,2026-05-21,,,96,96,1.0
USR00314,2026-05-20,,,96,91,0.9524
USR00314,2026-05-19,,,96,94,0.976
USR00314,2026-05-18,,,96,88,0.9126
USR00314,2026-05-17,,,96,93,0.973
USR00314,2026-05-16,,,96,96,1.0
USR00314,2026-05-15,,,96,96,1.0
USR00314,2026-05-14,,,96,93,0.9685
USR00314,2026-05-13,,,96,94,0.9822
USR00314,2026-05-12,,,96,95,0.9903
USR00314,2026-05-11,,,96,96,1.0
USR00314,2026-05-10,,,96,90,0.9427
USR00314,2026-05-09,,,96,96,1.0
USR00314,2026-05-08,,,96,92,0.9627
USR00314,2026-05-07,,,96,90,0.9371
USR00314,2026-05-06,,,96,92,0.9627
USR00314,2026-05-05,,,96,91,0.9479
USR00314,2026-05-04,,,96,95,0.9847
USR00314,2026-05-03,,,96,89,0.9226
USR00314,2026-05-02,,,96,94,0.9764
USR00314,2026-05-01,,,96,95,0.9921
USR00314,2026-04-30,,,96,96,1.0
USR00314,2026-04-29,,,96,95,0.9926
USR00314,2026-04-28,,,96,96,1.0
USR00314,2026-04-27,,,96,92,0.954
USR00314,2026-04-26,,,96,94,0.984
USR00314,2026-04-25,,,96,87,0.9053
USR00314,2026-04-24,,,96,93,0.9687
USR00314,2026-04-23,,,96,94,0.9838
USR00315,2026-05-22,MP000297,MTR000297,96,91,0.9503
USR00315,2026-05-21,MP000297,MTR000297,96,95,0.9858
USR00315,2026-05-20,MP000297,MTR000297,96,95,0.99
USR00315,2026-05-19,MP000297,MTR000297,96,95,0.9847
USR00315,2026-05-18,MP000297,MTR000297,96,96,1.0
USR00315,2026-05-17,MP000297,MTR000297,96,95,0.991
USR00315,2026-05-16,MP000297,MTR000297,96,96,1.0
USR00315,2026-05-15,MP000297,MTR000297,96,94,0.9829
USR00315,2026-05-14,MP000297,MTR000297,96,96,1.0
USR00315,2026-05-13,MP000297,MTR000297,96,96,1.0
USR00315,2026-05-12,MP000297,MTR000297,96,95,0.9883
USR00315,2026-05-11,MP000297,MTR000297,96,96,1.0
USR00315,2026-05-10,MP000297,MTR000297,96,94,0.9746
USR00315,2026-05-09,MP000297,MTR000297,96,96,1.0
USR00315,2026-05-08,MP000297,MTR000297,96,93,0.969
USR00315,2026-05-07,MP000297,MTR000297,96,96,1.0
USR00315,2026-05-06,MP000297,MTR000297,96,96,1.0
USR00315,2026-05-05,MP000297,MTR000297,96,93,0.9672
USR00315,2026-05-04,MP000297,MTR000297,96,95,0.9936
USR00315,2026-05-03,MP000297,MTR000297,96,96,1.0
USR00315,2026-05-02,MP000297,MTR000297,96,93,0.9731
USR00315,2026-05-01,MP000297,MTR000297,96,96,1.0
USR00315,2026-04-30,MP000297,MTR000297,96,96,1.0
USR00315,2026-04-29,MP000297,MTR000297,96,96,0.9963
USR00315,2026-04-28,MP000297,MTR000297,96,91,0.9456
USR00315,2026-04-27,MP000297,MTR000297,96,96,1.0
USR00315,2026-04-26,MP000297,MTR000297,96,96,0.9979
USR00315,2026-04-25,MP000297,MTR000297,96,96,1.0
USR00315,2026-04-24,MP000297,MTR000297,96,96,1.0
USR00315,2026-04-23,MP000297,MTR000297,96,96,0.9995
USR00316,2026-05-22,,,96,87,0.9022
USR00316,2026-05-21,,,96,94,0.9785
USR00316,2026-05-20,,,96,88,0.9205
USR00316,2026-05-19,,,96,88,0.9209
USR00316,2026-05-18,,,96,93,0.9706
USR00316,2026-05-17,,,96,90,0.9392
USR00316,2026-05-16,,,96,89,0.9247
USR00316,2026-05-15,,,96,91,0.9442
USR00316,2026-05-14,,,96,91,0.9506
USR00316,2026-05-13,,,96,89,0.9283
USR00316,2026-05-12,,,96,92,0.9595
USR00316,2026-05-11,,,96,86,0.8937
USR00316,2026-05-10,,,96,90,0.9397
USR00316,2026-05-09,,,96,92,0.9558
USR00316,2026-05-08,,,96,91,0.9505
USR00316,2026-05-07,,,96,83,0.8646
USR00316,2026-05-06,,,96,89,0.928
USR00316,2026-05-05,,,96,86,0.8954
USR00316,2026-05-04,,,96,93,0.9704
USR00316,2026-05-03,,,96,88,0.9201
USR00316,2026-05-02,,,96,93,0.967
USR00316,2026-05-01,,,96,86,0.8953
USR00316,2026-04-30,,,96,91,0.9435
USR00316,2026-04-29,,,96,89,0.932
USR00316,2026-04-28,,,96,96,1.0
USR00316,2026-04-27,,,96,93,0.9671
USR00316,2026-04-26,,,96,93,0.9652
USR00316,2026-04-25,,,96,95,0.9926
USR00316,2026-04-24,,,96,90,0.9403
USR00316,2026-04-23,,,96,89,0.9288
USR00317,2026-05-22,,,96,96,1.0
USR00317,2026-05-21,,,96,87,0.908
USR00317,2026-05-20,,,96,95,0.9912
USR00317,2026-05-19,,,96,96,0.998
USR00317,2026-05-18,,,96,95,0.9865
USR00317,2026-05-17,,,96,91,0.9452
USR00317,2026-05-16,,,96,95,0.9867
USR00317,2026-05-15,,,96,91,0.9451
USR00317,2026-05-14,,,96,96,1.0
USR00317,2026-05-13,,,96,94,0.9834
USR00317,2026-05-12,,,96,89,0.9293
USR00317,2026-05-11,,,96,95,0.985
USR00317,2026-05-10,,,96,96,1.0
USR00317,2026-05-09,,,96,96,0.9964
USR00317,2026-05-08,,,96,93,0.9637
USR00317,2026-05-07,,,96,93,0.9708
USR00317,2026-05-06,,,96,94,0.9825
USR00317,2026-05-05,,,96,94,0.978
USR00317,2026-05-04,,,96,92,0.9534
USR00317,2026-05-03,,,96,95,0.9891
USR00317,2026-05-02,,,96,91,0.9511
USR00317,2026-05-01,,,96,96,1.0
USR00317,2026-04-30,,,96,96,1.0
USR00317,2026-04-29,,,96,92,0.9611
USR00317,2026-04-28,,,96,93,0.9697
USR00317,2026-04-27,,,96,94,0.9785
USR00317,2026-04-26,,,96,95,0.9902
USR00317,2026-04-25,,,96,96,0.9989
USR00317,2026-04-24,,,96,96,1.0
USR00317,2026-04-23,,,96,96,1.0
USR00318,2026-05-22,MP000100,MTR000100,96,91,0.9511
USR00318,2026-05-21,MP000100,MTR000100,96,87,0.9102
USR00318,2026-05-20,MP000100,MTR000100,96,87,0.901
USR00318,2026-05-19,MP000100,MTR000100,96,96,0.9984
USR00318,2026-05-18,MP000100,MTR000100,96,93,0.9646
USR00318,2026-05-17,MP000100,MTR000100,96,92,0.9555
USR00318,2026-05-16,MP000100,MTR000100,96,92,0.9628
USR00318,2026-05-15,MP000100,MTR000100,96,92,0.9541
USR00318,2026-05-14,MP000100,MTR000100,96,92,0.9623
USR00318,2026-05-13,MP000100,MTR000100,96,90,0.9381
USR00318,2026-05-12,MP000100,MTR000100,96,94,0.981
USR00318,2026-05-11,MP000100,MTR000100,96,90,0.9336
USR00318,2026-05-10,MP000100,MTR000100,96,89,0.9222
USR00318,2026-05-09,MP000100,MTR000100,96,86,0.8986
USR00318,2026-05-08,MP000100,MTR000100,96,90,0.9422
USR00318,2026-05-07,MP000100,MTR000100,96,95,0.9873
USR00318,2026-05-06,MP000100,MTR000100,96,90,0.9356
USR00318,2026-05-05,MP000100,MTR000100,96,87,0.908
USR00318,2026-05-04,MP000100,MTR000100,96,92,0.9579
USR00318,2026-05-03,MP000100,MTR000100,96,89,0.9298
USR00318,2026-05-02,MP000100,MTR000100,96,96,0.9958
USR00318,2026-05-01,MP000100,MTR000100,96,94,0.9816
USR00318,2026-04-30,MP000100,MTR000100,96,87,0.9112
USR00318,2026-04-29,MP000100,MTR000100,96,91,0.9441
USR00318,2026-04-28,MP000100,MTR000100,96,89,0.9267
USR00318,2026-04-27,MP000100,MTR000100,96,88,0.9145
USR00318,2026-04-26,MP000100,MTR000100,96,91,0.9476
USR00318,2026-04-25,MP000100,MTR000100,96,93,0.9739
USR00318,2026-04-24,MP000100,MTR000100,96,91,0.9469
USR00318,2026-04-23,MP000100,MTR000100,96,90,0.9338
USR00319,2026-05-22,MP000526,MTR000526,96,92,0.9595
USR00319,2026-05-21,MP000526,MTR000526,96,96,0.996
USR00319,2026-05-20,MP000526,MTR000526,96,90,0.9392
USR00319,2026-05-19,MP000526,MTR000526,96,96,1.0
USR00319,2026-05-18,MP000526,MTR000526,96,92,0.9619
USR00319,2026-05-17,MP000526,MTR000526,96,95,0.9852
USR00319,2026-05-16,MP000526,MTR000526,96,93,0.9675
USR00319,2026-05-15,MP000526,MTR000526,96,91,0.9441
USR00319,2026-05-14,MP000526,MTR000526,96,95,0.9926
USR00319,2026-05-13,MP000526,MTR000526,96,92,0.9615
USR00319,2026-05-12,MP000526,MTR000526,96,92,0.9544
USR00319,2026-05-11,MP000526,MTR000526,96,87,0.9082
USR00319,2026-05-10,MP000526,MTR000526,96,96,1.0
USR00319,2026-05-09,MP000526,MTR000526,96,94,0.9796
USR00319,2026-05-08,MP000526,MTR000526,96,96,1.0
USR00319,2026-05-07,MP000526,MTR000526,96,96,0.998
USR00319,2026-05-06,MP000526,MTR000526,96,96,1.0
USR00319,2026-05-05,MP000526,MTR000526,96,92,0.9625
USR00319,2026-05-04,MP000526,MTR000526,96,90,0.9383
USR00319,2026-05-03,MP000526,MTR000526,96,96,1.0
USR00319,2026-05-02,MP000526,MTR000526,96,94,0.9833
USR00319,2026-05-01,MP000526,MTR000526,96,93,0.9654
USR00319,2026-04-30,MP000526,MTR000526,96,96,1.0
USR00319,2026-04-29,MP000526,MTR000526,96,95,0.9887
USR00319,2026-04-28,MP000526,MTR000526,96,96,0.9986
USR00319,2026-04-27,MP000526,MTR000526,96,91,0.9488
USR00319,2026-04-26,MP000526,MTR000526,96,96,1.0
USR00319,2026-04-25,MP000526,MTR000526,96,94,0.9793
USR00319,2026-04-24,MP000526,MTR000526,96,96,1.0
USR00319,2026-04-23,MP000526,MTR000526,96,96,1.0
USR00320,2026-05-22,,,96,90,0.9416
USR00320,2026-05-21,,,96,93,0.9662
USR00320,2026-05-20,,,96,94,0.9783
USR00320,2026-05-19,,,96,92,0.9631
USR00320,2026-05-18,,,96,91,0.951
USR00320,2026-05-17,,,96,93,0.9663
USR00320,2026-05-16,,,96,89,0.9292
USR00320,2026-05-15,,,96,95,0.9904
USR00320,2026-05-14,,,96,86,0.8945
USR00320,2026-05-13,,,96,91,0.946
USR00320,2026-05-12,,,96,90,0.9328
USR00320,2026-05-11,,,96,89,0.9257
USR00320,2026-05-10,,,96,92,0.9541
USR00320,2026-05-09,,,96,87,0.9112
USR00320,2026-05-08,,,96,96,1.0
USR00320,2026-05-07,,,96,87,0.9044
USR00320,2026-05-06,,,96,88,0.9164
USR00320,2026-05-05,,,96,88,0.9136
USR00320,2026-05-04,,,96,91,0.9509
USR00320,2026-05-03,,,96,94,0.9754
USR00320,2026-05-02,,,96,92,0.9607
USR00320,2026-05-01,,,96,95,0.9891
USR00320,2026-04-30,,,96,88,0.9201
USR00320,2026-04-29,,,96,93,0.9647
USR00320,2026-04-28,,,96,90,0.9358
USR00320,2026-04-27,,,96,91,0.9518
USR00320,2026-04-26,,,96,94,0.9782
USR00320,2026-04-25,,,96,86,0.8942
USR00320,2026-04-24,,,96,96,1.0
USR00320,2026-04-23,,,96,90,0.9406
USR00321,2026-05-22,MP000272,MTR000272,96,87,0.9059
USR00321,2026-05-21,MP000272,MTR000272,96,89,0.9297
USR00321,2026-05-20,MP000272,MTR000272,96,87,0.9059
USR00321,2026-05-19,MP000272,MTR000272,96,83,0.8652
USR00321,2026-05-18,MP000272,MTR000272,96,89,0.9296
USR00321,2026-05-17,MP000272,MTR000272,96,87,0.905
USR00321,2026-05-16,MP000272,MTR000272,96,91,0.9462
USR00321,2026-05-15,MP000272,MTR000272,96,86,0.8946
USR00321,2026-05-14,MP000272,MTR000272,96,95,0.9945
USR00321,2026-05-13,MP000272,MTR000272,96,90,0.9421
USR00321,2026-05-12,MP000272,MTR000272,96,90,0.9326
USR00321,2026-05-11,MP000272,MTR000272,96,91,0.9454
USR00321,2026-05-10,MP000272,MTR000272,96,84,0.872
USR00321,2026-05-09,MP000272,MTR000272,96,88,0.9118
USR00321,2026-05-08,MP000272,MTR000272,96,94,0.9802
USR00321,2026-05-07,MP000272,MTR000272,96,88,0.9171
USR00321,2026-05-06,MP000272,MTR000272,96,89,0.9248
USR00321,2026-05-05,MP000272,MTR000272,96,88,0.9127
USR00321,2026-05-04,MP000272,MTR000272,96,93,0.9706
USR00321,2026-05-03,MP000272,MTR000272,96,88,0.9193
USR00321,2026-05-02,MP000272,MTR000272,96,85,0.8891
USR00321,2026-05-01,MP000272,MTR000272,96,96,1.0
USR00321,2026-04-30,MP000272,MTR000272,96,85,0.8854
USR00321,2026-04-29,MP000272,MTR000272,96,89,0.9237
USR00321,2026-04-28,MP000272,MTR000272,96,87,0.9014
USR00321,2026-04-27,MP000272,MTR000272,96,87,0.9056
USR00321,2026-04-26,MP000272,MTR000272,96,86,0.8949
USR00321,2026-04-25,MP000272,MTR000272,96,87,0.9105
USR00321,2026-04-24,MP000272,MTR000272,96,92,0.9562
USR00321,2026-04-23,MP000272,MTR000272,96,83,0.8696
USR00322,2026-05-22,MP000410,MTR000410,96,94,0.9823
USR00322,2026-05-21,MP000410,MTR000410,96,93,0.9649
USR00322,2026-05-20,MP000410,MTR000410,96,92,0.9534
USR00322,2026-05-19,MP000410,MTR000410,96,92,0.9579
USR00322,2026-05-18,MP000410,MTR000410,96,95,0.9923
USR00322,2026-05-17,MP000410,MTR000410,96,86,0.8973
USR00322,2026-05-16,MP000410,MTR000410,96,93,0.9715
USR00322,2026-05-15,MP000410,MTR000410,96,89,0.9273
USR00322,2026-05-14,MP000410,MTR000410,96,94,0.9744
USR00322,2026-05-13,MP000410,MTR000410,96,89,0.9312
USR00322,2026-05-12,MP000410,MTR000410,96,93,0.9709
USR00322,2026-05-11,MP000410,MTR000410,96,87,0.9032
USR00322,2026-05-10,MP000410,MTR000410,96,86,0.8989
USR00322,2026-05-09,MP000410,MTR000410,96,91,0.9463
USR00322,2026-05-08,MP000410,MTR000410,96,95,0.9927
USR00322,2026-05-07,MP000410,MTR000410,96,93,0.9657
USR00322,2026-05-06,MP000410,MTR000410,96,93,0.9655
USR00322,2026-05-05,MP000410,MTR000410,96,94,0.9755
USR00322,2026-05-04,MP000410,MTR000410,96,90,0.9377
USR00322,2026-05-03,MP000410,MTR000410,96,93,0.968
USR00322,2026-05-02,MP000410,MTR000410,96,89,0.9323
USR00322,2026-05-01,MP000410,MTR000410,96,90,0.9402
USR00322,2026-04-30,MP000410,MTR000410,96,91,0.944
USR00322,2026-04-29,MP000410,MTR000410,96,90,0.9333
USR00322,2026-04-28,MP000410,MTR000410,96,91,0.9477
USR00322,2026-04-27,MP000410,MTR000410,96,90,0.942
USR00322,2026-04-26,MP000410,MTR000410,96,89,0.9284
USR00322,2026-04-25,MP000410,MTR000410,96,91,0.9454
USR00322,2026-04-24,MP000410,MTR000410,96,92,0.9543
USR00322,2026-04-23,MP000410,MTR000410,96,88,0.9166
USR00323,2026-05-22,MP000327,MTR000327,96,88,0.9178
USR00323,2026-05-21,MP000327,MTR000327,96,90,0.9385
USR00323,2026-05-20,MP000327,MTR000327,96,88,0.9126
USR00323,2026-05-19,MP000327,MTR000327,96,93,0.9641
USR00323,2026-05-18,MP000327,MTR000327,96,92,0.9613
USR00323,2026-05-17,MP000327,MTR000327,96,87,0.9011
USR00323,2026-05-16,MP000327,MTR000327,96,91,0.9484
USR00323,2026-05-15,MP000327,MTR000327,96,94,0.976
USR00323,2026-05-14,MP000327,MTR000327,96,87,0.9042
USR00323,2026-05-13,MP000327,MTR000327,96,87,0.9065
USR00323,2026-05-12,MP000327,MTR000327,96,92,0.9547
USR00323,2026-05-11,MP000327,MTR000327,96,86,0.8934
USR00323,2026-05-10,MP000327,MTR000327,96,87,0.9093
USR00323,2026-05-09,MP000327,MTR000327,96,87,0.9022
USR00323,2026-05-08,MP000327,MTR000327,96,92,0.955
USR00323,2026-05-07,MP000327,MTR000327,96,88,0.9118
USR00323,2026-05-06,MP000327,MTR000327,96,89,0.9241
USR00323,2026-05-05,MP000327,MTR000327,96,87,0.9102
USR00323,2026-05-04,MP000327,MTR000327,96,93,0.9671
USR00323,2026-05-03,MP000327,MTR000327,96,87,0.9068
USR00323,2026-05-02,MP000327,MTR000327,96,85,0.8904
USR00323,2026-05-01,MP000327,MTR000327,96,85,0.8892
USR00323,2026-04-30,MP000327,MTR000327,96,92,0.9534
USR00323,2026-04-29,MP000327,MTR000327,96,92,0.9556
USR00323,2026-04-28,MP000327,MTR000327,96,93,0.9701
USR00323,2026-04-27,MP000327,MTR000327,96,86,0.8948
USR00323,2026-04-26,MP000327,MTR000327,96,89,0.9257
USR00323,2026-04-25,MP000327,MTR000327,96,96,1.0
USR00323,2026-04-24,MP000327,MTR000327,96,89,0.9235
USR00323,2026-04-23,MP000327,MTR000327,96,88,0.9157
USR00324,2026-05-22,MP000416,MTR000416,96,93,0.9663
USR00324,2026-05-21,MP000416,MTR000416,96,93,0.9658
USR00324,2026-05-20,MP000416,MTR000416,96,89,0.932
USR00324,2026-05-19,MP000416,MTR000416,96,90,0.9329
USR00324,2026-05-18,MP000416,MTR000416,96,90,0.9415
USR00324,2026-05-17,MP000416,MTR000416,96,89,0.9285
USR00324,2026-05-16,MP000416,MTR000416,96,88,0.9134
USR00324,2026-05-15,MP000416,MTR000416,96,96,1.0
USR00324,2026-05-14,MP000416,MTR000416,96,90,0.9382
USR00324,2026-05-13,MP000416,MTR000416,96,90,0.9399
USR00324,2026-05-12,MP000416,MTR000416,96,90,0.9408
USR00324,2026-05-11,MP000416,MTR000416,96,91,0.948
USR00324,2026-05-10,MP000416,MTR000416,96,92,0.9635
USR00324,2026-05-09,MP000416,MTR000416,96,90,0.9365
USR00324,2026-05-08,MP000416,MTR000416,96,95,0.9846
USR00324,2026-05-07,MP000416,MTR000416,96,93,0.9683
USR00324,2026-05-06,MP000416,MTR000416,96,91,0.9447
USR00324,2026-05-05,MP000416,MTR000416,96,89,0.9304
USR00324,2026-05-04,MP000416,MTR000416,96,94,0.983
USR00324,2026-05-03,MP000416,MTR000416,96,91,0.9456
USR00324,2026-05-02,MP000416,MTR000416,96,88,0.9131
USR00324,2026-05-01,MP000416,MTR000416,96,94,0.981
USR00324,2026-04-30,MP000416,MTR000416,96,89,0.9286
USR00324,2026-04-29,MP000416,MTR000416,96,94,0.9765
USR00324,2026-04-28,MP000416,MTR000416,96,84,0.875
USR00324,2026-04-27,MP000416,MTR000416,96,90,0.9394
USR00324,2026-04-26,MP000416,MTR000416,96,95,0.9852
USR00324,2026-04-25,MP000416,MTR000416,96,91,0.9506
USR00324,2026-04-24,MP000416,MTR000416,96,93,0.9684
USR00324,2026-04-23,MP000416,MTR000416,96,89,0.9234
USR00325,2026-05-22,MP000279,MTR000279,96,93,0.972
USR00325,2026-05-21,MP000279,MTR000279,96,94,0.9792
USR00325,2026-05-20,MP000279,MTR000279,96,96,1.0
USR00325,2026-05-19,MP000279,MTR000279,96,96,1.0
USR00325,2026-05-18,MP000279,MTR000279,96,96,0.9957
USR00325,2026-05-17,MP000279,MTR000279,96,96,0.9961
USR00325,2026-05-16,MP000279,MTR000279,96,91,0.9446
USR00325,2026-05-15,MP000279,MTR000279,96,92,0.9578
USR00325,2026-05-14,MP000279,MTR000279,96,89,0.9259
USR00325,2026-05-13,MP000279,MTR000279,96,90,0.9338
USR00325,2026-05-12,MP000279,MTR000279,96,91,0.9453
USR00325,2026-05-11,MP000279,MTR000279,96,93,0.971
USR00325,2026-05-10,MP000279,MTR000279,96,90,0.9352
USR00325,2026-05-09,MP000279,MTR000279,96,93,0.9707
USR00325,2026-05-08,MP000279,MTR000279,96,93,0.9673
USR00325,2026-05-07,MP000279,MTR000279,96,90,0.9379
USR00325,2026-05-06,MP000279,MTR000279,96,96,1.0
USR00325,2026-05-05,MP000279,MTR000279,96,89,0.9322
USR00325,2026-05-04,MP000279,MTR000279,96,96,1.0
USR00325,2026-05-03,MP000279,MTR000279,96,87,0.9043
USR00325,2026-05-02,MP000279,MTR000279,96,93,0.9676
USR00325,2026-05-01,MP000279,MTR000279,96,90,0.936
USR00325,2026-04-30,MP000279,MTR000279,96,91,0.9523
USR00325,2026-04-29,MP000279,MTR000279,96,96,1.0
USR00325,2026-04-28,MP000279,MTR000279,96,92,0.9615
USR00325,2026-04-27,MP000279,MTR000279,96,90,0.9388
USR00325,2026-04-26,MP000279,MTR000279,96,95,0.9865
USR00325,2026-04-25,MP000279,MTR000279,96,92,0.9612
USR00325,2026-04-24,MP000279,MTR000279,96,94,0.9764
USR00325,2026-04-23,MP000279,MTR000279,96,91,0.9445
USR00326,2026-05-22,MP000476,MTR000476,96,94,0.9759
USR00326,2026-05-21,MP000476,MTR000476,96,96,1.0
USR00326,2026-05-20,MP000476,MTR000476,96,95,0.9927
USR00326,2026-05-19,MP000476,MTR000476,96,93,0.9681
USR00326,2026-05-18,MP000476,MTR000476,96,96,1.0
USR00326,2026-05-17,MP000476,MTR000476,96,96,1.0
USR00326,2026-05-16,MP000476,MTR000476,96,96,1.0
USR00326,2026-05-15,MP000476,MTR000476,96,95,0.9851
USR00326,2026-05-14,MP000476,MTR000476,96,96,0.9972
USR00326,2026-05-13,MP000476,MTR000476,96,96,1.0
USR00326,2026-05-12,MP000476,MTR000476,96,93,0.9692
USR00326,2026-05-11,MP000476,MTR000476,96,96,1.0
USR00326,2026-05-10,MP000476,MTR000476,96,96,1.0
USR00326,2026-05-09,MP000476,MTR000476,96,93,0.9665
USR00326,2026-05-08,MP000476,MTR000476,96,93,0.9663
USR00326,2026-05-07,MP000476,MTR000476,96,96,0.9965
USR00326,2026-05-06,MP000476,MTR000476,96,94,0.983
USR00326,2026-05-05,MP000476,MTR000476,96,96,1.0
USR00326,2026-05-04,MP000476,MTR000476,96,95,0.9909
USR00326,2026-05-03,MP000476,MTR000476,96,96,1.0
USR00326,2026-05-02,MP000476,MTR000476,96,94,0.974
USR00326,2026-05-01,MP000476,MTR000476,96,96,0.9988
USR00326,2026-04-30,MP000476,MTR000476,96,96,1.0
USR00326,2026-04-29,MP000476,MTR000476,96,96,0.9951
USR00326,2026-04-28,MP000476,MTR000476,96,94,0.9829
USR00326,2026-04-27,MP000476,MTR000476,96,93,0.9736
USR00326,2026-04-26,MP000476,MTR000476,96,96,0.9989
USR00326,2026-04-25,MP000476,MTR000476,96,96,1.0
USR00326,2026-04-24,MP000476,MTR000476,96,92,0.9586
USR00326,2026-04-23,MP000476,MTR000476,96,96,0.998
USR00327,2026-05-22,,,96,95,0.9873
USR00327,2026-05-21,,,96,96,1.0
USR00327,2026-05-20,,,96,91,0.9522
USR00327,2026-05-19,,,96,95,0.9863
USR00327,2026-05-18,,,96,96,1.0
USR00327,2026-05-17,,,96,96,1.0
USR00327,2026-05-16,,,96,96,1.0
USR00327,2026-05-15,,,96,93,0.9704
USR00327,2026-05-14,,,96,96,1.0
USR00327,2026-05-13,,,96,94,0.9816
USR00327,2026-05-12,,,96,96,1.0
USR00327,2026-05-11,,,96,89,0.9303
USR00327,2026-05-10,,,96,95,0.991
USR00327,2026-05-09,,,96,96,1.0
USR00327,2026-05-08,,,96,96,1.0
USR00327,2026-05-07,,,96,96,1.0
USR00327,2026-05-06,,,96,96,1.0
USR00327,2026-05-05,,,96,96,1.0
USR00327,2026-05-04,,,96,96,1.0
USR00327,2026-05-03,,,96,95,0.9882
USR00327,2026-05-02,,,96,92,0.9576
USR00327,2026-05-01,,,96,91,0.9518
USR00327,2026-04-30,,,96,96,1.0
USR00327,2026-04-29,,,96,96,1.0
USR00327,2026-04-28,,,96,95,0.992
USR00327,2026-04-27,,,96,94,0.9821
USR00327,2026-04-26,,,96,96,1.0
USR00327,2026-04-25,,,96,96,1.0
USR00327,2026-04-24,,,96,96,1.0
USR00327,2026-04-23,,,96,93,0.9664
USR00328,2026-05-22,MP000064,MTR000064,96,93,0.9698
USR00328,2026-05-21,MP000064,MTR000064,96,92,0.9566
USR00328,2026-05-20,MP000064,MTR000064,96,92,0.9551
USR00328,2026-05-19,MP000064,MTR000064,96,96,1.0
USR00328,2026-05-18,MP000064,MTR000064,96,89,0.9292
USR00328,2026-05-17,MP000064,MTR000064,96,96,1.0
USR00328,2026-05-16,MP000064,MTR000064,96,96,1.0
USR00328,2026-05-15,MP000064,MTR000064,96,96,1.0
USR00328,2026-05-14,MP000064,MTR000064,96,96,1.0
USR00328,2026-05-13,MP000064,MTR000064,96,96,1.0
USR00328,2026-05-12,MP000064,MTR000064,96,96,1.0
USR00328,2026-05-11,MP000064,MTR000064,96,95,0.9881
USR00328,2026-05-10,MP000064,MTR000064,96,96,1.0
USR00328,2026-05-09,MP000064,MTR000064,96,96,1.0
USR00328,2026-05-08,MP000064,MTR000064,96,93,0.9713
USR00328,2026-05-07,MP000064,MTR000064,96,95,0.9898
USR00328,2026-05-06,MP000064,MTR000064,96,94,0.9784
USR00328,2026-05-05,MP000064,MTR000064,96,96,1.0
USR00328,2026-05-04,MP000064,MTR000064,96,90,0.9402
USR00328,2026-05-03,MP000064,MTR000064,96,96,1.0
USR00328,2026-05-02,MP000064,MTR000064,96,96,1.0
USR00328,2026-05-01,MP000064,MTR000064,96,96,1.0
USR00328,2026-04-30,MP000064,MTR000064,96,89,0.9263
USR00328,2026-04-29,MP000064,MTR000064,96,93,0.966
USR00328,2026-04-28,MP000064,MTR000064,96,96,1.0
USR00328,2026-04-27,MP000064,MTR000064,96,95,0.9919
USR00328,2026-04-26,MP000064,MTR000064,96,91,0.9455
USR00328,2026-04-25,MP000064,MTR000064,96,96,1.0
USR00328,2026-04-24,MP000064,MTR000064,96,96,1.0
USR00328,2026-04-23,MP000064,MTR000064,96,96,1.0
USR00329,2026-05-22,,,96,96,1.0
USR00329,2026-05-21,,,96,91,0.9516
USR00329,2026-05-20,,,96,95,0.9889
USR00329,2026-05-19,,,96,94,0.9767
USR00329,2026-05-18,,,96,93,0.9687
USR00329,2026-05-17,,,96,92,0.9613
USR00329,2026-05-16,,,96,92,0.9623
USR00329,2026-05-15,,,96,93,0.9736
USR00329,2026-05-14,,,96,93,0.9639
USR00329,2026-05-13,,,96,95,0.9946
USR00329,2026-05-12,,,96,92,0.9566
USR00329,2026-05-11,,,96,96,1.0
USR00329,2026-05-10,,,96,92,0.9552
USR00329,2026-05-09,,,96,96,1.0
USR00329,2026-05-08,,,96,96,1.0
USR00329,2026-05-07,,,96,94,0.9776
USR00329,2026-05-06,,,96,94,0.975
USR00329,2026-05-05,,,96,91,0.9508
USR00329,2026-05-04,,,96,92,0.9571
USR00329,2026-05-03,,,96,94,0.9792
USR00329,2026-05-02,,,96,93,0.9713
USR00329,2026-05-01,,,96,96,1.0
USR00329,2026-04-30,,,96,92,0.959
USR00329,2026-04-29,,,96,92,0.9608
USR00329,2026-04-28,,,96,89,0.9227
USR00329,2026-04-27,,,96,95,0.992
USR00329,2026-04-26,,,96,95,0.9892
USR00329,2026-04-25,,,96,96,1.0
USR00329,2026-04-24,,,96,96,1.0
USR00329,2026-04-23,,,96,96,0.9963
USR00330,2026-05-22,MP000195,MTR000195,96,94,0.9754
USR00330,2026-05-21,MP000195,MTR000195,96,94,0.98
USR00330,2026-05-20,MP000195,MTR000195,96,87,0.9018
USR00330,2026-05-19,MP000195,MTR000195,96,89,0.9241
USR00330,2026-05-18,MP000195,MTR000195,96,88,0.9192
USR00330,2026-05-17,MP000195,MTR000195,96,96,0.9952
USR00330,2026-05-16,MP000195,MTR000195,96,90,0.9336
USR00330,2026-05-15,MP000195,MTR000195,96,90,0.9384
USR00330,2026-05-14,MP000195,MTR000195,96,92,0.9573
USR00330,2026-05-13,MP000195,MTR000195,96,88,0.9198
USR00330,2026-05-12,MP000195,MTR000195,96,93,0.9685
USR00330,2026-05-11,MP000195,MTR000195,96,86,0.8932
USR00330,2026-05-10,MP000195,MTR000195,96,88,0.9217
USR00330,2026-05-09,MP000195,MTR000195,96,92,0.963
USR00330,2026-05-08,MP000195,MTR000195,96,88,0.9198
USR00330,2026-05-07,MP000195,MTR000195,96,96,0.996
USR00330,2026-05-06,MP000195,MTR000195,96,92,0.9585
USR00330,2026-05-05,MP000195,MTR000195,96,95,0.991
USR00330,2026-05-04,MP000195,MTR000195,96,93,0.9678
USR00330,2026-05-03,MP000195,MTR000195,96,92,0.9567
USR00330,2026-05-02,MP000195,MTR000195,96,89,0.9272
USR00330,2026-05-01,MP000195,MTR000195,96,95,0.9849
USR00330,2026-04-30,MP000195,MTR000195,96,93,0.9703
USR00330,2026-04-29,MP000195,MTR000195,96,96,1.0
USR00330,2026-04-28,MP000195,MTR000195,96,94,0.9819
USR00330,2026-04-27,MP000195,MTR000195,96,91,0.9451
USR00330,2026-04-26,MP000195,MTR000195,96,93,0.9658
USR00330,2026-04-25,MP000195,MTR000195,96,93,0.9697
USR00330,2026-04-24,MP000195,MTR000195,96,95,0.992
USR00330,2026-04-23,MP000195,MTR000195,96,96,0.9967
USR00331,2026-05-22,MP000177,MTR000177,96,87,0.9047
USR00331,2026-05-21,MP000177,MTR000177,96,85,0.8855
USR00331,2026-05-20,MP000177,MTR000177,96,87,0.907
USR00331,2026-05-19,MP000177,MTR000177,96,89,0.9234
USR00331,2026-05-18,MP000177,MTR000177,96,95,0.9863
USR00331,2026-05-17,MP000177,MTR000177,96,95,0.9867
USR00331,2026-05-16,MP000177,MTR000177,96,93,0.97
USR00331,2026-05-15,MP000177,MTR000177,96,94,0.9781
USR00331,2026-05-14,MP000177,MTR000177,96,88,0.9199
USR00331,2026-05-13,MP000177,MTR000177,96,86,0.8957
USR00331,2026-05-12,MP000177,MTR000177,96,87,0.911
USR00331,2026-05-11,MP000177,MTR000177,96,84,0.8801
USR00331,2026-05-10,MP000177,MTR000177,96,87,0.9077
USR00331,2026-05-09,MP000177,MTR000177,96,89,0.926
USR00331,2026-05-08,MP000177,MTR000177,96,91,0.9462
USR00331,2026-05-07,MP000177,MTR000177,96,91,0.9452
USR00331,2026-05-06,MP000177,MTR000177,96,88,0.9205
USR00331,2026-05-05,MP000177,MTR000177,96,92,0.9582
USR00331,2026-05-04,MP000177,MTR000177,96,88,0.921
USR00331,2026-05-03,MP000177,MTR000177,96,90,0.9415
USR00331,2026-05-02,MP000177,MTR000177,96,87,0.9079
USR00331,2026-05-01,MP000177,MTR000177,96,93,0.9738
USR00331,2026-04-30,MP000177,MTR000177,96,90,0.9418
USR00331,2026-04-29,MP000177,MTR000177,96,92,0.9615
USR00331,2026-04-28,MP000177,MTR000177,96,87,0.9047
USR00331,2026-04-27,MP000177,MTR000177,96,91,0.9464
USR00331,2026-04-26,MP000177,MTR000177,96,92,0.9583
USR00331,2026-04-25,MP000177,MTR000177,96,84,0.8798
USR00331,2026-04-24,MP000177,MTR000177,96,94,0.9762
USR00331,2026-04-23,MP000177,MTR000177,96,87,0.9037
USR00332,2026-05-22,MP000027,MTR000027,96,96,0.9976
USR00332,2026-05-21,MP000027,MTR000027,96,93,0.9726
USR00332,2026-05-20,MP000027,MTR000027,96,86,0.8993
USR00332,2026-05-19,MP000027,MTR000027,96,90,0.9386
USR00332,2026-05-18,MP000027,MTR000027,96,94,0.981
USR00332,2026-05-17,MP000027,MTR000027,96,88,0.9195
USR00332,2026-05-16,MP000027,MTR000027,96,90,0.9332
USR00332,2026-05-15,MP000027,MTR000027,96,90,0.9323
USR00332,2026-05-14,MP000027,MTR000027,96,92,0.9611
USR00332,2026-05-13,MP000027,MTR000027,96,86,0.8979
USR00332,2026-05-12,MP000027,MTR000027,96,92,0.9628
USR00332,2026-05-11,MP000027,MTR000027,96,89,0.9253
USR00332,2026-05-10,MP000027,MTR000027,96,91,0.9436
USR00332,2026-05-09,MP000027,MTR000027,96,90,0.9372
USR00332,2026-05-08,MP000027,MTR000027,96,92,0.962
USR00332,2026-05-07,MP000027,MTR000027,96,91,0.9433
USR00332,2026-05-06,MP000027,MTR000027,96,95,0.9872
USR00332,2026-05-05,MP000027,MTR000027,96,93,0.9737
USR00332,2026-05-04,MP000027,MTR000027,96,88,0.9201
USR00332,2026-05-03,MP000027,MTR000027,96,95,0.9849
USR00332,2026-05-02,MP000027,MTR000027,96,92,0.9536
USR00332,2026-05-01,MP000027,MTR000027,96,91,0.9491
USR00332,2026-04-30,MP000027,MTR000027,96,93,0.9694
USR00332,2026-04-29,MP000027,MTR000027,96,88,0.9127
USR00332,2026-04-28,MP000027,MTR000027,96,87,0.9026
USR00332,2026-04-27,MP000027,MTR000027,96,91,0.9447
USR00332,2026-04-26,MP000027,MTR000027,96,89,0.9258
USR00332,2026-04-25,MP000027,MTR000027,96,96,1.0
USR00332,2026-04-24,MP000027,MTR000027,96,88,0.9211
USR00332,2026-04-23,MP000027,MTR000027,96,91,0.9452
USR00333,2026-05-22,MP000347,MTR000347,96,96,1.0
USR00333,2026-05-21,MP000347,MTR000347,96,91,0.953
USR00333,2026-05-20,MP000347,MTR000347,96,90,0.9345
USR00333,2026-05-19,MP000347,MTR000347,96,96,1.0
USR00333,2026-05-18,MP000347,MTR000347,96,95,0.9853
USR00333,2026-05-17,MP000347,MTR000347,96,96,1.0
USR00333,2026-05-16,MP000347,MTR000347,96,96,1.0
USR00333,2026-05-15,MP000347,MTR000347,96,96,1.0
USR00333,2026-05-14,MP000347,MTR000347,96,93,0.9715
USR00333,2026-05-13,MP000347,MTR000347,96,92,0.9634
USR00333,2026-05-12,MP000347,MTR000347,96,89,0.923
USR00333,2026-05-11,MP000347,MTR000347,96,91,0.953
USR00333,2026-05-10,MP000347,MTR000347,96,95,0.9847
USR00333,2026-05-09,MP000347,MTR000347,96,92,0.9618
USR00333,2026-05-08,MP000347,MTR000347,96,91,0.9486
USR00333,2026-05-07,MP000347,MTR000347,96,94,0.9844
USR00333,2026-05-06,MP000347,MTR000347,96,96,1.0
USR00333,2026-05-05,MP000347,MTR000347,96,94,0.9812
USR00333,2026-05-04,MP000347,MTR000347,96,91,0.9489
USR00333,2026-05-03,MP000347,MTR000347,96,96,1.0
USR00333,2026-05-02,MP000347,MTR000347,96,92,0.9596
USR00333,2026-05-01,MP000347,MTR000347,96,96,1.0
USR00333,2026-04-30,MP000347,MTR000347,96,94,0.975
USR00333,2026-04-29,MP000347,MTR000347,96,95,0.9859
USR00333,2026-04-28,MP000347,MTR000347,96,96,1.0
USR00333,2026-04-27,MP000347,MTR000347,96,90,0.9423
USR00333,2026-04-26,MP000347,MTR000347,96,91,0.9513
USR00333,2026-04-25,MP000347,MTR000347,96,93,0.973
USR00333,2026-04-24,MP000347,MTR000347,96,94,0.9786
USR00333,2026-04-23,MP000347,MTR000347,96,96,1.0
USR00334,2026-05-22,,,96,88,0.9187
USR00334,2026-05-21,,,96,89,0.9297
USR00334,2026-05-20,,,96,93,0.9648
USR00334,2026-05-19,,,96,93,0.9725
USR00334,2026-05-18,,,96,90,0.9366
USR00334,2026-05-17,,,96,92,0.9584
USR00334,2026-05-16,,,96,96,1.0
USR00334,2026-05-15,,,96,92,0.9588
USR00334,2026-05-14,,,96,93,0.9674
USR00334,2026-05-13,,,96,96,1.0
USR00334,2026-05-12,,,96,90,0.9368
USR00334,2026-05-11,,,96,90,0.9349
USR00334,2026-05-10,,,96,91,0.9437
USR00334,2026-05-09,,,96,90,0.942
USR00334,2026-05-08,,,96,87,0.9032
USR00334,2026-05-07,,,96,92,0.9619
USR00334,2026-05-06,,,96,93,0.9643
USR00334,2026-05-05,,,96,91,0.9522
USR00334,2026-05-04,,,96,93,0.9652
USR00334,2026-05-03,,,96,93,0.9655
USR00334,2026-05-02,,,96,88,0.9183
USR00334,2026-05-01,,,96,93,0.9664
USR00334,2026-04-30,,,96,94,0.9745
USR00334,2026-04-29,,,96,87,0.9099
USR00334,2026-04-28,,,96,96,1.0
USR00334,2026-04-27,,,96,88,0.9207
USR00334,2026-04-26,,,96,89,0.9236
USR00334,2026-04-25,,,96,93,0.9638
USR00334,2026-04-24,,,96,93,0.9738
USR00334,2026-04-23,,,96,94,0.9811
USR00335,2026-05-22,,,96,91,0.9478
USR00335,2026-05-21,,,96,93,0.9666
USR00335,2026-05-20,,,96,92,0.9539
USR00335,2026-05-19,,,96,93,0.9686
USR00335,2026-05-18,,,96,93,0.9654
USR00335,2026-05-17,,,96,91,0.9482
USR00335,2026-05-16,,,96,91,0.953
USR00335,2026-05-15,,,96,87,0.9078
USR00335,2026-05-14,,,96,95,0.9883
USR00335,2026-05-13,,,96,93,0.9723
USR00335,2026-05-12,,,96,86,0.8942
USR00335,2026-05-11,,,96,95,0.9872
USR00335,2026-05-10,,,96,92,0.9618
USR00335,2026-05-09,,,96,90,0.9353
USR00335,2026-05-08,,,96,90,0.9326
USR00335,2026-05-07,,,96,91,0.9427
USR00335,2026-05-06,,,96,90,0.9354
USR00335,2026-05-05,,,96,90,0.9395
USR00335,2026-05-04,,,96,96,1.0
USR00335,2026-05-03,,,96,94,0.9745
USR00335,2026-05-02,,,96,96,1.0
USR00335,2026-05-01,,,96,93,0.9702
USR00335,2026-04-30,,,96,94,0.9808
USR00335,2026-04-29,,,96,90,0.937
USR00335,2026-04-28,,,96,92,0.9583
USR00335,2026-04-27,,,96,92,0.9609
USR00335,2026-04-26,,,96,94,0.982
USR00335,2026-04-25,,,96,92,0.9619
USR00335,2026-04-24,,,96,93,0.9739
USR00335,2026-04-23,,,96,93,0.9728
USR00336,2026-05-22,MP000302,MTR000302,96,92,0.9621
USR00336,2026-05-21,MP000302,MTR000302,96,92,0.9542
USR00336,2026-05-20,MP000302,MTR000302,96,96,1.0
USR00336,2026-05-19,MP000302,MTR000302,96,93,0.9652
USR00336,2026-05-18,MP000302,MTR000302,96,94,0.9841
USR00336,2026-05-17,MP000302,MTR000302,96,93,0.9695
USR00336,2026-05-16,MP000302,MTR000302,96,96,1.0
USR00336,2026-05-15,MP000302,MTR000302,96,88,0.9146
USR00336,2026-05-14,MP000302,MTR000302,96,94,0.9833
USR00336,2026-05-13,MP000302,MTR000302,96,90,0.9366
USR00336,2026-05-12,MP000302,MTR000302,96,95,0.986
USR00336,2026-05-11,MP000302,MTR000302,96,93,0.9698
USR00336,2026-05-10,MP000302,MTR000302,96,89,0.9299
USR00336,2026-05-09,MP000302,MTR000302,96,95,0.9844
USR00336,2026-05-08,MP000302,MTR000302,96,94,0.981
USR00336,2026-05-07,MP000302,MTR000302,96,93,0.9673
USR00336,2026-05-06,MP000302,MTR000302,96,93,0.9711
USR00336,2026-05-05,MP000302,MTR000302,96,94,0.9791
USR00336,2026-05-04,MP000302,MTR000302,96,96,1.0
USR00336,2026-05-03,MP000302,MTR000302,96,93,0.9648
USR00336,2026-05-02,MP000302,MTR000302,96,96,1.0
USR00336,2026-05-01,MP000302,MTR000302,96,93,0.9731
USR00336,2026-04-30,MP000302,MTR000302,96,96,1.0
USR00336,2026-04-29,MP000302,MTR000302,96,93,0.9672
USR00336,2026-04-28,MP000302,MTR000302,96,92,0.9543
USR00336,2026-04-27,MP000302,MTR000302,96,90,0.9413
USR00336,2026-04-26,MP000302,MTR000302,96,93,0.9732
USR00336,2026-04-25,MP000302,MTR000302,96,91,0.9505
USR00336,2026-04-24,MP000302,MTR000302,96,96,1.0
USR00336,2026-04-23,MP000302,MTR000302,96,91,0.9481
USR00337,2026-05-22,,,96,91,0.9428
USR00337,2026-05-21,,,96,92,0.9609
USR00337,2026-05-20,,,96,91,0.9473
USR00337,2026-05-19,,,96,92,0.9571
USR00337,2026-05-18,,,96,89,0.923
USR00337,2026-05-17,,,96,89,0.9234
USR00337,2026-05-16,,,96,95,0.9857
USR00337,2026-05-15,,,96,94,0.9761
USR00337,2026-05-14,,,96,91,0.9468
USR00337,2026-05-13,,,96,92,0.9586
USR00337,2026-05-12,,,96,91,0.9511
USR00337,2026-05-11,,,96,85,0.8892
USR00337,2026-05-10,,,96,89,0.9242
USR00337,2026-05-09,,,96,93,0.9703
USR00337,2026-05-08,,,96,91,0.947
USR00337,2026-05-07,,,96,89,0.9235
USR00337,2026-05-06,,,96,93,0.9706
USR00337,2026-05-05,,,96,90,0.9364
USR00337,2026-05-04,,,96,91,0.948
USR00337,2026-05-03,,,96,90,0.9366
USR00337,2026-05-02,,,96,90,0.9416
USR00337,2026-05-01,,,96,91,0.9437
USR00337,2026-04-30,,,96,93,0.9644
USR00337,2026-04-29,,,96,93,0.9683
USR00337,2026-04-28,,,96,88,0.9118
USR00337,2026-04-27,,,96,90,0.936
USR00337,2026-04-26,,,96,92,0.9635
USR00337,2026-04-25,,,96,88,0.9214
USR00337,2026-04-24,,,96,85,0.8861
USR00337,2026-04-23,,,96,86,0.8981
USR00338,2026-05-22,MP000221,MTR000221,96,94,0.9751
USR00338,2026-05-21,MP000221,MTR000221,96,93,0.9664
USR00338,2026-05-20,MP000221,MTR000221,96,96,1.0
USR00338,2026-05-19,MP000221,MTR000221,96,94,0.9805
USR00338,2026-05-18,MP000221,MTR000221,96,96,1.0
USR00338,2026-05-17,MP000221,MTR000221,96,92,0.9549
USR00338,2026-05-16,MP000221,MTR000221,96,94,0.9782
USR00338,2026-05-15,MP000221,MTR000221,96,95,0.9919
USR00338,2026-05-14,MP000221,MTR000221,96,96,1.0
USR00338,2026-05-13,MP000221,MTR000221,96,96,1.0
USR00338,2026-05-12,MP000221,MTR000221,96,93,0.9727
USR00338,2026-05-11,MP000221,MTR000221,96,96,1.0
USR00338,2026-05-10,MP000221,MTR000221,96,90,0.9383
USR00338,2026-05-09,MP000221,MTR000221,96,96,1.0
USR00338,2026-05-08,MP000221,MTR000221,96,91,0.9486
USR00338,2026-05-07,MP000221,MTR000221,96,96,1.0
USR00338,2026-05-06,MP000221,MTR000221,96,96,1.0
USR00338,2026-05-05,MP000221,MTR000221,96,96,1.0
USR00338,2026-05-04,MP000221,MTR000221,96,90,0.9396
USR00338,2026-05-03,MP000221,MTR000221,96,94,0.9754
USR00338,2026-05-02,MP000221,MTR000221,96,96,1.0
USR00338,2026-05-01,MP000221,MTR000221,96,96,1.0
USR00338,2026-04-30,MP000221,MTR000221,96,96,0.9971
USR00338,2026-04-29,MP000221,MTR000221,96,89,0.9228
USR00338,2026-04-28,MP000221,MTR000221,96,96,1.0
USR00338,2026-04-27,MP000221,MTR000221,96,96,1.0
USR00338,2026-04-26,MP000221,MTR000221,96,95,0.9937
USR00338,2026-04-25,MP000221,MTR000221,96,96,0.9957
USR00338,2026-04-24,MP000221,MTR000221,96,96,1.0
USR00338,2026-04-23,MP000221,MTR000221,96,96,1.0
USR00339,2026-05-22,MP000214,MTR000214,96,93,0.9659
USR00339,2026-05-21,MP000214,MTR000214,96,94,0.9831
USR00339,2026-05-20,MP000214,MTR000214,96,93,0.9713
USR00339,2026-05-19,MP000214,MTR000214,96,93,0.9717
USR00339,2026-05-18,MP000214,MTR000214,96,88,0.9187
USR00339,2026-05-17,MP000214,MTR000214,96,95,0.9873
USR00339,2026-05-16,MP000214,MTR000214,96,96,1.0
USR00339,2026-05-15,MP000214,MTR000214,96,96,1.0
USR00339,2026-05-14,MP000214,MTR000214,96,96,1.0
USR00339,2026-05-13,MP000214,MTR000214,96,93,0.9701
USR00339,2026-05-12,MP000214,MTR000214,96,94,0.976
USR00339,2026-05-11,MP000214,MTR000214,96,96,1.0
USR00339,2026-05-10,MP000214,MTR000214,96,96,0.9977
USR00339,2026-05-09,MP000214,MTR000214,96,96,1.0
USR00339,2026-05-08,MP000214,MTR000214,96,91,0.9515
USR00339,2026-05-07,MP000214,MTR000214,96,91,0.9513
USR00339,2026-05-06,MP000214,MTR000214,96,92,0.9617
USR00339,2026-05-05,MP000214,MTR000214,96,91,0.9434
USR00339,2026-05-04,MP000214,MTR000214,96,89,0.932
USR00339,2026-05-03,MP000214,MTR000214,96,95,0.9857
USR00339,2026-05-02,MP000214,MTR000214,96,94,0.9837
USR00339,2026-05-01,MP000214,MTR000214,96,94,0.979
USR00339,2026-04-30,MP000214,MTR000214,96,94,0.9823
USR00339,2026-04-29,MP000214,MTR000214,96,89,0.9277
USR00339,2026-04-28,MP000214,MTR000214,96,92,0.9573
USR00339,2026-04-27,MP000214,MTR000214,96,92,0.9628
USR00339,2026-04-26,MP000214,MTR000214,96,93,0.9731
USR00339,2026-04-25,MP000214,MTR000214,96,89,0.9279
USR00339,2026-04-24,MP000214,MTR000214,96,91,0.9438
USR00339,2026-04-23,MP000214,MTR000214,96,92,0.9586
USR00340,2026-05-22,MP000023,MTR000023,96,95,0.9866
USR00340,2026-05-21,MP000023,MTR000023,96,96,1.0
USR00340,2026-05-20,MP000023,MTR000023,96,94,0.9751
USR00340,2026-05-19,MP000023,MTR000023,96,94,0.9788
USR00340,2026-05-18,MP000023,MTR000023,96,95,0.9938
USR00340,2026-05-17,MP000023,MTR000023,96,93,0.9735
USR00340,2026-05-16,MP000023,MTR000023,96,92,0.96
USR00340,2026-05-15,MP000023,MTR000023,96,90,0.9341
USR00340,2026-05-14,MP000023,MTR000023,96,92,0.9609
USR00340,2026-05-13,MP000023,MTR000023,96,96,1.0
USR00340,2026-05-12,MP000023,MTR000023,96,96,1.0
USR00340,2026-05-11,MP000023,MTR000023,96,92,0.9556
USR00340,2026-05-10,MP000023,MTR000023,96,89,0.9268
USR00340,2026-05-09,MP000023,MTR000023,96,96,1.0
USR00340,2026-05-08,MP000023,MTR000023,96,94,0.9809
USR00340,2026-05-07,MP000023,MTR000023,96,90,0.9384
USR00340,2026-05-06,MP000023,MTR000023,96,85,0.8855
USR00340,2026-05-05,MP000023,MTR000023,96,91,0.9499
USR00340,2026-05-04,MP000023,MTR000023,96,93,0.9649
USR00340,2026-05-03,MP000023,MTR000023,96,91,0.9442
USR00340,2026-05-02,MP000023,MTR000023,96,96,0.9995
USR00340,2026-05-01,MP000023,MTR000023,96,92,0.9544
USR00340,2026-04-30,MP000023,MTR000023,96,94,0.9792
USR00340,2026-04-29,MP000023,MTR000023,96,96,1.0
USR00340,2026-04-28,MP000023,MTR000023,96,94,0.9823
USR00340,2026-04-27,MP000023,MTR000023,96,94,0.9753
USR00340,2026-04-26,MP000023,MTR000023,96,94,0.976
USR00340,2026-04-25,MP000023,MTR000023,96,96,0.9989
USR00340,2026-04-24,MP000023,MTR000023,96,96,0.9951
USR00340,2026-04-23,MP000023,MTR000023,96,91,0.9487
USR00341,2026-05-22,MP000021,MTR000021,96,91,0.9439
USR00341,2026-05-21,MP000021,MTR000021,96,92,0.9554
USR00341,2026-05-20,MP000021,MTR000021,96,96,1.0
USR00341,2026-05-19,MP000021,MTR000021,96,94,0.9824
USR00341,2026-05-18,MP000021,MTR000021,96,92,0.9615
USR00341,2026-05-17,MP000021,MTR000021,96,96,1.0
USR00341,2026-05-16,MP000021,MTR000021,96,93,0.9695
USR00341,2026-05-15,MP000021,MTR000021,96,88,0.9147
USR00341,2026-05-14,MP000021,MTR000021,96,96,1.0
USR00341,2026-05-13,MP000021,MTR000021,96,92,0.9592
USR00341,2026-05-12,MP000021,MTR000021,96,86,0.8962
USR00341,2026-05-11,MP000021,MTR000021,96,88,0.9159
USR00341,2026-05-10,MP000021,MTR000021,96,96,0.9977
USR00341,2026-05-09,MP000021,MTR000021,96,88,0.9164
USR00341,2026-05-08,MP000021,MTR000021,96,96,1.0
USR00341,2026-05-07,MP000021,MTR000021,96,93,0.9663
USR00341,2026-05-06,MP000021,MTR000021,96,95,0.9853
USR00341,2026-05-05,MP000021,MTR000021,96,92,0.9562
USR00341,2026-05-04,MP000021,MTR000021,96,94,0.9796
USR00341,2026-05-03,MP000021,MTR000021,96,93,0.9734
USR00341,2026-05-02,MP000021,MTR000021,96,92,0.9627
USR00341,2026-05-01,MP000021,MTR000021,96,89,0.9319
USR00341,2026-04-30,MP000021,MTR000021,96,94,0.9746
USR00341,2026-04-29,MP000021,MTR000021,96,87,0.9094
USR00341,2026-04-28,MP000021,MTR000021,96,95,0.9918
USR00341,2026-04-27,MP000021,MTR000021,96,93,0.9698
USR00341,2026-04-26,MP000021,MTR000021,96,94,0.9778
USR00341,2026-04-25,MP000021,MTR000021,96,85,0.8854
USR00341,2026-04-24,MP000021,MTR000021,96,89,0.9301
USR00341,2026-04-23,MP000021,MTR000021,96,91,0.9487
USR00342,2026-05-22,MP000452,MTR000452,96,87,0.9072
USR00342,2026-05-21,MP000452,MTR000452,96,96,1.0
USR00342,2026-05-20,MP000452,MTR000452,96,89,0.9276
USR00342,2026-05-19,MP000452,MTR000452,96,87,0.905
USR00342,2026-05-18,MP000452,MTR000452,96,89,0.9299
USR00342,2026-05-17,MP000452,MTR000452,96,87,0.907
USR00342,2026-05-16,MP000452,MTR000452,96,86,0.9
USR00342,2026-05-15,MP000452,MTR000452,96,93,0.9658
USR00342,2026-05-14,MP000452,MTR000452,96,91,0.9509
USR00342,2026-05-13,MP000452,MTR000452,96,91,0.951
USR00342,2026-05-12,MP000452,MTR000452,96,93,0.9738
USR00342,2026-05-11,MP000452,MTR000452,96,91,0.9501
USR00342,2026-05-10,MP000452,MTR000452,96,87,0.9035
USR00342,2026-05-09,MP000452,MTR000452,96,92,0.9568
USR00342,2026-05-08,MP000452,MTR000452,96,87,0.9017
USR00342,2026-05-07,MP000452,MTR000452,96,88,0.9212
USR00342,2026-05-06,MP000452,MTR000452,96,90,0.9341
USR00342,2026-05-05,MP000452,MTR000452,96,89,0.9311
USR00342,2026-05-04,MP000452,MTR000452,96,85,0.8818
USR00342,2026-05-03,MP000452,MTR000452,96,87,0.9065
USR00342,2026-05-02,MP000452,MTR000452,96,90,0.9348
USR00342,2026-05-01,MP000452,MTR000452,96,88,0.9172
USR00342,2026-04-30,MP000452,MTR000452,96,93,0.9693
USR00342,2026-04-29,MP000452,MTR000452,96,94,0.9744
USR00342,2026-04-28,MP000452,MTR000452,96,87,0.9019
USR00342,2026-04-27,MP000452,MTR000452,96,90,0.9373
USR00342,2026-04-26,MP000452,MTR000452,96,94,0.983
USR00342,2026-04-25,MP000452,MTR000452,96,89,0.9315
USR00342,2026-04-24,MP000452,MTR000452,96,89,0.9233
USR00342,2026-04-23,MP000452,MTR000452,96,92,0.9613
USR00343,2026-05-22,,,96,96,1.0
USR00343,2026-05-21,,,96,94,0.9754
USR00343,2026-05-20,,,96,94,0.979
USR00343,2026-05-19,,,96,96,1.0
USR00343,2026-05-18,,,96,96,0.9962
USR00343,2026-05-17,,,96,96,0.9965
USR00343,2026-05-16,,,96,90,0.9359
USR00343,2026-05-15,,,96,94,0.9826
USR00343,2026-05-14,,,96,96,1.0
USR00343,2026-05-13,,,96,93,0.9697
USR00343,2026-05-12,,,96,96,1.0
USR00343,2026-05-11,,,96,96,1.0
USR00343,2026-05-10,,,96,95,0.9872
USR00343,2026-05-09,,,96,96,1.0
USR00343,2026-05-08,,,96,94,0.983
USR00343,2026-05-07,,,96,95,0.9851
USR00343,2026-05-06,,,96,95,0.9869
USR00343,2026-05-05,,,96,96,0.9956
USR00343,2026-05-04,,,96,96,1.0
USR00343,2026-05-03,,,96,91,0.949
USR00343,2026-05-02,,,96,96,1.0
USR00343,2026-05-01,,,96,96,0.9953
USR00343,2026-04-30,,,96,96,1.0
USR00343,2026-04-29,,,96,96,1.0
USR00343,2026-04-28,,,96,94,0.9779
USR00343,2026-04-27,,,96,92,0.9565
USR00343,2026-04-26,,,96,96,0.999
USR00343,2026-04-25,,,96,96,1.0
USR00343,2026-04-24,,,96,96,1.0
USR00343,2026-04-23,,,96,94,0.9771
USR00344,2026-05-22,,,96,90,0.9386
USR00344,2026-05-21,,,96,91,0.9436
USR00344,2026-05-20,,,96,93,0.9721
USR00344,2026-05-19,,,96,94,0.9811
USR00344,2026-05-18,,,96,96,1.0
USR00344,2026-05-17,,,96,90,0.9338
USR00344,2026-05-16,,,96,95,0.9947
USR00344,2026-05-15,,,96,92,0.9628
USR00344,2026-05-14,,,96,95,0.9913
USR00344,2026-05-13,,,96,93,0.968
USR00344,2026-05-12,,,96,96,1.0
USR00344,2026-05-11,,,96,96,1.0
USR00344,2026-05-10,,,96,94,0.9812
USR00344,2026-05-09,,,96,96,1.0
USR00344,2026-05-08,,,96,96,1.0
USR00344,2026-05-07,,,96,96,1.0
USR00344,2026-05-06,,,96,94,0.9833
USR00344,2026-05-05,,,96,96,1.0
USR00344,2026-05-04,,,96,92,0.9616
USR00344,2026-05-03,,,96,92,0.9585
USR00344,2026-05-02,,,96,96,1.0
USR00344,2026-05-01,,,96,91,0.952
USR00344,2026-04-30,,,96,93,0.9715
USR00344,2026-04-29,,,96,89,0.9277
USR00344,2026-04-28,,,96,92,0.9592
USR00344,2026-04-27,,,96,92,0.9548
USR00344,2026-04-26,,,96,93,0.9645
USR00344,2026-04-25,,,96,95,0.9936
USR00344,2026-04-24,,,96,96,1.0
USR00344,2026-04-23,,,96,92,0.9544
USR00345,2026-05-22,,,96,94,0.9814
USR00345,2026-05-21,,,96,96,1.0
USR00345,2026-05-20,,,96,95,0.9865
USR00345,2026-05-19,,,96,86,0.8995
USR00345,2026-05-18,,,96,95,0.9845
USR00345,2026-05-17,,,96,96,1.0
USR00345,2026-05-16,,,96,86,0.898
USR00345,2026-05-15,,,96,94,0.9813
USR00345,2026-05-14,,,96,92,0.9556
USR00345,2026-05-13,,,96,90,0.939
USR00345,2026-05-12,,,96,91,0.952
USR00345,2026-05-11,,,96,92,0.9622
USR00345,2026-05-10,,,96,94,0.9836
USR00345,2026-05-09,,,96,94,0.982
USR00345,2026-05-08,,,96,87,0.9036
USR00345,2026-05-07,,,96,89,0.9294
USR00345,2026-05-06,,,96,91,0.9517
USR00345,2026-05-05,,,96,96,0.996
USR00345,2026-05-04,,,96,83,0.867
USR00345,2026-05-03,,,96,89,0.9305
USR00345,2026-05-02,,,96,87,0.903
USR00345,2026-05-01,,,96,87,0.9078
USR00345,2026-04-30,,,96,94,0.9784
USR00345,2026-04-29,,,96,90,0.9329
USR00345,2026-04-28,,,96,84,0.8788
USR00345,2026-04-27,,,96,91,0.9441
USR00345,2026-04-26,,,96,96,1.0
USR00345,2026-04-25,,,96,86,0.8947
USR00345,2026-04-24,,,96,93,0.9648
USR00345,2026-04-23,,,96,96,0.9959
USR00346,2026-05-22,MP000229,MTR000229,96,96,1.0
USR00346,2026-05-21,MP000229,MTR000229,96,91,0.9504
USR00346,2026-05-20,MP000229,MTR000229,96,96,1.0
USR00346,2026-05-19,MP000229,MTR000229,96,96,1.0
USR00346,2026-05-18,MP000229,MTR000229,96,93,0.9693
USR00346,2026-05-17,MP000229,MTR000229,96,89,0.9256
USR00346,2026-05-16,MP000229,MTR000229,96,90,0.9402
USR00346,2026-05-15,MP000229,MTR000229,96,86,0.8999
USR00346,2026-05-14,MP000229,MTR000229,96,95,0.9881
USR00346,2026-05-13,MP000229,MTR000229,96,95,0.9845
USR00346,2026-05-12,MP000229,MTR000229,96,93,0.9726
USR00346,2026-05-11,MP000229,MTR000229,96,93,0.9666
USR00346,2026-05-10,MP000229,MTR000229,96,96,1.0
USR00346,2026-05-09,MP000229,MTR000229,96,94,0.9792
USR00346,2026-05-08,MP000229,MTR000229,96,92,0.9536
USR00346,2026-05-07,MP000229,MTR000229,96,94,0.9747
USR00346,2026-05-06,MP000229,MTR000229,96,96,1.0
USR00346,2026-05-05,MP000229,MTR000229,96,95,0.9889
USR00346,2026-05-04,MP000229,MTR000229,96,92,0.9585
USR00346,2026-05-03,MP000229,MTR000229,96,93,0.9689
USR00346,2026-05-02,MP000229,MTR000229,96,94,0.9841
USR00346,2026-05-01,MP000229,MTR000229,96,92,0.9576
USR00346,2026-04-30,MP000229,MTR000229,96,92,0.955
USR00346,2026-04-29,MP000229,MTR000229,96,93,0.9699
USR00346,2026-04-28,MP000229,MTR000229,96,96,1.0
USR00346,2026-04-27,MP000229,MTR000229,96,95,0.994
USR00346,2026-04-26,MP000229,MTR000229,96,92,0.958
USR00346,2026-04-25,MP000229,MTR000229,96,96,0.9963
USR00346,2026-04-24,MP000229,MTR000229,96,93,0.9705
USR00346,2026-04-23,MP000229,MTR000229,96,94,0.9806
USR00347,2026-05-22,,,96,83,0.8684
USR00347,2026-05-21,,,96,81,0.8403
USR00347,2026-05-20,,,96,90,0.9385
USR00347,2026-05-19,,,96,87,0.9061
USR00347,2026-05-18,,,96,85,0.8825
USR00347,2026-05-17,,,96,87,0.907
USR00347,2026-05-16,,,96,92,0.9594
USR00347,2026-05-15,,,96,90,0.9424
USR00347,2026-05-14,,,96,92,0.9548
USR00347,2026-05-13,,,96,91,0.9453
USR00347,2026-05-12,,,96,87,0.9041
USR00347,2026-05-11,,,96,92,0.955
USR00347,2026-05-10,,,96,91,0.9493
USR00347,2026-05-09,,,96,89,0.9282
USR00347,2026-05-08,,,96,90,0.9334
USR00347,2026-05-07,,,96,92,0.9555
USR00347,2026-05-06,,,96,87,0.9092
USR00347,2026-05-05,,,96,93,0.9643
USR00347,2026-05-04,,,96,91,0.9486
USR00347,2026-05-03,,,96,89,0.9317
USR00347,2026-05-02,,,96,94,0.9776
USR00347,2026-05-01,,,96,86,0.8929
USR00347,2026-04-30,,,96,88,0.9179
USR00347,2026-04-29,,,96,87,0.9112
USR00347,2026-04-28,,,96,90,0.9424
USR00347,2026-04-27,,,96,93,0.9672
USR00347,2026-04-26,,,96,87,0.9022
USR00347,2026-04-25,,,96,96,1.0
USR00347,2026-04-24,,,96,88,0.9118
USR00347,2026-04-23,,,96,90,0.9425
USR00348,2026-05-22,MP000082,MTR000082,96,95,0.9914
USR00348,2026-05-21,MP000082,MTR000082,96,93,0.9663
USR00348,2026-05-20,MP000082,MTR000082,96,96,1.0
USR00348,2026-05-19,MP000082,MTR000082,96,93,0.9644
USR00348,2026-05-18,MP000082,MTR000082,96,90,0.937
USR00348,2026-05-17,MP000082,MTR000082,96,92,0.9564
USR00348,2026-05-16,MP000082,MTR000082,96,96,1.0
USR00348,2026-05-15,MP000082,MTR000082,96,96,1.0
USR00348,2026-05-14,MP000082,MTR000082,96,89,0.9298
USR00348,2026-05-13,MP000082,MTR000082,96,96,1.0
USR00348,2026-05-12,MP000082,MTR000082,96,89,0.9306
USR00348,2026-05-11,MP000082,MTR000082,96,95,0.9892
USR00348,2026-05-10,MP000082,MTR000082,96,92,0.9538
USR00348,2026-05-09,MP000082,MTR000082,96,96,1.0
USR00348,2026-05-08,MP000082,MTR000082,96,96,1.0
USR00348,2026-05-07,MP000082,MTR000082,96,96,1.0
USR00348,2026-05-06,MP000082,MTR000082,96,94,0.9812
USR00348,2026-05-05,MP000082,MTR000082,96,94,0.9843
USR00348,2026-05-04,MP000082,MTR000082,96,91,0.945
USR00348,2026-05-03,MP000082,MTR000082,96,92,0.9591
USR00348,2026-05-02,MP000082,MTR000082,96,96,1.0
USR00348,2026-05-01,MP000082,MTR000082,96,96,1.0
USR00348,2026-04-30,MP000082,MTR000082,96,95,0.9932
USR00348,2026-04-29,MP000082,MTR000082,96,96,1.0
USR00348,2026-04-28,MP000082,MTR000082,96,91,0.951
USR00348,2026-04-27,MP000082,MTR000082,96,96,1.0
USR00348,2026-04-26,MP000082,MTR000082,96,92,0.9546
USR00348,2026-04-25,MP000082,MTR000082,96,96,1.0
USR00348,2026-04-24,MP000082,MTR000082,96,96,1.0
USR00348,2026-04-23,MP000082,MTR000082,96,96,1.0
USR00349,2026-05-22,MP000492,MTR000492,96,96,1.0
USR00349,2026-05-21,MP000492,MTR000492,96,96,1.0
USR00349,2026-05-20,MP000492,MTR000492,96,94,0.9755
USR00349,2026-05-19,MP000492,MTR000492,96,96,0.9978
USR00349,2026-05-18,MP000492,MTR000492,96,92,0.9535
USR00349,2026-05-17,MP000492,MTR000492,96,89,0.9245
USR00349,2026-05-16,MP000492,MTR000492,96,95,0.9864
USR00349,2026-05-15,MP000492,MTR000492,96,90,0.935
USR00349,2026-05-14,MP000492,MTR000492,96,96,1.0
USR00349,2026-05-13,MP000492,MTR000492,96,95,0.994
USR00349,2026-05-12,MP000492,MTR000492,96,93,0.9696
USR00349,2026-05-11,MP000492,MTR000492,96,93,0.9679
USR00349,2026-05-10,MP000492,MTR000492,96,95,0.9922
USR00349,2026-05-09,MP000492,MTR000492,96,93,0.9708
USR00349,2026-05-08,MP000492,MTR000492,96,91,0.9504
USR00349,2026-05-07,MP000492,MTR000492,96,88,0.9171
USR00349,2026-05-06,MP000492,MTR000492,96,95,0.9913
USR00349,2026-05-05,MP000492,MTR000492,96,93,0.9736
USR00349,2026-05-04,MP000492,MTR000492,96,96,1.0
USR00349,2026-05-03,MP000492,MTR000492,96,92,0.9597
USR00349,2026-05-02,MP000492,MTR000492,96,93,0.9716
USR00349,2026-05-01,MP000492,MTR000492,96,93,0.9723
USR00349,2026-04-30,MP000492,MTR000492,96,94,0.9821
USR00349,2026-04-29,MP000492,MTR000492,96,90,0.9336
USR00349,2026-04-28,MP000492,MTR000492,96,92,0.9603
USR00349,2026-04-27,MP000492,MTR000492,96,95,0.9874
USR00349,2026-04-26,MP000492,MTR000492,96,91,0.9526
USR00349,2026-04-25,MP000492,MTR000492,96,95,0.9863
USR00349,2026-04-24,MP000492,MTR000492,96,93,0.9655
USR00349,2026-04-23,MP000492,MTR000492,96,94,0.9746
USR00350,2026-05-22,MP000079,MTR000079,96,93,0.9702
USR00350,2026-05-21,MP000079,MTR000079,96,90,0.9335
USR00350,2026-05-20,MP000079,MTR000079,96,93,0.969
USR00350,2026-05-19,MP000079,MTR000079,96,91,0.9523
USR00350,2026-05-18,MP000079,MTR000079,96,88,0.9133
USR00350,2026-05-17,MP000079,MTR000079,96,93,0.9738
USR00350,2026-05-16,MP000079,MTR000079,96,94,0.983
USR00350,2026-05-15,MP000079,MTR000079,96,96,1.0
USR00350,2026-05-14,MP000079,MTR000079,96,91,0.9428
USR00350,2026-05-13,MP000079,MTR000079,96,94,0.9797
USR00350,2026-05-12,MP000079,MTR000079,96,96,1.0
USR00350,2026-05-11,MP000079,MTR000079,96,92,0.9598
USR00350,2026-05-10,MP000079,MTR000079,96,95,0.9931
USR00350,2026-05-09,MP000079,MTR000079,96,96,1.0
USR00350,2026-05-08,MP000079,MTR000079,96,88,0.9212
USR00350,2026-05-07,MP000079,MTR000079,96,95,0.9852
USR00350,2026-05-06,MP000079,MTR000079,96,96,1.0
USR00350,2026-05-05,MP000079,MTR000079,96,93,0.9665
USR00350,2026-05-04,MP000079,MTR000079,96,96,1.0
USR00350,2026-05-03,MP000079,MTR000079,96,96,0.9961
USR00350,2026-05-02,MP000079,MTR000079,96,96,1.0
USR00350,2026-05-01,MP000079,MTR000079,96,95,0.9945
USR00350,2026-04-30,MP000079,MTR000079,96,96,1.0
USR00350,2026-04-29,MP000079,MTR000079,96,95,0.986
USR00350,2026-04-28,MP000079,MTR000079,96,90,0.936
USR00350,2026-04-27,MP000079,MTR000079,96,92,0.9581
USR00350,2026-04-26,MP000079,MTR000079,96,96,1.0
USR00350,2026-04-25,MP000079,MTR000079,96,96,1.0
USR00350,2026-04-24,MP000079,MTR000079,96,93,0.9677
USR00350,2026-04-23,MP000079,MTR000079,96,96,1.0
USR00351,2026-05-22,,,96,91,0.9499
USR00351,2026-05-21,,,96,91,0.9491
USR00351,2026-05-20,,,96,86,0.8961
USR00351,2026-05-19,,,96,90,0.9327
USR00351,2026-05-18,,,96,96,1.0
USR00351,2026-05-17,,,96,87,0.9084
USR00351,2026-05-16,,,96,92,0.9548
USR00351,2026-05-15,,,96,87,0.9014
USR00351,2026-05-14,,,96,87,0.9081
USR00351,2026-05-13,,,96,86,0.8936
USR00351,2026-05-12,,,96,93,0.9643
USR00351,2026-05-11,,,96,87,0.9099
USR00351,2026-05-10,,,96,94,0.9741
USR00351,2026-05-09,,,96,88,0.9201
USR00351,2026-05-08,,,96,90,0.9399
USR00351,2026-05-07,,,96,91,0.9484
USR00351,2026-05-06,,,96,85,0.8875
USR00351,2026-05-05,,,96,90,0.9422
USR00351,2026-05-04,,,96,91,0.9466
USR00351,2026-05-03,,,96,93,0.9703
USR00351,2026-05-02,,,96,87,0.9073
USR00351,2026-05-01,,,96,88,0.9115
USR00351,2026-04-30,,,96,92,0.9558
USR00351,2026-04-29,,,96,94,0.9784
USR00351,2026-04-28,,,96,88,0.9183
USR00351,2026-04-27,,,96,86,0.899
USR00351,2026-04-26,,,96,89,0.9266
USR00351,2026-04-25,,,96,87,0.9057
USR00351,2026-04-24,,,96,91,0.948
USR00351,2026-04-23,,,96,87,0.9037
USR00352,2026-05-22,MP000004,MTR000004,96,90,0.9344
USR00352,2026-05-21,MP000004,MTR000004,96,92,0.9582
USR00352,2026-05-20,MP000004,MTR000004,96,82,0.8553
USR00352,2026-05-19,MP000004,MTR000004,96,84,0.8753
USR00352,2026-05-18,MP000004,MTR000004,96,93,0.9668
USR00352,2026-05-17,MP000004,MTR000004,96,87,0.9064
USR00352,2026-05-16,MP000004,MTR000004,96,85,0.884
USR00352,2026-05-15,MP000004,MTR000004,96,89,0.922
USR00352,2026-05-14,MP000004,MTR000004,96,90,0.9353
USR00352,2026-05-13,MP000004,MTR000004,96,89,0.9233
USR00352,2026-05-12,MP000004,MTR000004,96,90,0.9421
USR00352,2026-05-11,MP000004,MTR000004,96,90,0.938
USR00352,2026-05-10,MP000004,MTR000004,96,90,0.9364
USR00352,2026-05-09,MP000004,MTR000004,96,93,0.9685
USR00352,2026-05-08,MP000004,MTR000004,96,89,0.9276
USR00352,2026-05-07,MP000004,MTR000004,96,89,0.9267
USR00352,2026-05-06,MP000004,MTR000004,96,91,0.9521
USR00352,2026-05-05,MP000004,MTR000004,96,91,0.9446
USR00352,2026-05-04,MP000004,MTR000004,96,86,0.9009
USR00352,2026-05-03,MP000004,MTR000004,96,89,0.9253
USR00352,2026-05-02,MP000004,MTR000004,96,90,0.9412
USR00352,2026-05-01,MP000004,MTR000004,96,87,0.9104
USR00352,2026-04-30,MP000004,MTR000004,96,88,0.9119
USR00352,2026-04-29,MP000004,MTR000004,96,85,0.8863
USR00352,2026-04-28,MP000004,MTR000004,96,81,0.8415
USR00352,2026-04-27,MP000004,MTR000004,96,88,0.9168
USR00352,2026-04-26,MP000004,MTR000004,96,89,0.9319
USR00352,2026-04-25,MP000004,MTR000004,96,86,0.8952
USR00352,2026-04-24,MP000004,MTR000004,96,93,0.9694
USR00352,2026-04-23,MP000004,MTR000004,96,86,0.8966
USR00353,2026-05-22,MP000428,MTR000428,96,91,0.951
USR00353,2026-05-21,MP000428,MTR000428,96,96,1.0
USR00353,2026-05-20,MP000428,MTR000428,96,92,0.9546
USR00353,2026-05-19,MP000428,MTR000428,96,86,0.8951
USR00353,2026-05-18,MP000428,MTR000428,96,93,0.9701
USR00353,2026-05-17,MP000428,MTR000428,96,95,0.9894
USR00353,2026-05-16,MP000428,MTR000428,96,85,0.8853
USR00353,2026-05-15,MP000428,MTR000428,96,92,0.9576
USR00353,2026-05-14,MP000428,MTR000428,96,93,0.9643
USR00353,2026-05-13,MP000428,MTR000428,96,89,0.9321
USR00353,2026-05-12,MP000428,MTR000428,96,83,0.8658
USR00353,2026-05-11,MP000428,MTR000428,96,89,0.9296
USR00353,2026-05-10,MP000428,MTR000428,96,88,0.921
USR00353,2026-05-09,MP000428,MTR000428,96,94,0.9843
USR00353,2026-05-08,MP000428,MTR000428,96,90,0.9358
USR00353,2026-05-07,MP000428,MTR000428,96,89,0.9261
USR00353,2026-05-06,MP000428,MTR000428,96,88,0.9208
USR00353,2026-05-05,MP000428,MTR000428,96,91,0.9482
USR00353,2026-05-04,MP000428,MTR000428,96,90,0.9401
USR00353,2026-05-03,MP000428,MTR000428,96,88,0.9147
USR00353,2026-05-02,MP000428,MTR000428,96,91,0.9464
USR00353,2026-05-01,MP000428,MTR000428,96,88,0.9217
USR00353,2026-04-30,MP000428,MTR000428,96,83,0.8607
USR00353,2026-04-29,MP000428,MTR000428,96,92,0.9585
USR00353,2026-04-28,MP000428,MTR000428,96,92,0.9556
USR00353,2026-04-27,MP000428,MTR000428,96,91,0.9444
USR00353,2026-04-26,MP000428,MTR000428,96,89,0.9252
USR00353,2026-04-25,MP000428,MTR000428,96,90,0.9363
USR00353,2026-04-24,MP000428,MTR000428,96,92,0.963
USR00353,2026-04-23,MP000428,MTR000428,96,88,0.9195
USR00354,2026-05-22,MP000566,MTR000566,96,91,0.9528
USR00354,2026-05-21,MP000566,MTR000566,96,96,1.0
USR00354,2026-05-20,MP000566,MTR000566,96,96,0.9978
USR00354,2026-05-19,MP000566,MTR000566,96,96,1.0
USR00354,2026-05-18,MP000566,MTR000566,96,93,0.9694
USR00354,2026-05-17,MP000566,MTR000566,96,93,0.9727
USR00354,2026-05-16,MP000566,MTR000566,96,92,0.9552
USR00354,2026-05-15,MP000566,MTR000566,96,94,0.98
USR00354,2026-05-14,MP000566,MTR000566,96,96,1.0
USR00354,2026-05-13,MP000566,MTR000566,96,91,0.9431
USR00354,2026-05-12,MP000566,MTR000566,96,94,0.9837
USR00354,2026-05-11,MP000566,MTR000566,96,96,1.0
USR00354,2026-05-10,MP000566,MTR000566,96,95,0.9939
USR00354,2026-05-09,MP000566,MTR000566,96,96,0.9993
USR00354,2026-05-08,MP000566,MTR000566,96,91,0.9518
USR00354,2026-05-07,MP000566,MTR000566,96,95,0.994
USR00354,2026-05-06,MP000566,MTR000566,96,96,0.9979
USR00354,2026-05-05,MP000566,MTR000566,96,95,0.9921
USR00354,2026-05-04,MP000566,MTR000566,96,96,1.0
USR00354,2026-05-03,MP000566,MTR000566,96,95,0.9877
USR00354,2026-05-02,MP000566,MTR000566,96,94,0.9833
USR00354,2026-05-01,MP000566,MTR000566,96,93,0.9658
USR00354,2026-04-30,MP000566,MTR000566,96,96,1.0
USR00354,2026-04-29,MP000566,MTR000566,96,92,0.9602
USR00354,2026-04-28,MP000566,MTR000566,96,96,1.0
USR00354,2026-04-27,MP000566,MTR000566,96,96,1.0
USR00354,2026-04-26,MP000566,MTR000566,96,96,1.0
USR00354,2026-04-25,MP000566,MTR000566,96,96,1.0
USR00354,2026-04-24,MP000566,MTR000566,96,96,1.0
USR00354,2026-04-23,MP000566,MTR000566,96,95,0.9932
USR00355,2026-05-22,MP000026,MTR000026,96,93,0.9691
USR00355,2026-05-21,MP000026,MTR000026,96,95,0.994
USR00355,2026-05-20,MP000026,MTR000026,96,95,0.9884
USR00355,2026-05-19,MP000026,MTR000026,96,96,1.0
USR00355,2026-05-18,MP000026,MTR000026,96,96,1.0
USR00355,2026-05-17,MP000026,MTR000026,96,93,0.972
USR00355,2026-05-16,MP000026,MTR000026,96,94,0.9825
USR00355,2026-05-15,MP000026,MTR000026,96,88,0.9198
USR00355,2026-05-14,MP000026,MTR000026,96,96,1.0
USR00355,2026-05-13,MP000026,MTR000026,96,93,0.9643
USR00355,2026-05-12,MP000026,MTR000026,96,96,0.9963
USR00355,2026-05-11,MP000026,MTR000026,96,93,0.9643
USR00355,2026-05-10,MP000026,MTR000026,96,93,0.9636
USR00355,2026-05-09,MP000026,MTR000026,96,93,0.9696
USR00355,2026-05-08,MP000026,MTR000026,96,90,0.9394
USR00355,2026-05-07,MP000026,MTR000026,96,87,0.9023
USR00355,2026-05-06,MP000026,MTR000026,96,96,1.0
USR00355,2026-05-05,MP000026,MTR000026,96,95,0.9931
USR00355,2026-05-04,MP000026,MTR000026,96,91,0.9492
USR00355,2026-05-03,MP000026,MTR000026,96,95,0.9903
USR00355,2026-05-02,MP000026,MTR000026,96,96,1.0
USR00355,2026-05-01,MP000026,MTR000026,96,92,0.9559
USR00355,2026-04-30,MP000026,MTR000026,96,95,0.9891
USR00355,2026-04-29,MP000026,MTR000026,96,96,1.0
USR00355,2026-04-28,MP000026,MTR000026,96,90,0.9336
USR00355,2026-04-27,MP000026,MTR000026,96,95,0.9927
USR00355,2026-04-26,MP000026,MTR000026,96,95,0.9877
USR00355,2026-04-25,MP000026,MTR000026,96,96,1.0
USR00355,2026-04-24,MP000026,MTR000026,96,95,0.9934
USR00355,2026-04-23,MP000026,MTR000026,96,93,0.9644
USR00356,2026-05-22,MP000045,MTR000045,96,94,0.9826
USR00356,2026-05-21,MP000045,MTR000045,96,87,0.9112
USR00356,2026-05-20,MP000045,MTR000045,96,90,0.9395
USR00356,2026-05-19,MP000045,MTR000045,96,88,0.9147
USR00356,2026-05-18,MP000045,MTR000045,96,92,0.9543
USR00356,2026-05-17,MP000045,MTR000045,96,92,0.9558
USR00356,2026-05-16,MP000045,MTR000045,96,88,0.9212
USR00356,2026-05-15,MP000045,MTR000045,96,87,0.9097
USR00356,2026-05-14,MP000045,MTR000045,96,87,0.909
USR00356,2026-05-13,MP000045,MTR000045,96,84,0.8701
USR00356,2026-05-12,MP000045,MTR000045,96,89,0.9249
USR00356,2026-05-11,MP000045,MTR000045,96,89,0.9243
USR00356,2026-05-10,MP000045,MTR000045,96,86,0.8974
USR00356,2026-05-09,MP000045,MTR000045,96,83,0.8668
USR00356,2026-05-08,MP000045,MTR000045,96,89,0.9281
USR00356,2026-05-07,MP000045,MTR000045,96,89,0.9319
USR00356,2026-05-06,MP000045,MTR000045,96,90,0.9337
USR00356,2026-05-05,MP000045,MTR000045,96,86,0.8922
USR00356,2026-05-04,MP000045,MTR000045,96,90,0.9338
USR00356,2026-05-03,MP000045,MTR000045,96,88,0.9165
USR00356,2026-05-02,MP000045,MTR000045,96,91,0.9478
USR00356,2026-05-01,MP000045,MTR000045,96,86,0.8926
USR00356,2026-04-30,MP000045,MTR000045,96,92,0.9564
USR00356,2026-04-29,MP000045,MTR000045,96,93,0.9672
USR00356,2026-04-28,MP000045,MTR000045,96,89,0.9254
USR00356,2026-04-27,MP000045,MTR000045,96,90,0.934
USR00356,2026-04-26,MP000045,MTR000045,96,91,0.9454
USR00356,2026-04-25,MP000045,MTR000045,96,86,0.8911
USR00356,2026-04-24,MP000045,MTR000045,96,87,0.9073
USR00356,2026-04-23,MP000045,MTR000045,96,89,0.9274
USR00357,2026-05-22,MP000103,MTR000103,96,88,0.9212
USR00357,2026-05-21,MP000103,MTR000103,96,96,1.0
USR00357,2026-05-20,MP000103,MTR000103,96,91,0.9513
USR00357,2026-05-19,MP000103,MTR000103,96,92,0.9561
USR00357,2026-05-18,MP000103,MTR000103,96,95,0.9936
USR00357,2026-05-17,MP000103,MTR000103,96,96,1.0
USR00357,2026-05-16,MP000103,MTR000103,96,93,0.9698
USR00357,2026-05-15,MP000103,MTR000103,96,95,0.992
USR00357,2026-05-14,MP000103,MTR000103,96,89,0.9295
USR00357,2026-05-13,MP000103,MTR000103,96,90,0.9412
USR00357,2026-05-12,MP000103,MTR000103,96,88,0.9165
USR00357,2026-05-11,MP000103,MTR000103,96,90,0.9416
USR00357,2026-05-10,MP000103,MTR000103,96,94,0.9741
USR00357,2026-05-09,MP000103,MTR000103,96,92,0.9635
USR00357,2026-05-08,MP000103,MTR000103,96,96,1.0
USR00357,2026-05-07,MP000103,MTR000103,96,96,1.0
USR00357,2026-05-06,MP000103,MTR000103,96,91,0.953
USR00357,2026-05-05,MP000103,MTR000103,96,90,0.9367
USR00357,2026-05-04,MP000103,MTR000103,96,95,0.9919
USR00357,2026-05-03,MP000103,MTR000103,96,96,0.995
USR00357,2026-05-02,MP000103,MTR000103,96,93,0.9703
USR00357,2026-05-01,MP000103,MTR000103,96,94,0.9783
USR00357,2026-04-30,MP000103,MTR000103,96,93,0.9736
USR00357,2026-04-29,MP000103,MTR000103,96,89,0.9274
USR00357,2026-04-28,MP000103,MTR000103,96,88,0.9205
USR00357,2026-04-27,MP000103,MTR000103,96,92,0.9556
USR00357,2026-04-26,MP000103,MTR000103,96,91,0.9511
USR00357,2026-04-25,MP000103,MTR000103,96,93,0.9654
USR00357,2026-04-24,MP000103,MTR000103,96,92,0.9532
USR00357,2026-04-23,MP000103,MTR000103,96,87,0.906
USR00358,2026-05-22,MP000011,MTR000011,96,92,0.9613
USR00358,2026-05-21,MP000011,MTR000011,96,88,0.9193
USR00358,2026-05-20,MP000011,MTR000011,96,89,0.9322
USR00358,2026-05-19,MP000011,MTR000011,96,89,0.9224
USR00358,2026-05-18,MP000011,MTR000011,96,88,0.9117
USR00358,2026-05-17,MP000011,MTR000011,96,87,0.9109
USR00358,2026-05-16,MP000011,MTR000011,96,93,0.9697
USR00358,2026-05-15,MP000011,MTR000011,96,89,0.932
USR00358,2026-05-14,MP000011,MTR000011,96,92,0.9582
USR00358,2026-05-13,MP000011,MTR000011,96,92,0.9622
USR00358,2026-05-12,MP000011,MTR000011,96,91,0.9486
USR00358,2026-05-11,MP000011,MTR000011,96,92,0.9632
USR00358,2026-05-10,MP000011,MTR000011,96,90,0.9396
USR00358,2026-05-09,MP000011,MTR000011,96,94,0.9801
USR00358,2026-05-08,MP000011,MTR000011,96,93,0.9638
USR00358,2026-05-07,MP000011,MTR000011,96,93,0.9678
USR00358,2026-05-06,MP000011,MTR000011,96,87,0.911
USR00358,2026-05-05,MP000011,MTR000011,96,91,0.947
USR00358,2026-05-04,MP000011,MTR000011,96,85,0.8841
USR00358,2026-05-03,MP000011,MTR000011,96,94,0.9812
USR00358,2026-05-02,MP000011,MTR000011,96,88,0.9204
USR00358,2026-05-01,MP000011,MTR000011,96,89,0.9246
USR00358,2026-04-30,MP000011,MTR000011,96,86,0.8981
USR00358,2026-04-29,MP000011,MTR000011,96,90,0.9381
USR00358,2026-04-28,MP000011,MTR000011,96,89,0.9311
USR00358,2026-04-27,MP000011,MTR000011,96,95,0.9938
USR00358,2026-04-26,MP000011,MTR000011,96,93,0.9649
USR00358,2026-04-25,MP000011,MTR000011,96,89,0.9237
USR00358,2026-04-24,MP000011,MTR000011,96,85,0.8892
USR00358,2026-04-23,MP000011,MTR000011,96,84,0.8706
USR00359,2026-05-22,MP000159,MTR000159,96,86,0.898
USR00359,2026-05-21,MP000159,MTR000159,96,91,0.9484
USR00359,2026-05-20,MP000159,MTR000159,96,90,0.9335
USR00359,2026-05-19,MP000159,MTR000159,96,90,0.9384
USR00359,2026-05-18,MP000159,MTR000159,96,87,0.9094
USR00359,2026-05-17,MP000159,MTR000159,96,90,0.9425
USR00359,2026-05-16,MP000159,MTR000159,96,86,0.8953
USR00359,2026-05-15,MP000159,MTR000159,96,90,0.9352
USR00359,2026-05-14,MP000159,MTR000159,96,92,0.9628
USR00359,2026-05-13,MP000159,MTR000159,96,89,0.9269
USR00359,2026-05-12,MP000159,MTR000159,96,91,0.9512
USR00359,2026-05-11,MP000159,MTR000159,96,84,0.8786
USR00359,2026-05-10,MP000159,MTR000159,96,84,0.8762
USR00359,2026-05-09,MP000159,MTR000159,96,91,0.9477
USR00359,2026-05-08,MP000159,MTR000159,96,93,0.9693
USR00359,2026-05-07,MP000159,MTR000159,96,89,0.9307
USR00359,2026-05-06,MP000159,MTR000159,96,96,1.0
USR00359,2026-05-05,MP000159,MTR000159,96,86,0.8946
USR00359,2026-05-04,MP000159,MTR000159,96,88,0.9175
USR00359,2026-05-03,MP000159,MTR000159,96,90,0.9421
USR00359,2026-05-02,MP000159,MTR000159,96,91,0.9518
USR00359,2026-05-01,MP000159,MTR000159,96,88,0.9204
USR00359,2026-04-30,MP000159,MTR000159,96,87,0.9061
USR00359,2026-04-29,MP000159,MTR000159,96,92,0.9565
USR00359,2026-04-28,MP000159,MTR000159,96,90,0.9419
USR00359,2026-04-27,MP000159,MTR000159,96,89,0.9276
USR00359,2026-04-26,MP000159,MTR000159,96,91,0.9529
USR00359,2026-04-25,MP000159,MTR000159,96,90,0.9338
USR00359,2026-04-24,MP000159,MTR000159,96,90,0.9337
USR00359,2026-04-23,MP000159,MTR000159,96,90,0.9326
USR00360,2026-05-22,MP000024,MTR000024,96,91,0.946
USR00360,2026-05-21,MP000024,MTR000024,96,92,0.9579
USR00360,2026-05-20,MP000024,MTR000024,96,94,0.9746
USR00360,2026-05-19,MP000024,MTR000024,96,88,0.9175
USR00360,2026-05-18,MP000024,MTR000024,96,96,1.0
USR00360,2026-05-17,MP000024,MTR000024,96,94,0.9742
USR00360,2026-05-16,MP000024,MTR000024,96,90,0.9417
USR00360,2026-05-15,MP000024,MTR000024,96,96,1.0
USR00360,2026-05-14,MP000024,MTR000024,96,94,0.9749
USR00360,2026-05-13,MP000024,MTR000024,96,90,0.9336
USR00360,2026-05-12,MP000024,MTR000024,96,96,1.0
USR00360,2026-05-11,MP000024,MTR000024,96,96,1.0
USR00360,2026-05-10,MP000024,MTR000024,96,91,0.9464
USR00360,2026-05-09,MP000024,MTR000024,96,93,0.9639
USR00360,2026-05-08,MP000024,MTR000024,96,92,0.9599
USR00360,2026-05-07,MP000024,MTR000024,96,88,0.9169
USR00360,2026-05-06,MP000024,MTR000024,96,94,0.9834
USR00360,2026-05-05,MP000024,MTR000024,96,96,0.999
USR00360,2026-05-04,MP000024,MTR000024,96,95,0.9933
USR00360,2026-05-03,MP000024,MTR000024,96,94,0.9746
USR00360,2026-05-02,MP000024,MTR000024,96,96,1.0
USR00360,2026-05-01,MP000024,MTR000024,96,90,0.9396
USR00360,2026-04-30,MP000024,MTR000024,96,96,1.0
USR00360,2026-04-29,MP000024,MTR000024,96,91,0.9505
USR00360,2026-04-28,MP000024,MTR000024,96,92,0.9538
USR00360,2026-04-27,MP000024,MTR000024,96,92,0.9564
USR00360,2026-04-26,MP000024,MTR000024,96,92,0.9542
USR00360,2026-04-25,MP000024,MTR000024,96,93,0.9679
USR00360,2026-04-24,MP000024,MTR000024,96,93,0.9667
USR00360,2026-04-23,MP000024,MTR000024,96,94,0.9775
USR00361,2026-05-22,MP000133,MTR000133,96,93,0.9732
USR00361,2026-05-21,MP000133,MTR000133,96,90,0.9355
USR00361,2026-05-20,MP000133,MTR000133,96,95,0.9902
USR00361,2026-05-19,MP000133,MTR000133,96,95,0.9898
USR00361,2026-05-18,MP000133,MTR000133,96,93,0.9681
USR00361,2026-05-17,MP000133,MTR000133,96,91,0.9487
USR00361,2026-05-16,MP000133,MTR000133,96,94,0.9776
USR00361,2026-05-15,MP000133,MTR000133,96,90,0.9416
USR00361,2026-05-14,MP000133,MTR000133,96,93,0.9693
USR00361,2026-05-13,MP000133,MTR000133,96,93,0.9637
USR00361,2026-05-12,MP000133,MTR000133,96,96,1.0
USR00361,2026-05-11,MP000133,MTR000133,96,89,0.9314
USR00361,2026-05-10,MP000133,MTR000133,96,85,0.8882
USR00361,2026-05-09,MP000133,MTR000133,96,91,0.9491
USR00361,2026-05-08,MP000133,MTR000133,96,88,0.9168
USR00361,2026-05-07,MP000133,MTR000133,96,91,0.9464
USR00361,2026-05-06,MP000133,MTR000133,96,89,0.9293
USR00361,2026-05-05,MP000133,MTR000133,96,90,0.9411
USR00361,2026-05-04,MP000133,MTR000133,96,90,0.9363
USR00361,2026-05-03,MP000133,MTR000133,96,96,0.9971
USR00361,2026-05-02,MP000133,MTR000133,96,93,0.9668
USR00361,2026-05-01,MP000133,MTR000133,96,96,1.0
USR00361,2026-04-30,MP000133,MTR000133,96,93,0.9694
USR00361,2026-04-29,MP000133,MTR000133,96,96,0.9961
USR00361,2026-04-28,MP000133,MTR000133,96,92,0.9592
USR00361,2026-04-27,MP000133,MTR000133,96,96,1.0
USR00361,2026-04-26,MP000133,MTR000133,96,94,0.9824
USR00361,2026-04-25,MP000133,MTR000133,96,91,0.9448
USR00361,2026-04-24,MP000133,MTR000133,96,95,0.9868
USR00361,2026-04-23,MP000133,MTR000133,96,93,0.969
USR00362,2026-05-22,MP000385,MTR000385,96,93,0.9638
USR00362,2026-05-21,MP000385,MTR000385,96,94,0.9835
USR00362,2026-05-20,MP000385,MTR000385,96,86,0.8974
USR00362,2026-05-19,MP000385,MTR000385,96,91,0.9504
USR00362,2026-05-18,MP000385,MTR000385,96,94,0.9814
USR00362,2026-05-17,MP000385,MTR000385,96,93,0.9684
USR00362,2026-05-16,MP000385,MTR000385,96,89,0.9272
USR00362,2026-05-15,MP000385,MTR000385,96,85,0.8899
USR00362,2026-05-14,MP000385,MTR000385,96,96,1.0
USR00362,2026-05-13,MP000385,MTR000385,96,92,0.9553
USR00362,2026-05-12,MP000385,MTR000385,96,96,1.0
USR00362,2026-05-11,MP000385,MTR000385,96,95,0.9848
USR00362,2026-05-10,MP000385,MTR000385,96,90,0.9371
USR00362,2026-05-09,MP000385,MTR000385,96,85,0.8859
USR00362,2026-05-08,MP000385,MTR000385,96,91,0.9471
USR00362,2026-05-07,MP000385,MTR000385,96,92,0.9598
USR00362,2026-05-06,MP000385,MTR000385,96,94,0.9745
USR00362,2026-05-05,MP000385,MTR000385,96,89,0.9276
USR00362,2026-05-04,MP000385,MTR000385,96,93,0.9663
USR00362,2026-05-03,MP000385,MTR000385,96,93,0.9663
USR00362,2026-05-02,MP000385,MTR000385,96,95,0.9905
USR00362,2026-05-01,MP000385,MTR000385,96,91,0.9517
USR00362,2026-04-30,MP000385,MTR000385,96,94,0.9742
USR00362,2026-04-29,MP000385,MTR000385,96,93,0.9696
USR00362,2026-04-28,MP000385,MTR000385,96,95,0.9872
USR00362,2026-04-27,MP000385,MTR000385,96,90,0.9363
USR00362,2026-04-26,MP000385,MTR000385,96,83,0.8688
USR00362,2026-04-25,MP000385,MTR000385,96,92,0.9538
USR00362,2026-04-24,MP000385,MTR000385,96,92,0.954
USR00362,2026-04-23,MP000385,MTR000385,96,89,0.9262
USR00363,2026-05-22,MP000169,MTR000169,96,90,0.9394
USR00363,2026-05-21,MP000169,MTR000169,96,92,0.9532
USR00363,2026-05-20,MP000169,MTR000169,96,92,0.9595
USR00363,2026-05-19,MP000169,MTR000169,96,85,0.888
USR00363,2026-05-18,MP000169,MTR000169,96,87,0.904
USR00363,2026-05-17,MP000169,MTR000169,96,95,0.9905
USR00363,2026-05-16,MP000169,MTR000169,96,91,0.9509
USR00363,2026-05-15,MP000169,MTR000169,96,92,0.9565
USR00363,2026-05-14,MP000169,MTR000169,96,88,0.9166
USR00363,2026-05-13,MP000169,MTR000169,96,92,0.9565
USR00363,2026-05-12,MP000169,MTR000169,96,91,0.9453
USR00363,2026-05-11,MP000169,MTR000169,96,90,0.938
USR00363,2026-05-10,MP000169,MTR000169,96,88,0.9127
USR00363,2026-05-09,MP000169,MTR000169,96,89,0.9305
USR00363,2026-05-08,MP000169,MTR000169,96,96,1.0
USR00363,2026-05-07,MP000169,MTR000169,96,91,0.9461
USR00363,2026-05-06,MP000169,MTR000169,96,94,0.9803
USR00363,2026-05-05,MP000169,MTR000169,96,91,0.9507
USR00363,2026-05-04,MP000169,MTR000169,96,91,0.9472
USR00363,2026-05-03,MP000169,MTR000169,96,90,0.9375
USR00363,2026-05-02,MP000169,MTR000169,96,96,0.997
USR00363,2026-05-01,MP000169,MTR000169,96,93,0.9678
USR00363,2026-04-30,MP000169,MTR000169,96,90,0.9329
USR00363,2026-04-29,MP000169,MTR000169,96,91,0.9448
USR00363,2026-04-28,MP000169,MTR000169,96,95,0.9889
USR00363,2026-04-27,MP000169,MTR000169,96,84,0.8714
USR00363,2026-04-26,MP000169,MTR000169,96,93,0.9659
USR00363,2026-04-25,MP000169,MTR000169,96,93,0.9727
USR00363,2026-04-24,MP000169,MTR000169,96,90,0.9341
USR00363,2026-04-23,MP000169,MTR000169,96,92,0.9612
USR00364,2026-05-22,,,96,88,0.9184
USR00364,2026-05-21,,,96,94,0.9806
USR00364,2026-05-20,,,96,93,0.9643
USR00364,2026-05-19,,,96,91,0.9508
USR00364,2026-05-18,,,96,92,0.9585
USR00364,2026-05-17,,,96,94,0.9766
USR00364,2026-05-16,,,96,96,1.0
USR00364,2026-05-15,,,96,93,0.9737
USR00364,2026-05-14,,,96,94,0.9797
USR00364,2026-05-13,,,96,92,0.9612
USR00364,2026-05-12,,,96,96,1.0
USR00364,2026-05-11,,,96,87,0.9114
USR00364,2026-05-10,,,96,87,0.9032
USR00364,2026-05-09,,,96,92,0.96
USR00364,2026-05-08,,,96,94,0.9752
USR00364,2026-05-07,,,96,84,0.8781
USR00364,2026-05-06,,,96,92,0.9553
USR00364,2026-05-05,,,96,91,0.9499
USR00364,2026-05-04,,,96,94,0.9777
USR00364,2026-05-03,,,96,93,0.9682
USR00364,2026-05-02,,,96,87,0.9011
USR00364,2026-05-01,,,96,89,0.923
USR00364,2026-04-30,,,96,89,0.9312
USR00364,2026-04-29,,,96,94,0.9775
USR00364,2026-04-28,,,96,93,0.9666
USR00364,2026-04-27,,,96,90,0.9367
USR00364,2026-04-26,,,96,92,0.9597
USR00364,2026-04-25,,,96,89,0.9236
USR00364,2026-04-24,,,96,96,1.0
USR00364,2026-04-23,,,96,93,0.9726
USR00365,2026-05-22,MP000553,MTR000553,96,93,0.9652
USR00365,2026-05-21,MP000553,MTR000553,96,92,0.9544
USR00365,2026-05-20,MP000553,MTR000553,96,89,0.9248
USR00365,2026-05-19,MP000553,MTR000553,96,88,0.9183
USR00365,2026-05-18,MP000553,MTR000553,96,92,0.9625
USR00365,2026-05-17,MP000553,MTR000553,96,89,0.9247
USR00365,2026-05-16,MP000553,MTR000553,96,87,0.9014
USR00365,2026-05-15,MP000553,MTR000553,96,94,0.9829
USR00365,2026-05-14,MP000553,MTR000553,96,86,0.8958
USR00365,2026-05-13,MP000553,MTR000553,96,84,0.8718
USR00365,2026-05-12,MP000553,MTR000553,96,92,0.9536
USR00365,2026-05-11,MP000553,MTR000553,96,87,0.9019
USR00365,2026-05-10,MP000553,MTR000553,96,90,0.9369
USR00365,2026-05-09,MP000553,MTR000553,96,94,0.9784
USR00365,2026-05-08,MP000553,MTR000553,96,85,0.8826
USR00365,2026-05-07,MP000553,MTR000553,96,89,0.9226
USR00365,2026-05-06,MP000553,MTR000553,96,93,0.9684
USR00365,2026-05-05,MP000553,MTR000553,96,91,0.9443
USR00365,2026-05-04,MP000553,MTR000553,96,88,0.9185
USR00365,2026-05-03,MP000553,MTR000553,96,96,0.9955
USR00365,2026-05-02,MP000553,MTR000553,96,88,0.921
USR00365,2026-05-01,MP000553,MTR000553,96,90,0.9358
USR00365,2026-04-30,MP000553,MTR000553,96,93,0.9733
USR00365,2026-04-29,MP000553,MTR000553,96,92,0.9533
USR00365,2026-04-28,MP000553,MTR000553,96,92,0.9635
USR00365,2026-04-27,MP000553,MTR000553,96,86,0.8969
USR00365,2026-04-26,MP000553,MTR000553,96,92,0.9607
USR00365,2026-04-25,MP000553,MTR000553,96,89,0.929
USR00365,2026-04-24,MP000553,MTR000553,96,87,0.9015
USR00365,2026-04-23,MP000553,MTR000553,96,89,0.9305
USR00366,2026-05-22,MP000402,MTR000402,96,94,0.9791
USR00366,2026-05-21,MP000402,MTR000402,96,90,0.9344
USR00366,2026-05-20,MP000402,MTR000402,96,86,0.8996
USR00366,2026-05-19,MP000402,MTR000402,96,86,0.8927
USR00366,2026-05-18,MP000402,MTR000402,96,88,0.9216
USR00366,2026-05-17,MP000402,MTR000402,96,85,0.8826
USR00366,2026-05-16,MP000402,MTR000402,96,87,0.9015
USR00366,2026-05-15,MP000402,MTR000402,96,88,0.9157
USR00366,2026-05-14,MP000402,MTR000402,96,87,0.9104
USR00366,2026-05-13,MP000402,MTR000402,96,91,0.9448
USR00366,2026-05-12,MP000402,MTR000402,96,86,0.9009
USR00366,2026-05-11,MP000402,MTR000402,96,81,0.8489
USR00366,2026-05-10,MP000402,MTR000402,96,84,0.8724
USR00366,2026-05-09,MP000402,MTR000402,96,89,0.9225
USR00366,2026-05-08,MP000402,MTR000402,96,87,0.9054
USR00366,2026-05-07,MP000402,MTR000402,96,85,0.8859
USR00366,2026-05-06,MP000402,MTR000402,96,94,0.9818
USR00366,2026-05-05,MP000402,MTR000402,96,91,0.9479
USR00366,2026-05-04,MP000402,MTR000402,96,88,0.9213
USR00366,2026-05-03,MP000402,MTR000402,96,89,0.93
USR00366,2026-05-02,MP000402,MTR000402,96,88,0.9151
USR00366,2026-05-01,MP000402,MTR000402,96,85,0.8854
USR00366,2026-04-30,MP000402,MTR000402,96,92,0.9539
USR00366,2026-04-29,MP000402,MTR000402,96,91,0.9485
USR00366,2026-04-28,MP000402,MTR000402,96,83,0.8637
USR00366,2026-04-27,MP000402,MTR000402,96,89,0.9298
USR00366,2026-04-26,MP000402,MTR000402,96,90,0.9331
USR00366,2026-04-25,MP000402,MTR000402,96,88,0.9134
USR00366,2026-04-24,MP000402,MTR000402,96,95,0.9859
USR00366,2026-04-23,MP000402,MTR000402,96,94,0.9827
USR00367,2026-05-22,MP000316,MTR000316,96,88,0.9202
USR00367,2026-05-21,MP000316,MTR000316,96,88,0.9167
USR00367,2026-05-20,MP000316,MTR000316,96,87,0.9085
USR00367,2026-05-19,MP000316,MTR000316,96,86,0.8993
USR00367,2026-05-18,MP000316,MTR000316,96,90,0.9421
USR00367,2026-05-17,MP000316,MTR000316,96,95,0.9857
USR00367,2026-05-16,MP000316,MTR000316,96,93,0.9734
USR00367,2026-05-15,MP000316,MTR000316,96,91,0.9505
USR00367,2026-05-14,MP000316,MTR000316,96,82,0.8547
USR00367,2026-05-13,MP000316,MTR000316,96,84,0.8709
USR00367,2026-05-12,MP000316,MTR000316,96,92,0.9588
USR00367,2026-05-11,MP000316,MTR000316,96,94,0.9755
USR00367,2026-05-10,MP000316,MTR000316,96,91,0.9435
USR00367,2026-05-09,MP000316,MTR000316,96,88,0.9177
USR00367,2026-05-08,MP000316,MTR000316,96,93,0.9674
USR00367,2026-05-07,MP000316,MTR000316,96,91,0.9495
USR00367,2026-05-06,MP000316,MTR000316,96,92,0.961
USR00367,2026-05-05,MP000316,MTR000316,96,84,0.8712
USR00367,2026-05-04,MP000316,MTR000316,96,90,0.9372
USR00367,2026-05-03,MP000316,MTR000316,96,94,0.9801
USR00367,2026-05-02,MP000316,MTR000316,96,90,0.9427
USR00367,2026-05-01,MP000316,MTR000316,96,92,0.9553
USR00367,2026-04-30,MP000316,MTR000316,96,89,0.928
USR00367,2026-04-29,MP000316,MTR000316,96,89,0.9301
USR00367,2026-04-28,MP000316,MTR000316,96,93,0.969
USR00367,2026-04-27,MP000316,MTR000316,96,87,0.9068
USR00367,2026-04-26,MP000316,MTR000316,96,87,0.9038
USR00367,2026-04-25,MP000316,MTR000316,96,88,0.9125
USR00367,2026-04-24,MP000316,MTR000316,96,89,0.9276
USR00367,2026-04-23,MP000316,MTR000316,96,84,0.8786
USR00368,2026-05-22,MP000573,MTR000573,96,91,0.9489
USR00368,2026-05-21,MP000573,MTR000573,96,94,0.9794
USR00368,2026-05-20,MP000573,MTR000573,96,85,0.8903
USR00368,2026-05-19,MP000573,MTR000573,96,94,0.9796
USR00368,2026-05-18,MP000573,MTR000573,96,95,0.9939
USR00368,2026-05-17,MP000573,MTR000573,96,93,0.967
USR00368,2026-05-16,MP000573,MTR000573,96,92,0.9547
USR00368,2026-05-15,MP000573,MTR000573,96,94,0.9798
USR00368,2026-05-14,MP000573,MTR000573,96,95,0.992
USR00368,2026-05-13,MP000573,MTR000573,96,93,0.9695
USR00368,2026-05-12,MP000573,MTR000573,96,93,0.9718
USR00368,2026-05-11,MP000573,MTR000573,96,96,1.0
USR00368,2026-05-10,MP000573,MTR000573,96,94,0.9767
USR00368,2026-05-09,MP000573,MTR000573,96,89,0.9298
USR00368,2026-05-08,MP000573,MTR000573,96,95,0.9918
USR00368,2026-05-07,MP000573,MTR000573,96,91,0.9501
USR00368,2026-05-06,MP000573,MTR000573,96,92,0.9548
USR00368,2026-05-05,MP000573,MTR000573,96,92,0.957
USR00368,2026-05-04,MP000573,MTR000573,96,94,0.9829
USR00368,2026-05-03,MP000573,MTR000573,96,96,1.0
USR00368,2026-05-02,MP000573,MTR000573,96,92,0.9546
USR00368,2026-05-01,MP000573,MTR000573,96,96,1.0
USR00368,2026-04-30,MP000573,MTR000573,96,92,0.9588
USR00368,2026-04-29,MP000573,MTR000573,96,96,0.9959
USR00368,2026-04-28,MP000573,MTR000573,96,92,0.9598
USR00368,2026-04-27,MP000573,MTR000573,96,90,0.9391
USR00368,2026-04-26,MP000573,MTR000573,96,96,1.0
USR00368,2026-04-25,MP000573,MTR000573,96,90,0.9362
USR00368,2026-04-24,MP000573,MTR000573,96,90,0.9342
USR00368,2026-04-23,MP000573,MTR000573,96,88,0.9161
USR00369,2026-05-22,,,96,94,0.9807
USR00369,2026-05-21,,,96,91,0.9468
USR00369,2026-05-20,,,96,87,0.9061
USR00369,2026-05-19,,,96,90,0.9354
USR00369,2026-05-18,,,96,89,0.9265
USR00369,2026-05-17,,,96,87,0.9047
USR00369,2026-05-16,,,96,88,0.9209
USR00369,2026-05-15,,,96,91,0.9507
USR00369,2026-05-14,,,96,88,0.9174
USR00369,2026-05-13,,,96,91,0.9443
USR00369,2026-05-12,,,96,85,0.8823
USR00369,2026-05-11,,,96,95,0.986
USR00369,2026-05-10,,,96,89,0.9238
USR00369,2026-05-09,,,96,92,0.9617
USR00369,2026-05-08,,,96,90,0.9412
USR00369,2026-05-07,,,96,91,0.9477
USR00369,2026-05-06,,,96,87,0.9016
USR00369,2026-05-05,,,96,88,0.9128
USR00369,2026-05-04,,,96,88,0.9134
USR00369,2026-05-03,,,96,90,0.9363
USR00369,2026-05-02,,,96,94,0.9754
USR00369,2026-05-01,,,96,91,0.9486
USR00369,2026-04-30,,,96,87,0.9086
USR00369,2026-04-29,,,96,90,0.9382
USR00369,2026-04-28,,,96,90,0.9332
USR00369,2026-04-27,,,96,89,0.9251
USR00369,2026-04-26,,,96,90,0.9351
USR00369,2026-04-25,,,96,92,0.9585
USR00369,2026-04-24,,,96,88,0.914
USR00369,2026-04-23,,,96,89,0.9252
USR00370,2026-05-22,MP000456,MTR000456,96,96,0.998
USR00370,2026-05-21,MP000456,MTR000456,96,96,1.0
USR00370,2026-05-20,MP000456,MTR000456,96,96,1.0
USR00370,2026-05-19,MP000456,MTR000456,96,91,0.9431
USR00370,2026-05-18,MP000456,MTR000456,96,95,0.9926
USR00370,2026-05-17,MP000456,MTR000456,96,93,0.9687
USR00370,2026-05-16,MP000456,MTR000456,96,91,0.948
USR00370,2026-05-15,MP000456,MTR000456,96,92,0.9603
USR00370,2026-05-14,MP000456,MTR000456,96,94,0.9749
USR00370,2026-05-13,MP000456,MTR000456,96,94,0.9751
USR00370,2026-05-12,MP000456,MTR000456,96,93,0.9657
USR00370,2026-05-11,MP000456,MTR000456,96,94,0.9835
USR00370,2026-05-10,MP000456,MTR000456,96,96,1.0
USR00370,2026-05-09,MP000456,MTR000456,96,89,0.9322
USR00370,2026-05-08,MP000456,MTR000456,96,96,1.0
USR00370,2026-05-07,MP000456,MTR000456,96,94,0.9834
USR00370,2026-05-06,MP000456,MTR000456,96,93,0.9708
USR00370,2026-05-05,MP000456,MTR000456,96,89,0.9234
USR00370,2026-05-04,MP000456,MTR000456,96,96,1.0
USR00370,2026-05-03,MP000456,MTR000456,96,90,0.9407
USR00370,2026-05-02,MP000456,MTR000456,96,96,1.0
USR00370,2026-05-01,MP000456,MTR000456,96,96,1.0
USR00370,2026-04-30,MP000456,MTR000456,96,91,0.9455
USR00370,2026-04-29,MP000456,MTR000456,96,96,1.0
USR00370,2026-04-28,MP000456,MTR000456,96,95,0.9847
USR00370,2026-04-27,MP000456,MTR000456,96,88,0.9211
USR00370,2026-04-26,MP000456,MTR000456,96,91,0.9478
USR00370,2026-04-25,MP000456,MTR000456,96,95,0.9893
USR00370,2026-04-24,MP000456,MTR000456,96,96,0.996
USR00370,2026-04-23,MP000456,MTR000456,96,90,0.9365
USR00371,2026-05-22,MP000016,MTR000016,96,92,0.9549
USR00371,2026-05-21,MP000016,MTR000016,96,92,0.9602
USR00371,2026-05-20,MP000016,MTR000016,96,88,0.9179
USR00371,2026-05-19,MP000016,MTR000016,96,91,0.9434
USR00371,2026-05-18,MP000016,MTR000016,96,92,0.9624
USR00371,2026-05-17,MP000016,MTR000016,96,92,0.9558
USR00371,2026-05-16,MP000016,MTR000016,96,92,0.957
USR00371,2026-05-15,MP000016,MTR000016,96,90,0.9336
USR00371,2026-05-14,MP000016,MTR000016,96,89,0.9274
USR00371,2026-05-13,MP000016,MTR000016,96,90,0.9384
USR00371,2026-05-12,MP000016,MTR000016,96,87,0.9073
USR00371,2026-05-11,MP000016,MTR000016,96,93,0.9636
USR00371,2026-05-10,MP000016,MTR000016,96,85,0.8843
USR00371,2026-05-09,MP000016,MTR000016,96,88,0.9151
USR00371,2026-05-08,MP000016,MTR000016,96,89,0.9291
USR00371,2026-05-07,MP000016,MTR000016,96,91,0.9443
USR00371,2026-05-06,MP000016,MTR000016,96,91,0.95
USR00371,2026-05-05,MP000016,MTR000016,96,94,0.9749
USR00371,2026-05-04,MP000016,MTR000016,96,90,0.9326
USR00371,2026-05-03,MP000016,MTR000016,96,87,0.9087
USR00371,2026-05-02,MP000016,MTR000016,96,89,0.9259
USR00371,2026-05-01,MP000016,MTR000016,96,88,0.9207
USR00371,2026-04-30,MP000016,MTR000016,96,91,0.9458
USR00371,2026-04-29,MP000016,MTR000016,96,86,0.8982
USR00371,2026-04-28,MP000016,MTR000016,96,89,0.925
USR00371,2026-04-27,MP000016,MTR000016,96,94,0.9789
USR00371,2026-04-26,MP000016,MTR000016,96,90,0.9356
USR00371,2026-04-25,MP000016,MTR000016,96,86,0.8986
USR00371,2026-04-24,MP000016,MTR000016,96,88,0.92
USR00371,2026-04-23,MP000016,MTR000016,96,83,0.8632
USR00372,2026-05-22,,,96,95,0.9907
USR00372,2026-05-21,,,96,87,0.9057
USR00372,2026-05-20,,,96,86,0.8976
USR00372,2026-05-19,,,96,88,0.9217
USR00372,2026-05-18,,,96,93,0.9689
USR00372,2026-05-17,,,96,95,0.9924
USR00372,2026-05-16,,,96,92,0.9547
USR00372,2026-05-15,,,96,87,0.9027
USR00372,2026-05-14,,,96,90,0.9406
USR00372,2026-05-13,,,96,96,0.995
USR00372,2026-05-12,,,96,89,0.9319
USR00372,2026-05-11,,,96,91,0.9455
USR00372,2026-05-10,,,96,91,0.9485
USR00372,2026-05-09,,,96,86,0.8949
USR00372,2026-05-08,,,96,93,0.9712
USR00372,2026-05-07,,,96,93,0.9669
USR00372,2026-05-06,,,96,85,0.8815
USR00372,2026-05-05,,,96,87,0.9013
USR00372,2026-05-04,,,96,88,0.9122
USR00372,2026-05-03,,,96,93,0.9637
USR00372,2026-05-02,,,96,88,0.9187
USR00372,2026-05-01,,,96,92,0.9533
USR00372,2026-04-30,,,96,90,0.9358
USR00372,2026-04-29,,,96,91,0.9434
USR00372,2026-04-28,,,96,92,0.9561
USR00372,2026-04-27,,,96,91,0.9494
USR00372,2026-04-26,,,96,90,0.9407
USR00372,2026-04-25,,,96,91,0.9511
USR00372,2026-04-24,,,96,91,0.9478
USR00372,2026-04-23,,,96,90,0.935
USR00373,2026-05-22,,,96,95,0.9893
USR00373,2026-05-21,,,96,88,0.9196
USR00373,2026-05-20,,,96,93,0.9739
USR00373,2026-05-19,,,96,88,0.9124
USR00373,2026-05-18,,,96,92,0.9572
USR00373,2026-05-17,,,96,95,0.9864
USR00373,2026-05-16,,,96,89,0.9228
USR00373,2026-05-15,,,96,88,0.9129
USR00373,2026-05-14,,,96,88,0.92
USR00373,2026-05-13,,,96,90,0.9323
USR00373,2026-05-12,,,96,90,0.9426
USR00373,2026-05-11,,,96,89,0.9317
USR00373,2026-05-10,,,96,88,0.9203
USR00373,2026-05-09,,,96,95,0.9916
USR00373,2026-05-08,,,96,89,0.9269
USR00373,2026-05-07,,,96,88,0.9143
USR00373,2026-05-06,,,96,92,0.9578
USR00373,2026-05-05,,,96,92,0.9583
USR00373,2026-05-04,,,96,94,0.9753
USR00373,2026-05-03,,,96,95,0.9908
USR00373,2026-05-02,,,96,91,0.9433
USR00373,2026-05-01,,,96,89,0.9243
USR00373,2026-04-30,,,96,84,0.8759
USR00373,2026-04-29,,,96,87,0.9048
USR00373,2026-04-28,,,96,90,0.9392
USR00373,2026-04-27,,,96,86,0.8975
USR00373,2026-04-26,,,96,85,0.8854
USR00373,2026-04-25,,,96,90,0.9349
USR00373,2026-04-24,,,96,92,0.9562
USR00373,2026-04-23,,,96,89,0.9255
USR00374,2026-05-22,MP000014,MTR000014,96,96,1.0
USR00374,2026-05-21,MP000014,MTR000014,96,96,1.0
USR00374,2026-05-20,MP000014,MTR000014,96,96,1.0
USR00374,2026-05-19,MP000014,MTR000014,96,96,1.0
USR00374,2026-05-18,MP000014,MTR000014,96,96,1.0
USR00374,2026-05-17,MP000014,MTR000014,96,93,0.9717
USR00374,2026-05-16,MP000014,MTR000014,96,95,0.9874
USR00374,2026-05-15,MP000014,MTR000014,96,96,1.0
USR00374,2026-05-14,MP000014,MTR000014,96,92,0.9587
USR00374,2026-05-13,MP000014,MTR000014,96,96,1.0
USR00374,2026-05-12,MP000014,MTR000014,96,94,0.9804
USR00374,2026-05-11,MP000014,MTR000014,96,95,0.9923
USR00374,2026-05-10,MP000014,MTR000014,96,92,0.9613
USR00374,2026-05-09,MP000014,MTR000014,96,91,0.9458
USR00374,2026-05-08,MP000014,MTR000014,96,94,0.9771
USR00374,2026-05-07,MP000014,MTR000014,96,96,1.0
USR00374,2026-05-06,MP000014,MTR000014,96,93,0.9644
USR00374,2026-05-05,MP000014,MTR000014,96,96,1.0
USR00374,2026-05-04,MP000014,MTR000014,96,93,0.9683
USR00374,2026-05-03,MP000014,MTR000014,96,92,0.9534
USR00374,2026-05-02,MP000014,MTR000014,96,95,0.9931
USR00374,2026-05-01,MP000014,MTR000014,96,96,1.0
USR00374,2026-04-30,MP000014,MTR000014,96,95,0.9911
USR00374,2026-04-29,MP000014,MTR000014,96,95,0.99
USR00374,2026-04-28,MP000014,MTR000014,96,96,1.0
USR00374,2026-04-27,MP000014,MTR000014,96,95,0.9883
USR00374,2026-04-26,MP000014,MTR000014,96,93,0.9714
USR00374,2026-04-25,MP000014,MTR000014,96,91,0.9515
USR00374,2026-04-24,MP000014,MTR000014,96,96,1.0
USR00374,2026-04-23,MP000014,MTR000014,96,93,0.9727
USR00375,2026-05-22,MP000439,MTR000439,96,96,1.0
USR00375,2026-05-21,MP000439,MTR000439,96,96,1.0
USR00375,2026-05-20,MP000439,MTR000439,96,94,0.9763
USR00375,2026-05-19,MP000439,MTR000439,96,93,0.9646
USR00375,2026-05-18,MP000439,MTR000439,96,93,0.9686
USR00375,2026-05-17,MP000439,MTR000439,96,92,0.9551
USR00375,2026-05-16,MP000439,MTR000439,96,92,0.9581
USR00375,2026-05-15,MP000439,MTR000439,96,92,0.9582
USR00375,2026-05-14,MP000439,MTR000439,96,96,0.9961
USR00375,2026-05-13,MP000439,MTR000439,96,93,0.9661
USR00375,2026-05-12,MP000439,MTR000439,96,96,1.0
USR00375,2026-05-11,MP000439,MTR000439,96,93,0.9653
USR00375,2026-05-10,MP000439,MTR000439,96,92,0.9577
USR00375,2026-05-09,MP000439,MTR000439,96,96,1.0
USR00375,2026-05-08,MP000439,MTR000439,96,93,0.9694
USR00375,2026-05-07,MP000439,MTR000439,96,93,0.965
USR00375,2026-05-06,MP000439,MTR000439,96,93,0.9698
USR00375,2026-05-05,MP000439,MTR000439,96,96,1.0
USR00375,2026-05-04,MP000439,MTR000439,96,94,0.9779
USR00375,2026-05-03,MP000439,MTR000439,96,96,1.0
USR00375,2026-05-02,MP000439,MTR000439,96,92,0.9617
USR00375,2026-05-01,MP000439,MTR000439,96,96,1.0
USR00375,2026-04-30,MP000439,MTR000439,96,94,0.9759
USR00375,2026-04-29,MP000439,MTR000439,96,96,0.9952
USR00375,2026-04-28,MP000439,MTR000439,96,96,0.9977
USR00375,2026-04-27,MP000439,MTR000439,96,90,0.9405
USR00375,2026-04-26,MP000439,MTR000439,96,93,0.9709
USR00375,2026-04-25,MP000439,MTR000439,96,96,0.9975
USR00375,2026-04-24,MP000439,MTR000439,96,96,1.0
USR00375,2026-04-23,MP000439,MTR000439,96,96,1.0
USR00376,2026-05-22,MP000312,MTR000312,96,96,0.9971
USR00376,2026-05-21,MP000312,MTR000312,96,89,0.9311
USR00376,2026-05-20,MP000312,MTR000312,96,87,0.906
USR00376,2026-05-19,MP000312,MTR000312,96,90,0.9425
USR00376,2026-05-18,MP000312,MTR000312,96,95,0.9867
USR00376,2026-05-17,MP000312,MTR000312,96,88,0.9183
USR00376,2026-05-16,MP000312,MTR000312,96,87,0.9067
USR00376,2026-05-15,MP000312,MTR000312,96,86,0.8992
USR00376,2026-05-14,MP000312,MTR000312,96,93,0.9729
USR00376,2026-05-13,MP000312,MTR000312,96,87,0.9074
USR00376,2026-05-12,MP000312,MTR000312,96,93,0.9673
USR00376,2026-05-11,MP000312,MTR000312,96,90,0.941
USR00376,2026-05-10,MP000312,MTR000312,96,89,0.9277
USR00376,2026-05-09,MP000312,MTR000312,96,88,0.9209
USR00376,2026-05-08,MP000312,MTR000312,96,92,0.957
USR00376,2026-05-07,MP000312,MTR000312,96,89,0.9282
USR00376,2026-05-06,MP000312,MTR000312,96,91,0.9507
USR00376,2026-05-05,MP000312,MTR000312,96,92,0.9629
USR00376,2026-05-04,MP000312,MTR000312,96,93,0.9692
USR00376,2026-05-03,MP000312,MTR000312,96,94,0.9789
USR00376,2026-05-02,MP000312,MTR000312,96,92,0.9558
USR00376,2026-05-01,MP000312,MTR000312,96,88,0.9193
USR00376,2026-04-30,MP000312,MTR000312,96,93,0.9648
USR00376,2026-04-29,MP000312,MTR000312,96,93,0.9705
USR00376,2026-04-28,MP000312,MTR000312,96,91,0.9454
USR00376,2026-04-27,MP000312,MTR000312,96,90,0.9422
USR00376,2026-04-26,MP000312,MTR000312,96,96,1.0
USR00376,2026-04-25,MP000312,MTR000312,96,88,0.9121
USR00376,2026-04-24,MP000312,MTR000312,96,93,0.9657
USR00376,2026-04-23,MP000312,MTR000312,96,94,0.9822
USR00377,2026-05-22,MP000278,MTR000278,96,93,0.968
USR00377,2026-05-21,MP000278,MTR000278,96,92,0.961
USR00377,2026-05-20,MP000278,MTR000278,96,93,0.9731
USR00377,2026-05-19,MP000278,MTR000278,96,96,1.0
USR00377,2026-05-18,MP000278,MTR000278,96,93,0.9671
USR00377,2026-05-17,MP000278,MTR000278,96,96,1.0
USR00377,2026-05-16,MP000278,MTR000278,96,92,0.9595
USR00377,2026-05-15,MP000278,MTR000278,96,96,1.0
USR00377,2026-05-14,MP000278,MTR000278,96,95,0.9894
USR00377,2026-05-13,MP000278,MTR000278,96,94,0.9763
USR00377,2026-05-12,MP000278,MTR000278,96,96,1.0
USR00377,2026-05-11,MP000278,MTR000278,96,89,0.925
USR00377,2026-05-10,MP000278,MTR000278,96,95,0.9858
USR00377,2026-05-09,MP000278,MTR000278,96,91,0.9516
USR00377,2026-05-08,MP000278,MTR000278,96,92,0.96
USR00377,2026-05-07,MP000278,MTR000278,96,92,0.9586
USR00377,2026-05-06,MP000278,MTR000278,96,91,0.9441
USR00377,2026-05-05,MP000278,MTR000278,96,89,0.9235
USR00377,2026-05-04,MP000278,MTR000278,96,95,0.9847
USR00377,2026-05-03,MP000278,MTR000278,96,93,0.9711
USR00377,2026-05-02,MP000278,MTR000278,96,93,0.964
USR00377,2026-05-01,MP000278,MTR000278,96,96,0.9958
USR00377,2026-04-30,MP000278,MTR000278,96,95,0.9866
USR00377,2026-04-29,MP000278,MTR000278,96,93,0.965
USR00377,2026-04-28,MP000278,MTR000278,96,96,1.0
USR00377,2026-04-27,MP000278,MTR000278,96,96,1.0
USR00377,2026-04-26,MP000278,MTR000278,96,96,1.0
USR00377,2026-04-25,MP000278,MTR000278,96,92,0.9606
USR00377,2026-04-24,MP000278,MTR000278,96,94,0.9805
USR00377,2026-04-23,MP000278,MTR000278,96,90,0.9359
USR00378,2026-05-22,MP000215,MTR000215,96,89,0.9242
USR00378,2026-05-21,MP000215,MTR000215,96,96,1.0
USR00378,2026-05-20,MP000215,MTR000215,96,88,0.9209
USR00378,2026-05-19,MP000215,MTR000215,96,90,0.9347
USR00378,2026-05-18,MP000215,MTR000215,96,86,0.8981
USR00378,2026-05-17,MP000215,MTR000215,96,92,0.9577
USR00378,2026-05-16,MP000215,MTR000215,96,88,0.9147
USR00378,2026-05-15,MP000215,MTR000215,96,93,0.9692
USR00378,2026-05-14,MP000215,MTR000215,96,85,0.888
USR00378,2026-05-13,MP000215,MTR000215,96,90,0.938
USR00378,2026-05-12,MP000215,MTR000215,96,85,0.8863
USR00378,2026-05-11,MP000215,MTR000215,96,89,0.927
USR00378,2026-05-10,MP000215,MTR000215,96,90,0.9331
USR00378,2026-05-09,MP000215,MTR000215,96,89,0.9237
USR00378,2026-05-08,MP000215,MTR000215,96,89,0.9267
USR00378,2026-05-07,MP000215,MTR000215,96,93,0.9708
USR00378,2026-05-06,MP000215,MTR000215,96,96,1.0
USR00378,2026-05-05,MP000215,MTR000215,96,91,0.9519
USR00378,2026-05-04,MP000215,MTR000215,96,88,0.9159
USR00378,2026-05-03,MP000215,MTR000215,96,91,0.9436
USR00378,2026-05-02,MP000215,MTR000215,96,89,0.9311
USR00378,2026-05-01,MP000215,MTR000215,96,93,0.9684
USR00378,2026-04-30,MP000215,MTR000215,96,91,0.9503
USR00378,2026-04-29,MP000215,MTR000215,96,86,0.8944
USR00378,2026-04-28,MP000215,MTR000215,96,94,0.9746
USR00378,2026-04-27,MP000215,MTR000215,96,93,0.9707
USR00378,2026-04-26,MP000215,MTR000215,96,95,0.9865
USR00378,2026-04-25,MP000215,MTR000215,96,89,0.9262
USR00378,2026-04-24,MP000215,MTR000215,96,91,0.9507
USR00378,2026-04-23,MP000215,MTR000215,96,87,0.9061
USR00379,2026-05-22,,,96,91,0.9491
USR00379,2026-05-21,,,96,93,0.9643
USR00379,2026-05-20,,,96,90,0.9333
USR00379,2026-05-19,,,96,92,0.9627
USR00379,2026-05-18,,,96,92,0.9574
USR00379,2026-05-17,,,96,90,0.9389
USR00379,2026-05-16,,,96,95,0.9943
USR00379,2026-05-15,,,96,91,0.9453
USR00379,2026-05-14,,,96,92,0.9564
USR00379,2026-05-13,,,96,87,0.9084
USR00379,2026-05-12,,,96,93,0.968
USR00379,2026-05-11,,,96,90,0.9381
USR00379,2026-05-10,,,96,94,0.9811
USR00379,2026-05-09,,,96,88,0.913
USR00379,2026-05-08,,,96,93,0.9653
USR00379,2026-05-07,,,96,85,0.8869
USR00379,2026-05-06,,,96,93,0.9709
USR00379,2026-05-05,,,96,91,0.9471
USR00379,2026-05-04,,,96,93,0.9644
USR00379,2026-05-03,,,96,90,0.9344
USR00379,2026-05-02,,,96,89,0.9239
USR00379,2026-05-01,,,96,90,0.9393
USR00379,2026-04-30,,,96,92,0.9581
USR00379,2026-04-29,,,96,93,0.9697
USR00379,2026-04-28,,,96,92,0.9615
USR00379,2026-04-27,,,96,89,0.9243
USR00379,2026-04-26,,,96,96,1.0
USR00379,2026-04-25,,,96,92,0.9624
USR00379,2026-04-24,,,96,90,0.9337
USR00379,2026-04-23,,,96,93,0.9651
USR00380,2026-05-22,MP000550,MTR000550,96,91,0.9474
USR00380,2026-05-21,MP000550,MTR000550,96,91,0.9439
USR00380,2026-05-20,MP000550,MTR000550,96,94,0.9823
USR00380,2026-05-19,MP000550,MTR000550,96,96,1.0
USR00380,2026-05-18,MP000550,MTR000550,96,86,0.8916
USR00380,2026-05-17,MP000550,MTR000550,96,95,0.9896
USR00380,2026-05-16,MP000550,MTR000550,96,92,0.9533
USR00380,2026-05-15,MP000550,MTR000550,96,92,0.9598
USR00380,2026-05-14,MP000550,MTR000550,96,95,0.9933
USR00380,2026-05-13,MP000550,MTR000550,96,84,0.8731
USR00380,2026-05-12,MP000550,MTR000550,96,94,0.9772
USR00380,2026-05-11,MP000550,MTR000550,96,95,0.9912
USR00380,2026-05-10,MP000550,MTR000550,96,89,0.9321
USR00380,2026-05-09,MP000550,MTR000550,96,87,0.9109
USR00380,2026-05-08,MP000550,MTR000550,96,96,1.0
USR00380,2026-05-07,MP000550,MTR000550,96,86,0.9
USR00380,2026-05-06,MP000550,MTR000550,96,93,0.9653
USR00380,2026-05-05,MP000550,MTR000550,96,94,0.9834
USR00380,2026-05-04,MP000550,MTR000550,96,93,0.9646
USR00380,2026-05-03,MP000550,MTR000550,96,93,0.9696
USR00380,2026-05-02,MP000550,MTR000550,96,91,0.9448
USR00380,2026-05-01,MP000550,MTR000550,96,93,0.9666
USR00380,2026-04-30,MP000550,MTR000550,96,89,0.9315
USR00380,2026-04-29,MP000550,MTR000550,96,90,0.9353
USR00380,2026-04-28,MP000550,MTR000550,96,92,0.9538
USR00380,2026-04-27,MP000550,MTR000550,96,87,0.9065
USR00380,2026-04-26,MP000550,MTR000550,96,93,0.97
USR00380,2026-04-25,MP000550,MTR000550,96,84,0.8783
USR00380,2026-04-24,MP000550,MTR000550,96,93,0.9636
USR00380,2026-04-23,MP000550,MTR000550,96,93,0.9664
USR00381,2026-05-22,MP000009,MTR000009,96,91,0.9471
USR00381,2026-05-21,MP000009,MTR000009,96,93,0.9719
USR00381,2026-05-20,MP000009,MTR000009,96,96,1.0
USR00381,2026-05-19,MP000009,MTR000009,96,95,0.9945
USR00381,2026-05-18,MP000009,MTR000009,96,91,0.9508
USR00381,2026-05-17,MP000009,MTR000009,96,95,0.9873
USR00381,2026-05-16,MP000009,MTR000009,96,95,0.992
USR00381,2026-05-15,MP000009,MTR000009,96,95,0.9907
USR00381,2026-05-14,MP000009,MTR000009,96,92,0.9545
USR00381,2026-05-13,MP000009,MTR000009,96,95,0.9888
USR00381,2026-05-12,MP000009,MTR000009,96,96,1.0
USR00381,2026-05-11,MP000009,MTR000009,96,96,1.0
USR00381,2026-05-10,MP000009,MTR000009,96,96,0.9964
USR00381,2026-05-09,MP000009,MTR000009,96,96,1.0
USR00381,2026-05-08,MP000009,MTR000009,96,95,0.9891
USR00381,2026-05-07,MP000009,MTR000009,96,92,0.9588
USR00381,2026-05-06,MP000009,MTR000009,96,92,0.9589
USR00381,2026-05-05,MP000009,MTR000009,96,95,0.9894
USR00381,2026-05-04,MP000009,MTR000009,96,90,0.941
USR00381,2026-05-03,MP000009,MTR000009,96,94,0.9748
USR00381,2026-05-02,MP000009,MTR000009,96,96,0.998
USR00381,2026-05-01,MP000009,MTR000009,96,96,1.0
USR00381,2026-04-30,MP000009,MTR000009,96,90,0.9378
USR00381,2026-04-29,MP000009,MTR000009,96,95,0.9871
USR00381,2026-04-28,MP000009,MTR000009,96,94,0.9821
USR00381,2026-04-27,MP000009,MTR000009,96,95,0.9852
USR00381,2026-04-26,MP000009,MTR000009,96,95,0.9883
USR00381,2026-04-25,MP000009,MTR000009,96,94,0.9832
USR00381,2026-04-24,MP000009,MTR000009,96,96,1.0
USR00381,2026-04-23,MP000009,MTR000009,96,96,1.0
USR00382,2026-05-22,MP000029,MTR000029,96,96,0.9985
USR00382,2026-05-21,MP000029,MTR000029,96,95,0.9865
USR00382,2026-05-20,MP000029,MTR000029,96,93,0.9697
USR00382,2026-05-19,MP000029,MTR000029,96,94,0.9832
USR00382,2026-05-18,MP000029,MTR000029,96,96,1.0
USR00382,2026-05-17,MP000029,MTR000029,96,96,1.0
USR00382,2026-05-16,MP000029,MTR000029,96,96,1.0
USR00382,2026-05-15,MP000029,MTR000029,96,94,0.9788
USR00382,2026-05-14,MP000029,MTR000029,96,94,0.979
USR00382,2026-05-13,MP000029,MTR000029,96,96,1.0
USR00382,2026-05-12,MP000029,MTR000029,96,93,0.9738
USR00382,2026-05-11,MP000029,MTR000029,96,96,1.0
USR00382,2026-05-10,MP000029,MTR000029,96,96,1.0
USR00382,2026-05-09,MP000029,MTR000029,96,94,0.9768
USR00382,2026-05-08,MP000029,MTR000029,96,92,0.9632
USR00382,2026-05-07,MP000029,MTR000029,96,94,0.9781
USR00382,2026-05-06,MP000029,MTR000029,96,96,1.0
USR00382,2026-05-05,MP000029,MTR000029,96,93,0.9715
USR00382,2026-05-04,MP000029,MTR000029,96,96,1.0
USR00382,2026-05-03,MP000029,MTR000029,96,95,0.9925
USR00382,2026-05-02,MP000029,MTR000029,96,96,1.0
USR00382,2026-05-01,MP000029,MTR000029,96,96,1.0
USR00382,2026-04-30,MP000029,MTR000029,96,96,1.0
USR00382,2026-04-29,MP000029,MTR000029,96,95,0.9856
USR00382,2026-04-28,MP000029,MTR000029,96,96,1.0
USR00382,2026-04-27,MP000029,MTR000029,96,92,0.9567
USR00382,2026-04-26,MP000029,MTR000029,96,96,1.0
USR00382,2026-04-25,MP000029,MTR000029,96,96,1.0
USR00382,2026-04-24,MP000029,MTR000029,96,96,1.0
USR00382,2026-04-23,MP000029,MTR000029,96,96,1.0
USR00383,2026-05-22,,,96,88,0.912
USR00383,2026-05-21,,,96,90,0.9419
USR00383,2026-05-20,,,96,85,0.8843
USR00383,2026-05-19,,,96,87,0.9043
USR00383,2026-05-18,,,96,86,0.8917
USR00383,2026-05-17,,,96,89,0.9287
USR00383,2026-05-16,,,96,89,0.9264
USR00383,2026-05-15,,,96,93,0.9644
USR00383,2026-05-14,,,96,89,0.9253
USR00383,2026-05-13,,,96,86,0.8981
USR00383,2026-05-12,,,96,94,0.975
USR00383,2026-05-11,,,96,81,0.8399
USR00383,2026-05-10,,,96,89,0.9294
USR00383,2026-05-09,,,96,90,0.9348
USR00383,2026-05-08,,,96,89,0.9279
USR00383,2026-05-07,,,96,91,0.9432
USR00383,2026-05-06,,,96,89,0.9315
USR00383,2026-05-05,,,96,91,0.9432
USR00383,2026-05-04,,,96,87,0.9102
USR00383,2026-05-03,,,96,85,0.8845
USR00383,2026-05-02,,,96,89,0.9268
USR00383,2026-05-01,,,96,86,0.8974
USR00383,2026-04-30,,,96,87,0.9064
USR00383,2026-04-29,,,96,92,0.9631
USR00383,2026-04-28,,,96,94,0.975
USR00383,2026-04-27,,,96,92,0.9625
USR00383,2026-04-26,,,96,92,0.9569
USR00383,2026-04-25,,,96,89,0.93
USR00383,2026-04-24,,,96,92,0.9587
USR00383,2026-04-23,,,96,90,0.9389
USR00384,2026-05-22,,,96,93,0.9704
USR00384,2026-05-21,,,96,96,1.0
USR00384,2026-05-20,,,96,92,0.96
USR00384,2026-05-19,,,96,96,1.0
USR00384,2026-05-18,,,96,91,0.9464
USR00384,2026-05-17,,,96,92,0.9616
USR00384,2026-05-16,,,96,92,0.9595
USR00384,2026-05-15,,,96,96,1.0
USR00384,2026-05-14,,,96,96,1.0
USR00384,2026-05-13,,,96,96,1.0
USR00384,2026-05-12,,,96,96,0.9952
USR00384,2026-05-11,,,96,96,1.0
USR00384,2026-05-10,,,96,96,1.0
USR00384,2026-05-09,,,96,96,1.0
USR00384,2026-05-08,,,96,96,1.0
USR00384,2026-05-07,,,96,96,1.0
USR00384,2026-05-06,,,96,93,0.9664
USR00384,2026-05-05,,,96,89,0.9245
USR00384,2026-05-04,,,96,96,1.0
USR00384,2026-05-03,,,96,91,0.9438
USR00384,2026-05-02,,,96,96,1.0
USR00384,2026-05-01,,,96,94,0.9815
USR00384,2026-04-30,,,96,93,0.9668
USR00384,2026-04-29,,,96,96,1.0
USR00384,2026-04-28,,,96,96,0.9974
USR00384,2026-04-27,,,96,95,0.9917
USR00384,2026-04-26,,,96,96,1.0
USR00384,2026-04-25,,,96,96,1.0
USR00384,2026-04-24,,,96,96,1.0
USR00384,2026-04-23,,,96,92,0.958
USR00385,2026-05-22,,,96,65,0.6813
USR00385,2026-05-21,,,96,64,0.6625
USR00385,2026-05-20,,,96,66,0.6916
USR00385,2026-05-19,,,96,61,0.6358
USR00385,2026-05-18,,,96,69,0.7178
USR00385,2026-05-17,,,96,65,0.6814
USR00385,2026-05-16,,,96,65,0.6758
USR00385,2026-05-15,,,96,66,0.686
USR00385,2026-05-14,,,96,66,0.6851
USR00385,2026-05-13,,,96,70,0.7244
USR00385,2026-05-12,,,96,63,0.6573
USR00385,2026-05-11,,,96,65,0.6787
USR00385,2026-05-10,,,96,66,0.6836
USR00385,2026-05-09,,,96,63,0.6582
USR00385,2026-05-08,,,96,67,0.6949
USR00385,2026-05-07,,,96,64,0.6684
USR00385,2026-05-06,,,96,62,0.648
USR00385,2026-05-05,,,96,68,0.7059
USR00385,2026-05-04,,,96,71,0.7366
USR00385,2026-05-03,,,96,66,0.6916
USR00385,2026-05-02,,,96,66,0.687
USR00385,2026-05-01,,,96,66,0.6864
USR00385,2026-04-30,,,96,65,0.6747
USR00385,2026-04-29,,,96,70,0.7252
USR00385,2026-04-28,,,96,67,0.693
USR00385,2026-04-27,,,96,60,0.6248
USR00385,2026-04-26,,,96,70,0.7261
USR00385,2026-04-25,,,96,69,0.7188
USR00385,2026-04-24,,,96,68,0.7082
USR00385,2026-04-23,,,96,58,0.6075
USR00386,2026-05-22,MP000074,MTR000074,96,93,0.9668
USR00386,2026-05-21,MP000074,MTR000074,96,91,0.9514
USR00386,2026-05-20,MP000074,MTR000074,96,91,0.9462
USR00386,2026-05-19,MP000074,MTR000074,96,93,0.9669
USR00386,2026-05-18,MP000074,MTR000074,96,91,0.9442
USR00386,2026-05-17,MP000074,MTR000074,96,94,0.9761
USR00386,2026-05-16,MP000074,MTR000074,96,91,0.9449
USR00386,2026-05-15,MP000074,MTR000074,96,90,0.9425
USR00386,2026-05-14,MP000074,MTR000074,96,93,0.9668
USR00386,2026-05-13,MP000074,MTR000074,96,89,0.9281
USR00386,2026-05-12,MP000074,MTR000074,96,87,0.9071
USR00386,2026-05-11,MP000074,MTR000074,96,90,0.9402
USR00386,2026-05-10,MP000074,MTR000074,96,92,0.9577
USR00386,2026-05-09,MP000074,MTR000074,96,93,0.9678
USR00386,2026-05-08,MP000074,MTR000074,96,93,0.968
USR00386,2026-05-07,MP000074,MTR000074,96,90,0.938
USR00386,2026-05-06,MP000074,MTR000074,96,90,0.9349
USR00386,2026-05-05,MP000074,MTR000074,96,89,0.9223
USR00386,2026-05-04,MP000074,MTR000074,96,91,0.9475
USR00386,2026-05-03,MP000074,MTR000074,96,86,0.8908
USR00386,2026-05-02,MP000074,MTR000074,96,90,0.9407
USR00386,2026-05-01,MP000074,MTR000074,96,96,1.0
USR00386,2026-04-30,MP000074,MTR000074,96,86,0.8949
USR00386,2026-04-29,MP000074,MTR000074,96,91,0.9447
USR00386,2026-04-28,MP000074,MTR000074,96,91,0.9514
USR00386,2026-04-27,MP000074,MTR000074,96,92,0.9552
USR00386,2026-04-26,MP000074,MTR000074,96,87,0.911
USR00386,2026-04-25,MP000074,MTR000074,96,92,0.9555
USR00386,2026-04-24,MP000074,MTR000074,96,89,0.924
USR00386,2026-04-23,MP000074,MTR000074,96,86,0.8972
USR00387,2026-05-22,MP000378,MTR000378,96,91,0.9439
USR00387,2026-05-21,MP000378,MTR000378,96,86,0.895
USR00387,2026-05-20,MP000378,MTR000378,96,87,0.9077
USR00387,2026-05-19,MP000378,MTR000378,96,87,0.9066
USR00387,2026-05-18,MP000378,MTR000378,96,84,0.8747
USR00387,2026-05-17,MP000378,MTR000378,96,91,0.9469
USR00387,2026-05-16,MP000378,MTR000378,96,91,0.948
USR00387,2026-05-15,MP000378,MTR000378,96,88,0.914
USR00387,2026-05-14,MP000378,MTR000378,96,89,0.9232
USR00387,2026-05-13,MP000378,MTR000378,96,89,0.9274
USR00387,2026-05-12,MP000378,MTR000378,96,89,0.9313
USR00387,2026-05-11,MP000378,MTR000378,96,85,0.8836
USR00387,2026-05-10,MP000378,MTR000378,96,90,0.9387
USR00387,2026-05-09,MP000378,MTR000378,96,85,0.8887
USR00387,2026-05-08,MP000378,MTR000378,96,91,0.9444
USR00387,2026-05-07,MP000378,MTR000378,96,86,0.8921
USR00387,2026-05-06,MP000378,MTR000378,96,85,0.885
USR00387,2026-05-05,MP000378,MTR000378,96,89,0.9232
USR00387,2026-05-04,MP000378,MTR000378,96,89,0.9225
USR00387,2026-05-03,MP000378,MTR000378,96,89,0.9271
USR00387,2026-05-02,MP000378,MTR000378,96,86,0.8972
USR00387,2026-05-01,MP000378,MTR000378,96,89,0.9301
USR00387,2026-04-30,MP000378,MTR000378,96,90,0.9329
USR00387,2026-04-29,MP000378,MTR000378,96,92,0.959
USR00387,2026-04-28,MP000378,MTR000378,96,89,0.9295
USR00387,2026-04-27,MP000378,MTR000378,96,87,0.906
USR00387,2026-04-26,MP000378,MTR000378,96,85,0.8836
USR00387,2026-04-25,MP000378,MTR000378,96,84,0.8781
USR00387,2026-04-24,MP000378,MTR000378,96,90,0.9337
USR00387,2026-04-23,MP000378,MTR000378,96,91,0.9478
USR00388,2026-05-22,MP000251,MTR000251,96,92,0.9575
USR00388,2026-05-21,MP000251,MTR000251,96,91,0.9447
USR00388,2026-05-20,MP000251,MTR000251,96,93,0.9714
USR00388,2026-05-19,MP000251,MTR000251,96,94,0.9759
USR00388,2026-05-18,MP000251,MTR000251,96,85,0.8819
USR00388,2026-05-17,MP000251,MTR000251,96,94,0.9808
USR00388,2026-05-16,MP000251,MTR000251,96,92,0.9574
USR00388,2026-05-15,MP000251,MTR000251,96,90,0.9339
USR00388,2026-05-14,MP000251,MTR000251,96,90,0.9348
USR00388,2026-05-13,MP000251,MTR000251,96,91,0.9508
USR00388,2026-05-12,MP000251,MTR000251,96,90,0.9348
USR00388,2026-05-11,MP000251,MTR000251,96,88,0.9218
USR00388,2026-05-10,MP000251,MTR000251,96,89,0.9286
USR00388,2026-05-09,MP000251,MTR000251,96,88,0.9187
USR00388,2026-05-08,MP000251,MTR000251,96,95,0.9903
USR00388,2026-05-07,MP000251,MTR000251,96,91,0.9516
USR00388,2026-05-06,MP000251,MTR000251,96,96,1.0
USR00388,2026-05-05,MP000251,MTR000251,96,92,0.961
USR00388,2026-05-04,MP000251,MTR000251,96,93,0.9675
USR00388,2026-05-03,MP000251,MTR000251,96,88,0.918
USR00388,2026-05-02,MP000251,MTR000251,96,91,0.9433
USR00388,2026-05-01,MP000251,MTR000251,96,91,0.9521
USR00388,2026-04-30,MP000251,MTR000251,96,89,0.9308
USR00388,2026-04-29,MP000251,MTR000251,96,90,0.9359
USR00388,2026-04-28,MP000251,MTR000251,96,92,0.9625
USR00388,2026-04-27,MP000251,MTR000251,96,92,0.9631
USR00388,2026-04-26,MP000251,MTR000251,96,87,0.9098
USR00388,2026-04-25,MP000251,MTR000251,96,92,0.9584
USR00388,2026-04-24,MP000251,MTR000251,96,93,0.9665
USR00388,2026-04-23,MP000251,MTR000251,96,89,0.9322
USR00389,2026-05-22,,,96,93,0.9701
USR00389,2026-05-21,,,96,84,0.8796
USR00389,2026-05-20,,,96,92,0.9569
USR00389,2026-05-19,,,96,96,1.0
USR00389,2026-05-18,,,96,84,0.879
USR00389,2026-05-17,,,96,94,0.9815
USR00389,2026-05-16,,,96,93,0.9732
USR00389,2026-05-15,,,96,88,0.9137
USR00389,2026-05-14,,,96,93,0.9725
USR00389,2026-05-13,,,96,95,0.9869
USR00389,2026-05-12,,,96,88,0.9215
USR00389,2026-05-11,,,96,90,0.9356
USR00389,2026-05-10,,,96,92,0.9576
USR00389,2026-05-09,,,96,95,0.9862
USR00389,2026-05-08,,,96,90,0.9406
USR00389,2026-05-07,,,96,92,0.9556
USR00389,2026-05-06,,,96,90,0.9369
USR00389,2026-05-05,,,96,92,0.9576
USR00389,2026-05-04,,,96,95,0.9882
USR00389,2026-05-03,,,96,92,0.96
USR00389,2026-05-02,,,96,91,0.9461
USR00389,2026-05-01,,,96,92,0.9559
USR00389,2026-04-30,,,96,90,0.9328
USR00389,2026-04-29,,,96,89,0.927
USR00389,2026-04-28,,,96,95,0.9929
USR00389,2026-04-27,,,96,96,1.0
USR00389,2026-04-26,,,96,87,0.9031
USR00389,2026-04-25,,,96,94,0.9743
USR00389,2026-04-24,,,96,94,0.9826
USR00389,2026-04-23,,,96,88,0.9205
USR00390,2026-05-22,MP000043,MTR000043,96,87,0.9057
USR00390,2026-05-21,MP000043,MTR000043,96,94,0.98
USR00390,2026-05-20,MP000043,MTR000043,96,93,0.9725
USR00390,2026-05-19,MP000043,MTR000043,96,86,0.8953
USR00390,2026-05-18,MP000043,MTR000043,96,84,0.8792
USR00390,2026-05-17,MP000043,MTR000043,96,91,0.9462
USR00390,2026-05-16,MP000043,MTR000043,96,90,0.9393
USR00390,2026-05-15,MP000043,MTR000043,96,92,0.9603
USR00390,2026-05-14,MP000043,MTR000043,96,86,0.8912
USR00390,2026-05-13,MP000043,MTR000043,96,91,0.9447
USR00390,2026-05-12,MP000043,MTR000043,96,86,0.901
USR00390,2026-05-11,MP000043,MTR000043,96,90,0.9417
USR00390,2026-05-10,MP000043,MTR000043,96,88,0.9219
USR00390,2026-05-09,MP000043,MTR000043,96,94,0.98
USR00390,2026-05-08,MP000043,MTR000043,96,90,0.9364
USR00390,2026-05-07,MP000043,MTR000043,96,88,0.9135
USR00390,2026-05-06,MP000043,MTR000043,96,89,0.9271
USR00390,2026-05-05,MP000043,MTR000043,96,88,0.92
USR00390,2026-05-04,MP000043,MTR000043,96,85,0.8883
USR00390,2026-05-03,MP000043,MTR000043,96,94,0.9807
USR00390,2026-05-02,MP000043,MTR000043,96,93,0.9709
USR00390,2026-05-01,MP000043,MTR000043,96,88,0.9177
USR00390,2026-04-30,MP000043,MTR000043,96,91,0.944
USR00390,2026-04-29,MP000043,MTR000043,96,95,0.9845
USR00390,2026-04-28,MP000043,MTR000043,96,92,0.9601
USR00390,2026-04-27,MP000043,MTR000043,96,88,0.9137
USR00390,2026-04-26,MP000043,MTR000043,96,88,0.9203
USR00390,2026-04-25,MP000043,MTR000043,96,84,0.8714
USR00390,2026-04-24,MP000043,MTR000043,96,91,0.9462
USR00390,2026-04-23,MP000043,MTR000043,96,92,0.9603
USR00391,2026-05-22,MP000178,MTR000178,96,95,0.9876
USR00391,2026-05-21,MP000178,MTR000178,96,94,0.9771
USR00391,2026-05-20,MP000178,MTR000178,96,90,0.9366
USR00391,2026-05-19,MP000178,MTR000178,96,94,0.9761
USR00391,2026-05-18,MP000178,MTR000178,96,91,0.9476
USR00391,2026-05-17,MP000178,MTR000178,96,94,0.9823
USR00391,2026-05-16,MP000178,MTR000178,96,91,0.9436
USR00391,2026-05-15,MP000178,MTR000178,96,94,0.9821
USR00391,2026-05-14,MP000178,MTR000178,96,96,1.0
USR00391,2026-05-13,MP000178,MTR000178,96,94,0.9779
USR00391,2026-05-12,MP000178,MTR000178,96,94,0.9764
USR00391,2026-05-11,MP000178,MTR000178,96,95,0.9939
USR00391,2026-05-10,MP000178,MTR000178,96,96,1.0
USR00391,2026-05-09,MP000178,MTR000178,96,92,0.9633
USR00391,2026-05-08,MP000178,MTR000178,96,94,0.9822
USR00391,2026-05-07,MP000178,MTR000178,96,96,1.0
USR00391,2026-05-06,MP000178,MTR000178,96,95,0.9866
USR00391,2026-05-05,MP000178,MTR000178,96,87,0.9065
USR00391,2026-05-04,MP000178,MTR000178,96,91,0.9451
USR00391,2026-05-03,MP000178,MTR000178,96,95,0.9891
USR00391,2026-05-02,MP000178,MTR000178,96,92,0.9545
USR00391,2026-05-01,MP000178,MTR000178,96,96,1.0
USR00391,2026-04-30,MP000178,MTR000178,96,96,1.0
USR00391,2026-04-29,MP000178,MTR000178,96,91,0.9488
USR00391,2026-04-28,MP000178,MTR000178,96,90,0.9356
USR00391,2026-04-27,MP000178,MTR000178,96,92,0.9557
USR00391,2026-04-26,MP000178,MTR000178,96,92,0.954
USR00391,2026-04-25,MP000178,MTR000178,96,96,1.0
USR00391,2026-04-24,MP000178,MTR000178,96,90,0.9355
USR00391,2026-04-23,MP000178,MTR000178,96,95,0.9888
USR00392,2026-05-22,,,96,95,0.9933
USR00392,2026-05-21,,,96,94,0.9818
USR00392,2026-05-20,,,96,93,0.9639
USR00392,2026-05-19,,,96,96,1.0
USR00392,2026-05-18,,,96,92,0.9614
USR00392,2026-05-17,,,96,96,0.9972
USR00392,2026-05-16,,,96,93,0.964
USR00392,2026-05-15,,,96,88,0.9135
USR00392,2026-05-14,,,96,92,0.9606
USR00392,2026-05-13,,,96,93,0.964
USR00392,2026-05-12,,,96,93,0.9644
USR00392,2026-05-11,,,96,91,0.9489
USR00392,2026-05-10,,,96,95,0.9875
USR00392,2026-05-09,,,96,95,0.9908
USR00392,2026-05-08,,,96,92,0.9596
USR00392,2026-05-07,,,96,92,0.9593
USR00392,2026-05-06,,,96,90,0.9372
USR00392,2026-05-05,,,96,94,0.9764
USR00392,2026-05-04,,,96,96,1.0
USR00392,2026-05-03,,,96,96,1.0
USR00392,2026-05-02,,,96,91,0.9508
USR00392,2026-05-01,,,96,96,1.0
USR00392,2026-04-30,,,96,92,0.9579
USR00392,2026-04-29,,,96,90,0.9383
USR00392,2026-04-28,,,96,89,0.9279
USR00392,2026-04-27,,,96,90,0.9364
USR00392,2026-04-26,,,96,94,0.9787
USR00392,2026-04-25,,,96,92,0.961
USR00392,2026-04-24,,,96,91,0.9498
USR00392,2026-04-23,,,96,91,0.9433
USR00393,2026-05-22,MP000126,MTR000126,96,89,0.923
USR00393,2026-05-21,MP000126,MTR000126,96,94,0.9801
USR00393,2026-05-20,MP000126,MTR000126,96,96,1.0
USR00393,2026-05-19,MP000126,MTR000126,96,96,1.0
USR00393,2026-05-18,MP000126,MTR000126,96,93,0.9703
USR00393,2026-05-17,MP000126,MTR000126,96,90,0.9349
USR00393,2026-05-16,MP000126,MTR000126,96,89,0.9296
USR00393,2026-05-15,MP000126,MTR000126,96,93,0.9723
USR00393,2026-05-14,MP000126,MTR000126,96,90,0.9423
USR00393,2026-05-13,MP000126,MTR000126,96,92,0.962
USR00393,2026-05-12,MP000126,MTR000126,96,96,1.0
USR00393,2026-05-11,MP000126,MTR000126,96,92,0.9562
USR00393,2026-05-10,MP000126,MTR000126,96,96,1.0
USR00393,2026-05-09,MP000126,MTR000126,96,88,0.9158
USR00393,2026-05-08,MP000126,MTR000126,96,92,0.9631
USR00393,2026-05-07,MP000126,MTR000126,96,92,0.9591
USR00393,2026-05-06,MP000126,MTR000126,96,88,0.9201
USR00393,2026-05-05,MP000126,MTR000126,96,93,0.9737
USR00393,2026-05-04,MP000126,MTR000126,96,96,0.9956
USR00393,2026-05-03,MP000126,MTR000126,96,96,1.0
USR00393,2026-05-02,MP000126,MTR000126,96,92,0.962
USR00393,2026-05-01,MP000126,MTR000126,96,86,0.8926
USR00393,2026-04-30,MP000126,MTR000126,96,93,0.964
USR00393,2026-04-29,MP000126,MTR000126,96,93,0.9719
USR00393,2026-04-28,MP000126,MTR000126,96,90,0.9426
USR00393,2026-04-27,MP000126,MTR000126,96,92,0.9561
USR00393,2026-04-26,MP000126,MTR000126,96,90,0.9351
USR00393,2026-04-25,MP000126,MTR000126,96,91,0.9456
USR00393,2026-04-24,MP000126,MTR000126,96,94,0.9802
USR00393,2026-04-23,MP000126,MTR000126,96,95,0.9913
USR00394,2026-05-22,MP000001,MTR000001,96,90,0.9332
USR00394,2026-05-21,MP000001,MTR000001,96,86,0.9009
USR00394,2026-05-20,MP000001,MTR000001,96,96,1.0
USR00394,2026-05-19,MP000001,MTR000001,96,94,0.9747
USR00394,2026-05-18,MP000001,MTR000001,96,85,0.8885
USR00394,2026-05-17,MP000001,MTR000001,96,91,0.9466
USR00394,2026-05-16,MP000001,MTR000001,96,90,0.94
USR00394,2026-05-15,MP000001,MTR000001,96,89,0.9259
USR00394,2026-05-14,MP000001,MTR000001,96,94,0.9796
USR00394,2026-05-13,MP000001,MTR000001,96,94,0.9789
USR00394,2026-05-12,MP000001,MTR000001,96,92,0.9566
USR00394,2026-05-11,MP000001,MTR000001,96,89,0.9293
USR00394,2026-05-10,MP000001,MTR000001,96,89,0.9295
USR00394,2026-05-09,MP000001,MTR000001,96,91,0.9499
USR00394,2026-05-08,MP000001,MTR000001,96,90,0.9348
USR00394,2026-05-07,MP000001,MTR000001,96,91,0.9484
USR00394,2026-05-06,MP000001,MTR000001,96,93,0.9653
USR00394,2026-05-05,MP000001,MTR000001,96,87,0.9025
USR00394,2026-05-04,MP000001,MTR000001,96,89,0.9258
USR00394,2026-05-03,MP000001,MTR000001,96,91,0.9475
USR00394,2026-05-02,MP000001,MTR000001,96,96,0.9955
USR00394,2026-05-01,MP000001,MTR000001,96,93,0.9739
USR00394,2026-04-30,MP000001,MTR000001,96,91,0.9484
USR00394,2026-04-29,MP000001,MTR000001,96,92,0.9606
USR00394,2026-04-28,MP000001,MTR000001,96,91,0.9455
USR00394,2026-04-27,MP000001,MTR000001,96,94,0.9809
USR00394,2026-04-26,MP000001,MTR000001,96,92,0.9616
USR00394,2026-04-25,MP000001,MTR000001,96,95,0.9869
USR00394,2026-04-24,MP000001,MTR000001,96,87,0.9079
USR00394,2026-04-23,MP000001,MTR000001,96,89,0.9244
USR00395,2026-05-22,MP000247,MTR000247,96,93,0.968
USR00395,2026-05-21,MP000247,MTR000247,96,96,1.0
USR00395,2026-05-20,MP000247,MTR000247,96,86,0.8989
USR00395,2026-05-19,MP000247,MTR000247,96,91,0.9522
USR00395,2026-05-18,MP000247,MTR000247,96,91,0.9508
USR00395,2026-05-17,MP000247,MTR000247,96,92,0.9603
USR00395,2026-05-16,MP000247,MTR000247,96,96,1.0
USR00395,2026-05-15,MP000247,MTR000247,96,94,0.9795
USR00395,2026-05-14,MP000247,MTR000247,96,87,0.9051
USR00395,2026-05-13,MP000247,MTR000247,96,96,0.9992
USR00395,2026-05-12,MP000247,MTR000247,96,96,0.9984
USR00395,2026-05-11,MP000247,MTR000247,96,92,0.9611
USR00395,2026-05-10,MP000247,MTR000247,96,87,0.9046
USR00395,2026-05-09,MP000247,MTR000247,96,91,0.9486
USR00395,2026-05-08,MP000247,MTR000247,96,93,0.9672
USR00395,2026-05-07,MP000247,MTR000247,96,94,0.9831
USR00395,2026-05-06,MP000247,MTR000247,96,86,0.9001
USR00395,2026-05-05,MP000247,MTR000247,96,89,0.9301
USR00395,2026-05-04,MP000247,MTR000247,96,95,0.9861
USR00395,2026-05-03,MP000247,MTR000247,96,96,0.9982
USR00395,2026-05-02,MP000247,MTR000247,96,93,0.9661
USR00395,2026-05-01,MP000247,MTR000247,96,95,0.9876
USR00395,2026-04-30,MP000247,MTR000247,96,93,0.9668
USR00395,2026-04-29,MP000247,MTR000247,96,94,0.9821
USR00395,2026-04-28,MP000247,MTR000247,96,92,0.9575
USR00395,2026-04-27,MP000247,MTR000247,96,93,0.9676
USR00395,2026-04-26,MP000247,MTR000247,96,88,0.9165
USR00395,2026-04-25,MP000247,MTR000247,96,94,0.9748
USR00395,2026-04-24,MP000247,MTR000247,96,88,0.9156
USR00395,2026-04-23,MP000247,MTR000247,96,94,0.9748
USR00396,2026-05-22,MP000108,MTR000108,96,95,0.9884
USR00396,2026-05-21,MP000108,MTR000108,96,91,0.9487
USR00396,2026-05-20,MP000108,MTR000108,96,92,0.9622
USR00396,2026-05-19,MP000108,MTR000108,96,95,0.9883
USR00396,2026-05-18,MP000108,MTR000108,96,96,0.9999
USR00396,2026-05-17,MP000108,MTR000108,96,96,1.0
USR00396,2026-05-16,MP000108,MTR000108,96,91,0.9428
USR00396,2026-05-15,MP000108,MTR000108,96,89,0.9323
USR00396,2026-05-14,MP000108,MTR000108,96,91,0.948
USR00396,2026-05-13,MP000108,MTR000108,96,91,0.9453
USR00396,2026-05-12,MP000108,MTR000108,96,96,1.0
USR00396,2026-05-11,MP000108,MTR000108,96,96,1.0
USR00396,2026-05-10,MP000108,MTR000108,96,91,0.9474
USR00396,2026-05-09,MP000108,MTR000108,96,96,1.0
USR00396,2026-05-08,MP000108,MTR000108,96,96,1.0
USR00396,2026-05-07,MP000108,MTR000108,96,89,0.9284
USR00396,2026-05-06,MP000108,MTR000108,96,91,0.9464
USR00396,2026-05-05,MP000108,MTR000108,96,89,0.9275
USR00396,2026-05-04,MP000108,MTR000108,96,94,0.9747
USR00396,2026-05-03,MP000108,MTR000108,96,94,0.9778
USR00396,2026-05-02,MP000108,MTR000108,96,94,0.9778
USR00396,2026-05-01,MP000108,MTR000108,96,88,0.9165
USR00396,2026-04-30,MP000108,MTR000108,96,90,0.9345
USR00396,2026-04-29,MP000108,MTR000108,96,95,0.9851
USR00396,2026-04-28,MP000108,MTR000108,96,96,0.996
USR00396,2026-04-27,MP000108,MTR000108,96,88,0.9167
USR00396,2026-04-26,MP000108,MTR000108,96,90,0.9389
USR00396,2026-04-25,MP000108,MTR000108,96,96,1.0
USR00396,2026-04-24,MP000108,MTR000108,96,90,0.9406
USR00396,2026-04-23,MP000108,MTR000108,96,94,0.9769
USR00397,2026-05-22,MP000514,MTR000514,96,92,0.9619
USR00397,2026-05-21,MP000514,MTR000514,96,84,0.8764
USR00397,2026-05-20,MP000514,MTR000514,96,89,0.9278
USR00397,2026-05-19,MP000514,MTR000514,96,93,0.9651
USR00397,2026-05-18,MP000514,MTR000514,96,92,0.9552
USR00397,2026-05-17,MP000514,MTR000514,96,89,0.923
USR00397,2026-05-16,MP000514,MTR000514,96,88,0.916
USR00397,2026-05-15,MP000514,MTR000514,96,89,0.9299
USR00397,2026-05-14,MP000514,MTR000514,96,86,0.8983
USR00397,2026-05-13,MP000514,MTR000514,96,90,0.9339
USR00397,2026-05-12,MP000514,MTR000514,96,90,0.9344
USR00397,2026-05-11,MP000514,MTR000514,96,89,0.9244
USR00397,2026-05-10,MP000514,MTR000514,96,93,0.9669
USR00397,2026-05-09,MP000514,MTR000514,96,87,0.9048
USR00397,2026-05-08,MP000514,MTR000514,96,85,0.8858
USR00397,2026-05-07,MP000514,MTR000514,96,88,0.9212
USR00397,2026-05-06,MP000514,MTR000514,96,90,0.9407
USR00397,2026-05-05,MP000514,MTR000514,96,90,0.9337
USR00397,2026-05-04,MP000514,MTR000514,96,90,0.9324
USR00397,2026-05-03,MP000514,MTR000514,96,87,0.9031
USR00397,2026-05-02,MP000514,MTR000514,96,87,0.9075
USR00397,2026-05-01,MP000514,MTR000514,96,89,0.9223
USR00397,2026-04-30,MP000514,MTR000514,96,88,0.9199
USR00397,2026-04-29,MP000514,MTR000514,96,93,0.9699
USR00397,2026-04-28,MP000514,MTR000514,96,91,0.9449
USR00397,2026-04-27,MP000514,MTR000514,96,88,0.921
USR00397,2026-04-26,MP000514,MTR000514,96,93,0.9698
USR00397,2026-04-25,MP000514,MTR000514,96,91,0.9503
USR00397,2026-04-24,MP000514,MTR000514,96,86,0.8962
USR00397,2026-04-23,MP000514,MTR000514,96,81,0.8397
USR00398,2026-05-22,MP000262,MTR000262,96,92,0.9551
USR00398,2026-05-21,MP000262,MTR000262,96,93,0.964
USR00398,2026-05-20,MP000262,MTR000262,96,85,0.8874
USR00398,2026-05-19,MP000262,MTR000262,96,92,0.957
USR00398,2026-05-18,MP000262,MTR000262,96,92,0.9559
USR00398,2026-05-17,MP000262,MTR000262,96,94,0.9791
USR00398,2026-05-16,MP000262,MTR000262,96,93,0.9658
USR00398,2026-05-15,MP000262,MTR000262,96,94,0.9778
USR00398,2026-05-14,MP000262,MTR000262,96,91,0.9519
USR00398,2026-05-13,MP000262,MTR000262,96,91,0.9509
USR00398,2026-05-12,MP000262,MTR000262,96,89,0.9271
USR00398,2026-05-11,MP000262,MTR000262,96,92,0.9619
USR00398,2026-05-10,MP000262,MTR000262,96,86,0.8973
USR00398,2026-05-09,MP000262,MTR000262,96,90,0.9331
USR00398,2026-05-08,MP000262,MTR000262,96,92,0.9534
USR00398,2026-05-07,MP000262,MTR000262,96,94,0.9795
USR00398,2026-05-06,MP000262,MTR000262,96,89,0.9229
USR00398,2026-05-05,MP000262,MTR000262,96,93,0.9662
USR00398,2026-05-04,MP000262,MTR000262,96,89,0.9313
USR00398,2026-05-03,MP000262,MTR000262,96,93,0.9669
USR00398,2026-05-02,MP000262,MTR000262,96,88,0.9132
USR00398,2026-05-01,MP000262,MTR000262,96,92,0.959
USR00398,2026-04-30,MP000262,MTR000262,96,90,0.9344
USR00398,2026-04-29,MP000262,MTR000262,96,87,0.9017
USR00398,2026-04-28,MP000262,MTR000262,96,90,0.9326
USR00398,2026-04-27,MP000262,MTR000262,96,94,0.9769
USR00398,2026-04-26,MP000262,MTR000262,96,87,0.9067
USR00398,2026-04-25,MP000262,MTR000262,96,86,0.8927
USR00398,2026-04-24,MP000262,MTR000262,96,91,0.9492
USR00398,2026-04-23,MP000262,MTR000262,96,85,0.8869
USR00399,2026-05-22,MP000136,MTR000136,96,96,1.0
USR00399,2026-05-21,MP000136,MTR000136,96,96,1.0
USR00399,2026-05-20,MP000136,MTR000136,96,95,0.9854
USR00399,2026-05-19,MP000136,MTR000136,96,96,1.0
USR00399,2026-05-18,MP000136,MTR000136,96,96,1.0
USR00399,2026-05-17,MP000136,MTR000136,96,93,0.9698
USR00399,2026-05-16,MP000136,MTR000136,96,96,1.0
USR00399,2026-05-15,MP000136,MTR000136,96,92,0.9584
USR00399,2026-05-14,MP000136,MTR000136,96,94,0.9799
USR00399,2026-05-13,MP000136,MTR000136,96,89,0.932
USR00399,2026-05-12,MP000136,MTR000136,96,95,0.9902
USR00399,2026-05-11,MP000136,MTR000136,96,94,0.9769
USR00399,2026-05-10,MP000136,MTR000136,96,93,0.9722
USR00399,2026-05-09,MP000136,MTR000136,96,94,0.9808
USR00399,2026-05-08,MP000136,MTR000136,96,93,0.9684
USR00399,2026-05-07,MP000136,MTR000136,96,95,0.987
USR00399,2026-05-06,MP000136,MTR000136,96,96,1.0
USR00399,2026-05-05,MP000136,MTR000136,96,92,0.9539
USR00399,2026-05-04,MP000136,MTR000136,96,96,1.0
USR00399,2026-05-03,MP000136,MTR000136,96,95,0.9922
USR00399,2026-05-02,MP000136,MTR000136,96,96,0.997
USR00399,2026-05-01,MP000136,MTR000136,96,95,0.9849
USR00399,2026-04-30,MP000136,MTR000136,96,93,0.9643
USR00399,2026-04-29,MP000136,MTR000136,96,96,0.9991
USR00399,2026-04-28,MP000136,MTR000136,96,96,1.0
USR00399,2026-04-27,MP000136,MTR000136,96,92,0.9618
USR00399,2026-04-26,MP000136,MTR000136,96,91,0.9456
USR00399,2026-04-25,MP000136,MTR000136,96,95,0.9883
USR00399,2026-04-24,MP000136,MTR000136,96,96,1.0
USR00399,2026-04-23,MP000136,MTR000136,96,96,1.0
USR00400,2026-05-22,MP000057,MTR000057,96,96,0.9991
USR00400,2026-05-21,MP000057,MTR000057,96,94,0.9801
USR00400,2026-05-20,MP000057,MTR000057,96,95,0.9879
USR00400,2026-05-19,MP000057,MTR000057,96,91,0.9507
USR00400,2026-05-18,MP000057,MTR000057,96,93,0.9675
USR00400,2026-05-17,MP000057,MTR000057,96,95,0.9864
USR00400,2026-05-16,MP000057,MTR000057,96,94,0.98
USR00400,2026-05-15,MP000057,MTR000057,96,95,0.9907
USR00400,2026-05-14,MP000057,MTR000057,96,91,0.9467
USR00400,2026-05-13,MP000057,MTR000057,96,92,0.9534
USR00400,2026-05-12,MP000057,MTR000057,96,96,1.0
USR00400,2026-05-11,MP000057,MTR000057,96,92,0.963
USR00400,2026-05-10,MP000057,MTR000057,96,93,0.9677
USR00400,2026-05-09,MP000057,MTR000057,96,95,0.9908
USR00400,2026-05-08,MP000057,MTR000057,96,92,0.96
USR00400,2026-05-07,MP000057,MTR000057,96,96,1.0
USR00400,2026-05-06,MP000057,MTR000057,96,91,0.9503
USR00400,2026-05-05,MP000057,MTR000057,96,95,0.988
USR00400,2026-05-04,MP000057,MTR000057,96,93,0.9655
USR00400,2026-05-03,MP000057,MTR000057,96,95,0.9927
USR00400,2026-05-02,MP000057,MTR000057,96,93,0.9731
USR00400,2026-05-01,MP000057,MTR000057,96,95,0.9873
USR00400,2026-04-30,MP000057,MTR000057,96,96,1.0
USR00400,2026-04-29,MP000057,MTR000057,96,93,0.9674
USR00400,2026-04-28,MP000057,MTR000057,96,93,0.9671
USR00400,2026-04-27,MP000057,MTR000057,96,94,0.9785
USR00400,2026-04-26,MP000057,MTR000057,96,96,1.0
USR00400,2026-04-25,MP000057,MTR000057,96,95,0.9853
USR00400,2026-04-24,MP000057,MTR000057,96,96,1.0
USR00400,2026-04-23,MP000057,MTR000057,96,94,0.9827
USR00401,2026-05-22,MP000273,MTR000273,96,91,0.9487
USR00401,2026-05-21,MP000273,MTR000273,96,92,0.9532
USR00401,2026-05-20,MP000273,MTR000273,96,86,0.8935
USR00401,2026-05-19,MP000273,MTR000273,96,85,0.889
USR00401,2026-05-18,MP000273,MTR000273,96,93,0.9686
USR00401,2026-05-17,MP000273,MTR000273,96,93,0.9683
USR00401,2026-05-16,MP000273,MTR000273,96,96,1.0
USR00401,2026-05-15,MP000273,MTR000273,96,86,0.8919
USR00401,2026-05-14,MP000273,MTR000273,96,91,0.9511
USR00401,2026-05-13,MP000273,MTR000273,96,87,0.9058
USR00401,2026-05-12,MP000273,MTR000273,96,88,0.9143
USR00401,2026-05-11,MP000273,MTR000273,96,88,0.9215
USR00401,2026-05-10,MP000273,MTR000273,96,91,0.948
USR00401,2026-05-09,MP000273,MTR000273,96,88,0.9166
USR00401,2026-05-08,MP000273,MTR000273,96,90,0.9375
USR00401,2026-05-07,MP000273,MTR000273,96,92,0.9615
USR00401,2026-05-06,MP000273,MTR000273,96,93,0.9704
USR00401,2026-05-05,MP000273,MTR000273,96,92,0.9573
USR00401,2026-05-04,MP000273,MTR000273,96,91,0.9501
USR00401,2026-05-03,MP000273,MTR000273,96,89,0.9323
USR00401,2026-05-02,MP000273,MTR000273,96,88,0.9195
USR00401,2026-05-01,MP000273,MTR000273,96,91,0.9527
USR00401,2026-04-30,MP000273,MTR000273,96,87,0.905
USR00401,2026-04-29,MP000273,MTR000273,96,90,0.9401
USR00401,2026-04-28,MP000273,MTR000273,96,87,0.9043
USR00401,2026-04-27,MP000273,MTR000273,96,90,0.9353
USR00401,2026-04-26,MP000273,MTR000273,96,87,0.9049
USR00401,2026-04-25,MP000273,MTR000273,96,89,0.9245
USR00401,2026-04-24,MP000273,MTR000273,96,88,0.9162
USR00401,2026-04-23,MP000273,MTR000273,96,88,0.9126
USR00402,2026-05-22,MP000058,MTR000058,96,85,0.8877
USR00402,2026-05-21,MP000058,MTR000058,96,87,0.9063
USR00402,2026-05-20,MP000058,MTR000058,96,95,0.9845
USR00402,2026-05-19,MP000058,MTR000058,96,93,0.9648
USR00402,2026-05-18,MP000058,MTR000058,96,90,0.9387
USR00402,2026-05-17,MP000058,MTR000058,96,95,0.9896
USR00402,2026-05-16,MP000058,MTR000058,96,90,0.9412
USR00402,2026-05-15,MP000058,MTR000058,96,91,0.943
USR00402,2026-05-14,MP000058,MTR000058,96,90,0.9369
USR00402,2026-05-13,MP000058,MTR000058,96,96,1.0
USR00402,2026-05-12,MP000058,MTR000058,96,93,0.9675
USR00402,2026-05-11,MP000058,MTR000058,96,93,0.9663
USR00402,2026-05-10,MP000058,MTR000058,96,94,0.9744
USR00402,2026-05-09,MP000058,MTR000058,96,87,0.9048
USR00402,2026-05-08,MP000058,MTR000058,96,90,0.9426
USR00402,2026-05-07,MP000058,MTR000058,96,94,0.9741
USR00402,2026-05-06,MP000058,MTR000058,96,92,0.9603
USR00402,2026-05-05,MP000058,MTR000058,96,96,1.0
USR00402,2026-05-04,MP000058,MTR000058,96,91,0.9444
USR00402,2026-05-03,MP000058,MTR000058,96,95,0.9887
USR00402,2026-05-02,MP000058,MTR000058,96,95,0.9846
USR00402,2026-05-01,MP000058,MTR000058,96,93,0.9647
USR00402,2026-04-30,MP000058,MTR000058,96,93,0.9701
USR00402,2026-04-29,MP000058,MTR000058,96,91,0.9517
USR00402,2026-04-28,MP000058,MTR000058,96,87,0.9012
USR00402,2026-04-27,MP000058,MTR000058,96,93,0.9709
USR00402,2026-04-26,MP000058,MTR000058,96,93,0.9733
USR00402,2026-04-25,MP000058,MTR000058,96,94,0.978
USR00402,2026-04-24,MP000058,MTR000058,96,92,0.9623
USR00402,2026-04-23,MP000058,MTR000058,96,95,0.9895
USR00403,2026-05-22,MP000558,MTR000558,96,94,0.9804
USR00403,2026-05-21,MP000558,MTR000558,96,87,0.9067
USR00403,2026-05-20,MP000558,MTR000558,96,90,0.9331
USR00403,2026-05-19,MP000558,MTR000558,96,92,0.9568
USR00403,2026-05-18,MP000558,MTR000558,96,88,0.9209
USR00403,2026-05-17,MP000558,MTR000558,96,92,0.9588
USR00403,2026-05-16,MP000558,MTR000558,96,89,0.926
USR00403,2026-05-15,MP000558,MTR000558,96,90,0.9399
USR00403,2026-05-14,MP000558,MTR000558,96,89,0.9309
USR00403,2026-05-13,MP000558,MTR000558,96,88,0.919
USR00403,2026-05-12,MP000558,MTR000558,96,96,1.0
USR00403,2026-05-11,MP000558,MTR000558,96,87,0.9111
USR00403,2026-05-10,MP000558,MTR000558,96,83,0.8677
USR00403,2026-05-09,MP000558,MTR000558,96,88,0.9122
USR00403,2026-05-08,MP000558,MTR000558,96,90,0.9403
USR00403,2026-05-07,MP000558,MTR000558,96,89,0.925
USR00403,2026-05-06,MP000558,MTR000558,96,93,0.9669
USR00403,2026-05-05,MP000558,MTR000558,96,93,0.9658
USR00403,2026-05-04,MP000558,MTR000558,96,89,0.9268
USR00403,2026-05-03,MP000558,MTR000558,96,85,0.8859
USR00403,2026-05-02,MP000558,MTR000558,96,86,0.8978
USR00403,2026-05-01,MP000558,MTR000558,96,90,0.9354
USR00403,2026-04-30,MP000558,MTR000558,96,85,0.8894
USR00403,2026-04-29,MP000558,MTR000558,96,89,0.9253
USR00403,2026-04-28,MP000558,MTR000558,96,94,0.979
USR00403,2026-04-27,MP000558,MTR000558,96,91,0.9466
USR00403,2026-04-26,MP000558,MTR000558,96,90,0.9377
USR00403,2026-04-25,MP000558,MTR000558,96,87,0.9051
USR00403,2026-04-24,MP000558,MTR000558,96,90,0.9418
USR00403,2026-04-23,MP000558,MTR000558,96,89,0.9286
USR00404,2026-05-22,,,96,94,0.9834
USR00404,2026-05-21,,,96,95,0.9885
USR00404,2026-05-20,,,96,93,0.9654
USR00404,2026-05-19,,,96,94,0.9769
USR00404,2026-05-18,,,96,91,0.9462
USR00404,2026-05-17,,,96,96,0.9955
USR00404,2026-05-16,,,96,90,0.9349
USR00404,2026-05-15,,,96,92,0.9553
USR00404,2026-05-14,,,96,96,0.9986
USR00404,2026-05-13,,,96,91,0.9471
USR00404,2026-05-12,,,96,88,0.9213
USR00404,2026-05-11,,,96,91,0.9492
USR00404,2026-05-10,,,96,96,1.0
USR00404,2026-05-09,,,96,86,0.8934
USR00404,2026-05-08,,,96,93,0.9646
USR00404,2026-05-07,,,96,90,0.9425
USR00404,2026-05-06,,,96,92,0.9565
USR00404,2026-05-05,,,96,91,0.9511
USR00404,2026-05-04,,,96,95,0.9904
USR00404,2026-05-03,,,96,92,0.9632
USR00404,2026-05-02,,,96,95,0.9919
USR00404,2026-05-01,,,96,96,1.0
USR00404,2026-04-30,,,96,92,0.9624
USR00404,2026-04-29,,,96,91,0.9508
USR00404,2026-04-28,,,96,93,0.9729
USR00404,2026-04-27,,,96,94,0.9786
USR00404,2026-04-26,,,96,89,0.9269
USR00404,2026-04-25,,,96,93,0.9686
USR00404,2026-04-24,,,96,92,0.9539
USR00404,2026-04-23,,,96,91,0.9489
USR00405,2026-05-22,MP000293,MTR000293,96,90,0.9383
USR00405,2026-05-21,MP000293,MTR000293,96,95,0.9947
USR00405,2026-05-20,MP000293,MTR000293,96,91,0.9461
USR00405,2026-05-19,MP000293,MTR000293,96,95,0.9914
USR00405,2026-05-18,MP000293,MTR000293,96,92,0.961
USR00405,2026-05-17,MP000293,MTR000293,96,89,0.9231
USR00405,2026-05-16,MP000293,MTR000293,96,92,0.9628
USR00405,2026-05-15,MP000293,MTR000293,96,88,0.9214
USR00405,2026-05-14,MP000293,MTR000293,96,94,0.9753
USR00405,2026-05-13,MP000293,MTR000293,96,91,0.9508
USR00405,2026-05-12,MP000293,MTR000293,96,94,0.9827
USR00405,2026-05-11,MP000293,MTR000293,96,96,1.0
USR00405,2026-05-10,MP000293,MTR000293,96,87,0.905
USR00405,2026-05-09,MP000293,MTR000293,96,91,0.9432
USR00405,2026-05-08,MP000293,MTR000293,96,88,0.9208
USR00405,2026-05-07,MP000293,MTR000293,96,96,1.0
USR00405,2026-05-06,MP000293,MTR000293,96,91,0.9439
USR00405,2026-05-05,MP000293,MTR000293,96,88,0.9176
USR00405,2026-05-04,MP000293,MTR000293,96,96,1.0
USR00405,2026-05-03,MP000293,MTR000293,96,90,0.9353
USR00405,2026-05-02,MP000293,MTR000293,96,87,0.9084
USR00405,2026-05-01,MP000293,MTR000293,96,89,0.9223
USR00405,2026-04-30,MP000293,MTR000293,96,92,0.9614
USR00405,2026-04-29,MP000293,MTR000293,96,92,0.9584
USR00405,2026-04-28,MP000293,MTR000293,96,89,0.932
USR00405,2026-04-27,MP000293,MTR000293,96,90,0.9425
USR00405,2026-04-26,MP000293,MTR000293,96,92,0.9587
USR00405,2026-04-25,MP000293,MTR000293,96,96,0.9968
USR00405,2026-04-24,MP000293,MTR000293,96,93,0.9671
USR00405,2026-04-23,MP000293,MTR000293,96,90,0.9402
USR00406,2026-05-22,MP000031,MTR000031,96,91,0.9456
USR00406,2026-05-21,MP000031,MTR000031,96,93,0.9729
USR00406,2026-05-20,MP000031,MTR000031,96,85,0.8894
USR00406,2026-05-19,MP000031,MTR000031,96,92,0.9559
USR00406,2026-05-18,MP000031,MTR000031,96,88,0.9131
USR00406,2026-05-17,MP000031,MTR000031,96,84,0.8738
USR00406,2026-05-16,MP000031,MTR000031,96,83,0.8678
USR00406,2026-05-15,MP000031,MTR000031,96,92,0.9625
USR00406,2026-05-14,MP000031,MTR000031,96,93,0.9661
USR00406,2026-05-13,MP000031,MTR000031,96,87,0.9054
USR00406,2026-05-12,MP000031,MTR000031,96,88,0.9161
USR00406,2026-05-11,MP000031,MTR000031,96,83,0.869
USR00406,2026-05-10,MP000031,MTR000031,96,91,0.9454
USR00406,2026-05-09,MP000031,MTR000031,96,88,0.9217
USR00406,2026-05-08,MP000031,MTR000031,96,84,0.8759
USR00406,2026-05-07,MP000031,MTR000031,96,89,0.9287
USR00406,2026-05-06,MP000031,MTR000031,96,85,0.8808
USR00406,2026-05-05,MP000031,MTR000031,96,90,0.9392
USR00406,2026-05-04,MP000031,MTR000031,96,85,0.89
USR00406,2026-05-03,MP000031,MTR000031,96,90,0.9326
USR00406,2026-05-02,MP000031,MTR000031,96,87,0.9029
USR00406,2026-05-01,MP000031,MTR000031,96,82,0.8515
USR00406,2026-04-30,MP000031,MTR000031,96,91,0.9524
USR00406,2026-04-29,MP000031,MTR000031,96,92,0.954
USR00406,2026-04-28,MP000031,MTR000031,96,87,0.9069
USR00406,2026-04-27,MP000031,MTR000031,96,89,0.9307
USR00406,2026-04-26,MP000031,MTR000031,96,90,0.9357
USR00406,2026-04-25,MP000031,MTR000031,96,90,0.9366
USR00406,2026-04-24,MP000031,MTR000031,96,94,0.9743
USR00406,2026-04-23,MP000031,MTR000031,96,90,0.935
USR00407,2026-05-22,,,96,95,0.9875
USR00407,2026-05-21,,,96,92,0.9617
USR00407,2026-05-20,,,96,90,0.9427
USR00407,2026-05-19,,,96,96,1.0
USR00407,2026-05-18,,,96,95,0.9907
USR00407,2026-05-17,,,96,88,0.9188
USR00407,2026-05-16,,,96,92,0.9541
USR00407,2026-05-15,,,96,96,0.9974
USR00407,2026-05-14,,,96,89,0.9277
USR00407,2026-05-13,,,96,91,0.952
USR00407,2026-05-12,,,96,96,1.0
USR00407,2026-05-11,,,96,93,0.9647
USR00407,2026-05-10,,,96,96,1.0
USR00407,2026-05-09,,,96,96,1.0
USR00407,2026-05-08,,,96,91,0.9474
USR00407,2026-05-07,,,96,94,0.9826
USR00407,2026-05-06,,,96,96,1.0
USR00407,2026-05-05,,,96,95,0.9884
USR00407,2026-05-04,,,96,96,1.0
USR00407,2026-05-03,,,96,92,0.9555
USR00407,2026-05-02,,,96,96,1.0
USR00407,2026-05-01,,,96,94,0.9751
USR00407,2026-04-30,,,96,93,0.9648
USR00407,2026-04-29,,,96,95,0.9938
USR00407,2026-04-28,,,96,93,0.9713
USR00407,2026-04-27,,,96,93,0.9721
USR00407,2026-04-26,,,96,95,0.9892
USR00407,2026-04-25,,,96,88,0.9204
USR00407,2026-04-24,,,96,91,0.9507
USR00407,2026-04-23,,,96,96,0.9963
USR00408,2026-05-22,MP000107,MTR000107,96,96,1.0
USR00408,2026-05-21,MP000107,MTR000107,96,96,1.0
USR00408,2026-05-20,MP000107,MTR000107,96,96,1.0
USR00408,2026-05-19,MP000107,MTR000107,96,96,1.0
USR00408,2026-05-18,MP000107,MTR000107,96,91,0.9527
USR00408,2026-05-17,MP000107,MTR000107,96,94,0.9802
USR00408,2026-05-16,MP000107,MTR000107,96,95,0.9933
USR00408,2026-05-15,MP000107,MTR000107,96,96,1.0
USR00408,2026-05-14,MP000107,MTR000107,96,89,0.9322
USR00408,2026-05-13,MP000107,MTR000107,96,92,0.9578
USR00408,2026-05-12,MP000107,MTR000107,96,96,0.995
USR00408,2026-05-11,MP000107,MTR000107,96,96,1.0
USR00408,2026-05-10,MP000107,MTR000107,96,94,0.983
USR00408,2026-05-09,MP000107,MTR000107,96,94,0.9755
USR00408,2026-05-08,MP000107,MTR000107,96,96,1.0
USR00408,2026-05-07,MP000107,MTR000107,96,95,0.9857
USR00408,2026-05-06,MP000107,MTR000107,96,96,1.0
USR00408,2026-05-05,MP000107,MTR000107,96,95,0.9889
USR00408,2026-05-04,MP000107,MTR000107,96,92,0.9621
USR00408,2026-05-03,MP000107,MTR000107,96,96,1.0
USR00408,2026-05-02,MP000107,MTR000107,96,96,1.0
USR00408,2026-05-01,MP000107,MTR000107,96,93,0.9669
USR00408,2026-04-30,MP000107,MTR000107,96,96,1.0
USR00408,2026-04-29,MP000107,MTR000107,96,95,0.9857
USR00408,2026-04-28,MP000107,MTR000107,96,96,1.0
USR00408,2026-04-27,MP000107,MTR000107,96,93,0.9693
USR00408,2026-04-26,MP000107,MTR000107,96,96,1.0
USR00408,2026-04-25,MP000107,MTR000107,96,96,1.0
USR00408,2026-04-24,MP000107,MTR000107,96,93,0.9671
USR00408,2026-04-23,MP000107,MTR000107,96,96,0.9976
USR00409,2026-05-22,MP000161,MTR000161,96,88,0.9163
USR00409,2026-05-21,MP000161,MTR000161,96,89,0.9263
USR00409,2026-05-20,MP000161,MTR000161,96,93,0.9662
USR00409,2026-05-19,MP000161,MTR000161,96,90,0.9415
USR00409,2026-05-18,MP000161,MTR000161,96,86,0.8991
USR00409,2026-05-17,MP000161,MTR000161,96,90,0.9367
USR00409,2026-05-16,MP000161,MTR000161,96,96,0.9987
USR00409,2026-05-15,MP000161,MTR000161,96,96,1.0
USR00409,2026-05-14,MP000161,MTR000161,96,89,0.9272
USR00409,2026-05-13,MP000161,MTR000161,96,88,0.9189
USR00409,2026-05-12,MP000161,MTR000161,96,90,0.9326
USR00409,2026-05-11,MP000161,MTR000161,96,96,1.0
USR00409,2026-05-10,MP000161,MTR000161,96,93,0.9716
USR00409,2026-05-09,MP000161,MTR000161,96,95,0.9903
USR00409,2026-05-08,MP000161,MTR000161,96,94,0.9763
USR00409,2026-05-07,MP000161,MTR000161,96,87,0.9068
USR00409,2026-05-06,MP000161,MTR000161,96,88,0.9179
USR00409,2026-05-05,MP000161,MTR000161,96,89,0.9254
USR00409,2026-05-04,MP000161,MTR000161,96,89,0.9307
USR00409,2026-05-03,MP000161,MTR000161,96,89,0.926
USR00409,2026-05-02,MP000161,MTR000161,96,89,0.9295
USR00409,2026-05-01,MP000161,MTR000161,96,93,0.9655
USR00409,2026-04-30,MP000161,MTR000161,96,91,0.9504
USR00409,2026-04-29,MP000161,MTR000161,96,94,0.9829
USR00409,2026-04-28,MP000161,MTR000161,96,92,0.9539
USR00409,2026-04-27,MP000161,MTR000161,96,89,0.926
USR00409,2026-04-26,MP000161,MTR000161,96,91,0.952
USR00409,2026-04-25,MP000161,MTR000161,96,86,0.901
USR00409,2026-04-24,MP000161,MTR000161,96,84,0.877
USR00409,2026-04-23,MP000161,MTR000161,96,93,0.9656
USR00410,2026-05-22,MP000083,MTR000083,96,93,0.9689
USR00410,2026-05-21,MP000083,MTR000083,96,92,0.955
USR00410,2026-05-20,MP000083,MTR000083,96,89,0.9264
USR00410,2026-05-19,MP000083,MTR000083,96,96,1.0
USR00410,2026-05-18,MP000083,MTR000083,96,94,0.9815
USR00410,2026-05-17,MP000083,MTR000083,96,94,0.9754
USR00410,2026-05-16,MP000083,MTR000083,96,93,0.9665
USR00410,2026-05-15,MP000083,MTR000083,96,91,0.9526
USR00410,2026-05-14,MP000083,MTR000083,96,90,0.9333
USR00410,2026-05-13,MP000083,MTR000083,96,94,0.9743
USR00410,2026-05-12,MP000083,MTR000083,96,91,0.9505
USR00410,2026-05-11,MP000083,MTR000083,96,92,0.954
USR00410,2026-05-10,MP000083,MTR000083,96,96,1.0
USR00410,2026-05-09,MP000083,MTR000083,96,93,0.9652
USR00410,2026-05-08,MP000083,MTR000083,96,86,0.8931
USR00410,2026-05-07,MP000083,MTR000083,96,91,0.9506
USR00410,2026-05-06,MP000083,MTR000083,96,90,0.9366
USR00410,2026-05-05,MP000083,MTR000083,96,92,0.9625
USR00410,2026-05-04,MP000083,MTR000083,96,89,0.924
USR00410,2026-05-03,MP000083,MTR000083,96,94,0.9797
USR00410,2026-05-02,MP000083,MTR000083,96,92,0.9578
USR00410,2026-05-01,MP000083,MTR000083,96,91,0.9524
USR00410,2026-04-30,MP000083,MTR000083,96,93,0.9712
USR00410,2026-04-29,MP000083,MTR000083,96,93,0.9644
USR00410,2026-04-28,MP000083,MTR000083,96,92,0.9627
USR00410,2026-04-27,MP000083,MTR000083,96,92,0.96
USR00410,2026-04-26,MP000083,MTR000083,96,93,0.9661
USR00410,2026-04-25,MP000083,MTR000083,96,94,0.977
USR00410,2026-04-24,MP000083,MTR000083,96,93,0.9732
USR00410,2026-04-23,MP000083,MTR000083,96,96,1.0
USR00411,2026-05-22,,,96,91,0.9511
USR00411,2026-05-21,,,96,96,1.0
USR00411,2026-05-20,,,96,91,0.9427
USR00411,2026-05-19,,,96,91,0.9439
USR00411,2026-05-18,,,96,87,0.906
USR00411,2026-05-17,,,96,89,0.9225
USR00411,2026-05-16,,,96,90,0.9407
USR00411,2026-05-15,,,96,92,0.9599
USR00411,2026-05-14,,,96,92,0.9634
USR00411,2026-05-13,,,96,92,0.9537
USR00411,2026-05-12,,,96,93,0.9681
USR00411,2026-05-11,,,96,88,0.914
USR00411,2026-05-10,,,96,92,0.9586
USR00411,2026-05-09,,,96,91,0.9443
USR00411,2026-05-08,,,96,91,0.9477
USR00411,2026-05-07,,,96,90,0.9331
USR00411,2026-05-06,,,96,88,0.9153
USR00411,2026-05-05,,,96,87,0.9075
USR00411,2026-05-04,,,96,92,0.9536
USR00411,2026-05-03,,,96,92,0.9589
USR00411,2026-05-02,,,96,90,0.9401
USR00411,2026-05-01,,,96,91,0.9435
USR00411,2026-04-30,,,96,89,0.9223
USR00411,2026-04-29,,,96,92,0.959
USR00411,2026-04-28,,,96,91,0.9458
USR00411,2026-04-27,,,96,90,0.933
USR00411,2026-04-26,,,96,93,0.9699
USR00411,2026-04-25,,,96,92,0.9633
USR00411,2026-04-24,,,96,86,0.8979
USR00411,2026-04-23,,,96,91,0.9454
USR00412,2026-05-22,MP000435,MTR000435,96,96,1.0
USR00412,2026-05-21,MP000435,MTR000435,96,87,0.9013
USR00412,2026-05-20,MP000435,MTR000435,96,96,1.0
USR00412,2026-05-19,MP000435,MTR000435,96,96,1.0
USR00412,2026-05-18,MP000435,MTR000435,96,95,0.9925
USR00412,2026-05-17,MP000435,MTR000435,96,92,0.9609
USR00412,2026-05-16,MP000435,MTR000435,96,96,1.0
USR00412,2026-05-15,MP000435,MTR000435,96,96,1.0
USR00412,2026-05-14,MP000435,MTR000435,96,94,0.9799
USR00412,2026-05-13,MP000435,MTR000435,96,95,0.988
USR00412,2026-05-12,MP000435,MTR000435,96,90,0.9364
USR00412,2026-05-11,MP000435,MTR000435,96,96,1.0
USR00412,2026-05-10,MP000435,MTR000435,96,92,0.9548
USR00412,2026-05-09,MP000435,MTR000435,96,96,1.0
USR00412,2026-05-08,MP000435,MTR000435,96,96,1.0
USR00412,2026-05-07,MP000435,MTR000435,96,95,0.9938
USR00412,2026-05-06,MP000435,MTR000435,96,93,0.9639
USR00412,2026-05-05,MP000435,MTR000435,96,96,1.0
USR00412,2026-05-04,MP000435,MTR000435,96,96,0.9959
USR00412,2026-05-03,MP000435,MTR000435,96,96,0.9987
USR00412,2026-05-02,MP000435,MTR000435,96,93,0.9679
USR00412,2026-05-01,MP000435,MTR000435,96,96,1.0
USR00412,2026-04-30,MP000435,MTR000435,96,95,0.9898
USR00412,2026-04-29,MP000435,MTR000435,96,92,0.956
USR00412,2026-04-28,MP000435,MTR000435,96,96,1.0
USR00412,2026-04-27,MP000435,MTR000435,96,96,1.0
USR00412,2026-04-26,MP000435,MTR000435,96,96,1.0
USR00412,2026-04-25,MP000435,MTR000435,96,96,1.0
USR00412,2026-04-24,MP000435,MTR000435,96,96,1.0
USR00412,2026-04-23,MP000435,MTR000435,96,93,0.9644
USR00413,2026-05-22,MP000472,MTR000472,96,85,0.8904
USR00413,2026-05-21,MP000472,MTR000472,96,86,0.8982
USR00413,2026-05-20,MP000472,MTR000472,96,88,0.9175
USR00413,2026-05-19,MP000472,MTR000472,96,90,0.9389
USR00413,2026-05-18,MP000472,MTR000472,96,88,0.9212
USR00413,2026-05-17,MP000472,MTR000472,96,86,0.8993
USR00413,2026-05-16,MP000472,MTR000472,96,89,0.9301
USR00413,2026-05-15,MP000472,MTR000472,96,89,0.9271
USR00413,2026-05-14,MP000472,MTR000472,96,92,0.9552
USR00413,2026-05-13,MP000472,MTR000472,96,89,0.9313
USR00413,2026-05-12,MP000472,MTR000472,96,84,0.8728
USR00413,2026-05-11,MP000472,MTR000472,96,90,0.9415
USR00413,2026-05-10,MP000472,MTR000472,96,94,0.9774
USR00413,2026-05-09,MP000472,MTR000472,96,89,0.9308
USR00413,2026-05-08,MP000472,MTR000472,96,92,0.9596
USR00413,2026-05-07,MP000472,MTR000472,96,88,0.9148
USR00413,2026-05-06,MP000472,MTR000472,96,91,0.9469
USR00413,2026-05-05,MP000472,MTR000472,96,87,0.9076
USR00413,2026-05-04,MP000472,MTR000472,96,89,0.9225
USR00413,2026-05-03,MP000472,MTR000472,96,89,0.9228
USR00413,2026-05-02,MP000472,MTR000472,96,91,0.9442
USR00413,2026-05-01,MP000472,MTR000472,96,87,0.9052
USR00413,2026-04-30,MP000472,MTR000472,96,85,0.886
USR00413,2026-04-29,MP000472,MTR000472,96,91,0.944
USR00413,2026-04-28,MP000472,MTR000472,96,91,0.9429
USR00413,2026-04-27,MP000472,MTR000472,96,90,0.9333
USR00413,2026-04-26,MP000472,MTR000472,96,92,0.9579
USR00413,2026-04-25,MP000472,MTR000472,96,89,0.9239
USR00413,2026-04-24,MP000472,MTR000472,96,90,0.9384
USR00413,2026-04-23,MP000472,MTR000472,96,88,0.9194
USR00414,2026-05-22,MP000185,MTR000185,96,95,0.9948
USR00414,2026-05-21,MP000185,MTR000185,96,96,1.0
USR00414,2026-05-20,MP000185,MTR000185,96,96,1.0
USR00414,2026-05-19,MP000185,MTR000185,96,96,1.0
USR00414,2026-05-18,MP000185,MTR000185,96,96,1.0
USR00414,2026-05-17,MP000185,MTR000185,96,88,0.9141
USR00414,2026-05-16,MP000185,MTR000185,96,95,0.9941
USR00414,2026-05-15,MP000185,MTR000185,96,96,1.0
USR00414,2026-05-14,MP000185,MTR000185,96,95,0.9871
USR00414,2026-05-13,MP000185,MTR000185,96,94,0.9833
USR00414,2026-05-12,MP000185,MTR000185,96,92,0.9564
USR00414,2026-05-11,MP000185,MTR000185,96,93,0.9716
USR00414,2026-05-10,MP000185,MTR000185,96,92,0.9596
USR00414,2026-05-09,MP000185,MTR000185,96,96,1.0
USR00414,2026-05-08,MP000185,MTR000185,96,96,1.0
USR00414,2026-05-07,MP000185,MTR000185,96,96,1.0
USR00414,2026-05-06,MP000185,MTR000185,96,92,0.9591
USR00414,2026-05-05,MP000185,MTR000185,96,93,0.9645
USR00414,2026-05-04,MP000185,MTR000185,96,92,0.9621
USR00414,2026-05-03,MP000185,MTR000185,96,92,0.954
USR00414,2026-05-02,MP000185,MTR000185,96,92,0.9545
USR00414,2026-05-01,MP000185,MTR000185,96,93,0.9691
USR00414,2026-04-30,MP000185,MTR000185,96,96,1.0
USR00414,2026-04-29,MP000185,MTR000185,96,92,0.963
USR00414,2026-04-28,MP000185,MTR000185,96,96,1.0
USR00414,2026-04-27,MP000185,MTR000185,96,96,1.0
USR00414,2026-04-26,MP000185,MTR000185,96,95,0.9931
USR00414,2026-04-25,MP000185,MTR000185,96,96,1.0
USR00414,2026-04-24,MP000185,MTR000185,96,91,0.9437
USR00414,2026-04-23,MP000185,MTR000185,96,93,0.9678
USR00415,2026-05-22,MP000007,MTR000007,96,89,0.9283
USR00415,2026-05-21,MP000007,MTR000007,96,93,0.9645
USR00415,2026-05-20,MP000007,MTR000007,96,86,0.8916
USR00415,2026-05-19,MP000007,MTR000007,96,87,0.9055
USR00415,2026-05-18,MP000007,MTR000007,96,88,0.9191
USR00415,2026-05-17,MP000007,MTR000007,96,87,0.906
USR00415,2026-05-16,MP000007,MTR000007,96,85,0.8903
USR00415,2026-05-15,MP000007,MTR000007,96,87,0.9073
USR00415,2026-05-14,MP000007,MTR000007,96,88,0.9142
USR00415,2026-05-13,MP000007,MTR000007,96,93,0.965
USR00415,2026-05-12,MP000007,MTR000007,96,86,0.891
USR00415,2026-05-11,MP000007,MTR000007,96,91,0.9461
USR00415,2026-05-10,MP000007,MTR000007,96,92,0.9598
USR00415,2026-05-09,MP000007,MTR000007,96,87,0.9062
USR00415,2026-05-08,MP000007,MTR000007,96,89,0.9294
USR00415,2026-05-07,MP000007,MTR000007,96,90,0.9389
USR00415,2026-05-06,MP000007,MTR000007,96,90,0.9339
USR00415,2026-05-05,MP000007,MTR000007,96,89,0.9241
USR00415,2026-05-04,MP000007,MTR000007,96,87,0.9012
USR00415,2026-05-03,MP000007,MTR000007,96,90,0.9415
USR00415,2026-05-02,MP000007,MTR000007,96,87,0.9104
USR00415,2026-05-01,MP000007,MTR000007,96,89,0.9225
USR00415,2026-04-30,MP000007,MTR000007,96,89,0.9269
USR00415,2026-04-29,MP000007,MTR000007,96,91,0.9473
USR00415,2026-04-28,MP000007,MTR000007,96,94,0.9794
USR00415,2026-04-27,MP000007,MTR000007,96,86,0.8995
USR00415,2026-04-26,MP000007,MTR000007,96,89,0.9232
USR00415,2026-04-25,MP000007,MTR000007,96,84,0.8771
USR00415,2026-04-24,MP000007,MTR000007,96,93,0.966
USR00415,2026-04-23,MP000007,MTR000007,96,89,0.9229
USR00416,2026-05-22,MP000053,MTR000053,96,95,0.9917
USR00416,2026-05-21,MP000053,MTR000053,96,93,0.9705
USR00416,2026-05-20,MP000053,MTR000053,96,93,0.972
USR00416,2026-05-19,MP000053,MTR000053,96,91,0.947
USR00416,2026-05-18,MP000053,MTR000053,96,96,1.0
USR00416,2026-05-17,MP000053,MTR000053,96,95,0.9883
USR00416,2026-05-16,MP000053,MTR000053,96,95,0.9925
USR00416,2026-05-15,MP000053,MTR000053,96,91,0.9485
USR00416,2026-05-14,MP000053,MTR000053,96,91,0.9469
USR00416,2026-05-13,MP000053,MTR000053,96,93,0.9655
USR00416,2026-05-12,MP000053,MTR000053,96,95,0.9929
USR00416,2026-05-11,MP000053,MTR000053,96,94,0.984
USR00416,2026-05-10,MP000053,MTR000053,96,91,0.9456
USR00416,2026-05-09,MP000053,MTR000053,96,95,0.989
USR00416,2026-05-08,MP000053,MTR000053,96,90,0.9398
USR00416,2026-05-07,MP000053,MTR000053,96,91,0.9491
USR00416,2026-05-06,MP000053,MTR000053,96,93,0.9737
USR00416,2026-05-05,MP000053,MTR000053,96,90,0.9338
USR00416,2026-05-04,MP000053,MTR000053,96,90,0.94
USR00416,2026-05-03,MP000053,MTR000053,96,96,1.0
USR00416,2026-05-02,MP000053,MTR000053,96,96,1.0
USR00416,2026-05-01,MP000053,MTR000053,96,96,1.0
USR00416,2026-04-30,MP000053,MTR000053,96,94,0.9824
USR00416,2026-04-29,MP000053,MTR000053,96,95,0.9883
USR00416,2026-04-28,MP000053,MTR000053,96,93,0.9643
USR00416,2026-04-27,MP000053,MTR000053,96,92,0.9584
USR00416,2026-04-26,MP000053,MTR000053,96,96,0.9951
USR00416,2026-04-25,MP000053,MTR000053,96,96,1.0
USR00416,2026-04-24,MP000053,MTR000053,96,95,0.9925
USR00416,2026-04-23,MP000053,MTR000053,96,91,0.9437
USR00417,2026-05-22,MP000063,MTR000063,96,93,0.969
USR00417,2026-05-21,MP000063,MTR000063,96,94,0.9824
USR00417,2026-05-20,MP000063,MTR000063,96,96,1.0
USR00417,2026-05-19,MP000063,MTR000063,96,92,0.9561
USR00417,2026-05-18,MP000063,MTR000063,96,96,1.0
USR00417,2026-05-17,MP000063,MTR000063,96,96,1.0
USR00417,2026-05-16,MP000063,MTR000063,96,94,0.9781
USR00417,2026-05-15,MP000063,MTR000063,96,95,0.9941
USR00417,2026-05-14,MP000063,MTR000063,96,93,0.9715
USR00417,2026-05-13,MP000063,MTR000063,96,94,0.9757
USR00417,2026-05-12,MP000063,MTR000063,96,95,0.9943
USR00417,2026-05-11,MP000063,MTR000063,96,94,0.9822
USR00417,2026-05-10,MP000063,MTR000063,96,93,0.9641
USR00417,2026-05-09,MP000063,MTR000063,96,95,0.9855
USR00417,2026-05-08,MP000063,MTR000063,96,91,0.9527
USR00417,2026-05-07,MP000063,MTR000063,96,92,0.9539
USR00417,2026-05-06,MP000063,MTR000063,96,92,0.9536
USR00417,2026-05-05,MP000063,MTR000063,96,96,1.0
USR00417,2026-05-04,MP000063,MTR000063,96,96,1.0
USR00417,2026-05-03,MP000063,MTR000063,96,96,1.0
USR00417,2026-05-02,MP000063,MTR000063,96,95,0.9924
USR00417,2026-05-01,MP000063,MTR000063,96,96,1.0
USR00417,2026-04-30,MP000063,MTR000063,96,96,1.0
USR00417,2026-04-29,MP000063,MTR000063,96,96,1.0
USR00417,2026-04-28,MP000063,MTR000063,96,96,1.0
USR00417,2026-04-27,MP000063,MTR000063,96,95,0.991
USR00417,2026-04-26,MP000063,MTR000063,96,96,1.0
USR00417,2026-04-25,MP000063,MTR000063,96,96,1.0
USR00417,2026-04-24,MP000063,MTR000063,96,93,0.9641
USR00417,2026-04-23,MP000063,MTR000063,96,95,0.9934
USR00418,2026-05-22,MP000284,MTR000284,96,93,0.9636
USR00418,2026-05-21,MP000284,MTR000284,96,92,0.9591
USR00418,2026-05-20,MP000284,MTR000284,96,92,0.9573
USR00418,2026-05-19,MP000284,MTR000284,96,92,0.9553
USR00418,2026-05-18,MP000284,MTR000284,96,94,0.9828
USR00418,2026-05-17,MP000284,MTR000284,96,90,0.9409
USR00418,2026-05-16,MP000284,MTR000284,96,96,1.0
USR00418,2026-05-15,MP000284,MTR000284,96,95,0.9845
USR00418,2026-05-14,MP000284,MTR000284,96,91,0.9434
USR00418,2026-05-13,MP000284,MTR000284,96,95,0.9869
USR00418,2026-05-12,MP000284,MTR000284,96,96,0.9973
USR00418,2026-05-11,MP000284,MTR000284,96,94,0.9786
USR00418,2026-05-10,MP000284,MTR000284,96,90,0.9373
USR00418,2026-05-09,MP000284,MTR000284,96,96,1.0
USR00418,2026-05-08,MP000284,MTR000284,96,95,0.9867
USR00418,2026-05-07,MP000284,MTR000284,96,89,0.9301
USR00418,2026-05-06,MP000284,MTR000284,96,93,0.9738
USR00418,2026-05-05,MP000284,MTR000284,96,92,0.9609
USR00418,2026-05-04,MP000284,MTR000284,96,93,0.9677
USR00418,2026-05-03,MP000284,MTR000284,96,89,0.9317
USR00418,2026-05-02,MP000284,MTR000284,96,93,0.9691
USR00418,2026-05-01,MP000284,MTR000284,96,90,0.9426
USR00418,2026-04-30,MP000284,MTR000284,96,92,0.957
USR00418,2026-04-29,MP000284,MTR000284,96,94,0.9791
USR00418,2026-04-28,MP000284,MTR000284,96,92,0.9532
USR00418,2026-04-27,MP000284,MTR000284,96,92,0.9588
USR00418,2026-04-26,MP000284,MTR000284,96,95,0.9921
USR00418,2026-04-25,MP000284,MTR000284,96,90,0.9408
USR00418,2026-04-24,MP000284,MTR000284,96,91,0.948
USR00418,2026-04-23,MP000284,MTR000284,96,89,0.9299
USR00419,2026-05-22,,,96,90,0.9382
USR00419,2026-05-21,,,96,92,0.9535
USR00419,2026-05-20,,,96,87,0.9101
USR00419,2026-05-19,,,96,91,0.9526
USR00419,2026-05-18,,,96,90,0.9375
USR00419,2026-05-17,,,96,86,0.8928
USR00419,2026-05-16,,,96,90,0.9395
USR00419,2026-05-15,,,96,93,0.9701
USR00419,2026-05-14,,,96,84,0.8775
USR00419,2026-05-13,,,96,95,0.9945
USR00419,2026-05-12,,,96,88,0.916
USR00419,2026-05-11,,,96,85,0.8848
USR00419,2026-05-10,,,96,90,0.9385
USR00419,2026-05-09,,,96,92,0.9592
USR00419,2026-05-08,,,96,89,0.9259
USR00419,2026-05-07,,,96,91,0.9437
USR00419,2026-05-06,,,96,96,0.9979
USR00419,2026-05-05,,,96,90,0.9405
USR00419,2026-05-04,,,96,96,1.0
USR00419,2026-05-03,,,96,93,0.9722
USR00419,2026-05-02,,,96,90,0.9359
USR00419,2026-05-01,,,96,91,0.9431
USR00419,2026-04-30,,,96,89,0.9247
USR00419,2026-04-29,,,96,90,0.9418
USR00419,2026-04-28,,,96,91,0.9512
USR00419,2026-04-27,,,96,89,0.9222
USR00419,2026-04-26,,,96,86,0.8929
USR00419,2026-04-25,,,96,93,0.9739
USR00419,2026-04-24,,,96,92,0.9635
USR00419,2026-04-23,,,96,86,0.8918
USR00420,2026-05-22,MP000018,MTR000018,96,93,0.9723
USR00420,2026-05-21,MP000018,MTR000018,96,93,0.9692
USR00420,2026-05-20,MP000018,MTR000018,96,88,0.9207
USR00420,2026-05-19,MP000018,MTR000018,96,93,0.971
USR00420,2026-05-18,MP000018,MTR000018,96,90,0.942
USR00420,2026-05-17,MP000018,MTR000018,96,92,0.9532
USR00420,2026-05-16,MP000018,MTR000018,96,88,0.9139
USR00420,2026-05-15,MP000018,MTR000018,96,78,0.8138
USR00420,2026-05-14,MP000018,MTR000018,96,88,0.9182
USR00420,2026-05-13,MP000018,MTR000018,96,92,0.9576
USR00420,2026-05-12,MP000018,MTR000018,96,90,0.9353
USR00420,2026-05-11,MP000018,MTR000018,96,92,0.961
USR00420,2026-05-10,MP000018,MTR000018,96,94,0.9747
USR00420,2026-05-09,MP000018,MTR000018,96,89,0.9316
USR00420,2026-05-08,MP000018,MTR000018,96,89,0.9286
USR00420,2026-05-07,MP000018,MTR000018,96,84,0.8759
USR00420,2026-05-06,MP000018,MTR000018,96,86,0.8951
USR00420,2026-05-05,MP000018,MTR000018,96,87,0.9013
USR00420,2026-05-04,MP000018,MTR000018,96,92,0.9582
USR00420,2026-05-03,MP000018,MTR000018,96,89,0.9319
USR00420,2026-05-02,MP000018,MTR000018,96,89,0.9255
USR00420,2026-05-01,MP000018,MTR000018,96,89,0.922
USR00420,2026-04-30,MP000018,MTR000018,96,88,0.9181
USR00420,2026-04-29,MP000018,MTR000018,96,93,0.9692
USR00420,2026-04-28,MP000018,MTR000018,96,91,0.9443
USR00420,2026-04-27,MP000018,MTR000018,96,93,0.9712
USR00420,2026-04-26,MP000018,MTR000018,96,84,0.8757
USR00420,2026-04-25,MP000018,MTR000018,96,92,0.9575
USR00420,2026-04-24,MP000018,MTR000018,96,89,0.927
USR00420,2026-04-23,MP000018,MTR000018,96,90,0.9331
USR00421,2026-05-22,,,96,95,0.9872
USR00421,2026-05-21,,,96,96,1.0
USR00421,2026-05-20,,,96,93,0.9683
USR00421,2026-05-19,,,96,96,0.9999
USR00421,2026-05-18,,,96,91,0.9511
USR00421,2026-05-17,,,96,96,0.9971
USR00421,2026-05-16,,,96,96,1.0
USR00421,2026-05-15,,,96,96,1.0
USR00421,2026-05-14,,,96,94,0.9743
USR00421,2026-05-13,,,96,94,0.983
USR00421,2026-05-12,,,96,94,0.9795
USR00421,2026-05-11,,,96,95,0.9912
USR00421,2026-05-10,,,96,93,0.9699
USR00421,2026-05-09,,,96,90,0.9341
USR00421,2026-05-08,,,96,93,0.9676
USR00421,2026-05-07,,,96,96,0.9974
USR00421,2026-05-06,,,96,95,0.9944
USR00421,2026-05-05,,,96,96,1.0
USR00421,2026-05-04,,,96,96,1.0
USR00421,2026-05-03,,,96,95,0.9854
USR00421,2026-05-02,,,96,91,0.9513
USR00421,2026-05-01,,,96,96,1.0
USR00421,2026-04-30,,,96,96,0.9986
USR00421,2026-04-29,,,96,95,0.9911
USR00421,2026-04-28,,,96,96,1.0
USR00421,2026-04-27,,,96,96,1.0
USR00421,2026-04-26,,,96,96,1.0
USR00421,2026-04-25,,,96,96,1.0
USR00421,2026-04-24,,,96,96,1.0
USR00421,2026-04-23,,,96,94,0.9782
USR00422,2026-05-22,MP000292,MTR000292,96,88,0.9191
USR00422,2026-05-21,MP000292,MTR000292,96,86,0.8908
USR00422,2026-05-20,MP000292,MTR000292,96,89,0.9248
USR00422,2026-05-19,MP000292,MTR000292,96,89,0.929
USR00422,2026-05-18,MP000292,MTR000292,96,89,0.9241
USR00422,2026-05-17,MP000292,MTR000292,96,88,0.9153
USR00422,2026-05-16,MP000292,MTR000292,96,94,0.9757
USR00422,2026-05-15,MP000292,MTR000292,96,92,0.9544
USR00422,2026-05-14,MP000292,MTR000292,96,89,0.9232
USR00422,2026-05-13,MP000292,MTR000292,96,89,0.9289
USR00422,2026-05-12,MP000292,MTR000292,96,93,0.9674
USR00422,2026-05-11,MP000292,MTR000292,96,87,0.9086
USR00422,2026-05-10,MP000292,MTR000292,96,86,0.8972
USR00422,2026-05-09,MP000292,MTR000292,96,90,0.9329
USR00422,2026-05-08,MP000292,MTR000292,96,90,0.9386
USR00422,2026-05-07,MP000292,MTR000292,96,90,0.9408
USR00422,2026-05-06,MP000292,MTR000292,96,91,0.951
USR00422,2026-05-05,MP000292,MTR000292,96,87,0.9042
USR00422,2026-05-04,MP000292,MTR000292,96,85,0.8839
USR00422,2026-05-03,MP000292,MTR000292,96,87,0.9086
USR00422,2026-05-02,MP000292,MTR000292,96,91,0.9436
USR00422,2026-05-01,MP000292,MTR000292,96,86,0.8985
USR00422,2026-04-30,MP000292,MTR000292,96,83,0.8681
USR00422,2026-04-29,MP000292,MTR000292,96,89,0.9305
USR00422,2026-04-28,MP000292,MTR000292,96,87,0.9091
USR00422,2026-04-27,MP000292,MTR000292,96,84,0.8743
USR00422,2026-04-26,MP000292,MTR000292,96,89,0.9284
USR00422,2026-04-25,MP000292,MTR000292,96,88,0.9145
USR00422,2026-04-24,MP000292,MTR000292,96,94,0.9764
USR00422,2026-04-23,MP000292,MTR000292,96,89,0.9288
USR00423,2026-05-22,,,96,89,0.9223
USR00423,2026-05-21,,,96,87,0.9049
USR00423,2026-05-20,,,96,87,0.9082
USR00423,2026-05-19,,,96,92,0.9553
USR00423,2026-05-18,,,96,91,0.9453
USR00423,2026-05-17,,,96,84,0.8782
USR00423,2026-05-16,,,96,85,0.8854
USR00423,2026-05-15,,,96,85,0.8871
USR00423,2026-05-14,,,96,92,0.9547
USR00423,2026-05-13,,,96,84,0.8709
USR00423,2026-05-12,,,96,91,0.9465
USR00423,2026-05-11,,,96,90,0.9348
USR00423,2026-05-10,,,96,89,0.9273
USR00423,2026-05-09,,,96,87,0.9087
USR00423,2026-05-08,,,96,92,0.9585
USR00423,2026-05-07,,,96,89,0.9263
USR00423,2026-05-06,,,96,84,0.8795
USR00423,2026-05-05,,,96,85,0.8865
USR00423,2026-05-04,,,96,84,0.8735
USR00423,2026-05-03,,,96,92,0.9589
USR00423,2026-05-02,,,96,93,0.9656
USR00423,2026-05-01,,,96,92,0.9555
USR00423,2026-04-30,,,96,88,0.9186
USR00423,2026-04-29,,,96,84,0.8801
USR00423,2026-04-28,,,96,86,0.8912
USR00423,2026-04-27,,,96,86,0.8932
USR00423,2026-04-26,,,96,88,0.9215
USR00423,2026-04-25,,,96,93,0.9645
USR00423,2026-04-24,,,96,93,0.9644
USR00423,2026-04-23,,,96,87,0.9082
USR00424,2026-05-22,,,96,93,0.9641
USR00424,2026-05-21,,,96,96,1.0
USR00424,2026-05-20,,,96,96,1.0
USR00424,2026-05-19,,,96,95,0.9885
USR00424,2026-05-18,,,96,95,0.9864
USR00424,2026-05-17,,,96,94,0.9766
USR00424,2026-05-16,,,96,92,0.963
USR00424,2026-05-15,,,96,96,1.0
USR00424,2026-05-14,,,96,96,1.0
USR00424,2026-05-13,,,96,94,0.9745
USR00424,2026-05-12,,,96,91,0.9465
USR00424,2026-05-11,,,96,96,1.0
USR00424,2026-05-10,,,96,95,0.9947
USR00424,2026-05-09,,,96,96,1.0
USR00424,2026-05-08,,,96,96,1.0
USR00424,2026-05-07,,,96,93,0.9641
USR00424,2026-05-06,,,96,96,1.0
USR00424,2026-05-05,,,96,95,0.9886
USR00424,2026-05-04,,,96,96,1.0
USR00424,2026-05-03,,,96,95,0.9913
USR00424,2026-05-02,,,96,96,1.0
USR00424,2026-05-01,,,96,89,0.9283
USR00424,2026-04-30,,,96,96,1.0
USR00424,2026-04-29,,,96,94,0.9742
USR00424,2026-04-28,,,96,96,1.0
USR00424,2026-04-27,,,96,96,1.0
USR00424,2026-04-26,,,96,94,0.9751
USR00424,2026-04-25,,,96,93,0.9704
USR00424,2026-04-24,,,96,95,0.988
USR00424,2026-04-23,,,96,95,0.9861
USR00425,2026-05-22,MP000245,MTR000245,96,90,0.9406
USR00425,2026-05-21,MP000245,MTR000245,96,90,0.9422
USR00425,2026-05-20,MP000245,MTR000245,96,91,0.9513
USR00425,2026-05-19,MP000245,MTR000245,96,88,0.9129
USR00425,2026-05-18,MP000245,MTR000245,96,87,0.9091
USR00425,2026-05-17,MP000245,MTR000245,96,90,0.9339
USR00425,2026-05-16,MP000245,MTR000245,96,89,0.9301
USR00425,2026-05-15,MP000245,MTR000245,96,89,0.9307
USR00425,2026-05-14,MP000245,MTR000245,96,88,0.9162
USR00425,2026-05-13,MP000245,MTR000245,96,91,0.9474
USR00425,2026-05-12,MP000245,MTR000245,96,87,0.9092
USR00425,2026-05-11,MP000245,MTR000245,96,90,0.9338
USR00425,2026-05-10,MP000245,MTR000245,96,89,0.9283
USR00425,2026-05-09,MP000245,MTR000245,96,90,0.9365
USR00425,2026-05-08,MP000245,MTR000245,96,93,0.973
USR00425,2026-05-07,MP000245,MTR000245,96,86,0.898
USR00425,2026-05-06,MP000245,MTR000245,96,83,0.8657
USR00425,2026-05-05,MP000245,MTR000245,96,88,0.9196
USR00425,2026-05-04,MP000245,MTR000245,96,87,0.9029
USR00425,2026-05-03,MP000245,MTR000245,96,81,0.8471
USR00425,2026-05-02,MP000245,MTR000245,96,95,0.9899
USR00425,2026-05-01,MP000245,MTR000245,96,92,0.9543
USR00425,2026-04-30,MP000245,MTR000245,96,92,0.9575
USR00425,2026-04-29,MP000245,MTR000245,96,89,0.9289
USR00425,2026-04-28,MP000245,MTR000245,96,91,0.9501
USR00425,2026-04-27,MP000245,MTR000245,96,89,0.9248
USR00425,2026-04-26,MP000245,MTR000245,96,92,0.9619
USR00425,2026-04-25,MP000245,MTR000245,96,91,0.9431
USR00425,2026-04-24,MP000245,MTR000245,96,90,0.9364
USR00425,2026-04-23,MP000245,MTR000245,96,90,0.9386
USR00426,2026-05-22,MP000533,MTR000533,96,96,1.0
USR00426,2026-05-21,MP000533,MTR000533,96,93,0.9653
USR00426,2026-05-20,MP000533,MTR000533,96,96,1.0
USR00426,2026-05-19,MP000533,MTR000533,96,96,1.0
USR00426,2026-05-18,MP000533,MTR000533,96,95,0.9919
USR00426,2026-05-17,MP000533,MTR000533,96,95,0.9946
USR00426,2026-05-16,MP000533,MTR000533,96,93,0.9642
USR00426,2026-05-15,MP000533,MTR000533,96,96,0.9991
USR00426,2026-05-14,MP000533,MTR000533,96,92,0.9598
USR00426,2026-05-13,MP000533,MTR000533,96,95,0.9887
USR00426,2026-05-12,MP000533,MTR000533,96,94,0.9761
USR00426,2026-05-11,MP000533,MTR000533,96,96,1.0
USR00426,2026-05-10,MP000533,MTR000533,96,96,1.0
USR00426,2026-05-09,MP000533,MTR000533,96,92,0.9619
USR00426,2026-05-08,MP000533,MTR000533,96,96,0.9961
USR00426,2026-05-07,MP000533,MTR000533,96,95,0.9869
USR00426,2026-05-06,MP000533,MTR000533,96,96,1.0
USR00426,2026-05-05,MP000533,MTR000533,96,96,0.9991
USR00426,2026-05-04,MP000533,MTR000533,96,95,0.9846
USR00426,2026-05-03,MP000533,MTR000533,96,96,0.999
USR00426,2026-05-02,MP000533,MTR000533,96,95,0.9898
USR00426,2026-05-01,MP000533,MTR000533,96,96,1.0
USR00426,2026-04-30,MP000533,MTR000533,96,93,0.9724
USR00426,2026-04-29,MP000533,MTR000533,96,96,1.0
USR00426,2026-04-28,MP000533,MTR000533,96,96,1.0
USR00426,2026-04-27,MP000533,MTR000533,96,96,1.0
USR00426,2026-04-26,MP000533,MTR000533,96,95,0.9873
USR00426,2026-04-25,MP000533,MTR000533,96,96,1.0
USR00426,2026-04-24,MP000533,MTR000533,96,90,0.9335
USR00426,2026-04-23,MP000533,MTR000533,96,92,0.9634
USR00427,2026-05-22,,,96,88,0.9204
USR00427,2026-05-21,,,96,88,0.9187
USR00427,2026-05-20,,,96,90,0.9328
USR00427,2026-05-19,,,96,89,0.9233
USR00427,2026-05-18,,,96,93,0.966
USR00427,2026-05-17,,,96,94,0.974
USR00427,2026-05-16,,,96,91,0.9495
USR00427,2026-05-15,,,96,94,0.9785
USR00427,2026-05-14,,,96,87,0.9052
USR00427,2026-05-13,,,96,91,0.9491
USR00427,2026-05-12,,,96,95,0.9873
USR00427,2026-05-11,,,96,94,0.9761
USR00427,2026-05-10,,,96,95,0.9899
USR00427,2026-05-09,,,96,89,0.9291
USR00427,2026-05-08,,,96,94,0.9744
USR00427,2026-05-07,,,96,90,0.934
USR00427,2026-05-06,,,96,93,0.9647
USR00427,2026-05-05,,,96,95,0.9862
USR00427,2026-05-04,,,96,89,0.923
USR00427,2026-05-03,,,96,86,0.8912
USR00427,2026-05-02,,,96,96,1.0
USR00427,2026-05-01,,,96,92,0.9615
USR00427,2026-04-30,,,96,91,0.9436
USR00427,2026-04-29,,,96,90,0.942
USR00427,2026-04-28,,,96,85,0.884
USR00427,2026-04-27,,,96,91,0.9531
USR00427,2026-04-26,,,96,89,0.9309
USR00427,2026-04-25,,,96,91,0.9484
USR00427,2026-04-24,,,96,91,0.9477
USR00427,2026-04-23,,,96,81,0.8455
USR00428,2026-05-22,,,96,93,0.9721
USR00428,2026-05-21,,,96,94,0.9761
USR00428,2026-05-20,,,96,92,0.9609
USR00428,2026-05-19,,,96,93,0.9679
USR00428,2026-05-18,,,96,93,0.9716
USR00428,2026-05-17,,,96,94,0.9747
USR00428,2026-05-16,,,96,94,0.9807
USR00428,2026-05-15,,,96,94,0.9749
USR00428,2026-05-14,,,96,96,1.0
USR00428,2026-05-13,,,96,91,0.9447
USR00428,2026-05-12,,,96,92,0.9552
USR00428,2026-05-11,,,96,96,1.0
USR00428,2026-05-10,,,96,92,0.9618
USR00428,2026-05-09,,,96,95,0.9944
USR00428,2026-05-08,,,96,93,0.9705
USR00428,2026-05-07,,,96,92,0.9596
USR00428,2026-05-06,,,96,96,0.996
USR00428,2026-05-05,,,96,94,0.982
USR00428,2026-05-04,,,96,88,0.9204
USR00428,2026-05-03,,,96,93,0.9716
USR00428,2026-05-02,,,96,90,0.9366
USR00428,2026-05-01,,,96,96,1.0
USR00428,2026-04-30,,,96,96,1.0
USR00428,2026-04-29,,,96,96,1.0
USR00428,2026-04-28,,,96,94,0.9772
USR00428,2026-04-27,,,96,91,0.9526
USR00428,2026-04-26,,,96,94,0.9761
USR00428,2026-04-25,,,96,90,0.9383
USR00428,2026-04-24,,,96,96,1.0
USR00428,2026-04-23,,,96,96,1.0
USR00429,2026-05-22,MP000541,MTR000541,96,91,0.9517
USR00429,2026-05-21,MP000541,MTR000541,96,87,0.9071
USR00429,2026-05-20,MP000541,MTR000541,96,85,0.8886
USR00429,2026-05-19,MP000541,MTR000541,96,82,0.8554
USR00429,2026-05-18,MP000541,MTR000541,96,89,0.9243
USR00429,2026-05-17,MP000541,MTR000541,96,88,0.9156
USR00429,2026-05-16,MP000541,MTR000541,96,90,0.9374
USR00429,2026-05-15,MP000541,MTR000541,96,89,0.9222
USR00429,2026-05-14,MP000541,MTR000541,96,90,0.936
USR00429,2026-05-13,MP000541,MTR000541,96,91,0.9461
USR00429,2026-05-12,MP000541,MTR000541,96,84,0.878
USR00429,2026-05-11,MP000541,MTR000541,96,91,0.9479
USR00429,2026-05-10,MP000541,MTR000541,96,87,0.9096
USR00429,2026-05-09,MP000541,MTR000541,96,90,0.9373
USR00429,2026-05-08,MP000541,MTR000541,96,91,0.9525
USR00429,2026-05-07,MP000541,MTR000541,96,91,0.9527
USR00429,2026-05-06,MP000541,MTR000541,96,89,0.9257
USR00429,2026-05-05,MP000541,MTR000541,96,89,0.9272
USR00429,2026-05-04,MP000541,MTR000541,96,91,0.9486
USR00429,2026-05-03,MP000541,MTR000541,96,84,0.8768
USR00429,2026-05-02,MP000541,MTR000541,96,86,0.8933
USR00429,2026-05-01,MP000541,MTR000541,96,88,0.9134
USR00429,2026-04-30,MP000541,MTR000541,96,85,0.8818
USR00429,2026-04-29,MP000541,MTR000541,96,88,0.9137
USR00429,2026-04-28,MP000541,MTR000541,96,88,0.912
USR00429,2026-04-27,MP000541,MTR000541,96,89,0.9244
USR00429,2026-04-26,MP000541,MTR000541,96,88,0.9201
USR00429,2026-04-25,MP000541,MTR000541,96,92,0.9539
USR00429,2026-04-24,MP000541,MTR000541,96,90,0.939
USR00429,2026-04-23,MP000541,MTR000541,96,88,0.9197
USR00430,2026-05-22,MP000466,MTR000466,96,90,0.9425
USR00430,2026-05-21,MP000466,MTR000466,96,91,0.943
USR00430,2026-05-20,MP000466,MTR000466,96,96,1.0
USR00430,2026-05-19,MP000466,MTR000466,96,86,0.9002
USR00430,2026-05-18,MP000466,MTR000466,96,88,0.9161
USR00430,2026-05-17,MP000466,MTR000466,96,88,0.9117
USR00430,2026-05-16,MP000466,MTR000466,96,91,0.952
USR00430,2026-05-15,MP000466,MTR000466,96,91,0.9508
USR00430,2026-05-14,MP000466,MTR000466,96,89,0.9267
USR00430,2026-05-13,MP000466,MTR000466,96,93,0.9708
USR00430,2026-05-12,MP000466,MTR000466,96,92,0.955
USR00430,2026-05-11,MP000466,MTR000466,96,93,0.972
USR00430,2026-05-10,MP000466,MTR000466,96,94,0.98
USR00430,2026-05-09,MP000466,MTR000466,96,84,0.88
USR00430,2026-05-08,MP000466,MTR000466,96,93,0.9645
USR00430,2026-05-07,MP000466,MTR000466,96,87,0.9052
USR00430,2026-05-06,MP000466,MTR000466,96,91,0.9514
USR00430,2026-05-05,MP000466,MTR000466,96,90,0.9417
USR00430,2026-05-04,MP000466,MTR000466,96,91,0.943
USR00430,2026-05-03,MP000466,MTR000466,96,87,0.9078
USR00430,2026-05-02,MP000466,MTR000466,96,94,0.9748
USR00430,2026-05-01,MP000466,MTR000466,96,87,0.9052
USR00430,2026-04-30,MP000466,MTR000466,96,93,0.9664
USR00430,2026-04-29,MP000466,MTR000466,96,86,0.9009
USR00430,2026-04-28,MP000466,MTR000466,96,91,0.9434
USR00430,2026-04-27,MP000466,MTR000466,96,96,0.998
USR00430,2026-04-26,MP000466,MTR000466,96,96,1.0
USR00430,2026-04-25,MP000466,MTR000466,96,86,0.8953
USR00430,2026-04-24,MP000466,MTR000466,96,89,0.9228
USR00430,2026-04-23,MP000466,MTR000466,96,89,0.9282
USR00431,2026-05-22,MP000374,MTR000374,96,95,0.9847
USR00431,2026-05-21,MP000374,MTR000374,96,96,1.0
USR00431,2026-05-20,MP000374,MTR000374,96,96,0.9958
USR00431,2026-05-19,MP000374,MTR000374,96,91,0.9508
USR00431,2026-05-18,MP000374,MTR000374,96,89,0.931
USR00431,2026-05-17,MP000374,MTR000374,96,93,0.9684
USR00431,2026-05-16,MP000374,MTR000374,96,96,1.0
USR00431,2026-05-15,MP000374,MTR000374,96,95,0.9945
USR00431,2026-05-14,MP000374,MTR000374,96,96,1.0
USR00431,2026-05-13,MP000374,MTR000374,96,91,0.9442
USR00431,2026-05-12,MP000374,MTR000374,96,94,0.977
USR00431,2026-05-11,MP000374,MTR000374,96,96,1.0
USR00431,2026-05-10,MP000374,MTR000374,96,92,0.9541
USR00431,2026-05-09,MP000374,MTR000374,96,95,0.9849
USR00431,2026-05-08,MP000374,MTR000374,96,92,0.9604
USR00431,2026-05-07,MP000374,MTR000374,96,96,1.0
USR00431,2026-05-06,MP000374,MTR000374,96,96,0.9987
USR00431,2026-05-05,MP000374,MTR000374,96,96,1.0
USR00431,2026-05-04,MP000374,MTR000374,96,96,1.0
USR00431,2026-05-03,MP000374,MTR000374,96,94,0.98
USR00431,2026-05-02,MP000374,MTR000374,96,96,1.0
USR00431,2026-05-01,MP000374,MTR000374,96,93,0.9691
USR00431,2026-04-30,MP000374,MTR000374,96,96,1.0
USR00431,2026-04-29,MP000374,MTR000374,96,89,0.9277
USR00431,2026-04-28,MP000374,MTR000374,96,93,0.9644
USR00431,2026-04-27,MP000374,MTR000374,96,96,1.0
USR00431,2026-04-26,MP000374,MTR000374,96,96,1.0
USR00431,2026-04-25,MP000374,MTR000374,96,96,1.0
USR00431,2026-04-24,MP000374,MTR000374,96,92,0.9621
USR00431,2026-04-23,MP000374,MTR000374,96,92,0.954
USR00432,2026-05-22,MP000260,MTR000260,96,91,0.9494
USR00432,2026-05-21,MP000260,MTR000260,96,96,1.0
USR00432,2026-05-20,MP000260,MTR000260,96,94,0.982
USR00432,2026-05-19,MP000260,MTR000260,96,92,0.9547
USR00432,2026-05-18,MP000260,MTR000260,96,92,0.9534
USR00432,2026-05-17,MP000260,MTR000260,96,94,0.9741
USR00432,2026-05-16,MP000260,MTR000260,96,88,0.9118
USR00432,2026-05-15,MP000260,MTR000260,96,86,0.8938
USR00432,2026-05-14,MP000260,MTR000260,96,93,0.9737
USR00432,2026-05-13,MP000260,MTR000260,96,92,0.9536
USR00432,2026-05-12,MP000260,MTR000260,96,88,0.912
USR00432,2026-05-11,MP000260,MTR000260,96,85,0.8885
USR00432,2026-05-10,MP000260,MTR000260,96,94,0.9782
USR00432,2026-05-09,MP000260,MTR000260,96,90,0.9357
USR00432,2026-05-08,MP000260,MTR000260,96,92,0.9634
USR00432,2026-05-07,MP000260,MTR000260,96,91,0.9435
USR00432,2026-05-06,MP000260,MTR000260,96,91,0.9504
USR00432,2026-05-05,MP000260,MTR000260,96,90,0.9336
USR00432,2026-05-04,MP000260,MTR000260,96,91,0.9491
USR00432,2026-05-03,MP000260,MTR000260,96,93,0.9687
USR00432,2026-05-02,MP000260,MTR000260,96,91,0.9431
USR00432,2026-05-01,MP000260,MTR000260,96,90,0.9414
USR00432,2026-04-30,MP000260,MTR000260,96,93,0.9696
USR00432,2026-04-29,MP000260,MTR000260,96,93,0.9716
USR00432,2026-04-28,MP000260,MTR000260,96,88,0.9173
USR00432,2026-04-27,MP000260,MTR000260,96,91,0.9505
USR00432,2026-04-26,MP000260,MTR000260,96,90,0.9357
USR00432,2026-04-25,MP000260,MTR000260,96,91,0.9518
USR00432,2026-04-24,MP000260,MTR000260,96,95,0.9944
USR00432,2026-04-23,MP000260,MTR000260,96,92,0.9622
USR00433,2026-05-22,MP000123,MTR000123,96,92,0.9565
USR00433,2026-05-21,MP000123,MTR000123,96,91,0.9449
USR00433,2026-05-20,MP000123,MTR000123,96,91,0.9493
USR00433,2026-05-19,MP000123,MTR000123,96,92,0.9542
USR00433,2026-05-18,MP000123,MTR000123,96,92,0.9596
USR00433,2026-05-17,MP000123,MTR000123,96,88,0.9201
USR00433,2026-05-16,MP000123,MTR000123,96,91,0.9429
USR00433,2026-05-15,MP000123,MTR000123,96,89,0.9282
USR00433,2026-05-14,MP000123,MTR000123,96,94,0.9808
USR00433,2026-05-13,MP000123,MTR000123,96,86,0.8921
USR00433,2026-05-12,MP000123,MTR000123,96,92,0.9546
USR00433,2026-05-11,MP000123,MTR000123,96,87,0.9043
USR00433,2026-05-10,MP000123,MTR000123,96,92,0.9629
USR00433,2026-05-09,MP000123,MTR000123,96,90,0.9379
USR00433,2026-05-08,MP000123,MTR000123,96,86,0.8954
USR00433,2026-05-07,MP000123,MTR000123,96,94,0.9782
USR00433,2026-05-06,MP000123,MTR000123,96,84,0.8744
USR00433,2026-05-05,MP000123,MTR000123,96,91,0.9489
USR00433,2026-05-04,MP000123,MTR000123,96,93,0.9706
USR00433,2026-05-03,MP000123,MTR000123,96,95,0.9912
USR00433,2026-05-02,MP000123,MTR000123,96,87,0.9016
USR00433,2026-05-01,MP000123,MTR000123,96,90,0.9344
USR00433,2026-04-30,MP000123,MTR000123,96,94,0.9824
USR00433,2026-04-29,MP000123,MTR000123,96,95,0.9844
USR00433,2026-04-28,MP000123,MTR000123,96,95,0.9883
USR00433,2026-04-27,MP000123,MTR000123,96,96,1.0
USR00433,2026-04-26,MP000123,MTR000123,96,90,0.9346
USR00433,2026-04-25,MP000123,MTR000123,96,92,0.9611
USR00433,2026-04-24,MP000123,MTR000123,96,90,0.9395
USR00433,2026-04-23,MP000123,MTR000123,96,86,0.8906
USR00434,2026-05-22,MP000345,MTR000345,96,85,0.8815
USR00434,2026-05-21,MP000345,MTR000345,96,89,0.9257
USR00434,2026-05-20,MP000345,MTR000345,96,86,0.8973
USR00434,2026-05-19,MP000345,MTR000345,96,92,0.9545
USR00434,2026-05-18,MP000345,MTR000345,96,88,0.918
USR00434,2026-05-17,MP000345,MTR000345,96,85,0.8878
USR00434,2026-05-16,MP000345,MTR000345,96,93,0.9673
USR00434,2026-05-15,MP000345,MTR000345,96,89,0.9232
USR00434,2026-05-14,MP000345,MTR000345,96,89,0.9283
USR00434,2026-05-13,MP000345,MTR000345,96,88,0.912
USR00434,2026-05-12,MP000345,MTR000345,96,94,0.9758
USR00434,2026-05-11,MP000345,MTR000345,96,91,0.9494
USR00434,2026-05-10,MP000345,MTR000345,96,89,0.9229
USR00434,2026-05-09,MP000345,MTR000345,96,85,0.8839
USR00434,2026-05-08,MP000345,MTR000345,96,96,1.0
USR00434,2026-05-07,MP000345,MTR000345,96,96,1.0
USR00434,2026-05-06,MP000345,MTR000345,96,95,0.9846
USR00434,2026-05-05,MP000345,MTR000345,96,88,0.9202
USR00434,2026-05-04,MP000345,MTR000345,96,89,0.9263
USR00434,2026-05-03,MP000345,MTR000345,96,92,0.9533
USR00434,2026-05-02,MP000345,MTR000345,96,88,0.9145
USR00434,2026-05-01,MP000345,MTR000345,96,88,0.9116
USR00434,2026-04-30,MP000345,MTR000345,96,95,0.9851
USR00434,2026-04-29,MP000345,MTR000345,96,90,0.9397
USR00434,2026-04-28,MP000345,MTR000345,96,87,0.9077
USR00434,2026-04-27,MP000345,MTR000345,96,93,0.9699
USR00434,2026-04-26,MP000345,MTR000345,96,89,0.9241
USR00434,2026-04-25,MP000345,MTR000345,96,85,0.8819
USR00434,2026-04-24,MP000345,MTR000345,96,87,0.9073
USR00434,2026-04-23,MP000345,MTR000345,96,89,0.9258
USR00435,2026-05-22,,,96,96,0.9969
USR00435,2026-05-21,,,96,96,1.0
USR00435,2026-05-20,,,96,95,0.9846
USR00435,2026-05-19,,,96,94,0.9777
USR00435,2026-05-18,,,96,96,1.0
USR00435,2026-05-17,,,96,96,1.0
USR00435,2026-05-16,,,96,95,0.9853
USR00435,2026-05-15,,,96,96,1.0
USR00435,2026-05-14,,,96,94,0.9774
USR00435,2026-05-13,,,96,92,0.9568
USR00435,2026-05-12,,,96,96,1.0
USR00435,2026-05-11,,,96,94,0.9754
USR00435,2026-05-10,,,96,96,1.0
USR00435,2026-05-09,,,96,91,0.9462
USR00435,2026-05-08,,,96,96,1.0
USR00435,2026-05-07,,,96,92,0.9555
USR00435,2026-05-06,,,96,96,1.0
USR00435,2026-05-05,,,96,96,1.0
USR00435,2026-05-04,,,96,96,1.0
USR00435,2026-05-03,,,96,96,0.9951
USR00435,2026-05-02,,,96,95,0.9861
USR00435,2026-05-01,,,96,95,0.9903
USR00435,2026-04-30,,,96,96,1.0
USR00435,2026-04-29,,,96,95,0.9944
USR00435,2026-04-28,,,96,96,1.0
USR00435,2026-04-27,,,96,93,0.9642
USR00435,2026-04-26,,,96,96,1.0
USR00435,2026-04-25,,,96,94,0.979
USR00435,2026-04-24,,,96,93,0.9693
USR00435,2026-04-23,,,96,96,1.0
USR00436,2026-05-22,MP000129,MTR000129,96,86,0.8996
USR00436,2026-05-21,MP000129,MTR000129,96,90,0.9373
USR00436,2026-05-20,MP000129,MTR000129,96,85,0.8865
USR00436,2026-05-19,MP000129,MTR000129,96,89,0.9314
USR00436,2026-05-18,MP000129,MTR000129,96,90,0.9327
USR00436,2026-05-17,MP000129,MTR000129,96,92,0.9606
USR00436,2026-05-16,MP000129,MTR000129,96,89,0.9281
USR00436,2026-05-15,MP000129,MTR000129,96,90,0.9352
USR00436,2026-05-14,MP000129,MTR000129,96,95,0.9908
USR00436,2026-05-13,MP000129,MTR000129,96,96,1.0
USR00436,2026-05-12,MP000129,MTR000129,96,89,0.9241
USR00436,2026-05-11,MP000129,MTR000129,96,94,0.9823
USR00436,2026-05-10,MP000129,MTR000129,96,92,0.9633
USR00436,2026-05-09,MP000129,MTR000129,96,86,0.8995
USR00436,2026-05-08,MP000129,MTR000129,96,89,0.928
USR00436,2026-05-07,MP000129,MTR000129,96,83,0.8609
USR00436,2026-05-06,MP000129,MTR000129,96,92,0.9614
USR00436,2026-05-05,MP000129,MTR000129,96,88,0.9194
USR00436,2026-05-04,MP000129,MTR000129,96,92,0.9557
USR00436,2026-05-03,MP000129,MTR000129,96,96,1.0
USR00436,2026-05-02,MP000129,MTR000129,96,96,0.9995
USR00436,2026-05-01,MP000129,MTR000129,96,89,0.9287
USR00436,2026-04-30,MP000129,MTR000129,96,88,0.9214
USR00436,2026-04-29,MP000129,MTR000129,96,95,0.9905
USR00436,2026-04-28,MP000129,MTR000129,96,88,0.9216
USR00436,2026-04-27,MP000129,MTR000129,96,94,0.9814
USR00436,2026-04-26,MP000129,MTR000129,96,96,1.0
USR00436,2026-04-25,MP000129,MTR000129,96,93,0.972
USR00436,2026-04-24,MP000129,MTR000129,96,95,0.9872
USR00436,2026-04-23,MP000129,MTR000129,96,94,0.9838
USR00437,2026-05-22,MP000154,MTR000154,96,91,0.9432
USR00437,2026-05-21,MP000154,MTR000154,96,87,0.9058
USR00437,2026-05-20,MP000154,MTR000154,96,93,0.9732
USR00437,2026-05-19,MP000154,MTR000154,96,87,0.9019
USR00437,2026-05-18,MP000154,MTR000154,96,92,0.9555
USR00437,2026-05-17,MP000154,MTR000154,96,93,0.9684
USR00437,2026-05-16,MP000154,MTR000154,96,88,0.9197
USR00437,2026-05-15,MP000154,MTR000154,96,88,0.9129
USR00437,2026-05-14,MP000154,MTR000154,96,89,0.9294
USR00437,2026-05-13,MP000154,MTR000154,96,87,0.9077
USR00437,2026-05-12,MP000154,MTR000154,96,90,0.9392
USR00437,2026-05-11,MP000154,MTR000154,96,87,0.907
USR00437,2026-05-10,MP000154,MTR000154,96,87,0.9092
USR00437,2026-05-09,MP000154,MTR000154,96,91,0.9509
USR00437,2026-05-08,MP000154,MTR000154,96,91,0.953
USR00437,2026-05-07,MP000154,MTR000154,96,89,0.9257
USR00437,2026-05-06,MP000154,MTR000154,96,85,0.8851
USR00437,2026-05-05,MP000154,MTR000154,96,93,0.9696
USR00437,2026-05-04,MP000154,MTR000154,96,88,0.921
USR00437,2026-05-03,MP000154,MTR000154,96,96,0.9964
USR00437,2026-05-02,MP000154,MTR000154,96,89,0.9305
USR00437,2026-05-01,MP000154,MTR000154,96,90,0.9386
USR00437,2026-04-30,MP000154,MTR000154,96,88,0.9215
USR00437,2026-04-29,MP000154,MTR000154,96,90,0.9418
USR00437,2026-04-28,MP000154,MTR000154,96,96,1.0
USR00437,2026-04-27,MP000154,MTR000154,96,89,0.924
USR00437,2026-04-26,MP000154,MTR000154,96,93,0.9728
USR00437,2026-04-25,MP000154,MTR000154,96,90,0.9372
USR00437,2026-04-24,MP000154,MTR000154,96,93,0.9697
USR00437,2026-04-23,MP000154,MTR000154,96,84,0.8765
USR00438,2026-05-22,MP000315,MTR000315,96,96,0.9965
USR00438,2026-05-21,MP000315,MTR000315,96,94,0.9783
USR00438,2026-05-20,MP000315,MTR000315,96,96,1.0
USR00438,2026-05-19,MP000315,MTR000315,96,95,0.9906
USR00438,2026-05-18,MP000315,MTR000315,96,91,0.9519
USR00438,2026-05-17,MP000315,MTR000315,96,88,0.9136
USR00438,2026-05-16,MP000315,MTR000315,96,96,1.0
USR00438,2026-05-15,MP000315,MTR000315,96,94,0.9796
USR00438,2026-05-14,MP000315,MTR000315,96,93,0.9679
USR00438,2026-05-13,MP000315,MTR000315,96,93,0.9703
USR00438,2026-05-12,MP000315,MTR000315,96,96,1.0
USR00438,2026-05-11,MP000315,MTR000315,96,93,0.9716
USR00438,2026-05-10,MP000315,MTR000315,96,96,1.0
USR00438,2026-05-09,MP000315,MTR000315,96,94,0.9763
USR00438,2026-05-08,MP000315,MTR000315,96,91,0.9487
USR00438,2026-05-07,MP000315,MTR000315,96,96,1.0
USR00438,2026-05-06,MP000315,MTR000315,96,96,1.0
USR00438,2026-05-05,MP000315,MTR000315,96,93,0.9659
USR00438,2026-05-04,MP000315,MTR000315,96,95,0.9852
USR00438,2026-05-03,MP000315,MTR000315,96,95,0.9892
USR00438,2026-05-02,MP000315,MTR000315,96,96,0.9997
USR00438,2026-05-01,MP000315,MTR000315,96,96,1.0
USR00438,2026-04-30,MP000315,MTR000315,96,94,0.9766
USR00438,2026-04-29,MP000315,MTR000315,96,94,0.9764
USR00438,2026-04-28,MP000315,MTR000315,96,94,0.981
USR00438,2026-04-27,MP000315,MTR000315,96,92,0.958
USR00438,2026-04-26,MP000315,MTR000315,96,90,0.9346
USR00438,2026-04-25,MP000315,MTR000315,96,95,0.9903
USR00438,2026-04-24,MP000315,MTR000315,96,96,1.0
USR00438,2026-04-23,MP000315,MTR000315,96,95,0.9864
USR00439,2026-05-22,MP000127,MTR000127,96,87,0.9037
USR00439,2026-05-21,MP000127,MTR000127,96,90,0.9382
USR00439,2026-05-20,MP000127,MTR000127,96,90,0.9358
USR00439,2026-05-19,MP000127,MTR000127,96,91,0.9449
USR00439,2026-05-18,MP000127,MTR000127,96,90,0.9404
USR00439,2026-05-17,MP000127,MTR000127,96,90,0.9425
USR00439,2026-05-16,MP000127,MTR000127,96,93,0.9702
USR00439,2026-05-15,MP000127,MTR000127,96,91,0.9478
USR00439,2026-05-14,MP000127,MTR000127,96,91,0.9451
USR00439,2026-05-13,MP000127,MTR000127,96,84,0.8784
USR00439,2026-05-12,MP000127,MTR000127,96,92,0.9623
USR00439,2026-05-11,MP000127,MTR000127,96,88,0.9217
USR00439,2026-05-10,MP000127,MTR000127,96,90,0.9331
USR00439,2026-05-09,MP000127,MTR000127,96,86,0.8925
USR00439,2026-05-08,MP000127,MTR000127,96,95,0.9934
USR00439,2026-05-07,MP000127,MTR000127,96,82,0.8564
USR00439,2026-05-06,MP000127,MTR000127,96,94,0.9753
USR00439,2026-05-05,MP000127,MTR000127,96,91,0.9434
USR00439,2026-05-04,MP000127,MTR000127,96,84,0.8735
USR00439,2026-05-03,MP000127,MTR000127,96,95,0.9918
USR00439,2026-05-02,MP000127,MTR000127,96,91,0.9461
USR00439,2026-05-01,MP000127,MTR000127,96,83,0.8599
USR00439,2026-04-30,MP000127,MTR000127,96,88,0.918
USR00439,2026-04-29,MP000127,MTR000127,96,91,0.9467
USR00439,2026-04-28,MP000127,MTR000127,96,94,0.9821
USR00439,2026-04-27,MP000127,MTR000127,96,88,0.9184
USR00439,2026-04-26,MP000127,MTR000127,96,82,0.8513
USR00439,2026-04-25,MP000127,MTR000127,96,94,0.9744
USR00439,2026-04-24,MP000127,MTR000127,96,91,0.9456
USR00439,2026-04-23,MP000127,MTR000127,96,83,0.8637
USR00440,2026-05-22,MP000349,MTR000349,96,93,0.9666
USR00440,2026-05-21,MP000349,MTR000349,96,91,0.9434
USR00440,2026-05-20,MP000349,MTR000349,96,89,0.9283
USR00440,2026-05-19,MP000349,MTR000349,96,90,0.9348
USR00440,2026-05-18,MP000349,MTR000349,96,91,0.9434
USR00440,2026-05-17,MP000349,MTR000349,96,93,0.9638
USR00440,2026-05-16,MP000349,MTR000349,96,94,0.9768
USR00440,2026-05-15,MP000349,MTR000349,96,85,0.8887
USR00440,2026-05-14,MP000349,MTR000349,96,92,0.9608
USR00440,2026-05-13,MP000349,MTR000349,96,93,0.9678
USR00440,2026-05-12,MP000349,MTR000349,96,92,0.9582
USR00440,2026-05-11,MP000349,MTR000349,96,90,0.941
USR00440,2026-05-10,MP000349,MTR000349,96,96,0.9957
USR00440,2026-05-09,MP000349,MTR000349,96,95,0.9935
USR00440,2026-05-08,MP000349,MTR000349,96,90,0.9421
USR00440,2026-05-07,MP000349,MTR000349,96,91,0.9506
USR00440,2026-05-06,MP000349,MTR000349,96,94,0.9763
USR00440,2026-05-05,MP000349,MTR000349,96,95,0.9916
USR00440,2026-05-04,MP000349,MTR000349,96,89,0.9287
USR00440,2026-05-03,MP000349,MTR000349,96,88,0.9217
USR00440,2026-05-02,MP000349,MTR000349,96,92,0.9614
USR00440,2026-05-01,MP000349,MTR000349,96,88,0.9194
USR00440,2026-04-30,MP000349,MTR000349,96,86,0.8948
USR00440,2026-04-29,MP000349,MTR000349,96,89,0.9285
USR00440,2026-04-28,MP000349,MTR000349,96,93,0.9656
USR00440,2026-04-27,MP000349,MTR000349,96,96,0.9997
USR00440,2026-04-26,MP000349,MTR000349,96,89,0.9319
USR00440,2026-04-25,MP000349,MTR000349,96,91,0.9494
USR00440,2026-04-24,MP000349,MTR000349,96,92,0.9578
USR00440,2026-04-23,MP000349,MTR000349,96,90,0.9337
USR00441,2026-05-22,,,96,90,0.9349
USR00441,2026-05-21,,,96,85,0.8889
USR00441,2026-05-20,,,96,87,0.9018
USR00441,2026-05-19,,,96,88,0.9188
USR00441,2026-05-18,,,96,90,0.9345
USR00441,2026-05-17,,,96,84,0.8794
USR00441,2026-05-16,,,96,88,0.9209
USR00441,2026-05-15,,,96,85,0.8861
USR00441,2026-05-14,,,96,87,0.9043
USR00441,2026-05-13,,,96,91,0.9485
USR00441,2026-05-12,,,96,89,0.9226
USR00441,2026-05-11,,,96,94,0.9749
USR00441,2026-05-10,,,96,89,0.9227
USR00441,2026-05-09,,,96,92,0.9539
USR00441,2026-05-08,,,96,91,0.9487
USR00441,2026-05-07,,,96,89,0.9245
USR00441,2026-05-06,,,96,85,0.8854
USR00441,2026-05-05,,,96,88,0.9217
USR00441,2026-05-04,,,96,87,0.9089
USR00441,2026-05-03,,,96,87,0.9077
USR00441,2026-05-02,,,96,89,0.9295
USR00441,2026-05-01,,,96,85,0.8814
USR00441,2026-04-30,,,96,86,0.8986
USR00441,2026-04-29,,,96,86,0.8945
USR00441,2026-04-28,,,96,88,0.9172
USR00441,2026-04-27,,,96,87,0.9018
USR00441,2026-04-26,,,96,87,0.9038
USR00441,2026-04-25,,,96,89,0.9289
USR00441,2026-04-24,,,96,88,0.9115
USR00441,2026-04-23,,,96,89,0.925
USR00442,2026-05-22,,,96,94,0.974
USR00442,2026-05-21,,,96,96,1.0
USR00442,2026-05-20,,,96,94,0.9779
USR00442,2026-05-19,,,96,90,0.9357
USR00442,2026-05-18,,,96,96,1.0
USR00442,2026-05-17,,,96,94,0.9776
USR00442,2026-05-16,,,96,96,1.0
USR00442,2026-05-15,,,96,96,0.9962
USR00442,2026-05-14,,,96,96,1.0
USR00442,2026-05-13,,,96,96,0.9959
USR00442,2026-05-12,,,96,95,0.9921
USR00442,2026-05-11,,,96,96,1.0
USR00442,2026-05-10,,,96,90,0.9323
USR00442,2026-05-09,,,96,92,0.9591
USR00442,2026-05-08,,,96,94,0.9741
USR00442,2026-05-07,,,96,91,0.9481
USR00442,2026-05-06,,,96,95,0.9845
USR00442,2026-05-05,,,96,94,0.9815
USR00442,2026-05-04,,,96,96,1.0
USR00442,2026-05-03,,,96,96,0.9962
USR00442,2026-05-02,,,96,95,0.9925
USR00442,2026-05-01,,,96,95,0.9875
USR00442,2026-04-30,,,96,93,0.9673
USR00442,2026-04-29,,,96,96,1.0
USR00442,2026-04-28,,,96,96,1.0
USR00442,2026-04-27,,,96,92,0.9625
USR00442,2026-04-26,,,96,96,1.0
USR00442,2026-04-25,,,96,94,0.9787
USR00442,2026-04-24,,,96,94,0.9763
USR00442,2026-04-23,,,96,96,1.0
USR00443,2026-05-22,MP000146,MTR000146,96,89,0.9308
USR00443,2026-05-21,MP000146,MTR000146,96,89,0.9226
USR00443,2026-05-20,MP000146,MTR000146,96,93,0.9682
USR00443,2026-05-19,MP000146,MTR000146,96,88,0.9143
USR00443,2026-05-18,MP000146,MTR000146,96,89,0.9309
USR00443,2026-05-17,MP000146,MTR000146,96,94,0.9838
USR00443,2026-05-16,MP000146,MTR000146,96,86,0.8929
USR00443,2026-05-15,MP000146,MTR000146,96,88,0.9192
USR00443,2026-05-14,MP000146,MTR000146,96,93,0.9637
USR00443,2026-05-13,MP000146,MTR000146,96,91,0.9488
USR00443,2026-05-12,MP000146,MTR000146,96,92,0.9598
USR00443,2026-05-11,MP000146,MTR000146,96,86,0.8933
USR00443,2026-05-10,MP000146,MTR000146,96,90,0.9426
USR00443,2026-05-09,MP000146,MTR000146,96,89,0.9244
USR00443,2026-05-08,MP000146,MTR000146,96,96,1.0
USR00443,2026-05-07,MP000146,MTR000146,96,92,0.9573
USR00443,2026-05-06,MP000146,MTR000146,96,90,0.9323
USR00443,2026-05-05,MP000146,MTR000146,96,90,0.9416
USR00443,2026-05-04,MP000146,MTR000146,96,90,0.9346
USR00443,2026-05-03,MP000146,MTR000146,96,92,0.9539
USR00443,2026-05-02,MP000146,MTR000146,96,87,0.9073
USR00443,2026-05-01,MP000146,MTR000146,96,93,0.9739
USR00443,2026-04-30,MP000146,MTR000146,96,86,0.8932
USR00443,2026-04-29,MP000146,MTR000146,96,90,0.9391
USR00443,2026-04-28,MP000146,MTR000146,96,87,0.9083
USR00443,2026-04-27,MP000146,MTR000146,96,90,0.9343
USR00443,2026-04-26,MP000146,MTR000146,96,92,0.9626
USR00443,2026-04-25,MP000146,MTR000146,96,85,0.8816
USR00443,2026-04-24,MP000146,MTR000146,96,89,0.9279
USR00443,2026-04-23,MP000146,MTR000146,96,85,0.8898
USR00444,2026-05-22,MP000160,MTR000160,96,87,0.9091
USR00444,2026-05-21,MP000160,MTR000160,96,92,0.9573
USR00444,2026-05-20,MP000160,MTR000160,96,90,0.9396
USR00444,2026-05-19,MP000160,MTR000160,96,94,0.9748
USR00444,2026-05-18,MP000160,MTR000160,96,95,0.9893
USR00444,2026-05-17,MP000160,MTR000160,96,91,0.9527
USR00444,2026-05-16,MP000160,MTR000160,96,94,0.9792
USR00444,2026-05-15,MP000160,MTR000160,96,95,0.9939
USR00444,2026-05-14,MP000160,MTR000160,96,89,0.9248
USR00444,2026-05-13,MP000160,MTR000160,96,96,0.9955
USR00444,2026-05-12,MP000160,MTR000160,96,91,0.9513
USR00444,2026-05-11,MP000160,MTR000160,96,89,0.9231
USR00444,2026-05-10,MP000160,MTR000160,96,92,0.9614
USR00444,2026-05-09,MP000160,MTR000160,96,91,0.9503
USR00444,2026-05-08,MP000160,MTR000160,96,87,0.9102
USR00444,2026-05-07,MP000160,MTR000160,96,88,0.9194
USR00444,2026-05-06,MP000160,MTR000160,96,96,1.0
USR00444,2026-05-05,MP000160,MTR000160,96,92,0.9608
USR00444,2026-05-04,MP000160,MTR000160,96,96,0.9969
USR00444,2026-05-03,MP000160,MTR000160,96,90,0.9399
USR00444,2026-05-02,MP000160,MTR000160,96,89,0.9284
USR00444,2026-05-01,MP000160,MTR000160,96,87,0.9019
USR00444,2026-04-30,MP000160,MTR000160,96,94,0.9815
USR00444,2026-04-29,MP000160,MTR000160,96,93,0.9647
USR00444,2026-04-28,MP000160,MTR000160,96,90,0.9402
USR00444,2026-04-27,MP000160,MTR000160,96,89,0.9286
USR00444,2026-04-26,MP000160,MTR000160,96,95,0.9862
USR00444,2026-04-25,MP000160,MTR000160,96,91,0.9471
USR00444,2026-04-24,MP000160,MTR000160,96,91,0.9474
USR00444,2026-04-23,MP000160,MTR000160,96,90,0.9344
USR00445,2026-05-22,MP000013,MTR000013,96,94,0.9783
USR00445,2026-05-21,MP000013,MTR000013,96,88,0.9193
USR00445,2026-05-20,MP000013,MTR000013,96,93,0.9642
USR00445,2026-05-19,MP000013,MTR000013,96,95,0.9905
USR00445,2026-05-18,MP000013,MTR000013,96,92,0.9592
USR00445,2026-05-17,MP000013,MTR000013,96,95,0.9934
USR00445,2026-05-16,MP000013,MTR000013,96,96,1.0
USR00445,2026-05-15,MP000013,MTR000013,96,95,0.9889
USR00445,2026-05-14,MP000013,MTR000013,96,91,0.9457
USR00445,2026-05-13,MP000013,MTR000013,96,92,0.9607
USR00445,2026-05-12,MP000013,MTR000013,96,93,0.9722
USR00445,2026-05-11,MP000013,MTR000013,96,91,0.9477
USR00445,2026-05-10,MP000013,MTR000013,96,91,0.9467
USR00445,2026-05-09,MP000013,MTR000013,96,91,0.9449
USR00445,2026-05-08,MP000013,MTR000013,96,96,1.0
USR00445,2026-05-07,MP000013,MTR000013,96,92,0.9537
USR00445,2026-05-06,MP000013,MTR000013,96,95,0.9938
USR00445,2026-05-05,MP000013,MTR000013,96,90,0.9357
USR00445,2026-05-04,MP000013,MTR000013,96,96,1.0
USR00445,2026-05-03,MP000013,MTR000013,96,91,0.9504
USR00445,2026-05-02,MP000013,MTR000013,96,92,0.9634
USR00445,2026-05-01,MP000013,MTR000013,96,87,0.9068
USR00445,2026-04-30,MP000013,MTR000013,96,96,0.9953
USR00445,2026-04-29,MP000013,MTR000013,96,96,1.0
USR00445,2026-04-28,MP000013,MTR000013,96,89,0.9262
USR00445,2026-04-27,MP000013,MTR000013,96,96,0.997
USR00445,2026-04-26,MP000013,MTR000013,96,88,0.9217
USR00445,2026-04-25,MP000013,MTR000013,96,94,0.9807
USR00445,2026-04-24,MP000013,MTR000013,96,92,0.9531
USR00445,2026-04-23,MP000013,MTR000013,96,96,1.0
USR00446,2026-05-22,,,96,93,0.969
USR00446,2026-05-21,,,96,94,0.9782
USR00446,2026-05-20,,,96,90,0.9323
USR00446,2026-05-19,,,96,90,0.9402
USR00446,2026-05-18,,,96,87,0.9077
USR00446,2026-05-17,,,96,89,0.932
USR00446,2026-05-16,,,96,96,0.9989
USR00446,2026-05-15,,,96,93,0.9637
USR00446,2026-05-14,,,96,87,0.9097
USR00446,2026-05-13,,,96,95,0.99
USR00446,2026-05-12,,,96,91,0.9527
USR00446,2026-05-11,,,96,93,0.966
USR00446,2026-05-10,,,96,92,0.9558
USR00446,2026-05-09,,,96,92,0.9536
USR00446,2026-05-08,,,96,85,0.8811
USR00446,2026-05-07,,,96,94,0.9743
USR00446,2026-05-06,,,96,84,0.8734
USR00446,2026-05-05,,,96,93,0.9715
USR00446,2026-05-04,,,96,91,0.944
USR00446,2026-05-03,,,96,93,0.9661
USR00446,2026-05-02,,,96,91,0.9458
USR00446,2026-05-01,,,96,93,0.9724
USR00446,2026-04-30,,,96,90,0.9415
USR00446,2026-04-29,,,96,91,0.9495
USR00446,2026-04-28,,,96,92,0.9532
USR00446,2026-04-27,,,96,96,0.9974
USR00446,2026-04-26,,,96,92,0.9591
USR00446,2026-04-25,,,96,87,0.9015
USR00446,2026-04-24,,,96,89,0.9241
USR00446,2026-04-23,,,96,92,0.959
USR00447,2026-05-22,MP000141,MTR000141,96,88,0.9125
USR00447,2026-05-21,MP000141,MTR000141,96,96,1.0
USR00447,2026-05-20,MP000141,MTR000141,96,90,0.9394
USR00447,2026-05-19,MP000141,MTR000141,96,91,0.9468
USR00447,2026-05-18,MP000141,MTR000141,96,86,0.8965
USR00447,2026-05-17,MP000141,MTR000141,96,93,0.9676
USR00447,2026-05-16,MP000141,MTR000141,96,88,0.9208
USR00447,2026-05-15,MP000141,MTR000141,96,88,0.9118
USR00447,2026-05-14,MP000141,MTR000141,96,89,0.9246
USR00447,2026-05-13,MP000141,MTR000141,96,94,0.9756
USR00447,2026-05-12,MP000141,MTR000141,96,91,0.9481
USR00447,2026-05-11,MP000141,MTR000141,96,87,0.9075
USR00447,2026-05-10,MP000141,MTR000141,96,88,0.9182
USR00447,2026-05-09,MP000141,MTR000141,96,94,0.9764
USR00447,2026-05-08,MP000141,MTR000141,96,89,0.9271
USR00447,2026-05-07,MP000141,MTR000141,96,91,0.951
USR00447,2026-05-06,MP000141,MTR000141,96,92,0.9583
USR00447,2026-05-05,MP000141,MTR000141,96,80,0.8316
USR00447,2026-05-04,MP000141,MTR000141,96,93,0.9721
USR00447,2026-05-03,MP000141,MTR000141,96,87,0.9086
USR00447,2026-05-02,MP000141,MTR000141,96,89,0.9233
USR00447,2026-05-01,MP000141,MTR000141,96,94,0.9803
USR00447,2026-04-30,MP000141,MTR000141,96,94,0.9776
USR00447,2026-04-29,MP000141,MTR000141,96,91,0.9489
USR00447,2026-04-28,MP000141,MTR000141,96,92,0.956
USR00447,2026-04-27,MP000141,MTR000141,96,92,0.9635
USR00447,2026-04-26,MP000141,MTR000141,96,94,0.9771
USR00447,2026-04-25,MP000141,MTR000141,96,94,0.9809
USR00447,2026-04-24,MP000141,MTR000141,96,90,0.9374
USR00447,2026-04-23,MP000141,MTR000141,96,88,0.912
USR00448,2026-05-22,MP000436,MTR000436,96,89,0.9279
USR00448,2026-05-21,MP000436,MTR000436,96,89,0.9224
USR00448,2026-05-20,MP000436,MTR000436,96,86,0.8937
USR00448,2026-05-19,MP000436,MTR000436,96,90,0.9371
USR00448,2026-05-18,MP000436,MTR000436,96,84,0.877
USR00448,2026-05-17,MP000436,MTR000436,96,89,0.9266
USR00448,2026-05-16,MP000436,MTR000436,96,89,0.9285
USR00448,2026-05-15,MP000436,MTR000436,96,89,0.9275
USR00448,2026-05-14,MP000436,MTR000436,96,91,0.9496
USR00448,2026-05-13,MP000436,MTR000436,96,91,0.9456
USR00448,2026-05-12,MP000436,MTR000436,96,95,0.9907
USR00448,2026-05-11,MP000436,MTR000436,96,87,0.9085
USR00448,2026-05-10,MP000436,MTR000436,96,90,0.9324
USR00448,2026-05-09,MP000436,MTR000436,96,89,0.9305
USR00448,2026-05-08,MP000436,MTR000436,96,89,0.9291
USR00448,2026-05-07,MP000436,MTR000436,96,85,0.8861
USR00448,2026-05-06,MP000436,MTR000436,96,85,0.8885
USR00448,2026-05-05,MP000436,MTR000436,96,89,0.9242
USR00448,2026-05-04,MP000436,MTR000436,96,84,0.8768
USR00448,2026-05-03,MP000436,MTR000436,96,88,0.914
USR00448,2026-05-02,MP000436,MTR000436,96,87,0.9046
USR00448,2026-05-01,MP000436,MTR000436,96,88,0.9151
USR00448,2026-04-30,MP000436,MTR000436,96,92,0.958
USR00448,2026-04-29,MP000436,MTR000436,96,86,0.8917
USR00448,2026-04-28,MP000436,MTR000436,96,91,0.9501
USR00448,2026-04-27,MP000436,MTR000436,96,87,0.9069
USR00448,2026-04-26,MP000436,MTR000436,96,87,0.9106
USR00448,2026-04-25,MP000436,MTR000436,96,90,0.938
USR00448,2026-04-24,MP000436,MTR000436,96,88,0.9158
USR00448,2026-04-23,MP000436,MTR000436,96,86,0.8973
USR00449,2026-05-22,,,96,83,0.8681
USR00449,2026-05-21,,,96,90,0.9328
USR00449,2026-05-20,,,96,80,0.8283
USR00449,2026-05-19,,,96,91,0.948
USR00449,2026-05-18,,,96,90,0.9398
USR00449,2026-05-17,,,96,93,0.9694
USR00449,2026-05-16,,,96,95,0.9868
USR00449,2026-05-15,,,96,91,0.9494
USR00449,2026-05-14,,,96,87,0.9025
USR00449,2026-05-13,,,96,95,0.9865
USR00449,2026-05-12,,,96,85,0.8855
USR00449,2026-05-11,,,96,83,0.8643
USR00449,2026-05-10,,,96,94,0.9769
USR00449,2026-05-09,,,96,90,0.9394
USR00449,2026-05-08,,,96,83,0.8651
USR00449,2026-05-07,,,96,85,0.8807
USR00449,2026-05-06,,,96,90,0.9379
USR00449,2026-05-05,,,96,86,0.8953
USR00449,2026-05-04,,,96,86,0.8996
USR00449,2026-05-03,,,96,94,0.9803
USR00449,2026-05-02,,,96,95,0.9858
USR00449,2026-05-01,,,96,89,0.9258
USR00449,2026-04-30,,,96,88,0.9168
USR00449,2026-04-29,,,96,91,0.9484
USR00449,2026-04-28,,,96,87,0.9045
USR00449,2026-04-27,,,96,82,0.8544
USR00449,2026-04-26,,,96,80,0.8385
USR00449,2026-04-25,,,96,88,0.9191
USR00449,2026-04-24,,,96,91,0.9478
USR00449,2026-04-23,,,96,88,0.9218
USR00450,2026-05-22,MP000119,MTR000119,96,96,1.0
USR00450,2026-05-21,MP000119,MTR000119,96,96,1.0
USR00450,2026-05-20,MP000119,MTR000119,96,96,1.0
USR00450,2026-05-19,MP000119,MTR000119,96,96,1.0
USR00450,2026-05-18,MP000119,MTR000119,96,96,0.9975
USR00450,2026-05-17,MP000119,MTR000119,96,95,0.9909
USR00450,2026-05-16,MP000119,MTR000119,96,91,0.9515
USR00450,2026-05-15,MP000119,MTR000119,96,96,1.0
USR00450,2026-05-14,MP000119,MTR000119,96,95,0.9871
USR00450,2026-05-13,MP000119,MTR000119,96,95,0.9854
USR00450,2026-05-12,MP000119,MTR000119,96,94,0.9824
USR00450,2026-05-11,MP000119,MTR000119,96,92,0.9584
USR00450,2026-05-10,MP000119,MTR000119,96,96,0.9961
USR00450,2026-05-09,MP000119,MTR000119,96,96,1.0
USR00450,2026-05-08,MP000119,MTR000119,96,94,0.9775
USR00450,2026-05-07,MP000119,MTR000119,96,96,1.0
USR00450,2026-05-06,MP000119,MTR000119,96,95,0.9876
USR00450,2026-05-05,MP000119,MTR000119,96,91,0.9527
USR00450,2026-05-04,MP000119,MTR000119,96,96,1.0
USR00450,2026-05-03,MP000119,MTR000119,96,96,1.0
USR00450,2026-05-02,MP000119,MTR000119,96,96,1.0
USR00450,2026-05-01,MP000119,MTR000119,96,96,1.0
USR00450,2026-04-30,MP000119,MTR000119,96,93,0.9703
USR00450,2026-04-29,MP000119,MTR000119,96,94,0.983
USR00450,2026-04-28,MP000119,MTR000119,96,96,1.0
USR00450,2026-04-27,MP000119,MTR000119,96,96,1.0
USR00450,2026-04-26,MP000119,MTR000119,96,96,1.0
USR00450,2026-04-25,MP000119,MTR000119,96,94,0.9798
USR00450,2026-04-24,MP000119,MTR000119,96,96,1.0
USR00450,2026-04-23,MP000119,MTR000119,96,94,0.9799
USR00451,2026-05-22,MP000162,MTR000162,96,91,0.9505
USR00451,2026-05-21,MP000162,MTR000162,96,93,0.9714
USR00451,2026-05-20,MP000162,MTR000162,96,90,0.9349
USR00451,2026-05-19,MP000162,MTR000162,96,91,0.9521
USR00451,2026-05-18,MP000162,MTR000162,96,91,0.9445
USR00451,2026-05-17,MP000162,MTR000162,96,94,0.9832
USR00451,2026-05-16,MP000162,MTR000162,96,93,0.9682
USR00451,2026-05-15,MP000162,MTR000162,96,95,0.9897
USR00451,2026-05-14,MP000162,MTR000162,96,90,0.9385
USR00451,2026-05-13,MP000162,MTR000162,96,92,0.9571
USR00451,2026-05-12,MP000162,MTR000162,96,94,0.9821
USR00451,2026-05-11,MP000162,MTR000162,96,95,0.9891
USR00451,2026-05-10,MP000162,MTR000162,96,88,0.9199
USR00451,2026-05-09,MP000162,MTR000162,96,93,0.9728
USR00451,2026-05-08,MP000162,MTR000162,96,90,0.9389
USR00451,2026-05-07,MP000162,MTR000162,96,95,0.9906
USR00451,2026-05-06,MP000162,MTR000162,96,96,1.0
USR00451,2026-05-05,MP000162,MTR000162,96,85,0.8849
USR00451,2026-05-04,MP000162,MTR000162,96,91,0.9436
USR00451,2026-05-03,MP000162,MTR000162,96,93,0.9712
USR00451,2026-05-02,MP000162,MTR000162,96,92,0.9632
USR00451,2026-05-01,MP000162,MTR000162,96,95,0.9915
USR00451,2026-04-30,MP000162,MTR000162,96,93,0.9657
USR00451,2026-04-29,MP000162,MTR000162,96,91,0.9474
USR00451,2026-04-28,MP000162,MTR000162,96,90,0.9327
USR00451,2026-04-27,MP000162,MTR000162,96,89,0.9276
USR00451,2026-04-26,MP000162,MTR000162,96,90,0.941
USR00451,2026-04-25,MP000162,MTR000162,96,91,0.9464
USR00451,2026-04-24,MP000162,MTR000162,96,94,0.9748
USR00451,2026-04-23,MP000162,MTR000162,96,92,0.9586
USR00452,2026-05-22,,,96,93,0.9638
USR00452,2026-05-21,,,96,93,0.973
USR00452,2026-05-20,,,96,94,0.9772
USR00452,2026-05-19,,,96,93,0.9717
USR00452,2026-05-18,,,96,96,1.0
USR00452,2026-05-17,,,96,96,1.0
USR00452,2026-05-16,,,96,92,0.9588
USR00452,2026-05-15,,,96,96,1.0
USR00452,2026-05-14,,,96,96,1.0
USR00452,2026-05-13,,,96,96,0.9995
USR00452,2026-05-12,,,96,96,1.0
USR00452,2026-05-11,,,96,95,0.989
USR00452,2026-05-10,,,96,96,1.0
USR00452,2026-05-09,,,96,96,0.9978
USR00452,2026-05-08,,,96,96,0.9956
USR00452,2026-05-07,,,96,96,1.0
USR00452,2026-05-06,,,96,96,0.9955
USR00452,2026-05-05,,,96,96,1.0
USR00452,2026-05-04,,,96,94,0.974
USR00452,2026-05-03,,,96,94,0.975
USR00452,2026-05-02,,,96,93,0.9739
USR00452,2026-05-01,,,96,94,0.9832
USR00452,2026-04-30,,,96,96,1.0
USR00452,2026-04-29,,,96,94,0.9802
USR00452,2026-04-28,,,96,96,1.0
USR00452,2026-04-27,,,96,96,1.0
USR00452,2026-04-26,,,96,94,0.9809
USR00452,2026-04-25,,,96,96,1.0
USR00452,2026-04-24,,,96,96,1.0
USR00452,2026-04-23,,,96,95,0.9942
USR00453,2026-05-22,,,96,95,0.9932
USR00453,2026-05-21,,,96,91,0.9445
USR00453,2026-05-20,,,96,93,0.9656
USR00453,2026-05-19,,,96,96,1.0
USR00453,2026-05-18,,,96,91,0.9429
USR00453,2026-05-17,,,96,93,0.968
USR00453,2026-05-16,,,96,94,0.9786
USR00453,2026-05-15,,,96,96,1.0
USR00453,2026-05-14,,,96,96,1.0
USR00453,2026-05-13,,,96,96,1.0
USR00453,2026-05-12,,,96,93,0.9662
USR00453,2026-05-11,,,96,96,1.0
USR00453,2026-05-10,,,96,90,0.9376
USR00453,2026-05-09,,,96,94,0.9805
USR00453,2026-05-08,,,96,96,1.0
USR00453,2026-05-07,,,96,91,0.9479
USR00453,2026-05-06,,,96,96,1.0
USR00453,2026-05-05,,,96,96,1.0
USR00453,2026-05-04,,,96,93,0.9723
USR00453,2026-05-03,,,96,93,0.9653
USR00453,2026-05-02,,,96,93,0.9689
USR00453,2026-05-01,,,96,94,0.98
USR00453,2026-04-30,,,96,94,0.9809
USR00453,2026-04-29,,,96,96,1.0
USR00453,2026-04-28,,,96,94,0.9744
USR00453,2026-04-27,,,96,96,1.0
USR00453,2026-04-26,,,96,96,1.0
USR00453,2026-04-25,,,96,96,0.9975
USR00453,2026-04-24,,,96,94,0.9801
USR00453,2026-04-23,,,96,94,0.9744
USR00454,2026-05-22,,,96,91,0.9464
USR00454,2026-05-21,,,96,89,0.9256
USR00454,2026-05-20,,,96,88,0.9199
USR00454,2026-05-19,,,96,90,0.9422
USR00454,2026-05-18,,,96,90,0.9337
USR00454,2026-05-17,,,96,88,0.9145
USR00454,2026-05-16,,,96,90,0.935
USR00454,2026-05-15,,,96,88,0.9135
USR00454,2026-05-14,,,96,87,0.9091
USR00454,2026-05-13,,,96,89,0.9315
USR00454,2026-05-12,,,96,88,0.9144
USR00454,2026-05-11,,,96,87,0.9097
USR00454,2026-05-10,,,96,92,0.963
USR00454,2026-05-09,,,96,88,0.9199
USR00454,2026-05-08,,,96,95,0.987
USR00454,2026-05-07,,,96,91,0.9505
USR00454,2026-05-06,,,96,87,0.907
USR00454,2026-05-05,,,96,93,0.9665
USR00454,2026-05-04,,,96,87,0.9102
USR00454,2026-05-03,,,96,95,0.9909
USR00454,2026-05-02,,,96,90,0.9384
USR00454,2026-05-01,,,96,91,0.9479
USR00454,2026-04-30,,,96,90,0.9326
USR00454,2026-04-29,,,96,90,0.9396
USR00454,2026-04-28,,,96,89,0.9248
USR00454,2026-04-27,,,96,87,0.9039
USR00454,2026-04-26,,,96,90,0.9418
USR00454,2026-04-25,,,96,92,0.9624
USR00454,2026-04-24,,,96,86,0.8959
USR00454,2026-04-23,,,96,94,0.9779
USR00455,2026-05-22,MP000188,MTR000188,96,89,0.9224
USR00455,2026-05-21,MP000188,MTR000188,96,88,0.9218
USR00455,2026-05-20,MP000188,MTR000188,96,95,0.9914
USR00455,2026-05-19,MP000188,MTR000188,96,93,0.9636
USR00455,2026-05-18,MP000188,MTR000188,96,93,0.9697
USR00455,2026-05-17,MP000188,MTR000188,96,89,0.928
USR00455,2026-05-16,MP000188,MTR000188,96,91,0.9521
USR00455,2026-05-15,MP000188,MTR000188,96,91,0.946
USR00455,2026-05-14,MP000188,MTR000188,96,89,0.9302
USR00455,2026-05-13,MP000188,MTR000188,96,90,0.9388
USR00455,2026-05-12,MP000188,MTR000188,96,93,0.9688
USR00455,2026-05-11,MP000188,MTR000188,96,94,0.9835
USR00455,2026-05-10,MP000188,MTR000188,96,89,0.9279
USR00455,2026-05-09,MP000188,MTR000188,96,86,0.8961
USR00455,2026-05-08,MP000188,MTR000188,96,95,0.9848
USR00455,2026-05-07,MP000188,MTR000188,96,95,0.9852
USR00455,2026-05-06,MP000188,MTR000188,96,91,0.9475
USR00455,2026-05-05,MP000188,MTR000188,96,95,0.9893
USR00455,2026-05-04,MP000188,MTR000188,96,91,0.9453
USR00455,2026-05-03,MP000188,MTR000188,96,87,0.9082
USR00455,2026-05-02,MP000188,MTR000188,96,86,0.8961
USR00455,2026-05-01,MP000188,MTR000188,96,86,0.8958
USR00455,2026-04-30,MP000188,MTR000188,96,90,0.9356
USR00455,2026-04-29,MP000188,MTR000188,96,88,0.9215
USR00455,2026-04-28,MP000188,MTR000188,96,88,0.9181
USR00455,2026-04-27,MP000188,MTR000188,96,89,0.9323
USR00455,2026-04-26,MP000188,MTR000188,96,92,0.9612
USR00455,2026-04-25,MP000188,MTR000188,96,88,0.9191
USR00455,2026-04-24,MP000188,MTR000188,96,88,0.914
USR00455,2026-04-23,MP000188,MTR000188,96,88,0.9211
USR00456,2026-05-22,,,96,93,0.9643
USR00456,2026-05-21,,,96,94,0.9748
USR00456,2026-05-20,,,96,96,1.0
USR00456,2026-05-19,,,96,96,1.0
USR00456,2026-05-18,,,96,95,0.9856
USR00456,2026-05-17,,,96,94,0.9826
USR00456,2026-05-16,,,96,89,0.9309
USR00456,2026-05-15,,,96,94,0.9774
USR00456,2026-05-14,,,96,93,0.9682
USR00456,2026-05-13,,,96,95,0.9932
USR00456,2026-05-12,,,96,92,0.9546
USR00456,2026-05-11,,,96,93,0.9724
USR00456,2026-05-10,,,96,95,0.9845
USR00456,2026-05-09,,,96,96,1.0
USR00456,2026-05-08,,,96,96,1.0
USR00456,2026-05-07,,,96,96,1.0
USR00456,2026-05-06,,,96,95,0.9882
USR00456,2026-05-05,,,96,92,0.9535
USR00456,2026-05-04,,,96,95,0.9882
USR00456,2026-05-03,,,96,91,0.9432
USR00456,2026-05-02,,,96,92,0.9602
USR00456,2026-05-01,,,96,96,1.0
USR00456,2026-04-30,,,96,94,0.9825
USR00456,2026-04-29,,,96,93,0.9732
USR00456,2026-04-28,,,96,94,0.9771
USR00456,2026-04-27,,,96,93,0.9636
USR00456,2026-04-26,,,96,87,0.9017
USR00456,2026-04-25,,,96,89,0.9285
USR00456,2026-04-24,,,96,95,0.9849
USR00456,2026-04-23,,,96,90,0.9388
USR00457,2026-05-22,MP000261,MTR000261,96,91,0.9464
USR00457,2026-05-21,MP000261,MTR000261,96,92,0.9616
USR00457,2026-05-20,MP000261,MTR000261,96,94,0.9831
USR00457,2026-05-19,MP000261,MTR000261,96,96,1.0
USR00457,2026-05-18,MP000261,MTR000261,96,96,1.0
USR00457,2026-05-17,MP000261,MTR000261,96,92,0.9612
USR00457,2026-05-16,MP000261,MTR000261,96,95,0.9924
USR00457,2026-05-15,MP000261,MTR000261,96,90,0.9404
USR00457,2026-05-14,MP000261,MTR000261,96,95,0.9849
USR00457,2026-05-13,MP000261,MTR000261,96,96,1.0
USR00457,2026-05-12,MP000261,MTR000261,96,94,0.9812
USR00457,2026-05-11,MP000261,MTR000261,96,96,1.0
USR00457,2026-05-10,MP000261,MTR000261,96,96,1.0
USR00457,2026-05-09,MP000261,MTR000261,96,95,0.9904
USR00457,2026-05-08,MP000261,MTR000261,96,94,0.9757
USR00457,2026-05-07,MP000261,MTR000261,96,93,0.9672
USR00457,2026-05-06,MP000261,MTR000261,96,90,0.9395
USR00457,2026-05-05,MP000261,MTR000261,96,91,0.9443
USR00457,2026-05-04,MP000261,MTR000261,96,96,1.0
USR00457,2026-05-03,MP000261,MTR000261,96,96,1.0
USR00457,2026-05-02,MP000261,MTR000261,96,91,0.9508
USR00457,2026-05-01,MP000261,MTR000261,96,95,0.9853
USR00457,2026-04-30,MP000261,MTR000261,96,90,0.936
USR00457,2026-04-29,MP000261,MTR000261,96,92,0.9539
USR00457,2026-04-28,MP000261,MTR000261,96,95,0.991
USR00457,2026-04-27,MP000261,MTR000261,96,93,0.9676
USR00457,2026-04-26,MP000261,MTR000261,96,89,0.9257
USR00457,2026-04-25,MP000261,MTR000261,96,96,1.0
USR00457,2026-04-24,MP000261,MTR000261,96,94,0.9817
USR00457,2026-04-23,MP000261,MTR000261,96,91,0.9501
USR00458,2026-05-22,MP000149,MTR000149,96,89,0.9285
USR00458,2026-05-21,MP000149,MTR000149,96,91,0.9436
USR00458,2026-05-20,MP000149,MTR000149,96,88,0.9207
USR00458,2026-05-19,MP000149,MTR000149,96,90,0.9404
USR00458,2026-05-18,MP000149,MTR000149,96,92,0.9592
USR00458,2026-05-17,MP000149,MTR000149,96,86,0.8914
USR00458,2026-05-16,MP000149,MTR000149,96,87,0.9101
USR00458,2026-05-15,MP000149,MTR000149,96,92,0.9561
USR00458,2026-05-14,MP000149,MTR000149,96,88,0.9144
USR00458,2026-05-13,MP000149,MTR000149,96,89,0.9285
USR00458,2026-05-12,MP000149,MTR000149,96,88,0.9168
USR00458,2026-05-11,MP000149,MTR000149,96,88,0.9187
USR00458,2026-05-10,MP000149,MTR000149,96,88,0.9161
USR00458,2026-05-09,MP000149,MTR000149,96,86,0.8932
USR00458,2026-05-08,MP000149,MTR000149,96,91,0.9447
USR00458,2026-05-07,MP000149,MTR000149,96,92,0.9628
USR00458,2026-05-06,MP000149,MTR000149,96,89,0.9256
USR00458,2026-05-05,MP000149,MTR000149,96,92,0.9594
USR00458,2026-05-04,MP000149,MTR000149,96,88,0.9162
USR00458,2026-05-03,MP000149,MTR000149,96,88,0.9144
USR00458,2026-05-02,MP000149,MTR000149,96,91,0.9432
USR00458,2026-05-01,MP000149,MTR000149,96,91,0.9437
USR00458,2026-04-30,MP000149,MTR000149,96,89,0.9275
USR00458,2026-04-29,MP000149,MTR000149,96,91,0.9512
USR00458,2026-04-28,MP000149,MTR000149,96,86,0.8923
USR00458,2026-04-27,MP000149,MTR000149,96,88,0.9218
USR00458,2026-04-26,MP000149,MTR000149,96,92,0.9599
USR00458,2026-04-25,MP000149,MTR000149,96,92,0.9598
USR00458,2026-04-24,MP000149,MTR000149,96,92,0.956
USR00458,2026-04-23,MP000149,MTR000149,96,92,0.9615
USR00459,2026-05-22,MP000110,MTR000110,96,88,0.9212
USR00459,2026-05-21,MP000110,MTR000110,96,93,0.9645
USR00459,2026-05-20,MP000110,MTR000110,96,95,0.9914
USR00459,2026-05-19,MP000110,MTR000110,96,96,0.9963
USR00459,2026-05-18,MP000110,MTR000110,96,92,0.9565
USR00459,2026-05-17,MP000110,MTR000110,96,91,0.9433
USR00459,2026-05-16,MP000110,MTR000110,96,91,0.9463
USR00459,2026-05-15,MP000110,MTR000110,96,92,0.956
USR00459,2026-05-14,MP000110,MTR000110,96,88,0.9154
USR00459,2026-05-13,MP000110,MTR000110,96,92,0.9565
USR00459,2026-05-12,MP000110,MTR000110,96,93,0.9737
USR00459,2026-05-11,MP000110,MTR000110,96,93,0.9694
USR00459,2026-05-10,MP000110,MTR000110,96,92,0.9624
USR00459,2026-05-09,MP000110,MTR000110,96,91,0.9516
USR00459,2026-05-08,MP000110,MTR000110,96,92,0.9551
USR00459,2026-05-07,MP000110,MTR000110,96,92,0.9557
USR00459,2026-05-06,MP000110,MTR000110,96,95,0.9935
USR00459,2026-05-05,MP000110,MTR000110,96,93,0.9723
USR00459,2026-05-04,MP000110,MTR000110,96,96,1.0
USR00459,2026-05-03,MP000110,MTR000110,96,92,0.9623
USR00459,2026-05-02,MP000110,MTR000110,96,95,0.9854
USR00459,2026-05-01,MP000110,MTR000110,96,92,0.963
USR00459,2026-04-30,MP000110,MTR000110,96,92,0.9623
USR00459,2026-04-29,MP000110,MTR000110,96,96,1.0
USR00459,2026-04-28,MP000110,MTR000110,96,96,1.0
USR00459,2026-04-27,MP000110,MTR000110,96,88,0.9197
USR00459,2026-04-26,MP000110,MTR000110,96,90,0.9416
USR00459,2026-04-25,MP000110,MTR000110,96,93,0.9682
USR00459,2026-04-24,MP000110,MTR000110,96,92,0.9568
USR00459,2026-04-23,MP000110,MTR000110,96,89,0.9271
USR00460,2026-05-22,,,96,87,0.9045
USR00460,2026-05-21,,,96,93,0.9646
USR00460,2026-05-20,,,96,94,0.9827
USR00460,2026-05-19,,,96,95,0.987
USR00460,2026-05-18,,,96,92,0.9565
USR00460,2026-05-17,,,96,96,1.0
USR00460,2026-05-16,,,96,93,0.9707
USR00460,2026-05-15,,,96,95,0.9862
USR00460,2026-05-14,,,96,90,0.9387
USR00460,2026-05-13,,,96,96,1.0
USR00460,2026-05-12,,,96,92,0.9607
USR00460,2026-05-11,,,96,96,1.0
USR00460,2026-05-10,,,96,96,1.0
USR00460,2026-05-09,,,96,93,0.9685
USR00460,2026-05-08,,,96,93,0.973
USR00460,2026-05-07,,,96,92,0.9554
USR00460,2026-05-06,,,96,90,0.9362
USR00460,2026-05-05,,,96,94,0.9787
USR00460,2026-05-04,,,96,94,0.9771
USR00460,2026-05-03,,,96,88,0.9122
USR00460,2026-05-02,,,96,92,0.9583
USR00460,2026-05-01,,,96,95,0.9868
USR00460,2026-04-30,,,96,96,1.0
USR00460,2026-04-29,,,96,94,0.9826
USR00460,2026-04-28,,,96,88,0.9153
USR00460,2026-04-27,,,96,89,0.9292
USR00460,2026-04-26,,,96,91,0.9504
USR00460,2026-04-25,,,96,96,1.0
USR00460,2026-04-24,,,96,90,0.9426
USR00460,2026-04-23,,,96,95,0.9926
USR00461,2026-05-22,MP000332,MTR000332,96,90,0.9399
USR00461,2026-05-21,MP000332,MTR000332,96,86,0.8957
USR00461,2026-05-20,MP000332,MTR000332,96,88,0.9181
USR00461,2026-05-19,MP000332,MTR000332,96,85,0.8899
USR00461,2026-05-18,MP000332,MTR000332,96,93,0.9672
USR00461,2026-05-17,MP000332,MTR000332,96,87,0.903
USR00461,2026-05-16,MP000332,MTR000332,96,84,0.8775
USR00461,2026-05-15,MP000332,MTR000332,96,84,0.8751
USR00461,2026-05-14,MP000332,MTR000332,96,88,0.9213
USR00461,2026-05-13,MP000332,MTR000332,96,87,0.9101
USR00461,2026-05-12,MP000332,MTR000332,96,91,0.9433
USR00461,2026-05-11,MP000332,MTR000332,96,88,0.9168
USR00461,2026-05-10,MP000332,MTR000332,96,92,0.9589
USR00461,2026-05-09,MP000332,MTR000332,96,88,0.9123
USR00461,2026-05-08,MP000332,MTR000332,96,92,0.9547
USR00461,2026-05-07,MP000332,MTR000332,96,86,0.8953
USR00461,2026-05-06,MP000332,MTR000332,96,84,0.8788
USR00461,2026-05-05,MP000332,MTR000332,96,86,0.8992
USR00461,2026-05-04,MP000332,MTR000332,96,85,0.89
USR00461,2026-05-03,MP000332,MTR000332,96,85,0.8867
USR00461,2026-05-02,MP000332,MTR000332,96,90,0.9363
USR00461,2026-05-01,MP000332,MTR000332,96,88,0.916
USR00461,2026-04-30,MP000332,MTR000332,96,89,0.9281
USR00461,2026-04-29,MP000332,MTR000332,96,90,0.9397
USR00461,2026-04-28,MP000332,MTR000332,96,84,0.8733
USR00461,2026-04-27,MP000332,MTR000332,96,90,0.941
USR00461,2026-04-26,MP000332,MTR000332,96,85,0.8877
USR00461,2026-04-25,MP000332,MTR000332,96,87,0.9066
USR00461,2026-04-24,MP000332,MTR000332,96,83,0.8671
USR00461,2026-04-23,MP000332,MTR000332,96,91,0.9435
USR00462,2026-05-22,MP000320,MTR000320,96,89,0.9321
USR00462,2026-05-21,MP000320,MTR000320,96,90,0.9343
USR00462,2026-05-20,MP000320,MTR000320,96,93,0.9643
USR00462,2026-05-19,MP000320,MTR000320,96,92,0.9634
USR00462,2026-05-18,MP000320,MTR000320,96,95,0.9925
USR00462,2026-05-17,MP000320,MTR000320,96,93,0.965
USR00462,2026-05-16,MP000320,MTR000320,96,96,0.9971
USR00462,2026-05-15,MP000320,MTR000320,96,94,0.9795
USR00462,2026-05-14,MP000320,MTR000320,96,90,0.9398
USR00462,2026-05-13,MP000320,MTR000320,96,91,0.9481
USR00462,2026-05-12,MP000320,MTR000320,96,96,1.0
USR00462,2026-05-11,MP000320,MTR000320,96,96,1.0
USR00462,2026-05-10,MP000320,MTR000320,96,95,0.9929
USR00462,2026-05-09,MP000320,MTR000320,96,96,0.9968
USR00462,2026-05-08,MP000320,MTR000320,96,94,0.9821
USR00462,2026-05-07,MP000320,MTR000320,96,94,0.9782
USR00462,2026-05-06,MP000320,MTR000320,96,93,0.9696
USR00462,2026-05-05,MP000320,MTR000320,96,96,1.0
USR00462,2026-05-04,MP000320,MTR000320,96,92,0.9542
USR00462,2026-05-03,MP000320,MTR000320,96,94,0.9754
USR00462,2026-05-02,MP000320,MTR000320,96,88,0.9169
USR00462,2026-05-01,MP000320,MTR000320,96,89,0.9252
USR00462,2026-04-30,MP000320,MTR000320,96,96,1.0
USR00462,2026-04-29,MP000320,MTR000320,96,95,0.9866
USR00462,2026-04-28,MP000320,MTR000320,96,92,0.9618
USR00462,2026-04-27,MP000320,MTR000320,96,93,0.9705
USR00462,2026-04-26,MP000320,MTR000320,96,89,0.9274
USR00462,2026-04-25,MP000320,MTR000320,96,92,0.9553
USR00462,2026-04-24,MP000320,MTR000320,96,89,0.9244
USR00462,2026-04-23,MP000320,MTR000320,96,92,0.9593
USR00463,2026-05-22,MP000197,MTR000197,96,95,0.9931
USR00463,2026-05-21,MP000197,MTR000197,96,96,1.0
USR00463,2026-05-20,MP000197,MTR000197,96,95,0.9884
USR00463,2026-05-19,MP000197,MTR000197,96,87,0.9052
USR00463,2026-05-18,MP000197,MTR000197,96,96,1.0
USR00463,2026-05-17,MP000197,MTR000197,96,92,0.9543
USR00463,2026-05-16,MP000197,MTR000197,96,95,0.9844
USR00463,2026-05-15,MP000197,MTR000197,96,94,0.9826
USR00463,2026-05-14,MP000197,MTR000197,96,95,0.9868
USR00463,2026-05-13,MP000197,MTR000197,96,94,0.981
USR00463,2026-05-12,MP000197,MTR000197,96,94,0.9815
USR00463,2026-05-11,MP000197,MTR000197,96,90,0.9399
USR00463,2026-05-10,MP000197,MTR000197,96,96,1.0
USR00463,2026-05-09,MP000197,MTR000197,96,96,0.9991
USR00463,2026-05-08,MP000197,MTR000197,96,94,0.9811
USR00463,2026-05-07,MP000197,MTR000197,96,96,1.0
USR00463,2026-05-06,MP000197,MTR000197,96,91,0.9474
USR00463,2026-05-05,MP000197,MTR000197,96,96,1.0
USR00463,2026-05-04,MP000197,MTR000197,96,92,0.9629
USR00463,2026-05-03,MP000197,MTR000197,96,95,0.9916
USR00463,2026-05-02,MP000197,MTR000197,96,95,0.9923
USR00463,2026-05-01,MP000197,MTR000197,96,87,0.9094
USR00463,2026-04-30,MP000197,MTR000197,96,90,0.9366
USR00463,2026-04-29,MP000197,MTR000197,96,96,1.0
USR00463,2026-04-28,MP000197,MTR000197,96,93,0.972
USR00463,2026-04-27,MP000197,MTR000197,96,96,1.0
USR00463,2026-04-26,MP000197,MTR000197,96,96,1.0
USR00463,2026-04-25,MP000197,MTR000197,96,93,0.9729
USR00463,2026-04-24,MP000197,MTR000197,96,93,0.9703
USR00463,2026-04-23,MP000197,MTR000197,96,96,1.0
USR00464,2026-05-22,,,96,93,0.9679
USR00464,2026-05-21,,,96,96,1.0
USR00464,2026-05-20,,,96,96,1.0
USR00464,2026-05-19,,,96,96,1.0
USR00464,2026-05-18,,,96,94,0.9796
USR00464,2026-05-17,,,96,92,0.9563
USR00464,2026-05-16,,,96,91,0.9449
USR00464,2026-05-15,,,96,90,0.9374
USR00464,2026-05-14,,,96,96,1.0
USR00464,2026-05-13,,,96,94,0.9769
USR00464,2026-05-12,,,96,90,0.9422
USR00464,2026-05-11,,,96,96,1.0
USR00464,2026-05-10,,,96,92,0.9622
USR00464,2026-05-09,,,96,92,0.957
USR00464,2026-05-08,,,96,96,1.0
USR00464,2026-05-07,,,96,90,0.9366
USR00464,2026-05-06,,,96,94,0.9836
USR00464,2026-05-05,,,96,92,0.9588
USR00464,2026-05-04,,,96,92,0.954
USR00464,2026-05-03,,,96,90,0.9326
USR00464,2026-05-02,,,96,94,0.9783
USR00464,2026-05-01,,,96,91,0.9503
USR00464,2026-04-30,,,96,95,0.9943
USR00464,2026-04-29,,,96,94,0.9751
USR00464,2026-04-28,,,96,93,0.9671
USR00464,2026-04-27,,,96,91,0.9505
USR00464,2026-04-26,,,96,96,1.0
USR00464,2026-04-25,,,96,96,0.9986
USR00464,2026-04-24,,,96,92,0.9561
USR00464,2026-04-23,,,96,90,0.9357
USR00465,2026-05-22,MP000090,MTR000090,96,92,0.9612
USR00465,2026-05-21,MP000090,MTR000090,96,92,0.9544
USR00465,2026-05-20,MP000090,MTR000090,96,92,0.9585
USR00465,2026-05-19,MP000090,MTR000090,96,89,0.9235
USR00465,2026-05-18,MP000090,MTR000090,96,91,0.9513
USR00465,2026-05-17,MP000090,MTR000090,96,92,0.9579
USR00465,2026-05-16,MP000090,MTR000090,96,89,0.925
USR00465,2026-05-15,MP000090,MTR000090,96,88,0.9164
USR00465,2026-05-14,MP000090,MTR000090,96,86,0.8978
USR00465,2026-05-13,MP000090,MTR000090,96,90,0.9399
USR00465,2026-05-12,MP000090,MTR000090,96,91,0.9439
USR00465,2026-05-11,MP000090,MTR000090,96,88,0.9149
USR00465,2026-05-10,MP000090,MTR000090,96,88,0.9184
USR00465,2026-05-09,MP000090,MTR000090,96,88,0.9206
USR00465,2026-05-08,MP000090,MTR000090,96,91,0.9508
USR00465,2026-05-07,MP000090,MTR000090,96,85,0.8859
USR00465,2026-05-06,MP000090,MTR000090,96,86,0.894
USR00465,2026-05-05,MP000090,MTR000090,96,86,0.8945
USR00465,2026-05-04,MP000090,MTR000090,96,89,0.9227
USR00465,2026-05-03,MP000090,MTR000090,96,90,0.9366
USR00465,2026-05-02,MP000090,MTR000090,96,86,0.895
USR00465,2026-05-01,MP000090,MTR000090,96,92,0.9544
USR00465,2026-04-30,MP000090,MTR000090,96,93,0.971
USR00465,2026-04-29,MP000090,MTR000090,96,90,0.9395
USR00465,2026-04-28,MP000090,MTR000090,96,92,0.9608
USR00465,2026-04-27,MP000090,MTR000090,96,86,0.8997
USR00465,2026-04-26,MP000090,MTR000090,96,86,0.9004
USR00465,2026-04-25,MP000090,MTR000090,96,90,0.9425
USR00465,2026-04-24,MP000090,MTR000090,96,89,0.926
USR00465,2026-04-23,MP000090,MTR000090,96,86,0.9003
USR00466,2026-05-22,,,96,96,1.0
USR00466,2026-05-21,,,96,96,1.0
USR00466,2026-05-20,,,96,94,0.9794
USR00466,2026-05-19,,,96,96,1.0
USR00466,2026-05-18,,,96,96,0.9949
USR00466,2026-05-17,,,96,96,1.0
USR00466,2026-05-16,,,96,94,0.9821
USR00466,2026-05-15,,,96,96,1.0
USR00466,2026-05-14,,,96,96,1.0
USR00466,2026-05-13,,,96,96,1.0
USR00466,2026-05-12,,,96,95,0.9864
USR00466,2026-05-11,,,96,96,1.0
USR00466,2026-05-10,,,96,96,1.0
USR00466,2026-05-09,,,96,92,0.9572
USR00466,2026-05-08,,,96,90,0.9344
USR00466,2026-05-07,,,96,93,0.9697
USR00466,2026-05-06,,,96,96,1.0
USR00466,2026-05-05,,,96,96,1.0
USR00466,2026-05-04,,,96,93,0.9719
USR00466,2026-05-03,,,96,92,0.9631
USR00466,2026-05-02,,,96,96,1.0
USR00466,2026-05-01,,,96,94,0.9827
USR00466,2026-04-30,,,96,95,0.9885
USR00466,2026-04-29,,,96,96,1.0
USR00466,2026-04-28,,,96,96,1.0
USR00466,2026-04-27,,,96,96,1.0
USR00466,2026-04-26,,,96,91,0.9483
USR00466,2026-04-25,,,96,92,0.9619
USR00466,2026-04-24,,,96,96,1.0
USR00466,2026-04-23,,,96,96,1.0
USR00467,2026-05-22,MP000061,MTR000061,96,91,0.9525
USR00467,2026-05-21,MP000061,MTR000061,96,96,0.9962
USR00467,2026-05-20,MP000061,MTR000061,96,96,1.0
USR00467,2026-05-19,MP000061,MTR000061,96,92,0.9627
USR00467,2026-05-18,MP000061,MTR000061,96,90,0.9423
USR00467,2026-05-17,MP000061,MTR000061,96,92,0.9546
USR00467,2026-05-16,MP000061,MTR000061,96,96,1.0
USR00467,2026-05-15,MP000061,MTR000061,96,96,1.0
USR00467,2026-05-14,MP000061,MTR000061,96,93,0.9687
USR00467,2026-05-13,MP000061,MTR000061,96,91,0.947
USR00467,2026-05-12,MP000061,MTR000061,96,96,0.9954
USR00467,2026-05-11,MP000061,MTR000061,96,96,1.0
USR00467,2026-05-10,MP000061,MTR000061,96,88,0.9193
USR00467,2026-05-09,MP000061,MTR000061,96,92,0.9559
USR00467,2026-05-08,MP000061,MTR000061,96,96,0.9976
USR00467,2026-05-07,MP000061,MTR000061,96,93,0.9651
USR00467,2026-05-06,MP000061,MTR000061,96,91,0.9482
USR00467,2026-05-05,MP000061,MTR000061,96,93,0.9684
USR00467,2026-05-04,MP000061,MTR000061,96,94,0.974
USR00467,2026-05-03,MP000061,MTR000061,96,89,0.9291
USR00467,2026-05-02,MP000061,MTR000061,96,93,0.9656
USR00467,2026-05-01,MP000061,MTR000061,96,93,0.9739
USR00467,2026-04-30,MP000061,MTR000061,96,91,0.9481
USR00467,2026-04-29,MP000061,MTR000061,96,90,0.9395
USR00467,2026-04-28,MP000061,MTR000061,96,91,0.9467
USR00467,2026-04-27,MP000061,MTR000061,96,90,0.9337
USR00467,2026-04-26,MP000061,MTR000061,96,95,0.9884
USR00467,2026-04-25,MP000061,MTR000061,96,90,0.9334
USR00467,2026-04-24,MP000061,MTR000061,96,93,0.9685
USR00467,2026-04-23,MP000061,MTR000061,96,91,0.9516
USR00468,2026-05-22,MP000552,MTR000552,96,96,1.0
USR00468,2026-05-21,MP000552,MTR000552,96,92,0.9612
USR00468,2026-05-20,MP000552,MTR000552,96,91,0.945
USR00468,2026-05-19,MP000552,MTR000552,96,90,0.9421
USR00468,2026-05-18,MP000552,MTR000552,96,94,0.9753
USR00468,2026-05-17,MP000552,MTR000552,96,95,0.9899
USR00468,2026-05-16,MP000552,MTR000552,96,96,1.0
USR00468,2026-05-15,MP000552,MTR000552,96,92,0.9601
USR00468,2026-05-14,MP000552,MTR000552,96,92,0.9583
USR00468,2026-05-13,MP000552,MTR000552,96,93,0.969
USR00468,2026-05-12,MP000552,MTR000552,96,93,0.9701
USR00468,2026-05-11,MP000552,MTR000552,96,90,0.9419
USR00468,2026-05-10,MP000552,MTR000552,96,96,1.0
USR00468,2026-05-09,MP000552,MTR000552,96,93,0.9658
USR00468,2026-05-08,MP000552,MTR000552,96,94,0.9811
USR00468,2026-05-07,MP000552,MTR000552,96,94,0.9778
USR00468,2026-05-06,MP000552,MTR000552,96,94,0.9772
USR00468,2026-05-05,MP000552,MTR000552,96,90,0.935
USR00468,2026-05-04,MP000552,MTR000552,96,93,0.9649
USR00468,2026-05-03,MP000552,MTR000552,96,96,1.0
USR00468,2026-05-02,MP000552,MTR000552,96,96,1.0
USR00468,2026-05-01,MP000552,MTR000552,96,93,0.9698
USR00468,2026-04-30,MP000552,MTR000552,96,92,0.9541
USR00468,2026-04-29,MP000552,MTR000552,96,86,0.8986
USR00468,2026-04-28,MP000552,MTR000552,96,91,0.9502
USR00468,2026-04-27,MP000552,MTR000552,96,92,0.9627
USR00468,2026-04-26,MP000552,MTR000552,96,92,0.9556
USR00468,2026-04-25,MP000552,MTR000552,96,92,0.9577
USR00468,2026-04-24,MP000552,MTR000552,96,94,0.9838
USR00468,2026-04-23,MP000552,MTR000552,96,90,0.9351
USR00469,2026-05-22,,,96,88,0.9205
USR00469,2026-05-21,,,96,86,0.8973
USR00469,2026-05-20,,,96,94,0.974
USR00469,2026-05-19,,,96,91,0.9462
USR00469,2026-05-18,,,96,86,0.9002
USR00469,2026-05-17,,,96,90,0.9393
USR00469,2026-05-16,,,96,85,0.8821
USR00469,2026-05-15,,,96,87,0.9039
USR00469,2026-05-14,,,96,93,0.9636
USR00469,2026-05-13,,,96,90,0.9343
USR00469,2026-05-12,,,96,89,0.9319
USR00469,2026-05-11,,,96,92,0.9534
USR00469,2026-05-10,,,96,90,0.9421
USR00469,2026-05-09,,,96,88,0.9158
USR00469,2026-05-08,,,96,91,0.9519
USR00469,2026-05-07,,,96,84,0.8731
USR00469,2026-05-06,,,96,87,0.9037
USR00469,2026-05-05,,,96,88,0.9208
USR00469,2026-05-04,,,96,90,0.9402
USR00469,2026-05-03,,,96,88,0.914
USR00469,2026-05-02,,,96,84,0.8702
USR00469,2026-05-01,,,96,83,0.866
USR00469,2026-04-30,,,96,88,0.9217
USR00469,2026-04-29,,,96,87,0.9094
USR00469,2026-04-28,,,96,86,0.8965
USR00469,2026-04-27,,,96,86,0.8914
USR00469,2026-04-26,,,96,89,0.9278
USR00469,2026-04-25,,,96,92,0.9628
USR00469,2026-04-24,,,96,89,0.9278
USR00469,2026-04-23,,,96,92,0.9632
USR00470,2026-05-22,MP000068,MTR000068,96,90,0.9361
USR00470,2026-05-21,MP000068,MTR000068,96,92,0.9633
USR00470,2026-05-20,MP000068,MTR000068,96,88,0.918
USR00470,2026-05-19,MP000068,MTR000068,96,89,0.9235
USR00470,2026-05-18,MP000068,MTR000068,96,88,0.9115
USR00470,2026-05-17,MP000068,MTR000068,96,90,0.9405
USR00470,2026-05-16,MP000068,MTR000068,96,91,0.9498
USR00470,2026-05-15,MP000068,MTR000068,96,90,0.9333
USR00470,2026-05-14,MP000068,MTR000068,96,88,0.9159
USR00470,2026-05-13,MP000068,MTR000068,96,84,0.8778
USR00470,2026-05-12,MP000068,MTR000068,96,88,0.9213
USR00470,2026-05-11,MP000068,MTR000068,96,88,0.917
USR00470,2026-05-10,MP000068,MTR000068,96,89,0.9298
USR00470,2026-05-09,MP000068,MTR000068,96,89,0.9263
USR00470,2026-05-08,MP000068,MTR000068,96,93,0.9699
USR00470,2026-05-07,MP000068,MTR000068,96,87,0.9019
USR00470,2026-05-06,MP000068,MTR000068,96,84,0.8755
USR00470,2026-05-05,MP000068,MTR000068,96,85,0.8885
USR00470,2026-05-04,MP000068,MTR000068,96,87,0.9037
USR00470,2026-05-03,MP000068,MTR000068,96,92,0.9552
USR00470,2026-05-02,MP000068,MTR000068,96,85,0.8838
USR00470,2026-05-01,MP000068,MTR000068,96,85,0.8878
USR00470,2026-04-30,MP000068,MTR000068,96,90,0.9352
USR00470,2026-04-29,MP000068,MTR000068,96,91,0.9482
USR00470,2026-04-28,MP000068,MTR000068,96,84,0.8763
USR00470,2026-04-27,MP000068,MTR000068,96,83,0.8696
USR00470,2026-04-26,MP000068,MTR000068,96,86,0.8992
USR00470,2026-04-25,MP000068,MTR000068,96,90,0.9425
USR00470,2026-04-24,MP000068,MTR000068,96,89,0.927
USR00470,2026-04-23,MP000068,MTR000068,96,86,0.9002
USR00471,2026-05-22,MP000475,MTR000475,96,96,0.9979
USR00471,2026-05-21,MP000475,MTR000475,96,95,0.991
USR00471,2026-05-20,MP000475,MTR000475,96,91,0.9457
USR00471,2026-05-19,MP000475,MTR000475,96,93,0.9711
USR00471,2026-05-18,MP000475,MTR000475,96,96,1.0
USR00471,2026-05-17,MP000475,MTR000475,96,94,0.9841
USR00471,2026-05-16,MP000475,MTR000475,96,93,0.9655
USR00471,2026-05-15,MP000475,MTR000475,96,94,0.9827
USR00471,2026-05-14,MP000475,MTR000475,96,96,0.9978
USR00471,2026-05-13,MP000475,MTR000475,96,96,1.0
USR00471,2026-05-12,MP000475,MTR000475,96,96,1.0
USR00471,2026-05-11,MP000475,MTR000475,96,93,0.9739
USR00471,2026-05-10,MP000475,MTR000475,96,96,1.0
USR00471,2026-05-09,MP000475,MTR000475,96,96,1.0
USR00471,2026-05-08,MP000475,MTR000475,96,94,0.9808
USR00471,2026-05-07,MP000475,MTR000475,96,95,0.9903
USR00471,2026-05-06,MP000475,MTR000475,96,96,1.0
USR00471,2026-05-05,MP000475,MTR000475,96,96,1.0
USR00471,2026-05-04,MP000475,MTR000475,96,91,0.9486
USR00471,2026-05-03,MP000475,MTR000475,96,96,0.9963
USR00471,2026-05-02,MP000475,MTR000475,96,95,0.9932
USR00471,2026-05-01,MP000475,MTR000475,96,94,0.9771
USR00471,2026-04-30,MP000475,MTR000475,96,94,0.9769
USR00471,2026-04-29,MP000475,MTR000475,96,96,1.0
USR00471,2026-04-28,MP000475,MTR000475,96,96,1.0
USR00471,2026-04-27,MP000475,MTR000475,96,96,1.0
USR00471,2026-04-26,MP000475,MTR000475,96,94,0.9771
USR00471,2026-04-25,MP000475,MTR000475,96,96,0.9983
USR00471,2026-04-24,MP000475,MTR000475,96,96,1.0
USR00471,2026-04-23,MP000475,MTR000475,96,96,1.0
USR00472,2026-05-22,MP000270,MTR000270,96,96,0.9965
USR00472,2026-05-21,MP000270,MTR000270,96,92,0.9609
USR00472,2026-05-20,MP000270,MTR000270,96,93,0.9724
USR00472,2026-05-19,MP000270,MTR000270,96,96,0.998
USR00472,2026-05-18,MP000270,MTR000270,96,96,1.0
USR00472,2026-05-17,MP000270,MTR000270,96,91,0.9503
USR00472,2026-05-16,MP000270,MTR000270,96,92,0.9586
USR00472,2026-05-15,MP000270,MTR000270,96,96,1.0
USR00472,2026-05-14,MP000270,MTR000270,96,92,0.9549
USR00472,2026-05-13,MP000270,MTR000270,96,92,0.96
USR00472,2026-05-12,MP000270,MTR000270,96,96,1.0
USR00472,2026-05-11,MP000270,MTR000270,96,95,0.9871
USR00472,2026-05-10,MP000270,MTR000270,96,95,0.9848
USR00472,2026-05-09,MP000270,MTR000270,96,96,1.0
USR00472,2026-05-08,MP000270,MTR000270,96,92,0.9618
USR00472,2026-05-07,MP000270,MTR000270,96,92,0.9558
USR00472,2026-05-06,MP000270,MTR000270,96,96,1.0
USR00472,2026-05-05,MP000270,MTR000270,96,96,1.0
USR00472,2026-05-04,MP000270,MTR000270,96,96,1.0
USR00472,2026-05-03,MP000270,MTR000270,96,95,0.9844
USR00472,2026-05-02,MP000270,MTR000270,96,95,0.9905
USR00472,2026-05-01,MP000270,MTR000270,96,93,0.9726
USR00472,2026-04-30,MP000270,MTR000270,96,96,1.0
USR00472,2026-04-29,MP000270,MTR000270,96,96,1.0
USR00472,2026-04-28,MP000270,MTR000270,96,96,0.9996
USR00472,2026-04-27,MP000270,MTR000270,96,96,1.0
USR00472,2026-04-26,MP000270,MTR000270,96,96,1.0
USR00472,2026-04-25,MP000270,MTR000270,96,92,0.9623
USR00472,2026-04-24,MP000270,MTR000270,96,95,0.9894
USR00472,2026-04-23,MP000270,MTR000270,96,94,0.9803
USR00473,2026-05-22,MP000206,MTR000206,96,90,0.9417
USR00473,2026-05-21,MP000206,MTR000206,96,89,0.9317
USR00473,2026-05-20,MP000206,MTR000206,96,92,0.9583
USR00473,2026-05-19,MP000206,MTR000206,96,84,0.8719
USR00473,2026-05-18,MP000206,MTR000206,96,87,0.9098
USR00473,2026-05-17,MP000206,MTR000206,96,88,0.9124
USR00473,2026-05-16,MP000206,MTR000206,96,90,0.9355
USR00473,2026-05-15,MP000206,MTR000206,96,91,0.9445
USR00473,2026-05-14,MP000206,MTR000206,96,89,0.9279
USR00473,2026-05-13,MP000206,MTR000206,96,85,0.8885
USR00473,2026-05-12,MP000206,MTR000206,96,90,0.9401
USR00473,2026-05-11,MP000206,MTR000206,96,89,0.9317
USR00473,2026-05-10,MP000206,MTR000206,96,85,0.8838
USR00473,2026-05-09,MP000206,MTR000206,96,88,0.919
USR00473,2026-05-08,MP000206,MTR000206,96,90,0.9391
USR00473,2026-05-07,MP000206,MTR000206,96,94,0.9775
USR00473,2026-05-06,MP000206,MTR000206,96,86,0.8952
USR00473,2026-05-05,MP000206,MTR000206,96,91,0.9516
USR00473,2026-05-04,MP000206,MTR000206,96,86,0.8956
USR00473,2026-05-03,MP000206,MTR000206,96,85,0.8898
USR00473,2026-05-02,MP000206,MTR000206,96,86,0.8916
USR00473,2026-05-01,MP000206,MTR000206,96,91,0.9461
USR00473,2026-04-30,MP000206,MTR000206,96,89,0.9318
USR00473,2026-04-29,MP000206,MTR000206,96,88,0.9185
USR00473,2026-04-28,MP000206,MTR000206,96,90,0.9416
USR00473,2026-04-27,MP000206,MTR000206,96,89,0.9291
USR00473,2026-04-26,MP000206,MTR000206,96,89,0.9312
USR00473,2026-04-25,MP000206,MTR000206,96,88,0.9188
USR00473,2026-04-24,MP000206,MTR000206,96,86,0.8971
USR00473,2026-04-23,MP000206,MTR000206,96,94,0.9786
USR00474,2026-05-22,MP000067,MTR000067,96,96,1.0
USR00474,2026-05-21,MP000067,MTR000067,96,92,0.9619
USR00474,2026-05-20,MP000067,MTR000067,96,92,0.9576
USR00474,2026-05-19,MP000067,MTR000067,96,93,0.9656
USR00474,2026-05-18,MP000067,MTR000067,96,96,1.0
USR00474,2026-05-17,MP000067,MTR000067,96,94,0.978
USR00474,2026-05-16,MP000067,MTR000067,96,92,0.9618
USR00474,2026-05-15,MP000067,MTR000067,96,95,0.989
USR00474,2026-05-14,MP000067,MTR000067,96,92,0.956
USR00474,2026-05-13,MP000067,MTR000067,96,90,0.9374
USR00474,2026-05-12,MP000067,MTR000067,96,94,0.9819
USR00474,2026-05-11,MP000067,MTR000067,96,92,0.9626
USR00474,2026-05-10,MP000067,MTR000067,96,94,0.9776
USR00474,2026-05-09,MP000067,MTR000067,96,86,0.8975
USR00474,2026-05-08,MP000067,MTR000067,96,91,0.9513
USR00474,2026-05-07,MP000067,MTR000067,96,94,0.9767
USR00474,2026-05-06,MP000067,MTR000067,96,90,0.9326
USR00474,2026-05-05,MP000067,MTR000067,96,90,0.9336
USR00474,2026-05-04,MP000067,MTR000067,96,94,0.9792
USR00474,2026-05-03,MP000067,MTR000067,96,96,0.9991
USR00474,2026-05-02,MP000067,MTR000067,96,91,0.9513
USR00474,2026-05-01,MP000067,MTR000067,96,93,0.9702
USR00474,2026-04-30,MP000067,MTR000067,96,93,0.9709
USR00474,2026-04-29,MP000067,MTR000067,96,89,0.9312
USR00474,2026-04-28,MP000067,MTR000067,96,96,1.0
USR00474,2026-04-27,MP000067,MTR000067,96,93,0.9726
USR00474,2026-04-26,MP000067,MTR000067,96,93,0.9729
USR00474,2026-04-25,MP000067,MTR000067,96,95,0.9892
USR00474,2026-04-24,MP000067,MTR000067,96,89,0.9313
USR00474,2026-04-23,MP000067,MTR000067,96,96,1.0
USR00475,2026-05-22,MP000307,MTR000307,96,91,0.9501
USR00475,2026-05-21,MP000307,MTR000307,96,92,0.9597
USR00475,2026-05-20,MP000307,MTR000307,96,90,0.9361
USR00475,2026-05-19,MP000307,MTR000307,96,93,0.9717
USR00475,2026-05-18,MP000307,MTR000307,96,88,0.9212
USR00475,2026-05-17,MP000307,MTR000307,96,91,0.9449
USR00475,2026-05-16,MP000307,MTR000307,96,91,0.9467
USR00475,2026-05-15,MP000307,MTR000307,96,91,0.9447
USR00475,2026-05-14,MP000307,MTR000307,96,94,0.9779
USR00475,2026-05-13,MP000307,MTR000307,96,96,1.0
USR00475,2026-05-12,MP000307,MTR000307,96,90,0.9425
USR00475,2026-05-11,MP000307,MTR000307,96,92,0.9599
USR00475,2026-05-10,MP000307,MTR000307,96,88,0.9218
USR00475,2026-05-09,MP000307,MTR000307,96,94,0.9768
USR00475,2026-05-08,MP000307,MTR000307,96,89,0.9303
USR00475,2026-05-07,MP000307,MTR000307,96,96,1.0
USR00475,2026-05-06,MP000307,MTR000307,96,86,0.8957
USR00475,2026-05-05,MP000307,MTR000307,96,96,1.0
USR00475,2026-05-04,MP000307,MTR000307,96,94,0.9756
USR00475,2026-05-03,MP000307,MTR000307,96,88,0.9122
USR00475,2026-05-02,MP000307,MTR000307,96,96,1.0
USR00475,2026-05-01,MP000307,MTR000307,96,88,0.918
USR00475,2026-04-30,MP000307,MTR000307,96,90,0.9364
USR00475,2026-04-29,MP000307,MTR000307,96,87,0.9069
USR00475,2026-04-28,MP000307,MTR000307,96,90,0.9414
USR00475,2026-04-27,MP000307,MTR000307,96,91,0.9443
USR00475,2026-04-26,MP000307,MTR000307,96,93,0.9707
USR00475,2026-04-25,MP000307,MTR000307,96,96,1.0
USR00475,2026-04-24,MP000307,MTR000307,96,89,0.9305
USR00475,2026-04-23,MP000307,MTR000307,96,83,0.8633
USR00476,2026-05-22,MP000071,MTR000071,96,88,0.92
USR00476,2026-05-21,MP000071,MTR000071,96,95,0.9911
USR00476,2026-05-20,MP000071,MTR000071,96,90,0.9355
USR00476,2026-05-19,MP000071,MTR000071,96,88,0.9137
USR00476,2026-05-18,MP000071,MTR000071,96,87,0.9061
USR00476,2026-05-17,MP000071,MTR000071,96,92,0.9552
USR00476,2026-05-16,MP000071,MTR000071,96,89,0.9283
USR00476,2026-05-15,MP000071,MTR000071,96,94,0.9805
USR00476,2026-05-14,MP000071,MTR000071,96,89,0.9302
USR00476,2026-05-13,MP000071,MTR000071,96,94,0.979
USR00476,2026-05-12,MP000071,MTR000071,96,86,0.8951
USR00476,2026-05-11,MP000071,MTR000071,96,85,0.8844
USR00476,2026-05-10,MP000071,MTR000071,96,92,0.9614
USR00476,2026-05-09,MP000071,MTR000071,96,89,0.9226
USR00476,2026-05-08,MP000071,MTR000071,96,89,0.9286
USR00476,2026-05-07,MP000071,MTR000071,96,87,0.9062
USR00476,2026-05-06,MP000071,MTR000071,96,87,0.904
USR00476,2026-05-05,MP000071,MTR000071,96,92,0.9556
USR00476,2026-05-04,MP000071,MTR000071,96,90,0.936
USR00476,2026-05-03,MP000071,MTR000071,96,87,0.9047
USR00476,2026-05-02,MP000071,MTR000071,96,92,0.9602
USR00476,2026-05-01,MP000071,MTR000071,96,93,0.9718
USR00476,2026-04-30,MP000071,MTR000071,96,90,0.9333
USR00476,2026-04-29,MP000071,MTR000071,96,93,0.9666
USR00476,2026-04-28,MP000071,MTR000071,96,87,0.9065
USR00476,2026-04-27,MP000071,MTR000071,96,92,0.9538
USR00476,2026-04-26,MP000071,MTR000071,96,90,0.9414
USR00476,2026-04-25,MP000071,MTR000071,96,88,0.9128
USR00476,2026-04-24,MP000071,MTR000071,96,96,0.9981
USR00476,2026-04-23,MP000071,MTR000071,96,91,0.9435
USR00477,2026-05-22,MP000287,MTR000287,96,92,0.9623
USR00477,2026-05-21,MP000287,MTR000287,96,90,0.9356
USR00477,2026-05-20,MP000287,MTR000287,96,89,0.927
USR00477,2026-05-19,MP000287,MTR000287,96,91,0.9482
USR00477,2026-05-18,MP000287,MTR000287,96,91,0.9503
USR00477,2026-05-17,MP000287,MTR000287,96,90,0.9376
USR00477,2026-05-16,MP000287,MTR000287,96,96,0.9992
USR00477,2026-05-15,MP000287,MTR000287,96,90,0.9387
USR00477,2026-05-14,MP000287,MTR000287,96,90,0.9337
USR00477,2026-05-13,MP000287,MTR000287,96,89,0.9261
USR00477,2026-05-12,MP000287,MTR000287,96,89,0.9233
USR00477,2026-05-11,MP000287,MTR000287,96,95,0.9925
USR00477,2026-05-10,MP000287,MTR000287,96,93,0.9695
USR00477,2026-05-09,MP000287,MTR000287,96,94,0.9824
USR00477,2026-05-08,MP000287,MTR000287,96,95,0.9923
USR00477,2026-05-07,MP000287,MTR000287,96,91,0.9517
USR00477,2026-05-06,MP000287,MTR000287,96,96,1.0
USR00477,2026-05-05,MP000287,MTR000287,96,91,0.9429
USR00477,2026-05-04,MP000287,MTR000287,96,89,0.9288
USR00477,2026-05-03,MP000287,MTR000287,96,93,0.9729
USR00477,2026-05-02,MP000287,MTR000287,96,93,0.966
USR00477,2026-05-01,MP000287,MTR000287,96,93,0.966
USR00477,2026-04-30,MP000287,MTR000287,96,95,0.9922
USR00477,2026-04-29,MP000287,MTR000287,96,93,0.9649
USR00477,2026-04-28,MP000287,MTR000287,96,93,0.9711
USR00477,2026-04-27,MP000287,MTR000287,96,96,1.0
USR00477,2026-04-26,MP000287,MTR000287,96,93,0.9697
USR00477,2026-04-25,MP000287,MTR000287,96,94,0.9765
USR00477,2026-04-24,MP000287,MTR000287,96,88,0.9192
USR00477,2026-04-23,MP000287,MTR000287,96,96,1.0
USR00478,2026-05-22,MP000494,MTR000494,96,89,0.9229
USR00478,2026-05-21,MP000494,MTR000494,96,89,0.9219
USR00478,2026-05-20,MP000494,MTR000494,96,96,1.0
USR00478,2026-05-19,MP000494,MTR000494,96,88,0.921
USR00478,2026-05-18,MP000494,MTR000494,96,91,0.9523
USR00478,2026-05-17,MP000494,MTR000494,96,89,0.9221
USR00478,2026-05-16,MP000494,MTR000494,96,87,0.9078
USR00478,2026-05-15,MP000494,MTR000494,96,92,0.9561
USR00478,2026-05-14,MP000494,MTR000494,96,88,0.9175
USR00478,2026-05-13,MP000494,MTR000494,96,91,0.9453
USR00478,2026-05-12,MP000494,MTR000494,96,92,0.9578
USR00478,2026-05-11,MP000494,MTR000494,96,96,0.9962
USR00478,2026-05-10,MP000494,MTR000494,96,87,0.9012
USR00478,2026-05-09,MP000494,MTR000494,96,90,0.9344
USR00478,2026-05-08,MP000494,MTR000494,96,90,0.9357
USR00478,2026-05-07,MP000494,MTR000494,96,90,0.9391
USR00478,2026-05-06,MP000494,MTR000494,96,96,1.0
USR00478,2026-05-05,MP000494,MTR000494,96,90,0.9338
USR00478,2026-05-04,MP000494,MTR000494,96,83,0.8634
USR00478,2026-05-03,MP000494,MTR000494,96,90,0.9331
USR00478,2026-05-02,MP000494,MTR000494,96,90,0.9355
USR00478,2026-05-01,MP000494,MTR000494,96,89,0.9318
USR00478,2026-04-30,MP000494,MTR000494,96,88,0.9175
USR00478,2026-04-29,MP000494,MTR000494,96,86,0.8994
USR00478,2026-04-28,MP000494,MTR000494,96,96,1.0
USR00478,2026-04-27,MP000494,MTR000494,96,91,0.9486
USR00478,2026-04-26,MP000494,MTR000494,96,90,0.9333
USR00478,2026-04-25,MP000494,MTR000494,96,96,1.0
USR00478,2026-04-24,MP000494,MTR000494,96,88,0.913
USR00478,2026-04-23,MP000494,MTR000494,96,92,0.9571
USR00479,2026-05-22,,,96,93,0.9698
USR00479,2026-05-21,,,96,88,0.9132
USR00479,2026-05-20,,,96,92,0.9614
USR00479,2026-05-19,,,96,96,1.0
USR00479,2026-05-18,,,96,91,0.95
USR00479,2026-05-17,,,96,85,0.8815
USR00479,2026-05-16,,,96,91,0.9483
USR00479,2026-05-15,,,96,92,0.9617
USR00479,2026-05-14,,,96,94,0.9743
USR00479,2026-05-13,,,96,95,0.9915
USR00479,2026-05-12,,,96,95,0.993
USR00479,2026-05-11,,,96,91,0.9433
USR00479,2026-05-10,,,96,89,0.9275
USR00479,2026-05-09,,,96,88,0.9137
USR00479,2026-05-08,,,96,89,0.931
USR00479,2026-05-07,,,96,92,0.9615
USR00479,2026-05-06,,,96,87,0.9068
USR00479,2026-05-05,,,96,88,0.9194
USR00479,2026-05-04,,,96,93,0.9641
USR00479,2026-05-03,,,96,89,0.9278
USR00479,2026-05-02,,,96,92,0.9583
USR00479,2026-05-01,,,96,89,0.9228
USR00479,2026-04-30,,,96,92,0.9559
USR00479,2026-04-29,,,96,89,0.9241
USR00479,2026-04-28,,,96,85,0.8902
USR00479,2026-04-27,,,96,94,0.9759
USR00479,2026-04-26,,,96,89,0.9264
USR00479,2026-04-25,,,96,90,0.9398
USR00479,2026-04-24,,,96,89,0.9265
USR00479,2026-04-23,,,96,93,0.9636
USR00480,2026-05-22,,,96,95,0.9885
USR00480,2026-05-21,,,96,92,0.9558
USR00480,2026-05-20,,,96,93,0.9708
USR00480,2026-05-19,,,96,95,0.9848
USR00480,2026-05-18,,,96,96,1.0
USR00480,2026-05-17,,,96,94,0.9815
USR00480,2026-05-16,,,96,90,0.9422
USR00480,2026-05-15,,,96,94,0.9803
USR00480,2026-05-14,,,96,93,0.9673
USR00480,2026-05-13,,,96,88,0.9123
USR00480,2026-05-12,,,96,88,0.9169
USR00480,2026-05-11,,,96,93,0.9703
USR00480,2026-05-10,,,96,93,0.9728
USR00480,2026-05-09,,,96,92,0.9634
USR00480,2026-05-08,,,96,96,0.9988
USR00480,2026-05-07,,,96,91,0.9442
USR00480,2026-05-06,,,96,89,0.9307
USR00480,2026-05-05,,,96,91,0.9475
USR00480,2026-05-04,,,96,92,0.954
USR00480,2026-05-03,,,96,93,0.9705
USR00480,2026-05-02,,,96,91,0.9483
USR00480,2026-05-01,,,96,87,0.908
USR00480,2026-04-30,,,96,86,0.8952
USR00480,2026-04-29,,,96,94,0.976
USR00480,2026-04-28,,,96,90,0.9384
USR00480,2026-04-27,,,96,88,0.9121
USR00480,2026-04-26,,,96,95,0.991
USR00480,2026-04-25,,,96,96,1.0
USR00480,2026-04-24,,,96,93,0.9694
USR00480,2026-04-23,,,96,94,0.9803
USR00481,2026-05-22,MP000199,MTR000199,96,86,0.8923
USR00481,2026-05-21,MP000199,MTR000199,96,95,0.9883
USR00481,2026-05-20,MP000199,MTR000199,96,96,0.9989
USR00481,2026-05-19,MP000199,MTR000199,96,96,1.0
USR00481,2026-05-18,MP000199,MTR000199,96,91,0.9485
USR00481,2026-05-17,MP000199,MTR000199,96,89,0.9276
USR00481,2026-05-16,MP000199,MTR000199,96,96,1.0
USR00481,2026-05-15,MP000199,MTR000199,96,94,0.9766
USR00481,2026-05-14,MP000199,MTR000199,96,95,0.9879
USR00481,2026-05-13,MP000199,MTR000199,96,90,0.9423
USR00481,2026-05-12,MP000199,MTR000199,96,93,0.9698
USR00481,2026-05-11,MP000199,MTR000199,96,89,0.9301
USR00481,2026-05-10,MP000199,MTR000199,96,92,0.9615
USR00481,2026-05-09,MP000199,MTR000199,96,91,0.9512
USR00481,2026-05-08,MP000199,MTR000199,96,96,1.0
USR00481,2026-05-07,MP000199,MTR000199,96,94,0.9781
USR00481,2026-05-06,MP000199,MTR000199,96,86,0.8971
USR00481,2026-05-05,MP000199,MTR000199,96,92,0.9616
USR00481,2026-05-04,MP000199,MTR000199,96,93,0.9727
USR00481,2026-05-03,MP000199,MTR000199,96,91,0.9474
USR00481,2026-05-02,MP000199,MTR000199,96,89,0.9286
USR00481,2026-05-01,MP000199,MTR000199,96,94,0.9815
USR00481,2026-04-30,MP000199,MTR000199,96,90,0.9328
USR00481,2026-04-29,MP000199,MTR000199,96,94,0.9789
USR00481,2026-04-28,MP000199,MTR000199,96,89,0.9303
USR00481,2026-04-27,MP000199,MTR000199,96,91,0.9457
USR00481,2026-04-26,MP000199,MTR000199,96,95,0.9904
USR00481,2026-04-25,MP000199,MTR000199,96,94,0.9763
USR00481,2026-04-24,MP000199,MTR000199,96,92,0.9626
USR00481,2026-04-23,MP000199,MTR000199,96,92,0.9608
USR00482,2026-05-22,,,96,89,0.9269
USR00482,2026-05-21,,,96,87,0.9052
USR00482,2026-05-20,,,96,93,0.9677
USR00482,2026-05-19,,,96,96,0.9966
USR00482,2026-05-18,,,96,93,0.9688
USR00482,2026-05-17,,,96,92,0.9583
USR00482,2026-05-16,,,96,88,0.9144
USR00482,2026-05-15,,,96,94,0.977
USR00482,2026-05-14,,,96,93,0.9651
USR00482,2026-05-13,,,96,93,0.9735
USR00482,2026-05-12,,,96,94,0.9817
USR00482,2026-05-11,,,96,96,0.9982
USR00482,2026-05-10,,,96,88,0.9172
USR00482,2026-05-09,,,96,88,0.912
USR00482,2026-05-08,,,96,92,0.9551
USR00482,2026-05-07,,,96,89,0.923
USR00482,2026-05-06,,,96,88,0.9178
USR00482,2026-05-05,,,96,95,0.9873
USR00482,2026-05-04,,,96,88,0.9204
USR00482,2026-05-03,,,96,91,0.9503
USR00482,2026-05-02,,,96,87,0.9017
USR00482,2026-05-01,,,96,91,0.9525
USR00482,2026-04-30,,,96,95,0.9861
USR00482,2026-04-29,,,96,95,0.987
USR00482,2026-04-28,,,96,94,0.982
USR00482,2026-04-27,,,96,91,0.9483
USR00482,2026-04-26,,,96,94,0.984
USR00482,2026-04-25,,,96,93,0.9636
USR00482,2026-04-24,,,96,90,0.9375
USR00482,2026-04-23,,,96,92,0.9621
USR00483,2026-05-22,MP000020,MTR000020,96,86,0.8989
USR00483,2026-05-21,MP000020,MTR000020,96,87,0.9069
USR00483,2026-05-20,MP000020,MTR000020,96,90,0.9344
USR00483,2026-05-19,MP000020,MTR000020,96,87,0.9021
USR00483,2026-05-18,MP000020,MTR000020,96,87,0.9017
USR00483,2026-05-17,MP000020,MTR000020,96,89,0.9261
USR00483,2026-05-16,MP000020,MTR000020,96,93,0.9685
USR00483,2026-05-15,MP000020,MTR000020,96,93,0.968
USR00483,2026-05-14,MP000020,MTR000020,96,91,0.9484
USR00483,2026-05-13,MP000020,MTR000020,96,91,0.9442
USR00483,2026-05-12,MP000020,MTR000020,96,96,1.0
USR00483,2026-05-11,MP000020,MTR000020,96,89,0.9226
USR00483,2026-05-10,MP000020,MTR000020,96,91,0.946
USR00483,2026-05-09,MP000020,MTR000020,96,88,0.9211
USR00483,2026-05-08,MP000020,MTR000020,96,86,0.9001
USR00483,2026-05-07,MP000020,MTR000020,96,94,0.9743
USR00483,2026-05-06,MP000020,MTR000020,96,89,0.9296
USR00483,2026-05-05,MP000020,MTR000020,96,92,0.9596
USR00483,2026-05-04,MP000020,MTR000020,96,89,0.9314
USR00483,2026-05-03,MP000020,MTR000020,96,94,0.9762
USR00483,2026-05-02,MP000020,MTR000020,96,87,0.9088
USR00483,2026-05-01,MP000020,MTR000020,96,93,0.9737
USR00483,2026-04-30,MP000020,MTR000020,96,93,0.9656
USR00483,2026-04-29,MP000020,MTR000020,96,85,0.8849
USR00483,2026-04-28,MP000020,MTR000020,96,89,0.9233
USR00483,2026-04-27,MP000020,MTR000020,96,93,0.9694
USR00483,2026-04-26,MP000020,MTR000020,96,95,0.9879
USR00483,2026-04-25,MP000020,MTR000020,96,92,0.9602
USR00483,2026-04-24,MP000020,MTR000020,96,89,0.9269
USR00483,2026-04-23,MP000020,MTR000020,96,87,0.9097
USR00484,2026-05-22,MP000290,MTR000290,96,94,0.9812
USR00484,2026-05-21,MP000290,MTR000290,96,94,0.9825
USR00484,2026-05-20,MP000290,MTR000290,96,95,0.9873
USR00484,2026-05-19,MP000290,MTR000290,96,96,1.0
USR00484,2026-05-18,MP000290,MTR000290,96,96,1.0
USR00484,2026-05-17,MP000290,MTR000290,96,96,1.0
USR00484,2026-05-16,MP000290,MTR000290,96,95,0.9943
USR00484,2026-05-15,MP000290,MTR000290,96,93,0.967
USR00484,2026-05-14,MP000290,MTR000290,96,96,1.0
USR00484,2026-05-13,MP000290,MTR000290,96,96,1.0
USR00484,2026-05-12,MP000290,MTR000290,96,96,1.0
USR00484,2026-05-11,MP000290,MTR000290,96,96,1.0
USR00484,2026-05-10,MP000290,MTR000290,96,94,0.9793
USR00484,2026-05-09,MP000290,MTR000290,96,96,1.0
USR00484,2026-05-08,MP000290,MTR000290,96,96,1.0
USR00484,2026-05-07,MP000290,MTR000290,96,96,1.0
USR00484,2026-05-06,MP000290,MTR000290,96,95,0.9909
USR00484,2026-05-05,MP000290,MTR000290,96,93,0.9734
USR00484,2026-05-04,MP000290,MTR000290,96,96,1.0
USR00484,2026-05-03,MP000290,MTR000290,96,93,0.9673
USR00484,2026-05-02,MP000290,MTR000290,96,93,0.9645
USR00484,2026-05-01,MP000290,MTR000290,96,96,0.9989
USR00484,2026-04-30,MP000290,MTR000290,96,95,0.9879
USR00484,2026-04-29,MP000290,MTR000290,96,96,1.0
USR00484,2026-04-28,MP000290,MTR000290,96,96,1.0
USR00484,2026-04-27,MP000290,MTR000290,96,92,0.9576
USR00484,2026-04-26,MP000290,MTR000290,96,93,0.9713
USR00484,2026-04-25,MP000290,MTR000290,96,93,0.9677
USR00484,2026-04-24,MP000290,MTR000290,96,96,1.0
USR00484,2026-04-23,MP000290,MTR000290,96,96,1.0
USR00485,2026-05-22,,,96,95,0.9889
USR00485,2026-05-21,,,96,91,0.9487
USR00485,2026-05-20,,,96,92,0.9602
USR00485,2026-05-19,,,96,91,0.9434
USR00485,2026-05-18,,,96,95,0.9868
USR00485,2026-05-17,,,96,95,0.9867
USR00485,2026-05-16,,,96,91,0.9529
USR00485,2026-05-15,,,96,96,0.9951
USR00485,2026-05-14,,,96,96,1.0
USR00485,2026-05-13,,,96,91,0.9515
USR00485,2026-05-12,,,96,93,0.9727
USR00485,2026-05-11,,,96,96,0.9978
USR00485,2026-05-10,,,96,94,0.9823
USR00485,2026-05-09,,,96,90,0.9413
USR00485,2026-05-08,,,96,93,0.9692
USR00485,2026-05-07,,,96,93,0.9682
USR00485,2026-05-06,,,96,94,0.9773
USR00485,2026-05-05,,,96,94,0.9786
USR00485,2026-05-04,,,96,96,1.0
USR00485,2026-05-03,,,96,94,0.9762
USR00485,2026-05-02,,,96,89,0.9309
USR00485,2026-05-01,,,96,95,0.9852
USR00485,2026-04-30,,,96,96,1.0
USR00485,2026-04-29,,,96,94,0.9774
USR00485,2026-04-28,,,96,93,0.9693
USR00485,2026-04-27,,,96,93,0.9733
USR00485,2026-04-26,,,96,96,1.0
USR00485,2026-04-25,,,96,93,0.9732
USR00485,2026-04-24,,,96,90,0.937
USR00485,2026-04-23,,,96,92,0.9623
USR00486,2026-05-22,,,96,59,0.6094
USR00486,2026-05-21,,,96,55,0.5758
USR00486,2026-05-20,,,96,56,0.5844
USR00486,2026-05-19,,,96,57,0.5947
USR00486,2026-05-18,,,96,55,0.57
USR00486,2026-05-17,,,96,57,0.5906
USR00486,2026-05-16,,,96,58,0.6073
USR00486,2026-05-15,,,96,54,0.5577
USR00486,2026-05-14,,,96,58,0.6025
USR00486,2026-05-13,,,96,54,0.5606
USR00486,2026-05-12,,,96,54,0.5612
USR00486,2026-05-11,,,96,55,0.5734
USR00486,2026-05-10,,,96,61,0.6343
USR00486,2026-05-09,,,96,52,0.5419
USR00486,2026-05-08,,,96,56,0.5794
USR00486,2026-05-07,,,96,57,0.5925
USR00486,2026-05-06,,,96,60,0.6283
USR00486,2026-05-05,,,96,63,0.6517
USR00486,2026-05-04,,,96,56,0.5806
USR00486,2026-05-03,,,96,59,0.6095
USR00486,2026-05-02,,,96,57,0.5905
USR00486,2026-05-01,,,96,57,0.5903
USR00486,2026-04-30,,,96,58,0.6015
USR00486,2026-04-29,,,96,52,0.5457
USR00486,2026-04-28,,,96,57,0.5919
USR00486,2026-04-27,,,96,58,0.6068
USR00486,2026-04-26,,,96,54,0.5675
USR00486,2026-04-25,,,96,58,0.607
USR00486,2026-04-24,,,96,52,0.5415
USR00486,2026-04-23,,,96,57,0.5961
USR00487,2026-05-22,,,96,89,0.922
USR00487,2026-05-21,,,96,86,0.8992
USR00487,2026-05-20,,,96,85,0.8858
USR00487,2026-05-19,,,96,90,0.9403
USR00487,2026-05-18,,,96,92,0.9564
USR00487,2026-05-17,,,96,89,0.9269
USR00487,2026-05-16,,,96,88,0.9147
USR00487,2026-05-15,,,96,84,0.8707
USR00487,2026-05-14,,,96,90,0.9323
USR00487,2026-05-13,,,96,87,0.9079
USR00487,2026-05-12,,,96,87,0.9096
USR00487,2026-05-11,,,96,94,0.9771
USR00487,2026-05-10,,,96,84,0.8745
USR00487,2026-05-09,,,96,84,0.8786
USR00487,2026-05-08,,,96,90,0.9355
USR00487,2026-05-07,,,96,88,0.917
USR00487,2026-05-06,,,96,88,0.913
USR00487,2026-05-05,,,96,90,0.9368
USR00487,2026-05-04,,,96,90,0.9363
USR00487,2026-05-03,,,96,86,0.8994
USR00487,2026-05-02,,,96,87,0.9108
USR00487,2026-05-01,,,96,89,0.9301
USR00487,2026-04-30,,,96,90,0.9336
USR00487,2026-04-29,,,96,91,0.9431
USR00487,2026-04-28,,,96,87,0.9111
USR00487,2026-04-27,,,96,90,0.939
USR00487,2026-04-26,,,96,92,0.9571
USR00487,2026-04-25,,,96,89,0.93
USR00487,2026-04-24,,,96,89,0.9255
USR00487,2026-04-23,,,96,88,0.9215
USR00488,2026-05-22,MP000313,MTR000313,96,93,0.9657
USR00488,2026-05-21,MP000313,MTR000313,96,95,0.9849
USR00488,2026-05-20,MP000313,MTR000313,96,96,1.0
USR00488,2026-05-19,MP000313,MTR000313,96,93,0.9671
USR00488,2026-05-18,MP000313,MTR000313,96,95,0.9916
USR00488,2026-05-17,MP000313,MTR000313,96,95,0.9881
USR00488,2026-05-16,MP000313,MTR000313,96,96,1.0
USR00488,2026-05-15,MP000313,MTR000313,96,96,1.0
USR00488,2026-05-14,MP000313,MTR000313,96,96,1.0
USR00488,2026-05-13,MP000313,MTR000313,96,96,1.0
USR00488,2026-05-12,MP000313,MTR000313,96,94,0.9774
USR00488,2026-05-11,MP000313,MTR000313,96,96,1.0
USR00488,2026-05-10,MP000313,MTR000313,96,96,0.9986
USR00488,2026-05-09,MP000313,MTR000313,96,95,0.9925
USR00488,2026-05-08,MP000313,MTR000313,96,92,0.9574
USR00488,2026-05-07,MP000313,MTR000313,96,94,0.9818
USR00488,2026-05-06,MP000313,MTR000313,96,90,0.9408
USR00488,2026-05-05,MP000313,MTR000313,96,95,0.9864
USR00488,2026-05-04,MP000313,MTR000313,96,94,0.9765
USR00488,2026-05-03,MP000313,MTR000313,96,94,0.9819
USR00488,2026-05-02,MP000313,MTR000313,96,91,0.9522
USR00488,2026-05-01,MP000313,MTR000313,96,96,1.0
USR00488,2026-04-30,MP000313,MTR000313,96,96,1.0
USR00488,2026-04-29,MP000313,MTR000313,96,96,1.0
USR00488,2026-04-28,MP000313,MTR000313,96,96,1.0
USR00488,2026-04-27,MP000313,MTR000313,96,96,0.9985
USR00488,2026-04-26,MP000313,MTR000313,96,96,1.0
USR00488,2026-04-25,MP000313,MTR000313,96,96,1.0
USR00488,2026-04-24,MP000313,MTR000313,96,94,0.981
USR00488,2026-04-23,MP000313,MTR000313,96,95,0.9855
USR00489,2026-05-22,,,96,96,1.0
USR00489,2026-05-21,,,96,94,0.9796
USR00489,2026-05-20,,,96,91,0.952
USR00489,2026-05-19,,,96,92,0.9591
USR00489,2026-05-18,,,96,92,0.9588
USR00489,2026-05-17,,,96,90,0.9419
USR00489,2026-05-16,,,96,93,0.9673
USR00489,2026-05-15,,,96,90,0.9399
USR00489,2026-05-14,,,96,88,0.9142
USR00489,2026-05-13,,,96,92,0.959
USR00489,2026-05-12,,,96,92,0.963
USR00489,2026-05-11,,,96,90,0.9402
USR00489,2026-05-10,,,96,92,0.9539
USR00489,2026-05-09,,,96,93,0.9734
USR00489,2026-05-08,,,96,91,0.943
USR00489,2026-05-07,,,96,89,0.9312
USR00489,2026-05-06,,,96,89,0.9233
USR00489,2026-05-05,,,96,90,0.9369
USR00489,2026-05-04,,,96,95,0.9906
USR00489,2026-05-03,,,96,90,0.9386
USR00489,2026-05-02,,,96,92,0.9553
USR00489,2026-05-01,,,96,90,0.9348
USR00489,2026-04-30,,,96,89,0.9323
USR00489,2026-04-29,,,96,88,0.9182
USR00489,2026-04-28,,,96,91,0.9476
USR00489,2026-04-27,,,96,89,0.929
USR00489,2026-04-26,,,96,94,0.9828
USR00489,2026-04-25,,,96,90,0.9413
USR00489,2026-04-24,,,96,91,0.9432
USR00489,2026-04-23,,,96,90,0.9392
USR00490,2026-05-22,MP000115,MTR000115,96,96,1.0
USR00490,2026-05-21,MP000115,MTR000115,96,92,0.9616
USR00490,2026-05-20,MP000115,MTR000115,96,96,1.0
USR00490,2026-05-19,MP000115,MTR000115,96,91,0.9457
USR00490,2026-05-18,MP000115,MTR000115,96,96,1.0
USR00490,2026-05-17,MP000115,MTR000115,96,95,0.9895
USR00490,2026-05-16,MP000115,MTR000115,96,91,0.9479
USR00490,2026-05-15,MP000115,MTR000115,96,92,0.9545
USR00490,2026-05-14,MP000115,MTR000115,96,96,1.0
USR00490,2026-05-13,MP000115,MTR000115,96,91,0.9428
USR00490,2026-05-12,MP000115,MTR000115,96,96,1.0
USR00490,2026-05-11,MP000115,MTR000115,96,94,0.9799
USR00490,2026-05-10,MP000115,MTR000115,96,95,0.9869
USR00490,2026-05-09,MP000115,MTR000115,96,93,0.9725
USR00490,2026-05-08,MP000115,MTR000115,96,93,0.9642
USR00490,2026-05-07,MP000115,MTR000115,96,94,0.9781
USR00490,2026-05-06,MP000115,MTR000115,96,96,1.0
USR00490,2026-05-05,MP000115,MTR000115,96,94,0.984
USR00490,2026-05-04,MP000115,MTR000115,96,96,1.0
USR00490,2026-05-03,MP000115,MTR000115,96,95,0.9855
USR00490,2026-05-02,MP000115,MTR000115,96,96,1.0
USR00490,2026-05-01,MP000115,MTR000115,96,96,1.0
USR00490,2026-04-30,MP000115,MTR000115,96,94,0.9765
USR00490,2026-04-29,MP000115,MTR000115,96,93,0.9641
USR00490,2026-04-28,MP000115,MTR000115,96,96,1.0
USR00490,2026-04-27,MP000115,MTR000115,96,93,0.9684
USR00490,2026-04-26,MP000115,MTR000115,96,96,1.0
USR00490,2026-04-25,MP000115,MTR000115,96,95,0.9937
USR00490,2026-04-24,MP000115,MTR000115,96,94,0.9789
USR00490,2026-04-23,MP000115,MTR000115,96,96,1.0
USR00491,2026-05-22,,,96,93,0.9644
USR00491,2026-05-21,,,96,91,0.9495
USR00491,2026-05-20,,,96,95,0.9943
USR00491,2026-05-19,,,96,86,0.8954
USR00491,2026-05-18,,,96,88,0.9123
USR00491,2026-05-17,,,96,89,0.9317
USR00491,2026-05-16,,,96,95,0.9882
USR00491,2026-05-15,,,96,93,0.9739
USR00491,2026-05-14,,,96,86,0.8941
USR00491,2026-05-13,,,96,90,0.9325
USR00491,2026-05-12,,,96,87,0.9059
USR00491,2026-05-11,,,96,91,0.9444
USR00491,2026-05-10,,,96,93,0.9727
USR00491,2026-05-09,,,96,94,0.9749
USR00491,2026-05-08,,,96,92,0.9537
USR00491,2026-05-07,,,96,90,0.9329
USR00491,2026-05-06,,,96,91,0.9428
USR00491,2026-05-05,,,96,93,0.9661
USR00491,2026-05-04,,,96,96,1.0
USR00491,2026-05-03,,,96,87,0.9101
USR00491,2026-05-02,,,96,95,0.9933
USR00491,2026-05-01,,,96,91,0.953
USR00491,2026-04-30,,,96,93,0.9702
USR00491,2026-04-29,,,96,91,0.9512
USR00491,2026-04-28,,,96,95,0.9878
USR00491,2026-04-27,,,96,92,0.9555
USR00491,2026-04-26,,,96,89,0.9262
USR00491,2026-04-25,,,96,92,0.9591
USR00491,2026-04-24,,,96,94,0.9794
USR00491,2026-04-23,,,96,91,0.9456
USR00492,2026-05-22,MP000137,MTR000137,96,90,0.9354
USR00492,2026-05-21,MP000137,MTR000137,96,90,0.9418
USR00492,2026-05-20,MP000137,MTR000137,96,90,0.9375
USR00492,2026-05-19,MP000137,MTR000137,96,89,0.924
USR00492,2026-05-18,MP000137,MTR000137,96,94,0.9786
USR00492,2026-05-17,MP000137,MTR000137,96,83,0.8677
USR00492,2026-05-16,MP000137,MTR000137,96,90,0.9417
USR00492,2026-05-15,MP000137,MTR000137,96,90,0.9421
USR00492,2026-05-14,MP000137,MTR000137,96,96,1.0
USR00492,2026-05-13,MP000137,MTR000137,96,90,0.9384
USR00492,2026-05-12,MP000137,MTR000137,96,91,0.9522
USR00492,2026-05-11,MP000137,MTR000137,96,90,0.9426
USR00492,2026-05-10,MP000137,MTR000137,96,90,0.9417
USR00492,2026-05-09,MP000137,MTR000137,96,95,0.9918
USR00492,2026-05-08,MP000137,MTR000137,96,87,0.9055
USR00492,2026-05-07,MP000137,MTR000137,96,88,0.9189
USR00492,2026-05-06,MP000137,MTR000137,96,92,0.9615
USR00492,2026-05-05,MP000137,MTR000137,96,91,0.9466
USR00492,2026-05-04,MP000137,MTR000137,96,89,0.9304
USR00492,2026-05-03,MP000137,MTR000137,96,90,0.9368
USR00492,2026-05-02,MP000137,MTR000137,96,93,0.9663
USR00492,2026-05-01,MP000137,MTR000137,96,92,0.9534
USR00492,2026-04-30,MP000137,MTR000137,96,88,0.9175
USR00492,2026-04-29,MP000137,MTR000137,96,91,0.946
USR00492,2026-04-28,MP000137,MTR000137,96,90,0.9374
USR00492,2026-04-27,MP000137,MTR000137,96,91,0.953
USR00492,2026-04-26,MP000137,MTR000137,96,89,0.9292
USR00492,2026-04-25,MP000137,MTR000137,96,87,0.9026
USR00492,2026-04-24,MP000137,MTR000137,96,92,0.959
USR00492,2026-04-23,MP000137,MTR000137,96,92,0.9553
USR00493,2026-05-22,,,96,94,0.9842
USR00493,2026-05-21,,,96,91,0.9505
USR00493,2026-05-20,,,96,95,0.9878
USR00493,2026-05-19,,,96,94,0.983
USR00493,2026-05-18,,,96,94,0.9781
USR00493,2026-05-17,,,96,91,0.9437
USR00493,2026-05-16,,,96,92,0.958
USR00493,2026-05-15,,,96,96,0.9981
USR00493,2026-05-14,,,96,94,0.975
USR00493,2026-05-13,,,96,93,0.9652
USR00493,2026-05-12,,,96,96,1.0
USR00493,2026-05-11,,,96,96,1.0
USR00493,2026-05-10,,,96,95,0.9883
USR00493,2026-05-09,,,96,91,0.9449
USR00493,2026-05-08,,,96,96,1.0
USR00493,2026-05-07,,,96,89,0.9274
USR00493,2026-05-06,,,96,91,0.9495
USR00493,2026-05-05,,,96,96,1.0
USR00493,2026-05-04,,,96,91,0.9484
USR00493,2026-05-03,,,96,94,0.9811
USR00493,2026-05-02,,,96,91,0.9455
USR00493,2026-05-01,,,96,95,0.9916
USR00493,2026-04-30,,,96,96,1.0
USR00493,2026-04-29,,,96,93,0.9716
USR00493,2026-04-28,,,96,95,0.9894
USR00493,2026-04-27,,,96,93,0.9655
USR00493,2026-04-26,,,96,93,0.9676
USR00493,2026-04-25,,,96,93,0.965
USR00493,2026-04-24,,,96,96,1.0
USR00493,2026-04-23,,,96,91,0.9476
USR00494,2026-05-22,MP000046,MTR000046,96,93,0.9738
USR00494,2026-05-21,MP000046,MTR000046,96,95,0.9888
USR00494,2026-05-20,MP000046,MTR000046,96,94,0.9747
USR00494,2026-05-19,MP000046,MTR000046,96,92,0.9593
USR00494,2026-05-18,MP000046,MTR000046,96,91,0.9444
USR00494,2026-05-17,MP000046,MTR000046,96,95,0.9892
USR00494,2026-05-16,MP000046,MTR000046,96,90,0.9355
USR00494,2026-05-15,MP000046,MTR000046,96,90,0.9359
USR00494,2026-05-14,MP000046,MTR000046,96,96,1.0
USR00494,2026-05-13,MP000046,MTR000046,96,93,0.9723
USR00494,2026-05-12,MP000046,MTR000046,96,93,0.9733
USR00494,2026-05-11,MP000046,MTR000046,96,94,0.9794
USR00494,2026-05-10,MP000046,MTR000046,96,92,0.9586
USR00494,2026-05-09,MP000046,MTR000046,96,88,0.9183
USR00494,2026-05-08,MP000046,MTR000046,96,93,0.969
USR00494,2026-05-07,MP000046,MTR000046,96,92,0.9609
USR00494,2026-05-06,MP000046,MTR000046,96,90,0.9357
USR00494,2026-05-05,MP000046,MTR000046,96,89,0.9288
USR00494,2026-05-04,MP000046,MTR000046,96,92,0.9601
USR00494,2026-05-03,MP000046,MTR000046,96,88,0.9207
USR00494,2026-05-02,MP000046,MTR000046,96,92,0.9572
USR00494,2026-05-01,MP000046,MTR000046,96,92,0.9536
USR00494,2026-04-30,MP000046,MTR000046,96,92,0.9579
USR00494,2026-04-29,MP000046,MTR000046,96,93,0.9736
USR00494,2026-04-28,MP000046,MTR000046,96,94,0.9801
USR00494,2026-04-27,MP000046,MTR000046,96,90,0.9401
USR00494,2026-04-26,MP000046,MTR000046,96,95,0.9876
USR00494,2026-04-25,MP000046,MTR000046,96,92,0.9549
USR00494,2026-04-24,MP000046,MTR000046,96,96,1.0
USR00494,2026-04-23,MP000046,MTR000046,96,91,0.9439
USR00495,2026-05-22,,,96,94,0.9816
USR00495,2026-05-21,,,96,93,0.9693
USR00495,2026-05-20,,,96,95,0.9926
USR00495,2026-05-19,,,96,93,0.9658
USR00495,2026-05-18,,,96,96,1.0
USR00495,2026-05-17,,,96,91,0.9509
USR00495,2026-05-16,,,96,95,0.9879
USR00495,2026-05-15,,,96,90,0.9408
USR00495,2026-05-14,,,96,93,0.9713
USR00495,2026-05-13,,,96,94,0.9769
USR00495,2026-05-12,,,96,94,0.9815
USR00495,2026-05-11,,,96,94,0.9798
USR00495,2026-05-10,,,96,83,0.8595
USR00495,2026-05-09,,,96,92,0.9545
USR00495,2026-05-08,,,96,90,0.9393
USR00495,2026-05-07,,,96,91,0.9452
USR00495,2026-05-06,,,96,91,0.948
USR00495,2026-05-05,,,96,95,0.9859
USR00495,2026-05-04,,,96,92,0.9626
USR00495,2026-05-03,,,96,90,0.9413
USR00495,2026-05-02,,,96,88,0.9125
USR00495,2026-05-01,,,96,96,1.0
USR00495,2026-04-30,,,96,90,0.9371
USR00495,2026-04-29,,,96,91,0.9526
USR00495,2026-04-28,,,96,96,1.0
USR00495,2026-04-27,,,96,90,0.9379
USR00495,2026-04-26,,,96,91,0.9483
USR00495,2026-04-25,,,96,92,0.9635
USR00495,2026-04-24,,,96,87,0.9084
USR00495,2026-04-23,,,96,87,0.9049
USR00496,2026-05-22,MP000202,MTR000202,96,92,0.9611
USR00496,2026-05-21,MP000202,MTR000202,96,94,0.9786
USR00496,2026-05-20,MP000202,MTR000202,96,91,0.9452
USR00496,2026-05-19,MP000202,MTR000202,96,95,0.9876
USR00496,2026-05-18,MP000202,MTR000202,96,87,0.9098
USR00496,2026-05-17,MP000202,MTR000202,96,93,0.9724
USR00496,2026-05-16,MP000202,MTR000202,96,95,0.9854
USR00496,2026-05-15,MP000202,MTR000202,96,95,0.9844
USR00496,2026-05-14,MP000202,MTR000202,96,93,0.9697
USR00496,2026-05-13,MP000202,MTR000202,96,92,0.9547
USR00496,2026-05-12,MP000202,MTR000202,96,93,0.9688
USR00496,2026-05-11,MP000202,MTR000202,96,96,1.0
USR00496,2026-05-10,MP000202,MTR000202,96,92,0.9566
USR00496,2026-05-09,MP000202,MTR000202,96,96,1.0
USR00496,2026-05-08,MP000202,MTR000202,96,96,1.0
USR00496,2026-05-07,MP000202,MTR000202,96,89,0.9225
USR00496,2026-05-06,MP000202,MTR000202,96,93,0.9707
USR00496,2026-05-05,MP000202,MTR000202,96,91,0.9452
USR00496,2026-05-04,MP000202,MTR000202,96,89,0.9295
USR00496,2026-05-03,MP000202,MTR000202,96,96,0.9983
USR00496,2026-05-02,MP000202,MTR000202,96,95,0.9888
USR00496,2026-05-01,MP000202,MTR000202,96,94,0.9825
USR00496,2026-04-30,MP000202,MTR000202,96,90,0.942
USR00496,2026-04-29,MP000202,MTR000202,96,94,0.9809
USR00496,2026-04-28,MP000202,MTR000202,96,90,0.9352
USR00496,2026-04-27,MP000202,MTR000202,96,94,0.9769
USR00496,2026-04-26,MP000202,MTR000202,96,92,0.9547
USR00496,2026-04-25,MP000202,MTR000202,96,96,1.0
USR00496,2026-04-24,MP000202,MTR000202,96,93,0.9637
USR00496,2026-04-23,MP000202,MTR000202,96,94,0.9815
USR00497,2026-05-22,,,96,93,0.9716
USR00497,2026-05-21,,,96,92,0.9559
USR00497,2026-05-20,,,96,92,0.9613
USR00497,2026-05-19,,,96,93,0.9673
USR00497,2026-05-18,,,96,89,0.9313
USR00497,2026-05-17,,,96,93,0.9702
USR00497,2026-05-16,,,96,94,0.9841
USR00497,2026-05-15,,,96,93,0.9701
USR00497,2026-05-14,,,96,91,0.9475
USR00497,2026-05-13,,,96,92,0.9634
USR00497,2026-05-12,,,96,91,0.9472
USR00497,2026-05-11,,,96,92,0.9546
USR00497,2026-05-10,,,96,89,0.9225
USR00497,2026-05-09,,,96,96,0.9996
USR00497,2026-05-08,,,96,96,1.0
USR00497,2026-05-07,,,96,90,0.937
USR00497,2026-05-06,,,96,94,0.9817
USR00497,2026-05-05,,,96,96,1.0
USR00497,2026-05-04,,,96,89,0.9294
USR00497,2026-05-03,,,96,86,0.8934
USR00497,2026-05-02,,,96,96,1.0
USR00497,2026-05-01,,,96,92,0.9578
USR00497,2026-04-30,,,96,90,0.9426
USR00497,2026-04-29,,,96,92,0.9596
USR00497,2026-04-28,,,96,91,0.9471
USR00497,2026-04-27,,,96,96,1.0
USR00497,2026-04-26,,,96,90,0.9422
USR00497,2026-04-25,,,96,93,0.968
USR00497,2026-04-24,,,96,96,0.9969
USR00497,2026-04-23,,,96,96,0.9968
USR00498,2026-05-22,,,96,93,0.973
USR00498,2026-05-21,,,96,94,0.9812
USR00498,2026-05-20,,,96,88,0.9206
USR00498,2026-05-19,,,96,94,0.9836
USR00498,2026-05-18,,,96,95,0.9868
USR00498,2026-05-17,,,96,96,1.0
USR00498,2026-05-16,,,96,96,1.0
USR00498,2026-05-15,,,96,96,1.0
USR00498,2026-05-14,,,96,96,1.0
USR00498,2026-05-13,,,96,95,0.9853
USR00498,2026-05-12,,,96,96,1.0
USR00498,2026-05-11,,,96,95,0.9861
USR00498,2026-05-10,,,96,96,1.0
USR00498,2026-05-09,,,96,96,1.0
USR00498,2026-05-08,,,96,96,0.9976
USR00498,2026-05-07,,,96,90,0.9396
USR00498,2026-05-06,,,96,96,1.0
USR00498,2026-05-05,,,96,96,0.9972
USR00498,2026-05-04,,,96,96,1.0
USR00498,2026-05-03,,,96,96,0.9952
USR00498,2026-05-02,,,96,96,1.0
USR00498,2026-05-01,,,96,96,1.0
USR00498,2026-04-30,,,96,93,0.9716
USR00498,2026-04-29,,,96,96,0.9998
USR00498,2026-04-28,,,96,92,0.9625
USR00498,2026-04-27,,,96,96,1.0
USR00498,2026-04-26,,,96,95,0.9933
USR00498,2026-04-25,,,96,93,0.9669
USR00498,2026-04-24,,,96,95,0.9886
USR00498,2026-04-23,,,96,93,0.9687
USR00499,2026-05-22,MP000128,MTR000128,96,93,0.9726
USR00499,2026-05-21,MP000128,MTR000128,96,93,0.97
USR00499,2026-05-20,MP000128,MTR000128,96,87,0.9043
USR00499,2026-05-19,MP000128,MTR000128,96,93,0.973
USR00499,2026-05-18,MP000128,MTR000128,96,91,0.9528
USR00499,2026-05-17,MP000128,MTR000128,96,91,0.9495
USR00499,2026-05-16,MP000128,MTR000128,96,89,0.9281
USR00499,2026-05-15,MP000128,MTR000128,96,92,0.9605
USR00499,2026-05-14,MP000128,MTR000128,96,91,0.9462
USR00499,2026-05-13,MP000128,MTR000128,96,96,1.0
USR00499,2026-05-12,MP000128,MTR000128,96,87,0.9094
USR00499,2026-05-11,MP000128,MTR000128,96,90,0.933
USR00499,2026-05-10,MP000128,MTR000128,96,89,0.931
USR00499,2026-05-09,MP000128,MTR000128,96,93,0.9697
USR00499,2026-05-08,MP000128,MTR000128,96,96,0.9971
USR00499,2026-05-07,MP000128,MTR000128,96,94,0.977
USR00499,2026-05-06,MP000128,MTR000128,96,89,0.9291
USR00499,2026-05-05,MP000128,MTR000128,96,91,0.949
USR00499,2026-05-04,MP000128,MTR000128,96,90,0.9376
USR00499,2026-05-03,MP000128,MTR000128,96,94,0.9771
USR00499,2026-05-02,MP000128,MTR000128,96,91,0.9484
USR00499,2026-05-01,MP000128,MTR000128,96,88,0.9195
USR00499,2026-04-30,MP000128,MTR000128,96,94,0.9795
USR00499,2026-04-29,MP000128,MTR000128,96,96,0.9998
USR00499,2026-04-28,MP000128,MTR000128,96,92,0.9565
USR00499,2026-04-27,MP000128,MTR000128,96,93,0.9655
USR00499,2026-04-26,MP000128,MTR000128,96,88,0.9167
USR00499,2026-04-25,MP000128,MTR000128,96,86,0.9001
USR00499,2026-04-24,MP000128,MTR000128,96,87,0.9064
USR00499,2026-04-23,MP000128,MTR000128,96,92,0.9606
USR00500,2026-05-22,,,96,90,0.9415
USR00500,2026-05-21,,,96,88,0.9192
USR00500,2026-05-20,,,96,92,0.9548
USR00500,2026-05-19,,,96,91,0.9513
USR00500,2026-05-18,,,96,88,0.9154
USR00500,2026-05-17,,,96,86,0.895
USR00500,2026-05-16,,,96,83,0.8676
USR00500,2026-05-15,,,96,93,0.9681
USR00500,2026-05-14,,,96,86,0.8968
USR00500,2026-05-13,,,96,85,0.8802
USR00500,2026-05-12,,,96,89,0.929
USR00500,2026-05-11,,,96,85,0.8805
USR00500,2026-05-10,,,96,89,0.929
USR00500,2026-05-09,,,96,88,0.915
USR00500,2026-05-08,,,96,91,0.9528
USR00500,2026-05-07,,,96,91,0.9502
USR00500,2026-05-06,,,96,92,0.9582
USR00500,2026-05-05,,,96,89,0.9313
USR00500,2026-05-04,,,96,86,0.8994
USR00500,2026-05-03,,,96,86,0.894
USR00500,2026-05-02,,,96,87,0.9092
USR00500,2026-05-01,,,96,95,0.985
USR00500,2026-04-30,,,96,88,0.9176
USR00500,2026-04-29,,,96,89,0.93
USR00500,2026-04-28,,,96,93,0.9707
USR00500,2026-04-27,,,96,90,0.9328
USR00500,2026-04-26,,,96,87,0.9027
USR00500,2026-04-25,,,96,91,0.947
USR00500,2026-04-24,,,96,88,0.9123
USR00500,2026-04-23,,,96,90,0.9338
